date,trade_id,freight_shock_frac,pnl_base_inr,pnl_shocked_inr,impact_inr,label
2022-03-08,BOOK,0.4,1732880.8476,-6818857.2772,-8551738.1248,HYPOTHETICAL STRESS — not a 2022 event
2022-03-08,T01,0.4,1732880.8476,-6818857.2772,-8551738.1248,HYPOTHETICAL STRESS — not a 2022 event
2022-03-08,T02,0.4,0.0,0.0,0.0,HYPOTHETICAL STRESS — not a 2022 event
2022-03-08,T03,0.4,0.0,0.0,0.0,HYPOTHETICAL STRESS — not a 2022 event
2022-03-08,T04,0.4,0.0,0.0,0.0,HYPOTHETICAL STRESS — not a 2022 event
2022-03-08,T05,0.4,0.0,0.0,0.0,HYPOTHETICAL STRESS — not a 2022 event
2022-03-08,T06,0.4,0.0,0.0,0.0,HYPOTHETICAL STRESS — not a 2022 event
2022-03-08,T07,0.4,0.0,0.0,0.0,HYPOTHETICAL STRESS — not a 2022 event
2022-03-08,T08,0.4,0.0,0.0,0.0,HYPOTHETICAL STRESS — not a 2022 event
2022-03-08,T09,0.4,0.0,0.0,0.0,HYPOTHETICAL STRESS — not a 2022 event
2022-03-09,BOOK,0.4,2396227.9518,-6105333.914,-8501561.8658,HYPOTHETICAL STRESS — not a 2022 event
2022-03-09,T01,0.4,2396227.9518,-6105333.914,-8501561.8658,HYPOTHETICAL STRESS — not a 2022 event
2022-03-09,T02,0.4,0.0,0.0,0.0,HYPOTHETICAL STRESS — not a 2022 event
2022-03-09,T03,0.4,0.0,0.0,0.0,HYPOTHETICAL STRESS — not a 2022 event
2022-03-09,T04,0.4,0.0,0.0,0.0,HYPOTHETICAL STRESS — not a 2022 event
2022-03-09,T05,0.4,0.0,0.0,0.0,HYPOTHETICAL STRESS — not a 2022 event
2022-03-09,T06,0.4,0.0,0.0,0.0,HYPOTHETICAL STRESS — not a 2022 event
2022-03-09,T07,0.4,0.0,0.0,0.0,HYPOTHETICAL STRESS — not a 2022 event
2022-03-09,T08,0.4,0.0,0.0,0.0,HYPOTHETICAL STRESS — not a 2022 event
2022-03-09,T09,0.4,0.0,0.0,0.0,HYPOTHETICAL STRESS — not a 2022 event
2022-03-10,BOOK,0.4,1571243.3197,-6810281.5431,-8381524.8628,HYPOTHETICAL STRESS — not a 2022 event
2022-03-10,T01,0.4,1571243.3197,-6810281.5431,-8381524.8628,HYPOTHETICAL STRESS — not a 2022 event
2022-03-10,T02,0.4,0.0,0.0,0.0,HYPOTHETICAL STRESS — not a 2022 event
2022-03-10,T03,0.4,0.0,0.0,0.0,HYPOTHETICAL STRESS — not a 2022 event
2022-03-10,T04,0.4,0.0,0.0,0.0,HYPOTHETICAL STRESS — not a 2022 event
2022-03-10,T05,0.4,0.0,0.0,0.0,HYPOTHETICAL STRESS — not a 2022 event
2022-03-10,T06,0.4,0.0,0.0,0.0,HYPOTHETICAL STRESS — not a 2022 event
2022-03-10,T07,0.4,0.0,0.0,0.0,HYPOTHETICAL STRESS — not a 2022 event
2022-03-10,T08,0.4,0.0,0.0,0.0,HYPOTHETICAL STRESS — not a 2022 event
2022-03-10,T09,0.4,0.0,0.0,0.0,HYPOTHETICAL STRESS — not a 2022 event
2022-03-11,BOOK,0.4,41937566.841,33547414.9068,-8390151.9342,HYPOTHETICAL STRESS — not a 2022 event
2022-03-11,T01,0.4,3014942.6406,-5375209.2936,-8390151.9342,HYPOTHETICAL STRESS — not a 2022 event
2022-03-11,T02,0.4,38922624.2004,38922624.2004,0.0,HYPOTHETICAL STRESS — not a 2022 event
2022-03-11,T03,0.4,0.0,0.0,0.0,HYPOTHETICAL STRESS — not a 2022 event
2022-03-11,T04,0.4,0.0,0.0,0.0,HYPOTHETICAL STRESS — not a 2022 event
2022-03-11,T05,0.4,0.0,0.0,0.0,HYPOTHETICAL STRESS — not a 2022 event
2022-03-11,T06,0.4,0.0,0.0,0.0,HYPOTHETICAL STRESS — not a 2022 event
2022-03-11,T07,0.4,0.0,0.0,0.0,HYPOTHETICAL STRESS — not a 2022 event
2022-03-11,T08,0.4,0.0,0.0,0.0,HYPOTHETICAL STRESS — not a 2022 event
2022-03-11,T09,0.4,0.0,0.0,0.0,HYPOTHETICAL STRESS — not a 2022 event
2022-03-14,BOOK,0.4,32857559.0257,24453631.8103,-8403927.2154,HYPOTHETICAL STRESS — not a 2022 event
2022-03-14,T01,0.4,-6843072.4277,-15246999.6431,-8403927.2154,HYPOTHETICAL STRESS — not a 2022 event
2022-03-14,T02,0.4,39700631.4534,39700631.4534,0.0,HYPOTHETICAL STRESS — not a 2022 event
2022-03-14,T03,0.4,0.0,0.0,0.0,HYPOTHETICAL STRESS — not a 2022 event
2022-03-14,T04,0.4,0.0,0.0,0.0,HYPOTHETICAL STRESS — not a 2022 event
2022-03-14,T05,0.4,0.0,0.0,0.0,HYPOTHETICAL STRESS — not a 2022 event
2022-03-14,T06,0.4,0.0,0.0,0.0,HYPOTHETICAL STRESS — not a 2022 event
2022-03-14,T07,0.4,0.0,0.0,0.0,HYPOTHETICAL STRESS — not a 2022 event
2022-03-14,T08,0.4,0.0,0.0,0.0,HYPOTHETICAL STRESS — not a 2022 event
2022-03-14,T09,0.4,0.0,0.0,0.0,HYPOTHETICAL STRESS — not a 2022 event
2022-03-15,BOOK,0.4,32845144.1302,24462778.7593,-8382365.3709,HYPOTHETICAL STRESS — not a 2022 event
2022-03-15,T01,0.4,-5940782.4173,-14323147.7882,-8382365.3709,HYPOTHETICAL STRESS — not a 2022 event
2022-03-15,T02,0.4,38785926.5475,38785926.5475,0.0,HYPOTHETICAL STRESS — not a 2022 event
2022-03-15,T03,0.4,0.0,0.0,0.0,HYPOTHETICAL STRESS — not a 2022 event
2022-03-15,T04,0.4,0.0,0.0,0.0,HYPOTHETICAL STRESS — not a 2022 event
2022-03-15,T05,0.4,0.0,0.0,0.0,HYPOTHETICAL STRESS — not a 2022 event
2022-03-15,T06,0.4,0.0,0.0,0.0,HYPOTHETICAL STRESS — not a 2022 event
2022-03-15,T07,0.4,0.0,0.0,0.0,HYPOTHETICAL STRESS — not a 2022 event
2022-03-15,T08,0.4,0.0,0.0,0.0,HYPOTHETICAL STRESS — not a 2022 event
2022-03-15,T09,0.4,0.0,0.0,0.0,HYPOTHETICAL STRESS — not a 2022 event
2022-03-16,BOOK,0.4,34752251.9281,26389450.3382,-8362801.5898,HYPOTHETICAL STRESS — not a 2022 event
2022-03-16,T01,0.4,-4626968.7599,-12989770.3497,-8362801.5898,HYPOTHETICAL STRESS — not a 2022 event
2022-03-16,T02,0.4,39379220.688,39379220.688,0.0,HYPOTHETICAL STRESS — not a 2022 event
2022-03-16,T03,0.4,0.0,0.0,0.0,HYPOTHETICAL STRESS — not a 2022 event
2022-03-16,T04,0.4,0.0,0.0,0.0,HYPOTHETICAL STRESS — not a 2022 event
2022-03-16,T05,0.4,0.0,0.0,0.0,HYPOTHETICAL STRESS — not a 2022 event
2022-03-16,T06,0.4,0.0,0.0,0.0,HYPOTHETICAL STRESS — not a 2022 event
2022-03-16,T07,0.4,0.0,0.0,0.0,HYPOTHETICAL STRESS — not a 2022 event
2022-03-16,T08,0.4,0.0,0.0,0.0,HYPOTHETICAL STRESS — not a 2022 event
2022-03-16,T09,0.4,0.0,0.0,0.0,HYPOTHETICAL STRESS — not a 2022 event
2022-03-17,BOOK,0.4,39458010.3355,31446261.8899,-8011748.4456,HYPOTHETICAL STRESS — not a 2022 event
2022-03-17,T01,0.4,391269.6224,-7620478.8232,-8011748.4456,HYPOTHETICAL STRESS — not a 2022 event
2022-03-17,T02,0.4,39066740.7131,39066740.7131,0.0,HYPOTHETICAL STRESS — not a 2022 event
2022-03-17,T03,0.4,0.0,0.0,0.0,HYPOTHETICAL STRESS — not a 2022 event
2022-03-17,T04,0.4,0.0,0.0,0.0,HYPOTHETICAL STRESS — not a 2022 event
2022-03-17,T05,0.4,0.0,0.0,0.0,HYPOTHETICAL STRESS — not a 2022 event
2022-03-17,T06,0.4,0.0,0.0,0.0,HYPOTHETICAL STRESS — not a 2022 event
2022-03-17,T07,0.4,0.0,0.0,0.0,HYPOTHETICAL STRESS — not a 2022 event
2022-03-17,T08,0.4,0.0,0.0,0.0,HYPOTHETICAL STRESS — not a 2022 event
2022-03-17,T09,0.4,0.0,0.0,0.0,HYPOTHETICAL STRESS — not a 2022 event
2022-03-18,BOOK,0.4,39174171.521,39174171.521,0.0,HYPOTHETICAL STRESS — not a 2022 event
2022-03-18,T01,0.4,-220614.0617,-220614.0617,0.0,HYPOTHETICAL STRESS — not a 2022 event
2022-03-18,T02,0.4,39394785.5827,39394785.5827,0.0,HYPOTHETICAL STRESS — not a 2022 event
2022-03-18,T03,0.4,0.0,0.0,0.0,HYPOTHETICAL STRESS — not a 2022 event
2022-03-18,T04,0.4,0.0,0.0,0.0,HYPOTHETICAL STRESS — not a 2022 event
2022-03-18,T05,0.4,0.0,0.0,0.0,HYPOTHETICAL STRESS — not a 2022 event
2022-03-18,T06,0.4,0.0,0.0,0.0,HYPOTHETICAL STRESS — not a 2022 event
2022-03-18,T07,0.4,0.0,0.0,0.0,HYPOTHETICAL STRESS — not a 2022 event
2022-03-18,T08,0.4,0.0,0.0,0.0,HYPOTHETICAL STRESS — not a 2022 event
2022-03-18,T09,0.4,0.0,0.0,0.0,HYPOTHETICAL STRESS — not a 2022 event
2022-03-21,BOOK,0.4,42775240.6415,42775240.6415,0.0,HYPOTHETICAL STRESS — not a 2022 event
2022-03-21,T01,0.4,3299226.8524,3299226.8524,0.0,HYPOTHETICAL STRESS — not a 2022 event
2022-03-21,T02,0.4,39476013.789,39476013.789,0.0,HYPOTHETICAL STRESS — not a 2022 event
2022-03-21,T03,0.4,0.0,0.0,0.0,HYPOTHETICAL STRESS — not a 2022 event
2022-03-21,T04,0.4,0.0,0.0,0.0,HYPOTHETICAL STRESS — not a 2022 event
2022-03-21,T05,0.4,0.0,0.0,0.0,HYPOTHETICAL STRESS — not a 2022 event
2022-03-21,T06,0.4,0.0,0.0,0.0,HYPOTHETICAL STRESS — not a 2022 event
2022-03-21,T07,0.4,0.0,0.0,0.0,HYPOTHETICAL STRESS — not a 2022 event
2022-03-21,T08,0.4,0.0,0.0,0.0,HYPOTHETICAL STRESS — not a 2022 event
2022-03-21,T09,0.4,0.0,0.0,0.0,HYPOTHETICAL STRESS — not a 2022 event
2022-03-22,BOOK,0.4,44634457.8317,44634457.8317,0.0,HYPOTHETICAL STRESS — not a 2022 event
2022-03-22,T01,0.4,5070179.4597,5070179.4597,0.0,HYPOTHETICAL STRESS — not a 2022 event
2022-03-22,T02,0.4,39564278.372,39564278.372,0.0,HYPOTHETICAL STRESS — not a 2022 event
2022-03-22,T03,0.4,0.0,0.0,0.0,HYPOTHETICAL STRESS — not a 2022 event
2022-03-22,T04,0.4,0.0,0.0,0.0,HYPOTHETICAL STRESS — not a 2022 event
2022-03-22,T05,0.4,0.0,0.0,0.0,HYPOTHETICAL STRESS — not a 2022 event
2022-03-22,T06,0.4,0.0,0.0,0.0,HYPOTHETICAL STRESS — not a 2022 event
2022-03-22,T07,0.4,0.0,0.0,0.0,HYPOTHETICAL STRESS — not a 2022 event
2022-03-22,T08,0.4,0.0,0.0,0.0,HYPOTHETICAL STRESS — not a 2022 event
2022-03-22,T09,0.4,0.0,0.0,0.0,HYPOTHETICAL STRESS — not a 2022 event
2022-03-23,BOOK,0.4,45501668.4257,45501668.4257,0.0,HYPOTHETICAL STRESS — not a 2022 event
2022-03-23,T01,0.4,4964934.0085,4964934.0085,0.0,HYPOTHETICAL STRESS — not a 2022 event
2022-03-23,T02,0.4,39567036.3351,39567036.3351,0.0,HYPOTHETICAL STRESS — not a 2022 event
2022-03-23,T03,0.4,969698.0821,969698.0821,0.0,HYPOTHETICAL STRESS — not a 2022 event
2022-03-23,T04,0.4,0.0,0.0,0.0,HYPOTHETICAL STRESS — not a 2022 event
2022-03-23,T05,0.4,0.0,0.0,0.0,HYPOTHETICAL STRESS — not a 2022 event
2022-03-23,T06,0.4,0.0,0.0,0.0,HYPOTHETICAL STRESS — not a 2022 event
2022-03-23,T07,0.4,0.0,0.0,0.0,HYPOTHETICAL STRESS — not a 2022 event
2022-03-23,T08,0.4,0.0,0.0,0.0,HYPOTHETICAL STRESS — not a 2022 event
2022-03-23,T09,0.4,0.0,0.0,0.0,HYPOTHETICAL STRESS — not a 2022 event
2022-03-24,BOOK,0.4,52080598.9338,52080598.9338,0.0,HYPOTHETICAL STRESS — not a 2022 event
2022-03-24,T01,0.4,9746819.3256,9746819.3256,0.0,HYPOTHETICAL STRESS — not a 2022 event
2022-03-24,T02,0.4,39086858.0772,39086858.0772,0.0,HYPOTHETICAL STRESS — not a 2022 event
2022-03-24,T03,0.4,3246921.531,3246921.531,0.0,HYPOTHETICAL STRESS — not a 2022 event
2022-03-24,T04,0.4,0.0,0.0,0.0,HYPOTHETICAL STRESS — not a 2022 event
2022-03-24,T05,0.4,0.0,0.0,0.0,HYPOTHETICAL STRESS — not a 2022 event
2022-03-24,T06,0.4,0.0,0.0,0.0,HYPOTHETICAL STRESS — not a 2022 event
2022-03-24,T07,0.4,0.0,0.0,0.0,HYPOTHETICAL STRESS — not a 2022 event
2022-03-24,T08,0.4,0.0,0.0,0.0,HYPOTHETICAL STRESS — not a 2022 event
2022-03-24,T09,0.4,0.0,0.0,0.0,HYPOTHETICAL STRESS — not a 2022 event
2022-03-25,BOOK,0.4,53707991.6741,53707991.6741,0.0,HYPOTHETICAL STRESS — not a 2022 event
2022-03-25,T01,0.4,10689976.5025,10689976.5025,0.0,HYPOTHETICAL STRESS — not a 2022 event
2022-03-25,T02,0.4,39277773.8903,39277773.8903,0.0,HYPOTHETICAL STRESS — not a 2022 event
2022-03-25,T03,0.4,3740241.2813,3740241.2813,0.0,HYPOTHETICAL STRESS — not a 2022 event
2022-03-25,T04,0.4,0.0,0.0,0.0,HYPOTHETICAL STRESS — not a 2022 event
2022-03-25,T05,0.4,0.0,0.0,0.0,HYPOTHETICAL STRESS — not a 2022 event
2022-03-25,T06,0.4,0.0,0.0,0.0,HYPOTHETICAL STRESS — not a 2022 event
2022-03-25,T07,0.4,0.0,0.0,0.0,HYPOTHETICAL STRESS — not a 2022 event
2022-03-25,T08,0.4,0.0,0.0,0.0,HYPOTHETICAL STRESS — not a 2022 event
2022-03-25,T09,0.4,0.0,0.0,0.0,HYPOTHETICAL STRESS — not a 2022 event
2022-03-28,BOOK,0.4,61831803.3642,61831803.3642,0.0,HYPOTHETICAL STRESS — not a 2022 event
2022-03-28,T01,0.4,16240841.6401,16240841.6401,0.0,HYPOTHETICAL STRESS — not a 2022 event
2022-03-28,T02,0.4,39188996.9351,39188996.9351,0.0,HYPOTHETICAL STRESS — not a 2022 event
2022-03-28,T03,0.4,6401964.789,6401964.789,0.0,HYPOTHETICAL STRESS — not a 2022 event
2022-03-28,T04,0.4,0.0,0.0,0.0,HYPOTHETICAL STRESS — not a 2022 event
2022-03-28,T05,0.4,0.0,0.0,0.0,HYPOTHETICAL STRESS — not a 2022 event
2022-03-28,T06,0.4,0.0,0.0,0.0,HYPOTHETICAL STRESS — not a 2022 event
2022-03-28,T07,0.4,0.0,0.0,0.0,HYPOTHETICAL STRESS — not a 2022 event
2022-03-28,T08,0.4,0.0,0.0,0.0,HYPOTHETICAL STRESS — not a 2022 event
2022-03-28,T09,0.4,0.0,0.0,0.0,HYPOTHETICAL STRESS — not a 2022 event
2022-03-29,BOOK,0.4,68973020.8627,68973020.8627,0.0,HYPOTHETICAL STRESS — not a 2022 event
2022-03-29,T01,0.4,21297269.3077,21297269.3077,0.0,HYPOTHETICAL STRESS — not a 2022 event
2022-03-29,T02,0.4,38711989.048,38711989.048,0.0,HYPOTHETICAL STRESS — not a 2022 event
2022-03-29,T03,0.4,8963762.5071,8963762.5071,0.0,HYPOTHETICAL STRESS — not a 2022 event
2022-03-29,T04,0.4,0.0,0.0,0.0,HYPOTHETICAL STRESS — not a 2022 event
2022-03-29,T05,0.4,0.0,0.0,0.0,HYPOTHETICAL STRESS — not a 2022 event
2022-03-29,T06,0.4,0.0,0.0,0.0,HYPOTHETICAL STRESS — not a 2022 event
2022-03-29,T07,0.4,0.0,0.0,0.0,HYPOTHETICAL STRESS — not a 2022 event
2022-03-29,T08,0.4,0.0,0.0,0.0,HYPOTHETICAL STRESS — not a 2022 event
2022-03-29,T09,0.4,0.0,0.0,0.0,HYPOTHETICAL STRESS — not a 2022 event
2022-03-30,BOOK,0.4,67416123.3252,67416123.3252,0.0,HYPOTHETICAL STRESS — not a 2022 event
2022-03-30,T01,0.4,20388057.0638,20388057.0638,0.0,HYPOTHETICAL STRESS — not a 2022 event
2022-03-30,T02,0.4,38964067.3933,38964067.3933,0.0,HYPOTHETICAL STRESS — not a 2022 event
2022-03-30,T03,0.4,8063998.8682,8063998.8682,0.0,HYPOTHETICAL STRESS — not a 2022 event
2022-03-30,T04,0.4,0.0,0.0,0.0,HYPOTHETICAL STRESS — not a 2022 event
2022-03-30,T05,0.4,0.0,0.0,0.0,HYPOTHETICAL STRESS — not a 2022 event
2022-03-30,T06,0.4,0.0,0.0,0.0,HYPOTHETICAL STRESS — not a 2022 event
2022-03-30,T07,0.4,0.0,0.0,0.0,HYPOTHETICAL STRESS — not a 2022 event
2022-03-30,T08,0.4,0.0,0.0,0.0,HYPOTHETICAL STRESS — not a 2022 event
2022-03-30,T09,0.4,0.0,0.0,0.0,HYPOTHETICAL STRESS — not a 2022 event
2022-03-31,BOOK,0.4,69001707.5413,69001707.5413,0.0,HYPOTHETICAL STRESS — not a 2022 event
2022-03-31,T01,0.4,21337543.5669,21337543.5669,0.0,HYPOTHETICAL STRESS — not a 2022 event
2022-03-31,T02,0.4,39088617.7559,39088617.7559,0.0,HYPOTHETICAL STRESS — not a 2022 event
2022-03-31,T03,0.4,8575546.2185,8575546.2185,0.0,HYPOTHETICAL STRESS — not a 2022 event
2022-03-31,T04,0.4,0.0,0.0,0.0,HYPOTHETICAL STRESS — not a 2022 event
2022-03-31,T05,0.4,0.0,0.0,0.0,HYPOTHETICAL STRESS — not a 2022 event
2022-03-31,T06,0.4,0.0,0.0,0.0,HYPOTHETICAL STRESS — not a 2022 event
2022-03-31,T07,0.4,0.0,0.0,0.0,HYPOTHETICAL STRESS — not a 2022 event
2022-03-31,T08,0.4,0.0,0.0,0.0,HYPOTHETICAL STRESS — not a 2022 event
2022-03-31,T09,0.4,0.0,0.0,0.0,HYPOTHETICAL STRESS — not a 2022 event
2022-04-01,BOOK,0.4,69572866.6439,69572866.6439,0.0,HYPOTHETICAL STRESS — not a 2022 event
2022-04-01,T01,0.4,21916677.9287,21916677.9287,0.0,HYPOTHETICAL STRESS — not a 2022 event
2022-04-01,T02,0.4,39031042.4726,39031042.4726,0.0,HYPOTHETICAL STRESS — not a 2022 event
2022-04-01,T03,0.4,8625146.2426,8625146.2426,0.0,HYPOTHETICAL STRESS — not a 2022 event
2022-04-01,T04,0.4,0.0,0.0,0.0,HYPOTHETICAL STRESS — not a 2022 event
2022-04-01,T05,0.4,0.0,0.0,0.0,HYPOTHETICAL STRESS — not a 2022 event
2022-04-01,T06,0.4,0.0,0.0,0.0,HYPOTHETICAL STRESS — not a 2022 event
2022-04-01,T07,0.4,0.0,0.0,0.0,HYPOTHETICAL STRESS — not a 2022 event
2022-04-01,T08,0.4,0.0,0.0,0.0,HYPOTHETICAL STRESS — not a 2022 event
2022-04-01,T09,0.4,0.0,0.0,0.0,HYPOTHETICAL STRESS — not a 2022 event
2022-04-04,BOOK,0.4,77645960.2799,77645960.2799,0.0,HYPOTHETICAL STRESS — not a 2022 event
2022-04-04,T01,0.4,26942279.9457,26942279.9457,0.0,HYPOTHETICAL STRESS — not a 2022 event
2022-04-04,T02,0.4,39042768.3751,39042768.3751,0.0,HYPOTHETICAL STRESS — not a 2022 event
2022-04-04,T03,0.4,11660911.9591,11660911.9591,0.0,HYPOTHETICAL STRESS — not a 2022 event
2022-04-04,T04,0.4,0.0,0.0,0.0,HYPOTHETICAL STRESS — not a 2022 event
2022-04-04,T05,0.4,0.0,0.0,0.0,HYPOTHETICAL STRESS — not a 2022 event
2022-04-04,T06,0.4,0.0,0.0,0.0,HYPOTHETICAL STRESS — not a 2022 event
2022-04-04,T07,0.4,0.0,0.0,0.0,HYPOTHETICAL STRESS — not a 2022 event
2022-04-04,T08,0.4,0.0,0.0,0.0,HYPOTHETICAL STRESS — not a 2022 event
2022-04-04,T09,0.4,0.0,0.0,0.0,HYPOTHETICAL STRESS — not a 2022 event
2022-04-05,BOOK,0.4,81221735.4075,81221735.4075,0.0,HYPOTHETICAL STRESS — not a 2022 event
2022-04-05,T01,0.4,29327045.8944,29327045.8944,0.0,HYPOTHETICAL STRESS — not a 2022 event
2022-04-05,T02,0.4,38692662.8993,38692662.8993,0.0,HYPOTHETICAL STRESS — not a 2022 event
2022-04-05,T03,0.4,13202026.6138,13202026.6138,0.0,HYPOTHETICAL STRESS — not a 2022 event
2022-04-05,T04,0.4,0.0,0.0,0.0,HYPOTHETICAL STRESS — not a 2022 event
2022-04-05,T05,0.4,0.0,0.0,0.0,HYPOTHETICAL STRESS — not a 2022 event
2022-04-05,T06,0.4,0.0,0.0,0.0,HYPOTHETICAL STRESS — not a 2022 event
2022-04-05,T07,0.4,0.0,0.0,0.0,HYPOTHETICAL STRESS — not a 2022 event
2022-04-05,T08,0.4,0.0,0.0,0.0,HYPOTHETICAL STRESS — not a 2022 event
2022-04-05,T09,0.4,0.0,0.0,0.0,HYPOTHETICAL STRESS — not a 2022 event
2022-04-06,BOOK,0.4,83322932.5552,79631501.2177,-3691431.3375,HYPOTHETICAL STRESS — not a 2022 event
2022-04-06,T01,0.4,30323164.4543,30323164.4543,0.0,HYPOTHETICAL STRESS — not a 2022 event
2022-04-06,T02,0.4,39392730.8802,39392730.8802,0.0,HYPOTHETICAL STRESS — not a 2022 event
2022-04-06,T03,0.4,12671596.9947,12671596.9947,0.0,HYPOTHETICAL STRESS — not a 2022 event
2022-04-06,T04,0.4,935440.226,-2755991.1115,-3691431.3375,HYPOTHETICAL STRESS — not a 2022 event
2022-04-06,T05,0.4,0.0,0.0,0.0,HYPOTHETICAL STRESS — not a 2022 event
2022-04-06,T06,0.4,0.0,0.0,0.0,HYPOTHETICAL STRESS — not a 2022 event
2022-04-06,T07,0.4,0.0,0.0,0.0,HYPOTHETICAL STRESS — not a 2022 event
2022-04-06,T08,0.4,0.0,0.0,0.0,HYPOTHETICAL STRESS — not a 2022 event
2022-04-06,T09,0.4,0.0,0.0,0.0,HYPOTHETICAL STRESS — not a 2022 event
2022-04-07,BOOK,0.4,80114615.3351,76418530.9177,-3696084.4174,HYPOTHETICAL STRESS — not a 2022 event
2022-04-07,T01,0.4,30047196.5245,30047196.5245,0.0,HYPOTHETICAL STRESS — not a 2022 event
2022-04-07,T02,0.4,39510455.8236,39510455.8236,0.0,HYPOTHETICAL STRESS — not a 2022 event
2022-04-07,T03,0.4,12337252.9753,12337252.9753,0.0,HYPOTHETICAL STRESS — not a 2022 event
2022-04-07,T04,0.4,-1780289.9882,-5476374.4056,-3696084.4174,HYPOTHETICAL STRESS — not a 2022 event
2022-04-07,T05,0.4,0.0,0.0,0.0,HYPOTHETICAL STRESS — not a 2022 event
2022-04-07,T06,0.4,0.0,0.0,0.0,HYPOTHETICAL STRESS — not a 2022 event
2022-04-07,T07,0.4,0.0,0.0,0.0,HYPOTHETICAL STRESS — not a 2022 event
2022-04-07,T08,0.4,0.0,0.0,0.0,HYPOTHETICAL STRESS — not a 2022 event
2022-04-07,T09,0.4,0.0,0.0,0.0,HYPOTHETICAL STRESS — not a 2022 event
2022-04-08,BOOK,0.4,86399511.1202,82710171.3161,-3689339.8041,HYPOTHETICAL STRESS — not a 2022 event
2022-04-08,T01,0.4,32322146.669,32322146.669,0.0,HYPOTHETICAL STRESS — not a 2022 event
2022-04-08,T02,0.4,39334022.681,39334022.681,0.0,HYPOTHETICAL STRESS — not a 2022 event
2022-04-08,T03,0.4,13833375.2306,13833375.2306,0.0,HYPOTHETICAL STRESS — not a 2022 event
2022-04-08,T04,0.4,909966.5396,-2779373.2645,-3689339.8041,HYPOTHETICAL STRESS — not a 2022 event
2022-04-08,T05,0.4,0.0,0.0,0.0,HYPOTHETICAL STRESS — not a 2022 event
2022-04-08,T06,0.4,0.0,0.0,0.0,HYPOTHETICAL STRESS — not a 2022 event
2022-04-08,T07,0.4,0.0,0.0,0.0,HYPOTHETICAL STRESS — not a 2022 event
2022-04-08,T08,0.4,0.0,0.0,0.0,HYPOTHETICAL STRESS — not a 2022 event
2022-04-08,T09,0.4,0.0,0.0,0.0,HYPOTHETICAL STRESS — not a 2022 event
2022-04-11,BOOK,0.4,80657820.3316,76968575.5374,-3689244.7942,HYPOTHETICAL STRESS — not a 2022 event
2022-04-11,T01,0.4,31333264.5705,31333264.5705,0.0,HYPOTHETICAL STRESS — not a 2022 event
2022-04-11,T02,0.4,39687950.1369,39687950.1369,0.0,HYPOTHETICAL STRESS — not a 2022 event
2022-04-11,T03,0.4,13374698.1957,13374698.1957,0.0,HYPOTHETICAL STRESS — not a 2022 event
2022-04-11,T04,0.4,-3738092.5715,-7427337.3657,-3689244.7942,HYPOTHETICAL STRESS — not a 2022 event
2022-04-11,T05,0.4,0.0,0.0,0.0,HYPOTHETICAL STRESS — not a 2022 event
2022-04-11,T06,0.4,0.0,0.0,0.0,HYPOTHETICAL STRESS — not a 2022 event
2022-04-11,T07,0.4,0.0,0.0,0.0,HYPOTHETICAL STRESS — not a 2022 event
2022-04-11,T08,0.4,0.0,0.0,0.0,HYPOTHETICAL STRESS — not a 2022 event
2022-04-11,T09,0.4,0.0,0.0,0.0,HYPOTHETICAL STRESS — not a 2022 event
2022-04-12,BOOK,0.4,84631091.1244,80928325.5804,-3702765.544,HYPOTHETICAL STRESS — not a 2022 event
2022-04-12,T01,0.4,34509259.7025,34509259.7025,0.0,HYPOTHETICAL STRESS — not a 2022 event
2022-04-12,T02,0.4,39755027.727,39755027.727,0.0,HYPOTHETICAL STRESS — not a 2022 event
2022-04-12,T03,0.4,14039264.1981,14039264.1981,0.0,HYPOTHETICAL STRESS — not a 2022 event
2022-04-12,T04,0.4,-3672460.5031,-7375226.0471,-3702765.544,HYPOTHETICAL STRESS — not a 2022 event
2022-04-12,T05,0.4,0.0,0.0,0.0,HYPOTHETICAL STRESS — not a 2022 event
2022-04-12,T06,0.4,0.0,0.0,0.0,HYPOTHETICAL STRESS — not a 2022 event
2022-04-12,T07,0.4,0.0,0.0,0.0,HYPOTHETICAL STRESS — not a 2022 event
2022-04-12,T08,0.4,0.0,0.0,0.0,HYPOTHETICAL STRESS — not a 2022 event
2022-04-12,T09,0.4,0.0,0.0,0.0,HYPOTHETICAL STRESS — not a 2022 event
2022-04-13,BOOK,0.4,86733182.6858,83030042.4658,-3703140.22,HYPOTHETICAL STRESS — not a 2022 event
2022-04-13,T01,0.4,35822603.5123,35822603.5123,0.0,HYPOTHETICAL STRESS — not a 2022 event
2022-04-13,T02,0.4,39645807.2153,39645807.2153,0.0,HYPOTHETICAL STRESS — not a 2022 event
2022-04-13,T03,0.4,14493006.0536,14493006.0536,0.0,HYPOTHETICAL STRESS — not a 2022 event
2022-04-13,T04,0.4,-3228234.0954,-6931374.3154,-3703140.22,HYPOTHETICAL STRESS — not a 2022 event
2022-04-13,T05,0.4,0.0,0.0,0.0,HYPOTHETICAL STRESS — not a 2022 event
2022-04-13,T06,0.4,0.0,0.0,0.0,HYPOTHETICAL STRESS — not a 2022 event
2022-04-13,T07,0.4,0.0,0.0,0.0,HYPOTHETICAL STRESS — not a 2022 event
2022-04-13,T08,0.4,0.0,0.0,0.0,HYPOTHETICAL STRESS — not a 2022 event
2022-04-13,T09,0.4,0.0,0.0,0.0,HYPOTHETICAL STRESS — not a 2022 event
2022-04-14,BOOK,0.4,90493833.6945,90493833.6945,0.0,HYPOTHETICAL STRESS — not a 2022 event
2022-04-14,T01,0.4,37350306.0028,37350306.0028,0.0,HYPOTHETICAL STRESS — not a 2022 event
2022-04-14,T02,0.4,39568951.4816,39568951.4816,0.0,HYPOTHETICAL STRESS — not a 2022 event
2022-04-14,T03,0.4,15312296.3057,15312296.3057,0.0,HYPOTHETICAL STRESS — not a 2022 event
2022-04-14,T04,0.4,-1737720.0956,-1737720.0956,0.0,HYPOTHETICAL STRESS — not a 2022 event
2022-04-14,T05,0.4,0.0,0.0,0.0,HYPOTHETICAL STRESS — not a 2022 event
2022-04-14,T06,0.4,0.0,0.0,0.0,HYPOTHETICAL STRESS — not a 2022 event
2022-04-14,T07,0.4,0.0,0.0,0.0,HYPOTHETICAL STRESS — not a 2022 event
2022-04-14,T08,0.4,0.0,0.0,0.0,HYPOTHETICAL STRESS — not a 2022 event
2022-04-14,T09,0.4,0.0,0.0,0.0,HYPOTHETICAL STRESS — not a 2022 event
2022-04-19,BOOK,0.4,105159672.8488,105159672.8488,0.0,HYPOTHETICAL STRESS — not a 2022 event
2022-04-19,T01,0.4,43771907.3548,43771907.3548,0.0,HYPOTHETICAL STRESS — not a 2022 event
2022-04-19,T02,0.4,40642081.357,40642081.357,0.0,HYPOTHETICAL STRESS — not a 2022 event
2022-04-19,T03,0.4,17918211.5375,17918211.5375,0.0,HYPOTHETICAL STRESS — not a 2022 event
2022-04-19,T04,0.4,2827472.5994,2827472.5994,0.0,HYPOTHETICAL STRESS — not a 2022 event
2022-04-19,T05,0.4,0.0,0.0,0.0,HYPOTHETICAL STRESS — not a 2022 event
2022-04-19,T06,0.4,0.0,0.0,0.0,HYPOTHETICAL STRESS — not a 2022 event
2022-04-19,T07,0.4,0.0,0.0,0.0,HYPOTHETICAL STRESS — not a 2022 event
2022-04-19,T08,0.4,0.0,0.0,0.0,HYPOTHETICAL STRESS — not a 2022 event
2022-04-19,T09,0.4,0.0,0.0,0.0,HYPOTHETICAL STRESS — not a 2022 event
2022-04-20,BOOK,0.4,100698091.0703,100698091.0703,0.0,HYPOTHETICAL STRESS — not a 2022 event
2022-04-20,T01,0.4,41948315.162,41948315.162,0.0,HYPOTHETICAL STRESS — not a 2022 event
2022-04-20,T02,0.4,40969547.8402,40969547.8402,0.0,HYPOTHETICAL STRESS — not a 2022 event
2022-04-20,T03,0.4,17304829.2167,17304829.2167,0.0,HYPOTHETICAL STRESS — not a 2022 event
2022-04-20,T04,0.4,475398.8514,475398.8514,0.0,HYPOTHETICAL STRESS — not a 2022 event
2022-04-20,T05,0.4,0.0,0.0,0.0,HYPOTHETICAL STRESS — not a 2022 event
2022-04-20,T06,0.4,0.0,0.0,0.0,HYPOTHETICAL STRESS — not a 2022 event
2022-04-20,T07,0.4,0.0,0.0,0.0,HYPOTHETICAL STRESS — not a 2022 event
2022-04-20,T08,0.4,0.0,0.0,0.0,HYPOTHETICAL STRESS — not a 2022 event
2022-04-20,T09,0.4,0.0,0.0,0.0,HYPOTHETICAL STRESS — not a 2022 event
2022-04-21,BOOK,0.4,153182526.8848,153182526.8848,0.0,HYPOTHETICAL STRESS — not a 2022 event
2022-04-21,T01,0.4,44283127.3792,44283127.3792,0.0,HYPOTHETICAL STRESS — not a 2022 event
2022-04-21,T02,0.4,40294548.4401,40294548.4401,0.0,HYPOTHETICAL STRESS — not a 2022 event
2022-04-21,T03,0.4,18568101.1893,18568101.1893,0.0,HYPOTHETICAL STRESS — not a 2022 event
2022-04-21,T04,0.4,2414027.2584,2414027.2584,0.0,HYPOTHETICAL STRESS — not a 2022 event
2022-04-21,T05,0.4,47622722.6178,47622722.6178,0.0,HYPOTHETICAL STRESS — not a 2022 event
2022-04-21,T06,0.4,0.0,0.0,0.0,HYPOTHETICAL STRESS — not a 2022 event
2022-04-21,T07,0.4,0.0,0.0,0.0,HYPOTHETICAL STRESS — not a 2022 event
2022-04-21,T08,0.4,0.0,0.0,0.0,HYPOTHETICAL STRESS — not a 2022 event
2022-04-21,T09,0.4,0.0,0.0,0.0,HYPOTHETICAL STRESS — not a 2022 event
2022-04-22,BOOK,0.4,155284070.653,155284070.653,0.0,HYPOTHETICAL STRESS — not a 2022 event
2022-04-22,T01,0.4,45779052.5302,45779052.5302,0.0,HYPOTHETICAL STRESS — not a 2022 event
2022-04-22,T02,0.4,41076736.7249,41076736.7249,0.0,HYPOTHETICAL STRESS — not a 2022 event
2022-04-22,T03,0.4,18795563.2122,18795563.2122,0.0,HYPOTHETICAL STRESS — not a 2022 event
2022-04-22,T04,0.4,2231609.2495,2231609.2495,0.0,HYPOTHETICAL STRESS — not a 2022 event
2022-04-22,T05,0.4,47401108.9361,47401108.9361,0.0,HYPOTHETICAL STRESS — not a 2022 event
2022-04-22,T06,0.4,0.0,0.0,0.0,HYPOTHETICAL STRESS — not a 2022 event
2022-04-22,T07,0.4,0.0,0.0,0.0,HYPOTHETICAL STRESS — not a 2022 event
2022-04-22,T08,0.4,0.0,0.0,0.0,HYPOTHETICAL STRESS — not a 2022 event
2022-04-22,T09,0.4,0.0,0.0,0.0,HYPOTHETICAL STRESS — not a 2022 event
2022-04-25,BOOK,0.4,175047478.185,175047478.185,0.0,HYPOTHETICAL STRESS — not a 2022 event
2022-04-25,T01,0.4,63861337.0636,63861337.0636,0.0,HYPOTHETICAL STRESS — not a 2022 event
2022-04-25,T02,0.4,47300924.2089,47300924.2089,0.0,HYPOTHETICAL STRESS — not a 2022 event
2022-04-25,T03,0.4,18551115.0206,18551115.0206,0.0,HYPOTHETICAL STRESS — not a 2022 event
2022-04-25,T04,0.4,-2336808.8068,-2336808.8068,0.0,HYPOTHETICAL STRESS — not a 2022 event
2022-04-25,T05,0.4,47670910.6986,47670910.6986,0.0,HYPOTHETICAL STRESS — not a 2022 event
2022-04-25,T06,0.4,0.0,0.0,0.0,HYPOTHETICAL STRESS — not a 2022 event
2022-04-25,T07,0.4,0.0,0.0,0.0,HYPOTHETICAL STRESS — not a 2022 event
2022-04-25,T08,0.4,0.0,0.0,0.0,HYPOTHETICAL STRESS — not a 2022 event
2022-04-25,T09,0.4,0.0,0.0,0.0,HYPOTHETICAL STRESS — not a 2022 event
2022-04-26,BOOK,0.4,190639915.2798,190639915.2798,0.0,HYPOTHETICAL STRESS — not a 2022 event
2022-04-26,T01,0.4,64405941.0725,64405941.0725,0.0,HYPOTHETICAL STRESS — not a 2022 event
2022-04-26,T02,0.4,47610642.72,47610642.72,0.0,HYPOTHETICAL STRESS — not a 2022 event
2022-04-26,T03,0.4,32115796.5173,32115796.5173,0.0,HYPOTHETICAL STRESS — not a 2022 event
2022-04-26,T04,0.4,-1109468.0951,-1109468.0951,0.0,HYPOTHETICAL STRESS — not a 2022 event
2022-04-26,T05,0.4,47617003.0651,47617003.0651,0.0,HYPOTHETICAL STRESS — not a 2022 event
2022-04-26,T06,0.4,0.0,0.0,0.0,HYPOTHETICAL STRESS — not a 2022 event
2022-04-26,T07,0.4,0.0,0.0,0.0,HYPOTHETICAL STRESS — not a 2022 event
2022-04-26,T08,0.4,0.0,0.0,0.0,HYPOTHETICAL STRESS — not a 2022 event
2022-04-26,T09,0.4,0.0,0.0,0.0,HYPOTHETICAL STRESS — not a 2022 event
2022-04-27,BOOK,0.4,191483714.6756,191483714.6756,0.0,HYPOTHETICAL STRESS — not a 2022 event
2022-04-27,T01,0.4,64881167.8879,64881167.8879,0.0,HYPOTHETICAL STRESS — not a 2022 event
2022-04-27,T02,0.4,47637482.1377,47637482.1377,0.0,HYPOTHETICAL STRESS — not a 2022 event
2022-04-27,T03,0.4,32115739.3593,32115739.3593,0.0,HYPOTHETICAL STRESS — not a 2022 event
2022-04-27,T04,0.4,-680855.8872,-680855.8872,0.0,HYPOTHETICAL STRESS — not a 2022 event
2022-04-27,T05,0.4,47530181.1779,47530181.1779,0.0,HYPOTHETICAL STRESS — not a 2022 event
2022-04-27,T06,0.4,0.0,0.0,0.0,HYPOTHETICAL STRESS — not a 2022 event
2022-04-27,T07,0.4,0.0,0.0,0.0,HYPOTHETICAL STRESS — not a 2022 event
2022-04-27,T08,0.4,0.0,0.0,0.0,HYPOTHETICAL STRESS — not a 2022 event
2022-04-27,T09,0.4,0.0,0.0,0.0,HYPOTHETICAL STRESS — not a 2022 event
2022-04-28,BOOK,0.4,189130453.5851,189130453.5851,0.0,HYPOTHETICAL STRESS — not a 2022 event
2022-04-28,T01,0.4,65030780.1424,65030780.1424,0.0,HYPOTHETICAL STRESS — not a 2022 event
2022-04-28,T02,0.4,47062551.3307,47062551.3307,0.0,HYPOTHETICAL STRESS — not a 2022 event
2022-04-28,T03,0.4,32115670.8405,32115670.8405,0.0,HYPOTHETICAL STRESS — not a 2022 event
2022-04-28,T04,0.4,-1379175.7605,-1379175.7605,0.0,HYPOTHETICAL STRESS — not a 2022 event
2022-04-28,T05,0.4,46300627.0321,46300627.0321,0.0,HYPOTHETICAL STRESS — not a 2022 event
2022-04-28,T06,0.4,0.0,0.0,0.0,HYPOTHETICAL STRESS — not a 2022 event
2022-04-28,T07,0.4,0.0,0.0,0.0,HYPOTHETICAL STRESS — not a 2022 event
2022-04-28,T08,0.4,0.0,0.0,0.0,HYPOTHETICAL STRESS — not a 2022 event
2022-04-28,T09,0.4,0.0,0.0,0.0,HYPOTHETICAL STRESS — not a 2022 event
2022-04-29,BOOK,0.4,187385795.2881,187385795.2881,0.0,HYPOTHETICAL STRESS — not a 2022 event
2022-04-29,T01,0.4,64466149.18,64466149.18,0.0,HYPOTHETICAL STRESS — not a 2022 event
2022-04-29,T02,0.4,46529972.7698,46529972.7698,0.0,HYPOTHETICAL STRESS — not a 2022 event
2022-04-29,T03,0.4,32115936.5713,32115936.5713,0.0,HYPOTHETICAL STRESS — not a 2022 event
2022-04-29,T04,0.4,-2858641.8836,-2858641.8836,0.0,HYPOTHETICAL STRESS — not a 2022 event
2022-04-29,T05,0.4,47132378.6507,47132378.6507,0.0,HYPOTHETICAL STRESS — not a 2022 event
2022-04-29,T06,0.4,0.0,0.0,0.0,HYPOTHETICAL STRESS — not a 2022 event
2022-04-29,T07,0.4,0.0,0.0,0.0,HYPOTHETICAL STRESS — not a 2022 event
2022-04-29,T08,0.4,0.0,0.0,0.0,HYPOTHETICAL STRESS — not a 2022 event
2022-04-29,T09,0.4,0.0,0.0,0.0,HYPOTHETICAL STRESS — not a 2022 event
2022-05-03,BOOK,0.4,187066478.0072,187066478.0072,0.0,HYPOTHETICAL STRESS — not a 2022 event
2022-05-03,T01,0.4,66287269.4942,66287269.4942,0.0,HYPOTHETICAL STRESS — not a 2022 event
2022-05-03,T02,0.4,46476265.683,46476265.683,0.0,HYPOTHETICAL STRESS — not a 2022 event
2022-05-03,T03,0.4,32115936.5713,32115936.5713,0.0,HYPOTHETICAL STRESS — not a 2022 event
2022-05-03,T04,0.4,-3480991.2057,-3480991.2057,0.0,HYPOTHETICAL STRESS — not a 2022 event
2022-05-03,T05,0.4,45667997.4644,45667997.4644,0.0,HYPOTHETICAL STRESS — not a 2022 event
2022-05-03,T06,0.4,0.0,0.0,0.0,HYPOTHETICAL STRESS — not a 2022 event
2022-05-03,T07,0.4,0.0,0.0,0.0,HYPOTHETICAL STRESS — not a 2022 event
2022-05-03,T08,0.4,0.0,0.0,0.0,HYPOTHETICAL STRESS — not a 2022 event
2022-05-03,T09,0.4,0.0,0.0,0.0,HYPOTHETICAL STRESS — not a 2022 event
2022-05-04,BOOK,0.4,188377906.3813,188377906.3813,0.0,HYPOTHETICAL STRESS — not a 2022 event
2022-05-04,T01,0.4,66784753.4848,66784753.4848,0.0,HYPOTHETICAL STRESS — not a 2022 event
2022-05-04,T02,0.4,46003777.421,46003777.421,0.0,HYPOTHETICAL STRESS — not a 2022 event
2022-05-04,T03,0.4,32115936.5713,32115936.5713,0.0,HYPOTHETICAL STRESS — not a 2022 event
2022-05-04,T04,0.4,-2305582.6758,-2305582.6758,0.0,HYPOTHETICAL STRESS — not a 2022 event
2022-05-04,T05,0.4,45779021.5801,45779021.5801,0.0,HYPOTHETICAL STRESS — not a 2022 event
2022-05-04,T06,0.4,0.0,0.0,0.0,HYPOTHETICAL STRESS — not a 2022 event
2022-05-04,T07,0.4,0.0,0.0,0.0,HYPOTHETICAL STRESS — not a 2022 event
2022-05-04,T08,0.4,0.0,0.0,0.0,HYPOTHETICAL STRESS — not a 2022 event
2022-05-04,T09,0.4,0.0,0.0,0.0,HYPOTHETICAL STRESS — not a 2022 event
2022-05-05,BOOK,0.4,188172530.0932,188172530.0932,0.0,HYPOTHETICAL STRESS — not a 2022 event
2022-05-05,T01,0.4,66850335.6134,66850335.6134,0.0,HYPOTHETICAL STRESS — not a 2022 event
2022-05-05,T02,0.4,45803709.9972,45803709.9972,0.0,HYPOTHETICAL STRESS — not a 2022 event
2022-05-05,T03,0.4,32115936.5713,32115936.5713,0.0,HYPOTHETICAL STRESS — not a 2022 event
2022-05-05,T04,0.4,-2594167.26,-2594167.26,0.0,HYPOTHETICAL STRESS — not a 2022 event
2022-05-05,T05,0.4,45996715.1713,45996715.1713,0.0,HYPOTHETICAL STRESS — not a 2022 event
2022-05-05,T06,0.4,0.0,0.0,0.0,HYPOTHETICAL STRESS — not a 2022 event
2022-05-05,T07,0.4,0.0,0.0,0.0,HYPOTHETICAL STRESS — not a 2022 event
2022-05-05,T08,0.4,0.0,0.0,0.0,HYPOTHETICAL STRESS — not a 2022 event
2022-05-05,T09,0.4,0.0,0.0,0.0,HYPOTHETICAL STRESS — not a 2022 event
2022-05-06,BOOK,0.4,187356302.805,187356302.805,0.0,HYPOTHETICAL STRESS — not a 2022 event
2022-05-06,T01,0.4,66982077.4904,66982077.4904,0.0,HYPOTHETICAL STRESS — not a 2022 event
2022-05-06,T02,0.4,46564120.9551,46564120.9551,0.0,HYPOTHETICAL STRESS — not a 2022 event
2022-05-06,T03,0.4,32115936.5713,32115936.5713,0.0,HYPOTHETICAL STRESS — not a 2022 event
2022-05-06,T04,0.4,-4020584.0863,-4020584.0863,0.0,HYPOTHETICAL STRESS — not a 2022 event
2022-05-06,T05,0.4,45714751.8746,45714751.8746,0.0,HYPOTHETICAL STRESS — not a 2022 event
2022-05-06,T06,0.4,0.0,0.0,0.0,HYPOTHETICAL STRESS — not a 2022 event
2022-05-06,T07,0.4,0.0,0.0,0.0,HYPOTHETICAL STRESS — not a 2022 event
2022-05-06,T08,0.4,0.0,0.0,0.0,HYPOTHETICAL STRESS — not a 2022 event
2022-05-06,T09,0.4,0.0,0.0,0.0,HYPOTHETICAL STRESS — not a 2022 event
2022-05-09,BOOK,0.4,188341375.1962,188341375.1962,0.0,HYPOTHETICAL STRESS — not a 2022 event
2022-05-09,T01,0.4,70797998.1589,70797998.1589,0.0,HYPOTHETICAL STRESS — not a 2022 event
2022-05-09,T02,0.4,46317126.5693,46317126.5693,0.0,HYPOTHETICAL STRESS — not a 2022 event
2022-05-09,T03,0.4,32115936.5713,32115936.5713,0.0,HYPOTHETICAL STRESS — not a 2022 event
2022-05-09,T04,0.4,-6579233.1161,-6579233.1161,0.0,HYPOTHETICAL STRESS — not a 2022 event
2022-05-09,T05,0.4,45689547.0128,45689547.0128,0.0,HYPOTHETICAL STRESS — not a 2022 event
2022-05-09,T06,0.4,0.0,0.0,0.0,HYPOTHETICAL STRESS — not a 2022 event
2022-05-09,T07,0.4,0.0,0.0,0.0,HYPOTHETICAL STRESS — not a 2022 event
2022-05-09,T08,0.4,0.0,0.0,0.0,HYPOTHETICAL STRESS — not a 2022 event
2022-05-09,T09,0.4,0.0,0.0,0.0,HYPOTHETICAL STRESS — not a 2022 event
2022-05-10,BOOK,0.4,187032194.5203,187032194.5203,0.0,HYPOTHETICAL STRESS — not a 2022 event
2022-05-10,T01,0.4,70784133.7924,70784133.7924,0.0,HYPOTHETICAL STRESS — not a 2022 event
2022-05-10,T02,0.4,45523033.0131,45523033.0131,0.0,HYPOTHETICAL STRESS — not a 2022 event
2022-05-10,T03,0.4,32115936.5713,32115936.5713,0.0,HYPOTHETICAL STRESS — not a 2022 event
2022-05-10,T04,0.4,-7910795.1266,-7910795.1266,0.0,HYPOTHETICAL STRESS — not a 2022 event
2022-05-10,T05,0.4,45737402.1881,45737402.1881,0.0,HYPOTHETICAL STRESS — not a 2022 event
2022-05-10,T06,0.4,782484.082,782484.082,0.0,HYPOTHETICAL STRESS — not a 2022 event
2022-05-10,T07,0.4,0.0,0.0,0.0,HYPOTHETICAL STRESS — not a 2022 event
2022-05-10,T08,0.4,0.0,0.0,0.0,HYPOTHETICAL STRESS — not a 2022 event
2022-05-10,T09,0.4,0.0,0.0,0.0,HYPOTHETICAL STRESS — not a 2022 event
2022-05-11,BOOK,0.4,191841384.1727,191841384.1727,0.0,HYPOTHETICAL STRESS — not a 2022 event
2022-05-11,T01,0.4,70780026.8489,70780026.8489,0.0,HYPOTHETICAL STRESS — not a 2022 event
2022-05-11,T02,0.4,46471743.732,46471743.732,0.0,HYPOTHETICAL STRESS — not a 2022 event
2022-05-11,T03,0.4,32115936.5713,32115936.5713,0.0,HYPOTHETICAL STRESS — not a 2022 event
2022-05-11,T04,0.4,-5085993.0827,-5085993.0827,0.0,HYPOTHETICAL STRESS — not a 2022 event
2022-05-11,T05,0.4,45836148.9459,45836148.9459,0.0,HYPOTHETICAL STRESS — not a 2022 event
2022-05-11,T06,0.4,1723521.1574,1723521.1574,0.0,HYPOTHETICAL STRESS — not a 2022 event
2022-05-11,T07,0.4,0.0,0.0,0.0,HYPOTHETICAL STRESS — not a 2022 event
2022-05-11,T08,0.4,0.0,0.0,0.0,HYPOTHETICAL STRESS — not a 2022 event
2022-05-11,T09,0.4,0.0,0.0,0.0,HYPOTHETICAL STRESS — not a 2022 event
2022-05-12,BOOK,0.4,190380268.5948,190380268.5948,0.0,HYPOTHETICAL STRESS — not a 2022 event
2022-05-12,T01,0.4,70803750.7103,70803750.7103,0.0,HYPOTHETICAL STRESS — not a 2022 event
2022-05-12,T02,0.4,46155475.26,46155475.26,0.0,HYPOTHETICAL STRESS — not a 2022 event
2022-05-12,T03,0.4,32115936.5713,32115936.5713,0.0,HYPOTHETICAL STRESS — not a 2022 event
2022-05-12,T04,0.4,-6266808.6229,-6266808.6229,0.0,HYPOTHETICAL STRESS — not a 2022 event
2022-05-12,T05,0.4,46392631.0364,46392631.0364,0.0,HYPOTHETICAL STRESS — not a 2022 event
2022-05-12,T06,0.4,1179283.6397,1179283.6397,0.0,HYPOTHETICAL STRESS — not a 2022 event
2022-05-12,T07,0.4,0.0,0.0,0.0,HYPOTHETICAL STRESS — not a 2022 event
2022-05-12,T08,0.4,0.0,0.0,0.0,HYPOTHETICAL STRESS — not a 2022 event
2022-05-12,T09,0.4,0.0,0.0,0.0,HYPOTHETICAL STRESS — not a 2022 event
2022-05-13,BOOK,0.4,192658620.0575,192658620.0575,0.0,HYPOTHETICAL STRESS — not a 2022 event
2022-05-13,T01,0.4,70798251.2134,70798251.2134,0.0,HYPOTHETICAL STRESS — not a 2022 event
2022-05-13,T02,0.4,46851692.434,46851692.434,0.0,HYPOTHETICAL STRESS — not a 2022 event
2022-05-13,T03,0.4,32115936.5713,32115936.5713,0.0,HYPOTHETICAL STRESS — not a 2022 event
2022-05-13,T04,0.4,-4937619.2692,-4937619.2692,0.0,HYPOTHETICAL STRESS — not a 2022 event
2022-05-13,T05,0.4,46659655.2075,46659655.2075,0.0,HYPOTHETICAL STRESS — not a 2022 event
2022-05-13,T06,0.4,1170703.9005,1170703.9005,0.0,HYPOTHETICAL STRESS — not a 2022 event
2022-05-13,T07,0.4,0.0,0.0,0.0,HYPOTHETICAL STRESS — not a 2022 event
2022-05-13,T08,0.4,0.0,0.0,0.0,HYPOTHETICAL STRESS — not a 2022 event
2022-05-13,T09,0.4,0.0,0.0,0.0,HYPOTHETICAL STRESS — not a 2022 event
2022-05-16,BOOK,0.4,202907733.1601,202907733.1601,0.0,HYPOTHETICAL STRESS — not a 2022 event
2022-05-16,T01,0.4,70826436.2814,70826436.2814,0.0,HYPOTHETICAL STRESS — not a 2022 event
2022-05-16,T02,0.4,49421361.7704,49421361.7704,0.0,HYPOTHETICAL STRESS — not a 2022 event
2022-05-16,T03,0.4,32115936.5713,32115936.5713,0.0,HYPOTHETICAL STRESS — not a 2022 event
2022-05-16,T04,0.4,414607.305,414607.305,0.0,HYPOTHETICAL STRESS — not a 2022 event
2022-05-16,T05,0.4,47214315.0137,47214315.0137,0.0,HYPOTHETICAL STRESS — not a 2022 event
2022-05-16,T06,0.4,2915076.2183,2915076.2183,0.0,HYPOTHETICAL STRESS — not a 2022 event
2022-05-16,T07,0.4,0.0,0.0,0.0,HYPOTHETICAL STRESS — not a 2022 event
2022-05-16,T08,0.4,0.0,0.0,0.0,HYPOTHETICAL STRESS — not a 2022 event
2022-05-16,T09,0.4,0.0,0.0,0.0,HYPOTHETICAL STRESS — not a 2022 event
2022-05-17,BOOK,0.4,205186075.8743,205186075.8743,0.0,HYPOTHETICAL STRESS — not a 2022 event
2022-05-17,T01,0.4,70856362.0866,70856362.0866,0.0,HYPOTHETICAL STRESS — not a 2022 event
2022-05-17,T02,0.4,49780959.7373,49780959.7373,0.0,HYPOTHETICAL STRESS — not a 2022 event
2022-05-17,T03,0.4,32115936.5713,32115936.5713,0.0,HYPOTHETICAL STRESS — not a 2022 event
2022-05-17,T04,0.4,1589785.7639,1589785.7639,0.0,HYPOTHETICAL STRESS — not a 2022 event
2022-05-17,T05,0.4,46931301.7263,46931301.7263,0.0,HYPOTHETICAL STRESS — not a 2022 event
2022-05-17,T06,0.4,3911729.9888,3911729.9888,0.0,HYPOTHETICAL STRESS — not a 2022 event
2022-05-17,T07,0.4,0.0,0.0,0.0,HYPOTHETICAL STRESS — not a 2022 event
2022-05-17,T08,0.4,0.0,0.0,0.0,HYPOTHETICAL STRESS — not a 2022 event
2022-05-17,T09,0.4,0.0,0.0,0.0,HYPOTHETICAL STRESS — not a 2022 event
2022-05-18,BOOK,0.4,207305576.7706,207305576.7706,0.0,HYPOTHETICAL STRESS — not a 2022 event
2022-05-18,T01,0.4,70856362.0866,70856362.0866,0.0,HYPOTHETICAL STRESS — not a 2022 event
2022-05-18,T02,0.4,49538407.5778,49538407.5778,0.0,HYPOTHETICAL STRESS — not a 2022 event
2022-05-18,T03,0.4,32115936.5713,32115936.5713,0.0,HYPOTHETICAL STRESS — not a 2022 event
2022-05-18,T04,0.4,3279573.3834,3279573.3834,0.0,HYPOTHETICAL STRESS — not a 2022 event
2022-05-18,T05,0.4,46678682.4064,46678682.4064,0.0,HYPOTHETICAL STRESS — not a 2022 event
2022-05-18,T06,0.4,4836614.7451,4836614.7451,0.0,HYPOTHETICAL STRESS — not a 2022 event
2022-05-18,T07,0.4,0.0,0.0,0.0,HYPOTHETICAL STRESS — not a 2022 event
2022-05-18,T08,0.4,0.0,0.0,0.0,HYPOTHETICAL STRESS — not a 2022 event
2022-05-18,T09,0.4,0.0,0.0,0.0,HYPOTHETICAL STRESS — not a 2022 event
2022-05-19,BOOK,0.4,205800227.0258,205800227.0258,0.0,HYPOTHETICAL STRESS — not a 2022 event
2022-05-19,T01,0.4,70856362.0866,70856362.0866,0.0,HYPOTHETICAL STRESS — not a 2022 event
2022-05-19,T02,0.4,50081654.9798,50081654.9798,0.0,HYPOTHETICAL STRESS — not a 2022 event
2022-05-19,T03,0.4,32115936.5713,32115936.5713,0.0,HYPOTHETICAL STRESS — not a 2022 event
2022-05-19,T04,0.4,1632643.193,1632643.193,0.0,HYPOTHETICAL STRESS — not a 2022 event
2022-05-19,T05,0.4,47446512.7849,47446512.7849,0.0,HYPOTHETICAL STRESS — not a 2022 event
2022-05-19,T06,0.4,3667117.4101,3667117.4101,0.0,HYPOTHETICAL STRESS — not a 2022 event
2022-05-19,T07,0.4,0.0,0.0,0.0,HYPOTHETICAL STRESS — not a 2022 event
2022-05-19,T08,0.4,0.0,0.0,0.0,HYPOTHETICAL STRESS — not a 2022 event
2022-05-19,T09,0.4,0.0,0.0,0.0,HYPOTHETICAL STRESS — not a 2022 event
2022-05-20,BOOK,0.4,208147610.612,208147610.612,0.0,HYPOTHETICAL STRESS — not a 2022 event
2022-05-20,T01,0.4,70856362.0866,70856362.0866,0.0,HYPOTHETICAL STRESS — not a 2022 event
2022-05-20,T02,0.4,47660284.9122,47660284.9122,0.0,HYPOTHETICAL STRESS — not a 2022 event
2022-05-20,T03,0.4,32115936.5713,32115936.5713,0.0,HYPOTHETICAL STRESS — not a 2022 event
2022-05-20,T04,0.4,5884555.5606,5884555.5606,0.0,HYPOTHETICAL STRESS — not a 2022 event
2022-05-20,T05,0.4,47667991.0402,47667991.0402,0.0,HYPOTHETICAL STRESS — not a 2022 event
2022-05-20,T06,0.4,3962480.4412,3962480.4412,0.0,HYPOTHETICAL STRESS — not a 2022 event
2022-05-20,T07,0.4,0.0,0.0,0.0,HYPOTHETICAL STRESS — not a 2022 event
2022-05-20,T08,0.4,0.0,0.0,0.0,HYPOTHETICAL STRESS — not a 2022 event
2022-05-20,T09,0.4,0.0,0.0,0.0,HYPOTHETICAL STRESS — not a 2022 event
2022-05-23,BOOK,0.4,212656321.9177,212656321.9177,0.0,HYPOTHETICAL STRESS — not a 2022 event
2022-05-23,T01,0.4,70856362.0866,70856362.0866,0.0,HYPOTHETICAL STRESS — not a 2022 event
2022-05-23,T02,0.4,46976153.9681,46976153.9681,0.0,HYPOTHETICAL STRESS — not a 2022 event
2022-05-23,T03,0.4,32115936.5713,32115936.5713,0.0,HYPOTHETICAL STRESS — not a 2022 event
2022-05-23,T04,0.4,9127388.9097,9127388.9097,0.0,HYPOTHETICAL STRESS — not a 2022 event
2022-05-23,T05,0.4,46858132.9941,46858132.9941,0.0,HYPOTHETICAL STRESS — not a 2022 event
2022-05-23,T06,0.4,6722347.3878,6722347.3878,0.0,HYPOTHETICAL STRESS — not a 2022 event
2022-05-23,T07,0.4,0.0,0.0,0.0,HYPOTHETICAL STRESS — not a 2022 event
2022-05-23,T08,0.4,0.0,0.0,0.0,HYPOTHETICAL STRESS — not a 2022 event
2022-05-23,T09,0.4,0.0,0.0,0.0,HYPOTHETICAL STRESS — not a 2022 event
2022-05-24,BOOK,0.4,215306379.0089,215306379.0089,0.0,HYPOTHETICAL STRESS — not a 2022 event
2022-05-24,T01,0.4,70856362.0866,70856362.0866,0.0,HYPOTHETICAL STRESS — not a 2022 event
2022-05-24,T02,0.4,48406045.8248,48406045.8248,0.0,HYPOTHETICAL STRESS — not a 2022 event
2022-05-24,T03,0.4,32115936.5713,32115936.5713,0.0,HYPOTHETICAL STRESS — not a 2022 event
2022-05-24,T04,0.4,9905262.5146,9905262.5146,0.0,HYPOTHETICAL STRESS — not a 2022 event
2022-05-24,T05,0.4,46460908.0338,46460908.0338,0.0,HYPOTHETICAL STRESS — not a 2022 event
2022-05-24,T06,0.4,7561863.9778,7561863.9778,0.0,HYPOTHETICAL STRESS — not a 2022 event
2022-05-24,T07,0.4,0.0,0.0,0.0,HYPOTHETICAL STRESS — not a 2022 event
2022-05-24,T08,0.4,0.0,0.0,0.0,HYPOTHETICAL STRESS — not a 2022 event
2022-05-24,T09,0.4,0.0,0.0,0.0,HYPOTHETICAL STRESS — not a 2022 event
2022-05-25,BOOK,0.4,217373132.7445,211935467.1015,-5437665.643,HYPOTHETICAL STRESS — not a 2022 event
2022-05-25,T01,0.4,70856362.0866,70856362.0866,0.0,HYPOTHETICAL STRESS — not a 2022 event
2022-05-25,T02,0.4,49152715.6761,49152715.6761,0.0,HYPOTHETICAL STRESS — not a 2022 event
2022-05-25,T03,0.4,32115936.5713,32115936.5713,0.0,HYPOTHETICAL STRESS — not a 2022 event
2022-05-25,T04,0.4,9905262.5146,9905262.5146,0.0,HYPOTHETICAL STRESS — not a 2022 event
2022-05-25,T05,0.4,46308378.5009,46308378.5009,0.0,HYPOTHETICAL STRESS — not a 2022 event
2022-05-25,T06,0.4,7596644.2723,7596644.2723,0.0,HYPOTHETICAL STRESS — not a 2022 event
2022-05-25,T07,0.4,1437833.1228,-3999832.5202,-5437665.643,HYPOTHETICAL STRESS — not a 2022 event
2022-05-25,T08,0.4,0.0,0.0,0.0,HYPOTHETICAL STRESS — not a 2022 event
2022-05-25,T09,0.4,0.0,0.0,0.0,HYPOTHETICAL STRESS — not a 2022 event
2022-05-26,BOOK,0.4,219142035.9361,213764598.909,-5377437.0271,HYPOTHETICAL STRESS — not a 2022 event
2022-05-26,T01,0.4,70856362.0866,70856362.0866,0.0,HYPOTHETICAL STRESS — not a 2022 event
2022-05-26,T02,0.4,49204753.5643,49204753.5643,0.0,HYPOTHETICAL STRESS — not a 2022 event
2022-05-26,T03,0.4,32115936.5713,32115936.5713,0.0,HYPOTHETICAL STRESS — not a 2022 event
2022-05-26,T04,0.4,9905262.5146,9905262.5146,0.0,HYPOTHETICAL STRESS — not a 2022 event
2022-05-26,T05,0.4,46299680.6552,46299680.6552,0.0,HYPOTHETICAL STRESS — not a 2022 event
2022-05-26,T06,0.4,8248486.4668,8248486.4668,0.0,HYPOTHETICAL STRESS — not a 2022 event
2022-05-26,T07,0.4,2511554.0773,-2865882.9498,-5377437.0271,HYPOTHETICAL STRESS — not a 2022 event
2022-05-26,T08,0.4,0.0,0.0,0.0,HYPOTHETICAL STRESS — not a 2022 event
2022-05-26,T09,0.4,0.0,0.0,0.0,HYPOTHETICAL STRESS — not a 2022 event
2022-05-27,BOOK,0.4,218192576.5628,218192576.5628,0.0,HYPOTHETICAL STRESS — not a 2022 event
2022-05-27,T01,0.4,70856362.0866,70856362.0866,0.0,HYPOTHETICAL STRESS — not a 2022 event
2022-05-27,T02,0.4,49227531.649,49227531.649,0.0,HYPOTHETICAL STRESS — not a 2022 event
2022-05-27,T03,0.4,32115936.5713,32115936.5713,0.0,HYPOTHETICAL STRESS — not a 2022 event
2022-05-27,T04,0.4,9905262.5146,9905262.5146,0.0,HYPOTHETICAL STRESS — not a 2022 event
2022-05-27,T05,0.4,46467243.0099,46467243.0099,0.0,HYPOTHETICAL STRESS — not a 2022 event
2022-05-27,T06,0.4,8069572.5303,8069572.5303,0.0,HYPOTHETICAL STRESS — not a 2022 event
2022-05-27,T07,0.4,1550668.2011,1550668.2011,0.0,HYPOTHETICAL STRESS — not a 2022 event
2022-05-27,T08,0.4,0.0,0.0,0.0,HYPOTHETICAL STRESS — not a 2022 event
2022-05-27,T09,0.4,0.0,0.0,0.0,HYPOTHETICAL STRESS — not a 2022 event
2022-05-30,BOOK,0.4,223170458.3632,223170458.3632,0.0,HYPOTHETICAL STRESS — not a 2022 event
2022-05-30,T01,0.4,70856362.0866,70856362.0866,0.0,HYPOTHETICAL STRESS — not a 2022 event
2022-05-30,T02,0.4,48985066.9871,48985066.9871,0.0,HYPOTHETICAL STRESS — not a 2022 event
2022-05-30,T03,0.4,32115936.5713,32115936.5713,0.0,HYPOTHETICAL STRESS — not a 2022 event
2022-05-30,T04,0.4,9905262.5146,9905262.5146,0.0,HYPOTHETICAL STRESS — not a 2022 event
2022-05-30,T05,0.4,46204776.6642,46204776.6642,0.0,HYPOTHETICAL STRESS — not a 2022 event
2022-05-30,T06,0.4,10349585.4185,10349585.4185,0.0,HYPOTHETICAL STRESS — not a 2022 event
2022-05-30,T07,0.4,4753468.1209,4753468.1209,0.0,HYPOTHETICAL STRESS — not a 2022 event
2022-05-30,T08,0.4,0.0,0.0,0.0,HYPOTHETICAL STRESS — not a 2022 event
2022-05-30,T09,0.4,0.0,0.0,0.0,HYPOTHETICAL STRESS — not a 2022 event
2022-05-31,BOOK,0.4,224111989.7753,224111989.7753,0.0,HYPOTHETICAL STRESS — not a 2022 event
2022-05-31,T01,0.4,70856362.0866,70856362.0866,0.0,HYPOTHETICAL STRESS — not a 2022 event
2022-05-31,T02,0.4,49151319.8452,49151319.8452,0.0,HYPOTHETICAL STRESS — not a 2022 event
2022-05-31,T03,0.4,32115936.5713,32115936.5713,0.0,HYPOTHETICAL STRESS — not a 2022 event
2022-05-31,T04,0.4,9905262.5146,9905262.5146,0.0,HYPOTHETICAL STRESS — not a 2022 event
2022-05-31,T05,0.4,46626891.8878,46626891.8878,0.0,HYPOTHETICAL STRESS — not a 2022 event
2022-05-31,T06,0.4,10503482.8954,10503482.8954,0.0,HYPOTHETICAL STRESS — not a 2022 event
2022-05-31,T07,0.4,4952733.9744,4952733.9744,0.0,HYPOTHETICAL STRESS — not a 2022 event
2022-05-31,T08,0.4,0.0,0.0,0.0,HYPOTHETICAL STRESS — not a 2022 event
2022-05-31,T09,0.4,0.0,0.0,0.0,HYPOTHETICAL STRESS — not a 2022 event
2022-06-01,BOOK,0.4,225623039.6907,225623039.6907,0.0,HYPOTHETICAL STRESS — not a 2022 event
2022-06-01,T01,0.4,70856362.0866,70856362.0866,0.0,HYPOTHETICAL STRESS — not a 2022 event
2022-06-01,T02,0.4,49088756.4297,49088756.4297,0.0,HYPOTHETICAL STRESS — not a 2022 event
2022-06-01,T03,0.4,32115936.5713,32115936.5713,0.0,HYPOTHETICAL STRESS — not a 2022 event
2022-06-01,T04,0.4,9905262.5146,9905262.5146,0.0,HYPOTHETICAL STRESS — not a 2022 event
2022-06-01,T05,0.4,46000322.8405,46000322.8405,0.0,HYPOTHETICAL STRESS — not a 2022 event
2022-06-01,T06,0.4,13538197.038,13538197.038,0.0,HYPOTHETICAL STRESS — not a 2022 event
2022-06-01,T07,0.4,4118202.2101,4118202.2101,0.0,HYPOTHETICAL STRESS — not a 2022 event
2022-06-01,T08,0.4,0.0,0.0,0.0,HYPOTHETICAL STRESS — not a 2022 event
2022-06-01,T09,0.4,0.0,0.0,0.0,HYPOTHETICAL STRESS — not a 2022 event
2022-06-06,BOOK,0.4,230111172.0206,230111172.0206,0.0,HYPOTHETICAL STRESS — not a 2022 event
2022-06-06,T01,0.4,70856362.0866,70856362.0866,0.0,HYPOTHETICAL STRESS — not a 2022 event
2022-06-06,T02,0.4,49089686.7805,49089686.7805,0.0,HYPOTHETICAL STRESS — not a 2022 event
2022-06-06,T03,0.4,32115936.5713,32115936.5713,0.0,HYPOTHETICAL STRESS — not a 2022 event
2022-06-06,T04,0.4,9913953.5392,9913953.5392,0.0,HYPOTHETICAL STRESS — not a 2022 event
2022-06-06,T05,0.4,46509999.5325,46509999.5325,0.0,HYPOTHETICAL STRESS — not a 2022 event
2022-06-06,T06,0.4,13485243.2759,13485243.2759,0.0,HYPOTHETICAL STRESS — not a 2022 event
2022-06-06,T07,0.4,8139990.2346,8139990.2346,0.0,HYPOTHETICAL STRESS — not a 2022 event
2022-06-06,T08,0.4,0.0,0.0,0.0,HYPOTHETICAL STRESS — not a 2022 event
2022-06-06,T09,0.4,0.0,0.0,0.0,HYPOTHETICAL STRESS — not a 2022 event
2022-06-07,BOOK,0.4,229662944.0185,229662944.0185,0.0,HYPOTHETICAL STRESS — not a 2022 event
2022-06-07,T01,0.4,70856362.0866,70856362.0866,0.0,HYPOTHETICAL STRESS — not a 2022 event
2022-06-07,T02,0.4,49088372.9535,49088372.9535,0.0,HYPOTHETICAL STRESS — not a 2022 event
2022-06-07,T03,0.4,32115936.5713,32115936.5713,0.0,HYPOTHETICAL STRESS — not a 2022 event
2022-06-07,T04,0.4,9913953.5392,9913953.5392,0.0,HYPOTHETICAL STRESS — not a 2022 event
2022-06-07,T05,0.4,46670204.4601,46670204.4601,0.0,HYPOTHETICAL STRESS — not a 2022 event
2022-06-07,T06,0.4,13249062.155,13249062.155,0.0,HYPOTHETICAL STRESS — not a 2022 event
2022-06-07,T07,0.4,7769052.253,7769052.253,0.0,HYPOTHETICAL STRESS — not a 2022 event
2022-06-07,T08,0.4,0.0,0.0,0.0,HYPOTHETICAL STRESS — not a 2022 event
2022-06-07,T09,0.4,0.0,0.0,0.0,HYPOTHETICAL STRESS — not a 2022 event
2022-06-08,BOOK,0.4,235535036.7551,235535036.7551,0.0,HYPOTHETICAL STRESS — not a 2022 event
2022-06-08,T01,0.4,70856362.0866,70856362.0866,0.0,HYPOTHETICAL STRESS — not a 2022 event
2022-06-08,T02,0.4,49082392.454,49082392.454,0.0,HYPOTHETICAL STRESS — not a 2022 event
2022-06-08,T03,0.4,32115936.5713,32115936.5713,0.0,HYPOTHETICAL STRESS — not a 2022 event
2022-06-08,T04,0.4,9913953.5392,9913953.5392,0.0,HYPOTHETICAL STRESS — not a 2022 event
2022-06-08,T05,0.4,47557352.1401,47557352.1401,0.0,HYPOTHETICAL STRESS — not a 2022 event
2022-06-08,T06,0.4,13279433.786,13279433.786,0.0,HYPOTHETICAL STRESS — not a 2022 event
2022-06-08,T07,0.4,9477858.7689,9477858.7689,0.0,HYPOTHETICAL STRESS — not a 2022 event
2022-06-08,T08,0.4,3251747.4089,3251747.4089,0.0,HYPOTHETICAL STRESS — not a 2022 event
2022-06-08,T09,0.4,0.0,0.0,0.0,HYPOTHETICAL STRESS — not a 2022 event
2022-06-09,BOOK,0.4,236621014.1091,236621014.1091,0.0,HYPOTHETICAL STRESS — not a 2022 event
2022-06-09,T01,0.4,70856362.0866,70856362.0866,0.0,HYPOTHETICAL STRESS — not a 2022 event
2022-06-09,T02,0.4,49081633.4623,49081633.4623,0.0,HYPOTHETICAL STRESS — not a 2022 event
2022-06-09,T03,0.4,32115936.5713,32115936.5713,0.0,HYPOTHETICAL STRESS — not a 2022 event
2022-06-09,T04,0.4,9913953.5392,9913953.5392,0.0,HYPOTHETICAL STRESS — not a 2022 event
2022-06-09,T05,0.4,47523687.656,47523687.656,0.0,HYPOTHETICAL STRESS — not a 2022 event
2022-06-09,T06,0.4,13242077.508,13242077.508,0.0,HYPOTHETICAL STRESS — not a 2022 event
2022-06-09,T07,0.4,9962495.4664,9962495.4664,0.0,HYPOTHETICAL STRESS — not a 2022 event
2022-06-09,T08,0.4,3924867.8194,3924867.8194,0.0,HYPOTHETICAL STRESS — not a 2022 event
2022-06-09,T09,0.4,0.0,0.0,0.0,HYPOTHETICAL STRESS — not a 2022 event
2022-06-10,BOOK,0.4,231659421.3072,231659421.3072,0.0,HYPOTHETICAL STRESS — not a 2022 event
2022-06-10,T01,0.4,70856362.0866,70856362.0866,0.0,HYPOTHETICAL STRESS — not a 2022 event
2022-06-10,T02,0.4,49062325.7364,49062325.7364,0.0,HYPOTHETICAL STRESS — not a 2022 event
2022-06-10,T03,0.4,32115936.5713,32115936.5713,0.0,HYPOTHETICAL STRESS — not a 2022 event
2022-06-10,T04,0.4,9913953.5392,9913953.5392,0.0,HYPOTHETICAL STRESS — not a 2022 event
2022-06-10,T05,0.4,46326086.6431,46326086.6431,0.0,HYPOTHETICAL STRESS — not a 2022 event
2022-06-10,T06,0.4,13198345.8686,13198345.8686,0.0,HYPOTHETICAL STRESS — not a 2022 event
2022-06-10,T07,0.4,7390652.6005,7390652.6005,0.0,HYPOTHETICAL STRESS — not a 2022 event
2022-06-10,T08,0.4,2795758.2615,2795758.2615,0.0,HYPOTHETICAL STRESS — not a 2022 event
2022-06-10,T09,0.4,0.0,0.0,0.0,HYPOTHETICAL STRESS — not a 2022 event
2022-06-13,BOOK,0.4,230188909.6827,230188909.6827,0.0,HYPOTHETICAL STRESS — not a 2022 event
2022-06-13,T01,0.4,70856362.0866,70856362.0866,0.0,HYPOTHETICAL STRESS — not a 2022 event
2022-06-13,T02,0.4,49016618.1582,49016618.1582,0.0,HYPOTHETICAL STRESS — not a 2022 event
2022-06-13,T03,0.4,32115936.5713,32115936.5713,0.0,HYPOTHETICAL STRESS — not a 2022 event
2022-06-13,T04,0.4,9913953.5392,9913953.5392,0.0,HYPOTHETICAL STRESS — not a 2022 event
2022-06-13,T05,0.4,43293763.7565,43293763.7565,0.0,HYPOTHETICAL STRESS — not a 2022 event
2022-06-13,T06,0.4,13090696.7589,13090696.7589,0.0,HYPOTHETICAL STRESS — not a 2022 event
2022-06-13,T07,0.4,7437795.4574,7437795.4574,0.0,HYPOTHETICAL STRESS — not a 2022 event
2022-06-13,T08,0.4,4463783.3547,4463783.3547,0.0,HYPOTHETICAL STRESS — not a 2022 event
2022-06-13,T09,0.4,0.0,0.0,0.0,HYPOTHETICAL STRESS — not a 2022 event
2022-06-14,BOOK,0.4,232398200.9435,232398200.9435,0.0,HYPOTHETICAL STRESS — not a 2022 event
2022-06-14,T01,0.4,70856362.0866,70856362.0866,0.0,HYPOTHETICAL STRESS — not a 2022 event
2022-06-14,T02,0.4,49025286.5576,49025286.5576,0.0,HYPOTHETICAL STRESS — not a 2022 event
2022-06-14,T03,0.4,32115936.5713,32115936.5713,0.0,HYPOTHETICAL STRESS — not a 2022 event
2022-06-14,T04,0.4,9913953.5392,9913953.5392,0.0,HYPOTHETICAL STRESS — not a 2022 event
2022-06-14,T05,0.4,43070544.8124,43070544.8124,0.0,HYPOTHETICAL STRESS — not a 2022 event
2022-06-14,T06,0.4,13107320.7846,13107320.7846,0.0,HYPOTHETICAL STRESS — not a 2022 event
2022-06-14,T07,0.4,8839260.8607,8839260.8607,0.0,HYPOTHETICAL STRESS — not a 2022 event
2022-06-14,T08,0.4,5469535.7312,5469535.7312,0.0,HYPOTHETICAL STRESS — not a 2022 event
2022-06-14,T09,0.4,0.0,0.0,0.0,HYPOTHETICAL STRESS — not a 2022 event
2022-06-15,BOOK,0.4,231533495.0315,231533495.0315,0.0,HYPOTHETICAL STRESS — not a 2022 event
2022-06-15,T01,0.4,70856362.0866,70856362.0866,0.0,HYPOTHETICAL STRESS — not a 2022 event
2022-06-15,T02,0.4,48996798.3348,48996798.3348,0.0,HYPOTHETICAL STRESS — not a 2022 event
2022-06-15,T03,0.4,32115936.5713,32115936.5713,0.0,HYPOTHETICAL STRESS — not a 2022 event
2022-06-15,T04,0.4,9913953.5392,9913953.5392,0.0,HYPOTHETICAL STRESS — not a 2022 event
2022-06-15,T05,0.4,43158699.7356,43158699.7356,0.0,HYPOTHETICAL STRESS — not a 2022 event
2022-06-15,T06,0.4,13107320.7846,13107320.7846,0.0,HYPOTHETICAL STRESS — not a 2022 event
2022-06-15,T07,0.4,7965009.5527,7965009.5527,0.0,HYPOTHETICAL STRESS — not a 2022 event
2022-06-15,T08,0.4,5419414.4267,5419414.4267,0.0,HYPOTHETICAL STRESS — not a 2022 event
2022-06-15,T09,0.4,0.0,0.0,0.0,HYPOTHETICAL STRESS — not a 2022 event
2022-06-16,BOOK,0.4,227460615.4324,227460615.4324,0.0,HYPOTHETICAL STRESS — not a 2022 event
2022-06-16,T01,0.4,70856362.0866,70856362.0866,0.0,HYPOTHETICAL STRESS — not a 2022 event
2022-06-16,T02,0.4,49016339.1657,49016339.1657,0.0,HYPOTHETICAL STRESS — not a 2022 event
2022-06-16,T03,0.4,32115936.5713,32115936.5713,0.0,HYPOTHETICAL STRESS — not a 2022 event
2022-06-16,T04,0.4,9913953.5392,9913953.5392,0.0,HYPOTHETICAL STRESS — not a 2022 event
2022-06-16,T05,0.4,38281598.833,38281598.833,0.0,HYPOTHETICAL STRESS — not a 2022 event
2022-06-16,T06,0.4,13107320.7846,13107320.7846,0.0,HYPOTHETICAL STRESS — not a 2022 event
2022-06-16,T07,0.4,8013731.8508,8013731.8508,0.0,HYPOTHETICAL STRESS — not a 2022 event
2022-06-16,T08,0.4,6155372.6012,6155372.6012,0.0,HYPOTHETICAL STRESS — not a 2022 event
2022-06-16,T09,0.4,0.0,0.0,0.0,HYPOTHETICAL STRESS — not a 2022 event
2022-06-17,BOOK,0.4,229460589.3258,229460589.3258,0.0,HYPOTHETICAL STRESS — not a 2022 event
2022-06-17,T01,0.4,70856362.0866,70856362.0866,0.0,HYPOTHETICAL STRESS — not a 2022 event
2022-06-17,T02,0.4,49017416.5558,49017416.5558,0.0,HYPOTHETICAL STRESS — not a 2022 event
2022-06-17,T03,0.4,32115936.5713,32115936.5713,0.0,HYPOTHETICAL STRESS — not a 2022 event
2022-06-17,T04,0.4,9913953.5392,9913953.5392,0.0,HYPOTHETICAL STRESS — not a 2022 event
2022-06-17,T05,0.4,39795961.0839,39795961.0839,0.0,HYPOTHETICAL STRESS — not a 2022 event
2022-06-17,T06,0.4,13107320.7846,13107320.7846,0.0,HYPOTHETICAL STRESS — not a 2022 event
2022-06-17,T07,0.4,8135861.2868,8135861.2868,0.0,HYPOTHETICAL STRESS — not a 2022 event
2022-06-17,T08,0.4,6517777.4176,6517777.4176,0.0,HYPOTHETICAL STRESS — not a 2022 event
2022-06-17,T09,0.4,0.0,0.0,0.0,HYPOTHETICAL STRESS — not a 2022 event
2022-06-20,BOOK,0.4,229035701.7489,229035701.7489,0.0,HYPOTHETICAL STRESS — not a 2022 event
2022-06-20,T01,0.4,70856362.0866,70856362.0866,0.0,HYPOTHETICAL STRESS — not a 2022 event
2022-06-20,T02,0.4,49052345.323,49052345.323,0.0,HYPOTHETICAL STRESS — not a 2022 event
2022-06-20,T03,0.4,32115936.5713,32115936.5713,0.0,HYPOTHETICAL STRESS — not a 2022 event
2022-06-20,T04,0.4,9913953.5392,9913953.5392,0.0,HYPOTHETICAL STRESS — not a 2022 event
2022-06-20,T05,0.4,40495866.7771,40495866.7771,0.0,HYPOTHETICAL STRESS — not a 2022 event
2022-06-20,T06,0.4,13107320.7846,13107320.7846,0.0,HYPOTHETICAL STRESS — not a 2022 event
2022-06-20,T07,0.4,7240554.7255,7240554.7255,0.0,HYPOTHETICAL STRESS — not a 2022 event
2022-06-20,T08,0.4,6253361.9416,6253361.9416,0.0,HYPOTHETICAL STRESS — not a 2022 event
2022-06-20,T09,0.4,0.0,0.0,0.0,HYPOTHETICAL STRESS — not a 2022 event
2022-06-21,BOOK,0.4,225896901.6367,225896901.6367,0.0,HYPOTHETICAL STRESS — not a 2022 event
2022-06-21,T01,0.4,70856362.0866,70856362.0866,0.0,HYPOTHETICAL STRESS — not a 2022 event
2022-06-21,T02,0.4,49012993.4399,49012993.4399,0.0,HYPOTHETICAL STRESS — not a 2022 event
2022-06-21,T03,0.4,32115936.5713,32115936.5713,0.0,HYPOTHETICAL STRESS — not a 2022 event
2022-06-21,T04,0.4,9913953.5392,9913953.5392,0.0,HYPOTHETICAL STRESS — not a 2022 event
2022-06-21,T05,0.4,37651893.5295,37651893.5295,0.0,HYPOTHETICAL STRESS — not a 2022 event
2022-06-21,T06,0.4,13107320.7846,13107320.7846,0.0,HYPOTHETICAL STRESS — not a 2022 event
2022-06-21,T07,0.4,7225200.7136,7225200.7136,0.0,HYPOTHETICAL STRESS — not a 2022 event
2022-06-21,T08,0.4,6013240.972,6013240.972,0.0,HYPOTHETICAL STRESS — not a 2022 event
2022-06-21,T09,0.4,0.0,0.0,0.0,HYPOTHETICAL STRESS — not a 2022 event
2022-06-22,BOOK,0.4,227987099.3134,227987099.3134,0.0,HYPOTHETICAL STRESS — not a 2022 event
2022-06-22,T01,0.4,70856362.0866,70856362.0866,0.0,HYPOTHETICAL STRESS — not a 2022 event
2022-06-22,T02,0.4,48962694.4188,48962694.4188,0.0,HYPOTHETICAL STRESS — not a 2022 event
2022-06-22,T03,0.4,32115936.5713,32115936.5713,0.0,HYPOTHETICAL STRESS — not a 2022 event
2022-06-22,T04,0.4,9913953.5392,9913953.5392,0.0,HYPOTHETICAL STRESS — not a 2022 event
2022-06-22,T05,0.4,40314073.2626,40314073.2626,0.0,HYPOTHETICAL STRESS — not a 2022 event
2022-06-22,T06,0.4,13107320.7846,13107320.7846,0.0,HYPOTHETICAL STRESS — not a 2022 event
2022-06-22,T07,0.4,6668430.7817,6668430.7817,0.0,HYPOTHETICAL STRESS — not a 2022 event
2022-06-22,T08,0.4,6048327.8685,6048327.8685,0.0,HYPOTHETICAL STRESS — not a 2022 event
2022-06-22,T09,0.4,0.0,0.0,0.0,HYPOTHETICAL STRESS — not a 2022 event
2022-06-23,BOOK,0.4,227688526.6543,227688526.6543,0.0,HYPOTHETICAL STRESS — not a 2022 event
2022-06-23,T01,0.4,70856362.0866,70856362.0866,0.0,HYPOTHETICAL STRESS — not a 2022 event
2022-06-23,T02,0.4,48974410.9461,48974410.9461,0.0,HYPOTHETICAL STRESS — not a 2022 event
2022-06-23,T03,0.4,32115936.5713,32115936.5713,0.0,HYPOTHETICAL STRESS — not a 2022 event
2022-06-23,T04,0.4,9913953.5392,9913953.5392,0.0,HYPOTHETICAL STRESS — not a 2022 event
2022-06-23,T05,0.4,39447602.3716,39447602.3716,0.0,HYPOTHETICAL STRESS — not a 2022 event
2022-06-23,T06,0.4,13107320.7846,13107320.7846,0.0,HYPOTHETICAL STRESS — not a 2022 event
2022-06-23,T07,0.4,7144466.296,7144466.296,0.0,HYPOTHETICAL STRESS — not a 2022 event
2022-06-23,T08,0.4,6128474.0589,6128474.0589,0.0,HYPOTHETICAL STRESS — not a 2022 event
2022-06-23,T09,0.4,0.0,0.0,0.0,HYPOTHETICAL STRESS — not a 2022 event
2022-06-24,BOOK,0.4,228525421.4398,228525421.4398,0.0,HYPOTHETICAL STRESS — not a 2022 event
2022-06-24,T01,0.4,70856362.0866,70856362.0866,0.0,HYPOTHETICAL STRESS — not a 2022 event
2022-06-24,T02,0.4,48975047.7304,48975047.7304,0.0,HYPOTHETICAL STRESS — not a 2022 event
2022-06-24,T03,0.4,32115936.5713,32115936.5713,0.0,HYPOTHETICAL STRESS — not a 2022 event
2022-06-24,T04,0.4,9913953.5392,9913953.5392,0.0,HYPOTHETICAL STRESS — not a 2022 event
2022-06-24,T05,0.4,40751627.342,40751627.342,0.0,HYPOTHETICAL STRESS — not a 2022 event
2022-06-24,T06,0.4,13107320.7846,13107320.7846,0.0,HYPOTHETICAL STRESS — not a 2022 event
2022-06-24,T07,0.4,6605253.6907,6605253.6907,0.0,HYPOTHETICAL STRESS — not a 2022 event
2022-06-24,T08,0.4,6199919.6951,6199919.6951,0.0,HYPOTHETICAL STRESS — not a 2022 event
2022-06-24,T09,0.4,0.0,0.0,0.0,HYPOTHETICAL STRESS — not a 2022 event
2022-06-27,BOOK,0.4,232157023.8596,232157023.8596,0.0,HYPOTHETICAL STRESS — not a 2022 event
2022-06-27,T01,0.4,70856362.0866,70856362.0866,0.0,HYPOTHETICAL STRESS — not a 2022 event
2022-06-27,T02,0.4,48942655.8104,48942655.8104,0.0,HYPOTHETICAL STRESS — not a 2022 event
2022-06-27,T03,0.4,32115936.5713,32115936.5713,0.0,HYPOTHETICAL STRESS — not a 2022 event
2022-06-27,T04,0.4,9913953.5392,9913953.5392,0.0,HYPOTHETICAL STRESS — not a 2022 event
2022-06-27,T05,0.4,40365296.8779,40365296.8779,0.0,HYPOTHETICAL STRESS — not a 2022 event
2022-06-27,T06,0.4,13107320.7846,13107320.7846,0.0,HYPOTHETICAL STRESS — not a 2022 event
2022-06-27,T07,0.4,8911712.1292,8911712.1292,0.0,HYPOTHETICAL STRESS — not a 2022 event
2022-06-27,T08,0.4,7943786.0605,7943786.0605,0.0,HYPOTHETICAL STRESS — not a 2022 event
2022-06-27,T09,0.4,0.0,0.0,0.0,HYPOTHETICAL STRESS — not a 2022 event
2022-06-28,BOOK,0.4,232084146.0203,232084146.0203,0.0,HYPOTHETICAL STRESS — not a 2022 event
2022-06-28,T01,0.4,70856362.0866,70856362.0866,0.0,HYPOTHETICAL STRESS — not a 2022 event
2022-06-28,T02,0.4,48807781.5438,48807781.5438,0.0,HYPOTHETICAL STRESS — not a 2022 event
2022-06-28,T03,0.4,32115936.5713,32115936.5713,0.0,HYPOTHETICAL STRESS — not a 2022 event
2022-06-28,T04,0.4,9913953.5392,9913953.5392,0.0,HYPOTHETICAL STRESS — not a 2022 event
2022-06-28,T05,0.4,39571589.6576,39571589.6576,0.0,HYPOTHETICAL STRESS — not a 2022 event
2022-06-28,T06,0.4,13107320.7846,13107320.7846,0.0,HYPOTHETICAL STRESS — not a 2022 event
2022-06-28,T07,0.4,9253534.0803,9253534.0803,0.0,HYPOTHETICAL STRESS — not a 2022 event
2022-06-28,T08,0.4,8457667.7569,8457667.7569,0.0,HYPOTHETICAL STRESS — not a 2022 event
2022-06-28,T09,0.4,0.0,0.0,0.0,HYPOTHETICAL STRESS — not a 2022 event
2022-06-29,BOOK,0.4,231495572.303,231495572.303,0.0,HYPOTHETICAL STRESS — not a 2022 event
2022-06-29,T01,0.4,70856362.0866,70856362.0866,0.0,HYPOTHETICAL STRESS — not a 2022 event
2022-06-29,T02,0.4,48815346.4843,48815346.4843,0.0,HYPOTHETICAL STRESS — not a 2022 event
2022-06-29,T03,0.4,32115936.5713,32115936.5713,0.0,HYPOTHETICAL STRESS — not a 2022 event
2022-06-29,T04,0.4,9913953.5392,9913953.5392,0.0,HYPOTHETICAL STRESS — not a 2022 event
2022-06-29,T05,0.4,40140146.7031,40140146.7031,0.0,HYPOTHETICAL STRESS — not a 2022 event
2022-06-29,T06,0.4,13107320.7846,13107320.7846,0.0,HYPOTHETICAL STRESS — not a 2022 event
2022-06-29,T07,0.4,8393109.3752,8393109.3752,0.0,HYPOTHETICAL STRESS — not a 2022 event
2022-06-29,T08,0.4,8153396.7587,8153396.7587,0.0,HYPOTHETICAL STRESS — not a 2022 event
2022-06-29,T09,0.4,0.0,0.0,0.0,HYPOTHETICAL STRESS — not a 2022 event
2022-06-30,BOOK,0.4,233631629.5125,233631629.5125,0.0,HYPOTHETICAL STRESS — not a 2022 event
2022-06-30,T01,0.4,70856362.0866,70856362.0866,0.0,HYPOTHETICAL STRESS — not a 2022 event
2022-06-30,T02,0.4,48791721.5656,48791721.5656,0.0,HYPOTHETICAL STRESS — not a 2022 event
2022-06-30,T03,0.4,32115936.5713,32115936.5713,0.0,HYPOTHETICAL STRESS — not a 2022 event
2022-06-30,T04,0.4,9913953.5392,9913953.5392,0.0,HYPOTHETICAL STRESS — not a 2022 event
2022-06-30,T05,0.4,41545120.6854,41545120.6854,0.0,HYPOTHETICAL STRESS — not a 2022 event
2022-06-30,T06,0.4,13107320.7846,13107320.7846,0.0,HYPOTHETICAL STRESS — not a 2022 event
2022-06-30,T07,0.4,8336123.1815,8336123.1815,0.0,HYPOTHETICAL STRESS — not a 2022 event
2022-06-30,T08,0.4,8965091.0984,8965091.0984,0.0,HYPOTHETICAL STRESS — not a 2022 event
2022-06-30,T09,0.4,0.0,0.0,0.0,HYPOTHETICAL STRESS — not a 2022 event
2022-07-01,BOOK,0.4,232461913.739,232461913.739,0.0,HYPOTHETICAL STRESS — not a 2022 event
2022-07-01,T01,0.4,70856362.0866,70856362.0866,0.0,HYPOTHETICAL STRESS — not a 2022 event
2022-07-01,T02,0.4,48802862.8743,48802862.8743,0.0,HYPOTHETICAL STRESS — not a 2022 event
2022-07-01,T03,0.4,32115936.5713,32115936.5713,0.0,HYPOTHETICAL STRESS — not a 2022 event
2022-07-01,T04,0.4,9913953.5392,9913953.5392,0.0,HYPOTHETICAL STRESS — not a 2022 event
2022-07-01,T05,0.4,42113185.1624,42113185.1624,0.0,HYPOTHETICAL STRESS — not a 2022 event
2022-07-01,T06,0.4,13107320.7846,13107320.7846,0.0,HYPOTHETICAL STRESS — not a 2022 event
2022-07-01,T07,0.4,7290620.6502,7290620.6502,0.0,HYPOTHETICAL STRESS — not a 2022 event
2022-07-01,T08,0.4,8261672.0704,8261672.0704,0.0,HYPOTHETICAL STRESS — not a 2022 event
2022-07-01,T09,0.4,0.0,0.0,0.0,HYPOTHETICAL STRESS — not a 2022 event
2022-07-04,BOOK,0.4,232131846.0847,232131846.0847,0.0,HYPOTHETICAL STRESS — not a 2022 event
2022-07-04,T01,0.4,70856362.0866,70856362.0866,0.0,HYPOTHETICAL STRESS — not a 2022 event
2022-07-04,T02,0.4,48834719.2453,48834719.2453,0.0,HYPOTHETICAL STRESS — not a 2022 event
2022-07-04,T03,0.4,32115936.5713,32115936.5713,0.0,HYPOTHETICAL STRESS — not a 2022 event
2022-07-04,T04,0.4,9913953.5392,9913953.5392,0.0,HYPOTHETICAL STRESS — not a 2022 event
2022-07-04,T05,0.4,39131551.7368,39131551.7368,0.0,HYPOTHETICAL STRESS — not a 2022 event
2022-07-04,T06,0.4,13107320.7846,13107320.7846,0.0,HYPOTHETICAL STRESS — not a 2022 event
2022-07-04,T07,0.4,9073369.6921,9073369.6921,0.0,HYPOTHETICAL STRESS — not a 2022 event
2022-07-04,T08,0.4,9098632.4288,9098632.4288,0.0,HYPOTHETICAL STRESS — not a 2022 event
2022-07-04,T09,0.4,0.0,0.0,0.0,HYPOTHETICAL STRESS — not a 2022 event
2022-07-05,BOOK,0.4,227006066.2954,227006066.2954,0.0,HYPOTHETICAL STRESS — not a 2022 event
2022-07-05,T01,0.4,70856362.0866,70856362.0866,0.0,HYPOTHETICAL STRESS — not a 2022 event
2022-07-05,T02,0.4,48830976.5219,48830976.5219,0.0,HYPOTHETICAL STRESS — not a 2022 event
2022-07-05,T03,0.4,32115936.5713,32115936.5713,0.0,HYPOTHETICAL STRESS — not a 2022 event
2022-07-05,T04,0.4,9913953.5392,9913953.5392,0.0,HYPOTHETICAL STRESS — not a 2022 event
2022-07-05,T05,0.4,35480937.9436,35480937.9436,0.0,HYPOTHETICAL STRESS — not a 2022 event
2022-07-05,T06,0.4,13107320.7846,13107320.7846,0.0,HYPOTHETICAL STRESS — not a 2022 event
2022-07-05,T07,0.4,7506823.6164,7506823.6164,0.0,HYPOTHETICAL STRESS — not a 2022 event
2022-07-05,T08,0.4,9193755.2319,9193755.2319,0.0,HYPOTHETICAL STRESS — not a 2022 event
2022-07-05,T09,0.4,0.0,0.0,0.0,HYPOTHETICAL STRESS — not a 2022 event
2022-07-06,BOOK,0.4,226265904.9852,226265904.9852,0.0,HYPOTHETICAL STRESS — not a 2022 event
2022-07-06,T01,0.4,70856362.0866,70856362.0866,0.0,HYPOTHETICAL STRESS — not a 2022 event
2022-07-06,T02,0.4,48833056.7881,48833056.7881,0.0,HYPOTHETICAL STRESS — not a 2022 event
2022-07-06,T03,0.4,32115936.5713,32115936.5713,0.0,HYPOTHETICAL STRESS — not a 2022 event
2022-07-06,T04,0.4,9913953.5392,9913953.5392,0.0,HYPOTHETICAL STRESS — not a 2022 event
2022-07-06,T05,0.4,34027339.5883,34027339.5883,0.0,HYPOTHETICAL STRESS — not a 2022 event
2022-07-06,T06,0.4,13107320.7846,13107320.7846,0.0,HYPOTHETICAL STRESS — not a 2022 event
2022-07-06,T07,0.4,8318837.24,8318837.24,0.0,HYPOTHETICAL STRESS — not a 2022 event
2022-07-06,T08,0.4,9093098.3872,9093098.3872,0.0,HYPOTHETICAL STRESS — not a 2022 event
2022-07-06,T09,0.4,0.0,0.0,0.0,HYPOTHETICAL STRESS — not a 2022 event
2022-07-07,BOOK,0.4,230602969.4814,230602969.4814,0.0,HYPOTHETICAL STRESS — not a 2022 event
2022-07-07,T01,0.4,70856362.0866,70856362.0866,0.0,HYPOTHETICAL STRESS — not a 2022 event
2022-07-07,T02,0.4,48832758.4721,48832758.4721,0.0,HYPOTHETICAL STRESS — not a 2022 event
2022-07-07,T03,0.4,32115936.5713,32115936.5713,0.0,HYPOTHETICAL STRESS — not a 2022 event
2022-07-07,T04,0.4,9913953.5392,9913953.5392,0.0,HYPOTHETICAL STRESS — not a 2022 event
2022-07-07,T05,0.4,36526179.4714,36526179.4714,0.0,HYPOTHETICAL STRESS — not a 2022 event
2022-07-07,T06,0.4,13107320.7846,13107320.7846,0.0,HYPOTHETICAL STRESS — not a 2022 event
2022-07-07,T07,0.4,8968194.9206,8968194.9206,0.0,HYPOTHETICAL STRESS — not a 2022 event
2022-07-07,T08,0.4,10282263.6356,10282263.6356,0.0,HYPOTHETICAL STRESS — not a 2022 event
2022-07-07,T09,0.4,0.0,0.0,0.0,HYPOTHETICAL STRESS — not a 2022 event
2022-07-08,BOOK,0.4,229335085.2004,229335085.2004,0.0,HYPOTHETICAL STRESS — not a 2022 event
2022-07-08,T01,0.4,70856362.0866,70856362.0866,0.0,HYPOTHETICAL STRESS — not a 2022 event
2022-07-08,T02,0.4,48832303.7947,48832303.7947,0.0,HYPOTHETICAL STRESS — not a 2022 event
2022-07-08,T03,0.4,32115936.5713,32115936.5713,0.0,HYPOTHETICAL STRESS — not a 2022 event
2022-07-08,T04,0.4,9913953.5392,9913953.5392,0.0,HYPOTHETICAL STRESS — not a 2022 event
2022-07-08,T05,0.4,36179390.9899,36179390.9899,0.0,HYPOTHETICAL STRESS — not a 2022 event
2022-07-08,T06,0.4,13107320.7846,13107320.7846,0.0,HYPOTHETICAL STRESS — not a 2022 event
2022-07-08,T07,0.4,8500519.6567,8500519.6567,0.0,HYPOTHETICAL STRESS — not a 2022 event
2022-07-08,T08,0.4,9829297.7774,9829297.7774,0.0,HYPOTHETICAL STRESS — not a 2022 event
2022-07-08,T09,0.4,0.0,0.0,0.0,HYPOTHETICAL STRESS — not a 2022 event
2022-07-11,BOOK,0.4,229685440.0023,229685440.0023,0.0,HYPOTHETICAL STRESS — not a 2022 event
2022-07-11,T01,0.4,70856362.0866,70856362.0866,0.0,HYPOTHETICAL STRESS — not a 2022 event
2022-07-11,T02,0.4,48830570.221,48830570.221,0.0,HYPOTHETICAL STRESS — not a 2022 event
2022-07-11,T03,0.4,32115936.5713,32115936.5713,0.0,HYPOTHETICAL STRESS — not a 2022 event
2022-07-11,T04,0.4,9913953.5392,9913953.5392,0.0,HYPOTHETICAL STRESS — not a 2022 event
2022-07-11,T05,0.4,36156761.8892,36156761.8892,0.0,HYPOTHETICAL STRESS — not a 2022 event
2022-07-11,T06,0.4,13107320.7846,13107320.7846,0.0,HYPOTHETICAL STRESS — not a 2022 event
2022-07-11,T07,0.4,8193532.2585,8193532.2585,0.0,HYPOTHETICAL STRESS — not a 2022 event
2022-07-11,T08,0.4,10511002.6519,10511002.6519,0.0,HYPOTHETICAL STRESS — not a 2022 event
2022-07-11,T09,0.4,0.0,0.0,0.0,HYPOTHETICAL STRESS — not a 2022 event
2022-07-12,BOOK,0.4,228386401.893,228386401.893,0.0,HYPOTHETICAL STRESS — not a 2022 event
2022-07-12,T01,0.4,70856362.0866,70856362.0866,0.0,HYPOTHETICAL STRESS — not a 2022 event
2022-07-12,T02,0.4,48829806.2633,48829806.2633,0.0,HYPOTHETICAL STRESS — not a 2022 event
2022-07-12,T03,0.4,32115936.5713,32115936.5713,0.0,HYPOTHETICAL STRESS — not a 2022 event
2022-07-12,T04,0.4,9913953.5392,9913953.5392,0.0,HYPOTHETICAL STRESS — not a 2022 event
2022-07-12,T05,0.4,36147640.765,36147640.765,0.0,HYPOTHETICAL STRESS — not a 2022 event
2022-07-12,T06,0.4,13107320.7846,13107320.7846,0.0,HYPOTHETICAL STRESS — not a 2022 event
2022-07-12,T07,0.4,8124460.3319,8124460.3319,0.0,HYPOTHETICAL STRESS — not a 2022 event
2022-07-12,T08,0.4,9290921.5512,9290921.5512,0.0,HYPOTHETICAL STRESS — not a 2022 event
2022-07-12,T09,0.4,0.0,0.0,0.0,HYPOTHETICAL STRESS — not a 2022 event
2022-07-13,BOOK,0.4,227738839.2524,227738839.2524,0.0,HYPOTHETICAL STRESS — not a 2022 event
2022-07-13,T01,0.4,70856362.0866,70856362.0866,0.0,HYPOTHETICAL STRESS — not a 2022 event
2022-07-13,T02,0.4,48829806.2633,48829806.2633,0.0,HYPOTHETICAL STRESS — not a 2022 event
2022-07-13,T03,0.4,32115936.5713,32115936.5713,0.0,HYPOTHETICAL STRESS — not a 2022 event
2022-07-13,T04,0.4,9913953.5392,9913953.5392,0.0,HYPOTHETICAL STRESS — not a 2022 event
2022-07-13,T05,0.4,36145202.4186,36145202.4186,0.0,HYPOTHETICAL STRESS — not a 2022 event
2022-07-13,T06,0.4,13107320.7846,13107320.7846,0.0,HYPOTHETICAL STRESS — not a 2022 event
2022-07-13,T07,0.4,7970434.1882,7970434.1882,0.0,HYPOTHETICAL STRESS — not a 2022 event
2022-07-13,T08,0.4,8799823.4006,8799823.4006,0.0,HYPOTHETICAL STRESS — not a 2022 event
2022-07-13,T09,0.4,0.0,0.0,0.0,HYPOTHETICAL STRESS — not a 2022 event
2022-07-14,BOOK,0.4,228236411.938,228236411.938,0.0,HYPOTHETICAL STRESS — not a 2022 event
2022-07-14,T01,0.4,70856362.0866,70856362.0866,0.0,HYPOTHETICAL STRESS — not a 2022 event
2022-07-14,T02,0.4,48829806.2633,48829806.2633,0.0,HYPOTHETICAL STRESS — not a 2022 event
2022-07-14,T03,0.4,32115936.5713,32115936.5713,0.0,HYPOTHETICAL STRESS — not a 2022 event
2022-07-14,T04,0.4,9913953.5392,9913953.5392,0.0,HYPOTHETICAL STRESS — not a 2022 event
2022-07-14,T05,0.4,36101449.0142,36101449.0142,0.0,HYPOTHETICAL STRESS — not a 2022 event
2022-07-14,T06,0.4,13107320.7846,13107320.7846,0.0,HYPOTHETICAL STRESS — not a 2022 event
2022-07-14,T07,0.4,7872933.475,7872933.475,0.0,HYPOTHETICAL STRESS — not a 2022 event
2022-07-14,T08,0.4,9438650.2038,9438650.2038,0.0,HYPOTHETICAL STRESS — not a 2022 event
2022-07-14,T09,0.4,0.0,0.0,0.0,HYPOTHETICAL STRESS — not a 2022 event
2022-07-15,BOOK,0.4,228081738.5796,228081738.5796,0.0,HYPOTHETICAL STRESS — not a 2022 event
2022-07-15,T01,0.4,70856362.0866,70856362.0866,0.0,HYPOTHETICAL STRESS — not a 2022 event
2022-07-15,T02,0.4,48829806.2633,48829806.2633,0.0,HYPOTHETICAL STRESS — not a 2022 event
2022-07-15,T03,0.4,32115936.5713,32115936.5713,0.0,HYPOTHETICAL STRESS — not a 2022 event
2022-07-15,T04,0.4,9913953.5392,9913953.5392,0.0,HYPOTHETICAL STRESS — not a 2022 event
2022-07-15,T05,0.4,36121264.7317,36121264.7317,0.0,HYPOTHETICAL STRESS — not a 2022 event
2022-07-15,T06,0.4,13107320.7846,13107320.7846,0.0,HYPOTHETICAL STRESS — not a 2022 event
2022-07-15,T07,0.4,8352666.7176,8352666.7176,0.0,HYPOTHETICAL STRESS — not a 2022 event
2022-07-15,T08,0.4,8784427.8852,8784427.8852,0.0,HYPOTHETICAL STRESS — not a 2022 event
2022-07-15,T09,0.4,0.0,0.0,0.0,HYPOTHETICAL STRESS — not a 2022 event
2022-07-18,BOOK,0.4,222423583.9131,222423583.9131,0.0,HYPOTHETICAL STRESS — not a 2022 event
2022-07-18,T01,0.4,70856362.0866,70856362.0866,0.0,HYPOTHETICAL STRESS — not a 2022 event
2022-07-18,T02,0.4,48829806.2633,48829806.2633,0.0,HYPOTHETICAL STRESS — not a 2022 event
2022-07-18,T03,0.4,32115936.5713,32115936.5713,0.0,HYPOTHETICAL STRESS — not a 2022 event
2022-07-18,T04,0.4,9913953.5392,9913953.5392,0.0,HYPOTHETICAL STRESS — not a 2022 event
2022-07-18,T05,0.4,36108985.1469,36108985.1469,0.0,HYPOTHETICAL STRESS — not a 2022 event
2022-07-18,T06,0.4,13107320.7846,13107320.7846,0.0,HYPOTHETICAL STRESS — not a 2022 event
2022-07-18,T07,0.4,7063196.6233,7063196.6233,0.0,HYPOTHETICAL STRESS — not a 2022 event
2022-07-18,T08,0.4,4428022.8978,4428022.8978,0.0,HYPOTHETICAL STRESS — not a 2022 event
2022-07-18,T09,0.4,0.0,0.0,0.0,HYPOTHETICAL STRESS — not a 2022 event
2022-07-19,BOOK,0.4,219670205.5068,219670205.5068,0.0,HYPOTHETICAL STRESS — not a 2022 event
2022-07-19,T01,0.4,70856362.0866,70856362.0866,0.0,HYPOTHETICAL STRESS — not a 2022 event
2022-07-19,T02,0.4,48829806.2633,48829806.2633,0.0,HYPOTHETICAL STRESS — not a 2022 event
2022-07-19,T03,0.4,32115936.5713,32115936.5713,0.0,HYPOTHETICAL STRESS — not a 2022 event
2022-07-19,T04,0.4,9913953.5392,9913953.5392,0.0,HYPOTHETICAL STRESS — not a 2022 event
2022-07-19,T05,0.4,36108985.1469,36108985.1469,0.0,HYPOTHETICAL STRESS — not a 2022 event
2022-07-19,T06,0.4,13107320.7846,13107320.7846,0.0,HYPOTHETICAL STRESS — not a 2022 event
2022-07-19,T07,0.4,6868533.3466,6868533.3466,0.0,HYPOTHETICAL STRESS — not a 2022 event
2022-07-19,T08,0.4,1869307.7683,1869307.7683,0.0,HYPOTHETICAL STRESS — not a 2022 event
2022-07-19,T09,0.4,0.0,0.0,0.0,HYPOTHETICAL STRESS — not a 2022 event
2022-07-20,BOOK,0.4,213289318.2245,213289318.2245,0.0,HYPOTHETICAL STRESS — not a 2022 event
2022-07-20,T01,0.4,70856362.0866,70856362.0866,0.0,HYPOTHETICAL STRESS — not a 2022 event
2022-07-20,T02,0.4,48829806.2633,48829806.2633,0.0,HYPOTHETICAL STRESS — not a 2022 event
2022-07-20,T03,0.4,32115936.5713,32115936.5713,0.0,HYPOTHETICAL STRESS — not a 2022 event
2022-07-20,T04,0.4,9913953.5392,9913953.5392,0.0,HYPOTHETICAL STRESS — not a 2022 event
2022-07-20,T05,0.4,36108985.1469,36108985.1469,0.0,HYPOTHETICAL STRESS — not a 2022 event
2022-07-20,T06,0.4,13107320.7846,13107320.7846,0.0,HYPOTHETICAL STRESS — not a 2022 event
2022-07-20,T07,0.4,4365880.4052,4365880.4052,0.0,HYPOTHETICAL STRESS — not a 2022 event
2022-07-20,T08,0.4,-2008926.5726,-2008926.5726,0.0,HYPOTHETICAL STRESS — not a 2022 event
2022-07-20,T09,0.4,0.0,0.0,0.0,HYPOTHETICAL STRESS — not a 2022 event
2022-07-21,BOOK,0.4,213876412.7443,213876412.7443,0.0,HYPOTHETICAL STRESS — not a 2022 event
2022-07-21,T01,0.4,70856362.0866,70856362.0866,0.0,HYPOTHETICAL STRESS — not a 2022 event
2022-07-21,T02,0.4,48829806.2633,48829806.2633,0.0,HYPOTHETICAL STRESS — not a 2022 event
2022-07-21,T03,0.4,32115936.5713,32115936.5713,0.0,HYPOTHETICAL STRESS — not a 2022 event
2022-07-21,T04,0.4,9913953.5392,9913953.5392,0.0,HYPOTHETICAL STRESS — not a 2022 event
2022-07-21,T05,0.4,36108985.1469,36108985.1469,0.0,HYPOTHETICAL STRESS — not a 2022 event
2022-07-21,T06,0.4,13107320.7846,13107320.7846,0.0,HYPOTHETICAL STRESS — not a 2022 event
2022-07-21,T07,0.4,4022552.1012,4022552.1012,0.0,HYPOTHETICAL STRESS — not a 2022 event
2022-07-21,T08,0.4,-1078503.7488,-1078503.7488,0.0,HYPOTHETICAL STRESS — not a 2022 event
2022-07-21,T09,0.4,0.0,0.0,0.0,HYPOTHETICAL STRESS — not a 2022 event
2022-07-22,BOOK,0.4,211931491.8623,211931491.8623,0.0,HYPOTHETICAL STRESS — not a 2022 event
2022-07-22,T01,0.4,70856362.0866,70856362.0866,0.0,HYPOTHETICAL STRESS — not a 2022 event
2022-07-22,T02,0.4,48829806.2633,48829806.2633,0.0,HYPOTHETICAL STRESS — not a 2022 event
2022-07-22,T03,0.4,32115936.5713,32115936.5713,0.0,HYPOTHETICAL STRESS — not a 2022 event
2022-07-22,T04,0.4,9913953.5392,9913953.5392,0.0,HYPOTHETICAL STRESS — not a 2022 event
2022-07-22,T05,0.4,36108985.1469,36108985.1469,0.0,HYPOTHETICAL STRESS — not a 2022 event
2022-07-22,T06,0.4,13107320.7846,13107320.7846,0.0,HYPOTHETICAL STRESS — not a 2022 event
2022-07-22,T07,0.4,3637695.9567,3637695.9567,0.0,HYPOTHETICAL STRESS — not a 2022 event
2022-07-22,T08,0.4,-2638568.4864,-2638568.4864,0.0,HYPOTHETICAL STRESS — not a 2022 event
2022-07-22,T09,0.4,0.0,0.0,0.0,HYPOTHETICAL STRESS — not a 2022 event
2022-07-25,BOOK,0.4,208304012.7695,208304012.7695,0.0,HYPOTHETICAL STRESS — not a 2022 event
2022-07-25,T01,0.4,70856362.0866,70856362.0866,0.0,HYPOTHETICAL STRESS — not a 2022 event
2022-07-25,T02,0.4,48829806.2633,48829806.2633,0.0,HYPOTHETICAL STRESS — not a 2022 event
2022-07-25,T03,0.4,32115936.5713,32115936.5713,0.0,HYPOTHETICAL STRESS — not a 2022 event
2022-07-25,T04,0.4,9913953.5392,9913953.5392,0.0,HYPOTHETICAL STRESS — not a 2022 event
2022-07-25,T05,0.4,36108985.1469,36108985.1469,0.0,HYPOTHETICAL STRESS — not a 2022 event
2022-07-25,T06,0.4,13107320.7846,13107320.7846,0.0,HYPOTHETICAL STRESS — not a 2022 event
2022-07-25,T07,0.4,1266645.405,1266645.405,0.0,HYPOTHETICAL STRESS — not a 2022 event
2022-07-25,T08,0.4,-3894997.0274,-3894997.0274,0.0,HYPOTHETICAL STRESS — not a 2022 event
2022-07-25,T09,0.4,0.0,0.0,0.0,HYPOTHETICAL STRESS — not a 2022 event
2022-07-26,BOOK,0.4,214691791.6756,214691791.6756,0.0,HYPOTHETICAL STRESS — not a 2022 event
2022-07-26,T01,0.4,70856362.0866,70856362.0866,0.0,HYPOTHETICAL STRESS — not a 2022 event
2022-07-26,T02,0.4,48829806.2633,48829806.2633,0.0,HYPOTHETICAL STRESS — not a 2022 event
2022-07-26,T03,0.4,32115936.5713,32115936.5713,0.0,HYPOTHETICAL STRESS — not a 2022 event
2022-07-26,T04,0.4,9913953.5392,9913953.5392,0.0,HYPOTHETICAL STRESS — not a 2022 event
2022-07-26,T05,0.4,36108985.1469,36108985.1469,0.0,HYPOTHETICAL STRESS — not a 2022 event
2022-07-26,T06,0.4,13107320.7846,13107320.7846,0.0,HYPOTHETICAL STRESS — not a 2022 event
2022-07-26,T07,0.4,9505891.932,9505891.932,0.0,HYPOTHETICAL STRESS — not a 2022 event
2022-07-26,T08,0.4,-5746464.6484,-5746464.6484,0.0,HYPOTHETICAL STRESS — not a 2022 event
2022-07-26,T09,0.4,0.0,0.0,0.0,HYPOTHETICAL STRESS — not a 2022 event
2022-07-27,BOOK,0.4,215046954.9537,215046954.9537,0.0,HYPOTHETICAL STRESS — not a 2022 event
2022-07-27,T01,0.4,70856362.0866,70856362.0866,0.0,HYPOTHETICAL STRESS — not a 2022 event
2022-07-27,T02,0.4,48829806.2633,48829806.2633,0.0,HYPOTHETICAL STRESS — not a 2022 event
2022-07-27,T03,0.4,32115936.5713,32115936.5713,0.0,HYPOTHETICAL STRESS — not a 2022 event
2022-07-27,T04,0.4,9913953.5392,9913953.5392,0.0,HYPOTHETICAL STRESS — not a 2022 event
2022-07-27,T05,0.4,36108985.1469,36108985.1469,0.0,HYPOTHETICAL STRESS — not a 2022 event
2022-07-27,T06,0.4,13107320.7846,13107320.7846,0.0,HYPOTHETICAL STRESS — not a 2022 event
2022-07-27,T07,0.4,9509626.3836,9509626.3836,0.0,HYPOTHETICAL STRESS — not a 2022 event
2022-07-27,T08,0.4,-5395035.8218,-5395035.8218,0.0,HYPOTHETICAL STRESS — not a 2022 event
2022-07-27,T09,0.4,0.0,0.0,0.0,HYPOTHETICAL STRESS — not a 2022 event
2022-07-28,BOOK,0.4,212080799.4562,212080799.4562,0.0,HYPOTHETICAL STRESS — not a 2022 event
2022-07-28,T01,0.4,70856362.0866,70856362.0866,0.0,HYPOTHETICAL STRESS — not a 2022 event
2022-07-28,T02,0.4,48829806.2633,48829806.2633,0.0,HYPOTHETICAL STRESS — not a 2022 event
2022-07-28,T03,0.4,32115936.5713,32115936.5713,0.0,HYPOTHETICAL STRESS — not a 2022 event
2022-07-28,T04,0.4,9913953.5392,9913953.5392,0.0,HYPOTHETICAL STRESS — not a 2022 event
2022-07-28,T05,0.4,36108985.1469,36108985.1469,0.0,HYPOTHETICAL STRESS — not a 2022 event
2022-07-28,T06,0.4,13107320.7846,13107320.7846,0.0,HYPOTHETICAL STRESS — not a 2022 event
2022-07-28,T07,0.4,8244247.4805,8244247.4805,0.0,HYPOTHETICAL STRESS — not a 2022 event
2022-07-28,T08,0.4,-7095812.4162,-7095812.4162,0.0,HYPOTHETICAL STRESS — not a 2022 event
2022-07-28,T09,0.4,0.0,0.0,0.0,HYPOTHETICAL STRESS — not a 2022 event
2022-07-29,BOOK,0.4,211163986.6027,211163986.6027,0.0,HYPOTHETICAL STRESS — not a 2022 event
2022-07-29,T01,0.4,70856362.0866,70856362.0866,0.0,HYPOTHETICAL STRESS — not a 2022 event
2022-07-29,T02,0.4,48829806.2633,48829806.2633,0.0,HYPOTHETICAL STRESS — not a 2022 event
2022-07-29,T03,0.4,32115936.5713,32115936.5713,0.0,HYPOTHETICAL STRESS — not a 2022 event
2022-07-29,T04,0.4,9913953.5392,9913953.5392,0.0,HYPOTHETICAL STRESS — not a 2022 event
2022-07-29,T05,0.4,36108985.1469,36108985.1469,0.0,HYPOTHETICAL STRESS — not a 2022 event
2022-07-29,T06,0.4,13107320.7846,13107320.7846,0.0,HYPOTHETICAL STRESS — not a 2022 event
2022-07-29,T07,0.4,8236701.8255,8236701.8255,0.0,HYPOTHETICAL STRESS — not a 2022 event
2022-07-29,T08,0.4,-8005079.6146,-8005079.6146,0.0,HYPOTHETICAL STRESS — not a 2022 event
2022-07-29,T09,0.4,0.0,0.0,0.0,HYPOTHETICAL STRESS — not a 2022 event
2022-08-01,BOOK,0.4,208441363.6727,208441363.6727,0.0,HYPOTHETICAL STRESS — not a 2022 event
2022-08-01,T01,0.4,70856362.0866,70856362.0866,0.0,HYPOTHETICAL STRESS — not a 2022 event
2022-08-01,T02,0.4,48829806.2633,48829806.2633,0.0,HYPOTHETICAL STRESS — not a 2022 event
2022-08-01,T03,0.4,32115936.5713,32115936.5713,0.0,HYPOTHETICAL STRESS — not a 2022 event
2022-08-01,T04,0.4,9913953.5392,9913953.5392,0.0,HYPOTHETICAL STRESS — not a 2022 event
2022-08-01,T05,0.4,36108985.1469,36108985.1469,0.0,HYPOTHETICAL STRESS — not a 2022 event
2022-08-01,T06,0.4,13107320.7846,13107320.7846,0.0,HYPOTHETICAL STRESS — not a 2022 event
2022-08-01,T07,0.4,8231607.7549,8231607.7549,0.0,HYPOTHETICAL STRESS — not a 2022 event
2022-08-01,T08,0.4,-10722608.4741,-10722608.4741,0.0,HYPOTHETICAL STRESS — not a 2022 event
2022-08-01,T09,0.4,0.0,0.0,0.0,HYPOTHETICAL STRESS — not a 2022 event
2022-08-02,BOOK,0.4,208634224.6213,208634224.6213,0.0,HYPOTHETICAL STRESS — not a 2022 event
2022-08-02,T01,0.4,70856362.0866,70856362.0866,0.0,HYPOTHETICAL STRESS — not a 2022 event
2022-08-02,T02,0.4,48829806.2633,48829806.2633,0.0,HYPOTHETICAL STRESS — not a 2022 event
2022-08-02,T03,0.4,32115936.5713,32115936.5713,0.0,HYPOTHETICAL STRESS — not a 2022 event
2022-08-02,T04,0.4,9913953.5392,9913953.5392,0.0,HYPOTHETICAL STRESS — not a 2022 event
2022-08-02,T05,0.4,36108985.1469,36108985.1469,0.0,HYPOTHETICAL STRESS — not a 2022 event
2022-08-02,T06,0.4,13107320.7846,13107320.7846,0.0,HYPOTHETICAL STRESS — not a 2022 event
2022-08-02,T07,0.4,8220928.9038,8220928.9038,0.0,HYPOTHETICAL STRESS — not a 2022 event
2022-08-02,T08,0.4,-10519068.6745,-10519068.6745,0.0,HYPOTHETICAL STRESS — not a 2022 event
2022-08-02,T09,0.4,0.0,0.0,0.0,HYPOTHETICAL STRESS — not a 2022 event
2022-08-03,BOOK,0.4,207431747.164,207431747.164,0.0,HYPOTHETICAL STRESS — not a 2022 event
2022-08-03,T01,0.4,70856362.0866,70856362.0866,0.0,HYPOTHETICAL STRESS — not a 2022 event
2022-08-03,T02,0.4,48829806.2633,48829806.2633,0.0,HYPOTHETICAL STRESS — not a 2022 event
2022-08-03,T03,0.4,32115936.5713,32115936.5713,0.0,HYPOTHETICAL STRESS — not a 2022 event
2022-08-03,T04,0.4,9913953.5392,9913953.5392,0.0,HYPOTHETICAL STRESS — not a 2022 event
2022-08-03,T05,0.4,36108985.1469,36108985.1469,0.0,HYPOTHETICAL STRESS — not a 2022 event
2022-08-03,T06,0.4,13107320.7846,13107320.7846,0.0,HYPOTHETICAL STRESS — not a 2022 event
2022-08-03,T07,0.4,8232682.5703,8232682.5703,0.0,HYPOTHETICAL STRESS — not a 2022 event
2022-08-03,T08,0.4,-10402729.5152,-10402729.5152,0.0,HYPOTHETICAL STRESS — not a 2022 event
2022-08-03,T09,0.4,-1330570.283,-1330570.283,0.0,HYPOTHETICAL STRESS — not a 2022 event
2022-08-04,BOOK,0.4,205769925.6755,205769925.6755,0.0,HYPOTHETICAL STRESS — not a 2022 event
2022-08-04,T01,0.4,70856362.0866,70856362.0866,0.0,HYPOTHETICAL STRESS — not a 2022 event
2022-08-04,T02,0.4,48829806.2633,48829806.2633,0.0,HYPOTHETICAL STRESS — not a 2022 event
2022-08-04,T03,0.4,32115936.5713,32115936.5713,0.0,HYPOTHETICAL STRESS — not a 2022 event
2022-08-04,T04,0.4,9913953.5392,9913953.5392,0.0,HYPOTHETICAL STRESS — not a 2022 event
2022-08-04,T05,0.4,36108985.1469,36108985.1469,0.0,HYPOTHETICAL STRESS — not a 2022 event
2022-08-04,T06,0.4,13107320.7846,13107320.7846,0.0,HYPOTHETICAL STRESS — not a 2022 event
2022-08-04,T07,0.4,8236790.1363,8236790.1363,0.0,HYPOTHETICAL STRESS — not a 2022 event
2022-08-04,T08,0.4,-11100992.1014,-11100992.1014,0.0,HYPOTHETICAL STRESS — not a 2022 event
2022-08-04,T09,0.4,-2298236.7514,-2298236.7514,0.0,HYPOTHETICAL STRESS — not a 2022 event
2022-08-05,BOOK,0.4,204394733.6405,204394733.6405,0.0,HYPOTHETICAL STRESS — not a 2022 event
2022-08-05,T01,0.4,70856362.0866,70856362.0866,0.0,HYPOTHETICAL STRESS — not a 2022 event
2022-08-05,T02,0.4,48829806.2633,48829806.2633,0.0,HYPOTHETICAL STRESS — not a 2022 event
2022-08-05,T03,0.4,32115936.5713,32115936.5713,0.0,HYPOTHETICAL STRESS — not a 2022 event
2022-08-05,T04,0.4,9913953.5392,9913953.5392,0.0,HYPOTHETICAL STRESS — not a 2022 event
2022-08-05,T05,0.4,36108985.1469,36108985.1469,0.0,HYPOTHETICAL STRESS — not a 2022 event
2022-08-05,T06,0.4,13107320.7846,13107320.7846,0.0,HYPOTHETICAL STRESS — not a 2022 event
2022-08-05,T07,0.4,8233847.5803,8233847.5803,0.0,HYPOTHETICAL STRESS — not a 2022 event
2022-08-05,T08,0.4,-11928987.1191,-11928987.1191,0.0,HYPOTHETICAL STRESS — not a 2022 event
2022-08-05,T09,0.4,-2842491.2126,-2842491.2126,0.0,HYPOTHETICAL STRESS — not a 2022 event
2022-08-08,BOOK,0.4,200941491.6792,200941491.6792,0.0,HYPOTHETICAL STRESS — not a 2022 event
2022-08-08,T01,0.4,70856362.0866,70856362.0866,0.0,HYPOTHETICAL STRESS — not a 2022 event
2022-08-08,T02,0.4,48829806.2633,48829806.2633,0.0,HYPOTHETICAL STRESS — not a 2022 event
2022-08-08,T03,0.4,32115936.5713,32115936.5713,0.0,HYPOTHETICAL STRESS — not a 2022 event
2022-08-08,T04,0.4,9913953.5392,9913953.5392,0.0,HYPOTHETICAL STRESS — not a 2022 event
2022-08-08,T05,0.4,36108985.1469,36108985.1469,0.0,HYPOTHETICAL STRESS — not a 2022 event
2022-08-08,T06,0.4,13107320.7846,13107320.7846,0.0,HYPOTHETICAL STRESS — not a 2022 event
2022-08-08,T07,0.4,8242171.0587,8242171.0587,0.0,HYPOTHETICAL STRESS — not a 2022 event
2022-08-08,T08,0.4,-13493819.6921,-13493819.6921,0.0,HYPOTHETICAL STRESS — not a 2022 event
2022-08-08,T09,0.4,-4739224.0792,-4739224.0792,0.0,HYPOTHETICAL STRESS — not a 2022 event
2022-08-09,BOOK,0.4,216161573.7948,216161573.7948,0.0,HYPOTHETICAL STRESS — not a 2022 event
2022-08-09,T01,0.4,70856362.0866,70856362.0866,0.0,HYPOTHETICAL STRESS — not a 2022 event
2022-08-09,T02,0.4,48829806.2633,48829806.2633,0.0,HYPOTHETICAL STRESS — not a 2022 event
2022-08-09,T03,0.4,32115936.5713,32115936.5713,0.0,HYPOTHETICAL STRESS — not a 2022 event
2022-08-09,T04,0.4,9913953.5392,9913953.5392,0.0,HYPOTHETICAL STRESS — not a 2022 event
2022-08-09,T05,0.4,36108985.1469,36108985.1469,0.0,HYPOTHETICAL STRESS — not a 2022 event
2022-08-09,T06,0.4,13107320.7846,13107320.7846,0.0,HYPOTHETICAL STRESS — not a 2022 event
2022-08-09,T07,0.4,8241140.1727,8241140.1727,0.0,HYPOTHETICAL STRESS — not a 2022 event
2022-08-09,T08,0.4,2746050.0231,2746050.0231,0.0,HYPOTHETICAL STRESS — not a 2022 event
2022-08-09,T09,0.4,-5757980.7929,-5757980.7929,0.0,HYPOTHETICAL STRESS — not a 2022 event
2022-08-10,BOOK,0.4,214829838.2087,214829838.2087,0.0,HYPOTHETICAL STRESS — not a 2022 event
2022-08-10,T01,0.4,70856362.0866,70856362.0866,0.0,HYPOTHETICAL STRESS — not a 2022 event
2022-08-10,T02,0.4,48829806.2633,48829806.2633,0.0,HYPOTHETICAL STRESS — not a 2022 event
2022-08-10,T03,0.4,32115936.5713,32115936.5713,0.0,HYPOTHETICAL STRESS — not a 2022 event
2022-08-10,T04,0.4,9913953.5392,9913953.5392,0.0,HYPOTHETICAL STRESS — not a 2022 event
2022-08-10,T05,0.4,36108985.1469,36108985.1469,0.0,HYPOTHETICAL STRESS — not a 2022 event
2022-08-10,T06,0.4,13107320.7846,13107320.7846,0.0,HYPOTHETICAL STRESS — not a 2022 event
2022-08-10,T07,0.4,8239158.3669,8239158.3669,0.0,HYPOTHETICAL STRESS — not a 2022 event
2022-08-10,T08,0.4,1798210.1139,1798210.1139,0.0,HYPOTHETICAL STRESS — not a 2022 event
2022-08-10,T09,0.4,-6139894.664,-6139894.664,0.0,HYPOTHETICAL STRESS — not a 2022 event
2022-08-11,BOOK,0.4,215665040.8606,215665040.8606,0.0,HYPOTHETICAL STRESS — not a 2022 event
2022-08-11,T01,0.4,70856362.0866,70856362.0866,0.0,HYPOTHETICAL STRESS — not a 2022 event
2022-08-11,T02,0.4,48829806.2633,48829806.2633,0.0,HYPOTHETICAL STRESS — not a 2022 event
2022-08-11,T03,0.4,32115936.5713,32115936.5713,0.0,HYPOTHETICAL STRESS — not a 2022 event
2022-08-11,T04,0.4,9913953.5392,9913953.5392,0.0,HYPOTHETICAL STRESS — not a 2022 event
2022-08-11,T05,0.4,36108985.1469,36108985.1469,0.0,HYPOTHETICAL STRESS — not a 2022 event
2022-08-11,T06,0.4,13107320.7846,13107320.7846,0.0,HYPOTHETICAL STRESS — not a 2022 event
2022-08-11,T07,0.4,8242009.6814,8242009.6814,0.0,HYPOTHETICAL STRESS — not a 2022 event
2022-08-11,T08,0.4,2528778.7856,2528778.7856,0.0,HYPOTHETICAL STRESS — not a 2022 event
2022-08-11,T09,0.4,-6038111.9983,-6038111.9983,0.0,HYPOTHETICAL STRESS — not a 2022 event
2022-08-12,BOOK,0.4,214828730.2041,214828730.2041,0.0,HYPOTHETICAL STRESS — not a 2022 event
2022-08-12,T01,0.4,70856362.0866,70856362.0866,0.0,HYPOTHETICAL STRESS — not a 2022 event
2022-08-12,T02,0.4,48829806.2633,48829806.2633,0.0,HYPOTHETICAL STRESS — not a 2022 event
2022-08-12,T03,0.4,32115936.5713,32115936.5713,0.0,HYPOTHETICAL STRESS — not a 2022 event
2022-08-12,T04,0.4,9913953.5392,9913953.5392,0.0,HYPOTHETICAL STRESS — not a 2022 event
2022-08-12,T05,0.4,36108985.1469,36108985.1469,0.0,HYPOTHETICAL STRESS — not a 2022 event
2022-08-12,T06,0.4,13107320.7846,13107320.7846,0.0,HYPOTHETICAL STRESS — not a 2022 event
2022-08-12,T07,0.4,8244803.7088,8244803.7088,0.0,HYPOTHETICAL STRESS — not a 2022 event
2022-08-12,T08,0.4,2417922.8006,2417922.8006,0.0,HYPOTHETICAL STRESS — not a 2022 event
2022-08-12,T09,0.4,-6766360.6972,-6766360.6972,0.0,HYPOTHETICAL STRESS — not a 2022 event
2022-08-15,BOOK,0.4,214243909.1589,214243909.1589,0.0,HYPOTHETICAL STRESS — not a 2022 event
2022-08-15,T01,0.4,70856362.0866,70856362.0866,0.0,HYPOTHETICAL STRESS — not a 2022 event
2022-08-15,T02,0.4,48829806.2633,48829806.2633,0.0,HYPOTHETICAL STRESS — not a 2022 event
2022-08-15,T03,0.4,32115936.5713,32115936.5713,0.0,HYPOTHETICAL STRESS — not a 2022 event
2022-08-15,T04,0.4,9913953.5392,9913953.5392,0.0,HYPOTHETICAL STRESS — not a 2022 event
2022-08-15,T05,0.4,36108985.1469,36108985.1469,0.0,HYPOTHETICAL STRESS — not a 2022 event
2022-08-15,T06,0.4,13107320.7846,13107320.7846,0.0,HYPOTHETICAL STRESS — not a 2022 event
2022-08-15,T07,0.4,8239423.0465,8239423.0465,0.0,HYPOTHETICAL STRESS — not a 2022 event
2022-08-15,T08,0.4,3357015.3488,3357015.3488,0.0,HYPOTHETICAL STRESS — not a 2022 event
2022-08-15,T09,0.4,-8284893.6283,-8284893.6283,0.0,HYPOTHETICAL STRESS — not a 2022 event
2022-08-16,BOOK,0.4,213258694.4562,213258694.4562,0.0,HYPOTHETICAL STRESS — not a 2022 event
2022-08-16,T01,0.4,70856362.0866,70856362.0866,0.0,HYPOTHETICAL STRESS — not a 2022 event
2022-08-16,T02,0.4,48829806.2633,48829806.2633,0.0,HYPOTHETICAL STRESS — not a 2022 event
2022-08-16,T03,0.4,32115936.5713,32115936.5713,0.0,HYPOTHETICAL STRESS — not a 2022 event
2022-08-16,T04,0.4,9913953.5392,9913953.5392,0.0,HYPOTHETICAL STRESS — not a 2022 event
2022-08-16,T05,0.4,36108985.1469,36108985.1469,0.0,HYPOTHETICAL STRESS — not a 2022 event
2022-08-16,T06,0.4,13107320.7846,13107320.7846,0.0,HYPOTHETICAL STRESS — not a 2022 event
2022-08-16,T07,0.4,8235208.3353,8235208.3353,0.0,HYPOTHETICAL STRESS — not a 2022 event
2022-08-16,T08,0.4,673706.4528,673706.4528,0.0,HYPOTHETICAL STRESS — not a 2022 event
2022-08-16,T09,0.4,-6582584.7238,-6582584.7238,0.0,HYPOTHETICAL STRESS — not a 2022 event
2022-08-17,BOOK,0.4,211824567.1541,211824567.1541,0.0,HYPOTHETICAL STRESS — not a 2022 event
2022-08-17,T01,0.4,70856362.0866,70856362.0866,0.0,HYPOTHETICAL STRESS — not a 2022 event
2022-08-17,T02,0.4,48829806.2633,48829806.2633,0.0,HYPOTHETICAL STRESS — not a 2022 event
2022-08-17,T03,0.4,32115936.5713,32115936.5713,0.0,HYPOTHETICAL STRESS — not a 2022 event
2022-08-17,T04,0.4,9913953.5392,9913953.5392,0.0,HYPOTHETICAL STRESS — not a 2022 event
2022-08-17,T05,0.4,36108985.1469,36108985.1469,0.0,HYPOTHETICAL STRESS — not a 2022 event
2022-08-17,T06,0.4,13107320.7846,13107320.7846,0.0,HYPOTHETICAL STRESS — not a 2022 event
2022-08-17,T07,0.4,8239177.6474,8239177.6474,0.0,HYPOTHETICAL STRESS — not a 2022 event
2022-08-17,T08,0.4,-764170.0291,-764170.0291,0.0,HYPOTHETICAL STRESS — not a 2022 event
2022-08-17,T09,0.4,-6582804.8561,-6582804.8561,0.0,HYPOTHETICAL STRESS — not a 2022 event
2022-08-18,BOOK,0.4,212372523.1977,212372523.1977,0.0,HYPOTHETICAL STRESS — not a 2022 event
2022-08-18,T01,0.4,70856362.0866,70856362.0866,0.0,HYPOTHETICAL STRESS — not a 2022 event
2022-08-18,T02,0.4,48829806.2633,48829806.2633,0.0,HYPOTHETICAL STRESS — not a 2022 event
2022-08-18,T03,0.4,32115936.5713,32115936.5713,0.0,HYPOTHETICAL STRESS — not a 2022 event
2022-08-18,T04,0.4,9913953.5392,9913953.5392,0.0,HYPOTHETICAL STRESS — not a 2022 event
2022-08-18,T05,0.4,36108985.1469,36108985.1469,0.0,HYPOTHETICAL STRESS — not a 2022 event
2022-08-18,T06,0.4,13107320.7846,13107320.7846,0.0,HYPOTHETICAL STRESS — not a 2022 event
2022-08-18,T07,0.4,8245108.5865,8245108.5865,0.0,HYPOTHETICAL STRESS — not a 2022 event
2022-08-18,T08,0.4,-642274.4472,-642274.4472,0.0,HYPOTHETICAL STRESS — not a 2022 event
2022-08-18,T09,0.4,-6162675.3335,-6162675.3335,0.0,HYPOTHETICAL STRESS — not a 2022 event
2022-08-19,BOOK,0.4,211372669.6143,211372669.6143,0.0,HYPOTHETICAL STRESS — not a 2022 event
2022-08-19,T01,0.4,70856362.0866,70856362.0866,0.0,HYPOTHETICAL STRESS — not a 2022 event
2022-08-19,T02,0.4,48829806.2633,48829806.2633,0.0,HYPOTHETICAL STRESS — not a 2022 event
2022-08-19,T03,0.4,32115936.5713,32115936.5713,0.0,HYPOTHETICAL STRESS — not a 2022 event
2022-08-19,T04,0.4,9913953.5392,9913953.5392,0.0,HYPOTHETICAL STRESS — not a 2022 event
2022-08-19,T05,0.4,36108985.1469,36108985.1469,0.0,HYPOTHETICAL STRESS — not a 2022 event
2022-08-19,T06,0.4,13107320.7846,13107320.7846,0.0,HYPOTHETICAL STRESS — not a 2022 event
2022-08-19,T07,0.4,8245108.5865,8245108.5865,0.0,HYPOTHETICAL STRESS — not a 2022 event
2022-08-19,T08,0.4,-1491526.8033,-1491526.8033,0.0,HYPOTHETICAL STRESS — not a 2022 event
2022-08-19,T09,0.4,-6313276.5608,-6313276.5608,0.0,HYPOTHETICAL STRESS — not a 2022 event
2022-08-22,BOOK,0.4,213153265.5046,213153265.5046,0.0,HYPOTHETICAL STRESS — not a 2022 event
2022-08-22,T01,0.4,70856362.0866,70856362.0866,0.0,HYPOTHETICAL STRESS — not a 2022 event
2022-08-22,T02,0.4,48829806.2633,48829806.2633,0.0,HYPOTHETICAL STRESS — not a 2022 event
2022-08-22,T03,0.4,32115936.5713,32115936.5713,0.0,HYPOTHETICAL STRESS — not a 2022 event
2022-08-22,T04,0.4,9913953.5392,9913953.5392,0.0,HYPOTHETICAL STRESS — not a 2022 event
2022-08-22,T05,0.4,36108985.1469,36108985.1469,0.0,HYPOTHETICAL STRESS — not a 2022 event
2022-08-22,T06,0.4,13107320.7846,13107320.7846,0.0,HYPOTHETICAL STRESS — not a 2022 event
2022-08-22,T07,0.4,8245108.5865,8245108.5865,0.0,HYPOTHETICAL STRESS — not a 2022 event
2022-08-22,T08,0.4,-1345683.6327,-1345683.6327,0.0,HYPOTHETICAL STRESS — not a 2022 event
2022-08-22,T09,0.4,-4678523.8411,-4678523.8411,0.0,HYPOTHETICAL STRESS — not a 2022 event
2022-08-23,BOOK,0.4,213053476.5094,213053476.5094,0.0,HYPOTHETICAL STRESS — not a 2022 event
2022-08-23,T01,0.4,70856362.0866,70856362.0866,0.0,HYPOTHETICAL STRESS — not a 2022 event
2022-08-23,T02,0.4,48829806.2633,48829806.2633,0.0,HYPOTHETICAL STRESS — not a 2022 event
2022-08-23,T03,0.4,32115936.5713,32115936.5713,0.0,HYPOTHETICAL STRESS — not a 2022 event
2022-08-23,T04,0.4,9913953.5392,9913953.5392,0.0,HYPOTHETICAL STRESS — not a 2022 event
2022-08-23,T05,0.4,36108985.1469,36108985.1469,0.0,HYPOTHETICAL STRESS — not a 2022 event
2022-08-23,T06,0.4,13107320.7846,13107320.7846,0.0,HYPOTHETICAL STRESS — not a 2022 event
2022-08-23,T07,0.4,8245108.5865,8245108.5865,0.0,HYPOTHETICAL STRESS — not a 2022 event
2022-08-23,T08,0.4,-1345749.9145,-1345749.9145,0.0,HYPOTHETICAL STRESS — not a 2022 event
2022-08-23,T09,0.4,-4778246.5545,-4778246.5545,0.0,HYPOTHETICAL STRESS — not a 2022 event
2022-08-24,BOOK,0.4,214522615.844,214522615.844,0.0,HYPOTHETICAL STRESS — not a 2022 event
2022-08-24,T01,0.4,70856362.0866,70856362.0866,0.0,HYPOTHETICAL STRESS — not a 2022 event
2022-08-24,T02,0.4,48829806.2633,48829806.2633,0.0,HYPOTHETICAL STRESS — not a 2022 event
2022-08-24,T03,0.4,32115936.5713,32115936.5713,0.0,HYPOTHETICAL STRESS — not a 2022 event
2022-08-24,T04,0.4,9913953.5392,9913953.5392,0.0,HYPOTHETICAL STRESS — not a 2022 event
2022-08-24,T05,0.4,36108985.1469,36108985.1469,0.0,HYPOTHETICAL STRESS — not a 2022 event
2022-08-24,T06,0.4,13107320.7846,13107320.7846,0.0,HYPOTHETICAL STRESS — not a 2022 event
2022-08-24,T07,0.4,8245108.5865,8245108.5865,0.0,HYPOTHETICAL STRESS — not a 2022 event
2022-08-24,T08,0.4,-1345163.3922,-1345163.3922,0.0,HYPOTHETICAL STRESS — not a 2022 event
2022-08-24,T09,0.4,-3309693.7422,-3309693.7422,0.0,HYPOTHETICAL STRESS — not a 2022 event
2022-08-25,BOOK,0.4,214780085.5941,214780085.5941,0.0,HYPOTHETICAL STRESS — not a 2022 event
2022-08-25,T01,0.4,70856362.0866,70856362.0866,0.0,HYPOTHETICAL STRESS — not a 2022 event
2022-08-25,T02,0.4,48829806.2633,48829806.2633,0.0,HYPOTHETICAL STRESS — not a 2022 event
2022-08-25,T03,0.4,32115936.5713,32115936.5713,0.0,HYPOTHETICAL STRESS — not a 2022 event
2022-08-25,T04,0.4,9913953.5392,9913953.5392,0.0,HYPOTHETICAL STRESS — not a 2022 event
2022-08-25,T05,0.4,36108985.1469,36108985.1469,0.0,HYPOTHETICAL STRESS — not a 2022 event
2022-08-25,T06,0.4,13107320.7846,13107320.7846,0.0,HYPOTHETICAL STRESS — not a 2022 event
2022-08-25,T07,0.4,8245108.5865,8245108.5865,0.0,HYPOTHETICAL STRESS — not a 2022 event
2022-08-25,T08,0.4,-1345982.6221,-1345982.6221,0.0,HYPOTHETICAL STRESS — not a 2022 event
2022-08-25,T09,0.4,-3051404.7622,-3051404.7622,0.0,HYPOTHETICAL STRESS — not a 2022 event
2022-08-26,BOOK,0.4,227531189.3323,227531189.3323,0.0,HYPOTHETICAL STRESS — not a 2022 event
2022-08-26,T01,0.4,70856362.0866,70856362.0866,0.0,HYPOTHETICAL STRESS — not a 2022 event
2022-08-26,T02,0.4,48829806.2633,48829806.2633,0.0,HYPOTHETICAL STRESS — not a 2022 event
2022-08-26,T03,0.4,32115936.5713,32115936.5713,0.0,HYPOTHETICAL STRESS — not a 2022 event
2022-08-26,T04,0.4,9913953.5392,9913953.5392,0.0,HYPOTHETICAL STRESS — not a 2022 event
2022-08-26,T05,0.4,36108985.1469,36108985.1469,0.0,HYPOTHETICAL STRESS — not a 2022 event
2022-08-26,T06,0.4,13107320.7846,13107320.7846,0.0,HYPOTHETICAL STRESS — not a 2022 event
2022-08-26,T07,0.4,8245108.5865,8245108.5865,0.0,HYPOTHETICAL STRESS — not a 2022 event
2022-08-26,T08,0.4,-1345235.0026,-1345235.0026,0.0,HYPOTHETICAL STRESS — not a 2022 event
2022-08-26,T09,0.4,9698951.3565,9698951.3565,0.0,HYPOTHETICAL STRESS — not a 2022 event
2022-08-30,BOOK,0.4,227528394.9985,227528394.9985,0.0,HYPOTHETICAL STRESS — not a 2022 event
2022-08-30,T01,0.4,70856362.0866,70856362.0866,0.0,HYPOTHETICAL STRESS — not a 2022 event
2022-08-30,T02,0.4,48829806.2633,48829806.2633,0.0,HYPOTHETICAL STRESS — not a 2022 event
2022-08-30,T03,0.4,32115936.5713,32115936.5713,0.0,HYPOTHETICAL STRESS — not a 2022 event
2022-08-30,T04,0.4,9913953.5392,9913953.5392,0.0,HYPOTHETICAL STRESS — not a 2022 event
2022-08-30,T05,0.4,36108985.1469,36108985.1469,0.0,HYPOTHETICAL STRESS — not a 2022 event
2022-08-30,T06,0.4,13107320.7846,13107320.7846,0.0,HYPOTHETICAL STRESS — not a 2022 event
2022-08-30,T07,0.4,8245108.5865,8245108.5865,0.0,HYPOTHETICAL STRESS — not a 2022 event
2022-08-30,T08,0.4,-1340578.1548,-1340578.1548,0.0,HYPOTHETICAL STRESS — not a 2022 event
2022-08-30,T09,0.4,9691500.1748,9691500.1748,0.0,HYPOTHETICAL STRESS — not a 2022 event
2022-08-31,BOOK,0.4,227529514.15,227529514.15,0.0,HYPOTHETICAL STRESS — not a 2022 event
2022-08-31,T01,0.4,70856362.0866,70856362.0866,0.0,HYPOTHETICAL STRESS — not a 2022 event
2022-08-31,T02,0.4,48829806.2633,48829806.2633,0.0,HYPOTHETICAL STRESS — not a 2022 event
2022-08-31,T03,0.4,32115936.5713,32115936.5713,0.0,HYPOTHETICAL STRESS — not a 2022 event
2022-08-31,T04,0.4,9913953.5392,9913953.5392,0.0,HYPOTHETICAL STRESS — not a 2022 event
2022-08-31,T05,0.4,36108985.1469,36108985.1469,0.0,HYPOTHETICAL STRESS — not a 2022 event
2022-08-31,T06,0.4,13107320.7846,13107320.7846,0.0,HYPOTHETICAL STRESS — not a 2022 event
2022-08-31,T07,0.4,8245108.5865,8245108.5865,0.0,HYPOTHETICAL STRESS — not a 2022 event
2022-08-31,T08,0.4,-1340696.916,-1340696.916,0.0,HYPOTHETICAL STRESS — not a 2022 event
2022-08-31,T09,0.4,9692738.0875,9692738.0875,0.0,HYPOTHETICAL STRESS — not a 2022 event
