date,in_window,trade_id,new_deal,lme_flat,cross_exchange_basis,grade_spread,freight,fx,demurrage_penalty,roll_term_structure,residual,daily_pnl_inr,cum_pnl_inr
2022-03-08,True,BOOK,1143200.85,0.0,0.0,0.0,0.0,0.0,0.0,0.0,-0.0,1143200.85,1143200.85
2022-03-08,True,T01,1143200.85,0.0,0.0,0.0,0.0,0.0,0.0,0.0,-0.0,1143200.85,1143200.85
2022-03-09,True,BOOK,-282437.24,4411058.05,0.0,-1750705.95,0.0,-2713471.58,0.0,-1739589.77,0.0,-2075146.49,-931945.64
2022-03-09,True,T01,-282437.24,4411058.05,0.0,-1750705.95,0.0,-2713471.58,0.0,-1739589.77,0.0,-2075146.49,-931945.64
2022-03-10,True,BOOK,0.0,41005.79,0.0,-1735963.13,227699.01,-42817.71,0.0,-929038.96,-0.0,-2439114.99,-3371060.64
2022-03-10,True,T01,0.0,41005.79,0.0,-1735963.13,227699.01,-42817.71,0.0,-929038.96,-0.0,-2439114.99,-3371060.64
2022-03-11,True,BOOK,38922624.2,-831314.56,0.0,-1695910.72,0.0,10944.97,0.0,4430157.35,0.0,40836501.24,37465440.6
2022-03-11,True,T01,0.0,-831314.56,0.0,-1695910.72,0.0,10944.97,0.0,4430157.35,0.0,1913877.04,-1457183.6
2022-03-11,True,T02,38922624.2,0.0,0.0,0.0,0.0,0.0,0.0,0.0,-0.0,38922624.2,38922624.2
2022-03-14,True,BOOK,-1061573.82,-888147.55,0.0,-5033252.98,0.0,21425.7,0.0,-1367111.63,0.0,-8328660.28,29136780.32
2022-03-14,True,T01,-1061573.82,-929195.92,0.0,-5033252.98,0.0,16822.22,0.0,-2091097.93,-0.0,-9098298.43,-10555482.03
2022-03-14,True,T02,0.0,41048.37,0.0,0.0,0.0,4603.48,0.0,723986.3,0.0,769638.15,39692262.35
2022-03-15,True,BOOK,0.0,-1952429.45,0.0,-1584157.93,0.0,-12534.02,0.0,2338330.26,0.0,-1210791.14,27925989.18
2022-03-15,True,T01,0.0,-2052330.02,0.0,-1584157.93,0.0,-5484.36,0.0,3348087.05,0.0,-293885.26,-10849367.29
2022-03-15,True,T02,0.0,99900.57,0.0,0.0,0.0,-7049.66,0.0,-1009756.78,0.0,-916905.88,38775356.47
2022-03-16,True,BOOK,0.0,907750.82,0.0,1327392.81,0.0,-24298.39,0.0,-1399856.42,-0.0,810988.81,28736977.99
2022-03-16,True,T01,0.0,956738.97,0.0,1327392.81,0.0,-19837.13,0.0,-2046070.14,-0.0,218224.5,-10631142.8
2022-03-16,True,T02,0.0,-48988.15,0.0,0.0,0.0,-4461.26,0.0,646213.72,-0.0,592764.31,39368120.79
2022-03-17,True,BOOK,0.0,-191660.09,0.0,1311107.93,790442.44,-47706.97,0.0,820762.14,0.0,2682945.45,31419923.44
2022-03-17,True,T01,0.0,-201709.26,0.0,1311107.93,790442.44,-36685.12,0.0,1133504.39,0.0,2996660.38,-7634482.41
2022-03-17,True,T02,0.0,10049.17,0.0,0.0,0.0,-11021.85,0.0,-312742.26,-0.0,-313714.93,39054405.85
2022-03-18,True,BOOK,-431336.63,1019186.8,0.0,1345163.63,0.0,23989.41,0.0,-863637.96,-0.0,1093365.24,32513288.68
2022-03-18,True,T01,-431336.63,1071457.57,0.0,1345163.63,0.0,34654.69,0.0,-1253671.35,-0.0,766267.91,-6868214.51
2022-03-18,True,T02,0.0,-52270.77,0.0,0.0,0.0,-10665.29,0.0,390033.39,-0.0,327097.33,39381503.18
2022-03-21,True,BOOK,-361649.58,1575815.85,0.0,4200267.04,0.0,77744.83,0.0,-1147745.47,0.0,4344432.68,36857721.36
2022-03-21,True,T01,0.0,1653836.03,0.0,4200267.04,0.0,71961.48,0.0,-1657328.2,0.0,4268736.36,-2599478.15
2022-03-21,True,T02,-361649.58,-78020.18,0.0,0.0,0.0,5783.35,0.0,509582.73,0.0,75696.32,39457199.51
2022-03-22,True,BOOK,0.0,409238.98,0.0,1410656.84,0.0,-73673.09,0.0,-800609.73,0.0,945613.01,37803334.36
2022-03-22,True,T01,0.0,430864.09,0.0,1410656.84,0.0,-67899.86,0.0,-913079.27,0.0,860541.8,-1738936.35
2022-03-22,True,T02,0.0,-21625.11,0.0,0.0,0.0,-5773.23,0.0,112469.54,0.0,85071.2,39542270.71
2022-03-23,True,BOOK,673298.08,-166641.92,0.0,1409043.41,0.0,-291734.86,0.0,775157.83,-0.0,2399122.56,40202456.92
2022-03-23,True,T01,0.0,129694.43,0.0,1409043.41,0.0,149381.12,0.0,38406.92,-0.0,1726525.88,-12410.47
2022-03-23,True,T02,0.0,-296336.35,0.0,0.0,0.0,-441115.98,0.0,736750.92,-0.0,-701.41,39541569.3
2022-03-23,True,T03,673298.08,0.0,0.0,0.0,0.0,0.0,0.0,0.0,-0.0,673298.08,673298.08
2022-03-24,True,BOOK,0.0,2089216.78,0.0,2149514.78,0.0,-24942.79,0.0,1999684.12,0.0,6213472.89,46415929.81
2022-03-24,True,T01,0.0,1466924.66,0.0,1456122.91,0.0,-16024.35,0.0,1633708.91,0.0,4540732.15,4528321.68
2022-03-24,True,T02,0.0,-68220.22,0.0,0.0,0.0,-1414.04,0.0,-414213.92,0.0,-483848.18,39057721.13
2022-03-24,True,T03,0.0,690512.34,0.0,693391.86,0.0,-7504.41,0.0,780189.13,0.0,2156588.93,2829887.01
2022-03-25,True,BOOK,0.0,-1677030.81,0.0,2107885.64,0.0,-177485.05,0.0,-653340.29,-0.0,-399970.51,46015959.3
2022-03-25,True,T01,0.0,-1175375.79,0.0,1427922.53,0.0,-115079.28,0.0,-538642.87,-0.0,-401175.41,4127146.27
2022-03-25,True,T02,0.0,53244.54,0.0,0.0,0.0,-8266.05,0.0,141369.1,-0.0,186347.59,39244068.72
2022-03-25,True,T03,0.0,-554899.56,0.0,679963.11,0.0,-54139.72,0.0,-256066.53,0.0,-185142.7,2644744.31
2022-03-28,True,BOOK,0.0,488862.01,0.0,6339347.92,0.0,-54462.04,0.0,540918.71,0.0,7314666.6,53330625.89
2022-03-28,True,T01,0.0,342371.34,0.0,4294396.97,0.0,-35362.63,0.0,421408.55,0.0,5022814.23,9149960.5
2022-03-28,True,T02,0.0,-15183.44,0.0,0.0,0.0,-2445.92,0.0,-82436.93,-0.0,-100066.29,39144002.43
2022-03-28,True,T03,0.0,161674.11,0.0,2044950.94,0.0,-16653.49,0.0,201947.1,-0.0,2391918.66,5036662.97
2022-03-29,True,BOOK,0.0,-529861.77,0.0,2099375.02,0.0,-350256.76,0.0,2687565.28,-0.0,3906821.77,57237447.67
2022-03-29,True,T01,0.0,-370176.59,0.0,1422157.27,0.0,-228035.01,0.0,2146456.15,0.0,2970401.83,12120362.33
2022-03-29,True,T02,0.0,15231.03,0.0,0.0,0.0,-14783.91,0.0,-481384.78,-0.0,-480937.66,38663064.77
2022-03-29,True,T03,0.0,-174916.22,0.0,677217.75,0.0,-107437.84,0.0,1022493.91,0.0,1417357.61,6454020.57
2022-03-30,True,BOOK,-377648.79,-1766066.02,0.0,2054390.32,0.0,87661.57,0.0,-992977.35,0.0,-994640.27,56242807.4
2022-03-30,True,T01,0.0,-1233344.47,0.0,1391683.76,0.0,57603.56,0.0,-805274.47,-0.0,-589331.62,11531030.71
2022-03-30,True,T02,0.0,50178.43,0.0,0.0,0.0,2897.88,0.0,195433.09,0.0,248509.4,38911574.16
2022-03-30,True,T03,-377648.79,-582899.98,0.0,662706.55,0.0,27160.13,0.0,-383135.97,-0.0,-653818.05,5800202.52
2022-03-31,True,BOOK,0.0,-120862.1,0.0,2050396.74,0.0,-49596.22,0.0,-697878.13,0.0,1182060.29,57424867.69
2022-03-31,True,T01,0.0,-84340.16,0.0,1388978.44,0.0,-32722.99,0.0,-554084.74,0.0,717830.55,12248861.26
2022-03-31,True,T02,0.0,3345.93,0.0,0.0,0.0,-1749.51,0.0,120005.11,0.0,121601.53,39033175.7
2022-03-31,True,T03,0.0,-39867.87,0.0,661418.3,0.0,-15123.73,0.0,-263798.5,-0.0,342628.21,6142830.73
2022-04-01,True,BOOK,0.0,-494930.57,0.0,2034988.51,0.0,199533.69,0.0,188435.27,-0.0,1928026.9,59352894.59
2022-04-01,True,T01,0.0,-345171.97,0.0,1378540.6,0.0,130849.5,0.0,182432.53,-0.0,1346650.67,13595511.93
2022-04-01,True,T02,0.0,13433.45,0.0,0.0,0.0,7185.2,0.0,-81075.52,-0.0,-60456.87,38972718.82
2022-04-01,True,T03,0.0,-163192.05,0.0,656447.91,0.0,61498.99,0.0,87078.25,-0.0,641833.09,6784663.83
2022-04-04,True,BOOK,0.0,-990180.52,0.0,6054873.9,0.0,-491884.32,0.0,278099.23,-0.0,4850908.29,64203802.88
2022-04-04,True,T01,0.0,-690442.47,0.0,4101688.77,0.0,-323721.33,0.0,192716.61,-0.0,3280241.58,16875753.51
2022-04-04,True,T02,0.0,26745.66,0.0,0.0,0.0,-15863.92,0.0,-7519.78,0.0,3361.96,38976080.79
2022-04-04,True,T03,0.0,-326483.71,0.0,1953185.13,0.0,-152299.06,0.0,92902.4,0.0,1567304.75,8351968.58
2022-04-05,True,BOOK,-124190.0,-783898.75,0.0,1989851.36,0.0,-208558.76,0.0,1710458.51,0.0,2583662.36,66787465.25
2022-04-05,True,T01,0.0,-545781.63,0.0,1347963.83,0.0,-137377.67,0.0,1322066.26,0.0,1986870.79,18862624.3
2022-04-05,True,T02,-124190.0,20080.77,0.0,0.0,0.0,-6528.98,0.0,-241721.35,-0.0,-352359.56,38623721.22
2022-04-05,True,T03,0.0,-258197.89,0.0,641887.54,0.0,-64652.11,0.0,630113.61,-0.0,949151.14,9301119.72
2022-04-06,True,BOOK,631780.23,795268.24,0.0,2006637.9,0.0,1196900.15,0.0,-451479.11,-0.0,4179107.4,70966572.65
2022-04-06,True,T01,0.0,546889.79,0.0,1359335.35,0.0,378069.51,0.0,-363990.35,-0.0,1920304.29,20782928.59
2022-04-06,True,T02,0.0,-10380.84,0.0,0.0,0.0,641334.01,0.0,67144.3,-0.0,698097.47,39321818.69
2022-04-06,True,T03,0.0,258759.29,0.0,647302.55,0.0,177496.63,0.0,-154633.06,-0.0,928925.42,10230045.14
2022-04-06,True,T04,631780.23,0.0,0.0,0.0,0.0,0.0,0.0,0.0,-0.0,631780.23,631780.23
2022-04-07,True,BOOK,0.0,-6280990.54,0.0,2625674.25,5911.97,588576.72,0.0,1177473.48,0.0,-1883354.13,69083218.52
2022-04-07,True,T01,0.0,-1920367.76,0.0,1328654.44,0.0,116844.17,0.0,640949.74,0.0,166080.59,20949009.18
2022-04-07,True,T02,0.0,34705.24,0.0,0.0,0.0,199789.3,0.0,-119181.6,-0.0,115312.95,39437131.64
2022-04-07,True,T03,0.0,-908729.63,0.0,632692.59,0.0,54688.18,0.0,324461.92,0.0,103113.05,10333158.19
2022-04-07,True,T04,0.0,-3486598.39,0.0,664327.22,5911.97,217255.07,0.0,331243.42,0.0,-2267860.71,-1636080.49
2022-04-08,True,BOOK,0.0,3202257.59,0.0,2672664.22,0.0,-506949.2,0.0,27194.52,-0.0,5395167.14,74478385.66
2022-04-08,True,T01,0.0,986652.11,0.0,1352432.5,0.0,-104877.05,0.0,-2903.37,-0.0,2231304.18,23180313.37
2022-04-08,True,T02,0.0,-17348.51,0.0,0.0,0.0,-163094.93,0.0,2391.59,0.0,-178051.85,39259079.79
2022-04-08,True,T03,0.0,466948.44,0.0,644015.47,0.0,-49036.72,0.0,18037.77,-0.0,1079964.97,11413123.16
2022-04-08,True,T04,0.0,1766005.55,0.0,676216.25,0.0,-189940.5,0.0,9668.53,-0.0,2261949.84,625869.35
2022-04-11,True,BOOK,0.0,-10599531.64,0.0,7628734.95,0.0,83502.28,0.0,-3023678.08,0.0,-5910972.49,68567413.17
2022-04-11,True,T01,0.0,-3291671.53,0.0,3860323.71,0.0,17472.32,0.0,-1710481.82,0.0,-1124357.32,22055956.05
2022-04-11,True,T02,0.0,56957.04,0.0,0.0,0.0,27808.71,0.0,263186.37,0.0,347952.12,39607031.91
2022-04-11,True,T03,0.0,-1558027.36,0.0,1838249.39,0.0,8165.9,0.0,-756647.54,-0.0,-468259.61,10944863.55
2022-04-11,True,T04,0.0,-5806789.79,0.0,1930161.86,0.0,30055.35,0.0,-819735.1,-0.0,-4666307.68,-4040438.34
2022-04-12,True,BOOK,-407085.24,-1368942.53,0.0,2518879.09,0.0,1112943.61,0.0,3749852.19,-0.0,5605647.13,74173060.3
2022-04-12,True,T01,0.0,-434529.75,0.0,1274613.51,0.0,231670.11,0.0,2025117.97,-0.0,3096871.86,25152827.9
2022-04-12,True,T02,0.0,7075.63,0.0,0.0,0.0,373563.28,0.0,-319710.41,-0.0,60928.5,39667960.41
2022-04-12,True,T03,0.0,-205743.23,0.0,606958.82,0.0,108257.51,0.0,1002142.81,0.0,1511615.9,12456479.45
2022-04-12,True,T04,-407085.24,-735745.18,0.0,637306.76,0.0,399452.71,0.0,1042301.82,0.0,936230.87,-3104207.46
2022-04-13,True,BOOK,-116600.0,-521233.08,0.0,2533439.05,0.0,58100.34,0.0,258579.6,0.0,2212285.9,76385346.2
2022-04-13,True,T01,0.0,-166565.01,0.0,1281981.2,0.0,12523.38,0.0,106564.67,0.0,1234504.24,26387332.14
2022-04-13,True,T02,-116600.0,2642.88,0.0,0.0,0.0,19079.06,0.0,-20473.26,-0.0,-115351.33,39552609.08
2022-04-13,True,T03,0.0,-78874.15,0.0,610467.24,0.0,5841.24,0.0,88906.94,0.0,626341.27,13082820.72
2022-04-13,True,T04,0.0,-278436.8,0.0,640990.6,0.0,20656.66,0.0,83581.26,-0.0,466791.72,-2637415.74
2022-04-14,True,BOOK,-188557.73,2155525.82,0.0,2558555.13,-8901.78,-284529.0,0.0,-842595.11,0.0,3389497.33,79774843.53
2022-04-14,True,T01,0.0,689922.99,0.0,1294690.55,0.0,-47939.09,0.0,-487555.51,0.0,1449118.94,27836451.08
2022-04-14,True,T02,0.0,208.83,0.0,0.0,0.0,-135962.14,0.0,52784.1,-0.0,-82969.21,39469639.87
2022-04-14,True,T03,0.0,326734.99,0.0,616519.31,0.0,-22373.09,0.0,-194225.9,0.0,726655.31,13809476.03
2022-04-14,True,T04,-188557.73,1138659.01,0.0,647345.27,-8901.78,-78254.68,0.0,-213597.8,-0.0,1296692.3,-1340723.44
2022-04-19,True,BOOK,0.0,5321242.9,0.0,12540512.62,0.0,1831334.74,0.0,-4303436.49,-0.0,15389653.77,95164497.31
2022-04-19,True,T01,0.0,1714424.72,0.0,6345801.56,0.0,321119.84,0.0,-2555859.28,-0.0,5825486.85,33661937.93
2022-04-19,True,T02,0.0,517.06,0.0,0.0,0.0,822733.72,0.0,218095.16,0.0,1041345.94,40510985.81
2022-04-19,True,T03,0.0,812000.23,0.0,3021810.27,0.0,151092.15,0.0,-932576.73,-0.0,3052325.93,16861801.96
2022-04-19,True,T04,0.0,2794300.88,0.0,3172900.78,0.0,536389.03,0.0,-1033095.64,-0.0,5470495.06,4129771.61
2022-04-20,True,BOOK,-0.0,-4713603.15,0.0,2427951.28,0.0,-806048.15,0.0,-2278127.17,0.0,-5369827.19,89794670.11
2022-04-20,True,T01,0.0,-1804736.89,0.0,1228601.85,0.0,-151424.64,0.0,-1219635.63,0.0,-1947195.31,31714742.61
2022-04-20,True,T02,-0.0,727928.65,0.0,0.0,0.0,-329842.32,0.0,-83088.49,-0.0,314997.83,40825983.64
2022-04-20,True,T03,-0.0,-855137.09,0.0,585048.5,0.0,-71051.01,0.0,-529836.91,0.0,-870976.51,15990825.45
2022-04-20,True,T04,-0.0,-2781657.81,0.0,614300.93,0.0,-253730.18,0.0,-445566.14,0.0,-2866653.21,1263118.41
2022-04-21,True,BOOK,47602722.62,-4282971.78,0.0,2436348.12,0.0,590517.7,0.0,5482495.3,-0.0,51829111.96,141623782.07
2022-04-21,True,T01,0.0,-2180301.51,0.0,1232850.86,0.0,420746.0,0.0,2740583.4,-0.0,2213878.75,33928621.36
2022-04-21,True,T02,0.0,-1119889.65,0.0,0.0,0.0,-27866.59,0.0,460645.06,-0.0,-687111.18,40138872.47
2022-04-21,True,T03,0.0,-1040842.47,0.0,587071.84,0.0,201227.71,0.0,1327171.29,-0.0,1074628.37,17065453.82
2022-04-21,True,T04,0.0,58061.84,0.0,616425.43,0.0,-3589.42,0.0,954095.55,0.0,1624993.4,2888111.81
2022-04-21,True,T05,47602722.62,0.0,0.0,0.0,0.0,0.0,0.0,0.0,-0.0,47602722.62,47602722.62
2022-04-22,True,BOOK,0.0,-817899.67,0.0,2422947.26,0.0,1051112.96,0.0,534862.71,-0.0,3191023.26,144814805.34
2022-04-22,True,T01,0.0,-456265.58,0.0,1226069.7,0.0,231374.98,0.0,373181.14,0.0,1374360.25,35302981.61
2022-04-22,True,T02,0.0,546388.35,0.0,0.0,0.0,285378.17,0.0,-61845.76,0.0,769920.75,40908793.22
2022-04-22,True,T03,0.0,-216204.14,0.0,583842.71,0.0,122996.35,0.0,198950.74,0.0,689585.67,17755039.48
2022-04-22,True,T04,0.0,-697877.76,0.0,613034.85,0.0,383048.79,0.0,236670.77,-0.0,534876.64,3422988.45
2022-04-22,True,T05,0.0,6059.46,0.0,0.0,0.0,28314.67,0.0,-212094.18,-0.0,-177720.05,47425002.57
2022-04-25,True,BOOK,19260523.74,-5584395.25,0.0,6954300.03,0.0,640400.03,0.0,-758939.63,-0.0,20511888.92,165326694.25
2022-04-25,True,T01,19454557.99,-3977094.02,0.0,3519043.39,0.0,150982.68,0.0,-589036.41,-0.0,18558453.63,53861435.24
2022-04-25,True,T02,-194034.25,6246177.34,0.0,0.0,0.0,129862.52,0.0,5592.35,-0.0,6187597.96,47096391.18
2022-04-25,True,T03,0.0,-1884713.01,0.0,1675734.95,0.0,71166.38,0.0,-216474.6,-0.0,-354286.28,17400753.2
2022-04-25,True,T04,0.0,-6019854.54,0.0,1759521.69,0.0,241227.83,0.0,-143241.2,-0.0,-4162346.22,-739357.77
2022-04-25,True,T05,0.0,51088.98,0.0,0.0,0.0,47160.62,0.0,184220.23,-0.0,282469.83,47707472.4
2022-04-26,True,BOOK,12787471.59,-155819.96,0.0,1544227.12,0.0,-84728.71,0.0,1203259.41,0.0,15294409.44,180621103.7
2022-04-26,True,T01,0.0,-928275.47,0.0,393075.99,0.0,122530.03,0.0,848075.38,0.0,435405.94,54296841.18
2022-04-26,True,T02,0.0,119646.9,0.0,0.0,0.0,-114589.58,0.0,291333.97,0.0,296391.29,47392782.47
2022-04-26,True,T03,12787471.59,160153.43,0.0,561537.13,0.0,-18558.99,0.0,40020.52,0.0,13530623.68,30931376.88
2022-04-26,True,T04,0.0,496727.71,0.0,589613.99,0.0,-61970.25,0.0,69144.63,0.0,1093516.08,354158.31
2022-04-26,True,T05,0.0,-4072.53,0.0,0.0,0.0,-12139.92,0.0,-45315.1,0.0,-61527.55,47645944.86
2022-04-27,True,BOOK,0.0,-48645.1,0.0,981636.49,0.0,133066.6,0.0,-118449.59,0.0,947608.39,181568712.09
2022-04-27,True,T01,0.0,-22851.84,0.0,392654.59,0.0,12699.84,0.0,-16600.77,0.0,365901.82,54662743.0
2022-04-27,True,T02,0.0,-75598.51,0.0,0.0,0.0,141960.4,0.0,-52699.12,-0.0,13662.77,47406445.24
2022-04-27,True,T03,0.0,148755.1,0.0,0.0,0.0,-92819.43,0.0,-85411.61,-0.0,-29475.93,30901900.95
2022-04-27,True,T04,0.0,-99793.57,0.0,588981.89,0.0,59624.47,0.0,130279.8,-0.0,679092.59,1033250.9
2022-04-27,True,T05,0.0,843.71,0.0,0.0,0.0,11601.32,0.0,-94017.89,0.0,-81572.85,47564372.0
2022-04-28,True,BOOK,-1192701.52,-2386903.58,0.0,971729.62,0.0,244673.92,0.0,-78179.77,0.0,-2441381.33,179127330.76
2022-04-28,True,T01,0.0,-320022.52,0.0,388691.85,0.0,14959.16,0.0,-43325.9,0.0,40302.59,54703045.59
2022-04-28,True,T02,0.0,-694113.18,0.0,0.0,0.0,147016.95,0.0,-41029.41,0.0,-588125.64,46818319.6
2022-04-28,True,T03,0.0,0.0,0.0,0.0,0.0,-80.04,0.0,-29407.25,0.0,-29487.3,30872413.65
2022-04-28,True,T04,0.0,-1384509.67,0.0,583037.77,0.0,69327.3,0.0,91417.96,0.0,-640726.64,392524.26
2022-04-28,True,T05,-1192701.52,11741.8,0.0,0.0,0.0,13450.56,0.0,-55835.17,-0.0,-1223344.34,46341027.66
2022-04-29,True,BOOK,0.0,-1564038.55,0.0,964249.53,0.0,-724576.12,0.0,-840654.31,-0.0,-2165019.45,176962311.31
2022-04-29,True,T01,0.0,-249409.95,0.0,385699.81,0.0,-47926.62,0.0,-761906.23,-0.0,-673542.99,54029502.6
2022-04-29,True,T02,0.0,-264808.36,0.0,0.0,0.0,-408313.14,0.0,126623.86,-0.0,-546497.63,46271821.97
2022-04-29,True,T03,0.0,0.0,0.0,0.0,0.0,254.15,0.0,-36118.64,0.0,-35864.49,30836549.16
2022-04-29,True,T04,0.0,-1069190.9,0.0,578549.72,0.0,-228318.14,0.0,-989366.46,0.0,-1708325.77,-1315801.51
2022-04-29,True,T05,0.0,19370.64,0.0,0.0,0.0,-40272.38,0.0,820113.16,-0.0,799211.43,47140239.09
2022-05-03,True,BOOK,0.0,-6311154.83,0.0,3672995.57,0.0,358495.2,0.0,1304107.02,0.0,-975557.04,175986754.27
2022-05-03,True,T01,0.0,-1214601.34,0.0,1469198.23,0.0,25678.0,0.0,1106762.76,-0.0,1387037.65,55416540.25
2022-05-03,True,T02,0.0,18490.02,0.0,0.0,0.0,189761.78,0.0,-319492.34,0.0,-111240.55,46160581.42
2022-05-03,True,T03,0.0,0.0,0.0,0.0,0.0,-137.47,0.0,-264255.7,0.0,-264393.17,30572155.99
2022-05-03,True,T04,0.0,-5159542.99,0.0,2203797.34,0.0,119753.71,0.0,2297765.94,-0.0,-538225.99,-1854027.5
2022-05-03,True,T05,0.0,44499.48,0.0,0.0,0.0,23439.18,0.0,-1516673.64,0.0,-1448734.98,45691504.1
2022-05-04,True,BOOK,0.0,940928.77,0.0,933985.82,0.0,-1100339.23,0.0,106707.98,-0.0,881283.35,176868037.61
2022-05-04,True,T01,0.0,176089.16,0.0,373594.33,0.0,-84108.44,0.0,-75110.27,0.0,390464.78,55807005.03
2022-05-04,True,T02,0.0,47738.94,0.0,0.0,0.0,-575359.7,0.0,38967.87,0.0,-488652.9,45671928.53
2022-05-04,True,T03,0.0,0.0,0.0,0.0,0.0,0.0,0.0,-66098.29,0.0,-66098.29,30506057.7
2022-05-04,True,T04,0.0,722650.9,0.0,560391.49,0.0,-374081.75,0.0,60914.31,0.0,969874.95,-884152.55
2022-05-04,True,T05,0.0,-5550.22,0.0,0.0,0.0,-66789.33,0.0,148034.36,-0.0,75694.81,45767198.91
2022-05-05,True,BOOK,0.0,-682085.16,0.0,927750.44,0.0,-299658.16,0.0,-384924.02,0.0,-438916.9,176429120.71
2022-05-05,True,T01,0.0,-122063.19,0.0,371100.18,0.0,-23113.85,0.0,-267469.03,0.0,-41545.89,55765459.13
2022-05-05,True,T02,0.0,-66944.99,0.0,0.0,0.0,-156445.34,0.0,7287.36,-0.0,-216102.97,45455825.56
2022-05-05,True,T03,0.0,0.0,0.0,0.0,0.0,0.0,0.0,-66098.29,0.0,-66098.29,30439959.41
2022-05-05,True,T04,0.0,-496598.76,0.0,556650.26,0.0,-101841.33,0.0,-277934.87,0.0,-319724.69,-1203877.24
2022-05-05,True,T05,0.0,3521.77,0.0,0.0,0.0,-18257.64,0.0,219290.81,0.0,204554.94,45971753.85
2022-05-06,True,BOOK,0.0,-5068314.95,0.0,899377.66,0.0,2903545.69,0.0,354187.01,-0.0,-911204.58,175517916.13
2022-05-06,True,T01,0.0,-870124.43,0.0,359751.07,0.0,234828.74,0.0,300336.22,-0.0,24791.59,55790250.72
2022-05-06,True,T02,0.0,-712944.07,0.0,0.0,0.0,1534256.21,0.0,-77147.59,0.0,744164.55,46199990.11
2022-05-06,True,T03,0.0,0.0,0.0,0.0,0.0,0.0,0.0,-66098.29,0.0,-66098.29,30373861.12
2022-05-06,True,T04,0.0,-3510647.26,0.0,539626.6,0.0,943295.01,0.0,570323.35,-0.0,-1457402.3,-2661279.55
2022-05-06,True,T05,0.0,25400.81,0.0,0.0,0.0,191165.75,0.0,-373226.68,-0.0,-156660.13,45815093.73
2022-05-09,True,BOOK,4467672.11,-7930001.74,0.0,2608503.13,0.0,2259719.23,0.0,-143525.38,-0.0,1262367.35,176780283.48
2022-05-09,True,T01,4467672.11,-1307366.18,0.0,1043401.25,0.0,179372.55,0.0,-45797.2,-0.0,4337282.53,60127533.25
2022-05-09,True,T02,0.0,-1420165.59,0.0,0.0,0.0,1210565.81,0.0,-88758.91,-0.0,-298358.7,45901631.41
2022-05-09,True,T03,0.0,0.0,0.0,0.0,0.0,0.0,0.0,-198294.88,0.0,-198294.88,30175566.24
2022-05-09,True,T04,0.0,-5236858.78,0.0,1565101.88,0.0,731484.9,0.0,290591.61,0.0,-2649680.39,-5310959.94
2022-05-09,True,T05,0.0,34388.8,0.0,0.0,0.0,138295.98,0.0,-101266.0,-0.0,71418.78,45886512.51
2022-05-10,True,BOOK,428274.08,-465056.75,0.0,519901.0,0.0,-408819.98,0.0,-1805995.91,-0.0,-1731697.56,175048585.92
2022-05-10,True,T01,0.0,1303009.13,0.0,0.0,0.0,220777.91,0.0,-1650202.43,-0.0,-126415.39,60001117.86
2022-05-10,True,T02,0.0,-446185.17,0.0,0.0,0.0,-366597.13,0.0,19.9,-0.0,-812762.4,45088869.01
2022-05-10,True,T03,0.0,0.0,0.0,0.0,0.0,0.0,0.0,-66413.91,-0.0,-66413.91,30109152.33
2022-05-10,True,T04,0.0,-1330075.2,0.0,519901.0,0.0,-221378.01,0.0,-329218.83,-0.0,-1360771.03,-6671730.97
2022-05-10,True,T05,-187450.0,8194.49,0.0,0.0,0.0,-41622.76,0.0,239819.35,-0.0,18941.09,45905453.6
2022-05-10,True,T06,615724.08,0.0,0.0,0.0,0.0,0.0,0.0,0.0,-0.0,615724.08,615724.08
2022-05-11,True,BOOK,0.0,4119511.35,0.0,1076029.8,0.0,-207662.76,0.0,-497728.3,0.0,4490150.09,179538736.01
2022-05-11,True,T01,0.0,0.0,0.0,0.0,0.0,-3395.66,0.0,-113262.31,0.0,-116657.97,59884459.89
2022-05-11,True,T02,0.0,1035649.84,0.0,0.0,0.0,-94932.49,0.0,-11203.32,0.0,929514.03,46018383.05
2022-05-11,True,T03,0.0,0.0,0.0,0.0,0.0,0.0,0.0,-66413.91,-0.0,-66413.91,30042738.42
2022-05-11,True,T04,0.0,2581388.35,0.0,529608.41,0.0,-58339.54,0.0,-256677.12,-0.0,2795980.11,-3875750.86
2022-05-11,True,T05,0.0,10149.58,0.0,0.0,0.0,-84700.43,0.0,166350.23,0.0,91799.38,45997252.98
2022-05-11,True,T06,0.0,492323.58,0.0,546421.38,0.0,33705.36,0.0,-216521.87,-0.0,855928.45,1471652.53
2022-05-12,True,BOOK,0.0,-3525164.5,0.0,1055337.57,0.0,1486908.66,0.0,-234446.87,0.0,-1217365.14,178321370.88
2022-05-12,True,T01,0.0,0.0,0.0,0.0,0.0,24461.81,0.0,-113288.97,0.0,-88827.16,59795632.73
2022-05-12,True,T02,0.0,-987319.49,0.0,0.0,0.0,680182.49,0.0,-27489.64,-0.0,-334626.64,45683756.41
2022-05-12,True,T03,0.0,0.0,0.0,0.0,0.0,0.0,0.0,-66413.91,-0.0,-66413.91,29976324.51
2022-05-12,True,T04,0.0,-2116665.53,0.0,519423.96,0.0,414007.33,0.0,-57472.67,-0.0,-1240706.91,-5116457.77
2022-05-12,True,T05,0.0,-8102.0,0.0,0.0,0.0,610834.28,0.0,9246.58,0.0,611978.86,46609231.84
2022-05-12,True,T06,0.0,-413077.48,0.0,535913.61,0.0,-242577.24,0.0,20971.73,-0.0,-98769.38,1372883.15
2022-05-13,True,BOOK,0.0,2642893.64,0.0,1072644.55,0.0,-293571.3,0.0,-1150399.24,-0.0,2271567.65,180592938.53
2022-05-13,True,T01,0.0,0.0,0.0,0.0,0.0,-4784.16,0.0,-113266.36,0.0,-118050.52,59677582.21
2022-05-13,True,T02,0.0,809750.55,0.0,0.0,0.0,-133636.26,0.0,1175.95,0.0,677290.24,46361046.65
2022-05-13,True,T03,0.0,0.0,0.0,0.0,0.0,0.0,0.0,-66413.91,-0.0,-66413.91,29909910.6
2022-05-13,True,T04,0.0,1523875.17,0.0,527942.24,0.0,-82476.65,0.0,-699625.67,-0.0,1269715.08,-3846742.68
2022-05-13,True,T05,0.0,6311.08,0.0,0.0,0.0,-119564.59,0.0,368495.23,-0.0,255241.72,46864473.56
2022-05-13,True,T06,0.0,302956.84,0.0,544702.31,0.0,46890.37,0.0,-640764.47,-0.0,253785.04,1626668.19
2022-05-16,True,BOOK,0.0,5355753.47,0.0,3027049.09,0.0,1888542.72,0.0,-204757.26,0.0,10066588.02,190659526.55
2022-05-16,True,T01,0.0,0.0,0.0,0.0,0.0,30229.89,0.0,-339697.9,-0.0,-309468.0,59368114.21
2022-05-16,True,T02,0.0,1769666.49,0.0,0.0,0.0,852827.49,0.0,-108188.95,-0.0,2514305.03,48875351.67
2022-05-16,True,T03,0.0,0.0,0.0,0.0,0.0,0.0,0.0,-199241.73,-0.0,-199241.73,29710668.88
2022-05-16,True,T04,0.0,2971728.47,0.0,1489875.73,0.0,537632.54,0.0,173528.27,-0.0,5172765.01,1326022.32
2022-05-16,True,T05,0.0,12276.91,0.0,0.0,0.0,758186.87,0.0,-145506.73,0.0,624957.05,47489430.6
2022-05-16,True,T06,0.0,602081.6,0.0,1537173.37,0.0,-290334.08,0.0,414349.78,0.0,2263270.67,3889938.87
2022-05-17,True,BOOK,-503213.14,3740867.75,0.0,854947.16,0.0,-1849971.42,0.0,-1264870.33,0.0,977760.02,191637286.57
2022-05-17,True,T01,0.0,0.0,0.0,0.0,0.0,-29248.68,0.0,-65200.43,-0.0,-94449.11,59273665.09
2022-05-17,True,T02,-124294.25,1307419.42,0.0,0.0,0.0,-830993.48,0.0,-10022.86,0.0,342108.84,49217460.52
2022-05-17,True,T03,0.0,0.0,0.0,0.0,0.0,0.0,0.0,-67105.72,-0.0,-67105.72,29643563.16
2022-05-17,True,T04,0.0,1999351.41,0.0,420794.31,0.0,-531848.44,0.0,-774411.58,0.0,1113885.69,2439908.01
2022-05-17,True,T05,0.0,8548.91,0.0,0.0,0.0,-733794.39,0.0,374308.17,0.0,-350937.31,47138493.29
2022-05-17,True,T06,-378918.89,425548.01,0.0,434152.86,0.0,275913.57,0.0,-722437.91,0.0,34257.63,3924196.5
2022-05-18,True,BOOK,-199220.0,773677.88,0.0,851348.71,0.0,674304.14,0.0,-29310.15,-0.0,2070800.58,193708087.15
2022-05-18,True,T01,0.0,0.0,0.0,0.0,0.0,-11006.24,0.0,-115155.5,-0.0,-126161.74,59147503.35
2022-05-18,True,T02,0.0,286277.1,0.0,0.0,0.0,313076.55,0.0,-854364.54,-0.0,-255010.89,48962449.63
2022-05-18,True,T03,0.0,0.0,0.0,0.0,0.0,0.0,0.0,-67105.72,-0.0,-67105.72,29576457.44
2022-05-18,True,T04,0.0,399585.76,0.0,419023.19,0.0,200268.37,0.0,609270.42,0.0,1628147.74,4068055.75
2022-05-18,True,T05,-199220.0,1538.32,0.0,0.0,0.0,276740.45,0.0,-305966.51,-0.0,-226907.74,46911585.55
2022-05-18,True,T06,0.0,86276.7,0.0,432325.52,0.0,-104774.99,0.0,704011.7,-0.0,1117838.93,5042035.43
2022-05-19,True,BOOK,0.0,-547947.21,0.0,849461.74,0.0,248964.63,0.0,-2268460.61,-0.0,-1717981.46,191990105.69
2022-05-19,True,T01,0.0,0.0,0.0,0.0,0.0,0.0,0.0,-135691.46,0.0,-135691.46,59011811.89
2022-05-19,True,T02,0.0,497952.43,0.0,0.0,0.0,11448.1,0.0,21388.14,-0.0,530788.68,49493238.31
2022-05-19,True,T03,0.0,0.0,0.0,0.0,0.0,0.0,0.0,-67105.72,-0.0,-67105.72,29509351.72
2022-05-19,True,T04,0.0,-847806.3,0.0,418094.45,0.0,75810.11,0.0,-1354810.28,0.0,-1708712.02,2359343.73
2022-05-19,True,T05,0.0,-12620.11,0.0,0.0,0.0,200452.34,0.0,588042.1,-0.0,775874.32,47687459.87
2022-05-19,True,T06,0.0,-185473.24,0.0,431367.29,0.0,-38745.92,0.0,-1320283.39,-0.0,-1113135.26,3928900.17
2022-05-20,True,BOOK,-0.0,3368577.67,0.0,876445.04,0.0,52111.6,0.0,-2164199.89,0.0,2132934.41,194123040.1
2022-05-20,True,T01,0.0,0.0,0.0,0.0,0.0,0.0,0.0,-135691.46,-0.0,-135691.46,58876120.44
2022-05-20,True,T02,0.0,-2447284.57,0.0,0.0,0.0,9184.34,0.0,4271.44,0.0,-2433828.79,47059409.52
2022-05-20,True,T03,0.0,0.0,0.0,0.0,0.0,0.0,0.0,-67105.72,-0.0,-67105.72,29442246.0
2022-05-20,True,T04,0.0,4703735.51,0.0,431375.29,0.0,64970.72,0.0,-1009762.46,-0.0,4190319.06,6549662.79
2022-05-20,True,T05,0.0,69923.92,0.0,0.0,0.0,124.49,0.0,160191.8,0.0,230240.22,47917700.09
2022-05-20,True,T06,-0.0,1042202.82,0.0,445069.75,0.0,-22167.96,0.0,-1116103.49,0.0,349001.11,4277901.28
2022-05-23,True,BOOK,0.0,-3849236.72,0.0,2651915.72,0.0,75590.26,0.0,4637329.17,-0.0,3515598.44,197638638.55
2022-05-23,True,T01,0.0,0.0,0.0,0.0,0.0,0.0,0.0,-272130.1,-0.0,-272130.1,58603990.34
2022-05-23,True,T02,0.0,-652915.96,0.0,0.0,0.0,-22445.12,0.0,-46146.04,-0.0,-721507.12,46337902.39
2022-05-23,True,T03,0.0,0.0,0.0,0.0,0.0,0.0,0.0,-201317.16,0.0,-201317.16,29240928.84
2022-05-23,True,T04,0.0,263153.09,0.0,1305239.77,0.0,-27956.69,0.0,1514050.43,-0.0,3054486.6,9604149.39
2022-05-23,True,T05,0.0,-1401943.78,0.0,0.0,0.0,-280791.68,0.0,842068.33,0.0,-840667.14,47077032.95
2022-05-23,True,T06,0.0,-2057530.06,0.0,1346675.95,0.0,406783.75,0.0,2800803.72,-0.0,2496733.36,6774634.64
2022-05-24,True,BOOK,4027437.73,-3160253.89,0.0,860675.06,0.0,157180.81,0.0,1822171.79,-0.0,3707211.5,201345850.05
2022-05-24,True,T01,0.0,0.0,0.0,0.0,0.0,0.0,0.0,-90710.03,0.0,-90710.03,58513280.3
2022-05-24,True,T02,0.0,1431611.76,0.0,0.0,0.0,6580.37,0.0,-20758.99,0.0,1417433.13,47755335.53
2022-05-24,True,T03,0.0,0.0,0.0,0.0,0.0,0.0,0.0,-67105.72,-0.0,-67105.72,29173823.12
2022-05-24,True,T04,4027437.73,-3711659.04,0.0,423613.5,0.0,48658.11,0.0,1186755.21,0.0,1974805.52,11578954.91
2022-05-24,True,T05,0.0,-34228.59,0.0,0.0,0.0,126125.53,0.0,-485210.76,-0.0,-393313.82,46683719.13
2022-05-24,True,T06,0.0,-845978.02,0.0,437061.55,0.0,-24183.2,0.0,1299202.09,0.0,866102.42,7640737.06
2022-05-25,True,BOOK,1043573.12,2079833.76,0.0,431717.39,0.0,-46583.11,0.0,-2005187.37,0.0,1503353.78,202849203.83
2022-05-25,True,T01,0.0,0.0,0.0,0.0,0.0,0.0,0.0,-50784.83,0.0,-50784.83,58462495.47
2022-05-25,True,T02,0.0,749485.16,0.0,0.0,0.0,-4649.47,0.0,-10624.56,0.0,734211.13,48489546.65
2022-05-25,True,T03,0.0,0.0,0.0,0.0,0.0,0.0,0.0,-67105.72,-0.0,-67105.72,29106717.39
2022-05-25,True,T04,0.0,1891402.19,0.0,0.0,0.0,27319.11,0.0,-1978126.47,-0.0,-59405.17,11519549.74
2022-05-25,True,T05,0.0,-21228.18,0.0,0.0,0.0,-85307.55,0.0,-51666.06,0.0,-158201.8,46525517.34
2022-05-25,True,T06,0.0,-539825.41,0.0,431717.39,0.0,16054.8,0.0,153120.28,0.0,61067.05,7701804.12
2022-05-25,True,T07,1043573.12,0.0,0.0,0.0,0.0,0.0,0.0,0.0,0.0,1043573.12,1043573.12
2022-05-26,True,BOOK,0.0,-44105.78,0.0,1058170.15,152641.53,77727.99,0.0,378987.12,-0.0,1623421.02,204472624.85
2022-05-26,True,T01,0.0,0.0,0.0,0.0,0.0,0.0,0.0,-50784.83,-0.0,-50784.83,58411710.63
2022-05-26,True,T02,0.0,46553.49,0.0,0.0,0.0,4661.84,0.0,-11636.17,0.0,39579.16,48529125.81
2022-05-26,True,T03,0.0,0.0,0.0,0.0,0.0,0.0,0.0,-67105.72,-0.0,-67105.72,29039611.67
2022-05-26,True,T04,0.0,0.0,0.0,0.0,0.0,0.0,0.0,-59405.17,0.0,-59405.17,11460144.57
2022-05-26,True,T05,0.0,-1629.87,0.0,0.0,0.0,85290.25,0.0,-89429.48,-0.0,-5769.1,46519748.23
2022-05-26,True,T06,0.0,-42562.3,0.0,431229.21,0.0,-15911.24,0.0,280345.99,0.0,653101.66,8354905.78
2022-05-26,True,T07,0.0,-46467.1,0.0,626940.94,152641.53,3687.14,0.0,377002.51,-0.0,1113805.02,2157378.14
2022-05-27,True,BOOK,-249253.56,-35902.77,0.0,1058617.55,0.0,-32229.73,0.0,-1433633.44,0.0,-692401.95,203780222.9
2022-05-27,True,T01,0.0,0.0,0.0,0.0,0.0,0.0,0.0,-50784.83,0.0,-50784.83,58360925.8
2022-05-27,True,T02,0.0,21825.33,0.0,0.0,0.0,-1921.96,0.0,-4643.92,0.0,15259.44,48544385.26
2022-05-27,True,T03,0.0,0.0,0.0,0.0,0.0,0.0,0.0,-67105.72,-0.0,-67105.72,28972505.95
2022-05-27,True,T04,0.0,0.0,0.0,0.0,0.0,0.0,0.0,-59405.17,-0.0,-59405.17,11400739.41
2022-05-27,True,T05,0.0,-1014.89,0.0,0.0,0.0,-35132.36,0.0,201125.68,-0.0,164978.43,46684726.66
2022-05-27,True,T06,0.0,-27006.97,0.0,431411.54,0.0,6456.74,0.0,-612141.39,-0.0,-201280.07,8153625.7
2022-05-27,True,T07,-249253.56,-29706.24,0.0,627206.01,0.0,-1632.15,0.0,-840678.09,0.0,-494064.03,1663314.11
2022-05-30,True,BOOK,0.0,706404.98,0.0,3211673.11,0.0,-158698.65,0.0,303098.08,-0.0,4062477.51,207842700.41
2022-05-30,True,T01,0.0,0.0,0.0,0.0,0.0,0.0,0.0,-154129.2,-0.0,-154129.2,58206796.6
2022-05-30,True,T02,0.0,-232756.31,0.0,0.0,0.0,-8878.66,0.0,-23385.61,-0.0,-265020.58,48279364.68
2022-05-30,True,T03,0.0,0.0,0.0,0.0,0.0,0.0,0.0,-201317.16,-0.0,-201317.16,28771188.79
2022-05-30,True,T04,0.0,0.0,0.0,0.0,0.0,0.0,0.0,-178215.51,0.0,-178215.51,11222523.9
2022-05-30,True,T05,0.0,16070.21,0.0,0.0,0.0,-164540.25,0.0,-124457.29,0.0,-272927.32,46411799.34
2022-05-30,True,T06,0.0,438502.88,0.0,1308832.3,0.0,29684.67,0.0,424332.95,-0.0,2201352.8,10354978.5
2022-05-30,True,T07,0.0,484588.19,0.0,1902840.81,0.0,-14964.41,0.0,560269.89,-0.0,2932734.48,4596048.59
2022-05-31,True,BOOK,0.0,-1010476.76,0.0,1054278.02,0.0,572820.29,0.0,833572.34,-0.0,1450193.89,209292894.3
2022-05-31,True,T01,0.0,0.0,0.0,0.0,0.0,0.0,0.0,-51376.4,0.0,-51376.4,58155420.2
2022-05-31,True,T02,0.0,135183.44,0.0,0.0,0.0,32183.34,0.0,51320.17,0.0,218686.94,48498051.62
2022-05-31,True,T03,0.0,0.0,0.0,0.0,0.0,0.0,0.0,-67105.72,-0.0,-67105.72,28704083.07
2022-05-31,True,T04,0.0,0.0,0.0,0.0,0.0,0.0,0.0,-59405.17,0.0,-59405.17,11163118.73
2022-05-31,True,T05,0.0,-18065.59,0.0,0.0,0.0,591475.81,0.0,-125651.82,-0.0,447758.41,46859557.75
2022-05-31,True,T06,0.0,-531962.87,0.0,429643.08,0.0,-106010.87,0.0,462461.85,-0.0,254131.19,10609109.69
2022-05-31,True,T07,0.0,-595631.73,0.0,624634.94,0.0,55172.01,0.0,623329.43,0.0,707504.64,5303553.24
2022-06-01,True,BOOK,3199477.02,-2880317.91,0.0,1015336.36,0.0,-650005.31,0.0,-1038909.12,0.0,-354418.96,208938475.33
2022-06-01,True,T01,0.0,0.0,0.0,0.0,0.0,0.0,0.0,-51376.4,0.0,-51376.4,58104043.8
2022-06-01,True,T02,-24000.0,0.0,0.0,0.0,0.0,-36596.52,0.0,50467.18,-0.0,-10129.33,48487922.28
2022-06-01,True,T03,0.0,0.0,0.0,0.0,0.0,0.0,0.0,-67105.72,-0.0,-67105.72,28636977.35
2022-06-01,True,T04,0.0,0.0,0.0,0.0,0.0,0.0,0.0,-59405.17,-0.0,-59405.17,11103713.56
2022-06-01,True,T05,0.0,-45926.36,0.0,0.0,0.0,-671515.83,0.0,56130.31,0.0,-661311.88,46198245.87
2022-06-01,True,T06,3761453.19,-1334515.35,0.0,413773.44,0.0,120981.74,0.0,-409393.38,0.0,2552299.64,13161409.33
2022-06-01,True,T07,-537976.17,-1499876.2,0.0,601562.92,0.0,-62874.71,0.0,-558225.95,0.0,-2057390.1,3246163.13
2022-06-06,True,BOOK,0.0,-2212190.63,0.0,3040517.68,0.0,91298.14,0.0,2951759.71,-0.0,3871384.91,212809860.24
2022-06-06,True,T01,0.0,0.0,0.0,0.0,0.0,0.0,0.0,-256882.0,-0.0,-256882.0,57847161.79
2022-06-06,True,T02,0.0,0.0,0.0,0.0,0.0,-1051.56,0.0,264152.31,-0.0,263100.75,48751023.04
2022-06-06,True,T03,0.0,0.0,0.0,0.0,0.0,0.0,0.0,-335528.6,0.0,-335528.6,28301448.75
2022-06-06,True,T04,0.0,0.0,0.0,0.0,0.0,8691.02,0.0,-297025.84,0.0,-288334.82,10815378.75
2022-06-06,True,T05,0.0,254081.11,0.0,0.0,0.0,344415.22,0.0,-70603.55,-0.0,527892.78,46726138.66
2022-06-06,True,T06,0.0,-3003091.46,0.0,0.0,0.0,-294316.47,0.0,3100175.25,0.0,-197232.68,12964176.65
2022-06-06,True,T07,0.0,536819.72,0.0,3040517.68,0.0,33559.92,0.0,547472.15,0.0,4158369.47,7404532.61
2022-06-07,True,BOOK,0.0,-717826.03,0.0,603474.73,0.0,472271.96,0.0,-331840.13,0.0,26080.53,212835940.77
2022-06-07,True,T01,0.0,0.0,0.0,0.0,0.0,0.0,0.0,-51376.4,0.0,-51376.4,57795785.39
2022-06-07,True,T02,0.0,0.0,0.0,0.0,0.0,-1539.39,0.0,57298.84,-0.0,55759.45,48806782.49
2022-06-07,True,T03,0.0,0.0,0.0,0.0,0.0,0.0,0.0,-61505.31,-0.0,-61505.31,28239943.44
2022-06-07,True,T04,0.0,0.0,0.0,0.0,0.0,0.0,0.0,-59405.17,0.0,-59405.17,10755973.58
2022-06-07,True,T05,0.0,-328615.47,0.0,0.0,0.0,488090.65,0.0,24368.81,0.0,183843.98,46909982.64
2022-06-07,True,T06,0.0,0.0,0.0,0.0,0.0,-65523.71,0.0,-31523.22,-0.0,-97046.94,12867129.71
2022-06-07,True,T07,0.0,-389210.56,0.0,603474.73,0.0,51244.41,0.0,-209697.67,-0.0,55810.91,7460343.52
2022-06-08,True,BOOK,3251747.41,1654274.02,0.0,615024.63,0.0,-217552.54,0.0,405132.07,-0.0,5708625.58,218544566.35
2022-06-08,True,T01,0.0,0.0,0.0,0.0,0.0,0.0,0.0,-51376.4,0.0,-51376.4,57744408.99
2022-06-08,True,T02,0.0,0.0,0.0,0.0,0.0,704.35,0.0,50388.42,0.0,51092.78,48857875.27
2022-06-08,True,T03,0.0,0.0,0.0,0.0,0.0,0.0,0.0,-61505.31,-0.0,-61505.31,28178438.14
2022-06-08,True,T04,0.0,0.0,0.0,0.0,0.0,0.0,0.0,-66408.64,-0.0,-66408.64,10689564.94
2022-06-08,True,T05,0.0,913722.96,0.0,0.0,0.0,-224115.08,0.0,195776.11,-0.0,885383.98,47795366.62
2022-06-08,True,T06,0.0,0.0,0.0,0.0,0.0,29984.49,0.0,-35313.28,0.0,-5328.79,12861800.92
2022-06-08,True,T07,0.0,740551.06,0.0,615024.63,0.0,-24126.3,0.0,373571.17,0.0,1705020.56,9165364.07
2022-06-08,True,T08,3251747.41,0.0,0.0,0.0,0.0,0.0,0.0,0.0,0.0,3251747.41,3251747.41
2022-06-09,True,BOOK,0.0,-511767.82,0.0,1157026.06,0.0,310596.69,0.0,175145.88,0.0,1131000.82,219675567.17
2022-06-09,True,T01,0.0,0.0,0.0,0.0,0.0,0.0,0.0,-51376.4,0.0,-51376.4,57693032.59
2022-06-09,True,T02,0.0,0.0,0.0,0.0,0.0,-997.84,0.0,57312.13,-0.0,56314.29,48914189.55
2022-06-09,True,T03,0.0,0.0,0.0,0.0,0.0,0.0,0.0,2674.15,0.0,2674.15,28181112.28
2022-06-09,True,T04,0.0,0.0,0.0,0.0,0.0,0.0,0.0,-66408.64,-0.0,-66408.64,10623156.29
2022-06-09,True,T05,0.0,-312276.41,0.0,0.0,0.0,315289.61,0.0,-21918.54,0.0,-18905.35,47776461.28
2022-06-09,True,T06,0.0,0.0,0.0,0.0,0.0,-42011.55,0.0,-31045.15,-0.0,-73056.7,12788744.21
2022-06-09,True,T07,0.0,-193761.28,0.0,612543.21,0.0,34746.42,0.0,155110.72,-0.0,608639.07,9774003.15
2022-06-09,True,T08,0.0,-5730.13,0.0,544482.85,0.0,3570.06,0.0,130797.63,-0.0,673120.41,3924867.82
2022-06-10,True,BOOK,0.0,-2630364.35,0.0,1134613.37,0.0,366390.98,0.0,-3274886.95,-0.0,-4404246.95,215271320.22
2022-06-10,True,T01,0.0,0.0,0.0,0.0,0.0,0.0,0.0,-51376.4,0.0,-51376.4,57641656.19
2022-06-10,True,T02,0.0,0.0,0.0,0.0,0.0,-1156.59,0.0,44178.33,0.0,43021.74,48957211.29
2022-06-10,True,T03,0.0,0.0,0.0,0.0,0.0,0.0,0.0,2674.15,0.0,2674.15,28183786.43
2022-06-10,True,T04,0.0,0.0,0.0,0.0,0.0,0.0,0.0,-66408.64,-0.0,-66408.64,10556747.65
2022-06-10,True,T05,0.0,-1722010.03,0.0,0.0,0.0,363420.24,0.0,177164.5,-0.0,-1181425.28,46595035.99
2022-06-10,True,T06,0.0,0.0,0.0,0.0,0.0,-48701.39,0.0,-30996.42,0.0,-79697.82,12709046.4
2022-06-10,True,T07,0.0,-871118.36,0.0,600677.66,0.0,48003.12,0.0,-2204872.1,0.0,-2427309.68,7346693.46
2022-06-10,True,T08,0.0,-37235.96,0.0,533935.7,0.0,4825.6,0.0,-1145250.36,-0.0,-643725.01,3281142.81
2022-06-13,True,BOOK,0.0,-5500654.15,0.0,3252490.59,0.0,846821.32,0.0,56234.4,0.0,-1345107.84,213926212.38
2022-06-13,True,T01,0.0,0.0,0.0,0.0,0.0,0.0,0.0,-154129.2,0.0,-154129.2,57487526.99
2022-06-13,True,T02,0.0,0.0,0.0,0.0,0.0,-56136.13,0.0,197416.95,-0.0,141280.82,49098492.11
2022-06-13,True,T03,0.0,0.0,0.0,0.0,0.0,0.0,0.0,8022.44,0.0,8022.44,28191808.86
2022-06-13,True,T04,0.0,0.0,0.0,0.0,0.0,0.0,0.0,-199225.93,0.0,-199225.93,10357521.72
2022-06-13,True,T05,0.0,-3786875.56,0.0,0.0,0.0,896719.9,0.0,-101742.88,0.0,-2991898.55,43603137.44
2022-06-13,True,T06,0.0,0.0,0.0,0.0,0.0,-121600.1,0.0,-93947.54,-0.0,-215547.64,12493498.75
2022-06-13,True,T07,0.0,-1623716.51,0.0,1721906.78,0.0,114980.29,0.0,185194.58,-0.0,398365.14,7745058.6
2022-06-13,True,T08,0.0,-90062.07,0.0,1530583.81,0.0,12857.37,0.0,214645.99,0.0,1668025.09,4949167.9
2022-06-14,True,BOOK,-467305.84,-89229.06,0.0,1086805.76,0.0,-87774.17,0.0,1133527.56,-0.0,1576024.26,215502236.64
2022-06-14,True,T01,0.0,0.0,0.0,0.0,0.0,0.0,0.0,-51376.4,0.0,-51376.4,57436150.59
2022-06-14,True,T02,0.0,0.0,0.0,0.0,0.0,5790.86,0.0,65207.0,-0.0,70997.86,49169489.97
2022-06-14,True,T03,0.0,0.0,0.0,0.0,0.0,0.0,0.0,0.0,0.0,0.0,28191808.86
2022-06-14,True,T04,0.0,0.0,0.0,0.0,0.0,0.0,0.0,-66408.64,0.0,-66408.64,10291113.08
2022-06-14,True,T05,0.0,-62881.64,0.0,0.0,0.0,-92500.8,0.0,-71535.27,-0.0,-226917.71,43376219.73
2022-06-14,True,T06,0.0,0.0,0.0,0.0,0.0,12546.45,0.0,-38054.6,-0.0,-25508.16,12467990.6
2022-06-14,True,T07,0.0,-24145.61,0.0,575367.76,0.0,-12080.14,0.0,797648.75,-0.0,1336790.76,9081849.37
2022-06-14,True,T08,-467305.84,-2201.81,0.0,511438.01,0.0,-1530.54,0.0,498046.72,0.0,538446.54,5487614.44
2022-06-15,True,BOOK,0.0,-525093.55,0.0,1085797.06,0.0,446973.21,0.0,-1522335.19,-0.0,-514658.47,214987578.17
2022-06-15,True,T01,0.0,0.0,0.0,0.0,0.0,0.0,0.0,-51376.4,-0.0,-51376.4,57384774.19
2022-06-15,True,T02,0.0,0.0,0.0,0.0,0.0,-29361.89,0.0,63203.13,-0.0,33841.24,49203331.21
2022-06-15,True,T03,0.0,0.0,0.0,0.0,0.0,0.0,0.0,0.0,0.0,0.0,28191808.86
2022-06-15,True,T04,0.0,0.0,0.0,0.0,0.0,0.0,0.0,-24314.84,0.0,-24314.84,10266798.24
2022-06-15,True,T05,0.0,-382608.84,0.0,0.0,0.0,468391.36,0.0,28734.25,-0.0,114516.77,43490736.5
2022-06-15,True,T06,0.0,0.0,0.0,0.0,0.0,-63618.47,0.0,-7281.36,0.0,-70899.82,12397090.78
2022-06-15,True,T07,0.0,-130561.74,0.0,574833.74,0.0,63064.38,0.0,-973516.31,-0.0,-466179.93,8615669.43
2022-06-15,True,T08,0.0,-11922.97,0.0,510963.32,0.0,8497.82,0.0,-557783.67,0.0,-50245.49,5437368.95
2022-06-16,True,BOOK,-228432.67,-5746412.66,0.0,217135.93,0.0,-327277.14,0.0,1869196.19,-0.0,-4215790.35,210771787.82
2022-06-16,True,T01,0.0,0.0,0.0,0.0,0.0,0.0,0.0,-52435.71,0.0,-52435.71,57332338.48
2022-06-16,True,T02,0.0,0.0,0.0,0.0,0.0,19170.6,0.0,63984.84,0.0,83155.44,49286486.65
2022-06-16,True,T03,0.0,0.0,0.0,0.0,0.0,0.0,0.0,0.0,0.0,0.0,28191808.86
2022-06-16,True,T04,0.0,0.0,0.0,0.0,0.0,0.0,0.0,-24816.17,-0.0,-24816.17,10241982.07
2022-06-16,True,T05,-228432.67,-4278373.39,0.0,0.0,0.0,-301640.23,0.0,-79249.38,-0.0,-4887695.66,38603040.84
2022-06-16,True,T06,0.0,0.0,0.0,0.0,0.0,0.0,0.0,-72361.68,0.0,-72361.68,12324729.1
2022-06-16,True,T07,0.0,-1318421.73,0.0,114954.32,0.0,-39374.05,0.0,1245373.47,0.0,2532.0,8618201.43
2022-06-16,True,T08,0.0,-149617.53,0.0,102181.61,0.0,-5433.47,0.0,788700.81,-0.0,735831.43,6173200.38
2022-06-17,True,BOOK,0.0,1070340.57,0.0,215537.06,0.0,-47544.4,0.0,627109.22,-0.0,1865442.46,212637230.27
2022-06-17,True,T01,0.0,0.0,0.0,0.0,0.0,0.0,0.0,-52435.71,-0.0,-52435.71,57279902.77
2022-06-17,True,T02,0.0,0.0,0.0,0.0,0.0,-1260.86,0.0,65952.86,0.0,64692.0,49351178.65
2022-06-17,True,T03,0.0,0.0,0.0,0.0,0.0,0.0,0.0,0.0,0.0,0.0,28191808.86
2022-06-17,True,T04,0.0,0.0,0.0,0.0,0.0,0.0,0.0,-25269.0,0.0,-25269.0,10216713.07
2022-06-17,True,T05,0.0,1562756.28,0.0,0.0,0.0,-45618.7,0.0,-7106.63,0.0,1510030.95,40113071.8
2022-06-17,True,T06,0.0,0.0,0.0,0.0,0.0,0.0,0.0,-72361.68,0.0,-72361.68,12252367.42
2022-06-17,True,T07,0.0,-441121.54,0.0,114107.86,0.0,-2102.48,0.0,407623.98,-0.0,78507.82,8696709.25
2022-06-17,True,T08,0.0,-51294.17,0.0,101429.21,0.0,1437.65,0.0,310705.39,-0.0,362278.07,6535478.44
2022-06-20,True,BOOK,0.0,411703.22,0.0,644529.3,0.0,-65447.15,0.0,-1836880.72,0.0,-846095.35,211791134.92
2022-06-20,True,T01,0.0,0.0,0.0,0.0,0.0,0.0,0.0,-157307.12,-0.0,-157307.12,57122595.65
2022-06-20,True,T02,0.0,0.0,0.0,0.0,0.0,29125.1,0.0,196647.5,-0.0,225772.59,49576951.25
2022-06-20,True,T03,0.0,0.0,0.0,0.0,0.0,0.0,0.0,0.0,0.0,0.0,28191808.86
2022-06-20,True,T04,0.0,0.0,0.0,0.0,0.0,0.0,0.0,-75806.99,-0.0,-75806.99,10140906.08
2022-06-20,True,T05,0.0,636190.7,0.0,0.0,0.0,-31279.92,0.0,61889.0,0.0,666799.77,40779871.57
2022-06-20,True,T06,0.0,0.0,0.0,0.0,0.0,0.0,0.0,-217085.03,-0.0,-217085.03,12035282.4
2022-06-20,True,T07,0.0,-200665.12,0.0,341221.39,0.0,-53017.51,0.0,-1111211.62,0.0,-1023672.86,7673036.4
2022-06-20,True,T08,0.0,-23822.36,0.0,303307.91,0.0,-10274.81,0.0,-534006.46,0.0,-264795.72,6270682.72
2022-06-21,True,BOOK,0.0,-1609578.49,0.0,218718.8,0.0,88039.34,0.0,-1944755.22,-0.0,-3247575.57,208543559.35
2022-06-21,True,T01,0.0,0.0,0.0,0.0,0.0,0.0,0.0,-52435.71,-0.0,-52435.71,57070159.94
2022-06-21,True,T02,0.0,0.0,0.0,0.0,0.0,-41874.5,0.0,66137.23,-0.0,24262.73,49601213.97
2022-06-21,True,T03,0.0,0.0,0.0,0.0,0.0,0.0,0.0,0.0,0.0,0.0,28191808.86
2022-06-21,True,T04,0.0,0.0,0.0,0.0,0.0,0.0,0.0,-25269.0,-0.0,-25269.0,10115637.09
2022-06-21,True,T05,0.0,-2703071.04,0.0,0.0,0.0,39632.39,0.0,-160460.89,-0.0,-2823899.53,37955972.04
2022-06-21,True,T06,0.0,0.0,0.0,0.0,0.0,0.0,0.0,-72361.68,0.0,-72361.68,11962920.72
2022-06-21,True,T07,-0.0,970799.93,0.0,115792.31,0.0,76126.12,0.0,-1220343.02,-0.0,-57624.67,7615411.73
2022-06-21,True,T08,0.0,122692.61,0.0,102926.5,0.0,14155.33,0.0,-480022.16,-0.0,-240247.72,6030435.0
2022-06-22,True,BOOK,-153230.0,10992293.03,0.0,213062.9,0.0,-834108.27,0.0,-8232232.02,0.0,1985785.65,210529344.99
2022-06-22,True,T01,0.0,0.0,0.0,0.0,0.0,0.0,0.0,-52435.71,-0.0,-52435.71,57017724.23
2022-06-22,True,T02,0.0,0.0,0.0,0.0,0.0,-51590.73,0.0,64906.32,0.0,13315.59,49614529.56
2022-06-22,True,T03,0.0,0.0,0.0,0.0,0.0,0.0,0.0,0.0,0.0,0.0,28191808.86
2022-06-22,True,T04,0.0,0.0,0.0,0.0,0.0,0.0,0.0,-25269.0,0.0,-25269.0,10090368.09
2022-06-22,True,T05,0.0,5493517.4,0.0,0.0,0.0,-226131.58,0.0,-2578686.45,0.0,2688699.37,40644671.41
2022-06-22,True,T06,0.0,0.0,0.0,0.0,0.0,0.0,0.0,-72361.68,0.0,-72361.68,11890559.05
2022-06-22,True,T07,0.0,5638601.56,0.0,112798.01,0.0,-572531.01,0.0,-5779991.64,0.0,-601123.08,7014288.64
2022-06-22,True,T08,-153230.0,-139825.93,0.0,100264.9,0.0,16145.05,0.0,211606.13,0.0,34960.15,6065395.15
2022-06-23,True,BOOK,0.0,-408787.52,0.0,215904.2,0.0,-77452.38,0.0,-219010.18,-0.0,-489345.89,210039999.11
2022-06-23,True,T01,0.0,0.0,0.0,0.0,0.0,0.0,0.0,-52435.71,0.0,-52435.71,56965288.52
2022-06-23,True,T02,0.0,0.0,0.0,0.0,0.0,9643.71,0.0,65687.43,-0.0,75331.14,49689860.7
2022-06-23,True,T03,0.0,0.0,0.0,0.0,0.0,0.0,0.0,0.0,0.0,0.0,28191808.86
2022-06-23,True,T04,0.0,0.0,0.0,0.0,0.0,0.0,0.0,-25269.0,0.0,-25269.0,10065099.09
2022-06-23,True,T05,0.0,-870046.84,0.0,0.0,0.0,-9751.09,0.0,-6325.08,-0.0,-886123.02,39758548.39
2022-06-23,True,T06,0.0,0.0,0.0,0.0,0.0,0.0,0.0,-72632.91,0.0,-72632.91,11817926.14
2022-06-23,True,T07,0.0,407711.88,0.0,114302.22,0.0,-16655.22,0.0,-113557.02,-0.0,391801.86,7406090.5
2022-06-23,True,T08,0.0,53547.45,0.0,101601.97,0.0,-60689.78,0.0,-14477.89,-0.0,79981.75,6145376.9
2022-06-24,True,BOOK,0.0,467483.97,0.0,211950.45,0.0,13721.99,0.0,12864.04,0.0,706020.45,210746019.56
2022-06-24,True,T01,0.0,0.0,0.0,0.0,0.0,0.0,0.0,1414.78,-0.0,1414.78,56966703.3
2022-06-24,True,T02,0.0,0.0,0.0,0.0,0.0,-1697.12,0.0,65948.51,-0.0,64251.39,49754112.09
2022-06-24,True,T03,0.0,0.0,0.0,0.0,0.0,0.0,0.0,0.0,0.0,0.0,28191808.86
2022-06-24,True,T04,0.0,0.0,0.0,0.0,0.0,0.0,0.0,-25721.82,0.0,-25721.82,10039377.27
2022-06-24,True,T05,0.0,1300345.3,0.0,0.0,0.0,1823.17,0.0,-10573.17,0.0,1291595.3,41050143.69
2022-06-24,True,T06,0.0,0.0,0.0,0.0,0.0,0.0,0.0,-72632.91,0.0,-72632.91,11745293.23
2022-06-24,True,T07,0.0,-734514.03,0.0,112209.06,0.0,2903.86,0.0,-4766.37,0.0,-624167.49,6781923.02
2022-06-24,True,T08,0.0,-98347.29,0.0,99741.39,0.0,10692.08,0.0,59195.02,0.0,71281.19,6216658.09
2022-06-27,True,BOOK,0.0,-77860.09,0.0,640409.9,0.0,312252.57,0.0,2402242.73,-0.0,3277045.11,214023064.67
2022-06-27,True,T01,0.0,0.0,0.0,0.0,0.0,0.0,0.0,4244.35,0.0,4244.35,56970947.65
2022-06-27,True,T02,0.0,0.0,0.0,0.0,0.0,-38463.55,0.0,196915.46,-0.0,158451.91,49912564.0
2022-06-27,True,T03,0.0,0.0,0.0,0.0,0.0,0.0,0.0,0.0,0.0,0.0,28191808.86
2022-06-27,True,T04,0.0,0.0,0.0,0.0,0.0,0.0,0.0,-77165.46,0.0,-77165.46,9962211.81
2022-06-27,True,T05,0.0,-401434.38,0.0,0.0,0.0,40580.66,0.0,-28855.76,-0.0,-389709.48,40660434.21
2022-06-27,True,T06,0.0,0.0,0.0,0.0,0.0,0.0,0.0,-217898.72,0.0,-217898.72,11527394.51
2022-06-27,True,T07,0.0,284722.19,0.0,339040.54,0.0,67038.62,0.0,1364948.14,-0.0,2055749.48,8837672.5
2022-06-27,True,T08,0.0,38852.1,0.0,301369.37,0.0,243096.84,0.0,1160054.73,-0.0,1743373.04,7960031.13
2022-06-28,True,BOOK,0.0,79150.93,0.0,219008.19,0.0,1129861.62,0.0,-1523830.78,0.0,-95810.03,213927254.65
2022-06-28,True,T01,0.0,0.0,0.0,0.0,0.0,0.0,0.0,1414.78,-0.0,1414.78,56972362.43
2022-06-28,True,T02,0.0,0.0,0.0,0.0,0.0,-136740.98,0.0,65481.32,-0.0,-71259.66,49841304.34
2022-06-28,True,T03,0.0,0.0,0.0,0.0,0.0,0.0,0.0,0.0,0.0,0.0,28191808.86
2022-06-28,True,T04,0.0,0.0,0.0,0.0,0.0,0.0,0.0,-25721.82,0.0,-25721.82,9936489.99
2022-06-28,True,T05,0.0,-832038.42,0.0,0.0,0.0,138815.2,0.0,-5708.57,0.0,-698931.79,39961502.42
2022-06-28,True,T06,0.0,0.0,0.0,0.0,0.0,0.0,0.0,-72632.91,0.0,-72632.91,11454761.6
2022-06-28,True,T07,0.0,796521.81,0.0,115945.51,0.0,254198.02,0.0,-909061.24,0.0,257604.11,9095276.61
2022-06-28,True,T08,0.0,114667.54,0.0,103062.68,0.0,873589.38,0.0,-577602.35,0.0,513717.25,8473748.38
2022-06-29,True,BOOK,-153010.0,-373233.72,0.0,215655.41,0.0,-47183.13,0.0,-379321.22,0.0,-737092.66,213190161.99
2022-06-29,True,T01,0.0,0.0,0.0,0.0,0.0,0.0,0.0,1414.78,-0.0,1414.78,56973777.22
2022-06-29,True,T02,0.0,0.0,0.0,0.0,0.0,5756.99,0.0,65422.56,0.0,71179.55,49912483.89
2022-06-29,True,T03,0.0,0.0,0.0,0.0,0.0,0.0,0.0,0.0,0.0,0.0,28191808.86
2022-06-29,True,T04,0.0,0.0,0.0,0.0,0.0,0.0,0.0,-25721.82,0.0,-25721.82,9910768.17
2022-06-29,True,T05,0.0,567922.75,0.0,0.0,0.0,-6002.84,0.0,-22175.16,0.0,539744.75,40501247.17
2022-06-29,True,T06,0.0,0.0,0.0,0.0,0.0,0.0,0.0,-72632.91,0.0,-72632.91,11382128.69
2022-06-29,True,T07,0.0,-820847.32,0.0,114170.51,0.0,-10319.09,0.0,-229645.67,0.0,-946641.57,8148635.05
2022-06-29,True,T08,-153010.0,-120309.15,0.0,101484.9,0.0,-36618.18,0.0,-95983.01,0.0,-304435.44,8169312.94
2022-06-30,True,BOOK,0.0,369534.0,0.0,210671.58,0.0,296369.16,0.0,1114034.04,-0.0,1990608.78,215180770.77
2022-06-30,True,T01,0.0,0.0,0.0,0.0,0.0,0.0,0.0,9356.4,0.0,9356.4,56983133.61
2022-06-30,True,T02,0.0,0.0,0.0,0.0,0.0,-25338.76,0.0,65328.45,-0.0,39989.69,49952473.58
2022-06-30,True,T03,0.0,0.0,0.0,0.0,0.0,0.0,0.0,0.0,0.0,0.0,28191808.86
2022-06-30,True,T04,0.0,0.0,0.0,0.0,0.0,0.0,0.0,-25721.82,0.0,-25721.82,9885046.35
2022-06-30,True,T05,0.0,1451837.93,0.0,0.0,0.0,-34711.48,0.0,-14692.64,-0.0,1402433.81,41903680.97
2022-06-30,True,T06,0.0,0.0,0.0,0.0,0.0,0.0,0.0,-72632.91,-0.0,-72632.91,11309495.79
2022-06-30,True,T07,0.0,-943803.97,0.0,111532.01,0.0,44432.18,0.0,646188.28,-0.0,-141651.5,8006983.55
2022-06-30,True,T08,0.0,-138499.96,0.0,99139.57,0.0,311987.22,0.0,506208.28,-0.0,778835.11,8948148.05
2022-07-01,True,BOOK,0.0,275549.9,0.0,210284.5,0.0,-89332.41,0.0,-1724942.69,0.0,-1328440.71,213852330.06
2022-07-01,True,T01,0.0,0.0,0.0,0.0,0.0,0.0,0.0,9356.4,-0.0,9356.4,56992490.01
2022-07-01,True,T02,0.0,0.0,0.0,0.0,0.0,9533.35,0.0,65222.56,0.0,74755.92,50027229.49
2022-07-01,True,T03,0.0,0.0,0.0,0.0,0.0,0.0,0.0,0.0,0.0,0.0,28191808.86
2022-07-01,True,T04,0.0,0.0,0.0,0.0,0.0,0.0,0.0,-25721.82,0.0,-25721.82,9859324.53
2022-07-01,True,T05,0.0,533156.4,0.0,0.0,0.0,35954.47,0.0,-18518.47,-0.0,550592.41,42454273.38
2022-07-01,True,T06,0.0,0.0,0.0,0.0,0.0,0.0,0.0,-72632.91,0.0,-72632.91,11236862.88
2022-07-01,True,T07,0.0,-224190.41,0.0,111327.09,0.0,-17018.6,0.0,-998630.52,0.0,-1128512.44,6878471.11
2022-07-01,True,T08,0.0,-33416.09,0.0,98957.41,0.0,-117801.63,0.0,-684017.94,-0.0,-736278.26,8211869.79
2022-07-04,True,BOOK,-312136.58,-1738661.92,0.0,641057.82,0.0,-175813.66,0.0,767940.04,0.0,-817614.29,213034715.77
2022-07-04,True,T01,0.0,0.0,0.0,0.0,0.0,0.0,0.0,28069.19,0.0,28069.19,57020559.2
2022-07-04,True,T02,0.0,0.0,0.0,0.0,0.0,25822.81,0.0,196877.39,0.0,222700.2,50249929.69
2022-07-04,True,T03,0.0,0.0,0.0,0.0,0.0,0.0,0.0,0.0,0.0,0.0,28191808.86
2022-07-04,True,T04,0.0,0.0,0.0,0.0,0.0,0.0,0.0,-77165.46,0.0,-77165.46,9782159.07
2022-07-04,True,T05,-312136.58,-2928051.03,0.0,0.0,0.0,163737.51,0.0,29685.42,0.0,-3046764.68,39407508.7
2022-07-04,True,T06,0.0,0.0,0.0,0.0,0.0,0.0,0.0,-217898.72,0.0,-217898.72,11018964.15
2022-07-04,True,T07,0.0,822450.68,0.0,339383.55,0.0,-46237.98,0.0,419466.26,0.0,1535062.51,8413533.62
2022-07-04,True,T08,0.0,366938.43,0.0,301674.27,0.0,-319135.99,0.0,388905.97,0.0,738382.67,8950252.46
2022-07-05,True,BOOK,0.0,2976431.49,0.0,208799.81,0.0,441745.54,0.0,-8899705.23,-0.0,-5272728.39,207761987.38
2022-07-05,True,T01,0.0,0.0,0.0,0.0,0.0,0.0,0.0,0.0,0.0,0.0,57020559.2
2022-07-05,True,T02,0.0,0.0,0.0,0.0,0.0,-116925.81,0.0,150922.43,0.0,33996.62,50283926.31
2022-07-05,True,T03,0.0,0.0,0.0,0.0,0.0,0.0,0.0,0.0,0.0,0.0,28191808.86
2022-07-05,True,T04,0.0,0.0,0.0,0.0,0.0,0.0,0.0,-25721.82,0.0,-25721.82,9756437.25
2022-07-05,True,T05,0.0,4726669.31,0.0,0.0,0.0,-1095019.44,0.0,-7251803.58,0.0,-3620153.72,35787354.99
2022-07-05,True,T06,0.0,0.0,0.0,0.0,0.0,0.0,0.0,-72632.91,0.0,-72632.91,10946331.25
2022-07-05,True,T07,0.0,-1005184.46,0.0,110541.08,0.0,209105.74,0.0,-964942.49,-0.0,-1650480.14,6763053.49
2022-07-05,True,T08,0.0,-745053.35,0.0,98258.74,0.0,1444585.06,0.0,-735526.88,-0.0,62263.57,9012516.04
2022-07-06,True,BOOK,0.0,-1567928.27,0.0,207920.86,0.0,-1322212.86,0.0,1734454.99,-0.0,-947765.28,206814222.1
2022-07-06,True,T01,0.0,0.0,0.0,0.0,0.0,0.0,0.0,0.0,0.0,0.0,57020559.2
2022-07-06,True,T02,0.0,0.0,0.0,0.0,0.0,2018.96,0.0,37800.65,0.0,39819.61,50323745.92
2022-07-06,True,T03,0.0,0.0,0.0,0.0,0.0,0.0,0.0,0.0,0.0,0.0,28191808.86
2022-07-06,True,T04,0.0,0.0,0.0,0.0,0.0,0.0,0.0,-25721.82,0.0,-25721.82,9730715.43
2022-07-06,True,T05,0.0,-995110.11,0.0,0.0,0.0,-459024.77,0.0,-31053.62,0.0,-1485188.51,34302166.48
2022-07-06,True,T06,0.0,0.0,0.0,0.0,0.0,0.0,0.0,-72632.91,0.0,-72632.91,10873698.34
2022-07-06,True,T07,0.0,-281674.91,0.0,110075.75,0.0,-107152.41,0.0,1008225.99,-0.0,729474.42,7492527.91
2022-07-06,True,T08,0.0,-291143.24,0.0,97845.11,0.0,-758054.63,0.0,817836.69,-0.0,-133516.07,8878999.96
2022-07-07,True,BOOK,0.0,4893858.95,0.0,213255.74,0.0,216368.55,0.0,-1200771.5,0.0,4122711.74,210936933.84
2022-07-07,True,T01,0.0,0.0,0.0,0.0,0.0,0.0,0.0,0.0,0.0,0.0,57020559.2
2022-07-07,True,T02,0.0,0.0,0.0,0.0,0.0,-365.52,0.0,37806.54,-0.0,37441.03,50361186.95
2022-07-07,True,T03,0.0,0.0,0.0,0.0,0.0,0.0,0.0,0.0,0.0,0.0,28191808.86
2022-07-07,True,T04,0.0,0.0,0.0,0.0,0.0,0.0,0.0,-25721.82,0.0,-25721.82,9704993.61
2022-07-07,True,T05,0.0,2459236.68,0.0,0.0,0.0,57721.53,0.0,-24332.31,0.0,2492625.89,36794792.38
2022-07-07,True,T06,0.0,0.0,0.0,0.0,0.0,0.0,0.0,-72632.91,0.0,-72632.91,10801065.43
2022-07-07,True,T07,0.0,1048637.93,0.0,112900.1,0.0,20511.7,0.0,-614485.88,-0.0,567563.85,8060091.75
2022-07-07,True,T08,0.0,1385984.35,0.0,100355.64,0.0,138500.85,0.0,-501405.13,0.0,1123435.7,10002435.66
2022-07-08,True,BOOK,0.0,-1202769.74,0.0,211392.9,0.0,257590.65,0.0,-747340.28,0.0,-1481126.47,209455807.37
2022-07-08,True,T01,0.0,0.0,0.0,0.0,0.0,0.0,0.0,0.0,0.0,0.0,57020559.2
2022-07-08,True,T02,0.0,0.0,0.0,0.0,0.0,-517.91,0.0,37802.57,-0.0,37284.66,50398471.61
2022-07-08,True,T03,0.0,0.0,0.0,0.0,0.0,0.0,0.0,0.0,0.0,0.0,28191808.86
2022-07-08,True,T04,0.0,0.0,0.0,0.0,0.0,0.0,0.0,-25721.82,0.0,-25721.82,9679271.79
2022-07-08,True,T05,0.0,-372135.41,0.0,0.0,0.0,42671.21,0.0,-20512.54,0.0,-349976.74,36444815.63
2022-07-08,True,T06,0.0,0.0,0.0,0.0,0.0,0.0,0.0,-72632.91,0.0,-72632.91,10728432.52
2022-07-08,True,T07,0.0,-318395.04,0.0,111913.89,0.0,16888.23,0.0,-361791.34,0.0,-551384.27,7508707.49
2022-07-08,True,T08,0.0,-512239.28,0.0,99479.01,0.0,198549.11,0.0,-304484.24,-0.0,-518695.4,9483740.26
2022-07-11,True,BOOK,0.0,900267.59,0.0,638790.74,0.0,828544.35,0.0,-2651642.78,-0.0,-284040.1,209171767.27
2022-07-11,True,T01,0.0,0.0,0.0,0.0,0.0,0.0,0.0,0.0,0.0,0.0,57020559.2
2022-07-11,True,T02,0.0,0.0,0.0,0.0,0.0,-1922.39,0.0,113406.84,0.0,111484.45,50509956.06
2022-07-11,True,T03,0.0,0.0,0.0,0.0,0.0,0.0,0.0,0.0,0.0,0.0,28191808.86
2022-07-11,True,T04,0.0,0.0,0.0,0.0,0.0,0.0,0.0,-77165.46,0.0,-77165.46,9602106.33
2022-07-11,True,T05,0.0,0.0,0.0,0.0,0.0,-4841.02,0.0,-23587.95,-0.0,-28428.97,36416386.66
2022-07-11,True,T06,0.0,0.0,0.0,0.0,0.0,0.0,0.0,-217898.72,0.0,-217898.72,10510533.8
2022-07-11,True,T07,0.0,311485.82,0.0,338183.34,0.0,106873.17,0.0,-1313089.97,-0.0,-556547.64,6952159.85
2022-07-11,True,T08,0.0,588781.76,0.0,300607.41,0.0,728434.58,0.0,-1133307.51,0.0,484516.24,9968256.51
2022-07-12,True,BOOK,0.0,-3363005.57,0.0,207519.24,0.0,348255.53,0.0,1258216.29,0.0,-1549014.51,207622752.76
2022-07-12,True,T01,0.0,0.0,0.0,0.0,0.0,0.0,0.0,0.0,0.0,0.0,57020559.2
2022-07-12,True,T02,0.0,0.0,0.0,0.0,0.0,-821.6,0.0,37796.99,0.0,36975.38,50546931.45
2022-07-12,True,T03,0.0,0.0,0.0,0.0,0.0,0.0,0.0,0.0,0.0,0.0,28191808.86
2022-07-12,True,T04,0.0,0.0,0.0,0.0,0.0,0.0,0.0,-25721.82,0.0,-25721.82,9576384.51
2022-07-12,True,T05,0.0,0.0,0.0,0.0,0.0,-2068.96,0.0,-46754.8,0.0,-48823.75,36367562.91
2022-07-12,True,T06,0.0,0.0,0.0,0.0,0.0,0.0,0.0,-72632.91,0.0,-72632.91,10437900.89
2022-07-12,True,T07,0.0,-1062240.65,0.0,109863.13,0.0,43488.6,0.0,755888.16,-0.0,-153000.77,6799159.08
2022-07-12,True,T08,0.0,-2300764.92,0.0,97656.11,0.0,307657.5,0.0,609640.67,0.0,-1285810.64,8682445.86
2022-07-13,True,BOOK,0.0,-934436.51,0.0,207015.1,0.0,118068.08,0.0,-330093.74,0.0,-939447.07,206683305.69
2022-07-13,True,T01,0.0,0.0,0.0,0.0,0.0,0.0,0.0,0.0,0.0,0.0,57020559.2
2022-07-13,True,T02,0.0,0.0,0.0,0.0,0.0,-276.93,0.0,276.93,0.0,0.0,50546931.45
2022-07-13,True,T03,0.0,0.0,0.0,0.0,0.0,0.0,0.0,0.0,0.0,0.0,28191808.86
2022-07-13,True,T04,0.0,0.0,0.0,0.0,0.0,0.0,0.0,-25721.82,0.0,-25721.82,9550662.69
2022-07-13,True,T05,0.0,0.0,0.0,0.0,0.0,-357.87,0.0,-47745.6,-0.0,-48103.48,36319459.43
2022-07-13,True,T06,0.0,0.0,0.0,0.0,0.0,0.0,0.0,-72632.91,0.0,-72632.91,10365267.98
2022-07-13,True,T07,0.0,-271215.13,0.0,109596.23,0.0,14950.56,0.0,-89492.83,0.0,-236161.17,6562997.9
2022-07-13,True,T08,0.0,-663221.38,0.0,97418.87,0.0,103752.33,0.0,-94777.51,0.0,-556827.69,8125618.17
2022-07-14,True,BOOK,0.0,-945400.71,0.0,205836.95,0.0,1578769.82,0.0,-596198.52,-0.0,243007.54,206926313.23
2022-07-14,True,T01,0.0,0.0,0.0,0.0,0.0,0.0,0.0,0.0,0.0,0.0,57020559.2
2022-07-14,True,T02,0.0,0.0,0.0,0.0,0.0,0.0,0.0,0.0,0.0,0.0,50546931.45
2022-07-14,True,T03,0.0,0.0,0.0,0.0,0.0,0.0,0.0,0.0,0.0,0.0,28191808.86
2022-07-14,True,T04,0.0,0.0,0.0,0.0,0.0,0.0,0.0,-25721.82,0.0,-25721.82,9524940.87
2022-07-14,True,T05,0.0,0.0,0.0,0.0,0.0,-4785.64,0.0,-47770.81,0.0,-52556.45,36266902.98
2022-07-14,True,T06,0.0,0.0,0.0,0.0,0.0,0.0,0.0,-72632.91,0.0,-72632.91,10292635.07
2022-07-14,True,T07,0.0,-253828.51,0.0,108972.5,0.0,199347.9,0.0,-233670.43,-0.0,-179178.54,6383819.37
2022-07-14,True,T08,0.0,-691572.2,0.0,96864.45,0.0,1384207.56,0.0,-216402.55,-0.0,573097.26,8698715.43
2022-07-15,True,BOOK,-184633.97,-621682.72,0.0,206060.51,0.0,-681215.79,0.0,815562.51,-0.0,-465909.45,206460403.78
2022-07-15,True,T01,0.0,0.0,0.0,0.0,0.0,0.0,0.0,0.0,0.0,0.0,57020559.2
2022-07-15,True,T02,0.0,0.0,0.0,0.0,0.0,0.0,0.0,0.0,0.0,0.0,50546931.45
2022-07-15,True,T03,0.0,0.0,0.0,0.0,0.0,0.0,0.0,0.0,0.0,0.0,28191808.86
2022-07-15,True,T04,0.0,0.0,0.0,0.0,0.0,0.0,0.0,-25721.82,0.0,-25721.82,9499219.05
2022-07-15,True,T05,0.0,0.0,0.0,0.0,0.0,2069.62,0.0,-47774.53,-0.0,-45704.91,36221198.07
2022-07-15,True,T06,0.0,0.0,0.0,0.0,0.0,0.0,0.0,-72632.91,0.0,-72632.91,10220002.17
2022-07-15,True,T07,0.0,-155335.02,0.0,109090.86,0.0,-85819.25,0.0,530165.46,-0.0,398102.05,6781921.42
2022-07-15,True,T08,-184633.97,-466347.69,0.0,96969.65,0.0,-597466.16,0.0,431526.31,0.0,-719951.86,7978763.57
2022-07-18,True,BOOK,0.0,-1246700.88,0.0,-4424511.78,0.0,86304.85,0.0,-953079.46,-0.0,-6537987.27,199922416.51
2022-07-18,True,T01,0.0,0.0,0.0,0.0,0.0,0.0,0.0,0.0,0.0,0.0,57020559.2
2022-07-18,True,T02,0.0,0.0,0.0,0.0,0.0,0.0,0.0,0.0,0.0,0.0,50546931.45
2022-07-18,True,T03,0.0,0.0,0.0,0.0,0.0,0.0,0.0,0.0,0.0,0.0,28191808.86
2022-07-18,True,T04,0.0,0.0,0.0,0.0,0.0,0.0,0.0,-77944.91,-0.0,-77944.91,9421274.14
2022-07-18,True,T05,0.0,0.0,0.0,0.0,0.0,-1536.6,0.0,-144758.62,0.0,-146295.23,36074902.84
2022-07-18,True,T06,0.0,0.0,0.0,0.0,0.0,0.0,0.0,-203476.94,0.0,-203476.94,10016525.23
2022-07-18,True,T07,0.0,1043475.82,0.0,-2342388.59,0.0,62252.34,0.0,-298785.34,0.0,-1535445.77,5246475.64
2022-07-18,True,T08,0.0,-2290176.7,0.0,-2082123.19,0.0,25589.11,0.0,-228113.65,-0.0,-4574824.43,3403939.14
2022-07-19,True,BOOK,0.0,-638817.01,0.0,-1497861.86,0.0,-27205.91,2638491.88,-1659242.42,-0.0,-1184635.32,198737781.18
2022-07-19,True,T01,0.0,0.0,0.0,0.0,0.0,0.0,0.0,0.0,0.0,0.0,57020559.2
2022-07-19,True,T02,0.0,0.0,0.0,0.0,0.0,0.0,0.0,0.0,0.0,0.0,50546931.45
2022-07-19,True,T03,0.0,0.0,0.0,0.0,0.0,0.0,0.0,0.0,0.0,0.0,28191808.86
2022-07-19,True,T04,0.0,0.0,0.0,0.0,0.0,0.0,0.0,-25981.64,0.0,-25981.64,9395292.51
2022-07-19,True,T05,0.0,0.0,0.0,0.0,0.0,507.73,0.0,-91733.47,-0.0,-91225.74,35983677.1
2022-07-19,True,T06,0.0,0.0,0.0,0.0,0.0,0.0,0.0,-67825.65,-0.0,-67825.65,9948699.58
2022-07-19,True,T07,0.0,599706.13,0.0,-792985.69,0.0,-20378.28,2638491.88,-791099.86,-0.0,1633734.19,6880209.83
2022-07-19,True,T08,0.0,-1238523.14,0.0,-704876.17,0.0,-7335.37,0.0,-682601.81,0.0,-2633336.48,770602.65
2022-07-20,True,BOOK,-0.0,-659143.5,0.0,-1515102.21,0.0,39229.98,0.0,-4599582.18,0.0,-6734597.9,192003183.28
2022-07-20,True,T01,0.0,0.0,0.0,0.0,0.0,0.0,0.0,0.0,0.0,0.0,57020559.2
2022-07-20,True,T02,0.0,0.0,0.0,0.0,0.0,0.0,0.0,0.0,0.0,0.0,50546931.45
2022-07-20,True,T03,0.0,0.0,0.0,0.0,0.0,0.0,0.0,0.0,0.0,0.0,28191808.86
2022-07-20,True,T04,0.0,0.0,0.0,0.0,0.0,0.0,0.0,-25981.64,-0.0,-25981.64,9369310.87
2022-07-20,True,T05,0.0,0.0,0.0,0.0,0.0,0.0,0.0,-91225.74,-0.0,-91225.74,35892451.35
2022-07-20,True,T06,0.0,0.0,0.0,0.0,0.0,0.0,0.0,-67825.65,0.0,-67825.65,9880873.94
2022-07-20,True,T07,-0.0,720582.21,0.0,-799460.85,0.0,30961.14,0.0,-2547802.82,0.0,-2595720.32,4284489.5
2022-07-20,True,T08,0.0,-1379725.71,0.0,-715641.36,0.0,8268.84,0.0,-1866746.33,-0.0,-3953844.55,-3183241.9
2022-07-21,True,BOOK,0.0,3597055.09,0.0,-1487150.41,0.0,397846.25,0.0,-2282453.72,-0.0,225297.2,192228480.48
2022-07-21,True,T01,0.0,0.0,0.0,0.0,0.0,0.0,0.0,0.0,0.0,0.0,57020559.2
2022-07-21,True,T02,0.0,0.0,0.0,0.0,0.0,0.0,0.0,0.0,0.0,0.0,50546931.45
2022-07-21,True,T03,0.0,0.0,0.0,0.0,0.0,0.0,0.0,0.0,0.0,0.0,28191808.86
2022-07-21,True,T04,0.0,0.0,0.0,0.0,0.0,0.0,0.0,-25981.64,0.0,-25981.64,9343329.24
2022-07-21,True,T05,0.0,0.0,0.0,0.0,0.0,0.0,0.0,-91225.74,-0.0,-91225.74,35801225.61
2022-07-21,True,T06,0.0,0.0,0.0,0.0,0.0,0.0,0.0,-67825.65,-0.0,-67825.65,9813048.29
2022-07-21,True,T07,0.0,2799341.43,0.0,-784711.77,0.0,412803.66,0.0,-2870520.99,-0.0,-443087.67,3841401.83
2022-07-21,True,T08,0.0,797713.66,0.0,-702438.64,0.0,-14957.41,0.0,773100.29,0.0,853417.9,-2329824.0
2022-07-22,True,BOOK,0.0,-209996.68,0.0,-1510059.23,0.0,51296.51,0.0,-632242.59,-0.0,-2301001.98,189927478.5
2022-07-22,True,T01,0.0,0.0,0.0,0.0,0.0,0.0,0.0,0.0,0.0,0.0,57020559.2
2022-07-22,True,T02,0.0,0.0,0.0,0.0,0.0,0.0,0.0,0.0,0.0,0.0,50546931.45
2022-07-22,True,T03,0.0,0.0,0.0,0.0,0.0,0.0,0.0,0.0,0.0,0.0,28191808.86
2022-07-22,True,T04,0.0,0.0,0.0,0.0,0.0,0.0,0.0,-25981.64,0.0,-25981.64,9317347.6
2022-07-22,True,T05,0.0,0.0,0.0,0.0,0.0,0.0,0.0,-91225.74,-0.0,-91225.74,35709999.86
2022-07-22,True,T06,0.0,0.0,0.0,0.0,0.0,0.0,0.0,-67825.65,0.0,-67825.65,9745222.65
2022-07-22,True,T07,0.0,511926.45,0.0,-796799.87,0.0,47912.3,0.0,-243002.71,-0.0,-479963.83,3361438.01
2022-07-22,True,T08,0.0,-721923.13,0.0,-713259.36,0.0,3384.21,0.0,-204206.85,0.0,-1636005.13,-3965829.13
2022-07-25,True,BOOK,0.0,44120.83,0.0,-4476699.35,0.0,-36946.35,0.0,-216104.39,-0.0,-4685629.26,185241849.24
2022-07-25,True,T01,0.0,0.0,0.0,0.0,0.0,0.0,0.0,0.0,0.0,0.0,57020559.2
2022-07-25,True,T02,0.0,0.0,0.0,0.0,0.0,0.0,0.0,0.0,0.0,0.0,50546931.45
2022-07-25,True,T03,0.0,0.0,0.0,0.0,0.0,0.0,0.0,0.0,0.0,0.0,28191808.86
2022-07-25,True,T04,0.0,0.0,0.0,0.0,0.0,0.0,0.0,-59088.43,-0.0,-59088.43,9258259.17
2022-07-25,True,T05,0.0,0.0,0.0,0.0,0.0,0.0,0.0,-273677.23,-0.0,-273677.23,35436322.63
2022-07-25,True,T06,0.0,0.0,0.0,0.0,0.0,0.0,0.0,-203476.94,-0.0,-203476.94,9541745.71
2022-07-25,True,T07,0.0,-421535.09,0.0,-2362181.15,0.0,-30872.79,0.0,152507.3,-0.0,-2662081.72,699356.29
2022-07-25,True,T08,0.0,465655.93,0.0,-2114518.2,0.0,-6073.57,0.0,167630.9,0.0,-1487304.94,-5453134.07
2022-07-26,True,BOOK,11551403.77,10032.55,0.0,-1495788.27,0.0,13597.04,0.0,-2627724.3,0.0,7451520.79,192693370.03
2022-07-26,True,T01,0.0,0.0,0.0,0.0,0.0,0.0,0.0,0.0,0.0,0.0,57020559.2
2022-07-26,True,T02,0.0,0.0,0.0,0.0,0.0,0.0,0.0,0.0,0.0,0.0,50546931.45
2022-07-26,True,T03,0.0,0.0,0.0,0.0,0.0,0.0,0.0,0.0,0.0,0.0,28191808.86
2022-07-26,True,T04,0.0,0.0,0.0,0.0,0.0,0.0,0.0,-2824.22,-0.0,-2824.22,9255434.95
2022-07-26,True,T05,0.0,0.0,0.0,0.0,0.0,0.0,0.0,-91225.74,-0.0,-91225.74,35345096.89
2022-07-26,True,T06,0.0,0.0,0.0,0.0,0.0,0.0,0.0,-67825.65,0.0,-67825.65,9473920.07
2022-07-26,True,T07,11551403.77,76119.98,0.0,-789269.63,0.0,11465.35,0.0,-1308862.5,0.0,9540856.97,10240213.26
2022-07-26,True,T08,0.0,-66087.43,0.0,-706518.64,0.0,2131.69,0.0,-1156986.19,-0.0,-1927460.57,-7380594.64
2022-07-27,True,BOOK,0.0,5321820.15,0.0,-690295.16,0.0,-325218.68,0.0,-4284610.5,-0.0,21695.82,192715065.85
2022-07-27,True,T01,0.0,0.0,0.0,0.0,0.0,0.0,0.0,0.0,0.0,0.0,57020559.2
2022-07-27,True,T02,0.0,0.0,0.0,0.0,0.0,0.0,0.0,0.0,0.0,0.0,50546931.45
2022-07-27,True,T03,0.0,0.0,0.0,0.0,0.0,0.0,0.0,0.0,0.0,0.0,28191808.86
2022-07-27,True,T04,0.0,0.0,0.0,0.0,0.0,0.0,0.0,-2824.22,-0.0,-2824.22,9252610.72
2022-07-27,True,T05,0.0,0.0,0.0,0.0,0.0,0.0,0.0,-91225.74,-0.0,-91225.74,35253871.14
2022-07-27,True,T06,0.0,0.0,0.0,0.0,0.0,0.0,0.0,-67825.65,0.0,-67825.65,9406094.42
2022-07-27,True,T07,0.0,4989231.6,0.0,0.0,0.0,-330829.87,0.0,-4750083.07,-0.0,-91681.33,10148531.93
2022-07-27,True,T08,0.0,332588.55,0.0,-690295.16,0.0,5611.19,0.0,627348.18,0.0,275252.76,-7105341.88
2022-07-28,True,BOOK,0.0,-154371.72,0.0,-712583.19,0.0,-26031.7,-1256710.09,-1153671.55,0.0,-3303368.25,189411697.6
2022-07-28,True,T01,0.0,0.0,0.0,0.0,0.0,0.0,0.0,0.0,0.0,0.0,57020559.2
2022-07-28,True,T02,0.0,0.0,0.0,0.0,0.0,0.0,0.0,0.0,0.0,0.0,50546931.45
2022-07-28,True,T03,0.0,0.0,0.0,0.0,0.0,0.0,0.0,0.0,0.0,0.0,28191808.86
2022-07-28,True,T04,0.0,0.0,0.0,0.0,0.0,0.0,0.0,-2824.22,-0.0,-2824.22,9249786.5
2022-07-28,True,T05,0.0,0.0,0.0,0.0,0.0,0.0,0.0,-91225.74,-0.0,-91225.74,35162645.4
2022-07-28,True,T06,0.0,0.0,0.0,0.0,0.0,0.0,0.0,-67825.65,-0.0,-67825.65,9338268.78
2022-07-28,True,T07,0.0,0.0,0.0,0.0,0.0,-14273.61,-1256710.09,-98138.46,0.0,-1369122.16,8779409.77
2022-07-28,True,T08,0.0,-154371.72,0.0,-712583.19,0.0,-11758.09,0.0,-893657.48,0.0,-1772370.48,-8877712.36
2022-07-29,True,BOOK,0.0,-15500.43,0.0,-706469.76,0.0,-27602.16,0.0,-507147.97,-0.0,-1256720.32,188154977.28
2022-07-29,True,T01,0.0,0.0,0.0,0.0,0.0,0.0,0.0,0.0,0.0,0.0,57020559.2
2022-07-29,True,T02,0.0,0.0,0.0,0.0,0.0,0.0,0.0,0.0,0.0,0.0,50546931.45
2022-07-29,True,T03,0.0,0.0,0.0,0.0,0.0,0.0,0.0,0.0,0.0,0.0,28191808.86
2022-07-29,True,T04,0.0,0.0,0.0,0.0,0.0,0.0,0.0,-2824.22,-0.0,-2824.22,9246962.27
2022-07-29,True,T05,0.0,0.0,0.0,0.0,0.0,0.0,0.0,-91225.74,0.0,-91225.74,35071419.65
2022-07-29,True,T06,0.0,0.0,0.0,0.0,0.0,0.0,0.0,-62291.77,0.0,-62291.77,9275977.01
2022-07-29,True,T07,0.0,0.0,0.0,0.0,0.0,-16270.32,0.0,-98161.97,-0.0,-114432.29,8664977.49
2022-07-29,True,T08,0.0,-15500.43,0.0,-706469.76,0.0,-11331.84,0.0,-252644.26,-0.0,-985946.29,-9863658.65
2022-08-01,True,BOOK,-9000.0,129787.08,0.0,-2123259.89,0.0,-10480.78,0.0,-1698683.55,0.0,-3711637.14,184443340.15
2022-08-01,True,T01,0.0,0.0,0.0,0.0,0.0,0.0,0.0,0.0,0.0,0.0,57020559.2
2022-08-01,True,T02,0.0,0.0,0.0,0.0,0.0,0.0,0.0,0.0,0.0,0.0,50546931.45
2022-08-01,True,T03,0.0,0.0,0.0,0.0,0.0,0.0,0.0,0.0,0.0,0.0,28191808.86
2022-08-01,True,T04,0.0,0.0,0.0,0.0,0.0,0.0,0.0,0.0,0.0,0.0,9246962.27
2022-08-01,True,T05,0.0,0.0,0.0,0.0,0.0,0.0,0.0,-273677.23,-0.0,-273677.23,34797742.42
2022-08-01,True,T06,0.0,0.0,0.0,0.0,0.0,0.0,0.0,-186875.3,0.0,-186875.3,9089101.71
2022-08-01,True,T07,0.0,0.0,0.0,0.0,0.0,-9718.36,0.0,-295096.55,0.0,-304814.91,8360162.57
2022-08-01,True,T08,-9000.0,129787.08,0.0,-2123259.89,0.0,-762.42,0.0,-943034.46,-0.0,-2946269.69,-12809928.34
2022-08-02,True,BOOK,0.0,-137997.79,0.0,-697465.85,0.0,-62688.24,0.0,750457.5,-0.0,-147694.39,184295645.76
2022-08-02,True,T01,0.0,0.0,0.0,0.0,0.0,0.0,0.0,0.0,0.0,0.0,57020559.2
2022-08-02,True,T02,0.0,0.0,0.0,0.0,0.0,0.0,0.0,0.0,0.0,0.0,50546931.45
2022-08-02,True,T03,0.0,0.0,0.0,0.0,0.0,0.0,0.0,0.0,0.0,0.0,28191808.86
2022-08-02,True,T04,0.0,0.0,0.0,0.0,0.0,0.0,0.0,0.0,0.0,0.0,9246962.27
2022-08-02,True,T05,0.0,0.0,0.0,0.0,0.0,0.0,0.0,-91225.74,-0.0,-91225.74,34706516.67
2022-08-02,True,T06,0.0,0.0,0.0,0.0,0.0,0.0,0.0,-62291.77,-0.0,-62291.77,9026809.94
2022-08-02,True,T07,0.0,0.0,0.0,0.0,0.0,-23140.66,0.0,-98151.79,-0.0,-121292.45,8238870.12
2022-08-02,True,T08,0.0,-137997.79,0.0,-697465.85,0.0,-39547.58,0.0,1002126.8,0.0,127115.58,-12682812.76
2022-08-03,True,BOOK,-1549810.28,-285513.86,0.0,-682816.4,0.0,71948.29,0.0,704205.64,-0.0,-1741986.61,182553659.15
2022-08-03,True,T01,0.0,0.0,0.0,0.0,0.0,0.0,0.0,0.0,0.0,0.0,57020559.2
2022-08-03,True,T02,0.0,0.0,0.0,0.0,0.0,0.0,0.0,0.0,0.0,0.0,50546931.45
2022-08-03,True,T03,0.0,0.0,0.0,0.0,0.0,0.0,0.0,0.0,0.0,0.0,28191808.86
2022-08-03,True,T04,0.0,0.0,0.0,0.0,0.0,0.0,0.0,0.0,0.0,0.0,9246962.27
2022-08-03,True,T05,0.0,0.0,0.0,0.0,0.0,0.0,0.0,-91225.74,-0.0,-91225.74,34615290.93
2022-08-03,True,T06,0.0,0.0,0.0,0.0,0.0,0.0,0.0,-62291.77,0.0,-62291.77,8964518.18
2022-08-03,True,T07,0.0,0.0,0.0,0.0,0.0,25918.16,0.0,-98090.33,0.0,-72172.17,8166697.95
2022-08-03,True,T08,0.0,-285513.86,0.0,-682816.4,0.0,46030.14,0.0,955813.47,-0.0,33513.35,-12649299.41
2022-08-03,True,T09,-1549810.28,0.0,0.0,0.0,0.0,0.0,0.0,0.0,-0.0,-1549810.28,-1549810.28
2022-08-04,True,BOOK,0.0,-390080.51,0.0,-1169506.91,0.0,46487.98,0.0,-84205.99,0.0,-1597305.44,180956353.7
2022-08-04,True,T01,0.0,0.0,0.0,0.0,0.0,0.0,0.0,0.0,0.0,0.0,57020559.2
2022-08-04,True,T02,0.0,0.0,0.0,0.0,0.0,0.0,0.0,0.0,0.0,0.0,50546931.45
2022-08-04,True,T03,0.0,0.0,0.0,0.0,0.0,0.0,0.0,0.0,0.0,0.0,28191808.86
2022-08-04,True,T04,0.0,0.0,0.0,0.0,0.0,0.0,0.0,0.0,0.0,0.0,9246962.27
2022-08-04,True,T05,0.0,0.0,0.0,0.0,0.0,0.0,0.0,-91225.74,-0.0,-91225.74,34524065.18
2022-08-04,True,T06,0.0,0.0,0.0,0.0,0.0,0.0,0.0,-62291.77,0.0,-62291.77,8902226.41
2022-08-04,True,T07,0.0,0.0,0.0,0.0,0.0,7985.22,0.0,-98313.99,-0.0,-90328.77,8076369.18
2022-08-04,True,T08,0.0,-174878.53,0.0,-682212.37,0.0,14769.9,0.0,62029.89,0.0,-780291.1,-13429590.51
2022-08-04,True,T09,0.0,-215201.99,0.0,-487294.55,0.0,23732.86,0.0,105595.62,0.0,-573168.05,-2122978.34
2022-08-05,True,BOOK,0.0,957313.02,0.0,-1208960.7,0.0,-64925.69,0.0,-1268155.27,-0.0,-1584728.65,179371625.05
2022-08-05,True,T01,0.0,0.0,0.0,0.0,0.0,0.0,0.0,0.0,0.0,0.0,57020559.2
2022-08-05,True,T02,0.0,0.0,0.0,0.0,0.0,0.0,0.0,0.0,0.0,0.0,50546931.45
2022-08-05,True,T03,0.0,0.0,0.0,0.0,0.0,0.0,0.0,0.0,0.0,0.0,28191808.86
2022-08-05,True,T04,0.0,0.0,0.0,0.0,0.0,0.0,0.0,0.0,0.0,0.0,9246962.27
2022-08-05,True,T05,0.0,0.0,0.0,0.0,0.0,0.0,0.0,-83323.22,-0.0,-83323.22,34440741.96
2022-08-05,True,T06,0.0,0.0,0.0,0.0,0.0,0.0,0.0,-62291.77,-0.0,-62291.77,8839934.64
2022-08-05,True,T07,0.0,0.0,0.0,0.0,0.0,-6313.89,0.0,-98339.46,-0.0,-104653.35,7971715.82
2022-08-05,True,T08,0.0,423787.42,0.0,-705227.08,0.0,-40212.19,0.0,-617627.88,-0.0,-939279.73,-14368870.24
2022-08-05,True,T09,0.0,533525.59,0.0,-503733.63,0.0,-18399.61,0.0,-406572.94,-0.0,-395180.59,-2518158.92
2022-08-08,True,BOOK,0.0,-150035.44,0.0,-3595445.41,0.0,75686.48,0.0,3506.23,-0.0,-3666288.15,175705336.9
2022-08-08,True,T01,0.0,0.0,0.0,0.0,0.0,0.0,0.0,0.0,0.0,0.0,57020559.2
2022-08-08,True,T02,0.0,0.0,0.0,0.0,0.0,0.0,0.0,0.0,0.0,0.0,50546931.45
2022-08-08,True,T03,0.0,0.0,0.0,0.0,0.0,0.0,0.0,0.0,0.0,0.0,28191808.86
2022-08-08,True,T04,0.0,0.0,0.0,0.0,0.0,0.0,0.0,0.0,0.0,0.0,9246962.27
2022-08-08,True,T05,0.0,0.0,0.0,0.0,0.0,0.0,0.0,-249969.66,0.0,-249969.66,34190772.3
2022-08-08,True,T06,0.0,0.0,0.0,0.0,0.0,0.0,0.0,-186875.3,0.0,-186875.3,8653059.34
2022-08-08,True,T07,0.0,0.0,0.0,0.0,0.0,17944.31,0.0,-297033.59,-0.0,-279089.28,7692626.54
2022-08-08,True,T08,0.0,-65570.21,0.0,-2097343.16,0.0,16915.27,0.0,344194.57,-0.0,-1801803.52,-16170673.76
2022-08-08,True,T09,0.0,-84465.23,0.0,-1498102.26,0.0,40826.9,0.0,393190.2,0.0,-1148550.39,-3666709.31
2022-08-09,True,BOOK,16967559.59,583627.43,0.0,-1232500.3,0.0,-5851.58,721802.36,-2422938.17,-0.0,14611699.34,190317036.24
2022-08-09,True,T01,0.0,0.0,0.0,0.0,0.0,0.0,0.0,0.0,0.0,0.0,57020559.2
2022-08-09,True,T02,0.0,0.0,0.0,0.0,0.0,0.0,0.0,0.0,0.0,0.0,50546931.45
2022-08-09,True,T03,0.0,0.0,0.0,0.0,0.0,0.0,0.0,0.0,0.0,0.0,28191808.86
2022-08-09,True,T04,0.0,0.0,0.0,0.0,0.0,0.0,0.0,0.0,0.0,0.0,9246962.27
2022-08-09,True,T05,0.0,0.0,0.0,0.0,0.0,0.0,0.0,1642.24,-0.0,1642.24,34192414.54
2022-08-09,True,T06,0.0,0.0,0.0,0.0,0.0,0.0,0.0,0.0,0.0,0.0,8653059.34
2022-08-09,True,T07,0.0,0.0,0.0,0.0,0.0,-1771.31,0.0,-98979.26,0.0,-100750.58,7591875.97
2022-08-09,True,T08,16967559.59,243998.92,0.0,-718958.51,0.0,14.42,721802.36,-1378756.03,-0.0,15835660.75,-335013.01
2022-08-09,True,T09,0.0,339628.52,0.0,-513541.79,0.0,-4094.69,0.0,-946845.12,-0.0,-1124853.08,-4791562.39
2022-08-10,True,BOOK,-306627.49,-961091.98,0.0,-505353.68,0.0,-88223.11,0.0,-100024.31,-0.0,-1961320.57,188355715.67
2022-08-10,True,T01,0.0,0.0,0.0,0.0,0.0,0.0,0.0,0.0,0.0,0.0,57020559.2
2022-08-10,True,T02,0.0,0.0,0.0,0.0,0.0,0.0,0.0,0.0,0.0,0.0,50546931.45
2022-08-10,True,T03,0.0,0.0,0.0,0.0,0.0,0.0,0.0,0.0,0.0,0.0,28191808.86
2022-08-10,True,T04,0.0,0.0,0.0,0.0,0.0,0.0,0.0,0.0,0.0,0.0,9246962.27
2022-08-10,True,T05,0.0,0.0,0.0,0.0,0.0,0.0,0.0,1642.24,0.0,1642.24,34194056.79
2022-08-10,True,T06,0.0,0.0,0.0,0.0,0.0,0.0,0.0,0.0,0.0,0.0,8653059.34
2022-08-10,True,T07,0.0,0.0,0.0,0.0,0.0,-3730.75,0.0,-98950.59,-0.0,-102681.34,7489194.63
2022-08-10,True,T08,0.0,-801196.7,0.0,0.0,0.0,-77377.1,0.0,-104685.81,-0.0,-983259.6,-1318272.62
2022-08-10,True,T09,-306627.49,-159895.28,0.0,-505353.68,0.0,-7115.27,0.0,101969.84,0.0,-877021.87,-5668584.26
2022-08-11,True,BOOK,0.0,814390.7,0.0,-512400.14,0.0,84973.98,0.0,468918.95,0.0,855883.49,189211599.16
2022-08-11,True,T01,0.0,0.0,0.0,0.0,0.0,0.0,0.0,0.0,0.0,0.0,57020559.2
2022-08-11,True,T02,0.0,0.0,0.0,0.0,0.0,0.0,0.0,0.0,0.0,0.0,50546931.45
2022-08-11,True,T03,0.0,0.0,0.0,0.0,0.0,0.0,0.0,0.0,0.0,0.0,28191808.86
2022-08-11,True,T04,0.0,0.0,0.0,0.0,0.0,0.0,0.0,0.0,0.0,0.0,9246962.27
2022-08-11,True,T05,0.0,0.0,0.0,0.0,0.0,0.0,0.0,1642.24,-0.0,1642.24,34195699.03
2022-08-11,True,T06,0.0,0.0,0.0,0.0,0.0,0.0,0.0,0.0,0.0,0.0,8653059.34
2022-08-11,True,T07,0.0,0.0,0.0,0.0,0.0,6061.99,0.0,-98939.86,0.0,-92877.86,7396316.77
2022-08-11,True,T08,0.0,598849.88,0.0,0.0,0.0,68246.75,0.0,-98774.5,0.0,568322.12,-749950.49
2022-08-11,True,T09,0.0,215540.82,0.0,-512400.14,0.0,10665.24,0.0,664991.06,-0.0,378796.98,-5289787.27
2022-08-12,True,BOOK,0.0,-243157.2,0.0,-508886.57,0.0,26394.44,0.0,6708.97,0.0,-718940.36,188492658.8
2022-08-12,True,T01,0.0,0.0,0.0,0.0,0.0,0.0,0.0,0.0,0.0,0.0,57020559.2
2022-08-12,True,T02,0.0,0.0,0.0,0.0,0.0,0.0,0.0,0.0,0.0,0.0,50546931.45
2022-08-12,True,T03,0.0,0.0,0.0,0.0,0.0,0.0,0.0,0.0,0.0,0.0,28191808.86
2022-08-12,True,T04,0.0,0.0,0.0,0.0,0.0,0.0,0.0,0.0,0.0,0.0,9246962.27
2022-08-12,True,T05,0.0,0.0,0.0,0.0,0.0,0.0,0.0,1642.24,-0.0,1642.24,34197341.27
2022-08-12,True,T06,0.0,0.0,0.0,0.0,0.0,0.0,0.0,0.0,0.0,0.0,8653059.34
2022-08-12,True,T07,0.0,0.0,0.0,0.0,0.0,5990.89,0.0,-98982.15,0.0,-92991.26,7303325.51
2022-08-12,True,T08,0.0,-69564.31,0.0,0.0,0.0,9302.58,0.0,-94950.22,0.0,-155211.96,-905162.45
2022-08-12,True,T09,0.0,-173592.89,0.0,-508886.57,0.0,11100.97,0.0,198999.1,-0.0,-472379.39,-5762166.66
2022-08-15,True,BOOK,0.0,513608.58,0.0,-1481539.87,0.0,52810.72,0.0,-514048.97,-0.0,-1429169.55,187063489.25
2022-08-15,True,T01,0.0,0.0,0.0,0.0,0.0,0.0,0.0,0.0,0.0,0.0,57020559.2
2022-08-15,True,T02,0.0,0.0,0.0,0.0,0.0,0.0,0.0,0.0,0.0,0.0,50546931.45
2022-08-15,True,T03,0.0,0.0,0.0,0.0,0.0,0.0,0.0,0.0,0.0,0.0,28191808.86
2022-08-15,True,T04,0.0,0.0,0.0,0.0,0.0,0.0,0.0,0.0,0.0,0.0,9246962.27
2022-08-15,True,T05,0.0,0.0,0.0,0.0,0.0,0.0,0.0,0.0,0.0,0.0,34197341.27
2022-08-15,True,T06,0.0,0.0,0.0,0.0,0.0,0.0,0.0,0.0,0.0,0.0,8653059.34
2022-08-15,True,T07,0.0,0.0,0.0,0.0,0.0,-9932.16,0.0,-115905.48,-0.0,-125837.64,7177487.87
2022-08-15,True,T08,0.0,963411.65,0.0,0.0,0.0,77089.19,0.0,-266384.59,-0.0,774116.25,-131046.2
2022-08-15,True,T09,0.0,-449803.07,0.0,-1481539.87,0.0,-14346.31,0.0,-131758.89,0.0,-2077448.15,-7839614.81
2022-08-16,True,BOOK,-187555.62,-1132867.81,0.0,619021.37,0.0,121955.55,0.0,308917.43,-0.0,-270529.09,186792960.17
2022-08-16,True,T01,0.0,0.0,0.0,0.0,0.0,0.0,0.0,0.0,0.0,0.0,57020559.2
2022-08-16,True,T02,0.0,0.0,0.0,0.0,0.0,0.0,0.0,0.0,0.0,0.0,50546931.45
2022-08-16,True,T03,0.0,0.0,0.0,0.0,0.0,0.0,0.0,0.0,0.0,0.0,28191808.86
2022-08-16,True,T04,0.0,0.0,0.0,0.0,0.0,0.0,0.0,0.0,0.0,0.0,9246962.27
2022-08-16,True,T05,0.0,0.0,0.0,0.0,0.0,0.0,0.0,0.0,0.0,0.0,34197341.27
2022-08-16,True,T06,0.0,0.0,0.0,0.0,0.0,0.0,0.0,0.0,0.0,0.0,8653059.34
2022-08-16,True,T07,0.0,0.0,0.0,0.0,0.0,-8253.45,0.0,-39373.25,-0.0,-47626.71,7129861.16
2022-08-16,True,T08,-187555.62,-1400100.26,0.0,0.0,0.0,143582.97,0.0,-82474.89,-0.0,-1526547.81,-1657594.01
2022-08-16,True,T09,0.0,267232.45,0.0,619021.37,0.0,-13373.97,0.0,430765.58,-0.0,1303645.43,-6535969.39
2022-08-17,True,BOOK,0.0,1001398.82,0.0,612001.65,0.0,-130898.89,0.0,-2684985.66,0.0,-1202484.08,185590476.09
2022-08-17,True,T01,0.0,0.0,0.0,0.0,0.0,0.0,0.0,0.0,0.0,0.0,57020559.2
2022-08-17,True,T02,0.0,0.0,0.0,0.0,0.0,0.0,0.0,0.0,0.0,0.0,50546931.45
2022-08-17,True,T03,0.0,0.0,0.0,0.0,0.0,0.0,0.0,0.0,0.0,0.0,28191808.86
2022-08-17,True,T04,0.0,0.0,0.0,0.0,0.0,0.0,0.0,0.0,0.0,0.0,9246962.27
2022-08-17,True,T05,0.0,0.0,0.0,0.0,0.0,0.0,0.0,0.0,0.0,0.0,34197341.27
2022-08-17,True,T06,0.0,0.0,0.0,0.0,0.0,0.0,0.0,0.0,0.0,0.0,8653059.34
2022-08-17,True,T07,0.0,0.0,0.0,0.0,0.0,5522.26,0.0,-38961.37,-0.0,-33439.1,7096422.06
2022-08-17,True,T08,0.0,1151150.68,0.0,0.0,0.0,-146738.31,0.0,-2527978.6,0.0,-1523566.22,-3181160.23
2022-08-17,True,T09,0.0,-149751.86,0.0,612001.65,0.0,10317.15,0.0,-118045.7,0.0,354521.24,-6181448.14
2022-08-18,True,BOOK,0.0,-98215.34,0.0,611877.09,0.0,253804.04,0.0,-166121.21,-0.0,601344.58,186191820.66
2022-08-18,True,T01,0.0,0.0,0.0,0.0,0.0,0.0,0.0,0.0,0.0,0.0,57020559.2
2022-08-18,True,T02,0.0,0.0,0.0,0.0,0.0,0.0,0.0,0.0,0.0,0.0,50546931.45
2022-08-18,True,T03,0.0,0.0,0.0,0.0,0.0,0.0,0.0,0.0,0.0,0.0,28191808.86
2022-08-18,True,T04,0.0,0.0,0.0,0.0,0.0,0.0,0.0,0.0,0.0,0.0,9246962.27
2022-08-18,True,T05,0.0,0.0,0.0,0.0,0.0,0.0,0.0,0.0,0.0,0.0,34197341.27
2022-08-18,True,T06,0.0,0.0,0.0,0.0,0.0,0.0,0.0,0.0,0.0,0.0,8653059.34
2022-08-18,True,T07,0.0,0.0,0.0,0.0,0.0,10275.74,0.0,-40445.46,0.0,-30169.72,7066252.33
2022-08-18,True,T08,0.0,-86977.92,0.0,0.0,0.0,227343.17,0.0,-103435.26,0.0,36929.99,-3144230.24
2022-08-18,True,T09,0.0,-11237.42,0.0,611877.09,0.0,16185.13,0.0,-22240.49,-0.0,594584.31,-5586863.83
2022-08-19,True,BOOK,0.0,1195613.68,0.0,604764.88,0.0,-243743.68,0.0,-2429243.08,-0.0,-872608.19,185319212.47
2022-08-19,True,T01,0.0,0.0,0.0,0.0,0.0,0.0,0.0,0.0,0.0,0.0,57020559.2
2022-08-19,True,T02,0.0,0.0,0.0,0.0,0.0,0.0,0.0,0.0,0.0,0.0,50546931.45
2022-08-19,True,T03,0.0,0.0,0.0,0.0,0.0,0.0,0.0,0.0,0.0,0.0,28191808.86
2022-08-19,True,T04,0.0,0.0,0.0,0.0,0.0,0.0,0.0,0.0,0.0,0.0,9246962.27
2022-08-19,True,T05,0.0,0.0,0.0,0.0,0.0,0.0,0.0,0.0,0.0,0.0,34197341.27
2022-08-19,True,T06,0.0,0.0,0.0,0.0,0.0,0.0,0.0,0.0,0.0,0.0,8653059.34
2022-08-19,True,T07,0.0,0.0,0.0,0.0,0.0,14487.48,0.0,-53214.41,0.0,-38726.92,7027525.41
2022-08-19,True,T08,0.0,-1045835.82,0.0,0.0,0.0,210478.78,0.0,-98507.36,-0.0,-933864.4,-4078094.64
2022-08-19,True,T09,0.0,2241449.5,0.0,604764.88,0.0,-468709.94,0.0,-2277521.31,-0.0,99983.13,-5486880.7
2022-08-22,True,BOOK,0.0,234885.0,0.0,1825141.99,0.0,-7695.48,0.0,-718707.06,0.0,1333624.44,186652836.91
2022-08-22,True,T01,0.0,0.0,0.0,0.0,0.0,0.0,0.0,0.0,0.0,0.0,57020559.2
2022-08-22,True,T02,0.0,0.0,0.0,0.0,0.0,0.0,0.0,0.0,0.0,0.0,50546931.45
2022-08-22,True,T03,0.0,0.0,0.0,0.0,0.0,0.0,0.0,0.0,0.0,0.0,28191808.86
2022-08-22,True,T04,0.0,0.0,0.0,0.0,0.0,0.0,0.0,0.0,0.0,0.0,9246962.27
2022-08-22,True,T05,0.0,0.0,0.0,0.0,0.0,0.0,0.0,0.0,0.0,0.0,34197341.27
2022-08-22,True,T06,0.0,0.0,0.0,0.0,0.0,0.0,0.0,0.0,0.0,0.0,8653059.34
2022-08-22,True,T07,0.0,0.0,0.0,0.0,0.0,0.0,0.0,-116180.77,0.0,-116180.77,6911344.63
2022-08-22,True,T08,0.0,167526.74,0.0,0.0,0.0,-6096.6,0.0,-279573.54,-0.0,-118143.41,-4196238.04
2022-08-22,True,T09,0.0,67358.26,0.0,1825141.99,0.0,-1598.88,0.0,-322952.74,0.0,1567948.62,-3918932.08
2022-08-23,True,BOOK,0.0,338965.05,0.0,620080.18,0.0,1209.61,0.0,-1182603.42,-0.0,-222348.58,186430488.33
2022-08-23,True,T01,0.0,0.0,0.0,0.0,0.0,0.0,0.0,0.0,0.0,0.0,57020559.2
2022-08-23,True,T02,0.0,0.0,0.0,0.0,0.0,0.0,0.0,0.0,0.0,0.0,50546931.45
2022-08-23,True,T03,0.0,0.0,0.0,0.0,0.0,0.0,0.0,0.0,0.0,0.0,28191808.86
2022-08-23,True,T04,0.0,0.0,0.0,0.0,0.0,0.0,0.0,0.0,0.0,0.0,9246962.27
2022-08-23,True,T05,0.0,0.0,0.0,0.0,0.0,0.0,0.0,0.0,0.0,0.0,34197341.27
2022-08-23,True,T06,0.0,0.0,0.0,0.0,0.0,0.0,0.0,0.0,0.0,0.0,8653059.34
2022-08-23,True,T07,0.0,0.0,0.0,0.0,0.0,0.0,0.0,-38726.92,-0.0,-38726.92,6872617.71
2022-08-23,True,T08,0.0,0.0,0.0,0.0,0.0,0.0,0.0,-87825.18,-0.0,-87825.18,-4284063.23
2022-08-23,True,T09,0.0,338965.05,0.0,620080.18,0.0,1209.61,0.0,-1056051.31,0.0,-95796.47,-4014728.55
2022-08-24,True,BOOK,0.0,-114086.77,0.0,612264.27,0.0,-4126.11,0.0,897072.26,-0.0,1391123.65,187821611.98
2022-08-24,True,T01,0.0,0.0,0.0,0.0,0.0,0.0,0.0,0.0,0.0,0.0,57020559.2
2022-08-24,True,T02,0.0,0.0,0.0,0.0,0.0,0.0,0.0,0.0,0.0,0.0,50546931.45
2022-08-24,True,T03,0.0,0.0,0.0,0.0,0.0,0.0,0.0,0.0,0.0,0.0,28191808.86
2022-08-24,True,T04,0.0,0.0,0.0,0.0,0.0,0.0,0.0,0.0,0.0,0.0,9246962.27
2022-08-24,True,T05,0.0,0.0,0.0,0.0,0.0,0.0,0.0,0.0,0.0,0.0,34197341.27
2022-08-24,True,T06,0.0,0.0,0.0,0.0,0.0,0.0,0.0,0.0,0.0,0.0,8653059.34
2022-08-24,True,T07,0.0,0.0,0.0,0.0,0.0,0.0,0.0,-38726.92,0.0,-38726.92,6833890.78
2022-08-24,True,T08,0.0,0.0,0.0,0.0,0.0,0.0,0.0,-87825.18,-0.0,-87825.18,-4371888.41
2022-08-24,True,T09,0.0,-114086.77,0.0,612264.27,0.0,-4126.11,0.0,1023624.37,-0.0,1517675.76,-2497052.79
2022-08-25,True,BOOK,0.0,147114.87,0.0,620653.62,0.0,9215.33,0.0,-656049.93,0.0,120933.89,187942545.87
2022-08-25,True,T01,0.0,0.0,0.0,0.0,0.0,0.0,0.0,0.0,0.0,0.0,57020559.2
2022-08-25,True,T02,0.0,0.0,0.0,0.0,0.0,0.0,0.0,0.0,0.0,0.0,50546931.45
2022-08-25,True,T03,0.0,0.0,0.0,0.0,0.0,0.0,0.0,0.0,0.0,0.0,28191808.86
2022-08-25,True,T04,0.0,0.0,0.0,0.0,0.0,0.0,0.0,0.0,0.0,0.0,9246962.27
2022-08-25,True,T05,0.0,0.0,0.0,0.0,0.0,0.0,0.0,0.0,0.0,0.0,34197341.27
2022-08-25,True,T06,0.0,0.0,0.0,0.0,0.0,0.0,0.0,0.0,0.0,0.0,8653059.34
2022-08-25,True,T07,0.0,0.0,0.0,0.0,0.0,0.0,0.0,-38726.92,0.0,-38726.92,6795163.86
2022-08-25,True,T08,0.0,0.0,0.0,0.0,0.0,0.0,0.0,-87825.18,-0.0,-87825.18,-4459713.6
2022-08-25,True,T09,0.0,147114.87,0.0,620653.62,0.0,9215.33,0.0,-529497.82,0.0,247486.0,-2249566.79
2022-08-26,True,BOOK,11590003.77,390769.41,0.0,632749.12,0.0,-7035.49,0.0,306048.76,-0.0,12912535.56,200855081.43
2022-08-26,True,T01,0.0,0.0,0.0,0.0,0.0,0.0,0.0,0.0,0.0,0.0,57020559.2
2022-08-26,True,T02,0.0,0.0,0.0,0.0,0.0,0.0,0.0,0.0,0.0,0.0,50546931.45
2022-08-26,True,T03,0.0,0.0,0.0,0.0,0.0,0.0,0.0,0.0,0.0,0.0,28191808.86
2022-08-26,True,T04,0.0,0.0,0.0,0.0,0.0,0.0,0.0,0.0,0.0,0.0,9246962.27
2022-08-26,True,T05,0.0,0.0,0.0,0.0,0.0,0.0,0.0,0.0,0.0,0.0,34197341.27
2022-08-26,True,T06,0.0,0.0,0.0,0.0,0.0,0.0,0.0,0.0,0.0,0.0,8653059.34
2022-08-26,True,T07,0.0,0.0,0.0,0.0,0.0,0.0,0.0,-38726.92,-0.0,-38726.92,6756436.93
2022-08-26,True,T08,0.0,0.0,0.0,0.0,0.0,0.0,0.0,-87825.18,-0.0,-87825.18,-4547538.78
2022-08-26,True,T09,11590003.77,390769.41,0.0,632749.12,0.0,-7035.49,0.0,432600.87,-0.0,13039087.67,10789520.88
2022-08-30,True,BOOK,0.0,6039084.69,0.0,0.0,0.0,653060.85,0.0,-7236245.81,0.0,-544100.27,200310981.17
2022-08-30,True,T01,0.0,0.0,0.0,0.0,0.0,0.0,0.0,0.0,0.0,0.0,57020559.2
2022-08-30,True,T02,0.0,0.0,0.0,0.0,0.0,0.0,0.0,0.0,0.0,0.0,50546931.45
2022-08-30,True,T03,0.0,0.0,0.0,0.0,0.0,0.0,0.0,0.0,0.0,0.0,28191808.86
2022-08-30,True,T04,0.0,0.0,0.0,0.0,0.0,0.0,0.0,0.0,0.0,0.0,9246962.27
2022-08-30,True,T05,0.0,0.0,0.0,0.0,0.0,0.0,0.0,0.0,0.0,0.0,34197341.27
2022-08-30,True,T06,0.0,0.0,0.0,0.0,0.0,0.0,0.0,0.0,0.0,0.0,8653059.34
2022-08-30,True,T07,0.0,0.0,0.0,0.0,0.0,0.0,0.0,-154907.7,0.0,-154907.7,6601529.23
2022-08-30,True,T08,0.0,0.0,0.0,0.0,0.0,0.0,0.0,-351300.74,-0.0,-351300.74,-4898839.52
2022-08-30,True,T09,0.0,6039084.69,0.0,0.0,0.0,653060.85,0.0,-6730037.37,0.0,-37891.83,10751629.05
2022-08-31,True,BOOK,0.0,0.0,0.0,0.0,0.0,-288.61,0.0,-137880.53,0.0,-138169.14,200172812.03
2022-08-31,True,T01,0.0,0.0,0.0,0.0,0.0,0.0,0.0,0.0,0.0,0.0,57020559.2
2022-08-31,True,T02,0.0,0.0,0.0,0.0,0.0,0.0,0.0,0.0,0.0,0.0,50546931.45
2022-08-31,True,T03,0.0,0.0,0.0,0.0,0.0,0.0,0.0,0.0,0.0,0.0,28191808.86
2022-08-31,True,T04,0.0,0.0,0.0,0.0,0.0,0.0,0.0,0.0,0.0,0.0,9246962.27
2022-08-31,True,T05,0.0,0.0,0.0,0.0,0.0,0.0,0.0,0.0,0.0,0.0,34197341.27
2022-08-31,True,T06,0.0,0.0,0.0,0.0,0.0,0.0,0.0,0.0,0.0,0.0,8653059.34
2022-08-31,True,T07,0.0,0.0,0.0,0.0,0.0,0.0,0.0,-38726.92,0.0,-38726.92,6562802.31
2022-08-31,True,T08,0.0,0.0,0.0,0.0,0.0,0.0,0.0,-87825.18,-0.0,-87825.18,-4986664.71
2022-08-31,True,T09,0.0,0.0,0.0,0.0,0.0,-288.61,0.0,-11328.42,0.0,-11617.03,10740012.03
2022-09-01,False,BOOK,0.0,0.0,0.0,0.0,0.0,-824.94,0.0,-125395.58,-0.0,-126220.52,200046591.51
2022-09-01,False,T01,0.0,0.0,0.0,0.0,0.0,0.0,0.0,0.0,0.0,0.0,57020559.2
2022-09-01,False,T02,0.0,0.0,0.0,0.0,0.0,0.0,0.0,0.0,0.0,0.0,50546931.45
2022-09-01,False,T03,0.0,0.0,0.0,0.0,0.0,0.0,0.0,0.0,0.0,0.0,28191808.86
2022-09-01,False,T04,0.0,0.0,0.0,0.0,0.0,0.0,0.0,0.0,0.0,0.0,9246962.27
2022-09-01,False,T05,0.0,0.0,0.0,0.0,0.0,0.0,0.0,0.0,0.0,0.0,34197341.27
2022-09-01,False,T06,0.0,0.0,0.0,0.0,0.0,0.0,0.0,0.0,0.0,0.0,8653059.34
2022-09-01,False,T07,0.0,0.0,0.0,0.0,0.0,0.0,0.0,-38726.92,-0.0,-38726.92,6524075.38
2022-09-01,False,T08,0.0,0.0,0.0,0.0,0.0,0.0,0.0,-87825.18,-0.0,-87825.18,-5074489.89
2022-09-01,False,T09,0.0,0.0,0.0,0.0,0.0,-824.94,0.0,1156.53,-0.0,331.59,10740343.62
2022-09-02,False,BOOK,0.0,0.0,0.0,0.0,0.0,-5136.59,0.0,-125506.91,-0.0,-130643.5,199915948.01
2022-09-02,False,T01,0.0,0.0,0.0,0.0,0.0,0.0,0.0,0.0,0.0,0.0,57020559.2
2022-09-02,False,T02,0.0,0.0,0.0,0.0,0.0,0.0,0.0,0.0,0.0,0.0,50546931.45
2022-09-02,False,T03,0.0,0.0,0.0,0.0,0.0,0.0,0.0,0.0,0.0,0.0,28191808.86
2022-09-02,False,T04,0.0,0.0,0.0,0.0,0.0,0.0,0.0,0.0,0.0,0.0,9246962.27
2022-09-02,False,T05,0.0,0.0,0.0,0.0,0.0,0.0,0.0,0.0,0.0,0.0,34197341.27
2022-09-02,False,T06,0.0,0.0,0.0,0.0,0.0,0.0,0.0,0.0,0.0,0.0,8653059.34
2022-09-02,False,T07,0.0,0.0,0.0,0.0,0.0,0.0,0.0,-38726.92,0.0,-38726.92,6485348.46
2022-09-02,False,T08,0.0,0.0,0.0,0.0,0.0,0.0,0.0,-87825.18,-0.0,-87825.18,-5162315.08
2022-09-02,False,T09,0.0,0.0,0.0,0.0,0.0,-5136.59,0.0,1045.2,-0.0,-4091.39,10736252.23
2022-09-05,False,BOOK,0.0,0.0,0.0,0.0,0.0,-123.88,0.0,-350831.86,0.0,-350955.74,199564992.27
2022-09-05,False,T01,0.0,0.0,0.0,0.0,0.0,0.0,0.0,0.0,0.0,0.0,57020559.2
2022-09-05,False,T02,0.0,0.0,0.0,0.0,0.0,0.0,0.0,0.0,0.0,0.0,50546931.45
2022-09-05,False,T03,0.0,0.0,0.0,0.0,0.0,0.0,0.0,0.0,0.0,0.0,28191808.86
2022-09-05,False,T04,0.0,0.0,0.0,0.0,0.0,0.0,0.0,0.0,0.0,0.0,9246962.27
2022-09-05,False,T05,0.0,0.0,0.0,0.0,0.0,0.0,0.0,0.0,0.0,0.0,34197341.27
2022-09-05,False,T06,0.0,0.0,0.0,0.0,0.0,0.0,0.0,0.0,0.0,0.0,8653059.34
2022-09-05,False,T07,0.0,0.0,0.0,0.0,0.0,0.0,0.0,-90671.81,0.0,-90671.81,6394676.65
2022-09-05,False,T08,0.0,0.0,0.0,0.0,0.0,0.0,0.0,-263475.55,0.0,-263475.55,-5425790.63
2022-09-05,False,T09,0.0,0.0,0.0,0.0,0.0,-123.88,0.0,3315.51,0.0,3191.63,10739443.85
2022-09-06,False,BOOK,0.0,0.0,0.0,0.0,0.0,1240.36,0.0,-116746.69,0.0,-115506.33,199449485.94
2022-09-06,False,T01,0.0,0.0,0.0,0.0,0.0,0.0,0.0,0.0,0.0,0.0,57020559.2
2022-09-06,False,T02,0.0,0.0,0.0,0.0,0.0,0.0,0.0,0.0,0.0,0.0,50546931.45
2022-09-06,False,T03,0.0,0.0,0.0,0.0,0.0,0.0,0.0,0.0,0.0,0.0,28191808.86
2022-09-06,False,T04,0.0,0.0,0.0,0.0,0.0,0.0,0.0,0.0,0.0,0.0,9246962.27
2022-09-06,False,T05,0.0,0.0,0.0,0.0,0.0,0.0,0.0,0.0,0.0,0.0,34197341.27
2022-09-06,False,T06,0.0,0.0,0.0,0.0,0.0,0.0,0.0,0.0,0.0,0.0,8653059.34
2022-09-06,False,T07,0.0,0.0,0.0,0.0,0.0,0.0,0.0,-30223.94,0.0,-30223.94,6364452.72
2022-09-06,False,T08,0.0,0.0,0.0,0.0,0.0,0.0,0.0,-87825.18,-0.0,-87825.18,-5513615.82
2022-09-06,False,T09,0.0,0.0,0.0,0.0,0.0,1240.36,0.0,1302.43,0.0,2542.79,10741986.64
2022-09-07,False,BOOK,0.0,0.0,0.0,0.0,0.0,-2629.89,0.0,-116912.97,-0.0,-119542.86,199329943.08
2022-09-07,False,T01,0.0,0.0,0.0,0.0,0.0,0.0,0.0,0.0,0.0,0.0,57020559.2
2022-09-07,False,T02,0.0,0.0,0.0,0.0,0.0,0.0,0.0,0.0,0.0,0.0,50546931.45
2022-09-07,False,T03,0.0,0.0,0.0,0.0,0.0,0.0,0.0,0.0,0.0,0.0,28191808.86
2022-09-07,False,T04,0.0,0.0,0.0,0.0,0.0,0.0,0.0,0.0,0.0,0.0,9246962.27
2022-09-07,False,T05,0.0,0.0,0.0,0.0,0.0,0.0,0.0,0.0,0.0,0.0,34197341.27
2022-09-07,False,T06,0.0,0.0,0.0,0.0,0.0,0.0,0.0,0.0,0.0,0.0,8653059.34
2022-09-07,False,T07,0.0,0.0,0.0,0.0,0.0,0.0,0.0,-30223.94,-0.0,-30223.94,6334228.78
2022-09-07,False,T08,0.0,0.0,0.0,0.0,0.0,0.0,0.0,-87825.18,-0.0,-87825.18,-5601441.0
2022-09-07,False,T09,0.0,0.0,0.0,0.0,0.0,-2629.89,0.0,1136.15,-0.0,-1493.74,10740492.91
2022-09-08,False,BOOK,0.0,0.0,0.0,0.0,0.0,5203.82,0.0,-116966.57,0.0,-111762.74,199218180.34
2022-09-08,False,T01,0.0,0.0,0.0,0.0,0.0,0.0,0.0,0.0,0.0,0.0,57020559.2
2022-09-08,False,T02,0.0,0.0,0.0,0.0,0.0,0.0,0.0,0.0,0.0,0.0,50546931.45
2022-09-08,False,T03,0.0,0.0,0.0,0.0,0.0,0.0,0.0,0.0,0.0,0.0,28191808.86
2022-09-08,False,T04,0.0,0.0,0.0,0.0,0.0,0.0,0.0,0.0,0.0,0.0,9246962.27
2022-09-08,False,T05,0.0,0.0,0.0,0.0,0.0,0.0,0.0,0.0,0.0,0.0,34197341.27
2022-09-08,False,T06,0.0,0.0,0.0,0.0,0.0,0.0,0.0,0.0,0.0,0.0,8653059.34
2022-09-08,False,T07,0.0,0.0,0.0,0.0,0.0,0.0,0.0,-30223.94,0.0,-30223.94,6304004.84
2022-09-08,False,T08,0.0,0.0,0.0,0.0,0.0,0.0,0.0,-87825.18,-0.0,-87825.18,-5689266.19
2022-09-08,False,T09,0.0,0.0,0.0,0.0,0.0,5203.82,0.0,1082.55,0.0,6286.38,10746779.28
2022-09-09,False,BOOK,0.0,0.0,0.0,0.0,0.0,1611.31,0.0,-117200.64,-0.0,-115589.33,199102591.02
2022-09-09,False,T01,0.0,0.0,0.0,0.0,0.0,0.0,0.0,0.0,0.0,0.0,57020559.2
2022-09-09,False,T02,0.0,0.0,0.0,0.0,0.0,0.0,0.0,0.0,0.0,0.0,50546931.45
2022-09-09,False,T03,0.0,0.0,0.0,0.0,0.0,0.0,0.0,0.0,0.0,0.0,28191808.86
2022-09-09,False,T04,0.0,0.0,0.0,0.0,0.0,0.0,0.0,0.0,0.0,0.0,9246962.27
2022-09-09,False,T05,0.0,0.0,0.0,0.0,0.0,0.0,0.0,0.0,0.0,0.0,34197341.27
2022-09-09,False,T06,0.0,0.0,0.0,0.0,0.0,0.0,0.0,0.0,0.0,0.0,8653059.34
2022-09-09,False,T07,0.0,0.0,0.0,0.0,0.0,0.0,0.0,-30223.94,0.0,-30223.94,6273780.91
2022-09-09,False,T08,0.0,0.0,0.0,0.0,0.0,0.0,0.0,-87825.18,-0.0,-87825.18,-5777091.37
2022-09-09,False,T09,0.0,0.0,0.0,0.0,0.0,1611.31,0.0,848.49,-0.0,2459.8,10749239.08
2022-09-12,False,BOOK,0.0,0.0,0.0,0.0,0.0,2183.95,0.0,-325624.21,-0.0,-323440.26,198779150.75
2022-09-12,False,T01,0.0,0.0,0.0,0.0,0.0,0.0,0.0,0.0,0.0,0.0,57020559.2
2022-09-12,False,T02,0.0,0.0,0.0,0.0,0.0,0.0,0.0,0.0,0.0,0.0,50546931.45
2022-09-12,False,T03,0.0,0.0,0.0,0.0,0.0,0.0,0.0,0.0,0.0,0.0,28191808.86
2022-09-12,False,T04,0.0,0.0,0.0,0.0,0.0,0.0,0.0,0.0,0.0,0.0,9246962.27
2022-09-12,False,T05,0.0,0.0,0.0,0.0,0.0,0.0,0.0,0.0,0.0,0.0,34197341.27
2022-09-12,False,T06,0.0,0.0,0.0,0.0,0.0,0.0,0.0,0.0,0.0,0.0,8653059.34
2022-09-12,False,T07,0.0,0.0,0.0,0.0,0.0,0.0,0.0,-64827.62,-0.0,-64827.62,6208953.29
2022-09-12,False,T08,0.0,0.0,0.0,0.0,0.0,0.0,0.0,-263475.55,-0.0,-263475.55,-6040566.93
2022-09-12,False,T09,0.0,0.0,0.0,0.0,0.0,2183.95,0.0,2678.96,-0.0,4862.91,10754101.99
2022-09-13,False,BOOK,0.0,0.0,0.0,0.0,0.0,5548.47,0.0,-108458.49,0.0,-102910.03,198676240.73
2022-09-13,False,T01,0.0,0.0,0.0,0.0,0.0,0.0,0.0,0.0,0.0,0.0,57020559.2
2022-09-13,False,T02,0.0,0.0,0.0,0.0,0.0,0.0,0.0,0.0,0.0,0.0,50546931.45
2022-09-13,False,T03,0.0,0.0,0.0,0.0,0.0,0.0,0.0,0.0,0.0,0.0,28191808.86
2022-09-13,False,T04,0.0,0.0,0.0,0.0,0.0,0.0,0.0,0.0,0.0,0.0,9246962.27
2022-09-13,False,T05,0.0,0.0,0.0,0.0,0.0,0.0,0.0,0.0,0.0,0.0,34197341.27
2022-09-13,False,T06,0.0,0.0,0.0,0.0,0.0,0.0,0.0,0.0,0.0,0.0,8653059.34
2022-09-13,False,T07,0.0,0.0,0.0,0.0,0.0,0.0,0.0,-21609.21,0.0,-21609.21,6187344.08
2022-09-13,False,T08,0.0,0.0,0.0,0.0,0.0,0.0,0.0,-87825.18,-0.0,-87825.18,-6128392.11
2022-09-13,False,T09,0.0,0.0,0.0,0.0,0.0,5548.47,0.0,975.9,0.0,6524.37,10760626.36
2022-09-14,False,BOOK,0.0,0.0,0.0,0.0,0.0,-6306.5,0.0,-108685.12,-0.0,-114991.62,198561249.11
2022-09-14,False,T01,0.0,0.0,0.0,0.0,0.0,0.0,0.0,0.0,0.0,0.0,57020559.2
2022-09-14,False,T02,0.0,0.0,0.0,0.0,0.0,0.0,0.0,0.0,0.0,0.0,50546931.45
2022-09-14,False,T03,0.0,0.0,0.0,0.0,0.0,0.0,0.0,0.0,0.0,0.0,28191808.86
2022-09-14,False,T04,0.0,0.0,0.0,0.0,0.0,0.0,0.0,0.0,0.0,0.0,9246962.27
2022-09-14,False,T05,0.0,0.0,0.0,0.0,0.0,0.0,0.0,0.0,0.0,0.0,34197341.27
2022-09-14,False,T06,0.0,0.0,0.0,0.0,0.0,0.0,0.0,0.0,0.0,0.0,8653059.34
2022-09-14,False,T07,0.0,0.0,0.0,0.0,0.0,0.0,0.0,-21609.21,-0.0,-21609.21,6165734.88
2022-09-14,False,T08,0.0,0.0,0.0,0.0,0.0,0.0,0.0,-87825.18,-0.0,-87825.18,-6216217.3
2022-09-14,False,T09,0.0,0.0,0.0,0.0,0.0,-6306.5,0.0,749.27,-0.0,-5557.23,10755069.13
2022-09-15,False,BOOK,0.0,0.0,0.0,0.0,0.0,-5063.57,0.0,-108638.07,-0.0,-113701.64,198447547.47
2022-09-15,False,T01,0.0,0.0,0.0,0.0,0.0,0.0,0.0,0.0,0.0,0.0,57020559.2
2022-09-15,False,T02,0.0,0.0,0.0,0.0,0.0,0.0,0.0,0.0,0.0,0.0,50546931.45
2022-09-15,False,T03,0.0,0.0,0.0,0.0,0.0,0.0,0.0,0.0,0.0,0.0,28191808.86
2022-09-15,False,T04,0.0,0.0,0.0,0.0,0.0,0.0,0.0,0.0,0.0,0.0,9246962.27
2022-09-15,False,T05,0.0,0.0,0.0,0.0,0.0,0.0,0.0,0.0,0.0,0.0,34197341.27
2022-09-15,False,T06,0.0,0.0,0.0,0.0,0.0,0.0,0.0,0.0,0.0,0.0,8653059.34
2022-09-15,False,T07,0.0,0.0,0.0,0.0,0.0,0.0,0.0,-21609.21,-0.0,-21609.21,6144125.67
2022-09-15,False,T08,0.0,0.0,0.0,0.0,0.0,0.0,0.0,-87825.18,-0.0,-87825.18,-6304042.48
2022-09-15,False,T09,0.0,0.0,0.0,0.0,0.0,-5063.57,0.0,796.32,-0.0,-4267.25,10750801.88
2022-09-16,False,BOOK,0.0,0.0,0.0,0.0,0.0,895.59,-25050.89,-83585.6,-0.0,-107740.9,198339806.57
2022-09-16,False,T01,0.0,0.0,0.0,0.0,0.0,0.0,0.0,0.0,0.0,0.0,57020559.2
2022-09-16,False,T02,0.0,0.0,0.0,0.0,0.0,0.0,0.0,0.0,0.0,0.0,50546931.45
2022-09-16,False,T03,0.0,0.0,0.0,0.0,0.0,0.0,0.0,0.0,0.0,0.0,28191808.86
2022-09-16,False,T04,0.0,0.0,0.0,0.0,0.0,0.0,0.0,0.0,0.0,0.0,9246962.27
2022-09-16,False,T05,0.0,0.0,0.0,0.0,0.0,0.0,0.0,0.0,0.0,0.0,34197341.27
2022-09-16,False,T06,0.0,0.0,0.0,0.0,0.0,0.0,0.0,0.0,0.0,0.0,8653059.34
2022-09-16,False,T07,0.0,0.0,0.0,0.0,0.0,0.0,-25050.89,3441.69,0.0,-21609.21,6122516.47
2022-09-16,False,T08,0.0,0.0,0.0,0.0,0.0,0.0,0.0,-87825.18,-0.0,-87825.18,-6391867.67
2022-09-16,False,T09,0.0,0.0,0.0,0.0,0.0,895.59,0.0,797.9,-0.0,1693.49,10752495.37
2022-09-19,False,BOOK,0.0,0.0,0.0,0.0,0.0,-101.56,-75152.68,-230162.35,0.0,-305416.59,198034389.98
2022-09-19,False,T01,0.0,0.0,0.0,0.0,0.0,0.0,0.0,0.0,0.0,0.0,57020559.2
2022-09-19,False,T02,0.0,0.0,0.0,0.0,0.0,0.0,0.0,0.0,0.0,0.0,50546931.45
2022-09-19,False,T03,0.0,0.0,0.0,0.0,0.0,0.0,0.0,0.0,0.0,0.0,28191808.86
2022-09-19,False,T04,0.0,0.0,0.0,0.0,0.0,0.0,0.0,0.0,0.0,0.0,9246962.27
2022-09-19,False,T05,0.0,0.0,0.0,0.0,0.0,0.0,0.0,0.0,0.0,0.0,34197341.27
2022-09-19,False,T06,0.0,0.0,0.0,0.0,0.0,0.0,0.0,0.0,0.0,0.0,8653059.34
2022-09-19,False,T07,0.0,0.0,0.0,0.0,0.0,0.0,-75152.68,10325.06,-0.0,-64827.62,6057688.85
2022-09-19,False,T08,0.0,0.0,0.0,0.0,0.0,0.0,0.0,-243207.91,0.0,-243207.91,-6635075.58
2022-09-19,False,T09,0.0,0.0,0.0,0.0,0.0,-101.56,0.0,2720.5,0.0,2618.95,10755114.31
2022-09-20,False,BOOK,0.0,0.0,0.0,0.0,0.0,214.11,-25050.89,-76845.59,-0.0,-101682.37,197932707.61
2022-09-20,False,T01,0.0,0.0,0.0,0.0,0.0,0.0,0.0,0.0,0.0,0.0,57020559.2
2022-09-20,False,T02,0.0,0.0,0.0,0.0,0.0,0.0,0.0,0.0,0.0,0.0,50546931.45
2022-09-20,False,T03,0.0,0.0,0.0,0.0,0.0,0.0,0.0,0.0,0.0,0.0,28191808.86
2022-09-20,False,T04,0.0,0.0,0.0,0.0,0.0,0.0,0.0,0.0,0.0,0.0,9246962.27
2022-09-20,False,T05,0.0,0.0,0.0,0.0,0.0,0.0,0.0,0.0,0.0,0.0,34197341.27
2022-09-20,False,T06,0.0,0.0,0.0,0.0,0.0,0.0,0.0,0.0,0.0,0.0,8653059.34
2022-09-20,False,T07,0.0,0.0,0.0,0.0,0.0,0.0,-25050.89,3441.69,-0.0,-21609.21,6036079.64
2022-09-20,False,T08,0.0,0.0,0.0,0.0,0.0,0.0,0.0,-81069.3,-0.0,-81069.3,-6716144.89
2022-09-20,False,T09,0.0,0.0,0.0,0.0,0.0,214.11,0.0,782.02,-0.0,996.14,10756110.45
2022-09-21,False,BOOK,0.0,0.0,0.0,0.0,0.0,-3423.79,-25050.89,-76866.8,0.0,-105341.49,197827366.12
2022-09-21,False,T01,0.0,0.0,0.0,0.0,0.0,0.0,0.0,0.0,0.0,0.0,57020559.2
2022-09-21,False,T02,0.0,0.0,0.0,0.0,0.0,0.0,0.0,0.0,0.0,0.0,50546931.45
2022-09-21,False,T03,0.0,0.0,0.0,0.0,0.0,0.0,0.0,0.0,0.0,0.0,28191808.86
2022-09-21,False,T04,0.0,0.0,0.0,0.0,0.0,0.0,0.0,0.0,0.0,0.0,9246962.27
2022-09-21,False,T05,0.0,0.0,0.0,0.0,0.0,0.0,0.0,0.0,0.0,0.0,34197341.27
2022-09-21,False,T06,0.0,0.0,0.0,0.0,0.0,0.0,0.0,0.0,0.0,0.0,8653059.34
2022-09-21,False,T07,0.0,0.0,0.0,0.0,0.0,0.0,-25050.89,3441.69,-0.0,-21609.21,6014470.44
2022-09-21,False,T08,0.0,0.0,0.0,0.0,0.0,0.0,0.0,-81069.3,0.0,-81069.3,-6797214.19
2022-09-21,False,T09,0.0,0.0,0.0,0.0,0.0,-3423.79,0.0,760.82,-0.0,-2662.97,10753447.47
2022-09-22,False,BOOK,0.0,0.0,0.0,0.0,0.0,-17129.57,-25050.89,-2348.76,0.0,-44529.22,197782836.9
2022-09-22,False,T01,0.0,0.0,0.0,0.0,0.0,0.0,0.0,0.0,0.0,0.0,57020559.2
2022-09-22,False,T02,0.0,0.0,0.0,0.0,0.0,0.0,0.0,0.0,0.0,0.0,50546931.45
2022-09-22,False,T03,0.0,0.0,0.0,0.0,0.0,0.0,0.0,0.0,0.0,0.0,28191808.86
2022-09-22,False,T04,0.0,0.0,0.0,0.0,0.0,0.0,0.0,0.0,0.0,0.0,9246962.27
2022-09-22,False,T05,0.0,0.0,0.0,0.0,0.0,0.0,0.0,0.0,0.0,0.0,34197341.27
2022-09-22,False,T06,0.0,0.0,0.0,0.0,0.0,0.0,0.0,0.0,0.0,0.0,8653059.34
2022-09-22,False,T07,0.0,0.0,0.0,0.0,0.0,0.0,-25050.89,3441.69,0.0,-21609.21,5992861.23
2022-09-22,False,T08,0.0,0.0,0.0,0.0,0.0,0.0,0.0,-6590.62,0.0,-6590.62,-6803804.81
2022-09-22,False,T09,0.0,0.0,0.0,0.0,0.0,-17129.57,0.0,800.17,-0.0,-16329.4,10737118.07
2022-09-23,False,BOOK,0.0,0.0,0.0,0.0,0.0,-4244.79,-25050.89,-2403.07,-0.0,-31698.76,197751138.14
2022-09-23,False,T01,0.0,0.0,0.0,0.0,0.0,0.0,0.0,0.0,0.0,0.0,57020559.2
2022-09-23,False,T02,0.0,0.0,0.0,0.0,0.0,0.0,0.0,0.0,0.0,0.0,50546931.45
2022-09-23,False,T03,0.0,0.0,0.0,0.0,0.0,0.0,0.0,0.0,0.0,0.0,28191808.86
2022-09-23,False,T04,0.0,0.0,0.0,0.0,0.0,0.0,0.0,0.0,0.0,0.0,9246962.27
2022-09-23,False,T05,0.0,0.0,0.0,0.0,0.0,0.0,0.0,0.0,0.0,0.0,34197341.27
2022-09-23,False,T06,0.0,0.0,0.0,0.0,0.0,0.0,0.0,0.0,0.0,0.0,8653059.34
2022-09-23,False,T07,0.0,0.0,0.0,0.0,0.0,0.0,-25050.89,3441.69,-0.0,-21609.21,5971252.03
2022-09-23,False,T08,0.0,0.0,0.0,0.0,0.0,0.0,0.0,-6590.62,0.0,-6590.62,-6810395.43
2022-09-23,False,T09,0.0,0.0,0.0,0.0,0.0,-4244.79,0.0,745.86,-0.0,-3498.93,10733619.14
2022-09-26,False,BOOK,0.0,0.0,0.0,0.0,0.0,-9738.88,-75152.68,12991.6,-0.0,-71899.95,197679238.19
2022-09-26,False,T01,0.0,0.0,0.0,0.0,0.0,0.0,0.0,0.0,0.0,0.0,57020559.2
2022-09-26,False,T02,0.0,0.0,0.0,0.0,0.0,0.0,0.0,0.0,0.0,0.0,50546931.45
2022-09-26,False,T03,0.0,0.0,0.0,0.0,0.0,0.0,0.0,0.0,0.0,0.0,28191808.86
2022-09-26,False,T04,0.0,0.0,0.0,0.0,0.0,0.0,0.0,0.0,0.0,0.0,9246962.27
2022-09-26,False,T05,0.0,0.0,0.0,0.0,0.0,0.0,0.0,0.0,0.0,0.0,34197341.27
2022-09-26,False,T06,0.0,0.0,0.0,0.0,0.0,0.0,0.0,0.0,0.0,0.0,8653059.34
2022-09-26,False,T07,0.0,0.0,0.0,0.0,0.0,0.0,-75152.68,10325.06,-0.0,-64827.62,5906424.41
2022-09-26,False,T08,0.0,0.0,0.0,0.0,0.0,0.0,0.0,0.0,0.0,0.0,-6810395.43
2022-09-26,False,T09,0.0,0.0,0.0,0.0,0.0,-9738.88,0.0,2666.54,-0.0,-7072.34,10726546.8
2022-09-27,False,BOOK,0.0,0.0,0.0,0.0,0.0,2175.16,-25050.89,4223.77,0.0,-18651.96,197660586.22
2022-09-27,False,T01,0.0,0.0,0.0,0.0,0.0,0.0,0.0,0.0,0.0,0.0,57020559.2
2022-09-27,False,T02,0.0,0.0,0.0,0.0,0.0,0.0,0.0,0.0,0.0,0.0,50546931.45
2022-09-27,False,T03,0.0,0.0,0.0,0.0,0.0,0.0,0.0,0.0,0.0,0.0,28191808.86
2022-09-27,False,T04,0.0,0.0,0.0,0.0,0.0,0.0,0.0,0.0,0.0,0.0,9246962.27
2022-09-27,False,T05,0.0,0.0,0.0,0.0,0.0,0.0,0.0,0.0,0.0,0.0,34197341.27
2022-09-27,False,T06,0.0,0.0,0.0,0.0,0.0,0.0,0.0,0.0,0.0,0.0,8653059.34
2022-09-27,False,T07,0.0,0.0,0.0,0.0,0.0,0.0,-25050.89,3441.69,-0.0,-21609.21,5884815.21
2022-09-27,False,T08,0.0,0.0,0.0,0.0,0.0,0.0,0.0,0.0,0.0,0.0,-6810395.43
2022-09-27,False,T09,0.0,0.0,0.0,0.0,0.0,2175.16,0.0,782.08,0.0,2957.24,10729504.04
2022-09-28,False,BOOK,0.0,0.0,0.0,0.0,0.0,-6464.33,-25050.89,4292.44,-0.0,-27222.78,197633363.44
2022-09-28,False,T01,0.0,0.0,0.0,0.0,0.0,0.0,0.0,0.0,0.0,0.0,57020559.2
2022-09-28,False,T02,0.0,0.0,0.0,0.0,0.0,0.0,0.0,0.0,0.0,0.0,50546931.45
2022-09-28,False,T03,0.0,0.0,0.0,0.0,0.0,0.0,0.0,0.0,0.0,0.0,28191808.86
2022-09-28,False,T04,0.0,0.0,0.0,0.0,0.0,0.0,0.0,0.0,0.0,0.0,9246962.27
2022-09-28,False,T05,0.0,0.0,0.0,0.0,0.0,0.0,0.0,0.0,0.0,0.0,34197341.27
2022-09-28,False,T06,0.0,0.0,0.0,0.0,0.0,0.0,0.0,0.0,0.0,0.0,8653059.34
2022-09-28,False,T07,0.0,0.0,0.0,0.0,0.0,0.0,-25050.89,3441.69,-0.0,-21609.21,5863206.0
2022-09-28,False,T08,0.0,0.0,0.0,0.0,0.0,0.0,0.0,0.0,0.0,0.0,-6810395.43
2022-09-28,False,T09,0.0,0.0,0.0,0.0,0.0,-6464.33,0.0,850.75,-0.0,-5613.58,10723890.47
2022-09-29,False,BOOK,0.0,0.0,0.0,0.0,0.0,1999.64,-25050.89,4236.51,0.0,-18814.74,197614548.7
2022-09-29,False,T01,0.0,0.0,0.0,0.0,0.0,0.0,0.0,0.0,0.0,0.0,57020559.2
2022-09-29,False,T02,0.0,0.0,0.0,0.0,0.0,0.0,0.0,0.0,0.0,0.0,50546931.45
2022-09-29,False,T03,0.0,0.0,0.0,0.0,0.0,0.0,0.0,0.0,0.0,0.0,28191808.86
2022-09-29,False,T04,0.0,0.0,0.0,0.0,0.0,0.0,0.0,0.0,0.0,0.0,9246962.27
2022-09-29,False,T05,0.0,0.0,0.0,0.0,0.0,0.0,0.0,0.0,0.0,0.0,34197341.27
2022-09-29,False,T06,0.0,0.0,0.0,0.0,0.0,0.0,0.0,0.0,0.0,0.0,8653059.34
2022-09-29,False,T07,0.0,0.0,0.0,0.0,0.0,0.0,-25050.89,3441.69,0.0,-21609.21,5841596.79
2022-09-29,False,T08,0.0,0.0,0.0,0.0,0.0,0.0,0.0,0.0,0.0,0.0,-6810395.43
2022-09-29,False,T09,0.0,0.0,0.0,0.0,0.0,1999.64,0.0,794.82,0.0,2794.46,10726684.93
2022-09-30,False,BOOK,0.0,0.0,0.0,0.0,0.0,4393.83,-25050.89,3808.67,-0.0,-16848.39,197597700.31
2022-09-30,False,T01,0.0,0.0,0.0,0.0,0.0,0.0,0.0,0.0,0.0,0.0,57020559.2
2022-09-30,False,T02,0.0,0.0,0.0,0.0,0.0,0.0,0.0,0.0,0.0,0.0,50546931.45
2022-09-30,False,T03,0.0,0.0,0.0,0.0,0.0,0.0,0.0,0.0,0.0,0.0,28191808.86
2022-09-30,False,T04,0.0,0.0,0.0,0.0,0.0,0.0,0.0,0.0,0.0,0.0,9246962.27
2022-09-30,False,T05,0.0,0.0,0.0,0.0,0.0,0.0,0.0,0.0,0.0,0.0,34197341.27
2022-09-30,False,T06,0.0,0.0,0.0,0.0,0.0,0.0,0.0,0.0,0.0,0.0,8653059.34
2022-09-30,False,T07,0.0,0.0,0.0,0.0,0.0,0.0,-25050.89,3441.69,-0.0,-21609.21,5819987.59
2022-09-30,False,T08,0.0,0.0,0.0,0.0,0.0,0.0,0.0,0.0,0.0,0.0,-6810395.43
2022-09-30,False,T09,0.0,0.0,0.0,0.0,0.0,4393.83,0.0,366.99,0.0,4760.82,10731445.75
2022-10-03,False,BOOK,0.0,0.0,0.0,0.0,0.0,-6474.22,-75152.68,12957.17,-0.0,-68669.72,197529030.58
2022-10-03,False,T01,0.0,0.0,0.0,0.0,0.0,0.0,0.0,0.0,0.0,0.0,57020559.2
2022-10-03,False,T02,0.0,0.0,0.0,0.0,0.0,0.0,0.0,0.0,0.0,0.0,50546931.45
2022-10-03,False,T03,0.0,0.0,0.0,0.0,0.0,0.0,0.0,0.0,0.0,0.0,28191808.86
2022-10-03,False,T04,0.0,0.0,0.0,0.0,0.0,0.0,0.0,0.0,0.0,0.0,9246962.27
2022-10-03,False,T05,0.0,0.0,0.0,0.0,0.0,0.0,0.0,0.0,0.0,0.0,34197341.27
2022-10-03,False,T06,0.0,0.0,0.0,0.0,0.0,0.0,0.0,0.0,0.0,0.0,8653059.34
2022-10-03,False,T07,0.0,0.0,0.0,0.0,0.0,0.0,-75152.68,10325.06,-0.0,-64827.62,5755159.97
2022-10-03,False,T08,0.0,0.0,0.0,0.0,0.0,0.0,0.0,0.0,0.0,0.0,-6810395.43
2022-10-03,False,T09,0.0,0.0,0.0,0.0,0.0,-6474.22,0.0,2632.11,-0.0,-3842.11,10727603.64
2022-10-04,False,BOOK,0.0,0.0,0.0,0.0,0.0,4434.08,-25050.89,4260.57,-0.0,-16356.24,197512674.34
2022-10-04,False,T01,0.0,0.0,0.0,0.0,0.0,0.0,0.0,0.0,0.0,0.0,57020559.2
2022-10-04,False,T02,0.0,0.0,0.0,0.0,0.0,0.0,0.0,0.0,0.0,0.0,50546931.45
2022-10-04,False,T03,0.0,0.0,0.0,0.0,0.0,0.0,0.0,0.0,0.0,0.0,28191808.86
2022-10-04,False,T04,0.0,0.0,0.0,0.0,0.0,0.0,0.0,0.0,0.0,0.0,9246962.27
2022-10-04,False,T05,0.0,0.0,0.0,0.0,0.0,0.0,0.0,0.0,0.0,0.0,34197341.27
2022-10-04,False,T06,0.0,0.0,0.0,0.0,0.0,0.0,0.0,0.0,0.0,0.0,8653059.34
2022-10-04,False,T07,0.0,0.0,0.0,0.0,0.0,0.0,-25050.89,3441.69,-0.0,-21609.21,5733550.77
2022-10-04,False,T08,0.0,0.0,0.0,0.0,0.0,0.0,0.0,0.0,0.0,0.0,-6810395.43
2022-10-04,False,T09,0.0,0.0,0.0,0.0,0.0,4434.08,0.0,818.88,-0.0,5252.97,10732856.61
2022-10-05,False,BOOK,0.0,0.0,0.0,0.0,0.0,-254.52,-25050.89,4288.65,-0.0,-21016.76,197491657.58
2022-10-05,False,T01,0.0,0.0,0.0,0.0,0.0,0.0,0.0,0.0,0.0,0.0,57020559.2
2022-10-05,False,T02,0.0,0.0,0.0,0.0,0.0,0.0,0.0,0.0,0.0,0.0,50546931.45
2022-10-05,False,T03,0.0,0.0,0.0,0.0,0.0,0.0,0.0,0.0,0.0,0.0,28191808.86
2022-10-05,False,T04,0.0,0.0,0.0,0.0,0.0,0.0,0.0,0.0,0.0,0.0,9246962.27
2022-10-05,False,T05,0.0,0.0,0.0,0.0,0.0,0.0,0.0,0.0,0.0,0.0,34197341.27
2022-10-05,False,T06,0.0,0.0,0.0,0.0,0.0,0.0,0.0,0.0,0.0,0.0,8653059.34
2022-10-05,False,T07,0.0,0.0,0.0,0.0,0.0,0.0,-25050.89,3441.69,0.0,-21609.21,5711941.56
2022-10-05,False,T08,0.0,0.0,0.0,0.0,0.0,0.0,0.0,0.0,0.0,0.0,-6810395.43
2022-10-05,False,T09,0.0,0.0,0.0,0.0,0.0,-254.52,0.0,846.96,-0.0,592.44,10733449.05
2022-10-06,False,BOOK,0.0,0.0,0.0,0.0,0.0,-11247.71,-25050.89,4276.79,0.0,-32021.81,197459635.78
2022-10-06,False,T01,0.0,0.0,0.0,0.0,0.0,0.0,0.0,0.0,0.0,0.0,57020559.2
2022-10-06,False,T02,0.0,0.0,0.0,0.0,0.0,0.0,0.0,0.0,0.0,0.0,50546931.45
2022-10-06,False,T03,0.0,0.0,0.0,0.0,0.0,0.0,0.0,0.0,0.0,0.0,28191808.86
2022-10-06,False,T04,0.0,0.0,0.0,0.0,0.0,0.0,0.0,0.0,0.0,0.0,9246962.27
2022-10-06,False,T05,0.0,0.0,0.0,0.0,0.0,0.0,0.0,0.0,0.0,0.0,34197341.27
2022-10-06,False,T06,0.0,0.0,0.0,0.0,0.0,0.0,0.0,0.0,0.0,0.0,8653059.34
2022-10-06,False,T07,0.0,0.0,0.0,0.0,0.0,0.0,-25050.89,3441.69,-0.0,-21609.21,5690332.35
2022-10-06,False,T08,0.0,0.0,0.0,0.0,0.0,0.0,0.0,0.0,0.0,0.0,-6810395.43
2022-10-06,False,T09,0.0,0.0,0.0,0.0,0.0,-11247.71,0.0,835.11,0.0,-10412.6,10723036.45
2022-10-07,False,BOOK,0.0,0.0,0.0,0.0,0.0,-46.1,-25050.89,4277.59,-0.0,-20819.41,197438816.37
2022-10-07,False,T01,0.0,0.0,0.0,0.0,0.0,0.0,0.0,0.0,0.0,0.0,57020559.2
2022-10-07,False,T02,0.0,0.0,0.0,0.0,0.0,0.0,0.0,0.0,0.0,0.0,50546931.45
2022-10-07,False,T03,0.0,0.0,0.0,0.0,0.0,0.0,0.0,0.0,0.0,0.0,28191808.86
2022-10-07,False,T04,0.0,0.0,0.0,0.0,0.0,0.0,0.0,0.0,0.0,0.0,9246962.27
2022-10-07,False,T05,0.0,0.0,0.0,0.0,0.0,0.0,0.0,0.0,0.0,0.0,34197341.27
2022-10-07,False,T06,0.0,0.0,0.0,0.0,0.0,0.0,0.0,0.0,0.0,0.0,8653059.34
2022-10-07,False,T07,0.0,0.0,0.0,0.0,0.0,0.0,-25050.89,3441.69,-0.0,-21609.21,5668723.15
2022-10-07,False,T08,0.0,0.0,0.0,0.0,0.0,0.0,0.0,0.0,0.0,0.0,-6810395.43
2022-10-07,False,T09,0.0,0.0,0.0,0.0,0.0,-46.1,0.0,835.9,-0.0,789.8,10723826.25
2022-10-10,False,BOOK,0.0,0.0,0.0,0.0,0.0,-4637.44,-75152.68,26549.81,-0.0,-53240.3,197385576.07
2022-10-10,False,T01,0.0,0.0,0.0,0.0,0.0,0.0,0.0,0.0,0.0,0.0,57020559.2
2022-10-10,False,T02,0.0,0.0,0.0,0.0,0.0,0.0,0.0,0.0,0.0,0.0,50546931.45
2022-10-10,False,T03,0.0,0.0,0.0,0.0,0.0,0.0,0.0,0.0,0.0,0.0,28191808.86
2022-10-10,False,T04,0.0,0.0,0.0,0.0,0.0,0.0,0.0,0.0,0.0,0.0,9246962.27
2022-10-10,False,T05,0.0,0.0,0.0,0.0,0.0,0.0,0.0,0.0,0.0,0.0,34197341.27
2022-10-10,False,T06,0.0,0.0,0.0,0.0,0.0,0.0,0.0,0.0,0.0,0.0,8653059.34
2022-10-10,False,T07,0.0,0.0,0.0,0.0,0.0,0.0,-75152.68,10325.06,-0.0,-64827.62,5603895.53
2022-10-10,False,T08,0.0,0.0,0.0,0.0,0.0,0.0,0.0,0.0,0.0,0.0,-6810395.43
2022-10-10,False,T09,0.0,0.0,0.0,0.0,0.0,-4637.44,0.0,16224.75,-0.0,11587.32,10735413.56
2022-10-11,False,BOOK,0.0,0.0,0.0,0.0,0.0,4297.13,-25050.89,51382.51,0.0,30628.76,197416204.82
2022-10-11,False,T01,0.0,0.0,0.0,0.0,0.0,0.0,0.0,0.0,0.0,0.0,57020559.2
2022-10-11,False,T02,0.0,0.0,0.0,0.0,0.0,0.0,0.0,0.0,0.0,0.0,50546931.45
2022-10-11,False,T03,0.0,0.0,0.0,0.0,0.0,0.0,0.0,0.0,0.0,0.0,28191808.86
2022-10-11,False,T04,0.0,0.0,0.0,0.0,0.0,0.0,0.0,0.0,0.0,0.0,9246962.27
2022-10-11,False,T05,0.0,0.0,0.0,0.0,0.0,0.0,0.0,0.0,0.0,0.0,34197341.27
2022-10-11,False,T06,0.0,0.0,0.0,0.0,0.0,0.0,0.0,0.0,0.0,0.0,8653059.34
2022-10-11,False,T07,0.0,0.0,0.0,0.0,0.0,0.0,-25050.89,3441.69,0.0,-21609.21,5582286.33
2022-10-11,False,T08,0.0,0.0,0.0,0.0,0.0,0.0,0.0,0.0,0.0,0.0,-6810395.43
2022-10-11,False,T09,0.0,0.0,0.0,0.0,0.0,4297.13,0.0,47940.83,0.0,52237.96,10787651.53
2022-10-12,False,BOOK,0.0,0.0,0.0,0.0,0.0,-1515.12,0.0,47850.98,-0.0,46335.86,197462540.68
2022-10-12,False,T01,0.0,0.0,0.0,0.0,0.0,0.0,0.0,0.0,0.0,0.0,57020559.2
2022-10-12,False,T02,0.0,0.0,0.0,0.0,0.0,0.0,0.0,0.0,0.0,0.0,50546931.45
2022-10-12,False,T03,0.0,0.0,0.0,0.0,0.0,0.0,0.0,0.0,0.0,0.0,28191808.86
2022-10-12,False,T04,0.0,0.0,0.0,0.0,0.0,0.0,0.0,0.0,0.0,0.0,9246962.27
2022-10-12,False,T05,0.0,0.0,0.0,0.0,0.0,0.0,0.0,0.0,0.0,0.0,34197341.27
2022-10-12,False,T06,0.0,0.0,0.0,0.0,0.0,0.0,0.0,0.0,0.0,0.0,8653059.34
2022-10-12,False,T07,0.0,0.0,0.0,0.0,0.0,0.0,0.0,0.0,0.0,0.0,5582286.33
2022-10-12,False,T08,0.0,0.0,0.0,0.0,0.0,0.0,0.0,0.0,0.0,0.0,-6810395.43
2022-10-12,False,T09,0.0,0.0,0.0,0.0,0.0,-1515.12,0.0,47850.98,-0.0,46335.86,10833987.39
2022-10-13,False,BOOK,0.0,0.0,0.0,0.0,0.0,3199.56,0.0,47863.9,0.0,51063.46,197513604.14
2022-10-13,False,T01,0.0,0.0,0.0,0.0,0.0,0.0,0.0,0.0,0.0,0.0,57020559.2
2022-10-13,False,T02,0.0,0.0,0.0,0.0,0.0,0.0,0.0,0.0,0.0,0.0,50546931.45
2022-10-13,False,T03,0.0,0.0,0.0,0.0,0.0,0.0,0.0,0.0,0.0,0.0,28191808.86
2022-10-13,False,T04,0.0,0.0,0.0,0.0,0.0,0.0,0.0,0.0,0.0,0.0,9246962.27
2022-10-13,False,T05,0.0,0.0,0.0,0.0,0.0,0.0,0.0,0.0,0.0,0.0,34197341.27
2022-10-13,False,T06,0.0,0.0,0.0,0.0,0.0,0.0,0.0,0.0,0.0,0.0,8653059.34
2022-10-13,False,T07,0.0,0.0,0.0,0.0,0.0,0.0,0.0,0.0,0.0,0.0,5582286.33
2022-10-13,False,T08,0.0,0.0,0.0,0.0,0.0,0.0,0.0,0.0,0.0,0.0,-6810395.43
2022-10-13,False,T09,0.0,0.0,0.0,0.0,0.0,3199.56,0.0,47863.9,0.0,51063.46,10885050.85
2022-10-14,False,BOOK,0.0,0.0,0.0,0.0,0.0,-2884.14,0.0,47838.51,0.0,44954.37,197558558.51
2022-10-14,False,T01,0.0,0.0,0.0,0.0,0.0,0.0,0.0,0.0,0.0,0.0,57020559.2
2022-10-14,False,T02,0.0,0.0,0.0,0.0,0.0,0.0,0.0,0.0,0.0,0.0,50546931.45
2022-10-14,False,T03,0.0,0.0,0.0,0.0,0.0,0.0,0.0,0.0,0.0,0.0,28191808.86
2022-10-14,False,T04,0.0,0.0,0.0,0.0,0.0,0.0,0.0,0.0,0.0,0.0,9246962.27
2022-10-14,False,T05,0.0,0.0,0.0,0.0,0.0,0.0,0.0,0.0,0.0,0.0,34197341.27
2022-10-14,False,T06,0.0,0.0,0.0,0.0,0.0,0.0,0.0,0.0,0.0,0.0,8653059.34
2022-10-14,False,T07,0.0,0.0,0.0,0.0,0.0,0.0,0.0,0.0,0.0,0.0,5582286.33
2022-10-14,False,T08,0.0,0.0,0.0,0.0,0.0,0.0,0.0,0.0,0.0,0.0,-6810395.43
2022-10-14,False,T09,0.0,0.0,0.0,0.0,0.0,-2884.14,0.0,47838.51,0.0,44954.37,10930005.21
2022-10-17,False,BOOK,0.0,0.0,0.0,0.0,0.0,425.68,0.0,157230.29,-0.0,157655.97,197716214.49
2022-10-17,False,T01,0.0,0.0,0.0,0.0,0.0,0.0,0.0,0.0,0.0,0.0,57020559.2
2022-10-17,False,T02,0.0,0.0,0.0,0.0,0.0,0.0,0.0,0.0,0.0,0.0,50546931.45
2022-10-17,False,T03,0.0,0.0,0.0,0.0,0.0,0.0,0.0,0.0,0.0,0.0,28191808.86
2022-10-17,False,T04,0.0,0.0,0.0,0.0,0.0,0.0,0.0,0.0,0.0,0.0,9246962.27
2022-10-17,False,T05,0.0,0.0,0.0,0.0,0.0,0.0,0.0,0.0,0.0,0.0,34197341.27
2022-10-17,False,T06,0.0,0.0,0.0,0.0,0.0,0.0,0.0,0.0,0.0,0.0,8653059.34
2022-10-17,False,T07,0.0,0.0,0.0,0.0,0.0,0.0,0.0,0.0,0.0,0.0,5582286.33
2022-10-17,False,T08,0.0,0.0,0.0,0.0,0.0,0.0,0.0,0.0,0.0,0.0,-6810395.43
2022-10-17,False,T09,0.0,0.0,0.0,0.0,0.0,425.68,0.0,157230.29,-0.0,157655.97,11087661.19
2022-10-18,False,BOOK,0.0,0.0,0.0,0.0,0.0,-31.32,0.0,28429.18,-0.0,28397.86,197744612.34
2022-10-18,False,T01,0.0,0.0,0.0,0.0,0.0,0.0,0.0,0.0,0.0,0.0,57020559.2
2022-10-18,False,T02,0.0,0.0,0.0,0.0,0.0,0.0,0.0,0.0,0.0,0.0,50546931.45
2022-10-18,False,T03,0.0,0.0,0.0,0.0,0.0,0.0,0.0,0.0,0.0,0.0,28191808.86
2022-10-18,False,T04,0.0,0.0,0.0,0.0,0.0,0.0,0.0,0.0,0.0,0.0,9246962.27
2022-10-18,False,T05,0.0,0.0,0.0,0.0,0.0,0.0,0.0,0.0,0.0,0.0,34197341.27
2022-10-18,False,T06,0.0,0.0,0.0,0.0,0.0,0.0,0.0,0.0,0.0,0.0,8653059.34
2022-10-18,False,T07,0.0,0.0,0.0,0.0,0.0,0.0,0.0,0.0,0.0,0.0,5582286.33
2022-10-18,False,T08,0.0,0.0,0.0,0.0,0.0,0.0,0.0,0.0,0.0,0.0,-6810395.43
2022-10-18,False,T09,0.0,0.0,0.0,0.0,0.0,-31.32,0.0,28429.18,-0.0,28397.86,11116059.04
2022-10-19,False,BOOK,0.0,0.0,0.0,0.0,0.0,-7115.63,0.0,28406.0,0.0,21290.36,197765902.71
2022-10-19,False,T01,0.0,0.0,0.0,0.0,0.0,0.0,0.0,0.0,0.0,0.0,57020559.2
2022-10-19,False,T02,0.0,0.0,0.0,0.0,0.0,0.0,0.0,0.0,0.0,0.0,50546931.45
2022-10-19,False,T03,0.0,0.0,0.0,0.0,0.0,0.0,0.0,0.0,0.0,0.0,28191808.86
2022-10-19,False,T04,0.0,0.0,0.0,0.0,0.0,0.0,0.0,0.0,0.0,0.0,9246962.27
2022-10-19,False,T05,0.0,0.0,0.0,0.0,0.0,0.0,0.0,0.0,0.0,0.0,34197341.27
2022-10-19,False,T06,0.0,0.0,0.0,0.0,0.0,0.0,0.0,0.0,0.0,0.0,8653059.34
2022-10-19,False,T07,0.0,0.0,0.0,0.0,0.0,0.0,0.0,0.0,0.0,0.0,5582286.33
2022-10-19,False,T08,0.0,0.0,0.0,0.0,0.0,0.0,0.0,0.0,0.0,0.0,-6810395.43
2022-10-19,False,T09,0.0,0.0,0.0,0.0,0.0,-7115.63,0.0,28406.0,0.0,21290.36,11137349.41
2022-10-20,False,BOOK,0.0,0.0,0.0,0.0,0.0,2798.81,0.0,28403.29,0.0,31202.1,197797104.81
2022-10-20,False,T01,0.0,0.0,0.0,0.0,0.0,0.0,0.0,0.0,0.0,0.0,57020559.2
2022-10-20,False,T02,0.0,0.0,0.0,0.0,0.0,0.0,0.0,0.0,0.0,0.0,50546931.45
2022-10-20,False,T03,0.0,0.0,0.0,0.0,0.0,0.0,0.0,0.0,0.0,0.0,28191808.86
2022-10-20,False,T04,0.0,0.0,0.0,0.0,0.0,0.0,0.0,0.0,0.0,0.0,9246962.27
2022-10-20,False,T05,0.0,0.0,0.0,0.0,0.0,0.0,0.0,0.0,0.0,0.0,34197341.27
2022-10-20,False,T06,0.0,0.0,0.0,0.0,0.0,0.0,0.0,0.0,0.0,0.0,8653059.34
2022-10-20,False,T07,0.0,0.0,0.0,0.0,0.0,0.0,0.0,0.0,0.0,0.0,5582286.33
2022-10-20,False,T08,0.0,0.0,0.0,0.0,0.0,0.0,0.0,0.0,0.0,0.0,-6810395.43
2022-10-20,False,T09,0.0,0.0,0.0,0.0,0.0,2798.81,0.0,28403.29,0.0,31202.1,11168551.51
2022-10-21,False,BOOK,0.0,0.0,0.0,0.0,0.0,-2242.08,0.0,28402.8,-0.0,26160.71,197823265.52
2022-10-21,False,T01,0.0,0.0,0.0,0.0,0.0,0.0,0.0,0.0,0.0,0.0,57020559.2
2022-10-21,False,T02,0.0,0.0,0.0,0.0,0.0,0.0,0.0,0.0,0.0,0.0,50546931.45
2022-10-21,False,T03,0.0,0.0,0.0,0.0,0.0,0.0,0.0,0.0,0.0,0.0,28191808.86
2022-10-21,False,T04,0.0,0.0,0.0,0.0,0.0,0.0,0.0,0.0,0.0,0.0,9246962.27
2022-10-21,False,T05,0.0,0.0,0.0,0.0,0.0,0.0,0.0,0.0,0.0,0.0,34197341.27
2022-10-21,False,T06,0.0,0.0,0.0,0.0,0.0,0.0,0.0,0.0,0.0,0.0,8653059.34
2022-10-21,False,T07,0.0,0.0,0.0,0.0,0.0,0.0,0.0,0.0,0.0,0.0,5582286.33
2022-10-21,False,T08,0.0,0.0,0.0,0.0,0.0,0.0,0.0,0.0,0.0,0.0,-6810395.43
2022-10-21,False,T09,0.0,0.0,0.0,0.0,0.0,-2242.08,0.0,28402.8,-0.0,26160.71,11194712.22
2022-10-24,False,BOOK,0.0,0.0,0.0,0.0,0.0,1875.91,0.0,85210.66,-0.0,87086.58,197910352.1
2022-10-24,False,T01,0.0,0.0,0.0,0.0,0.0,0.0,0.0,0.0,0.0,0.0,57020559.2
2022-10-24,False,T02,0.0,0.0,0.0,0.0,0.0,0.0,0.0,0.0,0.0,0.0,50546931.45
2022-10-24,False,T03,0.0,0.0,0.0,0.0,0.0,0.0,0.0,0.0,0.0,0.0,28191808.86
2022-10-24,False,T04,0.0,0.0,0.0,0.0,0.0,0.0,0.0,0.0,0.0,0.0,9246962.27
2022-10-24,False,T05,0.0,0.0,0.0,0.0,0.0,0.0,0.0,0.0,0.0,0.0,34197341.27
2022-10-24,False,T06,0.0,0.0,0.0,0.0,0.0,0.0,0.0,0.0,0.0,0.0,8653059.34
2022-10-24,False,T07,0.0,0.0,0.0,0.0,0.0,0.0,0.0,0.0,0.0,0.0,5582286.33
2022-10-24,False,T08,0.0,0.0,0.0,0.0,0.0,0.0,0.0,0.0,0.0,0.0,-6810395.43
2022-10-24,False,T09,0.0,0.0,0.0,0.0,0.0,1875.91,0.0,85210.66,-0.0,87086.58,11281798.8
2022-10-25,False,BOOK,0.0,0.0,0.0,0.0,0.0,-238.06,0.0,238.06,0.0,0.0,197910352.1
2022-10-25,False,T01,0.0,0.0,0.0,0.0,0.0,0.0,0.0,0.0,0.0,0.0,57020559.2
2022-10-25,False,T02,0.0,0.0,0.0,0.0,0.0,0.0,0.0,0.0,0.0,0.0,50546931.45
2022-10-25,False,T03,0.0,0.0,0.0,0.0,0.0,0.0,0.0,0.0,0.0,0.0,28191808.86
2022-10-25,False,T04,0.0,0.0,0.0,0.0,0.0,0.0,0.0,0.0,0.0,0.0,9246962.27
2022-10-25,False,T05,0.0,0.0,0.0,0.0,0.0,0.0,0.0,0.0,0.0,0.0,34197341.27
2022-10-25,False,T06,0.0,0.0,0.0,0.0,0.0,0.0,0.0,0.0,0.0,0.0,8653059.34
2022-10-25,False,T07,0.0,0.0,0.0,0.0,0.0,0.0,0.0,0.0,0.0,0.0,5582286.33
2022-10-25,False,T08,0.0,0.0,0.0,0.0,0.0,0.0,0.0,0.0,0.0,0.0,-6810395.43
2022-10-25,False,T09,0.0,0.0,0.0,0.0,0.0,-238.06,0.0,238.06,0.0,0.0,11281798.8
2022-10-26,False,BOOK,0.0,0.0,0.0,0.0,0.0,0.0,0.0,0.0,0.0,0.0,197910352.1
2022-10-26,False,T01,0.0,0.0,0.0,0.0,0.0,0.0,0.0,0.0,0.0,0.0,57020559.2
2022-10-26,False,T02,0.0,0.0,0.0,0.0,0.0,0.0,0.0,0.0,0.0,0.0,50546931.45
2022-10-26,False,T03,0.0,0.0,0.0,0.0,0.0,0.0,0.0,0.0,0.0,0.0,28191808.86
2022-10-26,False,T04,0.0,0.0,0.0,0.0,0.0,0.0,0.0,0.0,0.0,0.0,9246962.27
2022-10-26,False,T05,0.0,0.0,0.0,0.0,0.0,0.0,0.0,0.0,0.0,0.0,34197341.27
2022-10-26,False,T06,0.0,0.0,0.0,0.0,0.0,0.0,0.0,0.0,0.0,0.0,8653059.34
2022-10-26,False,T07,0.0,0.0,0.0,0.0,0.0,0.0,0.0,0.0,0.0,0.0,5582286.33
2022-10-26,False,T08,0.0,0.0,0.0,0.0,0.0,0.0,0.0,0.0,0.0,0.0,-6810395.43
2022-10-26,False,T09,0.0,0.0,0.0,0.0,0.0,0.0,0.0,0.0,0.0,0.0,11281798.8
2022-10-27,False,BOOK,0.0,0.0,0.0,0.0,0.0,0.0,0.0,0.0,0.0,0.0,197910352.1
2022-10-27,False,T01,0.0,0.0,0.0,0.0,0.0,0.0,0.0,0.0,0.0,0.0,57020559.2
2022-10-27,False,T02,0.0,0.0,0.0,0.0,0.0,0.0,0.0,0.0,0.0,0.0,50546931.45
2022-10-27,False,T03,0.0,0.0,0.0,0.0,0.0,0.0,0.0,0.0,0.0,0.0,28191808.86
2022-10-27,False,T04,0.0,0.0,0.0,0.0,0.0,0.0,0.0,0.0,0.0,0.0,9246962.27
2022-10-27,False,T05,0.0,0.0,0.0,0.0,0.0,0.0,0.0,0.0,0.0,0.0,34197341.27
2022-10-27,False,T06,0.0,0.0,0.0,0.0,0.0,0.0,0.0,0.0,0.0,0.0,8653059.34
2022-10-27,False,T07,0.0,0.0,0.0,0.0,0.0,0.0,0.0,0.0,0.0,0.0,5582286.33
2022-10-27,False,T08,0.0,0.0,0.0,0.0,0.0,0.0,0.0,0.0,0.0,0.0,-6810395.43
2022-10-27,False,T09,0.0,0.0,0.0,0.0,0.0,0.0,0.0,0.0,0.0,0.0,11281798.8
2022-10-28,False,BOOK,0.0,0.0,0.0,0.0,0.0,0.0,0.0,0.0,0.0,0.0,197910352.1
2022-10-28,False,T01,0.0,0.0,0.0,0.0,0.0,0.0,0.0,0.0,0.0,0.0,57020559.2
2022-10-28,False,T02,0.0,0.0,0.0,0.0,0.0,0.0,0.0,0.0,0.0,0.0,50546931.45
2022-10-28,False,T03,0.0,0.0,0.0,0.0,0.0,0.0,0.0,0.0,0.0,0.0,28191808.86
2022-10-28,False,T04,0.0,0.0,0.0,0.0,0.0,0.0,0.0,0.0,0.0,0.0,9246962.27
2022-10-28,False,T05,0.0,0.0,0.0,0.0,0.0,0.0,0.0,0.0,0.0,0.0,34197341.27
2022-10-28,False,T06,0.0,0.0,0.0,0.0,0.0,0.0,0.0,0.0,0.0,0.0,8653059.34
2022-10-28,False,T07,0.0,0.0,0.0,0.0,0.0,0.0,0.0,0.0,0.0,0.0,5582286.33
2022-10-28,False,T08,0.0,0.0,0.0,0.0,0.0,0.0,0.0,0.0,0.0,0.0,-6810395.43
2022-10-28,False,T09,0.0,0.0,0.0,0.0,0.0,0.0,0.0,0.0,0.0,0.0,11281798.8
2022-10-31,False,BOOK,0.0,0.0,0.0,0.0,0.0,0.0,0.0,0.0,0.0,0.0,197910352.1
2022-10-31,False,T01,0.0,0.0,0.0,0.0,0.0,0.0,0.0,0.0,0.0,0.0,57020559.2
2022-10-31,False,T02,0.0,0.0,0.0,0.0,0.0,0.0,0.0,0.0,0.0,0.0,50546931.45
2022-10-31,False,T03,0.0,0.0,0.0,0.0,0.0,0.0,0.0,0.0,0.0,0.0,28191808.86
2022-10-31,False,T04,0.0,0.0,0.0,0.0,0.0,0.0,0.0,0.0,0.0,0.0,9246962.27
2022-10-31,False,T05,0.0,0.0,0.0,0.0,0.0,0.0,0.0,0.0,0.0,0.0,34197341.27
2022-10-31,False,T06,0.0,0.0,0.0,0.0,0.0,0.0,0.0,0.0,0.0,0.0,8653059.34
2022-10-31,False,T07,0.0,0.0,0.0,0.0,0.0,0.0,0.0,0.0,0.0,0.0,5582286.33
2022-10-31,False,T08,0.0,0.0,0.0,0.0,0.0,0.0,0.0,0.0,0.0,0.0,-6810395.43
2022-10-31,False,T09,0.0,0.0,0.0,0.0,0.0,0.0,0.0,0.0,0.0,0.0,11281798.8
