date,scope,trade_id,in_window,buyer_id,supplier_id,mtm_inr,cum_pnl_inr,cash_balance_inr,mcx_im_inr,lme_delta_inr_per_usd_t,lme_delta_mt,lme_delta_usd,lme_delta_physical_mt,lme_delta_mcx_mt,hedge_ratio_lme_frac,mcx_lots_open,mcx_basis_delta_inr_per_inr_kg,fx_delta_usd,fx_delta_physical_usd,fx_delta_forwards_usd,fx_delta_mcx_usd,hedge_ratio_fx_frac,customs_fx_delta_usd,freight_delta_inr_per_usd_t_jea_nsa,freight_delta_inr_per_usd_t_usec_mun,freight_open_mt_jea_nsa,freight_open_mt_usec_mun,freight_open_boxes,grade_delta_inr_per_0p01_zorba,grade_delta_inr_per_0p01_taint_tabor,grade_delta_inr_per_0p01_tense,grade_exposure_mt_zorba,grade_exposure_mt_taint_tabor,grade_exposure_mt_tense,spread_delta_inr_per_usd_t,inr_rate_delta_inr_per_bp,usd_rate_delta_inr_per_bp,wc_rate_delta_inr_per_bp,lme_fx_cross_inr,phys_purchased_mt,phys_sold_mt,unsold_mt,purchase_priced_frac,sale_priced_frac,buyer_receivable_inr,buyer_presettlement_inr,supplier_exposure_inr,days_past_due
2022-03-08,book,BOOK,True,BOOK,BOOK,1143200.85,1143200.85,0.0,0.0,140033.59,1817.4143,6361858.75,1817.4143,0.0,-0.0,0,0.0,5936624.17,21651.31,5914972.86,0.0,,843.13,0.0,-200914.81,0.0,2520.0,120,7041231.31,0.0,0.0,2520.0,0.0,0.0,-140033.59,3669.95,-3730.4,0.0,17.69,0.0,0.0,2520.0,1.0,0.0,0.0,0.0,0.0,0
2022-03-08,trade,T01,True,,SUP_USEC_01,1143200.85,1143200.85,0.0,0.0,140033.59,1817.4143,6361858.75,1817.4143,0.0,-0.0,0,0.0,5936624.17,21651.31,5914972.86,0.0,,843.13,0.0,-200914.81,0.0,2520.0,120,7041231.31,0.0,0.0,2520.0,0.0,0.0,-140033.59,3669.95,-3730.4,0.0,17.69,0.0,0.0,2520.0,1.0,0.0,0.0,0.0,0.0,0
2022-03-09,book,BOOK,True,BOOK,BOOK,-649508.4,-926970.9,-42779962.5,42502500.0,13668.6,178.4494,630283.2,1811.2647,-1632.8153,0.901478,-300,-1500450.0,181024.41,33809.82,5914318.28,-5767103.69,,1160.49,0.0,-199735.97,0.0,2520.0,120,7038514.77,0.0,0.0,2520.0,0.0,0.0,-138736.54,-2478.17,-3721.98,-11.72,1.3,0.0,0.0,2520.0,1.0,0.0,0.0,0.0,0.0,0
2022-03-09,trade,T01,True,,SUP_USEC_01,-649508.4,-926970.9,-42779962.5,42502500.0,13668.6,178.4494,630283.2,1811.2647,-1632.8153,0.901478,-300,-1500450.0,181024.41,33809.82,5914318.28,-5767103.69,,1160.49,0.0,-199735.97,0.0,2520.0,120,7038514.77,0.0,0.0,2520.0,0.0,0.0,-138736.54,-2478.17,-3721.98,-11.72,1.3,0.0,0.0,2520.0,1.0,0.0,0.0,0.0,0.0,0
2022-03-10,book,BOOK,True,BOOK,BOOK,-4270111.93,12616291.06,-23887462.5,40785000.0,13195.47,172.8681,611088.62,1805.0255,-1632.1575,0.90423,-300,-1500000.0,152304.54,8210.17,5913771.02,-5769676.64,,442.55,0.0,-199048.28,0.0,2520.0,120,7006974.78,0.0,0.0,2520.0,0.0,0.0,-137782.29,-2361.94,-3700.08,-6.54,1.24,0.0,0.0,2520.0,1.0,0.0,0.0,0.0,0.0,0
2022-03-10,trade,T01,True,,SUP_USEC_01,-4270111.93,12616291.06,-23887462.5,40785000.0,13195.47,172.8681,611088.62,1805.0255,-1632.1575,0.90423,-300,-1500000.0,152304.54,8210.17,5913771.02,-5769676.64,,442.55,0.0,-199048.28,0.0,2520.0,120,7006974.78,0.0,0.0,2520.0,0.0,0.0,-137782.29,-2361.94,-3700.08,-6.54,1.24,0.0,0.0,2520.0,1.0,0.0,0.0,0.0,0.0,0
2022-03-11,book,BOOK,True,BOOK,BOOK,25538373.24,22250195.89,-56523875.55,53253050.0,12166.4,159.2009,552745.59,2192.6652,-2033.4643,0.927394,-374,-770911.0,209612.86,1356625.31,5913175.46,-7060187.91,-4.358739,-75256.32,0.0,-199253.16,0.0,2520.0,120,6953290.68,0.0,0.0,2520.0,0.0,0.0,-93348.12,-5138.53,-1774.01,-15.49,1.32,0.0,1200.0,2520.0,0.5,0.0,0.0,251321760.0,0.0,0
2022-03-11,trade,T01,True,,SUP_USEC_01,-9733678.6,-12953492.9,-45997462.5,42795000.0,12728.71,166.5589,578292.36,1798.5482,-1631.9893,0.907393,-300,-1500000.0,179415.36,-67493.19,5913175.46,-5666266.91,,-1649.07,0.0,-199253.16,0.0,2520.0,120,6953290.68,0.0,0.0,2520.0,0.0,0.0,-137448.11,-2183.11,-3660.15,-12.6,1.18,0.0,0.0,2520.0,1.0,0.0,0.0,0.0,0.0,0
2022-03-11,trade,T02,True,BUY_JNPT_01,SUP_JEA_01,35272051.84,35203688.79,-10526413.05,10458050.0,-562.31,-7.3579,-25546.78,394.117,-401.4749,1.018669,-74,729089.0,30197.49,1424118.5,0.0,-1393921.0,-0.0,-73607.24,0.0,0.0,0.0,0.0,0,0.0,0.0,0.0,0.0,0.0,0.0,44099.99,-2955.42,1886.14,-2.88,0.14,0.0,1200.0,0.0,0.0,0.0,0.0,251321760.0,0.0,0
2022-03-14,book,BOOK,True,BOOK,BOOK,16050114.13,13062227.89,-56038849.37,53112450.0,10757.19,140.471,477461.03,2173.186,-2032.715,0.935362,-374,-770800.0,105540.23,1103462.44,5911276.0,-6909198.2,-5.357025,-79486.56,0.0,-199580.3,0.0,2520.0,120,6789750.97,0.0,0.0,2520.0,0.0,0.0,-94074.84,-4726.6,-1872.98,-15.35,1.14,0.0,1200.0,2520.0,0.5,0.0,0.0,253355280.0,0.0,0
2022-03-14,trade,T01,True,,SUP_USEC_01,-26104109.74,-33196413.68,-50111536.32,43072500.0,11307.6,147.6586,501891.42,1779.1434,-1631.4849,0.917006,-300,-1500000.0,66620.98,-299237.95,5911276.0,-5545417.07,19.754433,-7670.4,0.0,-199580.3,0.0,2520.0,120,6789750.97,0.0,0.0,2520.0,0.0,0.0,-136245.74,-1843.35,-3540.61,-13.73,1.0,0.0,0.0,2520.0,1.0,0.0,0.0,0.0,0.0,0
2022-03-14,trade,T02,True,BUY_JNPT_01,SUP_JEA_01,42154223.87,46258641.57,-5927313.05,10039950.0,-550.42,-7.1875,-24430.4,394.0426,-401.2301,1.01824,-74,729200.0,38919.25,1402700.39,0.0,-1363781.13,-0.0,-71816.17,0.0,0.0,0.0,0.0,0,0.0,0.0,0.0,0.0,0.0,0.0,42170.9,-2883.25,1667.64,-1.62,0.14,0.0,1200.0,0.0,0.0,0.0,0.0,253355280.0,0.0,0
2022-03-15,book,BOOK,True,BOOK,BOOK,-9641365.54,6006162.77,-35523849.37,51247450.0,10257.07,134.28,432045.88,2166.7853,-2032.5053,0.938028,-374,-770800.0,108525.21,737413.4,5910697.77,-6539585.96,-8.015447,-84021.33,0.0,-199068.24,0.0,2520.0,120,6461235.88,0.0,0.0,2520.0,0.0,0.0,-94022.67,-4378.77,-1806.69,-9.73,1.08,0.0,1200.0,2520.0,0.5,0.0,0.0,241044240.0,0.0,0
2022-03-15,trade,T01,True,,SUP_USEC_01,-50125389.19,-40430735.85,-31631536.32,41392500.0,10810.61,141.5266,455361.89,1772.8433,-1631.3167,0.92017,-300,-1500000.0,84970.89,-576965.34,5910697.77,-5248761.54,10.244459,-15681.94,0.0,-199068.24,0.0,2520.0,120,6461235.88,0.0,0.0,2520.0,0.0,0.0,-135419.88,-1628.76,-3345.49,-8.67,0.94,0.0,0.0,2520.0,1.0,0.0,0.0,0.0,0.0,0
2022-03-15,trade,T02,True,BUY_JNPT_01,SUP_JEA_01,40484023.65,46436898.62,-3892313.05,9854950.0,-553.54,-7.2466,-23316.01,393.942,-401.1886,1.018395,-74,729200.0,23554.32,1314378.74,0.0,-1290824.41,-0.0,-68339.39,0.0,0.0,0.0,0.0,0,0.0,0.0,0.0,0.0,0.0,0.0,41397.21,-2750.01,1538.8,-1.07,0.14,0.0,1200.0,0.0,0.0,0.0,0.0,241044240.0,0.0,0
2022-03-16,book,BOOK,True,BOOK,BOOK,-9626476.06,14851806.32,-25799849.37,50363450.0,10647.78,139.7242,461928.3,2172.02,-2032.2957,0.935671,-374,-770800.0,117142.48,925627.28,5910284.86,-6718769.66,-6.385167,-81743.89,0.0,-198603.63,0.0,2520.0,120,6591199.89,0.0,0.0,2520.0,0.0,0.0,-94872.08,-4352.08,-1926.32,-7.07,1.13,0.0,1200.0,2520.0,0.5,0.0,0.0,235108560.0,0.0,0
2022-03-16,trade,T01,True,,SUP_USEC_01,-39892173.39,-22105752.92,-22721536.32,40582500.0,11206.07,147.0503,486148.24,1778.1989,-1631.1486,0.917304,-300,-1500000.0,84099.39,-433608.3,5910284.86,-5392577.17,13.63047,-11766.35,0.0,-198603.63,0.0,2520.0,120,6591199.89,0.0,0.0,2520.0,0.0,0.0,-135508.89,-1549.84,-3437.39,-6.23,0.99,0.0,0.0,2520.0,1.0,0.0,0.0,0.0,0.0,0
2022-03-16,trade,T02,True,BUY_JNPT_01,SUP_JEA_01,30265697.33,36957559.23,-3078313.05,9780950.0,-558.29,-7.3261,-24219.94,393.8211,-401.1472,1.018602,-74,729200.0,33043.09,1359235.58,0.0,-1326192.49,-0.0,-69977.54,0.0,0.0,0.0,0.0,0,0.0,0.0,0.0,0.0,0.0,0.0,40636.81,-2802.24,1511.07,-0.84,0.14,0.0,1200.0,0.0,0.0,0.0,0.0,235108560.0,0.0,0
2022-03-17,book,BOOK,True,BOOK,BOOK,-10792561.93,13563005.41,-25927449.37,50375050.0,11018.24,145.226,477502.97,2177.3121,-2032.0861,0.9333,-374,-770800.0,152540.26,924177.13,5909862.22,-6681499.09,-6.394729,-81208.97,0.0,-197742.83,0.0,2520.0,120,6543346.16,0.0,0.0,2520.0,0.0,0.0,-95525.37,-4171.21,-1992.82,-7.1,1.18,0.0,1200.0,2520.0,0.5,0.0,0.0,233349840.0,0.0,0
2022-03-17,trade,T01,True,,SUP_USEC_01,-40974422.18,-20793915.53,-20081536.32,40342500.0,11583.33,152.6741,501992.54,1783.6545,-1630.9804,0.914404,-300,-1500000.0,123745.34,-423453.25,5909862.22,-5362663.62,13.956351,-11504.52,0.0,-197742.83,0.0,2520.0,120,6543346.16,0.0,0.0,2520.0,0.0,0.0,-135325.16,-1387.67,-3440.31,-5.5,1.05,0.0,0.0,2520.0,1.0,0.0,0.0,0.0,0.0,0
2022-03-17,trade,T02,True,BUY_JNPT_01,SUP_JEA_01,30181860.24,34356920.94,-5845913.05,10032550.0,-565.09,-7.4482,-24489.57,393.6575,-401.1057,1.01892,-74,729200.0,28794.92,1347630.38,0.0,-1318835.46,-0.0,-69704.45,0.0,0.0,0.0,0.0,0,0.0,0.0,0.0,0.0,0.0,0.0,39799.79,-2783.53,1447.48,-1.6,0.14,0.0,1200.0,0.0,0.0,0.0,0.0,233349840.0,0.0,0
2022-03-18,book,BOOK,True,BOOK,BOOK,4530979.25,17991298.36,-37904799.37,51463900.0,11460.48,150.5766,509024.35,2182.4531,-2031.8765,0.931006,-374,-770800.0,426389.75,1124053.79,6171094.37,-6868758.41,-5.490035,-78742.06,0.0,0.0,0.0,0.0,0,6728342.97,0.0,0.0,2520.0,0.0,0.0,-96890.92,-3850.07,-2452.89,-10.38,1.24,0.0,1200.0,2520.0,0.5,0.0,0.0,241044240.0,0.0,0
2022-03-18,trade,T01,True,,SUP_USEC_01,-27474641.33,-17799361.39,-31631536.32,41392500.0,12027.9,158.0318,534226.64,1788.8441,-1630.8123,0.911657,-300,-1500000.0,391314.9,-266818.59,6171094.37,-5512960.88,23.128427,-7224.38,0.0,0.0,0.0,0.0,0,6728342.97,0.0,0.0,2520.0,0.0,0.0,-136150.0,-988.78,-3882.69,-8.67,1.1,0.0,0.0,2520.0,1.0,0.0,0.0,0.0,0.0,0
2022-03-18,trade,T02,True,BUY_JNPT_01,SUP_JEA_01,32005620.59,35790659.75,-6273263.05,10071400.0,-567.42,-7.4552,-25202.29,393.609,-401.0642,1.018941,-74,729200.0,35074.85,1390872.37,0.0,-1355797.52,-0.0,-71517.68,0.0,0.0,0.0,0.0,0,0.0,0.0,0.0,0.0,0.0,0.0,39259.08,-2861.29,1429.8,-1.72,0.14,0.0,1200.0,0.0,0.0,0.0,0.0,241044240.0,0.0,0
2022-03-21,book,BOOK,True,BOOK,BOOK,19451802.94,28006375.57,-43232398.94,51915350.0,12591.97,165.1038,580835.03,2196.3514,-2031.2476,0.924828,-374,-770800.0,478019.13,1455062.52,6168885.64,-7145929.03,-4.239602,-74030.96,0.0,0.0,0.0,0.0,0,6988848.03,0.0,0.0,2520.0,0.0,0.0,-100253.16,-3627.04,-2762.12,-11.84,1.38,0.0,1200.0,2520.0,0.5,0.0,0.0,242088480.0,0.0,0
2022-03-21,trade,T01,True,,SUP_USEC_01,-5360541.24,2865040.11,-33199036.32,41535000.0,13257.36,173.8282,611527.67,1804.136,-1630.3078,0.90365,-300,-1500000.0,439206.0,5743.28,6168885.64,-5735422.92,,209.28,0.0,0.0,0.0,0.0,0,6988848.03,0.0,0.0,2520.0,0.0,0.0,-137596.04,-653.25,-4068.54,-9.1,1.25,0.0,0.0,2520.0,1.0,0.0,0.0,0.0,0.0,0
2022-03-21,trade,T02,True,BUY_JNPT_01,SUP_JEA_01,24812344.18,25141335.46,-10033362.63,10380350.0,-665.39,-8.7245,-30692.64,392.2153,-400.9398,1.022244,-74,729200.0,38813.13,1449319.24,0.0,-1410506.1,-0.0,-74240.25,0.0,0.0,0.0,0.0,0,0.0,0.0,0.0,0.0,0.0,0.0,37342.88,-2973.79,1306.42,-2.75,0.13,0.0,1200.0,0.0,0.0,0.0,0.0,242088480.0,0.0,0
2022-03-22,book,BOOK,True,BOOK,BOOK,33210313.29,26652674.45,-60077658.14,53659650.0,-17541.25,-230.4427,-818186.9,2202.9373,-2433.38,1.104607,-374,-1141022.0,-931526.52,1539707.75,6168481.37,-8639715.64,-4.006268,-72904.78,0.0,0.0,0.0,0.0,0,7026416.61,0.0,0.0,2520.0,0.0,0.0,-101145.57,-4651.97,-2848.97,-16.46,-2.58,0.0,1200.0,2520.0,0.5,0.0,0.0,253135440.0,0.0,0
2022-03-22,trade,T01,True,,SUP_USEC_01,-1345844.53,-8203904.03,-49781536.32,43042500.0,13652.05,179.3495,636780.27,1809.4891,-1630.1397,0.900884,-300,-1500000.0,449762.26,69091.8,6168481.37,-5787810.91,,1929.68,0.0,0.0,0.0,0.0,0,7026416.61,0.0,0.0,2520.0,0.0,0.0,-137737.95,-533.82,-4102.36,-13.64,1.31,0.0,0.0,2520.0,1.0,0.0,0.0,0.0,0.0,0
2022-03-22,trade,T02,True,BUY_JNPT_01,SUP_JEA_01,34556157.82,34856578.48,-10296121.83,10617150.0,-31193.3,-409.7922,-1454967.17,393.4481,-803.2403,2.041541,-74,358978.0,-1381288.78,1470615.95,0.0,-2851904.72,-0.0,-74834.45,0.0,0.0,0.0,0.0,0,0.0,0.0,0.0,0.0,0.0,0.0,36592.38,-4118.15,1253.39,-2.82,-3.88,0.0,1200.0,0.0,0.0,0.0,0.0,253135440.0,0.0,0
2022-03-23,book,BOOK,True,BOOK,BOOK,48503233.93,22720741.21,-102440500.37,76813275.0,20088.62,262.8083,935597.7,3072.0257,-2809.2173,0.914451,-517,-1486014.5,732481.67,1592704.89,9140590.53,-10000813.76,-5.739036,-71660.76,0.0,0.0,0.0,0.0,0,7073959.57,3368552.18,0.0,2520.0,1200.0,0.0,-168670.3,-4487.16,-4903.54,-28.07,2.12,0.0,1200.0,3720.0,0.666667,0.0,0.0,264347280.0,0.0,0
2022-03-23,trade,T01,True,,SUP_USEC_01,3373636.59,-18797379.75,-66611536.32,44572500.0,14105.04,184.5285,656921.46,1814.5,-1629.9715,0.898303,-300,-1500000.0,469668.01,104401.73,6167964.9,-5802698.63,-59.079142,2882.35,0.0,0.0,0.0,0.0,0,7073959.57,0.0,0.0,2520.0,0.0,0.0,-138697.3,-404.47,-4142.74,-18.25,1.36,0.0,0.0,2520.0,1.0,0.0,0.0,0.0,0.0,0
2022-03-23,trade,T02,True,BUY_JNPT_01,SUP_JEA_01,44321393.29,40845134.13,-14447521.83,10994550.0,-655.96,-8.5816,-30550.53,393.478,-402.0596,1.02181,-74,729200.0,43014.46,1474346.79,0.0,-1431332.33,-0.0,-75034.69,0.0,0.0,0.0,0.0,0,0.0,0.0,0.0,0.0,0.0,0.0,36073.33,-3878.7,1203.15,-3.96,0.13,0.0,1200.0,0.0,0.0,0.0,0.0,264347280.0,0.0,0
2022-03-23,trade,T03,True,,SUP_JEA_01,808204.06,672986.83,-21381442.23,21246225.0,6639.54,86.8615,309226.77,864.0476,-777.1862,0.899471,-143,-715214.5,219799.2,13956.37,2972625.63,-2766782.8,,491.58,0.0,0.0,0.0,0.0,0,0.0,3368552.18,0.0,0.0,1200.0,0.0,-66046.33,-203.99,-1963.94,-5.86,0.64,0.0,0.0,1200.0,1.0,0.0,0.0,0.0,0.0,0
2022-03-24,book,BOOK,True,BOOK,BOOK,66568464.69,42568809.37,-100450050.37,76632325.0,20704.08,270.9732,992845.68,3079.6676,-2808.6945,0.912012,-517,-1485800.0,808502.71,1959785.35,9139773.95,-10291056.59,-4.663661,-64984.82,0.0,0.0,0.0,0.0,0,7300499.72,3476428.44,0.0,2520.0,1200.0,0.0,-169856.49,-4404.77,-5136.93,-27.52,2.2,0.0,1200.0,3720.0,0.666667,0.0,0.0,263577840.0,0.0,0
2022-03-24,trade,T01,True,,SUP_USEC_01,20646774.79,-491578.8,-65456536.32,44467500.0,14510.81,189.9162,695852.91,1819.7196,-1629.8034,0.895634,-300,-1500000.0,523312.62,327498.57,6167413.61,-5971599.57,-18.831879,8985.38,0.0,0.0,0.0,0.0,0,7300499.72,0.0,0.0,2520.0,0.0,0.0,-139038.22,-266.31,-4287.67,-17.93,1.41,0.0,0.0,2520.0,1.0,0.0,0.0,0.0,0.0,0
2022-03-24,trade,T02,True,BUY_JNPT_01,SUP_JEA_01,36888155.79,33667136.32,-14162621.83,10968650.0,-657.34,-8.6032,-31522.14,393.415,-402.0182,1.021868,-74,729200.0,39096.25,1512090.81,0.0,-1472994.56,-0.0,-77367.98,0.0,0.0,0.0,0.0,0,0.0,0.0,0.0,0.0,0.0,0.0,35390.41,-4000.95,1183.75,-3.88,0.13,0.0,1200.0,0.0,0.0,0.0,0.0,263577840.0,0.0,0
2022-03-24,trade,T03,True,,SUP_JEA_01,9033534.1,9393251.84,-20830892.23,21196175.0,6850.61,89.6602,328514.91,866.5331,-776.8729,0.89653,-143,-715000.0,246093.85,120195.97,2972360.34,-2846462.46,-24.729285,3397.78,0.0,0.0,0.0,0.0,0,0.0,3476428.44,0.0,0.0,1200.0,0.0,-66208.68,-137.51,-2033.01,-5.71,0.66,0.0,0.0,1200.0,1.0,0.0,0.0,0.0,0.0,0
2022-03-25,book,BOOK,True,BOOK,BOOK,52100944.59,34666894.74,-93199125.37,75973150.0,21254.87,278.9745,999565.55,3087.3792,-2808.4047,0.90964,-517,-1485800.0,809556.4,1733276.48,9138793.99,-10062514.06,-5.272554,-68584.83,0.0,0.0,0.0,0.0,0,7111771.75,3386557.98,0.0,2520.0,1200.0,0.0,-170634.51,-4102.6,-5081.96,-25.53,2.28,0.0,1200.0,3720.0,0.666667,0.0,0.0,260774880.0,0.0,0
2022-03-25,trade,T01,True,,SUP_USEC_01,8861243.97,-8469146.25,-61249036.32,44085000.0,14885.71,195.378,700039.24,1825.0132,-1629.6352,0.892944,-300,-1500000.0,523412.37,195621.94,6166773.45,-5838983.02,-31.523936,5355.68,0.0,0.0,0.0,0.0,0,7111771.75,0.0,0.0,2520.0,0.0,0.0,-139046.48,-130.47,-4188.76,-16.78,1.46,0.0,0.0,2520.0,1.0,0.0,0.0,0.0,0.0,0
2022-03-25,trade,T02,True,BUY_JNPT_01,SUP_JEA_01,39818224.39,37537018.76,-13124771.83,10874300.0,-660.15,-8.6646,-31045.24,393.3121,-401.9767,1.02203,-74,729200.0,39938.96,1480221.44,0.0,-1440282.48,-0.0,-75609.87,0.0,0.0,0.0,0.0,0,0.0,0.0,0.0,0.0,0.0,0.0,34624.58,-3899.5,1092.8,-3.6,0.13,0.0,1200.0,0.0,0.0,0.0,0.0,260774880.0,0.0,0
2022-03-25,trade,T03,True,,SUP_JEA_01,3421476.23,5599022.23,-18825317.23,21013850.0,7029.31,92.2611,330571.55,869.0539,-776.7928,0.893837,-143,-715000.0,246205.07,57433.1,2972020.54,-2783248.57,,1669.36,0.0,0.0,0.0,0.0,0,0.0,3386557.98,0.0,0.0,1200.0,0.0,-66212.61,-72.63,-1986.0,-5.16,0.69,0.0,0.0,1200.0,1.0,0.0,0.0,0.0,0.0,0
2022-03-28,book,BOOK,True,BOOK,BOOK,59621573.45,47284751.68,-87512125.37,75456150.0,23037.47,302.6129,1091222.22,3110.1483,-2807.5354,0.902701,-517,-1485800.0,903580.11,1891514.23,9136038.44,-10123972.56,-4.830013,-65037.64,0.0,0.0,0.0,0.0,0,7156304.9,3407764.24,0.0,2520.0,1200.0,0.0,-174243.22,-3532.33,-5346.02,-23.98,2.51,0.0,1200.0,3720.0,0.666667,0.0,0.0,258576480.0,0.0,0
2022-03-28,trade,T01,True,,SUP_USEC_01,16282317.68,1904102.87,-57949036.32,43785000.0,16094.63,211.414,762359.05,1840.5448,-1629.1308,0.885135,-300,-1500000.0,587537.08,297219.63,6164963.04,-5874645.59,-20.742112,8102.77,0.0,0.0,0.0,0.0,0,7156304.9,0.0,0.0,2520.0,0.0,0.0,-140117.92,273.92,-4251.42,-15.88,1.62,0.0,0.0,2520.0,1.0,0.0,0.0,0.0,0.0,0
2022-03-28,trade,T02,True,BUY_JNPT_01,SUP_JEA_01,36383807.84,34832354.1,-12310771.83,10800300.0,-662.22,-8.6987,-31367.5,393.1536,-401.8523,1.022125,-74,729200.0,39317.9,1488397.14,0.0,-1449079.24,-0.0,-76117.91,0.0,0.0,0.0,0.0,0,0.0,0.0,0.0,0.0,0.0,0.0,32597.52,-3926.52,921.42,-3.37,0.13,0.0,1200.0,0.0,0.0,0.0,0.0,258576480.0,0.0,0
2022-03-28,trade,T03,True,,SUP_JEA_01,6955447.94,10548294.72,-17252317.23,20870850.0,7605.05,99.8976,360230.67,876.4499,-776.5523,0.88602,-143,-715000.0,276725.13,105897.46,2971075.4,-2800247.73,-28.056155,2977.5,0.0,0.0,0.0,0.0,0,0.0,3407764.24,0.0,0.0,1200.0,0.0,-66722.82,120.27,-2016.02,-4.73,0.76,0.0,0.0,1200.0,1.0,0.0,0.0,0.0,0.0,0
2022-03-29,book,BOOK,True,BOOK,BOOK,46735586.29,62252221.84,-56831165.92,72651425.0,23547.55,310.8599,1113811.15,3118.1055,-2807.2456,0.900305,-517,-1485800.0,959497.04,1882433.85,9135424.17,-10058360.98,-4.852985,-64558.71,0.0,0.0,0.0,0.0,0,7106135.04,3383873.83,0.0,2520.0,1200.0,0.0,-174647.88,-3281.68,-5380.92,-15.57,2.58,840.0,1200.0,3720.0,0.666667,0.0,0.0,246650160.0,0.0,0
2022-03-29,trade,T01,True,,SUP_USEC_01,14327892.7,16038579.71,-40217551.87,42157500.0,16444.59,217.0912,777837.75,1846.0538,-1628.9626,0.882403,-300,-1500000.0,629756.84,301810.13,6164519.81,-5836573.1,-20.425159,8210.45,0.0,0.0,0.0,0.0,0,7106135.04,0.0,0.0,2520.0,0.0,0.0,-139838.02,421.05,-4233.41,-11.02,1.67,840.0,0.0,2520.0,1.0,0.0,0.0,0.0,0.0,0
2022-03-29,trade,T02,True,BUY_JNPT_01,SUP_JEA_01,26464278.66,28924120.75,-7894821.83,10398850.0,-669.05,-8.8323,-31646.21,392.9785,-401.8108,1.022475,-74,729200.0,32892.51,1472580.54,0.0,-1439688.03,-0.0,-75797.93,0.0,0.0,0.0,0.0,0,0.0,0.0,0.0,0.0,0.0,0.0,31779.67,-3893.23,860.03,-2.16,0.13,0.0,1200.0,0.0,0.0,0.0,0.0,246650160.0,0.0,0
2022-03-29,trade,T03,True,,SUP_JEA_01,5943414.92,17289521.38,-8718792.23,20095075.0,7772.0,102.6011,367619.61,879.0732,-776.4722,0.883285,-143,-715000.0,296847.69,108043.18,2970904.36,-2782099.84,-27.497379,3028.77,0.0,0.0,0.0,0.0,0,0.0,3383873.83,0.0,0.0,1200.0,0.0,-66589.53,190.51,-2007.54,-2.39,0.79,0.0,0.0,1200.0,1.0,0.0,0.0,0.0,0.0,0
2022-03-30,book,BOOK,True,BOOK,BOOK,45026200.52,42313895.61,-76828964.71,74435075.0,24172.42,318.7275,1118096.0,3125.6833,-2806.9558,0.89803,-517,-1485800.0,951330.24,1663466.71,9134664.54,-9846801.02,-5.491342,-68074.07,0.0,0.0,0.0,0.0,0,6954751.49,3311786.42,0.0,2520.0,1200.0,0.0,-176097.42,-3031.18,-5343.41,-21.05,2.66,840.0,1200.0,3720.0,0.666667,0.0,0.0,254234640.0,0.0,0
2022-03-30,trade,T01,True,,SUP_USEC_01,4969648.72,-3680131.85,-51602551.87,43192500.0,16868.03,222.4149,780231.37,1851.2094,-1628.7945,0.879854,-300,-1500000.0,627195.99,177007.22,6163999.8,-5713811.03,-34.823437,4710.0,0.0,0.0,0.0,0.0,0,6954751.49,0.0,0.0,2520.0,0.0,0.0,-140396.46,536.67,-4155.48,-14.14,1.72,840.0,0.0,2520.0,1.0,0.0,0.0,0.0,0.0,0
2022-03-30,trade,T02,True,BUY_JNPT_01,SUP_JEA_01,38569548.01,38474335.28,-10703121.83,10654150.0,-669.19,-8.8236,-30953.25,392.9457,-401.7693,1.022455,-74,729200.0,34501.92,1443908.64,0.0,-1409406.72,-0.0,-74145.96,0.0,0.0,0.0,0.0,0,0.0,0.0,0.0,0.0,0.0,0.0,31154.49,-3813.58,782.56,-2.93,0.13,0.0,1200.0,0.0,0.0,0.0,0.0,254234640.0,0.0,0
2022-03-30,trade,T03,True,,SUP_JEA_01,1487003.79,7519692.18,-14523291.01,20588425.0,7973.57,105.1362,368817.88,881.5283,-776.392,0.880734,-143,-715000.0,289632.33,42550.85,2970664.74,-2723583.26,,1361.89,0.0,0.0,0.0,0.0,0,0.0,3311786.42,0.0,0.0,1200.0,0.0,-66855.46,245.72,-1970.49,-3.98,0.81,0.0,0.0,1200.0,1.0,0.0,0.0,0.0,0.0,0
2022-03-31,book,BOOK,True,BOOK,BOOK,41159854.37,48121302.88,-66165839.71,73465700.0,24746.53,326.5161,1143786.07,3133.1822,-2806.666,0.895788,-517,-1485800.0,972549.69,1670283.15,9134017.69,-9831751.15,-5.468544,-67859.05,0.0,0.0,0.0,0.0,0,6932112.4,3301005.9,0.0,2520.0,1200.0,0.0,-176878.69,-3032.39,-5204.8,-18.13,2.74,840.0,1200.0,3720.0,0.666667,0.0,0.0,250112640.0,0.0,0
2022-03-31,trade,T01,True,,SUP_USEC_01,4744867.7,1706656.33,-45415051.87,42630000.0,17258.6,227.7172,797693.48,1856.3436,-1628.6263,0.87733,-300,-1500000.0,637169.15,178712.6,6163534.59,-5705078.04,-34.488529,4753.57,0.0,0.0,0.0,0.0,0,6932112.4,0.0,0.0,2520.0,0.0,0.0,-140691.54,529.41,-4020.24,-12.44,1.77,840.0,0.0,2520.0,1.0,0.0,0.0,0.0,0.0,0
2022-03-31,trade,T02,True,BUY_JNPT_01,SUP_JEA_01,35034961.54,36324463.07,-9176871.83,10515400.0,-671.67,-8.8623,-31044.75,392.8655,-401.7278,1.022558,-74,729200.0,36015.51,1443268.09,0.0,-1407252.58,-0.0,-73995.26,0.0,0.0,0.0,0.0,0,0.0,0.0,0.0,0.0,0.0,0.0,30808.81,-3804.22,721.62,-2.51,0.13,0.0,1200.0,0.0,0.0,0.0,0.0,250112640.0,0.0,0
2022-03-31,trade,T03,True,,SUP_JEA_01,1380025.13,10090183.48,-11573916.01,20320300.0,8159.6,107.6612,377137.33,883.9731,-776.3119,0.878208,-143,-715000.0,299365.03,48302.46,2970483.1,-2719420.53,,1382.64,0.0,0.0,0.0,0.0,0,0.0,3301005.9,0.0,0.0,1200.0,0.0,-66995.97,242.41,-1906.18,-3.17,0.84,0.0,0.0,1200.0,1.0,0.0,0.0,0.0,0.0,0
2022-04-01,book,BOOK,True,BOOK,BOOK,37834029.52,54084256.78,-55929239.71,72535100.0,25389.24,334.1108,1163707.79,3140.7998,-2806.689,0.893622,-517,-1485800.0,995825.49,1637820.08,9133703.29,-9775697.88,-5.576744,-68117.25,0.0,0.0,0.0,0.0,0,6913202.8,3292001.33,0.0,2520.0,1200.0,0.0,-178603.64,-2832.31,-5264.91,-15.32,2.81,840.0,1200.0,3720.0,0.666667,0.0,0.0,246155520.0,0.0,0
2022-04-01,trade,T01,True,,SUP_USEC_01,4775243.91,7125212.19,-39475051.87,42090000.0,17703.65,232.9719,811441.22,1861.6116,-1628.6397,0.874855,-300,-1500000.0,653788.75,163114.94,6163225.77,-5672551.96,-37.784557,4297.9,0.0,0.0,0.0,0.0,0,6913202.8,0.0,0.0,2520.0,0.0,0.0,-141464.8,658.03,-4021.04,-10.82,1.83,840.0,0.0,2520.0,1.0,0.0,0.0,0.0,0.0,0
2022-04-01,trade,T02,True,BUY_JNPT_01,SUP_JEA_01,31664646.9,34283759.93,-7711671.83,10382200.0,-685.79,-9.0246,-31432.79,392.7065,-401.7311,1.022981,-74,729200.0,34743.22,1433972.7,0.0,-1399229.48,-0.0,-73580.8,0.0,0.0,0.0,0.0,0,0.0,0.0,0.0,0.0,0.0,0.0,30225.35,-3794.11,662.74,-2.11,0.12,0.0,1200.0,0.0,0.0,0.0,0.0,246155520.0,0.0,0
2022-04-01,trade,T03,True,,SUP_JEA_01,1394138.7,12675284.67,-8742516.01,20062900.0,8371.38,110.1635,383699.36,886.4817,-776.3182,0.87573,-143,-715000.0,307293.51,40732.43,2970477.52,-2703916.43,,1165.65,0.0,0.0,0.0,0.0,0,0.0,3292001.33,0.0,0.0,1200.0,0.0,-67364.19,303.77,-1906.61,-2.4,0.86,0.0,0.0,1200.0,1.0,0.0,0.0,0.0,0.0,0
2022-04-04,book,BOOK,True,BOOK,BOOK,30522403.3,58061695.88,-43446178.61,71384775.0,27030.99,357.896,1232593.89,3163.6822,-2805.7862,0.886874,-517,-1485800.0,1066609.86,1599019.65,9130717.83,-9663127.62,-5.710197,-67953.73,0.0,0.0,0.0,0.0,0,6796769.82,3236557.06,0.0,2520.0,1200.0,0.0,-181267.7,-2223.56,-5393.92,-11.9,3.04,1680.0,1200.0,3720.0,0.666667,0.0,0.0,241264080.0,0.0,0
2022-04-04,trade,T01,True,,SUP_USEC_01,692663.74,9516295.12,-32303065.77,41422500.0,18820.06,249.1815,858181.11,1877.2973,-1628.1158,0.867266,-300,-1500000.0,702035.02,147948.55,6161317.19,-5607230.73,-41.644999,3850.98,0.0,0.0,0.0,0.0,0,6796769.82,0.0,0.0,2520.0,0.0,0.0,-141787.57,1028.01,-3986.02,-8.85,1.98,1680.0,0.0,2520.0,1.0,0.0,0.0,0.0,0.0,0
2022-04-04,trade,T02,True,BUY_JNPT_01,SUP_JEA_01,30460072.16,34719663.74,-5900521.83,10217550.0,-692.44,-9.1681,-31574.78,392.4338,-401.6019,1.023362,-74,729200.0,34273.24,1417390.15,0.0,-1383116.91,-0.0,-72757.55,0.0,0.0,0.0,0.0,0,0.0,0.0,0.0,0.0,0.0,0.0,28037.76,-3732.0,482.33,-1.62,0.12,0.0,1200.0,0.0,0.0,0.0,0.0,241264080.0,0.0,0
2022-04-04,trade,T03,True,,SUP_JEA_01,-630332.61,13825737.01,-5242591.01,19744725.0,8903.38,117.8826,405987.56,893.9511,-776.0685,0.868133,-143,-715000.0,330301.6,33680.95,2969400.64,-2672779.98,,952.83,0.0,0.0,0.0,0.0,0,0.0,3236557.06,0.0,0.0,1200.0,0.0,-67517.89,480.42,-1890.23,-1.44,0.94,0.0,0.0,1200.0,1.0,0.0,0.0,0.0,0.0,0
2022-04-05,book,BOOK,True,BOOK,BOOK,185005397.28,50437231.28,-206511704.28,72354150.0,27904.15,370.4009,1264918.94,3175.8861,-2805.4852,0.883371,-517,-1485800.0,2359834.89,1558722.86,10381844.11,-9580732.08,-6.660481,-68199.35,0.0,0.0,0.0,0.0,0,6740845.87,3209926.6,0.0,2520.0,1200.0,0.0,-182064.29,299.13,-7772.69,-56.58,3.16,2280.0,1200.0,3720.0,0.666667,0.0,0.0,245386080.0,0.0,0
2022-04-05,trade,T01,True,,SUP_USEC_01,150226743.19,1195218.69,-190712314.0,41985000.0,19189.12,254.7171,869859.01,1882.6583,-1627.9411,0.864703,-300,-1500000.0,733090.93,131718.08,6160791.85,-5559419.0,-46.772562,3326.64,0.0,0.0,0.0,0.0,0,6740845.87,0.0,0.0,2520.0,0.0,0.0,-141830.06,1152.6,-3964.19,-52.25,2.03,1680.0,0.0,2520.0,1.0,0.0,0.0,0.0,0.0,0
2022-04-05,trade,T02,True,BUY_JNPT_01,SUP_JEA_01,36688349.27,39378252.66,-7607424.27,10356300.0,-364.24,-4.8349,-16511.31,396.7239,-401.5588,1.012187,-74,729200.0,1282705.91,1402145.96,1251883.3,-1371323.35,-0.892834,-72229.13,0.0,0.0,0.0,0.0,0,0.0,0.0,0.0,0.0,0.0,0.0,27303.89,-1393.4,-1928.54,-2.08,0.17,600.0,1200.0,0.0,0.0,0.0,0.0,245386080.0,0.0,0
2022-04-05,trade,T03,True,,SUP_JEA_01,-1909695.18,9863759.93,-8191966.01,20012850.0,9079.27,120.5187,411571.23,896.5039,-775.9853,0.865568,-143,-715000.0,344038.05,24858.82,2969168.96,-2649989.73,,703.14,0.0,0.0,0.0,0.0,0,0.0,3209926.6,0.0,0.0,1200.0,0.0,-67538.12,539.94,-1879.96,-2.24,0.96,0.0,0.0,1200.0,1.0,0.0,0.0,0.0,0.0,0
2022-04-06,book,BOOK,True,BOOK,BOOK,196605702.61,59318642.59,-221654498.68,84831800.0,64420.42,849.4836,2925196.64,4126.8618,-3277.3782,0.794157,-604,-1920930.5,3826364.27,3651533.04,11460483.04,-11285651.81,-3.13854,-65668.37,0.0,-98532.76,0.0,1260.0,60,6835502.22,6672752.17,0.0,2520.0,2460.0,0.0,-256053.28,1586.25,-9844.05,-60.73,7.7,2280.0,1200.0,4980.0,0.75,0.0,0.0,246485280.0,0.0,0
2022-04-06,trade,T01,True,,SUP_USEC_01,158443525.84,7862363.9,-192362314.0,42135000.0,19696.08,259.7235,894357.87,1887.49,-1627.7665,0.862397,-300,-1500000.0,754706.43,2165123.14,4194797.27,-5605213.99,-1.937441,5113.63,0.0,0.0,0.0,0.0,0,6835502.22,0.0,0.0,2520.0,0.0,0.0,-143137.43,1293.9,-4031.66,-52.7,2.09,1680.0,0.0,2520.0,1.0,0.0,0.0,0.0,0.0,0
2022-04-06,trade,T02,True,BUY_JNPT_01,SUP_JEA_01,35448578.62,37766502.0,-8014424.27,10393300.0,-355.95,-4.6938,-16163.0,396.822,-401.5157,1.011828,-74,729200.0,1286444.91,1417352.67,1251711.69,-1382619.45,-0.883134,-72800.29,0.0,0.0,0.0,0.0,0,0.0,0.0,0.0,0.0,0.0,0.0,26813.54,-1453.55,-1954.8,-2.2,0.17,600.0,1200.0,0.0,0.0,0.0,0.0,246485280.0,0.0,0
2022-04-06,trade,T03,True,,SUP_JEA_01,2001349.85,13057672.81,-8978466.01,20084350.0,9320.3,122.9027,423215.55,898.8048,-775.902,0.86326,-143,-715000.0,353186.87,56131.62,2968873.92,-2671818.67,,1554.09,0.0,0.0,0.0,0.0,0,0.0,3255001.06,0.0,0.0,1200.0,0.0,-68160.68,607.33,-1912.16,-2.46,0.99,0.0,0.0,1200.0,1.0,0.0,0.0,0.0,0.0,0
2022-04-06,trade,T04,True,,SUP_USEC_02,712248.29,632103.89,-12299294.4,12219150.0,35759.98,471.5511,1623786.22,943.745,-472.1939,0.500341,-87,-435130.5,1432026.06,12925.62,3045100.16,-1625999.71,,464.2,0.0,-98532.76,0.0,1260.0,60,0.0,3417751.11,0.0,0.0,1260.0,0.0,-71568.71,1138.57,-1945.43,-3.37,4.46,0.0,0.0,1260.0,1.0,0.0,0.0,0.0,0.0,0
2022-04-07,book,BOOK,True,BOOK,BOOK,175893647.04,51212337.39,-207707557.42,83548300.0,65352.2,860.0071,2877583.68,4136.8921,-3276.885,0.792113,-604,-1920800.0,3801354.06,3306421.92,11459389.31,-10964457.17,-3.465798,-71978.72,0.0,-98720.2,0.0,1260.0,60,6665362.61,6506663.5,0.0,2520.0,2460.0,0.0,-258009.99,1795.85,-9760.39,-56.91,7.8,3120.0,1200.0,4980.0,0.75,0.0,0.0,241813680.0,0.0,0
2022-04-07,trade,T01,True,,SUP_USEC_01,147594980.59,3167193.0,-185521372.74,41497500.0,20135.76,264.978,886616.37,1892.5699,-1627.5919,0.85999,-300,-1500000.0,760230.17,2011736.59,4194416.02,-5445922.44,-2.084973,897.64,0.0,0.0,0.0,0.0,0,6665362.61,0.0,0.0,2520.0,0.0,0.0,-143816.95,1389.89,-3942.72,-50.83,2.14,2520.0,0.0,2520.0,1.0,0.0,0.0,0.0,0.0,0
2022-04-07,trade,T02,True,BUY_JNPT_01,SUP_JEA_01,36355440.23,40243777.66,-6284674.27,10236050.0,-354.05,-4.6592,-15589.56,396.8135,-401.4727,1.011741,-74,729200.0,1283318.3,1375074.14,1251571.69,-1343327.53,-0.910185,-70781.12,0.0,0.0,0.0,0.0,0,0.0,0.0,0.0,0.0,0.0,0.0,26199.71,-1397.97,-2044.32,-1.72,0.17,600.0,1200.0,0.0,0.0,0.0,0.0,241813680.0,0.0,0
2022-04-07,trade,T03,True,,SUP_JEA_01,-3246820.15,10845915.94,-5635841.01,19780475.0,9529.56,125.405,419604.97,901.2238,-775.8188,0.86085,-143,-715000.0,355893.7,-16813.01,2968596.4,-2595889.69,,-453.52,0.0,0.0,0.0,0.0,0,0.0,3173982.2,0.0,0.0,1200.0,0.0,-68484.26,653.24,-1869.91,-1.54,1.01,0.0,0.0,1200.0,1.0,0.0,0.0,0.0,0.0,0
2022-04-07,trade,T04,True,,SUP_USEC_02,-4809953.63,-3044549.21,-10265669.4,12034275.0,36040.93,474.2833,1586951.9,946.2849,-472.0016,0.498794,-87,-435000.0,1401911.89,-63575.8,3044805.19,-1579317.51,,-1641.72,0.0,-98720.2,0.0,1260.0,60,0.0,3332681.31,0.0,0.0,1260.0,0.0,-71908.48,1150.7,-1903.44,-2.81,4.49,0.0,0.0,1260.0,1.0,0.0,0.0,0.0,0.0,0
2022-04-08,book,BOOK,True,BOOK,BOOK,188157590.83,63271220.3,-207873657.42,83563400.0,66040.7,870.5866,2955641.44,4147.12,-3276.5334,0.790074,-604,-1920800.0,3877072.99,3542602.84,11458301.03,-11123830.89,-3.23443,-67175.77,0.0,-98540.06,0.0,1260.0,60,6750389.82,6589666.25,0.0,2520.0,2460.0,0.0,-259006.07,1995.4,-9881.06,-56.95,7.91,3120.0,1200.0,4980.0,0.75,0.0,0.0,241868640.0,0.0,0
2022-04-08,trade,T01,True,,SUP_USEC_01,155152630.96,10601556.99,-185603872.74,41505000.0,20508.86,270.3596,917870.82,1897.7768,-1627.4173,0.857539,-300,-1500000.0,790825.16,2121869.77,4194036.96,-5525081.57,-1.976576,3847.37,0.0,0.0,0.0,0.0,0,6750389.82,0.0,0.0,2520.0,0.0,0.0,-143960.99,1532.56,-4003.82,-50.85,2.19,2520.0,0.0,2520.0,1.0,0.0,0.0,0.0,0.0,0
2022-04-08,trade,T02,True,BUY_JNPT_01,SUP_JEA_01,33665870.42,37534072.11,-6305024.27,10237900.0,-354.87,-4.6781,-15882.27,396.7515,-401.4296,1.011791,-74,729200.0,1284181.45,1395602.82,1251432.08,-1362853.45,-0.896696,-71807.41,0.0,0.0,0.0,0.0,0,0.0,0.0,0.0,0.0,0.0,0.0,25488.26,-1465.9,-2041.37,-1.73,0.17,600.0,1200.0,0.0,0.0,0.0,0.0,241868640.0,0.0,0
2022-04-08,trade,T03,True,,SUP_JEA_01,352813.48,14408332.7,-5675166.01,19784050.0,9707.34,127.9677,434450.35,903.7033,-775.7356,0.858396,-143,-715000.0,369350.69,34652.54,2968320.36,-2633622.21,,951.12,0.0,0.0,0.0,0.0,0,0.0,3214471.34,0.0,0.0,1200.0,0.0,-68552.85,721.37,-1899.17,-1.55,1.04,0.0,0.0,1200.0,1.0,0.0,0.0,0.0,0.0,0
2022-04-08,trade,T04,True,,SUP_USEC_02,-1013724.02,727258.51,-10289594.4,12036450.0,36179.38,476.9374,1619202.54,948.8884,-471.951,0.497372,-87,-435000.0,1432715.69,-9522.29,3044511.63,-1602273.65,,-166.85,0.0,-98540.06,0.0,1260.0,60,0.0,3375194.91,0.0,0.0,1260.0,0.0,-71980.49,1207.36,-1936.7,-2.82,4.51,0.0,0.0,1260.0,1.0,0.0,0.0,0.0,0.0,0
2022-04-11,book,BOOK,True,BOOK,BOOK,302191273.71,49250745.9,-351636486.43,80845400.0,68447.13,902.0515,2917685.56,4177.5301,-3275.4786,0.784071,-604,-1920800.0,3811304.81,2951161.58,11454678.85,-10594535.62,-3.881414,-78218.63,0.0,-98537.52,0.0,1260.0,60,6412517.07,6259838.09,0.0,2520.0,2460.0,0.0,-263396.47,2522.25,-9731.7,-96.34,8.21,3120.0,1200.0,4980.0,0.75,0.0,0.0,231975840.0,96093.9,0
2022-04-11,trade,T01,True,,SUP_USEC_01,286643198.84,3139330.69,-323061743.34,40155000.0,21726.49,286.3292,926131.77,1913.2226,-1626.8934,0.850342,-300,-1500000.0,785013.61,1854311.32,4192888.85,-5262186.57,-2.261157,-3510.25,0.0,0.0,0.0,0.0,0,6412517.07,0.0,0.0,2520.0,0.0,0.0,-145174.18,1807.57,-3835.16,-88.51,2.35,2520.0,0.0,2520.0,1.0,0.0,0.0,0.0,0.0,0
2022-04-11,trade,T02,True,BUY_JNPT_01,SUP_JEA_01,36530228.46,40959532.67,-23994982.67,9904900.0,-353.78,-4.6624,-15080.6,396.6379,-401.3004,1.011755,-74,729200.0,1284938.89,1332099.76,1250845.16,-1298006.02,-0.939003,-68310.2,0.0,0.0,0.0,0.0,0,0.0,0.0,0.0,0.0,0.0,0.0,23495.36,-1398.26,-2217.1,-6.57,0.17,600.0,1200.0,0.0,0.0,0.0,0.0,231975840.0,96093.9,0
2022-04-11,trade,T03,True,,SUP_JEA_01,-9560085.85,10926002.09,1403333.99,19140550.0,10287.16,135.5725,438509.33,911.0584,-775.4858,0.851192,-143,-715000.0,366711.13,-92416.17,2967436.23,-2508308.93,,-2552.52,0.0,0.0,0.0,0.0,0,0.0,3053579.56,0.0,0.0,1200.0,0.0,-69130.56,852.97,-1819.3,0.38,1.11,0.0,0.0,1200.0,1.0,0.0,0.0,0.0,0.0,0
2022-04-11,trade,T04,True,,SUP_USEC_02,-11422067.75,-5774119.56,-5983094.4,11644950.0,36787.26,484.8122,1568125.07,956.6113,-471.7991,0.493198,-87,-435000.0,1374641.18,-142833.33,3043508.61,-1526034.1,21.308113,-3845.66,0.0,-98537.52,0.0,1260.0,60,0.0,3206258.54,0.0,0.0,1260.0,0.0,-72587.09,1259.97,-1860.14,-1.64,4.59,0.0,0.0,1260.0,1.0,0.0,0.0,0.0,0.0,0
2022-04-12,book,BOOK,True,BOOK,BOOK,309198255.7,50124469.88,-358221822.61,81389000.0,69497.74,912.4007,2932912.08,4187.5277,-3275.127,0.782115,-604,-1920800.0,3873223.67,4912599.62,9488519.9,-10527895.86,-1.931466,-43622.63,0.0,-98898.65,0.0,1260.0,60,6424755.22,6271784.86,0.0,2520.0,2460.0,0.0,-265836.72,2741.9,-9811.29,-98.14,8.32,3120.0,1200.0,4980.0,0.75,0.0,0.0,233954400.0,531793.63,0
2022-04-12,trade,T01,True,,SUP_USEC_01,288828263.74,2540311.03,-326031743.34,40425000.0,22208.67,291.5664,937240.07,1918.2851,-1626.7187,0.848007,-300,-1500000.0,825917.28,3827892.89,2227111.74,-5229087.35,-0.581811,-3366.37,0.0,0.0,0.0,0.0,0,6424755.22,0.0,0.0,2520.0,0.0,0.0,-146116.16,1939.07,-3853.49,-89.32,2.4,2520.0,0.0,2520.0,1.0,0.0,0.0,0.0,0.0,0
2022-04-12,trade,T02,True,BUY_JNPT_01,SUP_JEA_01,39256241.21,42814649.21,-24926233.61,9971500.0,-352.38,-4.6263,-14871.12,396.631,-401.2573,1.011664,-74,729200.0,1280598.23,1319587.21,1250852.57,-1289841.55,-0.947912,-33998.54,0.0,0.0,0.0,0.0,0,0.0,0.0,0.0,0.0,0.0,0.0,22916.64,-1417.18,-2257.91,-6.83,0.17,600.0,1200.0,0.0,0.0,0.0,0.0,233954400.0,531793.63,0
2022-04-12,trade,T03,True,,SUP_JEA_01,-8521216.86,10678236.32,-12366.01,19269250.0,10516.55,138.0665,443814.75,913.4691,-775.4026,0.848855,-143,-715000.0,385081.97,-89608.84,2967222.44,-2492531.64,,-2484.0,0.0,0.0,0.0,0.0,0,0.0,3059407.25,0.0,0.0,1200.0,0.0,-69579.12,915.79,-1828.17,-0.0,1.13,0.0,0.0,1200.0,1.0,0.0,0.0,0.0,0.0,0
2022-04-12,trade,T04,True,,SUP_USEC_02,-10365032.4,-5908726.69,-7251479.64,11723250.0,37124.91,487.3941,1566728.38,959.1425,-471.7484,0.491844,-87,-435000.0,1381626.19,-145271.64,3043333.16,-1516435.33,20.949258,-3773.72,0.0,-98898.65,0.0,1260.0,60,0.0,3212377.61,0.0,0.0,1260.0,0.0,-73058.08,1304.23,-1871.71,-1.99,4.62,0.0,0.0,1260.0,1.0,0.0,0.0,0.0,0.0,0
2022-04-13,book,BOOK,True,BOOK,BOOK,309533497.43,53296838.4,-354959260.0,81056800.0,70672.98,927.6483,2974968.07,4202.4237,-3274.7754,0.779259,-604,-1920800.0,5086801.8,4926286.68,10662719.98,-10502204.85,-2.164454,-43313.62,0.0,-98908.66,0.0,1260.0,60,6413054.97,6260363.18,0.0,2520.0,2460.0,0.0,-267335.82,5116.22,-9702.86,-97.25,8.47,4320.0,1200.0,4980.0,0.75,0.0,0.0,232745280.0,750646.26,0
2022-04-13,trade,T01,True,,SUP_USEC_01,289247366.17,4524555.88,-324216743.34,40260000.0,22620.43,296.914,952203.33,1923.4581,-1626.5441,0.845635,-300,-1500000.0,842877.11,3832288.82,2226915.2,-5216326.91,-0.581093,-3249.81,0.0,0.0,0.0,0.0,0,6413054.97,0.0,0.0,2520.0,0.0,0.0,-146538.85,2055.13,-3856.92,-88.83,2.45,2520.0,0.0,2520.0,1.0,0.0,0.0,0.0,0.0,0
2022-04-13,trade,T02,True,BUY_JNPT_01,SUP_JEA_01,38548639.57,42331541.6,-24654551.94,9930800.0,6.85,0.0899,288.22,401.3041,-401.2142,0.999776,-74,729200.0,2457977.46,1318870.73,2425800.7,-1286693.97,-1.839301,-33919.87,0.0,0.0,0.0,0.0,0,0.0,0.0,0.0,0.0,0.0,0.0,22252.87,748.64,-2139.91,-6.75,0.21,1200.0,1200.0,0.0,0.0,0.0,0.0,232745280.0,750646.26,0
2022-04-13,trade,T03,True,,SUP_JEA_01,-8106050.32,11664280.58,637164.92,19190600.0,10712.62,140.6131,450946.19,915.9324,-775.3194,0.846481,-143,-715000.0,393164.95,-87341.21,2966955.32,-2486449.16,,-2428.5,0.0,0.0,0.0,0.0,0,0.0,3053835.7,0.0,0.0,1200.0,0.0,-69780.41,971.27,-1829.98,0.17,1.16,600.0,0.0,1200.0,1.0,0.0,0.0,0.0,0.0,0
2022-04-13,trade,T04,True,,SUP_USEC_02,-10156457.98,-5223539.65,-6725129.64,11675400.0,37333.08,490.0313,1571530.32,961.7291,-471.6978,0.490468,-87,-435000.0,1392782.28,-137531.67,3043048.75,-1512734.81,22.126168,-3715.44,0.0,-98908.66,0.0,1260.0,60,0.0,3206527.48,0.0,0.0,1260.0,0.0,-73269.43,1341.17,-1876.05,-1.84,4.64,0.0,0.0,1260.0,1.0,0.0,0.0,0.0,0.0,0
2022-04-14,book,BOOK,True,BOOK,BOOK,472408857.89,56480935.7,-515282936.5,81781600.0,71426.08,938.2145,3037469.32,4212.6383,-3274.4239,0.777286,-604,-1920800.0,5258912.55,5077814.55,10782045.24,-10600947.23,-2.123363,-39999.61,0.0,0.0,0.0,0.0,0,6462788.73,6308912.8,0.0,2520.0,2460.0,0.0,-268586.37,5342.95,-9808.22,-141.17,8.57,4320.0,1200.0,4980.0,0.75,0.0,0.0,235383360.0,0.0,0
2022-04-14,trade,T01,True,,SUP_USEC_01,446571209.48,5813137.51,-480527619.85,40620000.0,23012.41,302.2786,978627.1,1928.6481,-1626.3695,0.843269,-300,-1500000.0,861675.05,3900330.87,2226715.32,-5265371.14,-0.570904,-1384.84,0.0,0.0,0.0,0.0,0,6462788.73,0.0,0.0,2520.0,0.0,0.0,-146827.59,2189.12,-3897.09,-131.65,2.5,2520.0,0.0,2520.0,1.0,0.0,0.0,0.0,0.0,0
2022-04-14,trade,T02,True,BUY_JNPT_01,SUP_JEA_01,39435006.01,42323491.1,-25631351.94,10019600.0,6.94,0.0912,295.15,401.2623,-401.1711,0.999773,-74,729200.0,2461683.75,1335051.64,2425423.65,-1298791.55,-1.816726,-34226.31,0.0,0.0,0.0,0.0,0,0.0,0.0,0.0,0.0,0.0,0.0,21572.93,678.27,-2113.0,-7.02,0.21,1200.0,1200.0,0.0,0.0,0.0,0.0,235383360.0,0.0,0
2022-04-14,trade,T03,True,,SUP_JEA_01,-5737757.01,12316739.73,-1250435.08,19362200.0,10899.33,143.1677,463505.58,918.4039,-775.2361,0.844112,-143,-715000.0,404923.9,-51921.95,2966672.77,-2509826.91,,-1540.42,0.0,0.0,0.0,0.0,0,0.0,3077518.44,0.0,0.0,1200.0,0.0,-69917.9,1035.24,-1849.22,-0.34,1.18,600.0,0.0,1200.0,1.0,0.0,0.0,0.0,0.0,0
2022-04-14,trade,T04,True,,SUP_USEC_02,-7859600.59,-3972432.63,-7873529.64,11779800.0,37507.39,492.6769,1595041.49,964.3241,-471.6471,0.489096,-87,-435000.0,1530629.85,-105646.01,3163233.49,-1526957.63,29.941816,-2848.04,0.0,0.0,0.0,0.0,0,0.0,3231394.36,0.0,0.0,1260.0,0.0,-73413.8,1440.32,-1948.91,-2.16,4.67,0.0,0.0,1260.0,1.0,0.0,0.0,0.0,0.0,0
2022-04-19,book,BOOK,True,BOOK,BOOK,506455122.94,88355573.2,-554891681.77,81358800.0,65466.71,856.1791,2835665.31,4128.845,-3272.6659,0.792635,-604,-2042933.33,5000421.55,7027116.06,8812374.96,-10839069.47,-1.254053,-30240.56,0.0,0.0,0.0,0.0,0,6609403.43,6452036.68,0.0,2520.0,2460.0,0.0,-276823.2,6141.85,-10047.54,-152.03,7.74,4320.0,1200.0,4980.0,0.75,0.027778,0.0,233844480.0,0.0,0
2022-04-19,trade,T01,True,,SUP_USEC_01,463795019.99,24511603.86,-478217619.85,40410000.0,25065.79,327.8125,1085715.03,1953.3088,-1625.4963,0.832176,-300,-1500000.0,938914.74,6061562.61,260995.91,-5383643.78,-0.043058,3918.94,0.0,0.0,0.0,0.0,0,6609403.43,0.0,0.0,2520.0,0.0,0.0,-149357.41,2845.02,-4037.04,-131.02,2.75,2520.0,0.0,2520.0,1.0,0.0,0.0,0.0,0.0,0
2022-04-19,trade,T02,True,BUY_JNPT_01,SUP_JEA_01,36313568.83,37091071.16,-45113949.47,9967800.0,-10110.12,-132.221,-437915.95,268.7348,-400.9558,1.492013,-74,607066.67,2028068.0,931851.92,2424181.54,-1327965.47,-2.601466,-34948.56,0.0,0.0,0.0,0.0,0,0.0,0.0,0.0,0.0,0.0,0.0,18335.5,288.15,-2074.33,-12.36,-1.11,1200.0,1200.0,0.0,0.0,0.111111,0.0,233844480.0,0.0,0
2022-04-19,trade,T03,True,,SUP_JEA_01,5596376.53,21516819.0,-24356482.81,19262100.0,11876.9,155.3271,514443.52,930.1471,-774.8199,0.833008,-143,-715000.0,440528.23,41349.49,2965382.27,-2566203.53,,985.2,0.0,0.0,0.0,0.0,0,0.0,3147334.97,0.0,0.0,1200.0,0.0,-71122.58,1348.46,-1916.52,-6.67,1.3,600.0,0.0,1200.0,1.0,0.0,0.0,0.0,0.0,0
2022-04-19,trade,T04,True,,SUP_USEC_02,750157.59,5236079.18,-7203629.64,11718900.0,38634.14,505.2605,1673422.71,976.6544,-471.3939,0.482662,-87,-435000.0,1592910.58,-7647.96,3161815.24,-1561256.7,,-196.15,0.0,0.0,0.0,0.0,0,0.0,3304701.72,0.0,0.0,1260.0,0.0,-74678.71,1660.22,-2019.65,-1.97,4.79,0.0,0.0,1260.0,1.0,0.0,0.0,0.0,0.0,0
2022-04-20,book,BOOK,True,BOOK,BOOK,603811271.73,69777625.97,-671253633.68,81932600.0,-194680.54,-2551.454,-8266711.07,4006.3922,-6557.8463,1.636846,-604,-5186878.67,-6111557.35,6324234.01,8811630.59,-21247421.95,-1.393312,38523.01,0.0,0.0,0.0,0.0,0,6445060.61,6291606.79,0.0,2520.0,2460.0,0.0,-277660.99,-2947.49,-9927.43,-183.91,-26.34,4320.0,1200.0,4980.0,0.75,0.055556,0.0,233746773.33,38859.97,0
2022-04-20,trade,T01,True,,SUP_USEC_01,452667567.98,12865104.06,-478895889.85,40695000.0,-99104.61,-1298.8503,-4208274.89,1958.3581,-3257.2084,1.663234,-300,-3000900.0,-4359650.19,5932731.23,260973.85,-10553355.28,-0.043989,384.46,0.0,0.0,0.0,0.0,0,6445060.61,0.0,0.0,2520.0,0.0,0.0,-149426.25,-1617.89,-3946.61,-131.2,-13.51,2520.0,0.0,2520.0,1.0,0.0,0.0,0.0,0.0,0
2022-04-20,trade,T02,True,BUY_JNPT_01,SUP_JEA_01,41808298.73,41330055.01,-46428129.94,10038100.0,-50904.07,-667.1412,-2161537.51,136.3035,-803.4447,5.894526,-74,114711.33,303883.87,483066.76,2423978.07,-2603160.97,-5.017895,0.0,0.0,0.0,0.0,0.0,0,0.0,0.0,0.0,0.0,0.0,0.0,17633.75,-898.37,-2132.62,-12.72,-6.46,1200.0,1200.0,0.0,0.0,0.222222,0.0,233746773.33,38859.97,0
2022-04-20,trade,T03,True,,SUP_JEA_01,114147775.23,16024858.47,-138529285.95,19397950.0,-47311.02,-620.0512,-2008965.83,932.5515,-1552.6027,1.664898,-143,-1430429.0,-2085059.16,-19757.43,2965130.95,-5030432.68,,40101.94,0.0,0.0,0.0,0.0,0,0.0,3069076.48,0.0,0.0,1200.0,0.0,-71155.36,-778.67,-1873.61,-37.95,-6.45,600.0,0.0,1200.0,1.0,0.0,0.0,0.0,0.0,0
2022-04-20,trade,T04,True,,SUP_USEC_02,-4812370.2,-442391.57,-7400327.94,11801550.0,2639.17,34.5886,112067.16,979.1791,-944.5904,0.964676,-87,-870261.0,29268.13,-71806.56,3161547.72,-3060473.03,,-1963.39,0.0,0.0,0.0,0.0,0,0.0,3222530.31,0.0,0.0,1260.0,0.0,-74713.13,347.44,-1974.58,-2.03,0.08,0.0,0.0,1260.0,1.0,0.0,0.0,0.0,0.0,0
2022-04-21,book,BOOK,True,BOOK,BOOK,664311217.47,127891698.55,-687954357.93,96424000.0,45438.87,596.2668,1945022.36,4450.409,-3854.1422,0.86602,-709,-888757.5,4437458.2,9479168.43,7530501.54,-12572211.78,-0.794426,-90682.16,0.0,0.0,0.0,0.0,0,6488650.33,6334158.66,0.0,2520.0,2460.0,0.0,-205722.47,2475.01,-5289.47,-188.48,5.54,4320.0,3300.0,4980.0,0.6,0.066667,0.0,675207712.1,0.0,0
2022-04-21,trade,T01,True,,SUP_USEC_01,457184893.16,16206473.06,-480050889.85,40800000.0,25348.09,332.6276,1085031.31,1963.3629,-1630.7352,0.830583,-300,-1500000.0,939538.69,5998045.25,260951.79,-5319458.35,-0.043506,2175.44,0.0,0.0,0.0,0.0,0,6488650.33,0.0,0.0,2520.0,0.0,0.0,-149619.24,-504.88,-3983.07,-131.52,2.8,2520.0,0.0,2520.0,1.0,0.0,0.0,0.0,0.0,0
2022-04-21,trade,T02,True,BUY_JNPT_01,SUP_JEA_01,42312917.5,41563462.54,-46713029.94,10064000.0,-30354.91,-398.3291,-1299349.53,3.9189,-402.248,,-74,362800.0,1168091.66,56450.14,2423774.58,-1312133.06,,0.0,0.0,0.0,0.0,0.0,0,0.0,0.0,0.0,0.0,0.0,0.0,16949.09,-780.59,123.94,-12.8,-3.77,1200.0,1200.0,0.0,0.0,0.333333,0.0,235627626.67,0.0,0
2022-04-21,trade,T03,True,,SUP_JEA_01,116299126.83,17639274.98,-139079835.95,19448000.0,12011.34,157.6176,514148.5,934.9347,-777.3171,0.831413,-143,-715000.0,442635.24,1495238.41,1483005.31,-2535608.48,-0.991819,40954.78,0.0,0.0,0.0,0.0,0,0.0,3089833.49,0.0,0.0,1200.0,0.0,-71247.26,-248.05,-1891.08,-38.1,1.32,600.0,0.0,1200.0,1.0,0.0,0.0,0.0,0.0,0
2022-04-21,trade,T04,True,,SUP_USEC_02,-2552977.49,1510554.76,-7735277.94,11832000.0,38770.99,508.7682,1659601.91,981.6814,-472.9132,0.481738,-87,-435000.0,1579744.82,-38892.45,3161280.19,-1542642.92,,-1067.9,0.0,0.0,0.0,0.0,0,0.0,3244325.17,0.0,0.0,1260.0,0.0,-74809.62,677.89,-1992.96,-2.12,4.82,0.0,0.0,1260.0,1.0,0.0,0.0,0.0,0.0,0
2022-04-21,trade,T05,True,BUY_MUN_01,SUP_USEC_01,51067257.47,50971933.22,-14375324.25,14280000.0,-336.64,-4.4175,-14409.83,566.5111,-570.9286,1.007798,-105,1398442.5,307447.78,1968327.09,201489.66,-1862368.97,-0.102366,-132744.48,0.0,0.0,0.0,0.0,0,0.0,0.0,0.0,0.0,0.0,0.0,73004.57,3330.63,2453.69,-3.94,0.36,0.0,2100.0,0.0,0.0,0.0,0.0,439580085.44,0.0,0
2022-04-22,book,BOOK,True,BOOK,BOOK,664537057.61,131265232.72,-684271222.47,96069500.0,36262.31,474.3364,1538747.3,4327.8946,-3853.5582,0.8904,-709,-1010733.33,4038838.57,9009915.58,7529865.91,-12500942.92,-0.835731,-90724.34,0.0,0.0,0.0,0.0,0,6479765.83,6325485.69,0.0,2520.0,2460.0,0.0,-209095.52,2608.49,-5417.39,-187.47,4.32,4920.0,3300.0,4980.0,0.6,0.088889,0.0,672434627.08,0.0,0
2022-04-22,trade,T01,True,,SUP_USEC_01,457685595.71,18080915.66,-478400889.85,40650000.0,25825.29,337.8129,1095864.89,1968.3735,-1630.5606,0.82838,-300,-1500000.0,956470.8,5985079.68,260929.73,-5289538.61,-0.043597,1819.18,0.0,0.0,0.0,0.0,0,6479765.83,0.0,0.0,2520.0,0.0,0.0,-150479.2,-379.81,-3987.5,-131.07,2.85,2520.0,0.0,2520.0,1.0,0.0,0.0,0.0,0.0,0
2022-04-22,trade,T02,True,BUY_JNPT_01,SUP_JEA_01,42491503.35,42099762.23,-46306029.94,10027000.0,-40559.59,-530.5479,-1721097.47,-128.343,-402.2049,-3.133829,-74,240666.67,745034.69,-373783.54,2423571.09,-1304752.86,6.483889,0.0,0.0,0.0,0.0,0.0,0,0.0,0.0,0.0,0.0,0.0,0.0,16336.69,-853.38,108.43,-12.69,-5.09,1200.0,1200.0,0.0,0.0,0.444444,0.0,234784906.67,0.0,0
2022-04-22,trade,T03,True,,SUP_JEA_01,116767380.65,18569584.34,-138509700.5,19376500.0,12238.4,160.0868,519321.6,937.3207,-777.2339,0.829208,-143,-715000.0,450712.79,1489179.86,1482879.67,-2521346.74,-0.995769,40785.14,0.0,0.0,0.0,0.0,0,0.0,3085602.78,0.0,0.0,1200.0,0.0,-71656.76,-188.36,-1893.26,-37.95,1.35,1200.0,0.0,1200.0,1.0,0.0,0.0,0.0,0.0,0
2022-04-22,trade,T04,True,,SUP_USEC_02,-2305061.72,2191436.04,-7256777.94,11788500.0,39089.96,511.3242,1658735.55,984.1867,-472.8626,0.48046,-87,-435000.0,1581928.34,-45118.11,3161012.65,-1533966.2,,-1246.03,0.0,0.0,0.0,0.0,0,0.0,3239882.91,0.0,0.0,1260.0,0.0,-75239.6,715.23,-1995.33,-1.99,4.85,0.0,0.0,1260.0,1.0,0.0,0.0,0.0,0.0,0
2022-04-22,trade,T05,True,BUY_MUN_01,SUP_USEC_01,49897639.61,50323534.45,-13797824.25,14227500.0,-331.75,-4.3395,-14077.27,566.3567,-570.6962,1.007662,-105,1398600.0,304691.95,1954557.7,201472.76,-1851338.51,-0.103078,-132082.63,0.0,0.0,0.0,0.0,0,0.0,0.0,0.0,0.0,0.0,0.0,71943.36,3314.81,2350.27,-3.78,0.37,0.0,2100.0,0.0,0.0,0.0,0.0,437649720.41,0.0,0
2022-04-25,book,BOOK,True,BOOK,BOOK,638995508.0,150897049.15,-617308438.32,74820000.0,-12465.6,-162.7231,-502814.32,2902.4289,-3065.152,1.056064,-290,-408495.17,2090194.99,4034364.97,7527149.73,-9471319.71,-1.865758,-207748.15,0.0,0.0,0.0,0.0,0,2060525.83,6034397.08,0.0,840.0,2460.0,0.0,-116370.15,2455.5,-3094.22,-169.13,-1.71,4920.0,4980.0,3300.0,0.6,0.311111,0.0,976382233.45,4435048.4,0
2022-04-25,trade,T01,True,BUY_MUN_01,SUP_USEC_01,458258926.35,37599338.33,-431328319.85,12900000.0,-74262.04,-969.3998,-2995445.48,660.9629,-1630.3627,2.466648,-100,-1500300.0,-3040664.29,1736310.98,260845.54,-5037820.81,-0.15023,-114722.5,0.0,0.0,0.0,0.0,0,2060525.83,0.0,0.0,840.0,0.0,0.0,-50633.86,-2527.4,-1285.04,-118.17,-9.87,2520.0,1680.0,840.0,1.0,1.0,0.0,338520000.0,0.0,0
2022-04-25,trade,T02,True,BUY_JNPT_01,SUP_JEA_01,42421668.29,46609103.95,-50368315.79,18705000.0,9571.75,124.9475,386087.73,-260.4709,385.4184,1.479698,145,843204.83,2848661.2,-764654.57,2422372.98,1190942.79,3.167931,0.0,0.0,0.0,0.0,0.0,0,0.0,0.0,0.0,0.0,0.0,0.0,14369.14,1044.9,-11.48,-13.8,1.46,1200.0,1200.0,0.0,0.0,0.555556,0.0,225350106.67,4435048.4,0
2022-04-25,trade,T03,True,,SUP_JEA_01,107692132.32,18680046.17,-128285200.5,18447000.0,12812.27,167.2485,516797.97,944.2327,-776.9842,0.822874,-143,-715000.0,452760.1,1371157.97,1482483.2,-2400881.08,-1.081191,37466.96,0.0,0.0,0.0,0.0,0,0.0,2943608.33,0.0,0.0,1200.0,0.0,-72334.08,-16.58,-1819.75,-35.15,1.42,1200.0,0.0,1200.0,1.0,0.0,0.0,0.0,0.0,0
2022-04-25,trade,T04,True,,SUP_USEC_02,-11835282.12,-1689510.25,-1036277.94,11223000.0,39738.22,518.7337,1602887.1,991.4443,-472.7106,0.47679,-87,-435000.0,1527907.8,-171497.76,3160081.46,-1460675.9,18.426371,-4730.11,0.0,0.0,0.0,0.0,0,0.0,3090788.75,0.0,0.0,1260.0,0.0,-75950.78,788.22,-1918.49,-0.28,4.92,0.0,0.0,1260.0,1.0,0.0,0.0,0.0,0.0,0
2022-04-25,trade,T05,True,BUY_MUN_01,SUP_USEC_01,42458063.16,49698070.96,-6290324.25,13545000.0,-325.8,-4.253,-13141.62,566.2599,-570.5129,1.007511,-105,1398600.0,301530.19,1863048.35,201366.55,-1762884.71,-0.108084,-125762.5,0.0,0.0,0.0,0.0,0,0.0,0.0,0.0,0.0,0.0,0.0,68179.42,3166.36,1940.53,-1.72,0.37,0.0,2100.0,0.0,0.0,0.0,0.0,412512126.79,0.0,0
2022-04-26,book,BOOK,True,BOOK,BOOK,650865439.71,164363036.68,-596818971.92,56088950.0,19458.04,254.1342,788451.39,1829.9006,-1575.7664,0.861121,-147,839785.5,3444478.44,806101.86,7527191.9,-4888815.31,-9.337768,-285611.22,0.0,0.0,0.0,0.0,0,2068261.45,3102392.18,0.0,840.0,1260.0,0.0,-46290.17,4139.02,-1370.21,-163.51,2.72,4920.0,6180.0,2100.0,0.6,0.533333,0.0,1215024805.64,4066686.57,0
2022-04-26,trade,T01,True,BUY_MUN_01,SUP_USEC_01,459242231.89,39119198.61,-430613319.85,12835000.0,9140.74,119.3837,370388.04,662.6711,-543.2874,0.819845,-100,-500000.0,325129.48,1749839.9,260838.62,-1685549.04,-0.149064,-114356.12,0.0,0.0,0.0,0.0,0,2068261.45,0.0,0.0,840.0,0.0,0.0,-50738.08,39.28,-1293.09,-117.98,1.02,2520.0,1680.0,840.0,1.0,1.0,0.0,338520000.0,0.0,0
2022-04-26,trade,T02,True,BUY_JNPT_01,SUP_JEA_01,41301744.74,44533432.85,-51216565.79,18610750.0,30239.4,394.9456,1225318.69,-392.8211,787.7667,2.005408,145,1091400.0,3688323.29,-1178382.89,2422660.07,2444046.11,2.055919,0.0,0.0,0.0,0.0,0.0,0,0.0,0.0,0.0,0.0,0.0,0.0,13698.02,1867.18,-2.04,-14.03,4.16,1200.0,1200.0,0.0,0.0,0.666667,0.0,224983706.67,4066686.57,0
2022-04-26,trade,T03,True,BUY_JNPT_01,SUP_JEA_01,122011043.38,33768132.86,-109035284.1,0.0,-59502.04,-777.134,-2411058.23,0.0,-777.134,,0,-715214.5,-2412837.08,-1484153.44,1482374.59,-2411058.23,0.998801,-40799.83,0.0,0.0,0.0,0.0,0,0.0,0.0,0.0,0.0,0.0,0.0,0.0,-1763.66,0.11,-29.87,-7.77,1200.0,1200.0,0.0,1.0,1.0,0.0,241500000.0,0.0,0
2022-04-26,trade,T04,True,,SUP_USEC_02,-10360079.9,350919.4,-414227.94,11166450.0,39917.43,521.3466,1617477.95,994.0066,-472.66,0.47551,-87,-435000.0,1542438.45,-151056.5,3159922.62,-1466427.66,20.918813,-4180.54,0.0,0.0,0.0,0.0,0,0.0,3102392.18,0.0,0.0,1260.0,0.0,-76107.11,826.88,-1930.72,-0.11,4.95,0.0,0.0,1260.0,1.0,0.0,0.0,0.0,0.0,0
2022-04-26,trade,T05,True,BUY_MUN_01,SUP_USEC_01,38670499.6,46591352.95,-5539574.25,13476750.0,-337.48,-4.4078,-13675.07,566.044,-570.4517,1.007787,-105,1398600.0,301424.29,1869854.78,201396.0,-1769826.49,-0.107707,-126274.72,0.0,0.0,0.0,0.0,0,0.0,0.0,0.0,0.0,0.0,0.0,66857.0,3169.34,1855.53,-1.52,0.36,0.0,2100.0,0.0,0.0,0.0,0.0,410021098.97,0.0,0
2022-04-27,book,BOOK,True,BOOK,BOOK,663550071.85,169871428.58,-604515590.61,56766300.0,69185.61,903.1534,2799775.39,1701.7002,-798.5469,0.469264,-147,1432866.67,5456611.96,405419.9,7526687.3,-2475495.24,-18.565165,-285238.79,0.0,0.0,0.0,0.0,0,2068643.01,3102964.52,0.0,840.0,1260.0,0.0,-48591.66,5876.06,-1474.17,-165.62,9.21,5550.0,6180.0,2100.0,0.6,0.555556,0.0,1221701610.46,4137559.53,0
2022-04-27,trade,T01,True,BUY_MUN_01,SUP_USEC_01,459664483.27,37878192.79,-432318319.85,12990000.0,9276.02,121.0897,375378.04,664.3188,-543.2292,0.817724,-100,-500000.0,331049.6,1754240.55,260819.42,-1684010.37,-0.148679,-114236.85,0.0,0.0,0.0,0.0,0,2068643.01,0.0,0.0,840.0,0.0,0.0,-50889.81,78.26,-1296.55,-118.44,1.03,2520.0,1680.0,840.0,1.0,1.0,0.0,338520000.0,0.0,0
2022-04-27,trade,T02,True,BUY_JNPT_01,SUP_JEA_01,42158600.58,47624318.03,-49193815.79,18835500.0,20119.22,262.6376,814176.58,-525.0447,787.6823,1.50022,145,969266.67,3276833.29,-1587535.22,2422553.47,2441815.03,1.525984,0.0,0.0,0.0,0.0,0.0,0,0.0,0.0,0.0,0.0,0.0,0.0,13039.29,1773.89,-3.4,-13.48,2.84,1200.0,1200.0,0.0,0.0,0.777778,0.0,225698186.67,4137559.53,0
2022-04-27,trade,T03,True,BUY_JNPT_01,SUP_JEA_01,122010986.22,33739397.93,-109035284.1,0.0,0.0,0.0,0.0,0.0,0.0,,0,0.0,-1778.7,-1484030.06,1482251.36,0.0,0.998801,-40799.83,0.0,0.0,0.0,0.0,0,0.0,0.0,0.0,0.0,0.0,0.0,0.0,-0.07,0.08,-29.87,0.0,1200.0,1200.0,0.0,1.0,1.0,0.0,241500000.0,0.0,0
2022-04-27,trade,T04,True,,SUP_USEC_02,-4986181.04,-364559.36,-6638346.62,11301300.0,40130.72,523.8689,1623993.59,996.4783,-472.6094,0.47428,-87,-435000.0,1550349.64,-144236.1,3159674.77,-1465089.02,21.906268,-4001.64,0.0,0.0,0.0,0.0,0,0.0,3102964.52,0.0,0.0,1260.0,0.0,-76334.72,863.07,-1936.07,-1.82,4.97,630.0,0.0,1260.0,1.0,0.0,0.0,0.0,0.0,0
2022-04-27,trade,T05,True,BUY_MUN_01,SUP_USEC_01,44702182.82,50994079.19,-7329824.25,13639500.0,-340.34,-4.4428,-13772.82,565.9478,-570.3906,1.00785,-105,1398600.0,300158.13,1866980.74,201388.28,-1768210.89,-0.107868,-126200.47,0.0,0.0,0.0,0.0,0,0.0,0.0,0.0,0.0,0.0,0.0,65593.58,3160.91,1761.77,-2.01,0.36,0.0,2100.0,0.0,0.0,0.0,0.0,415983423.79,0.0,0
2022-04-28,book,BOOK,True,BOOK,BOOK,663264350.91,166233803.3,-627895008.89,55783050.0,59020.32,770.0027,2360443.31,1568.464,-798.4613,0.509072,-147,1310733.33,5079131.57,702.31,7526112.33,-2447683.06,,-284999.72,0.0,0.0,0.0,0.0,0,2047596.32,3071394.47,0.0,840.0,1260.0,0.0,-50848.2,5830.91,-1586.46,-172.03,7.87,5550.0,6180.0,2100.0,0.6,0.577778,241500000.0,971736220.47,5155057.47,0
2022-04-28,trade,T01,True,BUY_MUN_01,SUP_USEC_01,458439678.99,38789682.86,-429843319.85,12765000.0,9411.7,122.7887,376408.91,665.9597,-543.1709,0.815621,-100,-500000.0,333268.7,1737560.59,260798.63,-1665090.52,-0.150095,-114695.41,0.0,0.0,0.0,0.0,0,2047596.32,0.0,0.0,840.0,0.0,0.0,-51045.48,115.99,-1286.66,-117.77,1.05,2520.0,1680.0,840.0,1.0,1.0,0.0,338520000.0,0.0,0
2022-04-28,trade,T02,True,BUY_JNPT_01,SUP_JEA_01,45425582.56,46655861.36,-53090065.79,18509250.0,9992.77,130.3696,399648.15,-657.2282,787.5979,1.198363,145,847133.33,2861349.21,-1975428.63,2422396.59,2414381.25,1.226264,0.0,0.0,0.0,0.0,0.0,0,0.0,0.0,0.0,0.0,0.0,0.0,12380.87,1702.1,-26.75,-14.55,1.51,1200.0,1200.0,0.0,0.0,0.888889,0.0,225918026.67,5155057.47,0
2022-04-28,trade,T03,True,BUY_JNPT_01,SUP_JEA_01,126358624.62,33710651.64,-134552750.85,0.0,0.0,0.0,0.0,0.0,0.0,,0,0.0,-1778.55,-1483904.64,1482126.09,0.0,0.998801,-40799.83,0.0,0.0,0.0,0.0,0,0.0,0.0,0.0,0.0,0.0,0.0,0.0,-0.04,0.04,-36.86,0.0,1200.0,1200.0,0.0,1.0,1.0,241500000.0,0.0,0.0,0
2022-04-28,trade,T04,True,,SUP_USEC_02,-6821290.28,-243914.58,-4485096.62,11105550.0,40346.83,526.3808,1613620.39,998.9395,-472.5587,0.47306,-87,-435000.0,1603640.31,-107146.15,3159415.21,-1448628.75,29.486969,-4689.48,0.0,0.0,0.0,0.0,0,0.0,3071394.47,0.0,0.0,1260.0,0.0,-76568.22,888.61,-1920.06,-1.23,5.0,630.0,0.0,1260.0,1.0,0.0,0.0,0.0,0.0,0
2022-04-28,trade,T05,True,BUY_MUN_01,SUP_USEC_01,39861755.02,47321522.02,-5923775.77,13403250.0,-730.97,-9.5365,-29234.13,560.793,-570.3295,1.017005,-105,1398600.0,282651.91,1829621.14,201375.81,-1748345.04,-0.110064,-124815.0,0.0,0.0,0.0,0.0,0,0.0,0.0,0.0,0.0,0.0,0.0,64384.63,3124.24,1646.98,-1.62,0.31,0.0,2100.0,0.0,0.0,0.0,0.0,407298193.8,0.0,0
2022-04-29,book,BOOK,True,BOOK,BOOK,775148828.59,165151276.35,-740358193.53,55444375.0,49499.25,646.9932,1966212.48,1445.369,-798.3757,0.552368,-147,1188600.0,4675675.52,-423416.97,7525356.28,-2426263.79,17.772921,-244253.32,0.0,0.0,0.0,0.0,0,2017666.91,3026500.36,0.0,840.0,1260.0,0.0,-53082.82,5800.6,-1689.51,-202.84,6.64,5550.0,6180.0,2100.0,0.6,0.6,466801253.33,742808040.69,6199833.95,0
2022-04-29,trade,T01,True,BUY_MUN_01,SUP_USEC_01,456522334.19,37534283.39,-428990819.85,12687500.0,9526.29,124.5159,378403.7,667.6286,-543.1127,0.813495,-100,-500000.0,327084.23,1716829.74,260774.07,-1650519.59,-0.151893,-115263.83,0.0,0.0,0.0,0.0,0,2017666.91,0.0,0.0,840.0,0.0,0.0,-51077.99,147.17,-1271.02,-117.53,1.07,2520.0,1680.0,840.0,1.0,1.0,0.0,338520000.0,0.0,0
2022-04-29,trade,T02,True,BUY_JNPT_01,SUP_JEA_01,46566966.82,46659532.21,-54101440.79,18396875.0,-145.02,-1.8955,-5760.48,-789.409,787.5135,0.997599,145,725000.0,2457330.17,-2358023.13,2422099.9,2393253.4,1.027174,0.0,0.0,0.0,0.0,0.0,0,0.0,0.0,0.0,0.0,0.0,0.0,11693.43,1644.39,-45.36,-14.82,0.19,1200.0,1200.0,0.0,0.0,1.0,225301253.33,0.0,6199833.95,0
2022-04-29,trade,T03,True,BUY_JNPT_01,SUP_JEA_01,240300000.0,33675528.15,-248493860.5,0.0,0.0,0.0,0.0,0.0,0.0,,0,0.0,-1778.4,-1483778.4,1482000.0,0.0,0.998801,0.0,0.0,0.0,0.0,0.0,0,0.0,0.0,0.0,0.0,0.0,0.0,0.0,0.0,0.0,-68.08,0.0,1200.0,1200.0,0.0,1.0,1.0,241500000.0,0.0,0.0,0
2022-04-29,trade,T04,True,,SUP_USEC_02,-9705463.26,-2455017.2,-3743421.62,11038125.0,40467.0,528.9348,1607432.88,1001.4429,-472.5081,0.471827,-87,-435000.0,1585179.53,-138000.68,3159132.26,-1435952.04,22.892149,-5542.11,0.0,0.0,0.0,0.0,0,0.0,3026500.36,0.0,0.0,1260.0,0.0,-76616.99,904.92,-1895.45,-1.03,5.02,630.0,0.0,1260.0,1.0,0.0,0.0,0.0,0.0,0
2022-04-29,trade,T05,True,BUY_MUN_01,SUP_USEC_01,41464990.84,49736949.81,-5028650.77,13321875.0,-349.02,-4.5619,-13863.62,565.7065,-570.2684,1.008064,-105,1398600.0,307859.99,1839555.5,201350.06,-1733045.57,-0.109456,-123447.37,0.0,0.0,0.0,0.0,0,0.0,0.0,0.0,0.0,0.0,0.0,62918.73,3104.13,1522.32,-1.38,0.36,0.0,2100.0,0.0,0.0,0.0,0.0,404288040.69,0.0,0
2022-05-03,book,BOOK,True,BOOK,BOOK,774944400.4,171664950.78,-730632493.53,53215675.0,53767.36,702.0713,2044080.6,1500.3543,-798.2829,0.532063,-147,1188600.0,4665849.4,946959.73,6043090.48,-2324200.81,-6.381571,-242751.05,0.0,0.0,0.0,0.0,0,1954670.74,2932006.11,0.0,840.0,1260.0,0.0,-62977.41,5804.85,-2193.8,-200.17,7.18,5550.0,6180.0,2100.0,0.609524,0.6,466801253.33,730636694.3,13472902.16,0
2022-05-03,trade,T01,True,BUY_MUN_01,SUP_USEC_01,453153773.22,38814400.57,-423380819.85,12177500.0,10062.24,131.3884,382537.38,674.438,-543.0496,0.805188,-100,-500000.0,351789.34,1672160.84,260717.49,-1581088.98,-0.155917,-116510.46,0.0,0.0,0.0,0.0,0,1954670.74,0.0,0.0,840.0,0.0,0.0,-51651.1,337.7,-1284.76,-115.99,1.13,2520.0,1680.0,840.0,1.0,1.0,0.0,338520000.0,0.0,0
2022-05-03,trade,T02,True,BUY_JNPT_01,SUP_JEA_01,54038297.6,46678945.31,-60756940.79,17657375.0,2727.94,35.6203,103708.42,-751.8017,787.422,1.04738,145,725000.0,2451538.01,-2263797.63,2422756.62,2292579.03,1.070218,0.0,0.0,0.0,0.0,0.0,0,0.0,0.0,0.0,0.0,0.0,0.0,8949.3,1455.08,-114.57,-16.65,0.56,1200.0,1200.0,0.0,0.047619,1.0,225301253.33,0.0,13472902.16,0
2022-05-03,trade,T03,True,BUY_JNPT_01,SUP_JEA_01,240300000.0,33414098.99,-248493860.5,0.0,0.0,0.0,0.0,0.0,0.0,,0,0.0,0.0,0.0,0.0,0.0,,0.0,0.0,0.0,0.0,0.0,0,0.0,0.0,0.0,0.0,0.0,0.0,0.0,0.0,0.0,-68.08,0.0,1200.0,1200.0,0.0,1.0,1.0,241500000.0,0.0,0.0,0
2022-05-03,trade,T04,True,,SUP_USEC_02,-14756018.57,-3072510.8,1137278.38,10594425.0,41294.34,539.2039,1569892.13,1011.6571,-472.4532,0.467009,-87,-435000.0,1578470.54,-204175.08,3158193.04,-1375547.42,15.468063,-7412.06,0.0,0.0,0.0,0.0,0,0.0,2932006.11,0.0,0.0,1260.0,0.0,-77476.64,1074.3,-1911.39,0.31,5.12,630.0,0.0,1260.0,1.0,0.0,0.0,0.0,0.0,0
2022-05-03,trade,T05,True,BUY_MUN_01,SUP_USEC_01,42208348.16,55830016.71,861849.23,12786375.0,-317.16,-4.1413,-12057.35,566.0608,-570.2021,1.007316,-105,1398600.0,284051.5,1742771.61,201423.33,-1660143.43,-0.115576,-118828.52,0.0,0.0,0.0,0.0,0,0.0,0.0,0.0,0.0,0.0,0.0,57201.03,2937.77,1116.91,0.24,0.37,0.0,2100.0,0.0,0.0,0.0,0.0,392116694.3,0.0,0
2022-05-04,book,BOOK,True,BOOK,BOOK,892809045.46,166394676.8,-854318146.22,53958575.0,56840.43,744.4787,2180578.22,1542.9026,-798.4239,0.517482,-147,1188600.0,4694121.7,988053.6,6044651.68,-2338583.57,-6.117737,-242333.76,0.0,0.0,0.0,0.0,0,1961102.53,2941653.79,0.0,840.0,1260.0,0.0,-65009.41,5821.98,-2280.6,-234.06,7.59,6180.0,6180.0,2100.0,0.619048,0.6,466801253.33,728154339.06,12478357.55,0
2022-05-04,trade,T01,True,BUY_MUN_01,SUP_USEC_01,454027350.26,37876622.65,-425250819.85,12347500.0,10171.93,133.2289,390227.42,676.3744,-543.1455,0.803025,-100,-500000.0,358936.42,1689080.58,260729.02,-1590873.18,-0.154362,-116065.36,0.0,0.0,0.0,0.0,0,1961102.53,0.0,0.0,840.0,0.0,0.0,-51640.71,374.79,-1291.96,-116.51,1.15,2520.0,1680.0,840.0,1.0,1.0,0.0,338520000.0,0.0,0
2022-05-04,trade,T02,True,BUY_JNPT_01,SUP_JEA_01,53020474.41,48110142.21,-58538440.79,17903875.0,5578.75,73.0688,214018.42,-714.4922,787.561,1.102267,145,725000.0,2453228.4,-2277864.2,2424326.49,2306766.11,1.064298,0.0,0.0,0.0,0.0,0.0,0,0.0,0.0,0.0,0.0,0.0,0.0,8301.24,1397.88,-101.31,-16.04,0.92,1200.0,1200.0,0.0,0.095238,1.0,225301253.33,0.0,12478357.55,0
2022-05-04,trade,T03,True,BUY_JNPT_01,SUP_JEA_01,240300000.0,33348741.7,-248493860.5,0.0,0.0,0.0,0.0,0.0,0.0,,0,0.0,0.0,0.0,0.0,0.0,,0.0,0.0,0.0,0.0,0.0,0,0.0,0.0,0.0,0.0,0.0,0.0,0.0,0.0,0.0,-68.08,0.0,1200.0,1200.0,0.0,1.0,1.0,241500000.0,0.0,0.0,0
2022-05-04,trade,T04,True,,SUP_USEC_02,106984177.1,-3254768.69,-120933374.31,10742325.0,41383.23,542.025,1587591.24,1014.5616,-472.5366,0.465754,-87,-435000.0,1595340.93,-178618.6,3158019.2,-1384059.67,17.680237,-6744.41,0.0,0.0,0.0,0.0,0,0.0,2941653.79,0.0,0.0,1260.0,0.0,-77461.07,1109.65,-1921.08,-33.13,5.15,1260.0,0.0,1260.0,1.0,0.0,0.0,0.0,0.0,0
2022-05-04,trade,T05,True,BUY_MUN_01,SUP_USEC_01,38477043.69,50313938.91,-1101650.77,12964875.0,-293.48,-3.8439,-11258.86,566.4589,-570.3028,1.006786,-105,1398600.0,286615.95,1755455.82,201576.97,-1670416.84,-0.114829,-119523.99,0.0,0.0,0.0,0.0,0,0.0,0.0,0.0,0.0,0.0,0.0,55791.13,2939.67,1033.75,-0.3,0.37,0.0,2100.0,0.0,0.0,0.0,0.0,389634339.06,0.0,0
2022-05-05,book,BOOK,True,BOOK,BOOK,897810785.75,173376719.71,-851457646.22,53303075.0,59980.06,786.2577,2293513.59,1584.5783,-798.3207,0.503806,-147,1188600.0,4638101.08,2561013.31,4405789.22,-2328701.45,-1.72033,-242140.91,0.0,0.0,0.0,0.0,0,1949319.96,2923979.93,0.0,840.0,1260.0,0.0,-67145.02,5814.65,-2370.16,-233.28,8.0,6180.0,6180.0,2100.0,0.628571,0.6,466801253.33,731898883.71,13149107.77,0
2022-05-05,trade,T01,True,BUY_MUN_01,SUP_USEC_01,453478603.07,38716028.67,-423600819.85,12197500.0,10297.33,134.9841,393748.66,678.0594,-543.0753,0.800926,-100,-500000.0,360248.14,1683694.04,260704.75,-1584150.65,-0.154841,-116215.5,0.0,0.0,0.0,0.0,0,1949319.96,0.0,0.0,840.0,0.0,0.0,-51726.1,407.64,-1287.37,-116.06,1.17,2520.0,1680.0,840.0,1.0,1.0,0.0,338520000.0,0.0,0
2022-05-05,trade,T02,True,BUY_JNPT_01,SUP_JEA_01,53711184.5,46610455.89,-60495940.79,17686375.0,8437.21,110.6004,322621.41,-676.8588,787.4592,1.163402,145,725000.0,2452410.64,-2268850.69,2424242.89,2297018.44,1.068489,0.0,0.0,0.0,0.0,0.0,0,0.0,0.0,0.0,0.0,0.0,0.0,7701.52,1347.01,-104.75,-16.57,1.29,1200.0,1200.0,0.0,0.142857,1.0,225301253.33,0.0,13149107.77,0
2022-05-05,trade,T03,True,BUY_JNPT_01,SUP_JEA_01,240300000.0,33283384.41,-248493860.5,0.0,0.0,0.0,0.0,0.0,0.0,,0,0.0,0.0,0.0,0.0,0.0,,0.0,0.0,0.0,0.0,0.0,0,0.0,0.0,0.0,0.0,0.0,0.0,0.0,0.0,0.0,-68.08,0.0,1200.0,1200.0,0.0,1.0,1.0,241500000.0,0.0,0.0,0
2022-05-05,trade,T04,True,,SUP_USEC_02,106161126.01,-2804626.91,-119497874.31,10611825.0,41546.12,544.6136,1588637.89,1017.0891,-472.4755,0.464537,-87,-435000.0,1536480.89,1395422.64,1519269.31,-1378211.06,-1.088752,-6969.61,0.0,0.0,0.0,0.0,0,0.0,2923979.93,0.0,0.0,1260.0,0.0,-77589.15,1135.42,-1914.25,-32.74,5.17,1260.0,0.0,1260.0,1.0,0.0,0.0,0.0,0.0,0
2022-05-05,trade,T05,True,BUY_MUN_01,SUP_USEC_01,44159872.17,57571477.65,630849.23,12807375.0,-300.6,-3.9405,-11494.37,566.2886,-570.2291,1.006958,-105,1398600.0,288961.42,1750747.32,201572.28,-1663358.18,-0.115135,-118955.79,0.0,0.0,0.0,0.0,0,0.0,0.0,0.0,0.0,0.0,0.0,54468.71,2924.57,936.22,0.17,0.37,0.0,2100.0,0.0,0.0,0.0,0.0,393378883.71,0.0,0
2022-05-06,book,BOOK,True,BOOK,BOOK,897062275.71,175454514.64,-847500621.22,52396300.0,63694.79,828.1311,2345681.36,1626.3486,-798.2175,0.490803,-147,1188600.0,4589256.08,2444883.83,4405323.29,-2260951.04,-1.801854,-242003.12,0.0,0.0,0.0,0.0,0,1913537.36,2870306.05,0.0,840.0,1260.0,0.0,-69853.86,5758.56,-2466.75,-232.19,8.4,6180.0,6180.0,2100.0,0.638095,0.6,466801253.33,725715952.61,17500397.43,0
2022-05-06,trade,T01,True,BUY_MUN_01,SUP_USEC_01,451060962.39,38261975.17,-421318319.85,11990000.0,10500.93,136.5284,386716.75,679.5335,-543.0051,0.799085,-100,-500000.0,360135.21,1637520.1,260677.05,-1538061.93,-0.15919,-117481.87,0.0,0.0,0.0,0.0,0,1913537.36,0.0,0.0,840.0,0.0,0.0,-52265.57,438.31,-1267.4,-115.43,1.18,2520.0,1680.0,840.0,1.0,1.0,0.0,338520000.0,0.0,0
2022-05-06,trade,T02,True,BUY_JNPT_01,SUP_JEA_01,58168200.17,48042810.3,-63203815.79,17385500.0,11406.95,148.3081,420082.63,-639.0493,787.3574,1.232076,145,725000.0,2440749.03,-2213428.17,2423987.4,2230189.8,1.095128,0.0,0.0,0.0,0.0,0.0,0,0.0,0.0,0.0,0.0,0.0,0.0,7196.78,1311.04,-142.34,-17.32,1.65,1200.0,1200.0,0.0,0.190476,1.0,225301253.33,0.0,17500397.43,0
2022-05-06,trade,T03,True,BUY_JNPT_01,SUP_JEA_01,240300000.0,33218027.12,-248493860.5,0.0,0.0,0.0,0.0,0.0,0.0,,0,0.0,0.0,0.0,0.0,0.0,,0.0,0.0,0.0,0.0,0.0,0,0.0,0.0,0.0,0.0,0.0,0.0,0.0,0.0,0.0,-68.08,0.0,1200.0,1200.0,0.0,1.0,1.0,241500000.0,0.0,0.0,0
2022-05-06,trade,T04,True,,SUP_USEC_02,102516746.36,-4675186.15,-117512099.31,10431300.0,42063.12,546.8858,1549054.14,1019.3003,-472.4144,0.463469,-87,-435000.0,1507275.8,1326281.9,1519107.78,-1338113.88,-1.145388,-8869.17,0.0,0.0,0.0,0.0,0,0.0,2870306.05,0.0,0.0,1260.0,0.0,-78398.36,1149.63,-1884.19,-32.2,5.2,1260.0,0.0,1260.0,1.0,0.0,0.0,0.0,0.0,0
2022-05-06,trade,T05,True,BUY_MUN_01,SUP_USEC_01,45016366.8,60606888.2,3027474.23,12589500.0,-276.22,-3.5912,-10172.15,566.5641,-570.1554,1.006339,-105,1398600.0,281096.04,1694510.0,201551.07,-1614965.03,-0.118944,-115652.08,0.0,0.0,0.0,0.0,0,0.0,0.0,0.0,0.0,0.0,0.0,53613.3,2859.59,827.18,0.83,0.37,0.0,2100.0,0.0,0.0,0.0,0.0,387195952.61,0.0,0
2022-05-09,book,BOOK,True,BOOK,BOOK,913177175.26,183136297.29,-871501588.4,39353175.0,15001.83,193.7868,524774.65,991.8575,-798.0707,0.804622,-47,1188450.0,2691746.69,449355.88,4403566.35,-2161175.54,-9.79973,-291724.76,0.0,0.0,0.0,0.0,0,0.0,2767518.54,0.0,0.0,1260.0,0.0,-23782.02,4447.35,-1486.22,-238.77,2.23,6180.0,7020.0,1260.0,0.647619,0.6,466801253.33,869182917.61,23634303.0,0
2022-05-09,trade,T01,True,"BUY_MUN_01,BUY_RJK_01",SUP_USEC_01,462365814.96,41201236.19,-446641162.03,0.0,-42032.55,-542.9573,-1470328.43,0.0,-542.9573,,0,-500150.0,-1470274.16,-260535.68,260589.95,-1470328.43,1.000208,-169509.26,0.0,0.0,0.0,0.0,0,0.0,0.0,0.0,0.0,0.0,0.0,0.0,-673.07,-11.2,-122.37,-5.43,2520.0,2520.0,0.0,1.0,1.0,0.0,490980000.0,0.0,0
2022-05-09,trade,T02,True,BUY_JNPT_01,SUP_JEA_01,64458279.48,49751769.2,-67281940.79,16932375.0,14393.07,185.9231,503479.78,-601.1289,787.052,1.30929,145,725000.0,2419668.47,-2134571.71,2422903.36,2131336.82,1.135077,0.0,0.0,0.0,0.0,0.0,0,0.0,0.0,0.0,0.0,0.0,0.0,5627.3,1170.17,-181.5,-18.43,2.02,1200.0,1200.0,0.0,0.238095,1.0,225301253.33,0.0,23634303.0,0
2022-05-09,trade,T03,True,BUY_JNPT_01,SUP_JEA_01,241500000.0,33021955.26,-249693860.5,0.0,0.0,0.0,0.0,0.0,0.0,,0,0.0,0.0,0.0,0.0,0.0,,0.0,0.0,0.0,0.0,0.0,0,0.0,0.0,0.0,0.0,0.0,0.0,0.0,0.0,0.0,-68.41,0.0,1200.0,1200.0,0.0,1.0,1.0,241500000.0,0.0,0.0,0
2022-05-09,trade,T04,True,,SUP_USEC_02,96035853.11,-8530051.27,-114521474.31,10159425.0,42905.65,554.2356,1500870.05,1026.4668,-472.2312,0.460055,-87,-435000.0,1467191.81,1227377.42,1518616.48,-1278802.09,-1.237286,-11588.47,0.0,0.0,0.0,0.0,0,0.0,2767518.54,0.0,0.0,1260.0,0.0,-79463.01,1204.35,-1830.23,-31.38,5.27,1260.0,0.0,1260.0,1.0,0.0,0.0,0.0,0.0,0
2022-05-09,trade,T05,True,BUY_MUN_01,SUP_USEC_01,48817227.71,67691387.92,6636849.23,12261375.0,-264.34,-3.4146,-9246.75,566.5196,-569.9342,1.006027,-105,1398600.0,275160.57,1617085.84,201456.57,-1543381.84,-0.12458,-110627.03,0.0,0.0,0.0,0.0,0,0.0,0.0,0.0,0.0,0.0,0.0,50053.68,2745.9,536.72,1.82,0.37,0.0,2100.0,0.0,0.0,0.0,0.0,378202917.61,0.0,0
2022-05-10,book,BOOK,True,BOOK,BOOK,906332909.18,176110142.18,-891609085.57,59508000.0,68658.52,888.6431,2378897.63,2099.2048,-1210.5617,0.576676,-223,808336.0,5244204.41,522358.12,7962519.96,-3240673.68,-15.243412,-234266.74,0.0,0.0,0.0,0.0,0,2813720.34,2727144.33,0.0,1300.0,1260.0,0.0,-107755.24,7536.11,-5248.4,-244.28,8.88,7230.0,7020.0,2560.0,0.714286,0.5,466801253.33,858298091.21,25028116.76,0
2022-05-10,trade,T01,True,"BUY_MUN_01,BUY_RJK_01",SUP_USEC_01,462351950.59,41069899.08,-446641162.03,0.0,0.0,0.0,0.0,0.0,0.0,,0,0.0,86845.59,-173718.52,260564.1,0.0,1.499921,-113006.17,0.0,0.0,0.0,0.0,0,0.0,0.0,0.0,0.0,0.0,0.0,0.0,9.19,-9.32,-122.37,0.0,2520.0,2520.0,0.0,1.0,1.0,0.0,490980000.0,0.0,0
2022-05-10,trade,T02,True,BUY_JNPT_01,SUP_JEA_01,65894080.9,50046124.55,-68293315.79,16820000.0,17260.83,223.4059,598057.57,-563.5443,786.9502,1.39643,145,725000.0,2413638.55,-2115797.4,2422770.25,2106665.7,1.145086,0.0,0.0,0.0,0.0,0.0,0,0.0,0.0,0.0,0.0,0.0,0.0,5111.3,1117.81,-186.97,-18.71,2.38,1200.0,1200.0,0.0,0.285714,1.0,225301253.33,0.0,25028116.76,0
2022-05-10,trade,T03,True,BUY_JNPT_01,SUP_JEA_01,241500000.0,32956282.35,-249693860.5,0.0,0.0,0.0,0.0,0.0,0.0,,0,0.0,0.0,0.0,0.0,0.0,,0.0,0.0,0.0,0.0,0.0,0,0.0,0.0,0.0,0.0,0.0,0.0,0.0,0.0,0.0,-68.41,0.0,1200.0,1200.0,0.0,1.0,1.0,241500000.0,0.0,0.0,0
2022-05-10,trade,T04,True,,SUP_USEC_02,93366354.11,-10555420.98,-113779799.31,10092000.0,43023.14,556.8459,1490676.47,1029.016,-472.1701,0.458856,-87,-435000.0,1453619.59,1199159.52,1518459.49,-1263999.42,-1.26627,-12368.18,0.0,0.0,0.0,0.0,0,0.0,2727144.33,0.0,0.0,1260.0,0.0,-79504.04,1216.96,-1807.86,-31.17,5.29,1260.0,0.0,1260.0,1.0,0.0,0.0,0.0,0.0,0
2022-05-10,trade,T05,True,BUY_MUN_01,SUP_USEC_01,42457556.75,61979511.97,7364273.66,12180000.0,169.16,2.1894,5861.09,572.0499,-569.8605,0.996173,-105,1398600.0,2163691.62,1601070.96,2088137.2,-1525516.54,-1.304213,-109283.31,0.0,0.0,0.0,0.0,0,0.0,0.0,0.0,0.0,0.0,0.0,48665.49,5166.85,-2065.03,2.02,0.43,1050.0,2100.0,0.0,0.0,0.0,0.0,367318091.21,0.0,0
2022-05-10,trade,T06,True,,SUP_JEA_01,762966.82,613745.22,-20565221.6,20416000.0,8205.39,106.2019,284302.5,1061.6832,-955.4813,0.899968,-176,-880264.0,-873590.95,11643.56,1672588.91,-2557823.42,,390.91,0.0,0.0,0.0,0.0,0,2813720.34,0.0,0.0,1300.0,0.0,0.0,-82027.98,25.31,-1179.23,-5.63,0.78,0.0,0.0,1300.0,1.0,0.0,0.0,0.0,0.0,0
2022-05-11,book,BOOK,True,BOOK,BOOK,1024202039.92,177340918.66,-1008154009.43,59649075.0,71942.13,931.6141,2549827.93,2141.7327,-1210.1186,0.565018,-223,808600.0,5310623.0,661114.86,7961602.73,-3312094.58,-12.042692,-233085.3,0.0,0.0,0.0,0.0,0,2871354.2,2783004.84,0.0,1300.0,1260.0,0.0,-109851.58,7649.08,-5306.29,-276.21,9.3,7230.0,7020.0,2560.0,0.722222,0.5,466801253.33,859671214.78,22502176.07,0
2022-05-11,trade,T01,True,"BUY_MUN_01,BUY_RJK_01",SUP_USEC_01,462347843.65,40948319.39,-446641162.03,0.0,0.0,0.0,0.0,0.0,0.0,,0,0.0,86836.38,-173700.03,260536.4,0.0,1.499921,-113006.17,0.0,0.0,0.0,0.0,0,0.0,0.0,0.0,0.0,0.0,0.0,0.0,7.35,-7.45,-122.37,0.0,2520.0,2520.0,0.0,1.0,1.0,0.0,490980000.0,0.0,0
2022-05-11,trade,T02,True,BUY_JNPT_01,SUP_JEA_01,63300433.65,47833265.22,-67934440.79,16859875.0,20149.38,260.9242,714149.6,-525.9242,786.8484,1.496125,145,725000.0,2428033.35,-2148050.67,2422479.92,2153604.1,1.127757,0.0,0.0,0.0,0.0,0.0,0,0.0,0.0,0.0,0.0,0.0,0.0,4635.24,1066.38,-160.06,-18.61,2.75,1200.0,1200.0,0.0,0.333333,1.0,225301253.33,0.0,22502176.07,0
2022-05-11,trade,T03,True,BUY_JNPT_01,SUP_JEA_01,241500000.0,32890609.44,-249693860.5,0.0,0.0,0.0,0.0,0.0,0.0,,0,0.0,0.0,0.0,0.0,0.0,,0.0,0.0,0.0,0.0,0.0,0,0.0,0.0,0.0,0.0,0.0,0.0,0.0,0.0,0.0,-68.41,0.0,1200.0,1200.0,0.0,1.0,1.0,241500000.0,0.0,0.0,0
2022-05-11,trade,T04,True,,SUP_USEC_02,214107169.79,-5874379.8,-229833573.16,10115925.0,43197.26,559.3826,1531030.08,1031.4916,-472.109,0.457695,-87,-435000.0,1489191.6,1263054.06,1518300.0,-1292162.46,-1.202086,-10620.51,0.0,0.0,0.0,0.0,0,0.0,2783004.84,0.0,0.0,1260.0,0.0,-79654.98,1272.73,-1849.32,-62.97,5.32,1260.0,0.0,1260.0,1.0,0.0,0.0,0.0,0.0,0
2022-05-11,trade,T05,True,BUY_MUN_01,SUP_USEC_01,37022772.96,56257915.08,7046648.66,12208875.0,165.35,2.1412,5860.35,571.9279,-569.7868,0.996256,-105,1398600.0,2170474.92,1642096.39,2087884.95,-1559506.42,-1.271475,-111652.68,0.0,0.0,0.0,0.0,0,0.0,0.0,0.0,0.0,0.0,0.0,47351.87,5180.59,-2043.0,1.93,0.43,1050.0,2100.0,0.0,0.0,0.0,0.0,368691214.78,0.0,0
2022-05-11,trade,T06,True,,SUP_JEA_01,5923819.87,5285189.33,-21097621.6,20464400.0,8430.15,109.1662,298787.9,1064.2374,-955.0712,0.897423,-176,-880000.0,-863913.24,77715.11,1672401.46,-2614029.81,,2194.06,0.0,0.0,0.0,0.0,0,2871354.2,0.0,0.0,1300.0,0.0,0.0,-82183.71,122.03,-1246.46,-5.78,0.81,0.0,0.0,1300.0,1.0,0.0,0.0,0.0,0.0,0
2022-05-12,book,BOOK,True,BOOK,BOOK,1025950645.38,179103115.81,-1007811134.43,59584950.0,75511.25,974.2783,2618860.15,2184.2404,-1209.962,0.553951,-223,808600.0,5280486.06,2090740.03,6442123.98,-3252377.95,-3.081265,-233456.49,0.0,0.0,0.0,0.0,0,2830472.85,2743381.38,0.0,1300.0,1260.0,0.0,-112363.25,7607.86,-5393.66,-276.11,9.72,7230.0,7020.0,2560.0,0.730159,0.5,466801253.33,859653434.55,24539916.47,0
2022-05-12,trade,T01,True,"BUY_MUN_01,BUY_RJK_01",SUP_USEC_01,462371567.51,40854570.51,-446641162.03,0.0,0.0,0.0,0.0,0.0,0.0,,0,0.0,86826.85,-173680.56,260507.41,0.0,1.499923,-113006.17,0.0,0.0,0.0,0.0,0,0.0,0.0,0.0,0.0,0.0,0.0,0.0,5.53,-5.61,-122.37,0.0,2520.0,2520.0,0.0,1.0,1.0,0.0,490980000.0,0.0,0
2022-05-12,trade,T02,True,BUY_JNPT_01,SUP_JEA_01,65386944.17,49720658.06,-68097565.79,16841750.0,23135.73,298.5071,802386.98,-488.2396,786.7466,1.611395,145,725000.0,2414440.2,-2122336.85,2422002.15,2114774.9,1.141196,0.0,0.0,0.0,0.0,0.0,0,0.0,0.0,0.0,0.0,0.0,0.0,4208.06,1018.3,-169.95,-18.66,3.11,1200.0,1200.0,0.0,0.380952,1.0,225301253.33,0.0,24539916.47,0
2022-05-12,trade,T03,True,BUY_JNPT_01,SUP_JEA_01,241500000.0,32824936.54,-249693860.5,0.0,0.0,0.0,0.0,0.0,0.0,,0,0.0,0.0,0.0,0.0,0.0,,0.0,0.0,0.0,0.0,0.0,0,0.0,0.0,0.0,0.0,0.0,0.0,0.0,0.0,0.0,-68.41,0.0,1200.0,1200.0,0.0,1.0,1.0,241500000.0,0.0,0.0,0
2022-05-12,trade,T04,True,,SUP_USEC_02,211484686.86,-8448562.12,-229713948.16,10105050.0,43539.29,561.7625,1510017.61,1033.8105,-472.048,0.45661,-87,-435000.0,1471521.14,2740386.08,0.0,-1268864.94,-0.0,-11789.6,0.0,0.0,0.0,0.0,0,0.0,2743381.38,0.0,0.0,1260.0,0.0,-80125.27,1286.0,-1827.43,-62.94,5.34,1260.0,0.0,1260.0,1.0,0.0,0.0,0.0,0.0,0
2022-05-12,trade,T05,True,BUY_MUN_01,SUP_USEC_01,42292394.03,61660639.52,7191023.66,12195750.0,180.32,2.3265,6253.69,572.0396,-569.7131,0.995933,-105,1398600.0,2168462.76,1612391.2,2087460.28,-1531388.72,-1.294636,-109648.57,0.0,0.0,0.0,0.0,0,0.0,0.0,0.0,0.0,0.0,0.0,46222.89,5106.51,-2144.93,1.97,0.43,1050.0,2100.0,0.0,0.0,0.0,0.0,368673434.55,0.0,0
2022-05-12,trade,T06,True,,SUP_JEA_01,2915052.81,2490873.31,-20855621.6,20442400.0,8655.91,111.6822,300201.86,1066.6299,-954.9476,0.895294,-176,-880000.0,-860764.89,33980.16,1672154.14,-2566899.19,,987.85,0.0,0.0,0.0,0.0,0,2830472.85,0.0,0.0,1300.0,0.0,0.0,-82668.93,191.51,-1245.75,-5.71,0.83,0.0,0.0,1300.0,1.0,0.0,0.0,0.0,0.0,0
2022-05-13,book,BOOK,True,BOOK,BOOK,1025467736.09,173839388.39,-1013365709.43,60623775.0,78761.08,1016.932,2769105.91,2226.7375,-1209.8055,0.543309,-223,808600.0,5316775.14,2170108.94,6440966.53,-3294300.33,-2.968038,-232856.39,0.0,0.0,0.0,0.0,0,2856418.58,2768528.78,0.0,1300.0,1260.0,0.0,-114373.32,7676.17,-5452.8,-277.63,10.13,7230.0,7020.0,2560.0,0.738095,0.5,466801253.33,858899048.51,23274158.21,0
2022-05-13,trade,T01,True,"BUY_MUN_01,BUY_RJK_01",SUP_USEC_01,462366068.01,40731598.27,-446641162.03,0.0,0.0,0.0,0.0,0.0,0.0,,0,0.0,86817.62,-173661.66,260479.28,0.0,1.499924,-113006.17,0.0,0.0,0.0,0.0,0,0.0,0.0,0.0,0.0,0.0,0.0,0.0,3.68,-3.74,-122.37,0.0,2520.0,2520.0,0.0,1.0,1.0,0.0,490980000.0,0.0,0
2022-05-13,trade,T02,True,BUY_JNPT_01,SUP_JEA_01,64088488.55,51340541.83,-65454940.79,17135375.0,26024.51,336.0182,914977.51,-450.6266,786.6448,1.745669,145,725000.0,2425584.72,-2137981.51,2421532.39,2142033.84,1.132626,0.0,0.0,0.0,0.0,0.0,0,0.0,0.0,0.0,0.0,0.0,0.0,3793.58,967.79,-154.03,-17.93,3.48,1200.0,1200.0,0.0,0.428571,1.0,225301253.33,0.0,23274158.21,0
2022-05-13,trade,T03,True,BUY_JNPT_01,SUP_JEA_01,241500000.0,32759263.63,-249693860.5,0.0,0.0,0.0,0.0,0.0,0.0,,0,0.0,0.0,0.0,0.0,0.0,,0.0,0.0,0.0,0.0,0.0,0,0.0,0.0,0.0,0.0,0.0,0.0,0.0,0.0,0.0,-68.41,0.0,1200.0,1200.0,0.0,1.0,1.0,241500000.0,0.0,0.0,0
2022-05-13,trade,T04,True,,SUP_USEC_02,214010679.89,-7744737.0,-231651873.16,10281225.0,43701.89,564.2616,1536484.25,1036.2485,-471.9869,0.455477,-87,-435000.0,1488808.67,2774028.98,0.0,-1285220.31,-0.0,-10863.49,0.0,0.0,0.0,0.0,0,0.0,2768528.78,0.0,0.0,1260.0,0.0,-80257.13,1327.69,-1848.46,-63.47,5.37,1260.0,0.0,1260.0,1.0,0.0,0.0,0.0,0.0,0
2022-05-13,trade,T05,True,BUY_MUN_01,SUP_USEC_01,37906906.6,55150793.42,4852148.66,12408375.0,180.54,2.3311,6347.58,571.9704,-569.6394,0.995924,-105,1398600.0,2174542.45,1638627.87,2087042.54,-1551127.96,-1.273653,-110930.09,0.0,0.0,0.0,0.0,0,0.0,0.0,0.0,0.0,0.0,0.0,44895.21,5097.52,-2154.43,1.33,0.43,1050.0,2100.0,0.0,0.0,0.0,0.0,367919048.51,0.0,0
2022-05-13,trade,T06,True,,SUP_JEA_01,5595593.05,1601928.23,-24776021.6,20798800.0,8854.14,114.3212,311296.58,1069.1452,-954.8241,0.893072,-176,-880000.0,-858978.31,69095.27,1671912.33,-2599985.91,,1943.36,0.0,0.0,0.0,0.0,0,2856418.58,0.0,0.0,1300.0,0.0,0.0,-82804.98,279.48,-1292.15,-6.79,0.86,0.0,0.0,1300.0,1.0,0.0,0.0,0.0,0.0,0
2022-05-16,book,BOOK,True,BOOK,BOOK,1048594256.57,184194919.38,-1054886124.81,60893100.0,83130.39,1068.5429,2982303.26,2277.8787,-1209.3358,0.530904,-223,808600.0,5430967.45,2367670.0,6438553.72,-3375256.27,-2.719363,-230547.14,0.0,0.0,0.0,0.0,0,2943887.15,2853306.01,0.0,1300.0,1260.0,0.0,-120982.82,7891.34,-5698.41,-289.01,10.64,7230.0,7020.0,2560.0,0.746032,0.5,636061253.33,696600655.52,21070485.1,0
2022-05-16,trade,T01,True,"BUY_MUN_01,BUY_RJK_01",SUP_USEC_01,473194905.37,40407365.1,-486721502.41,0.0,0.0,0.0,0.0,0.0,0.0,,0,0.0,86791.33,-173608.67,260400.0,0.0,1.499925,-113006.17,0.0,0.0,0.0,0.0,0,0.0,0.0,0.0,0.0,0.0,0.0,0.0,-1.85,1.88,-133.35,0.0,2520.0,2520.0,0.0,1.0,1.0,169260000.0,321720000.0,0.0,0
2022-05-16,trade,T02,True,BUY_JNPT_01,SUP_JEA_01,61817058.09,49778714.74,-64769815.79,17211500.0,29053.76,373.4518,1042303.95,-412.8876,786.3394,1.904488,145,725000.0,2448560.24,-2166704.48,2420591.36,2194673.36,1.117177,0.0,0.0,0.0,0.0,0.0,0,0.0,0.0,0.0,0.0,0.0,0.0,2666.24,819.41,-120.99,-17.75,3.84,1200.0,1200.0,0.0,0.47619,1.0,225301253.33,0.0,21070485.1,0
2022-05-16,trade,T03,True,BUY_JNPT_01,SUP_JEA_01,241500000.0,32562244.92,-249693860.5,0.0,0.0,0.0,0.0,0.0,0.0,,0,0.0,0.0,0.0,0.0,0.0,,0.0,0.0,0.0,0.0,0.0,0,0.0,0.0,0.0,0.0,0.0,0.0,0.0,0.0,0.0,-68.41,0.0,1200.0,1200.0,0.0,1.0,1.0,241500000.0,0.0,0.0,0
2022-05-16,trade,T04,True,,SUP_USEC_02,222267566.34,-127383.39,-232154298.16,10326900.0,44430.03,571.0955,1593927.57,1042.8992,-471.8037,0.452396,-87,-435000.0,1548460.71,2865264.73,0.0,-1316804.02,-0.0,-8358.37,0.0,0.0,0.0,0.0,0,0.0,2853306.01,0.0,0.0,1260.0,0.0,-81135.37,1465.45,-1917.74,-63.6,5.44,1260.0,0.0,1260.0,1.0,0.0,0.0,0.0,0.0,0
2022-05-16,trade,T05,True,BUY_MUN_01,SUP_USEC_01,36060762.77,52757228.14,4245773.66,12463500.0,189.98,2.4419,6815.38,571.8601,-569.4182,0.99573,-105,1398600.0,2175512.78,1678540.12,2086218.88,-1589246.23,-1.242877,-113710.61,0.0,0.0,0.0,0.0,0,0.0,0.0,0.0,0.0,0.0,0.0,41197.4,5048.93,-2227.77,1.16,0.43,1050.0,2100.0,0.0,0.0,0.0,0.0,374880655.52,0.0,0
2022-05-16,trade,T06,True,,SUP_JEA_01,13753964.0,8816749.88,-25792421.6,20891200.0,9456.62,121.5537,339256.37,1076.0071,-954.4534,0.887033,-176,-880000.0,-828357.61,164178.3,1671343.48,-2663879.39,-10.180051,4528.01,0.0,0.0,0.0,0.0,0,2943887.15,0.0,0.0,1300.0,0.0,0.0,-83711.09,559.39,-1433.78,-7.07,0.93,0.0,0.0,1300.0,1.0,0.0,0.0,0.0,0.0,0
2022-05-17,book,BOOK,True,BOOK,BOOK,1057359818.87,182016086.88,-1048872280.02,44215200.0,85964.21,1109.7755,3147323.32,2319.1906,-1209.4151,0.521482,-368,808382.5,5297223.42,2549507.16,6177617.58,-3429901.32,-2.423063,-173405.27,0.0,0.0,0.0,0.0,0,2968893.24,2877542.68,0.0,1300.0,1260.0,0.0,-122409.17,7957.3,-5752.29,-287.36,11.04,7230.0,7020.0,2560.0,0.753968,0.5,636061253.33,698923926.93,19606865.73,0
2022-05-17,trade,T01,True,"BUY_MUN_01,BUY_RJK_01",SUP_USEC_01,479948437.29,40307943.0,-493445108.53,0.0,0.0,0.0,0.0,0.0,0.0,,0,0.0,-86800.0,-86800.0,0.0,0.0,,-56503.09,0.0,0.0,0.0,0.0,0,0.0,0.0,0.0,0.0,0.0,0.0,0.0,0.0,0.0,-135.19,0.0,2520.0,2520.0,0.0,1.0,1.0,169260000.0,321720000.0,0.0,0
2022-05-17,trade,T02,True,BUY_JNPT_01,SUP_JEA_01,60321942.37,50244142.72,-45580559.29,0.0,31808.57,410.6403,1164575.88,-375.3615,786.0018,2.093986,0,724782.5,2465272.68,-2184214.51,2420386.18,2229101.01,1.108127,0.0,0.0,0.0,0.0,0.0,0,0.0,0.0,0.0,0.0,0.0,0.0,2307.1,765.7,-106.25,-12.49,4.21,1200.0,1200.0,0.0,0.52381,1.0,225301253.33,0.0,19606865.73,0
2022-05-17,trade,T03,True,BUY_JNPT_01,SUP_JEA_01,241500000.0,32495887.92,-249693860.5,0.0,0.0,0.0,0.0,0.0,0.0,,0,0.0,0.0,0.0,0.0,0.0,,0.0,0.0,0.0,0.0,0.0,0,0.0,0.0,0.0,0.0,0.0,0.0,0.0,0.0,0.0,-68.41,0.0,1200.0,1200.0,0.0,1.0,1.0,241500000.0,0.0,0.0,0
2022-05-17,trade,T04,True,,SUP_USEC_02,224630149.56,912004.02,-233541948.16,10453050.0,44398.42,573.172,1625515.73,1044.9146,-471.7426,0.451465,-87,-435000.0,1569228.75,2907090.72,0.0,-1337861.96,-0.0,-7212.38,0.0,0.0,0.0,0.0,0,0.0,2877542.68,0.0,0.0,1260.0,0.0,-80940.02,1508.11,-1937.32,-63.98,5.45,1260.0,0.0,1260.0,1.0,0.0,0.0,0.0,0.0,0
2022-05-17,trade,T05,True,BUY_MUN_01,SUP_USEC_01,34381923.63,49353730.62,2367736.96,12615750.0,170.92,2.2066,6257.9,571.5511,-569.3445,0.996139,-105,1398600.0,2182112.46,1710729.12,2086044.33,-1614660.99,-1.219389,-115400.19,0.0,0.0,0.0,0.0,0,0.0,0.0,0.0,0.0,0.0,0.0,39733.3,5030.83,-2228.2,0.65,0.43,1050.0,2100.0,0.0,0.0,0.0,0.0,377203926.93,0.0,0
2022-05-17,trade,T06,True,,SUP_JEA_01,16577366.02,8702378.59,-28978540.49,21146400.0,9586.3,123.7566,350973.8,1078.0865,-954.3298,0.885207,-176,-880000.0,-832590.47,202701.83,1671187.08,-2706479.38,-8.244559,5710.38,0.0,0.0,0.0,0.0,0,2968893.24,0.0,0.0,1300.0,0.0,0.0,-83509.55,652.67,-1480.52,-7.94,0.95,0.0,0.0,1300.0,1.0,0.0,0.0,0.0,0.0,0
2022-05-18,book,BOOK,True,BOOK,BOOK,1069729153.5,191120141.63,-1080761306.6,43838000.0,28839.33,371.6997,1057485.72,2366.8583,-1995.1586,0.842956,-368,83600.0,5193860.18,2688307.72,8181778.54,-5676226.08,-3.043468,-172609.41,0.0,0.0,0.0,0.0,0,2991410.64,2899367.24,0.0,1300.0,1260.0,0.0,-124514.46,9975.84,-6038.04,-296.1,3.65,8280.0,7020.0,2560.0,0.761905,0.5,636061253.33,702296441.44,19373580.61,0
2022-05-18,trade,T01,True,"BUY_MUN_01,BUY_RJK_01",SUP_USEC_01,486528000.0,40176808.27,-529304359.34,0.0,0.0,0.0,0.0,0.0,0.0,,0,0.0,0.0,0.0,0.0,0.0,,-56503.09,0.0,0.0,0.0,0.0,0,0.0,0.0,0.0,0.0,0.0,0.0,0.0,0.0,0.0,-145.01,0.0,2520.0,2520.0,0.0,1.0,1.0,169260000.0,321720000.0,0.0,0
2022-05-18,trade,T02,True,BUY_JNPT_01,SUP_JEA_01,60079390.21,49989477.37,-45580559.29,0.0,-26208.02,-337.7858,-961000.58,-337.7858,0.0,0.0,0,0.0,232752.01,-2187528.38,2420280.39,0.0,1.1064,0.0,0.0,0.0,0.0,0.0,0,0.0,0.0,0.0,0.0,0.0,0.0,1994.09,98.19,-99.72,-12.49,-3.29,1200.0,1200.0,0.0,0.571429,1.0,225301253.33,0.0,19373580.61,0
2022-05-18,trade,T03,True,BUY_JNPT_01,SUP_JEA_01,241500000.0,32429530.92,-249693860.5,0.0,0.0,0.0,0.0,0.0,0.0,,0,0.0,0.0,0.0,0.0,0.0,,0.0,0.0,0.0,0.0,0.0,0,0.0,0.0,0.0,0.0,0.0,0.0,0.0,0.0,0.0,-68.41,0.0,1200.0,1200.0,0.0,1.0,1.0,241500000.0,0.0,0.0,0
2022-05-18,trade,T04,True,,SUP_USEC_02,226805508.85,3917048.74,-232561023.16,10363875.0,44621.38,575.109,1636185.09,1046.7905,-471.6815,0.450598,-87,-435000.0,1587828.72,2929762.61,0.0,-1341933.88,-0.0,-6593.55,0.0,0.0,0.0,0.0,0,0.0,2899367.24,0.0,0.0,1260.0,0.0,-81218.07,1552.67,-1955.69,-63.72,5.47,1260.0,0.0,1260.0,1.0,0.0,0.0,0.0,0.0,0
2022-05-18,trade,T05,True,BUY_MUN_01,SUP_USEC_01,36129821.37,51999531.83,3372636.19,12508125.0,664.22,8.5608,24355.6,577.8316,-569.2708,0.985185,-105,1398600.0,4185737.11,1714872.14,4090440.35,-1619575.38,-2.385274,-115861.62,0.0,0.0,0.0,0.0,0,0.0,0.0,0.0,0.0,0.0,0.0,38505.94,7577.05,-2459.81,0.92,0.49,2100.0,2100.0,0.0,0.0,0.0,0.0,380576441.44,0.0,0
2022-05-18,trade,T06,True,,SUP_JEA_01,18686433.08,12607744.5,-26994140.49,20966000.0,9761.75,125.8157,357945.61,1080.0219,-954.2063,0.883506,-176,-880000.0,-812457.66,231201.35,1671057.8,-2714716.82,-7.227716,6348.85,0.0,0.0,0.0,0.0,0,2991410.64,0.0,0.0,1300.0,0.0,0.0,-83796.42,747.92,-1522.81,-7.4,0.97,0.0,0.0,1300.0,1.0,0.0,0.0,0.0,0.0,0
2022-05-19,book,BOOK,True,BOOK,BOOK,1076895561.02,186131333.13,-1093816106.6,45024800.0,32081.69,413.2343,1167800.11,2408.1345,-1994.9002,0.828401,-368,83600.0,5175032.67,2631874.59,8180746.04,-5637587.97,-3.108334,-116813.31,0.0,0.0,0.0,0.0,0,2956720.65,2865744.63,0.0,1300.0,1260.0,0.0,-126458.31,9954.51,-6063.82,-299.68,4.05,8280.0,7020.0,2560.0,0.769841,0.5,636061253.33,710752416.76,19903340.56,0
2022-05-19,trade,T01,True,"BUY_MUN_01,BUY_RJK_01",SUP_USEC_01,486528000.0,40036143.83,-529304359.34,0.0,0.0,0.0,0.0,0.0,0.0,,0,0.0,0.0,0.0,0.0,0.0,,0.0,0.0,0.0,0.0,0.0,0,0.0,0.0,0.0,0.0,0.0,0.0,0.0,0.0,0.0,-145.01,0.0,2520.0,2520.0,0.0,1.0,1.0,169260000.0,321720000.0,0.0,0
2022-05-19,trade,T02,True,BUY_JNPT_01,SUP_JEA_01,60622637.61,50520611.58,-45580559.29,0.0,-23307.47,-300.2163,-848411.25,-300.2163,0.0,0.0,0,0.0,239423.78,-2180547.64,2419971.43,0.0,1.1098,0.0,0.0,0.0,0.0,0.0,0,0.0,0.0,0.0,0.0,0.0,0.0,1710.06,96.3,-97.79,-12.49,-2.92,1200.0,1200.0,0.0,0.619048,1.0,225301253.33,0.0,19903340.56,0
2022-05-19,trade,T03,True,BUY_JNPT_01,SUP_JEA_01,241500000.0,32363173.92,-249693860.5,0.0,0.0,0.0,0.0,0.0,0.0,,0,0.0,0.0,0.0,0.0,0.0,,0.0,0.0,0.0,0.0,0.0,0,0.0,0.0,0.0,0.0,0.0,0.0,0.0,0.0,0.0,-68.41,0.0,1200.0,1200.0,0.0,1.0,1.0,241500000.0,0.0,0.0,0
2022-05-19,trade,T04,True,,SUP_USEC_02,224513690.78,-1242323.22,-235647348.16,10644450.0,44797.48,577.0224,1630665.33,1048.6428,-471.6204,0.449744,-87,-435000.0,1566463.93,2899263.26,0.0,-1332799.33,-0.0,-7428.32,0.0,0.0,0.0,0.0,0,0.0,2865744.63,0.0,0.0,1260.0,0.0,-81412.02,1564.38,-1936.5,-64.56,5.49,1260.0,0.0,1260.0,1.0,0.0,0.0,0.0,0.0,0
2022-05-19,trade,T05,True,BUY_MUN_01,SUP_USEC_01,47453326.21,59937682.96,-352238.81,12846750.0,665.94,8.5778,24240.84,577.7749,-569.1971,0.985154,-105,1398600.0,4194465.9,1713113.59,4089903.23,-1608550.91,-2.387409,-114872.58,0.0,0.0,0.0,0.0,0,0.0,0.0,0.0,0.0,0.0,0.0,37240.17,7480.05,-2502.59,-0.1,0.49,2100.0,2100.0,0.0,0.0,0.0,0.0,389032416.76,0.0,0
2022-05-19,trade,T06,True,,SUP_JEA_01,16277906.43,4516044.07,-33237740.49,21533600.0,9925.74,127.8504,361305.18,1081.9331,-954.0827,0.881832,-176,-880000.0,-825320.95,200045.39,1670871.39,-2696237.72,-8.352462,5487.59,0.0,0.0,0.0,0.0,0,2956720.65,0.0,0.0,1300.0,0.0,0.0,-83996.52,813.79,-1526.94,-9.11,0.99,0.0,0.0,1300.0,1.0,0.0,0.0,0.0,0.0,0
2022-05-20,book,BOOK,True,BOOK,BOOK,915361766.04,186116067.18,-932871692.2,45889600.0,-120288.65,-1548.523,-4538720.92,2449.7103,-3998.2333,1.632125,-368,-1757504.0,-659477.37,2879106.1,8180238.38,-11718821.85,-2.841242,-115242.92,0.0,0.0,0.0,0.0,0,3059014.88,2964891.35,0.0,1300.0,1260.0,0.0,-128439.69,5094.14,-6059.2,-255.58,-15.58,8280.0,7020.0,2560.0,0.777778,0.5,636061253.33,547023321.07,17546907.34,0
2022-05-20,trade,T01,True,"BUY_MUN_01,BUY_RJK_01",SUP_USEC_01,317268000.0,39895479.38,-360044359.34,0.0,0.0,0.0,0.0,0.0,0.0,,0,0.0,0.0,0.0,0.0,0.0,,0.0,0.0,0.0,0.0,0.0,0,0.0,0.0,0.0,0.0,0.0,0.0,0.0,0.0,0.0,-98.64,0.0,2520.0,2520.0,0.0,1.0,1.0,169260000.0,152460000.0,0.0,0
2022-05-20,trade,T02,True,BUY_JNPT_01,SUP_JEA_01,58201267.54,48087128.32,-45580559.29,0.0,-20403.62,-262.6639,-769867.79,-262.6639,0.0,0.0,0,0.0,208944.29,-2210882.54,2419826.83,0.0,1.094507,0.0,0.0,0.0,0.0,0.0,0,0.0,0.0,0.0,0.0,0.0,0.0,1457.4,78.34,-79.54,-12.49,-2.56,1200.0,1200.0,0.0,0.666667,1.0,225301253.33,0.0,17546907.34,0
2022-05-20,trade,T03,True,BUY_JNPT_01,SUP_JEA_01,241500000.0,32296816.92,-249693860.5,0.0,0.0,0.0,0.0,0.0,0.0,,0,0.0,0.0,0.0,0.0,0.0,,0.0,0.0,0.0,0.0,0.0,0,0.0,0.0,0.0,0.0,0.0,0.0,0.0,0.0,0.0,-68.41,0.0,1200.0,1200.0,0.0,1.0,1.0,241500000.0,0.0,0.0,0
2022-05-20,trade,T04,True,,SUP_USEC_02,232808588.97,5228487.98,-237613261.06,10848900.0,8223.53,105.8648,310289.68,1051.0993,-945.2345,0.899282,-87,-870261.0,231230.63,3001712.97,0.0,-2770482.34,-0.0,-4621.8,0.0,0.0,0.0,0.0,0,0.0,2964891.35,0.0,0.0,1260.0,0.0,-81648.97,444.58,-2006.11,-65.1,0.77,1260.0,0.0,1260.0,1.0,0.0,0.0,0.0,0.0,0
2022-05-20,trade,T05,True,BUY_MUN_01,SUP_USEC_01,40769260.13,51127619.77,-2724892.31,13093500.0,-43810.74,-563.9929,-1653063.2,576.8074,-1140.8003,1.977784,-105,873285.0,2528287.17,1782290.32,4089682.43,-3343685.58,-2.294622,-119004.32,0.0,0.0,0.0,0.0,0,0.0,0.0,0.0,0.0,0.0,0.0,35992.89,6067.02,-2350.82,-0.75,-5.23,2100.0,2100.0,0.0,0.0,0.0,0.0,394563321.07,0.0,0
2022-05-20,trade,T06,True,,SUP_JEA_01,24814649.4,9480534.8,-37214759.69,21947200.0,-64297.81,-827.731,-2426079.62,1084.4675,-1912.1985,1.76326,-176,-1760528.0,-3627939.46,305985.35,1670729.11,-5604653.93,-5.46016,8383.2,0.0,0.0,0.0,0.0,0,3059014.88,0.0,0.0,1300.0,0.0,0.0,-84241.0,-1495.8,-1622.72,-10.2,-8.57,0.0,0.0,1300.0,1.0,0.0,0.0,0.0,0.0,0
2022-05-23,book,BOOK,True,BOOK,BOOK,924425849.65,189652409.25,-938134092.2,46368000.0,38539.68,496.8515,1472171.14,2498.4689,-2001.6173,0.801138,-368,83600.0,5251002.24,3004607.76,8177186.55,-5930792.07,-2.721549,-113432.94,0.0,0.0,0.0,0.0,0,3096209.37,3000941.39,0.0,1300.0,1260.0,0.0,-133671.5,6570.63,-6151.98,-257.02,4.86,8280.0,7020.0,2560.0,0.785714,0.5,636061253.33,552037337.41,16877749.31,0
2022-05-23,trade,T01,True,"BUY_MUN_01,BUY_RJK_01",SUP_USEC_01,317268000.0,39608430.32,-360044359.34,0.0,0.0,0.0,0.0,0.0,0.0,,0,0.0,0.0,0.0,0.0,0.0,,0.0,0.0,0.0,0.0,0.0,0,0.0,0.0,0.0,0.0,0.0,0.0,0.0,0.0,0.0,-98.64,0.0,2520.0,2520.0,0.0,1.0,1.0,169260000.0,152460000.0,0.0,0
2022-05-23,trade,T02,True,BUY_JNPT_01,SUP_JEA_01,57517136.6,47366657.81,-45580559.29,0.0,-17458.68,-225.0764,-666901.33,-225.0764,0.0,0.0,0,0.0,200649.52,-2218263.91,2418913.43,0.0,1.090453,0.0,0.0,0.0,0.0,0.0,0,0.0,0.0,0.0,0.0,0.0,0.0,790.7,61.98,-62.9,-12.49,-2.19,1200.0,1200.0,0.0,0.714286,1.0,225301253.33,0.0,16877749.31,0
2022-05-23,trade,T03,True,BUY_JNPT_01,SUP_JEA_01,241500000.0,32097745.93,-249693860.5,0.0,0.0,0.0,0.0,0.0,0.0,,0,0.0,0.0,0.0,0.0,0.0,,0.0,0.0,0.0,0.0,0.0,0,0.0,0.0,0.0,0.0,0.0,0.0,0.0,0.0,0.0,-68.41,0.0,1200.0,1200.0,0.0,1.0,1.0,241500000.0,0.0,0.0,0
2022-05-23,trade,T04,True,,SUP_USEC_02,237029224.17,8128683.57,-238857361.06,10962000.0,45264.13,583.5428,1729037.45,1056.7513,-473.2084,0.447795,-87,-435000.0,1656743.21,3058859.81,0.0,-1402116.6,-0.0,-3050.92,0.0,0.0,0.0,0.0,0,0.0,3000941.39,0.0,0.0,1260.0,0.0,-81969.87,880.36,-2041.26,-65.44,5.55,1260.0,0.0,1260.0,1.0,0.0,0.0,0.0,0.0,0
2022-05-23,trade,T05,True,BUY_MUN_01,SUP_USEC_01,41788324.54,50779511.73,-4226392.31,13230000.0,417.42,5.3814,15945.03,576.495,-571.1136,0.990665,-105,1398600.0,4194030.53,1798146.42,4088093.8,-1692209.69,-2.273504,-120385.98,0.0,0.0,0.0,0.0,0,0.0,0.0,0.0,0.0,0.0,0.0,32079.76,6204.89,-2315.58,-1.16,0.47,2100.0,2100.0,0.0,0.0,0.0,0.0,399577337.41,0.0,0
2022-05-23,trade,T06,True,,SUP_JEA_01,29323164.35,11671379.89,-39731559.69,22176000.0,10316.81,133.0037,394089.99,1090.2989,-957.2952,0.878012,-176,-880000.0,-800421.02,365865.44,1670179.32,-2836465.77,-4.56501,10003.95,0.0,0.0,0.0,0.0,0,3096209.37,0.0,0.0,1300.0,0.0,0.0,-84572.09,-576.6,-1732.24,-10.89,1.04,0.0,0.0,1300.0,1.0,0.0,0.0,0.0,0.0,0
2022-05-24,book,BOOK,True,BOOK,BOOK,764847617.0,193323411.32,-762654920.12,34387375.0,-40385.12,-520.4409,-1499390.26,1481.06,-2001.5009,1.351398,-281,83469.5,2252122.88,-158117.86,8176564.83,-5766324.09,51.711835,-195915.29,0.0,0.0,0.0,0.0,0,3027672.47,0.0,0.0,1300.0,0.0,0.0,-53349.5,4571.89,-4211.38,-208.95,-5.04,8280.0,8280.0,1300.0,0.793651,0.666667,636061253.33,631924382.24,18270307.22,0
2022-05-24,trade,T01,True,"BUY_MUN_01,BUY_RJK_01",SUP_USEC_01,167034000.0,39512747.3,-209810359.34,0.0,0.0,0.0,0.0,0.0,0.0,,0,0.0,0.0,0.0,0.0,0.0,,0.0,0.0,0.0,0.0,0.0,0,0.0,0.0,0.0,0.0,0.0,0.0,0.0,0.0,0.0,-57.48,0.0,2520.0,2520.0,0.0,1.0,1.0,169260000.0,0.0,0.0,0
2022-05-24,trade,T02,True,BUY_JNPT_01,SUP_JEA_01,58947028.46,48784436.48,-45580559.29,0.0,-14553.11,-187.5452,-540317.58,-187.5452,0.0,0.0,0,0.0,218512.19,-2200221.09,2418733.29,0.0,1.099314,0.0,0.0,0.0,0.0,0.0,0,0.0,0.0,0.0,0.0,0.0,0.0,601.11,63.82,-64.76,-12.49,-1.83,1200.0,1200.0,0.0,0.761905,1.0,225301253.33,0.0,18270307.22,0
2022-05-24,trade,T03,True,BUY_JNPT_01,SUP_JEA_01,241500000.0,32031388.93,-249693860.5,0.0,0.0,0.0,0.0,0.0,0.0,,0,0.0,0.0,0.0,0.0,0.0,,0.0,0.0,0.0,0.0,0.0,0,0.0,0.0,0.0,0.0,0.0,0.0,0.0,0.0,0.0,-68.41,0.0,1200.0,1200.0,0.0,1.0,1.0,241500000.0,0.0,0.0,0
2022-05-24,trade,T04,True,BUY_RJK_01,SUP_USEC_02,236159854.65,10274133.96,-224817063.98,0.0,-36726.26,-473.2893,-1363546.49,0.0,-473.2893,,0,-435130.5,-1363546.49,0.0,0.0,-1363546.49,,-86910.25,0.0,0.0,0.0,0.0,0,0.0,0.0,0.0,0.0,0.0,0.0,0.0,-1067.45,0.0,-61.59,-4.73,1260.0,1260.0,0.0,1.0,1.0,0.0,246330000.0,0.0,0
2022-05-24,trade,T05,True,BUY_MUN_01,SUP_USEC_01,37039196.94,49835510.96,-39517.31,12849375.0,412.2,5.312,15303.79,576.3519,-571.0399,0.990783,-105,1398600.0,4184133.39,1741494.14,4087805.26,-1645166.01,-2.347298,-117211.52,0.0,0.0,0.0,0.0,0,0.0,0.0,0.0,0.0,0.0,0.0,30805.95,6050.11,-2433.23,-0.01,0.46,2100.0,2100.0,0.0,0.0,0.0,0.0,385594382.24,0.0,0
2022-05-24,trade,T06,True,,SUP_JEA_01,24167536.95,12885193.7,-32713559.69,21538000.0,10482.05,135.0816,389170.03,1092.2533,-957.1717,0.876328,-176,-880000.0,-786976.22,300609.09,1670026.28,-2757611.59,-5.555475,8206.48,0.0,0.0,0.0,0.0,0,3027672.47,0.0,0.0,1300.0,0.0,0.0,-84756.56,-474.58,-1713.4,-8.96,1.06,0.0,0.0,1300.0,1.0,0.0,0.0,0.0,0.0,0
2022-05-25,book,BOOK,True,BOOK,BOOK,766207883.75,196243449.51,-790670295.52,64165200.0,11026.45,142.1346,402169.81,3013.6819,-2871.5473,0.952837,-528,-716770.5,3795479.07,-207517.51,12128039.63,-8125043.04,58.443451,-194517.8,0.0,-151130.23,0.0,1890.0,90,2974853.69,0.0,4324979.6,1300.0,0.0,1890.0,-170775.96,5358.86,-6978.86,-216.62,1.17,8930.0,8280.0,3190.0,0.829932,0.571429,636061253.33,628630447.27,18996556.43,0
2022-05-25,trade,T01,True,"BUY_MUN_01,BUY_RJK_01",SUP_USEC_01,167034000.0,39456989.47,-209810359.34,0.0,0.0,0.0,0.0,0.0,0.0,,0,0.0,0.0,0.0,0.0,0.0,,0.0,0.0,0.0,0.0,0.0,0,0.0,0.0,0.0,0.0,0.0,0.0,0.0,0.0,0.0,-57.48,0.0,2520.0,2520.0,0.0,1.0,1.0,169260000.0,0.0,0.0,0
2022-05-25,trade,T02,True,BUY_JNPT_01,SUP_JEA_01,59693698.31,49518993.14,-45580559.29,0.0,-11638.37,-150.0225,-424488.77,-150.0225,0.0,0.0,0,0.0,227937.39,-2190554.79,2418492.18,0.0,1.104055,0.0,0.0,0.0,0.0,0.0,0,0.0,0.0,0.0,0.0,0.0,0.0,442.76,62.17,-63.08,-12.49,-1.46,1200.0,1200.0,0.0,0.809524,1.0,225301253.33,0.0,18996556.43,0
2022-05-25,trade,T03,True,BUY_JNPT_01,SUP_JEA_01,241500000.0,31965031.93,-249693860.5,0.0,0.0,0.0,0.0,0.0,0.0,,0,0.0,0.0,0.0,0.0,0.0,,0.0,0.0,0.0,0.0,0.0,0,0.0,0.0,0.0,0.0,0.0,0.0,0.0,0.0,0.0,-68.41,0.0,1200.0,1200.0,0.0,1.0,1.0,241500000.0,0.0,0.0,0
2022-05-25,trade,T04,True,BUY_RJK_01,SUP_USEC_02,236159854.65,10214388.06,-224817063.98,0.0,0.0,0.0,0.0,0.0,0.0,,0,0.0,0.0,0.0,0.0,0.0,,-86910.25,0.0,0.0,0.0,0.0,0,0.0,0.0,0.0,0.0,0.0,0.0,0.0,0.0,0.0,-61.59,0.0,1260.0,1260.0,0.0,1.0,1.0,0.0,246330000.0,0.0,0
2022-05-25,trade,T05,True,BUY_MUN_01,SUP_USEC_01,40037536.64,53509970.62,725863.16,12760125.0,407.47,5.2524,14861.69,576.2186,-570.9662,0.990885,-105,1398600.0,4181080.28,1709230.94,4087398.22,-1615548.88,-2.391367,-115124.69,0.0,0.0,0.0,0.0,0,0.0,0.0,0.0,0.0,0.0,0.0,29511.95,5920.33,-2507.43,0.2,0.46,2100.0,2100.0,0.0,0.0,0.0,0.0,382300447.27,0.0,0
2022-05-25,trade,T06,True,,SUP_JEA_01,20527310.74,10536105.85,-31264127.59,21388400.0,10640.57,137.1606,388095.86,1094.2087,-957.0481,0.874649,-176,-880000.0,-784940.97,253167.67,1669859.01,-2707967.64,-6.595862,6898.22,0.0,0.0,0.0,0.0,0,2974853.69,0.0,0.0,1300.0,0.0,0.0,-84885.98,-386.12,-1705.28,-8.57,1.08,650.0,0.0,1300.0,1.0,0.0,0.0,0.0,0.0,0
2022-05-25,trade,T07,True,,SUP_USEC_02,1255483.42,1041970.44,-30230187.98,30016675.0,11616.78,149.7441,423701.02,1493.2771,-1343.533,0.899721,-247,-1235370.5,171402.37,20638.66,3952290.23,-3801526.52,,618.93,0.0,-151130.23,0.0,1890.0,90,0.0,0.0,4324979.6,0.0,0.0,1890.0,-115844.7,-237.53,-2703.06,-8.28,1.09,0.0,0.0,1890.0,1.0,0.0,0.0,0.0,0.0,0
2022-05-26,book,BOOK,True,BOOK,BOOK,766471865.89,198145308.32,-770048511.5,63980400.0,14361.11,185.0709,522917.71,3055.8445,-2870.7737,0.939437,-528,-716400.0,3823996.31,-191345.99,12126713.3,-8111371.0,63.375843,-194024.25,0.0,-151153.5,0.0,1890.0,90,2974549.02,0.0,4324536.66,1300.0,0.0,1890.0,-172601.93,5444.45,-4429.07,-210.97,1.59,8930.0,8280.0,3190.0,0.836735,0.571429,636061253.33,627282442.98,19047489.56,0
2022-05-26,trade,T01,True,"BUY_MUN_01,BUY_RJK_01",SUP_USEC_01,167034000.0,39401231.65,-209810359.34,0.0,0.0,0.0,0.0,0.0,0.0,,0,0.0,0.0,0.0,0.0,0.0,,0.0,0.0,0.0,0.0,0.0,0,0.0,0.0,0.0,0.0,0.0,0.0,0.0,0.0,0.0,-57.48,0.0,2520.0,2520.0,0.0,1.0,1.0,169260000.0,0.0,0.0,0
2022-05-26,trade,T02,True,BUY_JNPT_01,SUP_JEA_01,59745736.19,49558917.84,-26991575.27,0.0,-8730.13,-112.5047,-317882.11,-112.5047,0.0,0.0,0,0.0,228531.28,-2189691.3,2418222.58,0.0,1.104367,0.0,0.0,0.0,0.0,0.0,0,0.0,0.0,0.0,0.0,0.0,0.0,316.31,57.54,-58.37,-7.39,-1.1,1200.0,1200.0,0.0,0.857143,1.0,225301253.33,0.0,19047489.56,0
2022-05-26,trade,T03,True,BUY_JNPT_01,SUP_JEA_01,241500000.0,31898674.93,-249693860.5,0.0,0.0,0.0,0.0,0.0,0.0,,0,0.0,0.0,0.0,0.0,0.0,,0.0,0.0,0.0,0.0,0.0,0,0.0,0.0,0.0,0.0,0.0,0.0,0.0,0.0,0.0,-68.41,0.0,1200.0,1200.0,0.0,1.0,1.0,241500000.0,0.0,0.0,0
2022-05-26,trade,T04,True,BUY_RJK_01,SUP_USEC_02,236159854.65,10154642.15,-224817063.98,0.0,0.0,0.0,0.0,0.0,0.0,,0,0.0,0.0,0.0,0.0,0.0,,-86910.25,0.0,0.0,0.0,0.0,0,0.0,0.0,0.0,0.0,0.0,0.0,0.0,0.0,0.0,-61.59,0.0,1260.0,1260.0,0.0,1.0,1.0,0.0,246330000.0,0.0,0
2022-05-26,trade,T05,True,BUY_MUN_01,SUP_USEC_01,39112020.66,52952147.54,1130113.16,12723375.0,405.96,5.2316,14781.75,576.124,-570.8925,0.990919,-105,1398600.0,4182539.6,1708661.04,4086935.29,-1613056.73,-2.391894,-114978.9,0.0,0.0,0.0,0.0,0,0.0,0.0,0.0,0.0,0.0,0.0,28232.99,5830.07,74.6,0.31,0.46,2100.0,2100.0,0.0,0.0,0.0,0.0,380952442.98,0.0,0
2022-05-26,trade,T06,True,,SUP_JEA_01,20920462.18,11536948.75,-30586527.59,21326800.0,10802.79,139.215,393351.84,1096.1395,-956.9246,0.872995,-176,-880000.0,-773795.46,260308.89,1669685.98,-2703790.33,-6.414249,7017.46,0.0,0.0,0.0,0.0,0,2974549.02,0.0,0.0,1300.0,0.0,0.0,-85058.12,-299.5,-1732.74,-8.38,1.1,650.0,0.0,1300.0,1.0,0.0,0.0,0.0,0.0,0
2022-05-26,trade,T07,True,,SUP_USEC_02,1999792.21,2642745.46,-29279237.97,29930225.0,11882.5,153.1291,432666.22,1496.0857,-1342.9566,0.897647,-247,-1235000.0,186720.9,29375.38,3951869.45,-3794523.93,,847.44,0.0,-151153.5,0.0,1890.0,90,0.0,0.0,4324536.66,0.0,0.0,1890.0,-116093.11,-143.66,-2712.56,-8.02,1.13,0.0,0.0,1890.0,1.0,0.0,0.0,0.0,0.0,0
2022-05-27,book,BOOK,True,BOOK,BOOK,768207012.58,197185811.97,-772564911.5,64006800.0,17660.12,227.6097,642542.24,3098.0127,-2870.403,0.92653,-528,-716400.0,3989837.61,-203845.68,12296830.94,-8103147.65,60.324216,-194247.85,0.0,0.0,0.0,0.0,0,2963825.38,0.0,4308946.13,1300.0,0.0,1890.0,-174335.27,5581.01,-4521.64,-211.66,2.01,8930.0,8280.0,3190.0,0.843537,0.571429,636061253.33,627473524.07,19069293.48,0
2022-05-27,trade,T01,True,"BUY_MUN_01,BUY_RJK_01",SUP_USEC_01,169260000.0,39345473.83,-212036359.34,0.0,0.0,0.0,0.0,0.0,0.0,,0,0.0,0.0,0.0,0.0,0.0,,0.0,0.0,0.0,0.0,0.0,0,0.0,0.0,0.0,0.0,0.0,0.0,0.0,0.0,0.0,-58.09,0.0,2520.0,2520.0,0.0,1.0,1.0,169260000.0,0.0,0.0,0
2022-05-27,trade,T02,True,BUY_JNPT_01,SUP_JEA_01,59768514.28,49574522.82,-26991575.27,0.0,-5818.91,-74.9961,-211713.91,-74.9961,0.0,0.0,0,0.0,228840.55,-2189141.55,2417982.11,0.0,1.104534,0.0,0.0,0.0,0.0,0.0,0,0.0,0.0,0.0,0.0,0.0,0.0,221.37,52.77,-53.53,-7.39,-0.73,1200.0,1200.0,0.0,0.904762,1.0,225301253.33,0.0,19069293.48,0
2022-05-27,trade,T03,True,BUY_JNPT_01,SUP_JEA_01,241500000.0,31832317.93,-249693860.5,0.0,0.0,0.0,0.0,0.0,0.0,,0,0.0,0.0,0.0,0.0,0.0,,0.0,0.0,0.0,0.0,0.0,0,0.0,0.0,0.0,0.0,0.0,0.0,0.0,0.0,0.0,-68.41,0.0,1200.0,1200.0,0.0,1.0,1.0,241500000.0,0.0,0.0,0
2022-05-27,trade,T04,True,BUY_RJK_01,SUP_USEC_02,236159854.65,10094896.25,-224817063.98,0.0,0.0,0.0,0.0,0.0,0.0,,0,0.0,0.0,0.0,0.0,0.0,,-86910.25,0.0,0.0,0.0,0.0,0,0.0,0.0,0.0,0.0,0.0,0.0,0.0,0.0,0.0,-61.59,0.0,1260.0,1260.0,0.0,1.0,1.0,0.0,246330000.0,0.0,0
2022-05-27,trade,T05,True,BUY_MUN_01,SUP_USEC_01,39842820.94,53630748.15,1072363.16,12728625.0,401.76,5.178,14617.38,575.9967,-570.8188,0.99101,-105,1398600.0,4184923.03,1709815.12,4086529.32,-1611421.41,-2.390042,-114794.06,0.0,0.0,0.0,0.0,0,0.0,0.0,0.0,0.0,0.0,0.0,26944.23,5741.99,65.81,0.29,0.46,2100.0,2100.0,0.0,0.0,0.0,0.0,381143524.07,0.0,0
2022-05-27,trade,T06,True,,SUP_JEA_01,20492667.26,11013025.35,-30683327.59,21335600.0,10962.57,141.2894,398859.91,1098.0904,-956.801,0.871332,-176,-880000.0,-776212.61,255317.47,1669519.14,-2701049.22,-6.538993,6872.98,0.0,0.0,0.0,0.0,0,2963825.38,0.0,0.0,1300.0,0.0,0.0,-85200.28,-220.24,-1753.16,-8.41,1.12,650.0,0.0,1300.0,1.0,0.0,0.0,0.0,0.0,0
2022-05-27,trade,T07,True,,SUP_USEC_02,1183155.45,1694827.64,-29415087.97,29942575.0,12114.7,156.1385,440778.86,1498.9217,-1342.7832,0.895833,-247,-1235000.0,352286.63,20163.29,4122800.36,-3790677.02,,583.47,0.0,0.0,0.0,0.0,0,0.0,0.0,4308946.13,0.0,0.0,1890.0,-116300.58,6.5,-2780.76,-8.06,1.16,0.0,0.0,1890.0,1.0,0.0,0.0,0.0,0.0,0
2022-05-30,book,BOOK,True,BOOK,BOOK,554162762.94,201886880.35,-553797658.16,64600800.0,21730.68,280.2144,802253.83,3149.5054,-2869.291,0.911029,-528,-716400.0,4049541.71,-28835.08,12293156.81,-8214780.03,,-191717.58,0.0,0.0,0.0,0.0,0,3008147.68,0.0,4373383.94,1300.0,0.0,1890.0,-179404.91,5852.15,-4637.6,-151.73,2.52,8930.0,8280.0,3190.0,0.85034,0.571429,410760000.0,631819194.84,18831820.93,0
2022-05-30,trade,T01,True,"BUY_MUN_01,BUY_RJK_01",SUP_USEC_01,169260000.0,39176425.66,-212036359.34,0.0,0.0,0.0,0.0,0.0,0.0,,0,0.0,0.0,0.0,0.0,0.0,,0.0,0.0,0.0,0.0,0.0,0,0.0,0.0,0.0,0.0,0.0,0.0,0.0,0.0,0.0,-58.09,0.0,2520.0,2520.0,0.0,1.0,1.0,169260000.0,0.0,0.0,0
2022-05-30,trade,T02,True,BUY_JNPT_01,SUP_JEA_01,-165775203.72,49310538.85,198309678.07,0.0,-2907.17,-37.4876,-107326.99,-37.4876,0.0,0.0,0,0.0,225907.98,-2191352.63,2417260.61,0.0,1.103091,0.0,0.0,0.0,0.0,0.0,0,0.0,0.0,0.0,0.0,0.0,0.0,31.6,37.57,-38.09,54.33,-0.36,1200.0,1200.0,0.0,0.952381,1.0,0.0,0.0,18831820.93,0
2022-05-30,trade,T03,True,BUY_JNPT_01,SUP_JEA_01,241500000.0,31633246.94,-249693860.5,0.0,0.0,0.0,0.0,0.0,0.0,,0,0.0,0.0,0.0,0.0,0.0,,0.0,0.0,0.0,0.0,0.0,0,0.0,0.0,0.0,0.0,0.0,0.0,0.0,0.0,0.0,-68.41,0.0,1200.0,1200.0,0.0,1.0,1.0,241500000.0,0.0,0.0,0
2022-05-30,trade,T04,True,BUY_RJK_01,SUP_USEC_02,236159854.65,9915658.53,-224817063.98,0.0,0.0,0.0,0.0,0.0,0.0,,0,0.0,0.0,0.0,0.0,0.0,,-86910.25,0.0,0.0,0.0,0.0,0,0.0,0.0,0.0,0.0,0.0,0.0,0.0,0.0,0.0,-61.59,0.0,1260.0,1260.0,0.0,1.0,1.0,0.0,246330000.0,0.0,0
2022-05-30,trade,T05,True,BUY_MUN_01,SUP_USEC_01,39478314.58,52085846.74,-227011.84,12846750.0,388.51,5.0098,14342.92,575.6074,-570.5976,0.991297,-105,1398600.0,4185142.96,1733452.7,4085311.28,-1633621.03,-2.356748,-116417.46,0.0,0.0,0.0,0.0,0,0.0,0.0,0.0,0.0,0.0,0.0,23076.97,5505.38,106.13,-0.06,0.46,2100.0,2100.0,0.0,0.0,0.0,0.0,385489194.84,0.0,0
2022-05-30,trade,T06,True,,SUP_JEA_01,25500003.72,14015899.21,-32861327.59,21533600.0,11440.06,147.5181,422344.45,1103.9485,-956.4303,0.866372,-176,-880000.0,-749641.9,319599.54,1669018.57,-2738260.01,-5.222218,8612.35,0.0,0.0,0.0,0.0,0,3008147.68,0.0,0.0,1300.0,0.0,0.0,-85611.42,39.0,-1866.94,-9.0,1.18,650.0,0.0,1300.0,1.0,0.0,0.0,0.0,0.0,0
2022-05-30,trade,T07,True,,SUP_USEC_02,8039793.71,5749264.42,-32471712.97,30220450.0,12809.28,165.1741,472893.45,1507.4371,-1342.263,0.890427,-247,-1235000.0,388132.68,109465.32,4121566.35,-3842898.99,-37.651801,2997.78,0.0,0.0,0.0,0.0,0,0.0,0.0,4373383.94,0.0,0.0,1890.0,-116902.05,270.19,-2838.7,-8.9,1.24,0.0,0.0,1890.0,1.0,0.0,0.0,0.0,0.0,0
2022-05-31,book,BOOK,True,BOOK,BOOK,541432372.23,206330175.24,-554668387.5,62568000.0,25046.24,322.3803,907984.17,3191.3006,-2868.9203,0.898982,-528,-716400.0,4063282.23,-147641.53,12291237.75,-8080313.99,83.250542,-192351.82,0.0,0.0,0.0,0.0,0,2970293.18,0.0,4318349.31,1300.0,0.0,1890.0,-181383.01,5751.1,-4505.82,-151.96,2.93,8930.0,8280.0,3190.0,0.857143,0.571429,410760000.0,616988630.69,18996632.85,0
2022-05-31,trade,T01,True,"BUY_MUN_01,BUY_RJK_01",SUP_USEC_01,169260000.0,39120076.28,-212036359.34,0.0,0.0,0.0,0.0,0.0,0.0,,0,0.0,0.0,0.0,0.0,0.0,,0.0,0.0,0.0,0.0,0.0,0,0.0,0.0,0.0,0.0,0.0,0.0,0.0,0.0,0.0,-58.09,0.0,2520.0,2520.0,0.0,1.0,1.0,169260000.0,0.0,0.0,0
2022-05-31,trade,T02,True,BUY_JNPT_01,SUP_JEA_01,-165608950.86,49529493.18,198309678.07,0.0,0.0,0.0,0.0,0.0,0.0,,0,0.0,227590.29,-2189254.54,2416844.83,0.0,1.103958,0.0,0.0,0.0,0.0,0.0,0,0.0,0.0,0.0,0.0,0.0,0.0,0.0,33.17,-33.62,54.33,0.0,1200.0,1200.0,0.0,1.0,1.0,0.0,0.0,18996632.85,0
2022-05-31,trade,T03,True,BUY_JNPT_01,SUP_JEA_01,241500000.0,31566889.94,-249693860.5,0.0,0.0,0.0,0.0,0.0,0.0,,0,0.0,0.0,0.0,0.0,0.0,,0.0,0.0,0.0,0.0,0.0,0,0.0,0.0,0.0,0.0,0.0,0.0,0.0,0.0,0.0,-68.41,0.0,1200.0,1200.0,0.0,1.0,1.0,241500000.0,0.0,0.0,0
2022-05-31,trade,T04,True,BUY_RJK_01,SUP_USEC_02,236159854.65,9855912.63,-224817063.98,0.0,0.0,0.0,0.0,0.0,0.0,,0,0.0,0.0,0.0,0.0,0.0,,-86910.25,0.0,0.0,0.0,0.0,0,0.0,0.0,0.0,0.0,0.0,0.0,0.0,0.0,0.0,-61.59,0.0,1260.0,1260.0,0.0,1.0,1.0,0.0,246330000.0,0.0,0
2022-05-31,trade,T05,True,BUY_MUN_01,SUP_USEC_01,30033247.89,46683219.73,4219738.16,12442500.0,399.36,5.1403,14477.71,575.6642,-570.5239,0.991071,-105,1398600.0,4181406.46,1703731.92,4084555.16,-1606880.62,-2.397417,-114559.15,0.0,0.0,0.0,0.0,0,0.0,0.0,0.0,0.0,0.0,0.0,21829.96,5390.37,48.32,1.16,0.46,2100.0,2100.0,0.0,0.0,0.0,0.0,370658630.69,0.0,0
2022-05-31,trade,T06,True,,SUP_JEA_01,25675794.4,17951816.11,-48639256.92,20856000.0,11604.48,149.366,420689.26,1105.6727,-956.3068,0.864909,-176,-880000.0,-743811.03,280799.27,1668827.7,-2693438.0,-5.943134,7553.11,0.0,0.0,0.0,0.0,0,2970293.18,0.0,0.0,1300.0,0.0,0.0,-85901.48,58.73,-1802.19,-13.33,1.2,650.0,0.0,1300.0,1.0,0.0,0.0,0.0,0.0,0
2022-05-31,trade,T07,True,,SUP_USEC_02,4412426.15,11622767.39,-22011262.97,29269500.0,13042.4,167.874,472817.2,1509.9636,-1342.0896,0.888822,-247,-1235000.0,398096.51,57081.81,4121010.06,-3779995.37,,1564.47,0.0,0.0,0.0,0.0,0,0.0,0.0,4318349.31,0.0,0.0,1890.0,-117311.49,268.83,-2718.33,-6.03,1.27,0.0,0.0,1890.0,1.0,0.0,0.0,0.0,0.0,0
2022-06-01,book,BOOK,True,BOOK,BOOK,641163920.63,212525197.45,-626189508.68,40700000.0,-54621.99,-704.5199,-1903260.49,2164.1045,-2868.6244,1.325548,-352,-716664.0,838664.86,-3460227.06,12048480.66,-7749588.74,3.481991,-238074.32,0.0,0.0,0.0,0.0,0,0.0,0.0,4127919.33,0.0,0.0,1890.0,-96786.06,3660.4,-2392.39,-171.56,-7.06,8930.0,9580.0,1890.0,0.864286,0.714286,410760000.0,856107020.0,18955109.74,0
2022-06-01,trade,T01,True,"BUY_MUN_01,BUY_RJK_01",SUP_USEC_01,169260000.0,39063726.89,-212036359.34,0.0,0.0,0.0,0.0,0.0,0.0,,0,0.0,0.0,0.0,0.0,0.0,,0.0,0.0,0.0,0.0,0.0,0,0.0,0.0,0.0,0.0,0.0,0.0,0.0,0.0,0.0,-58.09,0.0,2520.0,2520.0,0.0,1.0,1.0,169260000.0,0.0,0.0,0
2022-06-01,trade,T02,True,BUY_JNPT_01,SUP_JEA_01,-165671514.27,49519631.24,198309678.07,0.0,0.0,0.0,0.0,0.0,0.0,,0,0.0,-13193.94,-2188841.3,2175647.36,0.0,0.993972,0.0,0.0,0.0,0.0,0.0,0,0.0,0.0,0.0,0.0,0.0,0.0,0.0,-139.79,142.28,54.33,0.0,1200.0,1200.0,0.0,1.0,1.0,0.0,0.0,18955109.74,0
2022-06-01,trade,T03,True,BUY_JNPT_01,SUP_JEA_01,241500000.0,31500532.94,-249693860.5,0.0,0.0,0.0,0.0,0.0,0.0,,0,0.0,0.0,0.0,0.0,0.0,,0.0,0.0,0.0,0.0,0.0,0,0.0,0.0,0.0,0.0,0.0,0.0,0.0,0.0,0.0,-68.41,0.0,1200.0,1200.0,0.0,1.0,1.0,241500000.0,0.0,0.0,0
2022-06-01,trade,T04,True,BUY_RJK_01,SUP_USEC_02,236159854.65,9796166.72,-224817063.98,0.0,0.0,0.0,0.0,0.0,0.0,,0,0.0,0.0,0.0,0.0,0.0,,-86910.25,0.0,0.0,0.0,0.0,0,0.0,0.0,0.0,0.0,0.0,0.0,0.0,0.0,0.0,-61.59,0.0,1260.0,1260.0,0.0,1.0,1.0,0.0,246330000.0,0.0,0
2022-06-01,trade,T05,True,BUY_MUN_01,SUP_USEC_01,42373165.46,62043008.71,7540363.16,12140625.0,6273.61,80.9176,218598.95,651.3257,-570.408,0.875765,-105,1398600.0,4176757.01,1633963.69,4083750.63,-1540957.3,-2.499291,-109841.79,0.0,0.0,0.0,0.0,0,0.0,0.0,0.0,0.0,0.0,0.0,20500.89,5204.09,-87.44,2.07,1.2,2100.0,2100.0,0.0,0.05,0.0,0.0,369277020.0,0.0,0
2022-06-01,trade,T06,True,BUY_JNPT_01,SUP_JEA_01,127272896.42,16564847.08,-130754401.93,0.0,-74150.41,-956.3993,-2583712.83,0.0,-956.3993,,0,-880264.0,-3702073.18,-2786999.58,1668639.23,-2583712.83,0.598722,-38258.79,0.0,0.0,0.0,0.0,0,0.0,0.0,0.0,0.0,0.0,0.0,0.0,-1739.94,156.56,-35.82,-9.56,650.0,1300.0,0.0,1.0,1.0,0.0,240500000.0,0.0,0
2022-06-01,trade,T07,True,,SUP_USEC_02,-9730481.62,4037283.88,-14737864.15,28559375.0,13254.81,170.9618,461853.4,1512.7788,-1341.817,0.886988,-247,-1235000.0,377174.97,-118349.86,4120443.44,-3624918.61,34.815785,-3063.49,0.0,0.0,0.0,0.0,0,0.0,0.0,4127919.33,0.0,0.0,1890.0,-117286.95,336.04,-2603.8,-4.04,1.3,0.0,0.0,1890.0,1.0,0.0,0.0,0.0,0.0,0
2022-06-06,book,BOOK,True,BOOK,BOOK,642996652.59,203317869.37,-598887817.28,41720800.0,26586.15,342.5587,939295.86,2253.5725,-1911.0138,0.847993,-352,163600.0,4041533.67,-1926932.62,11208466.17,-5239999.88,5.81674,-236770.02,0.0,0.0,0.0,0.0,0,0.0,0.0,4198131.75,0.0,0.0,1890.0,-104067.73,5328.05,-2480.79,-164.08,3.38,8930.0,9580.0,1890.0,0.871429,0.714286,410760000.0,853846790.0,18965334.12,0
2022-06-06,trade,T01,True,"BUY_MUN_01,BUY_RJK_01",SUP_USEC_01,169260000.0,38781979.94,-212036359.34,0.0,0.0,0.0,0.0,0.0,0.0,,0,0.0,0.0,0.0,0.0,0.0,,0.0,0.0,0.0,0.0,0.0,0,0.0,0.0,0.0,0.0,0.0,0.0,0.0,0.0,0.0,-58.09,0.0,2520.0,2520.0,0.0,1.0,1.0,169260000.0,0.0,0.0,0
2022-06-06,trade,T02,True,BUY_JNPT_01,SUP_JEA_01,-165670583.92,49784068.97,215766448.72,0.0,0.0,0.0,0.0,0.0,0.0,,0,0.0,-13168.4,-2187566.87,2174398.46,0.0,0.99398,0.0,0.0,0.0,0.0,0.0,0,0.0,0.0,0.0,0.0,0.0,0.0,0.0,-138.63,140.96,59.11,0.0,1200.0,1200.0,0.0,1.0,1.0,0.0,0.0,18965334.12,0
2022-06-06,trade,T03,True,BUY_JNPT_01,SUP_JEA_01,241500000.0,31168747.95,-228620139.76,0.0,0.0,0.0,0.0,0.0,0.0,,0,0.0,0.0,0.0,0.0,0.0,,0.0,0.0,0.0,0.0,0.0,0,0.0,0.0,0.0,0.0,0.0,0.0,0.0,0.0,0.0,-62.64,0.0,1200.0,1200.0,0.0,1.0,1.0,241500000.0,0.0,0.0,0
2022-06-06,trade,T04,True,BUY_RJK_01,SUP_USEC_02,236168545.67,9506128.22,-224817063.98,0.0,0.0,0.0,0.0,0.0,0.0,,0,0.0,0.0,0.0,0.0,0.0,,-86910.25,0.0,0.0,0.0,0.0,0,0.0,0.0,0.0,0.0,0.0,0.0,0.0,0.0,0.0,-61.59,0.0,1260.0,1260.0,0.0,1.0,1.0,0.0,246330000.0,0.0,0
2022-06-06,trade,T05,True,BUY_MUN_01,SUP_USEC_01,35711199.51,52346062.14,4190863.16,12445125.0,12170.94,156.8208,430002.73,726.8676,-570.0467,0.784251,-105,1398600.0,4180515.24,1662254.39,4081328.99,-1563068.15,-2.455297,-111360.96,0.0,0.0,0.0,0.0,0,0.0,0.0,0.0,0.0,0.0,0.0,14420.6,4802.66,-44.5,1.15,1.94,2100.0,2100.0,0.0,0.1,0.0,0.0,367016790.0,0.0,0
2022-06-06,trade,T06,True,BUY_JNPT_01,SUP_JEA_01,127253904.7,16372113.2,-130754401.93,0.0,0.0,0.0,0.0,0.0,0.0,,0,0.0,-560510.82,-1394930.33,834419.52,0.0,0.59818,-38258.79,0.0,0.0,0.0,0.0,0,0.0,0.0,0.0,0.0,0.0,0.0,0.0,-94.87,96.26,-35.82,0.0,650.0,1300.0,0.0,1.0,1.0,0.0,240500000.0,0.0,0
2022-06-06,trade,T07,True,,SUP_USEC_02,-1226413.37,5358768.94,-22617164.15,29275675.0,14415.21,185.7378,509293.13,1526.7049,-1340.9671,0.878341,-247,-1235000.0,434697.66,-6689.8,4118319.2,-3676931.73,,-240.03,0.0,0.0,0.0,0.0,0,0.0,0.0,4198131.75,0.0,0.0,1890.0,-118488.33,758.9,-2673.51,-6.2,1.45,0.0,0.0,1890.0,1.0,0.0,0.0,0.0,0.0,0
2022-06-07,book,BOOK,True,BOOK,BOOK,650866725.34,210853011.53,-621662444.63,41377600.0,32757.9,421.446,1144225.87,2332.2176,-1910.7716,0.819294,-352,163600.0,4037742.31,-1981867.27,11207354.4,-5187744.82,5.654947,-236736.03,0.0,0.0,0.0,0.0,0,0.0,0.0,4160298.95,0.0,0.0,1890.0,-105595.95,5310.46,-2497.83,-170.32,4.15,9580.0,9580.0,1890.0,0.878571,0.714286,410760000.0,857597810.0,18992126.37,0
2022-06-07,trade,T01,True,"BUY_MUN_01,BUY_RJK_01",SUP_USEC_01,169260000.0,38725630.56,-212036359.34,0.0,0.0,0.0,0.0,0.0,0.0,,0,0.0,0.0,0.0,0.0,0.0,,0.0,0.0,0.0,0.0,0.0,0,0.0,0.0,0.0,0.0,0.0,0.0,0.0,0.0,0.0,-58.09,0.0,2520.0,2520.0,0.0,1.0,1.0,169260000.0,0.0,0.0,0
2022-06-07,trade,T02,True,BUY_JNPT_01,SUP_JEA_01,-165671897.75,49840095.82,215766448.72,0.0,0.0,0.0,0.0,0.0,0.0,,0,0.0,-13165.5,-2187344.5,2174179.0,0.0,0.993981,0.0,0.0,0.0,0.0,0.0,0,0.0,0.0,0.0,0.0,0.0,0.0,0.0,-138.58,140.88,59.11,0.0,1200.0,1200.0,0.0,1.0,1.0,0.0,0.0,18992126.37,0
2022-06-07,trade,T03,True,BUY_JNPT_01,SUP_JEA_01,241500000.0,31107991.36,-228620139.76,0.0,0.0,0.0,0.0,0.0,0.0,,0,0.0,0.0,0.0,0.0,0.0,,0.0,0.0,0.0,0.0,0.0,0,0.0,0.0,0.0,0.0,0.0,0.0,0.0,0.0,0.0,-62.64,0.0,1200.0,1200.0,0.0,1.0,1.0,241500000.0,0.0,0.0,0
2022-06-07,trade,T04,True,BUY_RJK_01,SUP_USEC_02,239579772.84,9446382.32,-251170344.39,0.0,0.0,0.0,0.0,0.0,0.0,,0,0.0,0.0,0.0,0.0,0.0,,-86910.25,0.0,0.0,0.0,0.0,0,0.0,0.0,0.0,0.0,0.0,0.0,0.0,0.0,0.0,-68.81,0.0,1260.0,1260.0,0.0,1.0,1.0,0.0,246330000.0,0.0,0
2022-06-07,trade,T05,True,BUY_MUN_01,SUP_USEC_01,42395374.68,60055101.05,5316988.16,12342750.0,18093.52,232.7818,632002.58,802.7563,-569.9745,0.710022,-105,1398600.0,4175552.09,1642122.51,4080910.27,-1547480.7,-2.485144,-110352.9,0.0,0.0,0.0,0.0,0,0.0,0.0,0.0,0.0,0.0,0.0,13285.1,4698.78,-68.3,1.46,2.68,2100.0,2100.0,0.0,0.15,0.0,0.0,370767810.0,0.0,0
2022-06-07,trade,T06,True,BUY_JNPT_01,SUP_JEA_01,127389052.89,16275966.02,-130950948.87,0.0,0.0,0.0,0.0,0.0,0.0,,0,0.0,-560457.75,-1394798.25,834340.5,0.0,0.59818,-38258.79,0.0,0.0,0.0,0.0,0,0.0,0.0,0.0,0.0,0.0,0.0,0.0,-83.09,84.3,-35.88,0.0,1300.0,1300.0,0.0,1.0,1.0,0.0,240500000.0,0.0,0
2022-06-07,trade,T07,True,,SUP_USEC_02,-3585577.31,5401844.41,-19968089.15,29034850.0,14664.38,188.6642,512223.29,1529.4613,-1340.7971,0.876647,-247,-1235000.0,435813.47,-41847.04,4117924.63,-3640264.12,,-1214.1,0.0,0.0,0.0,0.0,0,0.0,0.0,4160298.95,0.0,0.0,1890.0,-118881.05,833.35,-2654.71,-5.47,1.47,0.0,0.0,1890.0,1.0,0.0,0.0,0.0,0.0,0
2022-06-08,book,BOOK,True,BOOK,BOOK,422157805.83,210854031.56,-393368096.16,41958400.0,39366.76,506.8209,1401613.17,2417.9244,-1911.1035,0.79039,-352,163600.0,4116771.36,-1807916.49,11209844.59,-5285156.73,6.200422,-191458.06,0.0,0.0,0.0,0.0,0,0.0,0.0,8007829.75,0.0,0.0,3570.0,-169425.2,5685.75,-2839.41,-107.77,4.98,10525.0,9580.0,3570.0,0.775,0.625,169260000.0,858535565.0,18977551.25,0
2022-06-08,trade,T01,True,"BUY_MUN_01,BUY_RJK_01",SUP_USEC_01,169260000.0,38669281.17,-212036359.34,0.0,0.0,0.0,0.0,0.0,0.0,,0,0.0,0.0,0.0,0.0,0.0,,0.0,0.0,0.0,0.0,0.0,0,0.0,0.0,0.0,0.0,0.0,0.0,0.0,0.0,0.0,-58.09,0.0,2520.0,2520.0,0.0,1.0,1.0,169260000.0,0.0,0.0,0
2022-06-08,trade,T02,True,BUY_JNPT_01,SUP_JEA_01,-165677878.25,49891455.99,215766448.72,0.0,0.0,0.0,0.0,0.0,0.0,,0,0.0,-13251.57,-2188111.03,2174859.46,0.0,0.993944,0.0,0.0,0.0,0.0,0.0,0,0.0,0.0,0.0,0.0,0.0,0.0,0.0,-138.22,140.55,59.11,0.0,1200.0,1200.0,0.0,1.0,1.0,0.0,0.0,18977551.25,0
2022-06-08,trade,T03,True,BUY_JNPT_01,SUP_JEA_01,0.0,31047234.78,12879860.24,0.0,0.0,0.0,0.0,0.0,0.0,,0,0.0,0.0,0.0,0.0,0.0,,0.0,0.0,0.0,0.0,0.0,0,0.0,0.0,0.0,0.0,0.0,0.0,0.0,0.0,0.0,3.53,0.0,1200.0,1200.0,0.0,1.0,1.0,0.0,0.0,0.0,0
2022-06-08,trade,T04,True,BUY_RJK_01,SUP_USEC_02,239579772.84,9379632.94,-251170344.39,0.0,0.0,0.0,0.0,0.0,0.0,,0,0.0,0.0,0.0,0.0,0.0,,-43455.12,0.0,0.0,0.0,0.0,0,0.0,0.0,0.0,0.0,0.0,0.0,0.0,0.0,0.0,-68.81,0.0,1260.0,1260.0,0.0,1.0,1.0,0.0,246330000.0,0.0,0
2022-06-08,trade,T05,True,BUY_MUN_01,SUP_USEC_01,38269284.79,54197924.17,3411238.16,12516000.0,24021.26,309.2578,855252.55,879.3313,-570.0735,0.648303,-105,1398600.0,4191559.9,1685558.85,4082539.28,-1576538.23,-2.422069,-112094.24,0.0,0.0,0.0,0.0,0,0.0,0.0,0.0,0.0,0.0,0.0,12189.39,4652.76,-27.84,0.93,3.42,2100.0,2100.0,0.0,0.2,0.0,0.0,371705565.0,0.0,0
2022-06-08,trade,T06,True,BUY_JNPT_01,SUP_JEA_01,127419424.52,16271536.99,-130950948.87,0.0,0.0,0.0,0.0,0.0,0.0,,0,0.0,-557922.35,-1392252.8,834330.45,0.0,0.599266,-38258.79,0.0,0.0,0.0,0.0,0,0.0,0.0,0.0,0.0,0.0,0.0,0.0,-71.18,72.21,-35.88,0.0,1300.0,1300.0,0.0,1.0,1.0,0.0,240500000.0,0.0,0
2022-06-08,trade,T07,True,,SUP_USEC_02,10055454.52,8145218.12,-31267990.68,29442400.0,14904.71,191.8883,530667.13,1532.9183,-1341.03,0.874822,-247,-1235000.0,455723.7,46226.8,4118115.4,-3708618.5,,1160.34,0.0,0.0,0.0,0.0,0,0.0,0.0,4239439.28,0.0,0.0,1890.0,-119067.74,933.65,-2710.12,-8.57,1.51,945.0,0.0,1890.0,1.0,0.0,0.0,0.0,0.0,0
2022-06-08,trade,T08,True,,SUP_USEC_02,3251747.41,3251747.41,0.0,0.0,440.78,5.6747,15693.49,5.6747,0.0,-0.0,0,0.0,40661.68,40661.68,0.0,0.0,,1189.76,0.0,0.0,0.0,0.0,0,0.0,0.0,3768390.47,0.0,0.0,1680.0,-62546.85,308.74,-314.21,0.0,0.05,0.0,0.0,1680.0,0.0,0.0,0.0,0.0,0.0,0
2022-06-09,book,BOOK,True,BOOK,BOOK,404979950.82,221590076.07,-364425657.73,41034400.0,45745.47,588.3722,1619494.45,2499.2073,-1910.8352,0.764576,-352,163600.0,4215924.31,-1733093.17,11208591.26,-5259573.77,6.467391,-191089.17,0.0,0.0,0.0,0.0,0,0.0,0.0,7980943.37,0.0,0.0,3570.0,-172179.25,5762.02,-2938.7,-99.84,5.77,10525.0,9580.0,3570.0,0.78125,0.625,169260000.0,858751970.0,0.0,0
2022-06-09,trade,T01,True,"BUY_MUN_01,BUY_RJK_01",SUP_USEC_01,169260000.0,38612931.78,-212036359.34,0.0,0.0,0.0,0.0,0.0,0.0,,0,0.0,0.0,0.0,0.0,0.0,,0.0,0.0,0.0,0.0,0.0,0,0.0,0.0,0.0,0.0,0.0,0.0,0.0,0.0,0.0,-58.09,0.0,2520.0,2520.0,0.0,1.0,1.0,169260000.0,0.0,0.0,0
2022-06-09,trade,T02,True,BUY_JNPT_01,SUP_JEA_01,-185457075.68,49948037.67,235544887.15,0.0,0.0,0.0,0.0,0.0,0.0,,0,0.0,-13248.49,-2187861.01,2174612.52,0.0,0.993945,0.0,0.0,0.0,0.0,0.0,0,0.0,0.0,0.0,0.0,0.0,0.0,0.0,-138.1,140.39,64.53,0.0,1200.0,1200.0,0.0,1.0,1.0,0.0,0.0,0.0,0
2022-06-09,trade,T03,True,BUY_JNPT_01,SUP_JEA_01,0.0,31050657.64,12879860.24,0.0,0.0,0.0,0.0,0.0,0.0,,0,0.0,0.0,0.0,0.0,0.0,,0.0,0.0,0.0,0.0,0.0,0,0.0,0.0,0.0,0.0,0.0,0.0,0.0,0.0,0.0,3.53,0.0,1200.0,1200.0,0.0,1.0,1.0,0.0,0.0,0.0,0
2022-06-09,trade,T04,True,BUY_RJK_01,SUP_USEC_02,239579772.84,9312883.56,-251170344.39,0.0,0.0,0.0,0.0,0.0,0.0,,0,0.0,0.0,0.0,0.0,0.0,,-43455.12,0.0,0.0,0.0,0.0,0,0.0,0.0,0.0,0.0,0.0,0.0,0.0,0.0,0.0,-68.81,0.0,1260.0,1260.0,0.0,1.0,1.0,0.0,246330000.0,0.0,0
2022-06-09,trade,T05,True,BUY_MUN_01,SUP_USEC_01,39734824.07,58420619.99,6443113.16,12240375.0,29948.0,385.1872,1060227.9,955.1807,-569.9934,0.596739,-105,1398600.0,4186804.74,1673642.72,4082068.97,-1568906.95,-2.439032,-111664.53,0.0,0.0,0.0,0.0,0,0.0,0.0,0.0,0.0,0.0,0.0,11172.21,4556.6,-37.88,1.77,4.16,2100.0,2100.0,0.0,0.25,0.0,0.0,371921970.0,0.0,0
2022-06-09,trade,T06,True,BUY_JNPT_01,SUP_JEA_01,128382068.25,16199380.05,-131950948.87,0.0,0.0,0.0,0.0,0.0,0.0,,0,0.0,-557862.48,-1392103.39,834240.91,0.0,0.599266,-38258.79,0.0,0.0,0.0,0.0,0,0.0,0.0,0.0,0.0,0.0,0.0,0.0,-59.37,60.23,-36.15,0.0,1300.0,1300.0,0.0,1.0,1.0,0.0,240500000.0,0.0,0
2022-06-09,trade,T07,True,,SUP_USEC_02,9555493.53,14120697.56,-24135865.68,28794025.0,15149.88,194.8558,536340.66,1535.6975,-1340.8417,0.873116,-247,-1235000.0,551172.18,124170.15,4117668.86,-3690666.82,-33.161504,880.11,0.0,0.0,0.0,0.0,0,0.0,0.0,4225205.31,0.0,0.0,1890.0,-119399.26,1012.89,-2704.39,-6.61,1.53,945.0,0.0,1890.0,1.0,0.0,0.0,0.0,0.0,0
2022-06-09,trade,T08,True,,SUP_USEC_02,3924867.82,3924867.82,0.0,0.0,647.58,8.3291,22925.88,8.3291,0.0,-0.0,0,0.0,49058.36,49058.36,0.0,0.0,,1409.16,0.0,0.0,0.0,0.0,0,0.0,0.0,3755738.06,0.0,0.0,1680.0,-63952.2,390.01,-397.05,0.0,0.08,0.0,0.0,1680.0,0.0,0.0,0.0,0.0,0.0,0
2022-06-10,book,BOOK,True,BOOK,BOOK,393279636.09,218592913.97,-354745657.73,40154400.0,52138.9,669.8516,1805249.99,2580.4184,-1910.5668,0.74041,-352,163600.0,3913131.83,-2144772.77,11206882.18,-5148977.57,5.225207,-192404.08,0.0,0.0,0.0,0.0,0,0.0,0.0,7771214.61,0.0,0.0,3570.0,-174890.84,5750.07,-2994.65,-97.19,6.57,10525.0,9580.0,3570.0,0.7875,0.625,169260000.0,850576670.0,0.0,0
2022-06-10,trade,T01,True,"BUY_MUN_01,BUY_RJK_01",SUP_USEC_01,169260000.0,38556582.39,-212036359.34,0.0,0.0,0.0,0.0,0.0,0.0,,0,0.0,0.0,0.0,0.0,0.0,,0.0,0.0,0.0,0.0,0.0,0,0.0,0.0,0.0,0.0,0.0,0.0,0.0,0.0,0.0,-58.09,0.0,2520.0,2520.0,0.0,1.0,1.0,169260000.0,0.0,0.0,0
2022-06-10,trade,T02,True,BUY_JNPT_01,SUP_JEA_01,-185476383.4,49991326.81,235544887.15,0.0,0.0,0.0,0.0,0.0,0.0,,0,0.0,-257505.18,-2431754.11,2174248.93,0.0,0.894107,0.0,0.0,0.0,0.0,0.0,0,0.0,0.0,0.0,0.0,0.0,0.0,0.0,-132.78,134.96,64.53,0.0,1200.0,1200.0,0.0,1.0,1.0,0.0,0.0,0.0,0
2022-06-10,trade,T03,True,BUY_JNPT_01,SUP_JEA_01,0.0,31054080.51,12879860.24,0.0,0.0,0.0,0.0,0.0,0.0,,0,0.0,0.0,0.0,0.0,0.0,,0.0,0.0,0.0,0.0,0.0,0,0.0,0.0,0.0,0.0,0.0,0.0,0.0,0.0,0.0,3.53,0.0,1200.0,1200.0,0.0,1.0,1.0,0.0,0.0,0.0,0
2022-06-10,trade,T04,True,BUY_RJK_01,SUP_USEC_02,239579772.84,9246134.18,-251170344.39,0.0,0.0,0.0,0.0,0.0,0.0,,0,0.0,0.0,0.0,0.0,0.0,,-43455.12,0.0,0.0,0.0,0.0,0,0.0,0.0,0.0,0.0,0.0,0.0,0.0,0.0,0.0,-68.81,0.0,1260.0,1260.0,0.0,1.0,1.0,0.0,246330000.0,0.0,0
2022-06-10,trade,T05,True,BUY_MUN_01,SUP_USEC_01,36879413.47,58191921.67,9330613.16,11977875.0,35894.56,461.1533,1242808.01,1031.0666,-569.9134,0.552742,-105,1398600.0,4165068.46,1619655.87,4081329.2,-1535916.61,-2.519874,-109838.33,0.0,0.0,0.0,0.0,0,0.0,0.0,0.0,0.0,0.0,0.0,10218.61,4418.56,-76.93,2.56,4.9,2100.0,2100.0,0.0,0.3,0.0,0.0,363746670.0,0.0,0
2022-06-10,trade,T06,True,BUY_JNPT_01,SUP_JEA_01,128338336.61,16120581.99,-131950948.87,0.0,0.0,0.0,0.0,0.0,0.0,,0,0.0,-557798.63,-1391944.06,834145.43,0.0,0.599266,-38258.79,0.0,0.0,0.0,0.0,0,0.0,0.0,0.0,0.0,0.0,0.0,0.0,-47.55,48.23,-36.15,0.0,1300.0,1300.0,0.0,1.0,1.0,0.0,240500000.0,0.0,0
2022-06-10,trade,T07,True,,SUP_USEC_02,1417353.77,12151143.61,-17343365.68,28176525.0,15390.68,197.7309,532884.66,1538.3843,-1340.6534,0.871468,-247,-1235000.0,522399.58,18301.92,4117158.63,-3613060.97,,-2028.5,0.0,0.0,0.0,0.0,0,0.0,0.0,4114172.44,0.0,0.0,1890.0,-119742.45,1055.84,-2636.63,-4.75,1.56,945.0,0.0,1890.0,1.0,0.0,0.0,0.0,0.0,0
2022-06-10,trade,T08,True,,SUP_USEC_02,3281142.81,3281142.81,0.0,0.0,853.67,10.9675,29557.31,10.9675,0.0,-0.0,0,0.0,40967.6,40967.6,0.0,0.0,,1176.67,0.0,0.0,0.0,0.0,0,0.0,0.0,3657042.17,0.0,0.0,1680.0,-65367.01,456.0,-464.29,0.0,0.11,0.0,0.0,1680.0,0.0,0.0,0.0,0.0,0.0,0
2022-06-13,book,BOOK,True,BOOK,BOOK,388293219.75,217888358.12,-348453070.57,39397600.0,59486.04,762.109,1973481.28,2671.8708,-1909.7618,0.714766,-352,163600.0,3888644.28,-2367396.31,11201368.76,-4945328.17,4.731514,-192529.42,0.0,0.0,0.0,0.0,0,0.0,0.0,7491196.03,0.0,0.0,3570.0,-182743.68,5853.81,-3233.29,-95.47,7.47,10525.0,9580.0,3570.0,0.79375,0.625,409760000.0,601733055.0,4063863.97,0
2022-06-13,trade,T01,True,"BUY_MUN_01,BUY_RJK_01",SUP_USEC_01,169260000.0,38387534.22,-212036359.34,0.0,0.0,0.0,0.0,0.0,0.0,,0,0.0,0.0,0.0,0.0,0.0,,0.0,0.0,0.0,0.0,0.0,0,0.0,0.0,0.0,0.0,0.0,0.0,0.0,0.0,0.0,-58.09,0.0,2520.0,2520.0,0.0,1.0,1.0,169260000.0,0.0,0.0,0
2022-06-13,trade,T02,True,BUY_JNPT_01,SUP_JEA_01,-185522090.98,50133409.81,235544887.15,0.0,0.0,0.0,0.0,0.0,0.0,,0,0.0,-257371.57,-2430406.45,2173034.87,0.0,0.894103,0.0,0.0,0.0,0.0,0.0,0,0.0,0.0,0.0,0.0,0.0,0.0,0.0,-116.67,118.53,64.53,0.0,1200.0,1200.0,0.0,1.0,1.0,0.0,0.0,0.0,0
2022-06-13,trade,T03,True,BUY_JNPT_01,SUP_JEA_01,0.0,31064349.11,34049620.07,0.0,0.0,0.0,0.0,0.0,0.0,,0,0.0,0.0,0.0,0.0,0.0,,0.0,0.0,0.0,0.0,0.0,0,0.0,0.0,0.0,0.0,0.0,0.0,0.0,0.0,0.0,9.33,0.0,1200.0,1200.0,0.0,1.0,1.0,0.0,0.0,0.0,0
2022-06-13,trade,T04,True,BUY_RJK_01,SUP_USEC_02,239579772.84,9045886.04,-251170344.39,0.0,0.0,0.0,0.0,0.0,0.0,,0,0.0,0.0,0.0,0.0,0.0,,-43455.12,0.0,0.0,0.0,0.0,0,0.0,0.0,0.0,0.0,0.0,0.0,0.0,0.0,0.0,-68.81,0.0,1260.0,1260.0,0.0,1.0,1.0,0.0,246330000.0,0.0,0
2022-06-13,trade,T05,True,BUY_MUN_01,SUP_USEC_01,37325509.27,60902956.4,11813863.16,11752125.0,41921.09,537.0746,1390754.77,1106.7479,-569.6733,0.514727,-105,1398600.0,4111992.2,1508369.03,4078792.08,-1475168.91,-2.704108,-106831.1,0.0,0.0,0.0,0.0,0,0.0,0.0,0.0,0.0,0.0,0.0,7535.84,4061.33,-130.32,3.24,5.64,2100.0,2100.0,0.0,0.35,0.0,0.0,355403055.0,4063863.97,0
2022-06-13,trade,T06,True,BUY_JNPT_01,SUP_JEA_01,131234002.39,15907733.63,-155152921.55,0.0,0.0,0.0,0.0,0.0,0.0,,0,0.0,-557619.9,-1391498.04,833878.14,0.0,0.599266,-38258.79,0.0,0.0,0.0,0.0,0,0.0,0.0,0.0,0.0,0.0,0.0,0.0,-11.92,12.09,-42.51,0.0,1300.0,1300.0,0.0,1.0,1.0,240500000.0,0.0,0.0,0
2022-06-13,trade,T07,True,,SUP_USEC_02,-8533141.66,7497321.0,-11501815.68,27645475.0,16097.07,206.2286,534029.04,1546.3172,-1340.0885,0.866632,-247,-1235000.0,529968.55,-115535.85,4115663.66,-3470159.25,35.622394,-5706.16,0.0,0.0,0.0,0.0,0,0.0,0.0,3965927.31,0.0,0.0,1890.0,-120697.01,1249.74,-2550.24,-3.15,1.65,945.0,0.0,1890.0,1.0,0.0,0.0,0.0,0.0,0
2022-06-13,trade,T08,True,,SUP_USEC_02,4949167.9,4949167.9,0.0,0.0,1467.87,18.8057,48697.47,18.8057,0.0,-0.0,0,0.0,61674.99,61674.99,0.0,0.0,,1721.75,0.0,0.0,0.0,0.0,0,0.0,0.0,3525268.72,0.0,0.0,1680.0,-69582.51,671.34,-683.35,0.0,0.18,0.0,0.0,1680.0,0.0,0.0,0.0,0.0,0.0,0
2022-06-14,book,BOOK,True,BOOK,BOOK,307381051.6,220758131.99,-286385130.4,38271200.0,65636.69,841.151,2176898.76,2750.6444,-1909.4935,0.694199,-352,163600.0,3910427.93,-2347642.1,11199839.09,-4941769.06,4.770676,-153499.42,0.0,0.0,0.0,0.0,0,0.0,0.0,7502923.97,0.0,0.0,3570.0,-185072.38,5942.22,-3335.27,-78.46,8.23,10525.0,9580.0,3570.0,0.8,0.625,471342500.0,345400335.0,4103823.78,0
2022-06-14,trade,T01,True,"BUY_MUN_01,BUY_RJK_01",SUP_USEC_01,169260000.0,38331184.84,-212036359.34,0.0,0.0,0.0,0.0,0.0,0.0,,0,0.0,0.0,0.0,0.0,0.0,,0.0,0.0,0.0,0.0,0.0,0,0.0,0.0,0.0,0.0,0.0,0.0,0.0,0.0,0.0,-58.09,0.0,2520.0,2520.0,0.0,1.0,1.0,169260000.0,0.0,0.0,0
2022-06-14,trade,T02,True,BUY_JNPT_01,SUP_JEA_01,-185513422.58,50204675.07,235544887.15,0.0,0.0,0.0,0.0,0.0,0.0,,0,0.0,-257334.7,-2430036.76,2172702.06,0.0,0.894103,0.0,0.0,0.0,0.0,0.0,0,0.0,0.0,0.0,0.0,0.0,0.0,0.0,-111.15,112.91,64.53,0.0,1200.0,1200.0,0.0,1.0,1.0,0.0,0.0,0.0,0
2022-06-14,trade,T03,True,BUY_JNPT_01,SUP_JEA_01,0.0,31064349.11,34049620.07,0.0,0.0,0.0,0.0,0.0,0.0,,0,0.0,0.0,0.0,0.0,0.0,,0.0,0.0,0.0,0.0,0.0,0,0.0,0.0,0.0,0.0,0.0,0.0,0.0,0.0,0.0,9.33,0.0,1200.0,1200.0,0.0,1.0,1.0,0.0,0.0,0.0,0
2022-06-14,trade,T04,True,BUY_RJK_01,SUP_USEC_02,58243500.0,8979136.66,-92776124.79,0.0,0.0,0.0,0.0,0.0,0.0,,0,0.0,0.0,0.0,0.0,0.0,,-43455.12,0.0,0.0,0.0,0.0,0,0.0,0.0,0.0,0.0,0.0,0.0,0.0,0.0,0.0,-25.42,0.0,1260.0,1260.0,0.0,1.0,1.0,61582500.0,0.0,0.0,0
2022-06-14,trade,T05,True,BUY_MUN_01,SUP_USEC_01,27402522.96,54343109.66,15509863.16,11416125.0,47826.1,612.9037,1586194.87,1182.497,-569.5932,0.481687,-105,1398600.0,4110194.35,1506198.66,4078102.94,-1474107.25,-2.707547,-106801.71,0.0,0.0,0.0,0.0,0,0.0,0.0,0.0,0.0,0.0,0.0,6695.67,3971.11,-127.2,4.25,6.37,2100.0,2100.0,0.0,0.4,0.0,0.0,345400335.0,4103823.78,0
2022-06-14,trade,T06,True,BUY_JNPT_01,SUP_JEA_01,239500000.0,15883125.24,-263402295.14,0.0,0.0,0.0,0.0,0.0,0.0,,0,0.0,-557567.64,-1391367.64,833800.0,0.0,0.599266,0.0,0.0,0.0,0.0,0.0,0,0.0,0.0,0.0,0.0,0.0,0.0,0.0,0.0,0.0,-72.17,0.0,1300.0,1300.0,0.0,1.0,1.0,240500000.0,0.0,0.0,0
2022-06-14,trade,T07,True,,SUP_USEC_02,-7466469.05,16464936.96,-2807415.68,26855075.0,16320.22,209.1478,541274.4,1549.048,-1339.9002,0.864983,-247,-1235000.0,546883.12,-100689.16,4115234.09,-3467661.81,40.870678,-5302.62,0.0,0.0,0.0,0.0,0,0.0,0.0,3972136.22,0.0,0.0,1890.0,-120875.31,1331.61,-2556.98,-0.77,1.68,945.0,0.0,1890.0,1.0,0.0,0.0,0.0,0.0,0
2022-06-14,trade,T08,True,,SUP_USEC_02,5954920.28,5487614.44,-467305.84,0.0,1490.37,19.0995,49429.48,19.0995,0.0,-0.0,0,0.0,68252.8,68252.8,0.0,0.0,,2060.03,0.0,0.0,0.0,0.0,0,0.0,0.0,3530787.75,0.0,0.0,1680.0,-70892.74,750.66,-763.99,-0.13,0.19,0.0,0.0,1680.0,0.0,0.0,0.0,0.0,0.0,0
2022-06-15,book,BOOK,True,BOOK,BOOK,461416131.84,205736235.47,-456210550.53,39124800.0,72281.92,924.9588,2386393.62,2834.1839,-1909.2251,0.673642,-352,163600.0,4462235.21,-977518.31,10365554.31,-4925800.79,10.603949,-110343.31,0.0,0.0,0.0,0.0,0,0.0,0.0,7466655.69,0.0,0.0,3570.0,-187710.47,5996.57,-3405.23,-124.99,9.05,11470.0,9580.0,3570.0,0.80625,0.625,471342500.0,339365040.0,4419919.56,0
2022-06-15,trade,T01,True,"BUY_MUN_01,BUY_RJK_01",SUP_USEC_01,169260000.0,38274835.45,-212036359.34,0.0,0.0,0.0,0.0,0.0,0.0,,0,0.0,0.0,0.0,0.0,0.0,,0.0,0.0,0.0,0.0,0.0,0,0.0,0.0,0.0,0.0,0.0,0.0,0.0,0.0,0.0,-58.09,0.0,2520.0,2520.0,0.0,1.0,1.0,169260000.0,0.0,0.0,0
2022-06-15,trade,T02,True,BUY_JNPT_01,SUP_JEA_01,-185541910.81,50238783.71,235544887.15,0.0,0.0,0.0,0.0,0.0,0.0,,0,0.0,-257323.52,-2429952.95,2172629.43,0.0,0.894103,0.0,0.0,0.0,0.0,0.0,0,0.0,0.0,0.0,0.0,0.0,0.0,0.0,-105.83,107.5,64.53,0.0,1200.0,1200.0,0.0,1.0,1.0,0.0,0.0,0.0,0
2022-06-15,trade,T03,True,BUY_JNPT_01,SUP_JEA_01,0.0,31064349.11,34049620.07,0.0,0.0,0.0,0.0,0.0,0.0,,0,0.0,0.0,0.0,0.0,0.0,,0.0,0.0,0.0,0.0,0.0,0,0.0,0.0,0.0,0.0,0.0,0.0,0.0,0.0,0.0,9.33,0.0,1200.0,1200.0,0.0,1.0,1.0,0.0,0.0,0.0,0
2022-06-15,trade,T04,True,BUY_RJK_01,SUP_USEC_02,58243500.0,8954481.09,-92776124.79,0.0,0.0,0.0,0.0,0.0,0.0,,0,0.0,0.0,0.0,0.0,0.0,,0.0,0.0,0.0,0.0,0.0,0,0.0,0.0,0.0,0.0,0.0,0.0,0.0,0.0,0.0,-25.42,0.0,1260.0,1260.0,0.0,1.0,1.0,61582500.0,0.0,0.0,0
2022-06-15,trade,T05,True,BUY_MUN_01,SUP_USEC_01,22023778.71,46422237.21,12708988.16,11670750.0,53816.02,688.659,1776740.3,1258.1722,-569.5132,0.452651,-105,1398600.0,4105393.1,1496705.09,4078031.99,-1469343.99,-2.724673,-106583.56,0.0,0.0,0.0,0.0,0,0.0,0.0,0.0,0.0,0.0,0.0,5931.31,3881.58,-127.58,3.48,7.11,2100.0,2100.0,0.0,0.45,0.0,0.0,339365040.0,4419919.56,0
2022-06-15,trade,T06,True,BUY_JNPT_01,SUP_JEA_01,239500000.0,15813125.18,-263402295.14,0.0,0.0,0.0,0.0,0.0,0.0,,0,0.0,0.0,0.0,0.0,0.0,,0.0,0.0,0.0,0.0,0.0,0,0.0,0.0,0.0,0.0,0.0,0.0,0.0,0.0,0.0,-72.17,0.0,1300.0,1300.0,0.0,1.0,1.0,240500000.0,0.0,0.0,0
2022-06-15,trade,T07,True,,SUP_USEC_02,152025964.97,9531054.77,-169831960.81,27454050.0,16583.92,212.2169,547519.54,1551.9288,-1339.7119,0.863256,-247,-1235000.0,540642.85,-117793.23,4114892.89,-3456456.81,34.933186,-5788.8,0.0,0.0,0.0,0.0,0,0.0,0.0,3952935.37,0.0,0.0,1890.0,-121277.18,1398.23,-2547.86,-46.53,1.71,1890.0,0.0,1890.0,1.0,0.0,0.0,0.0,0.0,0
2022-06-15,trade,T08,True,,SUP_USEC_02,5904798.98,5437368.95,-467305.84,0.0,1881.98,24.0829,62133.78,24.0829,0.0,-0.0,0,0.0,73522.78,73522.78,0.0,0.0,,2029.05,0.0,0.0,0.0,0.0,0,0.0,0.0,3513720.32,0.0,0.0,1680.0,-72364.6,822.59,-837.28,-0.13,0.23,0.0,0.0,1680.0,0.0,0.0,0.0,0.0,0.0,0
2022-06-16,book,BOOK,True,BOOK,BOOK,463197364.16,216921288.76,-476945154.88,69396200.0,-40390.21,-517.3483,-1293629.45,2911.2974,-3428.6457,1.177704,-631,-1231818.5,536948.5,887061.45,8223215.73,-8573328.67,-9.270176,-111181.77,0.0,0.0,0.0,0.0,0,0.0,0.0,7260770.91,0.0,0.0,3570.0,-189506.23,2441.72,-3418.56,-130.67,-5.39,11470.0,9580.0,3570.0,0.8125,0.625,471342500.0,342154260.0,6916676.86,0
2022-06-16,trade,T01,True,"BUY_MUN_01,BUY_RJK_01",SUP_USEC_01,169260000.0,38217324.21,-212036359.34,0.0,0.0,0.0,0.0,0.0,0.0,,0,0.0,0.0,0.0,0.0,0.0,,0.0,0.0,0.0,0.0,0.0,0,0.0,0.0,0.0,0.0,0.0,0.0,0.0,0.0,0.0,-58.09,0.0,2520.0,2520.0,0.0,1.0,1.0,169260000.0,0.0,0.0,0
2022-06-16,trade,T02,True,BUY_JNPT_01,SUP_JEA_01,-185522369.97,50322212.06,235544887.15,0.0,0.0,0.0,0.0,0.0,0.0,,0,0.0,-257318.78,-2429944.33,2172625.55,0.0,0.894105,0.0,0.0,0.0,0.0,0.0,0,0.0,0.0,0.0,0.0,0.0,0.0,0.0,-100.26,101.83,64.53,0.0,1200.0,1200.0,0.0,1.0,1.0,0.0,0.0,0.0,0
2022-06-16,trade,T03,True,BUY_JNPT_01,SUP_JEA_01,0.0,31064349.11,34049620.07,0.0,0.0,0.0,0.0,0.0,0.0,,0,0.0,0.0,0.0,0.0,0.0,,0.0,0.0,0.0,0.0,0.0,0,0.0,0.0,0.0,0.0,0.0,0.0,0.0,0.0,0.0,9.33,0.0,1200.0,1200.0,0.0,1.0,1.0,0.0,0.0,0.0,0
2022-06-16,trade,T04,True,BUY_RJK_01,SUP_USEC_02,59913000.0,8929317.16,-94445624.79,0.0,0.0,0.0,0.0,0.0,0.0,,0,0.0,0.0,0.0,0.0,0.0,,0.0,0.0,0.0,0.0,0.0,0,0.0,0.0,0.0,0.0,0.0,0.0,0.0,0.0,0.0,-25.88,0.0,1260.0,1260.0,0.0,1.0,1.0,61582500.0,0.0,0.0,0
2022-06-16,trade,T05,True,BUY_MUN_01,SUP_USEC_01,29940734.19,57521435.44,-15186366.19,42744900.0,-58971.94,-755.3571,-1888770.36,1333.765,-2089.1221,1.566334,-384,3181.5,247831.07,1393547.55,4078133.33,-5223849.8,-2.92644,-104823.33,0.0,0.0,0.0,0.0,0,0.0,0.0,0.0,0.0,0.0,0.0,5217.25,232.29,-152.86,-4.16,-7.35,2100.0,2100.0,0.0,0.5,0.0,0.0,342154260.0,6916676.86,0
2022-06-16,trade,T06,True,BUY_JNPT_01,SUP_JEA_01,239500000.0,15741681.82,-263402295.14,0.0,0.0,0.0,0.0,0.0,0.0,,0,0.0,0.0,0.0,0.0,0.0,,0.0,0.0,0.0,0.0,0.0,0,0.0,0.0,0.0,0.0,0.0,0.0,0.0,0.0,0.0,-72.17,0.0,1300.0,1300.0,0.0,1.0,1.0,240500000.0,0.0,0.0,0
2022-06-16,trade,T07,True,,SUP_USEC_02,143465242.8,8951768.59,-161001710.81,26651300.0,16646.1,213.2158,533146.02,1552.7394,-1339.5236,0.862684,-247,-1235000.0,463658.29,1840680.31,1972456.85,-3349478.87,-1.071591,-8627.91,0.0,0.0,0.0,0.0,0,0.0,0.0,3843937.54,0.0,0.0,1890.0,-121224.85,1436.69,-2478.83,-44.11,1.72,1890.0,0.0,1890.0,1.0,0.0,0.0,0.0,0.0,0
2022-06-16,trade,T08,True,,SUP_USEC_02,6640757.15,6173200.38,-467305.84,0.0,1935.63,24.793,61994.9,24.793,0.0,-0.0,0,0.0,82777.92,82777.92,0.0,0.0,,2269.46,0.0,0.0,0.0,0.0,0,0.0,0.0,3416833.37,0.0,0.0,1680.0,-73498.63,873.0,-888.7,-0.13,0.24,0.0,0.0,1680.0,0.0,0.0,0.0,0.0,0.0,0
2022-06-17,book,BOOK,True,BOOK,BOOK,452242332.79,216245158.8,-465485904.88,68354450.0,-34308.6,-439.4229,-1087132.24,2988.286,-3427.7089,1.147048,-631,-1231400.0,564560.03,822482.77,8222229.18,-8480151.92,-9.996841,-111441.85,0.0,0.0,0.0,0.0,0,0.0,0.0,7195949.6,0.0,0.0,3570.0,-191425.75,2573.92,-3470.24,-127.53,-4.64,11470.0,9580.0,3570.0,0.81875,0.625,471342500.0,331983225.0,7680189.91,0
2022-06-17,trade,T01,True,"BUY_MUN_01,BUY_RJK_01",SUP_USEC_01,169260000.0,38159812.98,-212036359.34,0.0,0.0,0.0,0.0,0.0,0.0,,0,0.0,0.0,0.0,0.0,0.0,,0.0,0.0,0.0,0.0,0.0,0,0.0,0.0,0.0,0.0,0.0,0.0,0.0,0.0,0.0,-58.09,0.0,2520.0,2520.0,0.0,1.0,1.0,169260000.0,0.0,0.0,0
2022-06-17,trade,T02,True,BUY_JNPT_01,SUP_JEA_01,-185521292.58,50387176.96,235544887.15,0.0,0.0,0.0,0.0,0.0,0.0,,0,0.0,-257288.83,-2429652.08,2172363.25,0.0,0.894105,0.0,0.0,0.0,0.0,0.0,0,0.0,0.0,0.0,0.0,0.0,0.0,0.0,-94.77,96.25,64.53,0.0,1200.0,1200.0,0.0,1.0,1.0,0.0,0.0,0.0,0
2022-06-17,trade,T03,True,BUY_JNPT_01,SUP_JEA_01,0.0,31064349.11,34049620.07,0.0,0.0,0.0,0.0,0.0,0.0,,0,0.0,0.0,0.0,0.0,0.0,,0.0,0.0,0.0,0.0,0.0,0,0.0,0.0,0.0,0.0,0.0,0.0,0.0,0.0,0.0,9.33,0.0,1200.0,1200.0,0.0,1.0,1.0,0.0,0.0,0.0,0
2022-06-17,trade,T04,True,BUY_RJK_01,SUP_USEC_02,59913000.0,8903700.4,-94445624.79,0.0,0.0,0.0,0.0,0.0,0.0,,0,0.0,0.0,0.0,0.0,0.0,,0.0,0.0,0.0,0.0,0.0,0,0.0,0.0,0.0,0.0,0.0,0.0,0.0,0.0,0.0,-25.88,0.0,1260.0,1260.0,0.0,1.0,1.0,61582500.0,0.0,0.0,0
2022-06-17,trade,T05,True,BUY_MUN_01,SUP_USEC_01,21291561.14,58729893.35,-4338441.19,41758725.0,-53015.89,-679.0249,-1679907.72,1409.3486,-2088.3736,1.481801,-384,3600.0,268397.73,1357421.35,4077612.64,-5166636.26,-3.00394,-104285.65,0.0,0.0,0.0,0.0,0,0.0,0.0,0.0,0.0,0.0,0.0,4573.6,235.52,-156.16,-1.19,-6.61,2100.0,2100.0,0.0,0.55,0.0,0.0,331983225.0,7680189.91,0
2022-06-17,trade,T06,True,BUY_JNPT_01,SUP_JEA_01,239500000.0,15670238.45,-263402295.14,0.0,0.0,0.0,0.0,0.0,0.0,,0,0.0,0.0,0.0,0.0,0.0,,0.0,0.0,0.0,0.0,0.0,0,0.0,0.0,0.0,0.0,0.0,0.0,0.0,0.0,0.0,-72.17,0.0,1300.0,1300.0,0.0,1.0,1.0,240500000.0,0.0,0.0,0
2022-06-17,trade,T07,True,,SUP_USEC_02,140795902.26,6794509.1,-160390385.81,26595725.0,16722.09,214.1758,529870.82,1553.5111,-1339.3353,0.862134,-247,-1235000.0,466167.28,1807429.64,1972253.29,-3313515.65,-1.091192,-9541.82,0.0,0.0,0.0,0.0,0,0.0,0.0,3809620.38,0.0,0.0,1890.0,-121292.71,1496.81,-2457.22,-43.94,1.72,1890.0,0.0,1890.0,1.0,0.0,0.0,0.0,0.0,0
2022-06-17,trade,T08,True,,SUP_USEC_02,7003161.97,6535478.44,-467305.84,0.0,1985.2,25.4263,62904.67,25.4263,0.0,-0.0,0,0.0,87283.86,87283.86,0.0,0.0,,2385.61,0.0,0.0,0.0,0.0,0,0.0,0.0,3386329.23,0.0,0.0,1680.0,-74706.63,936.36,-953.11,-0.13,0.25,0.0,0.0,1680.0,0.0,0.0,0.0,0.0,0.0,0
2022-06-20,book,BOOK,True,BOOK,BOOK,450019709.12,213123751.14,-494442781.81,67974800.0,-27992.67,-359.0493,-883979.41,3067.2165,-3426.2658,1.11706,-631,-1231400.0,560210.55,775825.35,8219851.71,-8435466.51,-10.594977,-112063.77,0.0,0.0,0.0,0.0,0,0.0,0.0,7125485.51,0.0,0.0,3570.0,-196606.2,2971.99,-3655.8,-135.46,-3.85,11470.0,9580.0,3570.0,0.825,0.625,471342500.0,327655125.0,8013705.66,0
2022-06-20,trade,T01,True,"BUY_MUN_01,BUY_RJK_01",SUP_USEC_01,169260000.0,37987279.29,-212036359.34,0.0,0.0,0.0,0.0,0.0,0.0,,0,0.0,0.0,0.0,0.0,0.0,,0.0,0.0,0.0,0.0,0.0,0,0.0,0.0,0.0,0.0,0.0,0.0,0.0,0.0,0.0,-58.09,0.0,2520.0,2520.0,0.0,1.0,1.0,169260000.0,0.0,0.0,0
2022-06-20,trade,T02,True,BUY_JNPT_01,SUP_JEA_01,-185486363.82,50613768.28,235544887.15,0.0,0.0,0.0,0.0,0.0,0.0,,0,0.0,-257214.39,-2428949.58,2171735.19,0.0,0.894105,0.0,0.0,0.0,0.0,0.0,0,0.0,0.0,0.0,0.0,0.0,0.0,0.0,-78.2,79.4,64.53,0.0,1200.0,1200.0,0.0,1.0,1.0,0.0,0.0,0.0,0
2022-06-20,trade,T03,True,BUY_JNPT_01,SUP_JEA_01,0.0,31064349.11,34049620.07,0.0,0.0,0.0,0.0,0.0,0.0,,0,0.0,0.0,0.0,0.0,0.0,,0.0,0.0,0.0,0.0,0.0,0,0.0,0.0,0.0,0.0,0.0,0.0,0.0,0.0,0.0,9.33,0.0,1200.0,1200.0,0.0,1.0,1.0,0.0,0.0,0.0,0
2022-06-20,trade,T04,True,BUY_RJK_01,SUP_USEC_02,59913000.0,8826850.12,-94445624.79,0.0,0.0,0.0,0.0,0.0,0.0,,0,0.0,0.0,0.0,0.0,0.0,,0.0,0.0,0.0,0.0,0.0,0,0.0,0.0,0.0,0.0,0.0,0.0,0.0,0.0,0.0,-25.88,0.0,1260.0,1260.0,0.0,1.0,1.0,61582500.0,0.0,0.0,0
2022-06-20,trade,T05,True,BUY_MUN_01,SUP_USEC_01,21930276.56,59243265.97,-32887768.13,41342025.0,-47009.93,-602.9751,-1484524.77,1484.5203,-2087.4954,1.406175,-384,3600.0,277167.99,1340146.47,4076435.15,-5139413.64,-3.041783,-104041.08,0.0,0.0,0.0,0.0,0,0.0,0.0,0.0,0.0,0.0,0.0,2829.55,220.93,-142.43,-9.01,-5.87,2100.0,2100.0,0.0,0.6,0.0,0.0,327655125.0,8013705.66,0
2022-06-20,trade,T06,True,BUY_JNPT_01,SUP_JEA_01,239500000.0,15455908.37,-263402295.14,0.0,0.0,0.0,0.0,0.0,0.0,,0,0.0,0.0,0.0,0.0,0.0,,0.0,0.0,0.0,0.0,0.0,0,0.0,0.0,0.0,0.0,0.0,0.0,0.0,0.0,0.0,-72.17,0.0,1300.0,1300.0,0.0,1.0,1.0,240500000.0,0.0,0.0,0
2022-06-20,trade,T07,True,,SUP_USEC_02,138164049.88,3661647.28,-160797935.81,26632775.0,16883.48,216.5567,533162.66,1555.3272,-1338.7705,0.860765,-247,-1235000.0,456124.23,1780495.74,1971681.37,-3296052.87,-1.107378,-10296.06,0.0,0.0,0.0,0.0,0,0.0,0.0,3772315.86,0.0,0.0,1890.0,-121258.44,1692.61,-2435.96,-44.05,1.75,1890.0,0.0,1890.0,1.0,0.0,0.0,0.0,0.0,0
2022-06-20,trade,T08,True,,SUP_USEC_02,6738746.49,6270682.72,-467305.84,0.0,2133.78,27.3691,67382.7,27.3691,0.0,-0.0,0,0.0,84132.72,84132.72,0.0,0.0,,2273.36,0.0,0.0,0.0,0.0,0,0.0,0.0,3353169.65,0.0,0.0,1680.0,-78177.31,1136.65,-1156.81,-0.13,0.27,0.0,0.0,1680.0,0.0,0.0,0.0,0.0,0.0,0
2022-06-21,book,BOOK,True,BOOK,BOOK,454944285.34,215164557.65,-497214432.01,68006025.0,-171754.58,-2198.4277,-5538938.47,3143.901,-5342.3287,1.699267,-631,-2992456.0,-4303233.46,938003.3,8218760.33,-13459997.09,-8.761974,-58442.56,0.0,0.0,0.0,0.0,0,0.0,0.0,7286267.84,0.0,0.0,3570.0,-198749.0,-737.11,-3798.53,-136.22,-22.27,11470.0,9580.0,3570.0,0.83125,0.625,471342500.0,328616925.0,6714985.37,0
2022-06-21,trade,T01,True,"BUY_MUN_01,BUY_RJK_01",SUP_USEC_01,169260000.0,37929768.06,-212036359.34,0.0,0.0,0.0,0.0,0.0,0.0,,0,0.0,0.0,0.0,0.0,0.0,,0.0,0.0,0.0,0.0,0.0,0,0.0,0.0,0.0,0.0,0.0,0.0,0.0,0.0,0.0,-58.09,0.0,2520.0,2520.0,0.0,1.0,1.0,169260000.0,0.0,0.0,0
2022-06-21,trade,T02,True,BUY_JNPT_01,SUP_JEA_01,-185525715.7,50638303.92,235544887.15,0.0,0.0,0.0,0.0,0.0,0.0,,0,0.0,-257182.1,-2428625.62,2171443.52,0.0,0.894104,0.0,0.0,0.0,0.0,0.0,0,0.0,0.0,0.0,0.0,0.0,0.0,0.0,-72.87,73.98,64.53,0.0,1200.0,1200.0,0.0,1.0,1.0,0.0,0.0,0.0,0
2022-06-21,trade,T03,True,BUY_JNPT_01,SUP_JEA_01,0.0,31064349.11,34049620.07,0.0,0.0,0.0,0.0,0.0,0.0,,0,0.0,0.0,0.0,0.0,0.0,,0.0,0.0,0.0,0.0,0.0,0,0.0,0.0,0.0,0.0,0.0,0.0,0.0,0.0,0.0,9.33,0.0,1200.0,1200.0,0.0,1.0,1.0,0.0,0.0,0.0,0
2022-06-21,trade,T04,True,BUY_RJK_01,SUP_USEC_02,59913000.0,8801233.36,-94445624.79,0.0,0.0,0.0,0.0,0.0,0.0,,0,0.0,0.0,0.0,0.0,0.0,,0.0,0.0,0.0,0.0,0.0,0,0.0,0.0,0.0,0.0,0.0,0.0,0.0,0.0,0.0,-25.88,0.0,1260.0,1260.0,0.0,1.0,1.0,61582500.0,0.0,0.0,0
2022-06-21,trade,T05,True,BUY_MUN_01,SUP_USEC_01,20230640.26,56374645.8,-34091406.75,41385600.0,-85836.21,-1098.688,-2768144.44,1560.211,-2658.899,1.704192,-384,-521715.0,-1196673.43,1426592.09,4075830.44,-6699095.95,-2.85704,-52483.01,0.0,0.0,0.0,0.0,0,0.0,0.0,0.0,0.0,0.0,0.0,2319.49,-959.19,-125.24,-9.34,-10.84,2100.0,2100.0,0.0,0.65,0.0,0.0,328616925.0,6714985.37,0
2022-06-21,trade,T06,True,BUY_JNPT_01,SUP_JEA_01,239500000.0,15384465.0,-263402295.14,0.0,0.0,0.0,0.0,0.0,0.0,,0,0.0,0.0,0.0,0.0,0.0,,0.0,0.0,0.0,0.0,0.0,0,0.0,0.0,0.0,0.0,0.0,0.0,0.0,0.0,0.0,-72.17,0.0,1300.0,1300.0,0.0,1.0,1.0,240500000.0,0.0,0.0,0
2022-06-21,trade,T07,True,,SUP_USEC_02,145067735.26,8941357.4,-162365947.39,26620425.0,-88103.15,-1127.7044,-2841251.32,1555.7253,-2683.4297,1.724874,-247,-2470741.0,-2930355.46,1859059.3,1971486.37,-6760901.13,-1.060475,-8140.26,0.0,0.0,0.0,0.0,0,0.0,0.0,3857435.91,0.0,0.0,1890.0,-121542.75,-938.73,-2491.89,-44.48,-11.7,1890.0,0.0,1890.0,1.0,0.0,0.0,0.0,0.0,0
2022-06-21,trade,T08,True,,SUP_USEC_02,6498625.52,6030435.0,-467305.84,0.0,2184.78,27.9648,70457.3,27.9648,0.0,-0.0,0,0.0,80977.53,80977.53,0.0,0.0,,2180.71,0.0,0.0,0.0,0.0,0,0.0,0.0,3428831.92,0.0,0.0,1680.0,-79525.74,1233.68,-1255.37,-0.13,0.27,0.0,0.0,1680.0,0.0,0.0,0.0,0.0,0.0,0
2022-06-22,book,BOOK,True,BOOK,BOOK,604734906.63,212931240.68,-648794549.0,67706300.0,-16685.2,-213.0207,-523072.21,3220.065,-3433.0857,1.066154,-631,-1231400.0,2068676.75,746977.13,9751641.48,-8429941.86,-13.054806,-60475.29,0.0,0.0,0.0,0.0,0,0.0,0.0,7126122.3,0.0,0.0,3570.0,-200954.13,572.53,-4034.2,-177.75,-2.43,12310.0,9580.0,3570.0,0.8375,0.625,471342500.0,327486810.0,8027903.96,0
2022-06-22,trade,T01,True,"BUY_MUN_01,BUY_RJK_01",SUP_USEC_01,169260000.0,37872256.82,-212036359.34,0.0,0.0,0.0,0.0,0.0,0.0,,0,0.0,0.0,0.0,0.0,0.0,,0.0,0.0,0.0,0.0,0.0,0,0.0,0.0,0.0,0.0,0.0,0.0,0.0,0.0,0.0,-58.09,0.0,2520.0,2520.0,0.0,1.0,1.0,169260000.0,0.0,0.0,0
2022-06-22,trade,T02,True,BUY_JNPT_01,SUP_JEA_01,-185576014.72,50651892.41,235544887.15,0.0,0.0,0.0,0.0,0.0,0.0,,0,0.0,-257165.61,-2428491.63,2171326.03,0.0,0.894105,0.0,0.0,0.0,0.0,0.0,0,0.0,0.0,0.0,0.0,0.0,0.0,0.0,-67.55,68.57,64.53,0.0,1200.0,1200.0,0.0,1.0,1.0,0.0,0.0,0.0,0
2022-06-22,trade,T03,True,BUY_JNPT_01,SUP_JEA_01,0.0,31064349.11,34049620.07,0.0,0.0,0.0,0.0,0.0,0.0,,0,0.0,0.0,0.0,0.0,0.0,,0.0,0.0,0.0,0.0,0.0,0,0.0,0.0,0.0,0.0,0.0,0.0,0.0,0.0,0.0,9.33,0.0,1200.0,1200.0,0.0,1.0,1.0,0.0,0.0,0.0,0
2022-06-22,trade,T04,True,BUY_RJK_01,SUP_USEC_02,59913000.0,8775616.61,-94445624.79,0.0,0.0,0.0,0.0,0.0,0.0,,0,0.0,0.0,0.0,0.0,0.0,,0.0,0.0,0.0,0.0,0.0,0,0.0,0.0,0.0,0.0,0.0,0.0,0.0,0.0,0.0,-25.88,0.0,1260.0,1260.0,0.0,1.0,1.0,61582500.0,0.0,0.0,0
2022-06-22,trade,T05,True,BUY_MUN_01,SUP_USEC_01,21810635.61,59769394.44,-32085006.75,41203200.0,-35512.12,-453.3846,-1113285.78,1635.8467,-2089.2312,1.277156,-384,3600.0,270836.38,1325268.4,4075675.23,-5130107.25,-3.075358,-52028.13,0.0,0.0,0.0,0.0,0,0.0,0.0,0.0,0.0,0.0,0.0,1873.04,-658.7,-131.3,-8.79,-4.41,2100.0,2100.0,0.0,0.7,0.0,0.0,327486810.0,8027903.96,0
2022-06-22,trade,T06,True,BUY_JNPT_01,SUP_JEA_01,240500000.0,15313021.64,-264402295.14,0.0,0.0,0.0,0.0,0.0,0.0,,0,0.0,0.0,0.0,0.0,0.0,,0.0,0.0,0.0,0.0,0.0,0,0.0,0.0,0.0,0.0,0.0,0.0,0.0,0.0,0.0,-72.44,0.0,1300.0,1300.0,0.0,1.0,1.0,240500000.0,0.0,0.0,0
2022-06-22,trade,T07,True,,SUP_USEC_02,292154600.95,3419314.49,-314813492.0,26503100.0,16641.3,212.4601,521695.86,1556.3146,-1343.8545,0.863485,-247,-1235000.0,438539.28,1767073.89,1971300.0,-3299834.61,-1.115573,-10675.4,0.0,0.0,0.0,0.0,0,0.0,0.0,3772652.98,0.0,0.0,1890.0,-121900.99,-208.41,-2438.44,-86.25,1.71,1890.0,0.0,1890.0,1.0,0.0,0.0,0.0,0.0,0
2022-06-22,trade,T08,True,,SUP_USEC_02,6672684.8,6065395.15,-606278.22,0.0,2185.61,27.9038,68517.71,27.9038,0.0,-0.0,0,0.0,1616466.7,83126.48,1533340.22,0.0,,2228.24,0.0,0.0,0.0,0.0,0,0.0,0.0,3353469.32,0.0,0.0,1680.0,-80926.19,1507.19,-1533.04,-0.17,0.27,840.0,0.0,1680.0,0.0,0.0,0.0,0.0,0.0,0
2022-06-23,book,BOOK,True,BOOK,BOOK,429392295.98,217929420.24,-437695310.9,66412750.0,-10624.64,-135.7101,-336561.06,3296.8945,-3432.6046,1.041163,-631,-1231400.0,2069056.91,2802398.96,7779517.44,-8512859.5,-2.776021,-59543.21,0.0,0.0,0.0,0.0,0,0.0,0.0,7191897.01,0.0,0.0,3570.0,-202487.37,668.41,-4092.28,-119.92,-1.68,12310.0,9580.0,3570.0,0.84375,0.625,302082500.0,317628360.0,7601597.46,0
2022-06-23,trade,T01,True,"BUY_MUN_01,BUY_RJK_01",SUP_USEC_01,0.0,37814745.59,-13496671.24,0.0,0.0,0.0,0.0,0.0,0.0,,0,0.0,0.0,0.0,0.0,0.0,,0.0,0.0,0.0,0.0,0.0,0,0.0,0.0,0.0,0.0,0.0,0.0,0.0,0.0,0.0,-3.7,0.0,2520.0,2520.0,0.0,1.0,1.0,0.0,0.0,0.0,0
2022-06-23,trade,T02,True,BUY_JNPT_01,SUP_JEA_01,-185564298.19,50727496.46,235544887.15,0.0,0.0,0.0,0.0,0.0,0.0,,0,0.0,-257139.13,-2428236.97,2171097.84,0.0,0.894105,0.0,0.0,0.0,0.0,0.0,0,0.0,0.0,0.0,0.0,0.0,0.0,0.0,-62.02,62.95,64.53,0.0,1200.0,1200.0,0.0,1.0,1.0,0.0,0.0,0.0,0
2022-06-23,trade,T03,True,BUY_JNPT_01,SUP_JEA_01,0.0,31064349.11,34049620.07,0.0,0.0,0.0,0.0,0.0,0.0,,0,0.0,0.0,0.0,0.0,0.0,,0.0,0.0,0.0,0.0,0.0,0,0.0,0.0,0.0,0.0,0.0,0.0,0.0,0.0,0.0,9.33,0.0,1200.0,1200.0,0.0,1.0,1.0,0.0,0.0,0.0,0
2022-06-23,trade,T04,True,BUY_RJK_01,SUP_USEC_02,61582500.0,8749999.85,-96115124.79,0.0,0.0,0.0,0.0,0.0,0.0,,0,0.0,0.0,0.0,0.0,0.0,,0.0,0.0,0.0,0.0,0.0,0,0.0,0.0,0.0,0.0,0.0,0.0,0.0,0.0,0.0,-26.33,0.0,1260.0,1260.0,0.0,1.0,1.0,61582500.0,0.0,0.0,0
2022-06-23,trade,T05,True,BUY_MUN_01,SUP_USEC_01,11073301.95,56895358.27,-23425806.75,40416000.0,-29553.3,-377.4889,-936172.42,1711.4496,-2088.9385,1.220567,-384,3600.0,260079.03,1365413.48,4075232.98,-5180567.43,-2.984615,-52176.2,0.0,0.0,0.0,0.0,0,0.0,0.0,0.0,0.0,0.0,0.0,1484.67,-675.37,-122.16,-6.42,-3.67,2100.0,2100.0,0.0,0.75,0.0,0.0,317628360.0,7601597.46,0
2022-06-23,trade,T06,True,BUY_JNPT_01,SUP_JEA_01,240500000.0,15241307.05,-264402295.14,0.0,0.0,0.0,0.0,0.0,0.0,,0,0.0,0.0,0.0,0.0,0.0,,0.0,0.0,0.0,0.0,0.0,0,0.0,0.0,0.0,0.0,0.0,0.0,0.0,0.0,0.0,-72.44,0.0,1300.0,1300.0,0.0,1.0,1.0,240500000.0,0.0,0.0,0
2022-06-23,trade,T07,True,,SUP_USEC_02,295047961.24,11290787.01,-309243642.0,25996750.0,16693.5,213.2287,528807.06,1556.8948,-1343.6662,0.863042,-247,-1235000.0,446122.13,3778414.2,0.0,-3332292.07,-0.0,-9639.82,0.0,0.0,0.0,0.0,0,0.0,0.0,3807474.89,0.0,0.0,1890.0,-121888.05,-139.03,-2461.8,-84.72,1.71,1890.0,0.0,1890.0,1.0,0.0,0.0,0.0,0.0,0
2022-06-23,trade,T08,True,,SUP_USEC_02,6752830.99,6145376.9,-606278.22,0.0,2235.17,28.5501,70804.29,28.5501,0.0,-0.0,0,0.0,1619994.87,86808.24,1533186.63,0.0,,2272.81,0.0,0.0,0.0,0.0,0,0.0,0.0,3384422.12,0.0,0.0,1680.0,-82083.99,1544.83,-1571.28,-0.17,0.28,840.0,0.0,1680.0,0.0,0.0,0.0,0.0,0.0,0
2022-06-24,book,BOOK,True,BOOK,BOOK,423980643.37,215071564.89,-434745385.9,66144575.0,-4580.01,-58.4962,-142496.7,3373.6274,-3432.1236,1.017339,-631,-1231400.0,2080871.44,2662991.48,7778533.05,-8360653.1,-2.920976,-61067.85,0.0,0.0,0.0,0.0,0,0.0,0.0,7066641.76,0.0,0.0,3570.0,-204058.23,795.58,-4090.27,-119.11,-0.93,12310.0,9580.0,3570.0,0.85,0.625,302082500.0,316017345.0,8238843.13,0
2022-06-24,trade,T01,True,"BUY_MUN_01,BUY_RJK_01",SUP_USEC_01,0.0,37811084.85,-13496671.24,0.0,0.0,0.0,0.0,0.0,0.0,,0,0.0,0.0,0.0,0.0,0.0,,0.0,0.0,0.0,0.0,0.0,0,0.0,0.0,0.0,0.0,0.0,0.0,0.0,0.0,0.0,-3.7,0.0,2520.0,2520.0,0.0,1.0,1.0,0.0,0.0,0.0,0
2022-06-24,trade,T02,True,BUY_JNPT_01,SUP_JEA_01,-185563661.41,50792020.76,235544887.15,0.0,0.0,0.0,0.0,0.0,0.0,,0,0.0,-257109.32,-2427938.84,2170829.51,0.0,0.894104,0.0,0.0,0.0,0.0,0.0,0,0.0,0.0,0.0,0.0,0.0,0.0,0.0,-56.52,57.36,64.53,0.0,1200.0,1200.0,0.0,1.0,1.0,0.0,0.0,0.0,0
2022-06-24,trade,T03,True,BUY_JNPT_01,SUP_JEA_01,0.0,31064349.11,34049620.07,0.0,0.0,0.0,0.0,0.0,0.0,,0,0.0,0.0,0.0,0.0,0.0,,0.0,0.0,0.0,0.0,0.0,0,0.0,0.0,0.0,0.0,0.0,0.0,0.0,0.0,0.0,9.33,0.0,1200.0,1200.0,0.0,1.0,1.0,0.0,0.0,0.0,0
2022-06-24,trade,T04,True,BUY_RJK_01,SUP_USEC_02,61582500.0,8723930.27,-96115124.79,0.0,0.0,0.0,0.0,0.0,0.0,,0,0.0,0.0,0.0,0.0,0.0,,0.0,0.0,0.0,0.0,0.0,0,0.0,0.0,0.0,0.0,0.0,0.0,0.0,0.0,0.0,-26.33,0.0,1260.0,1260.0,0.0,1.0,1.0,61582500.0,0.0,0.0,0
2022-06-24,trade,T05,True,BUY_MUN_01,SUP_USEC_01,10771650.17,58219352.64,-21630606.75,40252800.0,-23613.79,-301.5971,-734690.57,1787.0486,-2088.6457,1.168768,-384,3600.0,276249.13,1289510.82,4074679.34,-5087941.03,-3.159864,-51952.31,0.0,0.0,0.0,0.0,0,0.0,0.0,0.0,0.0,0.0,0.0,1161.88,-662.45,-121.2,-5.93,-2.93,2100.0,2100.0,0.0,0.8,0.0,0.0,316017345.0,8238843.13,0
2022-06-24,trade,T06,True,BUY_JNPT_01,SUP_JEA_01,240500000.0,15169592.45,-264402295.14,0.0,0.0,0.0,0.0,0.0,0.0,,0,0.0,0.0,0.0,0.0,0.0,,0.0,0.0,0.0,0.0,0.0,0,0.0,0.0,0.0,0.0,0.0,0.0,0.0,0.0,0.0,-72.44,0.0,1300.0,1300.0,0.0,1.0,1.0,240500000.0,0.0,0.0,0
2022-06-24,trade,T07,True,,SUP_USEC_02,289865877.99,7074576.72,-308088917.0,25891775.0,16748.36,213.9114,521088.17,1557.3893,-1343.4779,0.862647,-247,-1235000.0,440981.29,3713693.36,0.0,-3272712.07,-0.0,-11408.67,0.0,0.0,0.0,0.0,0,0.0,0.0,3741163.29,0.0,0.0,1890.0,-121937.04,-65.23,-2419.69,-84.41,1.72,1890.0,0.0,1890.0,1.0,0.0,0.0,0.0,0.0,0
2022-06-24,trade,T08,True,,SUP_USEC_02,6824276.62,6216658.09,-606278.22,0.0,2285.42,29.1895,71105.7,29.1895,0.0,-0.0,0,0.0,1620750.34,87726.14,1533024.2,0.0,,2293.12,0.0,0.0,0.0,0.0,0,0.0,0.0,3325478.48,0.0,0.0,1680.0,-83283.07,1579.77,-1606.73,-0.17,0.28,840.0,0.0,1680.0,0.0,0.0,0.0,0.0,0.0,0
2022-06-27,book,BOOK,True,BOOK,BOOK,436298929.4,216596893.07,-446198035.9,67185725.0,1684.06,21.468,52660.9,3452.1485,-3430.6805,0.993781,-631,-1231400.0,2121792.73,2761165.52,7776086.5,-8415459.29,-2.816233,-59290.63,0.0,0.0,0.0,0.0,0,0.0,0.0,7164494.43,0.0,0.0,3570.0,-208931.48,1136.07,-4250.92,-122.25,-0.15,12310.0,9580.0,3570.0,0.85625,0.625,302082500.0,322509495.0,8058383.54,0
2022-06-27,trade,T01,True,"BUY_MUN_01,BUY_RJK_01",SUP_USEC_01,0.0,37800102.63,-13496671.24,0.0,0.0,0.0,0.0,0.0,0.0,,0,0.0,0.0,0.0,0.0,0.0,,0.0,0.0,0.0,0.0,0.0,0,0.0,0.0,0.0,0.0,0.0,0.0,0.0,0.0,0.0,-3.7,0.0,2520.0,2520.0,0.0,1.0,1.0,0.0,0.0,0.0,0
2022-06-27,trade,T02,True,BUY_JNPT_01,SUP_JEA_01,-185596053.33,50951291.39,235544887.15,0.0,0.0,0.0,0.0,0.0,0.0,,0,0.0,-257031.92,-2427186.79,2170154.86,0.0,0.894103,0.0,0.0,0.0,0.0,0.0,0,0.0,0.0,0.0,0.0,0.0,0.0,0.0,-40.08,40.66,64.53,0.0,1200.0,1200.0,0.0,1.0,1.0,0.0,0.0,0.0,0
2022-06-27,trade,T03,True,BUY_JNPT_01,SUP_JEA_01,0.0,31064349.11,34049620.07,0.0,0.0,0.0,0.0,0.0,0.0,,0,0.0,0.0,0.0,0.0,0.0,,0.0,0.0,0.0,0.0,0.0,0,0.0,0.0,0.0,0.0,0.0,0.0,0.0,0.0,0.0,9.33,0.0,1200.0,1200.0,0.0,1.0,1.0,0.0,0.0,0.0,0
2022-06-27,trade,T04,True,BUY_RJK_01,SUP_USEC_02,61582500.0,8645721.52,-96115124.79,0.0,0.0,0.0,0.0,0.0,0.0,,0,0.0,0.0,0.0,0.0,0.0,,0.0,0.0,0.0,0.0,0.0,0,0.0,0.0,0.0,0.0,0.0,0.0,0.0,0.0,0.0,-26.33,0.0,1260.0,1260.0,0.0,1.0,1.0,61582500.0,0.0,0.0,0
2022-06-27,trade,T05,True,BUY_MUN_01,SUP_USEC_01,16899480.87,57993582.55,-28600206.75,40886400.0,-17702.95,-225.6722,-553573.88,1862.0953,-2087.7675,1.121193,-384,3600.0,271249.45,1319193.74,4073349.48,-5121293.77,-3.087757,-52020.21,0.0,0.0,0.0,0.0,0,0.0,0.0,0.0,0.0,0.0,0.0,387.9,-688.32,-102.57,-7.84,-2.2,2100.0,2100.0,0.0,0.85,0.0,0.0,322509495.0,8058383.54,0
2022-06-27,trade,T06,True,BUY_JNPT_01,SUP_JEA_01,240500000.0,14954448.67,-264402295.14,0.0,0.0,0.0,0.0,0.0,0.0,,0,0.0,0.0,0.0,0.0,0.0,,0.0,0.0,0.0,0.0,0.0,0,0.0,0.0,0.0,0.0,0.0,0.0,0.0,0.0,0.0,-72.44,0.0,1300.0,1300.0,0.0,1.0,1.0,240500000.0,0.0,0.0,0
2022-06-27,trade,T07,True,,SUP_USEC_02,294344858.87,7227366.07,-312571967.0,26299325.0,16947.27,216.0391,529943.88,1558.9521,-1342.913,0.86142,-247,-1235000.0,468191.67,3762357.19,0.0,-3294165.52,-0.0,-10066.57,0.0,0.0,0.0,0.0,0,0.0,0.0,3792967.64,0.0,0.0,1890.0,-122292.62,160.23,-2455.9,-85.64,1.74,1890.0,0.0,1890.0,1.0,0.0,0.0,0.0,0.0,0
2022-06-27,trade,T08,True,,SUP_USEC_02,8568142.99,7960031.13,-606278.22,0.0,2439.73,31.1011,76290.89,31.1011,0.0,-0.0,0,0.0,1639383.53,106801.37,1532582.16,0.0,-14.349836,2796.15,0.0,0.0,0.0,0.0,0,0.0,0.0,3371526.79,0.0,0.0,1680.0,-87026.76,1704.24,-1733.1,-0.17,0.3,840.0,0.0,1680.0,0.0,0.0,0.0,0.0,0.0,0
2022-06-28,book,BOOK,True,BOOK,BOOK,450249429.89,223019669.75,-484533836.16,67469675.0,7775.7,98.4548,246136.95,3528.6543,-3430.1995,0.972098,-631,-1231400.0,2106615.74,2906742.24,7775372.19,-8575498.69,-2.674944,-57855.19,0.0,0.0,0.0,0.0,0,0.0,0.0,7328096.45,0.0,0.0,3570.0,-211757.35,1237.47,-4361.37,-132.75,0.6,12310.0,9580.0,3570.0,0.8625,0.625,302082500.0,325178490.0,7704767.51,0
2022-06-28,trade,T01,True,"BUY_MUN_01,BUY_RJK_01",SUP_USEC_01,0.0,37796441.89,-13496671.24,0.0,0.0,0.0,0.0,0.0,0.0,,0,0.0,0.0,0.0,0.0,0.0,,0.0,0.0,0.0,0.0,0.0,0,0.0,0.0,0.0,0.0,0.0,0.0,0.0,0.0,0.0,-3.7,0.0,2520.0,2520.0,0.0,1.0,1.0,0.0,0.0,0.0,0
2022-06-28,trade,T02,True,BUY_JNPT_01,SUP_JEA_01,-185730927.6,50880304.64,235544887.15,0.0,0.0,0.0,0.0,0.0,0.0,,0,0.0,-257008.29,-2426963.74,2169955.45,0.0,0.894103,0.0,0.0,0.0,0.0,0.0,0,0.0,0.0,0.0,0.0,0.0,0.0,0.0,-34.79,35.3,64.53,0.0,1200.0,1200.0,0.0,1.0,1.0,0.0,0.0,0.0,0
2022-06-28,trade,T03,True,BUY_JNPT_01,SUP_JEA_01,0.0,31064349.11,34049620.07,0.0,0.0,0.0,0.0,0.0,0.0,,0,0.0,0.0,0.0,0.0,0.0,,0.0,0.0,0.0,0.0,0.0,0,0.0,0.0,0.0,0.0,0.0,0.0,0.0,0.0,0.0,9.33,0.0,1200.0,1200.0,0.0,1.0,1.0,0.0,0.0,0.0,0
2022-06-28,trade,T04,True,BUY_RJK_01,SUP_USEC_02,61582500.0,8619651.94,-96115124.79,0.0,0.0,0.0,0.0,0.0,0.0,,0,0.0,0.0,0.0,0.0,0.0,,0.0,0.0,0.0,0.0,0.0,0,0.0,0.0,0.0,0.0,0.0,0.0,0.0,0.0,0.0,-26.33,0.0,1260.0,1260.0,0.0,1.0,1.0,61582500.0,0.0,0.0,0
2022-06-28,trade,T05,True,BUY_MUN_01,SUP_USEC_01,23429024.32,58229403.83,-65713357.01,41059200.0,-11831.72,-149.8115,-374528.79,1937.6633,-2087.4748,1.077316,-384,3600.0,260987.71,1406699.06,4072975.65,-5218687.0,-2.895414,-52162.15,0.0,0.0,0.0,0.0,0,0.0,0.0,0.0,0.0,0.0,0.0,195.21,-716.19,-95.38,-18.0,-1.46,2100.0,2100.0,0.0,0.9,0.0,0.0,325178490.0,7704767.51,0
2022-06-28,trade,T06,True,BUY_JNPT_01,SUP_JEA_01,240500000.0,14882734.07,-264402295.14,0.0,0.0,0.0,0.0,0.0,0.0,,0,0.0,0.0,0.0,0.0,0.0,,0.0,0.0,0.0,0.0,0.0,0,0.0,0.0,0.0,0.0,0.0,0.0,0.0,0.0,0.0,-72.44,0.0,1300.0,1300.0,0.0,1.0,1.0,240500000.0,0.0,0.0,0
2022-06-28,trade,T07,True,,SUP_USEC_02,301386808.48,13073035.89,-313794617.0,26410475.0,17100.99,216.5301,541325.3,1559.2548,-1342.7247,0.861132,-247,-1235000.0,467663.03,3824474.73,0.0,-3356811.69,-0.0,-8363.04,0.0,0.0,0.0,0.0,0,0.0,0.0,3879580.47,0.0,0.0,1890.0,-123145.89,230.28,-2513.38,-85.97,1.75,1890.0,0.0,1890.0,1.0,0.0,0.0,0.0,0.0,0
2022-06-28,trade,T08,True,,SUP_USEC_02,9082024.68,8473748.38,-606278.22,0.0,2506.44,31.7362,79340.44,31.7362,0.0,-0.0,0,0.0,1634973.28,102532.19,1532441.09,0.0,-14.94595,2669.99,0.0,0.0,0.0,0.0,0,0.0,0.0,3448515.98,0.0,0.0,1680.0,-88806.67,1758.17,-1787.91,-0.17,0.31,840.0,0.0,1680.0,0.0,0.0,0.0,0.0,0.0,0
2022-06-29,book,BOOK,True,BOOK,BOOK,564467383.52,218347827.5,-573545812.07,67012200.0,-6718.8,-85.0966,-208656.8,3344.6219,-3429.7184,1.025443,-631,-1471850.0,2996270.5,2100144.4,9305795.74,-8409669.63,-4.431027,-7757.91,0.0,0.0,0.0,0.0,0,0.0,0.0,7182283.06,0.0,0.0,3570.0,-213083.51,1565.21,-4575.84,-157.14,-1.26,13150.0,9580.0,3570.0,0.86875,0.640625,302082500.0,321860280.0,7982777.48,0
2022-06-29,trade,T01,True,"BUY_MUN_01,BUY_RJK_01",SUP_USEC_01,0.0,37792781.15,15783016.86,0.0,0.0,0.0,0.0,0.0,0.0,,0,0.0,0.0,0.0,0.0,0.0,,0.0,0.0,0.0,0.0,0.0,0,0.0,0.0,0.0,0.0,0.0,0.0,0.0,0.0,0.0,4.32,0.0,2520.0,2520.0,0.0,1.0,1.0,0.0,0.0,0.0,0
2022-06-29,trade,T02,True,BUY_JNPT_01,SUP_JEA_01,-185723362.66,50951757.1,235544887.15,0.0,0.0,0.0,0.0,0.0,0.0,,0,0.0,-256985.39,-2426752.45,2169767.07,0.0,0.894103,0.0,0.0,0.0,0.0,0.0,0,0.0,0.0,0.0,0.0,0.0,0.0,0.0,-29.23,29.65,64.53,0.0,1200.0,1200.0,0.0,1.0,1.0,0.0,0.0,0.0,0
2022-06-29,trade,T03,True,BUY_JNPT_01,SUP_JEA_01,0.0,31064349.11,34049620.07,0.0,0.0,0.0,0.0,0.0,0.0,,0,0.0,0.0,0.0,0.0,0.0,,0.0,0.0,0.0,0.0,0.0,0,0.0,0.0,0.0,0.0,0.0,0.0,0.0,0.0,0.0,9.33,0.0,1200.0,1200.0,0.0,1.0,1.0,0.0,0.0,0.0,0
2022-06-29,trade,T04,True,BUY_RJK_01,SUP_USEC_02,61582500.0,8593582.36,-96115124.79,0.0,0.0,0.0,0.0,0.0,0.0,,0,0.0,0.0,0.0,0.0,0.0,,0.0,0.0,0.0,0.0,0.0,0,0.0,0.0,0.0,0.0,0.0,0.0,0.0,0.0,0.0,-26.33,0.0,1260.0,1260.0,0.0,1.0,1.0,61582500.0,0.0,0.0,0
2022-06-29,trade,T05,True,BUY_MUN_01,SUP_USEC_01,23463077.65,58247133.54,-65433457.01,40780800.0,-26397.05,-334.3304,-819778.03,1752.8517,-2087.1821,1.190735,-384,-236850.0,-370320.0,674813.52,4072636.91,-5117770.43,-6.035204,0.0,0.0,0.0,0.0,0.0,0,0.0,0.0,0.0,0.0,0.0,0.0,65.05,-718.75,-90.98,-17.93,-3.32,2100.0,2100.0,0.0,0.95,0.125,0.0,321860280.0,7982777.48,0
2022-06-29,trade,T06,True,BUY_JNPT_01,SUP_JEA_01,240500000.0,14811019.48,-264402295.14,0.0,0.0,0.0,0.0,0.0,0.0,,0,0.0,0.0,0.0,0.0,0.0,,0.0,0.0,0.0,0.0,0.0,0,0.0,0.0,0.0,0.0,0.0,0.0,0.0,0.0,0.0,-72.44,0.0,1300.0,1300.0,0.0,1.0,1.0,240500000.0,0.0,0.0,0
2022-06-29,trade,T07,True,,SUP_USEC_02,295326025.84,8717891.82,-311824792.0,26231400.0,17160.07,217.3399,532917.45,1559.8763,-1342.5364,0.860668,-247,-1235000.0,458919.58,3750818.78,0.0,-3291899.21,-0.0,-10384.69,0.0,0.0,0.0,0.0,0,0.0,0.0,3802385.15,0.0,0.0,1890.0,-123160.03,296.56,-2464.32,-85.43,1.76,1890.0,0.0,1890.0,1.0,0.0,0.0,0.0,0.0,0
2022-06-29,trade,T08,True,,SUP_USEC_02,129319142.69,8169312.94,-121147667.22,0.0,2518.18,31.8939,78203.79,31.8939,0.0,-0.0,0,0.0,3164656.32,101264.55,3063391.77,0.0,-30.251374,2626.78,0.0,0.0,0.0,0.0,0,0.0,0.0,3379897.91,0.0,0.0,1680.0,-89988.52,2016.63,-2050.19,-33.19,0.31,1680.0,0.0,1680.0,0.0,0.0,0.0,0.0,0.0,0
2022-06-30,book,BOOK,True,BOOK,BOOK,555965901.62,217726795.74,-564696037.07,66207675.0,-21196.15,-268.1237,-642692.58,3161.1137,-3429.2374,1.084819,-631,-1712300.0,2401255.07,2848192.23,7772944.92,-8219882.08,-2.72908,-9617.06,0.0,0.0,0.0,0.0,0,0.0,0.0,7047325.18,0.0,0.0,3570.0,-214672.33,1688.51,-4554.1,-154.71,-3.11,13150.0,9580.0,3570.0,0.875,0.65625,302082500.0,317820720.0,8153050.46,0
2022-06-30,trade,T01,True,"BUY_MUN_01,BUY_RJK_01",SUP_USEC_01,0.0,37797062.02,15783016.86,0.0,0.0,0.0,0.0,0.0,0.0,,0,0.0,0.0,0.0,0.0,0.0,,0.0,0.0,0.0,0.0,0.0,0,0.0,0.0,0.0,0.0,0.0,0.0,0.0,0.0,0.0,4.32,0.0,2520.0,2520.0,0.0,1.0,1.0,0.0,0.0,0.0,0
2022-06-30,trade,T02,True,BUY_JNPT_01,SUP_JEA_01,-185746987.57,50992019.7,235544887.15,0.0,0.0,0.0,0.0,0.0,0.0,,0,0.0,-256963.71,-2426564.7,2169601.0,0.0,0.894104,0.0,0.0,0.0,0.0,0.0,0,0.0,0.0,0.0,0.0,0.0,0.0,0.0,-23.71,24.05,64.53,0.0,1200.0,1200.0,0.0,1.0,1.0,0.0,0.0,0.0,0
2022-06-30,trade,T03,True,BUY_JNPT_01,SUP_JEA_01,0.0,31064349.11,34049620.07,0.0,0.0,0.0,0.0,0.0,0.0,,0,0.0,0.0,0.0,0.0,0.0,,0.0,0.0,0.0,0.0,0.0,0,0.0,0.0,0.0,0.0,0.0,0.0,0.0,0.0,0.0,9.33,0.0,1200.0,1200.0,0.0,1.0,1.0,0.0,0.0,0.0,0
2022-06-30,trade,T04,True,BUY_RJK_01,SUP_USEC_02,61582500.0,8567512.77,-96115124.79,0.0,0.0,0.0,0.0,0.0,0.0,,0,0.0,0.0,0.0,0.0,0.0,,0.0,0.0,0.0,0.0,0.0,0,0.0,0.0,0.0,0.0,0.0,0.0,0.0,0.0,0.0,-26.33,0.0,1260.0,1260.0,0.0,1.0,1.0,61582500.0,0.0,0.0,0
2022-06-30,trade,T05,True,BUY_MUN_01,SUP_USEC_01,19778890.12,59441198.31,-60047857.01,40291200.0,-41012.03,-518.7876,-1243533.98,1568.1017,-2086.8893,1.330838,-384,-477300.0,-975867.49,-45969.94,4072376.17,-5002273.72,,0.0,0.0,0.0,0.0,0.0,0,0.0,0.0,0.0,0.0,0.0,0.0,0.0,-693.26,-85.93,-16.45,-5.19,2100.0,2100.0,0.0,1.0,0.25,0.0,317820720.0,8153050.46,0
2022-06-30,trade,T06,True,BUY_JNPT_01,SUP_JEA_01,240500000.0,14739304.88,-264402295.14,0.0,0.0,0.0,0.0,0.0,0.0,,0,0.0,0.0,0.0,0.0,0.0,,0.0,0.0,0.0,0.0,0.0,0,0.0,0.0,0.0,0.0,0.0,0.0,0.0,0.0,0.0,-72.44,0.0,1300.0,1300.0,0.0,1.0,1.0,240500000.0,0.0,0.0,0
2022-06-30,trade,T07,True,,SUP_USEC_02,289720662.04,6177200.89,-308360617.0,25916475.0,17245.42,218.1484,522901.71,1560.4965,-1342.3481,0.860206,-247,-1235000.0,459646.88,3677255.24,0.0,-3217608.36,-0.0,-12407.89,0.0,0.0,0.0,0.0,0,0.0,0.0,3730936.86,0.0,0.0,1890.0,-123362.86,366.51,-2419.14,-84.48,1.77,1890.0,0.0,1890.0,1.0,0.0,0.0,0.0,0.0,0
2022-06-30,trade,T08,True,,SUP_USEC_02,130130837.03,8948148.05,-121147667.22,0.0,2570.47,32.5155,77939.7,32.5155,0.0,-0.0,0,0.0,3174439.39,1643471.64,1530967.75,0.0,-0.931545,2790.82,0.0,0.0,0.0,0.0,0,0.0,0.0,3316388.32,0.0,0.0,1680.0,-91309.47,2038.96,-2073.07,-33.19,0.32,1680.0,0.0,1680.0,0.0,0.0,0.0,0.0,0.0,0
2022-07-01,book,BOOK,True,BOOK,BOOK,554353493.18,211832536.38,-569272963.47,66665150.0,-36603.41,-463.2375,-1104358.29,2965.9671,-3429.2047,1.156184,-631,-1952750.0,1765597.33,2168237.28,7772583.95,-8175223.9,-3.584748,-10672.44,0.0,0.0,0.0,0.0,0,0.0,0.0,6984627.21,0.0,0.0,3570.0,-215877.82,1550.44,-4683.3,-155.97,-5.07,13150.0,9580.0,3570.0,0.880952,0.671875,302082500.0,319912635.0,8148683.7,0
2022-07-01,trade,T01,True,"BUY_MUN_01,BUY_RJK_01",SUP_USEC_01,0.0,37801342.89,15783016.86,0.0,0.0,0.0,0.0,0.0,0.0,,0,0.0,0.0,0.0,0.0,0.0,,0.0,0.0,0.0,0.0,0.0,0,0.0,0.0,0.0,0.0,0.0,0.0,0.0,0.0,0.0,4.32,0.0,2520.0,2520.0,0.0,1.0,1.0,0.0,0.0,0.0,0
2022-07-01,trade,T02,True,BUY_JNPT_01,SUP_JEA_01,-185735846.27,51067048.52,235544887.15,0.0,0.0,0.0,0.0,0.0,0.0,,0,0.0,-256943.36,-2426413.72,2169470.36,0.0,0.894106,0.0,0.0,0.0,0.0,0.0,0,0.0,0.0,0.0,0.0,0.0,0.0,0.0,-18.14,18.4,64.53,0.0,1200.0,1200.0,0.0,1.0,1.0,0.0,0.0,0.0,0
2022-07-01,trade,T03,True,BUY_JNPT_01,SUP_JEA_01,0.0,31064349.11,34049620.07,0.0,0.0,0.0,0.0,0.0,0.0,,0,0.0,0.0,0.0,0.0,0.0,,0.0,0.0,0.0,0.0,0.0,0,0.0,0.0,0.0,0.0,0.0,0.0,0.0,0.0,0.0,9.33,0.0,1200.0,1200.0,0.0,1.0,1.0,0.0,0.0,0.0,0
2022-07-01,trade,T04,True,BUY_RJK_01,SUP_USEC_02,61582500.0,8541443.19,-96115124.79,0.0,0.0,0.0,0.0,0.0,0.0,,0,0.0,0.0,0.0,0.0,0.0,,0.0,0.0,0.0,0.0,0.0,0,0.0,0.0,0.0,0.0,0.0,0.0,0.0,0.0,0.0,-26.33,0.0,1260.0,1260.0,0.0,1.0,1.0,61582500.0,0.0,0.0,0
2022-07-01,trade,T05,True,BUY_MUN_01,SUP_USEC_01,21404930.18,58722250.0,-62654958.41,40569600.0,-61643.18,-780.1305,-1859831.05,1306.7389,-2086.8694,1.597006,-384,-717750.0,-1592172.73,-689330.67,4072254.58,-4975096.64,5.907549,0.0,0.0,0.0,0.0,0.0,0,0.0,0.0,0.0,0.0,0.0,0.0,0.0,-1043.96,-80.02,-17.17,-7.8,2100.0,2100.0,0.0,1.0,0.375,0.0,319912635.0,8148683.7,0
2022-07-01,trade,T06,True,BUY_JNPT_01,SUP_JEA_01,240500000.0,14667590.29,-264402295.14,0.0,0.0,0.0,0.0,0.0,0.0,,0,0.0,0.0,0.0,0.0,0.0,,0.0,0.0,0.0,0.0,0.0,0,0.0,0.0,0.0,0.0,0.0,0.0,0.0,0.0,0.0,-72.44,0.0,1300.0,1300.0,0.0,1.0,1.0,240500000.0,0.0,0.0,0
2022-07-01,trade,T07,True,,SUP_USEC_02,287174491.26,1756642.58,-310330442.0,26095550.0,17314.75,219.1283,522401.86,1561.4636,-1342.3353,0.859665,-247,-1235000.0,447467.77,3647595.03,0.0,-3200127.26,-0.0,-13245.11,0.0,0.0,0.0,0.0,0,0.0,0.0,3697743.82,0.0,0.0,1890.0,-123381.39,505.01,-2478.34,-85.02,1.77,1890.0,0.0,1890.0,1.0,0.0,0.0,0.0,0.0,0
2022-07-01,trade,T08,True,,SUP_USEC_02,129427418.01,8211869.79,-121147667.22,0.0,7725.02,97.7646,233070.9,97.7646,0.0,-0.0,0,0.0,3167245.65,1636386.63,1530859.02,0.0,-0.935512,2572.67,0.0,0.0,0.0,0.0,0,0.0,0.0,3286883.39,0.0,0.0,1680.0,-92496.43,2107.53,-2143.33,-33.19,0.95,1680.0,0.0,1680.0,0.047619,0.0,0.0,0.0,0.0,0
2022-07-04,book,BOOK,True,BOOK,BOOK,657654803.38,217194880.86,-596939643.34,26163475.0,-51764.03,-655.9383,-1594913.95,2772.401,-3428.3393,1.236596,-247,-2193776.0,927500.93,1693511.41,7569996.57,-8336007.06,-4.47,-8002.15,0.0,0.0,0.0,0.0,0,0.0,0.0,7127126.66,0.0,0.0,3570.0,-219196.4,1483.01,-4682.36,-163.55,-7.02,13150.0,9580.0,3570.0,0.886905,0.6875,302082500.0,320573872.5,8135899.15,0
2022-07-04,trade,T01,True,"BUY_MUN_01,BUY_RJK_01",SUP_USEC_01,0.0,37814185.51,45062704.95,0.0,0.0,0.0,0.0,0.0,0.0,,0,0.0,0.0,0.0,0.0,0.0,,0.0,0.0,0.0,0.0,0.0,0,0.0,0.0,0.0,0.0,0.0,0.0,0.0,0.0,0.0,12.35,0.0,2520.0,2520.0,0.0,1.0,1.0,0.0,0.0,0.0,0
2022-07-04,trade,T02,True,BUY_JNPT_01,SUP_JEA_01,-90305280.13,51290567.45,140146177.39,0.0,0.0,0.0,0.0,0.0,0.0,,0,0.0,-256866.9,-2425692.22,2168825.31,0.0,0.894106,0.0,0.0,0.0,0.0,0.0,0,0.0,0.0,0.0,0.0,0.0,0.0,0.0,-1.46,1.48,38.4,0.0,1200.0,1200.0,0.0,1.0,1.0,0.0,0.0,0.0,0
2022-07-04,trade,T03,True,BUY_JNPT_01,SUP_JEA_01,0.0,31064349.11,34049620.07,0.0,0.0,0.0,0.0,0.0,0.0,,0,0.0,0.0,0.0,0.0,0.0,,0.0,0.0,0.0,0.0,0.0,0,0.0,0.0,0.0,0.0,0.0,0.0,0.0,0.0,0.0,9.33,0.0,1200.0,1200.0,0.0,1.0,1.0,0.0,0.0,0.0,0
2022-07-04,trade,T04,True,BUY_RJK_01,SUP_USEC_02,61582500.0,8463234.45,-96115124.79,0.0,0.0,0.0,0.0,0.0,0.0,,0,0.0,0.0,0.0,0.0,0.0,,0.0,0.0,0.0,0.0,0.0,0,0.0,0.0,0.0,0.0,0.0,0.0,0.0,0.0,0.0,-26.33,0.0,1260.0,1260.0,0.0,1.0,1.0,61582500.0,0.0,0.0,0
2022-07-04,trade,T05,True,BUY_MUN_01,SUP_USEC_01,22057821.16,57954075.53,-23455441.61,0.0,-82202.94,-1041.6512,-2532774.84,1044.9366,-2086.5877,1.996856,0,-958776.0,-2465473.69,-1262703.19,3870767.61,-5073538.11,3.065461,0.0,0.0,0.0,0.0,0.0,0,0.0,0.0,0.0,0.0,0.0,0.0,0.0,-1363.17,-0.9,-6.43,-10.42,2100.0,2100.0,0.0,1.0,0.5,0.0,320573872.5,8135899.15,0
2022-07-04,trade,T06,True,BUY_JNPT_01,SUP_JEA_01,240500000.0,14452446.5,-264402295.14,0.0,0.0,0.0,0.0,0.0,0.0,,0,0.0,0.0,0.0,0.0,0.0,,0.0,0.0,0.0,0.0,0.0,0,0.0,0.0,0.0,0.0,0.0,0.0,0.0,0.0,0.0,-72.44,0.0,1300.0,1300.0,0.0,1.0,1.0,240500000.0,0.0,0.0,0
2022-07-04,trade,T07,True,,SUP_USEC_02,293555383.98,7205769.84,-311077617.0,26163475.0,17481.47,221.52,538625.78,1563.2715,-1341.7516,0.858297,-247,-1235000.0,468345.57,3730814.52,0.0,-3262468.95,-0.0,-10963.58,0.0,0.0,0.0,0.0,0,0.0,0.0,3773184.7,0.0,0.0,1890.0,-123367.14,732.29,-2531.66,-85.23,1.8,1890.0,0.0,1890.0,1.0,0.0,0.0,0.0,0.0,0
2022-07-04,trade,T08,True,,SUP_USEC_02,130264378.36,8950252.46,-121147667.22,0.0,12957.45,164.1929,399235.12,164.1929,0.0,-0.0,0,0.0,3181495.94,1651092.29,1530403.65,0.0,-0.926904,2961.43,0.0,0.0,0.0,0.0,0,0.0,0.0,3353941.96,0.0,0.0,1680.0,-95829.27,2115.34,-2151.28,-33.19,1.6,1680.0,0.0,1680.0,0.095238,0.0,0.0,0.0,0.0,0
2022-07-05,book,BOOK,True,BOOK,BOOK,646244724.34,212393934.3,-589467893.34,25484225.0,97995.52,1234.6483,2931055.06,2576.2053,-1341.557,0.520749,-247,-513650.0,5532558.63,2150226.01,6567188.96,-3184856.34,-3.054185,-11094.77,0.0,0.0,0.0,0.0,0,0.0,0.0,6977455.26,0.0,0.0,3570.0,-221536.5,3869.89,-4635.51,-161.5,11.87,13150.0,9580.0,3570.0,0.892857,0.703125,302082500.0,315283972.5,8181927.05,0
2022-07-05,trade,T01,True,"BUY_MUN_01,BUY_RJK_01",SUP_USEC_01,0.0,37814185.51,45062704.95,0.0,0.0,0.0,0.0,0.0,0.0,,0,0.0,0.0,0.0,0.0,0.0,,0.0,0.0,0.0,0.0,0.0,0,0.0,0.0,0.0,0.0,0.0,0.0,0.0,0.0,0.0,12.35,0.0,2520.0,2520.0,0.0,1.0,1.0,0.0,0.0,0.0,0
2022-07-05,trade,T02,True,BUY_JNPT_01,SUP_JEA_01,-90309022.85,51324836.97,140146177.39,0.0,0.0,0.0,0.0,0.0,0.0,,0,0.0,-8422.86,-1175187.8,1166764.94,0.0,0.992833,0.0,0.0,0.0,0.0,0.0,0,0.0,0.0,0.0,0.0,0.0,0.0,0.0,-1.28,1.3,38.4,0.0,1200.0,1200.0,0.0,1.0,1.0,0.0,0.0,0.0,0
2022-07-05,trade,T03,True,BUY_JNPT_01,SUP_JEA_01,0.0,31064349.11,34049620.07,0.0,0.0,0.0,0.0,0.0,0.0,,0,0.0,0.0,0.0,0.0,0.0,,0.0,0.0,0.0,0.0,0.0,0,0.0,0.0,0.0,0.0,0.0,0.0,0.0,0.0,0.0,9.33,0.0,1200.0,1200.0,0.0,1.0,1.0,0.0,0.0,0.0,0
2022-07-05,trade,T04,True,BUY_RJK_01,SUP_USEC_02,61582500.0,8437164.87,-96115124.79,0.0,0.0,0.0,0.0,0.0,0.0,,0,0.0,0.0,0.0,0.0,0.0,,0.0,0.0,0.0,0.0,0.0,0,0.0,0.0,0.0,0.0,0.0,0.0,0.0,0.0,0.0,-26.33,0.0,1260.0,1260.0,0.0,1.0,1.0,61582500.0,0.0,0.0,0
2022-07-05,trade,T05,True,BUY_MUN_01,SUP_USEC_01,16798038.07,52687930.55,-23455441.61,0.0,62194.38,783.5888,1860239.77,783.5888,0.0,-0.0,0,721350.0,1927534.4,-1942646.18,3870180.58,0.0,1.992221,0.0,0.0,0.0,0.0,0.0,0,0.0,0.0,0.0,0.0,0.0,0.0,0.0,966.9,0.58,-6.43,7.84,2100.0,2100.0,0.0,1.0,0.625,0.0,315283972.5,8181927.05,0
2022-07-05,trade,T06,True,BUY_JNPT_01,SUP_JEA_01,240500000.0,14380731.91,-264402295.14,0.0,0.0,0.0,0.0,0.0,0.0,,0,0.0,0.0,0.0,0.0,0.0,,0.0,0.0,0.0,0.0,0.0,0,0.0,0.0,0.0,0.0,0.0,0.0,0.0,0.0,0.0,-72.44,0.0,1300.0,1300.0,0.0,1.0,1.0,240500000.0,0.0,0.0,0
2022-07-05,trade,T07,True,,SUP_USEC_02,287313707.96,7672219.34,-303605867.0,25484225.0,17604.68,221.8019,526557.69,1563.3589,-1341.557,0.858125,-247,-1235000.0,448561.83,3633418.18,0.0,-3184856.34,-0.0,-13616.88,0.0,0.0,0.0,0.0,0,0.0,0.0,3693946.9,0.0,0.0,1890.0,-124085.67,781.96,-2479.37,-83.18,1.8,1890.0,0.0,1890.0,1.0,0.0,0.0,0.0,0.0,0
2022-07-05,trade,T08,True,,SUP_USEC_02,130359501.17,9012516.04,-121147667.22,0.0,18196.45,229.2576,544257.6,229.2576,0.0,-0.0,0,0.0,3164885.26,1634641.81,1530243.45,0.0,-0.936134,2522.11,0.0,0.0,0.0,0.0,0,0.0,0.0,3283508.36,0.0,0.0,1680.0,-97450.82,2122.31,-2158.02,-33.19,2.23,1680.0,0.0,1680.0,0.142857,0.0,0.0,0.0,0.0,0
2022-07-06,book,BOOK,True,BOOK,BOOK,766858088.92,209537928.87,-712965872.41,25694175.0,82249.73,1039.4057,2450918.58,2380.7681,-1341.3624,0.563416,-247,-754100.0,4923925.58,1520273.06,6566585.18,-3162932.65,-4.319346,-11149.09,0.0,0.0,0.0,0.0,0,0.0,0.0,6935146.09,0.0,0.0,3570.0,-221973.71,3584.4,-4620.73,-195.33,9.9,13150.0,9580.0,3570.0,0.89881,0.71875,302082500.0,316510267.5,8156455.47,0
2022-07-06,trade,T01,True,"BUY_MUN_01,BUY_RJK_01",SUP_USEC_01,0.0,37814185.51,45062704.95,0.0,0.0,0.0,0.0,0.0,0.0,,0,0.0,0.0,0.0,0.0,0.0,,0.0,0.0,0.0,0.0,0.0,0,0.0,0.0,0.0,0.0,0.0,0.0,0.0,0.0,0.0,12.35,0.0,2520.0,2520.0,0.0,1.0,1.0,0.0,0.0,0.0,0
2022-07-06,trade,T02,True,BUY_JNPT_01,SUP_JEA_01,-90306942.59,51364929.49,140146177.39,0.0,0.0,0.0,0.0,0.0,0.0,,0,0.0,-8422.09,-1175079.71,1166657.62,0.0,0.992833,0.0,0.0,0.0,0.0,0.0,0,0.0,0.0,0.0,0.0,0.0,0.0,0.0,-1.09,1.11,38.4,0.0,1200.0,1200.0,0.0,1.0,1.0,0.0,0.0,0.0,0
2022-07-06,trade,T03,True,BUY_JNPT_01,SUP_JEA_01,0.0,31064349.11,34049620.07,0.0,0.0,0.0,0.0,0.0,0.0,,0,0.0,0.0,0.0,0.0,0.0,,0.0,0.0,0.0,0.0,0.0,0,0.0,0.0,0.0,0.0,0.0,0.0,0.0,0.0,0.0,9.33,0.0,1200.0,1200.0,0.0,1.0,1.0,0.0,0.0,0.0,0
2022-07-06,trade,T04,True,BUY_RJK_01,SUP_USEC_02,61582500.0,8411095.28,-96115124.79,0.0,0.0,0.0,0.0,0.0,0.0,,0,0.0,0.0,0.0,0.0,0.0,,0.0,0.0,0.0,0.0,0.0,0,0.0,0.0,0.0,0.0,0.0,0.0,0.0,0.0,0.0,-26.33,0.0,1260.0,1260.0,0.0,1.0,1.0,61582500.0,0.0,0.0,0
2022-07-06,trade,T05,True,BUY_MUN_01,SUP_USEC_01,18007701.2,53891231.79,-23455441.61,0.0,41331.71,522.3168,1231622.92,522.3168,0.0,-0.0,0,480900.0,1298911.21,-2570916.35,3869827.56,0.0,1.505233,0.0,0.0,0.0,0.0,0.0,0,0.0,0.0,0.0,0.0,0.0,0.0,0.0,610.06,2.06,-6.43,5.22,2100.0,2100.0,0.0,1.0,0.75,0.0,316510267.5,8156455.47,0
2022-07-06,trade,T06,True,BUY_JNPT_01,SUP_JEA_01,240500000.0,14309017.31,-264402295.14,0.0,0.0,0.0,0.0,0.0,0.0,,0,0.0,0.0,0.0,0.0,0.0,,0.0,0.0,0.0,0.0,0.0,0,0.0,0.0,0.0,0.0,0.0,0.0,0.0,0.0,0.0,-72.44,0.0,1300.0,1300.0,0.0,1.0,1.0,240500000.0,0.0,0.0,0
2022-07-06,trade,T07,True,,SUP_USEC_02,285627456.92,3804120.41,-305915317.0,25694175.0,17624.17,222.72,525173.73,1564.0824,-1341.3624,0.857603,-247,-1235000.0,460457.35,3623390.0,0.0,-3162932.65,-0.0,-13892.7,0.0,0.0,0.0,0.0,0,0.0,0.0,3671547.93,0.0,0.0,1890.0,-123768.19,852.36,-2465.08,-83.81,1.81,1890.0,0.0,1890.0,1.0,0.0,0.0,0.0,0.0,0
2022-07-06,trade,T08,True,,SUP_USEC_02,251447373.39,8878999.96,-242336196.29,0.0,23293.85,294.3689,694121.92,294.3689,0.0,-0.0,0,0.0,3172979.11,1642879.11,1530100.0,0.0,-0.931353,2743.61,0.0,0.0,0.0,0.0,0,0.0,0.0,3263598.16,0.0,0.0,1680.0,-98205.52,2123.08,-2158.82,-66.39,2.87,1680.0,0.0,1680.0,0.190476,0.0,0.0,0.0,0.0,0
2022-07-07,book,BOOK,True,BOOK,BOOK,771894607.45,215018876.57,-712726505.59,26114075.0,66820.54,843.9612,2040276.12,2185.129,-1341.1679,0.613771,-247,-994550.0,4343974.52,2550283.93,5035963.95,-3242273.36,-1.974668,-8459.0,0.0,0.0,0.0,0.0,0,0.0,0.0,7098906.48,0.0,0.0,3570.0,-223114.58,3369.89,-4689.41,-195.27,7.93,13150.0,9580.0,3570.0,0.904762,0.734375,302082500.0,318145327.5,0.0,0
2022-07-07,trade,T01,True,"BUY_MUN_01,BUY_RJK_01",SUP_USEC_01,0.0,37814185.51,45062704.95,0.0,0.0,0.0,0.0,0.0,0.0,,0,0.0,0.0,0.0,0.0,0.0,,0.0,0.0,0.0,0.0,0.0,0,0.0,0.0,0.0,0.0,0.0,0.0,0.0,0.0,0.0,12.35,0.0,2520.0,2520.0,0.0,1.0,1.0,0.0,0.0,0.0,0
2022-07-07,trade,T02,True,BUY_JNPT_01,SUP_JEA_01,-90307240.9,51402643.43,140146177.39,0.0,0.0,0.0,0.0,0.0,0.0,,0,0.0,-8421.24,-1174961.28,1166540.04,0.0,0.992833,0.0,0.0,0.0,0.0,0.0,0,0.0,0.0,0.0,0.0,0.0,0.0,0.0,-0.91,0.93,38.4,0.0,1200.0,1200.0,0.0,1.0,1.0,0.0,0.0,0.0,0
2022-07-07,trade,T03,True,BUY_JNPT_01,SUP_JEA_01,0.0,31064349.11,34049620.07,0.0,0.0,0.0,0.0,0.0,0.0,,0,0.0,0.0,0.0,0.0,0.0,,0.0,0.0,0.0,0.0,0.0,0,0.0,0.0,0.0,0.0,0.0,0.0,0.0,0.0,0.0,9.33,0.0,1200.0,1200.0,0.0,1.0,1.0,0.0,0.0,0.0,0
2022-07-07,trade,T04,True,BUY_RJK_01,SUP_USEC_02,61582500.0,8385025.7,-96115124.79,0.0,0.0,0.0,0.0,0.0,0.0,,0,0.0,0.0,0.0,0.0,0.0,,0.0,0.0,0.0,0.0,0.0,0,0.0,0.0,0.0,0.0,0.0,0.0,0.0,0.0,0.0,-26.33,0.0,1260.0,1260.0,0.0,1.0,1.0,61582500.0,0.0,0.0,0
2022-07-07,trade,T05,True,BUY_MUN_01,SUP_USEC_01,14786931.07,55522366.6,-18597174.79,0.0,20674.19,261.1205,631258.81,261.1205,0.0,-0.0,0,240450.0,698540.99,-3170882.92,3869423.9,0.0,1.220299,0.0,0.0,0.0,0.0,0.0,0,0.0,0.0,0.0,0.0,0.0,0.0,0.0,296.8,3.54,-5.1,2.61,2100.0,2100.0,0.0,1.0,0.875,0.0,318145327.5,0.0,0
2022-07-07,trade,T06,True,BUY_JNPT_01,SUP_JEA_01,240500000.0,14237302.71,-264402295.14,0.0,0.0,0.0,0.0,0.0,0.0,,0,0.0,0.0,0.0,0.0,0.0,,0.0,0.0,0.0,0.0,0.0,0,0.0,0.0,0.0,0.0,0.0,0.0,0.0,0.0,0.0,-72.44,0.0,1300.0,1300.0,0.0,1.0,1.0,240500000.0,0.0,0.0,0
2022-07-07,trade,T07,True,,SUP_USEC_02,292695878.64,6590567.84,-310534217.0,26114075.0,17688.61,223.4119,540098.22,1564.5798,-1341.1679,0.857206,-247,-1235000.0,466079.13,3708352.49,0.0,-3242273.36,-0.0,-11558.7,0.0,0.0,0.0,0.0,0,0.0,0.0,3758244.61,0.0,0.0,1890.0,-123875.45,940.13,-2524.16,-85.08,1.82,1890.0,0.0,1890.0,1.0,0.0,0.0,0.0,0.0,0
2022-07-07,trade,T08,True,,SUP_USEC_02,252636538.64,10002435.66,-242336196.29,0.0,28457.74,359.4288,868919.08,359.4288,0.0,-0.0,0,0.0,3187775.64,3187775.64,0.0,0.0,-0.0,3099.7,0.0,0.0,0.0,0.0,0,0.0,0.0,3340661.87,0.0,0.0,1680.0,-99239.13,2133.88,-2169.72,-66.39,3.5,1680.0,0.0,1680.0,0.238095,0.0,0.0,0.0,0.0,0
2022-07-08,book,BOOK,True,BOOK,BOOK,769209906.8,212181153.2,-712658580.59,26107900.0,51443.86,649.2453,1557864.15,1990.2186,-1340.9733,0.673782,-247,-1235000.0,3610921.1,1793105.17,5035481.42,-3217665.48,-2.808247,-9495.2,0.0,0.0,0.0,0.0,0,0.0,0.0,7046602.03,0.0,0.0,3570.0,-224327.97,3130.3,-4669.77,-195.25,5.96,13150.0,9580.0,3570.0,0.910714,0.75,620215805.0,0.0,0.0,0
2022-07-08,trade,T01,True,"BUY_MUN_01,BUY_RJK_01",SUP_USEC_01,0.0,37814185.51,45062704.95,0.0,0.0,0.0,0.0,0.0,0.0,,0,0.0,0.0,0.0,0.0,0.0,,0.0,0.0,0.0,0.0,0.0,0,0.0,0.0,0.0,0.0,0.0,0.0,0.0,0.0,0.0,12.35,0.0,2520.0,2520.0,0.0,1.0,1.0,0.0,0.0,0.0,0
2022-07-08,trade,T02,True,BUY_JNPT_01,SUP_JEA_01,-90307695.58,51440201.0,140146177.39,0.0,0.0,0.0,0.0,0.0,0.0,,0,0.0,-8420.44,-1174849.95,1166429.51,0.0,0.992833,0.0,0.0,0.0,0.0,0.0,0,0.0,0.0,0.0,0.0,0.0,0.0,0.0,-0.73,0.74,38.4,0.0,1200.0,1200.0,0.0,1.0,1.0,0.0,0.0,0.0,0
2022-07-08,trade,T03,True,BUY_JNPT_01,SUP_JEA_01,0.0,31064349.11,34049620.07,0.0,0.0,0.0,0.0,0.0,0.0,,0,0.0,0.0,0.0,0.0,0.0,,0.0,0.0,0.0,0.0,0.0,0,0.0,0.0,0.0,0.0,0.0,0.0,0.0,0.0,0.0,9.33,0.0,1200.0,1200.0,0.0,1.0,1.0,0.0,0.0,0.0,0
2022-07-08,trade,T04,True,BUY_RJK_01,SUP_USEC_02,61582500.0,8358956.12,-96115124.79,0.0,0.0,0.0,0.0,0.0,0.0,,0,0.0,0.0,0.0,0.0,0.0,,0.0,0.0,0.0,0.0,0.0,0,0.0,0.0,0.0,0.0,0.0,0.0,0.0,0.0,0.0,-26.33,0.0,1260.0,1260.0,0.0,1.0,1.0,61582500.0,0.0,0.0,0
2022-07-08,trade,T05,True,BUY_MUN_01,SUP_USEC_01,14773765.89,55504157.25,-18597174.79,0.0,0.0,0.0,0.0,0.0,0.0,,0,0.0,-21204.64,-3890256.55,3869051.91,0.0,0.994549,0.0,0.0,0.0,0.0,0.0,0,0.0,0.0,0.0,0.0,0.0,0.0,0.0,-3.03,3.08,-5.1,0.0,2100.0,2100.0,0.0,1.0,1.0,318133305.0,0.0,0.0,0
2022-07-08,trade,T06,True,BUY_JNPT_01,SUP_JEA_01,240500000.0,14165588.12,-264402295.14,0.0,0.0,0.0,0.0,0.0,0.0,,0,0.0,0.0,0.0,0.0,0.0,,0.0,0.0,0.0,0.0,0.0,0,0.0,0.0,0.0,0.0,0.0,0.0,0.0,0.0,0.0,-72.44,0.0,1300.0,1300.0,0.0,1.0,1.0,240500000.0,0.0,0.0,0
2022-07-08,trade,T07,True,,SUP_USEC_02,290477763.71,4349975.82,-310466292.0,26107900.0,17799.19,224.634,539009.29,1565.6073,-1340.9733,0.85652,-247,-1235000.0,460778.95,3678444.44,0.0,-3217665.48,-0.0,-12377.11,0.0,0.0,0.0,0.0,0,0.0,0.0,3730554.01,0.0,0.0,1890.0,-124053.09,1001.95,-2505.7,-85.06,1.83,1890.0,0.0,1890.0,1.0,0.0,0.0,0.0,0.0,0
2022-07-08,trade,T08,True,,SUP_USEC_02,252183572.78,9483740.26,-242336196.29,0.0,33644.67,424.6113,1018854.85,424.6113,0.0,-0.0,0,0.0,3179767.23,3179767.23,0.0,0.0,-0.0,2881.91,0.0,0.0,0.0,0.0,0,0.0,0.0,3316048.01,0.0,0.0,1680.0,-100274.88,2132.11,-2167.89,-66.39,4.13,1680.0,0.0,1680.0,0.285714,0.0,0.0,0.0,0.0,0
2022-07-11,book,BOOK,True,BOOK,BOOK,918843158.57,219888571.63,-853390576.03,25558325.0,57000.09,717.3008,1733716.08,2057.6905,-1340.3896,0.651405,-247,-1235000.0,3604715.2,1810436.63,5034000.31,-3239721.74,-2.780545,-9026.85,0.0,0.0,0.0,0.0,0,0.0,0.0,7089948.0,0.0,0.0,3570.0,-227686.46,3359.38,-4702.4,-233.81,6.62,13150.0,9580.0,3570.0,0.916667,0.75,620215805.0,0.0,0.0,0
2022-07-11,trade,T01,True,"BUY_MUN_01,BUY_RJK_01",SUP_USEC_01,0.0,37814185.51,45062704.95,0.0,0.0,0.0,0.0,0.0,0.0,,0,0.0,0.0,0.0,0.0,0.0,,0.0,0.0,0.0,0.0,0.0,0,0.0,0.0,0.0,0.0,0.0,0.0,0.0,0.0,0.0,12.35,0.0,2520.0,2520.0,0.0,1.0,1.0,0.0,0.0,0.0,0
2022-07-11,trade,T02,True,BUY_JNPT_01,SUP_JEA_01,-90309429.15,51552504.18,140146177.39,0.0,0.0,0.0,0.0,0.0,0.0,,0,0.0,-8418.07,-1174518.43,1166100.37,0.0,0.992833,0.0,0.0,0.0,0.0,0.0,0,0.0,0.0,0.0,0.0,0.0,0.0,0.0,-0.18,0.19,38.4,0.0,1200.0,1200.0,0.0,1.0,1.0,0.0,0.0,0.0,0
2022-07-11,trade,T03,True,BUY_JNPT_01,SUP_JEA_01,0.0,31064349.11,34049620.07,0.0,0.0,0.0,0.0,0.0,0.0,,0,0.0,0.0,0.0,0.0,0.0,,0.0,0.0,0.0,0.0,0.0,0,0.0,0.0,0.0,0.0,0.0,0.0,0.0,0.0,0.0,9.33,0.0,1200.0,1200.0,0.0,1.0,1.0,0.0,0.0,0.0,0
2022-07-11,trade,T04,True,BUY_RJK_01,SUP_USEC_02,61582500.0,8280747.37,-96115124.79,0.0,0.0,0.0,0.0,0.0,0.0,,0,0.0,0.0,0.0,0.0,0.0,,0.0,0.0,0.0,0.0,0.0,0,0.0,0.0,0.0,0.0,0.0,0.0,0.0,0.0,0.0,-26.33,0.0,1260.0,1260.0,0.0,1.0,1.0,61582500.0,0.0,0.0,0
2022-07-11,trade,T05,True,BUY_MUN_01,SUP_USEC_01,161546746.84,55484685.28,-165374495.23,0.0,0.0,0.0,0.0,0.0,0.0,,0,0.0,-21198.33,-3889098.27,3867899.94,0.0,0.994549,0.0,0.0,0.0,0.0,0.0,0,0.0,0.0,0.0,0.0,0.0,0.0,0.0,-1.66,1.68,-45.31,0.0,2100.0,2100.0,0.0,1.0,1.0,318133305.0,0.0,0.0,0
2022-07-11,trade,T06,True,BUY_JNPT_01,SUP_JEA_01,240500000.0,13950444.33,-264402295.14,0.0,0.0,0.0,0.0,0.0,0.0,,0,0.0,0.0,0.0,0.0,0.0,,0.0,0.0,0.0,0.0,0.0,0,0.0,0.0,0.0,0.0,0.0,0.0,0.0,0.0,0.0,-72.44,0.0,1300.0,1300.0,0.0,1.0,1.0,240500000.0,0.0,0.0,0
2022-07-11,trade,T07,True,,SUP_USEC_02,292658063.22,11773399.34,-304420967.0,25558325.0,18004.08,226.567,547612.44,1566.9566,-1340.3896,0.85541,-247,-1235000.0,455120.82,3694842.56,0.0,-3239721.74,-0.0,-11908.54,0.0,0.0,0.0,0.0,0,0.0,0.0,3753501.88,0.0,0.0,1890.0,-124517.74,1216.2,-2523.65,-83.4,1.85,1890.0,0.0,1890.0,1.0,0.0,0.0,0.0,0.0,0
2022-07-11,trade,T08,True,,SUP_USEC_02,252865277.66,9968256.51,-242336196.29,0.0,38996.02,490.7338,1186103.64,490.7338,0.0,-0.0,0,0.0,3179210.77,3179210.77,0.0,0.0,-0.0,2881.69,0.0,0.0,0.0,0.0,0,0.0,0.0,3336446.12,0.0,0.0,1680.0,-103168.72,2145.01,-2180.62,-66.39,4.78,1680.0,0.0,1680.0,0.333333,0.0,0.0,0.0,0.0,0
2022-07-12,book,BOOK,True,BOOK,BOOK,1001850122.47,213876166.98,-942002644.14,25403950.0,62295.77,782.981,1846269.14,2123.176,-1340.1951,0.631222,-247,-1235000.0,3597054.72,3598015.94,3159218.75,-3160179.97,-0.878045,-11694.98,0.0,0.0,0.0,0.0,0,0.0,0.0,6944446.33,0.0,0.0,3570.0,-228821.49,3394.71,-4638.46,-258.08,7.26,13150.0,9580.0,3570.0,0.922619,0.75,620215805.0,0.0,0.0,0
2022-07-12,trade,T01,True,"BUY_MUN_01,BUY_RJK_01",SUP_USEC_01,0.0,37814185.51,45062704.95,0.0,0.0,0.0,0.0,0.0,0.0,,0,0.0,0.0,0.0,0.0,0.0,,0.0,0.0,0.0,0.0,0.0,0,0.0,0.0,0.0,0.0,0.0,0.0,0.0,0.0,0.0,12.35,0.0,2520.0,2520.0,0.0,1.0,1.0,0.0,0.0,0.0,0
2022-07-12,trade,T02,True,BUY_JNPT_01,SUP_JEA_01,0.0,51589752.47,49835984.28,0.0,0.0,0.0,0.0,0.0,0.0,,0,0.0,-8417.34,-1174417.34,1166000.0,0.0,0.992833,0.0,0.0,0.0,0.0,0.0,0,0.0,0.0,0.0,0.0,0.0,0.0,0.0,0.0,0.0,13.65,0.0,1200.0,1200.0,0.0,1.0,1.0,0.0,0.0,0.0,0
2022-07-12,trade,T03,True,BUY_JNPT_01,SUP_JEA_01,0.0,31064349.11,34049620.07,0.0,0.0,0.0,0.0,0.0,0.0,,0,0.0,0.0,0.0,0.0,0.0,,0.0,0.0,0.0,0.0,0.0,0,0.0,0.0,0.0,0.0,0.0,0.0,0.0,0.0,0.0,9.33,0.0,1200.0,1200.0,0.0,1.0,1.0,0.0,0.0,0.0,0
2022-07-12,trade,T04,True,BUY_RJK_01,SUP_USEC_02,61582500.0,8254677.79,-96115124.79,0.0,0.0,0.0,0.0,0.0,0.0,,0,0.0,0.0,0.0,0.0,0.0,,0.0,0.0,0.0,0.0,0.0,0,0.0,0.0,0.0,0.0,0.0,0.0,0.0,0.0,0.0,-26.33,0.0,1260.0,1260.0,0.0,1.0,1.0,61582500.0,0.0,0.0,0
2022-07-12,trade,T05,True,BUY_MUN_01,SUP_USEC_01,161545763.76,55438847.19,-165374495.23,0.0,0.0,0.0,0.0,0.0,0.0,,0,0.0,-10877.66,-2004096.41,1993218.75,0.0,0.994572,0.0,0.0,0.0,0.0,0.0,0,0.0,0.0,0.0,0.0,0.0,0.0,0.0,-1.42,1.44,-45.31,0.0,2100.0,2100.0,0.0,1.0,1.0,318133305.0,0.0,0.0,0
2022-07-12,trade,T06,True,BUY_JNPT_01,SUP_JEA_01,240500000.0,13878729.74,-264402295.14,0.0,0.0,0.0,0.0,0.0,0.0,,0,0.0,0.0,0.0,0.0,0.0,,0.0,0.0,0.0,0.0,0.0,0,0.0,0.0,0.0,0.0,0.0,0.0,0.0,0.0,0.0,-72.44,0.0,1300.0,1300.0,0.0,1.0,1.0,240500000.0,0.0,0.0,0
2022-07-12,trade,T07,True,,SUP_USEC_02,286576662.16,7153179.29,-302722842.0,25403950.0,18081.01,227.256,535869.6,1567.451,-1340.1951,0.855016,-247,-1235000.0,455862.26,3616042.23,0.0,-3160179.97,-0.0,-14067.27,0.0,0.0,0.0,0.0,0,0.0,0.0,3676471.59,0.0,0.0,1890.0,-124710.01,1264.35,-2472.8,-82.94,1.85,1890.0,0.0,1890.0,1.0,0.0,0.0,0.0,0.0,0
2022-07-12,trade,T08,True,,SUP_USEC_02,251645196.55,8682445.86,-242336196.29,0.0,44214.76,555.725,1310399.54,555.725,0.0,-0.0,0,0.0,3160487.45,3160487.45,0.0,0.0,-0.0,2372.29,0.0,0.0,0.0,0.0,0,0.0,0.0,3267974.74,0.0,0.0,1680.0,-104111.48,2131.78,-2167.1,-66.39,5.41,1680.0,0.0,1680.0,0.380952,0.0,0.0,0.0,0.0,0
2022-07-13,book,BOOK,True,BOOK,BOOK,999672324.53,210790391.93,-942681894.14,25465700.0,67528.62,848.4007,1987802.81,2188.4012,-1340.0005,0.612319,-247,-1235000.0,3596653.47,4743274.77,1992999.89,-3139621.19,-0.420174,-12472.08,0.0,0.0,0.0,0.0,0,0.0,0.0,6902255.56,0.0,0.0,3570.0,-229692.34,3451.88,-4619.37,-258.27,7.9,13150.0,9580.0,3570.0,0.928571,0.75,620215805.0,0.0,0.0,0
2022-07-13,trade,T01,True,"BUY_MUN_01,BUY_RJK_01",SUP_USEC_01,0.0,37814185.51,45062704.95,0.0,0.0,0.0,0.0,0.0,0.0,,0,0.0,0.0,0.0,0.0,0.0,,0.0,0.0,0.0,0.0,0.0,0,0.0,0.0,0.0,0.0,0.0,0.0,0.0,0.0,0.0,12.35,0.0,2520.0,2520.0,0.0,1.0,1.0,0.0,0.0,0.0,0
2022-07-13,trade,T02,True,BUY_JNPT_01,SUP_JEA_01,0.0,51589752.47,49835984.28,0.0,0.0,0.0,0.0,0.0,0.0,,0,0.0,0.0,0.0,0.0,0.0,,0.0,0.0,0.0,0.0,0.0,0,0.0,0.0,0.0,0.0,0.0,0.0,0.0,0.0,0.0,13.65,0.0,1200.0,1200.0,0.0,1.0,1.0,0.0,0.0,0.0,0
2022-07-13,trade,T03,True,BUY_JNPT_01,SUP_JEA_01,0.0,31064349.11,34049620.07,0.0,0.0,0.0,0.0,0.0,0.0,,0,0.0,0.0,0.0,0.0,0.0,,0.0,0.0,0.0,0.0,0.0,0,0.0,0.0,0.0,0.0,0.0,0.0,0.0,0.0,0.0,9.33,0.0,1200.0,1200.0,0.0,1.0,1.0,0.0,0.0,0.0,0
2022-07-13,trade,T04,True,BUY_RJK_01,SUP_USEC_02,61582500.0,8228608.21,-96115124.79,0.0,0.0,0.0,0.0,0.0,0.0,,0,0.0,0.0,0.0,0.0,0.0,,0.0,0.0,0.0,0.0,0.0,0,0.0,0.0,0.0,0.0,0.0,0.0,0.0,0.0,0.0,-26.33,0.0,1260.0,1260.0,0.0,1.0,1.0,61582500.0,0.0,0.0,0
2022-07-13,trade,T05,True,BUY_MUN_01,SUP_USEC_01,161545500.95,55393729.39,-165374495.23,0.0,0.0,0.0,0.0,0.0,0.0,,0,0.0,-10876.46,-2003876.36,1992999.89,0.0,0.994572,0.0,0.0,0.0,0.0,0.0,0,0.0,0.0,0.0,0.0,0.0,0.0,0.0,-1.19,1.2,-45.31,0.0,2100.0,2100.0,0.0,1.0,1.0,318133305.0,0.0,0.0,0
2022-07-13,trade,T06,True,BUY_JNPT_01,SUP_JEA_01,240500000.0,13807015.14,-264402295.14,0.0,0.0,0.0,0.0,0.0,0.0,,0,0.0,0.0,0.0,0.0,0.0,,0.0,0.0,0.0,0.0,0.0,0,0.0,0.0,0.0,0.0,0.0,0.0,0.0,0.0,0.0,-72.44,0.0,1300.0,1300.0,0.0,1.0,1.0,240500000.0,0.0,0.0,0
2022-07-13,trade,T07,True,,SUP_USEC_02,284890225.17,4767133.93,-303402092.0,25465700.0,18130.61,227.7852,533700.7,1567.7857,-1340.0005,0.854709,-247,-1235000.0,454331.79,3593952.98,0.0,-3139621.19,-0.0,-14658.09,0.0,0.0,0.0,0.0,0,0.0,0.0,3654135.3,0.0,0.0,1890.0,-124788.22,1325.75,-2458.34,-83.12,1.86,1890.0,0.0,1890.0,1.0,0.0,0.0,0.0,0.0,0
2022-07-13,trade,T08,True,,SUP_USEC_02,251154098.4,8125618.17,-242336196.29,0.0,49398.01,620.6155,1454102.1,620.6155,0.0,-0.0,0,0.0,3153198.14,3153198.14,0.0,0.0,-0.0,2186.0,0.0,0.0,0.0,0.0,0,0.0,0.0,3248120.26,0.0,0.0,1680.0,-104904.12,2127.31,-2162.23,-66.39,6.04,1680.0,0.0,1680.0,0.428571,0.0,0.0,0.0,0.0,0
2022-07-14,book,BOOK,True,BOOK,BOOK,1000052640.32,213411796.38,-939896969.14,25212525.0,73139.14,913.8372,2128326.84,2253.6431,-1339.8059,0.594507,-247,-1235000.0,3584445.37,4712013.46,1992839.96,-3120408.04,-0.422927,-13333.65,0.0,0.0,0.0,0.0,0,0.0,0.0,6893724.94,0.0,0.0,3570.0,-231689.19,3524.04,-4622.79,-257.51,8.54,13150.0,9580.0,3570.0,0.934524,0.75,620215805.0,0.0,0.0,0
2022-07-14,trade,T01,True,"BUY_MUN_01,BUY_RJK_01",SUP_USEC_01,0.0,37814185.51,45062704.95,0.0,0.0,0.0,0.0,0.0,0.0,,0,0.0,0.0,0.0,0.0,0.0,,0.0,0.0,0.0,0.0,0.0,0,0.0,0.0,0.0,0.0,0.0,0.0,0.0,0.0,0.0,12.35,0.0,2520.0,2520.0,0.0,1.0,1.0,0.0,0.0,0.0,0
2022-07-14,trade,T02,True,BUY_JNPT_01,SUP_JEA_01,0.0,51589752.47,49835984.28,0.0,0.0,0.0,0.0,0.0,0.0,,0,0.0,0.0,0.0,0.0,0.0,,0.0,0.0,0.0,0.0,0.0,0,0.0,0.0,0.0,0.0,0.0,0.0,0.0,0.0,0.0,13.65,0.0,1200.0,1200.0,0.0,1.0,1.0,0.0,0.0,0.0,0
2022-07-14,trade,T03,True,BUY_JNPT_01,SUP_JEA_01,0.0,31064349.11,34049620.07,0.0,0.0,0.0,0.0,0.0,0.0,,0,0.0,0.0,0.0,0.0,0.0,,0.0,0.0,0.0,0.0,0.0,0,0.0,0.0,0.0,0.0,0.0,0.0,0.0,0.0,0.0,9.33,0.0,1200.0,1200.0,0.0,1.0,1.0,0.0,0.0,0.0,0
2022-07-14,trade,T04,True,BUY_RJK_01,SUP_USEC_02,61582500.0,8202538.63,-96115124.79,0.0,0.0,0.0,0.0,0.0,0.0,,0,0.0,0.0,0.0,0.0,0.0,,0.0,0.0,0.0,0.0,0.0,0,0.0,0.0,0.0,0.0,0.0,0.0,0.0,0.0,0.0,-26.33,0.0,1260.0,1260.0,0.0,1.0,1.0,61582500.0,0.0,0.0,0
2022-07-14,trade,T05,True,BUY_MUN_01,SUP_USEC_01,161540785.17,55344158.6,-165374495.23,0.0,0.0,0.0,0.0,0.0,0.0,,0,0.0,-10875.59,-2003715.55,1992839.96,0.0,0.994572,0.0,0.0,0.0,0.0,0.0,0,0.0,0.0,0.0,0.0,0.0,0.0,0.0,-0.95,0.97,-45.31,0.0,2100.0,2100.0,0.0,1.0,1.0,318133305.0,0.0,0.0,0
2022-07-14,trade,T06,True,BUY_JNPT_01,SUP_JEA_01,240500000.0,13735300.55,-264402295.14,0.0,0.0,0.0,0.0,0.0,0.0,,0,0.0,0.0,0.0,0.0,0.0,,0.0,0.0,0.0,0.0,0.0,0,0.0,0.0,0.0,0.0,0.0,0.0,0.0,0.0,0.0,-72.44,0.0,1300.0,1300.0,0.0,1.0,1.0,240500000.0,0.0,0.0,0
2022-07-14,trade,T07,True,,SUP_USEC_02,284636429.95,6962796.08,-300617167.0,25212525.0,18274.71,228.3334,531788.47,1568.1393,-1339.8059,0.854392,-247,-1235000.0,451227.03,3571635.07,0.0,-3120408.04,-0.0,-15270.31,0.0,0.0,0.0,0.0,0,0.0,0.0,3649619.09,0.0,0.0,1890.0,-125506.35,1392.82,-2456.58,-82.36,1.87,1890.0,0.0,1890.0,1.0,0.0,0.0,0.0,0.0,0
2022-07-14,trade,T08,True,,SUP_USEC_02,251792925.21,8698715.43,-242336196.29,0.0,54864.43,685.5038,1596538.37,685.5038,0.0,-0.0,0,0.0,3144093.93,3144093.93,0.0,0.0,-0.0,1936.66,0.0,0.0,0.0,0.0,0,0.0,0.0,3244105.86,0.0,0.0,1680.0,-106182.85,2132.18,-2167.18,-66.39,6.67,1680.0,0.0,1680.0,0.47619,0.0,0.0,0.0,0.0,0
2022-07-15,book,BOOK,True,BOOK,BOOK,998525756.98,210729894.06,-944238118.58,48912950.0,-21871.95,-273.9304,-635655.49,2319.4471,-2593.3775,1.118102,-477,-2385345.0,683869.41,4709113.67,1992688.18,-6017932.44,-0.423156,-13424.99,0.0,0.0,0.0,0.0,0,0.0,0.0,6866296.89,0.0,0.0,3570.0,-231865.99,614.2,-4609.81,-258.7,-3.36,13150.0,9580.0,3570.0,0.940476,0.75,620215805.0,0.0,0.0,0
2022-07-15,trade,T01,True,"BUY_MUN_01,BUY_RJK_01",SUP_USEC_01,0.0,37814185.51,45062704.95,0.0,0.0,0.0,0.0,0.0,0.0,,0,0.0,0.0,0.0,0.0,0.0,,0.0,0.0,0.0,0.0,0.0,0,0.0,0.0,0.0,0.0,0.0,0.0,0.0,0.0,0.0,12.35,0.0,2520.0,2520.0,0.0,1.0,1.0,0.0,0.0,0.0,0
2022-07-15,trade,T02,True,BUY_JNPT_01,SUP_JEA_01,0.0,51589752.47,49835984.28,0.0,0.0,0.0,0.0,0.0,0.0,,0,0.0,0.0,0.0,0.0,0.0,,0.0,0.0,0.0,0.0,0.0,0,0.0,0.0,0.0,0.0,0.0,0.0,0.0,0.0,0.0,13.65,0.0,1200.0,1200.0,0.0,1.0,1.0,0.0,0.0,0.0,0
2022-07-15,trade,T03,True,BUY_JNPT_01,SUP_JEA_01,0.0,31064349.11,34049620.07,0.0,0.0,0.0,0.0,0.0,0.0,,0,0.0,0.0,0.0,0.0,0.0,,0.0,0.0,0.0,0.0,0.0,0,0.0,0.0,0.0,0.0,0.0,0.0,0.0,0.0,0.0,9.33,0.0,1200.0,1200.0,0.0,1.0,1.0,0.0,0.0,0.0,0
2022-07-15,trade,T04,True,BUY_RJK_01,SUP_USEC_02,61582500.0,8176469.05,-96115124.79,0.0,0.0,0.0,0.0,0.0,0.0,,0,0.0,0.0,0.0,0.0,0.0,,0.0,0.0,0.0,0.0,0.0,0,0.0,0.0,0.0,0.0,0.0,0.0,0.0,0.0,0.0,-26.33,0.0,1260.0,1260.0,0.0,1.0,1.0,61582500.0,0.0,0.0,0
2022-07-15,trade,T05,True,BUY_MUN_01,SUP_USEC_01,161542920.93,55301439.36,-165374495.23,0.0,0.0,0.0,0.0,0.0,0.0,,0,0.0,-10874.76,-2003562.94,1992688.18,0.0,0.994572,0.0,0.0,0.0,0.0,0.0,0,0.0,0.0,0.0,0.0,0.0,0.0,0.0,-0.71,0.72,-45.31,0.0,2100.0,2100.0,0.0,1.0,1.0,318133305.0,0.0,0.0,0
2022-07-15,trade,T06,True,BUY_JNPT_01,SUP_JEA_01,240500000.0,13663585.95,-244177906.57,0.0,0.0,0.0,0.0,0.0,0.0,,0,0.0,0.0,0.0,0.0,0.0,,0.0,0.0,0.0,0.0,0.0,0,0.0,0.0,0.0,0.0,0.0,0.0,0.0,0.0,0.0,-66.9,0.0,1300.0,1300.0,0.0,1.0,1.0,240500000.0,0.0,0.0,0
2022-07-15,trade,T07,True,,SUP_USEC_02,283576999.2,5142578.07,-301364342.0,25280450.0,18306.59,229.2769,532037.11,1568.8883,-1339.6114,0.85386,-247,-1235000.0,458441.89,3567010.1,0.0,-3108568.21,-0.0,-15401.32,0.0,0.0,0.0,0.0,0,0.0,0.0,3635098.35,0.0,0.0,1890.0,-125267.73,1457.97,-2447.67,-82.57,1.87,1890.0,0.0,1890.0,1.0,0.0,0.0,0.0,0.0,0
2022-07-15,trade,T08,True,,SUP_USEC_02,251323336.86,7977534.53,-266154559.29,23632500.0,-40178.54,-503.2073,-1167692.6,750.5588,-1253.7661,1.670444,-230,-1150345.0,236302.28,3145666.51,0.0,-2909364.23,-0.0,1976.34,0.0,0.0,0.0,0.0,0,0.0,0.0,3231198.53,0.0,0.0,1680.0,-106598.26,-843.06,-2162.87,-72.92,-5.23,1680.0,0.0,1680.0,0.52381,0.0,0.0,0.0,0.0,0
2022-07-18,book,BOOK,True,BOOK,BOOK,1161928166.22,209269774.68,-1108957451.16,49651825.0,-18516.44,-231.4954,-550380.24,2360.3789,-2591.8743,1.098076,-477,-2385000.0,610952.48,4780933.53,1992200.0,-6162181.05,-0.416697,-11445.17,0.0,0.0,0.0,0.0,0,0.0,0.0,7042080.39,0.0,0.0,3570.0,-232062.84,982.3,-4677.36,-303.82,-2.94,13150.0,9580.0,3570.0,0.946429,0.75,620215805.0,0.0,0.0,0
2022-07-18,trade,T01,True,"BUY_MUN_01,BUY_RJK_01",SUP_USEC_01,0.0,37814185.51,45062704.95,0.0,0.0,0.0,0.0,0.0,0.0,,0,0.0,0.0,0.0,0.0,0.0,,0.0,0.0,0.0,0.0,0.0,0,0.0,0.0,0.0,0.0,0.0,0.0,0.0,0.0,0.0,12.35,0.0,2520.0,2520.0,0.0,1.0,1.0,0.0,0.0,0.0,0
2022-07-18,trade,T02,True,BUY_JNPT_01,SUP_JEA_01,0.0,51589752.47,49835984.28,0.0,0.0,0.0,0.0,0.0,0.0,,0,0.0,0.0,0.0,0.0,0.0,,0.0,0.0,0.0,0.0,0.0,0,0.0,0.0,0.0,0.0,0.0,0.0,0.0,0.0,0.0,13.65,0.0,1200.0,1200.0,0.0,1.0,1.0,0.0,0.0,0.0,0
2022-07-18,trade,T03,True,BUY_JNPT_01,SUP_JEA_01,0.0,31064349.11,34049620.07,0.0,0.0,0.0,0.0,0.0,0.0,,0,0.0,0.0,0.0,0.0,0.0,,0.0,0.0,0.0,0.0,0.0,0,0.0,0.0,0.0,0.0,0.0,0.0,0.0,0.0,0.0,9.33,0.0,1200.0,1200.0,0.0,1.0,1.0,0.0,0.0,0.0,0
2022-07-18,trade,T04,True,BUY_RJK_01,SUP_USEC_02,61582500.0,8097470.31,-96115124.79,0.0,0.0,0.0,0.0,0.0,0.0,,0,0.0,0.0,0.0,0.0,0.0,,0.0,0.0,0.0,0.0,0.0,0,0.0,0.0,0.0,0.0,0.0,0.0,0.0,0.0,0.0,-26.33,0.0,1260.0,1260.0,0.0,1.0,1.0,61582500.0,0.0,0.0,0
2022-07-18,trade,T05,True,BUY_MUN_01,SUP_USEC_01,318133305.0,55164191.61,-321966202.81,0.0,0.0,0.0,0.0,0.0,0.0,,0,0.0,-10872.1,-2003072.1,1992200.0,0.0,0.994572,0.0,0.0,0.0,0.0,0.0,0,0.0,0.0,0.0,0.0,0.0,0.0,0.0,0.0,0.0,-88.21,0.0,2100.0,2100.0,0.0,1.0,1.0,318133305.0,0.0,0.0,0
2022-07-18,trade,T06,True,BUY_JNPT_01,SUP_JEA_01,240500000.0,13462891.78,-244177906.57,0.0,0.0,0.0,0.0,0.0,0.0,,0,0.0,0.0,0.0,0.0,0.0,,0.0,0.0,0.0,0.0,0.0,0,0.0,0.0,0.0,0.0,0.0,0.0,0.0,0.0,0.0,-66.9,0.0,1300.0,1300.0,0.0,1.0,1.0,240500000.0,0.0,0.0,0
2022-07-18,trade,T07,True,,SUP_USEC_02,288723345.5,2939977.65,-309175717.0,25990575.0,17382.79,217.3223,516683.81,1556.35,-1339.0277,0.860364,-247,-1235000.0,439949.85,3623488.19,0.0,-3183538.34,-0.0,-13838.61,0.0,0.0,0.0,0.0,0,0.0,0.0,3728160.21,0.0,0.0,1890.0,-124486.52,1684.33,-2490.48,-84.71,1.76,1890.0,0.0,1890.0,1.0,0.0,0.0,0.0,0.0,0
2022-07-18,trade,T08,True,,SUP_USEC_02,252989015.72,9136956.22,-266470809.29,23661250.0,-35899.22,-448.8177,-1067064.06,804.0289,-1252.8466,1.558211,-230,-1150000.0,181874.73,3160517.44,0.0,-2978642.71,-0.0,2393.44,0.0,0.0,0.0,0.0,0,0.0,0.0,3313920.18,0.0,0.0,1680.0,-107576.32,-702.03,-2186.88,-73.01,-4.7,1680.0,0.0,1680.0,0.571429,0.0,0.0,0.0,0.0,0
2022-07-19,book,BOOK,True,BOOK,BOOK,1172399268.02,210519765.17,-1148702547.48,50087600.0,-14812.21,-185.2928,-446926.23,2406.2057,-2591.4985,1.077006,-477,-2385000.0,611596.63,6862291.06,0.0,-6250694.44,-0.0,-10936.21,0.0,0.0,0.0,0.0,0,0.0,0.0,7095425.28,0.0,0.0,3556.77,-230945.22,1123.54,-4733.43,-314.71,-2.49,13150.0,9580.0,3556.77,0.952381,0.75,620215805.0,0.0,4780822.3,0
2022-07-19,trade,T01,True,"BUY_MUN_01,BUY_RJK_01",SUP_USEC_01,0.0,37814185.51,45062704.95,0.0,0.0,0.0,0.0,0.0,0.0,,0,0.0,0.0,0.0,0.0,0.0,,0.0,0.0,0.0,0.0,0.0,0,0.0,0.0,0.0,0.0,0.0,0.0,0.0,0.0,0.0,12.35,0.0,2520.0,2520.0,0.0,1.0,1.0,0.0,0.0,0.0,0
2022-07-19,trade,T02,True,BUY_JNPT_01,SUP_JEA_01,0.0,51589752.47,49835984.28,0.0,0.0,0.0,0.0,0.0,0.0,,0,0.0,0.0,0.0,0.0,0.0,,0.0,0.0,0.0,0.0,0.0,0,0.0,0.0,0.0,0.0,0.0,0.0,0.0,0.0,0.0,13.65,0.0,1200.0,1200.0,0.0,1.0,1.0,0.0,0.0,0.0,0
2022-07-19,trade,T03,True,BUY_JNPT_01,SUP_JEA_01,0.0,31064349.11,34049620.07,0.0,0.0,0.0,0.0,0.0,0.0,,0,0.0,0.0,0.0,0.0,0.0,,0.0,0.0,0.0,0.0,0.0,0,0.0,0.0,0.0,0.0,0.0,0.0,0.0,0.0,0.0,9.33,0.0,1200.0,1200.0,0.0,1.0,1.0,0.0,0.0,0.0,0
2022-07-19,trade,T04,True,BUY_RJK_01,SUP_USEC_02,61582500.0,8071137.4,-96115124.79,0.0,0.0,0.0,0.0,0.0,0.0,,0,0.0,0.0,0.0,0.0,0.0,,0.0,0.0,0.0,0.0,0.0,0,0.0,0.0,0.0,0.0,0.0,0.0,0.0,0.0,0.0,-26.33,0.0,1260.0,1260.0,0.0,1.0,1.0,61582500.0,0.0,0.0,0
2022-07-19,trade,T05,True,BUY_MUN_01,SUP_USEC_01,318133305.0,55075981.69,-321966202.81,0.0,0.0,0.0,0.0,0.0,0.0,,0,0.0,0.0,0.0,0.0,0.0,,0.0,0.0,0.0,0.0,0.0,0,0.0,0.0,0.0,0.0,0.0,0.0,0.0,0.0,0.0,-88.21,0.0,2100.0,2100.0,0.0,1.0,1.0,318133305.0,0.0,0.0,0
2022-07-19,trade,T06,True,BUY_JNPT_01,SUP_JEA_01,240500000.0,13395993.73,-244177906.57,0.0,0.0,0.0,0.0,0.0,0.0,,0,0.0,0.0,0.0,0.0,0.0,,0.0,0.0,0.0,0.0,0.0,0,0.0,0.0,0.0,0.0,0.0,0.0,0.0,0.0,0.0,-66.9,0.0,1300.0,1300.0,0.0,1.0,1.0,240500000.0,0.0,0.0,0
2022-07-19,trade,T07,True,,SUP_USEC_02,298471956.02,11599423.46,-340255563.32,25638600.0,16192.86,202.5639,488584.18,1541.3971,-1338.8331,0.868584,-247,-1235000.0,461914.57,3691180.08,0.0,-3229265.51,-0.0,-13620.57,0.0,0.0,0.0,0.0,0,0.0,0.0,3743981.56,0.0,0.0,1876.77,-123218.51,1787.31,-2534.16,-93.22,1.61,1890.0,0.0,1876.77,1.0,0.0,0.0,0.0,4780822.3,0
2022-07-19,trade,T08,True,,SUP_USEC_02,253711506.99,1908941.8,-275136059.29,24449000.0,-31005.07,-387.8567,-935510.4,864.8087,-1252.6654,1.448488,-230,-1150000.0,149682.05,3171110.98,0.0,-3021428.93,-0.0,2684.36,0.0,0.0,0.0,0.0,0,0.0,0.0,3351443.72,0.0,0.0,1680.0,-107726.71,-663.77,-2199.27,-75.38,-4.11,1680.0,0.0,1680.0,0.619048,0.0,0.0,0.0,0.0,0
2022-07-20,book,BOOK,True,BOOK,BOOK,1175999092.61,215165244.19,-1147077676.73,49858425.0,-117936.23,-1474.0758,-3621067.12,2462.9113,-3936.987,1.598509,-477,-3620741.0,-2770745.98,6900462.69,0.0,-9671208.66,-0.0,46729.9,0.0,0.0,0.0,0.0,0,0.0,0.0,7182045.7,0.0,0.0,3556.77,-230971.4,-1793.82,-4770.47,-314.27,-15.4,13150.0,9580.0,3556.77,0.958333,0.75,620215805.0,0.0,4784563.97,0
2022-07-20,trade,T01,True,"BUY_MUN_01,BUY_RJK_01",SUP_USEC_01,0.0,37814185.51,45062704.95,0.0,0.0,0.0,0.0,0.0,0.0,,0,0.0,0.0,0.0,0.0,0.0,,0.0,0.0,0.0,0.0,0.0,0,0.0,0.0,0.0,0.0,0.0,0.0,0.0,0.0,0.0,12.35,0.0,2520.0,2520.0,0.0,1.0,1.0,0.0,0.0,0.0,0
2022-07-20,trade,T02,True,BUY_JNPT_01,SUP_JEA_01,0.0,51589752.47,49835984.28,0.0,0.0,0.0,0.0,0.0,0.0,,0,0.0,0.0,0.0,0.0,0.0,,0.0,0.0,0.0,0.0,0.0,0,0.0,0.0,0.0,0.0,0.0,0.0,0.0,0.0,0.0,13.65,0.0,1200.0,1200.0,0.0,1.0,1.0,0.0,0.0,0.0,0
2022-07-20,trade,T03,True,BUY_JNPT_01,SUP_JEA_01,0.0,31064349.11,34049620.07,0.0,0.0,0.0,0.0,0.0,0.0,,0,0.0,0.0,0.0,0.0,0.0,,0.0,0.0,0.0,0.0,0.0,0,0.0,0.0,0.0,0.0,0.0,0.0,0.0,0.0,0.0,9.33,0.0,1200.0,1200.0,0.0,1.0,1.0,0.0,0.0,0.0,0
2022-07-20,trade,T04,True,BUY_RJK_01,SUP_USEC_02,61582500.0,8044804.49,-96115124.79,0.0,0.0,0.0,0.0,0.0,0.0,,0,0.0,0.0,0.0,0.0,0.0,,0.0,0.0,0.0,0.0,0.0,0,0.0,0.0,0.0,0.0,0.0,0.0,0.0,0.0,0.0,-26.33,0.0,1260.0,1260.0,0.0,1.0,1.0,61582500.0,0.0,0.0,0
2022-07-20,trade,T05,True,BUY_MUN_01,SUP_USEC_01,318133305.0,54987771.77,-321966202.81,0.0,0.0,0.0,0.0,0.0,0.0,,0,0.0,0.0,0.0,0.0,0.0,,0.0,0.0,0.0,0.0,0.0,0,0.0,0.0,0.0,0.0,0.0,0.0,0.0,0.0,0.0,-88.21,0.0,2100.0,2100.0,0.0,1.0,1.0,318133305.0,0.0,0.0,0
2022-07-20,trade,T06,True,BUY_JNPT_01,SUP_JEA_01,240500000.0,13329095.67,-244177906.57,0.0,0.0,0.0,0.0,0.0,0.0,,0,0.0,0.0,0.0,0.0,0.0,,0.0,0.0,0.0,0.0,0.0,0,0.0,0.0,0.0,0.0,0.0,0.0,0.0,0.0,0.0,-66.9,0.0,1300.0,1300.0,0.0,1.0,1.0,240500000.0,0.0,0.0,0
2022-07-20,trade,T07,True,,SUP_USEC_02,301322104.2,11669546.68,-343121442.57,25817675.0,-91781.69,-1147.1721,-2818028.34,1537.3307,-2684.5028,1.74621,-247,-2470741.0,-2871652.38,3722828.79,0.0,-6594481.17,-0.0,43869.5,0.0,0.0,0.0,0.0,0,0.0,0.0,3789687.81,0.0,0.0,1876.77,-122997.06,-1156.63,-2556.78,-94.01,-11.88,1890.0,0.0,1876.77,1.0,0.0,0.0,0.0,4784563.97,0
2022-07-20,trade,T08,True,,SUP_USEC_02,254461183.41,6665738.47,-270645309.29,24040750.0,-26154.55,-326.9036,-803038.77,925.5806,-1252.4842,1.353188,-230,-1150000.0,100906.41,3177633.9,0.0,-3076727.49,-0.0,2860.4,0.0,0.0,0.0,0.0,0,0.0,0.0,3392357.89,0.0,0.0,1680.0,-107974.34,-637.19,-2213.69,-74.15,-3.52,1680.0,0.0,1680.0,0.666667,0.0,0.0,0.0,0.0,0
2022-07-21,book,BOOK,True,BOOK,BOOK,1169256910.91,203661216.32,-1151931151.73,50299650.0,-6176.37,-77.3383,-187622.62,2519.8294,-2597.1676,1.030692,-477,-2385000.0,529774.2,6830502.87,0.0,-6300728.67,-0.0,44804.9,0.0,0.0,0.0,0.0,0,0.0,0.0,7102243.1,0.0,0.0,3556.77,-230348.52,-983.71,-4710.81,-315.6,-1.45,13150.0,9580.0,3556.77,0.964286,0.75,620215805.0,0.0,4775666.16,0
2022-07-21,trade,T01,True,"BUY_MUN_01,BUY_RJK_01",SUP_USEC_01,0.0,37814185.51,45062704.95,0.0,0.0,0.0,0.0,0.0,0.0,,0,0.0,0.0,0.0,0.0,0.0,,0.0,0.0,0.0,0.0,0.0,0,0.0,0.0,0.0,0.0,0.0,0.0,0.0,0.0,0.0,12.35,0.0,2520.0,2520.0,0.0,1.0,1.0,0.0,0.0,0.0,0
2022-07-21,trade,T02,True,BUY_JNPT_01,SUP_JEA_01,0.0,51589752.47,49835984.28,0.0,0.0,0.0,0.0,0.0,0.0,,0,0.0,0.0,0.0,0.0,0.0,,0.0,0.0,0.0,0.0,0.0,0,0.0,0.0,0.0,0.0,0.0,0.0,0.0,0.0,0.0,13.65,0.0,1200.0,1200.0,0.0,1.0,1.0,0.0,0.0,0.0,0
2022-07-21,trade,T03,True,BUY_JNPT_01,SUP_JEA_01,0.0,31064349.11,34049620.07,0.0,0.0,0.0,0.0,0.0,0.0,,0,0.0,0.0,0.0,0.0,0.0,,0.0,0.0,0.0,0.0,0.0,0,0.0,0.0,0.0,0.0,0.0,0.0,0.0,0.0,0.0,9.33,0.0,1200.0,1200.0,0.0,1.0,1.0,0.0,0.0,0.0,0
2022-07-21,trade,T04,True,BUY_RJK_01,SUP_USEC_02,61582500.0,8018471.58,-96115124.79,0.0,0.0,0.0,0.0,0.0,0.0,,0,0.0,0.0,0.0,0.0,0.0,,0.0,0.0,0.0,0.0,0.0,0,0.0,0.0,0.0,0.0,0.0,0.0,0.0,0.0,0.0,-26.33,0.0,1260.0,1260.0,0.0,1.0,1.0,61582500.0,0.0,0.0,0
2022-07-21,trade,T05,True,BUY_MUN_01,SUP_USEC_01,318133305.0,54899561.85,-321966202.81,0.0,0.0,0.0,0.0,0.0,0.0,,0,0.0,0.0,0.0,0.0,0.0,,0.0,0.0,0.0,0.0,0.0,0,0.0,0.0,0.0,0.0,0.0,0.0,0.0,0.0,0.0,-88.21,0.0,2100.0,2100.0,0.0,1.0,1.0,318133305.0,0.0,0.0,0
2022-07-21,trade,T06,True,BUY_JNPT_01,SUP_JEA_01,240500000.0,13262197.61,-244177906.57,0.0,0.0,0.0,0.0,0.0,0.0,,0,0.0,0.0,0.0,0.0,0.0,,0.0,0.0,0.0,0.0,0.0,0,0.0,0.0,0.0,0.0,0.0,0.0,0.0,0.0,0.0,-66.9,0.0,1300.0,1300.0,0.0,1.0,1.0,240500000.0,0.0,0.0,0
2022-07-21,trade,T07,True,,SUP_USEC_02,297181816.09,5150502.7,-345634667.57,26046150.0,15056.66,188.5339,457383.35,1533.3985,-1344.8646,0.877048,-247,-1235000.0,416315.59,3678957.06,0.0,-3262641.47,-0.0,42662.61,0.0,0.0,0.0,0.0,0,0.0,0.0,3747579.06,0.0,0.0,1876.77,-122459.97,-429.22,-2520.8,-94.69,1.48,1890.0,0.0,1876.77,1.0,0.0,0.0,0.0,4775666.16,0
2022-07-21,trade,T08,True,,SUP_USEC_02,251859289.81,1862195.47,-272985559.29,24253500.0,-21233.03,-265.8722,-645005.98,986.4308,-1252.303,1.269529,-230,-1150000.0,113458.61,3151545.8,0.0,-3038087.2,-0.0,2142.29,0.0,0.0,0.0,0.0,0,0.0,0.0,3354664.04,0.0,0.0,1680.0,-107888.55,-554.49,-2190.01,-74.79,-2.92,1680.0,0.0,1680.0,0.714286,0.0,0.0,0.0,0.0,0
2022-07-22,book,BOOK,True,BOOK,BOOK,1174320238.98,200860868.51,-1137253123.49,51050925.0,-1548.1,-19.3836,-47683.63,2577.4083,-2596.7919,1.007521,-477,-2385000.0,503112.13,6891220.19,0.0,-6388108.06,-0.0,46471.35,0.0,0.0,0.0,0.0,0,0.0,0.0,7200307.14,0.0,0.0,3556.77,-230161.81,-877.77,-4757.57,-311.58,-0.89,13150.0,9580.0,3556.77,0.970238,0.75,620215805.0,0.0,4775539.52,0
2022-07-22,trade,T01,True,"BUY_MUN_01,BUY_RJK_01",SUP_USEC_01,0.0,37814185.51,45062704.95,0.0,0.0,0.0,0.0,0.0,0.0,,0,0.0,0.0,0.0,0.0,0.0,,0.0,0.0,0.0,0.0,0.0,0,0.0,0.0,0.0,0.0,0.0,0.0,0.0,0.0,0.0,12.35,0.0,2520.0,2520.0,0.0,1.0,1.0,0.0,0.0,0.0,0
2022-07-22,trade,T02,True,BUY_JNPT_01,SUP_JEA_01,0.0,51589752.47,49835984.28,0.0,0.0,0.0,0.0,0.0,0.0,,0,0.0,0.0,0.0,0.0,0.0,,0.0,0.0,0.0,0.0,0.0,0,0.0,0.0,0.0,0.0,0.0,0.0,0.0,0.0,0.0,13.65,0.0,1200.0,1200.0,0.0,1.0,1.0,0.0,0.0,0.0,0
2022-07-22,trade,T03,True,BUY_JNPT_01,SUP_JEA_01,0.0,31064349.11,34049620.07,0.0,0.0,0.0,0.0,0.0,0.0,,0,0.0,0.0,0.0,0.0,0.0,,0.0,0.0,0.0,0.0,0.0,0,0.0,0.0,0.0,0.0,0.0,0.0,0.0,0.0,0.0,9.33,0.0,1200.0,1200.0,0.0,1.0,1.0,0.0,0.0,0.0,0
2022-07-22,trade,T04,True,BUY_RJK_01,SUP_USEC_02,61582500.0,7992138.67,-73173071.55,0.0,0.0,0.0,0.0,0.0,0.0,,0,0.0,0.0,0.0,0.0,0.0,,0.0,0.0,0.0,0.0,0.0,0,0.0,0.0,0.0,0.0,0.0,0.0,0.0,0.0,0.0,-20.05,0.0,1260.0,1260.0,0.0,1.0,1.0,61582500.0,0.0,0.0,0
2022-07-22,trade,T05,True,BUY_MUN_01,SUP_USEC_01,318133305.0,54811351.94,-321966202.81,0.0,0.0,0.0,0.0,0.0,0.0,,0,0.0,0.0,0.0,0.0,0.0,,0.0,0.0,0.0,0.0,0.0,0,0.0,0.0,0.0,0.0,0.0,0.0,0.0,0.0,0.0,-88.21,0.0,2100.0,2100.0,0.0,1.0,1.0,318133305.0,0.0,0.0,0
2022-07-22,trade,T06,True,BUY_JNPT_01,SUP_JEA_01,240500000.0,13195299.56,-244177906.57,0.0,0.0,0.0,0.0,0.0,0.0,,0,0.0,0.0,0.0,0.0,0.0,,0.0,0.0,0.0,0.0,0.0,0,0.0,0.0,0.0,0.0,0.0,0.0,0.0,0.0,0.0,-66.9,0.0,1300.0,1300.0,0.0,1.0,1.0,240500000.0,0.0,0.0,0
2022-07-22,trade,T07,True,,SUP_USEC_02,300425944.94,4409687.12,-349913942.57,26435175.0,14790.71,185.1929,455574.42,1529.8629,-1344.67,0.878948,-247,-1235000.0,409831.99,3717720.23,0.0,-3307888.24,-0.0,43727.01,0.0,0.0,0.0,0.0,0,0.0,0.0,3799323.67,0.0,0.0,1876.77,-122184.79,-373.19,-2546.21,-95.87,1.44,1890.0,0.0,1876.77,1.0,0.0,0.0,0.0,4775539.52,0
2022-07-22,trade,T08,True,,SUP_USEC_02,253678489.04,-15895.87,-276970309.29,24615750.0,-16338.8,-204.5764,-503258.05,1047.5454,-1252.1219,1.195291,-230,-1150000.0,93280.14,3173499.96,0.0,-3080219.82,-0.0,2744.34,0.0,0.0,0.0,0.0,0,0.0,0.0,3400983.48,0.0,0.0,1680.0,-107977.01,-504.58,-2211.37,-75.88,-2.33,1680.0,0.0,1680.0,0.761905,0.0,0.0,0.0,0.0,0
2022-07-25,book,BOOK,True,BOOK,BOOK,1102461077.25,197771743.27,-1066619548.49,50228100.0,1824.1,22.8628,55590.9,2618.5275,-2595.6647,0.991269,-477,-2385000.0,461404.68,6772763.37,0.0,-6311358.69,-0.0,43244.17,0.0,0.0,0.0,0.0,0,0.0,0.0,7117662.76,0.0,0.0,3556.77,-228902.2,-481.57,-4670.12,-292.22,-0.48,13150.0,9580.0,3556.77,0.97619,0.75,558633305.0,0.0,4769091.91,0
2022-07-25,trade,T01,True,"BUY_MUN_01,BUY_RJK_01",SUP_USEC_01,0.0,37814185.51,45062704.95,0.0,0.0,0.0,0.0,0.0,0.0,,0,0.0,0.0,0.0,0.0,0.0,,0.0,0.0,0.0,0.0,0.0,0,0.0,0.0,0.0,0.0,0.0,0.0,0.0,0.0,0.0,12.35,0.0,2520.0,2520.0,0.0,1.0,1.0,0.0,0.0,0.0,0
2022-07-25,trade,T02,True,BUY_JNPT_01,SUP_JEA_01,0.0,51589752.47,49835984.28,0.0,0.0,0.0,0.0,0.0,0.0,,0,0.0,0.0,0.0,0.0,0.0,,0.0,0.0,0.0,0.0,0.0,0,0.0,0.0,0.0,0.0,0.0,0.0,0.0,0.0,0.0,13.65,0.0,1200.0,1200.0,0.0,1.0,1.0,0.0,0.0,0.0,0
2022-07-25,trade,T03,True,BUY_JNPT_01,SUP_JEA_01,0.0,31064349.11,34049620.07,0.0,0.0,0.0,0.0,0.0,0.0,,0,0.0,0.0,0.0,0.0,0.0,,0.0,0.0,0.0,0.0,0.0,0,0.0,0.0,0.0,0.0,0.0,0.0,0.0,0.0,0.0,9.33,0.0,1200.0,1200.0,0.0,1.0,1.0,0.0,0.0,0.0,0
2022-07-25,trade,T04,True,BUY_RJK_01,SUP_USEC_02,0.0,7931996.42,-11590571.55,0.0,0.0,0.0,0.0,0.0,0.0,,0,0.0,0.0,0.0,0.0,0.0,,0.0,0.0,0.0,0.0,0.0,0,0.0,0.0,0.0,0.0,0.0,0.0,0.0,0.0,0.0,-3.18,0.0,1260.0,1260.0,0.0,1.0,1.0,0.0,0.0,0.0,0
2022-07-25,trade,T05,True,BUY_MUN_01,SUP_USEC_01,318133305.0,54546722.18,-321966202.81,0.0,0.0,0.0,0.0,0.0,0.0,,0,0.0,0.0,0.0,0.0,0.0,,0.0,0.0,0.0,0.0,0.0,0,0.0,0.0,0.0,0.0,0.0,0.0,0.0,0.0,0.0,-88.21,0.0,2100.0,2100.0,0.0,1.0,1.0,318133305.0,0.0,0.0,0
2022-07-25,trade,T06,True,BUY_JNPT_01,SUP_JEA_01,240500000.0,12994605.39,-244177906.57,0.0,0.0,0.0,0.0,0.0,0.0,,0,0.0,0.0,0.0,0.0,0.0,,0.0,0.0,0.0,0.0,0.0,0,0.0,0.0,0.0,0.0,0.0,0.0,0.0,0.0,0.0,-66.9,0.0,1300.0,1300.0,0.0,1.0,1.0,240500000.0,0.0,0.0,0
2022-07-25,trade,T07,True,,SUP_USEC_02,294610573.02,2567464.7,-345227117.57,26009100.0,13840.0,173.467,421785.05,1517.5533,-1344.0863,0.885693,-247,-1235000.0,382360.67,3650506.57,0.0,-3268145.91,-0.0,41895.32,0.0,0.0,0.0,0.0,0,0.0,0.0,3755715.42,0.0,0.0,1876.77,-121077.39,-175.56,-2493.26,-94.58,1.32,1890.0,0.0,1876.77,1.0,0.0,0.0,0.0,4769091.91,0
2022-07-25,trade,T08,True,,SUP_USEC_02,249217199.23,-737332.51,-272606059.29,24219000.0,-12015.9,-150.6042,-366194.15,1100.9741,-1251.5784,1.136792,-230,-1150000.0,79044.01,3122256.8,0.0,-3043212.79,-0.0,1348.85,0.0,0.0,0.0,0.0,0,0.0,0.0,3361947.34,0.0,0.0,1680.0,-107824.81,-306.01,-2176.86,-74.69,-1.8,1680.0,0.0,1680.0,0.809524,0.0,0.0,0.0,0.0,0
2022-07-26,book,BOOK,True,BOOK,BOOK,1116291331.02,204819456.91,-1077973157.04,24299500.0,-114447.75,-1433.9073,-3494432.21,1161.7848,-2595.6921,2.234228,-230,-2385370.5,-3159997.44,3165704.26,0.0,-6325701.7,-0.0,-55727.89,0.0,0.0,0.0,0.0,0,0.0,0.0,3356485.33,0.0,0.0,1680.0,-107804.85,-2789.35,-2199.66,-295.34,-14.65,13150.0,11470.0,1680.0,0.982143,0.875,648276204.87,220279500.0,4770784.59,0
2022-07-26,trade,T01,True,"BUY_MUN_01,BUY_RJK_01",SUP_USEC_01,0.0,37814185.51,45062704.95,0.0,0.0,0.0,0.0,0.0,0.0,,0,0.0,0.0,0.0,0.0,0.0,,0.0,0.0,0.0,0.0,0.0,0,0.0,0.0,0.0,0.0,0.0,0.0,0.0,0.0,0.0,12.35,0.0,2520.0,2520.0,0.0,1.0,1.0,0.0,0.0,0.0,0
2022-07-26,trade,T02,True,BUY_JNPT_01,SUP_JEA_01,0.0,51589752.47,49835984.28,0.0,0.0,0.0,0.0,0.0,0.0,,0,0.0,0.0,0.0,0.0,0.0,,0.0,0.0,0.0,0.0,0.0,0,0.0,0.0,0.0,0.0,0.0,0.0,0.0,0.0,0.0,13.65,0.0,1200.0,1200.0,0.0,1.0,1.0,0.0,0.0,0.0,0
2022-07-26,trade,T03,True,BUY_JNPT_01,SUP_JEA_01,0.0,31064349.11,34049620.07,0.0,0.0,0.0,0.0,0.0,0.0,,0,0.0,0.0,0.0,0.0,0.0,,0.0,0.0,0.0,0.0,0.0,0,0.0,0.0,0.0,0.0,0.0,0.0,0.0,0.0,0.0,9.33,0.0,1200.0,1200.0,0.0,1.0,1.0,0.0,0.0,0.0,0
2022-07-26,trade,T04,True,BUY_RJK_01,SUP_USEC_02,0.0,7928820.92,-11590571.55,0.0,0.0,0.0,0.0,0.0,0.0,,0,0.0,0.0,0.0,0.0,0.0,,0.0,0.0,0.0,0.0,0.0,0,0.0,0.0,0.0,0.0,0.0,0.0,0.0,0.0,0.0,-3.18,0.0,1260.0,1260.0,0.0,1.0,1.0,0.0,0.0,0.0,0
2022-07-26,trade,T05,True,BUY_MUN_01,SUP_USEC_01,318133305.0,54458512.26,-321966202.81,0.0,0.0,0.0,0.0,0.0,0.0,,0,0.0,0.0,0.0,0.0,0.0,,0.0,0.0,0.0,0.0,0.0,0,0.0,0.0,0.0,0.0,0.0,0.0,0.0,0.0,0.0,-88.21,0.0,2100.0,2100.0,0.0,1.0,1.0,318133305.0,0.0,0.0,0
2022-07-26,trade,T06,True,BUY_JNPT_01,SUP_JEA_01,240500000.0,12927707.33,-244177906.57,0.0,0.0,0.0,0.0,0.0,0.0,,0,0.0,0.0,0.0,0.0,0.0,,0.0,0.0,0.0,0.0,0.0,0,0.0,0.0,0.0,0.0,0.0,0.0,0.0,0.0,0.0,-66.9,0.0,1300.0,1300.0,0.0,1.0,1.0,240500000.0,0.0,0.0,0
2022-07-26,trade,T07,True,BUY_RJK_01,SUP_USEC_02,309684684.46,11897006.05,-355695226.11,0.0,-107295.3,-1344.2949,-3276046.75,0.0,-1344.2949,,0,-1235370.5,-3216273.94,59772.81,0.0,-3276046.75,,-56623.39,0.0,0.0,0.0,0.0,0,0.0,0.0,0.0,0.0,0.0,0.0,0.0,-2535.56,-30.43,-97.45,-13.44,1890.0,1890.0,0.0,1.0,1.0,89642899.87,220279500.0,4770784.59,0
2022-07-26,trade,T08,True,,SUP_USEC_02,247973341.57,-2860876.76,-273491559.29,24299500.0,-7152.44,-89.6124,-218385.46,1161.7848,-1251.3972,1.077133,-230,-1150000.0,56276.5,3105931.45,0.0,-3049654.95,-0.0,895.5,0.0,0.0,0.0,0.0,0,0.0,0.0,3356485.33,0.0,0.0,1680.0,-107804.85,-253.79,-2169.23,-74.93,-1.21,1680.0,0.0,1680.0,0.857143,0.0,0.0,0.0,0.0,0
2022-07-27,book,BOOK,True,BOOK,BOOK,1112283725.99,200308688.46,-1078162907.04,24316750.0,-2286.99,-28.6159,-68406.31,1222.6001,-1251.216,1.023406,-230,-1150000.0,121847.65,3112879.54,0.0,-2991031.89,-0.0,-561.26,0.0,0.0,0.0,0.0,0,0.0,0.0,3304994.89,0.0,0.0,1680.0,-107829.88,-152.08,-2163.37,-295.39,-0.62,13150.0,11470.0,1680.0,0.988095,0.875,648276204.87,220279500.0,4777008.68,0
2022-07-27,trade,T01,True,"BUY_MUN_01,BUY_RJK_01",SUP_USEC_01,0.0,37814185.51,45062704.95,0.0,0.0,0.0,0.0,0.0,0.0,,0,0.0,0.0,0.0,0.0,0.0,,0.0,0.0,0.0,0.0,0.0,0,0.0,0.0,0.0,0.0,0.0,0.0,0.0,0.0,0.0,12.35,0.0,2520.0,2520.0,0.0,1.0,1.0,0.0,0.0,0.0,0
2022-07-27,trade,T02,True,BUY_JNPT_01,SUP_JEA_01,0.0,51589752.47,49835984.28,0.0,0.0,0.0,0.0,0.0,0.0,,0,0.0,0.0,0.0,0.0,0.0,,0.0,0.0,0.0,0.0,0.0,0,0.0,0.0,0.0,0.0,0.0,0.0,0.0,0.0,0.0,13.65,0.0,1200.0,1200.0,0.0,1.0,1.0,0.0,0.0,0.0,0
2022-07-27,trade,T03,True,BUY_JNPT_01,SUP_JEA_01,0.0,31064349.11,34049620.07,0.0,0.0,0.0,0.0,0.0,0.0,,0,0.0,0.0,0.0,0.0,0.0,,0.0,0.0,0.0,0.0,0.0,0,0.0,0.0,0.0,0.0,0.0,0.0,0.0,0.0,0.0,9.33,0.0,1200.0,1200.0,0.0,1.0,1.0,0.0,0.0,0.0,0
2022-07-27,trade,T04,True,BUY_RJK_01,SUP_USEC_02,0.0,7925645.42,-11590571.55,0.0,0.0,0.0,0.0,0.0,0.0,,0,0.0,0.0,0.0,0.0,0.0,,0.0,0.0,0.0,0.0,0.0,0,0.0,0.0,0.0,0.0,0.0,0.0,0.0,0.0,0.0,-3.18,0.0,1260.0,1260.0,0.0,1.0,1.0,0.0,0.0,0.0,0
2022-07-27,trade,T05,True,BUY_MUN_01,SUP_USEC_01,318133305.0,54370302.34,-321966202.81,0.0,0.0,0.0,0.0,0.0,0.0,,0,0.0,0.0,0.0,0.0,0.0,,0.0,0.0,0.0,0.0,0.0,0,0.0,0.0,0.0,0.0,0.0,0.0,0.0,0.0,0.0,-88.21,0.0,2100.0,2100.0,0.0,1.0,1.0,318133305.0,0.0,0.0,0
2022-07-27,trade,T06,True,BUY_JNPT_01,SUP_JEA_01,240500000.0,12860809.27,-244177906.57,0.0,0.0,0.0,0.0,0.0,0.0,,0,0.0,0.0,0.0,0.0,0.0,,0.0,0.0,0.0,0.0,0.0,0,0.0,0.0,0.0,0.0,0.0,0.0,0.0,0.0,0.0,-66.9,0.0,1300.0,1300.0,0.0,1.0,1.0,240500000.0,0.0,0.0,0
2022-07-27,trade,T07,True,BUY_RJK_01,SUP_USEC_02,309690908.54,11805779.39,-355695226.11,0.0,0.0,0.0,0.0,0.0,0.0,,0,0.0,59772.23,59772.23,0.0,0.0,,0.0,0.0,0.0,0.0,0.0,0,0.0,0.0,0.0,0.0,0.0,0.0,0.0,28.7,-29.15,-97.45,0.0,1890.0,1890.0,0.0,1.0,1.0,89642899.87,220279500.0,4777008.68,0
2022-07-27,trade,T08,True,,SUP_USEC_02,243959512.45,-7122135.07,-273681309.29,24316750.0,-2286.99,-28.6159,-68406.31,1222.6001,-1251.216,1.023406,-230,-1150000.0,62075.42,3053107.31,0.0,-2991031.89,-0.0,-561.26,0.0,0.0,0.0,0.0,0,0.0,0.0,3304994.89,0.0,0.0,1680.0,-107829.88,-180.78,-2134.22,-74.98,-0.62,1680.0,0.0,1680.0,0.904762,0.0,0.0,0.0,0.0,0
2022-07-28,book,BOOK,True,BOOK,BOOK,1115294915.56,199539162.62,-1061759249.25,24661750.0,2583.41,32.4217,79692.5,1283.4565,-1251.0348,0.974739,-230,-1150000.0,83252.33,3158295.98,0.0,-3075043.65,-0.0,1115.08,0.0,0.0,0.0,0.0,0,0.0,0.0,3377602.51,0.0,0.0,1680.0,-107340.13,-109.05,-2197.59,-290.89,-0.02,13150.0,11470.0,1680.0,0.994048,0.875,648276204.87,220279500.0,4762414.08,0
2022-07-28,trade,T01,True,"BUY_MUN_01,BUY_RJK_01",SUP_USEC_01,0.0,37814185.51,45062704.95,0.0,0.0,0.0,0.0,0.0,0.0,,0,0.0,0.0,0.0,0.0,0.0,,0.0,0.0,0.0,0.0,0.0,0,0.0,0.0,0.0,0.0,0.0,0.0,0.0,0.0,0.0,12.35,0.0,2520.0,2520.0,0.0,1.0,1.0,0.0,0.0,0.0,0
2022-07-28,trade,T02,True,BUY_JNPT_01,SUP_JEA_01,0.0,51589752.47,49835984.28,0.0,0.0,0.0,0.0,0.0,0.0,,0,0.0,0.0,0.0,0.0,0.0,,0.0,0.0,0.0,0.0,0.0,0,0.0,0.0,0.0,0.0,0.0,0.0,0.0,0.0,0.0,13.65,0.0,1200.0,1200.0,0.0,1.0,1.0,0.0,0.0,0.0,0
2022-07-28,trade,T03,True,BUY_JNPT_01,SUP_JEA_01,0.0,31064349.11,34049620.07,0.0,0.0,0.0,0.0,0.0,0.0,,0,0.0,0.0,0.0,0.0,0.0,,0.0,0.0,0.0,0.0,0.0,0,0.0,0.0,0.0,0.0,0.0,0.0,0.0,0.0,0.0,9.33,0.0,1200.0,1200.0,0.0,1.0,1.0,0.0,0.0,0.0,0
2022-07-28,trade,T04,True,BUY_RJK_01,SUP_USEC_02,0.0,7922469.92,-11590571.55,0.0,0.0,0.0,0.0,0.0,0.0,,0,0.0,0.0,0.0,0.0,0.0,,0.0,0.0,0.0,0.0,0.0,0,0.0,0.0,0.0,0.0,0.0,0.0,0.0,0.0,0.0,-3.18,0.0,1260.0,1260.0,0.0,1.0,1.0,0.0,0.0,0.0,0
2022-07-28,trade,T05,True,BUY_MUN_01,SUP_USEC_01,318133305.0,54282092.42,-321966202.81,0.0,0.0,0.0,0.0,0.0,0.0,,0,0.0,0.0,0.0,0.0,0.0,,0.0,0.0,0.0,0.0,0.0,0,0.0,0.0,0.0,0.0,0.0,0.0,0.0,0.0,0.0,-88.21,0.0,2100.0,2100.0,0.0,1.0,1.0,318133305.0,0.0,0.0,0
2022-07-28,trade,T06,True,BUY_JNPT_01,SUP_JEA_01,240500000.0,12793911.22,-223979248.79,0.0,0.0,0.0,0.0,0.0,0.0,,0,0.0,0.0,0.0,0.0,0.0,,0.0,0.0,0.0,0.0,0.0,0,0.0,0.0,0.0,0.0,0.0,0.0,0.0,0.0,0.0,-61.36,0.0,1300.0,1300.0,0.0,1.0,1.0,240500000.0,0.0,0.0,0
2022-07-28,trade,T07,True,BUY_RJK_01,SUP_USEC_02,308419691.8,10437111.9,-355695226.11,0.0,0.0,0.0,0.0,0.0,0.0,,0,0.0,43997.62,43997.62,0.0,0.0,,0.0,0.0,0.0,0.0,0.0,0,0.0,0.0,0.0,0.0,0.0,0.0,0.0,21.68,-22.02,-97.45,0.0,1890.0,1890.0,0.0,1.0,1.0,89642899.87,220279500.0,4762414.08,0
2022-07-28,trade,T08,True,,SUP_USEC_02,248241918.76,-6364709.94,-277476309.29,24661750.0,2583.41,32.4217,79692.5,1283.4565,-1251.0348,0.974739,-230,-1150000.0,39254.71,3114298.36,0.0,-3075043.65,-0.0,1115.08,0.0,0.0,0.0,0.0,0,0.0,0.0,3377602.51,0.0,0.0,1680.0,-107340.13,-130.73,-2175.56,-76.02,-0.02,1680.0,0.0,1680.0,0.952381,0.0,0.0,0.0,0.0,0
2022-07-29,book,BOOK,True,BOOK,BOOK,1112601391.6,195081917.41,-1040398446.01,24805500.0,7416.4,93.5097,229285.81,1344.3634,-1250.8537,0.930443,-230,-1150000.0,72492.13,3139585.34,0.0,-3067093.21,-0.0,600.99,0.0,0.0,0.0,0.0,0,0.0,0.0,3351382.52,0.0,0.0,1680.0,-106623.61,-48.35,-2175.55,-285.04,0.57,13150.0,11470.0,1680.0,1.0,0.875,648276204.87,220279500.0,4739961.03,0
2022-07-29,trade,T01,True,"BUY_MUN_01,BUY_RJK_01",SUP_USEC_01,0.0,37814185.51,45062704.95,0.0,0.0,0.0,0.0,0.0,0.0,,0,0.0,0.0,0.0,0.0,0.0,,0.0,0.0,0.0,0.0,0.0,0,0.0,0.0,0.0,0.0,0.0,0.0,0.0,0.0,0.0,12.35,0.0,2520.0,2520.0,0.0,1.0,1.0,0.0,0.0,0.0,0
2022-07-29,trade,T02,True,BUY_JNPT_01,SUP_JEA_01,0.0,51589752.47,49835984.28,0.0,0.0,0.0,0.0,0.0,0.0,,0,0.0,0.0,0.0,0.0,0.0,,0.0,0.0,0.0,0.0,0.0,0,0.0,0.0,0.0,0.0,0.0,0.0,0.0,0.0,0.0,13.65,0.0,1200.0,1200.0,0.0,1.0,1.0,0.0,0.0,0.0,0
2022-07-29,trade,T03,True,BUY_JNPT_01,SUP_JEA_01,0.0,31064349.11,34049620.07,0.0,0.0,0.0,0.0,0.0,0.0,,0,0.0,0.0,0.0,0.0,0.0,,0.0,0.0,0.0,0.0,0.0,0,0.0,0.0,0.0,0.0,0.0,0.0,0.0,0.0,0.0,9.33,0.0,1200.0,1200.0,0.0,1.0,1.0,0.0,0.0,0.0,0
2022-07-29,trade,T04,True,BUY_RJK_01,SUP_USEC_02,0.0,7919294.42,11351481.69,0.0,0.0,0.0,0.0,0.0,0.0,,0,0.0,0.0,0.0,0.0,0.0,,0.0,0.0,0.0,0.0,0.0,0,0.0,0.0,0.0,0.0,0.0,0.0,0.0,0.0,0.0,3.11,0.0,1260.0,1260.0,0.0,1.0,1.0,0.0,0.0,0.0,0
2022-07-29,trade,T05,True,BUY_MUN_01,SUP_USEC_01,318133305.0,54193882.51,-321966202.81,0.0,0.0,0.0,0.0,0.0,0.0,,0,0.0,0.0,0.0,0.0,0.0,,0.0,0.0,0.0,0.0,0.0,0,0.0,0.0,0.0,0.0,0.0,0.0,0.0,0.0,0.0,-88.21,0.0,2100.0,2100.0,0.0,1.0,1.0,318133305.0,0.0,0.0,0
2022-07-29,trade,T06,True,BUY_JNPT_01,SUP_JEA_01,240500000.0,12732547.04,-223979248.79,0.0,0.0,0.0,0.0,0.0,0.0,,0,0.0,0.0,0.0,0.0,0.0,,0.0,0.0,0.0,0.0,0.0,0,0.0,0.0,0.0,0.0,0.0,0.0,0.0,0.0,0.0,-61.36,0.0,1300.0,1300.0,0.0,1.0,1.0,240500000.0,0.0,0.0,0
2022-07-29,trade,T07,True,BUY_RJK_01,SUP_USEC_02,308403164.93,10323134.28,-355695226.11,0.0,0.0,0.0,0.0,0.0,0.0,,0,0.0,43994.38,43994.38,0.0,0.0,,0.0,0.0,0.0,0.0,0.0,0,0.0,0.0,0.0,0.0,0.0,0.0,0.0,20.63,-20.95,-97.45,0.0,1890.0,1890.0,0.0,1.0,1.0,89642899.87,220279500.0,4739961.03,0
2022-07-29,trade,T08,True,,SUP_USEC_02,245564921.67,-10555227.93,-279057559.29,24805500.0,7416.4,93.5097,229285.81,1344.3634,-1250.8537,0.930443,-230,-1150000.0,28497.75,3095590.96,0.0,-3067093.21,-0.0,600.99,0.0,0.0,0.0,0.0,0,0.0,0.0,3351382.52,0.0,0.0,1680.0,-106623.61,-68.99,-2154.6,-76.45,0.57,1680.0,0.0,1680.0,1.0,0.0,0.0,0.0,0.0,0
2022-08-01,book,BOOK,True,BOOK,BOOK,1110786212.86,197701301.77,-1034452946.01,24265000.0,6571.32,83.0859,205180.67,1333.223,-1250.137,0.93768,-230,-1150000.0,128691.51,3125879.16,90025.76,-3087213.41,-0.0288,247.52,0.0,0.0,0.0,0.0,0,0.0,0.0,3355157.6,0.0,0.0,1680.0,-105445.54,138.14,-2171.03,-283.41,0.47,13150.0,11470.0,1680.0,1.0,0.875,648276204.87,220279500.0,4724949.52,0
2022-08-01,trade,T01,True,"BUY_MUN_01,BUY_RJK_01",SUP_USEC_01,0.0,37814185.51,45062704.95,0.0,0.0,0.0,0.0,0.0,0.0,,0,0.0,0.0,0.0,0.0,0.0,,0.0,0.0,0.0,0.0,0.0,0,0.0,0.0,0.0,0.0,0.0,0.0,0.0,0.0,0.0,12.35,0.0,2520.0,2520.0,0.0,1.0,1.0,0.0,0.0,0.0,0
2022-08-01,trade,T02,True,BUY_JNPT_01,SUP_JEA_01,0.0,51589752.47,49835984.28,0.0,0.0,0.0,0.0,0.0,0.0,,0,0.0,0.0,0.0,0.0,0.0,,0.0,0.0,0.0,0.0,0.0,0,0.0,0.0,0.0,0.0,0.0,0.0,0.0,0.0,0.0,13.65,0.0,1200.0,1200.0,0.0,1.0,1.0,0.0,0.0,0.0,0
2022-08-01,trade,T03,True,BUY_JNPT_01,SUP_JEA_01,0.0,31064349.11,34049620.07,0.0,0.0,0.0,0.0,0.0,0.0,,0,0.0,0.0,0.0,0.0,0.0,,0.0,0.0,0.0,0.0,0.0,0,0.0,0.0,0.0,0.0,0.0,0.0,0.0,0.0,0.0,9.33,0.0,1200.0,1200.0,0.0,1.0,1.0,0.0,0.0,0.0,0
2022-08-01,trade,T04,True,BUY_RJK_01,SUP_USEC_02,0.0,7919294.42,11351481.69,0.0,0.0,0.0,0.0,0.0,0.0,,0,0.0,0.0,0.0,0.0,0.0,,0.0,0.0,0.0,0.0,0.0,0,0.0,0.0,0.0,0.0,0.0,0.0,0.0,0.0,0.0,3.11,0.0,1260.0,1260.0,0.0,1.0,1.0,0.0,0.0,0.0,0
2022-08-01,trade,T05,True,BUY_MUN_01,SUP_USEC_01,318133305.0,53929252.75,-321966202.81,0.0,0.0,0.0,0.0,0.0,0.0,,0,0.0,0.0,0.0,0.0,0.0,,0.0,0.0,0.0,0.0,0.0,0,0.0,0.0,0.0,0.0,0.0,0.0,0.0,0.0,0.0,-88.21,0.0,2100.0,2100.0,0.0,1.0,1.0,318133305.0,0.0,0.0,0
2022-08-01,trade,T06,True,BUY_JNPT_01,SUP_JEA_01,240500000.0,12548454.51,-223979248.79,0.0,0.0,0.0,0.0,0.0,0.0,,0,0.0,0.0,0.0,0.0,0.0,,0.0,0.0,0.0,0.0,0.0,0,0.0,0.0,0.0,0.0,0.0,0.0,0.0,0.0,0.0,-61.36,0.0,1300.0,1300.0,0.0,1.0,1.0,240500000.0,0.0,0.0,0
2022-08-01,trade,T07,True,BUY_RJK_01,SUP_USEC_02,308392066.25,10019683.37,-355695226.11,0.0,0.0,0.0,0.0,0.0,0.0,,0,0.0,43976.93,43976.93,0.0,0.0,,0.0,0.0,0.0,0.0,0.0,0,0.0,0.0,0.0,0.0,0.0,0.0,0.0,17.73,-18.0,-97.45,0.0,1890.0,1890.0,0.0,1.0,1.0,89642899.87,220279500.0,4724949.52,0
2022-08-01,trade,T08,True,,SUP_USEC_02,243760841.61,-7183670.37,-273112059.29,24265000.0,6571.32,83.0859,205180.67,1333.223,-1250.137,0.93768,-230,-1150000.0,84714.58,3081902.23,90025.76,-3087213.41,-0.029211,247.52,0.0,0.0,0.0,0.0,0,0.0,0.0,3355157.6,0.0,0.0,1680.0,-105445.54,120.42,-2153.04,-74.83,0.47,1680.0,0.0,1680.0,1.0,0.0,0.0,0.0,0.0,0
2022-08-02,book,BOOK,True,BOOK,BOOK,1110840189.74,196771308.59,-1058997269.4,23971750.0,6275.03,79.8711,195564.29,1329.8327,-1249.9616,0.939939,-230,-1150000.0,132493.08,3103004.81,90019.32,-3060531.06,-0.02901,-380.23,0.0,0.0,0.0,0.0,0,0.0,0.0,3318466.4,0.0,0.0,1680.0,-104477.64,203.63,-2140.24,-290.14,0.43,13150.0,11470.0,1680.0,1.0,0.875,648276204.87,220279500.0,4693179.05,0
2022-08-02,trade,T01,True,"BUY_MUN_01,BUY_RJK_01",SUP_USEC_01,0.0,37814185.51,45062704.95,0.0,0.0,0.0,0.0,0.0,0.0,,0,0.0,0.0,0.0,0.0,0.0,,0.0,0.0,0.0,0.0,0.0,0,0.0,0.0,0.0,0.0,0.0,0.0,0.0,0.0,0.0,12.35,0.0,2520.0,2520.0,0.0,1.0,1.0,0.0,0.0,0.0,0
2022-08-02,trade,T02,True,BUY_JNPT_01,SUP_JEA_01,0.0,51589752.47,49835984.28,0.0,0.0,0.0,0.0,0.0,0.0,,0,0.0,0.0,0.0,0.0,0.0,,0.0,0.0,0.0,0.0,0.0,0,0.0,0.0,0.0,0.0,0.0,0.0,0.0,0.0,0.0,13.65,0.0,1200.0,1200.0,0.0,1.0,1.0,0.0,0.0,0.0,0
2022-08-02,trade,T03,True,BUY_JNPT_01,SUP_JEA_01,0.0,31064349.11,34049620.07,0.0,0.0,0.0,0.0,0.0,0.0,,0,0.0,0.0,0.0,0.0,0.0,,0.0,0.0,0.0,0.0,0.0,0,0.0,0.0,0.0,0.0,0.0,0.0,0.0,0.0,0.0,9.33,0.0,1200.0,1200.0,0.0,1.0,1.0,0.0,0.0,0.0,0
2022-08-02,trade,T04,True,BUY_RJK_01,SUP_USEC_02,0.0,7919294.42,11351481.69,0.0,0.0,0.0,0.0,0.0,0.0,,0,0.0,0.0,0.0,0.0,0.0,,0.0,0.0,0.0,0.0,0.0,0,0.0,0.0,0.0,0.0,0.0,0.0,0.0,0.0,0.0,3.11,0.0,1260.0,1260.0,0.0,1.0,1.0,0.0,0.0,0.0,0
2022-08-02,trade,T05,True,BUY_MUN_01,SUP_USEC_01,318133305.0,53841042.83,-321966202.81,0.0,0.0,0.0,0.0,0.0,0.0,,0,0.0,0.0,0.0,0.0,0.0,,0.0,0.0,0.0,0.0,0.0,0,0.0,0.0,0.0,0.0,0.0,0.0,0.0,0.0,0.0,-88.21,0.0,2100.0,2100.0,0.0,1.0,1.0,318133305.0,0.0,0.0,0
2022-08-02,trade,T06,True,BUY_JNPT_01,SUP_JEA_01,240500000.0,12487090.33,-223979248.79,0.0,0.0,0.0,0.0,0.0,0.0,,0,0.0,0.0,0.0,0.0,0.0,,0.0,0.0,0.0,0.0,0.0,0,0.0,0.0,0.0,0.0,0.0,0.0,0.0,0.0,0.0,-61.36,0.0,1300.0,1300.0,0.0,1.0,1.0,240500000.0,0.0,0.0,0
2022-08-02,trade,T07,True,BUY_RJK_01,SUP_USEC_02,308368679.22,9898845.58,-355695226.11,0.0,0.0,0.0,0.0,0.0,0.0,,0,0.0,43973.8,43973.8,0.0,0.0,,0.0,0.0,0.0,0.0,0.0,0,0.0,0.0,0.0,0.0,0.0,0.0,0.0,16.67,-16.92,-97.45,0.0,1890.0,1890.0,0.0,1.0,1.0,89642899.87,220279500.0,4693179.05,0
2022-08-02,trade,T08,True,,SUP_USEC_02,243838205.53,-7843251.67,-297656382.68,23971750.0,6275.03,79.8711,195564.29,1329.8327,-1249.9616,0.939939,-230,-1150000.0,88519.28,3059031.02,90019.32,-3060531.06,-0.029427,-380.23,0.0,0.0,0.0,0.0,0,0.0,0.0,3318466.4,0.0,0.0,1680.0,-104477.64,186.96,-2123.33,-81.55,0.43,1680.0,0.0,1680.0,1.0,0.0,0.0,0.0,0.0,0
2022-08-03,book,BOOK,True,BOOK,BOOK,1109582034.63,193108592.58,-1077301130.76,40199625.0,13451.05,169.9354,408354.84,2273.0926,-2103.1571,0.92524,-387,-1935235.5,273491.72,3032523.62,2294854.66,-5053886.55,-0.756747,41875.0,0.0,0.0,0.0,0.0,0,0.0,0.0,5645840.51,0.0,0.0,2880.0,-179924.14,476.07,-6498.48,-295.15,1.08,13150.0,11470.0,2880.0,1.0,0.777778,648276204.87,220279500.0,4728128.0,0
2022-08-03,trade,T01,True,"BUY_MUN_01,BUY_RJK_01",SUP_USEC_01,0.0,37814185.51,45062704.95,0.0,0.0,0.0,0.0,0.0,0.0,,0,0.0,0.0,0.0,0.0,0.0,,0.0,0.0,0.0,0.0,0.0,0,0.0,0.0,0.0,0.0,0.0,0.0,0.0,0.0,0.0,12.35,0.0,2520.0,2520.0,0.0,1.0,1.0,0.0,0.0,0.0,0
2022-08-03,trade,T02,True,BUY_JNPT_01,SUP_JEA_01,0.0,51589752.47,49835984.28,0.0,0.0,0.0,0.0,0.0,0.0,,0,0.0,0.0,0.0,0.0,0.0,,0.0,0.0,0.0,0.0,0.0,0,0.0,0.0,0.0,0.0,0.0,0.0,0.0,0.0,0.0,13.65,0.0,1200.0,1200.0,0.0,1.0,1.0,0.0,0.0,0.0,0
2022-08-03,trade,T03,True,BUY_JNPT_01,SUP_JEA_01,0.0,31064349.11,34049620.07,0.0,0.0,0.0,0.0,0.0,0.0,,0,0.0,0.0,0.0,0.0,0.0,,0.0,0.0,0.0,0.0,0.0,0,0.0,0.0,0.0,0.0,0.0,0.0,0.0,0.0,0.0,9.33,0.0,1200.0,1200.0,0.0,1.0,1.0,0.0,0.0,0.0,0
2022-08-03,trade,T04,True,BUY_RJK_01,SUP_USEC_02,0.0,7919294.42,11351481.69,0.0,0.0,0.0,0.0,0.0,0.0,,0,0.0,0.0,0.0,0.0,0.0,,0.0,0.0,0.0,0.0,0.0,0,0.0,0.0,0.0,0.0,0.0,0.0,0.0,0.0,0.0,3.11,0.0,1260.0,1260.0,0.0,1.0,1.0,0.0,0.0,0.0,0
2022-08-03,trade,T05,True,BUY_MUN_01,SUP_USEC_01,318133305.0,53752832.91,-321966202.81,0.0,0.0,0.0,0.0,0.0,0.0,,0,0.0,0.0,0.0,0.0,0.0,,0.0,0.0,0.0,0.0,0.0,0,0.0,0.0,0.0,0.0,0.0,0.0,0.0,0.0,0.0,-88.21,0.0,2100.0,2100.0,0.0,1.0,1.0,318133305.0,0.0,0.0,0
2022-08-03,trade,T06,True,BUY_JNPT_01,SUP_JEA_01,240500000.0,12425726.15,-223979248.79,0.0,0.0,0.0,0.0,0.0,0.0,,0,0.0,0.0,0.0,0.0,0.0,,0.0,0.0,0.0,0.0,0.0,0,0.0,0.0,0.0,0.0,0.0,0.0,0.0,0.0,0.0,-61.36,0.0,1300.0,1300.0,0.0,1.0,1.0,240500000.0,0.0,0.0,0
2022-08-03,trade,T07,True,BUY_RJK_01,SUP_USEC_02,311147997.24,9827128.08,-358448810.9,0.0,0.0,0.0,0.0,0.0,0.0,,0,0.0,43971.46,43971.46,0.0,0.0,,0.0,0.0,0.0,0.0,0.0,0,0.0,0.0,0.0,0.0,0.0,0.0,0.0,15.84,-16.08,-98.21,0.0,1890.0,1890.0,0.0,1.0,1.0,89642899.87,220279500.0,4728128.0,0
2022-08-03,trade,T08,True,,SUP_USEC_02,241223385.74,-9734621.16,-296770882.68,23891250.0,6030.29,76.1844,183071.16,1325.9707,-1249.7862,0.942544,-230,-1150000.0,90875.39,3004098.63,90013.08,-3003236.32,-0.029963,41539.61,0.0,0.0,0.0,0.0,0,0.0,0.0,3293406.97,0.0,0.0,1680.0,-104955.75,252.14,-2102.02,-81.31,0.4,1680.0,0.0,1680.0,1.0,0.0,0.0,0.0,0.0,0
2022-08-03,trade,T09,True,,SUP_JEA_01,-1422653.35,-1550054.92,-16435776.58,16308375.0,7420.76,93.751,225283.68,947.1219,-853.3709,0.901015,-157,-785235.5,138644.87,-15546.47,2204841.58,-2050650.24,,335.39,0.0,0.0,0.0,0.0,0,0.0,0.0,2352433.55,0.0,0.0,1200.0,-74968.39,208.09,-4380.38,-4.5,0.68,0.0,0.0,1200.0,1.0,0.0,0.0,0.0,0.0,0
2022-08-04,book,BOOK,True,BOOK,BOOK,1104347337.71,184250806.37,-1052075366.44,40528575.0,13024.67,164.172,389744.3,2266.778,-2102.6061,0.927575,-387,-1935000.0,262893.88,2959650.36,2294830.29,-4991586.77,-0.775372,39781.81,0.0,0.0,0.0,0.0,0,0.0,0.0,5592590.75,0.0,0.0,2880.0,-179835.97,571.24,-6461.28,-288.24,1.02,13150.0,11470.0,2880.0,1.0,0.777778,648276204.87,220279500.0,4738686.7,0
2022-08-04,trade,T01,True,"BUY_MUN_01,BUY_RJK_01",SUP_USEC_01,0.0,37814185.51,45062704.95,0.0,0.0,0.0,0.0,0.0,0.0,,0,0.0,0.0,0.0,0.0,0.0,,0.0,0.0,0.0,0.0,0.0,0,0.0,0.0,0.0,0.0,0.0,0.0,0.0,0.0,0.0,12.35,0.0,2520.0,2520.0,0.0,1.0,1.0,0.0,0.0,0.0,0
2022-08-04,trade,T02,True,BUY_JNPT_01,SUP_JEA_01,0.0,51589752.47,49835984.28,0.0,0.0,0.0,0.0,0.0,0.0,,0,0.0,0.0,0.0,0.0,0.0,,0.0,0.0,0.0,0.0,0.0,0,0.0,0.0,0.0,0.0,0.0,0.0,0.0,0.0,0.0,13.65,0.0,1200.0,1200.0,0.0,1.0,1.0,0.0,0.0,0.0,0
2022-08-04,trade,T03,True,BUY_JNPT_01,SUP_JEA_01,0.0,31064349.11,34049620.07,0.0,0.0,0.0,0.0,0.0,0.0,,0,0.0,0.0,0.0,0.0,0.0,,0.0,0.0,0.0,0.0,0.0,0,0.0,0.0,0.0,0.0,0.0,0.0,0.0,0.0,0.0,9.33,0.0,1200.0,1200.0,0.0,1.0,1.0,0.0,0.0,0.0,0
2022-08-04,trade,T04,True,BUY_RJK_01,SUP_USEC_02,0.0,7919294.42,11351481.69,0.0,0.0,0.0,0.0,0.0,0.0,,0,0.0,0.0,0.0,0.0,0.0,,0.0,0.0,0.0,0.0,0.0,0,0.0,0.0,0.0,0.0,0.0,0.0,0.0,0.0,0.0,3.11,0.0,1260.0,1260.0,0.0,1.0,1.0,0.0,0.0,0.0,0
2022-08-04,trade,T05,True,BUY_MUN_01,SUP_USEC_01,318133305.0,53664622.99,-293121988.49,0.0,0.0,0.0,0.0,0.0,0.0,,0,0.0,0.0,0.0,0.0,0.0,,0.0,0.0,0.0,0.0,0.0,0,0.0,0.0,0.0,0.0,0.0,0.0,0.0,0.0,0.0,-80.31,0.0,2100.0,2100.0,0.0,1.0,1.0,318133305.0,0.0,0.0,0
2022-08-04,trade,T06,True,BUY_JNPT_01,SUP_JEA_01,240500000.0,12364361.97,-223979248.79,0.0,0.0,0.0,0.0,0.0,0.0,,0,0.0,0.0,0.0,0.0,0.0,,0.0,0.0,0.0,0.0,0.0,0,0.0,0.0,0.0,0.0,0.0,0.0,0.0,0.0,0.0,-61.36,0.0,1300.0,1300.0,0.0,1.0,1.0,240500000.0,0.0,0.0,0
2022-08-04,trade,T07,True,BUY_RJK_01,SUP_USEC_02,311156328.29,9737253.97,-358448810.9,0.0,0.0,0.0,0.0,0.0,0.0,,0,0.0,47118.61,47118.61,0.0,0.0,,0.0,0.0,0.0,0.0,0.0,0,0.0,0.0,0.0,0.0,0.0,0.0,0.0,14.86,-15.08,-98.21,0.0,1890.0,1890.0,0.0,1.0,1.0,89642899.87,220279500.0,4738686.7,0
2022-08-04,trade,T08,True,,SUP_USEC_02,238162095.93,-14832218.06,-298921382.68,24086750.0,5765.82,72.6764,172533.68,1322.2872,-1249.6108,0.945037,-230,-1150000.0,83112.37,2959681.87,90006.61,-2966576.11,-0.030411,40318.58,0.0,0.0,0.0,0.0,0,0.0,0.0,3262344.6,0.0,0.0,1680.0,-104904.32,309.18,-2076.67,-81.9,0.37,1680.0,0.0,1680.0,1.0,0.0,0.0,0.0,0.0,0
2022-08-04,trade,T09,True,,SUP_JEA_01,-3604391.51,-5070796.04,-17903726.57,16441825.0,7258.85,91.4956,217210.63,944.4909,-852.9952,0.903127,-157,-785000.0,132662.89,-47150.13,2204823.67,-2025010.65,,-536.77,0.0,0.0,0.0,0.0,0,0.0,0.0,2330246.14,0.0,0.0,1200.0,-74931.65,247.2,-4369.53,-4.91,0.66,0.0,0.0,1200.0,1.0,0.0,0.0,0.0,0.0,0
2022-08-05,book,BOOK,True,BOOK,BOOK,1118254605.96,190263981.06,-1060049131.87,40934925.0,12502.95,157.8626,386368.68,2260.9195,-2103.057,0.930178,-387,-1935000.0,244085.95,3094689.84,2296628.01,-5147231.9,-0.742119,43490.08,0.0,0.0,0.0,0.0,0,0.0,0.0,5744074.27,0.0,0.0,2880.0,-179068.22,680.78,-6544.96,-290.42,0.97,13150.0,11470.0,2880.0,1.0,0.777778,648276204.87,220279500.0,4731059.26,0
2022-08-05,trade,T01,True,"BUY_MUN_01,BUY_RJK_01",SUP_USEC_01,0.0,37814185.51,45062704.95,0.0,0.0,0.0,0.0,0.0,0.0,,0,0.0,0.0,0.0,0.0,0.0,,0.0,0.0,0.0,0.0,0.0,0,0.0,0.0,0.0,0.0,0.0,0.0,0.0,0.0,0.0,12.35,0.0,2520.0,2520.0,0.0,1.0,1.0,0.0,0.0,0.0,0
2022-08-05,trade,T02,True,BUY_JNPT_01,SUP_JEA_01,0.0,51589752.47,49835984.28,0.0,0.0,0.0,0.0,0.0,0.0,,0,0.0,0.0,0.0,0.0,0.0,,0.0,0.0,0.0,0.0,0.0,0,0.0,0.0,0.0,0.0,0.0,0.0,0.0,0.0,0.0,13.65,0.0,1200.0,1200.0,0.0,1.0,1.0,0.0,0.0,0.0,0
2022-08-05,trade,T03,True,BUY_JNPT_01,SUP_JEA_01,0.0,31064349.11,34049620.07,0.0,0.0,0.0,0.0,0.0,0.0,,0,0.0,0.0,0.0,0.0,0.0,,0.0,0.0,0.0,0.0,0.0,0,0.0,0.0,0.0,0.0,0.0,0.0,0.0,0.0,0.0,9.33,0.0,1200.0,1200.0,0.0,1.0,1.0,0.0,0.0,0.0,0
2022-08-05,trade,T04,True,BUY_RJK_01,SUP_USEC_02,0.0,7919294.42,11351481.69,0.0,0.0,0.0,0.0,0.0,0.0,,0,0.0,0.0,0.0,0.0,0.0,,0.0,0.0,0.0,0.0,0.0,0,0.0,0.0,0.0,0.0,0.0,0.0,0.0,0.0,0.0,3.11,0.0,1260.0,1260.0,0.0,1.0,1.0,0.0,0.0,0.0,0
2022-08-05,trade,T05,True,BUY_MUN_01,SUP_USEC_01,318133305.0,53584315.6,-293121988.49,0.0,0.0,0.0,0.0,0.0,0.0,,0,0.0,0.0,0.0,0.0,0.0,,0.0,0.0,0.0,0.0,0.0,0,0.0,0.0,0.0,0.0,0.0,0.0,0.0,0.0,0.0,-80.31,0.0,2100.0,2100.0,0.0,1.0,1.0,318133305.0,0.0,0.0,0
2022-08-05,trade,T06,True,BUY_JNPT_01,SUP_JEA_01,240500000.0,12302997.8,-223979248.79,0.0,0.0,0.0,0.0,0.0,0.0,,0,0.0,0.0,0.0,0.0,0.0,,0.0,0.0,0.0,0.0,0.0,0,0.0,0.0,0.0,0.0,0.0,0.0,0.0,0.0,0.0,-61.36,0.0,1300.0,1300.0,0.0,1.0,1.0,240500000.0,0.0,0.0,0
2022-08-05,trade,T07,True,BUY_RJK_01,SUP_USEC_02,311150334.76,9633055.29,-358448810.9,0.0,0.0,0.0,0.0,0.0,0.0,,0,0.0,47122.65,47122.65,0.0,0.0,,0.0,0.0,0.0,0.0,0.0,0,0.0,0.0,0.0,0.0,0.0,0.0,0.0,13.81,-14.02,-98.21,0.0,1890.0,1890.0,0.0,1.0,1.0,89642899.87,220279500.0,4731059.26,0
2022-08-05,trade,T08,True,,SUP_USEC_02,247736886.32,-11258239.37,-305081798.11,24328250.0,5464.18,68.9909,168855.28,1318.8697,-1249.8788,0.947689,-230,-1150000.0,70585.39,3039663.78,90000.0,-3059078.39,-0.029609,42481.74,0.0,0.0,0.0,0.0,0,0.0,0.0,3350709.99,0.0,0.0,1680.0,-104456.46,373.9,-2127.52,-83.58,0.33,1680.0,0.0,1680.0,1.0,0.0,0.0,0.0,0.0,0
2022-08-05,trade,T09,True,,SUP_JEA_01,734079.89,-2385729.77,-19717076.58,16606675.0,7038.77,88.8717,217513.4,942.0498,-853.1781,0.905661,-157,-785000.0,126377.91,7903.41,2206628.01,-2088153.51,,1008.34,0.0,0.0,0.0,0.0,0,0.0,0.0,2393364.28,0.0,0.0,1200.0,-74611.76,293.06,-4403.41,-5.4,0.63,0.0,0.0,1200.0,1.0,0.0,0.0,0.0,0.0,0
2022-08-08,book,BOOK,True,BOOK,BOOK,556720690.43,183571032.38,-504502151.87,41215500.0,11116.71,139.6883,340210.76,2241.7737,-2102.0855,0.937689,-387,-1935000.0,166531.46,3080485.64,2205675.0,-5119629.19,-0.716015,41853.8,0.0,0.0,0.0,0.0,0,0.0,0.0,5753968.53,0.0,0.0,2880.0,-178405.51,992.7,-6534.95,-138.22,0.79,13150.0,11470.0,2880.0,1.0,0.777778,89642899.87,220279500.0,4752476.02,0
2022-08-08,trade,T01,True,"BUY_MUN_01,BUY_RJK_01",SUP_USEC_01,0.0,37814185.51,45062704.95,0.0,0.0,0.0,0.0,0.0,0.0,,0,0.0,0.0,0.0,0.0,0.0,,0.0,0.0,0.0,0.0,0.0,0,0.0,0.0,0.0,0.0,0.0,0.0,0.0,0.0,0.0,12.35,0.0,2520.0,2520.0,0.0,1.0,1.0,0.0,0.0,0.0,0
2022-08-08,trade,T02,True,BUY_JNPT_01,SUP_JEA_01,0.0,51589752.47,49835984.28,0.0,0.0,0.0,0.0,0.0,0.0,,0,0.0,0.0,0.0,0.0,0.0,,0.0,0.0,0.0,0.0,0.0,0,0.0,0.0,0.0,0.0,0.0,0.0,0.0,0.0,0.0,13.65,0.0,1200.0,1200.0,0.0,1.0,1.0,0.0,0.0,0.0,0
2022-08-08,trade,T03,True,BUY_JNPT_01,SUP_JEA_01,0.0,31064349.11,34049620.07,0.0,0.0,0.0,0.0,0.0,0.0,,0,0.0,0.0,0.0,0.0,0.0,,0.0,0.0,0.0,0.0,0.0,0,0.0,0.0,0.0,0.0,0.0,0.0,0.0,0.0,0.0,9.33,0.0,1200.0,1200.0,0.0,1.0,1.0,0.0,0.0,0.0,0
2022-08-08,trade,T04,True,BUY_RJK_01,SUP_USEC_02,0.0,7919294.42,11351481.69,0.0,0.0,0.0,0.0,0.0,0.0,,0,0.0,0.0,0.0,0.0,0.0,,0.0,0.0,0.0,0.0,0.0,0,0.0,0.0,0.0,0.0,0.0,0.0,0.0,0.0,0.0,3.11,0.0,1260.0,1260.0,0.0,1.0,1.0,0.0,0.0,0.0,0
2022-08-08,trade,T05,True,BUY_MUN_01,SUP_USEC_01,0.0,53343393.42,25011316.51,0.0,0.0,0.0,0.0,0.0,0.0,,0,0.0,0.0,0.0,0.0,0.0,,0.0,0.0,0.0,0.0,0.0,0,0.0,0.0,0.0,0.0,0.0,0.0,0.0,0.0,0.0,6.85,0.0,2100.0,2100.0,0.0,1.0,1.0,0.0,0.0,0.0,0
2022-08-08,trade,T06,True,BUY_JNPT_01,SUP_JEA_01,0.0,12118905.26,16520751.21,0.0,0.0,0.0,0.0,0.0,0.0,,0,0.0,0.0,0.0,0.0,0.0,,0.0,0.0,0.0,0.0,0.0,0,0.0,0.0,0.0,0.0,0.0,0.0,0.0,0.0,0.0,4.53,0.0,1300.0,1300.0,0.0,1.0,1.0,0.0,0.0,0.0,0
2022-08-08,trade,T07,True,BUY_RJK_01,SUP_USEC_02,311167224.94,9355330.01,-358448810.9,0.0,0.0,0.0,0.0,0.0,0.0,,0,0.0,47109.41,47109.41,0.0,0.0,,0.0,0.0,0.0,0.0,0.0,0,0.0,0.0,0.0,0.0,0.0,0.0,0.0,10.8,-10.96,-98.21,0.0,1890.0,1890.0,0.0,1.0,1.0,89642899.87,220279500.0,4752476.02,0
2022-08-08,trade,T08,True,,SUP_USEC_02,246047670.31,-14865707.54,-306916048.11,24495000.0,4647.6,58.3999,142232.96,1307.7013,-1249.3014,0.955342,-230,-1150000.0,7189.28,3049862.96,0.0,-3042673.68,-0.0,41527.24,0.0,0.0,0.0,0.0,0,0.0,0.0,3356481.64,0.0,0.0,1680.0,-104069.88,562.02,-2116.78,-84.09,0.23,1680.0,0.0,1680.0,1.0,0.0,0.0,0.0,0.0,0
2022-08-08,trade,T09,True,,SUP_JEA_01,-494204.82,-4768470.29,-20969151.58,16720500.0,6469.11,81.2884,197977.8,934.0724,-852.784,0.912974,-157,-785000.0,112232.77,-16486.72,2205675.0,-2076955.51,,326.56,0.0,0.0,0.0,0.0,0,0.0,0.0,2397486.89,0.0,0.0,1200.0,-74335.63,419.88,-4407.21,-5.74,0.56,0.0,0.0,1200.0,1.0,0.0,0.0,0.0,0.0,0
2022-08-09,book,BOOK,True,BOOK,BOOK,582924628.83,202959149.57,-534828697.44,41573475.0,37689.88,473.8201,1178864.53,2575.5818,-2101.7617,0.816034,-387,-421348.63,1131552.98,4155284.4,2205451.58,-5229183.0,-0.530758,-41206.19,0.0,0.0,0.0,0.0,0,0.0,0.0,2435254.05,0.0,0.0,1200.0,-74094.4,943.15,-4435.49,-146.53,4.49,13150.0,13150.0,1200.0,1.0,0.777778,89642899.87,494591795.84,4749826.35,0
2022-08-09,trade,T01,True,"BUY_MUN_01,BUY_RJK_01",SUP_USEC_01,0.0,37814185.51,45062704.95,0.0,0.0,0.0,0.0,0.0,0.0,,0,0.0,0.0,0.0,0.0,0.0,,0.0,0.0,0.0,0.0,0.0,0,0.0,0.0,0.0,0.0,0.0,0.0,0.0,0.0,0.0,12.35,0.0,2520.0,2520.0,0.0,1.0,1.0,0.0,0.0,0.0,0
2022-08-09,trade,T02,True,BUY_JNPT_01,SUP_JEA_01,0.0,51589752.47,49835984.28,0.0,0.0,0.0,0.0,0.0,0.0,,0,0.0,0.0,0.0,0.0,0.0,,0.0,0.0,0.0,0.0,0.0,0,0.0,0.0,0.0,0.0,0.0,0.0,0.0,0.0,0.0,13.65,0.0,1200.0,1200.0,0.0,1.0,1.0,0.0,0.0,0.0,0
2022-08-09,trade,T03,True,BUY_JNPT_01,SUP_JEA_01,0.0,31064349.11,34049620.07,0.0,0.0,0.0,0.0,0.0,0.0,,0,0.0,0.0,0.0,0.0,0.0,,0.0,0.0,0.0,0.0,0.0,0,0.0,0.0,0.0,0.0,0.0,0.0,0.0,0.0,0.0,9.33,0.0,1200.0,1200.0,0.0,1.0,1.0,0.0,0.0,0.0,0
2022-08-09,trade,T04,True,BUY_RJK_01,SUP_USEC_02,0.0,7919294.42,11351481.69,0.0,0.0,0.0,0.0,0.0,0.0,,0,0.0,0.0,0.0,0.0,0.0,,0.0,0.0,0.0,0.0,0.0,0,0.0,0.0,0.0,0.0,0.0,0.0,0.0,0.0,0.0,3.11,0.0,1260.0,1260.0,0.0,1.0,1.0,0.0,0.0,0.0,0
2022-08-09,trade,T05,True,BUY_MUN_01,SUP_USEC_01,0.0,53350245.83,25011316.51,0.0,0.0,0.0,0.0,0.0,0.0,,0,0.0,0.0,0.0,0.0,0.0,,0.0,0.0,0.0,0.0,0.0,0,0.0,0.0,0.0,0.0,0.0,0.0,0.0,0.0,0.0,6.85,0.0,2100.0,2100.0,0.0,1.0,1.0,0.0,0.0,0.0,0
2022-08-09,trade,T06,True,BUY_JNPT_01,SUP_JEA_01,0.0,12118905.26,16520751.21,0.0,0.0,0.0,0.0,0.0,0.0,,0,0.0,0.0,0.0,0.0,0.0,,0.0,0.0,0.0,0.0,0.0,0,0.0,0.0,0.0,0.0,0.0,0.0,0.0,0.0,0.0,4.53,0.0,1300.0,1300.0,0.0,1.0,1.0,0.0,0.0,0.0,0
2022-08-09,trade,T07,True,BUY_RJK_01,SUP_USEC_02,311165134.19,9255034.1,-358448810.9,0.0,0.0,0.0,0.0,0.0,0.0,,0,0.0,47105.39,47105.39,0.0,0.0,,0.0,0.0,0.0,0.0,0.0,0,0.0,0.0,0.0,0.0,0.0,0.0,0.0,9.77,-9.92,-98.21,0.0,1890.0,1890.0,0.0,1.0,1.0,89642899.87,220279500.0,4749826.35,0
2022-08-09,trade,T08,True,BUY_MUN_01,SUP_USEC_02,269915945.84,3736094.49,-335645118.68,24707750.0,31419.48,394.9915,982738.79,1644.1005,-1249.109,0.759752,-230,363651.37,987055.82,4094838.99,0.0,-3107783.18,-0.0,-42346.21,0.0,0.0,0.0,0.0,0,0.0,0.0,0.0,0.0,0.0,0.0,0.0,469.57,0.0,-91.96,3.95,1680.0,1680.0,0.0,1.0,0.0,0.0,274312295.84,0.0,0
2022-08-09,trade,T09,True,,SUP_JEA_01,1843548.81,-3888711.64,-22566626.58,16865725.0,6270.4,78.8287,196125.74,931.4813,-852.6527,0.915373,-157,-785000.0,97391.77,13340.01,2205451.58,-2121399.82,,1140.02,0.0,0.0,0.0,0.0,0,0.0,0.0,2435254.05,0.0,0.0,1200.0,-74094.4,463.8,-4425.57,-6.18,0.54,0.0,0.0,1200.0,1.0,0.0,0.0,0.0,0.0,0
2022-08-10,book,BOOK,True,BOOK,BOOK,581116276.79,199783927.1,-536093149.92,41660550.0,22940.58,288.6861,710889.45,2390.1239,-2101.4378,0.879217,-387,-589532.12,657163.27,3626595.16,2205358.76,-5174790.66,-0.608107,361.25,0.0,0.0,0.0,0.0,0,0.0,0.0,2408836.71,0.0,0.0,1200.0,-73817.6,747.85,-4411.24,-146.87,2.64,13150.0,13150.0,1200.0,1.0,0.790123,89642899.87,495272938.96,4744727.07,0
2022-08-10,trade,T01,True,"BUY_MUN_01,BUY_RJK_01",SUP_USEC_01,0.0,37814185.51,45062704.95,0.0,0.0,0.0,0.0,0.0,0.0,,0,0.0,0.0,0.0,0.0,0.0,,0.0,0.0,0.0,0.0,0.0,0,0.0,0.0,0.0,0.0,0.0,0.0,0.0,0.0,0.0,12.35,0.0,2520.0,2520.0,0.0,1.0,1.0,0.0,0.0,0.0,0
2022-08-10,trade,T02,True,BUY_JNPT_01,SUP_JEA_01,0.0,51589752.47,49835984.28,0.0,0.0,0.0,0.0,0.0,0.0,,0,0.0,0.0,0.0,0.0,0.0,,0.0,0.0,0.0,0.0,0.0,0,0.0,0.0,0.0,0.0,0.0,0.0,0.0,0.0,0.0,13.65,0.0,1200.0,1200.0,0.0,1.0,1.0,0.0,0.0,0.0,0
2022-08-10,trade,T03,True,BUY_JNPT_01,SUP_JEA_01,0.0,31064349.11,34049620.07,0.0,0.0,0.0,0.0,0.0,0.0,,0,0.0,0.0,0.0,0.0,0.0,,0.0,0.0,0.0,0.0,0.0,0,0.0,0.0,0.0,0.0,0.0,0.0,0.0,0.0,0.0,9.33,0.0,1200.0,1200.0,0.0,1.0,1.0,0.0,0.0,0.0,0
2022-08-10,trade,T04,True,BUY_RJK_01,SUP_USEC_02,0.0,7919294.42,11351481.69,0.0,0.0,0.0,0.0,0.0,0.0,,0,0.0,0.0,0.0,0.0,0.0,,0.0,0.0,0.0,0.0,0.0,0,0.0,0.0,0.0,0.0,0.0,0.0,0.0,0.0,0.0,3.11,0.0,1260.0,1260.0,0.0,1.0,1.0,0.0,0.0,0.0,0
2022-08-10,trade,T05,True,BUY_MUN_01,SUP_USEC_01,0.0,53357098.25,25011316.51,0.0,0.0,0.0,0.0,0.0,0.0,,0,0.0,0.0,0.0,0.0,0.0,,0.0,0.0,0.0,0.0,0.0,0,0.0,0.0,0.0,0.0,0.0,0.0,0.0,0.0,0.0,6.85,0.0,2100.0,2100.0,0.0,1.0,1.0,0.0,0.0,0.0,0
2022-08-10,trade,T06,True,BUY_JNPT_01,SUP_JEA_01,0.0,12118905.26,16520751.21,0.0,0.0,0.0,0.0,0.0,0.0,,0,0.0,0.0,0.0,0.0,0.0,,0.0,0.0,0.0,0.0,0.0,0,0.0,0.0,0.0,0.0,0.0,0.0,0.0,0.0,0.0,4.53,0.0,1300.0,1300.0,0.0,1.0,1.0,0.0,0.0,0.0,0
2022-08-10,trade,T07,True,BUY_RJK_01,SUP_USEC_02,311161112.67,9152807.43,-358448810.9,0.0,0.0,0.0,0.0,0.0,0.0,,0,0.0,47101.73,47101.73,0.0,0.0,,0.0,0.0,0.0,0.0,0.0,0,0.0,0.0,0.0,0.0,0.0,0.0,0.0,8.74,-8.87,-98.21,0.0,1890.0,1890.0,0.0,1.0,1.0,89642899.87,220279500.0,4744727.07,0
2022-08-10,trade,T08,True,BUY_MUN_01,SUP_USEC_02,270597088.96,3807780.04,-336214368.68,24759500.0,16869.01,212.2809,522741.8,1461.1975,-1248.9165,0.854721,-230,195467.88,522741.8,3598198.78,0.0,-3075456.98,-0.0,0.0,0.0,0.0,0.0,0.0,0,0.0,0.0,0.0,0.0,0.0,0.0,0.0,238.22,0.0,-92.11,2.12,1680.0,1680.0,0.0,1.0,0.111111,0.0,274993438.96,0.0,0
2022-08-10,trade,T09,True,,SUP_JEA_01,-641924.83,-7040245.4,-23261829.06,16901050.0,6071.57,76.4051,188147.65,928.9264,-852.5213,0.917749,-157,-785000.0,87319.74,-18705.35,2205358.76,-2099333.68,,361.25,0.0,0.0,0.0,0.0,0,0.0,0.0,2408836.71,0.0,0.0,1200.0,-73817.6,500.88,-4402.37,-6.37,0.51,0.0,0.0,1200.0,1.0,0.0,0.0,0.0,0.0,0
2022-08-11,book,BOOK,True,BOOK,BOOK,590220320.26,200957381.21,-544385374.92,42212025.0,8242.62,103.558,258687.91,2204.672,-2101.114,0.953028,-387,-757715.6,216044.53,3259279.57,2205347.73,-5248582.78,-0.676637,1279.46,0.0,0.0,0.0,0.0,0,0.0,0.0,2456060.35,0.0,0.0,1200.0,-73729.8,597.41,-4441.1,-149.15,0.79,13150.0,13150.0,1200.0,1.0,0.802469,89642899.87,499107522.43,4752053.68,0
2022-08-11,trade,T01,True,"BUY_MUN_01,BUY_RJK_01",SUP_USEC_01,0.0,37814185.51,45062704.95,0.0,0.0,0.0,0.0,0.0,0.0,,0,0.0,0.0,0.0,0.0,0.0,,0.0,0.0,0.0,0.0,0.0,0,0.0,0.0,0.0,0.0,0.0,0.0,0.0,0.0,0.0,12.35,0.0,2520.0,2520.0,0.0,1.0,1.0,0.0,0.0,0.0,0
2022-08-11,trade,T02,True,BUY_JNPT_01,SUP_JEA_01,0.0,51589752.47,49835984.28,0.0,0.0,0.0,0.0,0.0,0.0,,0,0.0,0.0,0.0,0.0,0.0,,0.0,0.0,0.0,0.0,0.0,0,0.0,0.0,0.0,0.0,0.0,0.0,0.0,0.0,0.0,13.65,0.0,1200.0,1200.0,0.0,1.0,1.0,0.0,0.0,0.0,0
2022-08-11,trade,T03,True,BUY_JNPT_01,SUP_JEA_01,0.0,31064349.11,34049620.07,0.0,0.0,0.0,0.0,0.0,0.0,,0,0.0,0.0,0.0,0.0,0.0,,0.0,0.0,0.0,0.0,0.0,0,0.0,0.0,0.0,0.0,0.0,0.0,0.0,0.0,0.0,9.33,0.0,1200.0,1200.0,0.0,1.0,1.0,0.0,0.0,0.0,0
2022-08-11,trade,T04,True,BUY_RJK_01,SUP_USEC_02,0.0,7919294.42,11351481.69,0.0,0.0,0.0,0.0,0.0,0.0,,0,0.0,0.0,0.0,0.0,0.0,,0.0,0.0,0.0,0.0,0.0,0,0.0,0.0,0.0,0.0,0.0,0.0,0.0,0.0,0.0,3.11,0.0,1260.0,1260.0,0.0,1.0,1.0,0.0,0.0,0.0,0
2022-08-11,trade,T05,True,BUY_MUN_01,SUP_USEC_01,0.0,53363950.66,25011316.51,0.0,0.0,0.0,0.0,0.0,0.0,,0,0.0,0.0,0.0,0.0,0.0,,0.0,0.0,0.0,0.0,0.0,0,0.0,0.0,0.0,0.0,0.0,0.0,0.0,0.0,0.0,6.85,0.0,2100.0,2100.0,0.0,1.0,1.0,0.0,0.0,0.0,0
2022-08-11,trade,T06,True,BUY_JNPT_01,SUP_JEA_01,0.0,12118905.26,16520751.21,0.0,0.0,0.0,0.0,0.0,0.0,,0,0.0,0.0,0.0,0.0,0.0,,0.0,0.0,0.0,0.0,0.0,0,0.0,0.0,0.0,0.0,0.0,0.0,0.0,0.0,0.0,4.53,0.0,1300.0,1300.0,0.0,1.0,1.0,0.0,0.0,0.0,0
2022-08-11,trade,T07,True,BUY_RJK_01,SUP_USEC_02,311166894.63,9060384.23,-358448810.9,0.0,0.0,0.0,0.0,0.0,0.0,,0,0.0,47098.22,47098.22,0.0,0.0,,0.0,0.0,0.0,0.0,0.0,0,0.0,0.0,0.0,0.0,0.0,0.0,0.0,7.73,-7.84,-98.21,0.0,1890.0,1890.0,0.0,1.0,1.0,89642899.87,220279500.0,4752053.68,0
2022-08-11,trade,T08,True,BUY_MUN_01,SUP_USEC_02,276657672.43,4272749.99,-342045618.68,25087250.0,2358.11,29.6267,74007.46,1278.3508,-1248.7241,0.976824,-230,27284.4,74007.46,3193320.22,0.0,-3119312.77,-0.0,0.0,0.0,0.0,0.0,0.0,0,0.0,0.0,0.0,0.0,0.0,0.0,0.0,32.18,0.0,-93.71,0.3,1680.0,1680.0,0.0,1.0,0.222222,0.0,278828022.43,0.0,0
2022-08-11,trade,T09,True,,SUP_JEA_01,2395753.21,-6246190.46,-25722804.06,17124775.0,5884.5,73.9313,184680.45,926.3212,-852.3899,0.920188,-157,-785000.0,94938.85,18861.14,2205347.73,-2129270.02,,1279.46,0.0,0.0,0.0,0.0,0,0.0,0.0,2456060.35,0.0,0.0,1200.0,-73729.8,557.5,-4433.26,-7.05,0.49,0.0,0.0,1200.0,1.0,0.0,0.0,0.0,0.0,0
2022-08-12,book,BOOK,True,BOOK,BOOK,360951817.04,202902516.77,-281212614.52,41099400.0,-6501.37,-81.5512,-201309.09,2019.239,-2100.7902,1.040387,-387,-925899.09,-240724.99,2739952.54,2205123.03,-5185800.56,-0.804803,441.1,0.0,0.0,0.0,0.0,0,0.0,0.0,2433218.33,0.0,0.0,1200.0,-73636.95,445.5,-4426.39,-77.04,-1.06,13150.0,13150.0,1200.0,1.0,0.814815,89642899.87,272058637.13,4759240.02,0
2022-08-12,trade,T01,True,"BUY_MUN_01,BUY_RJK_01",SUP_USEC_01,0.0,37814185.51,45062704.95,0.0,0.0,0.0,0.0,0.0,0.0,,0,0.0,0.0,0.0,0.0,0.0,,0.0,0.0,0.0,0.0,0.0,0,0.0,0.0,0.0,0.0,0.0,0.0,0.0,0.0,0.0,12.35,0.0,2520.0,2520.0,0.0,1.0,1.0,0.0,0.0,0.0,0
2022-08-12,trade,T02,True,BUY_JNPT_01,SUP_JEA_01,0.0,51589752.47,49835984.28,0.0,0.0,0.0,0.0,0.0,0.0,,0,0.0,0.0,0.0,0.0,0.0,,0.0,0.0,0.0,0.0,0.0,0,0.0,0.0,0.0,0.0,0.0,0.0,0.0,0.0,0.0,13.65,0.0,1200.0,1200.0,0.0,1.0,1.0,0.0,0.0,0.0,0
2022-08-12,trade,T03,True,BUY_JNPT_01,SUP_JEA_01,0.0,31064349.11,34049620.07,0.0,0.0,0.0,0.0,0.0,0.0,,0,0.0,0.0,0.0,0.0,0.0,,0.0,0.0,0.0,0.0,0.0,0,0.0,0.0,0.0,0.0,0.0,0.0,0.0,0.0,0.0,9.33,0.0,1200.0,1200.0,0.0,1.0,1.0,0.0,0.0,0.0,0
2022-08-12,trade,T04,True,BUY_RJK_01,SUP_USEC_02,0.0,7919294.42,11351481.69,0.0,0.0,0.0,0.0,0.0,0.0,,0,0.0,0.0,0.0,0.0,0.0,,0.0,0.0,0.0,0.0,0.0,0,0.0,0.0,0.0,0.0,0.0,0.0,0.0,0.0,0.0,3.11,0.0,1260.0,1260.0,0.0,1.0,1.0,0.0,0.0,0.0,0
2022-08-12,trade,T05,True,BUY_MUN_01,SUP_USEC_01,0.0,53370803.08,55665701.91,0.0,0.0,0.0,0.0,0.0,0.0,,0,0.0,0.0,0.0,0.0,0.0,,0.0,0.0,0.0,0.0,0.0,0,0.0,0.0,0.0,0.0,0.0,0.0,0.0,0.0,0.0,15.25,0.0,2100.0,2100.0,0.0,1.0,1.0,0.0,0.0,0.0,0
2022-08-12,trade,T06,True,BUY_JNPT_01,SUP_JEA_01,0.0,12118905.26,16520751.21,0.0,0.0,0.0,0.0,0.0,0.0,,0,0.0,0.0,0.0,0.0,0.0,,0.0,0.0,0.0,0.0,0.0,0,0.0,0.0,0.0,0.0,0.0,0.0,0.0,0.0,0.0,4.53,0.0,1300.0,1300.0,0.0,1.0,1.0,0.0,0.0,0.0,0
2022-08-12,trade,T07,True,BUY_RJK_01,SUP_USEC_02,90893063.19,8967847.65,-138169310.9,0.0,0.0,0.0,0.0,0.0,0.0,,0,0.0,47094.17,47094.17,0.0,0.0,,0.0,0.0,0.0,0.0,0.0,0,0.0,0.0,0.0,0.0,0.0,0.0,0.0,6.72,-6.81,-37.85,0.0,1890.0,1890.0,0.0,1.0,1.0,89642899.87,0.0,4759240.02,0
2022-08-12,trade,T08,True,BUY_MUN_01,SUP_USEC_02,269888287.13,4022153.57,-334771868.68,24426000.0,-12195.08,-152.9713,-377609.59,1095.5604,-1248.5316,1.139628,-230,-140899.09,-377609.59,2704390.74,0.0,-3082000.33,-0.0,0.0,0.0,0.0,0.0,0.0,0,0.0,0.0,0.0,0.0,0.0,0.0,0.0,-156.24,0.0,-91.72,-1.53,1680.0,1680.0,0.0,1.0,0.333333,0.0,272058637.13,0.0,0
2022-08-12,trade,T09,True,,SUP_JEA_01,170466.71,-3964774.31,-20757679.06,16673400.0,5693.71,71.4201,176300.5,923.6786,-852.2585,0.922679,-157,-785000.0,89790.43,-11532.37,2205123.03,-2103800.23,,441.1,0.0,0.0,0.0,0.0,0,0.0,0.0,2433218.33,0.0,0.0,1200.0,-73636.95,595.03,-4419.58,-5.69,0.47,0.0,0.0,1200.0,1.0,0.0,0.0,0.0,0.0,0
2022-08-15,book,BOOK,True,BOOK,BOOK,353010193.9,194555113.75,-281212614.52,41099400.0,-21578.43,-271.391,-648488.81,1828.4277,-2099.8187,1.148429,-387,-1094082.57,-687728.45,2125611.53,2204176.82,-5017516.79,-1.036961,-2051.55,0.0,0.0,0.0,0.0,0,0.0,0.0,2347043.34,0.0,0.0,1200.0,-72822.31,418.81,-4349.1,-77.04,-2.96,13150.0,13150.0,1200.0,1.0,0.82716,89642899.87,272058637.13,4745417.12,0
2022-08-15,trade,T01,True,"BUY_MUN_01,BUY_RJK_01",SUP_USEC_01,0.0,37814185.51,45062704.95,0.0,0.0,0.0,0.0,0.0,0.0,,0,0.0,0.0,0.0,0.0,0.0,,0.0,0.0,0.0,0.0,0.0,0,0.0,0.0,0.0,0.0,0.0,0.0,0.0,0.0,0.0,12.35,0.0,2520.0,2520.0,0.0,1.0,1.0,0.0,0.0,0.0,0
2022-08-15,trade,T02,True,BUY_JNPT_01,SUP_JEA_01,0.0,51589752.47,49835984.28,0.0,0.0,0.0,0.0,0.0,0.0,,0,0.0,0.0,0.0,0.0,0.0,,0.0,0.0,0.0,0.0,0.0,0,0.0,0.0,0.0,0.0,0.0,0.0,0.0,0.0,0.0,13.65,0.0,1200.0,1200.0,0.0,1.0,1.0,0.0,0.0,0.0,0
2022-08-15,trade,T03,True,BUY_JNPT_01,SUP_JEA_01,0.0,31064349.11,34049620.07,0.0,0.0,0.0,0.0,0.0,0.0,,0,0.0,0.0,0.0,0.0,0.0,,0.0,0.0,0.0,0.0,0.0,0,0.0,0.0,0.0,0.0,0.0,0.0,0.0,0.0,0.0,9.33,0.0,1200.0,1200.0,0.0,1.0,1.0,0.0,0.0,0.0,0
2022-08-15,trade,T04,True,BUY_RJK_01,SUP_USEC_02,0.0,7919294.42,11351481.69,0.0,0.0,0.0,0.0,0.0,0.0,,0,0.0,0.0,0.0,0.0,0.0,,0.0,0.0,0.0,0.0,0.0,0,0.0,0.0,0.0,0.0,0.0,0.0,0.0,0.0,0.0,3.11,0.0,1260.0,1260.0,0.0,1.0,1.0,0.0,0.0,0.0,0
2022-08-15,trade,T05,True,BUY_MUN_01,SUP_USEC_01,0.0,53370803.08,55665701.91,0.0,0.0,0.0,0.0,0.0,0.0,,0,0.0,0.0,0.0,0.0,0.0,,0.0,0.0,0.0,0.0,0.0,0,0.0,0.0,0.0,0.0,0.0,0.0,0.0,0.0,0.0,15.25,0.0,2100.0,2100.0,0.0,1.0,1.0,0.0,0.0,0.0,0
2022-08-15,trade,T06,True,BUY_JNPT_01,SUP_JEA_01,0.0,12118905.26,16520751.21,0.0,0.0,0.0,0.0,0.0,0.0,,0,0.0,0.0,0.0,0.0,0.0,,0.0,0.0,0.0,0.0,0.0,0,0.0,0.0,0.0,0.0,0.0,0.0,0.0,0.0,0.0,4.53,0.0,1300.0,1300.0,0.0,1.0,1.0,0.0,0.0,0.0,0
2022-08-15,trade,T07,True,BUY_RJK_01,SUP_USEC_02,90882153.37,8843374.0,-138169310.9,0.0,0.0,0.0,0.0,0.0,0.0,,0,0.0,47081.88,47081.88,0.0,0.0,,0.0,0.0,0.0,0.0,0.0,0,0.0,0.0,0.0,0.0,0.0,0.0,0.0,3.62,-3.68,-37.85,0.0,1890.0,1890.0,0.0,1.0,1.0,89642899.87,0.0,4745417.12,0
2022-08-15,trade,T08,True,BUY_MUN_01,SUP_USEC_02,269888287.13,3746998.61,-334771868.68,24426000.0,-26668.58,-335.4095,-801460.98,912.5448,-1247.9543,1.367554,-230,-309082.57,-801460.98,2180525.74,0.0,-2981986.72,-0.0,0.0,0.0,0.0,0.0,0.0,0,0.0,0.0,0.0,0.0,0.0,0.0,0.0,-278.65,0.0,-91.72,-3.35,1680.0,1680.0,0.0,1.0,0.444444,0.0,272058637.13,0.0,0
2022-08-15,trade,T09,True,,SUP_JEA_01,-7760246.6,-11912548.73,-20757679.06,16673400.0,5090.14,64.0185,152972.17,915.8829,-851.8644,0.930102,-157,-785000.0,66650.65,-101996.09,2204176.82,-2035530.07,21.610404,-2051.55,0.0,0.0,0.0,0.0,0,0.0,0.0,2347043.34,0.0,0.0,1200.0,-72822.31,693.83,-4345.42,-5.69,0.39,0.0,0.0,1200.0,1.0,0.0,0.0,0.0,0.0,0
2022-08-16,book,BOOK,True,BOOK,BOOK,358288570.94,202196443.61,-254034496.54,16422200.0,-35764.24,-450.7992,-1100851.62,1649.07,-2099.8692,1.273366,-157,-1262611.06,-1136755.64,1787045.77,2204079.19,-5127880.6,-1.233365,-425.36,0.0,0.0,0.0,0.0,0,0.0,0.0,2399002.13,0.0,0.0,1200.0,-72920.69,353.27,-4379.46,-69.6,-4.76,13150.0,13150.0,1200.0,1.0,0.839506,89642899.87,269367701.36,4734575.77,0
2022-08-16,trade,T01,True,"BUY_MUN_01,BUY_RJK_01",SUP_USEC_01,0.0,37814185.51,45062704.95,0.0,0.0,0.0,0.0,0.0,0.0,,0,0.0,0.0,0.0,0.0,0.0,,0.0,0.0,0.0,0.0,0.0,0,0.0,0.0,0.0,0.0,0.0,0.0,0.0,0.0,0.0,12.35,0.0,2520.0,2520.0,0.0,1.0,1.0,0.0,0.0,0.0,0
2022-08-16,trade,T02,True,BUY_JNPT_01,SUP_JEA_01,0.0,51589752.47,49835984.28,0.0,0.0,0.0,0.0,0.0,0.0,,0,0.0,0.0,0.0,0.0,0.0,,0.0,0.0,0.0,0.0,0.0,0,0.0,0.0,0.0,0.0,0.0,0.0,0.0,0.0,0.0,13.65,0.0,1200.0,1200.0,0.0,1.0,1.0,0.0,0.0,0.0,0
2022-08-16,trade,T03,True,BUY_JNPT_01,SUP_JEA_01,0.0,31064349.11,34049620.07,0.0,0.0,0.0,0.0,0.0,0.0,,0,0.0,0.0,0.0,0.0,0.0,,0.0,0.0,0.0,0.0,0.0,0,0.0,0.0,0.0,0.0,0.0,0.0,0.0,0.0,0.0,9.33,0.0,1200.0,1200.0,0.0,1.0,1.0,0.0,0.0,0.0,0
2022-08-16,trade,T04,True,BUY_RJK_01,SUP_USEC_02,0.0,7919294.42,11351481.69,0.0,0.0,0.0,0.0,0.0,0.0,,0,0.0,0.0,0.0,0.0,0.0,,0.0,0.0,0.0,0.0,0.0,0,0.0,0.0,0.0,0.0,0.0,0.0,0.0,0.0,0.0,3.11,0.0,1260.0,1260.0,0.0,1.0,1.0,0.0,0.0,0.0,0
2022-08-16,trade,T05,True,BUY_MUN_01,SUP_USEC_01,0.0,53370803.08,55665701.91,0.0,0.0,0.0,0.0,0.0,0.0,,0,0.0,0.0,0.0,0.0,0.0,,0.0,0.0,0.0,0.0,0.0,0,0.0,0.0,0.0,0.0,0.0,0.0,0.0,0.0,0.0,15.25,0.0,2100.0,2100.0,0.0,1.0,1.0,0.0,0.0,0.0,0
2022-08-16,trade,T06,True,BUY_JNPT_01,SUP_JEA_01,0.0,12118905.26,16520751.21,0.0,0.0,0.0,0.0,0.0,0.0,,0,0.0,0.0,0.0,0.0,0.0,,0.0,0.0,0.0,0.0,0.0,0,0.0,0.0,0.0,0.0,0.0,0.0,0.0,0.0,0.0,4.53,0.0,1300.0,1300.0,0.0,1.0,1.0,0.0,0.0,0.0,0
2022-08-16,trade,T07,True,BUY_RJK_01,SUP_USEC_02,94377475.64,8796211.06,-141673184.42,0.0,0.0,0.0,0.0,0.0,0.0,,0,0.0,47078.12,47078.12,0.0,0.0,,0.0,0.0,0.0,0.0,0.0,0,0.0,0.0,0.0,0.0,0.0,0.0,0.0,2.59,-2.63,-38.81,0.0,1890.0,1890.0,0.0,1.0,1.0,89642899.87,0.0,4734575.77,0
2022-08-16,trade,T08,True,BUY_MUN_01,SUP_USEC_02,267197351.36,4455301.65,-306853077.18,0.0,-41112.52,-518.2129,-1265475.91,729.9232,-1248.1361,1.709955,0,-477611.06,-1265475.91,1782472.55,0.0,-3047948.46,-0.0,0.0,0.0,0.0,0.0,0.0,0,0.0,0.0,0.0,0.0,0.0,0.0,0.0,-411.63,0.0,-84.07,-5.18,1680.0,1680.0,0.0,1.0,0.555556,0.0,269367701.36,0.0,0
2022-08-16,trade,T09,True,,SUP_JEA_01,-3286256.06,-4932358.96,-17994479.06,16422200.0,5348.28,67.4137,164624.3,919.1468,-851.7331,0.926656,-157,-785000.0,81642.15,-42504.9,2204079.19,-2079932.14,,-425.36,0.0,0.0,0.0,0.0,0,0.0,0.0,2399002.13,0.0,0.0,1200.0,-72920.69,762.32,-4376.83,-4.93,0.43,0.0,0.0,1200.0,1.0,0.0,0.0,0.0,0.0,0
2022-08-17,book,BOOK,True,BOOK,BOOK,358126705.25,200593877.93,-255458651.35,16536025.0,49107.67,618.0758,1492035.07,1469.6775,-851.6017,0.579448,-157,-280449.54,1467583.92,1319370.87,2203979.53,-2055766.49,-1.670478,-955.6,0.0,0.0,0.0,0.0,0,0.0,0.0,2372990.57,0.0,0.0,1200.0,-73280.59,1206.65,-4372.0,-69.99,5.93,13750.0,13150.0,1200.0,1.0,0.851852,89642899.87,270343165.58,4741191.29,0
2022-08-17,trade,T01,True,"BUY_MUN_01,BUY_RJK_01",SUP_USEC_01,0.0,37814185.51,45062704.95,0.0,0.0,0.0,0.0,0.0,0.0,,0,0.0,0.0,0.0,0.0,0.0,,0.0,0.0,0.0,0.0,0.0,0,0.0,0.0,0.0,0.0,0.0,0.0,0.0,0.0,0.0,12.35,0.0,2520.0,2520.0,0.0,1.0,1.0,0.0,0.0,0.0,0
2022-08-17,trade,T02,True,BUY_JNPT_01,SUP_JEA_01,0.0,51589752.47,49835984.28,0.0,0.0,0.0,0.0,0.0,0.0,,0,0.0,0.0,0.0,0.0,0.0,,0.0,0.0,0.0,0.0,0.0,0,0.0,0.0,0.0,0.0,0.0,0.0,0.0,0.0,0.0,13.65,0.0,1200.0,1200.0,0.0,1.0,1.0,0.0,0.0,0.0,0
2022-08-17,trade,T03,True,BUY_JNPT_01,SUP_JEA_01,0.0,31064349.11,34049620.07,0.0,0.0,0.0,0.0,0.0,0.0,,0,0.0,0.0,0.0,0.0,0.0,,0.0,0.0,0.0,0.0,0.0,0,0.0,0.0,0.0,0.0,0.0,0.0,0.0,0.0,0.0,9.33,0.0,1200.0,1200.0,0.0,1.0,1.0,0.0,0.0,0.0,0
2022-08-17,trade,T04,True,BUY_RJK_01,SUP_USEC_02,0.0,7919294.42,11351481.69,0.0,0.0,0.0,0.0,0.0,0.0,,0,0.0,0.0,0.0,0.0,0.0,,0.0,0.0,0.0,0.0,0.0,0,0.0,0.0,0.0,0.0,0.0,0.0,0.0,0.0,0.0,3.11,0.0,1260.0,1260.0,0.0,1.0,1.0,0.0,0.0,0.0,0
2022-08-17,trade,T05,True,BUY_MUN_01,SUP_USEC_01,0.0,53370803.08,55665701.91,0.0,0.0,0.0,0.0,0.0,0.0,,0,0.0,0.0,0.0,0.0,0.0,,0.0,0.0,0.0,0.0,0.0,0,0.0,0.0,0.0,0.0,0.0,0.0,0.0,0.0,0.0,15.25,0.0,2100.0,2100.0,0.0,1.0,1.0,0.0,0.0,0.0,0
2022-08-17,trade,T06,True,BUY_JNPT_01,SUP_JEA_01,0.0,12118905.26,16520751.21,0.0,0.0,0.0,0.0,0.0,0.0,,0,0.0,0.0,0.0,0.0,0.0,,0.0,0.0,0.0,0.0,0.0,0,0.0,0.0,0.0,0.0,0.0,0.0,0.0,0.0,0.0,4.53,0.0,1300.0,1300.0,0.0,1.0,1.0,0.0,0.0,0.0,0
2022-08-17,trade,T07,True,BUY_RJK_01,SUP_USEC_02,94384091.16,8763235.71,-141673184.42,0.0,0.0,0.0,0.0,0.0,0.0,,0,0.0,59673.28,59673.28,0.0,0.0,,0.0,0.0,0.0,0.0,0.0,0,0.0,0.0,0.0,0.0,0.0,0.0,0.0,1.3,-1.32,-38.81,0.0,1890.0,1890.0,0.0,1.0,1.0,89642899.87,0.0,4741191.29,0
2022-08-17,trade,T08,True,BUY_MUN_01,SUP_USEC_02,268172815.58,5345015.14,-306853077.18,0.0,43488.96,547.358,1321322.19,547.358,0.0,-0.0,0,504550.46,1321322.19,1321322.19,0.0,0.0,-0.0,0.0,0.0,0.0,0.0,0.0,0,0.0,0.0,0.0,0.0,0.0,0.0,0.0,401.8,0.0,-84.07,5.47,1680.0,1680.0,0.0,1.0,0.666667,0.0,270343165.58,0.0,0
2022-08-17,trade,T09,True,,SUP_JEA_01,-4430201.49,-7391662.79,-19418633.87,16536025.0,5618.71,70.7178,170712.88,922.3195,-851.6017,0.923326,-157,-785000.0,86588.45,-61624.6,2203979.53,-2055766.49,,-955.6,0.0,0.0,0.0,0.0,0,0.0,0.0,2372990.57,0.0,0.0,1200.0,-73280.59,803.55,-4370.68,-5.32,0.46,600.0,0.0,1200.0,1.0,0.0,0.0,0.0,0.0,0
2022-08-18,book,BOOK,True,BOOK,BOOK,356679662.87,201222321.1,-253409397.64,16693025.0,-33211.49,-417.1004,-1006046.07,1290.2935,-1707.3938,1.32326,-157,-1234104.03,-1025735.8,888773.93,2203724.21,-4118233.94,-2.47951,-725.18,0.0,0.0,0.0,0.0,0,0.0,0.0,2378941.09,0.0,0.0,1200.0,-73688.24,-817.78,-4385.92,-69.43,-4.42,13750.0,13150.0,1200.0,1.0,0.864198,89642899.87,270418848.15,0.0,0
2022-08-18,trade,T01,True,"BUY_MUN_01,BUY_RJK_01",SUP_USEC_01,0.0,37814185.51,45062704.95,0.0,0.0,0.0,0.0,0.0,0.0,,0,0.0,0.0,0.0,0.0,0.0,,0.0,0.0,0.0,0.0,0.0,0,0.0,0.0,0.0,0.0,0.0,0.0,0.0,0.0,0.0,12.35,0.0,2520.0,2520.0,0.0,1.0,1.0,0.0,0.0,0.0,0
2022-08-18,trade,T02,True,BUY_JNPT_01,SUP_JEA_01,0.0,51589752.47,49835984.28,0.0,0.0,0.0,0.0,0.0,0.0,,0,0.0,0.0,0.0,0.0,0.0,,0.0,0.0,0.0,0.0,0.0,0,0.0,0.0,0.0,0.0,0.0,0.0,0.0,0.0,0.0,13.65,0.0,1200.0,1200.0,0.0,1.0,1.0,0.0,0.0,0.0,0
2022-08-18,trade,T03,True,BUY_JNPT_01,SUP_JEA_01,0.0,31064349.11,34049620.07,0.0,0.0,0.0,0.0,0.0,0.0,,0,0.0,0.0,0.0,0.0,0.0,,0.0,0.0,0.0,0.0,0.0,0,0.0,0.0,0.0,0.0,0.0,0.0,0.0,0.0,0.0,9.33,0.0,1200.0,1200.0,0.0,1.0,1.0,0.0,0.0,0.0,0
2022-08-18,trade,T04,True,BUY_RJK_01,SUP_USEC_02,0.0,7919294.42,11351481.69,0.0,0.0,0.0,0.0,0.0,0.0,,0,0.0,0.0,0.0,0.0,0.0,,0.0,0.0,0.0,0.0,0.0,0,0.0,0.0,0.0,0.0,0.0,0.0,0.0,0.0,0.0,3.11,0.0,1260.0,1260.0,0.0,1.0,1.0,0.0,0.0,0.0,0
2022-08-18,trade,T05,True,BUY_MUN_01,SUP_USEC_01,0.0,53370803.08,55665701.91,0.0,0.0,0.0,0.0,0.0,0.0,,0,0.0,0.0,0.0,0.0,0.0,,0.0,0.0,0.0,0.0,0.0,0,0.0,0.0,0.0,0.0,0.0,0.0,0.0,0.0,0.0,15.25,0.0,2100.0,2100.0,0.0,1.0,1.0,0.0,0.0,0.0,0
2022-08-18,trade,T06,True,BUY_JNPT_01,SUP_JEA_01,0.0,12118905.26,16520751.21,0.0,0.0,0.0,0.0,0.0,0.0,,0,0.0,0.0,0.0,0.0,0.0,,0.0,0.0,0.0,0.0,0.0,0,0.0,0.0,0.0,0.0,0.0,0.0,0.0,0.0,0.0,4.53,0.0,1300.0,1300.0,0.0,1.0,1.0,0.0,0.0,0.0,0
2022-08-18,trade,T07,True,BUY_RJK_01,SUP_USEC_02,89642899.87,8733529.75,-136922108.23,0.0,0.0,0.0,0.0,0.0,0.0,,0,0.0,59668.37,59668.37,0.0,0.0,,0.0,0.0,0.0,0.0,0.0,0,0.0,0.0,0.0,0.0,0.0,0.0,0.0,0.0,0.0,-37.51,0.0,1890.0,1890.0,0.0,1.0,1.0,89642899.87,0.0,0.0,0
2022-08-18,trade,T08,True,BUY_MUN_01,SUP_USEC_02,270418848.15,5334946.99,-309023427.18,0.0,29051.0,364.849,880015.88,364.849,0.0,-0.0,0,336366.97,880015.88,880015.88,0.0,0.0,-0.0,0.0,0.0,0.0,0.0,0.0,0,0.0,0.0,0.0,0.0,0.0,0.0,0.0,249.07,0.0,-84.66,3.65,1680.0,1680.0,0.0,1.0,0.777778,0.0,270418848.15,0.0,0
2022-08-18,trade,T09,True,,SUP_JEA_01,-3382085.14,-6723445.5,-19950106.35,16693025.0,-62262.49,-781.9494,-1886061.95,925.4444,-1707.3938,1.844945,-157,-1570471.0,-1965420.05,-50910.32,2203724.21,-4118233.94,,-725.18,0.0,0.0,0.0,0.0,0,0.0,0.0,2378941.09,0.0,0.0,1200.0,-73688.24,-1066.84,-4385.92,-5.47,-8.07,600.0,0.0,1200.0,1.0,0.0,0.0,0.0,0.0,0
2022-08-19,book,BOOK,True,BOOK,BOOK,354515441.43,198496154.16,-253884322.64,16736200.0,20424.78,255.7333,607622.41,1111.0134,-855.2801,0.76982,-157,-616816.51,524786.44,353497.95,2203433.96,-2032145.47,-6.23323,-1523.28,0.0,0.0,0.0,0.0,0,0.0,0.0,2346107.78,0.0,0.0,1200.0,-74166.32,-319.09,-4379.23,-69.56,2.31,13750.0,13150.0,1200.0,1.0,0.876543,89642899.87,270132936.22,0.0,0
2022-08-19,trade,T01,True,"BUY_MUN_01,BUY_RJK_01",SUP_USEC_01,0.0,37814185.51,45062704.95,0.0,0.0,0.0,0.0,0.0,0.0,,0,0.0,0.0,0.0,0.0,0.0,,0.0,0.0,0.0,0.0,0.0,0,0.0,0.0,0.0,0.0,0.0,0.0,0.0,0.0,0.0,12.35,0.0,2520.0,2520.0,0.0,1.0,1.0,0.0,0.0,0.0,0
2022-08-19,trade,T02,True,BUY_JNPT_01,SUP_JEA_01,0.0,51589752.47,49835984.28,0.0,0.0,0.0,0.0,0.0,0.0,,0,0.0,0.0,0.0,0.0,0.0,,0.0,0.0,0.0,0.0,0.0,0,0.0,0.0,0.0,0.0,0.0,0.0,0.0,0.0,0.0,13.65,0.0,1200.0,1200.0,0.0,1.0,1.0,0.0,0.0,0.0,0
2022-08-19,trade,T03,True,BUY_JNPT_01,SUP_JEA_01,0.0,31064349.11,34049620.07,0.0,0.0,0.0,0.0,0.0,0.0,,0,0.0,0.0,0.0,0.0,0.0,,0.0,0.0,0.0,0.0,0.0,0,0.0,0.0,0.0,0.0,0.0,0.0,0.0,0.0,0.0,9.33,0.0,1200.0,1200.0,0.0,1.0,1.0,0.0,0.0,0.0,0
2022-08-19,trade,T04,True,BUY_RJK_01,SUP_USEC_02,0.0,7919294.42,11351481.69,0.0,0.0,0.0,0.0,0.0,0.0,,0,0.0,0.0,0.0,0.0,0.0,,0.0,0.0,0.0,0.0,0.0,0,0.0,0.0,0.0,0.0,0.0,0.0,0.0,0.0,0.0,3.11,0.0,1260.0,1260.0,0.0,1.0,1.0,0.0,0.0,0.0,0
2022-08-19,trade,T05,True,BUY_MUN_01,SUP_USEC_01,0.0,53370803.08,55665701.91,0.0,0.0,0.0,0.0,0.0,0.0,,0,0.0,0.0,0.0,0.0,0.0,,0.0,0.0,0.0,0.0,0.0,0,0.0,0.0,0.0,0.0,0.0,0.0,0.0,0.0,0.0,15.25,0.0,2100.0,2100.0,0.0,1.0,1.0,0.0,0.0,0.0,0
2022-08-19,trade,T06,True,BUY_JNPT_01,SUP_JEA_01,0.0,12118905.26,16520751.21,0.0,0.0,0.0,0.0,0.0,0.0,,0,0.0,0.0,0.0,0.0,0.0,,0.0,0.0,0.0,0.0,0.0,0,0.0,0.0,0.0,0.0,0.0,0.0,0.0,0.0,0.0,4.53,0.0,1300.0,1300.0,0.0,1.0,1.0,0.0,0.0,0.0,0
2022-08-19,trade,T07,True,BUY_RJK_01,SUP_USEC_02,89642899.87,8695266.59,-136922108.23,0.0,0.0,0.0,0.0,0.0,0.0,,0,0.0,0.0,0.0,0.0,0.0,,0.0,0.0,0.0,0.0,0.0,0,0.0,0.0,0.0,0.0,0.0,0.0,0.0,0.0,0.0,-37.51,0.0,1890.0,1890.0,0.0,1.0,1.0,89642899.87,0.0,0.0,0
2022-08-19,trade,T08,True,BUY_MUN_01,SUP_USEC_02,270132936.22,4962677.83,-309023427.18,0.0,14567.54,182.3964,433373.78,182.3964,0.0,-0.0,0,168183.49,433373.78,433373.78,0.0,0.0,-0.0,0.0,0.0,0.0,0.0,0.0,0,0.0,0.0,0.0,0.0,0.0,0.0,0.0,113.58,0.0,-84.66,1.82,1680.0,1680.0,0.0,1.0,0.888889,0.0,270132936.22,0.0,0
2022-08-19,trade,T09,True,,SUP_JEA_01,-5260394.66,-9039080.12,-20425031.35,16736200.0,5857.24,73.337,174248.63,928.617,-855.2801,0.921026,-157,-785000.0,91412.66,-79875.83,2203433.96,-2032145.47,,-1523.28,0.0,0.0,0.0,0.0,0,0.0,0.0,2346107.78,0.0,0.0,1200.0,-74166.32,-432.67,-4379.23,-5.6,0.48,600.0,0.0,1200.0,1.0,0.0,0.0,0.0,0.0,0
2022-08-22,book,BOOK,True,BOOK,BOOK,356753714.26,201010692.35,-253150347.64,16669475.0,6646.37,83.2321,198716.61,938.1181,-854.886,0.911278,-157,-785000.0,110447.16,-51026.35,2202513.76,-2041040.25,,-740.92,0.0,0.0,0.0,0.0,0,0.0,0.0,2352412.44,0.0,0.0,1200.0,-74912.01,-288.31,-4397.54,-69.36,0.58,13750.0,13150.0,1200.0,1.0,0.888889,359750608.57,0.0,0.0,0
2022-08-22,trade,T01,True,"BUY_MUN_01,BUY_RJK_01",SUP_USEC_01,0.0,37814185.51,45062704.95,0.0,0.0,0.0,0.0,0.0,0.0,,0,0.0,0.0,0.0,0.0,0.0,,0.0,0.0,0.0,0.0,0.0,0,0.0,0.0,0.0,0.0,0.0,0.0,0.0,0.0,0.0,12.35,0.0,2520.0,2520.0,0.0,1.0,1.0,0.0,0.0,0.0,0
2022-08-22,trade,T02,True,BUY_JNPT_01,SUP_JEA_01,0.0,51589752.47,49835984.28,0.0,0.0,0.0,0.0,0.0,0.0,,0,0.0,0.0,0.0,0.0,0.0,,0.0,0.0,0.0,0.0,0.0,0,0.0,0.0,0.0,0.0,0.0,0.0,0.0,0.0,0.0,13.65,0.0,1200.0,1200.0,0.0,1.0,1.0,0.0,0.0,0.0,0
2022-08-22,trade,T03,True,BUY_JNPT_01,SUP_JEA_01,0.0,31064349.11,34049620.07,0.0,0.0,0.0,0.0,0.0,0.0,,0,0.0,0.0,0.0,0.0,0.0,,0.0,0.0,0.0,0.0,0.0,0,0.0,0.0,0.0,0.0,0.0,0.0,0.0,0.0,0.0,9.33,0.0,1200.0,1200.0,0.0,1.0,1.0,0.0,0.0,0.0,0
2022-08-22,trade,T04,True,BUY_RJK_01,SUP_USEC_02,0.0,7919294.42,11351481.69,0.0,0.0,0.0,0.0,0.0,0.0,,0,0.0,0.0,0.0,0.0,0.0,,0.0,0.0,0.0,0.0,0.0,0,0.0,0.0,0.0,0.0,0.0,0.0,0.0,0.0,0.0,3.11,0.0,1260.0,1260.0,0.0,1.0,1.0,0.0,0.0,0.0,0
2022-08-22,trade,T05,True,BUY_MUN_01,SUP_USEC_01,0.0,53370803.08,55665701.91,0.0,0.0,0.0,0.0,0.0,0.0,,0,0.0,0.0,0.0,0.0,0.0,,0.0,0.0,0.0,0.0,0.0,0,0.0,0.0,0.0,0.0,0.0,0.0,0.0,0.0,0.0,15.25,0.0,2100.0,2100.0,0.0,1.0,1.0,0.0,0.0,0.0,0
2022-08-22,trade,T06,True,BUY_JNPT_01,SUP_JEA_01,0.0,12118905.26,16520751.21,0.0,0.0,0.0,0.0,0.0,0.0,,0,0.0,0.0,0.0,0.0,0.0,,0.0,0.0,0.0,0.0,0.0,0,0.0,0.0,0.0,0.0,0.0,0.0,0.0,0.0,0.0,4.53,0.0,1300.0,1300.0,0.0,1.0,1.0,0.0,0.0,0.0,0
2022-08-22,trade,T07,True,BUY_RJK_01,SUP_USEC_02,89642899.87,8580477.09,-136922108.23,0.0,0.0,0.0,0.0,0.0,0.0,,0,0.0,0.0,0.0,0.0,0.0,,0.0,0.0,0.0,0.0,0.0,0,0.0,0.0,0.0,0.0,0.0,0.0,0.0,0.0,0.0,-37.51,0.0,1890.0,1890.0,0.0,1.0,1.0,89642899.87,0.0,0.0,0
2022-08-22,trade,T08,True,BUY_MUN_01,SUP_USEC_02,270107708.7,4678378.61,-309023427.18,0.0,0.0,0.0,0.0,0.0,0.0,,0,0.0,0.0,0.0,0.0,0.0,,0.0,0.0,0.0,0.0,0.0,0,0.0,0.0,0.0,0.0,0.0,0.0,0.0,0.0,0.0,-84.66,0.0,1680.0,1680.0,0.0,1.0,1.0,270107708.7,0.0,0.0,0
2022-08-22,trade,T09,True,,SUP_JEA_01,-2996894.31,-6125453.21,-19691056.35,16669475.0,6646.37,83.2321,198716.61,938.1181,-854.886,0.911278,-157,-785000.0,110447.16,-51026.35,2202513.76,-2041040.25,,-740.92,0.0,0.0,0.0,0.0,0,0.0,0.0,2352412.44,0.0,0.0,1200.0,-74912.01,-288.31,-4397.54,-5.39,0.58,600.0,0.0,1200.0,1.0,0.0,0.0,0.0,0.0,0
2022-08-23,book,BOOK,True,BOOK,BOOK,362568893.51,202657116.37,-273688603.89,16830400.0,6914.35,86.5771,211118.24,941.3317,-854.7546,0.908027,-157,-785000.0,108164.64,-9965.92,2202449.64,-2084319.08,,379.24,0.0,0.0,0.0,0.0,0,0.0,0.0,2388831.75,0.0,0.0,1200.0,-75178.04,-251.74,-4426.76,-74.98,0.61,13750.0,13150.0,1200.0,1.0,0.888889,359750608.57,0.0,0.0,0
2022-08-23,trade,T01,True,"BUY_MUN_01,BUY_RJK_01",SUP_USEC_01,0.0,37814185.51,45062704.95,0.0,0.0,0.0,0.0,0.0,0.0,,0,0.0,0.0,0.0,0.0,0.0,,0.0,0.0,0.0,0.0,0.0,0,0.0,0.0,0.0,0.0,0.0,0.0,0.0,0.0,0.0,12.35,0.0,2520.0,2520.0,0.0,1.0,1.0,0.0,0.0,0.0,0
2022-08-23,trade,T02,True,BUY_JNPT_01,SUP_JEA_01,0.0,51589752.47,49835984.28,0.0,0.0,0.0,0.0,0.0,0.0,,0,0.0,0.0,0.0,0.0,0.0,,0.0,0.0,0.0,0.0,0.0,0,0.0,0.0,0.0,0.0,0.0,0.0,0.0,0.0,0.0,13.65,0.0,1200.0,1200.0,0.0,1.0,1.0,0.0,0.0,0.0,0
2022-08-23,trade,T03,True,BUY_JNPT_01,SUP_JEA_01,0.0,31064349.11,34049620.07,0.0,0.0,0.0,0.0,0.0,0.0,,0,0.0,0.0,0.0,0.0,0.0,,0.0,0.0,0.0,0.0,0.0,0,0.0,0.0,0.0,0.0,0.0,0.0,0.0,0.0,0.0,9.33,0.0,1200.0,1200.0,0.0,1.0,1.0,0.0,0.0,0.0,0
2022-08-23,trade,T04,True,BUY_RJK_01,SUP_USEC_02,0.0,7919294.42,11351481.69,0.0,0.0,0.0,0.0,0.0,0.0,,0,0.0,0.0,0.0,0.0,0.0,,0.0,0.0,0.0,0.0,0.0,0,0.0,0.0,0.0,0.0,0.0,0.0,0.0,0.0,0.0,3.11,0.0,1260.0,1260.0,0.0,1.0,1.0,0.0,0.0,0.0,0
2022-08-23,trade,T05,True,BUY_MUN_01,SUP_USEC_01,0.0,53370803.08,55665701.91,0.0,0.0,0.0,0.0,0.0,0.0,,0,0.0,0.0,0.0,0.0,0.0,,0.0,0.0,0.0,0.0,0.0,0,0.0,0.0,0.0,0.0,0.0,0.0,0.0,0.0,0.0,15.25,0.0,2100.0,2100.0,0.0,1.0,1.0,0.0,0.0,0.0,0
2022-08-23,trade,T06,True,BUY_JNPT_01,SUP_JEA_01,0.0,12118905.26,16520751.21,0.0,0.0,0.0,0.0,0.0,0.0,,0,0.0,0.0,0.0,0.0,0.0,,0.0,0.0,0.0,0.0,0.0,0,0.0,0.0,0.0,0.0,0.0,0.0,0.0,0.0,0.0,4.53,0.0,1300.0,1300.0,0.0,1.0,1.0,0.0,0.0,0.0,0
2022-08-23,trade,T07,True,BUY_RJK_01,SUP_USEC_02,89642899.87,8542213.93,-136922108.23,0.0,0.0,0.0,0.0,0.0,0.0,,0,0.0,0.0,0.0,0.0,0.0,,0.0,0.0,0.0,0.0,0.0,0,0.0,0.0,0.0,0.0,0.0,0.0,0.0,0.0,0.0,-37.51,0.0,1890.0,1890.0,0.0,1.0,1.0,89642899.87,0.0,0.0,0
2022-08-23,trade,T08,True,BUY_MUN_01,SUP_USEC_02,270107708.7,4592021.38,-309023427.18,0.0,0.0,0.0,0.0,0.0,0.0,,0,0.0,0.0,0.0,0.0,0.0,,0.0,0.0,0.0,0.0,0.0,0,0.0,0.0,0.0,0.0,0.0,0.0,0.0,0.0,0.0,-84.66,0.0,1680.0,1680.0,0.0,1.0,1.0,270107708.7,0.0,0.0,0
2022-08-23,trade,T09,True,,SUP_JEA_01,2818284.94,-4354408.81,-40229312.6,16830400.0,6914.35,86.5771,211118.24,941.3317,-854.7546,0.908027,-157,-785000.0,108164.64,-9965.92,2202449.64,-2084319.08,,379.24,0.0,0.0,0.0,0.0,0,0.0,0.0,2388831.75,0.0,0.0,1200.0,-75178.04,-251.74,-4426.76,-11.02,0.61,600.0,0.0,1200.0,1.0,0.0,0.0,0.0,0.0,0
2022-08-24,book,BOOK,True,BOOK,BOOK,363166790.05,203569498.68,-273163680.55,16755825.0,7176.34,89.898,217733.04,944.5213,-854.6232,0.904822,-157,-785000.0,127232.86,-5079.29,2202209.6,-2069897.45,,30688.31,0.0,0.0,0.0,0.0,0,0.0,0.0,2384780.9,0.0,0.0,1200.0,-75398.77,-191.36,-4428.08,-74.84,0.64,14350.0,13150.0,1200.0,1.0,0.888889,359750608.57,0.0,0.0,0
2022-08-24,trade,T01,True,"BUY_MUN_01,BUY_RJK_01",SUP_USEC_01,0.0,37814185.51,45062704.95,0.0,0.0,0.0,0.0,0.0,0.0,,0,0.0,0.0,0.0,0.0,0.0,,0.0,0.0,0.0,0.0,0.0,0,0.0,0.0,0.0,0.0,0.0,0.0,0.0,0.0,0.0,12.35,0.0,2520.0,2520.0,0.0,1.0,1.0,0.0,0.0,0.0,0
2022-08-24,trade,T02,True,BUY_JNPT_01,SUP_JEA_01,0.0,51589752.47,49835984.28,0.0,0.0,0.0,0.0,0.0,0.0,,0,0.0,0.0,0.0,0.0,0.0,,0.0,0.0,0.0,0.0,0.0,0,0.0,0.0,0.0,0.0,0.0,0.0,0.0,0.0,0.0,13.65,0.0,1200.0,1200.0,0.0,1.0,1.0,0.0,0.0,0.0,0
2022-08-24,trade,T03,True,BUY_JNPT_01,SUP_JEA_01,0.0,31064349.11,34049620.07,0.0,0.0,0.0,0.0,0.0,0.0,,0,0.0,0.0,0.0,0.0,0.0,,0.0,0.0,0.0,0.0,0.0,0,0.0,0.0,0.0,0.0,0.0,0.0,0.0,0.0,0.0,9.33,0.0,1200.0,1200.0,0.0,1.0,1.0,0.0,0.0,0.0,0
2022-08-24,trade,T04,True,BUY_RJK_01,SUP_USEC_02,0.0,7919294.42,11351481.69,0.0,0.0,0.0,0.0,0.0,0.0,,0,0.0,0.0,0.0,0.0,0.0,,0.0,0.0,0.0,0.0,0.0,0,0.0,0.0,0.0,0.0,0.0,0.0,0.0,0.0,0.0,3.11,0.0,1260.0,1260.0,0.0,1.0,1.0,0.0,0.0,0.0,0
2022-08-24,trade,T05,True,BUY_MUN_01,SUP_USEC_01,0.0,53370803.08,55665701.91,0.0,0.0,0.0,0.0,0.0,0.0,,0,0.0,0.0,0.0,0.0,0.0,,0.0,0.0,0.0,0.0,0.0,0,0.0,0.0,0.0,0.0,0.0,0.0,0.0,0.0,0.0,15.25,0.0,2100.0,2100.0,0.0,1.0,1.0,0.0,0.0,0.0,0
2022-08-24,trade,T06,True,BUY_JNPT_01,SUP_JEA_01,0.0,12118905.26,16520751.21,0.0,0.0,0.0,0.0,0.0,0.0,,0,0.0,0.0,0.0,0.0,0.0,,0.0,0.0,0.0,0.0,0.0,0,0.0,0.0,0.0,0.0,0.0,0.0,0.0,0.0,0.0,4.53,0.0,1300.0,1300.0,0.0,1.0,1.0,0.0,0.0,0.0,0
2022-08-24,trade,T07,True,BUY_RJK_01,SUP_USEC_02,89642899.87,8503950.76,-136922108.23,0.0,0.0,0.0,0.0,0.0,0.0,,0,0.0,0.0,0.0,0.0,0.0,,0.0,0.0,0.0,0.0,0.0,0,0.0,0.0,0.0,0.0,0.0,0.0,0.0,0.0,0.0,-37.51,0.0,1890.0,1890.0,0.0,1.0,1.0,89642899.87,0.0,0.0,0
2022-08-24,trade,T08,True,BUY_MUN_01,SUP_USEC_02,270107708.7,4505664.15,-309023427.18,0.0,0.0,0.0,0.0,0.0,0.0,,0,0.0,0.0,0.0,0.0,0.0,,0.0,0.0,0.0,0.0,0.0,0,0.0,0.0,0.0,0.0,0.0,0.0,0.0,0.0,0.0,-84.66,0.0,1680.0,1680.0,0.0,1.0,1.0,270107708.7,0.0,0.0,0
2022-08-24,trade,T09,True,,SUP_JEA_01,3416181.48,-3317406.09,-39704389.26,16755825.0,7176.34,89.898,217733.04,944.5213,-854.6232,0.904822,-157,-785000.0,127232.86,-5079.29,2202209.6,-2069897.45,,30688.31,0.0,0.0,0.0,0.0,0,0.0,0.0,2384780.9,0.0,0.0,1200.0,-75398.77,-191.36,-4428.08,-10.88,0.64,1200.0,0.0,1200.0,1.0,0.0,0.0,0.0,0.0,0
2022-08-25,book,BOOK,True,BOOK,BOOK,364939320.85,204656813.61,-273768130.55,16810775.0,7443.23,93.1624,227549.11,947.6542,-854.4919,0.901692,-157,-785000.0,133503.77,18730.03,2201870.1,-2087096.35,,31235.66,0.0,0.0,0.0,0.0,0,0.0,0.0,2399997.63,0.0,0.0,1200.0,-75713.02,-146.48,-2979.66,-75.0,0.68,14350.0,13150.0,1200.0,1.0,0.888889,359750608.57,0.0,0.0,0
2022-08-25,trade,T01,True,"BUY_MUN_01,BUY_RJK_01",SUP_USEC_01,0.0,37814185.51,45062704.95,0.0,0.0,0.0,0.0,0.0,0.0,,0,0.0,0.0,0.0,0.0,0.0,,0.0,0.0,0.0,0.0,0.0,0,0.0,0.0,0.0,0.0,0.0,0.0,0.0,0.0,0.0,12.35,0.0,2520.0,2520.0,0.0,1.0,1.0,0.0,0.0,0.0,0
2022-08-25,trade,T02,True,BUY_JNPT_01,SUP_JEA_01,0.0,51589752.47,49835984.28,0.0,0.0,0.0,0.0,0.0,0.0,,0,0.0,0.0,0.0,0.0,0.0,,0.0,0.0,0.0,0.0,0.0,0,0.0,0.0,0.0,0.0,0.0,0.0,0.0,0.0,0.0,13.65,0.0,1200.0,1200.0,0.0,1.0,1.0,0.0,0.0,0.0,0
2022-08-25,trade,T03,True,BUY_JNPT_01,SUP_JEA_01,0.0,31064349.11,34049620.07,0.0,0.0,0.0,0.0,0.0,0.0,,0,0.0,0.0,0.0,0.0,0.0,,0.0,0.0,0.0,0.0,0.0,0,0.0,0.0,0.0,0.0,0.0,0.0,0.0,0.0,0.0,9.33,0.0,1200.0,1200.0,0.0,1.0,1.0,0.0,0.0,0.0,0
2022-08-25,trade,T04,True,BUY_RJK_01,SUP_USEC_02,0.0,7919294.42,11351481.69,0.0,0.0,0.0,0.0,0.0,0.0,,0,0.0,0.0,0.0,0.0,0.0,,0.0,0.0,0.0,0.0,0.0,0,0.0,0.0,0.0,0.0,0.0,0.0,0.0,0.0,0.0,3.11,0.0,1260.0,1260.0,0.0,1.0,1.0,0.0,0.0,0.0,0
2022-08-25,trade,T05,True,BUY_MUN_01,SUP_USEC_01,0.0,53370803.08,55665701.91,0.0,0.0,0.0,0.0,0.0,0.0,,0,0.0,0.0,0.0,0.0,0.0,,0.0,0.0,0.0,0.0,0.0,0,0.0,0.0,0.0,0.0,0.0,0.0,0.0,0.0,0.0,15.25,0.0,2100.0,2100.0,0.0,1.0,1.0,0.0,0.0,0.0,0
2022-08-25,trade,T06,True,BUY_JNPT_01,SUP_JEA_01,0.0,12118905.26,16520751.21,0.0,0.0,0.0,0.0,0.0,0.0,,0,0.0,0.0,0.0,0.0,0.0,,0.0,0.0,0.0,0.0,0.0,0,0.0,0.0,0.0,0.0,0.0,0.0,0.0,0.0,0.0,4.53,0.0,1300.0,1300.0,0.0,1.0,1.0,0.0,0.0,0.0,0
2022-08-25,trade,T07,True,BUY_RJK_01,SUP_USEC_02,89642899.87,8465687.6,-136922108.23,0.0,0.0,0.0,0.0,0.0,0.0,,0,0.0,0.0,0.0,0.0,0.0,,0.0,0.0,0.0,0.0,0.0,0,0.0,0.0,0.0,0.0,0.0,0.0,0.0,0.0,0.0,-37.51,0.0,1890.0,1890.0,0.0,1.0,1.0,89642899.87,0.0,0.0,0
2022-08-25,trade,T08,True,BUY_MUN_01,SUP_USEC_02,270107708.7,4419306.92,-309023427.18,0.0,0.0,0.0,0.0,0.0,0.0,,0,0.0,0.0,0.0,0.0,0.0,,0.0,0.0,0.0,0.0,0.0,0,0.0,0.0,0.0,0.0,0.0,0.0,0.0,0.0,0.0,-84.66,0.0,1680.0,1680.0,0.0,1.0,1.0,270107708.7,0.0,0.0,0
2022-08-25,trade,T09,True,,SUP_JEA_01,5188712.28,-2105470.77,-40308839.26,16810775.0,7443.23,93.1624,227549.11,947.6542,-854.4919,0.901692,-157,-785000.0,133503.77,18730.03,2201870.1,-2087096.35,,31235.66,0.0,0.0,0.0,0.0,0,0.0,0.0,2399997.63,0.0,0.0,1200.0,-75713.02,-146.48,-2979.66,-11.04,0.68,1200.0,0.0,1200.0,1.0,0.0,0.0,0.0,0.0,0
2022-08-26,book,BOOK,True,BOOK,BOOK,381573641.42,219141728.32,-258970876.63,0.0,-68238.25,-854.6168,-2132268.89,0.0,-854.6168,,0,-785235.5,-2152138.69,-2221573.0,2201703.2,-2132268.89,0.991056,-30178.66,0.0,0.0,0.0,0.0,0,0.0,0.0,0.0,0.0,0.0,0.0,0.0,-1646.04,-1442.73,-70.95,-8.55,14350.0,14350.0,0.0,1.0,1.0,359750608.57,202500000.0,0.0,0
2022-08-26,trade,T01,True,"BUY_MUN_01,BUY_RJK_01",SUP_USEC_01,0.0,37814185.51,45062704.95,0.0,0.0,0.0,0.0,0.0,0.0,,0,0.0,0.0,0.0,0.0,0.0,,0.0,0.0,0.0,0.0,0.0,0,0.0,0.0,0.0,0.0,0.0,0.0,0.0,0.0,0.0,12.35,0.0,2520.0,2520.0,0.0,1.0,1.0,0.0,0.0,0.0,0
2022-08-26,trade,T02,True,BUY_JNPT_01,SUP_JEA_01,0.0,51589752.47,49835984.28,0.0,0.0,0.0,0.0,0.0,0.0,,0,0.0,0.0,0.0,0.0,0.0,,0.0,0.0,0.0,0.0,0.0,0,0.0,0.0,0.0,0.0,0.0,0.0,0.0,0.0,0.0,13.65,0.0,1200.0,1200.0,0.0,1.0,1.0,0.0,0.0,0.0,0
2022-08-26,trade,T03,True,BUY_JNPT_01,SUP_JEA_01,0.0,31064349.11,34049620.07,0.0,0.0,0.0,0.0,0.0,0.0,,0,0.0,0.0,0.0,0.0,0.0,,0.0,0.0,0.0,0.0,0.0,0,0.0,0.0,0.0,0.0,0.0,0.0,0.0,0.0,0.0,9.33,0.0,1200.0,1200.0,0.0,1.0,1.0,0.0,0.0,0.0,0
2022-08-26,trade,T04,True,BUY_RJK_01,SUP_USEC_02,0.0,7919294.42,11351481.69,0.0,0.0,0.0,0.0,0.0,0.0,,0,0.0,0.0,0.0,0.0,0.0,,0.0,0.0,0.0,0.0,0.0,0,0.0,0.0,0.0,0.0,0.0,0.0,0.0,0.0,0.0,3.11,0.0,1260.0,1260.0,0.0,1.0,1.0,0.0,0.0,0.0,0
2022-08-26,trade,T05,True,BUY_MUN_01,SUP_USEC_01,0.0,53370803.08,55665701.91,0.0,0.0,0.0,0.0,0.0,0.0,,0,0.0,0.0,0.0,0.0,0.0,,0.0,0.0,0.0,0.0,0.0,0,0.0,0.0,0.0,0.0,0.0,0.0,0.0,0.0,0.0,15.25,0.0,2100.0,2100.0,0.0,1.0,1.0,0.0,0.0,0.0,0
2022-08-26,trade,T06,True,BUY_JNPT_01,SUP_JEA_01,0.0,12118905.26,16520751.21,0.0,0.0,0.0,0.0,0.0,0.0,,0,0.0,0.0,0.0,0.0,0.0,,0.0,0.0,0.0,0.0,0.0,0,0.0,0.0,0.0,0.0,0.0,0.0,0.0,0.0,0.0,4.53,0.0,1300.0,1300.0,0.0,1.0,1.0,0.0,0.0,0.0,0
2022-08-26,trade,T07,True,BUY_RJK_01,SUP_USEC_02,89642899.87,8427424.43,-136922108.23,0.0,0.0,0.0,0.0,0.0,0.0,,0,0.0,0.0,0.0,0.0,0.0,,0.0,0.0,0.0,0.0,0.0,0,0.0,0.0,0.0,0.0,0.0,0.0,0.0,0.0,0.0,-37.51,0.0,1890.0,1890.0,0.0,1.0,1.0,89642899.87,0.0,0.0,0
2022-08-26,trade,T08,True,BUY_MUN_01,SUP_USEC_02,270107708.7,4332949.69,-309023427.18,0.0,0.0,0.0,0.0,0.0,0.0,,0,0.0,0.0,0.0,0.0,0.0,,0.0,0.0,0.0,0.0,0.0,0,0.0,0.0,0.0,0.0,0.0,0.0,0.0,0.0,0.0,-84.66,0.0,1680.0,1680.0,0.0,1.0,1.0,270107708.7,0.0,0.0,0
2022-08-26,trade,T09,True,BUY_JNPT_01,SUP_JEA_01,21823032.85,12504064.34,-25511585.34,0.0,-68238.25,-854.6168,-2132268.89,0.0,-854.6168,,0,-785235.5,-2152138.69,-2221573.0,2201703.2,-2132268.89,0.991056,-30178.66,0.0,0.0,0.0,0.0,0,0.0,0.0,0.0,0.0,0.0,0.0,0.0,-1646.04,-1442.73,-6.99,-8.55,1200.0,1200.0,0.0,1.0,1.0,0.0,202500000.0,0.0,0
2022-08-30,book,BOOK,True,BOOK,BOOK,383995572.37,218607278.5,-277738957.88,0.0,0.0,0.0,0.0,0.0,0.0,,0,0.0,-20042.05,-2220768.24,2200726.19,0.0,0.990975,-30178.66,0.0,0.0,0.0,0.0,0,0.0,0.0,0.0,0.0,0.0,0.0,0.0,-20.66,-1437.92,-76.09,0.0,14350.0,14350.0,0.0,1.0,1.0,511625608.57,50625000.0,0.0,0
2022-08-30,trade,T01,True,"BUY_MUN_01,BUY_RJK_01",SUP_USEC_01,0.0,37814185.51,45062704.95,0.0,0.0,0.0,0.0,0.0,0.0,,0,0.0,0.0,0.0,0.0,0.0,,0.0,0.0,0.0,0.0,0.0,0,0.0,0.0,0.0,0.0,0.0,0.0,0.0,0.0,0.0,12.35,0.0,2520.0,2520.0,0.0,1.0,1.0,0.0,0.0,0.0,0
2022-08-30,trade,T02,True,BUY_JNPT_01,SUP_JEA_01,0.0,51589752.47,49835984.28,0.0,0.0,0.0,0.0,0.0,0.0,,0,0.0,0.0,0.0,0.0,0.0,,0.0,0.0,0.0,0.0,0.0,0,0.0,0.0,0.0,0.0,0.0,0.0,0.0,0.0,0.0,13.65,0.0,1200.0,1200.0,0.0,1.0,1.0,0.0,0.0,0.0,0
2022-08-30,trade,T03,True,BUY_JNPT_01,SUP_JEA_01,0.0,31064349.11,34049620.07,0.0,0.0,0.0,0.0,0.0,0.0,,0,0.0,0.0,0.0,0.0,0.0,,0.0,0.0,0.0,0.0,0.0,0,0.0,0.0,0.0,0.0,0.0,0.0,0.0,0.0,0.0,9.33,0.0,1200.0,1200.0,0.0,1.0,1.0,0.0,0.0,0.0,0
2022-08-30,trade,T04,True,BUY_RJK_01,SUP_USEC_02,0.0,7919294.42,11351481.69,0.0,0.0,0.0,0.0,0.0,0.0,,0,0.0,0.0,0.0,0.0,0.0,,0.0,0.0,0.0,0.0,0.0,0,0.0,0.0,0.0,0.0,0.0,0.0,0.0,0.0,0.0,3.11,0.0,1260.0,1260.0,0.0,1.0,1.0,0.0,0.0,0.0,0
2022-08-30,trade,T05,True,BUY_MUN_01,SUP_USEC_01,0.0,53370803.08,55665701.91,0.0,0.0,0.0,0.0,0.0,0.0,,0,0.0,0.0,0.0,0.0,0.0,,0.0,0.0,0.0,0.0,0.0,0,0.0,0.0,0.0,0.0,0.0,0.0,0.0,0.0,0.0,15.25,0.0,2100.0,2100.0,0.0,1.0,1.0,0.0,0.0,0.0,0
2022-08-30,trade,T06,True,BUY_JNPT_01,SUP_JEA_01,0.0,12118905.26,16520751.21,0.0,0.0,0.0,0.0,0.0,0.0,,0,0.0,0.0,0.0,0.0,0.0,,0.0,0.0,0.0,0.0,0.0,0,0.0,0.0,0.0,0.0,0.0,0.0,0.0,0.0,0.0,4.53,0.0,1300.0,1300.0,0.0,1.0,1.0,0.0,0.0,0.0,0
2022-08-30,trade,T07,True,BUY_RJK_01,SUP_USEC_02,89642899.87,8274371.78,-136922108.23,0.0,0.0,0.0,0.0,0.0,0.0,,0,0.0,0.0,0.0,0.0,0.0,,0.0,0.0,0.0,0.0,0.0,0,0.0,0.0,0.0,0.0,0.0,0.0,0.0,0.0,0.0,-37.51,0.0,1890.0,1890.0,0.0,1.0,1.0,89642899.87,0.0,0.0,0
2022-08-30,trade,T08,True,BUY_MUN_01,SUP_USEC_02,270107708.7,3987520.76,-309023427.18,0.0,0.0,0.0,0.0,0.0,0.0,,0,0.0,0.0,0.0,0.0,0.0,,0.0,0.0,0.0,0.0,0.0,0,0.0,0.0,0.0,0.0,0.0,0.0,0.0,0.0,0.0,-84.66,0.0,1680.0,1680.0,0.0,1.0,1.0,270107708.7,0.0,0.0,0
2022-08-30,trade,T09,True,BUY_JNPT_01,SUP_JEA_01,24244963.8,12468096.1,-44279666.59,0.0,0.0,0.0,0.0,0.0,0.0,,0,0.0,-20042.05,-2220768.24,2200726.19,0.0,0.990975,-30178.66,0.0,0.0,0.0,0.0,0,0.0,0.0,0.0,0.0,0.0,0.0,0.0,-20.66,-1437.92,-12.13,0.0,1200.0,1200.0,0.0,1.0,1.0,151875000.0,50625000.0,0.0,0
2022-08-31,book,BOOK,True,BOOK,BOOK,333493888.7,218471521.97,-227236036.3,0.0,0.0,0.0,0.0,0.0,0.0,,0,0.0,-20022.86,-2220618.16,2200595.3,0.0,0.990983,0.0,0.0,0.0,0.0,0.0,0,0.0,0.0,0.0,0.0,0.0,0.0,0.0,-20.21,-1438.56,-62.26,0.0,14350.0,14350.0,0.0,1.0,1.0,511625608.57,0.0,0.0,0
2022-08-31,trade,T01,True,"BUY_MUN_01,BUY_RJK_01",SUP_USEC_01,0.0,37814185.51,45062704.95,0.0,0.0,0.0,0.0,0.0,0.0,,0,0.0,0.0,0.0,0.0,0.0,,0.0,0.0,0.0,0.0,0.0,0,0.0,0.0,0.0,0.0,0.0,0.0,0.0,0.0,0.0,12.35,0.0,2520.0,2520.0,0.0,1.0,1.0,0.0,0.0,0.0,0
2022-08-31,trade,T02,True,BUY_JNPT_01,SUP_JEA_01,0.0,51589752.47,49835984.28,0.0,0.0,0.0,0.0,0.0,0.0,,0,0.0,0.0,0.0,0.0,0.0,,0.0,0.0,0.0,0.0,0.0,0,0.0,0.0,0.0,0.0,0.0,0.0,0.0,0.0,0.0,13.65,0.0,1200.0,1200.0,0.0,1.0,1.0,0.0,0.0,0.0,0
2022-08-31,trade,T03,True,BUY_JNPT_01,SUP_JEA_01,0.0,31064349.11,34049620.07,0.0,0.0,0.0,0.0,0.0,0.0,,0,0.0,0.0,0.0,0.0,0.0,,0.0,0.0,0.0,0.0,0.0,0,0.0,0.0,0.0,0.0,0.0,0.0,0.0,0.0,0.0,9.33,0.0,1200.0,1200.0,0.0,1.0,1.0,0.0,0.0,0.0,0
2022-08-31,trade,T04,True,BUY_RJK_01,SUP_USEC_02,0.0,7919294.42,11351481.69,0.0,0.0,0.0,0.0,0.0,0.0,,0,0.0,0.0,0.0,0.0,0.0,,0.0,0.0,0.0,0.0,0.0,0,0.0,0.0,0.0,0.0,0.0,0.0,0.0,0.0,0.0,3.11,0.0,1260.0,1260.0,0.0,1.0,1.0,0.0,0.0,0.0,0
2022-08-31,trade,T05,True,BUY_MUN_01,SUP_USEC_01,0.0,53370803.08,55665701.91,0.0,0.0,0.0,0.0,0.0,0.0,,0,0.0,0.0,0.0,0.0,0.0,,0.0,0.0,0.0,0.0,0.0,0,0.0,0.0,0.0,0.0,0.0,0.0,0.0,0.0,0.0,15.25,0.0,2100.0,2100.0,0.0,1.0,1.0,0.0,0.0,0.0,0
2022-08-31,trade,T06,True,BUY_JNPT_01,SUP_JEA_01,0.0,12118905.26,16520751.21,0.0,0.0,0.0,0.0,0.0,0.0,,0,0.0,0.0,0.0,0.0,0.0,,0.0,0.0,0.0,0.0,0.0,0,0.0,0.0,0.0,0.0,0.0,0.0,0.0,0.0,0.0,4.53,0.0,1300.0,1300.0,0.0,1.0,1.0,0.0,0.0,0.0,0
2022-08-31,trade,T07,True,BUY_RJK_01,SUP_USEC_02,89642899.87,8236108.61,-136922108.23,0.0,0.0,0.0,0.0,0.0,0.0,,0,0.0,0.0,0.0,0.0,0.0,,0.0,0.0,0.0,0.0,0.0,0,0.0,0.0,0.0,0.0,0.0,0.0,0.0,0.0,0.0,-37.51,0.0,1890.0,1890.0,0.0,1.0,1.0,89642899.87,0.0,0.0,0
2022-08-31,trade,T08,True,BUY_MUN_01,SUP_USEC_02,270107708.7,3901163.53,-309023427.18,0.0,0.0,0.0,0.0,0.0,0.0,,0,0.0,0.0,0.0,0.0,0.0,,0.0,0.0,0.0,0.0,0.0,0,0.0,0.0,0.0,0.0,0.0,0.0,0.0,0.0,0.0,-84.66,0.0,1680.0,1680.0,0.0,1.0,1.0,270107708.7,0.0,0.0,0
2022-08-31,trade,T09,True,BUY_JNPT_01,SUP_JEA_01,-26256719.86,12456959.97,6223254.99,0.0,0.0,0.0,0.0,0.0,0.0,,0,0.0,-20022.86,-2220618.16,2200595.3,0.0,0.990983,0.0,0.0,0.0,0.0,0.0,0,0.0,0.0,0.0,0.0,0.0,0.0,0.0,-20.21,-1438.56,1.71,0.0,1200.0,1200.0,0.0,1.0,1.0,151875000.0,0.0,0.0,0
2022-09-01,book,BOOK,False,BOOK,BOOK,334452962.09,218347714.06,-228196036.3,0.0,0.0,0.0,0.0,0.0,0.0,,0,0.0,-18490.26,-2219331.77,2200841.52,0.0,0.991669,0.0,0.0,0.0,0.0,0.0,0,0.0,0.0,0.0,0.0,0.0,0.0,0.0,-19.82,20.17,-62.52,0.0,14350.0,14350.0,0.0,1.0,1.0,511625608.57,0.0,0.0,0
2022-09-01,trade,T01,False,"BUY_MUN_01,BUY_RJK_01",SUP_USEC_01,0.0,37814185.51,45062704.95,0.0,0.0,0.0,0.0,0.0,0.0,,0,0.0,0.0,0.0,0.0,0.0,,0.0,0.0,0.0,0.0,0.0,0,0.0,0.0,0.0,0.0,0.0,0.0,0.0,0.0,0.0,12.35,0.0,2520.0,2520.0,0.0,1.0,1.0,0.0,0.0,0.0,0
2022-09-01,trade,T02,False,BUY_JNPT_01,SUP_JEA_01,0.0,51589752.47,49835984.28,0.0,0.0,0.0,0.0,0.0,0.0,,0,0.0,0.0,0.0,0.0,0.0,,0.0,0.0,0.0,0.0,0.0,0,0.0,0.0,0.0,0.0,0.0,0.0,0.0,0.0,0.0,13.65,0.0,1200.0,1200.0,0.0,1.0,1.0,0.0,0.0,0.0,0
2022-09-01,trade,T03,False,BUY_JNPT_01,SUP_JEA_01,0.0,31064349.11,34049620.07,0.0,0.0,0.0,0.0,0.0,0.0,,0,0.0,0.0,0.0,0.0,0.0,,0.0,0.0,0.0,0.0,0.0,0,0.0,0.0,0.0,0.0,0.0,0.0,0.0,0.0,0.0,9.33,0.0,1200.0,1200.0,0.0,1.0,1.0,0.0,0.0,0.0,0
2022-09-01,trade,T04,False,BUY_RJK_01,SUP_USEC_02,0.0,7919294.42,11351481.69,0.0,0.0,0.0,0.0,0.0,0.0,,0,0.0,0.0,0.0,0.0,0.0,,0.0,0.0,0.0,0.0,0.0,0,0.0,0.0,0.0,0.0,0.0,0.0,0.0,0.0,0.0,3.11,0.0,1260.0,1260.0,0.0,1.0,1.0,0.0,0.0,0.0,0
2022-09-01,trade,T05,False,BUY_MUN_01,SUP_USEC_01,0.0,53370803.08,55665701.91,0.0,0.0,0.0,0.0,0.0,0.0,,0,0.0,0.0,0.0,0.0,0.0,,0.0,0.0,0.0,0.0,0.0,0,0.0,0.0,0.0,0.0,0.0,0.0,0.0,0.0,0.0,15.25,0.0,2100.0,2100.0,0.0,1.0,1.0,0.0,0.0,0.0,0
2022-09-01,trade,T06,False,BUY_JNPT_01,SUP_JEA_01,0.0,12118905.26,16520751.21,0.0,0.0,0.0,0.0,0.0,0.0,,0,0.0,0.0,0.0,0.0,0.0,,0.0,0.0,0.0,0.0,0.0,0,0.0,0.0,0.0,0.0,0.0,0.0,0.0,0.0,0.0,4.53,0.0,1300.0,1300.0,0.0,1.0,1.0,0.0,0.0,0.0,0
2022-09-01,trade,T07,False,BUY_RJK_01,SUP_USEC_02,89642899.87,8197845.45,-136922108.23,0.0,0.0,0.0,0.0,0.0,0.0,,0,0.0,0.0,0.0,0.0,0.0,,0.0,0.0,0.0,0.0,0.0,0,0.0,0.0,0.0,0.0,0.0,0.0,0.0,0.0,0.0,-37.51,0.0,1890.0,1890.0,0.0,1.0,1.0,89642899.87,0.0,0.0,0
2022-09-01,trade,T08,False,BUY_MUN_01,SUP_USEC_02,270107708.7,3814806.3,-309023427.18,0.0,0.0,0.0,0.0,0.0,0.0,,0,0.0,0.0,0.0,0.0,0.0,,0.0,0.0,0.0,0.0,0.0,0,0.0,0.0,0.0,0.0,0.0,0.0,0.0,0.0,0.0,-84.66,0.0,1680.0,1680.0,0.0,1.0,1.0,270107708.7,0.0,0.0,0
2022-09-01,trade,T09,False,BUY_JNPT_01,SUP_JEA_01,-25297646.47,12457772.45,5263254.99,0.0,0.0,0.0,0.0,0.0,0.0,,0,0.0,-18490.26,-2219331.77,2200841.52,0.0,0.991669,0.0,0.0,0.0,0.0,0.0,0,0.0,0.0,0.0,0.0,0.0,0.0,0.0,-19.82,20.17,1.44,0.0,1200.0,1200.0,0.0,1.0,1.0,151875000.0,0.0,0.0,0
2022-09-02,book,BOOK,False,BOOK,BOOK,334447880.77,218219483.17,-197768674.02,0.0,0.0,0.0,0.0,0.0,0.0,,0,0.0,-18489.56,-2219248.62,2200759.06,0.0,0.991669,0.0,0.0,0.0,0.0,0.0,0,0.0,0.0,0.0,0.0,0.0,0.0,0.0,-19.49,19.84,-54.18,0.0,14350.0,14350.0,0.0,1.0,1.0,511625608.57,0.0,0.0,0
2022-09-02,trade,T01,False,"BUY_MUN_01,BUY_RJK_01",SUP_USEC_01,0.0,37814185.51,45062704.95,0.0,0.0,0.0,0.0,0.0,0.0,,0,0.0,0.0,0.0,0.0,0.0,,0.0,0.0,0.0,0.0,0.0,0,0.0,0.0,0.0,0.0,0.0,0.0,0.0,0.0,0.0,12.35,0.0,2520.0,2520.0,0.0,1.0,1.0,0.0,0.0,0.0,0
2022-09-02,trade,T02,False,BUY_JNPT_01,SUP_JEA_01,0.0,51589752.47,49835984.28,0.0,0.0,0.0,0.0,0.0,0.0,,0,0.0,0.0,0.0,0.0,0.0,,0.0,0.0,0.0,0.0,0.0,0,0.0,0.0,0.0,0.0,0.0,0.0,0.0,0.0,0.0,13.65,0.0,1200.0,1200.0,0.0,1.0,1.0,0.0,0.0,0.0,0
2022-09-02,trade,T03,False,BUY_JNPT_01,SUP_JEA_01,0.0,31064349.11,34049620.07,0.0,0.0,0.0,0.0,0.0,0.0,,0,0.0,0.0,0.0,0.0,0.0,,0.0,0.0,0.0,0.0,0.0,0,0.0,0.0,0.0,0.0,0.0,0.0,0.0,0.0,0.0,9.33,0.0,1200.0,1200.0,0.0,1.0,1.0,0.0,0.0,0.0,0
2022-09-02,trade,T04,False,BUY_RJK_01,SUP_USEC_02,0.0,7919294.42,11351481.69,0.0,0.0,0.0,0.0,0.0,0.0,,0,0.0,0.0,0.0,0.0,0.0,,0.0,0.0,0.0,0.0,0.0,0,0.0,0.0,0.0,0.0,0.0,0.0,0.0,0.0,0.0,3.11,0.0,1260.0,1260.0,0.0,1.0,1.0,0.0,0.0,0.0,0
2022-09-02,trade,T05,False,BUY_MUN_01,SUP_USEC_01,0.0,53370803.08,55665701.91,0.0,0.0,0.0,0.0,0.0,0.0,,0,0.0,0.0,0.0,0.0,0.0,,0.0,0.0,0.0,0.0,0.0,0,0.0,0.0,0.0,0.0,0.0,0.0,0.0,0.0,0.0,15.25,0.0,2100.0,2100.0,0.0,1.0,1.0,0.0,0.0,0.0,0
2022-09-02,trade,T06,False,BUY_JNPT_01,SUP_JEA_01,0.0,12118905.26,16520751.21,0.0,0.0,0.0,0.0,0.0,0.0,,0,0.0,0.0,0.0,0.0,0.0,,0.0,0.0,0.0,0.0,0.0,0,0.0,0.0,0.0,0.0,0.0,0.0,0.0,0.0,0.0,4.53,0.0,1300.0,1300.0,0.0,1.0,1.0,0.0,0.0,0.0,0
2022-09-02,trade,T07,False,BUY_RJK_01,SUP_USEC_02,89642899.87,8159582.28,-106494745.95,0.0,0.0,0.0,0.0,0.0,0.0,,0,0.0,0.0,0.0,0.0,0.0,,0.0,0.0,0.0,0.0,0.0,0,0.0,0.0,0.0,0.0,0.0,0.0,0.0,0.0,0.0,-29.18,0.0,1890.0,1890.0,0.0,1.0,1.0,89642899.87,0.0,0.0,0
2022-09-02,trade,T08,False,BUY_MUN_01,SUP_USEC_02,270107708.7,3728449.07,-309023427.18,0.0,0.0,0.0,0.0,0.0,0.0,,0,0.0,0.0,0.0,0.0,0.0,,0.0,0.0,0.0,0.0,0.0,0,0.0,0.0,0.0,0.0,0.0,0.0,0.0,0.0,0.0,-84.66,0.0,1680.0,1680.0,0.0,1.0,1.0,270107708.7,0.0,0.0,0
2022-09-02,trade,T09,False,BUY_JNPT_01,SUP_JEA_01,-25302727.8,12454161.96,5263254.99,0.0,0.0,0.0,0.0,0.0,0.0,,0,0.0,-18489.56,-2219248.62,2200759.06,0.0,0.991669,0.0,0.0,0.0,0.0,0.0,0,0.0,0.0,0.0,0.0,0.0,0.0,0.0,-19.49,19.84,1.44,0.0,1200.0,1200.0,0.0,1.0,1.0,151875000.0,0.0,0.0,0
2022-09-05,book,BOOK,False,BOOK,BOOK,334448102.6,217875765.26,-197768674.02,0.0,0.0,0.0,0.0,0.0,0.0,,0,0.0,-18485.23,-2218729.1,2200243.86,0.0,0.991669,0.0,0.0,0.0,0.0,0.0,0,0.0,0.0,0.0,0.0,0.0,0.0,0.0,-18.29,18.61,-54.18,0.0,14350.0,14350.0,0.0,1.0,1.0,511625608.57,0.0,0.0,0
2022-09-05,trade,T01,False,"BUY_MUN_01,BUY_RJK_01",SUP_USEC_01,0.0,37814185.51,45062704.95,0.0,0.0,0.0,0.0,0.0,0.0,,0,0.0,0.0,0.0,0.0,0.0,,0.0,0.0,0.0,0.0,0.0,0,0.0,0.0,0.0,0.0,0.0,0.0,0.0,0.0,0.0,12.35,0.0,2520.0,2520.0,0.0,1.0,1.0,0.0,0.0,0.0,0
2022-09-05,trade,T02,False,BUY_JNPT_01,SUP_JEA_01,0.0,51589752.47,49835984.28,0.0,0.0,0.0,0.0,0.0,0.0,,0,0.0,0.0,0.0,0.0,0.0,,0.0,0.0,0.0,0.0,0.0,0,0.0,0.0,0.0,0.0,0.0,0.0,0.0,0.0,0.0,13.65,0.0,1200.0,1200.0,0.0,1.0,1.0,0.0,0.0,0.0,0
2022-09-05,trade,T03,False,BUY_JNPT_01,SUP_JEA_01,0.0,31064349.11,34049620.07,0.0,0.0,0.0,0.0,0.0,0.0,,0,0.0,0.0,0.0,0.0,0.0,,0.0,0.0,0.0,0.0,0.0,0,0.0,0.0,0.0,0.0,0.0,0.0,0.0,0.0,0.0,9.33,0.0,1200.0,1200.0,0.0,1.0,1.0,0.0,0.0,0.0,0
2022-09-05,trade,T04,False,BUY_RJK_01,SUP_USEC_02,0.0,7919294.42,11351481.69,0.0,0.0,0.0,0.0,0.0,0.0,,0,0.0,0.0,0.0,0.0,0.0,,0.0,0.0,0.0,0.0,0.0,0,0.0,0.0,0.0,0.0,0.0,0.0,0.0,0.0,0.0,3.11,0.0,1260.0,1260.0,0.0,1.0,1.0,0.0,0.0,0.0,0
2022-09-05,trade,T05,False,BUY_MUN_01,SUP_USEC_01,0.0,53370803.08,55665701.91,0.0,0.0,0.0,0.0,0.0,0.0,,0,0.0,0.0,0.0,0.0,0.0,,0.0,0.0,0.0,0.0,0.0,0,0.0,0.0,0.0,0.0,0.0,0.0,0.0,0.0,0.0,15.25,0.0,2100.0,2100.0,0.0,1.0,1.0,0.0,0.0,0.0,0
2022-09-05,trade,T06,False,BUY_JNPT_01,SUP_JEA_01,0.0,12118905.26,16520751.21,0.0,0.0,0.0,0.0,0.0,0.0,,0,0.0,0.0,0.0,0.0,0.0,,0.0,0.0,0.0,0.0,0.0,0,0.0,0.0,0.0,0.0,0.0,0.0,0.0,0.0,0.0,4.53,0.0,1300.0,1300.0,0.0,1.0,1.0,0.0,0.0,0.0,0
2022-09-05,trade,T07,False,BUY_RJK_01,SUP_USEC_02,89642899.87,8070301.76,-106494745.95,0.0,0.0,0.0,0.0,0.0,0.0,,0,0.0,0.0,0.0,0.0,0.0,,0.0,0.0,0.0,0.0,0.0,0,0.0,0.0,0.0,0.0,0.0,0.0,0.0,0.0,0.0,-29.18,0.0,1890.0,1890.0,0.0,1.0,1.0,89642899.87,0.0,0.0,0
2022-09-05,trade,T08,False,BUY_MUN_01,SUP_USEC_02,270107708.7,3469377.37,-309023427.18,0.0,0.0,0.0,0.0,0.0,0.0,,0,0.0,0.0,0.0,0.0,0.0,,0.0,0.0,0.0,0.0,0.0,0,0.0,0.0,0.0,0.0,0.0,0.0,0.0,0.0,0.0,-84.66,0.0,1680.0,1680.0,0.0,1.0,1.0,270107708.7,0.0,0.0,0
2022-09-05,trade,T09,False,BUY_JNPT_01,SUP_JEA_01,-25302505.96,12458796.27,5263254.99,0.0,0.0,0.0,0.0,0.0,0.0,,0,0.0,-18485.23,-2218729.1,2200243.86,0.0,0.991669,0.0,0.0,0.0,0.0,0.0,0,0.0,0.0,0.0,0.0,0.0,0.0,0.0,-18.29,18.61,1.44,0.0,1200.0,1200.0,0.0,1.0,1.0,151875000.0,0.0,0.0,0
2022-09-06,book,BOOK,False,BOOK,BOOK,334449655.46,217762671.54,-197768674.02,0.0,0.0,0.0,0.0,0.0,0.0,,0,0.0,-18481.32,-2218259.41,2199778.09,0.0,0.991669,0.0,0.0,0.0,0.0,0.0,0,0.0,0.0,0.0,0.0,0.0,0.0,0.0,-17.87,18.18,-54.18,0.0,14350.0,14350.0,0.0,1.0,1.0,511625608.57,0.0,0.0,0
2022-09-06,trade,T01,False,"BUY_MUN_01,BUY_RJK_01",SUP_USEC_01,0.0,37814185.51,45062704.95,0.0,0.0,0.0,0.0,0.0,0.0,,0,0.0,0.0,0.0,0.0,0.0,,0.0,0.0,0.0,0.0,0.0,0,0.0,0.0,0.0,0.0,0.0,0.0,0.0,0.0,0.0,12.35,0.0,2520.0,2520.0,0.0,1.0,1.0,0.0,0.0,0.0,0
2022-09-06,trade,T02,False,BUY_JNPT_01,SUP_JEA_01,0.0,51589752.47,49835984.28,0.0,0.0,0.0,0.0,0.0,0.0,,0,0.0,0.0,0.0,0.0,0.0,,0.0,0.0,0.0,0.0,0.0,0,0.0,0.0,0.0,0.0,0.0,0.0,0.0,0.0,0.0,13.65,0.0,1200.0,1200.0,0.0,1.0,1.0,0.0,0.0,0.0,0
2022-09-06,trade,T03,False,BUY_JNPT_01,SUP_JEA_01,0.0,31064349.11,34049620.07,0.0,0.0,0.0,0.0,0.0,0.0,,0,0.0,0.0,0.0,0.0,0.0,,0.0,0.0,0.0,0.0,0.0,0,0.0,0.0,0.0,0.0,0.0,0.0,0.0,0.0,0.0,9.33,0.0,1200.0,1200.0,0.0,1.0,1.0,0.0,0.0,0.0,0
2022-09-06,trade,T04,False,BUY_RJK_01,SUP_USEC_02,0.0,7919294.42,11351481.69,0.0,0.0,0.0,0.0,0.0,0.0,,0,0.0,0.0,0.0,0.0,0.0,,0.0,0.0,0.0,0.0,0.0,0,0.0,0.0,0.0,0.0,0.0,0.0,0.0,0.0,0.0,3.11,0.0,1260.0,1260.0,0.0,1.0,1.0,0.0,0.0,0.0,0
2022-09-06,trade,T05,False,BUY_MUN_01,SUP_USEC_01,0.0,53370803.08,55665701.91,0.0,0.0,0.0,0.0,0.0,0.0,,0,0.0,0.0,0.0,0.0,0.0,,0.0,0.0,0.0,0.0,0.0,0,0.0,0.0,0.0,0.0,0.0,0.0,0.0,0.0,0.0,15.25,0.0,2100.0,2100.0,0.0,1.0,1.0,0.0,0.0,0.0,0
2022-09-06,trade,T06,False,BUY_JNPT_01,SUP_JEA_01,0.0,12118905.26,16520751.21,0.0,0.0,0.0,0.0,0.0,0.0,,0,0.0,0.0,0.0,0.0,0.0,,0.0,0.0,0.0,0.0,0.0,0,0.0,0.0,0.0,0.0,0.0,0.0,0.0,0.0,0.0,4.53,0.0,1300.0,1300.0,0.0,1.0,1.0,0.0,0.0,0.0,0
2022-09-06,trade,T07,False,BUY_RJK_01,SUP_USEC_02,89642899.87,8040541.58,-106494745.95,0.0,0.0,0.0,0.0,0.0,0.0,,0,0.0,0.0,0.0,0.0,0.0,,0.0,0.0,0.0,0.0,0.0,0,0.0,0.0,0.0,0.0,0.0,0.0,0.0,0.0,0.0,-29.18,0.0,1890.0,1890.0,0.0,1.0,1.0,89642899.87,0.0,0.0,0
2022-09-06,trade,T08,False,BUY_MUN_01,SUP_USEC_02,270107708.7,3383020.14,-309023427.18,0.0,0.0,0.0,0.0,0.0,0.0,,0,0.0,0.0,0.0,0.0,0.0,,0.0,0.0,0.0,0.0,0.0,0,0.0,0.0,0.0,0.0,0.0,0.0,0.0,0.0,0.0,-84.66,0.0,1680.0,1680.0,0.0,1.0,1.0,270107708.7,0.0,0.0,0
2022-09-06,trade,T09,False,BUY_JNPT_01,SUP_JEA_01,-25300953.1,12461819.96,5263254.99,0.0,0.0,0.0,0.0,0.0,0.0,,0,0.0,-18481.32,-2218259.41,2199778.09,0.0,0.991669,0.0,0.0,0.0,0.0,0.0,0,0.0,0.0,0.0,0.0,0.0,0.0,0.0,-17.87,18.18,1.44,0.0,1200.0,1200.0,0.0,1.0,1.0,151875000.0,0.0,0.0,0
2022-09-07,book,BOOK,False,BOOK,BOOK,334447171.79,217645541.3,-197768674.02,0.0,0.0,0.0,0.0,0.0,0.0,,0,0.0,-18479.49,-2218039.94,2199560.45,0.0,0.991669,0.0,0.0,0.0,0.0,0.0,0,0.0,0.0,0.0,0.0,0.0,0.0,0.0,-17.51,17.81,-54.18,0.0,14350.0,14350.0,0.0,1.0,1.0,511625608.57,0.0,0.0,0
2022-09-07,trade,T01,False,"BUY_MUN_01,BUY_RJK_01",SUP_USEC_01,0.0,37814185.51,45062704.95,0.0,0.0,0.0,0.0,0.0,0.0,,0,0.0,0.0,0.0,0.0,0.0,,0.0,0.0,0.0,0.0,0.0,0,0.0,0.0,0.0,0.0,0.0,0.0,0.0,0.0,0.0,12.35,0.0,2520.0,2520.0,0.0,1.0,1.0,0.0,0.0,0.0,0
2022-09-07,trade,T02,False,BUY_JNPT_01,SUP_JEA_01,0.0,51589752.47,49835984.28,0.0,0.0,0.0,0.0,0.0,0.0,,0,0.0,0.0,0.0,0.0,0.0,,0.0,0.0,0.0,0.0,0.0,0,0.0,0.0,0.0,0.0,0.0,0.0,0.0,0.0,0.0,13.65,0.0,1200.0,1200.0,0.0,1.0,1.0,0.0,0.0,0.0,0
2022-09-07,trade,T03,False,BUY_JNPT_01,SUP_JEA_01,0.0,31064349.11,34049620.07,0.0,0.0,0.0,0.0,0.0,0.0,,0,0.0,0.0,0.0,0.0,0.0,,0.0,0.0,0.0,0.0,0.0,0,0.0,0.0,0.0,0.0,0.0,0.0,0.0,0.0,0.0,9.33,0.0,1200.0,1200.0,0.0,1.0,1.0,0.0,0.0,0.0,0
2022-09-07,trade,T04,False,BUY_RJK_01,SUP_USEC_02,0.0,7919294.42,11351481.69,0.0,0.0,0.0,0.0,0.0,0.0,,0,0.0,0.0,0.0,0.0,0.0,,0.0,0.0,0.0,0.0,0.0,0,0.0,0.0,0.0,0.0,0.0,0.0,0.0,0.0,0.0,3.11,0.0,1260.0,1260.0,0.0,1.0,1.0,0.0,0.0,0.0,0
2022-09-07,trade,T05,False,BUY_MUN_01,SUP_USEC_01,0.0,53370803.08,55665701.91,0.0,0.0,0.0,0.0,0.0,0.0,,0,0.0,0.0,0.0,0.0,0.0,,0.0,0.0,0.0,0.0,0.0,0,0.0,0.0,0.0,0.0,0.0,0.0,0.0,0.0,0.0,15.25,0.0,2100.0,2100.0,0.0,1.0,1.0,0.0,0.0,0.0,0
2022-09-07,trade,T06,False,BUY_JNPT_01,SUP_JEA_01,0.0,12118905.26,16520751.21,0.0,0.0,0.0,0.0,0.0,0.0,,0,0.0,0.0,0.0,0.0,0.0,,0.0,0.0,0.0,0.0,0.0,0,0.0,0.0,0.0,0.0,0.0,0.0,0.0,0.0,0.0,4.53,0.0,1300.0,1300.0,0.0,1.0,1.0,0.0,0.0,0.0,0
2022-09-07,trade,T07,False,BUY_RJK_01,SUP_USEC_02,89642899.87,8010781.41,-106494745.95,0.0,0.0,0.0,0.0,0.0,0.0,,0,0.0,0.0,0.0,0.0,0.0,,0.0,0.0,0.0,0.0,0.0,0,0.0,0.0,0.0,0.0,0.0,0.0,0.0,0.0,0.0,-29.18,0.0,1890.0,1890.0,0.0,1.0,1.0,89642899.87,0.0,0.0,0
2022-09-07,trade,T08,False,BUY_MUN_01,SUP_USEC_02,270107708.7,3296662.91,-309023427.18,0.0,0.0,0.0,0.0,0.0,0.0,,0,0.0,0.0,0.0,0.0,0.0,,0.0,0.0,0.0,0.0,0.0,0,0.0,0.0,0.0,0.0,0.0,0.0,0.0,0.0,0.0,-84.66,0.0,1680.0,1680.0,0.0,1.0,1.0,270107708.7,0.0,0.0,0
2022-09-07,trade,T09,False,BUY_JNPT_01,SUP_JEA_01,-25303436.77,12460807.12,5263254.99,0.0,0.0,0.0,0.0,0.0,0.0,,0,0.0,-18479.49,-2218039.94,2199560.45,0.0,0.991669,0.0,0.0,0.0,0.0,0.0,0,0.0,0.0,0.0,0.0,0.0,0.0,0.0,-17.51,17.81,1.44,0.0,1200.0,1200.0,0.0,1.0,1.0,151875000.0,0.0,0.0,0
2022-09-08,book,BOOK,False,BOOK,BOOK,335412468.24,217536191.16,-198728674.02,0.0,0.0,0.0,0.0,0.0,0.0,,0,0.0,-18478.33,-2217900.36,2199422.03,0.0,0.991669,0.0,0.0,0.0,0.0,0.0,0,0.0,0.0,0.0,0.0,0.0,0.0,0.0,-17.04,17.34,-54.45,0.0,14350.0,14350.0,0.0,1.0,1.0,511625608.57,0.0,0.0,0
2022-09-08,trade,T01,False,"BUY_MUN_01,BUY_RJK_01",SUP_USEC_01,0.0,37814185.51,45062704.95,0.0,0.0,0.0,0.0,0.0,0.0,,0,0.0,0.0,0.0,0.0,0.0,,0.0,0.0,0.0,0.0,0.0,0,0.0,0.0,0.0,0.0,0.0,0.0,0.0,0.0,0.0,12.35,0.0,2520.0,2520.0,0.0,1.0,1.0,0.0,0.0,0.0,0
2022-09-08,trade,T02,False,BUY_JNPT_01,SUP_JEA_01,0.0,51589752.47,49835984.28,0.0,0.0,0.0,0.0,0.0,0.0,,0,0.0,0.0,0.0,0.0,0.0,,0.0,0.0,0.0,0.0,0.0,0,0.0,0.0,0.0,0.0,0.0,0.0,0.0,0.0,0.0,13.65,0.0,1200.0,1200.0,0.0,1.0,1.0,0.0,0.0,0.0,0
2022-09-08,trade,T03,False,BUY_JNPT_01,SUP_JEA_01,0.0,31064349.11,34049620.07,0.0,0.0,0.0,0.0,0.0,0.0,,0,0.0,0.0,0.0,0.0,0.0,,0.0,0.0,0.0,0.0,0.0,0,0.0,0.0,0.0,0.0,0.0,0.0,0.0,0.0,0.0,9.33,0.0,1200.0,1200.0,0.0,1.0,1.0,0.0,0.0,0.0,0
2022-09-08,trade,T04,False,BUY_RJK_01,SUP_USEC_02,0.0,7919294.42,11351481.69,0.0,0.0,0.0,0.0,0.0,0.0,,0,0.0,0.0,0.0,0.0,0.0,,0.0,0.0,0.0,0.0,0.0,0,0.0,0.0,0.0,0.0,0.0,0.0,0.0,0.0,0.0,3.11,0.0,1260.0,1260.0,0.0,1.0,1.0,0.0,0.0,0.0,0
2022-09-08,trade,T05,False,BUY_MUN_01,SUP_USEC_01,0.0,53370803.08,55665701.91,0.0,0.0,0.0,0.0,0.0,0.0,,0,0.0,0.0,0.0,0.0,0.0,,0.0,0.0,0.0,0.0,0.0,0,0.0,0.0,0.0,0.0,0.0,0.0,0.0,0.0,0.0,15.25,0.0,2100.0,2100.0,0.0,1.0,1.0,0.0,0.0,0.0,0
2022-09-08,trade,T06,False,BUY_JNPT_01,SUP_JEA_01,0.0,12118905.26,16520751.21,0.0,0.0,0.0,0.0,0.0,0.0,,0,0.0,0.0,0.0,0.0,0.0,,0.0,0.0,0.0,0.0,0.0,0,0.0,0.0,0.0,0.0,0.0,0.0,0.0,0.0,0.0,4.53,0.0,1300.0,1300.0,0.0,1.0,1.0,0.0,0.0,0.0,0
2022-09-08,trade,T07,False,BUY_RJK_01,SUP_USEC_02,89642899.87,7981021.23,-106494745.95,0.0,0.0,0.0,0.0,0.0,0.0,,0,0.0,0.0,0.0,0.0,0.0,,0.0,0.0,0.0,0.0,0.0,0,0.0,0.0,0.0,0.0,0.0,0.0,0.0,0.0,0.0,-29.18,0.0,1890.0,1890.0,0.0,1.0,1.0,89642899.87,0.0,0.0,0
2022-09-08,trade,T08,False,BUY_MUN_01,SUP_USEC_02,270107708.7,3210305.68,-309023427.18,0.0,0.0,0.0,0.0,0.0,0.0,,0,0.0,0.0,0.0,0.0,0.0,,0.0,0.0,0.0,0.0,0.0,0,0.0,0.0,0.0,0.0,0.0,0.0,0.0,0.0,0.0,-84.66,0.0,1680.0,1680.0,0.0,1.0,1.0,270107708.7,0.0,0.0,0
2022-09-08,trade,T09,False,BUY_JNPT_01,SUP_JEA_01,-24338140.32,12467574.4,4303254.99,0.0,0.0,0.0,0.0,0.0,0.0,,0,0.0,-18478.33,-2217900.36,2199422.03,0.0,0.991669,0.0,0.0,0.0,0.0,0.0,0,0.0,0.0,0.0,0.0,0.0,0.0,0.0,-17.04,17.34,1.18,0.0,1200.0,1200.0,0.0,1.0,1.0,151875000.0,0.0,0.0,0
2022-09-09,book,BOOK,False,BOOK,BOOK,335414206.38,217423014.45,-167901452.78,0.0,0.0,0.0,0.0,0.0,0.0,,0,0.0,-18476.73,-2217709.09,2199232.36,0.0,0.991669,0.0,0.0,0.0,0.0,0.0,0,0.0,0.0,0.0,0.0,0.0,0.0,0.0,-16.63,16.91,-46.0,0.0,14350.0,14350.0,0.0,1.0,1.0,511625608.57,0.0,0.0,0
2022-09-09,trade,T01,False,"BUY_MUN_01,BUY_RJK_01",SUP_USEC_01,0.0,37814185.51,45062704.95,0.0,0.0,0.0,0.0,0.0,0.0,,0,0.0,0.0,0.0,0.0,0.0,,0.0,0.0,0.0,0.0,0.0,0,0.0,0.0,0.0,0.0,0.0,0.0,0.0,0.0,0.0,12.35,0.0,2520.0,2520.0,0.0,1.0,1.0,0.0,0.0,0.0,0
2022-09-09,trade,T02,False,BUY_JNPT_01,SUP_JEA_01,0.0,51589752.47,49835984.28,0.0,0.0,0.0,0.0,0.0,0.0,,0,0.0,0.0,0.0,0.0,0.0,,0.0,0.0,0.0,0.0,0.0,0,0.0,0.0,0.0,0.0,0.0,0.0,0.0,0.0,0.0,13.65,0.0,1200.0,1200.0,0.0,1.0,1.0,0.0,0.0,0.0,0
2022-09-09,trade,T03,False,BUY_JNPT_01,SUP_JEA_01,0.0,31064349.11,34049620.07,0.0,0.0,0.0,0.0,0.0,0.0,,0,0.0,0.0,0.0,0.0,0.0,,0.0,0.0,0.0,0.0,0.0,0,0.0,0.0,0.0,0.0,0.0,0.0,0.0,0.0,0.0,9.33,0.0,1200.0,1200.0,0.0,1.0,1.0,0.0,0.0,0.0,0
2022-09-09,trade,T04,False,BUY_RJK_01,SUP_USEC_02,0.0,7919294.42,11351481.69,0.0,0.0,0.0,0.0,0.0,0.0,,0,0.0,0.0,0.0,0.0,0.0,,0.0,0.0,0.0,0.0,0.0,0,0.0,0.0,0.0,0.0,0.0,0.0,0.0,0.0,0.0,3.11,0.0,1260.0,1260.0,0.0,1.0,1.0,0.0,0.0,0.0,0
2022-09-09,trade,T05,False,BUY_MUN_01,SUP_USEC_01,0.0,53370803.08,55665701.91,0.0,0.0,0.0,0.0,0.0,0.0,,0,0.0,0.0,0.0,0.0,0.0,,0.0,0.0,0.0,0.0,0.0,0,0.0,0.0,0.0,0.0,0.0,0.0,0.0,0.0,0.0,15.25,0.0,2100.0,2100.0,0.0,1.0,1.0,0.0,0.0,0.0,0
2022-09-09,trade,T06,False,BUY_JNPT_01,SUP_JEA_01,0.0,12118905.26,16520751.21,0.0,0.0,0.0,0.0,0.0,0.0,,0,0.0,0.0,0.0,0.0,0.0,,0.0,0.0,0.0,0.0,0.0,0,0.0,0.0,0.0,0.0,0.0,0.0,0.0,0.0,0.0,4.53,0.0,1300.0,1300.0,0.0,1.0,1.0,0.0,0.0,0.0,0
2022-09-09,trade,T07,False,BUY_RJK_01,SUP_USEC_02,89642899.87,7951261.05,-75667524.71,0.0,0.0,0.0,0.0,0.0,0.0,,0,0.0,0.0,0.0,0.0,0.0,,0.0,0.0,0.0,0.0,0.0,0,0.0,0.0,0.0,0.0,0.0,0.0,0.0,0.0,0.0,-20.73,0.0,1890.0,1890.0,0.0,1.0,1.0,89642899.87,0.0,0.0,0
2022-09-09,trade,T08,False,BUY_MUN_01,SUP_USEC_02,270107708.7,3123948.44,-309023427.18,0.0,0.0,0.0,0.0,0.0,0.0,,0,0.0,0.0,0.0,0.0,0.0,,0.0,0.0,0.0,0.0,0.0,0,0.0,0.0,0.0,0.0,0.0,0.0,0.0,0.0,0.0,-84.66,0.0,1680.0,1680.0,0.0,1.0,1.0,270107708.7,0.0,0.0,0
2022-09-09,trade,T09,False,BUY_JNPT_01,SUP_JEA_01,-24336402.19,12470515.09,4303254.99,0.0,0.0,0.0,0.0,0.0,0.0,,0,0.0,-18476.73,-2217709.09,2199232.36,0.0,0.991669,0.0,0.0,0.0,0.0,0.0,0,0.0,0.0,0.0,0.0,0.0,0.0,0.0,-16.63,16.91,1.18,0.0,1200.0,1200.0,0.0,1.0,1.0,151875000.0,0.0,0.0,0
2022-09-12,book,BOOK,False,BOOK,BOOK,335416904.32,217106812.02,-167901452.78,0.0,0.0,0.0,0.0,0.0,0.0,,0,0.0,-18470.26,-2216933.03,2198462.77,0.0,0.991669,0.0,0.0,0.0,0.0,0.0,0,0.0,0.0,0.0,0.0,0.0,0.0,0.0,-15.41,15.66,-46.0,0.0,14350.0,14350.0,0.0,1.0,1.0,511625608.57,0.0,0.0,0
2022-09-12,trade,T01,False,"BUY_MUN_01,BUY_RJK_01",SUP_USEC_01,0.0,37814185.51,45062704.95,0.0,0.0,0.0,0.0,0.0,0.0,,0,0.0,0.0,0.0,0.0,0.0,,0.0,0.0,0.0,0.0,0.0,0,0.0,0.0,0.0,0.0,0.0,0.0,0.0,0.0,0.0,12.35,0.0,2520.0,2520.0,0.0,1.0,1.0,0.0,0.0,0.0,0
2022-09-12,trade,T02,False,BUY_JNPT_01,SUP_JEA_01,0.0,51589752.47,49835984.28,0.0,0.0,0.0,0.0,0.0,0.0,,0,0.0,0.0,0.0,0.0,0.0,,0.0,0.0,0.0,0.0,0.0,0,0.0,0.0,0.0,0.0,0.0,0.0,0.0,0.0,0.0,13.65,0.0,1200.0,1200.0,0.0,1.0,1.0,0.0,0.0,0.0,0
2022-09-12,trade,T03,False,BUY_JNPT_01,SUP_JEA_01,0.0,31064349.11,34049620.07,0.0,0.0,0.0,0.0,0.0,0.0,,0,0.0,0.0,0.0,0.0,0.0,,0.0,0.0,0.0,0.0,0.0,0,0.0,0.0,0.0,0.0,0.0,0.0,0.0,0.0,0.0,9.33,0.0,1200.0,1200.0,0.0,1.0,1.0,0.0,0.0,0.0,0
2022-09-12,trade,T04,False,BUY_RJK_01,SUP_USEC_02,0.0,7919294.42,11351481.69,0.0,0.0,0.0,0.0,0.0,0.0,,0,0.0,0.0,0.0,0.0,0.0,,0.0,0.0,0.0,0.0,0.0,0,0.0,0.0,0.0,0.0,0.0,0.0,0.0,0.0,0.0,3.11,0.0,1260.0,1260.0,0.0,1.0,1.0,0.0,0.0,0.0,0
2022-09-12,trade,T05,False,BUY_MUN_01,SUP_USEC_01,0.0,53370803.08,55665701.91,0.0,0.0,0.0,0.0,0.0,0.0,,0,0.0,0.0,0.0,0.0,0.0,,0.0,0.0,0.0,0.0,0.0,0,0.0,0.0,0.0,0.0,0.0,0.0,0.0,0.0,0.0,15.25,0.0,2100.0,2100.0,0.0,1.0,1.0,0.0,0.0,0.0,0
2022-09-12,trade,T06,False,BUY_JNPT_01,SUP_JEA_01,0.0,12118905.26,16520751.21,0.0,0.0,0.0,0.0,0.0,0.0,,0,0.0,0.0,0.0,0.0,0.0,,0.0,0.0,0.0,0.0,0.0,0,0.0,0.0,0.0,0.0,0.0,0.0,0.0,0.0,0.0,4.53,0.0,1300.0,1300.0,0.0,1.0,1.0,0.0,0.0,0.0,0
2022-09-12,trade,T07,False,BUY_RJK_01,SUP_USEC_02,89642899.87,7887824.72,-75667524.71,0.0,0.0,0.0,0.0,0.0,0.0,,0,0.0,0.0,0.0,0.0,0.0,,0.0,0.0,0.0,0.0,0.0,0,0.0,0.0,0.0,0.0,0.0,0.0,0.0,0.0,0.0,-20.73,0.0,1890.0,1890.0,0.0,1.0,1.0,89642899.87,0.0,0.0,0
2022-09-12,trade,T08,False,BUY_MUN_01,SUP_USEC_02,270107708.7,2864876.75,-309023427.18,0.0,0.0,0.0,0.0,0.0,0.0,,0,0.0,0.0,0.0,0.0,0.0,,0.0,0.0,0.0,0.0,0.0,0,0.0,0.0,0.0,0.0,0.0,0.0,0.0,0.0,0.0,-84.66,0.0,1680.0,1680.0,0.0,1.0,1.0,270107708.7,0.0,0.0,0
2022-09-12,trade,T09,False,BUY_JNPT_01,SUP_JEA_01,-24333704.25,12476820.69,4303254.99,0.0,0.0,0.0,0.0,0.0,0.0,,0,0.0,-18470.26,-2216933.03,2198462.77,0.0,0.991669,0.0,0.0,0.0,0.0,0.0,0,0.0,0.0,0.0,0.0,0.0,0.0,0.0,-15.41,15.66,1.18,0.0,1200.0,1200.0,0.0,1.0,1.0,151875000.0,0.0,0.0,0
2022-09-13,book,BOOK,False,BOOK,BOOK,335422707.03,217006314.6,-167901452.78,0.0,0.0,0.0,0.0,0.0,0.0,,0,0.0,-18467.05,-2216547.82,2198080.77,0.0,0.991669,0.0,0.0,0.0,0.0,0.0,0,0.0,0.0,0.0,0.0,0.0,0.0,0.0,-14.95,15.2,-46.0,0.0,14350.0,14350.0,0.0,1.0,1.0,511625608.57,0.0,0.0,0
2022-09-13,trade,T01,False,"BUY_MUN_01,BUY_RJK_01",SUP_USEC_01,0.0,37814185.51,45062704.95,0.0,0.0,0.0,0.0,0.0,0.0,,0,0.0,0.0,0.0,0.0,0.0,,0.0,0.0,0.0,0.0,0.0,0,0.0,0.0,0.0,0.0,0.0,0.0,0.0,0.0,0.0,12.35,0.0,2520.0,2520.0,0.0,1.0,1.0,0.0,0.0,0.0,0
2022-09-13,trade,T02,False,BUY_JNPT_01,SUP_JEA_01,0.0,51589752.47,49835984.28,0.0,0.0,0.0,0.0,0.0,0.0,,0,0.0,0.0,0.0,0.0,0.0,,0.0,0.0,0.0,0.0,0.0,0,0.0,0.0,0.0,0.0,0.0,0.0,0.0,0.0,0.0,13.65,0.0,1200.0,1200.0,0.0,1.0,1.0,0.0,0.0,0.0,0
2022-09-13,trade,T03,False,BUY_JNPT_01,SUP_JEA_01,0.0,31064349.11,34049620.07,0.0,0.0,0.0,0.0,0.0,0.0,,0,0.0,0.0,0.0,0.0,0.0,,0.0,0.0,0.0,0.0,0.0,0,0.0,0.0,0.0,0.0,0.0,0.0,0.0,0.0,0.0,9.33,0.0,1200.0,1200.0,0.0,1.0,1.0,0.0,0.0,0.0,0
2022-09-13,trade,T04,False,BUY_RJK_01,SUP_USEC_02,0.0,7919294.42,11351481.69,0.0,0.0,0.0,0.0,0.0,0.0,,0,0.0,0.0,0.0,0.0,0.0,,0.0,0.0,0.0,0.0,0.0,0,0.0,0.0,0.0,0.0,0.0,0.0,0.0,0.0,0.0,3.11,0.0,1260.0,1260.0,0.0,1.0,1.0,0.0,0.0,0.0,0
2022-09-13,trade,T05,False,BUY_MUN_01,SUP_USEC_01,0.0,53370803.08,55665701.91,0.0,0.0,0.0,0.0,0.0,0.0,,0,0.0,0.0,0.0,0.0,0.0,,0.0,0.0,0.0,0.0,0.0,0,0.0,0.0,0.0,0.0,0.0,0.0,0.0,0.0,0.0,15.25,0.0,2100.0,2100.0,0.0,1.0,1.0,0.0,0.0,0.0,0
2022-09-13,trade,T06,False,BUY_JNPT_01,SUP_JEA_01,0.0,12118905.26,16520751.21,0.0,0.0,0.0,0.0,0.0,0.0,,0,0.0,0.0,0.0,0.0,0.0,,0.0,0.0,0.0,0.0,0.0,0,0.0,0.0,0.0,0.0,0.0,0.0,0.0,0.0,0.0,4.53,0.0,1300.0,1300.0,0.0,1.0,1.0,0.0,0.0,0.0,0
2022-09-13,trade,T07,False,BUY_RJK_01,SUP_USEC_02,89642899.87,7866679.27,-75667524.71,0.0,0.0,0.0,0.0,0.0,0.0,,0,0.0,0.0,0.0,0.0,0.0,,0.0,0.0,0.0,0.0,0.0,0,0.0,0.0,0.0,0.0,0.0,0.0,0.0,0.0,0.0,-20.73,0.0,1890.0,1890.0,0.0,1.0,1.0,89642899.87,0.0,0.0,0
2022-09-13,trade,T08,False,BUY_MUN_01,SUP_USEC_02,270107708.7,2778519.52,-309023427.18,0.0,0.0,0.0,0.0,0.0,0.0,,0,0.0,0.0,0.0,0.0,0.0,,0.0,0.0,0.0,0.0,0.0,0,0.0,0.0,0.0,0.0,0.0,0.0,0.0,0.0,0.0,-84.66,0.0,1680.0,1680.0,0.0,1.0,1.0,270107708.7,0.0,0.0,0
2022-09-13,trade,T09,False,BUY_JNPT_01,SUP_JEA_01,-24327901.54,12483825.95,4303254.99,0.0,0.0,0.0,0.0,0.0,0.0,,0,0.0,-18467.05,-2216547.82,2198080.77,0.0,0.991669,0.0,0.0,0.0,0.0,0.0,0,0.0,0.0,0.0,0.0,0.0,0.0,0.0,-14.95,15.2,1.18,0.0,1200.0,1200.0,0.0,1.0,1.0,151875000.0,0.0,0.0,0
2022-09-14,book,BOOK,False,BOOK,BOOK,335416428.14,216893735.59,-167901452.78,0.0,0.0,0.0,0.0,0.0,0.0,,0,0.0,-18466.71,-2216505.99,2198039.28,0.0,0.991669,0.0,0.0,0.0,0.0,0.0,0,0.0,0.0,0.0,0.0,0.0,0.0,0.0,-14.62,14.86,-46.0,0.0,14350.0,14350.0,0.0,1.0,1.0,511625608.57,0.0,0.0,0
2022-09-14,trade,T01,False,"BUY_MUN_01,BUY_RJK_01",SUP_USEC_01,0.0,37814185.51,45062704.95,0.0,0.0,0.0,0.0,0.0,0.0,,0,0.0,0.0,0.0,0.0,0.0,,0.0,0.0,0.0,0.0,0.0,0,0.0,0.0,0.0,0.0,0.0,0.0,0.0,0.0,0.0,12.35,0.0,2520.0,2520.0,0.0,1.0,1.0,0.0,0.0,0.0,0
2022-09-14,trade,T02,False,BUY_JNPT_01,SUP_JEA_01,0.0,51589752.47,49835984.28,0.0,0.0,0.0,0.0,0.0,0.0,,0,0.0,0.0,0.0,0.0,0.0,,0.0,0.0,0.0,0.0,0.0,0,0.0,0.0,0.0,0.0,0.0,0.0,0.0,0.0,0.0,13.65,0.0,1200.0,1200.0,0.0,1.0,1.0,0.0,0.0,0.0,0
2022-09-14,trade,T03,False,BUY_JNPT_01,SUP_JEA_01,0.0,31064349.11,34049620.07,0.0,0.0,0.0,0.0,0.0,0.0,,0,0.0,0.0,0.0,0.0,0.0,,0.0,0.0,0.0,0.0,0.0,0,0.0,0.0,0.0,0.0,0.0,0.0,0.0,0.0,0.0,9.33,0.0,1200.0,1200.0,0.0,1.0,1.0,0.0,0.0,0.0,0
2022-09-14,trade,T04,False,BUY_RJK_01,SUP_USEC_02,0.0,7919294.42,11351481.69,0.0,0.0,0.0,0.0,0.0,0.0,,0,0.0,0.0,0.0,0.0,0.0,,0.0,0.0,0.0,0.0,0.0,0,0.0,0.0,0.0,0.0,0.0,0.0,0.0,0.0,0.0,3.11,0.0,1260.0,1260.0,0.0,1.0,1.0,0.0,0.0,0.0,0
2022-09-14,trade,T05,False,BUY_MUN_01,SUP_USEC_01,0.0,53370803.08,55665701.91,0.0,0.0,0.0,0.0,0.0,0.0,,0,0.0,0.0,0.0,0.0,0.0,,0.0,0.0,0.0,0.0,0.0,0,0.0,0.0,0.0,0.0,0.0,0.0,0.0,0.0,0.0,15.25,0.0,2100.0,2100.0,0.0,1.0,1.0,0.0,0.0,0.0,0
2022-09-14,trade,T06,False,BUY_JNPT_01,SUP_JEA_01,0.0,12118905.26,16520751.21,0.0,0.0,0.0,0.0,0.0,0.0,,0,0.0,0.0,0.0,0.0,0.0,,0.0,0.0,0.0,0.0,0.0,0,0.0,0.0,0.0,0.0,0.0,0.0,0.0,0.0,0.0,4.53,0.0,1300.0,1300.0,0.0,1.0,1.0,0.0,0.0,0.0,0
2022-09-14,trade,T07,False,BUY_RJK_01,SUP_USEC_02,89642899.87,7845533.83,-75667524.71,0.0,0.0,0.0,0.0,0.0,0.0,,0,0.0,0.0,0.0,0.0,0.0,,0.0,0.0,0.0,0.0,0.0,0,0.0,0.0,0.0,0.0,0.0,0.0,0.0,0.0,0.0,-20.73,0.0,1890.0,1890.0,0.0,1.0,1.0,89642899.87,0.0,0.0,0
2022-09-14,trade,T08,False,BUY_MUN_01,SUP_USEC_02,270107708.7,2692162.28,-309023427.18,0.0,0.0,0.0,0.0,0.0,0.0,,0,0.0,0.0,0.0,0.0,0.0,,0.0,0.0,0.0,0.0,0.0,0,0.0,0.0,0.0,0.0,0.0,0.0,0.0,0.0,0.0,-84.66,0.0,1680.0,1680.0,0.0,1.0,1.0,270107708.7,0.0,0.0,0
2022-09-14,trade,T09,False,BUY_JNPT_01,SUP_JEA_01,-24334180.42,12478749.62,4303254.99,0.0,0.0,0.0,0.0,0.0,0.0,,0,0.0,-18466.71,-2216505.99,2198039.28,0.0,0.991669,0.0,0.0,0.0,0.0,0.0,0,0.0,0.0,0.0,0.0,0.0,0.0,0.0,-14.62,14.86,1.18,0.0,1200.0,1200.0,0.0,1.0,1.0,151875000.0,0.0,0.0,0
2022-09-15,book,BOOK,False,BOOK,BOOK,335411439.24,216782446.56,-167901452.78,0.0,0.0,0.0,0.0,0.0,0.0,,0,0.0,-18465.77,-2216393.59,2197927.82,0.0,0.991669,0.0,0.0,0.0,0.0,0.0,0,0.0,0.0,0.0,0.0,0.0,0.0,0.0,-14.27,14.5,-46.0,0.0,14350.0,14350.0,0.0,1.0,1.0,511625608.57,0.0,0.0,0
2022-09-15,trade,T01,False,"BUY_MUN_01,BUY_RJK_01",SUP_USEC_01,0.0,37814185.51,45062704.95,0.0,0.0,0.0,0.0,0.0,0.0,,0,0.0,0.0,0.0,0.0,0.0,,0.0,0.0,0.0,0.0,0.0,0,0.0,0.0,0.0,0.0,0.0,0.0,0.0,0.0,0.0,12.35,0.0,2520.0,2520.0,0.0,1.0,1.0,0.0,0.0,0.0,0
2022-09-15,trade,T02,False,BUY_JNPT_01,SUP_JEA_01,0.0,51589752.47,49835984.28,0.0,0.0,0.0,0.0,0.0,0.0,,0,0.0,0.0,0.0,0.0,0.0,,0.0,0.0,0.0,0.0,0.0,0,0.0,0.0,0.0,0.0,0.0,0.0,0.0,0.0,0.0,13.65,0.0,1200.0,1200.0,0.0,1.0,1.0,0.0,0.0,0.0,0
2022-09-15,trade,T03,False,BUY_JNPT_01,SUP_JEA_01,0.0,31064349.11,34049620.07,0.0,0.0,0.0,0.0,0.0,0.0,,0,0.0,0.0,0.0,0.0,0.0,,0.0,0.0,0.0,0.0,0.0,0,0.0,0.0,0.0,0.0,0.0,0.0,0.0,0.0,0.0,9.33,0.0,1200.0,1200.0,0.0,1.0,1.0,0.0,0.0,0.0,0
2022-09-15,trade,T04,False,BUY_RJK_01,SUP_USEC_02,0.0,7919294.42,11351481.69,0.0,0.0,0.0,0.0,0.0,0.0,,0,0.0,0.0,0.0,0.0,0.0,,0.0,0.0,0.0,0.0,0.0,0,0.0,0.0,0.0,0.0,0.0,0.0,0.0,0.0,0.0,3.11,0.0,1260.0,1260.0,0.0,1.0,1.0,0.0,0.0,0.0,0
2022-09-15,trade,T05,False,BUY_MUN_01,SUP_USEC_01,0.0,53370803.08,55665701.91,0.0,0.0,0.0,0.0,0.0,0.0,,0,0.0,0.0,0.0,0.0,0.0,,0.0,0.0,0.0,0.0,0.0,0,0.0,0.0,0.0,0.0,0.0,0.0,0.0,0.0,0.0,15.25,0.0,2100.0,2100.0,0.0,1.0,1.0,0.0,0.0,0.0,0
2022-09-15,trade,T06,False,BUY_JNPT_01,SUP_JEA_01,0.0,12118905.26,16520751.21,0.0,0.0,0.0,0.0,0.0,0.0,,0,0.0,0.0,0.0,0.0,0.0,,0.0,0.0,0.0,0.0,0.0,0,0.0,0.0,0.0,0.0,0.0,0.0,0.0,0.0,0.0,4.53,0.0,1300.0,1300.0,0.0,1.0,1.0,0.0,0.0,0.0,0
2022-09-15,trade,T07,False,BUY_RJK_01,SUP_USEC_02,89642899.87,7824388.38,-75667524.71,0.0,0.0,0.0,0.0,0.0,0.0,,0,0.0,0.0,0.0,0.0,0.0,,0.0,0.0,0.0,0.0,0.0,0,0.0,0.0,0.0,0.0,0.0,0.0,0.0,0.0,0.0,-20.73,0.0,1890.0,1890.0,0.0,1.0,1.0,89642899.87,0.0,0.0,0
2022-09-15,trade,T08,False,BUY_MUN_01,SUP_USEC_02,270107708.7,2605805.05,-309023427.18,0.0,0.0,0.0,0.0,0.0,0.0,,0,0.0,0.0,0.0,0.0,0.0,,0.0,0.0,0.0,0.0,0.0,0,0.0,0.0,0.0,0.0,0.0,0.0,0.0,0.0,0.0,-84.66,0.0,1680.0,1680.0,0.0,1.0,1.0,270107708.7,0.0,0.0,0
2022-09-15,trade,T09,False,BUY_JNPT_01,SUP_JEA_01,-24339169.33,12474963.27,4303254.99,0.0,0.0,0.0,0.0,0.0,0.0,,0,0.0,-18465.77,-2216393.59,2197927.82,0.0,0.991669,0.0,0.0,0.0,0.0,0.0,0,0.0,0.0,0.0,0.0,0.0,0.0,0.0,-14.27,14.5,1.18,0.0,1200.0,1200.0,0.0,1.0,1.0,151875000.0,0.0,0.0,0
2022-09-16,book,BOOK,False,BOOK,BOOK,335412411.07,216677118.27,-143725999.39,0.0,0.0,0.0,0.0,0.0,0.0,,0,0.0,-18464.81,-2216278.75,2197813.94,0.0,0.991669,0.0,0.0,0.0,0.0,0.0,0,0.0,0.0,0.0,0.0,0.0,0.0,0.0,-13.86,14.09,-39.38,0.0,14350.0,14350.0,0.0,1.0,1.0,511625608.57,0.0,0.0,0
2022-09-16,trade,T01,False,"BUY_MUN_01,BUY_RJK_01",SUP_USEC_01,0.0,37814185.51,45062704.95,0.0,0.0,0.0,0.0,0.0,0.0,,0,0.0,0.0,0.0,0.0,0.0,,0.0,0.0,0.0,0.0,0.0,0,0.0,0.0,0.0,0.0,0.0,0.0,0.0,0.0,0.0,12.35,0.0,2520.0,2520.0,0.0,1.0,1.0,0.0,0.0,0.0,0
2022-09-16,trade,T02,False,BUY_JNPT_01,SUP_JEA_01,0.0,51589752.47,49835984.28,0.0,0.0,0.0,0.0,0.0,0.0,,0,0.0,0.0,0.0,0.0,0.0,,0.0,0.0,0.0,0.0,0.0,0,0.0,0.0,0.0,0.0,0.0,0.0,0.0,0.0,0.0,13.65,0.0,1200.0,1200.0,0.0,1.0,1.0,0.0,0.0,0.0,0
2022-09-16,trade,T03,False,BUY_JNPT_01,SUP_JEA_01,0.0,31064349.11,34049620.07,0.0,0.0,0.0,0.0,0.0,0.0,,0,0.0,0.0,0.0,0.0,0.0,,0.0,0.0,0.0,0.0,0.0,0,0.0,0.0,0.0,0.0,0.0,0.0,0.0,0.0,0.0,9.33,0.0,1200.0,1200.0,0.0,1.0,1.0,0.0,0.0,0.0,0
2022-09-16,trade,T04,False,BUY_RJK_01,SUP_USEC_02,0.0,7919294.42,11351481.69,0.0,0.0,0.0,0.0,0.0,0.0,,0,0.0,0.0,0.0,0.0,0.0,,0.0,0.0,0.0,0.0,0.0,0,0.0,0.0,0.0,0.0,0.0,0.0,0.0,0.0,0.0,3.11,0.0,1260.0,1260.0,0.0,1.0,1.0,0.0,0.0,0.0,0
2022-09-16,trade,T05,False,BUY_MUN_01,SUP_USEC_01,0.0,53370803.08,55665701.91,0.0,0.0,0.0,0.0,0.0,0.0,,0,0.0,0.0,0.0,0.0,0.0,,0.0,0.0,0.0,0.0,0.0,0,0.0,0.0,0.0,0.0,0.0,0.0,0.0,0.0,0.0,15.25,0.0,2100.0,2100.0,0.0,1.0,1.0,0.0,0.0,0.0,0
2022-09-16,trade,T06,False,BUY_JNPT_01,SUP_JEA_01,0.0,12118905.26,16520751.21,0.0,0.0,0.0,0.0,0.0,0.0,,0,0.0,0.0,0.0,0.0,0.0,,0.0,0.0,0.0,0.0,0.0,0,0.0,0.0,0.0,0.0,0.0,0.0,0.0,0.0,0.0,4.53,0.0,1300.0,1300.0,0.0,1.0,1.0,0.0,0.0,0.0,0
2022-09-16,trade,T07,False,BUY_RJK_01,SUP_USEC_02,89642899.87,7803242.94,-75667524.71,0.0,0.0,0.0,0.0,0.0,0.0,,0,0.0,0.0,0.0,0.0,0.0,,0.0,0.0,0.0,0.0,0.0,0,0.0,0.0,0.0,0.0,0.0,0.0,0.0,0.0,0.0,-20.73,0.0,1890.0,1890.0,0.0,1.0,1.0,89642899.87,0.0,0.0,0
2022-09-16,trade,T08,False,BUY_MUN_01,SUP_USEC_02,270107708.7,2519447.82,-284847973.78,0.0,0.0,0.0,0.0,0.0,0.0,,0,0.0,0.0,0.0,0.0,0.0,,0.0,0.0,0.0,0.0,0.0,0,0.0,0.0,0.0,0.0,0.0,0.0,0.0,0.0,0.0,-78.04,0.0,1680.0,1680.0,0.0,1.0,1.0,270107708.7,0.0,0.0,0
2022-09-16,trade,T09,False,BUY_JNPT_01,SUP_JEA_01,-24338197.5,12477137.65,4303254.99,0.0,0.0,0.0,0.0,0.0,0.0,,0,0.0,-18464.81,-2216278.75,2197813.94,0.0,0.991669,0.0,0.0,0.0,0.0,0.0,0,0.0,0.0,0.0,0.0,0.0,0.0,0.0,-13.86,14.09,1.18,0.0,1200.0,1200.0,0.0,1.0,1.0,151875000.0,0.0,0.0,0
2022-09-19,book,BOOK,False,BOOK,BOOK,335412865.04,216378939.52,-143725999.39,0.0,0.0,0.0,0.0,0.0,0.0,,0,0.0,-18457.85,-2215443.01,2196985.17,0.0,0.991669,0.0,0.0,0.0,0.0,0.0,0,0.0,0.0,0.0,0.0,0.0,0.0,0.0,-12.66,12.86,-39.38,0.0,14350.0,14350.0,0.0,1.0,1.0,511625608.57,0.0,0.0,1
2022-09-19,trade,T01,False,"BUY_MUN_01,BUY_RJK_01",SUP_USEC_01,0.0,37814185.51,45062704.95,0.0,0.0,0.0,0.0,0.0,0.0,,0,0.0,0.0,0.0,0.0,0.0,,0.0,0.0,0.0,0.0,0.0,0,0.0,0.0,0.0,0.0,0.0,0.0,0.0,0.0,0.0,12.35,0.0,2520.0,2520.0,0.0,1.0,1.0,0.0,0.0,0.0,0
2022-09-19,trade,T02,False,BUY_JNPT_01,SUP_JEA_01,0.0,51589752.47,49835984.28,0.0,0.0,0.0,0.0,0.0,0.0,,0,0.0,0.0,0.0,0.0,0.0,,0.0,0.0,0.0,0.0,0.0,0,0.0,0.0,0.0,0.0,0.0,0.0,0.0,0.0,0.0,13.65,0.0,1200.0,1200.0,0.0,1.0,1.0,0.0,0.0,0.0,0
2022-09-19,trade,T03,False,BUY_JNPT_01,SUP_JEA_01,0.0,31064349.11,34049620.07,0.0,0.0,0.0,0.0,0.0,0.0,,0,0.0,0.0,0.0,0.0,0.0,,0.0,0.0,0.0,0.0,0.0,0,0.0,0.0,0.0,0.0,0.0,0.0,0.0,0.0,0.0,9.33,0.0,1200.0,1200.0,0.0,1.0,1.0,0.0,0.0,0.0,0
2022-09-19,trade,T04,False,BUY_RJK_01,SUP_USEC_02,0.0,7919294.42,11351481.69,0.0,0.0,0.0,0.0,0.0,0.0,,0,0.0,0.0,0.0,0.0,0.0,,0.0,0.0,0.0,0.0,0.0,0,0.0,0.0,0.0,0.0,0.0,0.0,0.0,0.0,0.0,3.11,0.0,1260.0,1260.0,0.0,1.0,1.0,0.0,0.0,0.0,0
2022-09-19,trade,T05,False,BUY_MUN_01,SUP_USEC_01,0.0,53370803.08,55665701.91,0.0,0.0,0.0,0.0,0.0,0.0,,0,0.0,0.0,0.0,0.0,0.0,,0.0,0.0,0.0,0.0,0.0,0,0.0,0.0,0.0,0.0,0.0,0.0,0.0,0.0,0.0,15.25,0.0,2100.0,2100.0,0.0,1.0,1.0,0.0,0.0,0.0,0
2022-09-19,trade,T06,False,BUY_JNPT_01,SUP_JEA_01,0.0,12118905.26,16520751.21,0.0,0.0,0.0,0.0,0.0,0.0,,0,0.0,0.0,0.0,0.0,0.0,,0.0,0.0,0.0,0.0,0.0,0,0.0,0.0,0.0,0.0,0.0,0.0,0.0,0.0,0.0,4.53,0.0,1300.0,1300.0,0.0,1.0,1.0,0.0,0.0,0.0,0
2022-09-19,trade,T07,False,BUY_RJK_01,SUP_USEC_02,89642899.87,7739806.6,-75667524.71,0.0,0.0,0.0,0.0,0.0,0.0,,0,0.0,0.0,0.0,0.0,0.0,,0.0,0.0,0.0,0.0,0.0,0,0.0,0.0,0.0,0.0,0.0,0.0,0.0,0.0,0.0,-20.73,0.0,1890.0,1890.0,0.0,1.0,1.0,89642899.87,0.0,0.0,1
2022-09-19,trade,T08,False,BUY_MUN_01,SUP_USEC_02,270107708.7,2280643.77,-284847973.78,0.0,0.0,0.0,0.0,0.0,0.0,,0,0.0,0.0,0.0,0.0,0.0,,0.0,0.0,0.0,0.0,0.0,0,0.0,0.0,0.0,0.0,0.0,0.0,0.0,0.0,0.0,-78.04,0.0,1680.0,1680.0,0.0,1.0,1.0,270107708.7,0.0,0.0,0
2022-09-19,trade,T09,False,BUY_JNPT_01,SUP_JEA_01,-24337743.52,12481199.29,4303254.99,0.0,0.0,0.0,0.0,0.0,0.0,,0,0.0,-18457.85,-2215443.01,2196985.17,0.0,0.991669,0.0,0.0,0.0,0.0,0.0,0,0.0,0.0,0.0,0.0,0.0,0.0,0.0,-12.66,12.86,1.18,0.0,1200.0,1200.0,0.0,1.0,1.0,151875000.0,0.0,0.0,0
2022-09-20,book,BOOK,False,BOOK,BOOK,335413139.52,216279669.75,-143725999.39,0.0,0.0,0.0,0.0,0.0,0.0,,0,0.0,-18457.09,-2215352.04,2196894.95,0.0,0.991669,0.0,0.0,0.0,0.0,0.0,0,0.0,0.0,0.0,0.0,0.0,0.0,0.0,-12.25,12.45,-39.38,0.0,14350.0,14350.0,0.0,1.0,1.0,511625608.57,0.0,0.0,4
2022-09-20,trade,T01,False,"BUY_MUN_01,BUY_RJK_01",SUP_USEC_01,0.0,37814185.51,45062704.95,0.0,0.0,0.0,0.0,0.0,0.0,,0,0.0,0.0,0.0,0.0,0.0,,0.0,0.0,0.0,0.0,0.0,0,0.0,0.0,0.0,0.0,0.0,0.0,0.0,0.0,0.0,12.35,0.0,2520.0,2520.0,0.0,1.0,1.0,0.0,0.0,0.0,0
2022-09-20,trade,T02,False,BUY_JNPT_01,SUP_JEA_01,0.0,51589752.47,49835984.28,0.0,0.0,0.0,0.0,0.0,0.0,,0,0.0,0.0,0.0,0.0,0.0,,0.0,0.0,0.0,0.0,0.0,0,0.0,0.0,0.0,0.0,0.0,0.0,0.0,0.0,0.0,13.65,0.0,1200.0,1200.0,0.0,1.0,1.0,0.0,0.0,0.0,0
2022-09-20,trade,T03,False,BUY_JNPT_01,SUP_JEA_01,0.0,31064349.11,34049620.07,0.0,0.0,0.0,0.0,0.0,0.0,,0,0.0,0.0,0.0,0.0,0.0,,0.0,0.0,0.0,0.0,0.0,0,0.0,0.0,0.0,0.0,0.0,0.0,0.0,0.0,0.0,9.33,0.0,1200.0,1200.0,0.0,1.0,1.0,0.0,0.0,0.0,0
2022-09-20,trade,T04,False,BUY_RJK_01,SUP_USEC_02,0.0,7919294.42,11351481.69,0.0,0.0,0.0,0.0,0.0,0.0,,0,0.0,0.0,0.0,0.0,0.0,,0.0,0.0,0.0,0.0,0.0,0,0.0,0.0,0.0,0.0,0.0,0.0,0.0,0.0,0.0,3.11,0.0,1260.0,1260.0,0.0,1.0,1.0,0.0,0.0,0.0,0
2022-09-20,trade,T05,False,BUY_MUN_01,SUP_USEC_01,0.0,53370803.08,55665701.91,0.0,0.0,0.0,0.0,0.0,0.0,,0,0.0,0.0,0.0,0.0,0.0,,0.0,0.0,0.0,0.0,0.0,0,0.0,0.0,0.0,0.0,0.0,0.0,0.0,0.0,0.0,15.25,0.0,2100.0,2100.0,0.0,1.0,1.0,0.0,0.0,0.0,0
2022-09-20,trade,T06,False,BUY_JNPT_01,SUP_JEA_01,0.0,12118905.26,16520751.21,0.0,0.0,0.0,0.0,0.0,0.0,,0,0.0,0.0,0.0,0.0,0.0,,0.0,0.0,0.0,0.0,0.0,0,0.0,0.0,0.0,0.0,0.0,0.0,0.0,0.0,0.0,4.53,0.0,1300.0,1300.0,0.0,1.0,1.0,0.0,0.0,0.0,0
2022-09-20,trade,T07,False,BUY_RJK_01,SUP_USEC_02,89642899.87,7718661.16,-75667524.71,0.0,0.0,0.0,0.0,0.0,0.0,,0,0.0,0.0,0.0,0.0,0.0,,0.0,0.0,0.0,0.0,0.0,0,0.0,0.0,0.0,0.0,0.0,0.0,0.0,0.0,0.0,-20.73,0.0,1890.0,1890.0,0.0,1.0,1.0,89642899.87,0.0,0.0,4
2022-09-20,trade,T08,False,BUY_MUN_01,SUP_USEC_02,270107708.7,2201042.42,-284847973.78,0.0,0.0,0.0,0.0,0.0,0.0,,0,0.0,0.0,0.0,0.0,0.0,,0.0,0.0,0.0,0.0,0.0,0,0.0,0.0,0.0,0.0,0.0,0.0,0.0,0.0,0.0,-78.04,0.0,1680.0,1680.0,0.0,1.0,1.0,270107708.7,0.0,0.0,0
2022-09-20,trade,T09,False,BUY_JNPT_01,SUP_JEA_01,-24337469.04,12482676.32,4303254.99,0.0,0.0,0.0,0.0,0.0,0.0,,0,0.0,-18457.09,-2215352.04,2196894.95,0.0,0.991669,0.0,0.0,0.0,0.0,0.0,0,0.0,0.0,0.0,0.0,0.0,0.0,0.0,-12.25,12.45,1.18,0.0,1200.0,1200.0,0.0,1.0,1.0,151875000.0,0.0,0.0,0
2022-09-21,book,BOOK,False,BOOK,BOOK,65302046.19,216176740.88,126381709.31,0.0,0.0,0.0,0.0,0.0,0.0,,0,0.0,-18456.6,-2215293.07,2196836.47,0.0,0.991669,0.0,0.0,0.0,0.0,0.0,0,0.0,0.0,0.0,0.0,0.0,0.0,0.0,-11.88,12.07,34.63,0.0,14350.0,14350.0,0.0,1.0,1.0,241517899.87,0.0,0.0,5
2022-09-21,trade,T01,False,"BUY_MUN_01,BUY_RJK_01",SUP_USEC_01,0.0,37814185.51,45062704.95,0.0,0.0,0.0,0.0,0.0,0.0,,0,0.0,0.0,0.0,0.0,0.0,,0.0,0.0,0.0,0.0,0.0,0,0.0,0.0,0.0,0.0,0.0,0.0,0.0,0.0,0.0,12.35,0.0,2520.0,2520.0,0.0,1.0,1.0,0.0,0.0,0.0,0
2022-09-21,trade,T02,False,BUY_JNPT_01,SUP_JEA_01,0.0,51589752.47,49835984.28,0.0,0.0,0.0,0.0,0.0,0.0,,0,0.0,0.0,0.0,0.0,0.0,,0.0,0.0,0.0,0.0,0.0,0,0.0,0.0,0.0,0.0,0.0,0.0,0.0,0.0,0.0,13.65,0.0,1200.0,1200.0,0.0,1.0,1.0,0.0,0.0,0.0,0
2022-09-21,trade,T03,False,BUY_JNPT_01,SUP_JEA_01,0.0,31064349.11,34049620.07,0.0,0.0,0.0,0.0,0.0,0.0,,0,0.0,0.0,0.0,0.0,0.0,,0.0,0.0,0.0,0.0,0.0,0,0.0,0.0,0.0,0.0,0.0,0.0,0.0,0.0,0.0,9.33,0.0,1200.0,1200.0,0.0,1.0,1.0,0.0,0.0,0.0,0
2022-09-21,trade,T04,False,BUY_RJK_01,SUP_USEC_02,0.0,7919294.42,11351481.69,0.0,0.0,0.0,0.0,0.0,0.0,,0,0.0,0.0,0.0,0.0,0.0,,0.0,0.0,0.0,0.0,0.0,0,0.0,0.0,0.0,0.0,0.0,0.0,0.0,0.0,0.0,3.11,0.0,1260.0,1260.0,0.0,1.0,1.0,0.0,0.0,0.0,0
2022-09-21,trade,T05,False,BUY_MUN_01,SUP_USEC_01,0.0,53370803.08,55665701.91,0.0,0.0,0.0,0.0,0.0,0.0,,0,0.0,0.0,0.0,0.0,0.0,,0.0,0.0,0.0,0.0,0.0,0,0.0,0.0,0.0,0.0,0.0,0.0,0.0,0.0,0.0,15.25,0.0,2100.0,2100.0,0.0,1.0,1.0,0.0,0.0,0.0,0
2022-09-21,trade,T06,False,BUY_JNPT_01,SUP_JEA_01,0.0,12118905.26,16520751.21,0.0,0.0,0.0,0.0,0.0,0.0,,0,0.0,0.0,0.0,0.0,0.0,,0.0,0.0,0.0,0.0,0.0,0,0.0,0.0,0.0,0.0,0.0,0.0,0.0,0.0,0.0,4.53,0.0,1300.0,1300.0,0.0,1.0,1.0,0.0,0.0,0.0,0
2022-09-21,trade,T07,False,BUY_RJK_01,SUP_USEC_02,89642899.87,7697515.71,-75667524.71,0.0,0.0,0.0,0.0,0.0,0.0,,0,0.0,0.0,0.0,0.0,0.0,,0.0,0.0,0.0,0.0,0.0,0,0.0,0.0,0.0,0.0,0.0,0.0,0.0,0.0,0.0,-20.73,0.0,1890.0,1890.0,0.0,1.0,1.0,89642899.87,0.0,0.0,5
2022-09-21,trade,T08,False,BUY_MUN_01,SUP_USEC_02,0.0,2121441.06,-14740265.08,0.0,0.0,0.0,0.0,0.0,0.0,,0,0.0,0.0,0.0,0.0,0.0,,0.0,0.0,0.0,0.0,0.0,0,0.0,0.0,0.0,0.0,0.0,0.0,0.0,0.0,0.0,-4.04,0.0,1680.0,1680.0,0.0,1.0,1.0,0.0,0.0,0.0,0
2022-09-21,trade,T09,False,BUY_JNPT_01,SUP_JEA_01,-24340853.68,12480494.24,4303254.99,0.0,0.0,0.0,0.0,0.0,0.0,,0,0.0,-18456.6,-2215293.07,2196836.47,0.0,0.991669,0.0,0.0,0.0,0.0,0.0,0,0.0,0.0,0.0,0.0,0.0,0.0,0.0,-11.88,12.07,1.18,0.0,1200.0,1200.0,0.0,1.0,1.0,151875000.0,0.0,0.0,0
2022-09-22,book,BOOK,False,BOOK,BOOK,65284995.13,216135627.73,126381709.31,0.0,0.0,0.0,0.0,0.0,0.0,,0,0.0,-18455.63,-2215176.43,2196720.81,0.0,0.991669,0.0,0.0,0.0,0.0,0.0,0,0.0,0.0,0.0,0.0,0.0,0.0,0.0,-11.62,11.8,34.63,0.0,14350.0,14350.0,0.0,1.0,1.0,241517899.87,0.0,0.0,6
2022-09-22,trade,T01,False,"BUY_MUN_01,BUY_RJK_01",SUP_USEC_01,0.0,37814185.51,45062704.95,0.0,0.0,0.0,0.0,0.0,0.0,,0,0.0,0.0,0.0,0.0,0.0,,0.0,0.0,0.0,0.0,0.0,0,0.0,0.0,0.0,0.0,0.0,0.0,0.0,0.0,0.0,12.35,0.0,2520.0,2520.0,0.0,1.0,1.0,0.0,0.0,0.0,0
2022-09-22,trade,T02,False,BUY_JNPT_01,SUP_JEA_01,0.0,51589752.47,49835984.28,0.0,0.0,0.0,0.0,0.0,0.0,,0,0.0,0.0,0.0,0.0,0.0,,0.0,0.0,0.0,0.0,0.0,0,0.0,0.0,0.0,0.0,0.0,0.0,0.0,0.0,0.0,13.65,0.0,1200.0,1200.0,0.0,1.0,1.0,0.0,0.0,0.0,0
2022-09-22,trade,T03,False,BUY_JNPT_01,SUP_JEA_01,0.0,31064349.11,34049620.07,0.0,0.0,0.0,0.0,0.0,0.0,,0,0.0,0.0,0.0,0.0,0.0,,0.0,0.0,0.0,0.0,0.0,0,0.0,0.0,0.0,0.0,0.0,0.0,0.0,0.0,0.0,9.33,0.0,1200.0,1200.0,0.0,1.0,1.0,0.0,0.0,0.0,0
2022-09-22,trade,T04,False,BUY_RJK_01,SUP_USEC_02,0.0,7919294.42,11351481.69,0.0,0.0,0.0,0.0,0.0,0.0,,0,0.0,0.0,0.0,0.0,0.0,,0.0,0.0,0.0,0.0,0.0,0,0.0,0.0,0.0,0.0,0.0,0.0,0.0,0.0,0.0,3.11,0.0,1260.0,1260.0,0.0,1.0,1.0,0.0,0.0,0.0,0
2022-09-22,trade,T05,False,BUY_MUN_01,SUP_USEC_01,0.0,53370803.08,55665701.91,0.0,0.0,0.0,0.0,0.0,0.0,,0,0.0,0.0,0.0,0.0,0.0,,0.0,0.0,0.0,0.0,0.0,0,0.0,0.0,0.0,0.0,0.0,0.0,0.0,0.0,0.0,15.25,0.0,2100.0,2100.0,0.0,1.0,1.0,0.0,0.0,0.0,0
2022-09-22,trade,T06,False,BUY_JNPT_01,SUP_JEA_01,0.0,12118905.26,16520751.21,0.0,0.0,0.0,0.0,0.0,0.0,,0,0.0,0.0,0.0,0.0,0.0,,0.0,0.0,0.0,0.0,0.0,0,0.0,0.0,0.0,0.0,0.0,0.0,0.0,0.0,0.0,4.53,0.0,1300.0,1300.0,0.0,1.0,1.0,0.0,0.0,0.0,0
2022-09-22,trade,T07,False,BUY_RJK_01,SUP_USEC_02,89642899.87,7676370.27,-75667524.71,0.0,0.0,0.0,0.0,0.0,0.0,,0,0.0,0.0,0.0,0.0,0.0,,0.0,0.0,0.0,0.0,0.0,0,0.0,0.0,0.0,0.0,0.0,0.0,0.0,0.0,0.0,-20.73,0.0,1890.0,1890.0,0.0,1.0,1.0,89642899.87,0.0,0.0,6
2022-09-22,trade,T08,False,BUY_MUN_01,SUP_USEC_02,0.0,2117321.87,-14740265.08,0.0,0.0,0.0,0.0,0.0,0.0,,0,0.0,0.0,0.0,0.0,0.0,,0.0,0.0,0.0,0.0,0.0,0,0.0,0.0,0.0,0.0,0.0,0.0,0.0,0.0,0.0,-4.04,0.0,1680.0,1680.0,0.0,1.0,1.0,0.0,0.0,0.0,0
2022-09-22,trade,T09,False,BUY_JNPT_01,SUP_JEA_01,-24357904.73,12464645.73,4303254.99,0.0,0.0,0.0,0.0,0.0,0.0,,0,0.0,-18455.63,-2215176.43,2196720.81,0.0,0.991669,0.0,0.0,0.0,0.0,0.0,0,0.0,0.0,0.0,0.0,0.0,0.0,0.0,-11.62,11.8,1.18,0.0,1200.0,1200.0,0.0,1.0,1.0,151875000.0,0.0,0.0,0
2022-09-23,book,BOOK,False,BOOK,BOOK,65280774.54,216107345.05,149715642.97,0.0,0.0,0.0,0.0,0.0,0.0,,0,0.0,-18455.33,-2215140.39,2196685.06,0.0,0.991669,0.0,0.0,0.0,0.0,0.0,0,0.0,0.0,0.0,0.0,0.0,0.0,0.0,-11.24,11.42,41.02,0.0,14350.0,14350.0,0.0,1.0,1.0,241517899.87,0.0,0.0,7
2022-09-23,trade,T01,False,"BUY_MUN_01,BUY_RJK_01",SUP_USEC_01,0.0,37814185.51,45062704.95,0.0,0.0,0.0,0.0,0.0,0.0,,0,0.0,0.0,0.0,0.0,0.0,,0.0,0.0,0.0,0.0,0.0,0,0.0,0.0,0.0,0.0,0.0,0.0,0.0,0.0,0.0,12.35,0.0,2520.0,2520.0,0.0,1.0,1.0,0.0,0.0,0.0,0
2022-09-23,trade,T02,False,BUY_JNPT_01,SUP_JEA_01,0.0,51589752.47,49835984.28,0.0,0.0,0.0,0.0,0.0,0.0,,0,0.0,0.0,0.0,0.0,0.0,,0.0,0.0,0.0,0.0,0.0,0,0.0,0.0,0.0,0.0,0.0,0.0,0.0,0.0,0.0,13.65,0.0,1200.0,1200.0,0.0,1.0,1.0,0.0,0.0,0.0,0
2022-09-23,trade,T03,False,BUY_JNPT_01,SUP_JEA_01,0.0,31064349.11,34049620.07,0.0,0.0,0.0,0.0,0.0,0.0,,0,0.0,0.0,0.0,0.0,0.0,,0.0,0.0,0.0,0.0,0.0,0,0.0,0.0,0.0,0.0,0.0,0.0,0.0,0.0,0.0,9.33,0.0,1200.0,1200.0,0.0,1.0,1.0,0.0,0.0,0.0,0
2022-09-23,trade,T04,False,BUY_RJK_01,SUP_USEC_02,0.0,7919294.42,11351481.69,0.0,0.0,0.0,0.0,0.0,0.0,,0,0.0,0.0,0.0,0.0,0.0,,0.0,0.0,0.0,0.0,0.0,0,0.0,0.0,0.0,0.0,0.0,0.0,0.0,0.0,0.0,3.11,0.0,1260.0,1260.0,0.0,1.0,1.0,0.0,0.0,0.0,0
2022-09-23,trade,T05,False,BUY_MUN_01,SUP_USEC_01,0.0,53370803.08,55665701.91,0.0,0.0,0.0,0.0,0.0,0.0,,0,0.0,0.0,0.0,0.0,0.0,,0.0,0.0,0.0,0.0,0.0,0,0.0,0.0,0.0,0.0,0.0,0.0,0.0,0.0,0.0,15.25,0.0,2100.0,2100.0,0.0,1.0,1.0,0.0,0.0,0.0,0
2022-09-23,trade,T06,False,BUY_JNPT_01,SUP_JEA_01,0.0,12118905.26,16520751.21,0.0,0.0,0.0,0.0,0.0,0.0,,0,0.0,0.0,0.0,0.0,0.0,,0.0,0.0,0.0,0.0,0.0,0,0.0,0.0,0.0,0.0,0.0,0.0,0.0,0.0,0.0,4.53,0.0,1300.0,1300.0,0.0,1.0,1.0,0.0,0.0,0.0,0
2022-09-23,trade,T07,False,BUY_RJK_01,SUP_USEC_02,89642899.87,7655224.82,-75667524.71,0.0,0.0,0.0,0.0,0.0,0.0,,0,0.0,0.0,0.0,0.0,0.0,,0.0,0.0,0.0,0.0,0.0,0,0.0,0.0,0.0,0.0,0.0,0.0,0.0,0.0,0.0,-20.73,0.0,1890.0,1890.0,0.0,1.0,1.0,89642899.87,0.0,0.0,7
2022-09-23,trade,T08,False,BUY_MUN_01,SUP_USEC_02,0.0,2113202.67,8593668.57,0.0,0.0,0.0,0.0,0.0,0.0,,0,0.0,0.0,0.0,0.0,0.0,,0.0,0.0,0.0,0.0,0.0,0,0.0,0.0,0.0,0.0,0.0,0.0,0.0,0.0,0.0,2.35,0.0,1680.0,1680.0,0.0,1.0,1.0,0.0,0.0,0.0,0
2022-09-23,trade,T09,False,BUY_JNPT_01,SUP_JEA_01,-24362125.32,12461627.7,4303254.99,0.0,0.0,0.0,0.0,0.0,0.0,,0,0.0,-18455.33,-2215140.39,2196685.06,0.0,0.991669,0.0,0.0,0.0,0.0,0.0,0,0.0,0.0,0.0,0.0,0.0,0.0,0.0,-11.24,11.42,1.18,0.0,1200.0,1200.0,0.0,1.0,1.0,151875000.0,0.0,0.0,0
2022-09-26,book,BOOK,False,BOOK,BOOK,65271537.24,216038279.07,149715642.97,0.0,0.0,0.0,0.0,0.0,0.0,,0,0.0,-18449.18,-2214403.07,2195953.88,0.0,0.991669,0.0,0.0,0.0,0.0,0.0,0,0.0,0.0,0.0,0.0,0.0,0.0,0.0,-10.08,10.24,41.02,0.0,14350.0,14350.0,0.0,1.0,1.0,241517899.87,0.0,0.0,8
2022-09-26,trade,T01,False,"BUY_MUN_01,BUY_RJK_01",SUP_USEC_01,0.0,37814185.51,45062704.95,0.0,0.0,0.0,0.0,0.0,0.0,,0,0.0,0.0,0.0,0.0,0.0,,0.0,0.0,0.0,0.0,0.0,0,0.0,0.0,0.0,0.0,0.0,0.0,0.0,0.0,0.0,12.35,0.0,2520.0,2520.0,0.0,1.0,1.0,0.0,0.0,0.0,0
2022-09-26,trade,T02,False,BUY_JNPT_01,SUP_JEA_01,0.0,51589752.47,49835984.28,0.0,0.0,0.0,0.0,0.0,0.0,,0,0.0,0.0,0.0,0.0,0.0,,0.0,0.0,0.0,0.0,0.0,0,0.0,0.0,0.0,0.0,0.0,0.0,0.0,0.0,0.0,13.65,0.0,1200.0,1200.0,0.0,1.0,1.0,0.0,0.0,0.0,0
2022-09-26,trade,T03,False,BUY_JNPT_01,SUP_JEA_01,0.0,31064349.11,34049620.07,0.0,0.0,0.0,0.0,0.0,0.0,,0,0.0,0.0,0.0,0.0,0.0,,0.0,0.0,0.0,0.0,0.0,0,0.0,0.0,0.0,0.0,0.0,0.0,0.0,0.0,0.0,9.33,0.0,1200.0,1200.0,0.0,1.0,1.0,0.0,0.0,0.0,0
2022-09-26,trade,T04,False,BUY_RJK_01,SUP_USEC_02,0.0,7919294.42,11351481.69,0.0,0.0,0.0,0.0,0.0,0.0,,0,0.0,0.0,0.0,0.0,0.0,,0.0,0.0,0.0,0.0,0.0,0,0.0,0.0,0.0,0.0,0.0,0.0,0.0,0.0,0.0,3.11,0.0,1260.0,1260.0,0.0,1.0,1.0,0.0,0.0,0.0,0
2022-09-26,trade,T05,False,BUY_MUN_01,SUP_USEC_01,0.0,53370803.08,55665701.91,0.0,0.0,0.0,0.0,0.0,0.0,,0,0.0,0.0,0.0,0.0,0.0,,0.0,0.0,0.0,0.0,0.0,0,0.0,0.0,0.0,0.0,0.0,0.0,0.0,0.0,0.0,15.25,0.0,2100.0,2100.0,0.0,1.0,1.0,0.0,0.0,0.0,0
2022-09-26,trade,T06,False,BUY_JNPT_01,SUP_JEA_01,0.0,12118905.26,16520751.21,0.0,0.0,0.0,0.0,0.0,0.0,,0,0.0,0.0,0.0,0.0,0.0,,0.0,0.0,0.0,0.0,0.0,0,0.0,0.0,0.0,0.0,0.0,0.0,0.0,0.0,0.0,4.53,0.0,1300.0,1300.0,0.0,1.0,1.0,0.0,0.0,0.0,0
2022-09-26,trade,T07,False,BUY_RJK_01,SUP_USEC_02,89642899.87,7591788.49,-75667524.71,0.0,0.0,0.0,0.0,0.0,0.0,,0,0.0,0.0,0.0,0.0,0.0,,0.0,0.0,0.0,0.0,0.0,0,0.0,0.0,0.0,0.0,0.0,0.0,0.0,0.0,0.0,-20.73,0.0,1890.0,1890.0,0.0,1.0,1.0,89642899.87,0.0,0.0,8
2022-09-26,trade,T08,False,BUY_MUN_01,SUP_USEC_02,0.0,2113202.67,8593668.57,0.0,0.0,0.0,0.0,0.0,0.0,,0,0.0,0.0,0.0,0.0,0.0,,0.0,0.0,0.0,0.0,0.0,0,0.0,0.0,0.0,0.0,0.0,0.0,0.0,0.0,0.0,2.35,0.0,1680.0,1680.0,0.0,1.0,1.0,0.0,0.0,0.0,0
2022-09-26,trade,T09,False,BUY_JNPT_01,SUP_JEA_01,-24371362.63,12455998.05,4303254.99,0.0,0.0,0.0,0.0,0.0,0.0,,0,0.0,-18449.18,-2214403.07,2195953.88,0.0,0.991669,0.0,0.0,0.0,0.0,0.0,0,0.0,0.0,0.0,0.0,0.0,0.0,0.0,-10.08,10.24,1.18,0.0,1200.0,1200.0,0.0,1.0,1.0,151875000.0,0.0,0.0,0
2022-09-27,book,BOOK,False,BOOK,BOOK,65273772.82,216020571.76,149715642.97,0.0,0.0,0.0,0.0,0.0,0.0,,0,0.0,-18448.44,-2214313.93,2195865.49,0.0,0.991669,0.0,0.0,0.0,0.0,0.0,0,0.0,0.0,0.0,0.0,0.0,0.0,0.0,-9.66,9.81,41.02,0.0,14350.0,14350.0,0.0,1.0,1.0,241517899.87,0.0,0.0,11
2022-09-27,trade,T01,False,"BUY_MUN_01,BUY_RJK_01",SUP_USEC_01,0.0,37814185.51,45062704.95,0.0,0.0,0.0,0.0,0.0,0.0,,0,0.0,0.0,0.0,0.0,0.0,,0.0,0.0,0.0,0.0,0.0,0,0.0,0.0,0.0,0.0,0.0,0.0,0.0,0.0,0.0,12.35,0.0,2520.0,2520.0,0.0,1.0,1.0,0.0,0.0,0.0,0
2022-09-27,trade,T02,False,BUY_JNPT_01,SUP_JEA_01,0.0,51589752.47,49835984.28,0.0,0.0,0.0,0.0,0.0,0.0,,0,0.0,0.0,0.0,0.0,0.0,,0.0,0.0,0.0,0.0,0.0,0,0.0,0.0,0.0,0.0,0.0,0.0,0.0,0.0,0.0,13.65,0.0,1200.0,1200.0,0.0,1.0,1.0,0.0,0.0,0.0,0
2022-09-27,trade,T03,False,BUY_JNPT_01,SUP_JEA_01,0.0,31064349.11,34049620.07,0.0,0.0,0.0,0.0,0.0,0.0,,0,0.0,0.0,0.0,0.0,0.0,,0.0,0.0,0.0,0.0,0.0,0,0.0,0.0,0.0,0.0,0.0,0.0,0.0,0.0,0.0,9.33,0.0,1200.0,1200.0,0.0,1.0,1.0,0.0,0.0,0.0,0
2022-09-27,trade,T04,False,BUY_RJK_01,SUP_USEC_02,0.0,7919294.42,11351481.69,0.0,0.0,0.0,0.0,0.0,0.0,,0,0.0,0.0,0.0,0.0,0.0,,0.0,0.0,0.0,0.0,0.0,0,0.0,0.0,0.0,0.0,0.0,0.0,0.0,0.0,0.0,3.11,0.0,1260.0,1260.0,0.0,1.0,1.0,0.0,0.0,0.0,0
2022-09-27,trade,T05,False,BUY_MUN_01,SUP_USEC_01,0.0,53370803.08,55665701.91,0.0,0.0,0.0,0.0,0.0,0.0,,0,0.0,0.0,0.0,0.0,0.0,,0.0,0.0,0.0,0.0,0.0,0,0.0,0.0,0.0,0.0,0.0,0.0,0.0,0.0,0.0,15.25,0.0,2100.0,2100.0,0.0,1.0,1.0,0.0,0.0,0.0,0
2022-09-27,trade,T06,False,BUY_JNPT_01,SUP_JEA_01,0.0,12118905.26,16520751.21,0.0,0.0,0.0,0.0,0.0,0.0,,0,0.0,0.0,0.0,0.0,0.0,,0.0,0.0,0.0,0.0,0.0,0,0.0,0.0,0.0,0.0,0.0,0.0,0.0,0.0,0.0,4.53,0.0,1300.0,1300.0,0.0,1.0,1.0,0.0,0.0,0.0,0
2022-09-27,trade,T07,False,BUY_RJK_01,SUP_USEC_02,89642899.87,7570643.04,-75667524.71,0.0,0.0,0.0,0.0,0.0,0.0,,0,0.0,0.0,0.0,0.0,0.0,,0.0,0.0,0.0,0.0,0.0,0,0.0,0.0,0.0,0.0,0.0,0.0,0.0,0.0,0.0,-20.73,0.0,1890.0,1890.0,0.0,1.0,1.0,89642899.87,0.0,0.0,11
2022-09-27,trade,T08,False,BUY_MUN_01,SUP_USEC_02,0.0,2113202.67,8593668.57,0.0,0.0,0.0,0.0,0.0,0.0,,0,0.0,0.0,0.0,0.0,0.0,,0.0,0.0,0.0,0.0,0.0,0,0.0,0.0,0.0,0.0,0.0,0.0,0.0,0.0,0.0,2.35,0.0,1680.0,1680.0,0.0,1.0,1.0,0.0,0.0,0.0,0
2022-09-27,trade,T09,False,BUY_JNPT_01,SUP_JEA_01,-24369127.04,12459436.19,4303254.99,0.0,0.0,0.0,0.0,0.0,0.0,,0,0.0,-18448.44,-2214313.93,2195865.49,0.0,0.991669,0.0,0.0,0.0,0.0,0.0,0,0.0,0.0,0.0,0.0,0.0,0.0,0.0,-9.66,9.81,1.18,0.0,1200.0,1200.0,0.0,1.0,1.0,151875000.0,0.0,0.0,0
2022-09-28,book,BOOK,False,BOOK,BOOK,65267437.59,215994293.63,149715642.97,0.0,0.0,0.0,0.0,0.0,0.0,,0,0.0,-18446.86,-2214124.64,2195677.78,0.0,0.991669,0.0,0.0,0.0,0.0,0.0,0,0.0,0.0,0.0,0.0,0.0,0.0,0.0,-9.29,9.43,41.02,0.0,14350.0,14350.0,0.0,1.0,1.0,241517899.87,0.0,0.0,12
2022-09-28,trade,T01,False,"BUY_MUN_01,BUY_RJK_01",SUP_USEC_01,0.0,37814185.51,45062704.95,0.0,0.0,0.0,0.0,0.0,0.0,,0,0.0,0.0,0.0,0.0,0.0,,0.0,0.0,0.0,0.0,0.0,0,0.0,0.0,0.0,0.0,0.0,0.0,0.0,0.0,0.0,12.35,0.0,2520.0,2520.0,0.0,1.0,1.0,0.0,0.0,0.0,0
2022-09-28,trade,T02,False,BUY_JNPT_01,SUP_JEA_01,0.0,51589752.47,49835984.28,0.0,0.0,0.0,0.0,0.0,0.0,,0,0.0,0.0,0.0,0.0,0.0,,0.0,0.0,0.0,0.0,0.0,0,0.0,0.0,0.0,0.0,0.0,0.0,0.0,0.0,0.0,13.65,0.0,1200.0,1200.0,0.0,1.0,1.0,0.0,0.0,0.0,0
2022-09-28,trade,T03,False,BUY_JNPT_01,SUP_JEA_01,0.0,31064349.11,34049620.07,0.0,0.0,0.0,0.0,0.0,0.0,,0,0.0,0.0,0.0,0.0,0.0,,0.0,0.0,0.0,0.0,0.0,0,0.0,0.0,0.0,0.0,0.0,0.0,0.0,0.0,0.0,9.33,0.0,1200.0,1200.0,0.0,1.0,1.0,0.0,0.0,0.0,0
2022-09-28,trade,T04,False,BUY_RJK_01,SUP_USEC_02,0.0,7919294.42,11351481.69,0.0,0.0,0.0,0.0,0.0,0.0,,0,0.0,0.0,0.0,0.0,0.0,,0.0,0.0,0.0,0.0,0.0,0,0.0,0.0,0.0,0.0,0.0,0.0,0.0,0.0,0.0,3.11,0.0,1260.0,1260.0,0.0,1.0,1.0,0.0,0.0,0.0,0
2022-09-28,trade,T05,False,BUY_MUN_01,SUP_USEC_01,0.0,53370803.08,55665701.91,0.0,0.0,0.0,0.0,0.0,0.0,,0,0.0,0.0,0.0,0.0,0.0,,0.0,0.0,0.0,0.0,0.0,0,0.0,0.0,0.0,0.0,0.0,0.0,0.0,0.0,0.0,15.25,0.0,2100.0,2100.0,0.0,1.0,1.0,0.0,0.0,0.0,0
2022-09-28,trade,T06,False,BUY_JNPT_01,SUP_JEA_01,0.0,12118905.26,16520751.21,0.0,0.0,0.0,0.0,0.0,0.0,,0,0.0,0.0,0.0,0.0,0.0,,0.0,0.0,0.0,0.0,0.0,0,0.0,0.0,0.0,0.0,0.0,0.0,0.0,0.0,0.0,4.53,0.0,1300.0,1300.0,0.0,1.0,1.0,0.0,0.0,0.0,0
2022-09-28,trade,T07,False,BUY_RJK_01,SUP_USEC_02,89642899.87,7549497.59,-75667524.71,0.0,0.0,0.0,0.0,0.0,0.0,,0,0.0,0.0,0.0,0.0,0.0,,0.0,0.0,0.0,0.0,0.0,0,0.0,0.0,0.0,0.0,0.0,0.0,0.0,0.0,0.0,-20.73,0.0,1890.0,1890.0,0.0,1.0,1.0,89642899.87,0.0,0.0,12
2022-09-28,trade,T08,False,BUY_MUN_01,SUP_USEC_02,0.0,2113202.67,8593668.57,0.0,0.0,0.0,0.0,0.0,0.0,,0,0.0,0.0,0.0,0.0,0.0,,0.0,0.0,0.0,0.0,0.0,0,0.0,0.0,0.0,0.0,0.0,0.0,0.0,0.0,0.0,2.35,0.0,1680.0,1680.0,0.0,1.0,1.0,0.0,0.0,0.0,0
2022-09-28,trade,T09,False,BUY_JNPT_01,SUP_JEA_01,-24375462.28,12454303.51,4303254.99,0.0,0.0,0.0,0.0,0.0,0.0,,0,0.0,-18446.86,-2214124.64,2195677.78,0.0,0.991669,0.0,0.0,0.0,0.0,0.0,0,0.0,0.0,0.0,0.0,0.0,0.0,0.0,-9.29,9.43,1.18,0.0,1200.0,1200.0,0.0,1.0,1.0,151875000.0,0.0,0.0,0
2022-09-29,book,BOOK,False,BOOK,BOOK,65269510.4,215976423.55,149715642.97,0.0,0.0,0.0,0.0,0.0,0.0,,0,0.0,-18445.97,-2214017.08,2195571.12,0.0,0.991669,0.0,0.0,0.0,0.0,0.0,0,0.0,0.0,0.0,0.0,0.0,0.0,0.0,-8.87,9.0,41.02,0.0,14350.0,14350.0,0.0,1.0,1.0,241517899.87,0.0,0.0,13
2022-09-29,trade,T01,False,"BUY_MUN_01,BUY_RJK_01",SUP_USEC_01,0.0,37814185.51,45062704.95,0.0,0.0,0.0,0.0,0.0,0.0,,0,0.0,0.0,0.0,0.0,0.0,,0.0,0.0,0.0,0.0,0.0,0,0.0,0.0,0.0,0.0,0.0,0.0,0.0,0.0,0.0,12.35,0.0,2520.0,2520.0,0.0,1.0,1.0,0.0,0.0,0.0,0
2022-09-29,trade,T02,False,BUY_JNPT_01,SUP_JEA_01,0.0,51589752.47,49835984.28,0.0,0.0,0.0,0.0,0.0,0.0,,0,0.0,0.0,0.0,0.0,0.0,,0.0,0.0,0.0,0.0,0.0,0,0.0,0.0,0.0,0.0,0.0,0.0,0.0,0.0,0.0,13.65,0.0,1200.0,1200.0,0.0,1.0,1.0,0.0,0.0,0.0,0
2022-09-29,trade,T03,False,BUY_JNPT_01,SUP_JEA_01,0.0,31064349.11,34049620.07,0.0,0.0,0.0,0.0,0.0,0.0,,0,0.0,0.0,0.0,0.0,0.0,,0.0,0.0,0.0,0.0,0.0,0,0.0,0.0,0.0,0.0,0.0,0.0,0.0,0.0,0.0,9.33,0.0,1200.0,1200.0,0.0,1.0,1.0,0.0,0.0,0.0,0
2022-09-29,trade,T04,False,BUY_RJK_01,SUP_USEC_02,0.0,7919294.42,11351481.69,0.0,0.0,0.0,0.0,0.0,0.0,,0,0.0,0.0,0.0,0.0,0.0,,0.0,0.0,0.0,0.0,0.0,0,0.0,0.0,0.0,0.0,0.0,0.0,0.0,0.0,0.0,3.11,0.0,1260.0,1260.0,0.0,1.0,1.0,0.0,0.0,0.0,0
2022-09-29,trade,T05,False,BUY_MUN_01,SUP_USEC_01,0.0,53370803.08,55665701.91,0.0,0.0,0.0,0.0,0.0,0.0,,0,0.0,0.0,0.0,0.0,0.0,,0.0,0.0,0.0,0.0,0.0,0,0.0,0.0,0.0,0.0,0.0,0.0,0.0,0.0,0.0,15.25,0.0,2100.0,2100.0,0.0,1.0,1.0,0.0,0.0,0.0,0
2022-09-29,trade,T06,False,BUY_JNPT_01,SUP_JEA_01,0.0,12118905.26,16520751.21,0.0,0.0,0.0,0.0,0.0,0.0,,0,0.0,0.0,0.0,0.0,0.0,,0.0,0.0,0.0,0.0,0.0,0,0.0,0.0,0.0,0.0,0.0,0.0,0.0,0.0,0.0,4.53,0.0,1300.0,1300.0,0.0,1.0,1.0,0.0,0.0,0.0,0
2022-09-29,trade,T07,False,BUY_RJK_01,SUP_USEC_02,89642899.87,7528352.15,-75667524.71,0.0,0.0,0.0,0.0,0.0,0.0,,0,0.0,0.0,0.0,0.0,0.0,,0.0,0.0,0.0,0.0,0.0,0,0.0,0.0,0.0,0.0,0.0,0.0,0.0,0.0,0.0,-20.73,0.0,1890.0,1890.0,0.0,1.0,1.0,89642899.87,0.0,0.0,13
2022-09-29,trade,T08,False,BUY_MUN_01,SUP_USEC_02,0.0,2113202.67,8593668.57,0.0,0.0,0.0,0.0,0.0,0.0,,0,0.0,0.0,0.0,0.0,0.0,,0.0,0.0,0.0,0.0,0.0,0,0.0,0.0,0.0,0.0,0.0,0.0,0.0,0.0,0.0,2.35,0.0,1680.0,1680.0,0.0,1.0,1.0,0.0,0.0,0.0,0
2022-09-29,trade,T09,False,BUY_JNPT_01,SUP_JEA_01,-24373389.47,12457578.87,4303254.99,0.0,0.0,0.0,0.0,0.0,0.0,,0,0.0,-18445.97,-2214017.08,2195571.12,0.0,0.991669,0.0,0.0,0.0,0.0,0.0,0,0.0,0.0,0.0,0.0,0.0,0.0,0.0,-8.87,9.0,1.18,0.0,1200.0,1200.0,0.0,1.0,1.0,151875000.0,0.0,0.0,0
2022-09-30,book,BOOK,False,BOOK,BOOK,65273549.55,215960519.82,149715642.97,0.0,0.0,0.0,0.0,0.0,0.0,,0,0.0,-18450.32,-2214538.01,2196087.69,0.0,0.991669,0.0,0.0,0.0,0.0,0.0,0,0.0,0.0,0.0,0.0,0.0,0.0,0.0,-8.43,8.56,41.02,0.0,14350.0,14350.0,0.0,1.0,1.0,241517899.87,0.0,0.0,14
2022-09-30,trade,T01,False,"BUY_MUN_01,BUY_RJK_01",SUP_USEC_01,0.0,37814185.51,45062704.95,0.0,0.0,0.0,0.0,0.0,0.0,,0,0.0,0.0,0.0,0.0,0.0,,0.0,0.0,0.0,0.0,0.0,0,0.0,0.0,0.0,0.0,0.0,0.0,0.0,0.0,0.0,12.35,0.0,2520.0,2520.0,0.0,1.0,1.0,0.0,0.0,0.0,0
2022-09-30,trade,T02,False,BUY_JNPT_01,SUP_JEA_01,0.0,51589752.47,49835984.28,0.0,0.0,0.0,0.0,0.0,0.0,,0,0.0,0.0,0.0,0.0,0.0,,0.0,0.0,0.0,0.0,0.0,0,0.0,0.0,0.0,0.0,0.0,0.0,0.0,0.0,0.0,13.65,0.0,1200.0,1200.0,0.0,1.0,1.0,0.0,0.0,0.0,0
2022-09-30,trade,T03,False,BUY_JNPT_01,SUP_JEA_01,0.0,31064349.11,34049620.07,0.0,0.0,0.0,0.0,0.0,0.0,,0,0.0,0.0,0.0,0.0,0.0,,0.0,0.0,0.0,0.0,0.0,0,0.0,0.0,0.0,0.0,0.0,0.0,0.0,0.0,0.0,9.33,0.0,1200.0,1200.0,0.0,1.0,1.0,0.0,0.0,0.0,0
2022-09-30,trade,T04,False,BUY_RJK_01,SUP_USEC_02,0.0,7919294.42,11351481.69,0.0,0.0,0.0,0.0,0.0,0.0,,0,0.0,0.0,0.0,0.0,0.0,,0.0,0.0,0.0,0.0,0.0,0,0.0,0.0,0.0,0.0,0.0,0.0,0.0,0.0,0.0,3.11,0.0,1260.0,1260.0,0.0,1.0,1.0,0.0,0.0,0.0,0
2022-09-30,trade,T05,False,BUY_MUN_01,SUP_USEC_01,0.0,53370803.08,55665701.91,0.0,0.0,0.0,0.0,0.0,0.0,,0,0.0,0.0,0.0,0.0,0.0,,0.0,0.0,0.0,0.0,0.0,0,0.0,0.0,0.0,0.0,0.0,0.0,0.0,0.0,0.0,15.25,0.0,2100.0,2100.0,0.0,1.0,1.0,0.0,0.0,0.0,0
2022-09-30,trade,T06,False,BUY_JNPT_01,SUP_JEA_01,0.0,12118905.26,16520751.21,0.0,0.0,0.0,0.0,0.0,0.0,,0,0.0,0.0,0.0,0.0,0.0,,0.0,0.0,0.0,0.0,0.0,0,0.0,0.0,0.0,0.0,0.0,0.0,0.0,0.0,0.0,4.53,0.0,1300.0,1300.0,0.0,1.0,1.0,0.0,0.0,0.0,0
2022-09-30,trade,T07,False,BUY_RJK_01,SUP_USEC_02,89642899.87,7507206.7,-75667524.71,0.0,0.0,0.0,0.0,0.0,0.0,,0,0.0,0.0,0.0,0.0,0.0,,0.0,0.0,0.0,0.0,0.0,0,0.0,0.0,0.0,0.0,0.0,0.0,0.0,0.0,0.0,-20.73,0.0,1890.0,1890.0,0.0,1.0,1.0,89642899.87,0.0,0.0,14
2022-09-30,trade,T08,False,BUY_MUN_01,SUP_USEC_02,0.0,2113202.67,8593668.57,0.0,0.0,0.0,0.0,0.0,0.0,,0,0.0,0.0,0.0,0.0,0.0,,0.0,0.0,0.0,0.0,0.0,0,0.0,0.0,0.0,0.0,0.0,0.0,0.0,0.0,0.0,2.35,0.0,1680.0,1680.0,0.0,1.0,1.0,0.0,0.0,0.0,0
2022-09-30,trade,T09,False,BUY_JNPT_01,SUP_JEA_01,-24369350.31,12462820.58,4303254.99,0.0,0.0,0.0,0.0,0.0,0.0,,0,0.0,-18450.32,-2214538.01,2196087.69,0.0,0.991669,0.0,0.0,0.0,0.0,0.0,0,0.0,0.0,0.0,0.0,0.0,0.0,0.0,-8.43,8.56,1.18,0.0,1200.0,1200.0,0.0,1.0,1.0,151875000.0,0.0,0.0,0
2022-10-03,book,BOOK,False,BOOK,BOOK,65267542.48,215894684.06,149715642.97,0.0,0.0,0.0,0.0,0.0,0.0,,0,0.0,-18444.61,-2213853.18,2195408.57,0.0,0.991669,0.0,0.0,0.0,0.0,0.0,0,0.0,0.0,0.0,0.0,0.0,0.0,0.0,-7.23,7.34,41.02,0.0,14350.0,14350.0,0.0,1.0,1.0,241517899.87,0.0,0.0,15
2022-10-03,trade,T01,False,"BUY_MUN_01,BUY_RJK_01",SUP_USEC_01,0.0,37814185.51,45062704.95,0.0,0.0,0.0,0.0,0.0,0.0,,0,0.0,0.0,0.0,0.0,0.0,,0.0,0.0,0.0,0.0,0.0,0,0.0,0.0,0.0,0.0,0.0,0.0,0.0,0.0,0.0,12.35,0.0,2520.0,2520.0,0.0,1.0,1.0,0.0,0.0,0.0,0
2022-10-03,trade,T02,False,BUY_JNPT_01,SUP_JEA_01,0.0,51589752.47,49835984.28,0.0,0.0,0.0,0.0,0.0,0.0,,0,0.0,0.0,0.0,0.0,0.0,,0.0,0.0,0.0,0.0,0.0,0,0.0,0.0,0.0,0.0,0.0,0.0,0.0,0.0,0.0,13.65,0.0,1200.0,1200.0,0.0,1.0,1.0,0.0,0.0,0.0,0
2022-10-03,trade,T03,False,BUY_JNPT_01,SUP_JEA_01,0.0,31064349.11,34049620.07,0.0,0.0,0.0,0.0,0.0,0.0,,0,0.0,0.0,0.0,0.0,0.0,,0.0,0.0,0.0,0.0,0.0,0,0.0,0.0,0.0,0.0,0.0,0.0,0.0,0.0,0.0,9.33,0.0,1200.0,1200.0,0.0,1.0,1.0,0.0,0.0,0.0,0
2022-10-03,trade,T04,False,BUY_RJK_01,SUP_USEC_02,0.0,7919294.42,11351481.69,0.0,0.0,0.0,0.0,0.0,0.0,,0,0.0,0.0,0.0,0.0,0.0,,0.0,0.0,0.0,0.0,0.0,0,0.0,0.0,0.0,0.0,0.0,0.0,0.0,0.0,0.0,3.11,0.0,1260.0,1260.0,0.0,1.0,1.0,0.0,0.0,0.0,0
2022-10-03,trade,T05,False,BUY_MUN_01,SUP_USEC_01,0.0,53370803.08,55665701.91,0.0,0.0,0.0,0.0,0.0,0.0,,0,0.0,0.0,0.0,0.0,0.0,,0.0,0.0,0.0,0.0,0.0,0,0.0,0.0,0.0,0.0,0.0,0.0,0.0,0.0,0.0,15.25,0.0,2100.0,2100.0,0.0,1.0,1.0,0.0,0.0,0.0,0
2022-10-03,trade,T06,False,BUY_JNPT_01,SUP_JEA_01,0.0,12118905.26,16520751.21,0.0,0.0,0.0,0.0,0.0,0.0,,0,0.0,0.0,0.0,0.0,0.0,,0.0,0.0,0.0,0.0,0.0,0,0.0,0.0,0.0,0.0,0.0,0.0,0.0,0.0,0.0,4.53,0.0,1300.0,1300.0,0.0,1.0,1.0,0.0,0.0,0.0,0
2022-10-03,trade,T07,False,BUY_RJK_01,SUP_USEC_02,89642899.87,7443770.37,-75667524.71,0.0,0.0,0.0,0.0,0.0,0.0,,0,0.0,0.0,0.0,0.0,0.0,,0.0,0.0,0.0,0.0,0.0,0,0.0,0.0,0.0,0.0,0.0,0.0,0.0,0.0,0.0,-20.73,0.0,1890.0,1890.0,0.0,1.0,1.0,89642899.87,0.0,0.0,15
2022-10-03,trade,T08,False,BUY_MUN_01,SUP_USEC_02,0.0,2113202.67,8593668.57,0.0,0.0,0.0,0.0,0.0,0.0,,0,0.0,0.0,0.0,0.0,0.0,,0.0,0.0,0.0,0.0,0.0,0,0.0,0.0,0.0,0.0,0.0,0.0,0.0,0.0,0.0,2.35,0.0,1680.0,1680.0,0.0,1.0,1.0,0.0,0.0,0.0,0
2022-10-03,trade,T09,False,BUY_JNPT_01,SUP_JEA_01,-24375357.39,12460421.17,4303254.99,0.0,0.0,0.0,0.0,0.0,0.0,,0,0.0,-18444.61,-2213853.18,2195408.57,0.0,0.991669,0.0,0.0,0.0,0.0,0.0,0,0.0,0.0,0.0,0.0,0.0,0.0,0.0,-7.23,7.34,1.18,0.0,1200.0,1200.0,0.0,1.0,1.0,151875000.0,0.0,0.0,0
2022-10-04,book,BOOK,False,BOOK,BOOK,65272073.79,215879272.48,149715642.97,0.0,0.0,0.0,0.0,0.0,0.0,,0,0.0,-18443.42,-2213710.06,2195266.64,0.0,0.991669,0.0,0.0,0.0,0.0,0.0,0,0.0,0.0,0.0,0.0,0.0,0.0,0.0,-6.8,6.91,41.02,0.0,14350.0,14350.0,0.0,1.0,1.0,241517899.87,0.0,0.0,18
2022-10-04,trade,T01,False,"BUY_MUN_01,BUY_RJK_01",SUP_USEC_01,0.0,37814185.51,45062704.95,0.0,0.0,0.0,0.0,0.0,0.0,,0,0.0,0.0,0.0,0.0,0.0,,0.0,0.0,0.0,0.0,0.0,0,0.0,0.0,0.0,0.0,0.0,0.0,0.0,0.0,0.0,12.35,0.0,2520.0,2520.0,0.0,1.0,1.0,0.0,0.0,0.0,0
2022-10-04,trade,T02,False,BUY_JNPT_01,SUP_JEA_01,0.0,51589752.47,49835984.28,0.0,0.0,0.0,0.0,0.0,0.0,,0,0.0,0.0,0.0,0.0,0.0,,0.0,0.0,0.0,0.0,0.0,0,0.0,0.0,0.0,0.0,0.0,0.0,0.0,0.0,0.0,13.65,0.0,1200.0,1200.0,0.0,1.0,1.0,0.0,0.0,0.0,0
2022-10-04,trade,T03,False,BUY_JNPT_01,SUP_JEA_01,0.0,31064349.11,34049620.07,0.0,0.0,0.0,0.0,0.0,0.0,,0,0.0,0.0,0.0,0.0,0.0,,0.0,0.0,0.0,0.0,0.0,0,0.0,0.0,0.0,0.0,0.0,0.0,0.0,0.0,0.0,9.33,0.0,1200.0,1200.0,0.0,1.0,1.0,0.0,0.0,0.0,0
2022-10-04,trade,T04,False,BUY_RJK_01,SUP_USEC_02,0.0,7919294.42,11351481.69,0.0,0.0,0.0,0.0,0.0,0.0,,0,0.0,0.0,0.0,0.0,0.0,,0.0,0.0,0.0,0.0,0.0,0,0.0,0.0,0.0,0.0,0.0,0.0,0.0,0.0,0.0,3.11,0.0,1260.0,1260.0,0.0,1.0,1.0,0.0,0.0,0.0,0
2022-10-04,trade,T05,False,BUY_MUN_01,SUP_USEC_01,0.0,53370803.08,55665701.91,0.0,0.0,0.0,0.0,0.0,0.0,,0,0.0,0.0,0.0,0.0,0.0,,0.0,0.0,0.0,0.0,0.0,0,0.0,0.0,0.0,0.0,0.0,0.0,0.0,0.0,0.0,15.25,0.0,2100.0,2100.0,0.0,1.0,1.0,0.0,0.0,0.0,0
2022-10-04,trade,T06,False,BUY_JNPT_01,SUP_JEA_01,0.0,12118905.26,16520751.21,0.0,0.0,0.0,0.0,0.0,0.0,,0,0.0,0.0,0.0,0.0,0.0,,0.0,0.0,0.0,0.0,0.0,0,0.0,0.0,0.0,0.0,0.0,0.0,0.0,0.0,0.0,4.53,0.0,1300.0,1300.0,0.0,1.0,1.0,0.0,0.0,0.0,0
2022-10-04,trade,T07,False,BUY_RJK_01,SUP_USEC_02,89642899.87,7422624.92,-75667524.71,0.0,0.0,0.0,0.0,0.0,0.0,,0,0.0,0.0,0.0,0.0,0.0,,0.0,0.0,0.0,0.0,0.0,0,0.0,0.0,0.0,0.0,0.0,0.0,0.0,0.0,0.0,-20.73,0.0,1890.0,1890.0,0.0,1.0,1.0,89642899.87,0.0,0.0,18
2022-10-04,trade,T08,False,BUY_MUN_01,SUP_USEC_02,0.0,2113202.67,8593668.57,0.0,0.0,0.0,0.0,0.0,0.0,,0,0.0,0.0,0.0,0.0,0.0,,0.0,0.0,0.0,0.0,0.0,0,0.0,0.0,0.0,0.0,0.0,0.0,0.0,0.0,0.0,2.35,0.0,1680.0,1680.0,0.0,1.0,1.0,0.0,0.0,0.0,0
2022-10-04,trade,T09,False,BUY_JNPT_01,SUP_JEA_01,-24370826.08,12466155.03,4303254.99,0.0,0.0,0.0,0.0,0.0,0.0,,0,0.0,-18443.42,-2213710.06,2195266.64,0.0,0.991669,0.0,0.0,0.0,0.0,0.0,0,0.0,0.0,0.0,0.0,0.0,0.0,0.0,-6.8,6.91,1.18,0.0,1200.0,1200.0,0.0,1.0,1.0,151875000.0,0.0,0.0,0
2022-10-05,book,BOOK,False,BOOK,BOOK,65271944.57,215859200.38,149715642.97,0.0,0.0,0.0,0.0,0.0,0.0,,0,0.0,-18441.88,-2213525.78,2195083.9,0.0,0.991669,0.0,0.0,0.0,0.0,0.0,0,0.0,0.0,0.0,0.0,0.0,0.0,0.0,-6.39,6.49,41.02,0.0,14350.0,14350.0,0.0,1.0,1.0,241517899.87,0.0,0.0,19
2022-10-05,trade,T01,False,"BUY_MUN_01,BUY_RJK_01",SUP_USEC_01,0.0,37814185.51,45062704.95,0.0,0.0,0.0,0.0,0.0,0.0,,0,0.0,0.0,0.0,0.0,0.0,,0.0,0.0,0.0,0.0,0.0,0,0.0,0.0,0.0,0.0,0.0,0.0,0.0,0.0,0.0,12.35,0.0,2520.0,2520.0,0.0,1.0,1.0,0.0,0.0,0.0,0
2022-10-05,trade,T02,False,BUY_JNPT_01,SUP_JEA_01,0.0,51589752.47,49835984.28,0.0,0.0,0.0,0.0,0.0,0.0,,0,0.0,0.0,0.0,0.0,0.0,,0.0,0.0,0.0,0.0,0.0,0,0.0,0.0,0.0,0.0,0.0,0.0,0.0,0.0,0.0,13.65,0.0,1200.0,1200.0,0.0,1.0,1.0,0.0,0.0,0.0,0
2022-10-05,trade,T03,False,BUY_JNPT_01,SUP_JEA_01,0.0,31064349.11,34049620.07,0.0,0.0,0.0,0.0,0.0,0.0,,0,0.0,0.0,0.0,0.0,0.0,,0.0,0.0,0.0,0.0,0.0,0,0.0,0.0,0.0,0.0,0.0,0.0,0.0,0.0,0.0,9.33,0.0,1200.0,1200.0,0.0,1.0,1.0,0.0,0.0,0.0,0
2022-10-05,trade,T04,False,BUY_RJK_01,SUP_USEC_02,0.0,7919294.42,11351481.69,0.0,0.0,0.0,0.0,0.0,0.0,,0,0.0,0.0,0.0,0.0,0.0,,0.0,0.0,0.0,0.0,0.0,0,0.0,0.0,0.0,0.0,0.0,0.0,0.0,0.0,0.0,3.11,0.0,1260.0,1260.0,0.0,1.0,1.0,0.0,0.0,0.0,0
2022-10-05,trade,T05,False,BUY_MUN_01,SUP_USEC_01,0.0,53370803.08,55665701.91,0.0,0.0,0.0,0.0,0.0,0.0,,0,0.0,0.0,0.0,0.0,0.0,,0.0,0.0,0.0,0.0,0.0,0,0.0,0.0,0.0,0.0,0.0,0.0,0.0,0.0,0.0,15.25,0.0,2100.0,2100.0,0.0,1.0,1.0,0.0,0.0,0.0,0
2022-10-05,trade,T06,False,BUY_JNPT_01,SUP_JEA_01,0.0,12118905.26,16520751.21,0.0,0.0,0.0,0.0,0.0,0.0,,0,0.0,0.0,0.0,0.0,0.0,,0.0,0.0,0.0,0.0,0.0,0,0.0,0.0,0.0,0.0,0.0,0.0,0.0,0.0,0.0,4.53,0.0,1300.0,1300.0,0.0,1.0,1.0,0.0,0.0,0.0,0
2022-10-05,trade,T07,False,BUY_RJK_01,SUP_USEC_02,89642899.87,7401479.48,-75667524.71,0.0,0.0,0.0,0.0,0.0,0.0,,0,0.0,0.0,0.0,0.0,0.0,,0.0,0.0,0.0,0.0,0.0,0,0.0,0.0,0.0,0.0,0.0,0.0,0.0,0.0,0.0,-20.73,0.0,1890.0,1890.0,0.0,1.0,1.0,89642899.87,0.0,0.0,19
2022-10-05,trade,T08,False,BUY_MUN_01,SUP_USEC_02,0.0,2113202.67,8593668.57,0.0,0.0,0.0,0.0,0.0,0.0,,0,0.0,0.0,0.0,0.0,0.0,,0.0,0.0,0.0,0.0,0.0,0,0.0,0.0,0.0,0.0,0.0,0.0,0.0,0.0,0.0,2.35,0.0,1680.0,1680.0,0.0,1.0,1.0,0.0,0.0,0.0,0
2022-10-05,trade,T09,False,BUY_JNPT_01,SUP_JEA_01,-24370955.29,12467228.37,4303254.99,0.0,0.0,0.0,0.0,0.0,0.0,,0,0.0,-18441.88,-2213525.78,2195083.9,0.0,0.991669,0.0,0.0,0.0,0.0,0.0,0,0.0,0.0,0.0,0.0,0.0,0.0,0.0,-6.39,6.49,1.18,0.0,1200.0,1200.0,0.0,1.0,1.0,151875000.0,0.0,0.0,0
2022-10-06,book,BOOK,False,BOOK,BOOK,65260810.32,215828123.23,149715642.97,0.0,0.0,0.0,0.0,0.0,0.0,,0,0.0,-18440.5,-2213360.12,2194919.61,0.0,0.991669,0.0,0.0,0.0,0.0,0.0,0,0.0,0.0,0.0,0.0,0.0,0.0,0.0,-6.03,6.12,41.02,0.0,14350.0,14350.0,0.0,1.0,1.0,241517899.87,0.0,0.0,20
2022-10-06,trade,T01,False,"BUY_MUN_01,BUY_RJK_01",SUP_USEC_01,0.0,37814185.51,45062704.95,0.0,0.0,0.0,0.0,0.0,0.0,,0,0.0,0.0,0.0,0.0,0.0,,0.0,0.0,0.0,0.0,0.0,0,0.0,0.0,0.0,0.0,0.0,0.0,0.0,0.0,0.0,12.35,0.0,2520.0,2520.0,0.0,1.0,1.0,0.0,0.0,0.0,0
2022-10-06,trade,T02,False,BUY_JNPT_01,SUP_JEA_01,0.0,51589752.47,49835984.28,0.0,0.0,0.0,0.0,0.0,0.0,,0,0.0,0.0,0.0,0.0,0.0,,0.0,0.0,0.0,0.0,0.0,0,0.0,0.0,0.0,0.0,0.0,0.0,0.0,0.0,0.0,13.65,0.0,1200.0,1200.0,0.0,1.0,1.0,0.0,0.0,0.0,0
2022-10-06,trade,T03,False,BUY_JNPT_01,SUP_JEA_01,0.0,31064349.11,34049620.07,0.0,0.0,0.0,0.0,0.0,0.0,,0,0.0,0.0,0.0,0.0,0.0,,0.0,0.0,0.0,0.0,0.0,0,0.0,0.0,0.0,0.0,0.0,0.0,0.0,0.0,0.0,9.33,0.0,1200.0,1200.0,0.0,1.0,1.0,0.0,0.0,0.0,0
2022-10-06,trade,T04,False,BUY_RJK_01,SUP_USEC_02,0.0,7919294.42,11351481.69,0.0,0.0,0.0,0.0,0.0,0.0,,0,0.0,0.0,0.0,0.0,0.0,,0.0,0.0,0.0,0.0,0.0,0,0.0,0.0,0.0,0.0,0.0,0.0,0.0,0.0,0.0,3.11,0.0,1260.0,1260.0,0.0,1.0,1.0,0.0,0.0,0.0,0
2022-10-06,trade,T05,False,BUY_MUN_01,SUP_USEC_01,0.0,53370803.08,55665701.91,0.0,0.0,0.0,0.0,0.0,0.0,,0,0.0,0.0,0.0,0.0,0.0,,0.0,0.0,0.0,0.0,0.0,0,0.0,0.0,0.0,0.0,0.0,0.0,0.0,0.0,0.0,15.25,0.0,2100.0,2100.0,0.0,1.0,1.0,0.0,0.0,0.0,0
2022-10-06,trade,T06,False,BUY_JNPT_01,SUP_JEA_01,0.0,12118905.26,16520751.21,0.0,0.0,0.0,0.0,0.0,0.0,,0,0.0,0.0,0.0,0.0,0.0,,0.0,0.0,0.0,0.0,0.0,0,0.0,0.0,0.0,0.0,0.0,0.0,0.0,0.0,0.0,4.53,0.0,1300.0,1300.0,0.0,1.0,1.0,0.0,0.0,0.0,0
2022-10-06,trade,T07,False,BUY_RJK_01,SUP_USEC_02,89642899.87,7380334.03,-75667524.71,0.0,0.0,0.0,0.0,0.0,0.0,,0,0.0,0.0,0.0,0.0,0.0,,0.0,0.0,0.0,0.0,0.0,0,0.0,0.0,0.0,0.0,0.0,0.0,0.0,0.0,0.0,-20.73,0.0,1890.0,1890.0,0.0,1.0,1.0,89642899.87,0.0,0.0,20
2022-10-06,trade,T08,False,BUY_MUN_01,SUP_USEC_02,0.0,2113202.67,8593668.57,0.0,0.0,0.0,0.0,0.0,0.0,,0,0.0,0.0,0.0,0.0,0.0,,0.0,0.0,0.0,0.0,0.0,0,0.0,0.0,0.0,0.0,0.0,0.0,0.0,0.0,0.0,2.35,0.0,1680.0,1680.0,0.0,1.0,1.0,0.0,0.0,0.0,0
2022-10-06,trade,T09,False,BUY_JNPT_01,SUP_JEA_01,-24382089.55,12457296.67,4303254.99,0.0,0.0,0.0,0.0,0.0,0.0,,0,0.0,-18440.5,-2213360.12,2194919.61,0.0,0.991669,0.0,0.0,0.0,0.0,0.0,0,0.0,0.0,0.0,0.0,0.0,0.0,0.0,-6.03,6.12,1.18,0.0,1200.0,1200.0,0.0,1.0,1.0,151875000.0,0.0,0.0,0
2022-10-07,book,BOOK,False,BOOK,BOOK,65260878.46,215808248.48,166054342.08,0.0,0.0,0.0,0.0,0.0,0.0,,0,0.0,-18439.11,-2213193.3,2194754.19,0.0,0.991669,0.0,0.0,0.0,0.0,0.0,0,0.0,0.0,0.0,0.0,0.0,0.0,0.0,-5.61,5.7,45.49,0.0,14350.0,14350.0,0.0,1.0,1.0,241517899.87,0.0,0.0,21
2022-10-07,trade,T01,False,"BUY_MUN_01,BUY_RJK_01",SUP_USEC_01,0.0,37814185.51,45062704.95,0.0,0.0,0.0,0.0,0.0,0.0,,0,0.0,0.0,0.0,0.0,0.0,,0.0,0.0,0.0,0.0,0.0,0,0.0,0.0,0.0,0.0,0.0,0.0,0.0,0.0,0.0,12.35,0.0,2520.0,2520.0,0.0,1.0,1.0,0.0,0.0,0.0,0
2022-10-07,trade,T02,False,BUY_JNPT_01,SUP_JEA_01,0.0,51589752.47,49835984.28,0.0,0.0,0.0,0.0,0.0,0.0,,0,0.0,0.0,0.0,0.0,0.0,,0.0,0.0,0.0,0.0,0.0,0,0.0,0.0,0.0,0.0,0.0,0.0,0.0,0.0,0.0,13.65,0.0,1200.0,1200.0,0.0,1.0,1.0,0.0,0.0,0.0,0
2022-10-07,trade,T03,False,BUY_JNPT_01,SUP_JEA_01,0.0,31064349.11,34049620.07,0.0,0.0,0.0,0.0,0.0,0.0,,0,0.0,0.0,0.0,0.0,0.0,,0.0,0.0,0.0,0.0,0.0,0,0.0,0.0,0.0,0.0,0.0,0.0,0.0,0.0,0.0,9.33,0.0,1200.0,1200.0,0.0,1.0,1.0,0.0,0.0,0.0,0
2022-10-07,trade,T04,False,BUY_RJK_01,SUP_USEC_02,0.0,7919294.42,11351481.69,0.0,0.0,0.0,0.0,0.0,0.0,,0,0.0,0.0,0.0,0.0,0.0,,0.0,0.0,0.0,0.0,0.0,0,0.0,0.0,0.0,0.0,0.0,0.0,0.0,0.0,0.0,3.11,0.0,1260.0,1260.0,0.0,1.0,1.0,0.0,0.0,0.0,0
2022-10-07,trade,T05,False,BUY_MUN_01,SUP_USEC_01,0.0,53370803.08,55665701.91,0.0,0.0,0.0,0.0,0.0,0.0,,0,0.0,0.0,0.0,0.0,0.0,,0.0,0.0,0.0,0.0,0.0,0,0.0,0.0,0.0,0.0,0.0,0.0,0.0,0.0,0.0,15.25,0.0,2100.0,2100.0,0.0,1.0,1.0,0.0,0.0,0.0,0
2022-10-07,trade,T06,False,BUY_JNPT_01,SUP_JEA_01,0.0,12118905.26,16520751.21,0.0,0.0,0.0,0.0,0.0,0.0,,0,0.0,0.0,0.0,0.0,0.0,,0.0,0.0,0.0,0.0,0.0,0,0.0,0.0,0.0,0.0,0.0,0.0,0.0,0.0,0.0,4.53,0.0,1300.0,1300.0,0.0,1.0,1.0,0.0,0.0,0.0,0
2022-10-07,trade,T07,False,BUY_RJK_01,SUP_USEC_02,89642899.87,7359188.59,-75667524.71,0.0,0.0,0.0,0.0,0.0,0.0,,0,0.0,0.0,0.0,0.0,0.0,,0.0,0.0,0.0,0.0,0.0,0,0.0,0.0,0.0,0.0,0.0,0.0,0.0,0.0,0.0,-20.73,0.0,1890.0,1890.0,0.0,1.0,1.0,89642899.87,0.0,0.0,21
2022-10-07,trade,T08,False,BUY_MUN_01,SUP_USEC_02,0.0,2113202.67,8593668.57,0.0,0.0,0.0,0.0,0.0,0.0,,0,0.0,0.0,0.0,0.0,0.0,,0.0,0.0,0.0,0.0,0.0,0,0.0,0.0,0.0,0.0,0.0,0.0,0.0,0.0,0.0,2.35,0.0,1680.0,1680.0,0.0,1.0,1.0,0.0,0.0,0.0,0
2022-10-07,trade,T09,False,BUY_JNPT_01,SUP_JEA_01,-24382021.41,12458567.36,20641954.11,0.0,0.0,0.0,0.0,0.0,0.0,,0,0.0,-18439.11,-2213193.3,2194754.19,0.0,0.991669,0.0,0.0,0.0,0.0,0.0,0,0.0,0.0,0.0,0.0,0.0,0.0,0.0,-5.61,5.7,5.66,0.0,1200.0,1200.0,0.0,1.0,1.0,151875000.0,0.0,0.0,0
2022-10-10,book,BOOK,False,BOOK,BOOK,-86618396.85,215757842.15,317929342.08,0.0,0.0,0.0,0.0,0.0,0.0,,0,0.0,-18434.72,-2212666.22,2194231.5,0.0,0.991669,0.0,0.0,0.0,0.0,0.0,0,0.0,0.0,0.0,0.0,0.0,0.0,0.0,-4.38,4.45,87.1,0.0,14350.0,14350.0,0.0,1.0,1.0,89642899.87,0.0,0.0,22
2022-10-10,trade,T01,False,"BUY_MUN_01,BUY_RJK_01",SUP_USEC_01,0.0,37814185.51,45062704.95,0.0,0.0,0.0,0.0,0.0,0.0,,0,0.0,0.0,0.0,0.0,0.0,,0.0,0.0,0.0,0.0,0.0,0,0.0,0.0,0.0,0.0,0.0,0.0,0.0,0.0,0.0,12.35,0.0,2520.0,2520.0,0.0,1.0,1.0,0.0,0.0,0.0,0
2022-10-10,trade,T02,False,BUY_JNPT_01,SUP_JEA_01,0.0,51589752.47,49835984.28,0.0,0.0,0.0,0.0,0.0,0.0,,0,0.0,0.0,0.0,0.0,0.0,,0.0,0.0,0.0,0.0,0.0,0,0.0,0.0,0.0,0.0,0.0,0.0,0.0,0.0,0.0,13.65,0.0,1200.0,1200.0,0.0,1.0,1.0,0.0,0.0,0.0,0
2022-10-10,trade,T03,False,BUY_JNPT_01,SUP_JEA_01,0.0,31064349.11,34049620.07,0.0,0.0,0.0,0.0,0.0,0.0,,0,0.0,0.0,0.0,0.0,0.0,,0.0,0.0,0.0,0.0,0.0,0,0.0,0.0,0.0,0.0,0.0,0.0,0.0,0.0,0.0,9.33,0.0,1200.0,1200.0,0.0,1.0,1.0,0.0,0.0,0.0,0
2022-10-10,trade,T04,False,BUY_RJK_01,SUP_USEC_02,0.0,7919294.42,11351481.69,0.0,0.0,0.0,0.0,0.0,0.0,,0,0.0,0.0,0.0,0.0,0.0,,0.0,0.0,0.0,0.0,0.0,0,0.0,0.0,0.0,0.0,0.0,0.0,0.0,0.0,0.0,3.11,0.0,1260.0,1260.0,0.0,1.0,1.0,0.0,0.0,0.0,0
2022-10-10,trade,T05,False,BUY_MUN_01,SUP_USEC_01,0.0,53370803.08,55665701.91,0.0,0.0,0.0,0.0,0.0,0.0,,0,0.0,0.0,0.0,0.0,0.0,,0.0,0.0,0.0,0.0,0.0,0,0.0,0.0,0.0,0.0,0.0,0.0,0.0,0.0,0.0,15.25,0.0,2100.0,2100.0,0.0,1.0,1.0,0.0,0.0,0.0,0
2022-10-10,trade,T06,False,BUY_JNPT_01,SUP_JEA_01,0.0,12118905.26,16520751.21,0.0,0.0,0.0,0.0,0.0,0.0,,0,0.0,0.0,0.0,0.0,0.0,,0.0,0.0,0.0,0.0,0.0,0,0.0,0.0,0.0,0.0,0.0,0.0,0.0,0.0,0.0,4.53,0.0,1300.0,1300.0,0.0,1.0,1.0,0.0,0.0,0.0,0
2022-10-10,trade,T07,False,BUY_RJK_01,SUP_USEC_02,89642899.87,7295752.25,-75667524.71,0.0,0.0,0.0,0.0,0.0,0.0,,0,0.0,0.0,0.0,0.0,0.0,,0.0,0.0,0.0,0.0,0.0,0,0.0,0.0,0.0,0.0,0.0,0.0,0.0,0.0,0.0,-20.73,0.0,1890.0,1890.0,0.0,1.0,1.0,89642899.87,0.0,0.0,22
2022-10-10,trade,T08,False,BUY_MUN_01,SUP_USEC_02,0.0,2113202.67,8593668.57,0.0,0.0,0.0,0.0,0.0,0.0,,0,0.0,0.0,0.0,0.0,0.0,,0.0,0.0,0.0,0.0,0.0,0,0.0,0.0,0.0,0.0,0.0,0.0,0.0,0.0,0.0,2.35,0.0,1680.0,1680.0,0.0,1.0,1.0,0.0,0.0,0.0,0
2022-10-10,trade,T09,False,BUY_JNPT_01,SUP_JEA_01,-176261296.71,12471597.37,172516954.11,0.0,0.0,0.0,0.0,0.0,0.0,,0,0.0,-18434.72,-2212666.22,2194231.5,0.0,0.991669,0.0,0.0,0.0,0.0,0.0,0,0.0,0.0,0.0,0.0,0.0,0.0,0.0,-4.38,4.45,47.26,0.0,1200.0,1200.0,0.0,1.0,1.0,0.0,0.0,0.0,0
2022-10-11,book,BOOK,False,BOOK,BOOK,-176256788.07,215789415.56,407572241.95,0.0,0.0,0.0,0.0,0.0,0.0,,0,0.0,-18432.15,-2212358.17,2193926.02,0.0,0.991669,0.0,0.0,0.0,0.0,0.0,0,0.0,0.0,0.0,0.0,0.0,0.0,0.0,-3.96,4.02,111.66,0.0,14350.0,14350.0,0.0,1.0,1.0,0.0,0.0,0.0,25
2022-10-11,trade,T01,False,"BUY_MUN_01,BUY_RJK_01",SUP_USEC_01,0.0,37814185.51,45062704.95,0.0,0.0,0.0,0.0,0.0,0.0,,0,0.0,0.0,0.0,0.0,0.0,,0.0,0.0,0.0,0.0,0.0,0,0.0,0.0,0.0,0.0,0.0,0.0,0.0,0.0,0.0,12.35,0.0,2520.0,2520.0,0.0,1.0,1.0,0.0,0.0,0.0,0
2022-10-11,trade,T02,False,BUY_JNPT_01,SUP_JEA_01,0.0,51589752.47,49835984.28,0.0,0.0,0.0,0.0,0.0,0.0,,0,0.0,0.0,0.0,0.0,0.0,,0.0,0.0,0.0,0.0,0.0,0,0.0,0.0,0.0,0.0,0.0,0.0,0.0,0.0,0.0,13.65,0.0,1200.0,1200.0,0.0,1.0,1.0,0.0,0.0,0.0,0
2022-10-11,trade,T03,False,BUY_JNPT_01,SUP_JEA_01,0.0,31064349.11,34049620.07,0.0,0.0,0.0,0.0,0.0,0.0,,0,0.0,0.0,0.0,0.0,0.0,,0.0,0.0,0.0,0.0,0.0,0,0.0,0.0,0.0,0.0,0.0,0.0,0.0,0.0,0.0,9.33,0.0,1200.0,1200.0,0.0,1.0,1.0,0.0,0.0,0.0,0
2022-10-11,trade,T04,False,BUY_RJK_01,SUP_USEC_02,0.0,7919294.42,11351481.69,0.0,0.0,0.0,0.0,0.0,0.0,,0,0.0,0.0,0.0,0.0,0.0,,0.0,0.0,0.0,0.0,0.0,0,0.0,0.0,0.0,0.0,0.0,0.0,0.0,0.0,0.0,3.11,0.0,1260.0,1260.0,0.0,1.0,1.0,0.0,0.0,0.0,0
2022-10-11,trade,T05,False,BUY_MUN_01,SUP_USEC_01,0.0,53370803.08,55665701.91,0.0,0.0,0.0,0.0,0.0,0.0,,0,0.0,0.0,0.0,0.0,0.0,,0.0,0.0,0.0,0.0,0.0,0,0.0,0.0,0.0,0.0,0.0,0.0,0.0,0.0,0.0,15.25,0.0,2100.0,2100.0,0.0,1.0,1.0,0.0,0.0,0.0,0
2022-10-11,trade,T06,False,BUY_JNPT_01,SUP_JEA_01,0.0,12118905.26,16520751.21,0.0,0.0,0.0,0.0,0.0,0.0,,0,0.0,0.0,0.0,0.0,0.0,,0.0,0.0,0.0,0.0,0.0,0,0.0,0.0,0.0,0.0,0.0,0.0,0.0,0.0,0.0,4.53,0.0,1300.0,1300.0,0.0,1.0,1.0,0.0,0.0,0.0,0
2022-10-11,trade,T07,False,BUY_RJK_01,SUP_USEC_02,0.0,7274606.81,13975375.16,0.0,0.0,0.0,0.0,0.0,0.0,,0,0.0,0.0,0.0,0.0,0.0,,0.0,0.0,0.0,0.0,0.0,0,0.0,0.0,0.0,0.0,0.0,0.0,0.0,0.0,0.0,3.83,0.0,1890.0,1890.0,0.0,1.0,1.0,0.0,0.0,0.0,25
2022-10-11,trade,T08,False,BUY_MUN_01,SUP_USEC_02,0.0,2113202.67,8593668.57,0.0,0.0,0.0,0.0,0.0,0.0,,0,0.0,0.0,0.0,0.0,0.0,,0.0,0.0,0.0,0.0,0.0,0,0.0,0.0,0.0,0.0,0.0,0.0,0.0,0.0,0.0,2.35,0.0,1680.0,1680.0,0.0,1.0,1.0,0.0,0.0,0.0,0
2022-10-11,trade,T09,False,BUY_JNPT_01,SUP_JEA_01,-176256788.07,12524316.22,172516954.11,0.0,0.0,0.0,0.0,0.0,0.0,,0,0.0,-18432.15,-2212358.17,2193926.02,0.0,0.991669,0.0,0.0,0.0,0.0,0.0,0,0.0,0.0,0.0,0.0,0.0,0.0,0.0,-3.96,4.02,47.26,0.0,1200.0,1200.0,0.0,1.0,1.0,0.0,0.0,0.0,0
2022-10-12,book,BOOK,False,BOOK,BOOK,-176258181.53,215836232.32,407572241.95,0.0,0.0,0.0,0.0,0.0,0.0,,0,0.0,-18430.67,-2212180.85,2193750.18,0.0,0.991669,0.0,0.0,0.0,0.0,0.0,0,0.0,0.0,0.0,0.0,0.0,0.0,0.0,-3.55,3.6,111.66,0.0,14350.0,14350.0,0.0,1.0,1.0,0.0,0.0,0.0,0
2022-10-12,trade,T01,False,"BUY_MUN_01,BUY_RJK_01",SUP_USEC_01,0.0,37814185.51,45062704.95,0.0,0.0,0.0,0.0,0.0,0.0,,0,0.0,0.0,0.0,0.0,0.0,,0.0,0.0,0.0,0.0,0.0,0,0.0,0.0,0.0,0.0,0.0,0.0,0.0,0.0,0.0,12.35,0.0,2520.0,2520.0,0.0,1.0,1.0,0.0,0.0,0.0,0
2022-10-12,trade,T02,False,BUY_JNPT_01,SUP_JEA_01,0.0,51589752.47,49835984.28,0.0,0.0,0.0,0.0,0.0,0.0,,0,0.0,0.0,0.0,0.0,0.0,,0.0,0.0,0.0,0.0,0.0,0,0.0,0.0,0.0,0.0,0.0,0.0,0.0,0.0,0.0,13.65,0.0,1200.0,1200.0,0.0,1.0,1.0,0.0,0.0,0.0,0
2022-10-12,trade,T03,False,BUY_JNPT_01,SUP_JEA_01,0.0,31064349.11,34049620.07,0.0,0.0,0.0,0.0,0.0,0.0,,0,0.0,0.0,0.0,0.0,0.0,,0.0,0.0,0.0,0.0,0.0,0,0.0,0.0,0.0,0.0,0.0,0.0,0.0,0.0,0.0,9.33,0.0,1200.0,1200.0,0.0,1.0,1.0,0.0,0.0,0.0,0
2022-10-12,trade,T04,False,BUY_RJK_01,SUP_USEC_02,0.0,7919294.42,11351481.69,0.0,0.0,0.0,0.0,0.0,0.0,,0,0.0,0.0,0.0,0.0,0.0,,0.0,0.0,0.0,0.0,0.0,0,0.0,0.0,0.0,0.0,0.0,0.0,0.0,0.0,0.0,3.11,0.0,1260.0,1260.0,0.0,1.0,1.0,0.0,0.0,0.0,0
2022-10-12,trade,T05,False,BUY_MUN_01,SUP_USEC_01,0.0,53370803.08,55665701.91,0.0,0.0,0.0,0.0,0.0,0.0,,0,0.0,0.0,0.0,0.0,0.0,,0.0,0.0,0.0,0.0,0.0,0,0.0,0.0,0.0,0.0,0.0,0.0,0.0,0.0,0.0,15.25,0.0,2100.0,2100.0,0.0,1.0,1.0,0.0,0.0,0.0,0
2022-10-12,trade,T06,False,BUY_JNPT_01,SUP_JEA_01,0.0,12118905.26,16520751.21,0.0,0.0,0.0,0.0,0.0,0.0,,0,0.0,0.0,0.0,0.0,0.0,,0.0,0.0,0.0,0.0,0.0,0,0.0,0.0,0.0,0.0,0.0,0.0,0.0,0.0,0.0,4.53,0.0,1300.0,1300.0,0.0,1.0,1.0,0.0,0.0,0.0,0
2022-10-12,trade,T07,False,BUY_RJK_01,SUP_USEC_02,0.0,7274606.81,13975375.16,0.0,0.0,0.0,0.0,0.0,0.0,,0,0.0,0.0,0.0,0.0,0.0,,0.0,0.0,0.0,0.0,0.0,0,0.0,0.0,0.0,0.0,0.0,0.0,0.0,0.0,0.0,3.83,0.0,1890.0,1890.0,0.0,1.0,1.0,0.0,0.0,0.0,0
2022-10-12,trade,T08,False,BUY_MUN_01,SUP_USEC_02,0.0,2113202.67,8593668.57,0.0,0.0,0.0,0.0,0.0,0.0,,0,0.0,0.0,0.0,0.0,0.0,,0.0,0.0,0.0,0.0,0.0,0,0.0,0.0,0.0,0.0,0.0,0.0,0.0,0.0,0.0,2.35,0.0,1680.0,1680.0,0.0,1.0,1.0,0.0,0.0,0.0,0
2022-10-12,trade,T09,False,BUY_JNPT_01,SUP_JEA_01,-176258181.53,12571132.98,172516954.11,0.0,0.0,0.0,0.0,0.0,0.0,,0,0.0,-18430.67,-2212180.85,2193750.18,0.0,0.991669,0.0,0.0,0.0,0.0,0.0,0,0.0,0.0,0.0,0.0,0.0,0.0,0.0,-3.55,3.6,47.26,0.0,1200.0,1200.0,0.0,1.0,1.0,0.0,0.0,0.0,0
2022-10-13,book,BOOK,False,BOOK,BOOK,-176254847.39,215887776.68,407572241.95,0.0,0.0,0.0,0.0,0.0,0.0,,0,0.0,-18429.03,-2211984.44,2193555.4,0.0,0.991669,0.0,0.0,0.0,0.0,0.0,0,0.0,0.0,0.0,0.0,0.0,0.0,0.0,-3.13,3.17,111.66,0.0,14350.0,14350.0,0.0,1.0,1.0,0.0,0.0,0.0,0
2022-10-13,trade,T01,False,"BUY_MUN_01,BUY_RJK_01",SUP_USEC_01,0.0,37814185.51,45062704.95,0.0,0.0,0.0,0.0,0.0,0.0,,0,0.0,0.0,0.0,0.0,0.0,,0.0,0.0,0.0,0.0,0.0,0,0.0,0.0,0.0,0.0,0.0,0.0,0.0,0.0,0.0,12.35,0.0,2520.0,2520.0,0.0,1.0,1.0,0.0,0.0,0.0,0
2022-10-13,trade,T02,False,BUY_JNPT_01,SUP_JEA_01,0.0,51589752.47,49835984.28,0.0,0.0,0.0,0.0,0.0,0.0,,0,0.0,0.0,0.0,0.0,0.0,,0.0,0.0,0.0,0.0,0.0,0,0.0,0.0,0.0,0.0,0.0,0.0,0.0,0.0,0.0,13.65,0.0,1200.0,1200.0,0.0,1.0,1.0,0.0,0.0,0.0,0
2022-10-13,trade,T03,False,BUY_JNPT_01,SUP_JEA_01,0.0,31064349.11,34049620.07,0.0,0.0,0.0,0.0,0.0,0.0,,0,0.0,0.0,0.0,0.0,0.0,,0.0,0.0,0.0,0.0,0.0,0,0.0,0.0,0.0,0.0,0.0,0.0,0.0,0.0,0.0,9.33,0.0,1200.0,1200.0,0.0,1.0,1.0,0.0,0.0,0.0,0
2022-10-13,trade,T04,False,BUY_RJK_01,SUP_USEC_02,0.0,7919294.42,11351481.69,0.0,0.0,0.0,0.0,0.0,0.0,,0,0.0,0.0,0.0,0.0,0.0,,0.0,0.0,0.0,0.0,0.0,0,0.0,0.0,0.0,0.0,0.0,0.0,0.0,0.0,0.0,3.11,0.0,1260.0,1260.0,0.0,1.0,1.0,0.0,0.0,0.0,0
2022-10-13,trade,T05,False,BUY_MUN_01,SUP_USEC_01,0.0,53370803.08,55665701.91,0.0,0.0,0.0,0.0,0.0,0.0,,0,0.0,0.0,0.0,0.0,0.0,,0.0,0.0,0.0,0.0,0.0,0,0.0,0.0,0.0,0.0,0.0,0.0,0.0,0.0,0.0,15.25,0.0,2100.0,2100.0,0.0,1.0,1.0,0.0,0.0,0.0,0
2022-10-13,trade,T06,False,BUY_JNPT_01,SUP_JEA_01,0.0,12118905.26,16520751.21,0.0,0.0,0.0,0.0,0.0,0.0,,0,0.0,0.0,0.0,0.0,0.0,,0.0,0.0,0.0,0.0,0.0,0,0.0,0.0,0.0,0.0,0.0,0.0,0.0,0.0,0.0,4.53,0.0,1300.0,1300.0,0.0,1.0,1.0,0.0,0.0,0.0,0
2022-10-13,trade,T07,False,BUY_RJK_01,SUP_USEC_02,0.0,7274606.81,13975375.16,0.0,0.0,0.0,0.0,0.0,0.0,,0,0.0,0.0,0.0,0.0,0.0,,0.0,0.0,0.0,0.0,0.0,0,0.0,0.0,0.0,0.0,0.0,0.0,0.0,0.0,0.0,3.83,0.0,1890.0,1890.0,0.0,1.0,1.0,0.0,0.0,0.0,0
2022-10-13,trade,T08,False,BUY_MUN_01,SUP_USEC_02,0.0,2113202.67,8593668.57,0.0,0.0,0.0,0.0,0.0,0.0,,0,0.0,0.0,0.0,0.0,0.0,,0.0,0.0,0.0,0.0,0.0,0,0.0,0.0,0.0,0.0,0.0,0.0,0.0,0.0,0.0,2.35,0.0,1680.0,1680.0,0.0,1.0,1.0,0.0,0.0,0.0,0
2022-10-13,trade,T09,False,BUY_JNPT_01,SUP_JEA_01,-176254847.39,12622677.34,172516954.11,0.0,0.0,0.0,0.0,0.0,0.0,,0,0.0,-18429.03,-2211984.44,2193555.4,0.0,0.991669,0.0,0.0,0.0,0.0,0.0,0,0.0,0.0,0.0,0.0,0.0,0.0,0.0,-3.13,3.17,47.26,0.0,1200.0,1200.0,0.0,1.0,1.0,0.0,0.0,0.0,0
2022-10-14,book,BOOK,False,BOOK,BOOK,-176257622.35,215933211.94,423910941.07,0.0,0.0,0.0,0.0,0.0,0.0,,0,0.0,-18427.71,-2211825.22,2193397.51,0.0,0.991669,0.0,0.0,0.0,0.0,0.0,0,0.0,0.0,0.0,0.0,0.0,0.0,0.0,-2.72,2.76,116.14,0.0,14350.0,14350.0,0.0,1.0,1.0,0.0,0.0,0.0,0
2022-10-14,trade,T01,False,"BUY_MUN_01,BUY_RJK_01",SUP_USEC_01,0.0,37814185.51,45062704.95,0.0,0.0,0.0,0.0,0.0,0.0,,0,0.0,0.0,0.0,0.0,0.0,,0.0,0.0,0.0,0.0,0.0,0,0.0,0.0,0.0,0.0,0.0,0.0,0.0,0.0,0.0,12.35,0.0,2520.0,2520.0,0.0,1.0,1.0,0.0,0.0,0.0,0
2022-10-14,trade,T02,False,BUY_JNPT_01,SUP_JEA_01,0.0,51589752.47,49835984.28,0.0,0.0,0.0,0.0,0.0,0.0,,0,0.0,0.0,0.0,0.0,0.0,,0.0,0.0,0.0,0.0,0.0,0,0.0,0.0,0.0,0.0,0.0,0.0,0.0,0.0,0.0,13.65,0.0,1200.0,1200.0,0.0,1.0,1.0,0.0,0.0,0.0,0
2022-10-14,trade,T03,False,BUY_JNPT_01,SUP_JEA_01,0.0,31064349.11,34049620.07,0.0,0.0,0.0,0.0,0.0,0.0,,0,0.0,0.0,0.0,0.0,0.0,,0.0,0.0,0.0,0.0,0.0,0,0.0,0.0,0.0,0.0,0.0,0.0,0.0,0.0,0.0,9.33,0.0,1200.0,1200.0,0.0,1.0,1.0,0.0,0.0,0.0,0
2022-10-14,trade,T04,False,BUY_RJK_01,SUP_USEC_02,0.0,7919294.42,11351481.69,0.0,0.0,0.0,0.0,0.0,0.0,,0,0.0,0.0,0.0,0.0,0.0,,0.0,0.0,0.0,0.0,0.0,0,0.0,0.0,0.0,0.0,0.0,0.0,0.0,0.0,0.0,3.11,0.0,1260.0,1260.0,0.0,1.0,1.0,0.0,0.0,0.0,0
2022-10-14,trade,T05,False,BUY_MUN_01,SUP_USEC_01,0.0,53370803.08,55665701.91,0.0,0.0,0.0,0.0,0.0,0.0,,0,0.0,0.0,0.0,0.0,0.0,,0.0,0.0,0.0,0.0,0.0,0,0.0,0.0,0.0,0.0,0.0,0.0,0.0,0.0,0.0,15.25,0.0,2100.0,2100.0,0.0,1.0,1.0,0.0,0.0,0.0,0
2022-10-14,trade,T06,False,BUY_JNPT_01,SUP_JEA_01,0.0,12118905.26,16520751.21,0.0,0.0,0.0,0.0,0.0,0.0,,0,0.0,0.0,0.0,0.0,0.0,,0.0,0.0,0.0,0.0,0.0,0,0.0,0.0,0.0,0.0,0.0,0.0,0.0,0.0,0.0,4.53,0.0,1300.0,1300.0,0.0,1.0,1.0,0.0,0.0,0.0,0
2022-10-14,trade,T07,False,BUY_RJK_01,SUP_USEC_02,0.0,7274606.81,13975375.16,0.0,0.0,0.0,0.0,0.0,0.0,,0,0.0,0.0,0.0,0.0,0.0,,0.0,0.0,0.0,0.0,0.0,0,0.0,0.0,0.0,0.0,0.0,0.0,0.0,0.0,0.0,3.83,0.0,1890.0,1890.0,0.0,1.0,1.0,0.0,0.0,0.0,0
2022-10-14,trade,T08,False,BUY_MUN_01,SUP_USEC_02,0.0,2113202.67,8593668.57,0.0,0.0,0.0,0.0,0.0,0.0,,0,0.0,0.0,0.0,0.0,0.0,,0.0,0.0,0.0,0.0,0.0,0,0.0,0.0,0.0,0.0,0.0,0.0,0.0,0.0,0.0,2.35,0.0,1680.0,1680.0,0.0,1.0,1.0,0.0,0.0,0.0,0
2022-10-14,trade,T09,False,BUY_JNPT_01,SUP_JEA_01,-176257622.35,12668112.6,188855653.22,0.0,0.0,0.0,0.0,0.0,0.0,,0,0.0,-18427.71,-2211825.22,2193397.51,0.0,0.991669,0.0,0.0,0.0,0.0,0.0,0,0.0,0.0,0.0,0.0,0.0,0.0,0.0,-2.72,2.76,51.74,0.0,1200.0,1200.0,0.0,1.0,1.0,0.0,0.0,0.0,0
2022-10-17,book,BOOK,False,BOOK,BOOK,-88160817.76,216092310.6,335814906.84,0.0,0.0,0.0,0.0,0.0,0.0,,0,0.0,-18423.52,-2211322.89,2192899.37,0.0,0.991669,0.0,0.0,0.0,0.0,0.0,0,0.0,0.0,0.0,0.0,0.0,0.0,0.0,-1.47,1.49,92.0,0.0,14350.0,14350.0,0.0,1.0,1.0,0.0,0.0,0.0,0
2022-10-17,trade,T01,False,"BUY_MUN_01,BUY_RJK_01",SUP_USEC_01,0.0,37814185.51,45062704.95,0.0,0.0,0.0,0.0,0.0,0.0,,0,0.0,0.0,0.0,0.0,0.0,,0.0,0.0,0.0,0.0,0.0,0,0.0,0.0,0.0,0.0,0.0,0.0,0.0,0.0,0.0,12.35,0.0,2520.0,2520.0,0.0,1.0,1.0,0.0,0.0,0.0,0
2022-10-17,trade,T02,False,BUY_JNPT_01,SUP_JEA_01,0.0,51589752.47,49835984.28,0.0,0.0,0.0,0.0,0.0,0.0,,0,0.0,0.0,0.0,0.0,0.0,,0.0,0.0,0.0,0.0,0.0,0,0.0,0.0,0.0,0.0,0.0,0.0,0.0,0.0,0.0,13.65,0.0,1200.0,1200.0,0.0,1.0,1.0,0.0,0.0,0.0,0
2022-10-17,trade,T03,False,BUY_JNPT_01,SUP_JEA_01,0.0,31064349.11,34049620.07,0.0,0.0,0.0,0.0,0.0,0.0,,0,0.0,0.0,0.0,0.0,0.0,,0.0,0.0,0.0,0.0,0.0,0,0.0,0.0,0.0,0.0,0.0,0.0,0.0,0.0,0.0,9.33,0.0,1200.0,1200.0,0.0,1.0,1.0,0.0,0.0,0.0,0
2022-10-17,trade,T04,False,BUY_RJK_01,SUP_USEC_02,0.0,7919294.42,11351481.69,0.0,0.0,0.0,0.0,0.0,0.0,,0,0.0,0.0,0.0,0.0,0.0,,0.0,0.0,0.0,0.0,0.0,0,0.0,0.0,0.0,0.0,0.0,0.0,0.0,0.0,0.0,3.11,0.0,1260.0,1260.0,0.0,1.0,1.0,0.0,0.0,0.0,0
2022-10-17,trade,T05,False,BUY_MUN_01,SUP_USEC_01,0.0,53370803.08,55665701.91,0.0,0.0,0.0,0.0,0.0,0.0,,0,0.0,0.0,0.0,0.0,0.0,,0.0,0.0,0.0,0.0,0.0,0,0.0,0.0,0.0,0.0,0.0,0.0,0.0,0.0,0.0,15.25,0.0,2100.0,2100.0,0.0,1.0,1.0,0.0,0.0,0.0,0
2022-10-17,trade,T06,False,BUY_JNPT_01,SUP_JEA_01,0.0,12118905.26,16520751.21,0.0,0.0,0.0,0.0,0.0,0.0,,0,0.0,0.0,0.0,0.0,0.0,,0.0,0.0,0.0,0.0,0.0,0,0.0,0.0,0.0,0.0,0.0,0.0,0.0,0.0,0.0,4.53,0.0,1300.0,1300.0,0.0,1.0,1.0,0.0,0.0,0.0,0
2022-10-17,trade,T07,False,BUY_RJK_01,SUP_USEC_02,0.0,7274606.81,13975375.16,0.0,0.0,0.0,0.0,0.0,0.0,,0,0.0,0.0,0.0,0.0,0.0,,0.0,0.0,0.0,0.0,0.0,0,0.0,0.0,0.0,0.0,0.0,0.0,0.0,0.0,0.0,3.83,0.0,1890.0,1890.0,0.0,1.0,1.0,0.0,0.0,0.0,0
2022-10-17,trade,T08,False,BUY_MUN_01,SUP_USEC_02,0.0,2113202.67,8593668.57,0.0,0.0,0.0,0.0,0.0,0.0,,0,0.0,0.0,0.0,0.0,0.0,,0.0,0.0,0.0,0.0,0.0,0,0.0,0.0,0.0,0.0,0.0,0.0,0.0,0.0,0.0,2.35,0.0,1680.0,1680.0,0.0,1.0,1.0,0.0,0.0,0.0,0
2022-10-17,trade,T09,False,BUY_JNPT_01,SUP_JEA_01,-88160817.76,12827211.27,100759619.0,0.0,0.0,0.0,0.0,0.0,0.0,,0,0.0,-18423.52,-2211322.89,2192899.37,0.0,0.991669,0.0,0.0,0.0,0.0,0.0,0,0.0,0.0,0.0,0.0,0.0,0.0,0.0,-1.47,1.49,27.61,0.0,1200.0,1200.0,0.0,1.0,1.0,0.0,0.0,0.0,0
2022-10-18,book,BOOK,False,BOOK,BOOK,-88160774.84,216121201.14,335814906.84,0.0,0.0,0.0,0.0,0.0,0.0,,0,0.0,-9339.33,-1105954.78,1096615.46,0.0,0.991555,0.0,0.0,0.0,0.0,0.0,0,0.0,0.0,0.0,0.0,0.0,0.0,0.0,-1.26,1.28,92.0,0.0,14350.0,14350.0,0.0,1.0,1.0,0.0,0.0,0.0,0
2022-10-18,trade,T01,False,"BUY_MUN_01,BUY_RJK_01",SUP_USEC_01,0.0,37814185.51,45062704.95,0.0,0.0,0.0,0.0,0.0,0.0,,0,0.0,0.0,0.0,0.0,0.0,,0.0,0.0,0.0,0.0,0.0,0,0.0,0.0,0.0,0.0,0.0,0.0,0.0,0.0,0.0,12.35,0.0,2520.0,2520.0,0.0,1.0,1.0,0.0,0.0,0.0,0
2022-10-18,trade,T02,False,BUY_JNPT_01,SUP_JEA_01,0.0,51589752.47,49835984.28,0.0,0.0,0.0,0.0,0.0,0.0,,0,0.0,0.0,0.0,0.0,0.0,,0.0,0.0,0.0,0.0,0.0,0,0.0,0.0,0.0,0.0,0.0,0.0,0.0,0.0,0.0,13.65,0.0,1200.0,1200.0,0.0,1.0,1.0,0.0,0.0,0.0,0
2022-10-18,trade,T03,False,BUY_JNPT_01,SUP_JEA_01,0.0,31064349.11,34049620.07,0.0,0.0,0.0,0.0,0.0,0.0,,0,0.0,0.0,0.0,0.0,0.0,,0.0,0.0,0.0,0.0,0.0,0,0.0,0.0,0.0,0.0,0.0,0.0,0.0,0.0,0.0,9.33,0.0,1200.0,1200.0,0.0,1.0,1.0,0.0,0.0,0.0,0
2022-10-18,trade,T04,False,BUY_RJK_01,SUP_USEC_02,0.0,7919294.42,11351481.69,0.0,0.0,0.0,0.0,0.0,0.0,,0,0.0,0.0,0.0,0.0,0.0,,0.0,0.0,0.0,0.0,0.0,0,0.0,0.0,0.0,0.0,0.0,0.0,0.0,0.0,0.0,3.11,0.0,1260.0,1260.0,0.0,1.0,1.0,0.0,0.0,0.0,0
2022-10-18,trade,T05,False,BUY_MUN_01,SUP_USEC_01,0.0,53370803.08,55665701.91,0.0,0.0,0.0,0.0,0.0,0.0,,0,0.0,0.0,0.0,0.0,0.0,,0.0,0.0,0.0,0.0,0.0,0,0.0,0.0,0.0,0.0,0.0,0.0,0.0,0.0,0.0,15.25,0.0,2100.0,2100.0,0.0,1.0,1.0,0.0,0.0,0.0,0
2022-10-18,trade,T06,False,BUY_JNPT_01,SUP_JEA_01,0.0,12118905.26,16520751.21,0.0,0.0,0.0,0.0,0.0,0.0,,0,0.0,0.0,0.0,0.0,0.0,,0.0,0.0,0.0,0.0,0.0,0,0.0,0.0,0.0,0.0,0.0,0.0,0.0,0.0,0.0,4.53,0.0,1300.0,1300.0,0.0,1.0,1.0,0.0,0.0,0.0,0
2022-10-18,trade,T07,False,BUY_RJK_01,SUP_USEC_02,0.0,7274606.81,13975375.16,0.0,0.0,0.0,0.0,0.0,0.0,,0,0.0,0.0,0.0,0.0,0.0,,0.0,0.0,0.0,0.0,0.0,0,0.0,0.0,0.0,0.0,0.0,0.0,0.0,0.0,0.0,3.83,0.0,1890.0,1890.0,0.0,1.0,1.0,0.0,0.0,0.0,0
2022-10-18,trade,T08,False,BUY_MUN_01,SUP_USEC_02,0.0,2113202.67,8593668.57,0.0,0.0,0.0,0.0,0.0,0.0,,0,0.0,0.0,0.0,0.0,0.0,,0.0,0.0,0.0,0.0,0.0,0,0.0,0.0,0.0,0.0,0.0,0.0,0.0,0.0,0.0,2.35,0.0,1680.0,1680.0,0.0,1.0,1.0,0.0,0.0,0.0,0
2022-10-18,trade,T09,False,BUY_JNPT_01,SUP_JEA_01,-88160774.84,12856101.81,100759619.0,0.0,0.0,0.0,0.0,0.0,0.0,,0,0.0,-9339.33,-1105954.78,1096615.46,0.0,0.991555,0.0,0.0,0.0,0.0,0.0,0,0.0,0.0,0.0,0.0,0.0,0.0,0.0,-1.26,1.28,27.61,0.0,1200.0,1200.0,0.0,1.0,1.0,0.0,0.0,0.0,0
2022-10-19,book,BOOK,False,BOOK,BOOK,-88167839.4,216142984.19,335814906.84,0.0,0.0,0.0,0.0,0.0,0.0,,0,0.0,-9338.71,-1105881.96,1096543.25,0.0,0.991555,0.0,0.0,0.0,0.0,0.0,0,0.0,0.0,0.0,0.0,0.0,0.0,0.0,-1.06,1.08,92.0,0.0,14350.0,14350.0,0.0,1.0,1.0,0.0,0.0,0.0,0
2022-10-19,trade,T01,False,"BUY_MUN_01,BUY_RJK_01",SUP_USEC_01,0.0,37814185.51,45062704.95,0.0,0.0,0.0,0.0,0.0,0.0,,0,0.0,0.0,0.0,0.0,0.0,,0.0,0.0,0.0,0.0,0.0,0,0.0,0.0,0.0,0.0,0.0,0.0,0.0,0.0,0.0,12.35,0.0,2520.0,2520.0,0.0,1.0,1.0,0.0,0.0,0.0,0
2022-10-19,trade,T02,False,BUY_JNPT_01,SUP_JEA_01,0.0,51589752.47,49835984.28,0.0,0.0,0.0,0.0,0.0,0.0,,0,0.0,0.0,0.0,0.0,0.0,,0.0,0.0,0.0,0.0,0.0,0,0.0,0.0,0.0,0.0,0.0,0.0,0.0,0.0,0.0,13.65,0.0,1200.0,1200.0,0.0,1.0,1.0,0.0,0.0,0.0,0
2022-10-19,trade,T03,False,BUY_JNPT_01,SUP_JEA_01,0.0,31064349.11,34049620.07,0.0,0.0,0.0,0.0,0.0,0.0,,0,0.0,0.0,0.0,0.0,0.0,,0.0,0.0,0.0,0.0,0.0,0,0.0,0.0,0.0,0.0,0.0,0.0,0.0,0.0,0.0,9.33,0.0,1200.0,1200.0,0.0,1.0,1.0,0.0,0.0,0.0,0
2022-10-19,trade,T04,False,BUY_RJK_01,SUP_USEC_02,0.0,7919294.42,11351481.69,0.0,0.0,0.0,0.0,0.0,0.0,,0,0.0,0.0,0.0,0.0,0.0,,0.0,0.0,0.0,0.0,0.0,0,0.0,0.0,0.0,0.0,0.0,0.0,0.0,0.0,0.0,3.11,0.0,1260.0,1260.0,0.0,1.0,1.0,0.0,0.0,0.0,0
2022-10-19,trade,T05,False,BUY_MUN_01,SUP_USEC_01,0.0,53370803.08,55665701.91,0.0,0.0,0.0,0.0,0.0,0.0,,0,0.0,0.0,0.0,0.0,0.0,,0.0,0.0,0.0,0.0,0.0,0,0.0,0.0,0.0,0.0,0.0,0.0,0.0,0.0,0.0,15.25,0.0,2100.0,2100.0,0.0,1.0,1.0,0.0,0.0,0.0,0
2022-10-19,trade,T06,False,BUY_JNPT_01,SUP_JEA_01,0.0,12118905.26,16520751.21,0.0,0.0,0.0,0.0,0.0,0.0,,0,0.0,0.0,0.0,0.0,0.0,,0.0,0.0,0.0,0.0,0.0,0,0.0,0.0,0.0,0.0,0.0,0.0,0.0,0.0,0.0,4.53,0.0,1300.0,1300.0,0.0,1.0,1.0,0.0,0.0,0.0,0
2022-10-19,trade,T07,False,BUY_RJK_01,SUP_USEC_02,0.0,7274606.81,13975375.16,0.0,0.0,0.0,0.0,0.0,0.0,,0,0.0,0.0,0.0,0.0,0.0,,0.0,0.0,0.0,0.0,0.0,0,0.0,0.0,0.0,0.0,0.0,0.0,0.0,0.0,0.0,3.83,0.0,1890.0,1890.0,0.0,1.0,1.0,0.0,0.0,0.0,0
2022-10-19,trade,T08,False,BUY_MUN_01,SUP_USEC_02,0.0,2113202.67,8593668.57,0.0,0.0,0.0,0.0,0.0,0.0,,0,0.0,0.0,0.0,0.0,0.0,,0.0,0.0,0.0,0.0,0.0,0,0.0,0.0,0.0,0.0,0.0,0.0,0.0,0.0,0.0,2.35,0.0,1680.0,1680.0,0.0,1.0,1.0,0.0,0.0,0.0,0
2022-10-19,trade,T09,False,BUY_JNPT_01,SUP_JEA_01,-88167839.4,12877884.85,100759619.0,0.0,0.0,0.0,0.0,0.0,0.0,,0,0.0,-9338.71,-1105881.96,1096543.25,0.0,0.991555,0.0,0.0,0.0,0.0,0.0,0,0.0,0.0,0.0,0.0,0.0,0.0,0.0,-1.06,1.08,27.61,0.0,1200.0,1200.0,0.0,1.0,1.0,0.0,0.0,0.0,0
2022-10-20,book,BOOK,False,BOOK,BOOK,-88164992.24,216174678.97,335814906.84,0.0,0.0,0.0,0.0,0.0,0.0,,0,0.0,-9338.13,-1105812.76,1096474.63,0.0,0.991555,0.0,0.0,0.0,0.0,0.0,0,0.0,0.0,0.0,0.0,0.0,0.0,0.0,-0.85,0.86,92.0,0.0,14350.0,14350.0,0.0,1.0,1.0,0.0,0.0,0.0,0
2022-10-20,trade,T01,False,"BUY_MUN_01,BUY_RJK_01",SUP_USEC_01,0.0,37814185.51,45062704.95,0.0,0.0,0.0,0.0,0.0,0.0,,0,0.0,0.0,0.0,0.0,0.0,,0.0,0.0,0.0,0.0,0.0,0,0.0,0.0,0.0,0.0,0.0,0.0,0.0,0.0,0.0,12.35,0.0,2520.0,2520.0,0.0,1.0,1.0,0.0,0.0,0.0,0
2022-10-20,trade,T02,False,BUY_JNPT_01,SUP_JEA_01,0.0,51589752.47,49835984.28,0.0,0.0,0.0,0.0,0.0,0.0,,0,0.0,0.0,0.0,0.0,0.0,,0.0,0.0,0.0,0.0,0.0,0,0.0,0.0,0.0,0.0,0.0,0.0,0.0,0.0,0.0,13.65,0.0,1200.0,1200.0,0.0,1.0,1.0,0.0,0.0,0.0,0
2022-10-20,trade,T03,False,BUY_JNPT_01,SUP_JEA_01,0.0,31064349.11,34049620.07,0.0,0.0,0.0,0.0,0.0,0.0,,0,0.0,0.0,0.0,0.0,0.0,,0.0,0.0,0.0,0.0,0.0,0,0.0,0.0,0.0,0.0,0.0,0.0,0.0,0.0,0.0,9.33,0.0,1200.0,1200.0,0.0,1.0,1.0,0.0,0.0,0.0,0
2022-10-20,trade,T04,False,BUY_RJK_01,SUP_USEC_02,0.0,7919294.42,11351481.69,0.0,0.0,0.0,0.0,0.0,0.0,,0,0.0,0.0,0.0,0.0,0.0,,0.0,0.0,0.0,0.0,0.0,0,0.0,0.0,0.0,0.0,0.0,0.0,0.0,0.0,0.0,3.11,0.0,1260.0,1260.0,0.0,1.0,1.0,0.0,0.0,0.0,0
2022-10-20,trade,T05,False,BUY_MUN_01,SUP_USEC_01,0.0,53370803.08,55665701.91,0.0,0.0,0.0,0.0,0.0,0.0,,0,0.0,0.0,0.0,0.0,0.0,,0.0,0.0,0.0,0.0,0.0,0,0.0,0.0,0.0,0.0,0.0,0.0,0.0,0.0,0.0,15.25,0.0,2100.0,2100.0,0.0,1.0,1.0,0.0,0.0,0.0,0
2022-10-20,trade,T06,False,BUY_JNPT_01,SUP_JEA_01,0.0,12118905.26,16520751.21,0.0,0.0,0.0,0.0,0.0,0.0,,0,0.0,0.0,0.0,0.0,0.0,,0.0,0.0,0.0,0.0,0.0,0,0.0,0.0,0.0,0.0,0.0,0.0,0.0,0.0,0.0,4.53,0.0,1300.0,1300.0,0.0,1.0,1.0,0.0,0.0,0.0,0
2022-10-20,trade,T07,False,BUY_RJK_01,SUP_USEC_02,0.0,7274606.81,13975375.16,0.0,0.0,0.0,0.0,0.0,0.0,,0,0.0,0.0,0.0,0.0,0.0,,0.0,0.0,0.0,0.0,0.0,0,0.0,0.0,0.0,0.0,0.0,0.0,0.0,0.0,0.0,3.83,0.0,1890.0,1890.0,0.0,1.0,1.0,0.0,0.0,0.0,0
2022-10-20,trade,T08,False,BUY_MUN_01,SUP_USEC_02,0.0,2113202.67,8593668.57,0.0,0.0,0.0,0.0,0.0,0.0,,0,0.0,0.0,0.0,0.0,0.0,,0.0,0.0,0.0,0.0,0.0,0,0.0,0.0,0.0,0.0,0.0,0.0,0.0,0.0,0.0,2.35,0.0,1680.0,1680.0,0.0,1.0,1.0,0.0,0.0,0.0,0
2022-10-20,trade,T09,False,BUY_JNPT_01,SUP_JEA_01,-88164992.24,12909579.64,100759619.0,0.0,0.0,0.0,0.0,0.0,0.0,,0,0.0,-9338.13,-1105812.76,1096474.63,0.0,0.991555,0.0,0.0,0.0,0.0,0.0,0,0.0,0.0,0.0,0.0,0.0,0.0,0.0,-0.85,0.86,27.61,0.0,1200.0,1200.0,0.0,1.0,1.0,0.0,0.0,0.0,0
2022-10-21,book,BOOK,False,BOOK,BOOK,-88167186.46,216201332.37,335814906.84,0.0,0.0,0.0,0.0,0.0,0.0,,0,0.0,-9337.55,-1105744.45,1096406.9,0.0,0.991555,0.0,0.0,0.0,0.0,0.0,0,0.0,0.0,0.0,0.0,0.0,0.0,0.0,-0.64,0.65,92.0,0.0,14350.0,14350.0,0.0,1.0,1.0,0.0,0.0,0.0,0
2022-10-21,trade,T01,False,"BUY_MUN_01,BUY_RJK_01",SUP_USEC_01,0.0,37814185.51,45062704.95,0.0,0.0,0.0,0.0,0.0,0.0,,0,0.0,0.0,0.0,0.0,0.0,,0.0,0.0,0.0,0.0,0.0,0,0.0,0.0,0.0,0.0,0.0,0.0,0.0,0.0,0.0,12.35,0.0,2520.0,2520.0,0.0,1.0,1.0,0.0,0.0,0.0,0
2022-10-21,trade,T02,False,BUY_JNPT_01,SUP_JEA_01,0.0,51589752.47,49835984.28,0.0,0.0,0.0,0.0,0.0,0.0,,0,0.0,0.0,0.0,0.0,0.0,,0.0,0.0,0.0,0.0,0.0,0,0.0,0.0,0.0,0.0,0.0,0.0,0.0,0.0,0.0,13.65,0.0,1200.0,1200.0,0.0,1.0,1.0,0.0,0.0,0.0,0
2022-10-21,trade,T03,False,BUY_JNPT_01,SUP_JEA_01,0.0,31064349.11,34049620.07,0.0,0.0,0.0,0.0,0.0,0.0,,0,0.0,0.0,0.0,0.0,0.0,,0.0,0.0,0.0,0.0,0.0,0,0.0,0.0,0.0,0.0,0.0,0.0,0.0,0.0,0.0,9.33,0.0,1200.0,1200.0,0.0,1.0,1.0,0.0,0.0,0.0,0
2022-10-21,trade,T04,False,BUY_RJK_01,SUP_USEC_02,0.0,7919294.42,11351481.69,0.0,0.0,0.0,0.0,0.0,0.0,,0,0.0,0.0,0.0,0.0,0.0,,0.0,0.0,0.0,0.0,0.0,0,0.0,0.0,0.0,0.0,0.0,0.0,0.0,0.0,0.0,3.11,0.0,1260.0,1260.0,0.0,1.0,1.0,0.0,0.0,0.0,0
2022-10-21,trade,T05,False,BUY_MUN_01,SUP_USEC_01,0.0,53370803.08,55665701.91,0.0,0.0,0.0,0.0,0.0,0.0,,0,0.0,0.0,0.0,0.0,0.0,,0.0,0.0,0.0,0.0,0.0,0,0.0,0.0,0.0,0.0,0.0,0.0,0.0,0.0,0.0,15.25,0.0,2100.0,2100.0,0.0,1.0,1.0,0.0,0.0,0.0,0
2022-10-21,trade,T06,False,BUY_JNPT_01,SUP_JEA_01,0.0,12118905.26,16520751.21,0.0,0.0,0.0,0.0,0.0,0.0,,0,0.0,0.0,0.0,0.0,0.0,,0.0,0.0,0.0,0.0,0.0,0,0.0,0.0,0.0,0.0,0.0,0.0,0.0,0.0,0.0,4.53,0.0,1300.0,1300.0,0.0,1.0,1.0,0.0,0.0,0.0,0
2022-10-21,trade,T07,False,BUY_RJK_01,SUP_USEC_02,0.0,7274606.81,13975375.16,0.0,0.0,0.0,0.0,0.0,0.0,,0,0.0,0.0,0.0,0.0,0.0,,0.0,0.0,0.0,0.0,0.0,0,0.0,0.0,0.0,0.0,0.0,0.0,0.0,0.0,0.0,3.83,0.0,1890.0,1890.0,0.0,1.0,1.0,0.0,0.0,0.0,0
2022-10-21,trade,T08,False,BUY_MUN_01,SUP_USEC_02,0.0,2113202.67,8593668.57,0.0,0.0,0.0,0.0,0.0,0.0,,0,0.0,0.0,0.0,0.0,0.0,,0.0,0.0,0.0,0.0,0.0,0,0.0,0.0,0.0,0.0,0.0,0.0,0.0,0.0,0.0,2.35,0.0,1680.0,1680.0,0.0,1.0,1.0,0.0,0.0,0.0,0
2022-10-21,trade,T09,False,BUY_JNPT_01,SUP_JEA_01,-88167186.46,12936233.03,100759619.0,0.0,0.0,0.0,0.0,0.0,0.0,,0,0.0,-9337.55,-1105744.45,1096406.9,0.0,0.991555,0.0,0.0,0.0,0.0,0.0,0,0.0,0.0,0.0,0.0,0.0,0.0,0.0,-0.64,0.65,27.61,0.0,1200.0,1200.0,0.0,1.0,1.0,0.0,0.0,0.0,0
2022-10-24,book,BOOK,False,BOOK,BOOK,0.0,216289897.0,247649742.16,0.0,0.0,0.0,0.0,0.0,0.0,,0,0.0,-9335.79,-1105535.79,1096200.0,0.0,0.991555,0.0,0.0,0.0,0.0,0.0,0,0.0,0.0,0.0,0.0,0.0,0.0,0.0,0.0,0.0,67.85,0.0,14350.0,14350.0,0.0,1.0,1.0,0.0,0.0,0.0,0
2022-10-24,trade,T01,False,"BUY_MUN_01,BUY_RJK_01",SUP_USEC_01,0.0,37814185.51,45062704.95,0.0,0.0,0.0,0.0,0.0,0.0,,0,0.0,0.0,0.0,0.0,0.0,,0.0,0.0,0.0,0.0,0.0,0,0.0,0.0,0.0,0.0,0.0,0.0,0.0,0.0,0.0,12.35,0.0,2520.0,2520.0,0.0,1.0,1.0,0.0,0.0,0.0,0
2022-10-24,trade,T02,False,BUY_JNPT_01,SUP_JEA_01,0.0,51589752.47,49835984.28,0.0,0.0,0.0,0.0,0.0,0.0,,0,0.0,0.0,0.0,0.0,0.0,,0.0,0.0,0.0,0.0,0.0,0,0.0,0.0,0.0,0.0,0.0,0.0,0.0,0.0,0.0,13.65,0.0,1200.0,1200.0,0.0,1.0,1.0,0.0,0.0,0.0,0
2022-10-24,trade,T03,False,BUY_JNPT_01,SUP_JEA_01,0.0,31064349.11,34049620.07,0.0,0.0,0.0,0.0,0.0,0.0,,0,0.0,0.0,0.0,0.0,0.0,,0.0,0.0,0.0,0.0,0.0,0,0.0,0.0,0.0,0.0,0.0,0.0,0.0,0.0,0.0,9.33,0.0,1200.0,1200.0,0.0,1.0,1.0,0.0,0.0,0.0,0
2022-10-24,trade,T04,False,BUY_RJK_01,SUP_USEC_02,0.0,7919294.42,11351481.69,0.0,0.0,0.0,0.0,0.0,0.0,,0,0.0,0.0,0.0,0.0,0.0,,0.0,0.0,0.0,0.0,0.0,0,0.0,0.0,0.0,0.0,0.0,0.0,0.0,0.0,0.0,3.11,0.0,1260.0,1260.0,0.0,1.0,1.0,0.0,0.0,0.0,0
2022-10-24,trade,T05,False,BUY_MUN_01,SUP_USEC_01,0.0,53370803.08,55665701.91,0.0,0.0,0.0,0.0,0.0,0.0,,0,0.0,0.0,0.0,0.0,0.0,,0.0,0.0,0.0,0.0,0.0,0,0.0,0.0,0.0,0.0,0.0,0.0,0.0,0.0,0.0,15.25,0.0,2100.0,2100.0,0.0,1.0,1.0,0.0,0.0,0.0,0
2022-10-24,trade,T06,False,BUY_JNPT_01,SUP_JEA_01,0.0,12118905.26,16520751.21,0.0,0.0,0.0,0.0,0.0,0.0,,0,0.0,0.0,0.0,0.0,0.0,,0.0,0.0,0.0,0.0,0.0,0,0.0,0.0,0.0,0.0,0.0,0.0,0.0,0.0,0.0,4.53,0.0,1300.0,1300.0,0.0,1.0,1.0,0.0,0.0,0.0,0
2022-10-24,trade,T07,False,BUY_RJK_01,SUP_USEC_02,0.0,7274606.81,13975375.16,0.0,0.0,0.0,0.0,0.0,0.0,,0,0.0,0.0,0.0,0.0,0.0,,0.0,0.0,0.0,0.0,0.0,0,0.0,0.0,0.0,0.0,0.0,0.0,0.0,0.0,0.0,3.83,0.0,1890.0,1890.0,0.0,1.0,1.0,0.0,0.0,0.0,0
2022-10-24,trade,T08,False,BUY_MUN_01,SUP_USEC_02,0.0,2113202.67,8593668.57,0.0,0.0,0.0,0.0,0.0,0.0,,0,0.0,0.0,0.0,0.0,0.0,,0.0,0.0,0.0,0.0,0.0,0,0.0,0.0,0.0,0.0,0.0,0.0,0.0,0.0,0.0,2.35,0.0,1680.0,1680.0,0.0,1.0,1.0,0.0,0.0,0.0,0
2022-10-24,trade,T09,False,BUY_JNPT_01,SUP_JEA_01,0.0,13024797.66,12594454.31,0.0,0.0,0.0,0.0,0.0,0.0,,0,0.0,-9335.79,-1105535.79,1096200.0,0.0,0.991555,0.0,0.0,0.0,0.0,0.0,0,0.0,0.0,0.0,0.0,0.0,0.0,0.0,0.0,0.0,3.45,0.0,1200.0,1200.0,0.0,1.0,1.0,0.0,0.0,0.0,0
2022-10-25,book,BOOK,False,BOOK,BOOK,0.0,216289897.0,247649742.16,0.0,0.0,0.0,0.0,0.0,0.0,,0,0.0,0.0,0.0,0.0,0.0,,0.0,0.0,0.0,0.0,0.0,0,0.0,0.0,0.0,0.0,0.0,0.0,0.0,0.0,0.0,67.85,0.0,14350.0,14350.0,0.0,1.0,1.0,0.0,0.0,0.0,0
2022-10-25,trade,T01,False,"BUY_MUN_01,BUY_RJK_01",SUP_USEC_01,0.0,37814185.51,45062704.95,0.0,0.0,0.0,0.0,0.0,0.0,,0,0.0,0.0,0.0,0.0,0.0,,0.0,0.0,0.0,0.0,0.0,0,0.0,0.0,0.0,0.0,0.0,0.0,0.0,0.0,0.0,12.35,0.0,2520.0,2520.0,0.0,1.0,1.0,0.0,0.0,0.0,0
2022-10-25,trade,T02,False,BUY_JNPT_01,SUP_JEA_01,0.0,51589752.47,49835984.28,0.0,0.0,0.0,0.0,0.0,0.0,,0,0.0,0.0,0.0,0.0,0.0,,0.0,0.0,0.0,0.0,0.0,0,0.0,0.0,0.0,0.0,0.0,0.0,0.0,0.0,0.0,13.65,0.0,1200.0,1200.0,0.0,1.0,1.0,0.0,0.0,0.0,0
2022-10-25,trade,T03,False,BUY_JNPT_01,SUP_JEA_01,0.0,31064349.11,34049620.07,0.0,0.0,0.0,0.0,0.0,0.0,,0,0.0,0.0,0.0,0.0,0.0,,0.0,0.0,0.0,0.0,0.0,0,0.0,0.0,0.0,0.0,0.0,0.0,0.0,0.0,0.0,9.33,0.0,1200.0,1200.0,0.0,1.0,1.0,0.0,0.0,0.0,0
2022-10-25,trade,T04,False,BUY_RJK_01,SUP_USEC_02,0.0,7919294.42,11351481.69,0.0,0.0,0.0,0.0,0.0,0.0,,0,0.0,0.0,0.0,0.0,0.0,,0.0,0.0,0.0,0.0,0.0,0,0.0,0.0,0.0,0.0,0.0,0.0,0.0,0.0,0.0,3.11,0.0,1260.0,1260.0,0.0,1.0,1.0,0.0,0.0,0.0,0
2022-10-25,trade,T05,False,BUY_MUN_01,SUP_USEC_01,0.0,53370803.08,55665701.91,0.0,0.0,0.0,0.0,0.0,0.0,,0,0.0,0.0,0.0,0.0,0.0,,0.0,0.0,0.0,0.0,0.0,0,0.0,0.0,0.0,0.0,0.0,0.0,0.0,0.0,0.0,15.25,0.0,2100.0,2100.0,0.0,1.0,1.0,0.0,0.0,0.0,0
2022-10-25,trade,T06,False,BUY_JNPT_01,SUP_JEA_01,0.0,12118905.26,16520751.21,0.0,0.0,0.0,0.0,0.0,0.0,,0,0.0,0.0,0.0,0.0,0.0,,0.0,0.0,0.0,0.0,0.0,0,0.0,0.0,0.0,0.0,0.0,0.0,0.0,0.0,0.0,4.53,0.0,1300.0,1300.0,0.0,1.0,1.0,0.0,0.0,0.0,0
2022-10-25,trade,T07,False,BUY_RJK_01,SUP_USEC_02,0.0,7274606.81,13975375.16,0.0,0.0,0.0,0.0,0.0,0.0,,0,0.0,0.0,0.0,0.0,0.0,,0.0,0.0,0.0,0.0,0.0,0,0.0,0.0,0.0,0.0,0.0,0.0,0.0,0.0,0.0,3.83,0.0,1890.0,1890.0,0.0,1.0,1.0,0.0,0.0,0.0,0
2022-10-25,trade,T08,False,BUY_MUN_01,SUP_USEC_02,0.0,2113202.67,8593668.57,0.0,0.0,0.0,0.0,0.0,0.0,,0,0.0,0.0,0.0,0.0,0.0,,0.0,0.0,0.0,0.0,0.0,0,0.0,0.0,0.0,0.0,0.0,0.0,0.0,0.0,0.0,2.35,0.0,1680.0,1680.0,0.0,1.0,1.0,0.0,0.0,0.0,0
2022-10-25,trade,T09,False,BUY_JNPT_01,SUP_JEA_01,0.0,13024797.66,12594454.31,0.0,0.0,0.0,0.0,0.0,0.0,,0,0.0,0.0,0.0,0.0,0.0,,0.0,0.0,0.0,0.0,0.0,0,0.0,0.0,0.0,0.0,0.0,0.0,0.0,0.0,0.0,3.45,0.0,1200.0,1200.0,0.0,1.0,1.0,0.0,0.0,0.0,0
2022-10-26,book,BOOK,False,BOOK,BOOK,0.0,216289897.0,247649742.16,0.0,0.0,0.0,0.0,0.0,0.0,,0,0.0,0.0,0.0,0.0,0.0,,0.0,0.0,0.0,0.0,0.0,0,0.0,0.0,0.0,0.0,0.0,0.0,0.0,0.0,0.0,67.85,0.0,14350.0,14350.0,0.0,1.0,1.0,0.0,0.0,0.0,0
2022-10-26,trade,T01,False,"BUY_MUN_01,BUY_RJK_01",SUP_USEC_01,0.0,37814185.51,45062704.95,0.0,0.0,0.0,0.0,0.0,0.0,,0,0.0,0.0,0.0,0.0,0.0,,0.0,0.0,0.0,0.0,0.0,0,0.0,0.0,0.0,0.0,0.0,0.0,0.0,0.0,0.0,12.35,0.0,2520.0,2520.0,0.0,1.0,1.0,0.0,0.0,0.0,0
2022-10-26,trade,T02,False,BUY_JNPT_01,SUP_JEA_01,0.0,51589752.47,49835984.28,0.0,0.0,0.0,0.0,0.0,0.0,,0,0.0,0.0,0.0,0.0,0.0,,0.0,0.0,0.0,0.0,0.0,0,0.0,0.0,0.0,0.0,0.0,0.0,0.0,0.0,0.0,13.65,0.0,1200.0,1200.0,0.0,1.0,1.0,0.0,0.0,0.0,0
2022-10-26,trade,T03,False,BUY_JNPT_01,SUP_JEA_01,0.0,31064349.11,34049620.07,0.0,0.0,0.0,0.0,0.0,0.0,,0,0.0,0.0,0.0,0.0,0.0,,0.0,0.0,0.0,0.0,0.0,0,0.0,0.0,0.0,0.0,0.0,0.0,0.0,0.0,0.0,9.33,0.0,1200.0,1200.0,0.0,1.0,1.0,0.0,0.0,0.0,0
2022-10-26,trade,T04,False,BUY_RJK_01,SUP_USEC_02,0.0,7919294.42,11351481.69,0.0,0.0,0.0,0.0,0.0,0.0,,0,0.0,0.0,0.0,0.0,0.0,,0.0,0.0,0.0,0.0,0.0,0,0.0,0.0,0.0,0.0,0.0,0.0,0.0,0.0,0.0,3.11,0.0,1260.0,1260.0,0.0,1.0,1.0,0.0,0.0,0.0,0
2022-10-26,trade,T05,False,BUY_MUN_01,SUP_USEC_01,0.0,53370803.08,55665701.91,0.0,0.0,0.0,0.0,0.0,0.0,,0,0.0,0.0,0.0,0.0,0.0,,0.0,0.0,0.0,0.0,0.0,0,0.0,0.0,0.0,0.0,0.0,0.0,0.0,0.0,0.0,15.25,0.0,2100.0,2100.0,0.0,1.0,1.0,0.0,0.0,0.0,0
2022-10-26,trade,T06,False,BUY_JNPT_01,SUP_JEA_01,0.0,12118905.26,16520751.21,0.0,0.0,0.0,0.0,0.0,0.0,,0,0.0,0.0,0.0,0.0,0.0,,0.0,0.0,0.0,0.0,0.0,0,0.0,0.0,0.0,0.0,0.0,0.0,0.0,0.0,0.0,4.53,0.0,1300.0,1300.0,0.0,1.0,1.0,0.0,0.0,0.0,0
2022-10-26,trade,T07,False,BUY_RJK_01,SUP_USEC_02,0.0,7274606.81,13975375.16,0.0,0.0,0.0,0.0,0.0,0.0,,0,0.0,0.0,0.0,0.0,0.0,,0.0,0.0,0.0,0.0,0.0,0,0.0,0.0,0.0,0.0,0.0,0.0,0.0,0.0,0.0,3.83,0.0,1890.0,1890.0,0.0,1.0,1.0,0.0,0.0,0.0,0
2022-10-26,trade,T08,False,BUY_MUN_01,SUP_USEC_02,0.0,2113202.67,8593668.57,0.0,0.0,0.0,0.0,0.0,0.0,,0,0.0,0.0,0.0,0.0,0.0,,0.0,0.0,0.0,0.0,0.0,0,0.0,0.0,0.0,0.0,0.0,0.0,0.0,0.0,0.0,2.35,0.0,1680.0,1680.0,0.0,1.0,1.0,0.0,0.0,0.0,0
2022-10-26,trade,T09,False,BUY_JNPT_01,SUP_JEA_01,0.0,13024797.66,12594454.31,0.0,0.0,0.0,0.0,0.0,0.0,,0,0.0,0.0,0.0,0.0,0.0,,0.0,0.0,0.0,0.0,0.0,0,0.0,0.0,0.0,0.0,0.0,0.0,0.0,0.0,0.0,3.45,0.0,1200.0,1200.0,0.0,1.0,1.0,0.0,0.0,0.0,0
2022-10-27,book,BOOK,False,BOOK,BOOK,0.0,216289897.0,247649742.16,0.0,0.0,0.0,0.0,0.0,0.0,,0,0.0,0.0,0.0,0.0,0.0,,0.0,0.0,0.0,0.0,0.0,0,0.0,0.0,0.0,0.0,0.0,0.0,0.0,0.0,0.0,67.85,0.0,14350.0,14350.0,0.0,1.0,1.0,0.0,0.0,0.0,0
2022-10-27,trade,T01,False,"BUY_MUN_01,BUY_RJK_01",SUP_USEC_01,0.0,37814185.51,45062704.95,0.0,0.0,0.0,0.0,0.0,0.0,,0,0.0,0.0,0.0,0.0,0.0,,0.0,0.0,0.0,0.0,0.0,0,0.0,0.0,0.0,0.0,0.0,0.0,0.0,0.0,0.0,12.35,0.0,2520.0,2520.0,0.0,1.0,1.0,0.0,0.0,0.0,0
2022-10-27,trade,T02,False,BUY_JNPT_01,SUP_JEA_01,0.0,51589752.47,49835984.28,0.0,0.0,0.0,0.0,0.0,0.0,,0,0.0,0.0,0.0,0.0,0.0,,0.0,0.0,0.0,0.0,0.0,0,0.0,0.0,0.0,0.0,0.0,0.0,0.0,0.0,0.0,13.65,0.0,1200.0,1200.0,0.0,1.0,1.0,0.0,0.0,0.0,0
2022-10-27,trade,T03,False,BUY_JNPT_01,SUP_JEA_01,0.0,31064349.11,34049620.07,0.0,0.0,0.0,0.0,0.0,0.0,,0,0.0,0.0,0.0,0.0,0.0,,0.0,0.0,0.0,0.0,0.0,0,0.0,0.0,0.0,0.0,0.0,0.0,0.0,0.0,0.0,9.33,0.0,1200.0,1200.0,0.0,1.0,1.0,0.0,0.0,0.0,0
2022-10-27,trade,T04,False,BUY_RJK_01,SUP_USEC_02,0.0,7919294.42,11351481.69,0.0,0.0,0.0,0.0,0.0,0.0,,0,0.0,0.0,0.0,0.0,0.0,,0.0,0.0,0.0,0.0,0.0,0,0.0,0.0,0.0,0.0,0.0,0.0,0.0,0.0,0.0,3.11,0.0,1260.0,1260.0,0.0,1.0,1.0,0.0,0.0,0.0,0
2022-10-27,trade,T05,False,BUY_MUN_01,SUP_USEC_01,0.0,53370803.08,55665701.91,0.0,0.0,0.0,0.0,0.0,0.0,,0,0.0,0.0,0.0,0.0,0.0,,0.0,0.0,0.0,0.0,0.0,0,0.0,0.0,0.0,0.0,0.0,0.0,0.0,0.0,0.0,15.25,0.0,2100.0,2100.0,0.0,1.0,1.0,0.0,0.0,0.0,0
2022-10-27,trade,T06,False,BUY_JNPT_01,SUP_JEA_01,0.0,12118905.26,16520751.21,0.0,0.0,0.0,0.0,0.0,0.0,,0,0.0,0.0,0.0,0.0,0.0,,0.0,0.0,0.0,0.0,0.0,0,0.0,0.0,0.0,0.0,0.0,0.0,0.0,0.0,0.0,4.53,0.0,1300.0,1300.0,0.0,1.0,1.0,0.0,0.0,0.0,0
2022-10-27,trade,T07,False,BUY_RJK_01,SUP_USEC_02,0.0,7274606.81,13975375.16,0.0,0.0,0.0,0.0,0.0,0.0,,0,0.0,0.0,0.0,0.0,0.0,,0.0,0.0,0.0,0.0,0.0,0,0.0,0.0,0.0,0.0,0.0,0.0,0.0,0.0,0.0,3.83,0.0,1890.0,1890.0,0.0,1.0,1.0,0.0,0.0,0.0,0
2022-10-27,trade,T08,False,BUY_MUN_01,SUP_USEC_02,0.0,2113202.67,8593668.57,0.0,0.0,0.0,0.0,0.0,0.0,,0,0.0,0.0,0.0,0.0,0.0,,0.0,0.0,0.0,0.0,0.0,0,0.0,0.0,0.0,0.0,0.0,0.0,0.0,0.0,0.0,2.35,0.0,1680.0,1680.0,0.0,1.0,1.0,0.0,0.0,0.0,0
2022-10-27,trade,T09,False,BUY_JNPT_01,SUP_JEA_01,0.0,13024797.66,12594454.31,0.0,0.0,0.0,0.0,0.0,0.0,,0,0.0,0.0,0.0,0.0,0.0,,0.0,0.0,0.0,0.0,0.0,0,0.0,0.0,0.0,0.0,0.0,0.0,0.0,0.0,0.0,3.45,0.0,1200.0,1200.0,0.0,1.0,1.0,0.0,0.0,0.0,0
2022-10-28,book,BOOK,False,BOOK,BOOK,0.0,216289897.0,247649742.16,0.0,0.0,0.0,0.0,0.0,0.0,,0,0.0,0.0,0.0,0.0,0.0,,0.0,0.0,0.0,0.0,0.0,0,0.0,0.0,0.0,0.0,0.0,0.0,0.0,0.0,0.0,67.85,0.0,14350.0,14350.0,0.0,1.0,1.0,0.0,0.0,0.0,0
2022-10-28,trade,T01,False,"BUY_MUN_01,BUY_RJK_01",SUP_USEC_01,0.0,37814185.51,45062704.95,0.0,0.0,0.0,0.0,0.0,0.0,,0,0.0,0.0,0.0,0.0,0.0,,0.0,0.0,0.0,0.0,0.0,0,0.0,0.0,0.0,0.0,0.0,0.0,0.0,0.0,0.0,12.35,0.0,2520.0,2520.0,0.0,1.0,1.0,0.0,0.0,0.0,0
2022-10-28,trade,T02,False,BUY_JNPT_01,SUP_JEA_01,0.0,51589752.47,49835984.28,0.0,0.0,0.0,0.0,0.0,0.0,,0,0.0,0.0,0.0,0.0,0.0,,0.0,0.0,0.0,0.0,0.0,0,0.0,0.0,0.0,0.0,0.0,0.0,0.0,0.0,0.0,13.65,0.0,1200.0,1200.0,0.0,1.0,1.0,0.0,0.0,0.0,0
2022-10-28,trade,T03,False,BUY_JNPT_01,SUP_JEA_01,0.0,31064349.11,34049620.07,0.0,0.0,0.0,0.0,0.0,0.0,,0,0.0,0.0,0.0,0.0,0.0,,0.0,0.0,0.0,0.0,0.0,0,0.0,0.0,0.0,0.0,0.0,0.0,0.0,0.0,0.0,9.33,0.0,1200.0,1200.0,0.0,1.0,1.0,0.0,0.0,0.0,0
2022-10-28,trade,T04,False,BUY_RJK_01,SUP_USEC_02,0.0,7919294.42,11351481.69,0.0,0.0,0.0,0.0,0.0,0.0,,0,0.0,0.0,0.0,0.0,0.0,,0.0,0.0,0.0,0.0,0.0,0,0.0,0.0,0.0,0.0,0.0,0.0,0.0,0.0,0.0,3.11,0.0,1260.0,1260.0,0.0,1.0,1.0,0.0,0.0,0.0,0
2022-10-28,trade,T05,False,BUY_MUN_01,SUP_USEC_01,0.0,53370803.08,55665701.91,0.0,0.0,0.0,0.0,0.0,0.0,,0,0.0,0.0,0.0,0.0,0.0,,0.0,0.0,0.0,0.0,0.0,0,0.0,0.0,0.0,0.0,0.0,0.0,0.0,0.0,0.0,15.25,0.0,2100.0,2100.0,0.0,1.0,1.0,0.0,0.0,0.0,0
2022-10-28,trade,T06,False,BUY_JNPT_01,SUP_JEA_01,0.0,12118905.26,16520751.21,0.0,0.0,0.0,0.0,0.0,0.0,,0,0.0,0.0,0.0,0.0,0.0,,0.0,0.0,0.0,0.0,0.0,0,0.0,0.0,0.0,0.0,0.0,0.0,0.0,0.0,0.0,4.53,0.0,1300.0,1300.0,0.0,1.0,1.0,0.0,0.0,0.0,0
2022-10-28,trade,T07,False,BUY_RJK_01,SUP_USEC_02,0.0,7274606.81,13975375.16,0.0,0.0,0.0,0.0,0.0,0.0,,0,0.0,0.0,0.0,0.0,0.0,,0.0,0.0,0.0,0.0,0.0,0,0.0,0.0,0.0,0.0,0.0,0.0,0.0,0.0,0.0,3.83,0.0,1890.0,1890.0,0.0,1.0,1.0,0.0,0.0,0.0,0
2022-10-28,trade,T08,False,BUY_MUN_01,SUP_USEC_02,0.0,2113202.67,8593668.57,0.0,0.0,0.0,0.0,0.0,0.0,,0,0.0,0.0,0.0,0.0,0.0,,0.0,0.0,0.0,0.0,0.0,0,0.0,0.0,0.0,0.0,0.0,0.0,0.0,0.0,0.0,2.35,0.0,1680.0,1680.0,0.0,1.0,1.0,0.0,0.0,0.0,0
2022-10-28,trade,T09,False,BUY_JNPT_01,SUP_JEA_01,0.0,13024797.66,12594454.31,0.0,0.0,0.0,0.0,0.0,0.0,,0,0.0,0.0,0.0,0.0,0.0,,0.0,0.0,0.0,0.0,0.0,0,0.0,0.0,0.0,0.0,0.0,0.0,0.0,0.0,0.0,3.45,0.0,1200.0,1200.0,0.0,1.0,1.0,0.0,0.0,0.0,0
2022-10-31,book,BOOK,False,BOOK,BOOK,0.0,216289897.0,247649742.16,0.0,0.0,0.0,0.0,0.0,0.0,,0,0.0,0.0,0.0,0.0,0.0,,0.0,0.0,0.0,0.0,0.0,0,0.0,0.0,0.0,0.0,0.0,0.0,0.0,0.0,0.0,67.85,0.0,14350.0,14350.0,0.0,1.0,1.0,0.0,0.0,0.0,0
2022-10-31,trade,T01,False,"BUY_MUN_01,BUY_RJK_01",SUP_USEC_01,0.0,37814185.51,45062704.95,0.0,0.0,0.0,0.0,0.0,0.0,,0,0.0,0.0,0.0,0.0,0.0,,0.0,0.0,0.0,0.0,0.0,0,0.0,0.0,0.0,0.0,0.0,0.0,0.0,0.0,0.0,12.35,0.0,2520.0,2520.0,0.0,1.0,1.0,0.0,0.0,0.0,0
2022-10-31,trade,T02,False,BUY_JNPT_01,SUP_JEA_01,0.0,51589752.47,49835984.28,0.0,0.0,0.0,0.0,0.0,0.0,,0,0.0,0.0,0.0,0.0,0.0,,0.0,0.0,0.0,0.0,0.0,0,0.0,0.0,0.0,0.0,0.0,0.0,0.0,0.0,0.0,13.65,0.0,1200.0,1200.0,0.0,1.0,1.0,0.0,0.0,0.0,0
2022-10-31,trade,T03,False,BUY_JNPT_01,SUP_JEA_01,0.0,31064349.11,34049620.07,0.0,0.0,0.0,0.0,0.0,0.0,,0,0.0,0.0,0.0,0.0,0.0,,0.0,0.0,0.0,0.0,0.0,0,0.0,0.0,0.0,0.0,0.0,0.0,0.0,0.0,0.0,9.33,0.0,1200.0,1200.0,0.0,1.0,1.0,0.0,0.0,0.0,0
2022-10-31,trade,T04,False,BUY_RJK_01,SUP_USEC_02,0.0,7919294.42,11351481.69,0.0,0.0,0.0,0.0,0.0,0.0,,0,0.0,0.0,0.0,0.0,0.0,,0.0,0.0,0.0,0.0,0.0,0,0.0,0.0,0.0,0.0,0.0,0.0,0.0,0.0,0.0,3.11,0.0,1260.0,1260.0,0.0,1.0,1.0,0.0,0.0,0.0,0
2022-10-31,trade,T05,False,BUY_MUN_01,SUP_USEC_01,0.0,53370803.08,55665701.91,0.0,0.0,0.0,0.0,0.0,0.0,,0,0.0,0.0,0.0,0.0,0.0,,0.0,0.0,0.0,0.0,0.0,0,0.0,0.0,0.0,0.0,0.0,0.0,0.0,0.0,0.0,15.25,0.0,2100.0,2100.0,0.0,1.0,1.0,0.0,0.0,0.0,0
2022-10-31,trade,T06,False,BUY_JNPT_01,SUP_JEA_01,0.0,12118905.26,16520751.21,0.0,0.0,0.0,0.0,0.0,0.0,,0,0.0,0.0,0.0,0.0,0.0,,0.0,0.0,0.0,0.0,0.0,0,0.0,0.0,0.0,0.0,0.0,0.0,0.0,0.0,0.0,4.53,0.0,1300.0,1300.0,0.0,1.0,1.0,0.0,0.0,0.0,0
2022-10-31,trade,T07,False,BUY_RJK_01,SUP_USEC_02,0.0,7274606.81,13975375.16,0.0,0.0,0.0,0.0,0.0,0.0,,0,0.0,0.0,0.0,0.0,0.0,,0.0,0.0,0.0,0.0,0.0,0,0.0,0.0,0.0,0.0,0.0,0.0,0.0,0.0,0.0,3.83,0.0,1890.0,1890.0,0.0,1.0,1.0,0.0,0.0,0.0,0
2022-10-31,trade,T08,False,BUY_MUN_01,SUP_USEC_02,0.0,2113202.67,8593668.57,0.0,0.0,0.0,0.0,0.0,0.0,,0,0.0,0.0,0.0,0.0,0.0,,0.0,0.0,0.0,0.0,0.0,0,0.0,0.0,0.0,0.0,0.0,0.0,0.0,0.0,0.0,2.35,0.0,1680.0,1680.0,0.0,1.0,1.0,0.0,0.0,0.0,0
2022-10-31,trade,T09,False,BUY_JNPT_01,SUP_JEA_01,0.0,13024797.66,12594454.31,0.0,0.0,0.0,0.0,0.0,0.0,,0,0.0,0.0,0.0,0.0,0.0,,0.0,0.0,0.0,0.0,0.0,0,0.0,0.0,0.0,0.0,0.0,0.0,0.0,0.0,0.0,3.45,0.0,1200.0,1200.0,0.0,1.0,1.0,0.0,0.0,0.0,0
