obs_id,buyer_id,quarter,latent_weakness,utilisation_frac,dpd_max_days,history_months,order_concentration_frac,true_pd_12m_frac,default_12m,split,label
OBS_00001,SYN_0001,1,-0.97193661,0.13430237,0.0,97.31071047,0.08328492,0.00247203,0,test,"ILLUSTRATIVE SYNTHETIC DATA — fictional buyer population, not real counterparties"
OBS_00002,SYN_0002,1,-0.88896545,0.4691398,0.0,44.10107735,0.04971826,0.01324847,0,train,"ILLUSTRATIVE SYNTHETIC DATA — fictional buyer population, not real counterparties"
OBS_00003,SYN_0003,1,-1.02520018,0.44936536,22.0,20.19409246,0.06481969,0.04756274,0,train,"ILLUSTRATIVE SYNTHETIC DATA — fictional buyer population, not real counterparties"
OBS_00004,SYN_0004,1,-0.26387752,0.18501651,0.0,65.3424942,0.17140415,0.00565548,0,train,"ILLUSTRATIVE SYNTHETIC DATA — fictional buyer population, not real counterparties"
OBS_00005,SYN_0005,1,-0.35580577,0.28366208,0.0,58.76738195,0.14884714,0.00770159,0,train,"ILLUSTRATIVE SYNTHETIC DATA — fictional buyer population, not real counterparties"
OBS_00006,SYN_0006,1,-0.44525982,0.71990314,0.0,56.56194518,0.11972049,0.02013706,0,test,"ILLUSTRATIVE SYNTHETIC DATA — fictional buyer population, not real counterparties"
OBS_00007,SYN_0007,1,-1.3010895,0.23857219,0.0,23.04731557,0.04808922,0.01170681,0,test,"ILLUSTRATIVE SYNTHETIC DATA — fictional buyer population, not real counterparties"
OBS_00008,SYN_0008,1,-0.52966119,0.41463712,9.0,70.49806872,0.02773794,0.0100626,0,test,"ILLUSTRATIVE SYNTHETIC DATA — fictional buyer population, not real counterparties"
OBS_00009,SYN_0009,1,0.94499485,0.4150903,0.0,17.33600778,0.23496197,0.02473381,0,train,"ILLUSTRATIVE SYNTHETIC DATA — fictional buyer population, not real counterparties"
OBS_00010,SYN_0010,1,-0.31438297,0.38713115,0.0,21.05256915,0.06145264,0.01714864,0,test,"ILLUSTRATIVE SYNTHETIC DATA — fictional buyer population, not real counterparties"
OBS_00011,SYN_0011,1,0.26173537,0.71266929,0.0,21.04862257,0.38412584,0.05360216,0,train,"ILLUSTRATIVE SYNTHETIC DATA — fictional buyer population, not real counterparties"
OBS_00012,SYN_0012,1,1.70554857,0.94297638,20.0,56.24394015,0.28545108,0.08797576,0,test,"ILLUSTRATIVE SYNTHETIC DATA — fictional buyer population, not real counterparties"
OBS_00013,SYN_0013,1,-1.63125673,0.34245031,0.0,86.61280205,0.06351785,0.00465816,0,train,"ILLUSTRATIVE SYNTHETIC DATA — fictional buyer population, not real counterparties"
OBS_00014,SYN_0014,1,-0.69370204,0.21661101,8.0,16.16168508,0.22285995,0.02213659,0,train,"ILLUSTRATIVE SYNTHETIC DATA — fictional buyer population, not real counterparties"
OBS_00015,SYN_0015,1,0.75582743,0.37062149,24.0,19.48416717,0.18437799,0.05159803,0,train,"ILLUSTRATIVE SYNTHETIC DATA — fictional buyer population, not real counterparties"
OBS_00016,SYN_0016,1,-0.27802157,0.59893818,0.0,32.97371603,0.09818002,0.02306167,0,train,"ILLUSTRATIVE SYNTHETIC DATA — fictional buyer population, not real counterparties"
OBS_00017,SYN_0017,1,-1.46600943,0.56361253,0.0,20.54861286,0.08205992,0.02617162,0,train,"ILLUSTRATIVE SYNTHETIC DATA — fictional buyer population, not real counterparties"
OBS_00018,SYN_0018,1,0.30223133,0.55356078,8.0,12.87007447,0.36032776,0.05825415,0,train,"ILLUSTRATIVE SYNTHETIC DATA — fictional buyer population, not real counterparties"
OBS_00019,SYN_0019,1,0.97550901,0.89409932,0.0,12.74129033,0.20269041,0.07140368,0,train,"ILLUSTRATIVE SYNTHETIC DATA — fictional buyer population, not real counterparties"
OBS_00020,SYN_0020,1,-0.07126457,0.60990622,54.0,90.32985169,0.2823066,0.08774531,0,train,"ILLUSTRATIVE SYNTHETIC DATA — fictional buyer population, not real counterparties"
OBS_00021,SYN_0021,1,-0.47004256,0.14172753,6.0,30.01648064,0.22257266,0.01346156,0,train,"ILLUSTRATIVE SYNTHETIC DATA — fictional buyer population, not real counterparties"
OBS_00022,SYN_0022,1,0.72005378,0.71457588,2.0,167.33009125,0.19518158,0.00311022,0,train,"ILLUSTRATIVE SYNTHETIC DATA — fictional buyer population, not real counterparties"
OBS_00023,SYN_0023,1,1.96947148,0.87392404,0.0,31.43242006,0.34867606,0.05986794,0,train,"ILLUSTRATIVE SYNTHETIC DATA — fictional buyer population, not real counterparties"
OBS_00024,SYN_0024,1,-0.07803987,0.44417317,0.0,45.44372571,0.05283574,0.01228692,0,train,"ILLUSTRATIVE SYNTHETIC DATA — fictional buyer population, not real counterparties"
OBS_00025,SYN_0025,1,-0.9825838,0.2085828,0.0,16.59711884,0.0561035,0.01247366,0,test,"ILLUSTRATIVE SYNTHETIC DATA — fictional buyer population, not real counterparties"
OBS_00026,SYN_0026,1,-0.36531372,0.37287522,17.0,6.77169099,0.03514323,0.04061041,0,train,"ILLUSTRATIVE SYNTHETIC DATA — fictional buyer population, not real counterparties"
OBS_00027,SYN_0027,1,-0.23075649,0.45360973,11.0,37.54473094,0.16867741,0.02631364,0,train,"ILLUSTRATIVE SYNTHETIC DATA — fictional buyer population, not real counterparties"
OBS_00028,SYN_0028,1,-0.84436642,0.50335796,0.0,31.21495466,0.05211569,0.01814216,0,train,"ILLUSTRATIVE SYNTHETIC DATA — fictional buyer population, not real counterparties"
OBS_00029,SYN_0029,1,-0.08521626,0.09024053,22.0,43.75249817,0.1338271,0.01567379,0,train,"ILLUSTRATIVE SYNTHETIC DATA — fictional buyer population, not real counterparties"
OBS_00030,SYN_0030,1,-2.27601856,0.0,0.0,44.56317016,0.16560761,0.00546444,0,train,"ILLUSTRATIVE SYNTHETIC DATA — fictional buyer population, not real counterparties"
OBS_00031,SYN_0031,1,-0.09532461,0.63919213,4.0,46.08173989,0.36961454,0.0336138,0,train,"ILLUSTRATIVE SYNTHETIC DATA — fictional buyer population, not real counterparties"
OBS_00032,SYN_0032,1,0.80086581,0.97322432,3.0,54.92429234,0.31987311,0.05276239,0,train,"ILLUSTRATIVE SYNTHETIC DATA — fictional buyer population, not real counterparties"
OBS_00033,SYN_0033,1,-0.05785585,0.70678,2.0,48.9028395,0.10976304,0.02402049,0,test,"ILLUSTRATIVE SYNTHETIC DATA — fictional buyer population, not real counterparties"
OBS_00034,SYN_0034,1,1.00254809,0.57855422,24.0,23.30317772,0.10163662,0.06698434,0,train,"ILLUSTRATIVE SYNTHETIC DATA — fictional buyer population, not real counterparties"
OBS_00035,SYN_0035,1,0.49378487,0.75325616,0.0,24.90395385,0.19390184,0.04236847,0,train,"ILLUSTRATIVE SYNTHETIC DATA — fictional buyer population, not real counterparties"
OBS_00036,SYN_0036,1,1.23519406,0.9422997,4.0,40.84650281,0.34306525,0.06773483,0,train,"ILLUSTRATIVE SYNTHETIC DATA — fictional buyer population, not real counterparties"
OBS_00037,SYN_0037,1,0.32137738,0.1257148,0.0,73.64789944,0.04253931,0.00355325,0,train,"ILLUSTRATIVE SYNTHETIC DATA — fictional buyer population, not real counterparties"
OBS_00038,SYN_0038,1,0.55070096,0.1098994,11.0,33.99975598,0.13647236,0.01265384,0,test,"ILLUSTRATIVE SYNTHETIC DATA — fictional buyer population, not real counterparties"
OBS_00039,SYN_0039,1,-0.42985911,0.48425812,0.0,28.5131089,0.27806395,0.02489697,0,train,"ILLUSTRATIVE SYNTHETIC DATA — fictional buyer population, not real counterparties"
OBS_00040,SYN_0040,1,0.83663492,0.83761816,0.0,14.21545906,0.14536236,0.05738396,0,train,"ILLUSTRATIVE SYNTHETIC DATA — fictional buyer population, not real counterparties"
OBS_00041,SYN_0041,1,0.68442088,0.67133733,32.0,20.56143005,0.24449801,0.13564973,0,train,"ILLUSTRATIVE SYNTHETIC DATA — fictional buyer population, not real counterparties"
OBS_00042,SYN_0042,1,0.1464648,0.7052602,47.0,50.26461822,0.10574948,0.12850247,0,test,"ILLUSTRATIVE SYNTHETIC DATA — fictional buyer population, not real counterparties"
OBS_00043,SYN_0043,1,-1.0859714,0.23574383,0.0,34.29990455,0.15447772,0.01095792,0,test,"ILLUSTRATIVE SYNTHETIC DATA — fictional buyer population, not real counterparties"
OBS_00044,SYN_0044,1,0.36837233,0.41733743,0.0,54.39649219,0.15494489,0.01131206,0,test,"ILLUSTRATIVE SYNTHETIC DATA — fictional buyer population, not real counterparties"
OBS_00045,SYN_0045,1,-1.86610343,0.26899694,2.0,77.27187211,0.02996632,0.00486663,0,train,"ILLUSTRATIVE SYNTHETIC DATA — fictional buyer population, not real counterparties"
OBS_00046,SYN_0046,1,0.13986389,0.9235507,0.0,35.68660131,0.02688311,0.04023341,0,train,"ILLUSTRATIVE SYNTHETIC DATA — fictional buyer population, not real counterparties"
OBS_00047,SYN_0047,1,-0.09740044,0.636308,0.0,69.50902849,0.38330206,0.01900704,0,test,"ILLUSTRATIVE SYNTHETIC DATA — fictional buyer population, not real counterparties"
OBS_00048,SYN_0048,1,-0.26983995,0.30814525,1.0,26.61549441,0.15481818,0.01541015,0,train,"ILLUSTRATIVE SYNTHETIC DATA — fictional buyer population, not real counterparties"
OBS_00049,SYN_0049,1,-0.5594288,0.6857391,0.0,20.75931869,0.09260207,0.03444876,0,test,"ILLUSTRATIVE SYNTHETIC DATA — fictional buyer population, not real counterparties"
OBS_00050,SYN_0050,1,0.81076185,0.55283472,30.0,56.60839078,0.15903906,0.04800891,0,train,"ILLUSTRATIVE SYNTHETIC DATA — fictional buyer population, not real counterparties"
OBS_00051,SYN_0051,1,-1.06873881,0.30885277,12.0,13.54361419,0.07072404,0.02701268,0,train,"ILLUSTRATIVE SYNTHETIC DATA — fictional buyer population, not real counterparties"
OBS_00052,SYN_0052,1,-0.55669468,0.20171811,0.0,38.44889348,0.20962371,0.01016408,0,test,"ILLUSTRATIVE SYNTHETIC DATA — fictional buyer population, not real counterparties"
OBS_00053,SYN_0053,1,1.09453646,0.5696432,14.0,29.56345437,0.36764065,0.057111,1,test,"ILLUSTRATIVE SYNTHETIC DATA — fictional buyer population, not real counterparties"
OBS_00054,SYN_0054,1,0.0121293,0.87725603,0.0,29.30540414,0.27984285,0.0571572,0,train,"ILLUSTRATIVE SYNTHETIC DATA — fictional buyer population, not real counterparties"
OBS_00055,SYN_0055,1,0.49968091,0.66729528,8.0,4.42868836,0.08097856,0.05937995,1,train,"ILLUSTRATIVE SYNTHETIC DATA — fictional buyer population, not real counterparties"
OBS_00056,SYN_0056,1,-0.62697615,0.59768511,6.0,171.79281519,0.05979923,0.00214859,0,train,"ILLUSTRATIVE SYNTHETIC DATA — fictional buyer population, not real counterparties"
OBS_00057,SYN_0057,1,-0.74126557,0.03627495,0.0,35.31287302,0.21006168,0.00747322,0,train,"ILLUSTRATIVE SYNTHETIC DATA — fictional buyer population, not real counterparties"
OBS_00058,SYN_0058,1,-0.18296089,0.26219297,0.0,10.7906728,0.14313651,0.01759577,0,test,"ILLUSTRATIVE SYNTHETIC DATA — fictional buyer population, not real counterparties"
OBS_00059,SYN_0059,1,-0.51890921,0.56142395,0.0,27.52298185,0.02770591,0.02130872,0,test,"ILLUSTRATIVE SYNTHETIC DATA — fictional buyer population, not real counterparties"
OBS_00060,SYN_0060,1,0.96599433,0.69009835,0.0,24.37791274,0.08735372,0.03235418,0,train,"ILLUSTRATIVE SYNTHETIC DATA — fictional buyer population, not real counterparties"
OBS_00061,SYN_0061,1,0.07253762,0.41190178,0.0,26.93398776,0.17946116,0.01912028,0,train,"ILLUSTRATIVE SYNTHETIC DATA — fictional buyer population, not real counterparties"
OBS_00062,SYN_0062,1,-1.70174319,0.19851422,0.0,107.61368637,0.00953682,0.00212551,0,train,"ILLUSTRATIVE SYNTHETIC DATA — fictional buyer population, not real counterparties"
OBS_00063,SYN_0063,1,0.14020627,0.6144185,20.0,29.1998468,0.06049931,0.05298706,0,train,"ILLUSTRATIVE SYNTHETIC DATA — fictional buyer population, not real counterparties"
OBS_00064,SYN_0064,1,1.31423555,0.49185536,9.0,20.22738466,0.34696739,0.04584547,0,train,"ILLUSTRATIVE SYNTHETIC DATA — fictional buyer population, not real counterparties"
OBS_00065,SYN_0065,1,-0.35156418,0.35713958,0.0,26.9679874,0.1614904,0.01653428,1,train,"ILLUSTRATIVE SYNTHETIC DATA — fictional buyer population, not real counterparties"
OBS_00066,SYN_0066,1,-1.39096964,0.0,0.0,18.92774173,0.06846744,0.0076674,0,test,"ILLUSTRATIVE SYNTHETIC DATA — fictional buyer population, not real counterparties"
OBS_00067,SYN_0067,1,0.10262531,0.39125724,0.0,18.19854692,0.10527976,0.0193598,0,train,"ILLUSTRATIVE SYNTHETIC DATA — fictional buyer population, not real counterparties"
OBS_00068,SYN_0068,1,-0.83767937,0.0,1.0,23.03023885,0.03717611,0.00708577,0,train,"ILLUSTRATIVE SYNTHETIC DATA — fictional buyer population, not real counterparties"
OBS_00069,SYN_0069,1,-1.66388886,0.41516404,0.0,71.44924774,0.01977161,0.00681778,0,train,"ILLUSTRATIVE SYNTHETIC DATA — fictional buyer population, not real counterparties"
OBS_00070,SYN_0070,1,1.27249463,0.23423015,20.0,16.29803781,0.30565412,0.04112736,0,train,"ILLUSTRATIVE SYNTHETIC DATA — fictional buyer population, not real counterparties"
OBS_00071,SYN_0071,1,-0.41377738,0.4552075,0.0,80.84702704,0.03307174,0.00637997,0,train,"ILLUSTRATIVE SYNTHETIC DATA — fictional buyer population, not real counterparties"
OBS_00072,SYN_0072,1,-1.04110556,0.0,0.0,47.97706296,0.13574458,0.00492137,0,test,"ILLUSTRATIVE SYNTHETIC DATA — fictional buyer population, not real counterparties"
OBS_00073,SYN_0073,1,0.07431996,0.40009015,0.0,16.080667,0.14488217,0.02165629,0,train,"ILLUSTRATIVE SYNTHETIC DATA — fictional buyer population, not real counterparties"
OBS_00074,SYN_0074,1,2.03693342,0.8571852,0.0,7.15804753,0.76703931,0.14740143,1,train,"ILLUSTRATIVE SYNTHETIC DATA — fictional buyer population, not real counterparties"
OBS_00075,SYN_0075,1,-1.71890001,0.0,0.0,57.7562274,0.09452035,0.00387744,0,train,"ILLUSTRATIVE SYNTHETIC DATA — fictional buyer population, not real counterparties"
OBS_00076,SYN_0076,1,0.86386125,0.68340918,1.0,66.33394595,0.08730508,0.01547771,0,train,"ILLUSTRATIVE SYNTHETIC DATA — fictional buyer population, not real counterparties"
OBS_00077,SYN_0077,1,0.62471848,0.48831916,0.0,57.98609355,0.15533442,0.01239092,0,train,"ILLUSTRATIVE SYNTHETIC DATA — fictional buyer population, not real counterparties"
OBS_00078,SYN_0078,1,-0.41777354,0.87312046,0.0,27.30124116,0.09482845,0.04592931,0,test,"ILLUSTRATIVE SYNTHETIC DATA — fictional buyer population, not real counterparties"
OBS_00079,SYN_0079,1,-0.8249881,0.55571013,2.0,14.59285829,0.05319895,0.02980885,0,train,"ILLUSTRATIVE SYNTHETIC DATA — fictional buyer population, not real counterparties"
OBS_00080,SYN_0080,1,-0.82527742,0.29358151,0.0,82.7467821,0.13531807,0.0049605,0,train,"ILLUSTRATIVE SYNTHETIC DATA — fictional buyer population, not real counterparties"
OBS_00081,SYN_0081,1,0.01960765,0.40687633,0.0,34.52841515,0.03703784,0.01353047,0,train,"ILLUSTRATIVE SYNTHETIC DATA — fictional buyer population, not real counterparties"
OBS_00082,SYN_0082,1,-0.81612067,0.41817196,0.0,86.64711806,0.37875216,0.00853034,0,train,"ILLUSTRATIVE SYNTHETIC DATA — fictional buyer population, not real counterparties"
OBS_00083,SYN_0083,1,0.47134961,0.68396884,8.0,18.27218011,0.05107347,0.04632697,0,train,"ILLUSTRATIVE SYNTHETIC DATA — fictional buyer population, not real counterparties"
OBS_00084,SYN_0084,1,0.18557703,0.34097146,32.0,23.6501433,0.04343408,0.0508089,0,train,"ILLUSTRATIVE SYNTHETIC DATA — fictional buyer population, not real counterparties"
OBS_00085,SYN_0085,1,1.38280953,0.71691999,10.0,18.83238614,0.19529028,0.06423404,0,train,"ILLUSTRATIVE SYNTHETIC DATA — fictional buyer population, not real counterparties"
OBS_00086,SYN_0086,1,-0.48430854,0.43807148,11.0,37.75317445,0.18596868,0.02594766,0,test,"ILLUSTRATIVE SYNTHETIC DATA — fictional buyer population, not real counterparties"
OBS_00087,SYN_0087,1,-0.88423445,0.0655755,0.0,51.10641257,0.06404203,0.00486259,0,train,"ILLUSTRATIVE SYNTHETIC DATA — fictional buyer population, not real counterparties"
OBS_00088,SYN_0088,1,-0.91107941,0.0,21.0,35.18159466,0.02143868,0.01237557,0,test,"ILLUSTRATIVE SYNTHETIC DATA — fictional buyer population, not real counterparties"
OBS_00089,SYN_0089,1,1.41667837,0.78072588,34.0,7.83923397,0.41603492,0.25914845,1,train,"ILLUSTRATIVE SYNTHETIC DATA — fictional buyer population, not real counterparties"
OBS_00090,SYN_0090,1,-0.48491164,0.34549862,0.0,32.73431732,0.06917032,0.01276907,0,train,"ILLUSTRATIVE SYNTHETIC DATA — fictional buyer population, not real counterparties"
OBS_00091,SYN_0091,1,-0.63335528,0.31203482,0.0,152.46156854,0.16929004,0.00148777,0,train,"ILLUSTRATIVE SYNTHETIC DATA — fictional buyer population, not real counterparties"
OBS_00092,SYN_0092,1,-0.85283985,0.34984497,0.0,21.68473951,0.14509148,0.01752235,0,train,"ILLUSTRATIVE SYNTHETIC DATA — fictional buyer population, not real counterparties"
OBS_00093,SYN_0093,1,0.15902739,0.44887462,0.0,36.7068191,0.22530001,0.01847187,0,train,"ILLUSTRATIVE SYNTHETIC DATA — fictional buyer population, not real counterparties"
OBS_00094,SYN_0094,1,1.29951612,0.53417574,0.0,14.4335361,0.38693761,0.04139055,0,train,"ILLUSTRATIVE SYNTHETIC DATA — fictional buyer population, not real counterparties"
OBS_00095,SYN_0095,1,-0.02719441,0.34365262,0.0,69.77687372,0.19624892,0.00766644,0,train,"ILLUSTRATIVE SYNTHETIC DATA — fictional buyer population, not real counterparties"
OBS_00096,SYN_0096,1,0.86761943,0.82345234,21.0,94.41993982,0.28281073,0.03632132,0,train,"ILLUSTRATIVE SYNTHETIC DATA — fictional buyer population, not real counterparties"
OBS_00097,SYN_0097,1,-2.50165834,0.13910267,0.0,54.9786855,0.13198276,0.00585673,0,test,"ILLUSTRATIVE SYNTHETIC DATA — fictional buyer population, not real counterparties"
OBS_00098,SYN_0098,1,0.25887029,0.77840493,0.0,14.21312643,0.06050384,0.04523556,0,train,"ILLUSTRATIVE SYNTHETIC DATA — fictional buyer population, not real counterparties"
OBS_00099,SYN_0099,1,-1.09117763,0.37569925,0.0,56.07709227,0.16899862,0.01020085,0,test,"ILLUSTRATIVE SYNTHETIC DATA — fictional buyer population, not real counterparties"
OBS_00100,SYN_0100,1,0.56338105,0.33826901,7.0,12.0784562,0.06369849,0.02403934,0,train,"ILLUSTRATIVE SYNTHETIC DATA — fictional buyer population, not real counterparties"
OBS_00101,SYN_0101,1,-0.91626492,0.39321845,0.0,78.19508495,0.18128317,0.00717423,0,test,"ILLUSTRATIVE SYNTHETIC DATA — fictional buyer population, not real counterparties"
OBS_00102,SYN_0102,1,0.30186271,0.52036915,0.0,82.30339152,0.08279365,0.007688,0,test,"ILLUSTRATIVE SYNTHETIC DATA — fictional buyer population, not real counterparties"
OBS_00103,SYN_0103,1,0.25907537,0.59391976,0.0,43.29512877,0.27601604,0.02410743,0,train,"ILLUSTRATIVE SYNTHETIC DATA — fictional buyer population, not real counterparties"
OBS_00104,SYN_0104,1,1.3946512,0.46575925,15.0,9.01624916,0.15758281,0.0518226,0,train,"ILLUSTRATIVE SYNTHETIC DATA — fictional buyer population, not real counterparties"
OBS_00105,SYN_0105,1,-1.22581875,0.26298821,0.0,71.86968384,0.04480842,0.00499765,0,test,"ILLUSTRATIVE SYNTHETIC DATA — fictional buyer population, not real counterparties"
OBS_00106,SYN_0106,1,0.42329866,0.59734879,2.0,10.72119746,0.09018419,0.03675307,0,train,"ILLUSTRATIVE SYNTHETIC DATA — fictional buyer population, not real counterparties"
OBS_00107,SYN_0107,1,-0.38557122,0.5932611,0.0,15.92148961,0.04817121,0.02898055,0,train,"ILLUSTRATIVE SYNTHETIC DATA — fictional buyer population, not real counterparties"
OBS_00108,SYN_0108,1,-0.80565117,0.23107667,3.0,121.68206024,0.16876241,0.00248156,0,train,"ILLUSTRATIVE SYNTHETIC DATA — fictional buyer population, not real counterparties"
OBS_00109,SYN_0109,1,-0.72202887,0.66442053,0.0,45.03557753,0.20494485,0.02471766,0,train,"ILLUSTRATIVE SYNTHETIC DATA — fictional buyer population, not real counterparties"
OBS_00110,SYN_0110,1,-0.55046035,0.29135497,9.0,11.90724952,0.08698357,0.02432568,0,train,"ILLUSTRATIVE SYNTHETIC DATA — fictional buyer population, not real counterparties"
OBS_00111,SYN_0111,1,1.54362585,0.51788627,9.0,20.3273462,0.28165955,0.04433651,0,test,"ILLUSTRATIVE SYNTHETIC DATA — fictional buyer population, not real counterparties"
OBS_00112,SYN_0112,1,1.62246793,0.99207478,3.0,22.72095237,0.22451669,0.08470055,0,train,"ILLUSTRATIVE SYNTHETIC DATA — fictional buyer population, not real counterparties"
OBS_00113,SYN_0113,1,1.77187954,0.5460956,26.0,91.28267076,0.11512408,0.02042122,0,test,"ILLUSTRATIVE SYNTHETIC DATA — fictional buyer population, not real counterparties"
OBS_00114,SYN_0114,1,-0.03266269,0.75663436,35.0,47.47722417,0.16558343,0.10426327,0,train,"ILLUSTRATIVE SYNTHETIC DATA — fictional buyer population, not real counterparties"
OBS_00115,SYN_0115,1,2.32808883,1.0308877,29.0,49.05048752,0.1586287,0.13931355,1,train,"ILLUSTRATIVE SYNTHETIC DATA — fictional buyer population, not real counterparties"
OBS_00116,SYN_0116,1,-0.9778709,0.28894007,0.0,47.23555855,0.17980891,0.01005968,0,test,"ILLUSTRATIVE SYNTHETIC DATA — fictional buyer population, not real counterparties"
OBS_00117,SYN_0117,1,-0.34703694,0.4709601,0.0,54.93495245,0.07983466,0.01136438,0,train,"ILLUSTRATIVE SYNTHETIC DATA — fictional buyer population, not real counterparties"
OBS_00118,SYN_0118,1,-0.63690759,0.52637905,0.0,31.36231007,0.12779295,0.02110715,0,train,"ILLUSTRATIVE SYNTHETIC DATA — fictional buyer population, not real counterparties"
OBS_00119,SYN_0119,1,-0.45745896,0.28816111,0.0,28.28438325,0.2489584,0.01564554,0,test,"ILLUSTRATIVE SYNTHETIC DATA — fictional buyer population, not real counterparties"
OBS_00120,SYN_0120,1,1.24440755,0.83993284,11.0,3.75332669,0.12825046,0.10182704,0,test,"ILLUSTRATIVE SYNTHETIC DATA — fictional buyer population, not real counterparties"
OBS_00121,SYN_0121,1,0.73960094,0.60307066,15.0,36.61754352,0.1161214,0.04025184,0,train,"ILLUSTRATIVE SYNTHETIC DATA — fictional buyer population, not real counterparties"
OBS_00122,SYN_0122,1,0.04575775,0.96422448,0.0,12.66051945,0.18441563,0.08069924,0,test,"ILLUSTRATIVE SYNTHETIC DATA — fictional buyer population, not real counterparties"
OBS_00123,SYN_0123,1,-0.93290997,0.40867547,0.0,48.20094026,0.07820856,0.01118562,0,train,"ILLUSTRATIVE SYNTHETIC DATA — fictional buyer population, not real counterparties"
OBS_00124,SYN_0124,1,-2.94672687,0.02086862,0.0,32.0862325,0.00700999,0.00578265,0,train,"ILLUSTRATIVE SYNTHETIC DATA — fictional buyer population, not real counterparties"
OBS_00125,SYN_0125,1,0.37024902,0.94472083,16.0,16.56913596,0.0677792,0.11270974,0,train,"ILLUSTRATIVE SYNTHETIC DATA — fictional buyer population, not real counterparties"
OBS_00126,SYN_0126,1,0.07857278,0.34460376,0.0,70.88037011,0.07181944,0.00633374,0,train,"ILLUSTRATIVE SYNTHETIC DATA — fictional buyer population, not real counterparties"
OBS_00127,SYN_0127,1,-0.19717868,0.40164661,0.0,29.94178544,0.13080913,0.01655274,0,train,"ILLUSTRATIVE SYNTHETIC DATA — fictional buyer population, not real counterparties"
OBS_00128,SYN_0128,1,0.04631254,0.39293882,44.0,28.95770656,0.06790437,0.0839758,0,train,"ILLUSTRATIVE SYNTHETIC DATA — fictional buyer population, not real counterparties"
OBS_00129,SYN_0129,1,0.29309909,0.44471663,0.0,15.90826265,0.19814038,0.02574724,0,train,"ILLUSTRATIVE SYNTHETIC DATA — fictional buyer population, not real counterparties"
OBS_00130,SYN_0130,1,-0.53679739,0.62725813,0.0,36.60620237,0.0567729,0.0217006,0,test,"ILLUSTRATIVE SYNTHETIC DATA — fictional buyer population, not real counterparties"
OBS_00131,SYN_0131,1,0.66184337,0.36089146,18.0,29.87604052,0.30780495,0.03927794,0,train,"ILLUSTRATIVE SYNTHETIC DATA — fictional buyer population, not real counterparties"
OBS_00132,SYN_0132,1,-1.39073308,0.29429572,0.0,37.78506041,0.0685203,0.0103849,0,train,"ILLUSTRATIVE SYNTHETIC DATA — fictional buyer population, not real counterparties"
OBS_00133,SYN_0133,1,0.97004107,0.9100647,24.0,11.32900843,0.31055841,0.20107928,0,train,"ILLUSTRATIVE SYNTHETIC DATA — fictional buyer population, not real counterparties"
OBS_00134,SYN_0134,1,-1.9720333,0.17875633,0.0,16.81387042,0.07499264,0.01194093,0,train,"ILLUSTRATIVE SYNTHETIC DATA — fictional buyer population, not real counterparties"
OBS_00135,SYN_0135,1,-0.72506868,0.34206085,0.0,49.46444476,0.08310042,0.00949752,0,test,"ILLUSTRATIVE SYNTHETIC DATA — fictional buyer population, not real counterparties"
OBS_00136,SYN_0136,1,-0.4578526,0.52481697,0.0,62.39835729,0.09489156,0.0113918,0,train,"ILLUSTRATIVE SYNTHETIC DATA — fictional buyer population, not real counterparties"
OBS_00137,SYN_0137,1,-0.86960009,0.0485424,20.0,20.46715142,0.03544562,0.01766045,0,train,"ILLUSTRATIVE SYNTHETIC DATA — fictional buyer population, not real counterparties"
OBS_00138,SYN_0138,1,-1.14139904,0.0,0.0,180.0,0.13840485,0.00042605,0,train,"ILLUSTRATIVE SYNTHETIC DATA — fictional buyer population, not real counterparties"
OBS_00139,SYN_0139,1,-1.1460392,0.26998428,0.0,42.40433589,0.02997942,0.0085692,0,train,"ILLUSTRATIVE SYNTHETIC DATA — fictional buyer population, not real counterparties"
OBS_00140,SYN_0140,1,-0.87423002,0.65997613,0.0,24.57397365,0.06533021,0.02931892,0,test,"ILLUSTRATIVE SYNTHETIC DATA — fictional buyer population, not real counterparties"
OBS_00141,SYN_0141,1,1.17198965,0.81863049,13.0,18.56522198,0.62844808,0.15188734,0,test,"ILLUSTRATIVE SYNTHETIC DATA — fictional buyer population, not real counterparties"
OBS_00142,SYN_0142,1,-0.29698273,0.48995257,0.0,32.6764006,0.05029017,0.01710975,0,train,"ILLUSTRATIVE SYNTHETIC DATA — fictional buyer population, not real counterparties"
OBS_00143,SYN_0143,1,-0.52709029,0.35043619,0.0,32.17120777,0.1085196,0.01377005,0,test,"ILLUSTRATIVE SYNTHETIC DATA — fictional buyer population, not real counterparties"
OBS_00144,SYN_0144,1,0.77969094,0.84689883,0.0,37.25049923,0.39373813,0.05419778,1,train,"ILLUSTRATIVE SYNTHETIC DATA — fictional buyer population, not real counterparties"
OBS_00145,SYN_0145,1,-1.93044212,0.31824631,0.0,74.98789552,0.10226187,0.00577653,0,train,"ILLUSTRATIVE SYNTHETIC DATA — fictional buyer population, not real counterparties"
OBS_00146,SYN_0146,1,-0.77102685,0.34821583,0.0,14.38827219,0.06133106,0.01778209,0,test,"ILLUSTRATIVE SYNTHETIC DATA — fictional buyer population, not real counterparties"
OBS_00147,SYN_0147,1,0.57342709,0.42669036,31.0,8.92502554,0.733566,0.17676083,0,test,"ILLUSTRATIVE SYNTHETIC DATA — fictional buyer population, not real counterparties"
OBS_00148,SYN_0148,1,-0.26423719,0.14038233,18.0,11.53684015,0.19918975,0.02931639,0,train,"ILLUSTRATIVE SYNTHETIC DATA — fictional buyer population, not real counterparties"
OBS_00149,SYN_0149,1,1.05962362,1.06659284,9.0,39.91966522,0.50550455,0.13037253,0,train,"ILLUSTRATIVE SYNTHETIC DATA — fictional buyer population, not real counterparties"
OBS_00150,SYN_0150,1,-0.19688974,0.62032754,0.0,62.1407585,0.58433645,0.02761398,0,train,"ILLUSTRATIVE SYNTHETIC DATA — fictional buyer population, not real counterparties"
OBS_00151,SYN_0151,1,-0.3232933,0.46101808,0.0,26.121794,0.32109878,0.02621032,0,train,"ILLUSTRATIVE SYNTHETIC DATA — fictional buyer population, not real counterparties"
OBS_00152,SYN_0152,1,1.3281322,0.60832029,0.0,15.03187381,0.56988966,0.06108771,0,test,"ILLUSTRATIVE SYNTHETIC DATA — fictional buyer population, not real counterparties"
OBS_00153,SYN_0153,1,-1.62072761,0.17773682,0.0,12.27054149,0.05379656,0.01257755,0,test,"ILLUSTRATIVE SYNTHETIC DATA — fictional buyer population, not real counterparties"
OBS_00154,SYN_0154,1,0.71186593,0.50587208,9.0,27.73460558,0.11211442,0.0301164,0,train,"ILLUSTRATIVE SYNTHETIC DATA — fictional buyer population, not real counterparties"
OBS_00155,SYN_0155,1,1.33439241,0.20803029,0.0,7.85060711,0.24134044,0.01886722,0,train,"ILLUSTRATIVE SYNTHETIC DATA — fictional buyer population, not real counterparties"
OBS_00156,SYN_0156,1,-0.6452052,0.75971475,0.0,10.89542446,0.25767067,0.0598595,0,train,"ILLUSTRATIVE SYNTHETIC DATA — fictional buyer population, not real counterparties"
OBS_00157,SYN_0157,1,0.75444459,0.41741802,19.0,14.69473448,0.12382894,0.04719296,0,test,"ILLUSTRATIVE SYNTHETIC DATA — fictional buyer population, not real counterparties"
OBS_00158,SYN_0158,1,0.51350242,0.66314877,100.0,34.22721834,0.41243873,0.70424321,1,train,"ILLUSTRATIVE SYNTHETIC DATA — fictional buyer population, not real counterparties"
OBS_00159,SYN_0159,1,0.95714074,0.7676518,39.0,13.73341395,0.04288647,0.1812407,0,train,"ILLUSTRATIVE SYNTHETIC DATA — fictional buyer population, not real counterparties"
OBS_00160,SYN_0160,1,-0.05469931,0.54949955,0.0,18.76974117,0.03834222,0.02469682,0,train,"ILLUSTRATIVE SYNTHETIC DATA — fictional buyer population, not real counterparties"
OBS_00161,SYN_0161,1,-0.26150471,0.22343698,0.0,36.15174414,0.32003471,0.01295561,0,train,"ILLUSTRATIVE SYNTHETIC DATA — fictional buyer population, not real counterparties"
OBS_00162,SYN_0162,1,-0.37868786,0.15571048,19.0,57.87109009,0.17701736,0.01315526,0,train,"ILLUSTRATIVE SYNTHETIC DATA — fictional buyer population, not real counterparties"
OBS_00163,SYN_0163,1,0.51530616,0.78411642,0.0,19.62340315,0.05914983,0.04151359,0,train,"ILLUSTRATIVE SYNTHETIC DATA — fictional buyer population, not real counterparties"
OBS_00164,SYN_0164,1,0.12530409,0.6454716,25.0,47.49615858,0.09294781,0.05185215,0,train,"ILLUSTRATIVE SYNTHETIC DATA — fictional buyer population, not real counterparties"
OBS_00165,SYN_0165,1,0.04250325,0.7601692,0.0,40.28787794,0.21179759,0.03344973,1,test,"ILLUSTRATIVE SYNTHETIC DATA — fictional buyer population, not real counterparties"
OBS_00166,SYN_0166,1,0.15983464,0.68092714,15.0,48.001794,0.30339585,0.0498435,0,train,"ILLUSTRATIVE SYNTHETIC DATA — fictional buyer population, not real counterparties"
OBS_00167,SYN_0167,1,-0.25322387,0.3542857,0.0,55.0956208,0.20777815,0.01045293,0,train,"ILLUSTRATIVE SYNTHETIC DATA — fictional buyer population, not real counterparties"
OBS_00168,SYN_0168,1,-0.53084654,0.65230885,0.0,16.71513214,0.05707213,0.03285393,0,test,"ILLUSTRATIVE SYNTHETIC DATA — fictional buyer population, not real counterparties"
OBS_00169,SYN_0169,1,0.40581699,0.81536514,10.0,41.09960313,0.23759866,0.05656737,0,test,"ILLUSTRATIVE SYNTHETIC DATA — fictional buyer population, not real counterparties"
OBS_00170,SYN_0170,1,0.0582151,0.83288446,0.0,19.08717479,0.13881153,0.05170046,0,train,"ILLUSTRATIVE SYNTHETIC DATA — fictional buyer population, not real counterparties"
OBS_00171,SYN_0171,1,0.60956424,0.34937912,0.0,17.29770136,0.12360952,0.01841351,0,train,"ILLUSTRATIVE SYNTHETIC DATA — fictional buyer population, not real counterparties"
OBS_00172,SYN_0172,1,1.76235738,0.5507262,3.0,15.66948255,0.27916883,0.04079822,0,train,"ILLUSTRATIVE SYNTHETIC DATA — fictional buyer population, not real counterparties"
OBS_00173,SYN_0173,1,0.91220596,0.80382153,0.0,55.36496333,0.09918759,0.02403229,0,train,"ILLUSTRATIVE SYNTHETIC DATA — fictional buyer population, not real counterparties"
OBS_00174,SYN_0174,1,0.36262613,0.39831515,0.0,20.70850685,0.15916314,0.02022066,0,train,"ILLUSTRATIVE SYNTHETIC DATA — fictional buyer population, not real counterparties"
OBS_00175,SYN_0175,1,1.08085995,0.90951535,0.0,19.00481754,0.18311984,0.0644799,0,train,"ILLUSTRATIVE SYNTHETIC DATA — fictional buyer population, not real counterparties"
OBS_00176,SYN_0176,1,-0.57754463,0.57445845,0.0,62.85393595,0.364766,0.0182724,0,test,"ILLUSTRATIVE SYNTHETIC DATA — fictional buyer population, not real counterparties"
OBS_00177,SYN_0177,1,1.76562729,0.98849102,0.0,67.58448775,0.17979766,0.03209243,0,test,"ILLUSTRATIVE SYNTHETIC DATA — fictional buyer population, not real counterparties"
OBS_00178,SYN_0178,1,0.04405163,0.54159407,0.0,21.9226474,0.21881782,0.02930917,0,train,"ILLUSTRATIVE SYNTHETIC DATA — fictional buyer population, not real counterparties"
OBS_00179,SYN_0179,1,2.41020314,0.77014999,36.0,9.98666371,0.19581228,0.20740727,0,train,"ILLUSTRATIVE SYNTHETIC DATA — fictional buyer population, not real counterparties"
OBS_00180,SYN_0180,1,2.23985436,0.93694488,1.0,27.54083471,0.47445004,0.08910953,1,train,"ILLUSTRATIVE SYNTHETIC DATA — fictional buyer population, not real counterparties"
OBS_00181,SYN_0181,1,-0.02716069,0.70659599,10.0,58.88964967,0.03861807,0.02494758,0,train,"ILLUSTRATIVE SYNTHETIC DATA — fictional buyer population, not real counterparties"
OBS_00182,SYN_0182,1,0.73966896,0.47002338,14.0,20.97091416,0.09361245,0.03734653,0,train,"ILLUSTRATIVE SYNTHETIC DATA — fictional buyer population, not real counterparties"
OBS_00183,SYN_0183,1,0.61571636,0.6731597,0.0,17.83809295,0.0415606,0.03298019,0,train,"ILLUSTRATIVE SYNTHETIC DATA — fictional buyer population, not real counterparties"
OBS_00184,SYN_0184,1,-0.32863409,0.28740614,0.0,16.67597718,0.21556271,0.01844586,0,train,"ILLUSTRATIVE SYNTHETIC DATA — fictional buyer population, not real counterparties"
OBS_00185,SYN_0185,1,-0.0029733,0.59233055,0.0,18.13532486,0.29256906,0.03866494,0,train,"ILLUSTRATIVE SYNTHETIC DATA — fictional buyer population, not real counterparties"
OBS_00186,SYN_0186,1,1.14107932,0.6820953,11.0,30.40456706,0.18281373,0.04980176,0,train,"ILLUSTRATIVE SYNTHETIC DATA — fictional buyer population, not real counterparties"
OBS_00187,SYN_0187,1,0.86852113,0.64039388,9.0,33.07610722,0.09939001,0.0359491,0,train,"ILLUSTRATIVE SYNTHETIC DATA — fictional buyer population, not real counterparties"
OBS_00188,SYN_0188,1,-1.51240714,0.26546594,0.0,16.6240168,0.0539139,0.01408843,0,train,"ILLUSTRATIVE SYNTHETIC DATA — fictional buyer population, not real counterparties"
OBS_00189,SYN_0189,1,1.41348077,0.28718242,0.0,28.72365891,0.37008314,0.01829135,0,train,"ILLUSTRATIVE SYNTHETIC DATA — fictional buyer population, not real counterparties"
OBS_00190,SYN_0190,1,-0.33009739,0.29925263,11.0,11.05203341,0.16906705,0.03040547,0,train,"ILLUSTRATIVE SYNTHETIC DATA — fictional buyer population, not real counterparties"
OBS_00191,SYN_0191,1,0.6774823,0.83092055,4.0,14.07755627,0.22375016,0.07313284,1,test,"ILLUSTRATIVE SYNTHETIC DATA — fictional buyer population, not real counterparties"
OBS_00192,SYN_0192,1,1.12410569,0.51903598,5.0,8.84084097,0.24411934,0.04440043,0,test,"ILLUSTRATIVE SYNTHETIC DATA — fictional buyer population, not real counterparties"
OBS_00193,SYN_0193,1,-1.17310703,0.32783601,0.0,51.84116652,0.02356507,0.0081115,0,train,"ILLUSTRATIVE SYNTHETIC DATA — fictional buyer population, not real counterparties"
OBS_00194,SYN_0194,1,-0.52989704,0.65304184,0.0,34.09502256,0.08195414,0.02486654,1,test,"ILLUSTRATIVE SYNTHETIC DATA — fictional buyer population, not real counterparties"
OBS_00195,SYN_0195,1,0.61729698,0.7305146,0.0,55.24891752,0.31999195,0.02773718,1,test,"ILLUSTRATIVE SYNTHETIC DATA — fictional buyer population, not real counterparties"
OBS_00196,SYN_0196,1,-0.92652109,0.0,0.0,27.43388441,0.07094771,0.00657562,0,train,"ILLUSTRATIVE SYNTHETIC DATA — fictional buyer population, not real counterparties"
OBS_00197,SYN_0197,1,0.96519852,0.61010408,0.0,16.54008446,0.21634939,0.03730564,0,train,"ILLUSTRATIVE SYNTHETIC DATA — fictional buyer population, not real counterparties"
OBS_00198,SYN_0198,1,0.74261098,0.6205582,13.0,51.89247058,0.26980678,0.0361648,0,test,"ILLUSTRATIVE SYNTHETIC DATA — fictional buyer population, not real counterparties"
OBS_00199,SYN_0199,1,0.49857431,0.41292234,0.0,17.06467612,0.4393625,0.03265184,0,train,"ILLUSTRATIVE SYNTHETIC DATA — fictional buyer population, not real counterparties"
OBS_00200,SYN_0200,1,1.2152953,0.58324001,17.0,16.75540699,0.18002358,0.06440329,0,train,"ILLUSTRATIVE SYNTHETIC DATA — fictional buyer population, not real counterparties"
OBS_00201,SYN_0201,1,-0.54943037,0.51416936,0.0,84.37070769,0.20141809,0.00860421,0,test,"ILLUSTRATIVE SYNTHETIC DATA — fictional buyer population, not real counterparties"
OBS_00202,SYN_0202,1,-0.1294114,0.42003988,5.0,29.09006038,0.08204687,0.01997593,0,test,"ILLUSTRATIVE SYNTHETIC DATA — fictional buyer population, not real counterparties"
OBS_00203,SYN_0203,1,0.64529563,0.6511985,0.0,34.49026785,0.12649829,0.02612835,0,test,"ILLUSTRATIVE SYNTHETIC DATA — fictional buyer population, not real counterparties"
OBS_00204,SYN_0204,1,0.17118821,0.8543718,20.0,34.18972641,0.09277713,0.08351643,0,train,"ILLUSTRATIVE SYNTHETIC DATA — fictional buyer population, not real counterparties"
OBS_00205,SYN_0205,1,0.80357114,0.34908001,15.0,29.7477915,0.11887575,0.02642448,0,test,"ILLUSTRATIVE SYNTHETIC DATA — fictional buyer population, not real counterparties"
OBS_00206,SYN_0206,1,-0.24857277,0.67646959,2.0,17.07083104,0.1359668,0.04134334,0,test,"ILLUSTRATIVE SYNTHETIC DATA — fictional buyer population, not real counterparties"
OBS_00207,SYN_0207,1,-0.71864916,0.07186939,3.0,141.90335937,0.38503963,0.00161728,0,test,"ILLUSTRATIVE SYNTHETIC DATA — fictional buyer population, not real counterparties"
OBS_00208,SYN_0208,1,-1.00713862,0.61566112,0.0,61.5591094,0.03639512,0.013037,0,test,"ILLUSTRATIVE SYNTHETIC DATA — fictional buyer population, not real counterparties"
OBS_00209,SYN_0209,1,-0.52069993,0.37824283,0.0,22.68534864,0.05030757,0.01607458,0,train,"ILLUSTRATIVE SYNTHETIC DATA — fictional buyer population, not real counterparties"
OBS_00210,SYN_0210,1,-1.00126281,0.34424425,0.0,37.48367343,0.17383508,0.01348352,0,train,"ILLUSTRATIVE SYNTHETIC DATA — fictional buyer population, not real counterparties"
OBS_00211,SYN_0211,1,0.73893519,0.67979196,5.0,9.63330304,0.03135089,0.04642063,0,train,"ILLUSTRATIVE SYNTHETIC DATA — fictional buyer population, not real counterparties"
OBS_00212,SYN_0212,1,-0.05351829,0.59984038,0.0,33.05108402,0.05120058,0.02163996,0,test,"ILLUSTRATIVE SYNTHETIC DATA — fictional buyer population, not real counterparties"
OBS_00213,SYN_0213,1,1.60869721,0.9633705,1.0,23.65217183,0.32036803,0.08251724,0,test,"ILLUSTRATIVE SYNTHETIC DATA — fictional buyer population, not real counterparties"
OBS_00214,SYN_0214,1,-0.11026413,0.56839997,0.0,44.76251717,0.07225761,0.01679327,0,train,"ILLUSTRATIVE SYNTHETIC DATA — fictional buyer population, not real counterparties"
OBS_00215,SYN_0215,1,-0.83938537,0.55378439,11.0,63.00716708,0.06727763,0.01793914,0,test,"ILLUSTRATIVE SYNTHETIC DATA — fictional buyer population, not real counterparties"
OBS_00216,SYN_0216,1,0.48233036,0.7259471,14.0,44.53914723,0.1307663,0.04458674,0,train,"ILLUSTRATIVE SYNTHETIC DATA — fictional buyer population, not real counterparties"
OBS_00217,SYN_0217,1,1.30014198,0.87165006,36.0,80.88935475,0.33353195,0.09620588,1,train,"ILLUSTRATIVE SYNTHETIC DATA — fictional buyer population, not real counterparties"
OBS_00218,SYN_0218,1,0.07130359,0.41618331,6.0,32.25788354,0.11887796,0.02046145,0,test,"ILLUSTRATIVE SYNTHETIC DATA — fictional buyer population, not real counterparties"
OBS_00219,SYN_0219,1,-0.82730973,0.32234588,0.0,35.30040312,0.13425008,0.01266331,0,train,"ILLUSTRATIVE SYNTHETIC DATA — fictional buyer population, not real counterparties"
OBS_00220,SYN_0220,1,0.15554872,0.70374967,0.0,25.07654074,0.10530361,0.0337134,0,test,"ILLUSTRATIVE SYNTHETIC DATA — fictional buyer population, not real counterparties"
OBS_00221,SYN_0221,1,-0.08879076,0.48820727,0.0,13.09757867,0.04428704,0.02414917,0,test,"ILLUSTRATIVE SYNTHETIC DATA — fictional buyer population, not real counterparties"
OBS_00222,SYN_0222,1,-0.34825402,0.89931248,0.0,42.30263516,0.06345279,0.03564004,0,test,"ILLUSTRATIVE SYNTHETIC DATA — fictional buyer population, not real counterparties"
OBS_00223,SYN_0223,1,0.820994,0.695076,0.0,7.00556335,0.12242906,0.04675505,0,train,"ILLUSTRATIVE SYNTHETIC DATA — fictional buyer population, not real counterparties"
OBS_00224,SYN_0224,1,1.59262078,0.6392083,0.0,14.97997777,0.48012598,0.05797733,0,train,"ILLUSTRATIVE SYNTHETIC DATA — fictional buyer population, not real counterparties"
OBS_00225,SYN_0225,1,-0.41552184,0.5389509,0.0,18.9495734,0.18104668,0.02921252,0,train,"ILLUSTRATIVE SYNTHETIC DATA — fictional buyer population, not real counterparties"
OBS_00226,SYN_0226,1,-0.25384314,0.43872185,0.0,17.61551007,0.13126286,0.02249003,0,train,"ILLUSTRATIVE SYNTHETIC DATA — fictional buyer population, not real counterparties"
OBS_00227,SYN_0227,1,0.65689945,0.87885081,0.0,22.54948472,0.1354096,0.05336442,0,train,"ILLUSTRATIVE SYNTHETIC DATA — fictional buyer population, not real counterparties"
OBS_00228,SYN_0228,1,-0.75956664,0.27422065,0.0,59.59617154,0.17806319,0.00773493,0,train,"ILLUSTRATIVE SYNTHETIC DATA — fictional buyer population, not real counterparties"
OBS_00229,SYN_0229,1,-0.41260617,0.25380066,13.0,170.59318436,0.06793277,0.00137127,0,train,"ILLUSTRATIVE SYNTHETIC DATA — fictional buyer population, not real counterparties"
OBS_00230,SYN_0230,1,-1.27606105,0.38504869,3.0,86.44241766,0.03898041,0.00560265,0,train,"ILLUSTRATIVE SYNTHETIC DATA — fictional buyer population, not real counterparties"
OBS_00231,SYN_0231,1,-1.59849173,0.01485363,0.0,62.31891948,0.21822052,0.0043748,0,train,"ILLUSTRATIVE SYNTHETIC DATA — fictional buyer population, not real counterparties"
OBS_00232,SYN_0232,1,-0.25719181,0.29469742,0.0,40.29158737,0.05337031,0.00971954,0,train,"ILLUSTRATIVE SYNTHETIC DATA — fictional buyer population, not real counterparties"
OBS_00233,SYN_0233,1,1.21014637,1.04486273,19.0,23.36137563,0.43152418,0.20813842,0,test,"ILLUSTRATIVE SYNTHETIC DATA — fictional buyer population, not real counterparties"
OBS_00234,SYN_0234,1,-0.04676635,0.27916579,0.0,26.06192254,0.07233286,0.0125253,0,train,"ILLUSTRATIVE SYNTHETIC DATA — fictional buyer population, not real counterparties"
OBS_00235,SYN_0235,1,1.50413164,0.89100734,36.0,15.98313493,0.43252599,0.29909519,0,train,"ILLUSTRATIVE SYNTHETIC DATA — fictional buyer population, not real counterparties"
OBS_00236,SYN_0236,1,-0.89648386,0.61108996,6.0,34.35137556,0.08909226,0.02891157,0,train,"ILLUSTRATIVE SYNTHETIC DATA — fictional buyer population, not real counterparties"
OBS_00237,SYN_0237,1,-0.73403984,0.0,0.0,18.98813066,0.07205807,0.00769709,0,train,"ILLUSTRATIVE SYNTHETIC DATA — fictional buyer population, not real counterparties"
OBS_00238,SYN_0238,1,1.31159294,0.71106295,19.0,21.28807911,0.1109537,0.07652559,0,test,"ILLUSTRATIVE SYNTHETIC DATA — fictional buyer population, not real counterparties"
OBS_00239,SYN_0239,1,-0.00953686,0.60515112,5.0,29.31647954,0.07780184,0.02959441,0,train,"ILLUSTRATIVE SYNTHETIC DATA — fictional buyer population, not real counterparties"
OBS_00240,SYN_0240,1,0.35677424,0.55504239,0.0,62.49370794,0.13791239,0.01289923,0,train,"ILLUSTRATIVE SYNTHETIC DATA — fictional buyer population, not real counterparties"
OBS_00241,SYN_0241,1,2.12506384,0.65922248,0.0,28.32621207,0.52674934,0.05086711,0,train,"ILLUSTRATIVE SYNTHETIC DATA — fictional buyer population, not real counterparties"
OBS_00242,SYN_0242,1,0.54358892,0.71177492,13.0,10.42434595,0.31983399,0.09636706,1,train,"ILLUSTRATIVE SYNTHETIC DATA — fictional buyer population, not real counterparties"
OBS_00243,SYN_0243,1,-0.23968291,0.52426017,21.0,19.14861793,0.56822418,0.10457544,0,train,"ILLUSTRATIVE SYNTHETIC DATA — fictional buyer population, not real counterparties"
OBS_00244,SYN_0244,1,-1.08942809,0.33130786,0.0,35.7242221,0.0956186,0.01215029,0,train,"ILLUSTRATIVE SYNTHETIC DATA — fictional buyer population, not real counterparties"
OBS_00245,SYN_0245,1,-1.50020258,0.40863909,0.0,11.69729493,0.01467575,0.01999731,0,test,"ILLUSTRATIVE SYNTHETIC DATA — fictional buyer population, not real counterparties"
OBS_00246,SYN_0246,1,0.47861456,0.70339686,0.0,16.41114976,0.1946499,0.04434722,0,train,"ILLUSTRATIVE SYNTHETIC DATA — fictional buyer population, not real counterparties"
OBS_00247,SYN_0247,1,0.40221131,0.35137509,7.0,64.82722038,0.03439412,0.00904622,0,train,"ILLUSTRATIVE SYNTHETIC DATA — fictional buyer population, not real counterparties"
OBS_00248,SYN_0248,1,-1.12644434,0.40317871,0.0,103.93575733,0.05821674,0.00383979,0,train,"ILLUSTRATIVE SYNTHETIC DATA — fictional buyer population, not real counterparties"
OBS_00249,SYN_0249,1,-0.05157448,0.16842281,0.0,10.61186335,0.11011763,0.01372916,0,train,"ILLUSTRATIVE SYNTHETIC DATA — fictional buyer population, not real counterparties"
OBS_00250,SYN_0250,1,0.73047281,0.60252505,0.0,16.71347,0.24742862,0.03815154,0,test,"ILLUSTRATIVE SYNTHETIC DATA — fictional buyer population, not real counterparties"
OBS_00251,SYN_0251,1,0.36693263,0.43557903,32.0,76.57977524,0.14902627,0.02783876,0,test,"ILLUSTRATIVE SYNTHETIC DATA — fictional buyer population, not real counterparties"
OBS_00252,SYN_0252,1,-1.24110978,0.0,0.0,56.19729231,0.03947679,0.0036966,0,train,"ILLUSTRATIVE SYNTHETIC DATA — fictional buyer population, not real counterparties"
OBS_00253,SYN_0253,1,-0.60768005,0.25304613,0.0,22.20258374,0.08163348,0.01285708,0,train,"ILLUSTRATIVE SYNTHETIC DATA — fictional buyer population, not real counterparties"
OBS_00254,SYN_0254,1,-0.98377474,0.49917677,0.0,42.66136564,0.09082292,0.01537846,0,test,"ILLUSTRATIVE SYNTHETIC DATA — fictional buyer population, not real counterparties"
OBS_00255,SYN_0255,1,0.81188074,0.63406146,31.0,6.25876465,0.35703948,0.17474354,1,train,"ILLUSTRATIVE SYNTHETIC DATA — fictional buyer population, not real counterparties"
OBS_00256,SYN_0256,1,0.16548838,0.54097364,0.0,33.75962024,0.03371029,0.01833724,0,train,"ILLUSTRATIVE SYNTHETIC DATA — fictional buyer population, not real counterparties"
OBS_00257,SYN_0257,1,0.22709222,0.92203766,2.0,26.51382545,0.39648747,0.08262994,0,test,"ILLUSTRATIVE SYNTHETIC DATA — fictional buyer population, not real counterparties"
OBS_00258,SYN_0258,1,-0.19624607,0.48113225,0.0,11.66887297,0.19978121,0.03014995,0,test,"ILLUSTRATIVE SYNTHETIC DATA — fictional buyer population, not real counterparties"
OBS_00259,SYN_0259,1,0.68524672,0.92112806,49.0,40.96894546,0.07866977,0.22855861,0,test,"ILLUSTRATIVE SYNTHETIC DATA — fictional buyer population, not real counterparties"
OBS_00260,SYN_0260,1,-1.41364411,0.35798705,1.0,89.6100434,0.17581883,0.00555199,0,train,"ILLUSTRATIVE SYNTHETIC DATA — fictional buyer population, not real counterparties"
OBS_00261,SYN_0261,1,-0.01009308,0.44520045,3.0,77.51712761,0.06181534,0.00779235,0,train,"ILLUSTRATIVE SYNTHETIC DATA — fictional buyer population, not real counterparties"
OBS_00262,SYN_0262,1,0.93782281,0.60079888,6.0,44.75808045,0.21675062,0.02786191,0,test,"ILLUSTRATIVE SYNTHETIC DATA — fictional buyer population, not real counterparties"
OBS_00263,SYN_0263,1,0.12385544,0.48298729,13.0,22.14273199,0.08574018,0.03578227,0,test,"ILLUSTRATIVE SYNTHETIC DATA — fictional buyer population, not real counterparties"
OBS_00264,SYN_0264,1,-0.2473325,0.16877468,0.0,18.04200702,0.15017553,0.01266954,0,train,"ILLUSTRATIVE SYNTHETIC DATA — fictional buyer population, not real counterparties"
OBS_00265,SYN_0265,1,0.64977679,0.84941376,0.0,34.66809693,0.19909436,0.04403237,1,train,"ILLUSTRATIVE SYNTHETIC DATA — fictional buyer population, not real counterparties"
OBS_00266,SYN_0266,1,0.91876927,0.67161716,0.0,17.89367826,0.29309884,0.04603466,1,train,"ILLUSTRATIVE SYNTHETIC DATA — fictional buyer population, not real counterparties"
OBS_00267,SYN_0267,1,0.59845402,0.54182694,10.0,55.95405757,0.05599956,0.01880765,0,train,"ILLUSTRATIVE SYNTHETIC DATA — fictional buyer population, not real counterparties"
OBS_00268,SYN_0268,1,0.45224257,0.71178458,4.0,26.39016055,0.24587676,0.04727211,0,train,"ILLUSTRATIVE SYNTHETIC DATA — fictional buyer population, not real counterparties"
OBS_00269,SYN_0269,1,0.91209078,0.51331892,10.0,28.69207611,0.30092524,0.0403545,0,train,"ILLUSTRATIVE SYNTHETIC DATA — fictional buyer population, not real counterparties"
OBS_00270,SYN_0270,1,1.25879308,0.53497775,7.0,15.82899633,0.18815064,0.04067588,0,train,"ILLUSTRATIVE SYNTHETIC DATA — fictional buyer population, not real counterparties"
OBS_00271,SYN_0271,1,0.14904681,0.69406206,17.0,12.05758272,0.09699802,0.07889849,0,train,"ILLUSTRATIVE SYNTHETIC DATA — fictional buyer population, not real counterparties"
OBS_00272,SYN_0272,1,2.40372747,0.90038035,13.0,46.64676495,0.65955462,0.11751619,0,test,"ILLUSTRATIVE SYNTHETIC DATA — fictional buyer population, not real counterparties"
OBS_00273,SYN_0273,1,-1.63293791,0.04542757,0.0,20.96791504,0.300486,0.01125775,0,test,"ILLUSTRATIVE SYNTHETIC DATA — fictional buyer population, not real counterparties"
OBS_00274,SYN_0274,1,0.53542082,0.48911519,3.0,77.23181328,0.27907734,0.01166024,0,train,"ILLUSTRATIVE SYNTHETIC DATA — fictional buyer population, not real counterparties"
OBS_00275,SYN_0275,1,0.86933932,1.04825828,8.0,3.83741062,0.39924075,0.18897503,0,train,"ILLUSTRATIVE SYNTHETIC DATA — fictional buyer population, not real counterparties"
OBS_00276,SYN_0276,1,1.42411975,0.66896369,11.0,18.96197601,0.22641423,0.06272555,0,train,"ILLUSTRATIVE SYNTHETIC DATA — fictional buyer population, not real counterparties"
OBS_00277,SYN_0277,1,-1.20499451,0.32392848,0.0,66.89394429,0.16413831,0.00740263,0,train,"ILLUSTRATIVE SYNTHETIC DATA — fictional buyer population, not real counterparties"
OBS_00278,SYN_0278,1,0.88843707,0.57219651,0.0,15.24558346,0.42477391,0.04653891,0,test,"ILLUSTRATIVE SYNTHETIC DATA — fictional buyer population, not real counterparties"
OBS_00279,SYN_0279,1,-0.72033503,0.02000736,0.0,61.71280666,0.14949598,0.00406694,0,train,"ILLUSTRATIVE SYNTHETIC DATA — fictional buyer population, not real counterparties"
OBS_00280,SYN_0280,1,0.65069377,0.77819098,4.0,10.49566326,0.13029605,0.06173379,0,train,"ILLUSTRATIVE SYNTHETIC DATA — fictional buyer population, not real counterparties"
OBS_00281,SYN_0281,1,2.13167859,0.55328324,16.0,29.79897637,0.25642125,0.05121319,0,test,"ILLUSTRATIVE SYNTHETIC DATA — fictional buyer population, not real counterparties"
OBS_00282,SYN_0282,1,1.33520993,0.59455035,29.0,30.3926441,0.42884257,0.11204131,0,train,"ILLUSTRATIVE SYNTHETIC DATA — fictional buyer population, not real counterparties"
OBS_00283,SYN_0283,1,-0.86575984,0.61488197,0.0,21.47172044,0.11755201,0.03018629,0,test,"ILLUSTRATIVE SYNTHETIC DATA — fictional buyer population, not real counterparties"
OBS_00284,SYN_0284,1,0.10393255,0.48863185,13.0,37.7800779,0.09983069,0.02785867,0,train,"ILLUSTRATIVE SYNTHETIC DATA — fictional buyer population, not real counterparties"
OBS_00285,SYN_0285,1,0.51642585,0.45923173,20.0,25.53660994,0.07077196,0.04120657,0,test,"ILLUSTRATIVE SYNTHETIC DATA — fictional buyer population, not real counterparties"
OBS_00286,SYN_0286,1,0.69520804,0.66589541,6.0,20.68326301,0.15550404,0.04543817,0,train,"ILLUSTRATIVE SYNTHETIC DATA — fictional buyer population, not real counterparties"
OBS_00287,SYN_0287,1,-0.88062811,0.22105516,0.0,90.99241692,0.07987369,0.00335503,0,test,"ILLUSTRATIVE SYNTHETIC DATA — fictional buyer population, not real counterparties"
OBS_00288,SYN_0288,1,-0.73232267,0.71531467,13.0,25.64078328,0.11556841,0.05738907,0,train,"ILLUSTRATIVE SYNTHETIC DATA — fictional buyer population, not real counterparties"
OBS_00289,SYN_0289,1,0.8939123,0.334755,4.0,13.71804093,0.5390191,0.03918895,1,train,"ILLUSTRATIVE SYNTHETIC DATA — fictional buyer population, not real counterparties"
OBS_00290,SYN_0290,1,0.43141029,0.59077347,48.0,10.31986945,0.1679299,0.21424932,0,test,"ILLUSTRATIVE SYNTHETIC DATA — fictional buyer population, not real counterparties"
OBS_00291,SYN_0291,1,-0.2894417,0.7094946,3.0,36.89056056,0.18027048,0.03435608,0,train,"ILLUSTRATIVE SYNTHETIC DATA — fictional buyer population, not real counterparties"
OBS_00292,SYN_0292,1,1.15891883,0.95195456,12.0,92.74388684,0.39663944,0.04045491,0,train,"ILLUSTRATIVE SYNTHETIC DATA — fictional buyer population, not real counterparties"
OBS_00293,SYN_0293,1,-0.32422246,0.39630222,13.0,145.35637186,0.14086992,0.00333002,0,train,"ILLUSTRATIVE SYNTHETIC DATA — fictional buyer population, not real counterparties"
OBS_00294,SYN_0294,1,-1.70881266,0.4643248,0.0,34.52786405,0.14519497,0.01781352,0,train,"ILLUSTRATIVE SYNTHETIC DATA — fictional buyer population, not real counterparties"
OBS_00295,SYN_0295,1,1.05480397,0.81145208,0.0,26.51648702,0.35995431,0.05807965,0,train,"ILLUSTRATIVE SYNTHETIC DATA — fictional buyer population, not real counterparties"
OBS_00296,SYN_0296,1,-0.63785254,0.77886045,0.0,71.35354798,0.07491624,0.01644803,0,train,"ILLUSTRATIVE SYNTHETIC DATA — fictional buyer population, not real counterparties"
OBS_00297,SYN_0297,1,0.5359913,0.62944782,0.0,16.41293945,0.10994104,0.03377156,0,train,"ILLUSTRATIVE SYNTHETIC DATA — fictional buyer population, not real counterparties"
OBS_00298,SYN_0298,1,0.84871022,0.54975327,0.0,70.35279294,0.38921547,0.01560674,0,test,"ILLUSTRATIVE SYNTHETIC DATA — fictional buyer population, not real counterparties"
OBS_00299,SYN_0299,1,-0.74787417,0.4027126,0.0,28.23549594,0.14237015,0.0173912,0,test,"ILLUSTRATIVE SYNTHETIC DATA — fictional buyer population, not real counterparties"
OBS_00300,SYN_0300,1,-0.0003196,0.2923053,0.0,8.51732881,0.15665533,0.01995766,0,test,"ILLUSTRATIVE SYNTHETIC DATA — fictional buyer population, not real counterparties"
OBS_00301,SYN_0001,2,-0.97193661,0.58175813,0.0,100.31071047,0.05149061,0.00604781,0,test,"ILLUSTRATIVE SYNTHETIC DATA — fictional buyer population, not real counterparties"
OBS_00302,SYN_0002,2,-0.88896545,0.42790628,0.0,47.10107735,0.06347905,0.0116688,0,train,"ILLUSTRATIVE SYNTHETIC DATA — fictional buyer population, not real counterparties"
OBS_00303,SYN_0003,2,-1.02520018,0.63609251,0.0,23.19409246,0.07017951,0.02873111,0,train,"ILLUSTRATIVE SYNTHETIC DATA — fictional buyer population, not real counterparties"
OBS_00304,SYN_0004,2,-0.26387752,0.26704244,0.0,68.3424942,0.30467957,0.00772192,0,train,"ILLUSTRATIVE SYNTHETIC DATA — fictional buyer population, not real counterparties"
OBS_00305,SYN_0005,2,-0.35580577,0.42660174,0.0,61.76738195,0.12192702,0.00963142,0,train,"ILLUSTRATIVE SYNTHETIC DATA — fictional buyer population, not real counterparties"
OBS_00306,SYN_0006,2,-0.44525982,0.20405212,8.0,59.56194518,0.16347101,0.00895803,0,test,"ILLUSTRATIVE SYNTHETIC DATA — fictional buyer population, not real counterparties"
OBS_00307,SYN_0007,2,-1.3010895,0.4641023,0.0,26.04731557,0.12060575,0.02009494,0,test,"ILLUSTRATIVE SYNTHETIC DATA — fictional buyer population, not real counterparties"
OBS_00308,SYN_0008,2,-0.52966119,0.35379761,2.0,73.49806872,0.0561925,0.00653245,0,test,"ILLUSTRATIVE SYNTHETIC DATA — fictional buyer population, not real counterparties"
OBS_00309,SYN_0009,2,0.94499485,0.48514382,10.0,20.33600778,0.2398818,0.04063414,0,train,"ILLUSTRATIVE SYNTHETIC DATA — fictional buyer population, not real counterparties"
OBS_00310,SYN_0010,2,-0.31438297,0.62419873,1.0,24.05256915,0.17896834,0.03322912,0,test,"ILLUSTRATIVE SYNTHETIC DATA — fictional buyer population, not real counterparties"
OBS_00311,SYN_0011,2,0.26173537,0.34436684,0.0,24.04862257,0.32293904,0.02116077,0,train,"ILLUSTRATIVE SYNTHETIC DATA — fictional buyer population, not real counterparties"
OBS_00312,SYN_0012,2,1.70554857,0.62431324,11.0,59.24394015,0.22572383,0.02781794,0,test,"ILLUSTRATIVE SYNTHETIC DATA — fictional buyer population, not real counterparties"
OBS_00313,SYN_0013,2,-1.63125673,0.24368679,0.0,89.61280205,0.08254448,0.00363304,0,train,"ILLUSTRATIVE SYNTHETIC DATA — fictional buyer population, not real counterparties"
OBS_00314,SYN_0014,2,-0.69370204,0.3498823,0.0,19.16168508,0.22895425,0.02058501,0,train,"ILLUSTRATIVE SYNTHETIC DATA — fictional buyer population, not real counterparties"
OBS_00315,SYN_0015,2,0.75582743,0.44993443,0.0,22.48416717,0.3605962,0.02883436,0,train,"ILLUSTRATIVE SYNTHETIC DATA — fictional buyer population, not real counterparties"
OBS_00316,SYN_0016,2,-0.27802157,0.33717867,0.0,35.97371603,0.17396382,0.0136507,0,train,"ILLUSTRATIVE SYNTHETIC DATA — fictional buyer population, not real counterparties"
OBS_00317,SYN_0017,2,-1.46600943,0.20574567,0.0,23.54861286,0.09889105,0.0115737,0,train,"ILLUSTRATIVE SYNTHETIC DATA — fictional buyer population, not real counterparties"
OBS_00318,SYN_0018,2,0.30223133,0.64336089,5.0,15.87007447,0.45029207,0.06696788,0,train,"ILLUSTRATIVE SYNTHETIC DATA — fictional buyer population, not real counterparties"
OBS_00319,SYN_0019,2,0.97550901,0.60514444,0.0,15.74129033,0.09864385,0.03194379,0,train,"ILLUSTRATIVE SYNTHETIC DATA — fictional buyer population, not real counterparties"
OBS_00320,SYN_0020,2,-0.07126457,0.6323942,12.0,93.32985169,0.29686823,0.01746927,0,train,"ILLUSTRATIVE SYNTHETIC DATA — fictional buyer population, not real counterparties"
OBS_00321,SYN_0021,2,-0.47004256,0.47560671,0.0,33.01648064,0.3548645,0.02500137,0,train,"ILLUSTRATIVE SYNTHETIC DATA — fictional buyer population, not real counterparties"
OBS_00322,SYN_0022,2,0.72005378,0.82041476,0.0,170.33009125,0.18951457,0.00340679,0,train,"ILLUSTRATIVE SYNTHETIC DATA — fictional buyer population, not real counterparties"
OBS_00323,SYN_0023,2,1.96947148,1.06667243,24.0,34.43242006,0.40728644,0.2100659,0,train,"ILLUSTRATIVE SYNTHETIC DATA — fictional buyer population, not real counterparties"
OBS_00324,SYN_0024,2,-0.07803987,0.42792932,0.0,48.44372571,0.06451371,0.01140121,0,train,"ILLUSTRATIVE SYNTHETIC DATA — fictional buyer population, not real counterparties"
OBS_00325,SYN_0025,2,-0.9825838,0.37986089,0.0,19.59711884,0.07045468,0.01754792,0,test,"ILLUSTRATIVE SYNTHETIC DATA — fictional buyer population, not real counterparties"
OBS_00326,SYN_0026,2,-0.36531372,0.47035061,0.0,9.77169099,0.04339916,0.02464324,0,train,"ILLUSTRATIVE SYNTHETIC DATA — fictional buyer population, not real counterparties"
OBS_00327,SYN_0027,2,-0.23075649,0.51830374,10.0,40.54473094,0.09282594,0.02486814,0,train,"ILLUSTRATIVE SYNTHETIC DATA — fictional buyer population, not real counterparties"
OBS_00328,SYN_0028,2,-0.84436642,0.41057757,47.0,34.21495466,0.07241837,0.08948282,0,train,"ILLUSTRATIVE SYNTHETIC DATA — fictional buyer population, not real counterparties"
OBS_00329,SYN_0029,2,-0.08521626,0.56434694,23.0,46.75249817,0.12965269,0.04297942,0,train,"ILLUSTRATIVE SYNTHETIC DATA — fictional buyer population, not real counterparties"
OBS_00330,SYN_0030,2,-2.27601856,0.42036169,0.0,47.56317016,0.11314185,0.01218707,0,train,"ILLUSTRATIVE SYNTHETIC DATA — fictional buyer population, not real counterparties"
OBS_00331,SYN_0031,2,-0.09532461,0.39027794,10.0,49.08173989,0.42331992,0.02529545,0,train,"ILLUSTRATIVE SYNTHETIC DATA — fictional buyer population, not real counterparties"
OBS_00332,SYN_0032,2,0.80086581,0.35154564,0.0,57.92429234,0.39704232,0.01281097,0,train,"ILLUSTRATIVE SYNTHETIC DATA — fictional buyer population, not real counterparties"
OBS_00333,SYN_0033,2,-0.05785585,0.41426085,0.0,51.9028395,0.10846145,0.01103082,0,test,"ILLUSTRATIVE SYNTHETIC DATA — fictional buyer population, not real counterparties"
OBS_00334,SYN_0034,2,1.00254809,0.3171619,28.0,26.30317772,0.14159436,0.04500221,0,train,"ILLUSTRATIVE SYNTHETIC DATA — fictional buyer population, not real counterparties"
OBS_00335,SYN_0035,2,0.49378487,0.59763647,0.0,27.90395385,0.2227867,0.02986553,0,train,"ILLUSTRATIVE SYNTHETIC DATA — fictional buyer population, not real counterparties"
OBS_00336,SYN_0036,2,1.23519406,0.77747047,7.0,43.84650281,0.27600929,0.04663317,0,train,"ILLUSTRATIVE SYNTHETIC DATA — fictional buyer population, not real counterparties"
OBS_00337,SYN_0037,2,0.32137738,0.825204,0.0,76.64789944,0.05392161,0.01605824,0,train,"ILLUSTRATIVE SYNTHETIC DATA — fictional buyer population, not real counterparties"
OBS_00338,SYN_0038,2,0.55070096,0.79159385,0.0,36.99975598,0.16104818,0.03545636,0,test,"ILLUSTRATIVE SYNTHETIC DATA — fictional buyer population, not real counterparties"
OBS_00339,SYN_0039,2,-0.42985911,0.18802518,0.0,31.5131089,0.29142845,0.01254351,0,train,"ILLUSTRATIVE SYNTHETIC DATA — fictional buyer population, not real counterparties"
OBS_00340,SYN_0040,2,0.83663492,0.83315618,0.0,17.21545906,0.14321813,0.05377695,0,train,"ILLUSTRATIVE SYNTHETIC DATA — fictional buyer population, not real counterparties"
OBS_00341,SYN_0041,2,0.68442088,0.63572636,65.0,23.56143005,0.21874955,0.33512328,0,train,"ILLUSTRATIVE SYNTHETIC DATA — fictional buyer population, not real counterparties"
OBS_00342,SYN_0042,2,0.1464648,0.50503579,3.0,53.26461822,0.11104677,0.01486921,0,test,"ILLUSTRATIVE SYNTHETIC DATA — fictional buyer population, not real counterparties"
OBS_00343,SYN_0043,2,-1.0859714,0.20997506,16.0,37.29990455,0.13539074,0.01809438,0,test,"ILLUSTRATIVE SYNTHETIC DATA — fictional buyer population, not real counterparties"
OBS_00344,SYN_0044,2,0.36837233,0.30229624,20.0,57.39649219,0.18005064,0.01913373,0,test,"ILLUSTRATIVE SYNTHETIC DATA — fictional buyer population, not real counterparties"
OBS_00345,SYN_0045,2,-1.86610343,0.0,0.0,80.27187211,0.03739332,0.00235884,0,train,"ILLUSTRATIVE SYNTHETIC DATA — fictional buyer population, not real counterparties"
OBS_00346,SYN_0046,2,0.13986389,0.52403856,0.0,38.68660131,0.03645283,0.01620833,0,train,"ILLUSTRATIVE SYNTHETIC DATA — fictional buyer population, not real counterparties"
OBS_00347,SYN_0047,2,-0.09740044,0.19815801,0.0,72.50902849,0.52129704,0.00829,0,test,"ILLUSTRATIVE SYNTHETIC DATA — fictional buyer population, not real counterparties"
OBS_00348,SYN_0048,2,-0.26983995,0.55699569,5.0,29.61549441,0.18056662,0.03048626,0,train,"ILLUSTRATIVE SYNTHETIC DATA — fictional buyer population, not real counterparties"
OBS_00349,SYN_0049,2,-0.5594288,0.27949842,1.0,23.75931869,0.10592579,0.01425424,0,test,"ILLUSTRATIVE SYNTHETIC DATA — fictional buyer population, not real counterparties"
OBS_00350,SYN_0050,2,0.81076185,0.89409839,1.0,59.60839078,0.17766171,0.03133241,0,train,"ILLUSTRATIVE SYNTHETIC DATA — fictional buyer population, not real counterparties"
OBS_00351,SYN_0051,2,-1.06873881,0.74466107,7.0,16.54361419,0.03652268,0.05127549,0,train,"ILLUSTRATIVE SYNTHETIC DATA — fictional buyer population, not real counterparties"
OBS_00352,SYN_0052,2,-0.55669468,0.6724859,0.0,41.44889348,0.20802002,0.02695613,0,test,"ILLUSTRATIVE SYNTHETIC DATA — fictional buyer population, not real counterparties"
OBS_00353,SYN_0053,2,1.09453646,0.64470781,4.0,32.56345437,0.4255809,0.04667609,0,test,"ILLUSTRATIVE SYNTHETIC DATA — fictional buyer population, not real counterparties"
OBS_00354,SYN_0054,2,0.0121293,0.49307434,0.0,32.30540414,0.37872929,0.02717383,0,train,"ILLUSTRATIVE SYNTHETIC DATA — fictional buyer population, not real counterparties"
OBS_00355,SYN_0055,2,0.49968091,0.38864464,8.0,7.42868836,0.10817136,0.0322282,0,train,"ILLUSTRATIVE SYNTHETIC DATA — fictional buyer population, not real counterparties"
OBS_00356,SYN_0056,2,-0.62697615,0.3373866,0.0,174.79281519,0.05943577,0.00089195,0,train,"ILLUSTRATIVE SYNTHETIC DATA — fictional buyer population, not real counterparties"
OBS_00357,SYN_0057,2,-0.74126557,0.4121502,0.0,38.31287302,0.21936303,0.01641559,0,train,"ILLUSTRATIVE SYNTHETIC DATA — fictional buyer population, not real counterparties"
OBS_00358,SYN_0058,2,-0.18296089,0.63893779,0.0,13.7906728,0.14997082,0.03812931,1,test,"ILLUSTRATIVE SYNTHETIC DATA — fictional buyer population, not real counterparties"
OBS_00359,SYN_0059,2,-0.51890921,0.48252781,0.0,30.52298185,0.01783408,0.01674556,0,test,"ILLUSTRATIVE SYNTHETIC DATA — fictional buyer population, not real counterparties"
OBS_00360,SYN_0060,2,0.96599433,0.61785155,0.0,27.37791274,0.04988788,0.02490453,0,train,"ILLUSTRATIVE SYNTHETIC DATA — fictional buyer population, not real counterparties"
OBS_00361,SYN_0061,2,0.07253762,0.57435384,0.0,29.93398776,0.18559185,0.02602275,0,train,"ILLUSTRATIVE SYNTHETIC DATA — fictional buyer population, not real counterparties"
OBS_00362,SYN_0062,2,-1.70174319,0.29716605,0.0,110.61368637,0.00903265,0.00250248,0,train,"ILLUSTRATIVE SYNTHETIC DATA — fictional buyer population, not real counterparties"
OBS_00363,SYN_0063,2,0.14020627,0.58842832,0.0,32.1998468,0.06657544,0.02189231,0,train,"ILLUSTRATIVE SYNTHETIC DATA — fictional buyer population, not real counterparties"
OBS_00364,SYN_0064,2,1.31423555,0.76852769,8.0,23.22738466,0.25615224,0.06651917,0,train,"ILLUSTRATIVE SYNTHETIC DATA — fictional buyer population, not real counterparties"
OBS_00365,SYN_0065,2,-0.35156418,0.78322617,0.0,29.9679874,0.13010252,0.03788726,0,train,"ILLUSTRATIVE SYNTHETIC DATA — fictional buyer population, not real counterparties"
OBS_00366,SYN_0066,2,-1.39096964,0.46678295,0.0,21.92774173,0.13762039,0.02229988,0,test,"ILLUSTRATIVE SYNTHETIC DATA — fictional buyer population, not real counterparties"
OBS_00367,SYN_0067,2,0.10262531,0.83321846,0.0,21.19854692,0.13163571,0.04937155,0,train,"ILLUSTRATIVE SYNTHETIC DATA — fictional buyer population, not real counterparties"
OBS_00368,SYN_0068,2,-0.83767937,0.57357371,1.0,26.03023885,0.03472287,0.02361726,0,train,"ILLUSTRATIVE SYNTHETIC DATA — fictional buyer population, not real counterparties"
OBS_00369,SYN_0069,2,-1.66388886,0.37274963,0.0,74.44924774,0.01228436,0.00581042,0,train,"ILLUSTRATIVE SYNTHETIC DATA — fictional buyer population, not real counterparties"
OBS_00370,SYN_0070,2,1.27249463,0.68384836,2.0,19.29803781,0.402202,0.05751488,0,train,"ILLUSTRATIVE SYNTHETIC DATA — fictional buyer population, not real counterparties"
OBS_00371,SYN_0071,2,-0.41377738,0.14280741,0.0,83.84702704,0.03852881,0.00303819,0,train,"ILLUSTRATIVE SYNTHETIC DATA — fictional buyer population, not real counterparties"
OBS_00372,SYN_0072,2,-1.04110556,0.40855843,0.0,50.97706296,0.07196599,0.01053474,0,test,"ILLUSTRATIVE SYNTHETIC DATA — fictional buyer population, not real counterparties"
OBS_00373,SYN_0073,2,0.07431996,0.29650944,0.0,19.080667,0.14052859,0.01624536,0,train,"ILLUSTRATIVE SYNTHETIC DATA — fictional buyer population, not real counterparties"
OBS_00374,SYN_0074,2,2.03693342,0.46062193,76.0,10.15804753,0.596935,0.53692599,0,train,"ILLUSTRATIVE SYNTHETIC DATA — fictional buyer population, not real counterparties"
OBS_00375,SYN_0075,2,-1.71890001,0.35387964,0.0,60.7562274,0.09089914,0.00800316,0,train,"ILLUSTRATIVE SYNTHETIC DATA — fictional buyer population, not real counterparties"
OBS_00376,SYN_0076,2,0.86386125,0.47606556,5.0,69.33394595,0.12673181,0.01149904,0,train,"ILLUSTRATIVE SYNTHETIC DATA — fictional buyer population, not real counterparties"
OBS_00377,SYN_0077,2,0.62471848,0.09392429,0.0,60.98609355,0.1002047,0.00453572,0,train,"ILLUSTRATIVE SYNTHETIC DATA — fictional buyer population, not real counterparties"
OBS_00378,SYN_0078,2,-0.41777354,0.4401268,0.0,30.30124116,0.1088193,0.01736018,0,test,"ILLUSTRATIVE SYNTHETIC DATA — fictional buyer population, not real counterparties"
OBS_00379,SYN_0079,2,-0.8249881,0.20290752,0.0,17.59285829,0.03610642,0.01176592,0,train,"ILLUSTRATIVE SYNTHETIC DATA — fictional buyer population, not real counterparties"
OBS_00380,SYN_0080,2,-0.82527742,0.70583848,0.0,85.7467821,0.19406706,0.01267926,0,train,"ILLUSTRATIVE SYNTHETIC DATA — fictional buyer population, not real counterparties"
OBS_00381,SYN_0081,2,0.01960765,0.25221373,0.0,37.52841515,0.0439336,0.00918955,0,train,"ILLUSTRATIVE SYNTHETIC DATA — fictional buyer population, not real counterparties"
OBS_00382,SYN_0082,2,-0.81612067,0.52081785,24.0,89.64711806,0.41738207,0.02778201,0,train,"ILLUSTRATIVE SYNTHETIC DATA — fictional buyer population, not real counterparties"
OBS_00383,SYN_0083,2,0.47134961,0.44733119,5.0,21.27218011,0.02594374,0.02263893,0,train,"ILLUSTRATIVE SYNTHETIC DATA — fictional buyer population, not real counterparties"
OBS_00384,SYN_0084,2,0.18557703,0.40238346,0.0,26.6501433,0.09684452,0.01680504,0,train,"ILLUSTRATIVE SYNTHETIC DATA — fictional buyer population, not real counterparties"
OBS_00385,SYN_0085,2,1.38280953,0.61894981,56.0,21.83238614,0.32975198,0.28901631,0,train,"ILLUSTRATIVE SYNTHETIC DATA — fictional buyer population, not real counterparties"
OBS_00386,SYN_0086,2,-0.48430854,0.33759193,0.0,40.75317445,0.25033607,0.01390597,0,test,"ILLUSTRATIVE SYNTHETIC DATA — fictional buyer population, not real counterparties"
OBS_00387,SYN_0087,2,-0.88423445,0.62915023,5.0,54.10641257,0.1220376,0.02112953,0,train,"ILLUSTRATIVE SYNTHETIC DATA — fictional buyer population, not real counterparties"
OBS_00388,SYN_0088,2,-0.91107941,0.34321108,18.0,38.18159466,0.01279834,0.02181234,0,test,"ILLUSTRATIVE SYNTHETIC DATA — fictional buyer population, not real counterparties"
OBS_00389,SYN_0089,2,1.41667837,0.74544319,19.0,10.83923397,0.40849688,0.14140744,0,train,"ILLUSTRATIVE SYNTHETIC DATA — fictional buyer population, not real counterparties"
OBS_00390,SYN_0090,2,-0.48491164,0.25693037,5.0,35.73431732,0.06834358,0.01213177,0,train,"ILLUSTRATIVE SYNTHETIC DATA — fictional buyer population, not real counterparties"
OBS_00391,SYN_0091,2,-0.63335528,0.26320503,12.0,155.46156854,0.09442867,0.001848,0,train,"ILLUSTRATIVE SYNTHETIC DATA — fictional buyer population, not real counterparties"
OBS_00392,SYN_0092,2,-0.85283985,0.79826042,0.0,24.68473951,0.16871454,0.04527103,0,train,"ILLUSTRATIVE SYNTHETIC DATA — fictional buyer population, not real counterparties"
OBS_00393,SYN_0093,2,0.15902739,0.55357517,0.0,39.7068191,0.18464425,0.02079892,0,train,"ILLUSTRATIVE SYNTHETIC DATA — fictional buyer population, not real counterparties"
OBS_00394,SYN_0094,2,1.29951612,0.40067223,17.0,17.4335361,0.37297747,0.0559172,0,train,"ILLUSTRATIVE SYNTHETIC DATA — fictional buyer population, not real counterparties"
OBS_00395,SYN_0095,2,-0.02719441,0.63901051,0.0,72.77687372,0.25169,0.01503189,0,train,"ILLUSTRATIVE SYNTHETIC DATA — fictional buyer population, not real counterparties"
OBS_00396,SYN_0096,2,0.86761943,0.81668265,22.0,97.41993982,0.32695182,0.03743462,0,train,"ILLUSTRATIVE SYNTHETIC DATA — fictional buyer population, not real counterparties"
OBS_00397,SYN_0097,2,-2.50165834,0.14500973,0.0,57.9786855,0.11114662,0.00545357,0,test,"ILLUSTRATIVE SYNTHETIC DATA — fictional buyer population, not real counterparties"
OBS_00398,SYN_0098,2,0.25887029,0.69479721,2.0,17.21312643,0.05665006,0.03855968,0,train,"ILLUSTRATIVE SYNTHETIC DATA — fictional buyer population, not real counterparties"
OBS_00399,SYN_0099,2,-1.09117763,0.24991502,0.0,59.07709227,0.22390201,0.00788589,0,test,"ILLUSTRATIVE SYNTHETIC DATA — fictional buyer population, not real counterparties"
OBS_00400,SYN_0100,2,0.56338105,0.6033251,0.0,15.0784562,0.06753974,0.03087287,0,train,"ILLUSTRATIVE SYNTHETIC DATA — fictional buyer population, not real counterparties"
OBS_00401,SYN_0101,2,-0.91626492,0.48514835,0.0,81.19508495,0.33936638,0.01035609,0,test,"ILLUSTRATIVE SYNTHETIC DATA — fictional buyer population, not real counterparties"
OBS_00402,SYN_0102,2,0.30186271,0.51609316,1.0,85.30339152,0.09559342,0.0076356,0,test,"ILLUSTRATIVE SYNTHETIC DATA — fictional buyer population, not real counterparties"
OBS_00403,SYN_0103,2,0.25907537,0.73251679,0.0,46.29512877,0.16561845,0.02655452,0,train,"ILLUSTRATIVE SYNTHETIC DATA — fictional buyer population, not real counterparties"
OBS_00404,SYN_0104,2,1.3946512,0.5024169,0.0,12.01624916,0.20698167,0.03168056,0,train,"ILLUSTRATIVE SYNTHETIC DATA — fictional buyer population, not real counterparties"
OBS_00405,SYN_0105,2,-1.22581875,0.45538865,0.0,74.86968384,0.04115271,0.0072079,0,test,"ILLUSTRATIVE SYNTHETIC DATA — fictional buyer population, not real counterparties"
OBS_00406,SYN_0106,2,0.42329866,0.68595129,2.0,13.72119746,0.08450462,0.04180237,0,train,"ILLUSTRATIVE SYNTHETIC DATA — fictional buyer population, not real counterparties"
OBS_00407,SYN_0107,2,-0.38557122,0.40347464,14.0,18.92148961,0.03413163,0.03097907,0,train,"ILLUSTRATIVE SYNTHETIC DATA — fictional buyer population, not real counterparties"
OBS_00408,SYN_0108,2,-0.80565117,0.20264321,0.0,124.68206024,0.11131938,0.00180113,0,train,"ILLUSTRATIVE SYNTHETIC DATA — fictional buyer population, not real counterparties"
OBS_00409,SYN_0109,2,-0.72202887,0.36701645,0.0,48.03557753,0.24031511,0.01280289,0,train,"ILLUSTRATIVE SYNTHETIC DATA — fictional buyer population, not real counterparties"
OBS_00410,SYN_0110,2,-0.55046035,0.49205713,7.0,14.90724952,0.10820824,0.03386384,0,train,"ILLUSTRATIVE SYNTHETIC DATA — fictional buyer population, not real counterparties"
OBS_00411,SYN_0111,2,1.54362585,0.65390246,24.0,23.3273462,0.34790055,0.10696782,0,test,"ILLUSTRATIVE SYNTHETIC DATA — fictional buyer population, not real counterparties"
OBS_00412,SYN_0112,2,1.62246793,0.90277329,39.0,25.72095237,0.20334,0.23056776,0,train,"ILLUSTRATIVE SYNTHETIC DATA — fictional buyer population, not real counterparties"
OBS_00413,SYN_0113,2,1.77187954,1.26993907,1.0,94.28267076,0.08917642,0.03353513,0,test,"ILLUSTRATIVE SYNTHETIC DATA — fictional buyer population, not real counterparties"
OBS_00414,SYN_0114,2,-0.03266269,0.31061487,0.0,50.47722417,0.12705342,0.0092416,0,train,"ILLUSTRATIVE SYNTHETIC DATA — fictional buyer population, not real counterparties"
OBS_00415,SYN_0115,2,2.32808883,0.71549647,61.0,52.05048752,0.10197195,0.20387316,1,train,"ILLUSTRATIVE SYNTHETIC DATA — fictional buyer population, not real counterparties"
OBS_00416,SYN_0116,2,-0.9778709,0.34434676,0.0,50.23555855,0.18206483,0.01079193,0,test,"ILLUSTRATIVE SYNTHETIC DATA — fictional buyer population, not real counterparties"
OBS_00417,SYN_0117,2,-0.34703694,0.48102828,0.0,57.93495245,0.1271048,0.01173824,0,train,"ILLUSTRATIVE SYNTHETIC DATA — fictional buyer population, not real counterparties"
OBS_00418,SYN_0118,2,-0.63690759,0.26970499,0.0,34.36231007,0.22821997,0.01306085,0,train,"ILLUSTRATIVE SYNTHETIC DATA — fictional buyer population, not real counterparties"
OBS_00419,SYN_0119,2,-0.45745896,0.59228946,0.0,31.28438325,0.34070033,0.03258666,0,test,"ILLUSTRATIVE SYNTHETIC DATA — fictional buyer population, not real counterparties"
OBS_00420,SYN_0120,2,1.24440755,0.72877797,3.0,6.75332669,0.1538199,0.05899235,0,test,"ILLUSTRATIVE SYNTHETIC DATA — fictional buyer population, not real counterparties"
OBS_00421,SYN_0121,2,0.73960094,0.97009779,18.0,39.61754352,0.10787913,0.09127349,0,train,"ILLUSTRATIVE SYNTHETIC DATA — fictional buyer population, not real counterparties"
OBS_00422,SYN_0122,2,0.04575775,0.39551969,0.0,15.66051945,0.23946057,0.02458405,0,test,"ILLUSTRATIVE SYNTHETIC DATA — fictional buyer population, not real counterparties"
OBS_00423,SYN_0123,2,-0.93290997,0.38037702,0.0,51.20094026,0.12393801,0.01059316,0,train,"ILLUSTRATIVE SYNTHETIC DATA — fictional buyer population, not real counterparties"
OBS_00424,SYN_0124,2,-2.94672687,0.1864306,0.0,35.0862325,0.0076806,0.0079036,0,train,"ILLUSTRATIVE SYNTHETIC DATA — fictional buyer population, not real counterparties"
OBS_00425,SYN_0125,2,0.37024902,0.52525908,0.0,19.56913596,0.07041049,0.02412206,0,train,"ILLUSTRATIVE SYNTHETIC DATA — fictional buyer population, not real counterparties"
OBS_00426,SYN_0126,2,0.07857278,0.50770888,10.0,73.88037011,0.08323073,0.01304881,0,train,"ILLUSTRATIVE SYNTHETIC DATA — fictional buyer population, not real counterparties"
OBS_00427,SYN_0127,2,-0.19717868,0.18968438,0.0,32.94178544,0.10762515,0.00951165,0,train,"ILLUSTRATIVE SYNTHETIC DATA — fictional buyer population, not real counterparties"
OBS_00428,SYN_0128,2,0.04631254,0.28241663,19.0,31.95770656,0.08015904,0.02440026,0,train,"ILLUSTRATIVE SYNTHETIC DATA — fictional buyer population, not real counterparties"
OBS_00429,SYN_0129,2,0.29309909,0.43975286,6.0,18.90826265,0.17453863,0.02960062,0,train,"ILLUSTRATIVE SYNTHETIC DATA — fictional buyer population, not real counterparties"
OBS_00430,SYN_0130,2,-0.53679739,0.32150349,0.0,39.60620237,0.09941969,0.01112988,0,test,"ILLUSTRATIVE SYNTHETIC DATA — fictional buyer population, not real counterparties"
OBS_00431,SYN_0131,2,0.66184337,0.79643436,19.0,32.87604052,0.2904572,0.09409572,0,train,"ILLUSTRATIVE SYNTHETIC DATA — fictional buyer population, not real counterparties"
OBS_00432,SYN_0132,2,-1.39073308,0.19685635,0.0,40.78506041,0.053023,0.00775342,0,train,"ILLUSTRATIVE SYNTHETIC DATA — fictional buyer population, not real counterparties"
OBS_00433,SYN_0133,2,0.97004107,0.47413459,0.0,14.32900843,0.32432232,0.03350512,0,train,"ILLUSTRATIVE SYNTHETIC DATA — fictional buyer population, not real counterparties"
OBS_00434,SYN_0134,2,-1.9720333,0.0,0.0,19.81387042,0.05354037,0.00738845,0,train,"ILLUSTRATIVE SYNTHETIC DATA — fictional buyer population, not real counterparties"
OBS_00435,SYN_0135,2,-0.72506868,0.33468862,0.0,52.46444476,0.08970108,0.0089227,0,test,"ILLUSTRATIVE SYNTHETIC DATA — fictional buyer population, not real counterparties"
OBS_00436,SYN_0136,2,-0.4578526,0.4839834,0.0,65.39835729,0.06546845,0.00945764,0,train,"ILLUSTRATIVE SYNTHETIC DATA — fictional buyer population, not real counterparties"
OBS_00437,SYN_0137,2,-0.86960009,0.33066857,0.0,23.46715142,0.0423525,0.01411744,0,train,"ILLUSTRATIVE SYNTHETIC DATA — fictional buyer population, not real counterparties"
OBS_00438,SYN_0138,2,-1.14139904,0.47567548,0.0,180.0,0.13367036,0.00122242,0,train,"ILLUSTRATIVE SYNTHETIC DATA — fictional buyer population, not real counterparties"
OBS_00439,SYN_0139,2,-1.1460392,0.37547116,0.0,45.40433589,0.03322484,0.01028391,0,train,"ILLUSTRATIVE SYNTHETIC DATA — fictional buyer population, not real counterparties"
OBS_00440,SYN_0140,2,-0.87423002,0.69289871,0.0,27.57397365,0.07724033,0.03031171,0,test,"ILLUSTRATIVE SYNTHETIC DATA — fictional buyer population, not real counterparties"
OBS_00441,SYN_0141,2,1.17198965,0.88377336,29.0,21.56522198,0.52883646,0.24586791,0,test,"ILLUSTRATIVE SYNTHETIC DATA — fictional buyer population, not real counterparties"
OBS_00442,SYN_0142,2,-0.29698273,0.34717185,0.0,35.6764006,0.05114112,0.01184362,0,train,"ILLUSTRATIVE SYNTHETIC DATA — fictional buyer population, not real counterparties"
OBS_00443,SYN_0143,2,-0.52709029,0.38573748,0.0,35.17120777,0.16635575,0.01525351,0,test,"ILLUSTRATIVE SYNTHETIC DATA — fictional buyer population, not real counterparties"
OBS_00444,SYN_0144,2,0.77969094,0.61881169,0.0,40.25049923,0.29269818,0.02750876,0,train,"ILLUSTRATIVE SYNTHETIC DATA — fictional buyer population, not real counterparties"
OBS_00445,SYN_0145,2,-1.93044212,0.0,0.0,77.98789552,0.05104845,0.00250823,0,train,"ILLUSTRATIVE SYNTHETIC DATA — fictional buyer population, not real counterparties"
OBS_00446,SYN_0146,2,-0.77102685,0.56359901,9.0,17.38827219,0.01964285,0.03625886,0,test,"ILLUSTRATIVE SYNTHETIC DATA — fictional buyer population, not real counterparties"
OBS_00447,SYN_0147,2,0.57342709,0.66183881,2.0,11.92502554,0.75253346,0.09806995,0,test,"ILLUSTRATIVE SYNTHETIC DATA — fictional buyer population, not real counterparties"
OBS_00448,SYN_0148,2,-0.26423719,0.57666133,0.0,14.53684015,0.17750805,0.03414983,0,train,"ILLUSTRATIVE SYNTHETIC DATA — fictional buyer population, not real counterparties"
OBS_00449,SYN_0149,2,1.05962362,0.27280823,38.0,42.91966522,0.2742895,0.05355337,0,train,"ILLUSTRATIVE SYNTHETIC DATA — fictional buyer population, not real counterparties"
OBS_00450,SYN_0150,2,-0.19688974,0.44196369,0.0,65.1407585,0.35142267,0.01285926,0,train,"ILLUSTRATIVE SYNTHETIC DATA — fictional buyer population, not real counterparties"
OBS_00451,SYN_0151,2,-0.3232933,0.65182079,2.0,29.121794,0.26436969,0.03756995,0,train,"ILLUSTRATIVE SYNTHETIC DATA — fictional buyer population, not real counterparties"
OBS_00452,SYN_0152,2,1.3281322,0.75066493,24.0,18.03187381,0.62066859,0.19364796,0,test,"ILLUSTRATIVE SYNTHETIC DATA — fictional buyer population, not real counterparties"
OBS_00453,SYN_0153,2,-1.62072761,0.33995114,0.0,15.27054149,0.03448542,0.01656126,0,test,"ILLUSTRATIVE SYNTHETIC DATA — fictional buyer population, not real counterparties"
OBS_00454,SYN_0154,2,0.71186593,0.55152699,13.0,30.73460558,0.14466986,0.03848174,0,train,"ILLUSTRATIVE SYNTHETIC DATA — fictional buyer population, not real counterparties"
OBS_00455,SYN_0155,2,1.33439241,0.70805097,10.0,10.85060711,0.25680453,0.07840446,0,train,"ILLUSTRATIVE SYNTHETIC DATA — fictional buyer population, not real counterparties"
OBS_00456,SYN_0156,2,-0.6452052,0.39747274,1.0,13.89542446,0.34544556,0.0306227,0,train,"ILLUSTRATIVE SYNTHETIC DATA — fictional buyer population, not real counterparties"
OBS_00457,SYN_0157,2,0.75444459,0.5272243,31.0,17.69473448,0.10470925,0.08658277,0,test,"ILLUSTRATIVE SYNTHETIC DATA — fictional buyer population, not real counterparties"
OBS_00458,SYN_0158,2,0.51350242,0.80696878,0.0,37.22721834,0.31681173,0.04497736,0,train,"ILLUSTRATIVE SYNTHETIC DATA — fictional buyer population, not real counterparties"
OBS_00459,SYN_0159,2,0.95714074,0.72740009,6.0,16.73341395,0.05088709,0.04831821,0,train,"ILLUSTRATIVE SYNTHETIC DATA — fictional buyer population, not real counterparties"
OBS_00460,SYN_0160,2,-0.05469931,0.56497563,0.0,21.76974117,0.03292392,0.02401195,0,train,"ILLUSTRATIVE SYNTHETIC DATA — fictional buyer population, not real counterparties"
OBS_00461,SYN_0161,2,-0.26150471,0.37667394,0.0,39.15174414,0.36990773,0.01839103,0,train,"ILLUSTRATIVE SYNTHETIC DATA — fictional buyer population, not real counterparties"
OBS_00462,SYN_0162,2,-0.37868786,0.75140006,3.0,60.87109009,0.37979917,0.03199782,0,train,"ILLUSTRATIVE SYNTHETIC DATA — fictional buyer population, not real counterparties"
OBS_00463,SYN_0163,2,0.51530616,0.97509408,0.0,22.62340315,0.02773506,0.05663255,0,train,"ILLUSTRATIVE SYNTHETIC DATA — fictional buyer population, not real counterparties"
OBS_00464,SYN_0164,2,0.12530409,0.29775651,0.0,50.49615858,0.07200926,0.00832006,0,train,"ILLUSTRATIVE SYNTHETIC DATA — fictional buyer population, not real counterparties"
OBS_00465,SYN_0165,2,0.04250325,0.34932197,9.0,43.28787794,0.25103077,0.01952191,0,test,"ILLUSTRATIVE SYNTHETIC DATA — fictional buyer population, not real counterparties"
OBS_00466,SYN_0166,2,0.15983464,0.51613273,0.0,51.001794,0.24958294,0.01704577,0,train,"ILLUSTRATIVE SYNTHETIC DATA — fictional buyer population, not real counterparties"
OBS_00467,SYN_0167,2,-0.25322387,0.73795775,0.0,58.0956208,0.19435171,0.02255961,0,train,"ILLUSTRATIVE SYNTHETIC DATA — fictional buyer population, not real counterparties"
OBS_00468,SYN_0168,2,-0.53084654,0.20867343,1.0,19.71513214,0.05685649,0.01227593,0,test,"ILLUSTRATIVE SYNTHETIC DATA — fictional buyer population, not real counterparties"
OBS_00469,SYN_0169,2,0.40581699,0.66600462,0.0,44.09960313,0.16758871,0.02397494,0,test,"ILLUSTRATIVE SYNTHETIC DATA — fictional buyer population, not real counterparties"
OBS_00470,SYN_0170,2,0.0582151,0.53785378,13.0,22.08717479,0.22862699,0.04876729,0,train,"ILLUSTRATIVE SYNTHETIC DATA — fictional buyer population, not real counterparties"
OBS_00471,SYN_0171,2,0.60956424,0.62344747,0.0,20.29770136,0.08617573,0.03010129,0,train,"ILLUSTRATIVE SYNTHETIC DATA — fictional buyer population, not real counterparties"
OBS_00472,SYN_0172,2,1.76235738,0.61675273,2.0,18.66948255,0.2476402,0.04107054,0,train,"ILLUSTRATIVE SYNTHETIC DATA — fictional buyer population, not real counterparties"
OBS_00473,SYN_0173,2,0.91220596,0.54302074,20.0,58.36496333,0.1187805,0.02921384,1,train,"ILLUSTRATIVE SYNTHETIC DATA — fictional buyer population, not real counterparties"
OBS_00474,SYN_0174,2,0.36262613,0.60636121,0.0,23.70850685,0.17985416,0.03097084,0,train,"ILLUSTRATIVE SYNTHETIC DATA — fictional buyer population, not real counterparties"
OBS_00475,SYN_0175,2,1.08085995,0.50142381,0.0,22.00481754,0.30729128,0.0302477,0,train,"ILLUSTRATIVE SYNTHETIC DATA — fictional buyer population, not real counterparties"
OBS_00476,SYN_0176,2,-0.57754463,0.17806786,0.0,65.85393595,0.22659944,0.0059563,0,test,"ILLUSTRATIVE SYNTHETIC DATA — fictional buyer population, not real counterparties"
OBS_00477,SYN_0177,2,1.76562729,1.13393332,26.0,70.58448775,0.12200614,0.10300077,0,test,"ILLUSTRATIVE SYNTHETIC DATA — fictional buyer population, not real counterparties"
OBS_00478,SYN_0178,2,0.04405163,0.38871597,3.0,24.9226474,0.17597292,0.02113895,0,train,"ILLUSTRATIVE SYNTHETIC DATA — fictional buyer population, not real counterparties"
OBS_00479,SYN_0179,2,2.41020314,0.72801017,0.0,12.98666371,0.21115128,0.0507539,0,train,"ILLUSTRATIVE SYNTHETIC DATA — fictional buyer population, not real counterparties"
OBS_00480,SYN_0180,2,2.23985436,0.69416399,1.0,30.54083471,0.68162187,0.06707303,0,train,"ILLUSTRATIVE SYNTHETIC DATA — fictional buyer population, not real counterparties"
OBS_00481,SYN_0181,2,-0.02716069,0.4395914,25.0,61.88964967,0.0563963,0.02450044,0,train,"ILLUSTRATIVE SYNTHETIC DATA — fictional buyer population, not real counterparties"
OBS_00482,SYN_0182,2,0.73966896,0.30132628,13.0,23.97091416,0.14341767,0.02526825,0,train,"ILLUSTRATIVE SYNTHETIC DATA — fictional buyer population, not real counterparties"
OBS_00483,SYN_0183,2,0.61571636,0.73160319,0.0,20.83809295,0.03202781,0.0349923,0,train,"ILLUSTRATIVE SYNTHETIC DATA — fictional buyer population, not real counterparties"
OBS_00484,SYN_0184,2,-0.32863409,0.24414974,0.0,19.67597718,0.19489178,0.01543599,0,train,"ILLUSTRATIVE SYNTHETIC DATA — fictional buyer population, not real counterparties"
OBS_00485,SYN_0185,2,-0.0029733,0.3685593,28.0,21.13532486,0.26505378,0.06466647,1,train,"ILLUSTRATIVE SYNTHETIC DATA — fictional buyer population, not real counterparties"
OBS_00486,SYN_0186,2,1.14107932,0.67979091,18.0,33.40456706,0.21207834,0.06387495,0,train,"ILLUSTRATIVE SYNTHETIC DATA — fictional buyer population, not real counterparties"
OBS_00487,SYN_0187,2,0.86852113,0.81682539,0.0,36.07610722,0.10526329,0.0353032,0,train,"ILLUSTRATIVE SYNTHETIC DATA — fictional buyer population, not real counterparties"
OBS_00488,SYN_0188,2,-1.51240714,0.27149117,0.0,19.6240168,0.08247531,0.01405481,1,train,"ILLUSTRATIVE SYNTHETIC DATA — fictional buyer population, not real counterparties"
OBS_00489,SYN_0189,2,1.41348077,0.88581542,5.0,31.72365891,0.29396003,0.06872128,0,train,"ILLUSTRATIVE SYNTHETIC DATA — fictional buyer population, not real counterparties"
OBS_00490,SYN_0190,2,-0.33009739,0.42241837,19.0,14.05203341,0.16792282,0.05115272,0,train,"ILLUSTRATIVE SYNTHETIC DATA — fictional buyer population, not real counterparties"
OBS_00491,SYN_0191,2,0.6774823,0.81057492,0.0,17.07755627,0.11836363,0.0497273,0,test,"ILLUSTRATIVE SYNTHETIC DATA — fictional buyer population, not real counterparties"
OBS_00492,SYN_0192,2,1.12410569,0.93667534,4.0,11.84084097,0.19370978,0.09079715,0,test,"ILLUSTRATIVE SYNTHETIC DATA — fictional buyer population, not real counterparties"
OBS_00493,SYN_0193,2,-1.17310703,0.59476739,3.0,54.84116652,0.01090237,0.01532945,0,train,"ILLUSTRATIVE SYNTHETIC DATA — fictional buyer population, not real counterparties"
OBS_00494,SYN_0194,2,-0.52989704,0.0,0.0,37.09502256,0.11187496,0.00582219,0,test,"ILLUSTRATIVE SYNTHETIC DATA — fictional buyer population, not real counterparties"
OBS_00495,SYN_0195,2,0.61729698,0.6861298,0.0,58.24891752,0.30023296,0.02321891,0,test,"ILLUSTRATIVE SYNTHETIC DATA — fictional buyer population, not real counterparties"
OBS_00496,SYN_0196,2,-0.92652109,0.20301511,16.0,30.43388441,0.05842955,0.01817598,0,train,"ILLUSTRATIVE SYNTHETIC DATA — fictional buyer population, not real counterparties"
OBS_00497,SYN_0197,2,0.96519852,0.74421595,0.0,19.54008446,0.30833103,0.05322365,0,train,"ILLUSTRATIVE SYNTHETIC DATA — fictional buyer population, not real counterparties"
OBS_00498,SYN_0198,2,0.74261098,0.79333429,0.0,54.89247058,0.21659749,0.02779928,0,test,"ILLUSTRATIVE SYNTHETIC DATA — fictional buyer population, not real counterparties"
OBS_00499,SYN_0199,2,0.49857431,0.67362748,0.0,20.06467612,0.40689422,0.05175584,0,train,"ILLUSTRATIVE SYNTHETIC DATA — fictional buyer population, not real counterparties"
OBS_00500,SYN_0200,2,1.2152953,0.47413413,0.0,19.75540699,0.23549989,0.026935,0,train,"ILLUSTRATIVE SYNTHETIC DATA — fictional buyer population, not real counterparties"
OBS_00501,SYN_0201,2,-0.54943037,0.10457625,0.0,87.37070769,0.16467298,0.00311631,0,test,"ILLUSTRATIVE SYNTHETIC DATA — fictional buyer population, not real counterparties"
OBS_00502,SYN_0202,2,-0.1294114,0.48677904,0.0,32.09006038,0.12540673,0.01903901,0,test,"ILLUSTRATIVE SYNTHETIC DATA — fictional buyer population, not real counterparties"
OBS_00503,SYN_0203,2,0.64529563,1.03270818,0.0,37.49026785,0.15388907,0.05817037,0,test,"ILLUSTRATIVE SYNTHETIC DATA — fictional buyer population, not real counterparties"
OBS_00504,SYN_0204,2,0.17118821,0.58561738,0.0,37.18972641,0.1813312,0.02324467,0,train,"ILLUSTRATIVE SYNTHETIC DATA — fictional buyer population, not real counterparties"
OBS_00505,SYN_0205,2,0.80357114,0.5863281,21.0,32.7477915,0.14088549,0.05421662,0,test,"ILLUSTRATIVE SYNTHETIC DATA — fictional buyer population, not real counterparties"
OBS_00506,SYN_0206,2,-0.24857277,0.36068389,0.0,20.07083104,0.18679981,0.01956775,0,test,"ILLUSTRATIVE SYNTHETIC DATA — fictional buyer population, not real counterparties"
OBS_00507,SYN_0207,2,-0.71864916,0.69540839,0.0,144.90335937,0.27918208,0.00468181,0,test,"ILLUSTRATIVE SYNTHETIC DATA — fictional buyer population, not real counterparties"
OBS_00508,SYN_0208,2,-1.00713862,0.3302952,0.0,64.5591094,0.03148073,0.00652045,0,test,"ILLUSTRATIVE SYNTHETIC DATA — fictional buyer population, not real counterparties"
OBS_00509,SYN_0209,2,-0.52069993,0.44581762,1.0,25.68534864,0.05476516,0.01847785,0,train,"ILLUSTRATIVE SYNTHETIC DATA — fictional buyer population, not real counterparties"
OBS_00510,SYN_0210,2,-1.00126281,0.37292709,0.0,40.48367343,0.15065493,0.01316566,0,train,"ILLUSTRATIVE SYNTHETIC DATA — fictional buyer population, not real counterparties"
OBS_00511,SYN_0211,2,0.73893519,1.00076273,11.0,12.63330304,0.05681942,0.11074393,1,train,"ILLUSTRATIVE SYNTHETIC DATA — fictional buyer population, not real counterparties"
OBS_00512,SYN_0212,2,-0.05351829,0.5980718,7.0,36.05108402,0.04836508,0.02682562,0,test,"ILLUSTRATIVE SYNTHETIC DATA — fictional buyer population, not real counterparties"
OBS_00513,SYN_0213,2,1.60869721,0.93950574,0.0,26.65217183,0.39765482,0.07942436,0,test,"ILLUSTRATIVE SYNTHETIC DATA — fictional buyer population, not real counterparties"
OBS_00514,SYN_0214,2,-0.11026413,0.52991662,20.0,47.76251717,0.07442539,0.03237242,0,train,"ILLUSTRATIVE SYNTHETIC DATA — fictional buyer population, not real counterparties"
OBS_00515,SYN_0215,2,-0.83938537,0.0233807,0.0,66.00716708,0.11292942,0.00359638,0,test,"ILLUSTRATIVE SYNTHETIC DATA — fictional buyer population, not real counterparties"
OBS_00516,SYN_0216,2,0.48233036,0.7326817,17.0,47.53914723,0.10640801,0.04662508,0,train,"ILLUSTRATIVE SYNTHETIC DATA — fictional buyer population, not real counterparties"
OBS_00517,SYN_0217,2,1.30014198,0.83967624,9.0,83.88935475,0.29406825,0.02882803,0,train,"ILLUSTRATIVE SYNTHETIC DATA — fictional buyer population, not real counterparties"
OBS_00518,SYN_0218,2,0.07130359,0.83998623,3.0,35.25788354,0.11495453,0.04287032,0,test,"ILLUSTRATIVE SYNTHETIC DATA — fictional buyer population, not real counterparties"
OBS_00519,SYN_0219,2,-0.82730973,0.27002785,0.0,38.30040312,0.2351659,0.01227559,0,train,"ILLUSTRATIVE SYNTHETIC DATA — fictional buyer population, not real counterparties"
OBS_00520,SYN_0220,2,0.15554872,0.45781728,0.0,28.07654074,0.15137507,0.01992326,0,test,"ILLUSTRATIVE SYNTHETIC DATA — fictional buyer population, not real counterparties"
OBS_00521,SYN_0221,2,-0.08879076,0.42217548,10.0,16.09757867,0.03776604,0.02914653,0,test,"ILLUSTRATIVE SYNTHETIC DATA — fictional buyer population, not real counterparties"
OBS_00522,SYN_0222,2,-0.34825402,0.69181611,0.0,45.30263516,0.09305753,0.02241358,0,test,"ILLUSTRATIVE SYNTHETIC DATA — fictional buyer population, not real counterparties"
OBS_00523,SYN_0223,2,0.820994,0.59795041,5.0,10.00556335,0.09480475,0.04215467,0,train,"ILLUSTRATIVE SYNTHETIC DATA — fictional buyer population, not real counterparties"
OBS_00524,SYN_0224,2,1.59262078,0.55129371,43.0,17.97997777,0.42285877,0.20157546,0,train,"ILLUSTRATIVE SYNTHETIC DATA — fictional buyer population, not real counterparties"
OBS_00525,SYN_0225,2,-0.41552184,0.54758978,25.0,21.9495734,0.29829213,0.08607799,0,train,"ILLUSTRATIVE SYNTHETIC DATA — fictional buyer population, not real counterparties"
OBS_00526,SYN_0226,2,-0.25384314,0.43974736,0.0,20.61551007,0.08009737,0.01989983,0,train,"ILLUSTRATIVE SYNTHETIC DATA — fictional buyer population, not real counterparties"
OBS_00527,SYN_0227,2,0.65689945,0.62944507,0.0,25.54948472,0.13874426,0.02978745,0,train,"ILLUSTRATIVE SYNTHETIC DATA — fictional buyer population, not real counterparties"
OBS_00528,SYN_0228,2,-0.75956664,0.59275195,0.0,62.59617154,0.31345941,0.01781016,0,train,"ILLUSTRATIVE SYNTHETIC DATA — fictional buyer population, not real counterparties"
OBS_00529,SYN_0229,2,-0.41260617,0.23096153,0.0,173.59318436,0.09199401,0.00075286,0,train,"ILLUSTRATIVE SYNTHETIC DATA — fictional buyer population, not real counterparties"
OBS_00530,SYN_0230,2,-1.27606105,0.37795795,0.0,89.44241766,0.03144097,0.00457446,0,train,"ILLUSTRATIVE SYNTHETIC DATA — fictional buyer population, not real counterparties"
OBS_00531,SYN_0231,2,-1.59849173,0.0,0.0,65.31891948,0.20660925,0.00393983,0,train,"ILLUSTRATIVE SYNTHETIC DATA — fictional buyer population, not real counterparties"
OBS_00532,SYN_0232,2,-0.25719181,0.19096049,15.0,43.29158737,0.0356939,0.01302691,0,train,"ILLUSTRATIVE SYNTHETIC DATA — fictional buyer population, not real counterparties"
OBS_00533,SYN_0233,2,1.21014637,0.75261908,49.0,26.36137563,0.33382669,0.27602997,0,test,"ILLUSTRATIVE SYNTHETIC DATA — fictional buyer population, not real counterparties"
OBS_00534,SYN_0234,2,-0.04676635,0.54321358,13.0,29.06192254,0.05570827,0.03455253,0,train,"ILLUSTRATIVE SYNTHETIC DATA — fictional buyer population, not real counterparties"
OBS_00535,SYN_0235,2,1.50413164,0.89519275,3.0,18.98313493,0.45441299,0.09925751,0,train,"ILLUSTRATIVE SYNTHETIC DATA — fictional buyer population, not real counterparties"
OBS_00536,SYN_0236,2,-0.89648386,0.49564546,1.0,37.35137556,0.10199613,0.01777083,0,train,"ILLUSTRATIVE SYNTHETIC DATA — fictional buyer population, not real counterparties"
OBS_00537,SYN_0237,2,-0.73403984,0.7594526,0.0,21.98813066,0.08477121,0.03907047,0,train,"ILLUSTRATIVE SYNTHETIC DATA — fictional buyer population, not real counterparties"
OBS_00538,SYN_0238,2,1.31159294,0.49205982,9.0,24.28807911,0.05309136,0.02871139,0,test,"ILLUSTRATIVE SYNTHETIC DATA — fictional buyer population, not real counterparties"
OBS_00539,SYN_0239,2,-0.00953686,0.09897462,9.0,32.31647954,0.09117642,0.01104647,0,train,"ILLUSTRATIVE SYNTHETIC DATA — fictional buyer population, not real counterparties"
OBS_00540,SYN_0240,2,0.35677424,0.09983385,0.0,65.49370794,0.13711606,0.00445053,0,train,"ILLUSTRATIVE SYNTHETIC DATA — fictional buyer population, not real counterparties"
OBS_00541,SYN_0241,2,2.12506384,0.90933456,25.0,31.32621207,0.40154921,0.17004214,1,train,"ILLUSTRATIVE SYNTHETIC DATA — fictional buyer population, not real counterparties"
OBS_00542,SYN_0242,2,0.54358892,0.66601604,38.0,13.42434595,0.24984671,0.18538129,0,train,"ILLUSTRATIVE SYNTHETIC DATA — fictional buyer population, not real counterparties"
OBS_00543,SYN_0243,2,-0.23968291,0.76311431,0.0,22.14861793,0.48152155,0.06643159,0,train,"ILLUSTRATIVE SYNTHETIC DATA — fictional buyer population, not real counterparties"
OBS_00544,SYN_0244,2,-1.08942809,0.4074353,0.0,38.7242221,0.09226566,0.01353597,0,train,"ILLUSTRATIVE SYNTHETIC DATA — fictional buyer population, not real counterparties"
OBS_00545,SYN_0245,2,-1.50020258,0.0,0.0,14.69729493,0.01045778,0.00764909,0,test,"ILLUSTRATIVE SYNTHETIC DATA — fictional buyer population, not real counterparties"
OBS_00546,SYN_0246,2,0.47861456,0.66496118,0.0,19.41114976,0.18710628,0.03832993,0,train,"ILLUSTRATIVE SYNTHETIC DATA — fictional buyer population, not real counterparties"
OBS_00547,SYN_0247,2,0.40221131,0.39816657,2.0,67.82722038,0.05885874,0.00803218,0,train,"ILLUSTRATIVE SYNTHETIC DATA — fictional buyer population, not real counterparties"
OBS_00548,SYN_0248,2,-1.12644434,0.0715719,0.0,106.93575733,0.02191603,0.00165059,0,train,"ILLUSTRATIVE SYNTHETIC DATA — fictional buyer population, not real counterparties"
OBS_00549,SYN_0249,2,-0.05157448,0.43651148,0.0,13.61186335,0.16888068,0.02533655,0,train,"ILLUSTRATIVE SYNTHETIC DATA — fictional buyer population, not real counterparties"
OBS_00550,SYN_0250,2,0.73047281,0.57836105,5.0,19.71347,0.21438106,0.039908,0,test,"ILLUSTRATIVE SYNTHETIC DATA — fictional buyer population, not real counterparties"
OBS_00551,SYN_0251,2,0.36693263,0.57521651,0.0,79.57977524,0.17526381,0.01037318,0,test,"ILLUSTRATIVE SYNTHETIC DATA — fictional buyer population, not real counterparties"
OBS_00552,SYN_0252,2,-1.24110978,0.35904288,0.0,59.19729231,0.04220375,0.0077874,0,train,"ILLUSTRATIVE SYNTHETIC DATA — fictional buyer population, not real counterparties"
OBS_00553,SYN_0253,2,-0.60768005,0.331473,0.0,25.20258374,0.10015371,0.01483503,0,train,"ILLUSTRATIVE SYNTHETIC DATA — fictional buyer population, not real counterparties"
OBS_00554,SYN_0254,2,-0.98377474,0.31779902,4.0,45.66136564,0.07959086,0.01128066,0,test,"ILLUSTRATIVE SYNTHETIC DATA — fictional buyer population, not real counterparties"
OBS_00555,SYN_0255,2,0.81188074,0.50973262,0.0,9.25876465,0.25264823,0.03597012,0,train,"ILLUSTRATIVE SYNTHETIC DATA — fictional buyer population, not real counterparties"
OBS_00556,SYN_0256,2,0.16548838,1.00165919,14.0,36.75962024,0.06693006,0.08362908,1,train,"ILLUSTRATIVE SYNTHETIC DATA — fictional buyer population, not real counterparties"
OBS_00557,SYN_0257,2,0.22709222,0.70675142,16.0,29.51382545,0.37890343,0.08315388,0,test,"ILLUSTRATIVE SYNTHETIC DATA — fictional buyer population, not real counterparties"
OBS_00558,SYN_0258,2,-0.19624607,0.27876784,2.0,14.66887297,0.1174192,0.01776981,0,test,"ILLUSTRATIVE SYNTHETIC DATA — fictional buyer population, not real counterparties"
OBS_00559,SYN_0259,2,0.68524672,0.7236072,4.0,43.96894546,0.06305002,0.02766769,0,test,"ILLUSTRATIVE SYNTHETIC DATA — fictional buyer population, not real counterparties"
OBS_00560,SYN_0260,2,-1.41364411,0.39904783,0.0,92.6100434,0.19507745,0.00567596,0,train,"ILLUSTRATIVE SYNTHETIC DATA — fictional buyer population, not real counterparties"
OBS_00561,SYN_0261,2,-0.01009308,0.4985492,16.0,80.51712761,0.10528824,0.01483722,0,train,"ILLUSTRATIVE SYNTHETIC DATA — fictional buyer population, not real counterparties"
OBS_00562,SYN_0262,2,0.93782281,1.00302267,0.0,47.75808045,0.17844449,0.04709702,0,test,"ILLUSTRATIVE SYNTHETIC DATA — fictional buyer population, not real counterparties"
OBS_00563,SYN_0263,2,0.12385544,0.261502,7.0,25.14273199,0.10595564,0.01697478,0,test,"ILLUSTRATIVE SYNTHETIC DATA — fictional buyer population, not real counterparties"
OBS_00564,SYN_0264,2,-0.2473325,0.15695512,0.0,21.04200702,0.17576779,0.01210215,0,train,"ILLUSTRATIVE SYNTHETIC DATA — fictional buyer population, not real counterparties"
OBS_00565,SYN_0265,2,0.64977679,0.28081117,0.0,37.66809693,0.24678631,0.01292312,0,train,"ILLUSTRATIVE SYNTHETIC DATA — fictional buyer population, not real counterparties"
OBS_00566,SYN_0266,2,0.91876927,0.8629769,39.0,20.89367826,0.25181462,0.24298239,0,train,"ILLUSTRATIVE SYNTHETIC DATA — fictional buyer population, not real counterparties"
OBS_00567,SYN_0267,2,0.59845402,0.50870661,0.0,58.95405757,0.14426634,0.01253894,0,train,"ILLUSTRATIVE SYNTHETIC DATA — fictional buyer population, not real counterparties"
OBS_00568,SYN_0268,2,0.45224257,0.55811035,12.0,29.39016055,0.25175818,0.04438231,0,train,"ILLUSTRATIVE SYNTHETIC DATA — fictional buyer population, not real counterparties"
OBS_00569,SYN_0269,2,0.91209078,0.92135322,0.0,31.69207611,0.3523254,0.06612646,0,train,"ILLUSTRATIVE SYNTHETIC DATA — fictional buyer population, not real counterparties"
OBS_00570,SYN_0270,2,1.25879308,0.33666948,22.0,18.82899633,0.29720212,0.05223858,1,train,"ILLUSTRATIVE SYNTHETIC DATA — fictional buyer population, not real counterparties"
OBS_00571,SYN_0271,2,0.14904681,0.51703522,0.0,15.05758272,0.09931061,0.02674557,0,train,"ILLUSTRATIVE SYNTHETIC DATA — fictional buyer population, not real counterparties"
OBS_00572,SYN_0272,2,2.40372747,1.16293063,54.0,49.64676495,0.62182875,0.5308593,1,test,"ILLUSTRATIVE SYNTHETIC DATA — fictional buyer population, not real counterparties"
OBS_00573,SYN_0273,2,-1.63293791,0.35654661,0.0,23.96791504,0.35761007,0.02281891,0,test,"ILLUSTRATIVE SYNTHETIC DATA — fictional buyer population, not real counterparties"
OBS_00574,SYN_0274,2,0.53542082,0.67555267,16.0,80.23181328,0.2465722,0.02665065,0,train,"ILLUSTRATIVE SYNTHETIC DATA — fictional buyer population, not real counterparties"
OBS_00575,SYN_0275,2,0.86933932,0.81301757,39.0,6.83741062,0.23982768,0.26830266,1,train,"ILLUSTRATIVE SYNTHETIC DATA — fictional buyer population, not real counterparties"
OBS_00576,SYN_0276,2,1.42411975,0.73633183,0.0,21.96197601,0.38547624,0.05554739,0,train,"ILLUSTRATIVE SYNTHETIC DATA — fictional buyer population, not real counterparties"
OBS_00577,SYN_0277,2,-1.20499451,0.18070969,0.0,69.89394429,0.15938005,0.00506406,0,train,"ILLUSTRATIVE SYNTHETIC DATA — fictional buyer population, not real counterparties"
OBS_00578,SYN_0278,2,0.88843707,0.70493149,0.0,18.24558346,0.38302441,0.05531768,0,test,"ILLUSTRATIVE SYNTHETIC DATA — fictional buyer population, not real counterparties"
OBS_00579,SYN_0279,2,-0.72033503,0.45412594,20.0,64.71280666,0.13420757,0.02191757,0,train,"ILLUSTRATIVE SYNTHETIC DATA — fictional buyer population, not real counterparties"
OBS_00580,SYN_0280,2,0.65069377,0.57209579,0.0,13.49566326,0.14081302,0.03278773,0,train,"ILLUSTRATIVE SYNTHETIC DATA — fictional buyer population, not real counterparties"
OBS_00581,SYN_0281,2,2.13167859,0.75007038,8.0,32.79897637,0.11344621,0.04478548,0,test,"ILLUSTRATIVE SYNTHETIC DATA — fictional buyer population, not real counterparties"
OBS_00582,SYN_0282,2,1.33520993,0.29749302,3.0,33.3926441,0.35769798,0.01903327,0,train,"ILLUSTRATIVE SYNTHETIC DATA — fictional buyer population, not real counterparties"
OBS_00583,SYN_0283,2,-0.86575984,0.10141949,0.0,24.47172044,0.07116837,0.00869661,0,test,"ILLUSTRATIVE SYNTHETIC DATA — fictional buyer population, not real counterparties"
OBS_00584,SYN_0284,2,0.10393255,0.35110216,5.0,40.7800779,0.08842439,0.0139897,0,train,"ILLUSTRATIVE SYNTHETIC DATA — fictional buyer population, not real counterparties"
OBS_00585,SYN_0285,2,0.51642585,0.7923769,0.0,28.53660994,0.05282099,0.03572621,0,test,"ILLUSTRATIVE SYNTHETIC DATA — fictional buyer population, not real counterparties"
OBS_00586,SYN_0286,2,0.69520804,0.48580978,27.0,23.68326301,0.15434494,0.06582412,1,train,"ILLUSTRATIVE SYNTHETIC DATA — fictional buyer population, not real counterparties"
OBS_00587,SYN_0287,2,-0.88062811,0.53046904,0.0,93.99241692,0.08217633,0.00633026,0,test,"ILLUSTRATIVE SYNTHETIC DATA — fictional buyer population, not real counterparties"
OBS_00588,SYN_0288,2,-0.73232267,0.24539095,0.0,28.64078328,0.09543791,0.01144796,0,train,"ILLUSTRATIVE SYNTHETIC DATA — fictional buyer population, not real counterparties"
OBS_00589,SYN_0289,2,0.8939123,0.6307924,60.0,16.71804093,0.42502814,0.38147513,0,train,"ILLUSTRATIVE SYNTHETIC DATA — fictional buyer population, not real counterparties"
OBS_00590,SYN_0290,2,0.43141029,0.73731335,7.0,13.31986945,0.17984889,0.06452272,0,test,"ILLUSTRATIVE SYNTHETIC DATA — fictional buyer population, not real counterparties"
OBS_00591,SYN_0291,2,-0.2894417,0.55755773,4.0,39.89056056,0.1745575,0.02416762,0,train,"ILLUSTRATIVE SYNTHETIC DATA — fictional buyer population, not real counterparties"
OBS_00592,SYN_0292,2,1.15891883,0.85073901,18.0,95.74388684,0.33908623,0.03608689,0,train,"ILLUSTRATIVE SYNTHETIC DATA — fictional buyer population, not real counterparties"
OBS_00593,SYN_0293,2,-0.32422246,0.70179449,0.0,148.35637186,0.13100656,0.00362442,0,train,"ILLUSTRATIVE SYNTHETIC DATA — fictional buyer population, not real counterparties"
OBS_00594,SYN_0294,2,-1.70881266,0.1268315,0.0,37.52786405,0.11709098,0.00770629,0,train,"ILLUSTRATIVE SYNTHETIC DATA — fictional buyer population, not real counterparties"
OBS_00595,SYN_0295,2,1.05480397,0.87123143,4.0,29.51648702,0.29042192,0.0663913,0,train,"ILLUSTRATIVE SYNTHETIC DATA — fictional buyer population, not real counterparties"
OBS_00596,SYN_0296,2,-0.63785254,0.01387863,0.0,74.35354798,0.05911586,0.00279858,0,train,"ILLUSTRATIVE SYNTHETIC DATA — fictional buyer population, not real counterparties"
OBS_00597,SYN_0297,2,0.5359913,0.91298851,16.0,19.41293945,0.14060765,0.11053776,1,train,"ILLUSTRATIVE SYNTHETIC DATA — fictional buyer population, not real counterparties"
OBS_00598,SYN_0298,2,0.84871022,0.72252817,5.0,73.35279294,0.40337285,0.02680351,0,test,"ILLUSTRATIVE SYNTHETIC DATA — fictional buyer population, not real counterparties"
OBS_00599,SYN_0299,2,-0.74787417,0.10227388,11.0,31.23549594,0.20512919,0.01439014,0,test,"ILLUSTRATIVE SYNTHETIC DATA — fictional buyer population, not real counterparties"
OBS_00600,SYN_0300,2,-0.0003196,0.76067994,0.0,11.51732881,0.35080512,0.06702745,0,test,"ILLUSTRATIVE SYNTHETIC DATA — fictional buyer population, not real counterparties"
OBS_00601,SYN_0001,3,-0.97193661,0.40675313,0.0,103.31071047,0.09631178,0.00412873,0,test,"ILLUSTRATIVE SYNTHETIC DATA — fictional buyer population, not real counterparties"
OBS_00602,SYN_0002,3,-0.88896545,0.35945822,0.0,50.10107735,0.05010041,0.00931915,0,train,"ILLUSTRATIVE SYNTHETIC DATA — fictional buyer population, not real counterparties"
OBS_00603,SYN_0003,3,-1.02520018,0.46029423,0.0,26.19409246,0.06638775,0.01845141,0,train,"ILLUSTRATIVE SYNTHETIC DATA — fictional buyer population, not real counterparties"
OBS_00604,SYN_0004,3,-0.26387752,0.43524497,0.0,71.3424942,0.2602646,0.0099669,0,train,"ILLUSTRATIVE SYNTHETIC DATA — fictional buyer population, not real counterparties"
OBS_00605,SYN_0005,3,-0.35580577,0.46102945,21.0,64.76738195,0.15564146,0.02381323,0,train,"ILLUSTRATIVE SYNTHETIC DATA — fictional buyer population, not real counterparties"
OBS_00606,SYN_0006,3,-0.44525982,0.21755948,0.0,62.56194518,0.14403432,0.00616068,0,test,"ILLUSTRATIVE SYNTHETIC DATA — fictional buyer population, not real counterparties"
OBS_00607,SYN_0007,3,-1.3010895,0.36036497,0.0,29.04731557,0.06337935,0.01400499,0,test,"ILLUSTRATIVE SYNTHETIC DATA — fictional buyer population, not real counterparties"
OBS_00608,SYN_0008,3,-0.52966119,0.63354925,0.0,76.49806872,0.02817679,0.010189,0,test,"ILLUSTRATIVE SYNTHETIC DATA — fictional buyer population, not real counterparties"
OBS_00609,SYN_0009,3,0.94499485,0.89966388,0.0,23.33600778,0.21576236,0.06113139,0,train,"ILLUSTRATIVE SYNTHETIC DATA — fictional buyer population, not real counterparties"
OBS_00610,SYN_0010,3,-0.31438297,0.33535297,12.0,27.05256915,0.22312693,0.02756831,0,test,"ILLUSTRATIVE SYNTHETIC DATA — fictional buyer population, not real counterparties"
OBS_00611,SYN_0011,3,0.26173537,0.42420195,22.0,27.04862257,0.26784865,0.0523105,0,train,"ILLUSTRATIVE SYNTHETIC DATA — fictional buyer population, not real counterparties"
OBS_00612,SYN_0012,3,1.70554857,0.96504731,43.0,62.24394015,0.14957635,0.15999591,0,test,"ILLUSTRATIVE SYNTHETIC DATA — fictional buyer population, not real counterparties"
OBS_00613,SYN_0013,3,-1.63125673,0.54432884,10.0,92.61280205,0.11153774,0.01042591,0,train,"ILLUSTRATIVE SYNTHETIC DATA — fictional buyer population, not real counterparties"
OBS_00614,SYN_0014,3,-0.69370204,0.49691371,0.0,22.16168508,0.25643429,0.027877,0,train,"ILLUSTRATIVE SYNTHETIC DATA — fictional buyer population, not real counterparties"
OBS_00615,SYN_0015,3,0.75582743,0.56887952,1.0,25.48416717,0.31562355,0.0345694,0,train,"ILLUSTRATIVE SYNTHETIC DATA — fictional buyer population, not real counterparties"
OBS_00616,SYN_0016,3,-0.27802157,0.0,6.0,38.97371603,0.11238109,0.0071662,0,train,"ILLUSTRATIVE SYNTHETIC DATA — fictional buyer population, not real counterparties"
OBS_00617,SYN_0017,3,-1.46600943,0.36802435,0.0,26.54861286,0.0799311,0.01525389,0,train,"ILLUSTRATIVE SYNTHETIC DATA — fictional buyer population, not real counterparties"
OBS_00618,SYN_0018,3,0.30223133,0.74225901,0.0,18.87007447,0.29552004,0.05273135,0,train,"ILLUSTRATIVE SYNTHETIC DATA — fictional buyer population, not real counterparties"
OBS_00619,SYN_0019,3,0.97550901,0.33787961,2.0,18.74129033,0.13371097,0.0192015,0,train,"ILLUSTRATIVE SYNTHETIC DATA — fictional buyer population, not real counterparties"
OBS_00620,SYN_0020,3,-0.07126457,0.30881912,0.0,96.32985169,0.47750422,0.00642184,0,train,"ILLUSTRATIVE SYNTHETIC DATA — fictional buyer population, not real counterparties"
OBS_00621,SYN_0021,3,-0.47004256,0.6231172,0.0,36.01648064,0.32799954,0.03144156,0,train,"ILLUSTRATIVE SYNTHETIC DATA — fictional buyer population, not real counterparties"
OBS_00622,SYN_0022,3,0.72005378,0.44798145,2.0,173.33009125,0.20402084,0.00155604,0,train,"ILLUSTRATIVE SYNTHETIC DATA — fictional buyer population, not real counterparties"
OBS_00623,SYN_0023,3,1.96947148,0.59205344,75.0,37.43242006,0.35933596,0.39208885,1,train,"ILLUSTRATIVE SYNTHETIC DATA — fictional buyer population, not real counterparties"
OBS_00624,SYN_0024,3,-0.07803987,0.69398427,12.0,51.44372571,0.06626243,0.03119916,0,train,"ILLUSTRATIVE SYNTHETIC DATA — fictional buyer population, not real counterparties"
OBS_00625,SYN_0025,3,-0.9825838,0.33182306,0.0,22.59711884,0.06320629,0.01479988,0,test,"ILLUSTRATIVE SYNTHETIC DATA — fictional buyer population, not real counterparties"
OBS_00626,SYN_0026,3,-0.36531372,0.54541131,13.0,12.77169099,0.04086491,0.04551932,0,train,"ILLUSTRATIVE SYNTHETIC DATA — fictional buyer population, not real counterparties"
OBS_00627,SYN_0027,3,-0.23075649,0.44398761,0.0,43.54473094,0.12135485,0.01397798,0,train,"ILLUSTRATIVE SYNTHETIC DATA — fictional buyer population, not real counterparties"
OBS_00628,SYN_0028,3,-0.84436642,0.27757972,8.0,37.21495466,0.10517504,0.01465716,0,train,"ILLUSTRATIVE SYNTHETIC DATA — fictional buyer population, not real counterparties"
OBS_00629,SYN_0029,3,-0.08521626,0.74507863,2.0,49.75249817,0.16992504,0.02790115,0,train,"ILLUSTRATIVE SYNTHETIC DATA — fictional buyer population, not real counterparties"
OBS_00630,SYN_0030,3,-2.27601856,0.06014064,0.0,50.56317016,0.14186533,0.00540738,0,train,"ILLUSTRATIVE SYNTHETIC DATA — fictional buyer population, not real counterparties"
OBS_00631,SYN_0031,3,-0.09532461,0.50397539,0.0,52.08173989,0.34267107,0.0184917,0,train,"ILLUSTRATIVE SYNTHETIC DATA — fictional buyer population, not real counterparties"
OBS_00632,SYN_0032,3,0.80086581,0.19925572,11.0,60.92429234,0.33651728,0.0123857,0,train,"ILLUSTRATIVE SYNTHETIC DATA — fictional buyer population, not real counterparties"
OBS_00633,SYN_0033,3,-0.05785585,0.52778782,4.0,54.9028395,0.11279674,0.01582547,0,test,"ILLUSTRATIVE SYNTHETIC DATA — fictional buyer population, not real counterparties"
OBS_00634,SYN_0034,3,1.00254809,0.25062848,11.0,29.30317772,0.19225649,0.02027799,0,train,"ILLUSTRATIVE SYNTHETIC DATA — fictional buyer population, not real counterparties"
OBS_00635,SYN_0035,3,0.49378487,0.58147157,0.0,30.90395385,0.12840493,0.02402138,0,train,"ILLUSTRATIVE SYNTHETIC DATA — fictional buyer population, not real counterparties"
OBS_00636,SYN_0036,3,1.23519406,0.70061969,33.0,46.84650281,0.28250422,0.10140825,0,train,"ILLUSTRATIVE SYNTHETIC DATA — fictional buyer population, not real counterparties"
OBS_00637,SYN_0037,3,0.32137738,0.1613044,0.0,79.64789944,0.06102481,0.00353095,0,train,"ILLUSTRATIVE SYNTHETIC DATA — fictional buyer population, not real counterparties"
OBS_00638,SYN_0038,3,0.55070096,0.32921386,0.0,39.99975598,0.20080079,0.01292796,0,test,"ILLUSTRATIVE SYNTHETIC DATA — fictional buyer population, not real counterparties"
OBS_00639,SYN_0039,3,-0.42985911,0.95288629,2.0,34.5131089,0.11635388,0.05322308,0,train,"ILLUSTRATIVE SYNTHETIC DATA — fictional buyer population, not real counterparties"
OBS_00640,SYN_0040,3,0.83663492,0.41515147,19.0,20.21545906,0.11742007,0.04221523,0,train,"ILLUSTRATIVE SYNTHETIC DATA — fictional buyer population, not real counterparties"
OBS_00641,SYN_0041,3,0.68442088,0.56314683,0.0,26.56143005,0.1628074,0.02617174,0,train,"ILLUSTRATIVE SYNTHETIC DATA — fictional buyer population, not real counterparties"
OBS_00642,SYN_0042,3,0.1464648,0.59457317,9.0,56.26461822,0.09313753,0.02122293,0,test,"ILLUSTRATIVE SYNTHETIC DATA — fictional buyer population, not real counterparties"
OBS_00643,SYN_0043,3,-1.0859714,0.60098804,0.0,40.29990455,0.15088038,0.02179039,0,test,"ILLUSTRATIVE SYNTHETIC DATA — fictional buyer population, not real counterparties"
OBS_00644,SYN_0044,3,0.36837233,0.74213217,0.0,60.39649219,0.3638626,0.02750934,0,test,"ILLUSTRATIVE SYNTHETIC DATA — fictional buyer population, not real counterparties"
OBS_00645,SYN_0045,3,-1.86610343,0.0,0.0,83.27187211,0.02416672,0.00219036,0,train,"ILLUSTRATIVE SYNTHETIC DATA — fictional buyer population, not real counterparties"
OBS_00646,SYN_0046,3,0.13986389,0.41268304,6.0,41.68660131,0.03887861,0.01531501,0,train,"ILLUSTRATIVE SYNTHETIC DATA — fictional buyer population, not real counterparties"
OBS_00647,SYN_0047,3,-0.09740044,0.67977199,0.0,75.50902849,0.47395766,0.02121427,0,test,"ILLUSTRATIVE SYNTHETIC DATA — fictional buyer population, not real counterparties"
OBS_00648,SYN_0048,3,-0.26983995,0.57944068,0.0,32.61549441,0.19544784,0.02540306,0,train,"ILLUSTRATIVE SYNTHETIC DATA — fictional buyer population, not real counterparties"
OBS_00649,SYN_0049,3,-0.5594288,0.82123087,0.0,26.75931869,0.0653335,0.03990357,0,test,"ILLUSTRATIVE SYNTHETIC DATA — fictional buyer population, not real counterparties"
OBS_00650,SYN_0050,3,0.81076185,0.47152608,18.0,62.60839078,0.11348434,0.02123996,0,train,"ILLUSTRATIVE SYNTHETIC DATA — fictional buyer population, not real counterparties"
OBS_00651,SYN_0051,3,-1.06873881,0.05262191,0.0,19.54361419,0.0765569,0.00861323,0,train,"ILLUSTRATIVE SYNTHETIC DATA — fictional buyer population, not real counterparties"
OBS_00652,SYN_0052,3,-0.55669468,0.71918554,5.0,44.44889348,0.17377335,0.03283328,0,test,"ILLUSTRATIVE SYNTHETIC DATA — fictional buyer population, not real counterparties"
OBS_00653,SYN_0053,3,1.09453646,0.28463079,38.0,35.56345437,0.32490154,0.06672456,0,test,"ILLUSTRATIVE SYNTHETIC DATA — fictional buyer population, not real counterparties"
OBS_00654,SYN_0054,3,0.0121293,0.5505097,0.0,35.30540414,0.40581716,0.03024492,0,train,"ILLUSTRATIVE SYNTHETIC DATA — fictional buyer population, not real counterparties"
OBS_00655,SYN_0055,3,0.49968091,0.89914687,0.0,10.42868836,0.08413555,0.06435916,0,train,"ILLUSTRATIVE SYNTHETIC DATA — fictional buyer population, not real counterparties"
OBS_00656,SYN_0056,3,-0.62697615,0.36062188,4.0,177.79281519,0.046434,0.00102593,0,train,"ILLUSTRATIVE SYNTHETIC DATA — fictional buyer population, not real counterparties"
OBS_00657,SYN_0057,3,-0.74126557,0.4784944,0.0,41.31287302,0.27748283,0.01946489,0,train,"ILLUSTRATIVE SYNTHETIC DATA — fictional buyer population, not real counterparties"
OBS_00658,SYN_0058,3,-0.18296089,0.6337631,0.0,16.7906728,0.08925803,0.03292375,0,test,"ILLUSTRATIVE SYNTHETIC DATA — fictional buyer population, not real counterparties"
OBS_00659,SYN_0059,3,-0.51890921,0.50980513,0.0,33.52298185,0.01820038,0.01683791,0,test,"ILLUSTRATIVE SYNTHETIC DATA — fictional buyer population, not real counterparties"
OBS_00660,SYN_0060,3,0.96599433,0.84916138,0.0,30.37791274,0.05240713,0.03903055,0,train,"ILLUSTRATIVE SYNTHETIC DATA — fictional buyer population, not real counterparties"
OBS_00661,SYN_0061,3,0.07253762,0.60665286,0.0,32.93398776,0.1921654,0.02667628,0,train,"ILLUSTRATIVE SYNTHETIC DATA — fictional buyer population, not real counterparties"
OBS_00662,SYN_0062,3,-1.70174319,0.28916195,0.0,113.61368637,0.0098502,0.00232787,0,train,"ILLUSTRATIVE SYNTHETIC DATA — fictional buyer population, not real counterparties"
OBS_00663,SYN_0063,3,0.14020627,0.38310242,0.0,35.1998468,0.07474323,0.01336018,0,train,"ILLUSTRATIVE SYNTHETIC DATA — fictional buyer population, not real counterparties"
OBS_00664,SYN_0064,3,1.31423555,0.09314398,26.0,26.22738466,0.30781826,0.03222538,0,train,"ILLUSTRATIVE SYNTHETIC DATA — fictional buyer population, not real counterparties"
OBS_00665,SYN_0065,3,-0.35156418,0.53210774,0.0,32.9679874,0.14480517,0.02124607,0,train,"ILLUSTRATIVE SYNTHETIC DATA — fictional buyer population, not real counterparties"
OBS_00666,SYN_0066,3,-1.39096964,0.67354674,0.0,24.92774173,0.13831044,0.03311597,0,test,"ILLUSTRATIVE SYNTHETIC DATA — fictional buyer population, not real counterparties"
OBS_00667,SYN_0067,3,0.10262531,0.36578945,0.0,24.19854692,0.18236326,0.01824099,0,train,"ILLUSTRATIVE SYNTHETIC DATA — fictional buyer population, not real counterparties"
OBS_00668,SYN_0068,3,-0.83767937,0.39961639,3.0,29.03023885,0.03379249,0.01652781,0,train,"ILLUSTRATIVE SYNTHETIC DATA — fictional buyer population, not real counterparties"
OBS_00669,SYN_0069,3,-1.66388886,0.2938638,0.0,77.44924774,0.01117936,0.00460666,0,train,"ILLUSTRATIVE SYNTHETIC DATA — fictional buyer population, not real counterparties"
OBS_00670,SYN_0070,3,1.27249463,0.8393649,15.0,22.29803781,0.3486998,0.11375884,0,train,"ILLUSTRATIVE SYNTHETIC DATA — fictional buyer population, not real counterparties"
OBS_00671,SYN_0071,3,-0.41377738,0.16386979,0.0,86.84702704,0.03835083,0.00301094,0,train,"ILLUSTRATIVE SYNTHETIC DATA — fictional buyer population, not real counterparties"
OBS_00672,SYN_0072,3,-1.04110556,0.39701749,2.0,53.97706296,0.06918402,0.01048966,0,test,"ILLUSTRATIVE SYNTHETIC DATA — fictional buyer population, not real counterparties"
OBS_00673,SYN_0073,3,0.07431996,0.64322645,0.0,22.080667,0.14993705,0.03316512,0,train,"ILLUSTRATIVE SYNTHETIC DATA — fictional buyer population, not real counterparties"
OBS_00674,SYN_0074,3,2.03693342,0.80826915,6.0,13.15804753,0.72182179,0.14236655,0,train,"ILLUSTRATIVE SYNTHETIC DATA — fictional buyer population, not real counterparties"
OBS_00675,SYN_0075,3,-1.71890001,0.30672788,0.0,63.7562274,0.05053887,0.00644943,0,train,"ILLUSTRATIVE SYNTHETIC DATA — fictional buyer population, not real counterparties"
OBS_00676,SYN_0076,3,0.86386125,0.68235858,0.0,72.33394595,0.12867484,0.01407196,0,train,"ILLUSTRATIVE SYNTHETIC DATA — fictional buyer population, not real counterparties"
OBS_00677,SYN_0077,3,0.62471848,0.67836331,20.0,63.98609355,0.18459261,0.03864221,0,train,"ILLUSTRATIVE SYNTHETIC DATA — fictional buyer population, not real counterparties"
OBS_00678,SYN_0078,3,-0.41777354,0.09284334,0.0,33.30124116,0.10224712,0.00756991,0,test,"ILLUSTRATIVE SYNTHETIC DATA — fictional buyer population, not real counterparties"
OBS_00679,SYN_0079,3,-0.8249881,0.15815104,0.0,20.59285829,0.06712591,0.01052922,0,train,"ILLUSTRATIVE SYNTHETIC DATA — fictional buyer population, not real counterparties"
OBS_00680,SYN_0080,3,-0.82527742,0.18213293,0.0,88.7467821,0.16783146,0.00362563,0,train,"ILLUSTRATIVE SYNTHETIC DATA — fictional buyer population, not real counterparties"
OBS_00681,SYN_0081,3,0.01960765,0.56185331,19.0,40.52841515,0.04011864,0.03625499,0,train,"ILLUSTRATIVE SYNTHETIC DATA — fictional buyer population, not real counterparties"
OBS_00682,SYN_0082,3,-0.81612067,0.32106945,0.0,92.64711806,0.47628426,0.00705109,0,train,"ILLUSTRATIVE SYNTHETIC DATA — fictional buyer population, not real counterparties"
OBS_00683,SYN_0083,3,0.47134961,0.54983149,36.0,24.27218011,0.04087081,0.08993374,0,train,"ILLUSTRATIVE SYNTHETIC DATA — fictional buyer population, not real counterparties"
OBS_00684,SYN_0084,3,0.18557703,0.53106716,1.0,29.6501433,0.03893389,0.0202696,0,train,"ILLUSTRATIVE SYNTHETIC DATA — fictional buyer population, not real counterparties"
OBS_00685,SYN_0085,3,1.38280953,0.78791887,0.0,24.83238614,0.18991468,0.04543588,0,train,"ILLUSTRATIVE SYNTHETIC DATA — fictional buyer population, not real counterparties"
OBS_00686,SYN_0086,3,-0.48430854,0.5028684,1.0,43.75317445,0.28099159,0.02053201,0,test,"ILLUSTRATIVE SYNTHETIC DATA — fictional buyer population, not real counterparties"
OBS_00687,SYN_0087,3,-0.88423445,0.51598722,0.0,57.10641257,0.06654843,0.01184054,0,train,"ILLUSTRATIVE SYNTHETIC DATA — fictional buyer population, not real counterparties"
OBS_00688,SYN_0088,3,-0.91107941,0.0,4.0,41.18159466,0.01509091,0.00554492,0,test,"ILLUSTRATIVE SYNTHETIC DATA — fictional buyer population, not real counterparties"
OBS_00689,SYN_0089,3,1.41667837,0.61666091,6.0,13.83923397,0.42472442,0.0659133,0,train,"ILLUSTRATIVE SYNTHETIC DATA — fictional buyer population, not real counterparties"
OBS_00690,SYN_0090,3,-0.48491164,0.23285955,0.0,38.73431732,0.11658058,0.00952245,0,train,"ILLUSTRATIVE SYNTHETIC DATA — fictional buyer population, not real counterparties"
OBS_00691,SYN_0091,3,-0.63335528,0.3756658,0.0,158.46156854,0.2157617,0.0016364,0,train,"ILLUSTRATIVE SYNTHETIC DATA — fictional buyer population, not real counterparties"
OBS_00692,SYN_0092,3,-0.85283985,0.28268534,3.0,27.68473951,0.21325804,0.0167721,0,train,"ILLUSTRATIVE SYNTHETIC DATA — fictional buyer population, not real counterparties"
OBS_00693,SYN_0093,3,0.15902739,0.62943972,16.0,42.7068191,0.15941609,0.04209377,1,train,"ILLUSTRATIVE SYNTHETIC DATA — fictional buyer population, not real counterparties"
OBS_00694,SYN_0094,3,1.29951612,1.07370302,0.0,20.4335361,0.43838071,0.12151247,0,train,"ILLUSTRATIVE SYNTHETIC DATA — fictional buyer population, not real counterparties"
OBS_00695,SYN_0095,3,-0.02719441,0.99007454,0.0,75.77687372,0.27648406,0.03167034,1,train,"ILLUSTRATIVE SYNTHETIC DATA — fictional buyer population, not real counterparties"
OBS_00696,SYN_0096,3,0.86761943,0.57265782,0.0,100.41993982,0.38961952,0.00945459,0,train,"ILLUSTRATIVE SYNTHETIC DATA — fictional buyer population, not real counterparties"
OBS_00697,SYN_0097,3,-2.50165834,0.10851947,0.0,60.9786855,0.17882188,0.00522718,0,test,"ILLUSTRATIVE SYNTHETIC DATA — fictional buyer population, not real counterparties"
OBS_00698,SYN_0098,3,0.25887029,0.73917228,23.0,20.21312643,0.06032611,0.0897757,0,train,"ILLUSTRATIVE SYNTHETIC DATA — fictional buyer population, not real counterparties"
OBS_00699,SYN_0099,3,-1.09117763,0.2227039,0.0,62.07709227,0.45585901,0.00968849,0,test,"ILLUSTRATIVE SYNTHETIC DATA — fictional buyer population, not real counterparties"
OBS_00700,SYN_0100,3,0.56338105,0.91623528,0.0,18.0784562,0.0873426,0.05861353,0,train,"ILLUSTRATIVE SYNTHETIC DATA — fictional buyer population, not real counterparties"
OBS_00701,SYN_0101,3,-0.91626492,0.19141056,0.0,84.19508495,0.13092112,0.00382509,0,test,"ILLUSTRATIVE SYNTHETIC DATA — fictional buyer population, not real counterparties"
OBS_00702,SYN_0102,3,0.30186271,0.7968457,0.0,88.30339152,0.08489825,0.01271636,0,test,"ILLUSTRATIVE SYNTHETIC DATA — fictional buyer population, not real counterparties"
OBS_00703,SYN_0103,3,0.25907537,0.64360167,11.0,49.29512877,0.18351159,0.03277337,0,train,"ILLUSTRATIVE SYNTHETIC DATA — fictional buyer population, not real counterparties"
OBS_00704,SYN_0104,3,1.3946512,0.77165702,7.0,15.01624916,0.24667194,0.07340291,0,train,"ILLUSTRATIVE SYNTHETIC DATA — fictional buyer population, not real counterparties"
OBS_00705,SYN_0105,3,-1.22581875,0.59509364,0.0,77.86968384,0.06087535,0.00954807,0,test,"ILLUSTRATIVE SYNTHETIC DATA — fictional buyer population, not real counterparties"
OBS_00706,SYN_0106,3,0.42329866,0.88893501,11.0,16.72119746,0.13206092,0.09082875,1,train,"ILLUSTRATIVE SYNTHETIC DATA — fictional buyer population, not real counterparties"
OBS_00707,SYN_0107,3,-0.38557122,0.64972158,1.0,21.92148961,0.0334885,0.02996565,0,train,"ILLUSTRATIVE SYNTHETIC DATA — fictional buyer population, not real counterparties"
OBS_00708,SYN_0108,3,-0.80565117,0.0167286,0.0,127.68206024,0.23246886,0.00133317,0,train,"ILLUSTRATIVE SYNTHETIC DATA — fictional buyer population, not real counterparties"
OBS_00709,SYN_0109,3,-0.72202887,0.28548827,10.0,51.03557753,0.13431341,0.01305305,0,train,"ILLUSTRATIVE SYNTHETIC DATA — fictional buyer population, not real counterparties"
OBS_00710,SYN_0110,3,-0.55046035,0.57907517,0.0,17.90724952,0.12339678,0.03002717,0,train,"ILLUSTRATIVE SYNTHETIC DATA — fictional buyer population, not real counterparties"
OBS_00711,SYN_0111,3,1.54362585,0.67082781,22.0,26.3273462,0.26373799,0.0879575,0,test,"ILLUSTRATIVE SYNTHETIC DATA — fictional buyer population, not real counterparties"
OBS_00712,SYN_0112,3,1.62246793,1.21835595,51.0,28.72095237,0.27044098,0.50591175,0,train,"ILLUSTRATIVE SYNTHETIC DATA — fictional buyer population, not real counterparties"
OBS_00713,SYN_0113,3,1.77187954,1.03324351,4.0,97.28267076,0.08291965,0.02120442,0,test,"ILLUSTRATIVE SYNTHETIC DATA — fictional buyer population, not real counterparties"
OBS_00714,SYN_0114,3,-0.03266269,0.95356775,0.0,53.47722417,0.09828572,0.03435531,0,train,"ILLUSTRATIVE SYNTHETIC DATA — fictional buyer population, not real counterparties"
OBS_00715,SYN_0115,3,2.32808883,0.6834857,12.0,55.05048752,0.12874126,0.03110336,0,train,"ILLUSTRATIVE SYNTHETIC DATA — fictional buyer population, not real counterparties"
OBS_00716,SYN_0116,3,-0.9778709,0.17843432,0.0,53.23555855,0.27466585,0.00804447,0,test,"ILLUSTRATIVE SYNTHETIC DATA — fictional buyer population, not real counterparties"
OBS_00717,SYN_0117,3,-0.34703694,0.36429824,1.0,60.93495245,0.05466456,0.00808157,0,train,"ILLUSTRATIVE SYNTHETIC DATA — fictional buyer population, not real counterparties"
OBS_00718,SYN_0118,3,-0.63690759,0.53669802,12.0,37.36231007,0.17733816,0.0332607,0,train,"ILLUSTRATIVE SYNTHETIC DATA — fictional buyer population, not real counterparties"
OBS_00719,SYN_0119,3,-0.45745896,0.3949394,0.0,34.28438325,0.21826061,0.01698979,0,test,"ILLUSTRATIVE SYNTHETIC DATA — fictional buyer population, not real counterparties"
OBS_00720,SYN_0120,3,1.24440755,0.4135598,9.0,9.75332669,0.19756934,0.03826165,0,test,"ILLUSTRATIVE SYNTHETIC DATA — fictional buyer population, not real counterparties"
OBS_00721,SYN_0121,3,0.73960094,0.29405074,4.0,42.61754352,0.13422393,0.0122083,0,train,"ILLUSTRATIVE SYNTHETIC DATA — fictional buyer population, not real counterparties"
OBS_00722,SYN_0122,3,0.04575775,0.99092307,0.0,18.66051945,0.25367962,0.08408657,0,test,"ILLUSTRATIVE SYNTHETIC DATA — fictional buyer population, not real counterparties"
OBS_00723,SYN_0123,3,-0.93290997,0.55357648,8.0,54.20094026,0.05479093,0.01837048,0,train,"ILLUSTRATIVE SYNTHETIC DATA — fictional buyer population, not real counterparties"
OBS_00724,SYN_0124,3,-2.94672687,0.0,0.0,38.0862325,0.00473782,0.00492542,0,train,"ILLUSTRATIVE SYNTHETIC DATA — fictional buyer population, not real counterparties"
OBS_00725,SYN_0125,3,0.37024902,0.72860624,0.0,22.56913596,0.03888986,0.03401672,0,train,"ILLUSTRATIVE SYNTHETIC DATA — fictional buyer population, not real counterparties"
OBS_00726,SYN_0126,3,0.07857278,0.52082332,10.0,76.88037011,0.08922219,0.01281715,0,train,"ILLUSTRATIVE SYNTHETIC DATA — fictional buyer population, not real counterparties"
OBS_00727,SYN_0127,3,-0.19717868,0.45942296,0.0,35.94178544,0.09517555,0.01603271,0,train,"ILLUSTRATIVE SYNTHETIC DATA — fictional buyer population, not real counterparties"
OBS_00728,SYN_0128,3,0.04631254,0.09429663,0.0,34.95770656,0.05753343,0.00692253,0,train,"ILLUSTRATIVE SYNTHETIC DATA — fictional buyer population, not real counterparties"
OBS_00729,SYN_0129,3,0.29309909,0.21187465,58.0,21.90826265,0.1528205,0.12173208,0,train,"ILLUSTRATIVE SYNTHETIC DATA — fictional buyer population, not real counterparties"
OBS_00730,SYN_0130,3,-0.53679739,0.12420752,0.0,42.60620237,0.07072628,0.00654121,0,test,"ILLUSTRATIVE SYNTHETIC DATA — fictional buyer population, not real counterparties"
OBS_00731,SYN_0131,3,0.66184337,0.70553258,46.0,35.87604052,0.26569756,0.18799408,0,train,"ILLUSTRATIVE SYNTHETIC DATA — fictional buyer population, not real counterparties"
OBS_00732,SYN_0132,3,-1.39073308,0.23223473,1.0,43.78506041,0.12077192,0.00907203,0,train,"ILLUSTRATIVE SYNTHETIC DATA — fictional buyer population, not real counterparties"
OBS_00733,SYN_0133,3,0.97004107,0.35668846,32.0,17.32900843,0.44890362,0.09901372,0,train,"ILLUSTRATIVE SYNTHETIC DATA — fictional buyer population, not real counterparties"
OBS_00734,SYN_0134,3,-1.9720333,0.0,0.0,22.81387042,0.05847738,0.00703843,0,train,"ILLUSTRATIVE SYNTHETIC DATA — fictional buyer population, not real counterparties"
OBS_00735,SYN_0135,3,-0.72506868,0.3281751,0.0,55.46444476,0.10077695,0.00845058,0,test,"ILLUSTRATIVE SYNTHETIC DATA — fictional buyer population, not real counterparties"
OBS_00736,SYN_0136,3,-0.4578526,0.4608203,0.0,68.39835729,0.09910412,0.00890769,0,train,"ILLUSTRATIVE SYNTHETIC DATA — fictional buyer population, not real counterparties"
OBS_00737,SYN_0137,3,-0.86960009,0.26716869,0.0,26.46715142,0.02976196,0.0114166,0,train,"ILLUSTRATIVE SYNTHETIC DATA — fictional buyer population, not real counterparties"
OBS_00738,SYN_0138,3,-1.14139904,0.67619203,0.0,180.0,0.1043176,0.00183425,0,train,"ILLUSTRATIVE SYNTHETIC DATA — fictional buyer population, not real counterparties"
OBS_00739,SYN_0139,3,-1.1460392,0.48230285,0.0,48.40433589,0.0615255,0.01280943,0,train,"ILLUSTRATIVE SYNTHETIC DATA — fictional buyer population, not real counterparties"
OBS_00740,SYN_0140,3,-0.87423002,0.22486146,8.0,30.57397365,0.04917806,0.01364734,0,test,"ILLUSTRATIVE SYNTHETIC DATA — fictional buyer population, not real counterparties"
OBS_00741,SYN_0141,3,1.17198965,0.80639346,28.0,24.56522198,0.54434235,0.2029266,1,test,"ILLUSTRATIVE SYNTHETIC DATA — fictional buyer population, not real counterparties"
OBS_00742,SYN_0142,3,-0.29698273,0.69254412,1.0,38.6764006,0.05935146,0.02515701,0,train,"ILLUSTRATIVE SYNTHETIC DATA — fictional buyer population, not real counterparties"
OBS_00743,SYN_0143,3,-0.52709029,0.27918438,0.0,38.17120777,0.25585308,0.01291912,0,test,"ILLUSTRATIVE SYNTHETIC DATA — fictional buyer population, not real counterparties"
OBS_00744,SYN_0144,3,0.77969094,0.40544408,0.0,43.25049923,0.37109004,0.01820482,0,train,"ILLUSTRATIVE SYNTHETIC DATA — fictional buyer population, not real counterparties"
OBS_00745,SYN_0145,3,-1.93044212,0.39291133,0.0,80.98789552,0.07545603,0.00587834,0,train,"ILLUSTRATIVE SYNTHETIC DATA — fictional buyer population, not real counterparties"
OBS_00746,SYN_0146,3,-0.77102685,0.36803053,0.0,20.38827219,0.04625671,0.01630176,0,test,"ILLUSTRATIVE SYNTHETIC DATA — fictional buyer population, not real counterparties"
OBS_00747,SYN_0147,3,0.57342709,0.3121626,0.0,14.92502554,0.53335443,0.03099801,0,test,"ILLUSTRATIVE SYNTHETIC DATA — fictional buyer population, not real counterparties"
OBS_00748,SYN_0148,3,-0.26423719,0.76629488,2.0,17.53684015,0.30499718,0.06205864,0,train,"ILLUSTRATIVE SYNTHETIC DATA — fictional buyer population, not real counterparties"
OBS_00749,SYN_0149,3,1.05962362,0.3705167,0.0,45.91966522,0.44850176,0.01786165,0,train,"ILLUSTRATIVE SYNTHETIC DATA — fictional buyer population, not real counterparties"
OBS_00750,SYN_0150,3,-0.19688974,0.18178054,0.0,68.1407585,0.50906993,0.00851997,0,train,"ILLUSTRATIVE SYNTHETIC DATA — fictional buyer population, not real counterparties"
OBS_00751,SYN_0151,3,-0.3232933,0.72180434,0.0,32.121794,0.2988341,0.04008649,0,train,"ILLUSTRATIVE SYNTHETIC DATA — fictional buyer population, not real counterparties"
OBS_00752,SYN_0152,3,1.3281322,0.8485015,0.0,21.03187381,0.60073297,0.09406964,0,test,"ILLUSTRATIVE SYNTHETIC DATA — fictional buyer population, not real counterparties"
OBS_00753,SYN_0153,3,-1.62072761,0.53900984,8.0,18.27054149,0.07058909,0.03486592,0,test,"ILLUSTRATIVE SYNTHETIC DATA — fictional buyer population, not real counterparties"
OBS_00754,SYN_0154,3,0.71186593,0.64809573,7.0,33.73460558,0.30963546,0.04430469,0,train,"ILLUSTRATIVE SYNTHETIC DATA — fictional buyer population, not real counterparties"
OBS_00755,SYN_0155,3,1.33439241,0.84816028,3.0,13.85060711,0.29840751,0.08068715,0,train,"ILLUSTRATIVE SYNTHETIC DATA — fictional buyer population, not real counterparties"
OBS_00756,SYN_0156,3,-0.6452052,0.55694767,0.0,16.89542446,0.39615121,0.0421071,0,train,"ILLUSTRATIVE SYNTHETIC DATA — fictional buyer population, not real counterparties"
OBS_00757,SYN_0157,3,0.75444459,0.578257,12.0,20.69473448,0.10204531,0.04427253,0,test,"ILLUSTRATIVE SYNTHETIC DATA — fictional buyer population, not real counterparties"
OBS_00758,SYN_0158,3,0.51350242,0.91377648,0.0,40.22721834,0.38766252,0.05874518,0,train,"ILLUSTRATIVE SYNTHETIC DATA — fictional buyer population, not real counterparties"
OBS_00759,SYN_0159,3,0.95714074,0.56610378,2.0,19.73341395,0.06356106,0.02817877,0,train,"ILLUSTRATIVE SYNTHETIC DATA — fictional buyer population, not real counterparties"
OBS_00760,SYN_0160,3,-0.05469931,0.36907863,19.0,24.76974117,0.03782233,0.03165825,1,train,"ILLUSTRATIVE SYNTHETIC DATA — fictional buyer population, not real counterparties"
OBS_00761,SYN_0161,3,-0.26150471,0.0939305,0.0,42.15174414,0.22046509,0.00759302,0,train,"ILLUSTRATIVE SYNTHETIC DATA — fictional buyer population, not real counterparties"
OBS_00762,SYN_0162,3,-0.37868786,0.61062659,5.0,63.87109009,0.20200378,0.01894894,0,train,"ILLUSTRATIVE SYNTHETIC DATA — fictional buyer population, not real counterparties"
OBS_00763,SYN_0163,3,0.51530616,0.55654338,13.0,25.62340315,0.03369034,0.03671377,0,train,"ILLUSTRATIVE SYNTHETIC DATA — fictional buyer population, not real counterparties"
OBS_00764,SYN_0164,3,0.12530409,0.81988646,0.0,53.49615858,0.11248386,0.02621525,0,train,"ILLUSTRATIVE SYNTHETIC DATA — fictional buyer population, not real counterparties"
OBS_00765,SYN_0165,3,0.04250325,0.71166219,0.0,46.28787794,0.36597864,0.03331016,0,test,"ILLUSTRATIVE SYNTHETIC DATA — fictional buyer population, not real counterparties"
OBS_00766,SYN_0166,3,0.15983464,0.38035727,0.0,54.001794,0.1239583,0.01006081,0,train,"ILLUSTRATIVE SYNTHETIC DATA — fictional buyer population, not real counterparties"
OBS_00767,SYN_0167,3,-0.25322387,0.56858946,15.0,61.0956208,0.17704595,0.02612258,0,train,"ILLUSTRATIVE SYNTHETIC DATA — fictional buyer population, not real counterparties"
OBS_00768,SYN_0168,3,-0.53084654,0.50768298,0.0,22.71513214,0.04695764,0.02123357,0,test,"ILLUSTRATIVE SYNTHETIC DATA — fictional buyer population, not real counterparties"
OBS_00769,SYN_0169,3,0.40581699,0.85777943,0.0,47.09960313,0.21519722,0.03669274,0,test,"ILLUSTRATIVE SYNTHETIC DATA — fictional buyer population, not real counterparties"
OBS_00770,SYN_0170,3,0.0582151,0.7891491,0.0,25.08717479,0.11452309,0.04100019,0,train,"ILLUSTRATIVE SYNTHETIC DATA — fictional buyer population, not real counterparties"
OBS_00771,SYN_0171,3,0.60956424,0.76462258,1.0,23.29770136,0.15498578,0.04407993,0,train,"ILLUSTRATIVE SYNTHETIC DATA — fictional buyer population, not real counterparties"
OBS_00772,SYN_0172,3,1.76235738,0.95575361,11.0,21.66948255,0.23315202,0.10859397,0,train,"ILLUSTRATIVE SYNTHETIC DATA — fictional buyer population, not real counterparties"
OBS_00773,SYN_0173,3,0.91220596,0.70360811,11.0,61.36496333,0.12861047,0.02786593,0,train,"ILLUSTRATIVE SYNTHETIC DATA — fictional buyer population, not real counterparties"
OBS_00774,SYN_0174,3,0.36262613,0.74020354,24.0,26.70850685,0.10654561,0.08869167,0,train,"ILLUSTRATIVE SYNTHETIC DATA — fictional buyer population, not real counterparties"
OBS_00775,SYN_0175,3,1.08085995,0.53951412,8.0,25.00481754,0.23476282,0.03859009,0,train,"ILLUSTRATIVE SYNTHETIC DATA — fictional buyer population, not real counterparties"
OBS_00776,SYN_0176,3,-0.57754463,0.07037526,0.0,68.85393595,0.25006835,0.00458383,0,test,"ILLUSTRATIVE SYNTHETIC DATA — fictional buyer population, not real counterparties"
OBS_00777,SYN_0177,3,1.76562729,1.11001582,0.0,73.58448775,0.13784063,0.03538116,0,test,"ILLUSTRATIVE SYNTHETIC DATA — fictional buyer population, not real counterparties"
OBS_00778,SYN_0178,3,0.04405163,0.54919171,7.0,27.9226474,0.11318761,0.03051547,0,train,"ILLUSTRATIVE SYNTHETIC DATA — fictional buyer population, not real counterparties"
OBS_00779,SYN_0179,3,2.41020314,0.65873776,25.0,15.98666371,0.26948481,0.11467512,0,train,"ILLUSTRATIVE SYNTHETIC DATA — fictional buyer population, not real counterparties"
OBS_00780,SYN_0180,3,2.23985436,0.40123541,12.0,33.54083471,0.43509496,0.03766899,1,train,"ILLUSTRATIVE SYNTHETIC DATA — fictional buyer population, not real counterparties"
OBS_00781,SYN_0181,3,-0.02716069,0.45797218,0.0,64.88964967,0.05651198,0.00890206,0,train,"ILLUSTRATIVE SYNTHETIC DATA — fictional buyer population, not real counterparties"
OBS_00782,SYN_0182,3,0.73966896,0.53798413,45.0,26.97091416,0.1187856,0.12816845,0,train,"ILLUSTRATIVE SYNTHETIC DATA — fictional buyer population, not real counterparties"
OBS_00783,SYN_0183,3,0.61571636,0.59913213,11.0,23.83809295,0.03454216,0.0384618,0,train,"ILLUSTRATIVE SYNTHETIC DATA — fictional buyer population, not real counterparties"
OBS_00784,SYN_0184,3,-0.32863409,0.57194412,0.0,22.67597718,0.18739962,0.02958942,0,train,"ILLUSTRATIVE SYNTHETIC DATA — fictional buyer population, not real counterparties"
OBS_00785,SYN_0185,3,-0.0029733,0.32652961,0.0,24.13532486,0.09163673,0.01478996,0,train,"ILLUSTRATIVE SYNTHETIC DATA — fictional buyer population, not real counterparties"
OBS_00786,SYN_0186,3,1.14107932,0.4263421,4.0,36.40456706,0.21471966,0.02042975,0,train,"ILLUSTRATIVE SYNTHETIC DATA — fictional buyer population, not real counterparties"
OBS_00787,SYN_0187,3,0.86852113,0.41968927,0.0,39.07610722,0.09102923,0.01379302,0,train,"ILLUSTRATIVE SYNTHETIC DATA — fictional buyer population, not real counterparties"
OBS_00788,SYN_0188,3,-1.51240714,0.25079283,0.0,22.6240168,0.06759936,0.01245131,0,train,"ILLUSTRATIVE SYNTHETIC DATA — fictional buyer population, not real counterparties"
OBS_00789,SYN_0189,3,1.41348077,0.56516686,14.0,34.72365891,0.24721945,0.04401553,0,train,"ILLUSTRATIVE SYNTHETIC DATA — fictional buyer population, not real counterparties"
OBS_00790,SYN_0190,3,-0.33009739,0.52645708,0.0,17.05203341,0.15718745,0.0284858,0,train,"ILLUSTRATIVE SYNTHETIC DATA — fictional buyer population, not real counterparties"
OBS_00791,SYN_0191,3,0.6774823,0.67641081,0.0,20.07755627,0.11388271,0.03517463,0,test,"ILLUSTRATIVE SYNTHETIC DATA — fictional buyer population, not real counterparties"
OBS_00792,SYN_0192,3,1.12410569,0.43210836,0.0,14.84084097,0.30466791,0.0295194,0,test,"ILLUSTRATIVE SYNTHETIC DATA — fictional buyer population, not real counterparties"
OBS_00793,SYN_0193,3,-1.17310703,0.68072101,0.0,57.84116652,0.01444646,0.01562394,0,train,"ILLUSTRATIVE SYNTHETIC DATA — fictional buyer population, not real counterparties"
OBS_00794,SYN_0194,3,-0.52989704,0.2772098,0.0,40.09502256,0.10129042,0.01002852,0,test,"ILLUSTRATIVE SYNTHETIC DATA — fictional buyer population, not real counterparties"
OBS_00795,SYN_0195,3,0.61729698,0.61326737,0.0,61.24891752,0.34769099,0.02000939,0,test,"ILLUSTRATIVE SYNTHETIC DATA — fictional buyer population, not real counterparties"
OBS_00796,SYN_0196,3,-0.92652109,0.0,0.0,33.43388441,0.0738341,0.00590915,0,train,"ILLUSTRATIVE SYNTHETIC DATA — fictional buyer population, not real counterparties"
OBS_00797,SYN_0197,3,0.96519852,0.04651827,29.0,22.54008446,0.29620747,0.0344793,0,train,"ILLUSTRATIVE SYNTHETIC DATA — fictional buyer population, not real counterparties"
OBS_00798,SYN_0198,3,0.74261098,0.7425034,0.0,57.89247058,0.19726382,0.02295975,0,test,"ILLUSTRATIVE SYNTHETIC DATA — fictional buyer population, not real counterparties"
OBS_00799,SYN_0199,3,0.49857431,0.63554114,0.0,23.06467612,0.33652535,0.04120188,0,train,"ILLUSTRATIVE SYNTHETIC DATA — fictional buyer population, not real counterparties"
OBS_00800,SYN_0200,3,1.2152953,0.69176462,27.0,22.75540699,0.43142513,0.14324481,1,train,"ILLUSTRATIVE SYNTHETIC DATA — fictional buyer population, not real counterparties"
OBS_00801,SYN_0201,3,-0.54943037,0.58606152,0.0,90.37070769,0.11298083,0.00798944,0,test,"ILLUSTRATIVE SYNTHETIC DATA — fictional buyer population, not real counterparties"
OBS_00802,SYN_0202,3,-0.1294114,0.24506761,0.0,35.09006038,0.07285244,0.00984748,0,test,"ILLUSTRATIVE SYNTHETIC DATA — fictional buyer population, not real counterparties"
OBS_00803,SYN_0203,3,0.64529563,0.48870161,11.0,40.49026785,0.22975752,0.02925246,0,test,"ILLUSTRATIVE SYNTHETIC DATA — fictional buyer population, not real counterparties"
OBS_00804,SYN_0204,3,0.17118821,0.34350308,0.0,40.18972641,0.13740468,0.01218125,0,train,"ILLUSTRATIVE SYNTHETIC DATA — fictional buyer population, not real counterparties"
OBS_00805,SYN_0205,3,0.80357114,0.41200194,0.0,35.7477915,0.15603489,0.01576437,0,test,"ILLUSTRATIVE SYNTHETIC DATA — fictional buyer population, not real counterparties"
OBS_00806,SYN_0206,3,-0.24857277,0.81703626,1.0,23.07083104,0.18291675,0.05134604,0,test,"ILLUSTRATIVE SYNTHETIC DATA — fictional buyer population, not real counterparties"
OBS_00807,SYN_0207,3,-0.71864916,0.15387231,8.0,147.90335937,0.2813414,0.00183995,0,test,"ILLUSTRATIVE SYNTHETIC DATA — fictional buyer population, not real counterparties"
OBS_00808,SYN_0208,3,-1.00713862,0.14766689,0.0,67.5591094,0.04012532,0.00416238,0,test,"ILLUSTRATIVE SYNTHETIC DATA — fictional buyer population, not real counterparties"
OBS_00809,SYN_0209,3,-0.52069993,0.14929194,0.0,28.68534864,0.04806486,0.00866375,0,train,"ILLUSTRATIVE SYNTHETIC DATA — fictional buyer population, not real counterparties"
OBS_00810,SYN_0210,3,-1.00126281,0.42498415,0.0,43.48367343,0.17127329,0.01437624,0,train,"ILLUSTRATIVE SYNTHETIC DATA — fictional buyer population, not real counterparties"
OBS_00811,SYN_0211,3,0.73893519,0.61349505,0.0,15.63330304,0.04386041,0.03025896,0,train,"ILLUSTRATIVE SYNTHETIC DATA — fictional buyer population, not real counterparties"
OBS_00812,SYN_0212,3,-0.05351829,0.21913257,0.0,39.05108402,0.08957297,0.00884689,0,test,"ILLUSTRATIVE SYNTHETIC DATA — fictional buyer population, not real counterparties"
OBS_00813,SYN_0213,3,1.60869721,0.86650251,26.0,29.65217183,0.29903565,0.14773155,0,test,"ILLUSTRATIVE SYNTHETIC DATA — fictional buyer population, not real counterparties"
OBS_00814,SYN_0214,3,-0.11026413,0.30338804,0.0,50.76251717,0.0663406,0.00831751,0,train,"ILLUSTRATIVE SYNTHETIC DATA — fictional buyer population, not real counterparties"
OBS_00815,SYN_0215,3,-0.83938537,0.02385374,0.0,69.00716708,0.09755668,0.00333335,0,test,"ILLUSTRATIVE SYNTHETIC DATA — fictional buyer population, not real counterparties"
OBS_00816,SYN_0216,3,0.48233036,0.64856875,0.0,50.53914723,0.21063362,0.02177513,0,train,"ILLUSTRATIVE SYNTHETIC DATA — fictional buyer population, not real counterparties"
OBS_00817,SYN_0217,3,1.30014198,0.09766548,12.0,86.88935475,0.35208141,0.00652239,0,train,"ILLUSTRATIVE SYNTHETIC DATA — fictional buyer population, not real counterparties"
OBS_00818,SYN_0218,3,0.07130359,0.38010743,0.0,38.25788354,0.07712967,0.0125893,0,test,"ILLUSTRATIVE SYNTHETIC DATA — fictional buyer population, not real counterparties"
OBS_00819,SYN_0219,3,-0.82730973,0.38610654,13.0,41.30040312,0.14638034,0.0222799,0,train,"ILLUSTRATIVE SYNTHETIC DATA — fictional buyer population, not real counterparties"
OBS_00820,SYN_0220,3,0.15554872,0.66415617,10.0,31.07654074,0.11026395,0.04136444,0,test,"ILLUSTRATIVE SYNTHETIC DATA — fictional buyer population, not real counterparties"
OBS_00821,SYN_0221,3,-0.08879076,0.64631913,17.0,19.09757867,0.05740559,0.06007595,0,test,"ILLUSTRATIVE SYNTHETIC DATA — fictional buyer population, not real counterparties"
OBS_00822,SYN_0222,3,-0.34825402,0.46168644,0.0,48.30263516,0.12531487,0.01339165,0,test,"ILLUSTRATIVE SYNTHETIC DATA — fictional buyer population, not real counterparties"
OBS_00823,SYN_0223,3,0.820994,0.40711973,0.0,13.00556335,0.1017864,0.02192566,0,train,"ILLUSTRATIVE SYNTHETIC DATA — fictional buyer population, not real counterparties"
OBS_00824,SYN_0224,3,1.59262078,0.42333668,0.0,20.97997777,0.39693502,0.02938282,0,train,"ILLUSTRATIVE SYNTHETIC DATA — fictional buyer population, not real counterparties"
OBS_00825,SYN_0225,3,-0.41552184,0.38847846,0.0,24.9495734,0.22713714,0.02010584,0,train,"ILLUSTRATIVE SYNTHETIC DATA — fictional buyer population, not real counterparties"
OBS_00826,SYN_0226,3,-0.25384314,0.38369922,0.0,23.61551007,0.11928443,0.01758394,0,train,"ILLUSTRATIVE SYNTHETIC DATA — fictional buyer population, not real counterparties"
OBS_00827,SYN_0227,3,0.65689945,0.29188264,2.0,28.54948472,0.14225118,0.01468017,0,train,"ILLUSTRATIVE SYNTHETIC DATA — fictional buyer population, not real counterparties"
OBS_00828,SYN_0228,3,-0.75956664,0.32809761,3.0,65.59617154,0.13381034,0.00827833,0,train,"ILLUSTRATIVE SYNTHETIC DATA — fictional buyer population, not real counterparties"
OBS_00829,SYN_0229,3,-0.41260617,0.23232132,0.0,176.59318436,0.05777517,0.00068088,0,train,"ILLUSTRATIVE SYNTHETIC DATA — fictional buyer population, not real counterparties"
OBS_00830,SYN_0230,3,-1.27606105,0.01943602,1.0,92.44241766,0.02574125,0.00201342,0,train,"ILLUSTRATIVE SYNTHETIC DATA — fictional buyer population, not real counterparties"
OBS_00831,SYN_0231,3,-1.59849173,0.0668712,0.0,68.31891948,0.20916998,0.00433946,0,train,"ILLUSTRATIVE SYNTHETIC DATA — fictional buyer population, not real counterparties"
OBS_00832,SYN_0232,3,-0.25719181,0.29179172,2.0,46.29158737,0.04704265,0.00928841,0,train,"ILLUSTRATIVE SYNTHETIC DATA — fictional buyer population, not real counterparties"
OBS_00833,SYN_0233,3,1.21014637,0.52201353,0.0,29.36137563,0.3506814,0.02937402,0,test,"ILLUSTRATIVE SYNTHETIC DATA — fictional buyer population, not real counterparties"
OBS_00834,SYN_0234,3,-0.04676635,0.37978124,0.0,32.06192254,0.08430111,0.0142348,0,train,"ILLUSTRATIVE SYNTHETIC DATA — fictional buyer population, not real counterparties"
OBS_00835,SYN_0235,3,1.50413164,1.23585816,0.0,21.98313493,0.38427487,0.15177063,0,train,"ILLUSTRATIVE SYNTHETIC DATA — fictional buyer population, not real counterparties"
OBS_00836,SYN_0236,3,-0.89648386,0.06177702,0.0,40.35137556,0.12997349,0.00644717,0,train,"ILLUSTRATIVE SYNTHETIC DATA — fictional buyer population, not real counterparties"
OBS_00837,SYN_0237,3,-0.73403984,0.47768987,0.0,24.98813066,0.06890486,0.0196616,0,train,"ILLUSTRATIVE SYNTHETIC DATA — fictional buyer population, not real counterparties"
OBS_00838,SYN_0238,3,1.31159294,0.81874346,2.0,27.28807911,0.1012282,0.04458745,0,test,"ILLUSTRATIVE SYNTHETIC DATA — fictional buyer population, not real counterparties"
OBS_00839,SYN_0239,3,-0.00953686,0.66963868,0.0,35.31647954,0.11326508,0.02631448,0,train,"ILLUSTRATIVE SYNTHETIC DATA — fictional buyer population, not real counterparties"
OBS_00840,SYN_0240,3,0.35677424,0.42645588,0.0,68.49370794,0.13966884,0.00871762,0,train,"ILLUSTRATIVE SYNTHETIC DATA — fictional buyer population, not real counterparties"
OBS_00841,SYN_0241,3,2.12506384,0.88343179,71.0,34.32621207,0.33815875,0.51939748,0,train,"ILLUSTRATIVE SYNTHETIC DATA — fictional buyer population, not real counterparties"
OBS_00842,SYN_0242,3,0.54358892,0.5649105,97.0,16.42434595,0.31755919,0.67374636,1,train,"ILLUSTRATIVE SYNTHETIC DATA — fictional buyer population, not real counterparties"
OBS_00843,SYN_0243,3,-0.23968291,0.20032799,0.0,25.14861793,0.49619998,0.01919105,0,train,"ILLUSTRATIVE SYNTHETIC DATA — fictional buyer population, not real counterparties"
OBS_00844,SYN_0244,3,-1.08942809,0.35354244,0.0,41.7242221,0.05616849,0.01082224,0,train,"ILLUSTRATIVE SYNTHETIC DATA — fictional buyer population, not real counterparties"
OBS_00845,SYN_0245,3,-1.50020258,0.52456878,0.0,17.69729493,0.01148391,0.02299308,0,test,"ILLUSTRATIVE SYNTHETIC DATA — fictional buyer population, not real counterparties"
OBS_00846,SYN_0246,3,0.47861456,0.26771564,0.0,22.41114976,0.1736804,0.01501734,0,train,"ILLUSTRATIVE SYNTHETIC DATA — fictional buyer population, not real counterparties"
OBS_00847,SYN_0247,3,0.40221131,0.71610974,0.0,70.82722038,0.05338116,0.01404562,0,train,"ILLUSTRATIVE SYNTHETIC DATA — fictional buyer population, not real counterparties"
OBS_00848,SYN_0248,3,-1.12644434,0.49154029,0.0,109.93575733,0.03289607,0.00403672,0,train,"ILLUSTRATIVE SYNTHETIC DATA — fictional buyer population, not real counterparties"
OBS_00849,SYN_0249,3,-0.05157448,0.4568702,26.0,16.61186335,0.19354497,0.07099397,0,train,"ILLUSTRATIVE SYNTHETIC DATA — fictional buyer population, not real counterparties"
OBS_00850,SYN_0250,3,0.73047281,0.61689928,15.0,22.71347,0.24493464,0.06285101,0,test,"ILLUSTRATIVE SYNTHETIC DATA — fictional buyer population, not real counterparties"
OBS_00851,SYN_0251,3,0.36693263,0.83576789,0.0,82.57977524,0.10735819,0.01586898,0,test,"ILLUSTRATIVE SYNTHETIC DATA — fictional buyer population, not real counterparties"
OBS_00852,SYN_0252,3,-1.24110978,0.39084475,0.0,62.19729231,0.06044261,0.00810801,0,train,"ILLUSTRATIVE SYNTHETIC DATA — fictional buyer population, not real counterparties"
OBS_00853,SYN_0253,3,-0.60768005,0.39767165,0.0,28.20258374,0.09862388,0.01620618,0,train,"ILLUSTRATIVE SYNTHETIC DATA — fictional buyer population, not real counterparties"
OBS_00854,SYN_0254,3,-0.98377474,0.63925303,6.0,48.66136564,0.04380953,0.02229778,0,test,"ILLUSTRATIVE SYNTHETIC DATA — fictional buyer population, not real counterparties"
OBS_00855,SYN_0255,3,0.81188074,0.85742924,0.0,12.25876465,0.16215295,0.06327883,0,train,"ILLUSTRATIVE SYNTHETIC DATA — fictional buyer population, not real counterparties"
OBS_00856,SYN_0256,3,0.16548838,0.69205298,27.0,39.75962024,0.0618317,0.06781784,0,train,"ILLUSTRATIVE SYNTHETIC DATA — fictional buyer population, not real counterparties"
OBS_00857,SYN_0257,3,0.22709222,0.69422335,40.0,32.51382545,0.38047737,0.18113565,0,test,"ILLUSTRATIVE SYNTHETIC DATA — fictional buyer population, not real counterparties"
OBS_00858,SYN_0258,3,-0.19624607,0.21807049,34.0,17.66887297,0.08853621,0.04990541,0,test,"ILLUSTRATIVE SYNTHETIC DATA — fictional buyer population, not real counterparties"
OBS_00859,SYN_0259,3,0.68524672,0.7401368,4.0,46.96894546,0.0717098,0.02748539,0,test,"ILLUSTRATIVE SYNTHETIC DATA — fictional buyer population, not real counterparties"
OBS_00860,SYN_0260,3,-1.41364411,0.00989013,0.0,95.6100434,0.154133,0.00213487,0,train,"ILLUSTRATIVE SYNTHETIC DATA — fictional buyer population, not real counterparties"
OBS_00861,SYN_0261,3,-0.01009308,0.75758731,0.0,83.51712761,0.12087717,0.01338185,0,train,"ILLUSTRATIVE SYNTHETIC DATA — fictional buyer population, not real counterparties"
OBS_00862,SYN_0262,3,0.93782281,0.77769331,6.0,50.75808045,0.17427733,0.03460824,0,test,"ILLUSTRATIVE SYNTHETIC DATA — fictional buyer population, not real counterparties"
OBS_00863,SYN_0263,3,0.12385544,0.67002699,0.0,28.14273199,0.11789455,0.03017112,0,test,"ILLUSTRATIVE SYNTHETIC DATA — fictional buyer population, not real counterparties"
OBS_00864,SYN_0264,3,-0.2473325,0.33120404,0.0,24.04200702,0.10147328,0.01517234,0,train,"ILLUSTRATIVE SYNTHETIC DATA — fictional buyer population, not real counterparties"
OBS_00865,SYN_0265,3,0.64977679,0.25507047,3.0,40.66809693,0.14952423,0.01139354,0,train,"ILLUSTRATIVE SYNTHETIC DATA — fictional buyer population, not real counterparties"
OBS_00866,SYN_0266,3,0.91876927,0.77924005,6.0,23.89367826,0.23475592,0.06060189,0,train,"ILLUSTRATIVE SYNTHETIC DATA — fictional buyer population, not real counterparties"
OBS_00867,SYN_0267,3,0.59845402,0.46905895,1.0,61.95405757,0.08184668,0.01038198,0,train,"ILLUSTRATIVE SYNTHETIC DATA — fictional buyer population, not real counterparties"
OBS_00868,SYN_0268,3,0.45224257,0.81401734,0.0,32.39016055,0.21375305,0.04335802,0,train,"ILLUSTRATIVE SYNTHETIC DATA — fictional buyer population, not real counterparties"
OBS_00869,SYN_0269,3,0.91209078,0.29541353,1.0,34.69207611,0.37982393,0.01761343,0,train,"ILLUSTRATIVE SYNTHETIC DATA — fictional buyer population, not real counterparties"
OBS_00870,SYN_0270,3,1.25879308,0.7938196,33.0,21.82899633,0.15724871,0.15662513,0,train,"ILLUSTRATIVE SYNTHETIC DATA — fictional buyer population, not real counterparties"
OBS_00871,SYN_0271,3,0.14904681,0.42300266,2.0,18.05758272,0.09759938,0.02228752,0,train,"ILLUSTRATIVE SYNTHETIC DATA — fictional buyer population, not real counterparties"
OBS_00872,SYN_0272,3,2.40372747,0.805541,15.0,52.64676495,0.51491285,0.07867951,0,test,"ILLUSTRATIVE SYNTHETIC DATA — fictional buyer population, not real counterparties"
OBS_00873,SYN_0273,3,-1.63293791,0.18827375,0.0,26.96791504,0.26130909,0.01308715,0,test,"ILLUSTRATIVE SYNTHETIC DATA — fictional buyer population, not real counterparties"
OBS_00874,SYN_0274,3,0.53542082,0.80290477,0.0,83.23181328,0.19645237,0.01649071,0,train,"ILLUSTRATIVE SYNTHETIC DATA — fictional buyer population, not real counterparties"
OBS_00875,SYN_0275,3,0.86933932,0.71956412,23.0,9.83741062,0.40673849,0.15669349,0,train,"ILLUSTRATIVE SYNTHETIC DATA — fictional buyer population, not real counterparties"
OBS_00876,SYN_0276,3,1.42411975,0.55320445,20.0,24.96197601,0.31721123,0.07028824,0,train,"ILLUSTRATIVE SYNTHETIC DATA — fictional buyer population, not real counterparties"
OBS_00877,SYN_0277,3,-1.20499451,0.32612685,15.0,72.89394429,0.15677213,0.01204183,0,train,"ILLUSTRATIVE SYNTHETIC DATA — fictional buyer population, not real counterparties"
OBS_00878,SYN_0278,3,0.88843707,0.63229746,0.0,21.24558346,0.28707243,0.03955424,0,test,"ILLUSTRATIVE SYNTHETIC DATA — fictional buyer population, not real counterparties"
OBS_00879,SYN_0279,3,-0.72033503,0.52665627,23.0,67.71280666,0.09234704,0.02585364,0,train,"ILLUSTRATIVE SYNTHETIC DATA — fictional buyer population, not real counterparties"
OBS_00880,SYN_0280,3,0.65069377,0.40685891,0.0,16.49566326,0.11793302,0.021024,0,train,"ILLUSTRATIVE SYNTHETIC DATA — fictional buyer population, not real counterparties"
OBS_00881,SYN_0281,3,2.13167859,0.75752193,103.0,35.79897637,0.18506599,0.70115535,0,test,"ILLUSTRATIVE SYNTHETIC DATA — fictional buyer population, not real counterparties"
OBS_00882,SYN_0282,3,1.33520993,0.34197671,0.0,36.3926441,0.41208322,0.01899311,0,train,"ILLUSTRATIVE SYNTHETIC DATA — fictional buyer population, not real counterparties"
OBS_00883,SYN_0283,3,-0.86575984,0.60438453,0.0,27.47172044,0.11612299,0.02642384,0,test,"ILLUSTRATIVE SYNTHETIC DATA — fictional buyer population, not real counterparties"
OBS_00884,SYN_0284,3,0.10393255,0.52233465,0.0,43.7800779,0.10479099,0.01616046,0,train,"ILLUSTRATIVE SYNTHETIC DATA — fictional buyer population, not real counterparties"
OBS_00885,SYN_0285,3,0.51642585,0.74813343,29.0,31.53660994,0.05503915,0.09354879,0,test,"ILLUSTRATIVE SYNTHETIC DATA — fictional buyer population, not real counterparties"
OBS_00886,SYN_0286,3,0.69520804,0.78244979,0.0,26.68326301,0.17155403,0.04240189,1,train,"ILLUSTRATIVE SYNTHETIC DATA — fictional buyer population, not real counterparties"
OBS_00887,SYN_0287,3,-0.88062811,0.73944224,0.0,96.99241692,0.07740664,0.00945037,0,test,"ILLUSTRATIVE SYNTHETIC DATA — fictional buyer population, not real counterparties"
OBS_00888,SYN_0288,3,-0.73232267,0.44411476,0.0,31.64078328,0.07351727,0.01627986,0,train,"ILLUSTRATIVE SYNTHETIC DATA — fictional buyer population, not real counterparties"
OBS_00889,SYN_0289,3,0.8939123,0.41782697,4.0,19.71804093,0.62686186,0.0472989,0,train,"ILLUSTRATIVE SYNTHETIC DATA — fictional buyer population, not real counterparties"
OBS_00890,SYN_0290,3,0.43141029,0.29660006,34.0,16.31986945,0.12890833,0.06358457,0,test,"ILLUSTRATIVE SYNTHETIC DATA — fictional buyer population, not real counterparties"
OBS_00891,SYN_0291,3,-0.2894417,0.43184658,8.0,42.89056056,0.11490091,0.0187843,0,train,"ILLUSTRATIVE SYNTHETIC DATA — fictional buyer population, not real counterparties"
OBS_00892,SYN_0292,3,1.15891883,0.59682698,0.0,98.74388684,0.40411966,0.01049412,0,train,"ILLUSTRATIVE SYNTHETIC DATA — fictional buyer population, not real counterparties"
OBS_00893,SYN_0293,3,-0.32422246,0.45734107,8.0,151.35637186,0.12619503,0.00273182,0,train,"ILLUSTRATIVE SYNTHETIC DATA — fictional buyer population, not real counterparties"
OBS_00894,SYN_0294,3,-1.70881266,0.19589639,0.0,40.52786405,0.11838285,0.008511,0,train,"ILLUSTRATIVE SYNTHETIC DATA — fictional buyer population, not real counterparties"
OBS_00895,SYN_0295,3,1.05480397,0.6553718,0.0,32.51648702,0.24456039,0.03207005,0,train,"ILLUSTRATIVE SYNTHETIC DATA — fictional buyer population, not real counterparties"
OBS_00896,SYN_0296,3,-0.63785254,0.31777786,0.0,77.35354798,0.08215333,0.00537131,0,train,"ILLUSTRATIVE SYNTHETIC DATA — fictional buyer population, not real counterparties"
OBS_00897,SYN_0297,3,0.5359913,1.02246859,0.0,22.41293945,0.13031126,0.07176536,0,train,"ILLUSTRATIVE SYNTHETIC DATA — fictional buyer population, not real counterparties"
OBS_00898,SYN_0298,3,0.84871022,0.84864826,1.0,76.35279294,0.4108896,0.02880185,0,test,"ILLUSTRATIVE SYNTHETIC DATA — fictional buyer population, not real counterparties"
OBS_00899,SYN_0299,3,-0.74787417,0.82226914,0.0,34.23549594,0.1341704,0.03838066,0,test,"ILLUSTRATIVE SYNTHETIC DATA — fictional buyer population, not real counterparties"
OBS_00900,SYN_0300,3,-0.0003196,0.30526645,54.0,14.51732881,0.23220219,0.15689226,0,test,"ILLUSTRATIVE SYNTHETIC DATA — fictional buyer population, not real counterparties"
OBS_00901,SYN_0001,4,-0.97193661,0.50336678,0.0,106.31071047,0.0888763,0.00479088,0,test,"ILLUSTRATIVE SYNTHETIC DATA — fictional buyer population, not real counterparties"
OBS_00902,SYN_0002,4,-0.88896545,0.61800625,0.0,53.10107735,0.04484138,0.01548125,0,train,"ILLUSTRATIVE SYNTHETIC DATA — fictional buyer population, not real counterparties"
OBS_00903,SYN_0003,4,-1.02520018,0.11661506,5.0,29.19409246,0.06395374,0.00997801,0,train,"ILLUSTRATIVE SYNTHETIC DATA — fictional buyer population, not real counterparties"
OBS_00904,SYN_0004,4,-0.26387752,0.78540786,0.0,74.3424942,0.18496857,0.01837671,0,train,"ILLUSTRATIVE SYNTHETIC DATA — fictional buyer population, not real counterparties"
OBS_00905,SYN_0005,4,-0.35580577,0.49583036,0.0,67.76738195,0.15515252,0.01052207,0,train,"ILLUSTRATIVE SYNTHETIC DATA — fictional buyer population, not real counterparties"
OBS_00906,SYN_0006,4,-0.44525982,0.35330638,9.0,65.56194518,0.1709635,0.01173113,0,test,"ILLUSTRATIVE SYNTHETIC DATA — fictional buyer population, not real counterparties"
OBS_00907,SYN_0007,4,-1.3010895,0.5118209,0.0,32.04731557,0.05318257,0.0182296,0,test,"ILLUSTRATIVE SYNTHETIC DATA — fictional buyer population, not real counterparties"
OBS_00908,SYN_0008,4,-0.52966119,0.44597169,0.0,79.49806872,0.02687249,0.00635347,0,test,"ILLUSTRATIVE SYNTHETIC DATA — fictional buyer population, not real counterparties"
OBS_00909,SYN_0009,4,0.94499485,0.92525755,7.0,26.33600778,0.30973618,0.08987517,0,train,"ILLUSTRATIVE SYNTHETIC DATA — fictional buyer population, not real counterparties"
OBS_00910,SYN_0010,4,-0.31438297,0.48005257,0.0,30.05256915,0.12237526,0.0193903,0,test,"ILLUSTRATIVE SYNTHETIC DATA — fictional buyer population, not real counterparties"
OBS_00911,SYN_0011,4,0.26173537,0.08163581,0.0,30.04862257,0.31142962,0.01047593,0,train,"ILLUSTRATIVE SYNTHETIC DATA — fictional buyer population, not real counterparties"
OBS_00912,SYN_0012,4,1.70554857,0.65651196,14.0,65.24394015,0.24073608,0.03074014,0,test,"ILLUSTRATIVE SYNTHETIC DATA — fictional buyer population, not real counterparties"
OBS_00913,SYN_0013,4,-1.63125673,0.55449921,0.0,95.61280205,0.11879903,0.00681772,0,train,"ILLUSTRATIVE SYNTHETIC DATA — fictional buyer population, not real counterparties"
OBS_00914,SYN_0014,4,-0.69370204,0.23463932,0.0,25.16168508,0.15327487,0.0129083,0,train,"ILLUSTRATIVE SYNTHETIC DATA — fictional buyer population, not real counterparties"
OBS_00915,SYN_0015,4,0.75582743,0.75967476,0.0,28.48416717,0.36055417,0.05033568,0,train,"ILLUSTRATIVE SYNTHETIC DATA — fictional buyer population, not real counterparties"
OBS_00916,SYN_0016,4,-0.27802157,0.16472443,0.0,41.97371603,0.1986537,0.00864488,0,train,"ILLUSTRATIVE SYNTHETIC DATA — fictional buyer population, not real counterparties"
OBS_00917,SYN_0017,4,-1.46600943,0.37482986,0.0,29.54861286,0.09279213,0.01491774,0,train,"ILLUSTRATIVE SYNTHETIC DATA — fictional buyer population, not real counterparties"
OBS_00918,SYN_0018,4,0.30223133,0.54947436,0.0,21.87007447,0.43409364,0.03989959,0,train,"ILLUSTRATIVE SYNTHETIC DATA — fictional buyer population, not real counterparties"
OBS_00919,SYN_0019,4,0.97550901,0.28076116,29.0,21.74129033,0.14354794,0.04706053,0,train,"ILLUSTRATIVE SYNTHETIC DATA — fictional buyer population, not real counterparties"
OBS_00920,SYN_0020,4,-0.07126457,0.44536634,0.0,99.32985169,0.20131671,0.00560373,0,train,"ILLUSTRATIVE SYNTHETIC DATA — fictional buyer population, not real counterparties"
OBS_00921,SYN_0021,4,-0.47004256,0.4403908,0.0,39.01648064,0.3397696,0.02033721,0,train,"ILLUSTRATIVE SYNTHETIC DATA — fictional buyer population, not real counterparties"
OBS_00922,SYN_0022,4,0.72005378,0.74259583,0.0,176.33009125,0.1480677,0.00241963,0,train,"ILLUSTRATIVE SYNTHETIC DATA — fictional buyer population, not real counterparties"
OBS_00923,SYN_0023,4,1.96947148,0.96000485,3.0,40.43242006,0.29809214,0.06427141,0,train,"ILLUSTRATIVE SYNTHETIC DATA — fictional buyer population, not real counterparties"
OBS_00924,SYN_0024,4,-0.07803987,0.24773754,0.0,54.44372571,0.05382299,0.00675182,0,train,"ILLUSTRATIVE SYNTHETIC DATA — fictional buyer population, not real counterparties"
OBS_00925,SYN_0025,4,-0.9825838,0.23604444,0.0,25.59711884,0.08859455,0.01174803,0,test,"ILLUSTRATIVE SYNTHETIC DATA — fictional buyer population, not real counterparties"
OBS_00926,SYN_0026,4,-0.36531372,0.5038577,0.0,15.77169099,0.04603181,0.0238595,0,train,"ILLUSTRATIVE SYNTHETIC DATA — fictional buyer population, not real counterparties"
OBS_00927,SYN_0027,4,-0.23075649,0.33125899,11.0,46.54473094,0.15416949,0.01676337,0,train,"ILLUSTRATIVE SYNTHETIC DATA — fictional buyer population, not real counterparties"
OBS_00928,SYN_0028,4,-0.84436642,0.24811447,13.0,40.21495466,0.07896444,0.01531489,0,train,"ILLUSTRATIVE SYNTHETIC DATA — fictional buyer population, not real counterparties"
OBS_00929,SYN_0029,4,-0.08521626,0.49103802,0.0,52.75249817,0.11354477,0.01295362,0,train,"ILLUSTRATIVE SYNTHETIC DATA — fictional buyer population, not real counterparties"
OBS_00930,SYN_0030,4,-2.27601856,0.30471981,0.0,53.56317016,0.05749239,0.00782548,0,train,"ILLUSTRATIVE SYNTHETIC DATA — fictional buyer population, not real counterparties"
OBS_00931,SYN_0031,4,-0.09532461,0.5998832,11.0,55.08173989,0.38147127,0.03511763,0,train,"ILLUSTRATIVE SYNTHETIC DATA — fictional buyer population, not real counterparties"
OBS_00932,SYN_0032,4,0.80086581,0.4629046,0.0,63.92429234,0.3256002,0.01328835,0,train,"ILLUSTRATIVE SYNTHETIC DATA — fictional buyer population, not real counterparties"
OBS_00933,SYN_0033,4,-0.05785585,0.45926589,0.0,57.9028395,0.05827505,0.01017839,0,test,"ILLUSTRATIVE SYNTHETIC DATA — fictional buyer population, not real counterparties"
OBS_00934,SYN_0034,4,1.00254809,0.59535674,8.0,32.30317772,0.10424235,0.03201756,0,train,"ILLUSTRATIVE SYNTHETIC DATA — fictional buyer population, not real counterparties"
OBS_00935,SYN_0035,4,0.49378487,0.57586228,13.0,33.90395385,0.18218374,0.04028984,0,train,"ILLUSTRATIVE SYNTHETIC DATA — fictional buyer population, not real counterparties"
OBS_00936,SYN_0036,4,1.23519406,0.73686171,17.0,49.84650281,0.43321919,0.06948091,0,train,"ILLUSTRATIVE SYNTHETIC DATA — fictional buyer population, not real counterparties"
OBS_00937,SYN_0037,4,0.32137738,0.68826143,0.0,82.64789944,0.05821881,0.0107028,0,train,"ILLUSTRATIVE SYNTHETIC DATA — fictional buyer population, not real counterparties"
OBS_00938,SYN_0038,4,0.55070096,0.65674773,35.0,42.99975598,0.12984373,0.08783918,0,test,"ILLUSTRATIVE SYNTHETIC DATA — fictional buyer population, not real counterparties"
OBS_00939,SYN_0039,4,-0.42985911,0.52081096,27.0,37.5131089,0.20385135,0.05938152,0,train,"ILLUSTRATIVE SYNTHETIC DATA — fictional buyer population, not real counterparties"
OBS_00940,SYN_0040,4,0.83663492,0.39444131,7.0,23.21545906,0.10703052,0.02354719,0,train,"ILLUSTRATIVE SYNTHETIC DATA — fictional buyer population, not real counterparties"
OBS_00941,SYN_0041,4,0.68442088,0.36043245,0.0,29.56143005,0.23917494,0.01767186,0,train,"ILLUSTRATIVE SYNTHETIC DATA — fictional buyer population, not real counterparties"
OBS_00942,SYN_0042,4,0.1464648,0.63771554,29.0,59.26461822,0.18828569,0.05484556,0,test,"ILLUSTRATIVE SYNTHETIC DATA — fictional buyer population, not real counterparties"
OBS_00943,SYN_0043,4,-1.0859714,0.37916226,0.0,43.29990455,0.14412083,0.0125615,0,test,"ILLUSTRATIVE SYNTHETIC DATA — fictional buyer population, not real counterparties"
OBS_00944,SYN_0044,4,0.36837233,0.68978015,0.0,63.39649219,0.13844149,0.01707372,0,test,"ILLUSTRATIVE SYNTHETIC DATA — fictional buyer population, not real counterparties"
OBS_00945,SYN_0045,4,-1.86610343,0.29502712,7.0,86.27187211,0.06207434,0.00558461,0,train,"ILLUSTRATIVE SYNTHETIC DATA — fictional buyer population, not real counterparties"
OBS_00946,SYN_0046,4,0.13986389,0.44794303,0.0,44.68660131,0.02862755,0.01215002,0,train,"ILLUSTRATIVE SYNTHETIC DATA — fictional buyer population, not real counterparties"
OBS_00947,SYN_0047,4,-0.09740044,0.57926692,11.0,78.50902849,0.58245559,0.02891525,1,test,"ILLUSTRATIVE SYNTHETIC DATA — fictional buyer population, not real counterparties"
OBS_00948,SYN_0048,4,-0.26983995,0.48468451,0.0,35.61549441,0.18983413,0.01941262,0,train,"ILLUSTRATIVE SYNTHETIC DATA — fictional buyer population, not real counterparties"
OBS_00949,SYN_0049,4,-0.5594288,0.06761316,4.0,29.75931869,0.11190816,0.00909654,0,test,"ILLUSTRATIVE SYNTHETIC DATA — fictional buyer population, not real counterparties"
OBS_00950,SYN_0050,4,0.81076185,0.48795918,12.0,65.60839078,0.25326512,0.0198902,0,train,"ILLUSTRATIVE SYNTHETIC DATA — fictional buyer population, not real counterparties"
OBS_00951,SYN_0051,4,-1.06873881,0.10304264,0.0,22.54361419,0.08842601,0.00926235,0,train,"ILLUSTRATIVE SYNTHETIC DATA — fictional buyer population, not real counterparties"
OBS_00952,SYN_0052,4,-0.55669468,0.23439183,0.0,47.44889348,0.24336331,0.00969913,0,test,"ILLUSTRATIVE SYNTHETIC DATA — fictional buyer population, not real counterparties"
OBS_00953,SYN_0053,4,1.09453646,0.99796362,27.0,38.56345437,0.24981505,0.16068895,0,test,"ILLUSTRATIVE SYNTHETIC DATA — fictional buyer population, not real counterparties"
OBS_00954,SYN_0054,4,0.0121293,0.69718581,13.0,38.30540414,0.30392602,0.05670572,0,train,"ILLUSTRATIVE SYNTHETIC DATA — fictional buyer population, not real counterparties"
OBS_00955,SYN_0055,4,0.49968091,0.61159235,28.0,13.42868836,0.09516906,0.09766217,0,train,"ILLUSTRATIVE SYNTHETIC DATA — fictional buyer population, not real counterparties"
OBS_00956,SYN_0056,4,-0.62697615,0.38904222,0.0,180.0,0.0579363,0.00090664,0,train,"ILLUSTRATIVE SYNTHETIC DATA — fictional buyer population, not real counterparties"
OBS_00957,SYN_0057,4,-0.74126557,0.5148372,0.0,44.31287302,0.25613129,0.01937861,0,train,"ILLUSTRATIVE SYNTHETIC DATA — fictional buyer population, not real counterparties"
OBS_00958,SYN_0058,4,-0.18296089,0.62762814,0.0,19.7906728,0.09905019,0.03119297,0,test,"ILLUSTRATIVE SYNTHETIC DATA — fictional buyer population, not real counterparties"
OBS_00959,SYN_0059,4,-0.51890921,0.36406387,0.0,36.52298185,0.01806712,0.01156288,0,test,"ILLUSTRATIVE SYNTHETIC DATA — fictional buyer population, not real counterparties"
OBS_00960,SYN_0060,4,0.96599433,0.53991291,0.0,33.37791274,0.06454912,0.0192184,0,train,"ILLUSTRATIVE SYNTHETIC DATA — fictional buyer population, not real counterparties"
OBS_00961,SYN_0061,4,0.07253762,0.50316053,0.0,35.93398776,0.19169674,0.02014755,0,train,"ILLUSTRATIVE SYNTHETIC DATA — fictional buyer population, not real counterparties"
OBS_00962,SYN_0062,4,-1.70174319,0.27141476,0.0,116.61368637,0.00835102,0.00211211,0,train,"ILLUSTRATIVE SYNTHETIC DATA — fictional buyer population, not real counterparties"
OBS_00963,SYN_0063,4,0.14020627,0.4957632,3.0,38.1998468,0.09997545,0.0189,1,train,"ILLUSTRATIVE SYNTHETIC DATA — fictional buyer population, not real counterparties"
OBS_00964,SYN_0064,4,1.31423555,0.72757434,55.0,29.22738466,0.24149944,0.27704243,0,train,"ILLUSTRATIVE SYNTHETIC DATA — fictional buyer population, not real counterparties"
OBS_00965,SYN_0065,4,-0.35156418,0.33665282,16.0,35.9679874,0.11915143,0.02391253,0,train,"ILLUSTRATIVE SYNTHETIC DATA — fictional buyer population, not real counterparties"
OBS_00966,SYN_0066,4,-1.39096964,0.43783836,0.0,27.92774173,0.09627055,0.01773062,0,test,"ILLUSTRATIVE SYNTHETIC DATA — fictional buyer population, not real counterparties"
OBS_00967,SYN_0067,4,0.10262531,0.439867,21.0,27.19854692,0.14795857,0.04424457,0,train,"ILLUSTRATIVE SYNTHETIC DATA — fictional buyer population, not real counterparties"
OBS_00968,SYN_0068,4,-0.83767937,0.31667907,0.0,32.03023885,0.04116344,0.01167874,0,train,"ILLUSTRATIVE SYNTHETIC DATA — fictional buyer population, not real counterparties"
OBS_00969,SYN_0069,4,-1.66388886,0.44942301,0.0,80.44924774,0.03012984,0.00631925,0,train,"ILLUSTRATIVE SYNTHETIC DATA — fictional buyer population, not real counterparties"
OBS_00970,SYN_0070,4,1.27249463,0.81687284,22.0,25.29803781,0.53350382,0.16565046,1,train,"ILLUSTRATIVE SYNTHETIC DATA — fictional buyer population, not real counterparties"
OBS_00971,SYN_0071,4,-0.41377738,0.37230238,6.0,89.84702704,0.04065284,0.00578507,0,train,"ILLUSTRATIVE SYNTHETIC DATA — fictional buyer population, not real counterparties"
OBS_00972,SYN_0072,4,-1.04110556,0.72711958,48.0,56.97706296,0.09323821,0.12268495,1,test,"ILLUSTRATIVE SYNTHETIC DATA — fictional buyer population, not real counterparties"
OBS_00973,SYN_0073,4,0.07431996,0.10723634,28.0,25.080667,0.20135828,0.03176307,0,train,"ILLUSTRATIVE SYNTHETIC DATA — fictional buyer population, not real counterparties"
OBS_00974,SYN_0074,4,2.03693342,0.68458456,56.0,16.15804753,0.6912433,0.46431991,1,train,"ILLUSTRATIVE SYNTHETIC DATA — fictional buyer population, not real counterparties"
OBS_00975,SYN_0075,4,-1.71890001,0.06988709,0.0,66.7562274,0.06906442,0.00370012,0,train,"ILLUSTRATIVE SYNTHETIC DATA — fictional buyer population, not real counterparties"
OBS_00976,SYN_0076,4,0.86386125,0.66186797,13.0,75.33394595,0.10560198,0.02071325,0,train,"ILLUSTRATIVE SYNTHETIC DATA — fictional buyer population, not real counterparties"
OBS_00977,SYN_0077,4,0.62471848,0.92336952,0.0,66.98609355,0.11599343,0.02583432,0,train,"ILLUSTRATIVE SYNTHETIC DATA — fictional buyer population, not real counterparties"
OBS_00978,SYN_0078,4,-0.41777354,0.57832379,8.0,36.30124116,0.13444551,0.02991366,1,test,"ILLUSTRATIVE SYNTHETIC DATA — fictional buyer population, not real counterparties"
OBS_00979,SYN_0079,4,-0.8249881,0.11098437,0.0,23.59285829,0.04255252,0.00867674,0,train,"ILLUSTRATIVE SYNTHETIC DATA — fictional buyer population, not real counterparties"
OBS_00980,SYN_0080,4,-0.82527742,0.37205874,1.0,91.7467821,0.12158199,0.00510627,0,train,"ILLUSTRATIVE SYNTHETIC DATA — fictional buyer population, not real counterparties"
OBS_00981,SYN_0081,4,0.01960765,0.25725504,0.0,43.52841515,0.05196758,0.00841282,0,train,"ILLUSTRATIVE SYNTHETIC DATA — fictional buyer population, not real counterparties"
OBS_00982,SYN_0082,4,-0.81612067,0.50727836,0.0,95.64711806,0.47349857,0.01003429,0,train,"ILLUSTRATIVE SYNTHETIC DATA — fictional buyer population, not real counterparties"
OBS_00983,SYN_0083,4,0.47134961,0.30380708,31.0,27.27218011,0.03124108,0.04167007,0,train,"ILLUSTRATIVE SYNTHETIC DATA — fictional buyer population, not real counterparties"
OBS_00984,SYN_0084,4,0.18557703,0.14269109,15.0,32.6501433,0.10400953,0.01564284,0,train,"ILLUSTRATIVE SYNTHETIC DATA — fictional buyer population, not real counterparties"
OBS_00985,SYN_0085,4,1.38280953,0.6574471,17.0,27.83238614,0.18440515,0.06236904,0,train,"ILLUSTRATIVE SYNTHETIC DATA — fictional buyer population, not real counterparties"
OBS_00986,SYN_0086,4,-0.48430854,0.30010069,0.0,46.75317445,0.27744679,0.01190554,0,test,"ILLUSTRATIVE SYNTHETIC DATA — fictional buyer population, not real counterparties"
OBS_00987,SYN_0087,4,-0.88423445,0.5018242,0.0,60.10641257,0.14527826,0.01210844,0,train,"ILLUSTRATIVE SYNTHETIC DATA — fictional buyer population, not real counterparties"
OBS_00988,SYN_0088,4,-0.91107941,0.2123144,0.0,44.18159466,0.0161111,0.00715977,0,test,"ILLUSTRATIVE SYNTHETIC DATA — fictional buyer population, not real counterparties"
OBS_00989,SYN_0089,4,1.41667837,0.66371238,30.0,16.83923397,0.45389694,0.16964655,0,train,"ILLUSTRATIVE SYNTHETIC DATA — fictional buyer population, not real counterparties"
OBS_00990,SYN_0090,4,-0.48491164,0.61559212,4.0,41.73431732,0.10475657,0.02411248,0,train,"ILLUSTRATIVE SYNTHETIC DATA — fictional buyer population, not real counterparties"
OBS_00991,SYN_0091,4,-0.63335528,0.47820583,0.0,161.46156854,0.10804354,0.00167354,0,train,"ILLUSTRATIVE SYNTHETIC DATA — fictional buyer population, not real counterparties"
OBS_00992,SYN_0092,4,-0.85283985,0.417509,0.0,30.68473951,0.12564199,0.01678812,0,train,"ILLUSTRATIVE SYNTHETIC DATA — fictional buyer population, not real counterparties"
OBS_00993,SYN_0093,4,0.15902739,0.4476642,12.0,45.7068191,0.20616681,0.02452808,0,train,"ILLUSTRATIVE SYNTHETIC DATA — fictional buyer population, not real counterparties"
OBS_00994,SYN_0094,4,1.29951612,0.82152526,0.0,23.4335361,0.46747349,0.07202253,0,train,"ILLUSTRATIVE SYNTHETIC DATA — fictional buyer population, not real counterparties"
OBS_00995,SYN_0095,4,-0.02719441,0.44289199,0.0,78.77687372,0.18648492,0.00798032,0,train,"ILLUSTRATIVE SYNTHETIC DATA — fictional buyer population, not real counterparties"
OBS_00996,SYN_0096,4,0.86761943,0.82852729,1.0,103.41993982,0.36940227,0.01591744,0,train,"ILLUSTRATIVE SYNTHETIC DATA — fictional buyer population, not real counterparties"
OBS_00997,SYN_0097,4,-2.50165834,0.0,0.0,63.9786855,0.14289904,0.00369604,0,test,"ILLUSTRATIVE SYNTHETIC DATA — fictional buyer population, not real counterparties"
OBS_00998,SYN_0098,4,0.25887029,0.4148368,0.0,23.21312643,0.05288621,0.01731247,0,train,"ILLUSTRATIVE SYNTHETIC DATA — fictional buyer population, not real counterparties"
OBS_00999,SYN_0099,4,-1.09117763,0.37816046,0.0,65.07709227,0.32280354,0.01075112,0,test,"ILLUSTRATIVE SYNTHETIC DATA — fictional buyer population, not real counterparties"
OBS_01000,SYN_0100,4,0.56338105,0.36214258,17.0,21.0784562,0.07070608,0.03221565,0,train,"ILLUSTRATIVE SYNTHETIC DATA — fictional buyer population, not real counterparties"
OBS_01001,SYN_0101,4,-0.91626492,0.0,0.0,87.19508495,0.16752737,0.00248726,0,test,"ILLUSTRATIVE SYNTHETIC DATA — fictional buyer population, not real counterparties"
OBS_01002,SYN_0102,4,0.30186271,0.51467084,8.0,91.30339152,0.06417722,0.00864495,0,test,"ILLUSTRATIVE SYNTHETIC DATA — fictional buyer population, not real counterparties"
OBS_01003,SYN_0103,4,0.25907537,0.58571012,31.0,52.29512877,0.29413857,0.0688661,0,train,"ILLUSTRATIVE SYNTHETIC DATA — fictional buyer population, not real counterparties"
OBS_01004,SYN_0104,4,1.3946512,0.96257269,0.0,18.01624916,0.25838161,0.08070659,0,train,"ILLUSTRATIVE SYNTHETIC DATA — fictional buyer population, not real counterparties"
OBS_01005,SYN_0105,4,-1.22581875,0.24574123,24.0,80.86968384,0.02964329,0.01048054,0,test,"ILLUSTRATIVE SYNTHETIC DATA — fictional buyer population, not real counterparties"
OBS_01006,SYN_0106,4,0.42329866,0.71428634,11.0,19.72119746,0.15073402,0.06163189,0,train,"ILLUSTRATIVE SYNTHETIC DATA — fictional buyer population, not real counterparties"
OBS_01007,SYN_0107,4,-0.38557122,0.4386752,0.0,24.92148961,0.02980888,0.01712923,0,train,"ILLUSTRATIVE SYNTHETIC DATA — fictional buyer population, not real counterparties"
OBS_01008,SYN_0108,4,-0.80565117,0.48055838,0.0,130.68206024,0.2035058,0.00340154,0,train,"ILLUSTRATIVE SYNTHETIC DATA — fictional buyer population, not real counterparties"
OBS_01009,SYN_0109,4,-0.72202887,0.39537032,0.0,54.03557753,0.22883985,0.01201468,0,train,"ILLUSTRATIVE SYNTHETIC DATA — fictional buyer population, not real counterparties"
OBS_01010,SYN_0110,4,-0.55046035,0.34109034,0.0,20.90724952,0.10848839,0.01658006,0,train,"ILLUSTRATIVE SYNTHETIC DATA — fictional buyer population, not real counterparties"
OBS_01011,SYN_0111,4,1.54362585,0.58054983,33.0,29.3273462,0.29526538,0.10851567,0,test,"ILLUSTRATIVE SYNTHETIC DATA — fictional buyer population, not real counterparties"
OBS_01012,SYN_0112,4,1.62246793,0.81334649,0.0,31.72095237,0.31578293,0.0501926,0,train,"ILLUSTRATIVE SYNTHETIC DATA — fictional buyer population, not real counterparties"
OBS_01013,SYN_0113,4,1.77187954,0.80332679,9.0,100.28267076,0.107259,0.01530438,0,test,"ILLUSTRATIVE SYNTHETIC DATA — fictional buyer population, not real counterparties"
OBS_01014,SYN_0114,4,-0.03266269,0.89802498,0.0,56.47722417,0.07363947,0.02791683,0,train,"ILLUSTRATIVE SYNTHETIC DATA — fictional buyer population, not real counterparties"
OBS_01015,SYN_0115,4,2.32808883,0.72372467,3.0,58.05048752,0.11735946,0.02219022,0,train,"ILLUSTRATIVE SYNTHETIC DATA — fictional buyer population, not real counterparties"
OBS_01016,SYN_0116,4,-0.9778709,0.22208715,0.0,56.23555855,0.14259749,0.00698034,0,test,"ILLUSTRATIVE SYNTHETIC DATA — fictional buyer population, not real counterparties"
OBS_01017,SYN_0117,4,-0.34703694,0.37406984,7.0,63.93495245,0.11699399,0.01083967,0,train,"ILLUSTRATIVE SYNTHETIC DATA — fictional buyer population, not real counterparties"
OBS_01018,SYN_0118,4,-0.63690759,0.14967893,0.0,40.36231007,0.17955756,0.00838906,0,train,"ILLUSTRATIVE SYNTHETIC DATA — fictional buyer population, not real counterparties"
OBS_01019,SYN_0119,4,-0.45745896,0.56890538,0.0,37.28438325,0.27815735,0.02553382,0,test,"ILLUSTRATIVE SYNTHETIC DATA — fictional buyer population, not real counterparties"
OBS_01020,SYN_0120,4,1.24440755,0.86351034,8.0,12.75332669,0.13797542,0.0831818,0,test,"ILLUSTRATIVE SYNTHETIC DATA — fictional buyer population, not real counterparties"
OBS_01021,SYN_0121,4,0.73960094,0.7302392,2.0,45.61754352,0.1154287,0.02703601,0,train,"ILLUSTRATIVE SYNTHETIC DATA — fictional buyer population, not real counterparties"
OBS_01022,SYN_0122,4,0.04575775,0.59711912,15.0,21.66051945,0.16798231,0.05550467,0,test,"ILLUSTRATIVE SYNTHETIC DATA — fictional buyer population, not real counterparties"
OBS_01023,SYN_0123,4,-0.93290997,0.57788811,0.0,57.20094026,0.07274885,0.01366338,0,train,"ILLUSTRATIVE SYNTHETIC DATA — fictional buyer population, not real counterparties"
OBS_01024,SYN_0124,4,-2.94672687,0.0,0.0,41.0862325,0.01545392,0.00472939,0,train,"ILLUSTRATIVE SYNTHETIC DATA — fictional buyer population, not real counterparties"
OBS_01025,SYN_0125,4,0.37024902,0.34083076,9.0,25.56913596,0.05420294,0.02021208,0,train,"ILLUSTRATIVE SYNTHETIC DATA — fictional buyer population, not real counterparties"
OBS_01026,SYN_0126,4,0.07857278,0.4922217,0.0,79.88037011,0.10850186,0.00782792,0,train,"ILLUSTRATIVE SYNTHETIC DATA — fictional buyer population, not real counterparties"
OBS_01027,SYN_0127,4,-0.19717868,0.34182671,21.0,38.94178544,0.12058327,0.02797231,0,train,"ILLUSTRATIVE SYNTHETIC DATA — fictional buyer population, not real counterparties"
OBS_01028,SYN_0128,4,0.04631254,0.76048464,30.0,37.95770656,0.04311475,0.08794292,0,train,"ILLUSTRATIVE SYNTHETIC DATA — fictional buyer population, not real counterparties"
OBS_01029,SYN_0129,4,0.29309909,0.6966274,2.0,24.90826265,0.11031508,0.03625563,0,train,"ILLUSTRATIVE SYNTHETIC DATA — fictional buyer population, not real counterparties"
OBS_01030,SYN_0130,4,-0.53679739,0.2926287,0.0,45.60620237,0.07400307,0.0090271,0,test,"ILLUSTRATIVE SYNTHETIC DATA — fictional buyer population, not real counterparties"
OBS_01031,SYN_0131,4,0.66184337,0.95670059,0.0,38.87604052,0.28989934,0.05788154,0,train,"ILLUSTRATIVE SYNTHETIC DATA — fictional buyer population, not real counterparties"
OBS_01032,SYN_0132,4,-1.39073308,0.3713411,0.0,46.78506041,0.06085645,0.01032192,0,train,"ILLUSTRATIVE SYNTHETIC DATA — fictional buyer population, not real counterparties"
OBS_01033,SYN_0133,4,0.97004107,0.5658841,3.0,20.32900843,0.35062902,0.04267988,0,train,"ILLUSTRATIVE SYNTHETIC DATA — fictional buyer population, not real counterparties"
OBS_01034,SYN_0134,4,-1.9720333,0.13716927,0.0,25.81387042,0.1140918,0.0097443,0,train,"ILLUSTRATIVE SYNTHETIC DATA — fictional buyer population, not real counterparties"
OBS_01035,SYN_0135,4,-0.72506868,0.11913372,6.0,58.46444476,0.0763152,0.00619258,0,test,"ILLUSTRATIVE SYNTHETIC DATA — fictional buyer population, not real counterparties"
OBS_01036,SYN_0136,4,-0.4578526,0.61336509,0.0,71.39835729,0.20581345,0.01367865,0,train,"ILLUSTRATIVE SYNTHETIC DATA — fictional buyer population, not real counterparties"
OBS_01037,SYN_0137,4,-0.86960009,0.38658832,0.0,29.46715142,0.02030581,0.01387452,0,train,"ILLUSTRATIVE SYNTHETIC DATA — fictional buyer population, not real counterparties"
OBS_01038,SYN_0138,4,-1.14139904,0.44996756,0.0,180.0,0.14386419,0.00117089,0,train,"ILLUSTRATIVE SYNTHETIC DATA — fictional buyer population, not real counterparties"
OBS_01039,SYN_0139,4,-1.1460392,0.0,0.0,51.40433589,0.09436723,0.00436052,0,train,"ILLUSTRATIVE SYNTHETIC DATA — fictional buyer population, not real counterparties"
OBS_01040,SYN_0140,4,-0.87423002,0.3935154,4.0,33.57397365,0.06694294,0.0163463,0,test,"ILLUSTRATIVE SYNTHETIC DATA — fictional buyer population, not real counterparties"
OBS_01041,SYN_0141,4,1.17198965,0.81955347,3.0,27.56522198,0.59264364,0.08780955,0,test,"ILLUSTRATIVE SYNTHETIC DATA — fictional buyer population, not real counterparties"
OBS_01042,SYN_0142,4,-0.29698273,0.20261796,0.0,41.6764006,0.08258092,0.00804805,0,train,"ILLUSTRATIVE SYNTHETIC DATA — fictional buyer population, not real counterparties"
OBS_01043,SYN_0143,4,-0.52709029,0.30857344,0.0,41.17120777,0.27871375,0.01346243,0,test,"ILLUSTRATIVE SYNTHETIC DATA — fictional buyer population, not real counterparties"
OBS_01044,SYN_0144,4,0.77969094,0.56973103,7.0,46.25049923,0.25470559,0.02776767,0,train,"ILLUSTRATIVE SYNTHETIC DATA — fictional buyer population, not real counterparties"
OBS_01045,SYN_0145,4,-1.93044212,0.29334396,0.0,83.98789552,0.08347585,0.0045082,0,train,"ILLUSTRATIVE SYNTHETIC DATA — fictional buyer population, not real counterparties"
OBS_01046,SYN_0146,4,-0.77102685,0.85802504,0.0,23.38827219,0.05953966,0.0454826,0,test,"ILLUSTRATIVE SYNTHETIC DATA — fictional buyer population, not real counterparties"
OBS_01047,SYN_0147,4,0.57342709,0.25643717,27.0,17.92502554,0.70466934,0.09209756,0,test,"ILLUSTRATIVE SYNTHETIC DATA — fictional buyer population, not real counterparties"
OBS_01048,SYN_0148,4,-0.26423719,0.73323774,11.0,20.53684015,0.22569503,0.06971509,0,train,"ILLUSTRATIVE SYNTHETIC DATA — fictional buyer population, not real counterparties"
OBS_01049,SYN_0149,4,1.05962362,0.40683136,44.0,48.91966522,0.46815338,0.10244792,0,train,"ILLUSTRATIVE SYNTHETIC DATA — fictional buyer population, not real counterparties"
OBS_01050,SYN_0150,4,-0.19688974,0.58269204,47.0,71.1407585,0.38346702,0.10084938,0,train,"ILLUSTRATIVE SYNTHETIC DATA — fictional buyer population, not real counterparties"
OBS_01051,SYN_0151,4,-0.3232933,0.0,0.0,35.121794,0.3264341,0.00813287,0,train,"ILLUSTRATIVE SYNTHETIC DATA — fictional buyer population, not real counterparties"
OBS_01052,SYN_0152,4,1.3281322,0.44622679,12.0,24.03187381,0.47860772,0.05203063,0,test,"ILLUSTRATIVE SYNTHETIC DATA — fictional buyer population, not real counterparties"
OBS_01053,SYN_0153,4,-1.62072761,0.15380464,0.0,21.27054149,0.04042151,0.00992584,0,test,"ILLUSTRATIVE SYNTHETIC DATA — fictional buyer population, not real counterparties"
OBS_01054,SYN_0154,4,0.71186593,0.28438354,5.0,36.73460558,0.15292539,0.01421909,0,train,"ILLUSTRATIVE SYNTHETIC DATA — fictional buyer population, not real counterparties"
OBS_01055,SYN_0155,4,1.33439241,0.81694338,7.0,16.85060711,0.29303303,0.0828821,0,train,"ILLUSTRATIVE SYNTHETIC DATA — fictional buyer population, not real counterparties"
OBS_01056,SYN_0156,4,-0.6452052,0.1353362,0.0,19.89542446,0.45541863,0.01732256,0,train,"ILLUSTRATIVE SYNTHETIC DATA — fictional buyer population, not real counterparties"
OBS_01057,SYN_0157,4,0.75444459,0.81142869,0.0,23.69473448,0.07511019,0.04181483,0,test,"ILLUSTRATIVE SYNTHETIC DATA — fictional buyer population, not real counterparties"
OBS_01058,SYN_0158,4,0.51350242,1.006825,4.0,43.22721834,0.38735102,0.07868075,0,train,"ILLUSTRATIVE SYNTHETIC DATA — fictional buyer population, not real counterparties"
OBS_01059,SYN_0159,4,0.95714074,0.78717369,7.0,22.73341395,0.04288007,0.05072608,0,train,"ILLUSTRATIVE SYNTHETIC DATA — fictional buyer population, not real counterparties"
OBS_01060,SYN_0160,4,-0.05469931,0.10096074,9.0,27.76974117,0.03988199,0.01123696,0,train,"ILLUSTRATIVE SYNTHETIC DATA — fictional buyer population, not real counterparties"
OBS_01061,SYN_0161,4,-0.26150471,0.2612344,0.0,45.15174414,0.41659906,0.01363696,0,train,"ILLUSTRATIVE SYNTHETIC DATA — fictional buyer population, not real counterparties"
OBS_01062,SYN_0162,4,-0.37868786,0.39349291,10.0,66.87109009,0.23318926,0.01419086,0,train,"ILLUSTRATIVE SYNTHETIC DATA — fictional buyer population, not real counterparties"
OBS_01063,SYN_0163,4,0.51530616,0.43866308,0.0,28.62340315,0.04899452,0.01643546,0,train,"ILLUSTRATIVE SYNTHETIC DATA — fictional buyer population, not real counterparties"
OBS_01064,SYN_0164,4,0.12530409,0.60112045,0.0,56.49615858,0.08083862,0.01473006,0,train,"ILLUSTRATIVE SYNTHETIC DATA — fictional buyer population, not real counterparties"
OBS_01065,SYN_0165,4,0.04250325,0.53583659,9.0,49.28787794,0.3356902,0.02949609,0,test,"ILLUSTRATIVE SYNTHETIC DATA — fictional buyer population, not real counterparties"
OBS_01066,SYN_0166,4,0.15983464,0.28511416,4.0,57.001794,0.21157703,0.01022475,0,train,"ILLUSTRATIVE SYNTHETIC DATA — fictional buyer population, not real counterparties"
OBS_01067,SYN_0167,4,-0.25322387,0.29826889,0.0,64.0956208,0.26177833,0.00843204,0,train,"ILLUSTRATIVE SYNTHETIC DATA — fictional buyer population, not real counterparties"
OBS_01068,SYN_0168,4,-0.53084654,0.46295748,10.0,25.71513214,0.03299681,0.02658808,0,test,"ILLUSTRATIVE SYNTHETIC DATA — fictional buyer population, not real counterparties"
OBS_01069,SYN_0169,4,0.40581699,0.38990641,0.0,50.09960313,0.20440906,0.01233765,0,test,"ILLUSTRATIVE SYNTHETIC DATA — fictional buyer population, not real counterparties"
OBS_01070,SYN_0170,4,0.0582151,0.7094448,1.0,28.08717479,0.12399696,0.03448399,0,train,"ILLUSTRATIVE SYNTHETIC DATA — fictional buyer population, not real counterparties"
OBS_01071,SYN_0171,4,0.60956424,0.7106888,0.0,26.29770136,0.08913179,0.03275518,0,train,"ILLUSTRATIVE SYNTHETIC DATA — fictional buyer population, not real counterparties"
OBS_01072,SYN_0172,4,1.76235738,0.82077162,31.0,24.66948255,0.24777714,0.16372038,0,train,"ILLUSTRATIVE SYNTHETIC DATA — fictional buyer population, not real counterparties"
OBS_01073,SYN_0173,4,0.91220596,0.33232321,7.0,64.36496333,0.09534891,0.00951763,0,train,"ILLUSTRATIVE SYNTHETIC DATA — fictional buyer population, not real counterparties"
OBS_01074,SYN_0174,4,0.36262613,0.60883765,0.0,29.70850685,0.0834747,0.02450671,0,train,"ILLUSTRATIVE SYNTHETIC DATA — fictional buyer population, not real counterparties"
OBS_01075,SYN_0175,4,1.08085995,0.26054937,3.0,28.00481754,0.24894993,0.01668224,0,train,"ILLUSTRATIVE SYNTHETIC DATA — fictional buyer population, not real counterparties"
OBS_01076,SYN_0176,4,-0.57754463,0.53978212,3.0,71.85393595,0.21040223,0.01308962,0,test,"ILLUSTRATIVE SYNTHETIC DATA — fictional buyer population, not real counterparties"
OBS_01077,SYN_0177,4,1.76562729,0.69652083,0.0,76.58448775,0.19027807,0.01461853,0,test,"ILLUSTRATIVE SYNTHETIC DATA — fictional buyer population, not real counterparties"
OBS_01078,SYN_0178,4,0.04405163,0.28303048,0.0,30.9226474,0.13573109,0.01261023,0,train,"ILLUSTRATIVE SYNTHETIC DATA — fictional buyer population, not real counterparties"
OBS_01079,SYN_0179,4,2.41020314,0.45273453,25.0,18.98666371,0.16101568,0.06233212,0,train,"ILLUSTRATIVE SYNTHETIC DATA — fictional buyer population, not real counterparties"
OBS_01080,SYN_0180,4,2.23985436,0.77110491,5.0,36.54083471,0.43530535,0.05983309,0,train,"ILLUSTRATIVE SYNTHETIC DATA — fictional buyer population, not real counterparties"
OBS_01081,SYN_0181,4,-0.02716069,0.38088453,27.0,67.88964967,0.03306437,0.02026579,0,train,"ILLUSTRATIVE SYNTHETIC DATA — fictional buyer population, not real counterparties"
OBS_01082,SYN_0182,4,0.73966896,0.6827414,0.0,29.97091416,0.14570155,0.03115907,0,train,"ILLUSTRATIVE SYNTHETIC DATA — fictional buyer population, not real counterparties"
OBS_01083,SYN_0183,4,0.61571636,0.5801416,4.0,26.83809295,0.03183372,0.02647708,0,train,"ILLUSTRATIVE SYNTHETIC DATA — fictional buyer population, not real counterparties"
OBS_01084,SYN_0184,4,-0.32863409,0.48307975,3.0,25.67597718,0.25111939,0.02836876,0,train,"ILLUSTRATIVE SYNTHETIC DATA — fictional buyer population, not real counterparties"
OBS_01085,SYN_0185,4,-0.0029733,0.66786992,4.0,27.13532486,0.19337741,0.03959576,0,train,"ILLUSTRATIVE SYNTHETIC DATA — fictional buyer population, not real counterparties"
OBS_01086,SYN_0186,4,1.14107932,0.64133918,11.0,39.40456706,0.17521747,0.038511,0,train,"ILLUSTRATIVE SYNTHETIC DATA — fictional buyer population, not real counterparties"
OBS_01087,SYN_0187,4,0.86852113,0.51967928,0.0,42.07610722,0.0865467,0.01616463,0,train,"ILLUSTRATIVE SYNTHETIC DATA — fictional buyer population, not real counterparties"
OBS_01088,SYN_0188,4,-1.51240714,0.90651969,6.0,25.6240168,0.08647176,0.06319098,0,train,"ILLUSTRATIVE SYNTHETIC DATA — fictional buyer population, not real counterparties"
OBS_01089,SYN_0189,4,1.41348077,0.64656761,0.0,37.72365891,0.35423437,0.03323251,0,train,"ILLUSTRATIVE SYNTHETIC DATA — fictional buyer population, not real counterparties"
OBS_01090,SYN_0190,4,-0.33009739,0.38107749,4.0,20.05203341,0.26236925,0.02658532,0,train,"ILLUSTRATIVE SYNTHETIC DATA — fictional buyer population, not real counterparties"
OBS_01091,SYN_0191,4,0.6774823,0.263564,13.0,23.07755627,0.11713186,0.02282068,0,test,"ILLUSTRATIVE SYNTHETIC DATA — fictional buyer population, not real counterparties"
OBS_01092,SYN_0192,4,1.12410569,0.21249933,7.0,17.84084097,0.31164165,0.02308987,0,test,"ILLUSTRATIVE SYNTHETIC DATA — fictional buyer population, not real counterparties"
OBS_01093,SYN_0193,4,-1.17310703,0.48152468,0.0,60.84116652,0.01726662,0.00956966,0,train,"ILLUSTRATIVE SYNTHETIC DATA — fictional buyer population, not real counterparties"
OBS_01094,SYN_0194,4,-0.52989704,0.43971657,0.0,43.09502256,0.07574921,0.01311104,0,test,"ILLUSTRATIVE SYNTHETIC DATA — fictional buyer population, not real counterparties"
OBS_01095,SYN_0195,4,0.61729698,0.64946728,17.0,64.24891752,0.31023739,0.03807405,0,test,"ILLUSTRATIVE SYNTHETIC DATA — fictional buyer population, not real counterparties"
OBS_01096,SYN_0196,4,-0.92652109,0.38926339,8.0,36.43388441,0.05147394,0.01764717,0,train,"ILLUSTRATIVE SYNTHETIC DATA — fictional buyer population, not real counterparties"
OBS_01097,SYN_0197,4,0.96519852,0.65457427,12.0,25.54008446,0.30532485,0.06251439,0,train,"ILLUSTRATIVE SYNTHETIC DATA — fictional buyer population, not real counterparties"
OBS_01098,SYN_0198,4,0.74261098,0.40810695,25.0,60.89247058,0.21461865,0.02889301,0,test,"ILLUSTRATIVE SYNTHETIC DATA — fictional buyer population, not real counterparties"
OBS_01099,SYN_0199,4,0.49857431,0.396051,1.0,26.06467612,0.44643527,0.0281069,0,train,"ILLUSTRATIVE SYNTHETIC DATA — fictional buyer population, not real counterparties"
OBS_01100,SYN_0200,4,1.2152953,0.65598129,25.0,25.75540699,0.46095048,0.12302844,0,train,"ILLUSTRATIVE SYNTHETIC DATA — fictional buyer population, not real counterparties"
OBS_01101,SYN_0201,4,-0.54943037,0.65161829,3.0,93.37070769,0.13195902,0.01012121,0,test,"ILLUSTRATIVE SYNTHETIC DATA — fictional buyer population, not real counterparties"
OBS_01102,SYN_0202,4,-0.1294114,0.80870869,0.0,38.09006038,0.09077158,0.03281017,0,test,"ILLUSTRATIVE SYNTHETIC DATA — fictional buyer population, not real counterparties"
OBS_01103,SYN_0203,4,0.64529563,0.77241519,26.0,43.49026785,0.21937452,0.08857869,1,test,"ILLUSTRATIVE SYNTHETIC DATA — fictional buyer population, not real counterparties"
OBS_01104,SYN_0204,4,0.17118821,0.54574216,0.0,43.18972641,0.13621809,0.01795512,0,train,"ILLUSTRATIVE SYNTHETIC DATA — fictional buyer population, not real counterparties"
OBS_01105,SYN_0205,4,0.80357114,0.47137439,3.0,38.7477915,0.19913587,0.0203217,0,test,"ILLUSTRATIVE SYNTHETIC DATA — fictional buyer population, not real counterparties"
OBS_01106,SYN_0206,4,-0.24857277,0.23288329,0.0,26.07083104,0.17568932,0.01304281,0,test,"ILLUSTRATIVE SYNTHETIC DATA — fictional buyer population, not real counterparties"
OBS_01107,SYN_0207,4,-0.71864916,0.30322256,0.0,150.90335937,0.37454449,0.0019996,0,test,"ILLUSTRATIVE SYNTHETIC DATA — fictional buyer population, not real counterparties"
OBS_01108,SYN_0208,4,-1.00713862,0.77468954,0.0,70.5591094,0.0340833,0.01563372,0,test,"ILLUSTRATIVE SYNTHETIC DATA — fictional buyer population, not real counterparties"
OBS_01109,SYN_0209,4,-0.52069993,0.33249452,0.0,31.68534864,0.06404295,0.01256052,0,train,"ILLUSTRATIVE SYNTHETIC DATA — fictional buyer population, not real counterparties"
OBS_01110,SYN_0210,4,-1.00126281,0.4380404,3.0,46.48367343,0.14818893,0.01529264,0,train,"ILLUSTRATIVE SYNTHETIC DATA — fictional buyer population, not real counterparties"
OBS_01111,SYN_0211,4,0.73893519,0.6027523,5.0,18.63330304,0.04733829,0.03424396,0,train,"ILLUSTRATIVE SYNTHETIC DATA — fictional buyer population, not real counterparties"
OBS_01112,SYN_0212,4,-0.05351829,0.83488196,3.0,42.05108402,0.08086136,0.03587709,0,test,"ILLUSTRATIVE SYNTHETIC DATA — fictional buyer population, not real counterparties"
OBS_01113,SYN_0213,4,1.60869721,0.78151622,21.0,32.65217183,0.43260816,0.11774279,0,test,"ILLUSTRATIVE SYNTHETIC DATA — fictional buyer population, not real counterparties"
OBS_01114,SYN_0214,4,-0.11026413,0.68343377,0.0,53.76251717,0.06326563,0.01810892,0,train,"ILLUSTRATIVE SYNTHETIC DATA — fictional buyer population, not real counterparties"
OBS_01115,SYN_0215,4,-0.83938537,0.69318134,0.0,72.00716708,0.14368608,0.01480037,0,test,"ILLUSTRATIVE SYNTHETIC DATA — fictional buyer population, not real counterparties"
OBS_01116,SYN_0216,4,0.48233036,0.31032166,27.0,53.53914723,0.12239957,0.0254789,0,train,"ILLUSTRATIVE SYNTHETIC DATA — fictional buyer population, not real counterparties"
OBS_01117,SYN_0217,4,1.30014198,0.24745006,25.0,89.88935475,0.41425974,0.01577364,0,train,"ILLUSTRATIVE SYNTHETIC DATA — fictional buyer population, not real counterparties"
OBS_01118,SYN_0218,4,0.07130359,0.66992444,0.0,41.25788354,0.07740581,0.02251214,0,test,"ILLUSTRATIVE SYNTHETIC DATA — fictional buyer population, not real counterparties"
OBS_01119,SYN_0219,4,-0.82730973,0.33076646,0.0,44.30040312,0.20926365,0.01212808,0,train,"ILLUSTRATIVE SYNTHETIC DATA — fictional buyer population, not real counterparties"
OBS_01120,SYN_0220,4,0.15554872,0.18249051,30.0,34.07654074,0.11012075,0.03038497,0,test,"ILLUSTRATIVE SYNTHETIC DATA — fictional buyer population, not real counterparties"
OBS_01121,SYN_0221,4,-0.08879076,0.86831592,0.0,22.09757867,0.03518068,0.0460468,0,test,"ILLUSTRATIVE SYNTHETIC DATA — fictional buyer population, not real counterparties"
OBS_01122,SYN_0222,4,-0.34825402,0.09999215,10.0,51.30263516,0.08750167,0.00808275,0,test,"ILLUSTRATIVE SYNTHETIC DATA — fictional buyer population, not real counterparties"
OBS_01123,SYN_0223,4,0.820994,0.49778258,24.0,16.00556335,0.19428289,0.07249273,0,train,"ILLUSTRATIVE SYNTHETIC DATA — fictional buyer population, not real counterparties"
OBS_01124,SYN_0224,4,1.59262078,0.59221675,0.0,23.97997777,0.47615751,0.04454278,0,train,"ILLUSTRATIVE SYNTHETIC DATA — fictional buyer population, not real counterparties"
OBS_01125,SYN_0225,4,-0.41552184,0.35490484,0.0,27.9495734,0.26055877,0.01851606,0,train,"ILLUSTRATIVE SYNTHETIC DATA — fictional buyer population, not real counterparties"
OBS_01126,SYN_0226,4,-0.25384314,0.50860695,0.0,26.61551007,0.1014941,0.02135349,0,train,"ILLUSTRATIVE SYNTHETIC DATA — fictional buyer population, not real counterparties"
OBS_01127,SYN_0227,4,0.65689945,0.5309149,2.0,31.54948472,0.15304992,0.02380477,0,train,"ILLUSTRATIVE SYNTHETIC DATA — fictional buyer population, not real counterparties"
OBS_01128,SYN_0228,4,-0.75956664,0.39721674,0.0,68.59617154,0.16534532,0.00845155,0,train,"ILLUSTRATIVE SYNTHETIC DATA — fictional buyer population, not real counterparties"
OBS_01129,SYN_0229,4,-0.41260617,0.12967538,0.0,179.59318436,0.03611344,0.00049693,0,train,"ILLUSTRATIVE SYNTHETIC DATA — fictional buyer population, not real counterparties"
OBS_01130,SYN_0230,4,-1.27606105,0.11717297,0.0,95.44241766,0.02256488,0.00226348,0,train,"ILLUSTRATIVE SYNTHETIC DATA — fictional buyer population, not real counterparties"
OBS_01131,SYN_0231,4,-1.59849173,0.38184506,0.0,71.31891948,0.25834573,0.00883754,0,train,"ILLUSTRATIVE SYNTHETIC DATA — fictional buyer population, not real counterparties"
OBS_01132,SYN_0232,4,-0.25719181,0.19865758,21.0,49.29158737,0.04828958,0.01535049,0,train,"ILLUSTRATIVE SYNTHETIC DATA — fictional buyer population, not real counterparties"
OBS_01133,SYN_0233,4,1.21014637,0.60937563,4.0,32.36137563,0.36590007,0.04010906,0,test,"ILLUSTRATIVE SYNTHETIC DATA — fictional buyer population, not real counterparties"
OBS_01134,SYN_0234,4,-0.04676635,0.43936486,7.0,35.06192254,0.06705113,0.01982397,0,train,"ILLUSTRATIVE SYNTHETIC DATA — fictional buyer population, not real counterparties"
OBS_01135,SYN_0235,4,1.50413164,0.64691327,0.0,24.98313493,0.49299745,0.05026823,0,train,"ILLUSTRATIVE SYNTHETIC DATA — fictional buyer population, not real counterparties"
OBS_01136,SYN_0236,4,-0.89648386,0.23326157,0.0,43.35137556,0.09808845,0.0085322,0,train,"ILLUSTRATIVE SYNTHETIC DATA — fictional buyer population, not real counterparties"
OBS_01137,SYN_0237,4,-0.73403984,1.07215708,2.0,27.98813066,0.06509967,0.07157616,0,train,"ILLUSTRATIVE SYNTHETIC DATA — fictional buyer population, not real counterparties"
OBS_01138,SYN_0238,4,1.31159294,0.95784167,0.0,30.28807911,0.08761517,0.0516513,0,test,"ILLUSTRATIVE SYNTHETIC DATA — fictional buyer population, not real counterparties"
OBS_01139,SYN_0239,4,-0.00953686,0.55664017,0.0,38.31647954,0.09116544,0.01889484,0,train,"ILLUSTRATIVE SYNTHETIC DATA — fictional buyer population, not real counterparties"
OBS_01140,SYN_0240,4,0.35677424,0.64456814,4.0,71.49370794,0.14018258,0.01567588,0,train,"ILLUSTRATIVE SYNTHETIC DATA — fictional buyer population, not real counterparties"
OBS_01141,SYN_0241,4,2.12506384,0.86490863,50.0,37.32621207,0.33727401,0.29479601,1,train,"ILLUSTRATIVE SYNTHETIC DATA — fictional buyer population, not real counterparties"
OBS_01142,SYN_0242,4,0.54358892,0.78359597,30.0,19.42434595,0.33767178,0.17782823,0,train,"ILLUSTRATIVE SYNTHETIC DATA — fictional buyer population, not real counterparties"
OBS_01143,SYN_0243,4,-0.23968291,0.4705163,25.0,28.14861793,0.34517974,0.07016105,0,train,"ILLUSTRATIVE SYNTHETIC DATA — fictional buyer population, not real counterparties"
OBS_01144,SYN_0244,4,-1.08942809,0.41802905,10.0,44.7242221,0.07320958,0.01802375,0,train,"ILLUSTRATIVE SYNTHETIC DATA — fictional buyer population, not real counterparties"
OBS_01145,SYN_0245,4,-1.50020258,0.5090393,2.0,20.69729493,0.01600764,0.02292526,0,test,"ILLUSTRATIVE SYNTHETIC DATA — fictional buyer population, not real counterparties"
OBS_01146,SYN_0246,4,0.47861456,0.62603174,0.0,25.41114976,0.09781172,0.02804006,0,train,"ILLUSTRATIVE SYNTHETIC DATA — fictional buyer population, not real counterparties"
OBS_01147,SYN_0247,4,0.40221131,0.73836975,7.0,73.82722038,0.0894529,0.01939464,0,train,"ILLUSTRATIVE SYNTHETIC DATA — fictional buyer population, not real counterparties"
OBS_01148,SYN_0248,4,-1.12644434,0.00240955,0.0,112.93575733,0.02468184,0.00127058,0,train,"ILLUSTRATIVE SYNTHETIC DATA — fictional buyer population, not real counterparties"
OBS_01149,SYN_0249,4,-0.05157448,0.63073681,0.0,19.61186335,0.13610073,0.03312348,0,train,"ILLUSTRATIVE SYNTHETIC DATA — fictional buyer population, not real counterparties"
OBS_01150,SYN_0250,4,0.73047281,0.8368278,5.0,25.71347,0.17198327,0.05871624,0,test,"ILLUSTRATIVE SYNTHETIC DATA — fictional buyer population, not real counterparties"
OBS_01151,SYN_0251,4,0.36693263,0.55923987,0.0,85.57977524,0.08478112,0.0079092,0,test,"ILLUSTRATIVE SYNTHETIC DATA — fictional buyer population, not real counterparties"
OBS_01152,SYN_0252,4,-1.24110978,0.0433493,0.0,65.19729231,0.03755776,0.0034362,0,train,"ILLUSTRATIVE SYNTHETIC DATA — fictional buyer population, not real counterparties"
OBS_01153,SYN_0253,4,-0.60768005,0.45029,0.0,31.20258374,0.10432757,0.01735404,0,train,"ILLUSTRATIVE SYNTHETIC DATA — fictional buyer population, not real counterparties"
OBS_01154,SYN_0254,4,-0.98377474,0.34662071,0.0,51.66136564,0.0381979,0.00865765,0,test,"ILLUSTRATIVE SYNTHETIC DATA — fictional buyer population, not real counterparties"
OBS_01155,SYN_0255,4,0.81188074,0.82435582,2.0,15.25876465,0.29733469,0.0721317,0,train,"ILLUSTRATIVE SYNTHETIC DATA — fictional buyer population, not real counterparties"
OBS_01156,SYN_0256,4,0.16548838,0.26827825,21.0,42.75962024,0.03054696,0.01966376,0,train,"ILLUSTRATIVE SYNTHETIC DATA — fictional buyer population, not real counterparties"
OBS_01157,SYN_0257,4,0.22709222,0.5011321,4.0,35.51382545,0.29788759,0.0273733,0,test,"ILLUSTRATIVE SYNTHETIC DATA — fictional buyer population, not real counterparties"
OBS_01158,SYN_0258,4,-0.19624607,0.15886516,2.0,20.66887297,0.11276418,0.01215293,0,test,"ILLUSTRATIVE SYNTHETIC DATA — fictional buyer population, not real counterparties"
OBS_01159,SYN_0259,4,0.68524672,0.43341236,0.0,49.96894546,0.05821726,0.01112365,0,test,"ILLUSTRATIVE SYNTHETIC DATA — fictional buyer population, not real counterparties"
OBS_01160,SYN_0260,4,-1.41364411,0.38154807,7.0,98.6100434,0.18365597,0.0063775,0,train,"ILLUSTRATIVE SYNTHETIC DATA — fictional buyer population, not real counterparties"
OBS_01161,SYN_0261,4,-0.01009308,0.43272529,0.0,86.51712761,0.07948762,0.0058298,0,train,"ILLUSTRATIVE SYNTHETIC DATA — fictional buyer population, not real counterparties"
OBS_01162,SYN_0262,4,0.93782281,0.71604388,31.0,53.75808045,0.17496274,0.07535677,0,test,"ILLUSTRATIVE SYNTHETIC DATA — fictional buyer population, not real counterparties"
OBS_01163,SYN_0263,4,0.12385544,0.78844085,0.0,31.14273199,0.08893561,0.03549371,0,test,"ILLUSTRATIVE SYNTHETIC DATA — fictional buyer population, not real counterparties"
OBS_01164,SYN_0264,4,-0.2473325,0.21494702,10.0,27.04200702,0.14841041,0.01768608,0,train,"ILLUSTRATIVE SYNTHETIC DATA — fictional buyer population, not real counterparties"
OBS_01165,SYN_0265,4,0.64977679,0.77492865,0.0,43.66809693,0.24007981,0.03376171,0,train,"ILLUSTRATIVE SYNTHETIC DATA — fictional buyer population, not real counterparties"
OBS_01166,SYN_0266,4,0.91876927,0.53037785,40.0,26.89367826,0.31761674,0.13497956,0,train,"ILLUSTRATIVE SYNTHETIC DATA — fictional buyer population, not real counterparties"
OBS_01167,SYN_0267,4,0.59845402,0.49186567,8.0,64.95405757,0.12798267,0.01457399,0,train,"ILLUSTRATIVE SYNTHETIC DATA — fictional buyer population, not real counterparties"
OBS_01168,SYN_0268,4,0.45224257,0.29136057,0.0,35.39016055,0.22268457,0.01334056,0,train,"ILLUSTRATIVE SYNTHETIC DATA — fictional buyer population, not real counterparties"
OBS_01169,SYN_0269,4,0.91209078,0.68848887,7.0,37.69207611,0.28575291,0.04359733,0,train,"ILLUSTRATIVE SYNTHETIC DATA — fictional buyer population, not real counterparties"
OBS_01170,SYN_0270,4,1.25879308,0.44536801,9.0,24.82899633,0.25632971,0.03384516,0,train,"ILLUSTRATIVE SYNTHETIC DATA — fictional buyer population, not real counterparties"
OBS_01171,SYN_0271,4,0.14904681,0.68142986,5.0,21.05758272,0.15859122,0.0450697,0,train,"ILLUSTRATIVE SYNTHETIC DATA — fictional buyer population, not real counterparties"
OBS_01172,SYN_0272,4,2.40372747,0.44860175,21.0,55.64676495,0.67318736,0.05477385,0,test,"ILLUSTRATIVE SYNTHETIC DATA — fictional buyer population, not real counterparties"
OBS_01173,SYN_0273,4,-1.63293791,0.0,13.0,29.96791504,0.3382768,0.01530457,0,test,"ILLUSTRATIVE SYNTHETIC DATA — fictional buyer population, not real counterparties"
OBS_01174,SYN_0274,4,0.53542082,0.81161654,0.0,86.23181328,0.25363714,0.01721256,0,train,"ILLUSTRATIVE SYNTHETIC DATA — fictional buyer population, not real counterparties"
OBS_01175,SYN_0275,4,0.86933932,0.69561774,7.0,12.83741062,0.37083709,0.0764788,0,train,"ILLUSTRATIVE SYNTHETIC DATA — fictional buyer population, not real counterparties"
OBS_01176,SYN_0276,4,1.42411975,0.8756403,0.0,27.96197601,0.36315623,0.06505359,0,train,"ILLUSTRATIVE SYNTHETIC DATA — fictional buyer population, not real counterparties"
OBS_01177,SYN_0277,4,-1.20499451,0.2027155,0.0,75.89394429,0.11632465,0.00448219,0,train,"ILLUSTRATIVE SYNTHETIC DATA — fictional buyer population, not real counterparties"
OBS_01178,SYN_0278,4,0.88843707,0.83339572,6.0,24.24558346,0.23250797,0.06724788,0,test,"ILLUSTRATIVE SYNTHETIC DATA — fictional buyer population, not real counterparties"
OBS_01179,SYN_0279,4,-0.72033503,0.17437693,0.0,70.71280666,0.07588408,0.00437893,0,train,"ILLUSTRATIVE SYNTHETIC DATA — fictional buyer population, not real counterparties"
OBS_01180,SYN_0280,4,0.65069377,0.16087274,3.0,19.49566326,0.14763529,0.01362166,0,train,"ILLUSTRATIVE SYNTHETIC DATA — fictional buyer population, not real counterparties"
OBS_01181,SYN_0281,4,2.13167859,0.86809333,17.0,38.79897637,0.14720362,0.0761275,0,test,"ILLUSTRATIVE SYNTHETIC DATA — fictional buyer population, not real counterparties"
OBS_01182,SYN_0282,4,1.33520993,0.64452029,47.0,39.3926441,0.31708976,0.17475992,0,train,"ILLUSTRATIVE SYNTHETIC DATA — fictional buyer population, not real counterparties"
OBS_01183,SYN_0283,4,-0.86575984,0.42790166,0.0,30.47172044,0.07664893,0.01611949,0,test,"ILLUSTRATIVE SYNTHETIC DATA — fictional buyer population, not real counterparties"
OBS_01184,SYN_0284,4,0.10393255,0.61980724,18.0,46.7800779,0.17313704,0.04221619,0,train,"ILLUSTRATIVE SYNTHETIC DATA — fictional buyer population, not real counterparties"
OBS_01185,SYN_0285,4,0.51642585,0.29423565,0.0,34.53660994,0.07300482,0.01109149,0,test,"ILLUSTRATIVE SYNTHETIC DATA — fictional buyer population, not real counterparties"
OBS_01186,SYN_0286,4,0.69520804,0.76017478,3.0,29.68326301,0.17039282,0.04299562,0,train,"ILLUSTRATIVE SYNTHETIC DATA — fictional buyer population, not real counterparties"
OBS_01187,SYN_0287,4,-0.88062811,0.14007969,0.0,99.99241692,0.06397597,0.00231922,0,test,"ILLUSTRATIVE SYNTHETIC DATA — fictional buyer population, not real counterparties"
OBS_01188,SYN_0288,4,-0.73232267,0.1474979,0.0,34.64078328,0.08633753,0.00815317,0,train,"ILLUSTRATIVE SYNTHETIC DATA — fictional buyer population, not real counterparties"
OBS_01189,SYN_0289,4,0.8939123,0.77714903,16.0,22.71804093,0.44796092,0.11709073,0,train,"ILLUSTRATIVE SYNTHETIC DATA — fictional buyer population, not real counterparties"
OBS_01190,SYN_0290,4,0.43141029,0.43360666,0.0,19.31986945,0.16282525,0.02251214,0,test,"ILLUSTRATIVE SYNTHETIC DATA — fictional buyer population, not real counterparties"
OBS_01191,SYN_0291,4,-0.2894417,0.79883307,0.0,45.89056056,0.1750021,0.03127919,0,train,"ILLUSTRATIVE SYNTHETIC DATA — fictional buyer population, not real counterparties"
OBS_01192,SYN_0292,4,1.15891883,0.65538949,0.0,101.74388684,0.34115295,0.01035884,0,train,"ILLUSTRATIVE SYNTHETIC DATA — fictional buyer population, not real counterparties"
OBS_01193,SYN_0293,4,-0.32422246,0.28724973,0.0,154.35637186,0.14760267,0.00131864,0,train,"ILLUSTRATIVE SYNTHETIC DATA — fictional buyer population, not real counterparties"
OBS_01194,SYN_0294,4,-1.70881266,0.55587197,0.0,43.52786405,0.10421286,0.01746089,0,train,"ILLUSTRATIVE SYNTHETIC DATA — fictional buyer population, not real counterparties"
OBS_01195,SYN_0295,4,1.05480397,0.73950612,19.0,35.51648702,0.2436554,0.07542721,0,train,"ILLUSTRATIVE SYNTHETIC DATA — fictional buyer population, not real counterparties"
OBS_01196,SYN_0296,4,-0.63785254,0.47246425,0.0,80.35354798,0.04743667,0.00682421,0,train,"ILLUSTRATIVE SYNTHETIC DATA — fictional buyer population, not real counterparties"
OBS_01197,SYN_0297,4,0.5359913,0.64775062,1.0,25.41293945,0.13217422,0.03202538,0,train,"ILLUSTRATIVE SYNTHETIC DATA — fictional buyer population, not real counterparties"
OBS_01198,SYN_0298,4,0.84871022,0.54188925,32.0,79.35279294,0.2495882,0.03816641,0,test,"ILLUSTRATIVE SYNTHETIC DATA — fictional buyer population, not real counterparties"
OBS_01199,SYN_0299,4,-0.74787417,0.50891943,15.0,37.23549594,0.13330104,0.03327563,0,test,"ILLUSTRATIVE SYNTHETIC DATA — fictional buyer population, not real counterparties"
OBS_01200,SYN_0300,4,-0.0003196,0.52072371,1.0,17.51732881,0.27850935,0.03419814,0,test,"ILLUSTRATIVE SYNTHETIC DATA — fictional buyer population, not real counterparties"
