date,in_window,cp_id,cp_name,role,credit_limit_inr,limit_basis,receivable_inr,presettlement_inr,contracted_inr,advance_pending_inr,credit_exposure_p04_basis_inr,credit_exposure_inr,utilisation_frac,utilisation_receivable_frac,utilisation_contracted_frac,utilisation_p04_basis_frac,advance_reliance_multiple,days_past_due,feat_utilisation_peak_91d_frac,feat_dpd_max_12m_days,feat_history_months,feat_order_concentration_frac,advance_reliance_peak_91d_multiple,contracted_utilisation_peak_91d_frac,pd_model_annual_frac,band_model,overlay_notches,band_final,band_max_credit_utilisation_frac,band_max_advance_reliance_multiple,breach_hard,breach_hard_receivable,breach_hard_credit_p04_basis,flag_soft_utilisation,flag_performance_advance_p14,flag_contracted_over_limit,flag_past_due,flag_band_utilisation,flag_band_advance,limit_action,recommended_limit_inr,events,label
2022-03-08,True,BUY_JNPT_01,Taloja Alloys and Smelters Pvt Ltd (SIM),BUYER,560000000.0,"credit exposure = receivable + contracted-not-invoiced not covered by an advance (desk limit definition, P04 basis, evaluated daily) vs credit_limit_inr",0.0,0.0,0.0,0.0,0.0,0.0,0.0,0.0,0.0,0.0,0.0,0.0,0.0,19.0,34.75975359,0.0,0.0,0.0,0.00579028,A,0.0,A,1.0,1.0,False,False,False,False,False,False,False,False,False,MAINTAIN — eligible for a limit increase at the next review,560000000.0,,"ACADEMIC SIMULATION — not actual trades. Scores: illustrative logistic model trained on SYNTHETIC data, computed from information dated on or before each row's date"
2022-03-08,True,BUY_MUN_01,Kandla Metal Industries Pvt Ltd (SIM),BUYER,650000000.0,"credit exposure = receivable + contracted-not-invoiced not covered by an advance (desk limit definition, P04 basis, evaluated daily) vs credit_limit_inr",0.0,0.0,0.0,0.0,0.0,0.0,0.0,0.0,0.0,0.0,0.0,0.0,0.0,8.0,28.09034908,0.0,0.0,0.0,0.00412588,A,0.0,A,1.0,1.0,False,False,False,False,False,False,False,False,False,MAINTAIN — eligible for a limit increase at the next review,650000000.0,,"ACADEMIC SIMULATION — not actual trades. Scores: illustrative logistic model trained on SYNTHETIC data, computed from information dated on or before each row's date"
2022-03-08,True,BUY_RJK_01,Saurashtra Castings and Alloys Pvt Ltd (SIM),BUYER,120000000.0,"credit exposure = receivable + contracted-not-invoiced not covered by an advance (desk limit definition, P04 basis, evaluated daily) vs credit_limit_inr",0.0,0.0,0.0,0.0,0.0,0.0,0.0,0.0,0.0,0.0,0.0,0.0,0.0,37.0,12.91170431,0.0,0.0,0.0,0.01869493,A,0.0,A,1.0,1.0,False,False,False,False,False,False,False,False,False,MAINTAIN — eligible for a limit increase at the next review,120000000.0,,"ACADEMIC SIMULATION — not actual trades. Scores: illustrative logistic model trained on SYNTHETIC data, computed from information dated on or before each row's date"
2022-03-08,True,SUP_JEA_01,Khaleej Metal Resources FZE (SIM),SUPPLIER,46230600.0,claims/refunds owed by supplier (P3 supplier_exposure_inr) vs claims_exposure_limit_usd x usdinr,,,,,,0.0,0.0,,,,,,,,,,,,,NOT_SCORED,,NOT_SCORED,,,False,False,False,False,False,False,False,False,False,NOT_SCORED — the buyer default model does not describe supplier claims risk; limit monitored only,,,ACADEMIC SIMULATION — not actual trades
2022-03-08,True,SUP_USEC_01,Tidewater Recycling Corp (SIM),SUPPLIER,69345900.0,claims/refunds owed by supplier (P3 supplier_exposure_inr) vs claims_exposure_limit_usd x usdinr,,,,,,0.0,0.0,,,,,,,,,,,,,NOT_SCORED,,NOT_SCORED,,,False,False,False,False,False,False,False,False,False,NOT_SCORED — the buyer default model does not describe supplier claims risk; limit monitored only,,,ACADEMIC SIMULATION — not actual trades
2022-03-08,True,SUP_USEC_02,Delaware Bay Metals LLC (SIM),SUPPLIER,30820400.0,claims/refunds owed by supplier (P3 supplier_exposure_inr) vs claims_exposure_limit_usd x usdinr,,,,,,0.0,0.0,,,,,,,,,,,,,NOT_SCORED,,NOT_SCORED,,,False,False,False,False,False,False,False,False,False,NOT_SCORED — the buyer default model does not describe supplier claims risk; limit monitored only,,,ACADEMIC SIMULATION — not actual trades
2022-03-09,True,BUY_JNPT_01,Taloja Alloys and Smelters Pvt Ltd (SIM),BUYER,560000000.0,"credit exposure = receivable + contracted-not-invoiced not covered by an advance (desk limit definition, P04 basis, evaluated daily) vs credit_limit_inr",0.0,0.0,0.0,0.0,0.0,0.0,0.0,0.0,0.0,0.0,0.0,0.0,0.0,19.0,34.7926078,0.0,0.0,0.0,0.00578665,A,0.0,A,1.0,1.0,False,False,False,False,False,False,False,False,False,MAINTAIN — eligible for a limit increase at the next review,560000000.0,,"ACADEMIC SIMULATION — not actual trades. Scores: illustrative logistic model trained on SYNTHETIC data, computed from information dated on or before each row's date"
2022-03-09,True,BUY_MUN_01,Kandla Metal Industries Pvt Ltd (SIM),BUYER,650000000.0,"credit exposure = receivable + contracted-not-invoiced not covered by an advance (desk limit definition, P04 basis, evaluated daily) vs credit_limit_inr",0.0,0.0,0.0,0.0,0.0,0.0,0.0,0.0,0.0,0.0,0.0,0.0,0.0,8.0,28.12320329,0.0,0.0,0.0,0.0041233,A,0.0,A,1.0,1.0,False,False,False,False,False,False,False,False,False,MAINTAIN — eligible for a limit increase at the next review,650000000.0,,"ACADEMIC SIMULATION — not actual trades. Scores: illustrative logistic model trained on SYNTHETIC data, computed from information dated on or before each row's date"
2022-03-09,True,BUY_RJK_01,Saurashtra Castings and Alloys Pvt Ltd (SIM),BUYER,120000000.0,"credit exposure = receivable + contracted-not-invoiced not covered by an advance (desk limit definition, P04 basis, evaluated daily) vs credit_limit_inr",0.0,0.0,0.0,0.0,0.0,0.0,0.0,0.0,0.0,0.0,0.0,0.0,0.0,37.0,12.94455852,0.0,0.0,0.0,0.01868338,A,0.0,A,1.0,1.0,False,False,False,False,False,False,False,False,False,MAINTAIN — eligible for a limit increase at the next review,120000000.0,,"ACADEMIC SIMULATION — not actual trades. Scores: illustrative logistic model trained on SYNTHETIC data, computed from information dated on or before each row's date"
2022-03-09,True,SUP_JEA_01,Khaleej Metal Resources FZE (SIM),SUPPLIER,45957900.0,claims/refunds owed by supplier (P3 supplier_exposure_inr) vs claims_exposure_limit_usd x usdinr,,,,,,0.0,0.0,,,,,,,,,,,,,NOT_SCORED,,NOT_SCORED,,,False,False,False,False,False,False,False,False,False,NOT_SCORED — the buyer default model does not describe supplier claims risk; limit monitored only,,,ACADEMIC SIMULATION — not actual trades
2022-03-09,True,SUP_USEC_01,Tidewater Recycling Corp (SIM),SUPPLIER,68936850.0,claims/refunds owed by supplier (P3 supplier_exposure_inr) vs claims_exposure_limit_usd x usdinr,,,,,,0.0,0.0,,,,,,,,,,,,,NOT_SCORED,,NOT_SCORED,,,False,False,False,False,False,False,False,False,False,NOT_SCORED — the buyer default model does not describe supplier claims risk; limit monitored only,,,ACADEMIC SIMULATION — not actual trades
2022-03-09,True,SUP_USEC_02,Delaware Bay Metals LLC (SIM),SUPPLIER,30638600.0,claims/refunds owed by supplier (P3 supplier_exposure_inr) vs claims_exposure_limit_usd x usdinr,,,,,,0.0,0.0,,,,,,,,,,,,,NOT_SCORED,,NOT_SCORED,,,False,False,False,False,False,False,False,False,False,NOT_SCORED — the buyer default model does not describe supplier claims risk; limit monitored only,,,ACADEMIC SIMULATION — not actual trades
2022-03-10,True,BUY_JNPT_01,Taloja Alloys and Smelters Pvt Ltd (SIM),BUYER,560000000.0,"credit exposure = receivable + contracted-not-invoiced not covered by an advance (desk limit definition, P04 basis, evaluated daily) vs credit_limit_inr",0.0,0.0,0.0,0.0,0.0,0.0,0.0,0.0,0.0,0.0,0.0,0.0,0.0,19.0,34.82546201,0.0,0.0,0.0,0.00578303,A,0.0,A,1.0,1.0,False,False,False,False,False,False,False,False,False,MAINTAIN — eligible for a limit increase at the next review,560000000.0,,"ACADEMIC SIMULATION — not actual trades. Scores: illustrative logistic model trained on SYNTHETIC data, computed from information dated on or before each row's date"
2022-03-10,True,BUY_MUN_01,Kandla Metal Industries Pvt Ltd (SIM),BUYER,650000000.0,"credit exposure = receivable + contracted-not-invoiced not covered by an advance (desk limit definition, P04 basis, evaluated daily) vs credit_limit_inr",0.0,0.0,0.0,0.0,0.0,0.0,0.0,0.0,0.0,0.0,0.0,0.0,0.0,8.0,28.15605749,0.0,0.0,0.0,0.00412071,A,0.0,A,1.0,1.0,False,False,False,False,False,False,False,False,False,MAINTAIN — eligible for a limit increase at the next review,650000000.0,,"ACADEMIC SIMULATION — not actual trades. Scores: illustrative logistic model trained on SYNTHETIC data, computed from information dated on or before each row's date"
2022-03-10,True,BUY_RJK_01,Saurashtra Castings and Alloys Pvt Ltd (SIM),BUYER,120000000.0,"credit exposure = receivable + contracted-not-invoiced not covered by an advance (desk limit definition, P04 basis, evaluated daily) vs credit_limit_inr",0.0,0.0,0.0,0.0,0.0,0.0,0.0,0.0,0.0,0.0,0.0,0.0,0.0,37.0,12.97741273,0.0,0.0,0.0,0.01867184,A,0.0,A,1.0,1.0,False,False,False,False,False,False,False,False,False,MAINTAIN — eligible for a limit increase at the next review,120000000.0,,"ACADEMIC SIMULATION — not actual trades. Scores: illustrative logistic model trained on SYNTHETIC data, computed from information dated on or before each row's date"
2022-03-10,True,SUP_JEA_01,Khaleej Metal Resources FZE (SIM),SUPPLIER,45799560.0,claims/refunds owed by supplier (P3 supplier_exposure_inr) vs claims_exposure_limit_usd x usdinr,,,,,,0.0,0.0,,,,,,,,,,,,,NOT_SCORED,,NOT_SCORED,,,False,False,False,False,False,False,False,False,False,NOT_SCORED — the buyer default model does not describe supplier claims risk; limit monitored only,,,ACADEMIC SIMULATION — not actual trades
2022-03-10,True,SUP_USEC_01,Tidewater Recycling Corp (SIM),SUPPLIER,68699340.0,claims/refunds owed by supplier (P3 supplier_exposure_inr) vs claims_exposure_limit_usd x usdinr,,,,,,0.0,0.0,,,,,,,,,,,,,NOT_SCORED,,NOT_SCORED,,,False,False,False,False,False,False,False,False,False,NOT_SCORED — the buyer default model does not describe supplier claims risk; limit monitored only,,,ACADEMIC SIMULATION — not actual trades
2022-03-10,True,SUP_USEC_02,Delaware Bay Metals LLC (SIM),SUPPLIER,30533040.0,claims/refunds owed by supplier (P3 supplier_exposure_inr) vs claims_exposure_limit_usd x usdinr,,,,,,0.0,0.0,,,,,,,,,,,,,NOT_SCORED,,NOT_SCORED,,,False,False,False,False,False,False,False,False,False,NOT_SCORED — the buyer default model does not describe supplier claims risk; limit monitored only,,,ACADEMIC SIMULATION — not actual trades
2022-03-11,True,BUY_JNPT_01,Taloja Alloys and Smelters Pvt Ltd (SIM),BUYER,560000000.0,"credit exposure = receivable + contracted-not-invoiced not covered by an advance (desk limit definition, P04 basis, evaluated daily) vs credit_limit_inr",0.0,255041269.4174,255041269.4174,0.0,255041269.4174,255041269.4174,0.45543084,0.0,0.45543084,0.45543084,0.0,0.0,0.45543084,19.0,34.85831622,0.02961459,0.0,0.45543084,0.02372545,B,0.0,B,0.9,1.0,False,False,False,False,False,False,False,False,False,MAINTAIN — watch utilisation; no increase without a clean review,560000000.0,"SALE_CONTRACTED T02-S1 invoice ₹254.1m (advance ₹0.0m, credit ₹254.1m; P04 utilisation after 45.4%)","ACADEMIC SIMULATION — not actual trades. Scores: illustrative logistic model trained on SYNTHETIC data, computed from information dated on or before each row's date"
2022-03-11,True,BUY_MUN_01,Kandla Metal Industries Pvt Ltd (SIM),BUYER,650000000.0,"credit exposure = receivable + contracted-not-invoiced not covered by an advance (desk limit definition, P04 basis, evaluated daily) vs credit_limit_inr",0.0,0.0,0.0,0.0,0.0,0.0,0.0,0.0,0.0,0.0,0.0,0.0,0.0,8.0,28.1889117,0.0,0.0,0.0,0.00411813,A,0.0,A,1.0,1.0,False,False,False,False,False,False,False,False,False,MAINTAIN — eligible for a limit increase at the next review,650000000.0,,"ACADEMIC SIMULATION — not actual trades. Scores: illustrative logistic model trained on SYNTHETIC data, computed from information dated on or before each row's date"
2022-03-11,True,BUY_RJK_01,Saurashtra Castings and Alloys Pvt Ltd (SIM),BUYER,120000000.0,"credit exposure = receivable + contracted-not-invoiced not covered by an advance (desk limit definition, P04 basis, evaluated daily) vs credit_limit_inr",0.0,0.0,0.0,0.0,0.0,0.0,0.0,0.0,0.0,0.0,0.0,0.0,0.0,37.0,13.01026694,0.0,0.0,0.0,0.01866031,A,0.0,A,1.0,1.0,False,False,False,False,False,False,False,False,False,MAINTAIN — eligible for a limit increase at the next review,120000000.0,,"ACADEMIC SIMULATION — not actual trades. Scores: illustrative logistic model trained on SYNTHETIC data, computed from information dated on or before each row's date"
2022-03-11,True,SUP_JEA_01,Khaleej Metal Resources FZE (SIM),SUPPLIER,45853020.0,claims/refunds owed by supplier (P3 supplier_exposure_inr) vs claims_exposure_limit_usd x usdinr,,,,,,0.0,0.0,,,,,,,,,,,,,NOT_SCORED,,NOT_SCORED,,,False,False,False,False,False,False,False,False,False,NOT_SCORED — the buyer default model does not describe supplier claims risk; limit monitored only,,,ACADEMIC SIMULATION — not actual trades
2022-03-11,True,SUP_USEC_01,Tidewater Recycling Corp (SIM),SUPPLIER,68779530.0,claims/refunds owed by supplier (P3 supplier_exposure_inr) vs claims_exposure_limit_usd x usdinr,,,,,,0.0,0.0,,,,,,,,,,,,,NOT_SCORED,,NOT_SCORED,,,False,False,False,False,False,False,False,False,False,NOT_SCORED — the buyer default model does not describe supplier claims risk; limit monitored only,,,ACADEMIC SIMULATION — not actual trades
2022-03-11,True,SUP_USEC_02,Delaware Bay Metals LLC (SIM),SUPPLIER,30568680.0,claims/refunds owed by supplier (P3 supplier_exposure_inr) vs claims_exposure_limit_usd x usdinr,,,,,,0.0,0.0,,,,,,,,,,,,,NOT_SCORED,,NOT_SCORED,,,False,False,False,False,False,False,False,False,False,NOT_SCORED — the buyer default model does not describe supplier claims risk; limit monitored only,,,ACADEMIC SIMULATION — not actual trades
2022-03-14,True,BUY_JNPT_01,Taloja Alloys and Smelters Pvt Ltd (SIM),BUYER,560000000.0,"credit exposure = receivable + contracted-not-invoiced not covered by an advance (desk limit definition, P04 basis, evaluated daily) vs credit_limit_inr",0.0,248914300.8802,248914300.8802,0.0,248914300.8802,248914300.8802,0.44448982,0.0,0.44448982,0.44448982,0.0,0.0,0.45543084,19.0,34.95687885,0.02961459,0.0,0.45543084,0.02368174,B,0.0,B,0.9,1.0,False,False,False,False,False,False,False,False,False,MAINTAIN — watch utilisation; no increase without a clean review,560000000.0,,"ACADEMIC SIMULATION — not actual trades. Scores: illustrative logistic model trained on SYNTHETIC data, computed from information dated on or before each row's date"
2022-03-14,True,BUY_MUN_01,Kandla Metal Industries Pvt Ltd (SIM),BUYER,650000000.0,"credit exposure = receivable + contracted-not-invoiced not covered by an advance (desk limit definition, P04 basis, evaluated daily) vs credit_limit_inr",0.0,0.0,0.0,0.0,0.0,0.0,0.0,0.0,0.0,0.0,0.0,0.0,0.0,8.0,28.28747433,0.0,0.0,0.0,0.00411039,A,0.0,A,1.0,1.0,False,False,False,False,False,False,False,False,False,MAINTAIN — eligible for a limit increase at the next review,650000000.0,,"ACADEMIC SIMULATION — not actual trades. Scores: illustrative logistic model trained on SYNTHETIC data, computed from information dated on or before each row's date"
2022-03-14,True,BUY_RJK_01,Saurashtra Castings and Alloys Pvt Ltd (SIM),BUYER,120000000.0,"credit exposure = receivable + contracted-not-invoiced not covered by an advance (desk limit definition, P04 basis, evaluated daily) vs credit_limit_inr",0.0,0.0,0.0,0.0,0.0,0.0,0.0,0.0,0.0,0.0,0.0,0.0,0.0,37.0,13.10882957,0.0,0.0,0.0,0.01862575,A,0.0,A,1.0,1.0,False,False,False,False,False,False,False,False,False,MAINTAIN — eligible for a limit increase at the next review,120000000.0,,"ACADEMIC SIMULATION — not actual trades. Scores: illustrative logistic model trained on SYNTHETIC data, computed from information dated on or before each row's date"
2022-03-14,True,SUP_JEA_01,Khaleej Metal Resources FZE (SIM),SUPPLIER,45947640.00000001,claims/refunds owed by supplier (P3 supplier_exposure_inr) vs claims_exposure_limit_usd x usdinr,,,,,,0.0,0.0,,,,,,,,,,,,,NOT_SCORED,,NOT_SCORED,,,False,False,False,False,False,False,False,False,False,NOT_SCORED — the buyer default model does not describe supplier claims risk; limit monitored only,,,ACADEMIC SIMULATION — not actual trades
2022-03-14,True,SUP_USEC_01,Tidewater Recycling Corp (SIM),SUPPLIER,68921460.0,claims/refunds owed by supplier (P3 supplier_exposure_inr) vs claims_exposure_limit_usd x usdinr,,,,,,0.0,0.0,,,,,,,,,,,,,NOT_SCORED,,NOT_SCORED,,,False,False,False,False,False,False,False,False,False,NOT_SCORED — the buyer default model does not describe supplier claims risk; limit monitored only,,,ACADEMIC SIMULATION — not actual trades
2022-03-14,True,SUP_USEC_02,Delaware Bay Metals LLC (SIM),SUPPLIER,30631760.0,claims/refunds owed by supplier (P3 supplier_exposure_inr) vs claims_exposure_limit_usd x usdinr,,,,,,0.0,0.0,,,,,,,,,,,,,NOT_SCORED,,NOT_SCORED,,,False,False,False,False,False,False,False,False,False,NOT_SCORED — the buyer default model does not describe supplier claims risk; limit monitored only,,,ACADEMIC SIMULATION — not actual trades
2022-03-15,True,BUY_JNPT_01,Taloja Alloys and Smelters Pvt Ltd (SIM),BUYER,560000000.0,"credit exposure = receivable + contracted-not-invoiced not covered by an advance (desk limit definition, P04 basis, evaluated daily) vs credit_limit_inr",0.0,231521741.9723,231521741.9723,0.0,231521741.9723,231521741.9723,0.41343168,0.0,0.41343168,0.41343168,0.0,0.0,0.45543084,19.0,34.98973306,0.02961459,0.0,0.45543084,0.02366719,B,0.0,B,0.9,1.0,False,False,False,False,False,False,False,False,False,MAINTAIN — watch utilisation; no increase without a clean review,560000000.0,,"ACADEMIC SIMULATION — not actual trades. Scores: illustrative logistic model trained on SYNTHETIC data, computed from information dated on or before each row's date"
2022-03-15,True,BUY_MUN_01,Kandla Metal Industries Pvt Ltd (SIM),BUYER,650000000.0,"credit exposure = receivable + contracted-not-invoiced not covered by an advance (desk limit definition, P04 basis, evaluated daily) vs credit_limit_inr",0.0,0.0,0.0,0.0,0.0,0.0,0.0,0.0,0.0,0.0,0.0,0.0,0.0,8.0,28.32032854,0.0,0.0,0.0,0.00410781,A,0.0,A,1.0,1.0,False,False,False,False,False,False,False,False,False,MAINTAIN — eligible for a limit increase at the next review,650000000.0,,"ACADEMIC SIMULATION — not actual trades. Scores: illustrative logistic model trained on SYNTHETIC data, computed from information dated on or before each row's date"
2022-03-15,True,BUY_RJK_01,Saurashtra Castings and Alloys Pvt Ltd (SIM),BUYER,120000000.0,"credit exposure = receivable + contracted-not-invoiced not covered by an advance (desk limit definition, P04 basis, evaluated daily) vs credit_limit_inr",0.0,0.0,0.0,0.0,0.0,0.0,0.0,0.0,0.0,0.0,0.0,0.0,0.0,37.0,13.14168378,0.0,0.0,0.0,0.01861425,A,0.0,A,1.0,1.0,False,False,False,False,False,False,False,False,False,MAINTAIN — eligible for a limit increase at the next review,120000000.0,,"ACADEMIC SIMULATION — not actual trades. Scores: illustrative logistic model trained on SYNTHETIC data, computed from information dated on or before each row's date"
2022-03-15,True,SUP_JEA_01,Khaleej Metal Resources FZE (SIM),SUPPLIER,45831420.0,claims/refunds owed by supplier (P3 supplier_exposure_inr) vs claims_exposure_limit_usd x usdinr,,,,,,0.0,0.0,,,,,,,,,,,,,NOT_SCORED,,NOT_SCORED,,,False,False,False,False,False,False,False,False,False,NOT_SCORED — the buyer default model does not describe supplier claims risk; limit monitored only,,,ACADEMIC SIMULATION — not actual trades
2022-03-15,True,SUP_USEC_01,Tidewater Recycling Corp (SIM),SUPPLIER,68747130.0,claims/refunds owed by supplier (P3 supplier_exposure_inr) vs claims_exposure_limit_usd x usdinr,,,,,,0.0,0.0,,,,,,,,,,,,,NOT_SCORED,,NOT_SCORED,,,False,False,False,False,False,False,False,False,False,NOT_SCORED — the buyer default model does not describe supplier claims risk; limit monitored only,,,ACADEMIC SIMULATION — not actual trades
2022-03-15,True,SUP_USEC_02,Delaware Bay Metals LLC (SIM),SUPPLIER,30554280.0,claims/refunds owed by supplier (P3 supplier_exposure_inr) vs claims_exposure_limit_usd x usdinr,,,,,,0.0,0.0,,,,,,,,,,,,,NOT_SCORED,,NOT_SCORED,,,False,False,False,False,False,False,False,False,False,NOT_SCORED — the buyer default model does not describe supplier claims risk; limit monitored only,,,ACADEMIC SIMULATION — not actual trades
2022-03-16,True,BUY_JNPT_01,Taloja Alloys and Smelters Pvt Ltd (SIM),BUYER,560000000.0,"credit exposure = receivable + contracted-not-invoiced not covered by an advance (desk limit definition, P04 basis, evaluated daily) vs credit_limit_inr",0.0,238860582.668,238860582.668,0.0,238860582.668,238860582.668,0.42653675,0.0,0.42653675,0.42653675,0.0,0.0,0.45543084,19.0,35.02258727,0.02961459,0.0,0.45543084,0.02365264,B,0.0,B,0.9,1.0,False,False,False,False,False,False,False,False,False,MAINTAIN — watch utilisation; no increase without a clean review,560000000.0,,"ACADEMIC SIMULATION — not actual trades. Scores: illustrative logistic model trained on SYNTHETIC data, computed from information dated on or before each row's date"
2022-03-16,True,BUY_MUN_01,Kandla Metal Industries Pvt Ltd (SIM),BUYER,650000000.0,"credit exposure = receivable + contracted-not-invoiced not covered by an advance (desk limit definition, P04 basis, evaluated daily) vs credit_limit_inr",0.0,0.0,0.0,0.0,0.0,0.0,0.0,0.0,0.0,0.0,0.0,0.0,0.0,8.0,28.35318275,0.0,0.0,0.0,0.00410524,A,0.0,A,1.0,1.0,False,False,False,False,False,False,False,False,False,MAINTAIN — eligible for a limit increase at the next review,650000000.0,,"ACADEMIC SIMULATION — not actual trades. Scores: illustrative logistic model trained on SYNTHETIC data, computed from information dated on or before each row's date"
2022-03-16,True,BUY_RJK_01,Saurashtra Castings and Alloys Pvt Ltd (SIM),BUYER,120000000.0,"credit exposure = receivable + contracted-not-invoiced not covered by an advance (desk limit definition, P04 basis, evaluated daily) vs credit_limit_inr",0.0,0.0,0.0,0.0,0.0,0.0,0.0,0.0,0.0,0.0,0.0,0.0,0.0,37.0,13.17453799,0.0,0.0,0.0,0.01860275,A,0.0,A,1.0,1.0,False,False,False,False,False,False,False,False,False,MAINTAIN — eligible for a limit increase at the next review,120000000.0,,"ACADEMIC SIMULATION — not actual trades. Scores: illustrative logistic model trained on SYNTHETIC data, computed from information dated on or before each row's date"
2022-03-16,True,SUP_JEA_01,Khaleej Metal Resources FZE (SIM),SUPPLIER,45723419.99999999,claims/refunds owed by supplier (P3 supplier_exposure_inr) vs claims_exposure_limit_usd x usdinr,,,,,,0.0,0.0,,,,,,,,,,,,,NOT_SCORED,,NOT_SCORED,,,False,False,False,False,False,False,False,False,False,NOT_SCORED — the buyer default model does not describe supplier claims risk; limit monitored only,,,ACADEMIC SIMULATION — not actual trades
2022-03-16,True,SUP_USEC_01,Tidewater Recycling Corp (SIM),SUPPLIER,68585130.0,claims/refunds owed by supplier (P3 supplier_exposure_inr) vs claims_exposure_limit_usd x usdinr,,,,,,0.0,0.0,,,,,,,,,,,,,NOT_SCORED,,NOT_SCORED,,,False,False,False,False,False,False,False,False,False,NOT_SCORED — the buyer default model does not describe supplier claims risk; limit monitored only,,,ACADEMIC SIMULATION — not actual trades
2022-03-16,True,SUP_USEC_02,Delaware Bay Metals LLC (SIM),SUPPLIER,30482280.0,claims/refunds owed by supplier (P3 supplier_exposure_inr) vs claims_exposure_limit_usd x usdinr,,,,,,0.0,0.0,,,,,,,,,,,,,NOT_SCORED,,NOT_SCORED,,,False,False,False,False,False,False,False,False,False,NOT_SCORED — the buyer default model does not describe supplier claims risk; limit monitored only,,,ACADEMIC SIMULATION — not actual trades
2022-03-17,True,BUY_JNPT_01,Taloja Alloys and Smelters Pvt Ltd (SIM),BUYER,560000000.0,"credit exposure = receivable + contracted-not-invoiced not covered by an advance (desk limit definition, P04 basis, evaluated daily) vs credit_limit_inr",0.0,235869311.9723,235869311.9723,0.0,235869311.9723,235869311.9723,0.4211952,0.0,0.4211952,0.4211952,0.0,0.0,0.45543084,19.0,35.05544148,0.02961459,0.0,0.45543084,0.02363811,B,0.0,B,0.9,1.0,False,False,False,False,False,False,False,False,False,MAINTAIN — watch utilisation; no increase without a clean review,560000000.0,,"ACADEMIC SIMULATION — not actual trades. Scores: illustrative logistic model trained on SYNTHETIC data, computed from information dated on or before each row's date"
2022-03-17,True,BUY_MUN_01,Kandla Metal Industries Pvt Ltd (SIM),BUYER,650000000.0,"credit exposure = receivable + contracted-not-invoiced not covered by an advance (desk limit definition, P04 basis, evaluated daily) vs credit_limit_inr",0.0,0.0,0.0,0.0,0.0,0.0,0.0,0.0,0.0,0.0,0.0,0.0,0.0,8.0,28.38603696,0.0,0.0,0.0,0.00410266,A,0.0,A,1.0,1.0,False,False,False,False,False,False,False,False,False,MAINTAIN — eligible for a limit increase at the next review,650000000.0,,"ACADEMIC SIMULATION — not actual trades. Scores: illustrative logistic model trained on SYNTHETIC data, computed from information dated on or before each row's date"
2022-03-17,True,BUY_RJK_01,Saurashtra Castings and Alloys Pvt Ltd (SIM),BUYER,120000000.0,"credit exposure = receivable + contracted-not-invoiced not covered by an advance (desk limit definition, P04 basis, evaluated daily) vs credit_limit_inr",0.0,0.0,0.0,0.0,0.0,0.0,0.0,0.0,0.0,0.0,0.0,0.0,0.0,37.0,13.2073922,0.0,0.0,0.0,0.01859126,A,0.0,A,1.0,1.0,False,False,False,False,False,False,False,False,False,MAINTAIN — eligible for a limit increase at the next review,120000000.0,,"ACADEMIC SIMULATION — not actual trades. Scores: illustrative logistic model trained on SYNTHETIC data, computed from information dated on or before each row's date"
2022-03-17,True,SUP_JEA_01,Khaleej Metal Resources FZE (SIM),SUPPLIER,45521760.0,claims/refunds owed by supplier (P3 supplier_exposure_inr) vs claims_exposure_limit_usd x usdinr,,,,,,0.0,0.0,,,,,,,,,,,,,NOT_SCORED,,NOT_SCORED,,,False,False,False,False,False,False,False,False,False,NOT_SCORED — the buyer default model does not describe supplier claims risk; limit monitored only,,,ACADEMIC SIMULATION — not actual trades
2022-03-17,True,SUP_USEC_01,Tidewater Recycling Corp (SIM),SUPPLIER,68282640.0,claims/refunds owed by supplier (P3 supplier_exposure_inr) vs claims_exposure_limit_usd x usdinr,,,,,,0.0,0.0,,,,,,,,,,,,,NOT_SCORED,,NOT_SCORED,,,False,False,False,False,False,False,False,False,False,NOT_SCORED — the buyer default model does not describe supplier claims risk; limit monitored only,,,ACADEMIC SIMULATION — not actual trades
2022-03-17,True,SUP_USEC_02,Delaware Bay Metals LLC (SIM),SUPPLIER,30347840.0,claims/refunds owed by supplier (P3 supplier_exposure_inr) vs claims_exposure_limit_usd x usdinr,,,,,,0.0,0.0,,,,,,,,,,,,,NOT_SCORED,,NOT_SCORED,,,False,False,False,False,False,False,False,False,False,NOT_SCORED — the buyer default model does not describe supplier claims risk; limit monitored only,,,ACADEMIC SIMULATION — not actual trades
2022-03-18,True,BUY_JNPT_01,Taloja Alloys and Smelters Pvt Ltd (SIM),BUYER,560000000.0,"credit exposure = receivable + contracted-not-invoiced not covered by an advance (desk limit definition, P04 basis, evaluated daily) vs credit_limit_inr",0.0,245199040.6031,245199040.6031,0.0,245199040.6031,245199040.6031,0.43785543,0.0,0.43785543,0.43785543,0.0,0.0,0.45543084,19.0,35.08829569,0.02961459,0.0,0.45543084,0.02362358,B,0.0,B,0.9,1.0,False,False,False,False,False,False,False,False,False,MAINTAIN — watch utilisation; no increase without a clean review,560000000.0,,"ACADEMIC SIMULATION — not actual trades. Scores: illustrative logistic model trained on SYNTHETIC data, computed from information dated on or before each row's date"
2022-03-18,True,BUY_MUN_01,Kandla Metal Industries Pvt Ltd (SIM),BUYER,650000000.0,"credit exposure = receivable + contracted-not-invoiced not covered by an advance (desk limit definition, P04 basis, evaluated daily) vs credit_limit_inr",0.0,0.0,0.0,0.0,0.0,0.0,0.0,0.0,0.0,0.0,0.0,0.0,0.0,8.0,28.41889117,0.0,0.0,0.0,0.00410009,A,0.0,A,1.0,1.0,False,False,False,False,False,False,False,False,False,MAINTAIN — eligible for a limit increase at the next review,650000000.0,,"ACADEMIC SIMULATION — not actual trades. Scores: illustrative logistic model trained on SYNTHETIC data, computed from information dated on or before each row's date"
2022-03-18,True,BUY_RJK_01,Saurashtra Castings and Alloys Pvt Ltd (SIM),BUYER,120000000.0,"credit exposure = receivable + contracted-not-invoiced not covered by an advance (desk limit definition, P04 basis, evaluated daily) vs credit_limit_inr",0.0,0.0,0.0,0.0,0.0,0.0,0.0,0.0,0.0,0.0,0.0,0.0,0.0,37.0,13.24024641,0.0,0.0,0.0,0.01857977,A,0.0,A,1.0,1.0,False,False,False,False,False,False,False,False,False,MAINTAIN — eligible for a limit increase at the next review,120000000.0,,"ACADEMIC SIMULATION — not actual trades. Scores: illustrative logistic model trained on SYNTHETIC data, computed from information dated on or before each row's date"
2022-03-18,True,SUP_JEA_01,Khaleej Metal Resources FZE (SIM),SUPPLIER,45666360.0,claims/refunds owed by supplier (P3 supplier_exposure_inr) vs claims_exposure_limit_usd x usdinr,,,,,,0.0,0.0,,,,,,,,,,,,,NOT_SCORED,,NOT_SCORED,,,False,False,False,False,False,False,False,False,False,NOT_SCORED — the buyer default model does not describe supplier claims risk; limit monitored only,,,ACADEMIC SIMULATION — not actual trades
2022-03-18,True,SUP_USEC_01,Tidewater Recycling Corp (SIM),SUPPLIER,68499540.0,claims/refunds owed by supplier (P3 supplier_exposure_inr) vs claims_exposure_limit_usd x usdinr,,,,,,0.0,0.0,,,,,,,,,,,,,NOT_SCORED,,NOT_SCORED,,,False,False,False,False,False,False,False,False,False,NOT_SCORED — the buyer default model does not describe supplier claims risk; limit monitored only,,,ACADEMIC SIMULATION — not actual trades
2022-03-18,True,SUP_USEC_02,Delaware Bay Metals LLC (SIM),SUPPLIER,30444240.0,claims/refunds owed by supplier (P3 supplier_exposure_inr) vs claims_exposure_limit_usd x usdinr,,,,,,0.0,0.0,,,,,,,,,,,,,NOT_SCORED,,NOT_SCORED,,,False,False,False,False,False,False,False,False,False,NOT_SCORED — the buyer default model does not describe supplier claims risk; limit monitored only,,,ACADEMIC SIMULATION — not actual trades
2022-03-21,True,BUY_JNPT_01,Taloja Alloys and Smelters Pvt Ltd (SIM),BUYER,560000000.0,"credit exposure = receivable + contracted-not-invoiced not covered by an advance (desk limit definition, P04 basis, evaluated daily) vs credit_limit_inr",0.0,258263940.865,258263940.865,0.0,258263940.865,258263940.865,0.46118561,0.0,0.46118561,0.46118561,0.0,0.0,0.46118561,19.0,35.18685832,0.02961459,0.0,0.46118561,0.02397722,B,0.0,B,0.9,1.0,False,False,False,False,False,False,False,False,False,MAINTAIN — watch utilisation; no increase without a clean review,560000000.0,,"ACADEMIC SIMULATION — not actual trades. Scores: illustrative logistic model trained on SYNTHETIC data, computed from information dated on or before each row's date"
2022-03-21,True,BUY_MUN_01,Kandla Metal Industries Pvt Ltd (SIM),BUYER,650000000.0,"credit exposure = receivable + contracted-not-invoiced not covered by an advance (desk limit definition, P04 basis, evaluated daily) vs credit_limit_inr",0.0,0.0,0.0,0.0,0.0,0.0,0.0,0.0,0.0,0.0,0.0,0.0,0.0,8.0,28.5174538,0.0,0.0,0.0,0.00409239,A,0.0,A,1.0,1.0,False,False,False,False,False,False,False,False,False,MAINTAIN — eligible for a limit increase at the next review,650000000.0,,"ACADEMIC SIMULATION — not actual trades. Scores: illustrative logistic model trained on SYNTHETIC data, computed from information dated on or before each row's date"
2022-03-21,True,BUY_RJK_01,Saurashtra Castings and Alloys Pvt Ltd (SIM),BUYER,120000000.0,"credit exposure = receivable + contracted-not-invoiced not covered by an advance (desk limit definition, P04 basis, evaluated daily) vs credit_limit_inr",0.0,0.0,0.0,0.0,0.0,0.0,0.0,0.0,0.0,0.0,0.0,0.0,0.0,37.0,13.33880903,0.0,0.0,0.0,0.01854536,A,0.0,A,1.0,1.0,False,False,False,False,False,False,False,False,False,MAINTAIN — eligible for a limit increase at the next review,120000000.0,,"ACADEMIC SIMULATION — not actual trades. Scores: illustrative logistic model trained on SYNTHETIC data, computed from information dated on or before each row's date"
2022-03-21,True,SUP_JEA_01,Khaleej Metal Resources FZE (SIM),SUPPLIER,45760200.0,claims/refunds owed by supplier (P3 supplier_exposure_inr) vs claims_exposure_limit_usd x usdinr,,,,,,0.0,0.0,,,,,,,,,,,,,NOT_SCORED,,NOT_SCORED,,,False,False,False,False,False,False,False,False,False,NOT_SCORED — the buyer default model does not describe supplier claims risk; limit monitored only,,,ACADEMIC SIMULATION — not actual trades
2022-03-21,True,SUP_USEC_01,Tidewater Recycling Corp (SIM),SUPPLIER,68640300.0,claims/refunds owed by supplier (P3 supplier_exposure_inr) vs claims_exposure_limit_usd x usdinr,,,,,,0.0,0.0,,,,,,,,,,,,,NOT_SCORED,,NOT_SCORED,,,False,False,False,False,False,False,False,False,False,NOT_SCORED — the buyer default model does not describe supplier claims risk; limit monitored only,,,ACADEMIC SIMULATION — not actual trades
2022-03-21,True,SUP_USEC_02,Delaware Bay Metals LLC (SIM),SUPPLIER,30506800.0,claims/refunds owed by supplier (P3 supplier_exposure_inr) vs claims_exposure_limit_usd x usdinr,,,,,,0.0,0.0,,,,,,,,,,,,,NOT_SCORED,,NOT_SCORED,,,False,False,False,False,False,False,False,False,False,NOT_SCORED — the buyer default model does not describe supplier claims risk; limit monitored only,,,ACADEMIC SIMULATION — not actual trades
2022-03-22,True,BUY_JNPT_01,Taloja Alloys and Smelters Pvt Ltd (SIM),BUYER,560000000.0,"credit exposure = receivable + contracted-not-invoiced not covered by an advance (desk limit definition, P04 basis, evaluated daily) vs credit_limit_inr",0.0,260567504.3147,260567504.3147,0.0,260567504.3147,260567504.3147,0.46529911,0.0,0.46529911,0.46529911,0.0,0.0,0.46529911,19.0,35.21971253,0.02961459,0.0,0.46529911,0.02425021,B,0.0,B,0.9,1.0,False,False,False,False,False,False,False,False,False,MAINTAIN — watch utilisation; no increase without a clean review,560000000.0,,"ACADEMIC SIMULATION — not actual trades. Scores: illustrative logistic model trained on SYNTHETIC data, computed from information dated on or before each row's date"
2022-03-22,True,BUY_MUN_01,Kandla Metal Industries Pvt Ltd (SIM),BUYER,650000000.0,"credit exposure = receivable + contracted-not-invoiced not covered by an advance (desk limit definition, P04 basis, evaluated daily) vs credit_limit_inr",0.0,0.0,0.0,0.0,0.0,0.0,0.0,0.0,0.0,0.0,0.0,0.0,0.0,8.0,28.55030801,0.0,0.0,0.0,0.00408982,A,0.0,A,1.0,1.0,False,False,False,False,False,False,False,False,False,MAINTAIN — eligible for a limit increase at the next review,650000000.0,,"ACADEMIC SIMULATION — not actual trades. Scores: illustrative logistic model trained on SYNTHETIC data, computed from information dated on or before each row's date"
2022-03-22,True,BUY_RJK_01,Saurashtra Castings and Alloys Pvt Ltd (SIM),BUYER,120000000.0,"credit exposure = receivable + contracted-not-invoiced not covered by an advance (desk limit definition, P04 basis, evaluated daily) vs credit_limit_inr",0.0,0.0,0.0,0.0,0.0,0.0,0.0,0.0,0.0,0.0,0.0,0.0,0.0,37.0,13.37166324,0.0,0.0,0.0,0.01853391,A,0.0,A,1.0,1.0,False,False,False,False,False,False,False,False,False,MAINTAIN — eligible for a limit increase at the next review,120000000.0,,"ACADEMIC SIMULATION — not actual trades. Scores: illustrative logistic model trained on SYNTHETIC data, computed from information dated on or before each row's date"
2022-03-22,True,SUP_JEA_01,Khaleej Metal Resources FZE (SIM),SUPPLIER,45671880.0,claims/refunds owed by supplier (P3 supplier_exposure_inr) vs claims_exposure_limit_usd x usdinr,,,,,,0.0,0.0,,,,,,,,,,,,,NOT_SCORED,,NOT_SCORED,,,False,False,False,False,False,False,False,False,False,NOT_SCORED — the buyer default model does not describe supplier claims risk; limit monitored only,,,ACADEMIC SIMULATION — not actual trades
2022-03-22,True,SUP_USEC_01,Tidewater Recycling Corp (SIM),SUPPLIER,68507820.0,claims/refunds owed by supplier (P3 supplier_exposure_inr) vs claims_exposure_limit_usd x usdinr,,,,,,0.0,0.0,,,,,,,,,,,,,NOT_SCORED,,NOT_SCORED,,,False,False,False,False,False,False,False,False,False,NOT_SCORED — the buyer default model does not describe supplier claims risk; limit monitored only,,,ACADEMIC SIMULATION — not actual trades
2022-03-22,True,SUP_USEC_02,Delaware Bay Metals LLC (SIM),SUPPLIER,30447920.0,claims/refunds owed by supplier (P3 supplier_exposure_inr) vs claims_exposure_limit_usd x usdinr,,,,,,0.0,0.0,,,,,,,,,,,,,NOT_SCORED,,NOT_SCORED,,,False,False,False,False,False,False,False,False,False,NOT_SCORED — the buyer default model does not describe supplier claims risk; limit monitored only,,,ACADEMIC SIMULATION — not actual trades
2022-03-23,True,BUY_JNPT_01,Taloja Alloys and Smelters Pvt Ltd (SIM),BUYER,560000000.0,"credit exposure = receivable + contracted-not-invoiced not covered by an advance (desk limit definition, P04 basis, evaluated daily) vs credit_limit_inr",0.0,262752281.1419,262752281.1419,0.0,262752281.1419,262752281.1419,0.4692005,0.0,0.4692005,0.4692005,0.0,0.0,0.4692005,19.0,35.25256674,0.02961459,0.0,0.4692005,0.02451114,B,0.0,B,0.9,1.0,False,False,False,False,False,False,False,False,False,MAINTAIN — watch utilisation; no increase without a clean review,560000000.0,,"ACADEMIC SIMULATION — not actual trades. Scores: illustrative logistic model trained on SYNTHETIC data, computed from information dated on or before each row's date"
2022-03-23,True,BUY_MUN_01,Kandla Metal Industries Pvt Ltd (SIM),BUYER,650000000.0,"credit exposure = receivable + contracted-not-invoiced not covered by an advance (desk limit definition, P04 basis, evaluated daily) vs credit_limit_inr",0.0,0.0,0.0,0.0,0.0,0.0,0.0,0.0,0.0,0.0,0.0,0.0,0.0,8.0,28.58316222,0.0,0.0,0.0,0.00408726,A,0.0,A,1.0,1.0,False,False,False,False,False,False,False,False,False,MAINTAIN — eligible for a limit increase at the next review,650000000.0,,"ACADEMIC SIMULATION — not actual trades. Scores: illustrative logistic model trained on SYNTHETIC data, computed from information dated on or before each row's date"
2022-03-23,True,BUY_RJK_01,Saurashtra Castings and Alloys Pvt Ltd (SIM),BUYER,120000000.0,"credit exposure = receivable + contracted-not-invoiced not covered by an advance (desk limit definition, P04 basis, evaluated daily) vs credit_limit_inr",0.0,0.0,0.0,0.0,0.0,0.0,0.0,0.0,0.0,0.0,0.0,0.0,0.0,37.0,13.40451745,0.0,0.0,0.0,0.01852246,A,0.0,A,1.0,1.0,False,False,False,False,False,False,False,False,False,MAINTAIN — eligible for a limit increase at the next review,120000000.0,,"ACADEMIC SIMULATION — not actual trades. Scores: illustrative logistic model trained on SYNTHETIC data, computed from information dated on or before each row's date"
2022-03-23,True,SUP_JEA_01,Khaleej Metal Resources FZE (SIM),SUPPLIER,45862980.0,claims/refunds owed by supplier (P3 supplier_exposure_inr) vs claims_exposure_limit_usd x usdinr,,,,,,0.0,0.0,,,,,,,,,,,,,NOT_SCORED,,NOT_SCORED,,,False,False,False,False,False,False,False,False,False,NOT_SCORED — the buyer default model does not describe supplier claims risk; limit monitored only,,,ACADEMIC SIMULATION — not actual trades
2022-03-23,True,SUP_USEC_01,Tidewater Recycling Corp (SIM),SUPPLIER,68794470.0,claims/refunds owed by supplier (P3 supplier_exposure_inr) vs claims_exposure_limit_usd x usdinr,,,,,,0.0,0.0,,,,,,,,,,,,,NOT_SCORED,,NOT_SCORED,,,False,False,False,False,False,False,False,False,False,NOT_SCORED — the buyer default model does not describe supplier claims risk; limit monitored only,,,ACADEMIC SIMULATION — not actual trades
2022-03-23,True,SUP_USEC_02,Delaware Bay Metals LLC (SIM),SUPPLIER,30575320.0,claims/refunds owed by supplier (P3 supplier_exposure_inr) vs claims_exposure_limit_usd x usdinr,,,,,,0.0,0.0,,,,,,,,,,,,,NOT_SCORED,,NOT_SCORED,,,False,False,False,False,False,False,False,False,False,NOT_SCORED — the buyer default model does not describe supplier claims risk; limit monitored only,,,ACADEMIC SIMULATION — not actual trades
2022-03-24,True,BUY_JNPT_01,Taloja Alloys and Smelters Pvt Ltd (SIM),BUYER,560000000.0,"credit exposure = receivable + contracted-not-invoiced not covered by an advance (desk limit definition, P04 basis, evaluated daily) vs credit_limit_inr",0.0,272073502.0192,272073502.0192,0.0,272073502.0192,272073502.0192,0.48584554,0.0,0.48584554,0.48584554,0.0,0.0,0.48584554,19.0,35.28542094,0.02961459,0.0,0.48584554,0.02570693,B,0.0,B,0.9,1.0,False,False,False,False,False,False,False,False,False,MAINTAIN — watch utilisation; no increase without a clean review,560000000.0,,"ACADEMIC SIMULATION — not actual trades. Scores: illustrative logistic model trained on SYNTHETIC data, computed from information dated on or before each row's date"
2022-03-24,True,BUY_MUN_01,Kandla Metal Industries Pvt Ltd (SIM),BUYER,650000000.0,"credit exposure = receivable + contracted-not-invoiced not covered by an advance (desk limit definition, P04 basis, evaluated daily) vs credit_limit_inr",0.0,0.0,0.0,0.0,0.0,0.0,0.0,0.0,0.0,0.0,0.0,0.0,0.0,8.0,28.61601643,0.0,0.0,0.0,0.0040847,A,0.0,A,1.0,1.0,False,False,False,False,False,False,False,False,False,MAINTAIN — eligible for a limit increase at the next review,650000000.0,,"ACADEMIC SIMULATION — not actual trades. Scores: illustrative logistic model trained on SYNTHETIC data, computed from information dated on or before each row's date"
2022-03-24,True,BUY_RJK_01,Saurashtra Castings and Alloys Pvt Ltd (SIM),BUYER,120000000.0,"credit exposure = receivable + contracted-not-invoiced not covered by an advance (desk limit definition, P04 basis, evaluated daily) vs credit_limit_inr",0.0,0.0,0.0,0.0,0.0,0.0,0.0,0.0,0.0,0.0,0.0,0.0,0.0,37.0,13.43737166,0.0,0.0,0.0,0.01851101,A,0.0,A,1.0,1.0,False,False,False,False,False,False,False,False,False,MAINTAIN — eligible for a limit increase at the next review,120000000.0,,"ACADEMIC SIMULATION — not actual trades. Scores: illustrative logistic model trained on SYNTHETIC data, computed from information dated on or before each row's date"
2022-03-24,True,SUP_JEA_01,Khaleej Metal Resources FZE (SIM),SUPPLIER,45843840.0,claims/refunds owed by supplier (P3 supplier_exposure_inr) vs claims_exposure_limit_usd x usdinr,,,,,,0.0,0.0,,,,,,,,,,,,,NOT_SCORED,,NOT_SCORED,,,False,False,False,False,False,False,False,False,False,NOT_SCORED — the buyer default model does not describe supplier claims risk; limit monitored only,,,ACADEMIC SIMULATION — not actual trades
2022-03-24,True,SUP_USEC_01,Tidewater Recycling Corp (SIM),SUPPLIER,68765760.0,claims/refunds owed by supplier (P3 supplier_exposure_inr) vs claims_exposure_limit_usd x usdinr,,,,,,0.0,0.0,,,,,,,,,,,,,NOT_SCORED,,NOT_SCORED,,,False,False,False,False,False,False,False,False,False,NOT_SCORED — the buyer default model does not describe supplier claims risk; limit monitored only,,,ACADEMIC SIMULATION — not actual trades
2022-03-24,True,SUP_USEC_02,Delaware Bay Metals LLC (SIM),SUPPLIER,30562560.0,claims/refunds owed by supplier (P3 supplier_exposure_inr) vs claims_exposure_limit_usd x usdinr,,,,,,0.0,0.0,,,,,,,,,,,,,NOT_SCORED,,NOT_SCORED,,,False,False,False,False,False,False,False,False,False,NOT_SCORED — the buyer default model does not describe supplier claims risk; limit monitored only,,,ACADEMIC SIMULATION — not actual trades
2022-03-25,True,BUY_JNPT_01,Taloja Alloys and Smelters Pvt Ltd (SIM),BUYER,560000000.0,"credit exposure = receivable + contracted-not-invoiced not covered by an advance (desk limit definition, P04 basis, evaluated daily) vs credit_limit_inr",0.0,263719291.4161,263719291.4161,0.0,263719291.4161,263719291.4161,0.47092731,0.0,0.47092731,0.47092731,0.0,0.0,0.48584554,19.0,35.31827515,0.02961459,0.0,0.48584554,0.02569117,B,0.0,B,0.9,1.0,False,False,False,False,False,False,False,False,False,MAINTAIN — watch utilisation; no increase without a clean review,560000000.0,,"ACADEMIC SIMULATION — not actual trades. Scores: illustrative logistic model trained on SYNTHETIC data, computed from information dated on or before each row's date"
2022-03-25,True,BUY_MUN_01,Kandla Metal Industries Pvt Ltd (SIM),BUYER,650000000.0,"credit exposure = receivable + contracted-not-invoiced not covered by an advance (desk limit definition, P04 basis, evaluated daily) vs credit_limit_inr",0.0,0.0,0.0,0.0,0.0,0.0,0.0,0.0,0.0,0.0,0.0,0.0,0.0,8.0,28.64887064,0.0,0.0,0.0,0.00408214,A,0.0,A,1.0,1.0,False,False,False,False,False,False,False,False,False,MAINTAIN — eligible for a limit increase at the next review,650000000.0,,"ACADEMIC SIMULATION — not actual trades. Scores: illustrative logistic model trained on SYNTHETIC data, computed from information dated on or before each row's date"
2022-03-25,True,BUY_RJK_01,Saurashtra Castings and Alloys Pvt Ltd (SIM),BUYER,120000000.0,"credit exposure = receivable + contracted-not-invoiced not covered by an advance (desk limit definition, P04 basis, evaluated daily) vs credit_limit_inr",0.0,0.0,0.0,0.0,0.0,0.0,0.0,0.0,0.0,0.0,0.0,0.0,0.0,37.0,13.47022587,0.0,0.0,0.0,0.01849958,A,0.0,A,1.0,1.0,False,False,False,False,False,False,False,False,False,MAINTAIN — eligible for a limit increase at the next review,120000000.0,,"ACADEMIC SIMULATION — not actual trades. Scores: illustrative logistic model trained on SYNTHETIC data, computed from information dated on or before each row's date"
2022-03-25,True,SUP_JEA_01,Khaleej Metal Resources FZE (SIM),SUPPLIER,45713580.0,claims/refunds owed by supplier (P3 supplier_exposure_inr) vs claims_exposure_limit_usd x usdinr,,,,,,0.0,0.0,,,,,,,,,,,,,NOT_SCORED,,NOT_SCORED,,,False,False,False,False,False,False,False,False,False,NOT_SCORED — the buyer default model does not describe supplier claims risk; limit monitored only,,,ACADEMIC SIMULATION — not actual trades
2022-03-25,True,SUP_USEC_01,Tidewater Recycling Corp (SIM),SUPPLIER,68570370.0,claims/refunds owed by supplier (P3 supplier_exposure_inr) vs claims_exposure_limit_usd x usdinr,,,,,,0.0,0.0,,,,,,,,,,,,,NOT_SCORED,,NOT_SCORED,,,False,False,False,False,False,False,False,False,False,NOT_SCORED — the buyer default model does not describe supplier claims risk; limit monitored only,,,ACADEMIC SIMULATION — not actual trades
2022-03-25,True,SUP_USEC_02,Delaware Bay Metals LLC (SIM),SUPPLIER,30475720.0,claims/refunds owed by supplier (P3 supplier_exposure_inr) vs claims_exposure_limit_usd x usdinr,,,,,,0.0,0.0,,,,,,,,,,,,,NOT_SCORED,,NOT_SCORED,,,False,False,False,False,False,False,False,False,False,NOT_SCORED — the buyer default model does not describe supplier claims risk; limit monitored only,,,ACADEMIC SIMULATION — not actual trades
2022-03-28,True,BUY_JNPT_01,Taloja Alloys and Smelters Pvt Ltd (SIM),BUYER,560000000.0,"credit exposure = receivable + contracted-not-invoiced not covered by an advance (desk limit definition, P04 basis, evaluated daily) vs credit_limit_inr",0.0,265448646.5496,265448646.5496,0.0,265448646.5496,265448646.5496,0.47401544,0.0,0.47401544,0.47401544,0.0,0.0,0.48584554,19.0,35.41683778,0.02961459,0.0,0.48584554,0.02564393,B,0.0,B,0.9,1.0,False,False,False,False,False,False,False,False,False,MAINTAIN — watch utilisation; no increase without a clean review,560000000.0,,"ACADEMIC SIMULATION — not actual trades. Scores: illustrative logistic model trained on SYNTHETIC data, computed from information dated on or before each row's date"
2022-03-28,True,BUY_MUN_01,Kandla Metal Industries Pvt Ltd (SIM),BUYER,650000000.0,"credit exposure = receivable + contracted-not-invoiced not covered by an advance (desk limit definition, P04 basis, evaluated daily) vs credit_limit_inr",0.0,0.0,0.0,0.0,0.0,0.0,0.0,0.0,0.0,0.0,0.0,0.0,0.0,8.0,28.74743326,0.0,0.0,0.0,0.00407446,A,0.0,A,1.0,1.0,False,False,False,False,False,False,False,False,False,MAINTAIN — eligible for a limit increase at the next review,650000000.0,,"ACADEMIC SIMULATION — not actual trades. Scores: illustrative logistic model trained on SYNTHETIC data, computed from information dated on or before each row's date"
2022-03-28,True,BUY_RJK_01,Saurashtra Castings and Alloys Pvt Ltd (SIM),BUYER,120000000.0,"credit exposure = receivable + contracted-not-invoiced not covered by an advance (desk limit definition, P04 basis, evaluated daily) vs credit_limit_inr",0.0,0.0,0.0,0.0,0.0,0.0,0.0,0.0,0.0,0.0,0.0,0.0,0.0,37.0,13.5687885,0.0,0.0,0.0,0.01846531,A,0.0,A,1.0,1.0,False,False,False,False,False,False,False,False,False,MAINTAIN — eligible for a limit increase at the next review,120000000.0,,"ACADEMIC SIMULATION — not actual trades. Scores: illustrative logistic model trained on SYNTHETIC data, computed from information dated on or before each row's date"
2022-03-28,True,SUP_JEA_01,Khaleej Metal Resources FZE (SIM),SUPPLIER,45677100.0,claims/refunds owed by supplier (P3 supplier_exposure_inr) vs claims_exposure_limit_usd x usdinr,,,,,,0.0,0.0,,,,,,,,,,,,,NOT_SCORED,,NOT_SCORED,,,False,False,False,False,False,False,False,False,False,NOT_SCORED — the buyer default model does not describe supplier claims risk; limit monitored only,,,ACADEMIC SIMULATION — not actual trades
2022-03-28,True,SUP_USEC_01,Tidewater Recycling Corp (SIM),SUPPLIER,68515650.0,claims/refunds owed by supplier (P3 supplier_exposure_inr) vs claims_exposure_limit_usd x usdinr,,,,,,0.0,0.0,,,,,,,,,,,,,NOT_SCORED,,NOT_SCORED,,,False,False,False,False,False,False,False,False,False,NOT_SCORED — the buyer default model does not describe supplier claims risk; limit monitored only,,,ACADEMIC SIMULATION — not actual trades
2022-03-28,True,SUP_USEC_02,Delaware Bay Metals LLC (SIM),SUPPLIER,30451400.0,claims/refunds owed by supplier (P3 supplier_exposure_inr) vs claims_exposure_limit_usd x usdinr,,,,,,0.0,0.0,,,,,,,,,,,,,NOT_SCORED,,NOT_SCORED,,,False,False,False,False,False,False,False,False,False,NOT_SCORED — the buyer default model does not describe supplier claims risk; limit monitored only,,,ACADEMIC SIMULATION — not actual trades
2022-03-29,True,BUY_JNPT_01,Taloja Alloys and Smelters Pvt Ltd (SIM),BUYER,560000000.0,"credit exposure = receivable + contracted-not-invoiced not covered by an advance (desk limit definition, P04 basis, evaluated daily) vs credit_limit_inr",0.0,261704555.0192,261704555.0192,0.0,261704555.0192,261704555.0192,0.46732956,0.0,0.46732956,0.46732956,0.0,0.0,0.48584554,19.0,35.44969199,0.02961459,0.0,0.48584554,0.0256282,B,0.0,B,0.9,1.0,False,False,False,False,False,False,False,False,False,MAINTAIN — watch utilisation; no increase without a clean review,560000000.0,,"ACADEMIC SIMULATION — not actual trades. Scores: illustrative logistic model trained on SYNTHETIC data, computed from information dated on or before each row's date"
2022-03-29,True,BUY_MUN_01,Kandla Metal Industries Pvt Ltd (SIM),BUYER,650000000.0,"credit exposure = receivable + contracted-not-invoiced not covered by an advance (desk limit definition, P04 basis, evaluated daily) vs credit_limit_inr",0.0,0.0,0.0,0.0,0.0,0.0,0.0,0.0,0.0,0.0,0.0,0.0,0.0,8.0,28.78028747,0.0,0.0,0.0,0.00407191,A,0.0,A,1.0,1.0,False,False,False,False,False,False,False,False,False,MAINTAIN — eligible for a limit increase at the next review,650000000.0,,"ACADEMIC SIMULATION — not actual trades. Scores: illustrative logistic model trained on SYNTHETIC data, computed from information dated on or before each row's date"
2022-03-29,True,BUY_RJK_01,Saurashtra Castings and Alloys Pvt Ltd (SIM),BUYER,120000000.0,"credit exposure = receivable + contracted-not-invoiced not covered by an advance (desk limit definition, P04 basis, evaluated daily) vs credit_limit_inr",0.0,0.0,0.0,0.0,0.0,0.0,0.0,0.0,0.0,0.0,0.0,0.0,0.0,37.0,13.60164271,0.0,0.0,0.0,0.01845391,A,0.0,A,1.0,1.0,False,False,False,False,False,False,False,False,False,MAINTAIN — eligible for a limit increase at the next review,120000000.0,,"ACADEMIC SIMULATION — not actual trades. Scores: illustrative logistic model trained on SYNTHETIC data, computed from information dated on or before each row's date"
2022-03-29,True,SUP_JEA_01,Khaleej Metal Resources FZE (SIM),SUPPLIER,45449820.0,claims/refunds owed by supplier (P3 supplier_exposure_inr) vs claims_exposure_limit_usd x usdinr,,,,,,0.0,0.0,,,,,,,,,,,,,NOT_SCORED,,NOT_SCORED,,,False,False,False,False,False,False,False,False,False,NOT_SCORED — the buyer default model does not describe supplier claims risk; limit monitored only,,,ACADEMIC SIMULATION — not actual trades
2022-03-29,True,SUP_USEC_01,Tidewater Recycling Corp (SIM),SUPPLIER,68174730.0,claims/refunds owed by supplier (P3 supplier_exposure_inr) vs claims_exposure_limit_usd x usdinr,,,,,,0.0,0.0,,,,,,,,,,,,,NOT_SCORED,,NOT_SCORED,,,False,False,False,False,False,False,False,False,False,NOT_SCORED — the buyer default model does not describe supplier claims risk; limit monitored only,,,ACADEMIC SIMULATION — not actual trades
2022-03-29,True,SUP_USEC_02,Delaware Bay Metals LLC (SIM),SUPPLIER,30299880.0,claims/refunds owed by supplier (P3 supplier_exposure_inr) vs claims_exposure_limit_usd x usdinr,,,,,,0.0,0.0,,,,,,,,,,,,,NOT_SCORED,,NOT_SCORED,,,False,False,False,False,False,False,False,False,False,NOT_SCORED — the buyer default model does not describe supplier claims risk; limit monitored only,,,ACADEMIC SIMULATION — not actual trades
2022-03-30,True,BUY_JNPT_01,Taloja Alloys and Smelters Pvt Ltd (SIM),BUYER,560000000.0,"credit exposure = receivable + contracted-not-invoiced not covered by an advance (desk limit definition, P04 basis, evaluated daily) vs credit_limit_inr",0.0,255269877.106,255269877.106,0.0,255269877.106,255269877.106,0.45583907,0.0,0.45583907,0.45583907,0.0,0.0,0.48584554,19.0,35.4825462,0.02961459,0.0,0.48584554,0.02561248,B,0.0,B,0.9,1.0,False,False,False,False,False,False,False,False,False,MAINTAIN — watch utilisation; no increase without a clean review,560000000.0,,"ACADEMIC SIMULATION — not actual trades. Scores: illustrative logistic model trained on SYNTHETIC data, computed from information dated on or before each row's date"
2022-03-30,True,BUY_MUN_01,Kandla Metal Industries Pvt Ltd (SIM),BUYER,650000000.0,"credit exposure = receivable + contracted-not-invoiced not covered by an advance (desk limit definition, P04 basis, evaluated daily) vs credit_limit_inr",0.0,0.0,0.0,0.0,0.0,0.0,0.0,0.0,0.0,0.0,0.0,0.0,0.0,8.0,28.81314168,0.0,0.0,0.0,0.00406936,A,0.0,A,1.0,1.0,False,False,False,False,False,False,False,False,False,MAINTAIN — eligible for a limit increase at the next review,650000000.0,,"ACADEMIC SIMULATION — not actual trades. Scores: illustrative logistic model trained on SYNTHETIC data, computed from information dated on or before each row's date"
2022-03-30,True,BUY_RJK_01,Saurashtra Castings and Alloys Pvt Ltd (SIM),BUYER,120000000.0,"credit exposure = receivable + contracted-not-invoiced not covered by an advance (desk limit definition, P04 basis, evaluated daily) vs credit_limit_inr",0.0,0.0,0.0,0.0,0.0,0.0,0.0,0.0,0.0,0.0,0.0,0.0,0.0,37.0,13.63449692,0.0,0.0,0.0,0.01844251,A,0.0,A,1.0,1.0,False,False,False,False,False,False,False,False,False,MAINTAIN — eligible for a limit increase at the next review,120000000.0,,"ACADEMIC SIMULATION — not actual trades. Scores: illustrative logistic model trained on SYNTHETIC data, computed from information dated on or before each row's date"
2022-03-30,True,SUP_JEA_01,Khaleej Metal Resources FZE (SIM),SUPPLIER,45504240.0,claims/refunds owed by supplier (P3 supplier_exposure_inr) vs claims_exposure_limit_usd x usdinr,,,,,,0.0,0.0,,,,,,,,,,,,,NOT_SCORED,,NOT_SCORED,,,False,False,False,False,False,False,False,False,False,NOT_SCORED — the buyer default model does not describe supplier claims risk; limit monitored only,,,ACADEMIC SIMULATION — not actual trades
2022-03-30,True,SUP_USEC_01,Tidewater Recycling Corp (SIM),SUPPLIER,68256360.0,claims/refunds owed by supplier (P3 supplier_exposure_inr) vs claims_exposure_limit_usd x usdinr,,,,,,0.0,0.0,,,,,,,,,,,,,NOT_SCORED,,NOT_SCORED,,,False,False,False,False,False,False,False,False,False,NOT_SCORED — the buyer default model does not describe supplier claims risk; limit monitored only,,,ACADEMIC SIMULATION — not actual trades
2022-03-30,True,SUP_USEC_02,Delaware Bay Metals LLC (SIM),SUPPLIER,30336160.0,claims/refunds owed by supplier (P3 supplier_exposure_inr) vs claims_exposure_limit_usd x usdinr,,,,,,0.0,0.0,,,,,,,,,,,,,NOT_SCORED,,NOT_SCORED,,,False,False,False,False,False,False,False,False,False,NOT_SCORED — the buyer default model does not describe supplier claims risk; limit monitored only,,,ACADEMIC SIMULATION — not actual trades
2022-03-31,True,BUY_JNPT_01,Taloja Alloys and Smelters Pvt Ltd (SIM),BUYER,560000000.0,"credit exposure = receivable + contracted-not-invoiced not covered by an advance (desk limit definition, P04 basis, evaluated daily) vs credit_limit_inr",0.0,254572154.6757,254572154.6757,0.0,254572154.6757,254572154.6757,0.45459313,0.0,0.45459313,0.45459313,0.0,0.0,0.48584554,19.0,35.51540041,0.02961459,0.0,0.48584554,0.02559678,B,0.0,B,0.9,1.0,False,False,False,False,False,False,False,False,False,MAINTAIN — watch utilisation; no increase without a clean review,560000000.0,,"ACADEMIC SIMULATION — not actual trades. Scores: illustrative logistic model trained on SYNTHETIC data, computed from information dated on or before each row's date"
2022-03-31,True,BUY_MUN_01,Kandla Metal Industries Pvt Ltd (SIM),BUYER,650000000.0,"credit exposure = receivable + contracted-not-invoiced not covered by an advance (desk limit definition, P04 basis, evaluated daily) vs credit_limit_inr",0.0,0.0,0.0,0.0,0.0,0.0,0.0,0.0,0.0,0.0,0.0,0.0,0.0,8.0,28.84599589,0.0,0.0,0.0,0.00406681,A,0.0,A,1.0,1.0,False,False,False,False,False,False,False,False,False,MAINTAIN — eligible for a limit increase at the next review,650000000.0,,"ACADEMIC SIMULATION — not actual trades. Scores: illustrative logistic model trained on SYNTHETIC data, computed from information dated on or before each row's date"
2022-03-31,True,BUY_RJK_01,Saurashtra Castings and Alloys Pvt Ltd (SIM),BUYER,120000000.0,"credit exposure = receivable + contracted-not-invoiced not covered by an advance (desk limit definition, P04 basis, evaluated daily) vs credit_limit_inr",0.0,0.0,0.0,0.0,0.0,0.0,0.0,0.0,0.0,0.0,0.0,0.0,0.0,37.0,13.66735113,0.0,0.0,0.0,0.01843111,A,0.0,A,1.0,1.0,False,False,False,False,False,False,False,False,False,MAINTAIN — eligible for a limit increase at the next review,120000000.0,,"ACADEMIC SIMULATION — not actual trades. Scores: illustrative logistic model trained on SYNTHETIC data, computed from information dated on or before each row's date"
2022-03-31,True,SUP_JEA_01,Khaleej Metal Resources FZE (SIM),SUPPLIER,45473759.99999999,claims/refunds owed by supplier (P3 supplier_exposure_inr) vs claims_exposure_limit_usd x usdinr,,,,,,0.0,0.0,,,,,,,,,,,,,NOT_SCORED,,NOT_SCORED,,,False,False,False,False,False,False,False,False,False,NOT_SCORED — the buyer default model does not describe supplier claims risk; limit monitored only,,,ACADEMIC SIMULATION — not actual trades
2022-03-31,True,SUP_USEC_01,Tidewater Recycling Corp (SIM),SUPPLIER,68210640.0,claims/refunds owed by supplier (P3 supplier_exposure_inr) vs claims_exposure_limit_usd x usdinr,,,,,,0.0,0.0,,,,,,,,,,,,,NOT_SCORED,,NOT_SCORED,,,False,False,False,False,False,False,False,False,False,NOT_SCORED — the buyer default model does not describe supplier claims risk; limit monitored only,,,ACADEMIC SIMULATION — not actual trades
2022-03-31,True,SUP_USEC_02,Delaware Bay Metals LLC (SIM),SUPPLIER,30315840.0,claims/refunds owed by supplier (P3 supplier_exposure_inr) vs claims_exposure_limit_usd x usdinr,,,,,,0.0,0.0,,,,,,,,,,,,,NOT_SCORED,,NOT_SCORED,,,False,False,False,False,False,False,False,False,False,NOT_SCORED — the buyer default model does not describe supplier claims risk; limit monitored only,,,ACADEMIC SIMULATION — not actual trades
2022-04-01,True,BUY_JNPT_01,Taloja Alloys and Smelters Pvt Ltd (SIM),BUYER,560000000.0,"credit exposure = receivable + contracted-not-invoiced not covered by an advance (desk limit definition, P04 basis, evaluated daily) vs credit_limit_inr",0.0,253600811.8329,253600811.8329,0.0,253600811.8329,253600811.8329,0.45285859,0.0,0.45285859,0.45285859,0.0,0.0,0.48584554,19.0,35.54825462,0.02961459,0.0,0.48584554,0.02558108,B,0.0,B,0.9,1.0,False,False,False,False,False,False,False,False,False,MAINTAIN — watch utilisation; no increase without a clean review,560000000.0,,"ACADEMIC SIMULATION — not actual trades. Scores: illustrative logistic model trained on SYNTHETIC data, computed from information dated on or before each row's date"
2022-04-01,True,BUY_MUN_01,Kandla Metal Industries Pvt Ltd (SIM),BUYER,650000000.0,"credit exposure = receivable + contracted-not-invoiced not covered by an advance (desk limit definition, P04 basis, evaluated daily) vs credit_limit_inr",0.0,0.0,0.0,0.0,0.0,0.0,0.0,0.0,0.0,0.0,0.0,0.0,0.0,8.0,28.8788501,0.0,0.0,0.0,0.00406426,A,0.0,A,1.0,1.0,False,False,False,False,False,False,False,False,False,MAINTAIN — eligible for a limit increase at the next review,650000000.0,,"ACADEMIC SIMULATION — not actual trades. Scores: illustrative logistic model trained on SYNTHETIC data, computed from information dated on or before each row's date"
2022-04-01,True,BUY_RJK_01,Saurashtra Castings and Alloys Pvt Ltd (SIM),BUYER,120000000.0,"credit exposure = receivable + contracted-not-invoiced not covered by an advance (desk limit definition, P04 basis, evaluated daily) vs credit_limit_inr",0.0,0.0,0.0,0.0,0.0,0.0,0.0,0.0,0.0,0.0,0.0,0.0,0.0,37.0,13.70020534,0.0,0.0,0.0,0.01841972,A,0.0,A,1.0,1.0,False,False,False,False,False,False,False,False,False,MAINTAIN — eligible for a limit increase at the next review,120000000.0,,"ACADEMIC SIMULATION — not actual trades. Scores: illustrative logistic model trained on SYNTHETIC data, computed from information dated on or before each row's date"
2022-04-01,True,SUP_JEA_01,Khaleej Metal Resources FZE (SIM),SUPPLIER,45594300.0,claims/refunds owed by supplier (P3 supplier_exposure_inr) vs claims_exposure_limit_usd x usdinr,,,,,,0.0,0.0,,,,,,,,,,,,,NOT_SCORED,,NOT_SCORED,,,False,False,False,False,False,False,False,False,False,NOT_SCORED — the buyer default model does not describe supplier claims risk; limit monitored only,,,ACADEMIC SIMULATION — not actual trades
2022-04-01,True,SUP_USEC_01,Tidewater Recycling Corp (SIM),SUPPLIER,68391450.0,claims/refunds owed by supplier (P3 supplier_exposure_inr) vs claims_exposure_limit_usd x usdinr,,,,,,0.0,0.0,,,,,,,,,,,,,NOT_SCORED,,NOT_SCORED,,,False,False,False,False,False,False,False,False,False,NOT_SCORED — the buyer default model does not describe supplier claims risk; limit monitored only,,,ACADEMIC SIMULATION — not actual trades
2022-04-01,True,SUP_USEC_02,Delaware Bay Metals LLC (SIM),SUPPLIER,30396200.0,claims/refunds owed by supplier (P3 supplier_exposure_inr) vs claims_exposure_limit_usd x usdinr,,,,,,0.0,0.0,,,,,,,,,,,,,NOT_SCORED,,NOT_SCORED,,,False,False,False,False,False,False,False,False,False,NOT_SCORED — the buyer default model does not describe supplier claims risk; limit monitored only,,,ACADEMIC SIMULATION — not actual trades
2022-04-04,True,BUY_JNPT_01,Taloja Alloys and Smelters Pvt Ltd (SIM),BUYER,560000000.0,"credit exposure = receivable + contracted-not-invoiced not covered by an advance (desk limit definition, P04 basis, evaluated daily) vs credit_limit_inr",0.0,248060887.0099,248060887.0099,0.0,248060887.0099,248060887.0099,0.44296587,0.0,0.44296587,0.44296587,0.0,0.0,0.48584554,19.0,35.64681725,0.02961459,0.0,0.48584554,0.02553404,B,0.0,B,0.9,1.0,False,False,False,False,False,False,False,False,False,MAINTAIN — watch utilisation; no increase without a clean review,560000000.0,,"ACADEMIC SIMULATION — not actual trades. Scores: illustrative logistic model trained on SYNTHETIC data, computed from information dated on or before each row's date"
2022-04-04,True,BUY_MUN_01,Kandla Metal Industries Pvt Ltd (SIM),BUYER,650000000.0,"credit exposure = receivable + contracted-not-invoiced not covered by an advance (desk limit definition, P04 basis, evaluated daily) vs credit_limit_inr",0.0,0.0,0.0,0.0,0.0,0.0,0.0,0.0,0.0,0.0,0.0,0.0,0.0,8.0,28.97741273,0.0,0.0,0.0,0.00405662,A,0.0,A,1.0,1.0,False,False,False,False,False,False,False,False,False,MAINTAIN — eligible for a limit increase at the next review,650000000.0,,"ACADEMIC SIMULATION — not actual trades. Scores: illustrative logistic model trained on SYNTHETIC data, computed from information dated on or before each row's date"
2022-04-04,True,BUY_RJK_01,Saurashtra Castings and Alloys Pvt Ltd (SIM),BUYER,120000000.0,"credit exposure = receivable + contracted-not-invoiced not covered by an advance (desk limit definition, P04 basis, evaluated daily) vs credit_limit_inr",0.0,0.0,0.0,0.0,0.0,0.0,0.0,0.0,0.0,0.0,0.0,0.0,0.0,37.0,13.79876797,0.0,0.0,0.0,0.0183856,A,0.0,A,1.0,1.0,False,False,False,False,False,False,False,False,False,MAINTAIN — eligible for a limit increase at the next review,120000000.0,,"ACADEMIC SIMULATION — not actual trades. Scores: illustrative logistic model trained on SYNTHETIC data, computed from information dated on or before each row's date"
2022-04-04,True,SUP_JEA_01,Khaleej Metal Resources FZE (SIM),SUPPLIER,45316500.0,claims/refunds owed by supplier (P3 supplier_exposure_inr) vs claims_exposure_limit_usd x usdinr,,,,,,0.0,0.0,,,,,,,,,,,,,NOT_SCORED,,NOT_SCORED,,,False,False,False,False,False,False,False,False,False,NOT_SCORED — the buyer default model does not describe supplier claims risk; limit monitored only,,,ACADEMIC SIMULATION — not actual trades
2022-04-04,True,SUP_USEC_01,Tidewater Recycling Corp (SIM),SUPPLIER,67974750.0,claims/refunds owed by supplier (P3 supplier_exposure_inr) vs claims_exposure_limit_usd x usdinr,,,,,,0.0,0.0,,,,,,,,,,,,,NOT_SCORED,,NOT_SCORED,,,False,False,False,False,False,False,False,False,False,NOT_SCORED — the buyer default model does not describe supplier claims risk; limit monitored only,,,ACADEMIC SIMULATION — not actual trades
2022-04-04,True,SUP_USEC_02,Delaware Bay Metals LLC (SIM),SUPPLIER,30211000.0,claims/refunds owed by supplier (P3 supplier_exposure_inr) vs claims_exposure_limit_usd x usdinr,,,,,,0.0,0.0,,,,,,,,,,,,,NOT_SCORED,,NOT_SCORED,,,False,False,False,False,False,False,False,False,False,NOT_SCORED — the buyer default model does not describe supplier claims risk; limit monitored only,,,ACADEMIC SIMULATION — not actual trades
2022-04-05,True,BUY_JNPT_01,Taloja Alloys and Smelters Pvt Ltd (SIM),BUYER,560000000.0,"credit exposure = receivable + contracted-not-invoiced not covered by an advance (desk limit definition, P04 basis, evaluated daily) vs credit_limit_inr",0.0,244630439.1562,244630439.1562,0.0,244630439.1562,244630439.1562,0.43684007,0.0,0.43684007,0.43684007,0.0,0.0,0.48584554,19.0,35.67967146,0.02961459,0.0,0.48584554,0.02551838,B,0.0,B,0.9,1.0,False,False,False,False,False,False,False,False,False,MAINTAIN — watch utilisation; no increase without a clean review,560000000.0,,"ACADEMIC SIMULATION — not actual trades. Scores: illustrative logistic model trained on SYNTHETIC data, computed from information dated on or before each row's date"
2022-04-05,True,BUY_MUN_01,Kandla Metal Industries Pvt Ltd (SIM),BUYER,650000000.0,"credit exposure = receivable + contracted-not-invoiced not covered by an advance (desk limit definition, P04 basis, evaluated daily) vs credit_limit_inr",0.0,0.0,0.0,0.0,0.0,0.0,0.0,0.0,0.0,0.0,0.0,0.0,0.0,8.0,29.01026694,0.0,0.0,0.0,0.00405408,A,0.0,A,1.0,1.0,False,False,False,False,False,False,False,False,False,MAINTAIN — eligible for a limit increase at the next review,650000000.0,,"ACADEMIC SIMULATION — not actual trades. Scores: illustrative logistic model trained on SYNTHETIC data, computed from information dated on or before each row's date"
2022-04-05,True,BUY_RJK_01,Saurashtra Castings and Alloys Pvt Ltd (SIM),BUYER,120000000.0,"credit exposure = receivable + contracted-not-invoiced not covered by an advance (desk limit definition, P04 basis, evaluated daily) vs credit_limit_inr",0.0,0.0,0.0,0.0,0.0,0.0,0.0,0.0,0.0,0.0,0.0,0.0,0.0,37.0,13.83162218,0.0,0.0,0.0,0.01837425,A,0.0,A,1.0,1.0,False,False,False,False,False,False,False,False,False,MAINTAIN — eligible for a limit increase at the next review,120000000.0,,"ACADEMIC SIMULATION — not actual trades. Scores: illustrative logistic model trained on SYNTHETIC data, computed from information dated on or before each row's date"
2022-04-05,True,SUP_JEA_01,Khaleej Metal Resources FZE (SIM),SUPPLIER,45200999.99999999,claims/refunds owed by supplier (P3 supplier_exposure_inr) vs claims_exposure_limit_usd x usdinr,,,,,,0.0,0.0,,,,,,,,,,,,,NOT_SCORED,,NOT_SCORED,,,False,False,False,False,False,False,False,False,False,NOT_SCORED — the buyer default model does not describe supplier claims risk; limit monitored only,,,ACADEMIC SIMULATION — not actual trades
2022-04-05,True,SUP_USEC_01,Tidewater Recycling Corp (SIM),SUPPLIER,67801500.0,claims/refunds owed by supplier (P3 supplier_exposure_inr) vs claims_exposure_limit_usd x usdinr,,,,,,0.0,0.0,,,,,,,,,,,,,NOT_SCORED,,NOT_SCORED,,,False,False,False,False,False,False,False,False,False,NOT_SCORED — the buyer default model does not describe supplier claims risk; limit monitored only,,,ACADEMIC SIMULATION — not actual trades
2022-04-05,True,SUP_USEC_02,Delaware Bay Metals LLC (SIM),SUPPLIER,30134000.0,claims/refunds owed by supplier (P3 supplier_exposure_inr) vs claims_exposure_limit_usd x usdinr,,,,,,0.0,0.0,,,,,,,,,,,,,NOT_SCORED,,NOT_SCORED,,,False,False,False,False,False,False,False,False,False,NOT_SCORED — the buyer default model does not describe supplier claims risk; limit monitored only,,,ACADEMIC SIMULATION — not actual trades
2022-04-06,True,BUY_JNPT_01,Taloja Alloys and Smelters Pvt Ltd (SIM),BUYER,560000000.0,"credit exposure = receivable + contracted-not-invoiced not covered by an advance (desk limit definition, P04 basis, evaluated daily) vs credit_limit_inr",0.0,249211502.3246,249211502.3246,0.0,249211502.3246,249211502.3246,0.44502054,0.0,0.44502054,0.44502054,0.0,0.0,0.48584554,19.0,35.71252567,0.02961459,0.0,0.48584554,0.02550272,B,0.0,B,0.9,1.0,False,False,False,False,False,False,False,False,False,MAINTAIN — watch utilisation; no increase without a clean review,560000000.0,,"ACADEMIC SIMULATION — not actual trades. Scores: illustrative logistic model trained on SYNTHETIC data, computed from information dated on or before each row's date"
2022-04-06,True,BUY_MUN_01,Kandla Metal Industries Pvt Ltd (SIM),BUYER,650000000.0,"credit exposure = receivable + contracted-not-invoiced not covered by an advance (desk limit definition, P04 basis, evaluated daily) vs credit_limit_inr",0.0,0.0,0.0,0.0,0.0,0.0,0.0,0.0,0.0,0.0,0.0,0.0,0.0,8.0,29.04312115,0.0,0.0,0.0,0.00405153,A,0.0,A,1.0,1.0,False,False,False,False,False,False,False,False,False,MAINTAIN — eligible for a limit increase at the next review,650000000.0,,"ACADEMIC SIMULATION — not actual trades. Scores: illustrative logistic model trained on SYNTHETIC data, computed from information dated on or before each row's date"
2022-04-06,True,BUY_RJK_01,Saurashtra Castings and Alloys Pvt Ltd (SIM),BUYER,120000000.0,"credit exposure = receivable + contracted-not-invoiced not covered by an advance (desk limit definition, P04 basis, evaluated daily) vs credit_limit_inr",0.0,0.0,0.0,0.0,0.0,0.0,0.0,0.0,0.0,0.0,0.0,0.0,0.0,37.0,13.86447639,0.0,0.0,0.0,0.01836289,A,0.0,A,1.0,1.0,False,False,False,False,False,False,False,False,False,MAINTAIN — eligible for a limit increase at the next review,120000000.0,,"ACADEMIC SIMULATION — not actual trades. Scores: illustrative logistic model trained on SYNTHETIC data, computed from information dated on or before each row's date"
2022-04-06,True,SUP_JEA_01,Khaleej Metal Resources FZE (SIM),SUPPLIER,45500880.0,claims/refunds owed by supplier (P3 supplier_exposure_inr) vs claims_exposure_limit_usd x usdinr,,,,,,0.0,0.0,,,,,,,,,,,,,NOT_SCORED,,NOT_SCORED,,,False,False,False,False,False,False,False,False,False,NOT_SCORED — the buyer default model does not describe supplier claims risk; limit monitored only,,,ACADEMIC SIMULATION — not actual trades
2022-04-06,True,SUP_USEC_01,Tidewater Recycling Corp (SIM),SUPPLIER,68251320.0,claims/refunds owed by supplier (P3 supplier_exposure_inr) vs claims_exposure_limit_usd x usdinr,,,,,,0.0,0.0,,,,,,,,,,,,,NOT_SCORED,,NOT_SCORED,,,False,False,False,False,False,False,False,False,False,NOT_SCORED — the buyer default model does not describe supplier claims risk; limit monitored only,,,ACADEMIC SIMULATION — not actual trades
2022-04-06,True,SUP_USEC_02,Delaware Bay Metals LLC (SIM),SUPPLIER,30333920.0,claims/refunds owed by supplier (P3 supplier_exposure_inr) vs claims_exposure_limit_usd x usdinr,,,,,,0.0,0.0,,,,,,,,,,,,,NOT_SCORED,,NOT_SCORED,,,False,False,False,False,False,False,False,False,False,NOT_SCORED — the buyer default model does not describe supplier claims risk; limit monitored only,,,ACADEMIC SIMULATION — not actual trades
2022-04-07,True,BUY_JNPT_01,Taloja Alloys and Smelters Pvt Ltd (SIM),BUYER,560000000.0,"credit exposure = receivable + contracted-not-invoiced not covered by an advance (desk limit definition, P04 basis, evaluated daily) vs credit_limit_inr",0.0,240979958.5226,240979958.5226,0.0,240979958.5226,240979958.5226,0.43032135,0.0,0.43032135,0.43032135,0.0,0.0,0.48584554,19.0,35.74537988,0.02961459,0.0,0.48584554,0.02548708,B,0.0,B,0.9,1.0,False,False,False,False,False,False,False,False,False,MAINTAIN — watch utilisation; no increase without a clean review,560000000.0,,"ACADEMIC SIMULATION — not actual trades. Scores: illustrative logistic model trained on SYNTHETIC data, computed from information dated on or before each row's date"
2022-04-07,True,BUY_MUN_01,Kandla Metal Industries Pvt Ltd (SIM),BUYER,650000000.0,"credit exposure = receivable + contracted-not-invoiced not covered by an advance (desk limit definition, P04 basis, evaluated daily) vs credit_limit_inr",0.0,0.0,0.0,0.0,0.0,0.0,0.0,0.0,0.0,0.0,0.0,0.0,0.0,8.0,29.07597536,0.0,0.0,0.0,0.00404899,A,0.0,A,1.0,1.0,False,False,False,False,False,False,False,False,False,MAINTAIN — eligible for a limit increase at the next review,650000000.0,,"ACADEMIC SIMULATION — not actual trades. Scores: illustrative logistic model trained on SYNTHETIC data, computed from information dated on or before each row's date"
2022-04-07,True,BUY_RJK_01,Saurashtra Castings and Alloys Pvt Ltd (SIM),BUYER,120000000.0,"credit exposure = receivable + contracted-not-invoiced not covered by an advance (desk limit definition, P04 basis, evaluated daily) vs credit_limit_inr",0.0,0.0,0.0,0.0,0.0,0.0,0.0,0.0,0.0,0.0,0.0,0.0,0.0,37.0,13.8973306,0.0,0.0,0.0,0.01835155,A,0.0,A,1.0,1.0,False,False,False,False,False,False,False,False,False,MAINTAIN — eligible for a limit increase at the next review,120000000.0,,"ACADEMIC SIMULATION — not actual trades. Scores: illustrative logistic model trained on SYNTHETIC data, computed from information dated on or before each row's date"
2022-04-07,True,SUP_JEA_01,Khaleej Metal Resources FZE (SIM),SUPPLIER,45594180.0,claims/refunds owed by supplier (P3 supplier_exposure_inr) vs claims_exposure_limit_usd x usdinr,,,,,,0.0,0.0,,,,,,,,,,,,,NOT_SCORED,,NOT_SCORED,,,False,False,False,False,False,False,False,False,False,NOT_SCORED — the buyer default model does not describe supplier claims risk; limit monitored only,,,ACADEMIC SIMULATION — not actual trades
2022-04-07,True,SUP_USEC_01,Tidewater Recycling Corp (SIM),SUPPLIER,68391270.0,claims/refunds owed by supplier (P3 supplier_exposure_inr) vs claims_exposure_limit_usd x usdinr,,,,,,0.0,0.0,,,,,,,,,,,,,NOT_SCORED,,NOT_SCORED,,,False,False,False,False,False,False,False,False,False,NOT_SCORED — the buyer default model does not describe supplier claims risk; limit monitored only,,,ACADEMIC SIMULATION — not actual trades
2022-04-07,True,SUP_USEC_02,Delaware Bay Metals LLC (SIM),SUPPLIER,30396120.0,claims/refunds owed by supplier (P3 supplier_exposure_inr) vs claims_exposure_limit_usd x usdinr,,,,,,0.0,0.0,,,,,,,,,,,,,NOT_SCORED,,NOT_SCORED,,,False,False,False,False,False,False,False,False,False,NOT_SCORED — the buyer default model does not describe supplier claims risk; limit monitored only,,,ACADEMIC SIMULATION — not actual trades
2022-04-08,True,BUY_JNPT_01,Taloja Alloys and Smelters Pvt Ltd (SIM),BUYER,560000000.0,"credit exposure = receivable + contracted-not-invoiced not covered by an advance (desk limit definition, P04 basis, evaluated daily) vs credit_limit_inr",0.0,244851121.2461,244851121.2461,0.0,244851121.2461,244851121.2461,0.43723415,0.0,0.43723415,0.43723415,0.0,0.0,0.48584554,19.0,35.77823409,0.02961459,0.0,0.48584554,0.02547145,B,0.0,B,0.9,1.0,False,False,False,False,False,False,False,False,False,MAINTAIN — watch utilisation; no increase without a clean review,560000000.0,,"ACADEMIC SIMULATION — not actual trades. Scores: illustrative logistic model trained on SYNTHETIC data, computed from information dated on or before each row's date"
2022-04-08,True,BUY_MUN_01,Kandla Metal Industries Pvt Ltd (SIM),BUYER,650000000.0,"credit exposure = receivable + contracted-not-invoiced not covered by an advance (desk limit definition, P04 basis, evaluated daily) vs credit_limit_inr",0.0,0.0,0.0,0.0,0.0,0.0,0.0,0.0,0.0,0.0,0.0,0.0,0.0,8.0,29.10882957,0.0,0.0,0.0,0.00404646,A,0.0,A,1.0,1.0,False,False,False,False,False,False,False,False,False,MAINTAIN — eligible for a limit increase at the next review,650000000.0,,"ACADEMIC SIMULATION — not actual trades. Scores: illustrative logistic model trained on SYNTHETIC data, computed from information dated on or before each row's date"
2022-04-08,True,BUY_RJK_01,Saurashtra Castings and Alloys Pvt Ltd (SIM),BUYER,120000000.0,"credit exposure = receivable + contracted-not-invoiced not covered by an advance (desk limit definition, P04 basis, evaluated daily) vs credit_limit_inr",0.0,0.0,0.0,0.0,0.0,0.0,0.0,0.0,0.0,0.0,0.0,0.0,0.0,37.0,13.9301848,0.0,0.0,0.0,0.01834021,A,0.0,A,1.0,1.0,False,False,False,False,False,False,False,False,False,MAINTAIN — eligible for a limit increase at the next review,120000000.0,,"ACADEMIC SIMULATION — not actual trades. Scores: illustrative logistic model trained on SYNTHETIC data, computed from information dated on or before each row's date"
2022-04-08,True,SUP_JEA_01,Khaleej Metal Resources FZE (SIM),SUPPLIER,45514620.0,claims/refunds owed by supplier (P3 supplier_exposure_inr) vs claims_exposure_limit_usd x usdinr,,,,,,0.0,0.0,,,,,,,,,,,,,NOT_SCORED,,NOT_SCORED,,,False,False,False,False,False,False,False,False,False,NOT_SCORED — the buyer default model does not describe supplier claims risk; limit monitored only,,,ACADEMIC SIMULATION — not actual trades
2022-04-08,True,SUP_USEC_01,Tidewater Recycling Corp (SIM),SUPPLIER,68271930.0,claims/refunds owed by supplier (P3 supplier_exposure_inr) vs claims_exposure_limit_usd x usdinr,,,,,,0.0,0.0,,,,,,,,,,,,,NOT_SCORED,,NOT_SCORED,,,False,False,False,False,False,False,False,False,False,NOT_SCORED — the buyer default model does not describe supplier claims risk; limit monitored only,,,ACADEMIC SIMULATION — not actual trades
2022-04-08,True,SUP_USEC_02,Delaware Bay Metals LLC (SIM),SUPPLIER,30343080.0,claims/refunds owed by supplier (P3 supplier_exposure_inr) vs claims_exposure_limit_usd x usdinr,,,,,,0.0,0.0,,,,,,,,,,,,,NOT_SCORED,,NOT_SCORED,,,False,False,False,False,False,False,False,False,False,NOT_SCORED — the buyer default model does not describe supplier claims risk; limit monitored only,,,ACADEMIC SIMULATION — not actual trades
2022-04-11,True,BUY_JNPT_01,Taloja Alloys and Smelters Pvt Ltd (SIM),BUYER,560000000.0,"credit exposure = receivable + contracted-not-invoiced not covered by an advance (desk limit definition, P04 basis, evaluated daily) vs credit_limit_inr",0.0,230320854.6143,230320854.6143,0.0,230320854.6143,230320854.6143,0.41128724,0.0,0.41128724,0.41128724,0.0,0.0,0.48584554,19.0,35.87679671,0.02961459,0.0,0.48584554,0.0254246,B,0.0,B,0.9,1.0,False,False,False,False,False,False,False,False,False,MAINTAIN — watch utilisation; no increase without a clean review,560000000.0,,"ACADEMIC SIMULATION — not actual trades. Scores: illustrative logistic model trained on SYNTHETIC data, computed from information dated on or before each row's date"
2022-04-11,True,BUY_MUN_01,Kandla Metal Industries Pvt Ltd (SIM),BUYER,650000000.0,"credit exposure = receivable + contracted-not-invoiced not covered by an advance (desk limit definition, P04 basis, evaluated daily) vs credit_limit_inr",0.0,0.0,0.0,0.0,0.0,0.0,0.0,0.0,0.0,0.0,0.0,0.0,0.0,8.0,29.2073922,0.0,0.0,0.0,0.00403885,A,0.0,A,1.0,1.0,False,False,False,False,False,False,False,False,False,MAINTAIN — eligible for a limit increase at the next review,650000000.0,,"ACADEMIC SIMULATION — not actual trades. Scores: illustrative logistic model trained on SYNTHETIC data, computed from information dated on or before each row's date"
2022-04-11,True,BUY_RJK_01,Saurashtra Castings and Alloys Pvt Ltd (SIM),BUYER,120000000.0,"credit exposure = receivable + contracted-not-invoiced not covered by an advance (desk limit definition, P04 basis, evaluated daily) vs credit_limit_inr",0.0,0.0,0.0,0.0,0.0,0.0,0.0,0.0,0.0,0.0,0.0,0.0,0.0,37.0,14.02874743,0.0,0.0,0.0,0.01830623,A,0.0,A,1.0,1.0,False,False,False,False,False,False,False,False,False,MAINTAIN — eligible for a limit increase at the next review,120000000.0,,"ACADEMIC SIMULATION — not actual trades. Scores: illustrative logistic model trained on SYNTHETIC data, computed from information dated on or before each row's date"
2022-04-11,True,SUP_JEA_01,Khaleej Metal Resources FZE (SIM),SUPPLIER,45527640.0,claims/refunds owed by supplier (P3 supplier_exposure_inr) vs claims_exposure_limit_usd x usdinr,,,,,,96093.9,0.00211067,,,,,,,,,,,,,NOT_SCORED,,NOT_SCORED,,,False,False,False,False,False,False,False,False,False,NOT_SCORED — the buyer default model does not describe supplier claims risk; limit monitored only,,,ACADEMIC SIMULATION — not actual trades
2022-04-11,True,SUP_USEC_01,Tidewater Recycling Corp (SIM),SUPPLIER,68291460.0,claims/refunds owed by supplier (P3 supplier_exposure_inr) vs claims_exposure_limit_usd x usdinr,,,,,,0.0,0.0,,,,,,,,,,,,,NOT_SCORED,,NOT_SCORED,,,False,False,False,False,False,False,False,False,False,NOT_SCORED — the buyer default model does not describe supplier claims risk; limit monitored only,,,ACADEMIC SIMULATION — not actual trades
2022-04-11,True,SUP_USEC_02,Delaware Bay Metals LLC (SIM),SUPPLIER,30351760.0,claims/refunds owed by supplier (P3 supplier_exposure_inr) vs claims_exposure_limit_usd x usdinr,,,,,,0.0,0.0,,,,,,,,,,,,,NOT_SCORED,,NOT_SCORED,,,False,False,False,False,False,False,False,False,False,NOT_SCORED — the buyer default model does not describe supplier claims risk; limit monitored only,,,ACADEMIC SIMULATION — not actual trades
2022-04-12,True,BUY_JNPT_01,Taloja Alloys and Smelters Pvt Ltd (SIM),BUYER,560000000.0,"credit exposure = receivable + contracted-not-invoiced not covered by an advance (desk limit definition, P04 basis, evaluated daily) vs credit_limit_inr",0.0,229594700.9388,229594700.9388,0.0,229594700.9388,229594700.9388,0.40999054,0.0,0.40999054,0.40999054,0.0,0.0,0.48584554,19.0,35.90965092,0.02961459,0.0,0.48584554,0.02540901,B,0.0,B,0.9,1.0,False,False,False,False,False,False,False,False,False,MAINTAIN — watch utilisation; no increase without a clean review,560000000.0,,"ACADEMIC SIMULATION — not actual trades. Scores: illustrative logistic model trained on SYNTHETIC data, computed from information dated on or before each row's date"
2022-04-12,True,BUY_MUN_01,Kandla Metal Industries Pvt Ltd (SIM),BUYER,650000000.0,"credit exposure = receivable + contracted-not-invoiced not covered by an advance (desk limit definition, P04 basis, evaluated daily) vs credit_limit_inr",0.0,0.0,0.0,0.0,0.0,0.0,0.0,0.0,0.0,0.0,0.0,0.0,0.0,8.0,29.24024641,0.0,0.0,0.0,0.00403632,A,0.0,A,1.0,1.0,False,False,False,False,False,False,False,False,False,MAINTAIN — eligible for a limit increase at the next review,650000000.0,,"ACADEMIC SIMULATION — not actual trades. Scores: illustrative logistic model trained on SYNTHETIC data, computed from information dated on or before each row's date"
2022-04-12,True,BUY_RJK_01,Saurashtra Castings and Alloys Pvt Ltd (SIM),BUYER,120000000.0,"credit exposure = receivable + contracted-not-invoiced not covered by an advance (desk limit definition, P04 basis, evaluated daily) vs credit_limit_inr",0.0,0.0,0.0,0.0,0.0,0.0,0.0,0.0,0.0,0.0,0.0,0.0,0.0,37.0,14.06160164,0.0,0.0,0.0,0.01829492,A,0.0,A,1.0,1.0,False,False,False,False,False,False,False,False,False,MAINTAIN — eligible for a limit increase at the next review,120000000.0,,"ACADEMIC SIMULATION — not actual trades. Scores: illustrative logistic model trained on SYNTHETIC data, computed from information dated on or before each row's date"
2022-04-12,True,SUP_JEA_01,Khaleej Metal Resources FZE (SIM),SUPPLIER,45702120.0,claims/refunds owed by supplier (P3 supplier_exposure_inr) vs claims_exposure_limit_usd x usdinr,,,,,,531793.63,0.01163608,,,,,,,,,,,,,NOT_SCORED,,NOT_SCORED,,,False,False,False,False,False,False,False,False,False,NOT_SCORED — the buyer default model does not describe supplier claims risk; limit monitored only,,,ACADEMIC SIMULATION — not actual trades
2022-04-12,True,SUP_USEC_01,Tidewater Recycling Corp (SIM),SUPPLIER,68553180.0,claims/refunds owed by supplier (P3 supplier_exposure_inr) vs claims_exposure_limit_usd x usdinr,,,,,,0.0,0.0,,,,,,,,,,,,,NOT_SCORED,,NOT_SCORED,,,False,False,False,False,False,False,False,False,False,NOT_SCORED — the buyer default model does not describe supplier claims risk; limit monitored only,,,ACADEMIC SIMULATION — not actual trades
2022-04-12,True,SUP_USEC_02,Delaware Bay Metals LLC (SIM),SUPPLIER,30468080.0,claims/refunds owed by supplier (P3 supplier_exposure_inr) vs claims_exposure_limit_usd x usdinr,,,,,,0.0,0.0,,,,,,,,,,,,,NOT_SCORED,,NOT_SCORED,,,False,False,False,False,False,False,False,False,False,NOT_SCORED — the buyer default model does not describe supplier claims risk; limit monitored only,,,ACADEMIC SIMULATION — not actual trades
2022-04-13,True,BUY_JNPT_01,Taloja Alloys and Smelters Pvt Ltd (SIM),BUYER,560000000.0,"credit exposure = receivable + contracted-not-invoiced not covered by an advance (desk limit definition, P04 basis, evaluated daily) vs credit_limit_inr",0.0,228939400.8514,228939400.8514,0.0,228939400.8514,228939400.8514,0.40882036,0.0,0.40882036,0.40882036,0.0,0.0,0.48584554,19.0,35.94250513,0.02961459,0.0,0.48584554,0.02539342,B,0.0,B,0.9,1.0,False,False,False,False,False,False,False,False,False,MAINTAIN — watch utilisation; no increase without a clean review,560000000.0,,"ACADEMIC SIMULATION — not actual trades. Scores: illustrative logistic model trained on SYNTHETIC data, computed from information dated on or before each row's date"
2022-04-13,True,BUY_MUN_01,Kandla Metal Industries Pvt Ltd (SIM),BUYER,650000000.0,"credit exposure = receivable + contracted-not-invoiced not covered by an advance (desk limit definition, P04 basis, evaluated daily) vs credit_limit_inr",0.0,0.0,0.0,0.0,0.0,0.0,0.0,0.0,0.0,0.0,0.0,0.0,0.0,8.0,29.27310062,0.0,0.0,0.0,0.00403379,A,0.0,A,1.0,1.0,False,False,False,False,False,False,False,False,False,MAINTAIN — eligible for a limit increase at the next review,650000000.0,,"ACADEMIC SIMULATION — not actual trades. Scores: illustrative logistic model trained on SYNTHETIC data, computed from information dated on or before each row's date"
2022-04-13,True,BUY_RJK_01,Saurashtra Castings and Alloys Pvt Ltd (SIM),BUYER,120000000.0,"credit exposure = receivable + contracted-not-invoiced not covered by an advance (desk limit definition, P04 basis, evaluated daily) vs credit_limit_inr",0.0,0.0,0.0,0.0,0.0,0.0,0.0,0.0,0.0,0.0,0.0,0.0,0.0,37.0,14.09445585,0.0,0.0,0.0,0.01828362,A,0.0,A,1.0,1.0,False,False,False,False,False,False,False,False,False,MAINTAIN — eligible for a limit increase at the next review,120000000.0,,"ACADEMIC SIMULATION — not actual trades. Scores: illustrative logistic model trained on SYNTHETIC data, computed from information dated on or before each row's date"
2022-04-13,True,SUP_JEA_01,Khaleej Metal Resources FZE (SIM),SUPPLIER,45711060.0,claims/refunds owed by supplier (P3 supplier_exposure_inr) vs claims_exposure_limit_usd x usdinr,,,,,,750646.26,0.01642155,,,,,,,,,,,,,NOT_SCORED,,NOT_SCORED,,,False,False,False,False,False,False,False,False,False,NOT_SCORED — the buyer default model does not describe supplier claims risk; limit monitored only,,,ACADEMIC SIMULATION — not actual trades
2022-04-13,True,SUP_USEC_01,Tidewater Recycling Corp (SIM),SUPPLIER,68566590.0,claims/refunds owed by supplier (P3 supplier_exposure_inr) vs claims_exposure_limit_usd x usdinr,,,,,,0.0,0.0,,,,,,,,,,,,,NOT_SCORED,,NOT_SCORED,,,False,False,False,False,False,False,False,False,False,NOT_SCORED — the buyer default model does not describe supplier claims risk; limit monitored only,,,ACADEMIC SIMULATION — not actual trades
2022-04-13,True,SUP_USEC_02,Delaware Bay Metals LLC (SIM),SUPPLIER,30474040.0,claims/refunds owed by supplier (P3 supplier_exposure_inr) vs claims_exposure_limit_usd x usdinr,,,,,,0.0,0.0,,,,,,,,,,,,,NOT_SCORED,,NOT_SCORED,,,False,False,False,False,False,False,False,False,False,NOT_SCORED — the buyer default model does not describe supplier claims risk; limit monitored only,,,ACADEMIC SIMULATION — not actual trades
2022-04-14,True,BUY_JNPT_01,Taloja Alloys and Smelters Pvt Ltd (SIM),BUYER,560000000.0,"credit exposure = receivable + contracted-not-invoiced not covered by an advance (desk limit definition, P04 basis, evaluated daily) vs credit_limit_inr",0.0,231464090.5482,231464090.5482,0.0,231464090.5482,231464090.5482,0.41332873,0.0,0.41332873,0.41332873,0.0,0.0,0.48584554,19.0,35.97535934,0.02961459,0.0,0.48584554,0.02537784,B,0.0,B,0.9,1.0,False,False,False,False,False,False,False,False,False,MAINTAIN — watch utilisation; no increase without a clean review,560000000.0,,"ACADEMIC SIMULATION — not actual trades. Scores: illustrative logistic model trained on SYNTHETIC data, computed from information dated on or before each row's date"
2022-04-14,True,BUY_MUN_01,Kandla Metal Industries Pvt Ltd (SIM),BUYER,650000000.0,"credit exposure = receivable + contracted-not-invoiced not covered by an advance (desk limit definition, P04 basis, evaluated daily) vs credit_limit_inr",0.0,0.0,0.0,0.0,0.0,0.0,0.0,0.0,0.0,0.0,0.0,0.0,0.0,8.0,29.30595483,0.0,0.0,0.0,0.00403126,A,0.0,A,1.0,1.0,False,False,False,False,False,False,False,False,False,MAINTAIN — eligible for a limit increase at the next review,650000000.0,,"ACADEMIC SIMULATION — not actual trades. Scores: illustrative logistic model trained on SYNTHETIC data, computed from information dated on or before each row's date"
2022-04-14,True,BUY_RJK_01,Saurashtra Castings and Alloys Pvt Ltd (SIM),BUYER,120000000.0,"credit exposure = receivable + contracted-not-invoiced not covered by an advance (desk limit definition, P04 basis, evaluated daily) vs credit_limit_inr",0.0,0.0,0.0,0.0,0.0,0.0,0.0,0.0,0.0,0.0,0.0,0.0,0.0,37.0,14.12731006,0.0,0.0,0.0,0.01827232,A,0.0,A,1.0,1.0,False,False,False,False,False,False,False,False,False,MAINTAIN — eligible for a limit increase at the next review,120000000.0,,"ACADEMIC SIMULATION — not actual trades. Scores: illustrative logistic model trained on SYNTHETIC data, computed from information dated on or before each row's date"
2022-04-14,True,SUP_JEA_01,Khaleej Metal Resources FZE (SIM),SUPPLIER,45677880.0,claims/refunds owed by supplier (P3 supplier_exposure_inr) vs claims_exposure_limit_usd x usdinr,,,,,,0.0,0.0,,,,,,,,,,,,,NOT_SCORED,,NOT_SCORED,,,False,False,False,False,False,False,False,False,False,NOT_SCORED — the buyer default model does not describe supplier claims risk; limit monitored only,,,ACADEMIC SIMULATION — not actual trades
2022-04-14,True,SUP_USEC_01,Tidewater Recycling Corp (SIM),SUPPLIER,68516820.0,claims/refunds owed by supplier (P3 supplier_exposure_inr) vs claims_exposure_limit_usd x usdinr,,,,,,0.0,0.0,,,,,,,,,,,,,NOT_SCORED,,NOT_SCORED,,,False,False,False,False,False,False,False,False,False,NOT_SCORED — the buyer default model does not describe supplier claims risk; limit monitored only,,,ACADEMIC SIMULATION — not actual trades
2022-04-14,True,SUP_USEC_02,Delaware Bay Metals LLC (SIM),SUPPLIER,30451920.0,claims/refunds owed by supplier (P3 supplier_exposure_inr) vs claims_exposure_limit_usd x usdinr,,,,,,0.0,0.0,,,,,,,,,,,,,NOT_SCORED,,NOT_SCORED,,,False,False,False,False,False,False,False,False,False,NOT_SCORED — the buyer default model does not describe supplier claims risk; limit monitored only,,,ACADEMIC SIMULATION — not actual trades
2022-04-19,True,BUY_JNPT_01,Taloja Alloys and Smelters Pvt Ltd (SIM),BUYER,560000000.0,"credit exposure = receivable + contracted-not-invoiced not covered by an advance (desk limit definition, P04 basis, evaluated daily) vs credit_limit_inr",0.0,239379949.4189,239379949.4189,0.0,239379949.4189,239379949.4189,0.4274642,0.0,0.4274642,0.4274642,0.0,0.0,0.48584554,19.0,36.13963039,0.02961459,0.0,0.48584554,0.0253001,B,0.0,B,0.9,1.0,False,False,False,False,False,False,False,False,False,MAINTAIN — watch utilisation; no increase without a clean review,560000000.0,,"ACADEMIC SIMULATION — not actual trades. Scores: illustrative logistic model trained on SYNTHETIC data, computed from information dated on or before each row's date"
2022-04-19,True,BUY_MUN_01,Kandla Metal Industries Pvt Ltd (SIM),BUYER,650000000.0,"credit exposure = receivable + contracted-not-invoiced not covered by an advance (desk limit definition, P04 basis, evaluated daily) vs credit_limit_inr",0.0,0.0,0.0,0.0,0.0,0.0,0.0,0.0,0.0,0.0,0.0,0.0,0.0,8.0,29.47022587,0.0,0.0,0.0,0.00401864,A,0.0,A,1.0,1.0,False,False,False,False,False,False,False,False,False,MAINTAIN — eligible for a limit increase at the next review,650000000.0,,"ACADEMIC SIMULATION — not actual trades. Scores: illustrative logistic model trained on SYNTHETIC data, computed from information dated on or before each row's date"
2022-04-19,True,BUY_RJK_01,Saurashtra Castings and Alloys Pvt Ltd (SIM),BUYER,120000000.0,"credit exposure = receivable + contracted-not-invoiced not covered by an advance (desk limit definition, P04 basis, evaluated daily) vs credit_limit_inr",0.0,0.0,0.0,0.0,0.0,0.0,0.0,0.0,0.0,0.0,0.0,0.0,0.0,37.0,14.29158111,0.0,0.0,0.0,0.01821593,A,0.0,A,1.0,1.0,False,False,False,False,False,False,False,False,False,MAINTAIN — eligible for a limit increase at the next review,120000000.0,,"ACADEMIC SIMULATION — not actual trades. Scores: illustrative logistic model trained on SYNTHETIC data, computed from information dated on or before each row's date"
2022-04-19,True,SUP_JEA_01,Khaleej Metal Resources FZE (SIM),SUPPLIER,45878280.0,claims/refunds owed by supplier (P3 supplier_exposure_inr) vs claims_exposure_limit_usd x usdinr,,,,,,0.0,0.0,,,,,,,,,,,,,NOT_SCORED,,NOT_SCORED,,,False,False,False,False,False,False,False,False,False,NOT_SCORED — the buyer default model does not describe supplier claims risk; limit monitored only,,,ACADEMIC SIMULATION — not actual trades
2022-04-19,True,SUP_USEC_01,Tidewater Recycling Corp (SIM),SUPPLIER,68817420.0,claims/refunds owed by supplier (P3 supplier_exposure_inr) vs claims_exposure_limit_usd x usdinr,,,,,,0.0,0.0,,,,,,,,,,,,,NOT_SCORED,,NOT_SCORED,,,False,False,False,False,False,False,False,False,False,NOT_SCORED — the buyer default model does not describe supplier claims risk; limit monitored only,,,ACADEMIC SIMULATION — not actual trades
2022-04-19,True,SUP_USEC_02,Delaware Bay Metals LLC (SIM),SUPPLIER,30585520.0,claims/refunds owed by supplier (P3 supplier_exposure_inr) vs claims_exposure_limit_usd x usdinr,,,,,,0.0,0.0,,,,,,,,,,,,,NOT_SCORED,,NOT_SCORED,,,False,False,False,False,False,False,False,False,False,NOT_SCORED — the buyer default model does not describe supplier claims risk; limit monitored only,,,ACADEMIC SIMULATION — not actual trades
2022-04-20,True,BUY_JNPT_01,Taloja Alloys and Smelters Pvt Ltd (SIM),BUYER,560000000.0,"credit exposure = receivable + contracted-not-invoiced not covered by an advance (desk limit definition, P04 basis, evaluated daily) vs credit_limit_inr",0.0,232966901.1078,232966901.1078,0.0,232966901.1078,232966901.1078,0.41601232,0.0,0.41601232,0.41601232,0.0,0.0,0.48584554,19.0,36.1724846,0.02961459,0.0,0.48584554,0.02528458,B,0.0,B,0.9,1.0,False,False,False,False,False,False,False,False,False,MAINTAIN — watch utilisation; no increase without a clean review,560000000.0,,"ACADEMIC SIMULATION — not actual trades. Scores: illustrative logistic model trained on SYNTHETIC data, computed from information dated on or before each row's date"
2022-04-20,True,BUY_MUN_01,Kandla Metal Industries Pvt Ltd (SIM),BUYER,650000000.0,"credit exposure = receivable + contracted-not-invoiced not covered by an advance (desk limit definition, P04 basis, evaluated daily) vs credit_limit_inr",0.0,0.0,0.0,0.0,0.0,0.0,0.0,0.0,0.0,0.0,0.0,0.0,0.0,8.0,29.50308008,0.0,0.0,0.0,0.00401612,A,0.0,A,1.0,1.0,False,False,False,False,False,False,False,False,False,MAINTAIN — eligible for a limit increase at the next review,650000000.0,,"ACADEMIC SIMULATION — not actual trades. Scores: illustrative logistic model trained on SYNTHETIC data, computed from information dated on or before each row's date"
2022-04-20,True,BUY_RJK_01,Saurashtra Castings and Alloys Pvt Ltd (SIM),BUYER,120000000.0,"credit exposure = receivable + contracted-not-invoiced not covered by an advance (desk limit definition, P04 basis, evaluated daily) vs credit_limit_inr",0.0,0.0,0.0,0.0,0.0,0.0,0.0,0.0,0.0,0.0,0.0,0.0,0.0,37.0,14.32443532,0.0,0.0,0.0,0.01820468,A,0.0,A,1.0,1.0,False,False,False,False,False,False,False,False,False,MAINTAIN — eligible for a limit increase at the next review,120000000.0,,"ACADEMIC SIMULATION — not actual trades. Scores: illustrative logistic model trained on SYNTHETIC data, computed from information dated on or before each row's date"
2022-04-20,True,SUP_JEA_01,Khaleej Metal Resources FZE (SIM),SUPPLIER,45781080.0,claims/refunds owed by supplier (P3 supplier_exposure_inr) vs claims_exposure_limit_usd x usdinr,,,,,,38859.97,0.00084882,,,,,,,,,,,,,NOT_SCORED,,NOT_SCORED,,,False,False,False,False,False,False,False,False,False,NOT_SCORED — the buyer default model does not describe supplier claims risk; limit monitored only,,,ACADEMIC SIMULATION — not actual trades
2022-04-20,True,SUP_USEC_01,Tidewater Recycling Corp (SIM),SUPPLIER,68671620.0,claims/refunds owed by supplier (P3 supplier_exposure_inr) vs claims_exposure_limit_usd x usdinr,,,,,,0.0,0.0,,,,,,,,,,,,,NOT_SCORED,,NOT_SCORED,,,False,False,False,False,False,False,False,False,False,NOT_SCORED — the buyer default model does not describe supplier claims risk; limit monitored only,,,ACADEMIC SIMULATION — not actual trades
2022-04-20,True,SUP_USEC_02,Delaware Bay Metals LLC (SIM),SUPPLIER,30520720.0,claims/refunds owed by supplier (P3 supplier_exposure_inr) vs claims_exposure_limit_usd x usdinr,,,,,,0.0,0.0,,,,,,,,,,,,,NOT_SCORED,,NOT_SCORED,,,False,False,False,False,False,False,False,False,False,NOT_SCORED — the buyer default model does not describe supplier claims risk; limit monitored only,,,ACADEMIC SIMULATION — not actual trades
2022-04-21,True,BUY_JNPT_01,Taloja Alloys and Smelters Pvt Ltd (SIM),BUYER,560000000.0,"credit exposure = receivable + contracted-not-invoiced not covered by an advance (desk limit definition, P04 basis, evaluated daily) vs credit_limit_inr",0.0,234206489.4689,234206489.4689,0.0,234206489.4689,234206489.4689,0.41822587,0.0,0.41822587,0.41822587,0.0,0.0,0.48584554,19.0,36.20533881,0.02961459,0.0,0.48584554,0.02526906,B,0.0,B,0.9,1.0,False,False,False,False,False,False,False,False,False,MAINTAIN — watch utilisation; no increase without a clean review,560000000.0,,"ACADEMIC SIMULATION — not actual trades. Scores: illustrative logistic model trained on SYNTHETIC data, computed from information dated on or before each row's date"
2022-04-21,True,BUY_MUN_01,Kandla Metal Industries Pvt Ltd (SIM),BUYER,650000000.0,"credit exposure = receivable + contracted-not-invoiced not covered by an advance (desk limit definition, P04 basis, evaluated daily) vs credit_limit_inr",0.0,436210598.9531,436210598.9531,0.0,436210598.9531,436210598.9531,0.67109323,0.0,0.67109323,0.67109323,0.0,0.0,0.67109323,8.0,29.53593429,0.03806145,0.0,0.67109323,0.03165809,B,0.0,B,0.9,1.0,False,False,False,False,False,False,False,False,False,MAINTAIN — watch utilisation; no increase without a clean review,650000000.0,"SALE_CONTRACTED T05-S1 invoice ₹433.3m (advance ₹0.0m, credit ₹433.3m; P04 utilisation after 66.7%)","ACADEMIC SIMULATION — not actual trades. Scores: illustrative logistic model trained on SYNTHETIC data, computed from information dated on or before each row's date"
2022-04-21,True,BUY_RJK_01,Saurashtra Castings and Alloys Pvt Ltd (SIM),BUYER,120000000.0,"credit exposure = receivable + contracted-not-invoiced not covered by an advance (desk limit definition, P04 basis, evaluated daily) vs credit_limit_inr",0.0,0.0,0.0,0.0,0.0,0.0,0.0,0.0,0.0,0.0,0.0,0.0,0.0,37.0,14.35728953,0.0,0.0,0.0,0.01819343,A,0.0,A,1.0,1.0,False,False,False,False,False,False,False,False,False,MAINTAIN — eligible for a limit increase at the next review,120000000.0,,"ACADEMIC SIMULATION — not actual trades. Scores: illustrative logistic model trained on SYNTHETIC data, computed from information dated on or before each row's date"
2022-04-21,True,SUP_JEA_01,Khaleej Metal Resources FZE (SIM),SUPPLIER,45723360.0,claims/refunds owed by supplier (P3 supplier_exposure_inr) vs claims_exposure_limit_usd x usdinr,,,,,,0.0,0.0,,,,,,,,,,,,,NOT_SCORED,,NOT_SCORED,,,False,False,False,False,False,False,False,False,False,NOT_SCORED — the buyer default model does not describe supplier claims risk; limit monitored only,,,ACADEMIC SIMULATION — not actual trades
2022-04-21,True,SUP_USEC_01,Tidewater Recycling Corp (SIM),SUPPLIER,68585040.0,claims/refunds owed by supplier (P3 supplier_exposure_inr) vs claims_exposure_limit_usd x usdinr,,,,,,0.0,0.0,,,,,,,,,,,,,NOT_SCORED,,NOT_SCORED,,,False,False,False,False,False,False,False,False,False,NOT_SCORED — the buyer default model does not describe supplier claims risk; limit monitored only,,,ACADEMIC SIMULATION — not actual trades
2022-04-21,True,SUP_USEC_02,Delaware Bay Metals LLC (SIM),SUPPLIER,30482240.0,claims/refunds owed by supplier (P3 supplier_exposure_inr) vs claims_exposure_limit_usd x usdinr,,,,,,0.0,0.0,,,,,,,,,,,,,NOT_SCORED,,NOT_SCORED,,,False,False,False,False,False,False,False,False,False,NOT_SCORED — the buyer default model does not describe supplier claims risk; limit monitored only,,,ACADEMIC SIMULATION — not actual trades
2022-04-22,True,BUY_JNPT_01,Taloja Alloys and Smelters Pvt Ltd (SIM),BUYER,560000000.0,"credit exposure = receivable + contracted-not-invoiced not covered by an advance (desk limit definition, P04 basis, evaluated daily) vs credit_limit_inr",0.0,233721883.659,233721883.659,0.0,233721883.659,233721883.659,0.41736051,0.0,0.41736051,0.41736051,0.0,0.0,0.48584554,19.0,36.23819302,0.02961459,0.0,0.48584554,0.02525356,B,0.0,B,0.9,1.0,False,False,False,False,False,False,False,False,False,MAINTAIN — watch utilisation; no increase without a clean review,560000000.0,,"ACADEMIC SIMULATION — not actual trades. Scores: illustrative logistic model trained on SYNTHETIC data, computed from information dated on or before each row's date"
2022-04-22,True,BUY_MUN_01,Kandla Metal Industries Pvt Ltd (SIM),BUYER,650000000.0,"credit exposure = receivable + contracted-not-invoiced not covered by an advance (desk limit definition, P04 basis, evaluated daily) vs credit_limit_inr",0.0,434927560.4698,434927560.4698,0.0,434927560.4698,434927560.4698,0.66911932,0.0,0.66911932,0.66911932,0.0,0.0,0.67109323,8.0,29.5687885,0.03806145,0.0,0.67109323,0.03163879,B,0.0,B,0.9,1.0,False,False,False,False,False,False,False,False,False,MAINTAIN — watch utilisation; no increase without a clean review,650000000.0,,"ACADEMIC SIMULATION — not actual trades. Scores: illustrative logistic model trained on SYNTHETIC data, computed from information dated on or before each row's date"
2022-04-22,True,BUY_RJK_01,Saurashtra Castings and Alloys Pvt Ltd (SIM),BUYER,120000000.0,"credit exposure = receivable + contracted-not-invoiced not covered by an advance (desk limit definition, P04 basis, evaluated daily) vs credit_limit_inr",0.0,0.0,0.0,0.0,0.0,0.0,0.0,0.0,0.0,0.0,0.0,0.0,0.0,37.0,14.39014374,0.0,0.0,0.0,0.01818218,A,0.0,A,1.0,1.0,False,False,False,False,False,False,False,False,False,MAINTAIN — eligible for a limit increase at the next review,120000000.0,,"ACADEMIC SIMULATION — not actual trades. Scores: illustrative logistic model trained on SYNTHETIC data, computed from information dated on or before each row's date"
2022-04-22,True,SUP_JEA_01,Khaleej Metal Resources FZE (SIM),SUPPLIER,45869100.0,claims/refunds owed by supplier (P3 supplier_exposure_inr) vs claims_exposure_limit_usd x usdinr,,,,,,0.0,0.0,,,,,,,,,,,,,NOT_SCORED,,NOT_SCORED,,,False,False,False,False,False,False,False,False,False,NOT_SCORED — the buyer default model does not describe supplier claims risk; limit monitored only,,,ACADEMIC SIMULATION — not actual trades
2022-04-22,True,SUP_USEC_01,Tidewater Recycling Corp (SIM),SUPPLIER,68803650.0,claims/refunds owed by supplier (P3 supplier_exposure_inr) vs claims_exposure_limit_usd x usdinr,,,,,,0.0,0.0,,,,,,,,,,,,,NOT_SCORED,,NOT_SCORED,,,False,False,False,False,False,False,False,False,False,NOT_SCORED — the buyer default model does not describe supplier claims risk; limit monitored only,,,ACADEMIC SIMULATION — not actual trades
2022-04-22,True,SUP_USEC_02,Delaware Bay Metals LLC (SIM),SUPPLIER,30579400.0,claims/refunds owed by supplier (P3 supplier_exposure_inr) vs claims_exposure_limit_usd x usdinr,,,,,,0.0,0.0,,,,,,,,,,,,,NOT_SCORED,,NOT_SCORED,,,False,False,False,False,False,False,False,False,False,NOT_SCORED — the buyer default model does not describe supplier claims risk; limit monitored only,,,ACADEMIC SIMULATION — not actual trades
2022-04-25,True,BUY_JNPT_01,Taloja Alloys and Smelters Pvt Ltd (SIM),BUYER,560000000.0,"credit exposure = receivable + contracted-not-invoiced not covered by an advance (desk limit definition, P04 basis, evaluated daily) vs credit_limit_inr",0.0,226205355.7747,226205355.7747,0.0,226205355.7747,226205355.7747,0.40393814,0.0,0.40393814,0.40393814,0.0,0.0,0.48584554,19.0,36.33675565,0.02961459,0.0,0.48584554,0.02520711,B,0.0,B,0.9,1.0,False,False,False,False,False,False,False,False,False,MAINTAIN — watch utilisation; no increase without a clean review,560000000.0,,"ACADEMIC SIMULATION — not actual trades. Scores: illustrative logistic model trained on SYNTHETIC data, computed from information dated on or before each row's date"
2022-04-25,True,BUY_MUN_01,Kandla Metal Industries Pvt Ltd (SIM),BUYER,650000000.0,"credit exposure = receivable + contracted-not-invoiced not covered by an advance (desk limit definition, P04 basis, evaluated daily) vs credit_limit_inr",0.0,748718826.7946,748718826.7946,168840000.0,579878826.7946,579878826.7946,0.89212127,0.0,1.15187512,0.89212127,0.25975385,0.0,0.89212127,8.0,29.66735113,0.06772153,0.25975385,1.15187512,0.06359835,C,0.0,C,0.75,0.5,False,False,False,True,False,True,False,True,False,FREEZE — no increase; security for any credit balance; advance reliance capped at 0.5x limit,650000000.0,"SALE_CONTRACTED T01-S1 invoice ₹337.7m (advance ₹168.8m, credit ₹168.8m; P04 utilisation after 92.6%)","ACADEMIC SIMULATION — not actual trades. Scores: illustrative logistic model trained on SYNTHETIC data, computed from information dated on or before each row's date"
2022-04-25,True,BUY_RJK_01,Saurashtra Castings and Alloys Pvt Ltd (SIM),BUYER,120000000.0,"credit exposure = receivable + contracted-not-invoiced not covered by an advance (desk limit definition, P04 basis, evaluated daily) vs credit_limit_inr",0.0,0.0,0.0,0.0,0.0,0.0,0.0,0.0,0.0,0.0,0.0,0.0,0.0,37.0,14.48870637,0.0,0.0,0.0,0.0181485,A,0.0,A,1.0,1.0,False,False,False,False,False,False,False,False,False,MAINTAIN — eligible for a limit increase at the next review,120000000.0,,"ACADEMIC SIMULATION — not actual trades. Scores: illustrative logistic model trained on SYNTHETIC data, computed from information dated on or before each row's date"
2022-04-25,True,SUP_JEA_01,Khaleej Metal Resources FZE (SIM),SUPPLIER,45963720.0,claims/refunds owed by supplier (P3 supplier_exposure_inr) vs claims_exposure_limit_usd x usdinr,,,,,,4435048.4,0.0964902,,,,,,,,,,,,,NOT_SCORED,,NOT_SCORED,,,False,False,False,False,False,False,False,False,False,NOT_SCORED — the buyer default model does not describe supplier claims risk; limit monitored only,,,ACADEMIC SIMULATION — not actual trades
2022-04-25,True,SUP_USEC_01,Tidewater Recycling Corp (SIM),SUPPLIER,68945580.0,claims/refunds owed by supplier (P3 supplier_exposure_inr) vs claims_exposure_limit_usd x usdinr,,,,,,0.0,0.0,,,,,,,,,,,,,NOT_SCORED,,NOT_SCORED,,,False,False,False,False,False,False,False,False,False,NOT_SCORED — the buyer default model does not describe supplier claims risk; limit monitored only,,,ACADEMIC SIMULATION — not actual trades
2022-04-25,True,SUP_USEC_02,Delaware Bay Metals LLC (SIM),SUPPLIER,30642480.0,claims/refunds owed by supplier (P3 supplier_exposure_inr) vs claims_exposure_limit_usd x usdinr,,,,,,0.0,0.0,,,,,,,,,,,,,NOT_SCORED,,NOT_SCORED,,,False,False,False,False,False,False,False,False,False,NOT_SCORED — the buyer default model does not describe supplier claims risk; limit monitored only,,,ACADEMIC SIMULATION — not actual trades
2022-04-26,True,BUY_JNPT_01,Taloja Alloys and Smelters Pvt Ltd (SIM),BUYER,560000000.0,"credit exposure = receivable + contracted-not-invoiced not covered by an advance (desk limit definition, P04 basis, evaluated daily) vs credit_limit_inr",0.0,468132480.6087,468132480.6087,0.0,468132480.6087,468132480.6087,0.83595086,0.0,0.83595086,0.83595086,0.0,0.0,0.83595086,19.0,36.36960986,0.05776144,0.0,0.83595086,0.07295184,C,0.0,C,0.75,0.5,False,False,False,True,False,False,False,True,False,FREEZE — no increase; security for any credit balance; advance reliance capped at 0.5x limit,560000000.0,"SALE_CONTRACTED T03-S1 invoice ₹241.5m (advance ₹0.0m, credit ₹241.5m; P04 utilisation after 88.5%)","ACADEMIC SIMULATION — not actual trades. Scores: illustrative logistic model trained on SYNTHETIC data, computed from information dated on or before each row's date"
2022-04-26,True,BUY_MUN_01,Kandla Metal Industries Pvt Ltd (SIM),BUYER,650000000.0,"credit exposure = receivable + contracted-not-invoiced not covered by an advance (desk limit definition, P04 basis, evaluated daily) vs credit_limit_inr",0.0,750416251.5123998,750416251.5123998,168840000.0,581576251.5123999,581576251.5123999,0.89473269,0.0,1.15448654,0.89473269,0.25975385,0.0,0.89473269,8.0,29.70020534,0.06772153,0.25975385,1.15448654,0.06402457,C,0.0,C,0.75,0.5,False,False,False,True,False,True,False,True,False,FREEZE — no increase; security for any credit balance; advance reliance capped at 0.5x limit,650000000.0,,"ACADEMIC SIMULATION — not actual trades. Scores: illustrative logistic model trained on SYNTHETIC data, computed from information dated on or before each row's date"
2022-04-26,True,BUY_RJK_01,Saurashtra Castings and Alloys Pvt Ltd (SIM),BUYER,120000000.0,"credit exposure = receivable + contracted-not-invoiced not covered by an advance (desk limit definition, P04 basis, evaluated daily) vs credit_limit_inr",0.0,0.0,0.0,0.0,0.0,0.0,0.0,0.0,0.0,0.0,0.0,0.0,0.0,37.0,14.52156057,0.0,0.0,0.0,0.01813728,A,0.0,A,1.0,1.0,False,False,False,False,False,False,False,False,False,MAINTAIN — eligible for a limit increase at the next review,120000000.0,,"ACADEMIC SIMULATION — not actual trades. Scores: illustrative logistic model trained on SYNTHETIC data, computed from information dated on or before each row's date"
2022-04-26,True,SUP_JEA_01,Khaleej Metal Resources FZE (SIM),SUPPLIER,45939600.0,claims/refunds owed by supplier (P3 supplier_exposure_inr) vs claims_exposure_limit_usd x usdinr,,,,,,4066686.57,0.08852246,,,,,,,,,,,,,NOT_SCORED,,NOT_SCORED,,,False,False,False,False,False,False,False,False,False,NOT_SCORED — the buyer default model does not describe supplier claims risk; limit monitored only,,,ACADEMIC SIMULATION — not actual trades
2022-04-26,True,SUP_USEC_01,Tidewater Recycling Corp (SIM),SUPPLIER,68909400.0,claims/refunds owed by supplier (P3 supplier_exposure_inr) vs claims_exposure_limit_usd x usdinr,,,,,,0.0,0.0,,,,,,,,,,,,,NOT_SCORED,,NOT_SCORED,,,False,False,False,False,False,False,False,False,False,NOT_SCORED — the buyer default model does not describe supplier claims risk; limit monitored only,,,ACADEMIC SIMULATION — not actual trades
2022-04-26,True,SUP_USEC_02,Delaware Bay Metals LLC (SIM),SUPPLIER,30626400.0,claims/refunds owed by supplier (P3 supplier_exposure_inr) vs claims_exposure_limit_usd x usdinr,,,,,,0.0,0.0,,,,,,,,,,,,,NOT_SCORED,,NOT_SCORED,,,False,False,False,False,False,False,False,False,False,NOT_SCORED — the buyer default model does not describe supplier claims risk; limit monitored only,,,ACADEMIC SIMULATION — not actual trades
2022-04-27,True,BUY_JNPT_01,Taloja Alloys and Smelters Pvt Ltd (SIM),BUYER,560000000.0,"credit exposure = receivable + contracted-not-invoiced not covered by an advance (desk limit definition, P04 basis, evaluated daily) vs credit_limit_inr",0.0,468093758.5758999,468093758.5758999,0.0,468093758.5758999,468093758.5758999,0.83588171,0.0,0.83588171,0.83588171,0.0,0.0,0.83595086,19.0,36.40246407,0.05776144,0.0,0.83595086,0.07290927,C,0.0,C,0.75,0.5,False,False,False,True,False,False,False,True,False,FREEZE — no increase; security for any credit balance; advance reliance capped at 0.5x limit,560000000.0,,"ACADEMIC SIMULATION — not actual trades. Scores: illustrative logistic model trained on SYNTHETIC data, computed from information dated on or before each row's date"
2022-04-27,True,BUY_MUN_01,Kandla Metal Industries Pvt Ltd (SIM),BUYER,650000000.0,"credit exposure = receivable + contracted-not-invoiced not covered by an advance (desk limit definition, P04 basis, evaluated daily) vs credit_limit_inr",0.0,750211609.2223,750211609.2223,168840000.0,581371609.2223,581371609.2223,0.89441786,0.0,1.15417171,0.89441786,0.25975385,0.0,0.89473269,8.0,29.73305955,0.06772153,0.25975385,1.15448654,0.06398685,C,0.0,C,0.75,0.5,False,False,False,True,False,True,False,True,False,FREEZE — no increase; security for any credit balance; advance reliance capped at 0.5x limit,650000000.0,,"ACADEMIC SIMULATION — not actual trades. Scores: illustrative logistic model trained on SYNTHETIC data, computed from information dated on or before each row's date"
2022-04-27,True,BUY_RJK_01,Saurashtra Castings and Alloys Pvt Ltd (SIM),BUYER,120000000.0,"credit exposure = receivable + contracted-not-invoiced not covered by an advance (desk limit definition, P04 basis, evaluated daily) vs credit_limit_inr",0.0,0.0,0.0,0.0,0.0,0.0,0.0,0.0,0.0,0.0,0.0,0.0,0.0,37.0,14.55441478,0.0,0.0,0.0,0.01812607,A,0.0,A,1.0,1.0,False,False,False,False,False,False,False,False,False,MAINTAIN — eligible for a limit increase at the next review,120000000.0,,"ACADEMIC SIMULATION — not actual trades. Scores: illustrative logistic model trained on SYNTHETIC data, computed from information dated on or before each row's date"
2022-04-27,True,SUP_JEA_01,Khaleej Metal Resources FZE (SIM),SUPPLIER,45962700.0,claims/refunds owed by supplier (P3 supplier_exposure_inr) vs claims_exposure_limit_usd x usdinr,,,,,,4137559.53,0.09001994,,,,,,,,,,,,,NOT_SCORED,,NOT_SCORED,,,False,False,False,False,False,False,False,False,False,NOT_SCORED — the buyer default model does not describe supplier claims risk; limit monitored only,,,ACADEMIC SIMULATION — not actual trades
2022-04-27,True,SUP_USEC_01,Tidewater Recycling Corp (SIM),SUPPLIER,68944050.0,claims/refunds owed by supplier (P3 supplier_exposure_inr) vs claims_exposure_limit_usd x usdinr,,,,,,0.0,0.0,,,,,,,,,,,,,NOT_SCORED,,NOT_SCORED,,,False,False,False,False,False,False,False,False,False,NOT_SCORED — the buyer default model does not describe supplier claims risk; limit monitored only,,,ACADEMIC SIMULATION — not actual trades
2022-04-27,True,SUP_USEC_02,Delaware Bay Metals LLC (SIM),SUPPLIER,30641800.0,claims/refunds owed by supplier (P3 supplier_exposure_inr) vs claims_exposure_limit_usd x usdinr,,,,,,0.0,0.0,,,,,,,,,,,,,NOT_SCORED,,NOT_SCORED,,,False,False,False,False,False,False,False,False,False,NOT_SCORED — the buyer default model does not describe supplier claims risk; limit monitored only,,,ACADEMIC SIMULATION — not actual trades
2022-04-28,True,BUY_JNPT_01,Taloja Alloys and Smelters Pvt Ltd (SIM),BUYER,560000000.0,"credit exposure = receivable + contracted-not-invoiced not covered by an advance (desk limit definition, P04 basis, evaluated daily) vs credit_limit_inr",241500000.0,225924589.7655,467424589.7655,0.0,467424589.7655,467424589.7655,0.83468677,0.43125,0.83468677,0.83468677,0.0,0.0,0.83595086,19.0,36.43531828,0.05776144,0.0,0.83595086,0.07286672,C,0.0,C,0.75,0.5,False,False,False,True,False,False,False,True,False,FREEZE — no increase; security for any credit balance; advance reliance capped at 0.5x limit,560000000.0,,"ACADEMIC SIMULATION — not actual trades. Scores: illustrative logistic model trained on SYNTHETIC data, computed from information dated on or before each row's date"
2022-04-28,True,BUY_MUN_01,Kandla Metal Industries Pvt Ltd (SIM),BUYER,650000000.0,"credit exposure = receivable + contracted-not-invoiced not covered by an advance (desk limit definition, P04 basis, evaluated daily) vs credit_limit_inr",0.0,744894923.9395,744894923.9395,168840000.0,576054923.9395,576054923.9395,0.88623834,0.0,1.14599219,0.88623834,0.25975385,0.0,0.89473269,8.0,29.76591376,0.06772153,0.25975385,1.15448654,0.06394915,C,0.0,C,0.75,0.5,False,False,False,True,False,True,False,True,False,FREEZE — no increase; security for any credit balance; advance reliance capped at 0.5x limit,650000000.0,,"ACADEMIC SIMULATION — not actual trades. Scores: illustrative logistic model trained on SYNTHETIC data, computed from information dated on or before each row's date"
2022-04-28,True,BUY_RJK_01,Saurashtra Castings and Alloys Pvt Ltd (SIM),BUYER,120000000.0,"credit exposure = receivable + contracted-not-invoiced not covered by an advance (desk limit definition, P04 basis, evaluated daily) vs credit_limit_inr",0.0,0.0,0.0,0.0,0.0,0.0,0.0,0.0,0.0,0.0,0.0,0.0,0.0,37.0,14.58726899,0.0,0.0,0.0,0.01811487,A,0.0,A,1.0,1.0,False,False,False,False,False,False,False,False,False,MAINTAIN — eligible for a limit increase at the next review,120000000.0,,"ACADEMIC SIMULATION — not actual trades. Scores: illustrative logistic model trained on SYNTHETIC data, computed from information dated on or before each row's date"
2022-04-28,True,SUP_JEA_01,Khaleej Metal Resources FZE (SIM),SUPPLIER,45989700.0,claims/refunds owed by supplier (P3 supplier_exposure_inr) vs claims_exposure_limit_usd x usdinr,,,,,,5155057.47,0.11209157,,,,,,,,,,,,,NOT_SCORED,,NOT_SCORED,,,False,False,False,False,False,False,False,False,False,NOT_SCORED — the buyer default model does not describe supplier claims risk; limit monitored only,,,ACADEMIC SIMULATION — not actual trades
2022-04-28,True,SUP_USEC_01,Tidewater Recycling Corp (SIM),SUPPLIER,68984550.0,claims/refunds owed by supplier (P3 supplier_exposure_inr) vs claims_exposure_limit_usd x usdinr,,,,,,0.0,0.0,,,,,,,,,,,,,NOT_SCORED,,NOT_SCORED,,,False,False,False,False,False,False,False,False,False,NOT_SCORED — the buyer default model does not describe supplier claims risk; limit monitored only,,,ACADEMIC SIMULATION — not actual trades
2022-04-28,True,SUP_USEC_02,Delaware Bay Metals LLC (SIM),SUPPLIER,30659800.0,claims/refunds owed by supplier (P3 supplier_exposure_inr) vs claims_exposure_limit_usd x usdinr,,,,,,0.0,0.0,,,,,,,,,,,,,NOT_SCORED,,NOT_SCORED,,,False,False,False,False,False,False,False,False,False,NOT_SCORED — the buyer default model does not describe supplier claims risk; limit monitored only,,,ACADEMIC SIMULATION — not actual trades
2022-04-29,True,BUY_JNPT_01,Taloja Alloys and Smelters Pvt Ltd (SIM),BUYER,560000000.0,"credit exposure = receivable + contracted-not-invoiced not covered by an advance (desk limit definition, P04 basis, evaluated daily) vs credit_limit_inr",467095288.6695,0.0,467095288.6695,0.0,467095288.6695,467095288.6695,0.83409873,0.83409873,0.83409873,0.83409873,0.0,0.0,0.83595086,19.0,36.46817248,0.05776144,0.0,0.83595086,0.0728242,C,0.0,C,0.75,0.5,False,False,False,True,False,False,False,True,False,FREEZE — no increase; security for any credit balance; advance reliance capped at 0.5x limit,560000000.0,INVOICED T02-S1,"ACADEMIC SIMULATION — not actual trades. Scores: illustrative logistic model trained on SYNTHETIC data, computed from information dated on or before each row's date"
2022-04-29,True,BUY_MUN_01,Kandla Metal Industries Pvt Ltd (SIM),BUYER,650000000.0,"credit exposure = receivable + contracted-not-invoiced not covered by an advance (desk limit definition, P04 basis, evaluated daily) vs credit_limit_inr",0.0,739662190.1729,739662190.1729,168840000.0,570822190.1729,570822190.1729,0.87818798,0.0,1.13794183,0.87818798,0.25975385,0.0,0.89473269,8.0,29.79876797,0.06772153,0.25975385,1.15448654,0.06391148,C,0.0,C,0.75,0.5,False,False,False,True,False,True,False,True,False,FREEZE — no increase; security for any credit balance; advance reliance capped at 0.5x limit,650000000.0,,"ACADEMIC SIMULATION — not actual trades. Scores: illustrative logistic model trained on SYNTHETIC data, computed from information dated on or before each row's date"
2022-04-29,True,BUY_RJK_01,Saurashtra Castings and Alloys Pvt Ltd (SIM),BUYER,120000000.0,"credit exposure = receivable + contracted-not-invoiced not covered by an advance (desk limit definition, P04 basis, evaluated daily) vs credit_limit_inr",0.0,0.0,0.0,0.0,0.0,0.0,0.0,0.0,0.0,0.0,0.0,0.0,0.0,37.0,14.6201232,0.0,0.0,0.0,0.01810367,A,0.0,A,1.0,1.0,False,False,False,False,False,False,False,False,False,MAINTAIN — eligible for a limit increase at the next review,120000000.0,,"ACADEMIC SIMULATION — not actual trades. Scores: illustrative logistic model trained on SYNTHETIC data, computed from information dated on or before each row's date"
2022-04-29,True,SUP_JEA_01,Khaleej Metal Resources FZE (SIM),SUPPLIER,45903960.0,claims/refunds owed by supplier (P3 supplier_exposure_inr) vs claims_exposure_limit_usd x usdinr,,,,,,6199833.95,0.13506098,,,,,,,,,,,,,NOT_SCORED,,NOT_SCORED,,,False,False,False,False,False,False,False,False,False,NOT_SCORED — the buyer default model does not describe supplier claims risk; limit monitored only,,,ACADEMIC SIMULATION — not actual trades
2022-04-29,True,SUP_USEC_01,Tidewater Recycling Corp (SIM),SUPPLIER,68855940.0,claims/refunds owed by supplier (P3 supplier_exposure_inr) vs claims_exposure_limit_usd x usdinr,,,,,,0.0,0.0,,,,,,,,,,,,,NOT_SCORED,,NOT_SCORED,,,False,False,False,False,False,False,False,False,False,NOT_SCORED — the buyer default model does not describe supplier claims risk; limit monitored only,,,ACADEMIC SIMULATION — not actual trades
2022-04-29,True,SUP_USEC_02,Delaware Bay Metals LLC (SIM),SUPPLIER,30602640.0,claims/refunds owed by supplier (P3 supplier_exposure_inr) vs claims_exposure_limit_usd x usdinr,,,,,,0.0,0.0,,,,,,,,,,,,,NOT_SCORED,,NOT_SCORED,,,False,False,False,False,False,False,False,False,False,NOT_SCORED — the buyer default model does not describe supplier claims risk; limit monitored only,,,ACADEMIC SIMULATION — not actual trades
2022-05-03,True,BUY_JNPT_01,Taloja Alloys and Smelters Pvt Ltd (SIM),BUYER,560000000.0,"credit exposure = receivable + contracted-not-invoiced not covered by an advance (desk limit definition, P04 basis, evaluated daily) vs credit_limit_inr",467095288.6695,0.0,467095288.6695,0.0,467095288.6695,467095288.6695,0.83409873,0.83409873,0.83409873,0.83409873,0.0,0.0,0.83595086,19.0,36.59958932,0.05776144,0.0,0.83595086,0.07265433,C,0.0,C,0.75,0.5,False,False,False,True,False,False,False,True,False,FREEZE — no increase; security for any credit balance; advance reliance capped at 0.5x limit,560000000.0,,"ACADEMIC SIMULATION — not actual trades. Scores: illustrative logistic model trained on SYNTHETIC data, computed from information dated on or before each row's date"
2022-05-03,True,BUY_MUN_01,Kandla Metal Industries Pvt Ltd (SIM),BUYER,650000000.0,"credit exposure = receivable + contracted-not-invoiced not covered by an advance (desk limit definition, P04 basis, evaluated daily) vs credit_limit_inr",0.0,719855115.4462,719855115.4462,168840000.0,551015115.4462,551015115.4462,0.84771556,0.0,1.10746941,0.84771556,0.25975385,0.0,0.89473269,8.0,29.9301848,0.06772153,0.25975385,1.15448654,0.06376097,C,0.0,C,0.75,0.5,False,False,False,True,False,True,False,True,False,FREEZE — no increase; security for any credit balance; advance reliance capped at 0.5x limit,650000000.0,,"ACADEMIC SIMULATION — not actual trades. Scores: illustrative logistic model trained on SYNTHETIC data, computed from information dated on or before each row's date"
2022-05-03,True,BUY_RJK_01,Saurashtra Castings and Alloys Pvt Ltd (SIM),BUYER,120000000.0,"credit exposure = receivable + contracted-not-invoiced not covered by an advance (desk limit definition, P04 basis, evaluated daily) vs credit_limit_inr",0.0,0.0,0.0,0.0,0.0,0.0,0.0,0.0,0.0,0.0,0.0,0.0,0.0,37.0,14.75154004,0.0,0.0,0.0,0.01805896,A,0.0,A,1.0,1.0,False,False,False,False,False,False,False,False,False,MAINTAIN — eligible for a limit increase at the next review,120000000.0,,"ACADEMIC SIMULATION — not actual trades. Scores: illustrative logistic model trained on SYNTHETIC data, computed from information dated on or before each row's date"
2022-05-03,True,SUP_JEA_01,Khaleej Metal Resources FZE (SIM),SUPPLIER,45950340.0,claims/refunds owed by supplier (P3 supplier_exposure_inr) vs claims_exposure_limit_usd x usdinr,,,,,,13472902.16,0.29320571,,,,,,,,,,,,,NOT_SCORED,,NOT_SCORED,,,False,False,False,False,False,False,False,False,False,NOT_SCORED — the buyer default model does not describe supplier claims risk; limit monitored only,,,ACADEMIC SIMULATION — not actual trades
2022-05-03,True,SUP_USEC_01,Tidewater Recycling Corp (SIM),SUPPLIER,68925510.0,claims/refunds owed by supplier (P3 supplier_exposure_inr) vs claims_exposure_limit_usd x usdinr,,,,,,0.0,0.0,,,,,,,,,,,,,NOT_SCORED,,NOT_SCORED,,,False,False,False,False,False,False,False,False,False,NOT_SCORED — the buyer default model does not describe supplier claims risk; limit monitored only,,,ACADEMIC SIMULATION — not actual trades
2022-05-03,True,SUP_USEC_02,Delaware Bay Metals LLC (SIM),SUPPLIER,30633560.0,claims/refunds owed by supplier (P3 supplier_exposure_inr) vs claims_exposure_limit_usd x usdinr,,,,,,0.0,0.0,,,,,,,,,,,,,NOT_SCORED,,NOT_SCORED,,,False,False,False,False,False,False,False,False,False,NOT_SCORED — the buyer default model does not describe supplier claims risk; limit monitored only,,,ACADEMIC SIMULATION — not actual trades
2022-05-04,True,BUY_JNPT_01,Taloja Alloys and Smelters Pvt Ltd (SIM),BUYER,560000000.0,"credit exposure = receivable + contracted-not-invoiced not covered by an advance (desk limit definition, P04 basis, evaluated daily) vs credit_limit_inr",467095288.6695,0.0,467095288.6695,0.0,467095288.6695,467095288.6695,0.83409873,0.83409873,0.83409873,0.83409873,0.0,0.0,0.83595086,19.0,36.63244353,0.05776144,0.0,0.83595086,0.07261193,C,0.0,C,0.75,0.5,False,False,False,True,False,False,False,True,False,FREEZE — no increase; security for any credit balance; advance reliance capped at 0.5x limit,560000000.0,,"ACADEMIC SIMULATION — not actual trades. Scores: illustrative logistic model trained on SYNTHETIC data, computed from information dated on or before each row's date"
2022-05-04,True,BUY_MUN_01,Kandla Metal Industries Pvt Ltd (SIM),BUYER,650000000.0,"credit exposure = receivable + contracted-not-invoiced not covered by an advance (desk limit definition, P04 basis, evaluated daily) vs credit_limit_inr",0.0,721574462.9936,721574462.9936,168840000.0,552734462.9936,552734462.9936,0.85036071,0.0,1.11011456,0.85036071,0.25975385,0.0,0.89473269,8.0,29.96303901,0.06772153,0.25975385,1.15448654,0.0637234,C,0.0,C,0.75,0.5,False,False,False,True,False,True,False,True,False,FREEZE — no increase; security for any credit balance; advance reliance capped at 0.5x limit,650000000.0,,"ACADEMIC SIMULATION — not actual trades. Scores: illustrative logistic model trained on SYNTHETIC data, computed from information dated on or before each row's date"
2022-05-04,True,BUY_RJK_01,Saurashtra Castings and Alloys Pvt Ltd (SIM),BUYER,120000000.0,"credit exposure = receivable + contracted-not-invoiced not covered by an advance (desk limit definition, P04 basis, evaluated daily) vs credit_limit_inr",0.0,0.0,0.0,0.0,0.0,0.0,0.0,0.0,0.0,0.0,0.0,0.0,0.0,37.0,14.78439425,0.0,0.0,0.0,0.0180478,A,0.0,A,1.0,1.0,False,False,False,False,False,False,False,False,False,MAINTAIN — eligible for a limit increase at the next review,120000000.0,,"ACADEMIC SIMULATION — not actual trades. Scores: illustrative logistic model trained on SYNTHETIC data, computed from information dated on or before each row's date"
2022-05-04,True,SUP_JEA_01,Khaleej Metal Resources FZE (SIM),SUPPLIER,45809580.0,claims/refunds owed by supplier (P3 supplier_exposure_inr) vs claims_exposure_limit_usd x usdinr,,,,,,12478357.55,0.27239624,,,,,,,,,,,,,NOT_SCORED,,NOT_SCORED,,,False,False,False,False,False,False,False,False,False,NOT_SCORED — the buyer default model does not describe supplier claims risk; limit monitored only,,,ACADEMIC SIMULATION — not actual trades
2022-05-04,True,SUP_USEC_01,Tidewater Recycling Corp (SIM),SUPPLIER,68714370.0,claims/refunds owed by supplier (P3 supplier_exposure_inr) vs claims_exposure_limit_usd x usdinr,,,,,,0.0,0.0,,,,,,,,,,,,,NOT_SCORED,,NOT_SCORED,,,False,False,False,False,False,False,False,False,False,NOT_SCORED — the buyer default model does not describe supplier claims risk; limit monitored only,,,ACADEMIC SIMULATION — not actual trades
2022-05-04,True,SUP_USEC_02,Delaware Bay Metals LLC (SIM),SUPPLIER,30539720.0,claims/refunds owed by supplier (P3 supplier_exposure_inr) vs claims_exposure_limit_usd x usdinr,,,,,,0.0,0.0,,,,,,,,,,,,,NOT_SCORED,,NOT_SCORED,,,False,False,False,False,False,False,False,False,False,NOT_SCORED — the buyer default model does not describe supplier claims risk; limit monitored only,,,ACADEMIC SIMULATION — not actual trades
2022-05-05,True,BUY_JNPT_01,Taloja Alloys and Smelters Pvt Ltd (SIM),BUYER,560000000.0,"credit exposure = receivable + contracted-not-invoiced not covered by an advance (desk limit definition, P04 basis, evaluated daily) vs credit_limit_inr",467095288.6695,0.0,467095288.6695,0.0,467095288.6695,467095288.6695,0.83409873,0.83409873,0.83409873,0.83409873,0.0,0.0,0.83595086,19.0,36.66529774,0.05776144,0.0,0.83595086,0.07256954,C,0.0,C,0.75,0.5,False,False,False,True,False,False,False,True,False,FREEZE — no increase; security for any credit balance; advance reliance capped at 0.5x limit,560000000.0,,"ACADEMIC SIMULATION — not actual trades. Scores: illustrative logistic model trained on SYNTHETIC data, computed from information dated on or before each row's date"
2022-05-05,True,BUY_MUN_01,Kandla Metal Industries Pvt Ltd (SIM),BUYER,650000000.0,"credit exposure = receivable + contracted-not-invoiced not covered by an advance (desk limit definition, P04 basis, evaluated daily) vs credit_limit_inr",0.0,719195608.3756,719195608.3756,168840000.0,550355608.3756,550355608.3756,0.84670094,0.0,1.10645478,0.84670094,0.25975385,0.0,0.89473269,8.0,29.99589322,0.06772153,0.25975385,1.15448654,0.06368584,C,0.0,C,0.75,0.5,False,False,False,True,False,True,False,True,False,FREEZE — no increase; security for any credit balance; advance reliance capped at 0.5x limit,650000000.0,,"ACADEMIC SIMULATION — not actual trades. Scores: illustrative logistic model trained on SYNTHETIC data, computed from information dated on or before each row's date"
2022-05-05,True,BUY_RJK_01,Saurashtra Castings and Alloys Pvt Ltd (SIM),BUYER,120000000.0,"credit exposure = receivable + contracted-not-invoiced not covered by an advance (desk limit definition, P04 basis, evaluated daily) vs credit_limit_inr",0.0,0.0,0.0,0.0,0.0,0.0,0.0,0.0,0.0,0.0,0.0,0.0,0.0,37.0,14.81724846,0.0,0.0,0.0,0.01803665,A,0.0,A,1.0,1.0,False,False,False,False,False,False,False,False,False,MAINTAIN — eligible for a limit increase at the next review,120000000.0,,"ACADEMIC SIMULATION — not actual trades. Scores: illustrative logistic model trained on SYNTHETIC data, computed from information dated on or before each row's date"
2022-05-05,True,SUP_JEA_01,Khaleej Metal Resources FZE (SIM),SUPPLIER,45771300.0,claims/refunds owed by supplier (P3 supplier_exposure_inr) vs claims_exposure_limit_usd x usdinr,,,,,,13149107.77,0.28727844,,,,,,,,,,,,,NOT_SCORED,,NOT_SCORED,,,False,False,False,False,False,False,False,False,False,NOT_SCORED — the buyer default model does not describe supplier claims risk; limit monitored only,,,ACADEMIC SIMULATION — not actual trades
2022-05-05,True,SUP_USEC_01,Tidewater Recycling Corp (SIM),SUPPLIER,68656950.0,claims/refunds owed by supplier (P3 supplier_exposure_inr) vs claims_exposure_limit_usd x usdinr,,,,,,0.0,0.0,,,,,,,,,,,,,NOT_SCORED,,NOT_SCORED,,,False,False,False,False,False,False,False,False,False,NOT_SCORED — the buyer default model does not describe supplier claims risk; limit monitored only,,,ACADEMIC SIMULATION — not actual trades
2022-05-05,True,SUP_USEC_02,Delaware Bay Metals LLC (SIM),SUPPLIER,30514200.0,claims/refunds owed by supplier (P3 supplier_exposure_inr) vs claims_exposure_limit_usd x usdinr,,,,,,0.0,0.0,,,,,,,,,,,,,NOT_SCORED,,NOT_SCORED,,,False,False,False,False,False,False,False,False,False,NOT_SCORED — the buyer default model does not describe supplier claims risk; limit monitored only,,,ACADEMIC SIMULATION — not actual trades
2022-05-06,True,BUY_JNPT_01,Taloja Alloys and Smelters Pvt Ltd (SIM),BUYER,560000000.0,"credit exposure = receivable + contracted-not-invoiced not covered by an advance (desk limit definition, P04 basis, evaluated daily) vs credit_limit_inr",467095288.6695,0.0,467095288.6695,0.0,467095288.6695,467095288.6695,0.83409873,0.83409873,0.83409873,0.83409873,0.0,0.0,0.83595086,19.0,36.69815195,0.05776144,0.0,0.83595086,0.07252718,C,0.0,C,0.75,0.5,False,False,False,True,False,False,False,True,False,FREEZE — no increase; security for any credit balance; advance reliance capped at 0.5x limit,560000000.0,,"ACADEMIC SIMULATION — not actual trades. Scores: illustrative logistic model trained on SYNTHETIC data, computed from information dated on or before each row's date"
2022-05-06,True,BUY_MUN_01,Kandla Metal Industries Pvt Ltd (SIM),BUYER,650000000.0,"credit exposure = receivable + contracted-not-invoiced not covered by an advance (desk limit definition, P04 basis, evaluated daily) vs credit_limit_inr",0.0,709322404.2639,709322404.2639,168840000.0,540482404.2639,540482404.2639,0.83151139,0.0,1.09126524,0.83151139,0.25975385,0.0,0.89473269,8.0,30.02874743,0.06772153,0.25975385,1.15448654,0.06364831,C,0.0,C,0.75,0.5,False,False,False,True,False,True,False,True,False,FREEZE — no increase; security for any credit balance; advance reliance capped at 0.5x limit,650000000.0,,"ACADEMIC SIMULATION — not actual trades. Scores: illustrative logistic model trained on SYNTHETIC data, computed from information dated on or before each row's date"
2022-05-06,True,BUY_RJK_01,Saurashtra Castings and Alloys Pvt Ltd (SIM),BUYER,120000000.0,"credit exposure = receivable + contracted-not-invoiced not covered by an advance (desk limit definition, P04 basis, evaluated daily) vs credit_limit_inr",0.0,0.0,0.0,0.0,0.0,0.0,0.0,0.0,0.0,0.0,0.0,0.0,0.0,37.0,14.85010267,0.0,0.0,0.0,0.0180255,A,0.0,A,1.0,1.0,False,False,False,False,False,False,False,False,False,MAINTAIN — eligible for a limit increase at the next review,120000000.0,,"ACADEMIC SIMULATION — not actual trades. Scores: illustrative logistic model trained on SYNTHETIC data, computed from information dated on or before each row's date"
2022-05-06,True,SUP_JEA_01,Khaleej Metal Resources FZE (SIM),SUPPLIER,46148340.0,claims/refunds owed by supplier (P3 supplier_exposure_inr) vs claims_exposure_limit_usd x usdinr,,,,,,17500397.43,0.37922052,,,,,,,,,,,,,NOT_SCORED,,NOT_SCORED,,,False,False,False,False,False,False,False,False,False,NOT_SCORED — the buyer default model does not describe supplier claims risk; limit monitored only,,,ACADEMIC SIMULATION — not actual trades
2022-05-06,True,SUP_USEC_01,Tidewater Recycling Corp (SIM),SUPPLIER,69222510.0,claims/refunds owed by supplier (P3 supplier_exposure_inr) vs claims_exposure_limit_usd x usdinr,,,,,,0.0,0.0,,,,,,,,,,,,,NOT_SCORED,,NOT_SCORED,,,False,False,False,False,False,False,False,False,False,NOT_SCORED — the buyer default model does not describe supplier claims risk; limit monitored only,,,ACADEMIC SIMULATION — not actual trades
2022-05-06,True,SUP_USEC_02,Delaware Bay Metals LLC (SIM),SUPPLIER,30765560.0,claims/refunds owed by supplier (P3 supplier_exposure_inr) vs claims_exposure_limit_usd x usdinr,,,,,,0.0,0.0,,,,,,,,,,,,,NOT_SCORED,,NOT_SCORED,,,False,False,False,False,False,False,False,False,False,NOT_SCORED — the buyer default model does not describe supplier claims risk; limit monitored only,,,ACADEMIC SIMULATION — not actual trades
2022-05-09,True,BUY_JNPT_01,Taloja Alloys and Smelters Pvt Ltd (SIM),BUYER,560000000.0,"credit exposure = receivable + contracted-not-invoiced not covered by an advance (desk limit definition, P04 basis, evaluated daily) vs credit_limit_inr",467095288.6695,0.0,467095288.6695,0.0,467095288.6695,467095288.6695,0.83409873,0.83409873,0.83409873,0.83409873,0.0,0.0,0.83595086,19.0,36.79671458,0.05776144,0.0,0.83595086,0.07240022,C,0.0,C,0.75,0.5,False,False,False,True,False,False,False,True,False,FREEZE — no increase; security for any credit balance; advance reliance capped at 0.5x limit,560000000.0,INVOICED T03-S1,"ACADEMIC SIMULATION — not actual trades. Scores: illustrative logistic model trained on SYNTHETIC data, computed from information dated on or before each row's date"
2022-05-09,True,BUY_MUN_01,Kandla Metal Industries Pvt Ltd (SIM),BUYER,650000000.0,"credit exposure = receivable + contracted-not-invoiced not covered by an advance (desk limit definition, P04 basis, evaluated daily) vs credit_limit_inr",0.0,691863061.0564001,691863061.0564001,168840000.0,523023061.05640006,523023061.05640006,0.80465086,0.0,1.06440471,0.80465086,0.25975385,0.0,0.89473269,8.0,30.12731006,0.06772153,0.25975385,1.15448654,0.06353583,C,0.0,C,0.75,0.5,False,False,False,True,False,True,False,True,False,FREEZE — no increase; security for any credit balance; advance reliance capped at 0.5x limit,650000000.0,,"ACADEMIC SIMULATION — not actual trades. Scores: illustrative logistic model trained on SYNTHETIC data, computed from information dated on or before each row's date"
2022-05-09,True,BUY_RJK_01,Saurashtra Castings and Alloys Pvt Ltd (SIM),BUYER,120000000.0,"credit exposure = receivable + contracted-not-invoiced not covered by an advance (desk limit definition, P04 basis, evaluated daily) vs credit_limit_inr",0.0,151620000.0,151620000.0,151620000.0,0.0,0.0,0.0,0.0,1.2635,0.0,1.2635,0.0,0.0,37.0,14.9486653,0.12674608,1.2635,1.2635,0.02477608,B,1.0,C,0.75,0.5,False,False,False,False,True,True,False,False,True,FREEZE — no increase; security for any credit balance; advance reliance capped at 0.5x limit,120000000.0,"SALE_CONTRACTED T01-S2 invoice ₹151.6m (advance ₹151.6m, credit ₹0.0m; P04 utilisation after 0.0%)","ACADEMIC SIMULATION — not actual trades. Scores: illustrative logistic model trained on SYNTHETIC data, computed from information dated on or before each row's date"
2022-05-09,True,SUP_JEA_01,Khaleej Metal Resources FZE (SIM),SUPPLIER,46448460.0,claims/refunds owed by supplier (P3 supplier_exposure_inr) vs claims_exposure_limit_usd x usdinr,,,,,,23634303.0,0.50882856,,,,,,,,,,,,,NOT_SCORED,,NOT_SCORED,,,False,False,False,False,False,False,False,False,False,NOT_SCORED — the buyer default model does not describe supplier claims risk; limit monitored only,,,ACADEMIC SIMULATION — not actual trades
2022-05-09,True,SUP_USEC_01,Tidewater Recycling Corp (SIM),SUPPLIER,69672690.0,claims/refunds owed by supplier (P3 supplier_exposure_inr) vs claims_exposure_limit_usd x usdinr,,,,,,0.0,0.0,,,,,,,,,,,,,NOT_SCORED,,NOT_SCORED,,,False,False,False,False,False,False,False,False,False,NOT_SCORED — the buyer default model does not describe supplier claims risk; limit monitored only,,,ACADEMIC SIMULATION — not actual trades
2022-05-09,True,SUP_USEC_02,Delaware Bay Metals LLC (SIM),SUPPLIER,30965640.0,claims/refunds owed by supplier (P3 supplier_exposure_inr) vs claims_exposure_limit_usd x usdinr,,,,,,0.0,0.0,,,,,,,,,,,,,NOT_SCORED,,NOT_SCORED,,,False,False,False,False,False,False,False,False,False,NOT_SCORED — the buyer default model does not describe supplier claims risk; limit monitored only,,,ACADEMIC SIMULATION — not actual trades
2022-05-10,True,BUY_JNPT_01,Taloja Alloys and Smelters Pvt Ltd (SIM),BUYER,560000000.0,"credit exposure = receivable + contracted-not-invoiced not covered by an advance (desk limit definition, P04 basis, evaluated daily) vs credit_limit_inr",467095288.6695,0.0,467095288.6695,0.0,467095288.6695,467095288.6695,0.83409873,0.83409873,0.83409873,0.83409873,0.0,0.0,0.83595086,19.0,36.82956879,0.05776144,0.0,0.83595086,0.07235795,C,0.0,C,0.75,0.5,False,False,False,True,False,False,False,True,False,FREEZE — no increase; security for any credit balance; advance reliance capped at 0.5x limit,560000000.0,,"ACADEMIC SIMULATION — not actual trades. Scores: illustrative logistic model trained on SYNTHETIC data, computed from information dated on or before each row's date"
2022-05-10,True,BUY_MUN_01,Kandla Metal Industries Pvt Ltd (SIM),BUYER,650000000.0,"credit exposure = receivable + contracted-not-invoiced not covered by an advance (desk limit definition, P04 basis, evaluated daily) vs credit_limit_inr",0.0,685907385.177,685907385.177,168840000.0,517067385.1770001,517067385.1770001,0.79548828,0.0,1.05524213,0.79548828,0.25975385,0.0,0.89473269,8.0,30.16016427,0.06772153,0.25975385,1.15448654,0.06349838,C,0.0,C,0.75,0.5,False,False,False,False,False,True,False,True,False,FREEZE — no increase; security for any credit balance; advance reliance capped at 0.5x limit,650000000.0,,"ACADEMIC SIMULATION — not actual trades. Scores: illustrative logistic model trained on SYNTHETIC data, computed from information dated on or before each row's date"
2022-05-10,True,BUY_RJK_01,Saurashtra Castings and Alloys Pvt Ltd (SIM),BUYER,120000000.0,"credit exposure = receivable + contracted-not-invoiced not covered by an advance (desk limit definition, P04 basis, evaluated daily) vs credit_limit_inr",0.0,151620000.0,151620000.0,151620000.0,0.0,0.0,0.0,0.0,1.2635,0.0,1.2635,0.0,0.0,37.0,14.98151951,0.12674608,1.2635,1.2635,0.02476087,B,1.0,C,0.75,0.5,False,False,False,False,True,True,False,False,True,FREEZE — no increase; security for any credit balance; advance reliance capped at 0.5x limit,120000000.0,,"ACADEMIC SIMULATION — not actual trades. Scores: illustrative logistic model trained on SYNTHETIC data, computed from information dated on or before each row's date"
2022-05-10,True,SUP_JEA_01,Khaleej Metal Resources FZE (SIM),SUPPLIER,46357320.00000001,claims/refunds owed by supplier (P3 supplier_exposure_inr) vs claims_exposure_limit_usd x usdinr,,,,,,25028116.76,0.53989568,,,,,,,,,,,,,NOT_SCORED,,NOT_SCORED,,,False,False,False,False,False,False,False,False,False,NOT_SCORED — the buyer default model does not describe supplier claims risk; limit monitored only,,,ACADEMIC SIMULATION — not actual trades
2022-05-10,True,SUP_USEC_01,Tidewater Recycling Corp (SIM),SUPPLIER,69535980.0,claims/refunds owed by supplier (P3 supplier_exposure_inr) vs claims_exposure_limit_usd x usdinr,,,,,,0.0,0.0,,,,,,,,,,,,,NOT_SCORED,,NOT_SCORED,,,False,False,False,False,False,False,False,False,False,NOT_SCORED — the buyer default model does not describe supplier claims risk; limit monitored only,,,ACADEMIC SIMULATION — not actual trades
2022-05-10,True,SUP_USEC_02,Delaware Bay Metals LLC (SIM),SUPPLIER,30904880.0,claims/refunds owed by supplier (P3 supplier_exposure_inr) vs claims_exposure_limit_usd x usdinr,,,,,,0.0,0.0,,,,,,,,,,,,,NOT_SCORED,,NOT_SCORED,,,False,False,False,False,False,False,False,False,False,NOT_SCORED — the buyer default model does not describe supplier claims risk; limit monitored only,,,ACADEMIC SIMULATION — not actual trades
2022-05-11,True,BUY_JNPT_01,Taloja Alloys and Smelters Pvt Ltd (SIM),BUYER,560000000.0,"credit exposure = receivable + contracted-not-invoiced not covered by an advance (desk limit definition, P04 basis, evaluated daily) vs credit_limit_inr",467095288.6695,0.0,467095288.6695,0.0,467095288.6695,467095288.6695,0.83409873,0.83409873,0.83409873,0.83409873,0.0,0.0,0.83595086,19.0,36.862423,0.05776144,0.0,0.83595086,0.0723157,C,0.0,C,0.75,0.5,False,False,False,True,False,False,False,True,False,FREEZE — no increase; security for any credit balance; advance reliance capped at 0.5x limit,560000000.0,,"ACADEMIC SIMULATION — not actual trades. Scores: illustrative logistic model trained on SYNTHETIC data, computed from information dated on or before each row's date"
2022-05-11,True,BUY_MUN_01,Kandla Metal Industries Pvt Ltd (SIM),BUYER,650000000.0,"credit exposure = receivable + contracted-not-invoiced not covered by an advance (desk limit definition, P04 basis, evaluated daily) vs credit_limit_inr",0.0,695369414.0665,695369414.0665,168840000.0,526529414.06649995,526529414.06649995,0.81004525,0.0,1.0697991,0.81004525,0.25975385,0.0,0.89473269,8.0,30.19301848,0.06772153,0.25975385,1.15448654,0.06346095,C,0.0,C,0.75,0.5,False,False,False,True,False,True,False,True,False,FREEZE — no increase; security for any credit balance; advance reliance capped at 0.5x limit,650000000.0,,"ACADEMIC SIMULATION — not actual trades. Scores: illustrative logistic model trained on SYNTHETIC data, computed from information dated on or before each row's date"
2022-05-11,True,BUY_RJK_01,Saurashtra Castings and Alloys Pvt Ltd (SIM),BUYER,120000000.0,"credit exposure = receivable + contracted-not-invoiced not covered by an advance (desk limit definition, P04 basis, evaluated daily) vs credit_limit_inr",0.0,151620000.0,151620000.0,151620000.0,0.0,0.0,0.0,0.0,1.2635,0.0,1.2635,0.0,0.0,37.0,15.01437372,0.12674608,1.2635,1.2635,0.02474567,B,1.0,C,0.75,0.5,False,False,False,False,True,True,False,False,True,FREEZE — no increase; security for any credit balance; advance reliance capped at 0.5x limit,120000000.0,,"ACADEMIC SIMULATION — not actual trades. Scores: illustrative logistic model trained on SYNTHETIC data, computed from information dated on or before each row's date"
2022-05-11,True,SUP_JEA_01,Khaleej Metal Resources FZE (SIM),SUPPLIER,46333860.0,claims/refunds owed by supplier (P3 supplier_exposure_inr) vs claims_exposure_limit_usd x usdinr,,,,,,22502176.07,0.48565296,,,,,,,,,,,,,NOT_SCORED,,NOT_SCORED,,,False,False,False,False,False,False,False,False,False,NOT_SCORED — the buyer default model does not describe supplier claims risk; limit monitored only,,,ACADEMIC SIMULATION — not actual trades
2022-05-11,True,SUP_USEC_01,Tidewater Recycling Corp (SIM),SUPPLIER,69500790.0,claims/refunds owed by supplier (P3 supplier_exposure_inr) vs claims_exposure_limit_usd x usdinr,,,,,,0.0,0.0,,,,,,,,,,,,,NOT_SCORED,,NOT_SCORED,,,False,False,False,False,False,False,False,False,False,NOT_SCORED — the buyer default model does not describe supplier claims risk; limit monitored only,,,ACADEMIC SIMULATION — not actual trades
2022-05-11,True,SUP_USEC_02,Delaware Bay Metals LLC (SIM),SUPPLIER,30889240.0,claims/refunds owed by supplier (P3 supplier_exposure_inr) vs claims_exposure_limit_usd x usdinr,,,,,,0.0,0.0,,,,,,,,,,,,,NOT_SCORED,,NOT_SCORED,,,False,False,False,False,False,False,False,False,False,NOT_SCORED — the buyer default model does not describe supplier claims risk; limit monitored only,,,ACADEMIC SIMULATION — not actual trades
2022-05-12,True,BUY_JNPT_01,Taloja Alloys and Smelters Pvt Ltd (SIM),BUYER,560000000.0,"credit exposure = receivable + contracted-not-invoiced not covered by an advance (desk limit definition, P04 basis, evaluated daily) vs credit_limit_inr",467095288.6695,0.0,467095288.6695,0.0,467095288.6695,467095288.6695,0.83409873,0.83409873,0.83409873,0.83409873,0.0,0.0,0.83595086,19.0,36.89527721,0.05776144,0.0,0.83595086,0.07227347,C,0.0,C,0.75,0.5,False,False,False,True,False,False,False,True,False,FREEZE — no increase; security for any credit balance; advance reliance capped at 0.5x limit,560000000.0,,"ACADEMIC SIMULATION — not actual trades. Scores: illustrative logistic model trained on SYNTHETIC data, computed from information dated on or before each row's date"
2022-05-12,True,BUY_MUN_01,Kandla Metal Industries Pvt Ltd (SIM),BUYER,650000000.0,"credit exposure = receivable + contracted-not-invoiced not covered by an advance (desk limit definition, P04 basis, evaluated daily) vs credit_limit_inr",0.0,688951956.7179999,688951956.7179999,168840000.0,520111956.71799994,520111956.71799994,0.80017224,0.0,1.05992609,0.80017224,0.25975385,0.0,0.89473269,8.0,30.22587269,0.06772153,0.25975385,1.15448654,0.06342354,C,0.0,C,0.75,0.5,False,False,False,True,False,True,False,True,False,FREEZE — no increase; security for any credit balance; advance reliance capped at 0.5x limit,650000000.0,,"ACADEMIC SIMULATION — not actual trades. Scores: illustrative logistic model trained on SYNTHETIC data, computed from information dated on or before each row's date"
2022-05-12,True,BUY_RJK_01,Saurashtra Castings and Alloys Pvt Ltd (SIM),BUYER,120000000.0,"credit exposure = receivable + contracted-not-invoiced not covered by an advance (desk limit definition, P04 basis, evaluated daily) vs credit_limit_inr",0.0,151620000.0,151620000.0,151620000.0,0.0,0.0,0.0,0.0,1.2635,0.0,1.2635,0.0,0.0,37.0,15.04722793,0.12674608,1.2635,1.2635,0.02473048,B,1.0,C,0.75,0.5,False,False,False,False,True,True,False,False,True,FREEZE — no increase; security for any credit balance; advance reliance capped at 0.5x limit,120000000.0,,"ACADEMIC SIMULATION — not actual trades. Scores: illustrative logistic model trained on SYNTHETIC data, computed from information dated on or before each row's date"
2022-05-12,True,SUP_JEA_01,Khaleej Metal Resources FZE (SIM),SUPPLIER,46502880.0,claims/refunds owed by supplier (P3 supplier_exposure_inr) vs claims_exposure_limit_usd x usdinr,,,,,,24539916.47,0.52770746,,,,,,,,,,,,,NOT_SCORED,,NOT_SCORED,,,False,False,False,False,False,False,False,False,False,NOT_SCORED — the buyer default model does not describe supplier claims risk; limit monitored only,,,ACADEMIC SIMULATION — not actual trades
2022-05-12,True,SUP_USEC_01,Tidewater Recycling Corp (SIM),SUPPLIER,69754320.0,claims/refunds owed by supplier (P3 supplier_exposure_inr) vs claims_exposure_limit_usd x usdinr,,,,,,0.0,0.0,,,,,,,,,,,,,NOT_SCORED,,NOT_SCORED,,,False,False,False,False,False,False,False,False,False,NOT_SCORED — the buyer default model does not describe supplier claims risk; limit monitored only,,,ACADEMIC SIMULATION — not actual trades
2022-05-12,True,SUP_USEC_02,Delaware Bay Metals LLC (SIM),SUPPLIER,31001920.0,claims/refunds owed by supplier (P3 supplier_exposure_inr) vs claims_exposure_limit_usd x usdinr,,,,,,0.0,0.0,,,,,,,,,,,,,NOT_SCORED,,NOT_SCORED,,,False,False,False,False,False,False,False,False,False,NOT_SCORED — the buyer default model does not describe supplier claims risk; limit monitored only,,,ACADEMIC SIMULATION — not actual trades
2022-05-13,True,BUY_JNPT_01,Taloja Alloys and Smelters Pvt Ltd (SIM),BUYER,560000000.0,"credit exposure = receivable + contracted-not-invoiced not covered by an advance (desk limit definition, P04 basis, evaluated daily) vs credit_limit_inr",467095288.6695,0.0,467095288.6695,0.0,467095288.6695,467095288.6695,0.83409873,0.83409873,0.83409873,0.83409873,0.0,0.0,0.83595086,19.0,36.92813142,0.05776144,0.0,0.83595086,0.07223127,C,0.0,C,0.75,0.5,False,False,False,True,False,False,False,True,False,FREEZE — no increase; security for any credit balance; advance reliance capped at 0.5x limit,560000000.0,,"ACADEMIC SIMULATION — not actual trades. Scores: illustrative logistic model trained on SYNTHETIC data, computed from information dated on or before each row's date"
2022-05-13,True,BUY_MUN_01,Kandla Metal Industries Pvt Ltd (SIM),BUYER,650000000.0,"credit exposure = receivable + contracted-not-invoiced not covered by an advance (desk limit definition, P04 basis, evaluated daily) vs credit_limit_inr",0.0,694280123.1863999,694280123.1863999,168840000.0,525440123.18639994,525440123.18639994,0.80836942,0.0,1.06812327,0.80836942,0.25975385,0.0,0.89473269,8.0,30.2587269,0.06772153,0.25975385,1.15448654,0.06338615,C,0.0,C,0.75,0.5,False,False,False,True,False,True,False,True,False,FREEZE — no increase; security for any credit balance; advance reliance capped at 0.5x limit,650000000.0,,"ACADEMIC SIMULATION — not actual trades. Scores: illustrative logistic model trained on SYNTHETIC data, computed from information dated on or before each row's date"
2022-05-13,True,BUY_RJK_01,Saurashtra Castings and Alloys Pvt Ltd (SIM),BUYER,120000000.0,"credit exposure = receivable + contracted-not-invoiced not covered by an advance (desk limit definition, P04 basis, evaluated daily) vs credit_limit_inr",0.0,151620000.0,151620000.0,151620000.0,0.0,0.0,0.0,0.0,1.2635,0.0,1.2635,0.0,0.0,37.0,15.08008214,0.12674608,1.2635,1.2635,0.0247153,B,1.0,C,0.75,0.5,False,False,False,False,True,True,False,False,True,FREEZE — no increase; security for any credit balance; advance reliance capped at 0.5x limit,120000000.0,,"ACADEMIC SIMULATION — not actual trades. Scores: illustrative logistic model trained on SYNTHETIC data, computed from information dated on or before each row's date"
2022-05-13,True,SUP_JEA_01,Khaleej Metal Resources FZE (SIM),SUPPLIER,46469820.00000001,claims/refunds owed by supplier (P3 supplier_exposure_inr) vs claims_exposure_limit_usd x usdinr,,,,,,23274158.21,0.5008446,,,,,,,,,,,,,NOT_SCORED,,NOT_SCORED,,,False,False,False,False,False,False,False,False,False,NOT_SCORED — the buyer default model does not describe supplier claims risk; limit monitored only,,,ACADEMIC SIMULATION — not actual trades
2022-05-13,True,SUP_USEC_01,Tidewater Recycling Corp (SIM),SUPPLIER,69704730.0,claims/refunds owed by supplier (P3 supplier_exposure_inr) vs claims_exposure_limit_usd x usdinr,,,,,,0.0,0.0,,,,,,,,,,,,,NOT_SCORED,,NOT_SCORED,,,False,False,False,False,False,False,False,False,False,NOT_SCORED — the buyer default model does not describe supplier claims risk; limit monitored only,,,ACADEMIC SIMULATION — not actual trades
2022-05-13,True,SUP_USEC_02,Delaware Bay Metals LLC (SIM),SUPPLIER,30979880.0,claims/refunds owed by supplier (P3 supplier_exposure_inr) vs claims_exposure_limit_usd x usdinr,,,,,,0.0,0.0,,,,,,,,,,,,,NOT_SCORED,,NOT_SCORED,,,False,False,False,False,False,False,False,False,False,NOT_SCORED — the buyer default model does not describe supplier claims risk; limit monitored only,,,ACADEMIC SIMULATION — not actual trades
2022-05-16,True,BUY_JNPT_01,Taloja Alloys and Smelters Pvt Ltd (SIM),BUYER,560000000.0,"credit exposure = receivable + contracted-not-invoiced not covered by an advance (desk limit definition, P04 basis, evaluated daily) vs credit_limit_inr",467095288.6695,0.0,467095288.6695,0.0,467095288.6695,467095288.6695,0.83409873,0.83409873,0.83409873,0.83409873,0.0,0.0,0.83595086,19.0,37.02669405,0.05776144,0.0,0.83595086,0.07210479,C,0.0,C,0.75,0.5,False,False,False,True,False,False,False,True,False,FREEZE — no increase; security for any credit balance; advance reliance capped at 0.5x limit,560000000.0,,"ACADEMIC SIMULATION — not actual trades. Scores: illustrative logistic model trained on SYNTHETIC data, computed from information dated on or before each row's date"
2022-05-16,True,BUY_MUN_01,Kandla Metal Industries Pvt Ltd (SIM),BUYER,650000000.0,"credit exposure = receivable + contracted-not-invoiced not covered by an advance (desk limit definition, P04 basis, evaluated daily) vs credit_limit_inr",168840000.0,538371924.0836,707211924.0836,168840000.0,538371924.0836,538371924.0836,0.8282645,0.25975385,1.08801834,0.8282645,0.25975385,0.0,0.89473269,8.0,30.35728953,0.06772153,0.25975385,1.15448654,0.06327411,C,0.0,C,0.75,0.5,False,False,False,True,False,True,False,True,False,FREEZE — no increase; security for any credit balance; advance reliance capped at 0.5x limit,650000000.0,,"ACADEMIC SIMULATION — not actual trades. Scores: illustrative logistic model trained on SYNTHETIC data, computed from information dated on or before each row's date"
2022-05-16,True,BUY_RJK_01,Saurashtra Castings and Alloys Pvt Ltd (SIM),BUYER,120000000.0,"credit exposure = receivable + contracted-not-invoiced not covered by an advance (desk limit definition, P04 basis, evaluated daily) vs credit_limit_inr",0.0,151620000.0,151620000.0,151620000.0,0.0,0.0,0.0,0.0,1.2635,0.0,1.2635,0.0,0.0,37.0,15.17864476,0.12674608,1.2635,1.2635,0.02466981,B,1.0,C,0.75,0.5,False,False,False,False,True,True,False,False,True,FREEZE — no increase; security for any credit balance; advance reliance capped at 0.5x limit,120000000.0,,"ACADEMIC SIMULATION — not actual trades. Scores: illustrative logistic model trained on SYNTHETIC data, computed from information dated on or before each row's date"
2022-05-16,True,SUP_JEA_01,Khaleej Metal Resources FZE (SIM),SUPPLIER,46678740.0,claims/refunds owed by supplier (P3 supplier_exposure_inr) vs claims_exposure_limit_usd x usdinr,,,,,,21070485.1,0.45139361,,,,,,,,,,,,,NOT_SCORED,,NOT_SCORED,,,False,False,False,False,False,False,False,False,False,NOT_SCORED — the buyer default model does not describe supplier claims risk; limit monitored only,,,ACADEMIC SIMULATION — not actual trades
2022-05-16,True,SUP_USEC_01,Tidewater Recycling Corp (SIM),SUPPLIER,70018110.0,claims/refunds owed by supplier (P3 supplier_exposure_inr) vs claims_exposure_limit_usd x usdinr,,,,,,0.0,0.0,,,,,,,,,,,,,NOT_SCORED,,NOT_SCORED,,,False,False,False,False,False,False,False,False,False,NOT_SCORED — the buyer default model does not describe supplier claims risk; limit monitored only,,,ACADEMIC SIMULATION — not actual trades
2022-05-16,True,SUP_USEC_02,Delaware Bay Metals LLC (SIM),SUPPLIER,31119160.0,claims/refunds owed by supplier (P3 supplier_exposure_inr) vs claims_exposure_limit_usd x usdinr,,,,,,0.0,0.0,,,,,,,,,,,,,NOT_SCORED,,NOT_SCORED,,,False,False,False,False,False,False,False,False,False,NOT_SCORED — the buyer default model does not describe supplier claims risk; limit monitored only,,,ACADEMIC SIMULATION — not actual trades
2022-05-17,True,BUY_JNPT_01,Taloja Alloys and Smelters Pvt Ltd (SIM),BUYER,560000000.0,"credit exposure = receivable + contracted-not-invoiced not covered by an advance (desk limit definition, P04 basis, evaluated daily) vs credit_limit_inr",467095288.6695,0.0,467095288.6695,0.0,467095288.6695,467095288.6695,0.83409873,0.83409873,0.83409873,0.83409873,0.0,0.0,0.83595086,19.0,37.05954825,0.05776144,0.0,0.83595086,0.07206268,C,0.0,C,0.75,0.5,False,False,False,True,False,False,False,True,False,FREEZE — no increase; security for any credit balance; advance reliance capped at 0.5x limit,560000000.0,,"ACADEMIC SIMULATION — not actual trades. Scores: illustrative logistic model trained on SYNTHETIC data, computed from information dated on or before each row's date"
2022-05-17,True,BUY_MUN_01,Kandla Metal Industries Pvt Ltd (SIM),BUYER,650000000.0,"credit exposure = receivable + contracted-not-invoiced not covered by an advance (desk limit definition, P04 basis, evaluated daily) vs credit_limit_inr",168840000.0,543658283.8656,712498283.8656,168840000.0,543658283.8656,543658283.8656,0.83639736,0.25975385,1.09615121,0.83639736,0.25975385,0.0,0.89473269,8.0,30.39014374,0.06772153,0.25975385,1.15448654,0.0632368,C,0.0,C,0.75,0.5,False,False,False,True,False,True,False,True,False,FREEZE — no increase; security for any credit balance; advance reliance capped at 0.5x limit,650000000.0,,"ACADEMIC SIMULATION — not actual trades. Scores: illustrative logistic model trained on SYNTHETIC data, computed from information dated on or before each row's date"
2022-05-17,True,BUY_RJK_01,Saurashtra Castings and Alloys Pvt Ltd (SIM),BUYER,120000000.0,"credit exposure = receivable + contracted-not-invoiced not covered by an advance (desk limit definition, P04 basis, evaluated daily) vs credit_limit_inr",0.0,151620000.0,151620000.0,151620000.0,0.0,0.0,0.0,0.0,1.2635,0.0,1.2635,0.0,0.0,37.0,15.21149897,0.12674608,1.2635,1.2635,0.02465467,B,1.0,C,0.75,0.5,False,False,False,False,True,True,False,False,True,FREEZE — no increase; security for any credit balance; advance reliance capped at 0.5x limit,120000000.0,,"ACADEMIC SIMULATION — not actual trades. Scores: illustrative logistic model trained on SYNTHETIC data, computed from information dated on or before each row's date"
2022-05-17,True,SUP_JEA_01,Khaleej Metal Resources FZE (SIM),SUPPLIER,46476540.0,claims/refunds owed by supplier (P3 supplier_exposure_inr) vs claims_exposure_limit_usd x usdinr,,,,,,19606865.73,0.42186586,,,,,,,,,,,,,NOT_SCORED,,NOT_SCORED,,,False,False,False,False,False,False,False,False,False,NOT_SCORED — the buyer default model does not describe supplier claims risk; limit monitored only,,,ACADEMIC SIMULATION — not actual trades
2022-05-17,True,SUP_USEC_01,Tidewater Recycling Corp (SIM),SUPPLIER,69714810.0,claims/refunds owed by supplier (P3 supplier_exposure_inr) vs claims_exposure_limit_usd x usdinr,,,,,,0.0,0.0,,,,,,,,,,,,,NOT_SCORED,,NOT_SCORED,,,False,False,False,False,False,False,False,False,False,NOT_SCORED — the buyer default model does not describe supplier claims risk; limit monitored only,,,ACADEMIC SIMULATION — not actual trades
2022-05-17,True,SUP_USEC_02,Delaware Bay Metals LLC (SIM),SUPPLIER,30984360.0,claims/refunds owed by supplier (P3 supplier_exposure_inr) vs claims_exposure_limit_usd x usdinr,,,,,,0.0,0.0,,,,,,,,,,,,,NOT_SCORED,,NOT_SCORED,,,False,False,False,False,False,False,False,False,False,NOT_SCORED — the buyer default model does not describe supplier claims risk; limit monitored only,,,ACADEMIC SIMULATION — not actual trades
2022-05-18,True,BUY_JNPT_01,Taloja Alloys and Smelters Pvt Ltd (SIM),BUYER,560000000.0,"credit exposure = receivable + contracted-not-invoiced not covered by an advance (desk limit definition, P04 basis, evaluated daily) vs credit_limit_inr",467095288.6695,0.0,467095288.6695,0.0,467095288.6695,467095288.6695,0.83409873,0.83409873,0.83409873,0.83409873,0.0,0.0,0.83595086,19.0,37.09240246,0.05776144,0.0,0.83595086,0.07202059,C,0.0,C,0.75,0.5,False,False,False,True,False,False,False,True,False,FREEZE — no increase; security for any credit balance; advance reliance capped at 0.5x limit,560000000.0,,"ACADEMIC SIMULATION — not actual trades. Scores: illustrative logistic model trained on SYNTHETIC data, computed from information dated on or before each row's date"
2022-05-18,True,BUY_MUN_01,Kandla Metal Industries Pvt Ltd (SIM),BUYER,650000000.0,"credit exposure = receivable + contracted-not-invoiced not covered by an advance (desk limit definition, P04 basis, evaluated daily) vs credit_limit_inr",168840000.0,545820301.5181,714660301.5181,168840000.0,545820301.5181,545820301.5181,0.83972354,0.25975385,1.09947739,0.83972354,0.25975385,0.0,0.89473269,8.0,30.42299795,0.06772153,0.25975385,1.15448654,0.06319952,C,0.0,C,0.75,0.5,False,False,False,True,False,True,False,True,False,FREEZE — no increase; security for any credit balance; advance reliance capped at 0.5x limit,650000000.0,,"ACADEMIC SIMULATION — not actual trades. Scores: illustrative logistic model trained on SYNTHETIC data, computed from information dated on or before each row's date"
2022-05-18,True,BUY_RJK_01,Saurashtra Castings and Alloys Pvt Ltd (SIM),BUYER,120000000.0,"credit exposure = receivable + contracted-not-invoiced not covered by an advance (desk limit definition, P04 basis, evaluated daily) vs credit_limit_inr",0.0,151620000.0,151620000.0,151620000.0,0.0,0.0,0.0,0.0,1.2635,0.0,1.2635,0.0,0.0,37.0,15.24435318,0.12674608,1.2635,1.2635,0.02463953,B,1.0,C,0.75,0.5,False,False,False,False,True,True,False,False,True,FREEZE — no increase; security for any credit balance; advance reliance capped at 0.5x limit,120000000.0,,"ACADEMIC SIMULATION — not actual trades. Scores: illustrative logistic model trained on SYNTHETIC data, computed from information dated on or before each row's date"
2022-05-18,True,SUP_JEA_01,Khaleej Metal Resources FZE (SIM),SUPPLIER,46552620.0,claims/refunds owed by supplier (P3 supplier_exposure_inr) vs claims_exposure_limit_usd x usdinr,,,,,,19373580.61,0.4161652,,,,,,,,,,,,,NOT_SCORED,,NOT_SCORED,,,False,False,False,False,False,False,False,False,False,NOT_SCORED — the buyer default model does not describe supplier claims risk; limit monitored only,,,ACADEMIC SIMULATION — not actual trades
2022-05-18,True,SUP_USEC_01,Tidewater Recycling Corp (SIM),SUPPLIER,69828930.0,claims/refunds owed by supplier (P3 supplier_exposure_inr) vs claims_exposure_limit_usd x usdinr,,,,,,0.0,0.0,,,,,,,,,,,,,NOT_SCORED,,NOT_SCORED,,,False,False,False,False,False,False,False,False,False,NOT_SCORED — the buyer default model does not describe supplier claims risk; limit monitored only,,,ACADEMIC SIMULATION — not actual trades
2022-05-18,True,SUP_USEC_02,Delaware Bay Metals LLC (SIM),SUPPLIER,31035080.0,claims/refunds owed by supplier (P3 supplier_exposure_inr) vs claims_exposure_limit_usd x usdinr,,,,,,0.0,0.0,,,,,,,,,,,,,NOT_SCORED,,NOT_SCORED,,,False,False,False,False,False,False,False,False,False,NOT_SCORED — the buyer default model does not describe supplier claims risk; limit monitored only,,,ACADEMIC SIMULATION — not actual trades
2022-05-19,True,BUY_JNPT_01,Taloja Alloys and Smelters Pvt Ltd (SIM),BUYER,560000000.0,"credit exposure = receivable + contracted-not-invoiced not covered by an advance (desk limit definition, P04 basis, evaluated daily) vs credit_limit_inr",467095288.6695,0.0,467095288.6695,0.0,467095288.6695,467095288.6695,0.83409873,0.83409873,0.83409873,0.83409873,0.0,0.0,0.83595086,19.0,37.12525667,0.05776144,0.0,0.83595086,0.07197852,C,0.0,C,0.75,0.5,False,False,False,True,False,False,False,True,False,FREEZE — no increase; security for any credit balance; advance reliance capped at 0.5x limit,560000000.0,,"ACADEMIC SIMULATION — not actual trades. Scores: illustrative logistic model trained on SYNTHETIC data, computed from information dated on or before each row's date"
2022-05-19,True,BUY_MUN_01,Kandla Metal Industries Pvt Ltd (SIM),BUYER,650000000.0,"credit exposure = receivable + contracted-not-invoiced not covered by an advance (desk limit definition, P04 basis, evaluated daily) vs credit_limit_inr",168840000.0,542949850.3266001,711789850.3266001,168840000.0,542949850.3266001,542949850.3266001,0.83530746,0.25975385,1.09506131,0.83530746,0.25975385,0.0,0.89473269,8.0,30.45585216,0.06772153,0.25975385,1.15448654,0.06316225,C,0.0,C,0.75,0.5,False,False,False,True,False,True,False,True,False,FREEZE — no increase; security for any credit balance; advance reliance capped at 0.5x limit,650000000.0,,"ACADEMIC SIMULATION — not actual trades. Scores: illustrative logistic model trained on SYNTHETIC data, computed from information dated on or before each row's date"
2022-05-19,True,BUY_RJK_01,Saurashtra Castings and Alloys Pvt Ltd (SIM),BUYER,120000000.0,"credit exposure = receivable + contracted-not-invoiced not covered by an advance (desk limit definition, P04 basis, evaluated daily) vs credit_limit_inr",0.0,151620000.0,151620000.0,151620000.0,0.0,0.0,0.0,0.0,1.2635,0.0,1.2635,0.0,0.0,37.0,15.27720739,0.12674608,1.2635,1.2635,0.0246244,B,1.0,C,0.75,0.5,False,False,False,False,True,True,False,False,True,FREEZE — no increase; security for any credit balance; advance reliance capped at 0.5x limit,120000000.0,,"ACADEMIC SIMULATION — not actual trades. Scores: illustrative logistic model trained on SYNTHETIC data, computed from information dated on or before each row's date"
2022-05-19,True,SUP_JEA_01,Khaleej Metal Resources FZE (SIM),SUPPLIER,46581360.0,claims/refunds owed by supplier (P3 supplier_exposure_inr) vs claims_exposure_limit_usd x usdinr,,,,,,19903340.56,0.42728122,,,,,,,,,,,,,NOT_SCORED,,NOT_SCORED,,,False,False,False,False,False,False,False,False,False,NOT_SCORED — the buyer default model does not describe supplier claims risk; limit monitored only,,,ACADEMIC SIMULATION — not actual trades
2022-05-19,True,SUP_USEC_01,Tidewater Recycling Corp (SIM),SUPPLIER,69872040.0,claims/refunds owed by supplier (P3 supplier_exposure_inr) vs claims_exposure_limit_usd x usdinr,,,,,,0.0,0.0,,,,,,,,,,,,,NOT_SCORED,,NOT_SCORED,,,False,False,False,False,False,False,False,False,False,NOT_SCORED — the buyer default model does not describe supplier claims risk; limit monitored only,,,ACADEMIC SIMULATION — not actual trades
2022-05-19,True,SUP_USEC_02,Delaware Bay Metals LLC (SIM),SUPPLIER,31054240.0,claims/refunds owed by supplier (P3 supplier_exposure_inr) vs claims_exposure_limit_usd x usdinr,,,,,,0.0,0.0,,,,,,,,,,,,,NOT_SCORED,,NOT_SCORED,,,False,False,False,False,False,False,False,False,False,NOT_SCORED — the buyer default model does not describe supplier claims risk; limit monitored only,,,ACADEMIC SIMULATION — not actual trades
2022-05-20,True,BUY_JNPT_01,Taloja Alloys and Smelters Pvt Ltd (SIM),BUYER,560000000.0,"credit exposure = receivable + contracted-not-invoiced not covered by an advance (desk limit definition, P04 basis, evaluated daily) vs credit_limit_inr",467095288.6695,0.0,467095288.6695,0.0,467095288.6695,467095288.6695,0.83409873,0.83409873,0.83409873,0.83409873,0.0,0.0,0.83595086,19.0,37.15811088,0.05776144,0.0,0.83595086,0.07193648,C,0.0,C,0.75,0.5,False,False,False,True,False,False,False,True,False,FREEZE — no increase; security for any credit balance; advance reliance capped at 0.5x limit,560000000.0,,"ACADEMIC SIMULATION — not actual trades. Scores: illustrative logistic model trained on SYNTHETIC data, computed from information dated on or before each row's date"
2022-05-20,True,BUY_MUN_01,Kandla Metal Industries Pvt Ltd (SIM),BUYER,650000000.0,"credit exposure = receivable + contracted-not-invoiced not covered by an advance (desk limit definition, P04 basis, evaluated daily) vs credit_limit_inr",168840000.0,391433816.0112,560273816.0112,0.0,560273816.0112,560273816.0112,0.86195972,0.25975385,0.86195972,0.86195972,0.0,0.0,0.89473269,8.0,30.48870637,0.06772153,0.25975385,1.15448654,0.063125,C,0.0,C,0.75,0.5,False,False,False,True,False,False,False,True,False,FREEZE — no increase; security for any credit balance; advance reliance capped at 0.5x limit,650000000.0,ADVANCE_RECEIVED T01-S1 ₹168.8m,"ACADEMIC SIMULATION — not actual trades. Scores: illustrative logistic model trained on SYNTHETIC data, computed from information dated on or before each row's date"
2022-05-20,True,BUY_RJK_01,Saurashtra Castings and Alloys Pvt Ltd (SIM),BUYER,120000000.0,"credit exposure = receivable + contracted-not-invoiced not covered by an advance (desk limit definition, P04 basis, evaluated daily) vs credit_limit_inr",0.0,151620000.0,151620000.0,151620000.0,0.0,0.0,0.0,0.0,1.2635,0.0,1.2635,0.0,0.0,37.0,15.3100616,0.12674608,1.2635,1.2635,0.02460929,B,1.0,C,0.75,0.5,False,False,False,False,True,True,False,False,True,FREEZE — no increase; security for any credit balance; advance reliance capped at 0.5x limit,120000000.0,,"ACADEMIC SIMULATION — not actual trades. Scores: illustrative logistic model trained on SYNTHETIC data, computed from information dated on or before each row's date"
2022-05-20,True,SUP_JEA_01,Khaleej Metal Resources FZE (SIM),SUPPLIER,46607759.99999999,claims/refunds owed by supplier (P3 supplier_exposure_inr) vs claims_exposure_limit_usd x usdinr,,,,,,17546907.34,0.37648038,,,,,,,,,,,,,NOT_SCORED,,NOT_SCORED,,,False,False,False,False,False,False,False,False,False,NOT_SCORED — the buyer default model does not describe supplier claims risk; limit monitored only,,,ACADEMIC SIMULATION — not actual trades
2022-05-20,True,SUP_USEC_01,Tidewater Recycling Corp (SIM),SUPPLIER,69911640.0,claims/refunds owed by supplier (P3 supplier_exposure_inr) vs claims_exposure_limit_usd x usdinr,,,,,,0.0,0.0,,,,,,,,,,,,,NOT_SCORED,,NOT_SCORED,,,False,False,False,False,False,False,False,False,False,NOT_SCORED — the buyer default model does not describe supplier claims risk; limit monitored only,,,ACADEMIC SIMULATION — not actual trades
2022-05-20,True,SUP_USEC_02,Delaware Bay Metals LLC (SIM),SUPPLIER,31071840.0,claims/refunds owed by supplier (P3 supplier_exposure_inr) vs claims_exposure_limit_usd x usdinr,,,,,,0.0,0.0,,,,,,,,,,,,,NOT_SCORED,,NOT_SCORED,,,False,False,False,False,False,False,False,False,False,NOT_SCORED — the buyer default model does not describe supplier claims risk; limit monitored only,,,ACADEMIC SIMULATION — not actual trades
2022-05-23,True,BUY_JNPT_01,Taloja Alloys and Smelters Pvt Ltd (SIM),BUYER,560000000.0,"credit exposure = receivable + contracted-not-invoiced not covered by an advance (desk limit definition, P04 basis, evaluated daily) vs credit_limit_inr",467095288.6695,0.0,467095288.6695,0.0,467095288.6695,467095288.6695,0.83409873,0.83409873,0.83409873,0.83409873,0.0,0.0,0.83595086,19.0,37.25667351,0.05776144,0.0,0.83595086,0.07181048,C,0.0,C,0.75,0.5,False,False,False,True,False,False,False,True,False,FREEZE — no increase; security for any credit balance; advance reliance capped at 0.5x limit,560000000.0,,"ACADEMIC SIMULATION — not actual trades. Scores: illustrative logistic model trained on SYNTHETIC data, computed from information dated on or before each row's date"
2022-05-23,True,BUY_MUN_01,Kandla Metal Industries Pvt Ltd (SIM),BUYER,650000000.0,"credit exposure = receivable + contracted-not-invoiced not covered by an advance (desk limit definition, P04 basis, evaluated daily) vs credit_limit_inr",168840000.0,395770379.5787,564610379.5787001,0.0,564610379.5787001,564610379.5787001,0.86863135,0.25975385,0.86863135,0.86863135,0.0,0.0,0.89473269,8.0,30.58726899,0.06772153,0.25975385,1.15448654,0.06301339,C,0.0,C,0.75,0.5,False,False,False,True,False,False,False,True,False,FREEZE — no increase; security for any credit balance; advance reliance capped at 0.5x limit,650000000.0,,"ACADEMIC SIMULATION — not actual trades. Scores: illustrative logistic model trained on SYNTHETIC data, computed from information dated on or before each row's date"
2022-05-23,True,BUY_RJK_01,Saurashtra Castings and Alloys Pvt Ltd (SIM),BUYER,120000000.0,"credit exposure = receivable + contracted-not-invoiced not covered by an advance (desk limit definition, P04 basis, evaluated daily) vs credit_limit_inr",0.0,151620000.0,151620000.0,151620000.0,0.0,0.0,0.0,0.0,1.2635,0.0,1.2635,0.0,0.0,37.0,15.40862423,0.12674608,1.2635,1.2635,0.02456399,B,1.0,C,0.75,0.5,False,False,False,False,True,True,False,False,True,FREEZE — no increase; security for any credit balance; advance reliance capped at 0.5x limit,120000000.0,,"ACADEMIC SIMULATION — not actual trades. Scores: illustrative logistic model trained on SYNTHETIC data, computed from information dated on or before each row's date"
2022-05-23,True,SUP_JEA_01,Khaleej Metal Resources FZE (SIM),SUPPLIER,46540680.0,claims/refunds owed by supplier (P3 supplier_exposure_inr) vs claims_exposure_limit_usd x usdinr,,,,,,16877749.31,0.36264509,,,,,,,,,,,,,NOT_SCORED,,NOT_SCORED,,,False,False,False,False,False,False,False,False,False,NOT_SCORED — the buyer default model does not describe supplier claims risk; limit monitored only,,,ACADEMIC SIMULATION — not actual trades
2022-05-23,True,SUP_USEC_01,Tidewater Recycling Corp (SIM),SUPPLIER,69811020.0,claims/refunds owed by supplier (P3 supplier_exposure_inr) vs claims_exposure_limit_usd x usdinr,,,,,,0.0,0.0,,,,,,,,,,,,,NOT_SCORED,,NOT_SCORED,,,False,False,False,False,False,False,False,False,False,NOT_SCORED — the buyer default model does not describe supplier claims risk; limit monitored only,,,ACADEMIC SIMULATION — not actual trades
2022-05-23,True,SUP_USEC_02,Delaware Bay Metals LLC (SIM),SUPPLIER,31027120.0,claims/refunds owed by supplier (P3 supplier_exposure_inr) vs claims_exposure_limit_usd x usdinr,,,,,,0.0,0.0,,,,,,,,,,,,,NOT_SCORED,,NOT_SCORED,,,False,False,False,False,False,False,False,False,False,NOT_SCORED — the buyer default model does not describe supplier claims risk; limit monitored only,,,ACADEMIC SIMULATION — not actual trades
2022-05-24,True,BUY_JNPT_01,Taloja Alloys and Smelters Pvt Ltd (SIM),BUYER,560000000.0,"credit exposure = receivable + contracted-not-invoiced not covered by an advance (desk limit definition, P04 basis, evaluated daily) vs credit_limit_inr",467095288.6695,0.0,467095288.6695,0.0,467095288.6695,467095288.6695,0.83409873,0.83409873,0.83409873,0.83409873,0.0,0.0,0.83595086,19.0,37.28952772,0.05776144,0.0,0.83595086,0.07176852,C,0.0,C,0.75,0.5,False,False,False,True,False,False,False,True,False,FREEZE — no increase; security for any credit balance; advance reliance capped at 0.5x limit,560000000.0,,"ACADEMIC SIMULATION — not actual trades. Scores: illustrative logistic model trained on SYNTHETIC data, computed from information dated on or before each row's date"
2022-05-24,True,BUY_MUN_01,Kandla Metal Industries Pvt Ltd (SIM),BUYER,650000000.0,"credit exposure = receivable + contracted-not-invoiced not covered by an advance (desk limit definition, P04 basis, evaluated daily) vs credit_limit_inr",168840000.0,382544751.6476,551384751.6475999,0.0,551384751.6475999,551384751.6475999,0.84828423,0.25975385,0.84828423,0.84828423,0.0,0.0,0.89473269,8.0,30.6201232,0.06772153,0.25975385,1.15448654,0.06297623,C,0.0,C,0.75,0.5,False,False,False,True,False,False,False,True,False,FREEZE — no increase; security for any credit balance; advance reliance capped at 0.5x limit,650000000.0,INVOICED T01-S1,"ACADEMIC SIMULATION — not actual trades. Scores: illustrative logistic model trained on SYNTHETIC data, computed from information dated on or before each row's date"
2022-05-24,True,BUY_RJK_01,Saurashtra Castings and Alloys Pvt Ltd (SIM),BUYER,120000000.0,"credit exposure = receivable + contracted-not-invoiced not covered by an advance (desk limit definition, P04 basis, evaluated daily) vs credit_limit_inr",0.0,245070000.0,245070000.0,183802500.0,61267500.0,61267500.0,0.5105625,0.0,2.04225,0.5105625,1.5316875,0.0,0.5105625,37.0,15.44147844,0.33161129,1.5316875,2.04225,0.1630261,D,1.0,D,0.5,0.0,False,False,False,False,True,True,False,True,True,REDUCE — cut the line to 50 %; advance or cash-against-documents only; do not lift the hedge before the advance arrives,60000000.0,"ADVANCE_RECEIVED T01-S2 ₹151.6m; SALE_CONTRACTED T04-S1 invoice ₹245.1m (advance ₹183.8m, credit ₹61.3m; P04 utilisation after 51.1%)","ACADEMIC SIMULATION — not actual trades. Scores: illustrative logistic model trained on SYNTHETIC data, computed from information dated on or before each row's date"
2022-05-24,True,SUP_JEA_01,Khaleej Metal Resources FZE (SIM),SUPPLIER,46558740.0,claims/refunds owed by supplier (P3 supplier_exposure_inr) vs claims_exposure_limit_usd x usdinr,,,,,,18270307.22,0.39241413,,,,,,,,,,,,,NOT_SCORED,,NOT_SCORED,,,False,False,False,False,False,False,False,False,False,NOT_SCORED — the buyer default model does not describe supplier claims risk; limit monitored only,,,ACADEMIC SIMULATION — not actual trades
2022-05-24,True,SUP_USEC_01,Tidewater Recycling Corp (SIM),SUPPLIER,69838110.0,claims/refunds owed by supplier (P3 supplier_exposure_inr) vs claims_exposure_limit_usd x usdinr,,,,,,0.0,0.0,,,,,,,,,,,,,NOT_SCORED,,NOT_SCORED,,,False,False,False,False,False,False,False,False,False,NOT_SCORED — the buyer default model does not describe supplier claims risk; limit monitored only,,,ACADEMIC SIMULATION — not actual trades
2022-05-24,True,SUP_USEC_02,Delaware Bay Metals LLC (SIM),SUPPLIER,31039160.0,claims/refunds owed by supplier (P3 supplier_exposure_inr) vs claims_exposure_limit_usd x usdinr,,,,,,0.0,0.0,,,,,,,,,,,,,NOT_SCORED,,NOT_SCORED,,,False,False,False,False,False,False,False,False,False,NOT_SCORED — the buyer default model does not describe supplier claims risk; limit monitored only,,,ACADEMIC SIMULATION — not actual trades
2022-05-25,True,BUY_JNPT_01,Taloja Alloys and Smelters Pvt Ltd (SIM),BUYER,560000000.0,"credit exposure = receivable + contracted-not-invoiced not covered by an advance (desk limit definition, P04 basis, evaluated daily) vs credit_limit_inr",467095288.6695,0.0,467095288.6695,0.0,467095288.6695,467095288.6695,0.83409873,0.83409873,0.83409873,0.83409873,0.0,0.0,0.83595086,19.0,37.32238193,0.05776144,0.0,0.83595086,0.07172659,C,0.0,C,0.75,0.5,False,False,False,True,False,False,False,True,False,FREEZE — no increase; security for any credit balance; advance reliance capped at 0.5x limit,560000000.0,,"ACADEMIC SIMULATION — not actual trades. Scores: illustrative logistic model trained on SYNTHETIC data, computed from information dated on or before each row's date"
2022-05-25,True,BUY_MUN_01,Kandla Metal Industries Pvt Ltd (SIM),BUYER,650000000.0,"credit exposure = receivable + contracted-not-invoiced not covered by an advance (desk limit definition, P04 basis, evaluated daily) vs credit_limit_inr",168840000.0,373979477.5403,542819477.5403,0.0,542819477.5403,542819477.5403,0.83510689,0.25975385,0.83510689,0.83510689,0.0,0.0,0.89473269,8.0,30.65297741,0.06772153,0.25975385,1.15448654,0.06293908,C,0.0,C,0.75,0.5,False,False,False,True,False,False,False,True,False,FREEZE — no increase; security for any credit balance; advance reliance capped at 0.5x limit,650000000.0,,"ACADEMIC SIMULATION — not actual trades. Scores: illustrative logistic model trained on SYNTHETIC data, computed from information dated on or before each row's date"
2022-05-25,True,BUY_RJK_01,Saurashtra Castings and Alloys Pvt Ltd (SIM),BUYER,120000000.0,"credit exposure = receivable + contracted-not-invoiced not covered by an advance (desk limit definition, P04 basis, evaluated daily) vs credit_limit_inr",0.0,245070000.0,245070000.0,183802500.0,61267500.0,61267500.0,0.5105625,0.0,2.04225,0.5105625,1.5316875,0.0,0.5105625,37.0,15.47433265,0.33161129,1.5316875,2.04225,0.16294021,D,1.0,D,0.5,0.0,False,False,False,False,True,True,False,True,True,REDUCE — cut the line to 50 %; advance or cash-against-documents only; do not lift the hedge before the advance arrives,60000000.0,,"ACADEMIC SIMULATION — not actual trades. Scores: illustrative logistic model trained on SYNTHETIC data, computed from information dated on or before each row's date"
2022-05-25,True,SUP_JEA_01,Khaleej Metal Resources FZE (SIM),SUPPLIER,46546500.0,claims/refunds owed by supplier (P3 supplier_exposure_inr) vs claims_exposure_limit_usd x usdinr,,,,,,18996556.43,0.40811998,,,,,,,,,,,,,NOT_SCORED,,NOT_SCORED,,,False,False,False,False,False,False,False,False,False,NOT_SCORED — the buyer default model does not describe supplier claims risk; limit monitored only,,,ACADEMIC SIMULATION — not actual trades
2022-05-25,True,SUP_USEC_01,Tidewater Recycling Corp (SIM),SUPPLIER,69819750.0,claims/refunds owed by supplier (P3 supplier_exposure_inr) vs claims_exposure_limit_usd x usdinr,,,,,,0.0,0.0,,,,,,,,,,,,,NOT_SCORED,,NOT_SCORED,,,False,False,False,False,False,False,False,False,False,NOT_SCORED — the buyer default model does not describe supplier claims risk; limit monitored only,,,ACADEMIC SIMULATION — not actual trades
2022-05-25,True,SUP_USEC_02,Delaware Bay Metals LLC (SIM),SUPPLIER,31031000.0,claims/refunds owed by supplier (P3 supplier_exposure_inr) vs claims_exposure_limit_usd x usdinr,,,,,,0.0,0.0,,,,,,,,,,,,,NOT_SCORED,,NOT_SCORED,,,False,False,False,False,False,False,False,False,False,NOT_SCORED — the buyer default model does not describe supplier claims risk; limit monitored only,,,ACADEMIC SIMULATION — not actual trades
2022-05-26,True,BUY_JNPT_01,Taloja Alloys and Smelters Pvt Ltd (SIM),BUYER,560000000.0,"credit exposure = receivable + contracted-not-invoiced not covered by an advance (desk limit definition, P04 basis, evaluated daily) vs credit_limit_inr",467095288.6695,0.0,467095288.6695,0.0,467095288.6695,467095288.6695,0.83409873,0.83409873,0.83409873,0.83409873,0.0,0.0,0.83595086,19.0,37.35523614,0.05776144,0.0,0.83595086,0.07168468,C,0.0,C,0.75,0.5,False,False,False,True,False,False,False,True,False,FREEZE — no increase; security for any credit balance; advance reliance capped at 0.5x limit,560000000.0,,"ACADEMIC SIMULATION — not actual trades. Scores: illustrative logistic model trained on SYNTHETIC data, computed from information dated on or before each row's date"
2022-05-26,True,BUY_MUN_01,Kandla Metal Industries Pvt Ltd (SIM),BUYER,650000000.0,"credit exposure = receivable + contracted-not-invoiced not covered by an advance (desk limit definition, P04 basis, evaluated daily) vs credit_limit_inr",168840000.0,373390185.3248,542230185.3248,0.0,542230185.3248,542230185.3248,0.83420029,0.25975385,0.83420029,0.83420029,0.0,0.0,0.89473269,8.0,30.68583162,0.06772153,0.25975385,1.15448654,0.06290196,C,0.0,C,0.75,0.5,False,False,False,True,False,False,False,True,False,FREEZE — no increase; security for any credit balance; advance reliance capped at 0.5x limit,650000000.0,,"ACADEMIC SIMULATION — not actual trades. Scores: illustrative logistic model trained on SYNTHETIC data, computed from information dated on or before each row's date"
2022-05-26,True,BUY_RJK_01,Saurashtra Castings and Alloys Pvt Ltd (SIM),BUYER,120000000.0,"credit exposure = receivable + contracted-not-invoiced not covered by an advance (desk limit definition, P04 basis, evaluated daily) vs credit_limit_inr",0.0,245070000.0,245070000.0,183802500.0,61267500.0,61267500.0,0.5105625,0.0,2.04225,0.5105625,1.5316875,0.0,0.5105625,37.0,15.50718686,0.33161129,1.5316875,2.04225,0.16285436,D,1.0,D,0.5,0.0,False,False,False,False,True,True,False,True,True,REDUCE — cut the line to 50 %; advance or cash-against-documents only; do not lift the hedge before the advance arrives,60000000.0,,"ACADEMIC SIMULATION — not actual trades. Scores: illustrative logistic model trained on SYNTHETIC data, computed from information dated on or before each row's date"
2022-05-26,True,SUP_JEA_01,Khaleej Metal Resources FZE (SIM),SUPPLIER,46558740.0,claims/refunds owed by supplier (P3 supplier_exposure_inr) vs claims_exposure_limit_usd x usdinr,,,,,,19047489.56,0.40910664,,,,,,,,,,,,,NOT_SCORED,,NOT_SCORED,,,False,False,False,False,False,False,False,False,False,NOT_SCORED — the buyer default model does not describe supplier claims risk; limit monitored only,,,ACADEMIC SIMULATION — not actual trades
2022-05-26,True,SUP_USEC_01,Tidewater Recycling Corp (SIM),SUPPLIER,69838110.0,claims/refunds owed by supplier (P3 supplier_exposure_inr) vs claims_exposure_limit_usd x usdinr,,,,,,0.0,0.0,,,,,,,,,,,,,NOT_SCORED,,NOT_SCORED,,,False,False,False,False,False,False,False,False,False,NOT_SCORED — the buyer default model does not describe supplier claims risk; limit monitored only,,,ACADEMIC SIMULATION — not actual trades
2022-05-26,True,SUP_USEC_02,Delaware Bay Metals LLC (SIM),SUPPLIER,31039160.0,claims/refunds owed by supplier (P3 supplier_exposure_inr) vs claims_exposure_limit_usd x usdinr,,,,,,0.0,0.0,,,,,,,,,,,,,NOT_SCORED,,NOT_SCORED,,,False,False,False,False,False,False,False,False,False,NOT_SCORED — the buyer default model does not describe supplier claims risk; limit monitored only,,,ACADEMIC SIMULATION — not actual trades
2022-05-27,True,BUY_JNPT_01,Taloja Alloys and Smelters Pvt Ltd (SIM),BUYER,560000000.0,"credit exposure = receivable + contracted-not-invoiced not covered by an advance (desk limit definition, P04 basis, evaluated daily) vs credit_limit_inr",467095288.6695,0.0,467095288.6695,0.0,467095288.6695,467095288.6695,0.83409873,0.83409873,0.83409873,0.83409873,0.0,0.0,0.83595086,19.0,37.38809035,0.05776144,0.0,0.83595086,0.0716428,C,0.0,C,0.75,0.5,False,False,False,True,False,False,False,True,False,FREEZE — no increase; security for any credit balance; advance reliance capped at 0.5x limit,560000000.0,,"ACADEMIC SIMULATION — not actual trades. Scores: illustrative logistic model trained on SYNTHETIC data, computed from information dated on or before each row's date"
2022-05-27,True,BUY_MUN_01,Kandla Metal Industries Pvt Ltd (SIM),BUYER,650000000.0,"credit exposure = receivable + contracted-not-invoiced not covered by an advance (desk limit definition, P04 basis, evaluated daily) vs credit_limit_inr",168840000.0,372874356.9861,541714356.9861,0.0,541714356.9861,541714356.9861,0.8334067,0.25975385,0.8334067,0.8334067,0.0,0.0,0.89473269,8.0,30.71868583,0.06772153,0.25975385,1.15448654,0.06286486,C,0.0,C,0.75,0.5,False,False,False,True,False,False,False,True,False,FREEZE — no increase; security for any credit balance; advance reliance capped at 0.5x limit,650000000.0,,"ACADEMIC SIMULATION — not actual trades. Scores: illustrative logistic model trained on SYNTHETIC data, computed from information dated on or before each row's date"
2022-05-27,True,BUY_RJK_01,Saurashtra Castings and Alloys Pvt Ltd (SIM),BUYER,120000000.0,"credit exposure = receivable + contracted-not-invoiced not covered by an advance (desk limit definition, P04 basis, evaluated daily) vs credit_limit_inr",0.0,245070000.0,245070000.0,183802500.0,61267500.0,61267500.0,0.5105625,0.0,2.04225,0.5105625,1.5316875,0.0,0.5105625,37.0,15.54004107,0.33161129,1.5316875,2.04225,0.16276854,D,1.0,D,0.5,0.0,False,False,False,False,True,True,False,True,True,REDUCE — cut the line to 50 %; advance or cash-against-documents only; do not lift the hedge before the advance arrives,60000000.0,INVOICED T01-S2,"ACADEMIC SIMULATION — not actual trades. Scores: illustrative logistic model trained on SYNTHETIC data, computed from information dated on or before each row's date"
2022-05-27,True,SUP_JEA_01,Khaleej Metal Resources FZE (SIM),SUPPLIER,46553700.0,claims/refunds owed by supplier (P3 supplier_exposure_inr) vs claims_exposure_limit_usd x usdinr,,,,,,19069293.48,0.40961929,,,,,,,,,,,,,NOT_SCORED,,NOT_SCORED,,,False,False,False,False,False,False,False,False,False,NOT_SCORED — the buyer default model does not describe supplier claims risk; limit monitored only,,,ACADEMIC SIMULATION — not actual trades
2022-05-27,True,SUP_USEC_01,Tidewater Recycling Corp (SIM),SUPPLIER,69830550.0,claims/refunds owed by supplier (P3 supplier_exposure_inr) vs claims_exposure_limit_usd x usdinr,,,,,,0.0,0.0,,,,,,,,,,,,,NOT_SCORED,,NOT_SCORED,,,False,False,False,False,False,False,False,False,False,NOT_SCORED — the buyer default model does not describe supplier claims risk; limit monitored only,,,ACADEMIC SIMULATION — not actual trades
2022-05-27,True,SUP_USEC_02,Delaware Bay Metals LLC (SIM),SUPPLIER,31035800.0,claims/refunds owed by supplier (P3 supplier_exposure_inr) vs claims_exposure_limit_usd x usdinr,,,,,,0.0,0.0,,,,,,,,,,,,,NOT_SCORED,,NOT_SCORED,,,False,False,False,False,False,False,False,False,False,NOT_SCORED — the buyer default model does not describe supplier claims risk; limit monitored only,,,ACADEMIC SIMULATION — not actual trades
2022-05-30,True,BUY_JNPT_01,Taloja Alloys and Smelters Pvt Ltd (SIM),BUYER,560000000.0,"credit exposure = receivable + contracted-not-invoiced not covered by an advance (desk limit definition, P04 basis, evaluated daily) vs credit_limit_inr",241500000.0,0.0,241500000.0,0.0,241500000.0,241500000.0,0.43125,0.43125,0.43125,0.43125,0.0,0.0,0.83595086,19.0,37.48665298,0.05776144,0.0,0.83595086,0.07151727,C,0.0,C,0.75,0.5,False,False,False,False,False,False,False,False,False,FREEZE — no increase; security for any credit balance; advance reliance capped at 0.5x limit,560000000.0,BALANCE_DUE T02-S1; BALANCE_PAID T02-S1,"ACADEMIC SIMULATION — not actual trades. Scores: illustrative logistic model trained on SYNTHETIC data, computed from information dated on or before each row's date"
2022-05-30,True,BUY_MUN_01,Kandla Metal Industries Pvt Ltd (SIM),BUYER,650000000.0,"credit exposure = receivable + contracted-not-invoiced not covered by an advance (desk limit definition, P04 basis, evaluated daily) vs credit_limit_inr",168840000.0,378967778.5081,547807778.5081,0.0,547807778.5081,547807778.5081,0.8427812,0.25975385,0.8427812,0.8427812,0.0,0.0,0.89473269,8.0,30.81724846,0.06772153,0.25975385,1.15448654,0.06275367,C,0.0,C,0.75,0.5,False,False,False,True,False,False,False,True,False,FREEZE — no increase; security for any credit balance; advance reliance capped at 0.5x limit,650000000.0,,"ACADEMIC SIMULATION — not actual trades. Scores: illustrative logistic model trained on SYNTHETIC data, computed from information dated on or before each row's date"
2022-05-30,True,BUY_RJK_01,Saurashtra Castings and Alloys Pvt Ltd (SIM),BUYER,120000000.0,"credit exposure = receivable + contracted-not-invoiced not covered by an advance (desk limit definition, P04 basis, evaluated daily) vs credit_limit_inr",0.0,245070000.0,245070000.0,183802500.0,61267500.0,61267500.0,0.5105625,0.0,2.04225,0.5105625,1.5316875,0.0,0.5105625,37.0,15.6386037,0.33161129,1.5316875,2.04225,0.1625113,D,1.0,D,0.5,0.0,False,False,False,False,True,True,False,True,True,REDUCE — cut the line to 50 %; advance or cash-against-documents only; do not lift the hedge before the advance arrives,60000000.0,,"ACADEMIC SIMULATION — not actual trades. Scores: illustrative logistic model trained on SYNTHETIC data, computed from information dated on or before each row's date"
2022-05-30,True,SUP_JEA_01,Khaleej Metal Resources FZE (SIM),SUPPLIER,46530120.0,claims/refunds owed by supplier (P3 supplier_exposure_inr) vs claims_exposure_limit_usd x usdinr,,,,,,18831820.93,0.40472324,,,,,,,,,,,,,NOT_SCORED,,NOT_SCORED,,,False,False,False,False,False,False,False,False,False,NOT_SCORED — the buyer default model does not describe supplier claims risk; limit monitored only,,,ACADEMIC SIMULATION — not actual trades
2022-05-30,True,SUP_USEC_01,Tidewater Recycling Corp (SIM),SUPPLIER,69795180.0,claims/refunds owed by supplier (P3 supplier_exposure_inr) vs claims_exposure_limit_usd x usdinr,,,,,,0.0,0.0,,,,,,,,,,,,,NOT_SCORED,,NOT_SCORED,,,False,False,False,False,False,False,False,False,False,NOT_SCORED — the buyer default model does not describe supplier claims risk; limit monitored only,,,ACADEMIC SIMULATION — not actual trades
2022-05-30,True,SUP_USEC_02,Delaware Bay Metals LLC (SIM),SUPPLIER,31020080.0,claims/refunds owed by supplier (P3 supplier_exposure_inr) vs claims_exposure_limit_usd x usdinr,,,,,,0.0,0.0,,,,,,,,,,,,,NOT_SCORED,,NOT_SCORED,,,False,False,False,False,False,False,False,False,False,NOT_SCORED — the buyer default model does not describe supplier claims risk; limit monitored only,,,ACADEMIC SIMULATION — not actual trades
2022-05-31,True,BUY_JNPT_01,Taloja Alloys and Smelters Pvt Ltd (SIM),BUYER,560000000.0,"credit exposure = receivable + contracted-not-invoiced not covered by an advance (desk limit definition, P04 basis, evaluated daily) vs credit_limit_inr",241500000.0,0.0,241500000.0,0.0,241500000.0,241500000.0,0.43125,0.43125,0.43125,0.43125,0.0,0.0,0.83595086,19.0,37.51950719,0.05776144,0.0,0.83595086,0.07147548,C,0.0,C,0.75,0.5,False,False,False,False,False,False,False,False,False,FREEZE — no increase; security for any credit balance; advance reliance capped at 0.5x limit,560000000.0,,"ACADEMIC SIMULATION — not actual trades. Scores: illustrative logistic model trained on SYNTHETIC data, computed from information dated on or before each row's date"
2022-05-31,True,BUY_MUN_01,Kandla Metal Industries Pvt Ltd (SIM),BUYER,650000000.0,"credit exposure = receivable + contracted-not-invoiced not covered by an advance (desk limit definition, P04 basis, evaluated daily) vs credit_limit_inr",168840000.0,372183318.5045,541023318.5044999,0.0,541023318.5044999,541023318.5044999,0.83234357,0.25975385,0.83234357,0.83234357,0.0,0.0,0.89473269,8.0,30.85010267,0.06772153,0.25975385,1.15448654,0.06271665,C,0.0,C,0.75,0.5,False,False,False,True,False,False,False,True,False,FREEZE — no increase; security for any credit balance; advance reliance capped at 0.5x limit,650000000.0,,"ACADEMIC SIMULATION — not actual trades. Scores: illustrative logistic model trained on SYNTHETIC data, computed from information dated on or before each row's date"
2022-05-31,True,BUY_RJK_01,Saurashtra Castings and Alloys Pvt Ltd (SIM),BUYER,120000000.0,"credit exposure = receivable + contracted-not-invoiced not covered by an advance (desk limit definition, P04 basis, evaluated daily) vs credit_limit_inr",0.0,245070000.0,245070000.0,183802500.0,61267500.0,61267500.0,0.5105625,0.0,2.04225,0.5105625,1.5316875,0.0,0.5105625,37.0,15.67145791,0.33161129,1.5316875,2.04225,0.16242563,D,1.0,D,0.5,0.0,False,False,False,False,True,True,False,True,True,REDUCE — cut the line to 50 %; advance or cash-against-documents only; do not lift the hedge before the advance arrives,60000000.0,,"ACADEMIC SIMULATION — not actual trades. Scores: illustrative logistic model trained on SYNTHETIC data, computed from information dated on or before each row's date"
2022-05-31,True,SUP_JEA_01,Khaleej Metal Resources FZE (SIM),SUPPLIER,46614960.0,claims/refunds owed by supplier (P3 supplier_exposure_inr) vs claims_exposure_limit_usd x usdinr,,,,,,18996632.85,0.40752224,,,,,,,,,,,,,NOT_SCORED,,NOT_SCORED,,,False,False,False,False,False,False,False,False,False,NOT_SCORED — the buyer default model does not describe supplier claims risk; limit monitored only,,,ACADEMIC SIMULATION — not actual trades
2022-05-31,True,SUP_USEC_01,Tidewater Recycling Corp (SIM),SUPPLIER,69922440.0,claims/refunds owed by supplier (P3 supplier_exposure_inr) vs claims_exposure_limit_usd x usdinr,,,,,,0.0,0.0,,,,,,,,,,,,,NOT_SCORED,,NOT_SCORED,,,False,False,False,False,False,False,False,False,False,NOT_SCORED — the buyer default model does not describe supplier claims risk; limit monitored only,,,ACADEMIC SIMULATION — not actual trades
2022-05-31,True,SUP_USEC_02,Delaware Bay Metals LLC (SIM),SUPPLIER,31076640.0,claims/refunds owed by supplier (P3 supplier_exposure_inr) vs claims_exposure_limit_usd x usdinr,,,,,,0.0,0.0,,,,,,,,,,,,,NOT_SCORED,,NOT_SCORED,,,False,False,False,False,False,False,False,False,False,NOT_SCORED — the buyer default model does not describe supplier claims risk; limit monitored only,,,ACADEMIC SIMULATION — not actual trades
2022-06-01,True,BUY_JNPT_01,Taloja Alloys and Smelters Pvt Ltd (SIM),BUYER,560000000.0,"credit exposure = receivable + contracted-not-invoiced not covered by an advance (desk limit definition, P04 basis, evaluated daily) vs credit_limit_inr",241500000.0,240825000.0,482325000.0,0.0,482325000.0,482325000.0,0.86129464,0.43125,0.86129464,0.86129464,0.0,0.0,0.86129464,19.0,37.5523614,0.08582962,0.0,0.86129464,0.08187558,C,0.0,C,0.75,0.5,False,False,False,True,False,False,False,True,False,FREEZE — no increase; security for any credit balance; advance reliance capped at 0.5x limit,560000000.0,"SALE_CONTRACTED T06-S1 invoice ₹240.8m (advance ₹0.0m, credit ₹240.8m; P04 utilisation after 86.1%)","ACADEMIC SIMULATION — not actual trades. Scores: illustrative logistic model trained on SYNTHETIC data, computed from information dated on or before each row's date"
2022-06-01,True,BUY_MUN_01,Kandla Metal Industries Pvt Ltd (SIM),BUYER,650000000.0,"credit exposure = receivable + contracted-not-invoiced not covered by an advance (desk limit definition, P04 basis, evaluated daily) vs credit_limit_inr",168840000.0,352430254.2897,521270254.2897,0.0,521270254.2897,521270254.2897,0.80195424,0.25975385,0.80195424,0.80195424,0.0,0.0,0.89473269,8.0,30.88295688,0.06772153,0.25975385,1.15448654,0.06267965,C,0.0,C,0.75,0.5,False,False,False,True,False,False,False,True,False,FREEZE — no increase; security for any credit balance; advance reliance capped at 0.5x limit,650000000.0,,"ACADEMIC SIMULATION — not actual trades. Scores: illustrative logistic model trained on SYNTHETIC data, computed from information dated on or before each row's date"
2022-06-01,True,BUY_RJK_01,Saurashtra Castings and Alloys Pvt Ltd (SIM),BUYER,120000000.0,"credit exposure = receivable + contracted-not-invoiced not covered by an advance (desk limit definition, P04 basis, evaluated daily) vs credit_limit_inr",0.0,245070000.0,245070000.0,183802500.0,61267500.0,61267500.0,0.5105625,0.0,2.04225,0.5105625,1.5316875,0.0,0.5105625,37.0,15.70431211,0.33161129,1.5316875,2.04225,0.16233999,D,1.0,D,0.5,0.0,False,False,False,False,True,True,False,True,True,REDUCE — cut the line to 50 %; advance or cash-against-documents only; do not lift the hedge before the advance arrives,60000000.0,,"ACADEMIC SIMULATION — not actual trades. Scores: illustrative logistic model trained on SYNTHETIC data, computed from information dated on or before each row's date"
2022-06-01,True,SUP_JEA_01,Khaleej Metal Resources FZE (SIM),SUPPLIER,46518480.0,claims/refunds owed by supplier (P3 supplier_exposure_inr) vs claims_exposure_limit_usd x usdinr,,,,,,18955109.74,0.40747483,,,,,,,,,,,,,NOT_SCORED,,NOT_SCORED,,,False,False,False,False,False,False,False,False,False,NOT_SCORED — the buyer default model does not describe supplier claims risk; limit monitored only,,,ACADEMIC SIMULATION — not actual trades
2022-06-01,True,SUP_USEC_01,Tidewater Recycling Corp (SIM),SUPPLIER,69777720.0,claims/refunds owed by supplier (P3 supplier_exposure_inr) vs claims_exposure_limit_usd x usdinr,,,,,,0.0,0.0,,,,,,,,,,,,,NOT_SCORED,,NOT_SCORED,,,False,False,False,False,False,False,False,False,False,NOT_SCORED — the buyer default model does not describe supplier claims risk; limit monitored only,,,ACADEMIC SIMULATION — not actual trades
2022-06-01,True,SUP_USEC_02,Delaware Bay Metals LLC (SIM),SUPPLIER,31012320.0,claims/refunds owed by supplier (P3 supplier_exposure_inr) vs claims_exposure_limit_usd x usdinr,,,,,,0.0,0.0,,,,,,,,,,,,,NOT_SCORED,,NOT_SCORED,,,False,False,False,False,False,False,False,False,False,NOT_SCORED — the buyer default model does not describe supplier claims risk; limit monitored only,,,ACADEMIC SIMULATION — not actual trades
2022-06-06,True,BUY_JNPT_01,Taloja Alloys and Smelters Pvt Ltd (SIM),BUYER,560000000.0,"credit exposure = receivable + contracted-not-invoiced not covered by an advance (desk limit definition, P04 basis, evaluated daily) vs credit_limit_inr",241500000.0,240825000.0,482325000.0,0.0,482325000.0,482325000.0,0.86129464,0.43125,0.86129464,0.86129464,0.0,0.0,0.86129464,19.0,37.71663244,0.08582962,0.0,0.86129464,0.08163925,C,0.0,C,0.75,0.5,False,False,False,True,False,False,False,True,False,FREEZE — no increase; security for any credit balance; advance reliance capped at 0.5x limit,560000000.0,,"ACADEMIC SIMULATION — not actual trades. Scores: illustrative logistic model trained on SYNTHETIC data, computed from information dated on or before each row's date"
2022-06-06,True,BUY_MUN_01,Kandla Metal Industries Pvt Ltd (SIM),BUYER,650000000.0,"credit exposure = receivable + contracted-not-invoiced not covered by an advance (desk limit definition, P04 basis, evaluated daily) vs credit_limit_inr",168840000.0,359187133.3899,528027133.3899,0.0,528027133.3899,528027133.3899,0.81234944,0.25975385,0.81234944,0.81234944,0.0,0.0,0.89473269,8.0,31.04722793,0.06772153,0.25975385,1.15448654,0.06249496,C,0.0,C,0.75,0.5,False,False,False,True,False,False,False,True,False,FREEZE — no increase; security for any credit balance; advance reliance capped at 0.5x limit,650000000.0,,"ACADEMIC SIMULATION — not actual trades. Scores: illustrative logistic model trained on SYNTHETIC data, computed from information dated on or before each row's date"
2022-06-06,True,BUY_RJK_01,Saurashtra Castings and Alloys Pvt Ltd (SIM),BUYER,120000000.0,"credit exposure = receivable + contracted-not-invoiced not covered by an advance (desk limit definition, P04 basis, evaluated daily) vs credit_limit_inr",0.0,245070000.0,245070000.0,183802500.0,61267500.0,61267500.0,0.5105625,0.0,2.04225,0.5105625,1.5316875,0.0,0.5105625,37.0,15.86858316,0.33161129,1.5316875,2.04225,0.16191236,D,1.0,D,0.5,0.0,False,False,False,False,True,True,False,True,True,REDUCE — cut the line to 50 %; advance or cash-against-documents only; do not lift the hedge before the advance arrives,60000000.0,,"ACADEMIC SIMULATION — not actual trades. Scores: illustrative logistic model trained on SYNTHETIC data, computed from information dated on or before each row's date"
2022-06-06,True,SUP_JEA_01,Khaleej Metal Resources FZE (SIM),SUPPLIER,46566300.0,claims/refunds owed by supplier (P3 supplier_exposure_inr) vs claims_exposure_limit_usd x usdinr,,,,,,18965334.12,0.40727595,,,,,,,,,,,,,NOT_SCORED,,NOT_SCORED,,,False,False,False,False,False,False,False,False,False,NOT_SCORED — the buyer default model does not describe supplier claims risk; limit monitored only,,,ACADEMIC SIMULATION — not actual trades
2022-06-06,True,SUP_USEC_01,Tidewater Recycling Corp (SIM),SUPPLIER,69849450.0,claims/refunds owed by supplier (P3 supplier_exposure_inr) vs claims_exposure_limit_usd x usdinr,,,,,,0.0,0.0,,,,,,,,,,,,,NOT_SCORED,,NOT_SCORED,,,False,False,False,False,False,False,False,False,False,NOT_SCORED — the buyer default model does not describe supplier claims risk; limit monitored only,,,ACADEMIC SIMULATION — not actual trades
2022-06-06,True,SUP_USEC_02,Delaware Bay Metals LLC (SIM),SUPPLIER,31044200.0,claims/refunds owed by supplier (P3 supplier_exposure_inr) vs claims_exposure_limit_usd x usdinr,,,,,,0.0,0.0,,,,,,,,,,,,,NOT_SCORED,,NOT_SCORED,,,False,False,False,False,False,False,False,False,False,NOT_SCORED — the buyer default model does not describe supplier claims risk; limit monitored only,,,ACADEMIC SIMULATION — not actual trades
2022-06-07,True,BUY_JNPT_01,Taloja Alloys and Smelters Pvt Ltd (SIM),BUYER,560000000.0,"credit exposure = receivable + contracted-not-invoiced not covered by an advance (desk limit definition, P04 basis, evaluated daily) vs credit_limit_inr",241500000.0,240825000.0,482325000.0,0.0,482325000.0,482325000.0,0.86129464,0.43125,0.86129464,0.86129464,0.0,0.0,0.86129464,19.0,37.74948665,0.08582962,0.0,0.86129464,0.08159206,C,0.0,C,0.75,0.5,False,False,False,True,False,False,False,True,False,FREEZE — no increase; security for any credit balance; advance reliance capped at 0.5x limit,560000000.0,,"ACADEMIC SIMULATION — not actual trades. Scores: illustrative logistic model trained on SYNTHETIC data, computed from information dated on or before each row's date"
2022-06-07,True,BUY_MUN_01,Kandla Metal Industries Pvt Ltd (SIM),BUYER,650000000.0,"credit exposure = receivable + contracted-not-invoiced not covered by an advance (desk limit definition, P04 basis, evaluated daily) vs credit_limit_inr",168840000.0,355407191.1668,524247191.1668,0.0,524247191.1668,524247191.1668,0.80653414,0.25975385,0.80653414,0.80653414,0.0,0.0,0.89473269,8.0,31.08008214,0.06772153,0.25975385,1.15448654,0.06245808,C,0.0,C,0.75,0.5,False,False,False,True,False,False,False,True,False,FREEZE — no increase; security for any credit balance; advance reliance capped at 0.5x limit,650000000.0,,"ACADEMIC SIMULATION — not actual trades. Scores: illustrative logistic model trained on SYNTHETIC data, computed from information dated on or before each row's date"
2022-06-07,True,BUY_RJK_01,Saurashtra Castings and Alloys Pvt Ltd (SIM),BUYER,120000000.0,"credit exposure = receivable + contracted-not-invoiced not covered by an advance (desk limit definition, P04 basis, evaluated daily) vs credit_limit_inr",0.0,245070000.0,245070000.0,183802500.0,61267500.0,61267500.0,0.5105625,0.0,2.04225,0.5105625,1.5316875,0.0,0.5105625,37.0,15.90143737,0.33161129,1.5316875,2.04225,0.16182694,D,1.0,D,0.5,0.0,False,False,False,False,True,True,False,True,True,REDUCE — cut the line to 50 %; advance or cash-against-documents only; do not lift the hedge before the advance arrives,60000000.0,,"ACADEMIC SIMULATION — not actual trades. Scores: illustrative logistic model trained on SYNTHETIC data, computed from information dated on or before each row's date"
2022-06-07,True,SUP_JEA_01,Khaleej Metal Resources FZE (SIM),SUPPLIER,46636440.0,claims/refunds owed by supplier (P3 supplier_exposure_inr) vs claims_exposure_limit_usd x usdinr,,,,,,18992126.37,0.40723791,,,,,,,,,,,,,NOT_SCORED,,NOT_SCORED,,,False,False,False,False,False,False,False,False,False,NOT_SCORED — the buyer default model does not describe supplier claims risk; limit monitored only,,,ACADEMIC SIMULATION — not actual trades
2022-06-07,True,SUP_USEC_01,Tidewater Recycling Corp (SIM),SUPPLIER,69954660.0,claims/refunds owed by supplier (P3 supplier_exposure_inr) vs claims_exposure_limit_usd x usdinr,,,,,,0.0,0.0,,,,,,,,,,,,,NOT_SCORED,,NOT_SCORED,,,False,False,False,False,False,False,False,False,False,NOT_SCORED — the buyer default model does not describe supplier claims risk; limit monitored only,,,ACADEMIC SIMULATION — not actual trades
2022-06-07,True,SUP_USEC_02,Delaware Bay Metals LLC (SIM),SUPPLIER,31090960.0,claims/refunds owed by supplier (P3 supplier_exposure_inr) vs claims_exposure_limit_usd x usdinr,,,,,,0.0,0.0,,,,,,,,,,,,,NOT_SCORED,,NOT_SCORED,,,False,False,False,False,False,False,False,False,False,NOT_SCORED — the buyer default model does not describe supplier claims risk; limit monitored only,,,ACADEMIC SIMULATION — not actual trades
2022-06-08,True,BUY_JNPT_01,Taloja Alloys and Smelters Pvt Ltd (SIM),BUYER,560000000.0,"credit exposure = receivable + contracted-not-invoiced not covered by an advance (desk limit definition, P04 basis, evaluated daily) vs credit_limit_inr",0.0,240825000.0,240825000.0,0.0,240825000.0,240825000.0,0.43004464,0.0,0.43004464,0.43004464,0.0,0.0,0.86129464,19.0,37.78234086,0.08582962,0.0,0.86129464,0.08154489,C,0.0,C,0.75,0.5,False,False,False,False,False,False,False,False,False,FREEZE — no increase; security for any credit balance; advance reliance capped at 0.5x limit,560000000.0,BALANCE_DUE T03-S1; BALANCE_PAID T03-S1,"ACADEMIC SIMULATION — not actual trades. Scores: illustrative logistic model trained on SYNTHETIC data, computed from information dated on or before each row's date"
2022-06-08,True,BUY_MUN_01,Kandla Metal Industries Pvt Ltd (SIM),BUYER,650000000.0,"credit exposure = receivable + contracted-not-invoiced not covered by an advance (desk limit definition, P04 basis, evaluated daily) vs credit_limit_inr",168840000.0,363528558.7731,532368558.7731,0.0,532368558.7731,532368558.7731,0.81902855,0.25975385,0.81902855,0.81902855,0.0,0.0,0.89473269,8.0,31.11293634,0.06772153,0.25975385,1.15448654,0.06242122,C,0.0,C,0.75,0.5,False,False,False,True,False,False,False,True,False,FREEZE — no increase; security for any credit balance; advance reliance capped at 0.5x limit,650000000.0,,"ACADEMIC SIMULATION — not actual trades. Scores: illustrative logistic model trained on SYNTHETIC data, computed from information dated on or before each row's date"
2022-06-08,True,BUY_RJK_01,Saurashtra Castings and Alloys Pvt Ltd (SIM),BUYER,120000000.0,"credit exposure = receivable + contracted-not-invoiced not covered by an advance (desk limit definition, P04 basis, evaluated daily) vs credit_limit_inr",0.0,245070000.0,245070000.0,183802500.0,61267500.0,61267500.0,0.5105625,0.0,2.04225,0.5105625,1.5316875,0.0,0.5105625,37.0,15.93429158,0.33161129,1.5316875,2.04225,0.16174156,D,1.0,D,0.5,0.0,False,False,False,False,True,True,False,True,True,REDUCE — cut the line to 50 %; advance or cash-against-documents only; do not lift the hedge before the advance arrives,60000000.0,,"ACADEMIC SIMULATION — not actual trades. Scores: illustrative logistic model trained on SYNTHETIC data, computed from information dated on or before each row's date"
2022-06-08,True,SUP_JEA_01,Khaleej Metal Resources FZE (SIM),SUPPLIER,46604340.0,claims/refunds owed by supplier (P3 supplier_exposure_inr) vs claims_exposure_limit_usd x usdinr,,,,,,18977551.25,0.40720566,,,,,,,,,,,,,NOT_SCORED,,NOT_SCORED,,,False,False,False,False,False,False,False,False,False,NOT_SCORED — the buyer default model does not describe supplier claims risk; limit monitored only,,,ACADEMIC SIMULATION — not actual trades
2022-06-08,True,SUP_USEC_01,Tidewater Recycling Corp (SIM),SUPPLIER,69906510.0,claims/refunds owed by supplier (P3 supplier_exposure_inr) vs claims_exposure_limit_usd x usdinr,,,,,,0.0,0.0,,,,,,,,,,,,,NOT_SCORED,,NOT_SCORED,,,False,False,False,False,False,False,False,False,False,NOT_SCORED — the buyer default model does not describe supplier claims risk; limit monitored only,,,ACADEMIC SIMULATION — not actual trades
2022-06-08,True,SUP_USEC_02,Delaware Bay Metals LLC (SIM),SUPPLIER,31069560.0,claims/refunds owed by supplier (P3 supplier_exposure_inr) vs claims_exposure_limit_usd x usdinr,,,,,,0.0,0.0,,,,,,,,,,,,,NOT_SCORED,,NOT_SCORED,,,False,False,False,False,False,False,False,False,False,NOT_SCORED — the buyer default model does not describe supplier claims risk; limit monitored only,,,ACADEMIC SIMULATION — not actual trades
2022-06-09,True,BUY_JNPT_01,Taloja Alloys and Smelters Pvt Ltd (SIM),BUYER,560000000.0,"credit exposure = receivable + contracted-not-invoiced not covered by an advance (desk limit definition, P04 basis, evaluated daily) vs credit_limit_inr",0.0,240825000.0,240825000.0,0.0,240825000.0,240825000.0,0.43004464,0.0,0.43004464,0.43004464,0.0,0.0,0.86129464,19.0,37.81519507,0.08582962,0.0,0.86129464,0.08149775,C,0.0,C,0.75,0.5,False,False,False,False,False,False,False,False,False,FREEZE — no increase; security for any credit balance; advance reliance capped at 0.5x limit,560000000.0,,"ACADEMIC SIMULATION — not actual trades. Scores: illustrative logistic model trained on SYNTHETIC data, computed from information dated on or before each row's date"
2022-06-09,True,BUY_MUN_01,Kandla Metal Industries Pvt Ltd (SIM),BUYER,650000000.0,"credit exposure = receivable + contracted-not-invoiced not covered by an advance (desk limit definition, P04 basis, evaluated daily) vs credit_limit_inr",168840000.0,361784459.5088,530624459.5088,0.0,530624459.5088,530624459.5088,0.81634532,0.25975385,0.81634532,0.81634532,0.0,0.0,0.89473269,8.0,31.14579055,0.06772153,0.25975385,1.15448654,0.06238438,C,0.0,C,0.75,0.5,False,False,False,True,False,False,False,True,False,FREEZE — no increase; security for any credit balance; advance reliance capped at 0.5x limit,650000000.0,,"ACADEMIC SIMULATION — not actual trades. Scores: illustrative logistic model trained on SYNTHETIC data, computed from information dated on or before each row's date"
2022-06-09,True,BUY_RJK_01,Saurashtra Castings and Alloys Pvt Ltd (SIM),BUYER,120000000.0,"credit exposure = receivable + contracted-not-invoiced not covered by an advance (desk limit definition, P04 basis, evaluated daily) vs credit_limit_inr",0.0,245070000.0,245070000.0,183802500.0,61267500.0,61267500.0,0.5105625,0.0,2.04225,0.5105625,1.5316875,0.0,0.5105625,37.0,15.96714579,0.33161129,1.5316875,2.04225,0.16165621,D,1.0,D,0.5,0.0,False,False,False,False,True,True,False,True,True,REDUCE — cut the line to 50 %; advance or cash-against-documents only; do not lift the hedge before the advance arrives,60000000.0,,"ACADEMIC SIMULATION — not actual trades. Scores: illustrative logistic model trained on SYNTHETIC data, computed from information dated on or before each row's date"
2022-06-09,True,SUP_JEA_01,Khaleej Metal Resources FZE (SIM),SUPPLIER,46649520.0,claims/refunds owed by supplier (P3 supplier_exposure_inr) vs claims_exposure_limit_usd x usdinr,,,,,,0.0,0.0,,,,,,,,,,,,,NOT_SCORED,,NOT_SCORED,,,False,False,False,False,False,False,False,False,False,NOT_SCORED — the buyer default model does not describe supplier claims risk; limit monitored only,,,ACADEMIC SIMULATION — not actual trades
2022-06-09,True,SUP_USEC_01,Tidewater Recycling Corp (SIM),SUPPLIER,69974280.0,claims/refunds owed by supplier (P3 supplier_exposure_inr) vs claims_exposure_limit_usd x usdinr,,,,,,0.0,0.0,,,,,,,,,,,,,NOT_SCORED,,NOT_SCORED,,,False,False,False,False,False,False,False,False,False,NOT_SCORED — the buyer default model does not describe supplier claims risk; limit monitored only,,,ACADEMIC SIMULATION — not actual trades
2022-06-09,True,SUP_USEC_02,Delaware Bay Metals LLC (SIM),SUPPLIER,31099680.0,claims/refunds owed by supplier (P3 supplier_exposure_inr) vs claims_exposure_limit_usd x usdinr,,,,,,0.0,0.0,,,,,,,,,,,,,NOT_SCORED,,NOT_SCORED,,,False,False,False,False,False,False,False,False,False,NOT_SCORED — the buyer default model does not describe supplier claims risk; limit monitored only,,,ACADEMIC SIMULATION — not actual trades
2022-06-10,True,BUY_JNPT_01,Taloja Alloys and Smelters Pvt Ltd (SIM),BUYER,560000000.0,"credit exposure = receivable + contracted-not-invoiced not covered by an advance (desk limit definition, P04 basis, evaluated daily) vs credit_limit_inr",0.0,240825000.0,240825000.0,0.0,240825000.0,240825000.0,0.43004464,0.0,0.43004464,0.43004464,0.0,0.0,0.86129464,19.0,37.84804928,0.08582962,0.0,0.86129464,0.08145063,C,0.0,C,0.75,0.5,False,False,False,False,False,False,False,False,False,FREEZE — no increase; security for any credit balance; advance reliance capped at 0.5x limit,560000000.0,,"ACADEMIC SIMULATION — not actual trades. Scores: illustrative logistic model trained on SYNTHETIC data, computed from information dated on or before each row's date"
2022-06-10,True,BUY_MUN_01,Kandla Metal Industries Pvt Ltd (SIM),BUYER,650000000.0,"credit exposure = receivable + contracted-not-invoiced not covered by an advance (desk limit definition, P04 basis, evaluated daily) vs credit_limit_inr",168840000.0,352850671.6173,521690671.6173,0.0,521690671.6173,521690671.6173,0.80260103,0.25975385,0.80260103,0.80260103,0.0,0.0,0.89473269,8.0,31.17864476,0.06772153,0.25975385,1.15448654,0.06234757,C,0.0,C,0.75,0.5,False,False,False,True,False,False,False,True,False,FREEZE — no increase; security for any credit balance; advance reliance capped at 0.5x limit,650000000.0,,"ACADEMIC SIMULATION — not actual trades. Scores: illustrative logistic model trained on SYNTHETIC data, computed from information dated on or before each row's date"
2022-06-10,True,BUY_RJK_01,Saurashtra Castings and Alloys Pvt Ltd (SIM),BUYER,120000000.0,"credit exposure = receivable + contracted-not-invoiced not covered by an advance (desk limit definition, P04 basis, evaluated daily) vs credit_limit_inr",0.0,245070000.0,245070000.0,183802500.0,61267500.0,61267500.0,0.5105625,0.0,2.04225,0.5105625,1.5316875,0.0,0.5105625,37.0,16.0,0.33161129,1.5316875,2.04225,0.16157091,D,1.0,D,0.5,0.0,False,False,False,False,True,True,False,True,True,REDUCE — cut the line to 50 %; advance or cash-against-documents only; do not lift the hedge before the advance arrives,60000000.0,,"ACADEMIC SIMULATION — not actual trades. Scores: illustrative logistic model trained on SYNTHETIC data, computed from information dated on or before each row's date"
2022-06-10,True,SUP_JEA_01,Khaleej Metal Resources FZE (SIM),SUPPLIER,46701900.0,claims/refunds owed by supplier (P3 supplier_exposure_inr) vs claims_exposure_limit_usd x usdinr,,,,,,0.0,0.0,,,,,,,,,,,,,NOT_SCORED,,NOT_SCORED,,,False,False,False,False,False,False,False,False,False,NOT_SCORED — the buyer default model does not describe supplier claims risk; limit monitored only,,,ACADEMIC SIMULATION — not actual trades
2022-06-10,True,SUP_USEC_01,Tidewater Recycling Corp (SIM),SUPPLIER,70052850.0,claims/refunds owed by supplier (P3 supplier_exposure_inr) vs claims_exposure_limit_usd x usdinr,,,,,,0.0,0.0,,,,,,,,,,,,,NOT_SCORED,,NOT_SCORED,,,False,False,False,False,False,False,False,False,False,NOT_SCORED — the buyer default model does not describe supplier claims risk; limit monitored only,,,ACADEMIC SIMULATION — not actual trades
2022-06-10,True,SUP_USEC_02,Delaware Bay Metals LLC (SIM),SUPPLIER,31134600.0,claims/refunds owed by supplier (P3 supplier_exposure_inr) vs claims_exposure_limit_usd x usdinr,,,,,,0.0,0.0,,,,,,,,,,,,,NOT_SCORED,,NOT_SCORED,,,False,False,False,False,False,False,False,False,False,NOT_SCORED — the buyer default model does not describe supplier claims risk; limit monitored only,,,ACADEMIC SIMULATION — not actual trades
2022-06-13,True,BUY_JNPT_01,Taloja Alloys and Smelters Pvt Ltd (SIM),BUYER,560000000.0,"credit exposure = receivable + contracted-not-invoiced not covered by an advance (desk limit definition, P04 basis, evaluated daily) vs credit_limit_inr",240825000.0,0.0,240825000.0,0.0,240825000.0,240825000.0,0.43004464,0.43004464,0.43004464,0.43004464,0.0,0.0,0.86129464,19.0,37.94661191,0.08582962,0.0,0.86129464,0.08130943,C,0.0,C,0.75,0.5,False,False,False,False,False,False,False,False,False,FREEZE — no increase; security for any credit balance; advance reliance capped at 0.5x limit,560000000.0,,"ACADEMIC SIMULATION — not actual trades. Scores: illustrative logistic model trained on SYNTHETIC data, computed from information dated on or before each row's date"
2022-06-13,True,BUY_MUN_01,Kandla Metal Industries Pvt Ltd (SIM),BUYER,650000000.0,"credit exposure = receivable + contracted-not-invoiced not covered by an advance (desk limit definition, P04 basis, evaluated daily) vs credit_limit_inr",168840000.0,336655371.8524,505495371.8524,0.0,505495371.8524,505495371.8524,0.77768519,0.25975385,0.77768519,0.77768519,0.0,0.0,0.89473269,8.0,31.27720739,0.06772153,0.25975385,1.15448654,0.06223724,C,0.0,C,0.75,0.5,False,False,False,False,False,False,False,True,False,FREEZE — no increase; security for any credit balance; advance reliance capped at 0.5x limit,650000000.0,,"ACADEMIC SIMULATION — not actual trades. Scores: illustrative logistic model trained on SYNTHETIC data, computed from information dated on or before each row's date"
2022-06-13,True,BUY_RJK_01,Saurashtra Castings and Alloys Pvt Ltd (SIM),BUYER,120000000.0,"credit exposure = receivable + contracted-not-invoiced not covered by an advance (desk limit definition, P04 basis, evaluated daily) vs credit_limit_inr",0.0,245070000.0,245070000.0,183802500.0,61267500.0,61267500.0,0.5105625,0.0,2.04225,0.5105625,1.5316875,0.0,0.5105625,37.0,16.09856263,0.33161129,1.5316875,2.04225,0.1613152,D,1.0,D,0.5,0.0,False,False,False,False,True,True,False,True,True,REDUCE — cut the line to 50 %; advance or cash-against-documents only; do not lift the hedge before the advance arrives,60000000.0,,"ACADEMIC SIMULATION — not actual trades. Scores: illustrative logistic model trained on SYNTHETIC data, computed from information dated on or before each row's date"
2022-06-13,True,SUP_JEA_01,Khaleej Metal Resources FZE (SIM),SUPPLIER,46832700.0,claims/refunds owed by supplier (P3 supplier_exposure_inr) vs claims_exposure_limit_usd x usdinr,,,,,,0.0,0.0,,,,,,,,,,,,,NOT_SCORED,,NOT_SCORED,,,False,False,False,False,False,False,False,False,False,NOT_SCORED — the buyer default model does not describe supplier claims risk; limit monitored only,,,ACADEMIC SIMULATION — not actual trades
2022-06-13,True,SUP_USEC_01,Tidewater Recycling Corp (SIM),SUPPLIER,70249050.0,claims/refunds owed by supplier (P3 supplier_exposure_inr) vs claims_exposure_limit_usd x usdinr,,,,,,4063863.97,0.05784938,,,,,,,,,,,,,NOT_SCORED,,NOT_SCORED,,,False,False,False,False,False,False,False,False,False,NOT_SCORED — the buyer default model does not describe supplier claims risk; limit monitored only,,,ACADEMIC SIMULATION — not actual trades
2022-06-13,True,SUP_USEC_02,Delaware Bay Metals LLC (SIM),SUPPLIER,31221800.0,claims/refunds owed by supplier (P3 supplier_exposure_inr) vs claims_exposure_limit_usd x usdinr,,,,,,0.0,0.0,,,,,,,,,,,,,NOT_SCORED,,NOT_SCORED,,,False,False,False,False,False,False,False,False,False,NOT_SCORED — the buyer default model does not describe supplier claims risk; limit monitored only,,,ACADEMIC SIMULATION — not actual trades
2022-06-14,True,BUY_JNPT_01,Taloja Alloys and Smelters Pvt Ltd (SIM),BUYER,560000000.0,"credit exposure = receivable + contracted-not-invoiced not covered by an advance (desk limit definition, P04 basis, evaluated daily) vs credit_limit_inr",240825000.0,0.0,240825000.0,0.0,240825000.0,240825000.0,0.43004464,0.43004464,0.43004464,0.43004464,0.0,0.0,0.86129464,19.0,37.97946612,0.08582962,0.0,0.86129464,0.08126241,C,0.0,C,0.75,0.5,False,False,False,False,False,False,False,False,False,FREEZE — no increase; security for any credit balance; advance reliance capped at 0.5x limit,560000000.0,,"ACADEMIC SIMULATION — not actual trades. Scores: illustrative logistic model trained on SYNTHETIC data, computed from information dated on or before each row's date"
2022-06-14,True,BUY_MUN_01,Kandla Metal Industries Pvt Ltd (SIM),BUYER,650000000.0,"credit exposure = receivable + contracted-not-invoiced not covered by an advance (desk limit definition, P04 basis, evaluated daily) vs credit_limit_inr",168840000.0,336229100.4925,505069100.4925,0.0,505069100.4925,505069100.4925,0.77702939,0.25975385,0.77702939,0.77702939,0.0,0.0,0.89473269,8.0,31.3100616,0.06772153,0.25975385,1.15448654,0.0622005,C,0.0,C,0.75,0.5,False,False,False,False,False,False,False,True,False,FREEZE — no increase; security for any credit balance; advance reliance capped at 0.5x limit,650000000.0,,"ACADEMIC SIMULATION — not actual trades. Scores: illustrative logistic model trained on SYNTHETIC data, computed from information dated on or before each row's date"
2022-06-14,True,BUY_RJK_01,Saurashtra Castings and Alloys Pvt Ltd (SIM),BUYER,120000000.0,"credit exposure = receivable + contracted-not-invoiced not covered by an advance (desk limit definition, P04 basis, evaluated daily) vs credit_limit_inr",61267500.0,0.0,61267500.0,0.0,61267500.0,61267500.0,0.5105625,0.5105625,0.5105625,0.5105625,0.0,0.0,0.5105625,37.0,16.13141684,0.33161129,1.5316875,2.04225,0.16123003,D,1.0,D,0.5,0.0,False,False,False,False,False,False,False,True,False,REDUCE — cut the line to 50 %; advance or cash-against-documents only; do not lift the hedge before the advance arrives,60000000.0,ADVANCE_RECEIVED T04-S1 ₹183.8m,"ACADEMIC SIMULATION — not actual trades. Scores: illustrative logistic model trained on SYNTHETIC data, computed from information dated on or before each row's date"
2022-06-14,True,SUP_JEA_01,Khaleej Metal Resources FZE (SIM),SUPPLIER,46819200.0,claims/refunds owed by supplier (P3 supplier_exposure_inr) vs claims_exposure_limit_usd x usdinr,,,,,,0.0,0.0,,,,,,,,,,,,,NOT_SCORED,,NOT_SCORED,,,False,False,False,False,False,False,False,False,False,NOT_SCORED — the buyer default model does not describe supplier claims risk; limit monitored only,,,ACADEMIC SIMULATION — not actual trades
2022-06-14,True,SUP_USEC_01,Tidewater Recycling Corp (SIM),SUPPLIER,70228800.0,claims/refunds owed by supplier (P3 supplier_exposure_inr) vs claims_exposure_limit_usd x usdinr,,,,,,4103823.78,0.05843505,,,,,,,,,,,,,NOT_SCORED,,NOT_SCORED,,,False,False,False,False,False,False,False,False,False,NOT_SCORED — the buyer default model does not describe supplier claims risk; limit monitored only,,,ACADEMIC SIMULATION — not actual trades
2022-06-14,True,SUP_USEC_02,Delaware Bay Metals LLC (SIM),SUPPLIER,31212800.0,claims/refunds owed by supplier (P3 supplier_exposure_inr) vs claims_exposure_limit_usd x usdinr,,,,,,0.0,0.0,,,,,,,,,,,,,NOT_SCORED,,NOT_SCORED,,,False,False,False,False,False,False,False,False,False,NOT_SCORED — the buyer default model does not describe supplier claims risk; limit monitored only,,,ACADEMIC SIMULATION — not actual trades
2022-06-15,True,BUY_JNPT_01,Taloja Alloys and Smelters Pvt Ltd (SIM),BUYER,560000000.0,"credit exposure = receivable + contracted-not-invoiced not covered by an advance (desk limit definition, P04 basis, evaluated daily) vs credit_limit_inr",240825000.0,0.0,240825000.0,0.0,240825000.0,240825000.0,0.43004464,0.43004464,0.43004464,0.43004464,0.0,0.0,0.86129464,19.0,38.01232033,0.08582962,0.0,0.86129464,0.08121542,C,0.0,C,0.75,0.5,False,False,False,False,False,False,False,False,False,FREEZE — no increase; security for any credit balance; advance reliance capped at 0.5x limit,560000000.0,,"ACADEMIC SIMULATION — not actual trades. Scores: illustrative logistic model trained on SYNTHETIC data, computed from information dated on or before each row's date"
2022-06-15,True,BUY_MUN_01,Kandla Metal Industries Pvt Ltd (SIM),BUYER,650000000.0,"credit exposure = receivable + contracted-not-invoiced not covered by an advance (desk limit definition, P04 basis, evaluated daily) vs credit_limit_inr",168840000.0,335479413.1801,504319413.1801,0.0,504319413.1801,504319413.1801,0.77587602,0.25975385,0.77587602,0.77587602,0.0,0.0,0.89473269,8.0,31.34291581,0.06772153,0.25975385,1.15448654,0.06216378,C,0.0,C,0.75,0.5,False,False,False,False,False,False,False,True,False,FREEZE — no increase; security for any credit balance; advance reliance capped at 0.5x limit,650000000.0,,"ACADEMIC SIMULATION — not actual trades. Scores: illustrative logistic model trained on SYNTHETIC data, computed from information dated on or before each row's date"
2022-06-15,True,BUY_RJK_01,Saurashtra Castings and Alloys Pvt Ltd (SIM),BUYER,120000000.0,"credit exposure = receivable + contracted-not-invoiced not covered by an advance (desk limit definition, P04 basis, evaluated daily) vs credit_limit_inr",61267500.0,0.0,61267500.0,0.0,61267500.0,61267500.0,0.5105625,0.5105625,0.5105625,0.5105625,0.0,0.0,0.5105625,37.0,16.16427105,0.33161129,1.5316875,2.04225,0.16114491,D,1.0,D,0.5,0.0,False,False,False,False,False,False,False,True,False,REDUCE — cut the line to 50 %; advance or cash-against-documents only; do not lift the hedge before the advance arrives,60000000.0,,"ACADEMIC SIMULATION — not actual trades. Scores: illustrative logistic model trained on SYNTHETIC data, computed from information dated on or before each row's date"
2022-06-15,True,SUP_JEA_01,Khaleej Metal Resources FZE (SIM),SUPPLIER,46887660.0,claims/refunds owed by supplier (P3 supplier_exposure_inr) vs claims_exposure_limit_usd x usdinr,,,,,,0.0,0.0,,,,,,,,,,,,,NOT_SCORED,,NOT_SCORED,,,False,False,False,False,False,False,False,False,False,NOT_SCORED — the buyer default model does not describe supplier claims risk; limit monitored only,,,ACADEMIC SIMULATION — not actual trades
2022-06-15,True,SUP_USEC_01,Tidewater Recycling Corp (SIM),SUPPLIER,70331490.0,claims/refunds owed by supplier (P3 supplier_exposure_inr) vs claims_exposure_limit_usd x usdinr,,,,,,4419919.56,0.06284411,,,,,,,,,,,,,NOT_SCORED,,NOT_SCORED,,,False,False,False,False,False,False,False,False,False,NOT_SCORED — the buyer default model does not describe supplier claims risk; limit monitored only,,,ACADEMIC SIMULATION — not actual trades
2022-06-15,True,SUP_USEC_02,Delaware Bay Metals LLC (SIM),SUPPLIER,31258440.0,claims/refunds owed by supplier (P3 supplier_exposure_inr) vs claims_exposure_limit_usd x usdinr,,,,,,0.0,0.0,,,,,,,,,,,,,NOT_SCORED,,NOT_SCORED,,,False,False,False,False,False,False,False,False,False,NOT_SCORED — the buyer default model does not describe supplier claims risk; limit monitored only,,,ACADEMIC SIMULATION — not actual trades
2022-06-16,True,BUY_JNPT_01,Taloja Alloys and Smelters Pvt Ltd (SIM),BUYER,560000000.0,"credit exposure = receivable + contracted-not-invoiced not covered by an advance (desk limit definition, P04 basis, evaluated daily) vs credit_limit_inr",240825000.0,0.0,240825000.0,0.0,240825000.0,240825000.0,0.43004464,0.43004464,0.43004464,0.43004464,0.0,0.0,0.86129464,19.0,38.04517454,0.08582962,0.0,0.86129464,0.08116845,C,0.0,C,0.75,0.5,False,False,False,False,False,False,False,False,False,FREEZE — no increase; security for any credit balance; advance reliance capped at 0.5x limit,560000000.0,,"ACADEMIC SIMULATION — not actual trades. Scores: illustrative logistic model trained on SYNTHETIC data, computed from information dated on or before each row's date"
2022-06-16,True,BUY_MUN_01,Kandla Metal Industries Pvt Ltd (SIM),BUYER,650000000.0,"credit exposure = receivable + contracted-not-invoiced not covered by an advance (desk limit definition, P04 basis, evaluated daily) vs credit_limit_inr",168840000.0,322028775.2621,490868775.2621,0.0,490868775.2621,490868775.2621,0.75518273,0.25975385,0.75518273,0.75518273,0.0,0.0,0.89473269,8.0,31.37577002,0.06772153,0.25975385,1.15448654,0.06212709,C,0.0,C,0.75,0.5,False,False,False,False,False,False,False,True,False,FREEZE — no increase; security for any credit balance; advance reliance capped at 0.5x limit,650000000.0,,"ACADEMIC SIMULATION — not actual trades. Scores: illustrative logistic model trained on SYNTHETIC data, computed from information dated on or before each row's date"
2022-06-16,True,BUY_RJK_01,Saurashtra Castings and Alloys Pvt Ltd (SIM),BUYER,120000000.0,"credit exposure = receivable + contracted-not-invoiced not covered by an advance (desk limit definition, P04 basis, evaluated daily) vs credit_limit_inr",61267500.0,0.0,61267500.0,0.0,61267500.0,61267500.0,0.5105625,0.5105625,0.5105625,0.5105625,0.0,0.0,0.5105625,37.0,16.19712526,0.33161129,1.5316875,2.04225,0.16105982,D,1.0,D,0.5,0.0,False,False,False,False,False,False,False,True,False,REDUCE — cut the line to 50 %; advance or cash-against-documents only; do not lift the hedge before the advance arrives,60000000.0,,"ACADEMIC SIMULATION — not actual trades. Scores: illustrative logistic model trained on SYNTHETIC data, computed from information dated on or before each row's date"
2022-06-16,True,SUP_JEA_01,Khaleej Metal Resources FZE (SIM),SUPPLIER,46842960.0,claims/refunds owed by supplier (P3 supplier_exposure_inr) vs claims_exposure_limit_usd x usdinr,,,,,,0.0,0.0,,,,,,,,,,,,,NOT_SCORED,,NOT_SCORED,,,False,False,False,False,False,False,False,False,False,NOT_SCORED — the buyer default model does not describe supplier claims risk; limit monitored only,,,ACADEMIC SIMULATION — not actual trades
2022-06-16,True,SUP_USEC_01,Tidewater Recycling Corp (SIM),SUPPLIER,70264440.0,claims/refunds owed by supplier (P3 supplier_exposure_inr) vs claims_exposure_limit_usd x usdinr,,,,,,6916676.86,0.0984378,,,,,,,,,,,,,NOT_SCORED,,NOT_SCORED,,,False,False,False,False,False,False,False,False,False,NOT_SCORED — the buyer default model does not describe supplier claims risk; limit monitored only,,,ACADEMIC SIMULATION — not actual trades
2022-06-16,True,SUP_USEC_02,Delaware Bay Metals LLC (SIM),SUPPLIER,31228640.0,claims/refunds owed by supplier (P3 supplier_exposure_inr) vs claims_exposure_limit_usd x usdinr,,,,,,0.0,0.0,,,,,,,,,,,,,NOT_SCORED,,NOT_SCORED,,,False,False,False,False,False,False,False,False,False,NOT_SCORED — the buyer default model does not describe supplier claims risk; limit monitored only,,,ACADEMIC SIMULATION — not actual trades
2022-06-17,True,BUY_JNPT_01,Taloja Alloys and Smelters Pvt Ltd (SIM),BUYER,560000000.0,"credit exposure = receivable + contracted-not-invoiced not covered by an advance (desk limit definition, P04 basis, evaluated daily) vs credit_limit_inr",240825000.0,0.0,240825000.0,0.0,240825000.0,240825000.0,0.43004464,0.43004464,0.43004464,0.43004464,0.0,0.0,0.86129464,19.0,38.07802875,0.08582962,0.0,0.86129464,0.0811215,C,0.0,C,0.75,0.5,False,False,False,False,False,False,False,False,False,FREEZE — no increase; security for any credit balance; advance reliance capped at 0.5x limit,560000000.0,,"ACADEMIC SIMULATION — not actual trades. Scores: illustrative logistic model trained on SYNTHETIC data, computed from information dated on or before each row's date"
2022-06-17,True,BUY_MUN_01,Kandla Metal Industries Pvt Ltd (SIM),BUYER,650000000.0,"credit exposure = receivable + contracted-not-invoiced not covered by an advance (desk limit definition, P04 basis, evaluated daily) vs credit_limit_inr",168840000.0,317667742.9678,486507742.9678,0.0,486507742.9678,486507742.9678,0.74847345,0.25975385,0.74847345,0.74847345,0.0,0.0,0.89473269,8.0,31.40862423,0.06772153,0.25975385,1.15448654,0.06209041,C,0.0,C,0.75,0.5,False,False,False,False,False,False,False,False,False,FREEZE — no increase; security for any credit balance; advance reliance capped at 0.5x limit,650000000.0,,"ACADEMIC SIMULATION — not actual trades. Scores: illustrative logistic model trained on SYNTHETIC data, computed from information dated on or before each row's date"
2022-06-17,True,BUY_RJK_01,Saurashtra Castings and Alloys Pvt Ltd (SIM),BUYER,120000000.0,"credit exposure = receivable + contracted-not-invoiced not covered by an advance (desk limit definition, P04 basis, evaluated daily) vs credit_limit_inr",61267500.0,0.0,61267500.0,0.0,61267500.0,61267500.0,0.5105625,0.5105625,0.5105625,0.5105625,0.0,0.0,0.5105625,37.0,16.22997947,0.33161129,1.5316875,2.04225,0.16097476,D,1.0,D,0.5,0.0,False,False,False,False,False,False,False,True,False,REDUCE — cut the line to 50 %; advance or cash-against-documents only; do not lift the hedge before the advance arrives,60000000.0,,"ACADEMIC SIMULATION — not actual trades. Scores: illustrative logistic model trained on SYNTHETIC data, computed from information dated on or before each row's date"
2022-06-17,True,SUP_JEA_01,Khaleej Metal Resources FZE (SIM),SUPPLIER,46845900.0,claims/refunds owed by supplier (P3 supplier_exposure_inr) vs claims_exposure_limit_usd x usdinr,,,,,,0.0,0.0,,,,,,,,,,,,,NOT_SCORED,,NOT_SCORED,,,False,False,False,False,False,False,False,False,False,NOT_SCORED — the buyer default model does not describe supplier claims risk; limit monitored only,,,ACADEMIC SIMULATION — not actual trades
2022-06-17,True,SUP_USEC_01,Tidewater Recycling Corp (SIM),SUPPLIER,70268850.0,claims/refunds owed by supplier (P3 supplier_exposure_inr) vs claims_exposure_limit_usd x usdinr,,,,,,7680189.91,0.10929722,,,,,,,,,,,,,NOT_SCORED,,NOT_SCORED,,,False,False,False,False,False,False,False,False,False,NOT_SCORED — the buyer default model does not describe supplier claims risk; limit monitored only,,,ACADEMIC SIMULATION — not actual trades
2022-06-17,True,SUP_USEC_02,Delaware Bay Metals LLC (SIM),SUPPLIER,31230600.0,claims/refunds owed by supplier (P3 supplier_exposure_inr) vs claims_exposure_limit_usd x usdinr,,,,,,0.0,0.0,,,,,,,,,,,,,NOT_SCORED,,NOT_SCORED,,,False,False,False,False,False,False,False,False,False,NOT_SCORED — the buyer default model does not describe supplier claims risk; limit monitored only,,,ACADEMIC SIMULATION — not actual trades
2022-06-20,True,BUY_JNPT_01,Taloja Alloys and Smelters Pvt Ltd (SIM),BUYER,560000000.0,"credit exposure = receivable + contracted-not-invoiced not covered by an advance (desk limit definition, P04 basis, evaluated daily) vs credit_limit_inr",240825000.0,0.0,240825000.0,0.0,240825000.0,240825000.0,0.43004464,0.43004464,0.43004464,0.43004464,0.0,0.0,0.86129464,19.0,38.17659138,0.08582962,0.0,0.86129464,0.08098082,C,0.0,C,0.75,0.5,False,False,False,False,False,False,False,False,False,FREEZE — no increase; security for any credit balance; advance reliance capped at 0.5x limit,560000000.0,,"ACADEMIC SIMULATION — not actual trades. Scores: illustrative logistic model trained on SYNTHETIC data, computed from information dated on or before each row's date"
2022-06-20,True,BUY_MUN_01,Kandla Metal Industries Pvt Ltd (SIM),BUYER,650000000.0,"credit exposure = receivable + contracted-not-invoiced not covered by an advance (desk limit definition, P04 basis, evaluated daily) vs credit_limit_inr",168840000.0,314955195.4784,483795195.4784,0.0,483795195.4784,483795195.4784,0.7443003,0.25975385,0.7443003,0.7443003,0.0,0.0,0.89473269,8.0,31.50718686,0.06772153,0.25975385,1.15448654,0.06198051,C,0.0,C,0.75,0.5,False,False,False,False,False,False,False,False,False,FREEZE — no increase; security for any credit balance; advance reliance capped at 0.5x limit,650000000.0,,"ACADEMIC SIMULATION — not actual trades. Scores: illustrative logistic model trained on SYNTHETIC data, computed from information dated on or before each row's date"
2022-06-20,True,BUY_RJK_01,Saurashtra Castings and Alloys Pvt Ltd (SIM),BUYER,120000000.0,"credit exposure = receivable + contracted-not-invoiced not covered by an advance (desk limit definition, P04 basis, evaluated daily) vs credit_limit_inr",61267500.0,0.0,61267500.0,0.0,61267500.0,61267500.0,0.5105625,0.5105625,0.5105625,0.5105625,0.0,0.0,0.5105625,37.0,16.32854209,0.33161129,1.5316875,2.04225,0.16071982,D,1.0,D,0.5,0.0,False,False,False,False,False,False,False,True,False,REDUCE — cut the line to 50 %; advance or cash-against-documents only; do not lift the hedge before the advance arrives,60000000.0,,"ACADEMIC SIMULATION — not actual trades. Scores: illustrative logistic model trained on SYNTHETIC data, computed from information dated on or before each row's date"
2022-06-20,True,SUP_JEA_01,Khaleej Metal Resources FZE (SIM),SUPPLIER,46777980.0,claims/refunds owed by supplier (P3 supplier_exposure_inr) vs claims_exposure_limit_usd x usdinr,,,,,,0.0,0.0,,,,,,,,,,,,,NOT_SCORED,,NOT_SCORED,,,False,False,False,False,False,False,False,False,False,NOT_SCORED — the buyer default model does not describe supplier claims risk; limit monitored only,,,ACADEMIC SIMULATION — not actual trades
2022-06-20,True,SUP_USEC_01,Tidewater Recycling Corp (SIM),SUPPLIER,70166970.0,claims/refunds owed by supplier (P3 supplier_exposure_inr) vs claims_exposure_limit_usd x usdinr,,,,,,8013705.66,0.11420909,,,,,,,,,,,,,NOT_SCORED,,NOT_SCORED,,,False,False,False,False,False,False,False,False,False,NOT_SCORED — the buyer default model does not describe supplier claims risk; limit monitored only,,,ACADEMIC SIMULATION — not actual trades
2022-06-20,True,SUP_USEC_02,Delaware Bay Metals LLC (SIM),SUPPLIER,31185320.0,claims/refunds owed by supplier (P3 supplier_exposure_inr) vs claims_exposure_limit_usd x usdinr,,,,,,0.0,0.0,,,,,,,,,,,,,NOT_SCORED,,NOT_SCORED,,,False,False,False,False,False,False,False,False,False,NOT_SCORED — the buyer default model does not describe supplier claims risk; limit monitored only,,,ACADEMIC SIMULATION — not actual trades
2022-06-21,True,BUY_JNPT_01,Taloja Alloys and Smelters Pvt Ltd (SIM),BUYER,560000000.0,"credit exposure = receivable + contracted-not-invoiced not covered by an advance (desk limit definition, P04 basis, evaluated daily) vs credit_limit_inr",240825000.0,0.0,240825000.0,0.0,240825000.0,240825000.0,0.43004464,0.43004464,0.43004464,0.43004464,0.0,0.0,0.86129464,19.0,38.20944559,0.08582962,0.0,0.86129464,0.08093397,C,0.0,C,0.75,0.5,False,False,False,False,False,False,False,False,False,FREEZE — no increase; security for any credit balance; advance reliance capped at 0.5x limit,560000000.0,,"ACADEMIC SIMULATION — not actual trades. Scores: illustrative logistic model trained on SYNTHETIC data, computed from information dated on or before each row's date"
2022-06-21,True,BUY_MUN_01,Kandla Metal Industries Pvt Ltd (SIM),BUYER,650000000.0,"credit exposure = receivable + contracted-not-invoiced not covered by an advance (desk limit definition, P04 basis, evaluated daily) vs credit_limit_inr",168840000.0,325131842.1098,493971842.1098,0.0,493971842.1098,493971842.1098,0.75995668,0.25975385,0.75995668,0.75995668,0.0,0.0,0.89473269,8.0,31.54004107,0.06772153,0.25975385,1.15448654,0.06194391,C,0.0,C,0.75,0.5,False,False,False,False,False,False,False,True,False,FREEZE — no increase; security for any credit balance; advance reliance capped at 0.5x limit,650000000.0,,"ACADEMIC SIMULATION — not actual trades. Scores: illustrative logistic model trained on SYNTHETIC data, computed from information dated on or before each row's date"
2022-06-21,True,BUY_RJK_01,Saurashtra Castings and Alloys Pvt Ltd (SIM),BUYER,120000000.0,"credit exposure = receivable + contracted-not-invoiced not covered by an advance (desk limit definition, P04 basis, evaluated daily) vs credit_limit_inr",61267500.0,0.0,61267500.0,0.0,61267500.0,61267500.0,0.5105625,0.5105625,0.5105625,0.5105625,0.0,0.0,0.5105625,37.0,16.3613963,0.33161129,1.5316875,2.04225,0.16063491,D,1.0,D,0.5,0.0,False,False,False,False,False,False,False,True,False,REDUCE — cut the line to 50 %; advance or cash-against-documents only; do not lift the hedge before the advance arrives,60000000.0,,"ACADEMIC SIMULATION — not actual trades. Scores: illustrative logistic model trained on SYNTHETIC data, computed from information dated on or before each row's date"
2022-06-21,True,SUP_JEA_01,Khaleej Metal Resources FZE (SIM),SUPPLIER,46875660.0,claims/refunds owed by supplier (P3 supplier_exposure_inr) vs claims_exposure_limit_usd x usdinr,,,,,,0.0,0.0,,,,,,,,,,,,,NOT_SCORED,,NOT_SCORED,,,False,False,False,False,False,False,False,False,False,NOT_SCORED — the buyer default model does not describe supplier claims risk; limit monitored only,,,ACADEMIC SIMULATION — not actual trades
2022-06-21,True,SUP_USEC_01,Tidewater Recycling Corp (SIM),SUPPLIER,70313490.0,claims/refunds owed by supplier (P3 supplier_exposure_inr) vs claims_exposure_limit_usd x usdinr,,,,,,6714985.37,0.09550067,,,,,,,,,,,,,NOT_SCORED,,NOT_SCORED,,,False,False,False,False,False,False,False,False,False,NOT_SCORED — the buyer default model does not describe supplier claims risk; limit monitored only,,,ACADEMIC SIMULATION — not actual trades
2022-06-21,True,SUP_USEC_02,Delaware Bay Metals LLC (SIM),SUPPLIER,31250440.0,claims/refunds owed by supplier (P3 supplier_exposure_inr) vs claims_exposure_limit_usd x usdinr,,,,,,0.0,0.0,,,,,,,,,,,,,NOT_SCORED,,NOT_SCORED,,,False,False,False,False,False,False,False,False,False,NOT_SCORED — the buyer default model does not describe supplier claims risk; limit monitored only,,,ACADEMIC SIMULATION — not actual trades
2022-06-22,True,BUY_JNPT_01,Taloja Alloys and Smelters Pvt Ltd (SIM),BUYER,560000000.0,"credit exposure = receivable + contracted-not-invoiced not covered by an advance (desk limit definition, P04 basis, evaluated daily) vs credit_limit_inr",240825000.0,0.0,240825000.0,0.0,240825000.0,240825000.0,0.43004464,0.43004464,0.43004464,0.43004464,0.0,0.0,0.86129464,19.0,38.24229979,0.08582962,0.0,0.86129464,0.08088715,C,0.0,C,0.75,0.5,False,False,False,False,False,False,False,False,False,FREEZE — no increase; security for any credit balance; advance reliance capped at 0.5x limit,560000000.0,INVOICED T06-S1,"ACADEMIC SIMULATION — not actual trades. Scores: illustrative logistic model trained on SYNTHETIC data, computed from information dated on or before each row's date"
2022-06-22,True,BUY_MUN_01,Kandla Metal Industries Pvt Ltd (SIM),BUYER,650000000.0,"credit exposure = receivable + contracted-not-invoiced not covered by an advance (desk limit definition, P04 basis, evaluated daily) vs credit_limit_inr",168840000.0,315648835.8351,484488835.8351,0.0,484488835.8351,484488835.8351,0.74536744,0.25975385,0.74536744,0.74536744,0.0,0.0,0.89473269,8.0,31.57289528,0.06772153,0.25975385,1.15448654,0.06190734,C,0.0,C,0.75,0.5,False,False,False,False,False,False,False,False,False,FREEZE — no increase; security for any credit balance; advance reliance capped at 0.5x limit,650000000.0,,"ACADEMIC SIMULATION — not actual trades. Scores: illustrative logistic model trained on SYNTHETIC data, computed from information dated on or before each row's date"
2022-06-22,True,BUY_RJK_01,Saurashtra Castings and Alloys Pvt Ltd (SIM),BUYER,120000000.0,"credit exposure = receivable + contracted-not-invoiced not covered by an advance (desk limit definition, P04 basis, evaluated daily) vs credit_limit_inr",61267500.0,0.0,61267500.0,0.0,61267500.0,61267500.0,0.5105625,0.5105625,0.5105625,0.5105625,0.0,0.0,0.5105625,37.0,16.39425051,0.33161129,1.5316875,2.04225,0.16055003,D,1.0,D,0.5,0.0,False,False,False,False,False,False,False,True,False,REDUCE — cut the line to 50 %; advance or cash-against-documents only; do not lift the hedge before the advance arrives,60000000.0,,"ACADEMIC SIMULATION — not actual trades. Scores: illustrative logistic model trained on SYNTHETIC data, computed from information dated on or before each row's date"
2022-06-22,True,SUP_JEA_01,Khaleej Metal Resources FZE (SIM),SUPPLIER,46996020.0,claims/refunds owed by supplier (P3 supplier_exposure_inr) vs claims_exposure_limit_usd x usdinr,,,,,,0.0,0.0,,,,,,,,,,,,,NOT_SCORED,,NOT_SCORED,,,False,False,False,False,False,False,False,False,False,NOT_SCORED — the buyer default model does not describe supplier claims risk; limit monitored only,,,ACADEMIC SIMULATION — not actual trades
2022-06-22,True,SUP_USEC_01,Tidewater Recycling Corp (SIM),SUPPLIER,70494030.0,claims/refunds owed by supplier (P3 supplier_exposure_inr) vs claims_exposure_limit_usd x usdinr,,,,,,8027903.96,0.11388062,,,,,,,,,,,,,NOT_SCORED,,NOT_SCORED,,,False,False,False,False,False,False,False,False,False,NOT_SCORED — the buyer default model does not describe supplier claims risk; limit monitored only,,,ACADEMIC SIMULATION — not actual trades
2022-06-22,True,SUP_USEC_02,Delaware Bay Metals LLC (SIM),SUPPLIER,31330680.0,claims/refunds owed by supplier (P3 supplier_exposure_inr) vs claims_exposure_limit_usd x usdinr,,,,,,0.0,0.0,,,,,,,,,,,,,NOT_SCORED,,NOT_SCORED,,,False,False,False,False,False,False,False,False,False,NOT_SCORED — the buyer default model does not describe supplier claims risk; limit monitored only,,,ACADEMIC SIMULATION — not actual trades
2022-06-23,True,BUY_JNPT_01,Taloja Alloys and Smelters Pvt Ltd (SIM),BUYER,560000000.0,"credit exposure = receivable + contracted-not-invoiced not covered by an advance (desk limit definition, P04 basis, evaluated daily) vs credit_limit_inr",240825000.0,0.0,240825000.0,0.0,240825000.0,240825000.0,0.43004464,0.43004464,0.43004464,0.43004464,0.0,0.0,0.86129464,19.0,38.275154,0.08582962,0.0,0.86129464,0.08084036,C,0.0,C,0.75,0.5,False,False,False,False,False,False,False,False,False,FREEZE — no increase; security for any credit balance; advance reliance capped at 0.5x limit,560000000.0,,"ACADEMIC SIMULATION — not actual trades. Scores: illustrative logistic model trained on SYNTHETIC data, computed from information dated on or before each row's date"
2022-06-23,True,BUY_MUN_01,Kandla Metal Industries Pvt Ltd (SIM),BUYER,650000000.0,"credit exposure = receivable + contracted-not-invoiced not covered by an advance (desk limit definition, P04 basis, evaluated daily) vs credit_limit_inr",0.0,319410107.7871,319410107.7871,0.0,319410107.7871,319410107.7871,0.49140017,0.0,0.49140017,0.49140017,0.0,0.0,0.89473269,8.0,31.60574949,0.06772153,0.25975385,1.15448654,0.06187078,C,0.0,C,0.75,0.5,False,False,False,False,False,False,False,False,False,FREEZE — no increase; security for any credit balance; advance reliance capped at 0.5x limit,650000000.0,BALANCE_DUE T01-S1; BALANCE_PAID T01-S1,"ACADEMIC SIMULATION — not actual trades. Scores: illustrative logistic model trained on SYNTHETIC data, computed from information dated on or before each row's date"
2022-06-23,True,BUY_RJK_01,Saurashtra Castings and Alloys Pvt Ltd (SIM),BUYER,120000000.0,"credit exposure = receivable + contracted-not-invoiced not covered by an advance (desk limit definition, P04 basis, evaluated daily) vs credit_limit_inr",61267500.0,0.0,61267500.0,0.0,61267500.0,61267500.0,0.5105625,0.5105625,0.5105625,0.5105625,0.0,0.0,0.5105625,37.0,16.42710472,0.33161129,1.5316875,2.04225,0.1604652,D,1.0,D,0.5,0.0,False,False,False,False,False,False,False,True,False,REDUCE — cut the line to 50 %; advance or cash-against-documents only; do not lift the hedge before the advance arrives,60000000.0,INVOICED T04-S1,"ACADEMIC SIMULATION — not actual trades. Scores: illustrative logistic model trained on SYNTHETIC data, computed from information dated on or before each row's date"
2022-06-23,True,SUP_JEA_01,Khaleej Metal Resources FZE (SIM),SUPPLIER,46973520.0,claims/refunds owed by supplier (P3 supplier_exposure_inr) vs claims_exposure_limit_usd x usdinr,,,,,,0.0,0.0,,,,,,,,,,,,,NOT_SCORED,,NOT_SCORED,,,False,False,False,False,False,False,False,False,False,NOT_SCORED — the buyer default model does not describe supplier claims risk; limit monitored only,,,ACADEMIC SIMULATION — not actual trades
2022-06-23,True,SUP_USEC_01,Tidewater Recycling Corp (SIM),SUPPLIER,70460280.0,claims/refunds owed by supplier (P3 supplier_exposure_inr) vs claims_exposure_limit_usd x usdinr,,,,,,7601597.46,0.10788486,,,,,,,,,,,,,NOT_SCORED,,NOT_SCORED,,,False,False,False,False,False,False,False,False,False,NOT_SCORED — the buyer default model does not describe supplier claims risk; limit monitored only,,,ACADEMIC SIMULATION — not actual trades
2022-06-23,True,SUP_USEC_02,Delaware Bay Metals LLC (SIM),SUPPLIER,31315680.0,claims/refunds owed by supplier (P3 supplier_exposure_inr) vs claims_exposure_limit_usd x usdinr,,,,,,0.0,0.0,,,,,,,,,,,,,NOT_SCORED,,NOT_SCORED,,,False,False,False,False,False,False,False,False,False,NOT_SCORED — the buyer default model does not describe supplier claims risk; limit monitored only,,,ACADEMIC SIMULATION — not actual trades
2022-06-24,True,BUY_JNPT_01,Taloja Alloys and Smelters Pvt Ltd (SIM),BUYER,560000000.0,"credit exposure = receivable + contracted-not-invoiced not covered by an advance (desk limit definition, P04 basis, evaluated daily) vs credit_limit_inr",240825000.0,0.0,240825000.0,0.0,240825000.0,240825000.0,0.43004464,0.43004464,0.43004464,0.43004464,0.0,0.0,0.86129464,19.0,38.30800821,0.08582962,0.0,0.86129464,0.08079359,C,0.0,C,0.75,0.5,False,False,False,False,False,False,False,False,False,FREEZE — no increase; security for any credit balance; advance reliance capped at 0.5x limit,560000000.0,,"ACADEMIC SIMULATION — not actual trades. Scores: illustrative logistic model trained on SYNTHETIC data, computed from information dated on or before each row's date"
2022-06-24,True,BUY_MUN_01,Kandla Metal Industries Pvt Ltd (SIM),BUYER,650000000.0,"credit exposure = receivable + contracted-not-invoiced not covered by an advance (desk limit definition, P04 basis, evaluated daily) vs credit_limit_inr",0.0,312185798.1931,312185798.1931,0.0,312185798.1931,312185798.1931,0.48028584,0.0,0.48028584,0.48028584,0.0,0.0,0.89473269,8.0,31.6386037,0.06772153,0.25975385,1.15448654,0.06183425,C,0.0,C,0.75,0.5,False,False,False,False,False,False,False,False,False,FREEZE — no increase; security for any credit balance; advance reliance capped at 0.5x limit,650000000.0,,"ACADEMIC SIMULATION — not actual trades. Scores: illustrative logistic model trained on SYNTHETIC data, computed from information dated on or before each row's date"
2022-06-24,True,BUY_RJK_01,Saurashtra Castings and Alloys Pvt Ltd (SIM),BUYER,120000000.0,"credit exposure = receivable + contracted-not-invoiced not covered by an advance (desk limit definition, P04 basis, evaluated daily) vs credit_limit_inr",61267500.0,0.0,61267500.0,0.0,61267500.0,61267500.0,0.5105625,0.5105625,0.5105625,0.5105625,0.0,0.0,0.5105625,37.0,16.45995893,0.33161129,1.5316875,2.04225,0.1603804,D,1.0,D,0.5,0.0,False,False,False,False,False,False,False,True,False,REDUCE — cut the line to 50 %; advance or cash-against-documents only; do not lift the hedge before the advance arrives,60000000.0,,"ACADEMIC SIMULATION — not actual trades. Scores: illustrative logistic model trained on SYNTHETIC data, computed from information dated on or before each row's date"
2022-06-24,True,SUP_JEA_01,Khaleej Metal Resources FZE (SIM),SUPPLIER,46977480.0,claims/refunds owed by supplier (P3 supplier_exposure_inr) vs claims_exposure_limit_usd x usdinr,,,,,,0.0,0.0,,,,,,,,,,,,,NOT_SCORED,,NOT_SCORED,,,False,False,False,False,False,False,False,False,False,NOT_SCORED — the buyer default model does not describe supplier claims risk; limit monitored only,,,ACADEMIC SIMULATION — not actual trades
2022-06-24,True,SUP_USEC_01,Tidewater Recycling Corp (SIM),SUPPLIER,70466220.0,claims/refunds owed by supplier (P3 supplier_exposure_inr) vs claims_exposure_limit_usd x usdinr,,,,,,8238843.13,0.11691904,,,,,,,,,,,,,NOT_SCORED,,NOT_SCORED,,,False,False,False,False,False,False,False,False,False,NOT_SCORED — the buyer default model does not describe supplier claims risk; limit monitored only,,,ACADEMIC SIMULATION — not actual trades
2022-06-24,True,SUP_USEC_02,Delaware Bay Metals LLC (SIM),SUPPLIER,31318320.0,claims/refunds owed by supplier (P3 supplier_exposure_inr) vs claims_exposure_limit_usd x usdinr,,,,,,0.0,0.0,,,,,,,,,,,,,NOT_SCORED,,NOT_SCORED,,,False,False,False,False,False,False,False,False,False,NOT_SCORED — the buyer default model does not describe supplier claims risk; limit monitored only,,,ACADEMIC SIMULATION — not actual trades
2022-06-27,True,BUY_JNPT_01,Taloja Alloys and Smelters Pvt Ltd (SIM),BUYER,560000000.0,"credit exposure = receivable + contracted-not-invoiced not covered by an advance (desk limit definition, P04 basis, evaluated daily) vs credit_limit_inr",240825000.0,0.0,240825000.0,0.0,240825000.0,240825000.0,0.43004464,0.43004464,0.43004464,0.43004464,0.0,0.0,0.86129464,19.0,38.40657084,0.08582962,0.0,0.86129464,0.08065342,C,0.0,C,0.75,0.5,False,False,False,False,False,False,False,False,False,FREEZE — no increase; security for any credit balance; advance reliance capped at 0.5x limit,560000000.0,,"ACADEMIC SIMULATION — not actual trades. Scores: illustrative logistic model trained on SYNTHETIC data, computed from information dated on or before each row's date"
2022-06-27,True,BUY_MUN_01,Kandla Metal Industries Pvt Ltd (SIM),BUYER,650000000.0,"credit exposure = receivable + contracted-not-invoiced not covered by an advance (desk limit definition, P04 basis, evaluated daily) vs credit_limit_inr",0.0,315566045.3475,315566045.3475,0.0,315566045.3475,315566045.3475,0.48548622,0.0,0.48548622,0.48548622,0.0,0.0,0.89473269,8.0,31.73716632,0.06772153,0.25975385,1.15448654,0.06172477,C,0.0,C,0.75,0.5,False,False,False,False,False,False,False,False,False,FREEZE — no increase; security for any credit balance; advance reliance capped at 0.5x limit,650000000.0,,"ACADEMIC SIMULATION — not actual trades. Scores: illustrative logistic model trained on SYNTHETIC data, computed from information dated on or before each row's date"
2022-06-27,True,BUY_RJK_01,Saurashtra Castings and Alloys Pvt Ltd (SIM),BUYER,120000000.0,"credit exposure = receivable + contracted-not-invoiced not covered by an advance (desk limit definition, P04 basis, evaluated daily) vs credit_limit_inr",61267500.0,0.0,61267500.0,0.0,61267500.0,61267500.0,0.5105625,0.5105625,0.5105625,0.5105625,0.0,0.0,0.5105625,37.0,16.55852156,0.33161129,1.5316875,2.04225,0.16012621,D,1.0,D,0.5,0.0,False,False,False,False,False,False,False,True,False,REDUCE — cut the line to 50 %; advance or cash-against-documents only; do not lift the hedge before the advance arrives,60000000.0,,"ACADEMIC SIMULATION — not actual trades. Scores: illustrative logistic model trained on SYNTHETIC data, computed from information dated on or before each row's date"
2022-06-27,True,SUP_JEA_01,Khaleej Metal Resources FZE (SIM),SUPPLIER,47067240.00000001,claims/refunds owed by supplier (P3 supplier_exposure_inr) vs claims_exposure_limit_usd x usdinr,,,,,,0.0,0.0,,,,,,,,,,,,,NOT_SCORED,,NOT_SCORED,,,False,False,False,False,False,False,False,False,False,NOT_SCORED — the buyer default model does not describe supplier claims risk; limit monitored only,,,ACADEMIC SIMULATION — not actual trades
2022-06-27,True,SUP_USEC_01,Tidewater Recycling Corp (SIM),SUPPLIER,70600860.0,claims/refunds owed by supplier (P3 supplier_exposure_inr) vs claims_exposure_limit_usd x usdinr,,,,,,8058383.54,0.11414002,,,,,,,,,,,,,NOT_SCORED,,NOT_SCORED,,,False,False,False,False,False,False,False,False,False,NOT_SCORED — the buyer default model does not describe supplier claims risk; limit monitored only,,,ACADEMIC SIMULATION — not actual trades
2022-06-27,True,SUP_USEC_02,Delaware Bay Metals LLC (SIM),SUPPLIER,31378160.0,claims/refunds owed by supplier (P3 supplier_exposure_inr) vs claims_exposure_limit_usd x usdinr,,,,,,0.0,0.0,,,,,,,,,,,,,NOT_SCORED,,NOT_SCORED,,,False,False,False,False,False,False,False,False,False,NOT_SCORED — the buyer default model does not describe supplier claims risk; limit monitored only,,,ACADEMIC SIMULATION — not actual trades
2022-06-28,True,BUY_JNPT_01,Taloja Alloys and Smelters Pvt Ltd (SIM),BUYER,560000000.0,"credit exposure = receivable + contracted-not-invoiced not covered by an advance (desk limit definition, P04 basis, evaluated daily) vs credit_limit_inr",240825000.0,0.0,240825000.0,0.0,240825000.0,240825000.0,0.43004464,0.43004464,0.43004464,0.43004464,0.0,0.0,0.86129464,19.0,38.43942505,0.08582962,0.0,0.86129464,0.08060675,C,0.0,C,0.75,0.5,False,False,False,False,False,False,False,False,False,FREEZE — no increase; security for any credit balance; advance reliance capped at 0.5x limit,560000000.0,,"ACADEMIC SIMULATION — not actual trades. Scores: illustrative logistic model trained on SYNTHETIC data, computed from information dated on or before each row's date"
2022-06-28,True,BUY_MUN_01,Kandla Metal Industries Pvt Ltd (SIM),BUYER,650000000.0,"credit exposure = receivable + contracted-not-invoiced not covered by an advance (desk limit definition, P04 basis, evaluated daily) vs credit_limit_inr",0.0,325991301.3133,325991301.3133,0.0,325991301.3133,325991301.3133,0.50152508,0.0,0.50152508,0.50152508,0.0,0.0,0.89473269,8.0,31.77002053,0.06772153,0.25975385,1.15448654,0.06168831,C,0.0,C,0.75,0.5,False,False,False,False,False,False,False,False,False,FREEZE — no increase; security for any credit balance; advance reliance capped at 0.5x limit,650000000.0,,"ACADEMIC SIMULATION — not actual trades. Scores: illustrative logistic model trained on SYNTHETIC data, computed from information dated on or before each row's date"
2022-06-28,True,BUY_RJK_01,Saurashtra Castings and Alloys Pvt Ltd (SIM),BUYER,120000000.0,"credit exposure = receivable + contracted-not-invoiced not covered by an advance (desk limit definition, P04 basis, evaluated daily) vs credit_limit_inr",61267500.0,0.0,61267500.0,0.0,61267500.0,61267500.0,0.5105625,0.5105625,0.5105625,0.5105625,0.0,0.0,0.5105625,37.0,16.59137577,0.33161129,1.5316875,2.04225,0.16004156,D,1.0,D,0.5,0.0,False,False,False,False,False,False,False,True,False,REDUCE — cut the line to 50 %; advance or cash-against-documents only; do not lift the hedge before the advance arrives,60000000.0,,"ACADEMIC SIMULATION — not actual trades. Scores: illustrative logistic model trained on SYNTHETIC data, computed from information dated on or before each row's date"
2022-06-28,True,SUP_JEA_01,Khaleej Metal Resources FZE (SIM),SUPPLIER,47386440.0,claims/refunds owed by supplier (P3 supplier_exposure_inr) vs claims_exposure_limit_usd x usdinr,,,,,,0.0,0.0,,,,,,,,,,,,,NOT_SCORED,,NOT_SCORED,,,False,False,False,False,False,False,False,False,False,NOT_SCORED — the buyer default model does not describe supplier claims risk; limit monitored only,,,ACADEMIC SIMULATION — not actual trades
2022-06-28,True,SUP_USEC_01,Tidewater Recycling Corp (SIM),SUPPLIER,71079660.0,claims/refunds owed by supplier (P3 supplier_exposure_inr) vs claims_exposure_limit_usd x usdinr,,,,,,7704767.51,0.10839623,,,,,,,,,,,,,NOT_SCORED,,NOT_SCORED,,,False,False,False,False,False,False,False,False,False,NOT_SCORED — the buyer default model does not describe supplier claims risk; limit monitored only,,,ACADEMIC SIMULATION — not actual trades
2022-06-28,True,SUP_USEC_02,Delaware Bay Metals LLC (SIM),SUPPLIER,31590960.0,claims/refunds owed by supplier (P3 supplier_exposure_inr) vs claims_exposure_limit_usd x usdinr,,,,,,0.0,0.0,,,,,,,,,,,,,NOT_SCORED,,NOT_SCORED,,,False,False,False,False,False,False,False,False,False,NOT_SCORED — the buyer default model does not describe supplier claims risk; limit monitored only,,,ACADEMIC SIMULATION — not actual trades
2022-06-29,True,BUY_JNPT_01,Taloja Alloys and Smelters Pvt Ltd (SIM),BUYER,560000000.0,"credit exposure = receivable + contracted-not-invoiced not covered by an advance (desk limit definition, P04 basis, evaluated daily) vs credit_limit_inr",240825000.0,0.0,240825000.0,0.0,240825000.0,240825000.0,0.43004464,0.43004464,0.43004464,0.43004464,0.0,0.0,0.86129464,19.0,38.47227926,0.08582962,0.0,0.86129464,0.0805601,C,0.0,C,0.75,0.5,False,False,False,False,False,False,False,False,False,FREEZE — no increase; security for any credit balance; advance reliance capped at 0.5x limit,560000000.0,,"ACADEMIC SIMULATION — not actual trades. Scores: illustrative logistic model trained on SYNTHETIC data, computed from information dated on or before each row's date"
2022-06-29,True,BUY_MUN_01,Kandla Metal Industries Pvt Ltd (SIM),BUYER,650000000.0,"credit exposure = receivable + contracted-not-invoiced not covered by an advance (desk limit definition, P04 basis, evaluated daily) vs credit_limit_inr",0.0,317899552.8291,317899552.8291,0.0,317899552.8291,317899552.8291,0.48907624,0.0,0.48907624,0.48907624,0.0,0.0,0.89473269,8.0,31.80287474,0.06772153,0.25975385,1.15448654,0.06165188,C,0.0,C,0.75,0.5,False,False,False,False,False,False,False,False,False,FREEZE — no increase; security for any credit balance; advance reliance capped at 0.5x limit,650000000.0,,"ACADEMIC SIMULATION — not actual trades. Scores: illustrative logistic model trained on SYNTHETIC data, computed from information dated on or before each row's date"
2022-06-29,True,BUY_RJK_01,Saurashtra Castings and Alloys Pvt Ltd (SIM),BUYER,120000000.0,"credit exposure = receivable + contracted-not-invoiced not covered by an advance (desk limit definition, P04 basis, evaluated daily) vs credit_limit_inr",61267500.0,0.0,61267500.0,0.0,61267500.0,61267500.0,0.5105625,0.5105625,0.5105625,0.5105625,0.0,0.0,0.5105625,37.0,16.62422998,0.33161129,1.5316875,2.04225,0.15995694,D,1.0,D,0.5,0.0,False,False,False,False,False,False,False,True,False,REDUCE — cut the line to 50 %; advance or cash-against-documents only; do not lift the hedge before the advance arrives,60000000.0,,"ACADEMIC SIMULATION — not actual trades. Scores: illustrative logistic model trained on SYNTHETIC data, computed from information dated on or before each row's date"
2022-06-29,True,SUP_JEA_01,Khaleej Metal Resources FZE (SIM),SUPPLIER,47373000.0,claims/refunds owed by supplier (P3 supplier_exposure_inr) vs claims_exposure_limit_usd x usdinr,,,,,,0.0,0.0,,,,,,,,,,,,,NOT_SCORED,,NOT_SCORED,,,False,False,False,False,False,False,False,False,False,NOT_SCORED — the buyer default model does not describe supplier claims risk; limit monitored only,,,ACADEMIC SIMULATION — not actual trades
2022-06-29,True,SUP_USEC_01,Tidewater Recycling Corp (SIM),SUPPLIER,71059500.0,claims/refunds owed by supplier (P3 supplier_exposure_inr) vs claims_exposure_limit_usd x usdinr,,,,,,7982777.48,0.11233934,,,,,,,,,,,,,NOT_SCORED,,NOT_SCORED,,,False,False,False,False,False,False,False,False,False,NOT_SCORED — the buyer default model does not describe supplier claims risk; limit monitored only,,,ACADEMIC SIMULATION — not actual trades
2022-06-29,True,SUP_USEC_02,Delaware Bay Metals LLC (SIM),SUPPLIER,31582000.0,claims/refunds owed by supplier (P3 supplier_exposure_inr) vs claims_exposure_limit_usd x usdinr,,,,,,0.0,0.0,,,,,,,,,,,,,NOT_SCORED,,NOT_SCORED,,,False,False,False,False,False,False,False,False,False,NOT_SCORED — the buyer default model does not describe supplier claims risk; limit monitored only,,,ACADEMIC SIMULATION — not actual trades
2022-06-30,True,BUY_JNPT_01,Taloja Alloys and Smelters Pvt Ltd (SIM),BUYER,560000000.0,"credit exposure = receivable + contracted-not-invoiced not covered by an advance (desk limit definition, P04 basis, evaluated daily) vs credit_limit_inr",240825000.0,0.0,240825000.0,0.0,240825000.0,240825000.0,0.43004464,0.43004464,0.43004464,0.43004464,0.0,0.0,0.86129464,19.0,38.50513347,0.08582962,0.0,0.86129464,0.08051348,C,0.0,C,0.75,0.5,False,False,False,False,False,False,False,False,False,FREEZE — no increase; security for any credit balance; advance reliance capped at 0.5x limit,560000000.0,,"ACADEMIC SIMULATION — not actual trades. Scores: illustrative logistic model trained on SYNTHETIC data, computed from information dated on or before each row's date"
2022-06-30,True,BUY_MUN_01,Kandla Metal Industries Pvt Ltd (SIM),BUYER,650000000.0,"credit exposure = receivable + contracted-not-invoiced not covered by an advance (desk limit definition, P04 basis, evaluated daily) vs credit_limit_inr",0.0,310342176.0225,310342176.0225,0.0,310342176.0225,310342176.0225,0.4774495,0.0,0.4774495,0.4774495,0.0,0.0,0.89473269,8.0,31.83572895,0.06772153,0.25975385,1.15448654,0.06161547,C,0.0,C,0.75,0.5,False,False,False,False,False,False,False,False,False,FREEZE — no increase; security for any credit balance; advance reliance capped at 0.5x limit,650000000.0,,"ACADEMIC SIMULATION — not actual trades. Scores: illustrative logistic model trained on SYNTHETIC data, computed from information dated on or before each row's date"
2022-06-30,True,BUY_RJK_01,Saurashtra Castings and Alloys Pvt Ltd (SIM),BUYER,120000000.0,"credit exposure = receivable + contracted-not-invoiced not covered by an advance (desk limit definition, P04 basis, evaluated daily) vs credit_limit_inr",61267500.0,0.0,61267500.0,0.0,61267500.0,61267500.0,0.5105625,0.5105625,0.5105625,0.5105625,0.0,0.0,0.5105625,37.0,16.65708419,0.33161129,1.5316875,2.04225,0.15987236,D,1.0,D,0.5,0.0,False,False,False,False,False,False,False,True,False,REDUCE — cut the line to 50 %; advance or cash-against-documents only; do not lift the hedge before the advance arrives,60000000.0,,"ACADEMIC SIMULATION — not actual trades. Scores: illustrative logistic model trained on SYNTHETIC data, computed from information dated on or before each row's date"
2022-06-30,True,SUP_JEA_01,Khaleej Metal Resources FZE (SIM),SUPPLIER,47432160.0,claims/refunds owed by supplier (P3 supplier_exposure_inr) vs claims_exposure_limit_usd x usdinr,,,,,,0.0,0.0,,,,,,,,,,,,,NOT_SCORED,,NOT_SCORED,,,False,False,False,False,False,False,False,False,False,NOT_SCORED — the buyer default model does not describe supplier claims risk; limit monitored only,,,ACADEMIC SIMULATION — not actual trades
2022-06-30,True,SUP_USEC_01,Tidewater Recycling Corp (SIM),SUPPLIER,71148240.0,claims/refunds owed by supplier (P3 supplier_exposure_inr) vs claims_exposure_limit_usd x usdinr,,,,,,8153050.46,0.11459244,,,,,,,,,,,,,NOT_SCORED,,NOT_SCORED,,,False,False,False,False,False,False,False,False,False,NOT_SCORED — the buyer default model does not describe supplier claims risk; limit monitored only,,,ACADEMIC SIMULATION — not actual trades
2022-06-30,True,SUP_USEC_02,Delaware Bay Metals LLC (SIM),SUPPLIER,31621440.0,claims/refunds owed by supplier (P3 supplier_exposure_inr) vs claims_exposure_limit_usd x usdinr,,,,,,0.0,0.0,,,,,,,,,,,,,NOT_SCORED,,NOT_SCORED,,,False,False,False,False,False,False,False,False,False,NOT_SCORED — the buyer default model does not describe supplier claims risk; limit monitored only,,,ACADEMIC SIMULATION — not actual trades
2022-07-01,True,BUY_JNPT_01,Taloja Alloys and Smelters Pvt Ltd (SIM),BUYER,560000000.0,"credit exposure = receivable + contracted-not-invoiced not covered by an advance (desk limit definition, P04 basis, evaluated daily) vs credit_limit_inr",240825000.0,0.0,240825000.0,0.0,240825000.0,240825000.0,0.43004464,0.43004464,0.43004464,0.43004464,0.0,0.0,0.86129464,19.0,38.53798768,0.08582962,0.0,0.86129464,0.08046688,C,0.0,C,0.75,0.5,False,False,False,False,False,False,False,False,False,FREEZE — no increase; security for any credit balance; advance reliance capped at 0.5x limit,560000000.0,,"ACADEMIC SIMULATION — not actual trades. Scores: illustrative logistic model trained on SYNTHETIC data, computed from information dated on or before each row's date"
2022-07-01,True,BUY_MUN_01,Kandla Metal Industries Pvt Ltd (SIM),BUYER,650000000.0,"credit exposure = receivable + contracted-not-invoiced not covered by an advance (desk limit definition, P04 basis, evaluated daily) vs credit_limit_inr",0.0,308589128.1826,308589128.1826,0.0,308589128.1826,308589128.1826,0.4747525,0.0,0.4747525,0.4747525,0.0,0.0,0.89473269,8.0,31.86858316,0.06772153,0.25975385,1.15448654,0.06157907,C,0.0,C,0.75,0.5,False,False,False,False,False,False,False,False,False,FREEZE — no increase; security for any credit balance; advance reliance capped at 0.5x limit,650000000.0,,"ACADEMIC SIMULATION — not actual trades. Scores: illustrative logistic model trained on SYNTHETIC data, computed from information dated on or before each row's date"
2022-07-01,True,BUY_RJK_01,Saurashtra Castings and Alloys Pvt Ltd (SIM),BUYER,120000000.0,"credit exposure = receivable + contracted-not-invoiced not covered by an advance (desk limit definition, P04 basis, evaluated daily) vs credit_limit_inr",61267500.0,0.0,61267500.0,0.0,61267500.0,61267500.0,0.5105625,0.5105625,0.5105625,0.5105625,0.0,0.0,0.5105625,37.0,16.6899384,0.33161129,1.5316875,2.04225,0.15978781,D,1.0,D,0.5,0.0,False,False,False,False,False,False,False,True,False,REDUCE — cut the line to 50 %; advance or cash-against-documents only; do not lift the hedge before the advance arrives,60000000.0,,"ACADEMIC SIMULATION — not actual trades. Scores: illustrative logistic model trained on SYNTHETIC data, computed from information dated on or before each row's date"
2022-07-01,True,SUP_JEA_01,Khaleej Metal Resources FZE (SIM),SUPPLIER,47409899.99999999,claims/refunds owed by supplier (P3 supplier_exposure_inr) vs claims_exposure_limit_usd x usdinr,,,,,,0.0,0.0,,,,,,,,,,,,,NOT_SCORED,,NOT_SCORED,,,False,False,False,False,False,False,False,False,False,NOT_SCORED — the buyer default model does not describe supplier claims risk; limit monitored only,,,ACADEMIC SIMULATION — not actual trades
2022-07-01,True,SUP_USEC_01,Tidewater Recycling Corp (SIM),SUPPLIER,71114850.0,claims/refunds owed by supplier (P3 supplier_exposure_inr) vs claims_exposure_limit_usd x usdinr,,,,,,8148683.7,0.11458484,,,,,,,,,,,,,NOT_SCORED,,NOT_SCORED,,,False,False,False,False,False,False,False,False,False,NOT_SCORED — the buyer default model does not describe supplier claims risk; limit monitored only,,,ACADEMIC SIMULATION — not actual trades
2022-07-01,True,SUP_USEC_02,Delaware Bay Metals LLC (SIM),SUPPLIER,31606600.0,claims/refunds owed by supplier (P3 supplier_exposure_inr) vs claims_exposure_limit_usd x usdinr,,,,,,0.0,0.0,,,,,,,,,,,,,NOT_SCORED,,NOT_SCORED,,,False,False,False,False,False,False,False,False,False,NOT_SCORED — the buyer default model does not describe supplier claims risk; limit monitored only,,,ACADEMIC SIMULATION — not actual trades
2022-07-04,True,BUY_JNPT_01,Taloja Alloys and Smelters Pvt Ltd (SIM),BUYER,560000000.0,"credit exposure = receivable + contracted-not-invoiced not covered by an advance (desk limit definition, P04 basis, evaluated daily) vs credit_limit_inr",240825000.0,0.0,240825000.0,0.0,240825000.0,240825000.0,0.43004464,0.43004464,0.43004464,0.43004464,0.0,0.0,0.86129464,19.0,38.63655031,0.08582962,0.0,0.86129464,0.08032723,C,0.0,C,0.75,0.5,False,False,False,False,False,False,False,False,False,FREEZE — no increase; security for any credit balance; advance reliance capped at 0.5x limit,560000000.0,,"ACADEMIC SIMULATION — not actual trades. Scores: illustrative logistic model trained on SYNTHETIC data, computed from information dated on or before each row's date"
2022-07-04,True,BUY_MUN_01,Kandla Metal Industries Pvt Ltd (SIM),BUYER,650000000.0,"credit exposure = receivable + contracted-not-invoiced not covered by an advance (desk limit definition, P04 basis, evaluated daily) vs credit_limit_inr",0.0,313065337.2852,313065337.2852,0.0,313065337.2852,313065337.2852,0.48163898,0.0,0.48163898,0.48163898,0.0,0.0,0.89473269,8.0,31.96714579,0.06772153,0.25975385,1.15448654,0.06147001,C,0.0,C,0.75,0.5,False,False,False,False,False,False,False,False,False,FREEZE — no increase; security for any credit balance; advance reliance capped at 0.5x limit,650000000.0,,"ACADEMIC SIMULATION — not actual trades. Scores: illustrative logistic model trained on SYNTHETIC data, computed from information dated on or before each row's date"
2022-07-04,True,BUY_RJK_01,Saurashtra Castings and Alloys Pvt Ltd (SIM),BUYER,120000000.0,"credit exposure = receivable + contracted-not-invoiced not covered by an advance (desk limit definition, P04 basis, evaluated daily) vs credit_limit_inr",61267500.0,0.0,61267500.0,0.0,61267500.0,61267500.0,0.5105625,0.5105625,0.5105625,0.5105625,0.0,0.0,0.5105625,37.0,16.78850103,0.33161129,1.5316875,2.04225,0.15953439,D,1.0,D,0.5,0.0,False,False,False,False,False,False,False,True,False,REDUCE — cut the line to 50 %; advance or cash-against-documents only; do not lift the hedge before the advance arrives,60000000.0,,"ACADEMIC SIMULATION — not actual trades. Scores: illustrative logistic model trained on SYNTHETIC data, computed from information dated on or before each row's date"
2022-07-04,True,SUP_JEA_01,Khaleej Metal Resources FZE (SIM),SUPPLIER,47349600.0,claims/refunds owed by supplier (P3 supplier_exposure_inr) vs claims_exposure_limit_usd x usdinr,,,,,,0.0,0.0,,,,,,,,,,,,,NOT_SCORED,,NOT_SCORED,,,False,False,False,False,False,False,False,False,False,NOT_SCORED — the buyer default model does not describe supplier claims risk; limit monitored only,,,ACADEMIC SIMULATION — not actual trades
2022-07-04,True,SUP_USEC_01,Tidewater Recycling Corp (SIM),SUPPLIER,71024400.0,claims/refunds owed by supplier (P3 supplier_exposure_inr) vs claims_exposure_limit_usd x usdinr,,,,,,8135899.15,0.11455076,,,,,,,,,,,,,NOT_SCORED,,NOT_SCORED,,,False,False,False,False,False,False,False,False,False,NOT_SCORED — the buyer default model does not describe supplier claims risk; limit monitored only,,,ACADEMIC SIMULATION — not actual trades
2022-07-04,True,SUP_USEC_02,Delaware Bay Metals LLC (SIM),SUPPLIER,31566400.0,claims/refunds owed by supplier (P3 supplier_exposure_inr) vs claims_exposure_limit_usd x usdinr,,,,,,0.0,0.0,,,,,,,,,,,,,NOT_SCORED,,NOT_SCORED,,,False,False,False,False,False,False,False,False,False,NOT_SCORED — the buyer default model does not describe supplier claims risk; limit monitored only,,,ACADEMIC SIMULATION — not actual trades
2022-07-05,True,BUY_JNPT_01,Taloja Alloys and Smelters Pvt Ltd (SIM),BUYER,560000000.0,"credit exposure = receivable + contracted-not-invoiced not covered by an advance (desk limit definition, P04 basis, evaluated daily) vs credit_limit_inr",240825000.0,0.0,240825000.0,0.0,240825000.0,240825000.0,0.43004464,0.43004464,0.43004464,0.43004464,0.0,0.0,0.86129464,19.0,38.66940452,0.08582962,0.0,0.86129464,0.08028073,C,0.0,C,0.75,0.5,False,False,False,False,False,False,False,False,False,FREEZE — no increase; security for any credit balance; advance reliance capped at 0.5x limit,560000000.0,,"ACADEMIC SIMULATION — not actual trades. Scores: illustrative logistic model trained on SYNTHETIC data, computed from information dated on or before each row's date"
2022-07-05,True,BUY_MUN_01,Kandla Metal Industries Pvt Ltd (SIM),BUYER,650000000.0,"credit exposure = receivable + contracted-not-invoiced not covered by an advance (desk limit definition, P04 basis, evaluated daily) vs credit_limit_inr",0.0,309424414.2194,309424414.2194,0.0,309424414.2194,309424414.2194,0.47603756,0.0,0.47603756,0.47603756,0.0,0.0,0.89473269,8.0,32.0,0.06772153,0.25975385,1.15448654,0.0614337,C,0.0,C,0.75,0.5,False,False,False,False,False,False,False,False,False,FREEZE — no increase; security for any credit balance; advance reliance capped at 0.5x limit,650000000.0,,"ACADEMIC SIMULATION — not actual trades. Scores: illustrative logistic model trained on SYNTHETIC data, computed from information dated on or before each row's date"
2022-07-05,True,BUY_RJK_01,Saurashtra Castings and Alloys Pvt Ltd (SIM),BUYER,120000000.0,"credit exposure = receivable + contracted-not-invoiced not covered by an advance (desk limit definition, P04 basis, evaluated daily) vs credit_limit_inr",61267500.0,0.0,61267500.0,0.0,61267500.0,61267500.0,0.5105625,0.5105625,0.5105625,0.5105625,0.0,0.0,0.5105625,37.0,16.82135524,0.33161129,1.5316875,2.04225,0.15944998,D,1.0,D,0.5,0.0,False,False,False,False,False,False,False,True,False,REDUCE — cut the line to 50 %; advance or cash-against-documents only; do not lift the hedge before the advance arrives,60000000.0,,"ACADEMIC SIMULATION — not actual trades. Scores: illustrative logistic model trained on SYNTHETIC data, computed from information dated on or before each row's date"
2022-07-05,True,SUP_JEA_01,Khaleej Metal Resources FZE (SIM),SUPPLIER,47622720.0,claims/refunds owed by supplier (P3 supplier_exposure_inr) vs claims_exposure_limit_usd x usdinr,,,,,,0.0,0.0,,,,,,,,,,,,,NOT_SCORED,,NOT_SCORED,,,False,False,False,False,False,False,False,False,False,NOT_SCORED — the buyer default model does not describe supplier claims risk; limit monitored only,,,ACADEMIC SIMULATION — not actual trades
2022-07-05,True,SUP_USEC_01,Tidewater Recycling Corp (SIM),SUPPLIER,71434080.0,claims/refunds owed by supplier (P3 supplier_exposure_inr) vs claims_exposure_limit_usd x usdinr,,,,,,8181927.05,0.11453815,,,,,,,,,,,,,NOT_SCORED,,NOT_SCORED,,,False,False,False,False,False,False,False,False,False,NOT_SCORED — the buyer default model does not describe supplier claims risk; limit monitored only,,,ACADEMIC SIMULATION — not actual trades
2022-07-05,True,SUP_USEC_02,Delaware Bay Metals LLC (SIM),SUPPLIER,31748480.0,claims/refunds owed by supplier (P3 supplier_exposure_inr) vs claims_exposure_limit_usd x usdinr,,,,,,0.0,0.0,,,,,,,,,,,,,NOT_SCORED,,NOT_SCORED,,,False,False,False,False,False,False,False,False,False,NOT_SCORED — the buyer default model does not describe supplier claims risk; limit monitored only,,,ACADEMIC SIMULATION — not actual trades
2022-07-06,True,BUY_JNPT_01,Taloja Alloys and Smelters Pvt Ltd (SIM),BUYER,560000000.0,"credit exposure = receivable + contracted-not-invoiced not covered by an advance (desk limit definition, P04 basis, evaluated daily) vs credit_limit_inr",240825000.0,0.0,240825000.0,0.0,240825000.0,240825000.0,0.43004464,0.43004464,0.43004464,0.43004464,0.0,0.0,0.86129464,19.0,38.70225873,0.08582962,0.0,0.86129464,0.08023426,C,0.0,C,0.75,0.5,False,False,False,False,False,False,False,False,False,FREEZE — no increase; security for any credit balance; advance reliance capped at 0.5x limit,560000000.0,,"ACADEMIC SIMULATION — not actual trades. Scores: illustrative logistic model trained on SYNTHETIC data, computed from information dated on or before each row's date"
2022-07-06,True,BUY_MUN_01,Kandla Metal Industries Pvt Ltd (SIM),BUYER,650000000.0,"credit exposure = receivable + contracted-not-invoiced not covered by an advance (desk limit definition, P04 basis, evaluated daily) vs credit_limit_inr",0.0,307965205.1404,307965205.1404,0.0,307965205.1404,307965205.1404,0.47379262,0.0,0.47379262,0.47379262,0.0,0.0,0.89473269,8.0,32.03285421,0.06772153,0.25975385,1.15448654,0.06139741,C,0.0,C,0.75,0.5,False,False,False,False,False,False,False,False,False,FREEZE — no increase; security for any credit balance; advance reliance capped at 0.5x limit,650000000.0,,"ACADEMIC SIMULATION — not actual trades. Scores: illustrative logistic model trained on SYNTHETIC data, computed from information dated on or before each row's date"
2022-07-06,True,BUY_RJK_01,Saurashtra Castings and Alloys Pvt Ltd (SIM),BUYER,120000000.0,"credit exposure = receivable + contracted-not-invoiced not covered by an advance (desk limit definition, P04 basis, evaluated daily) vs credit_limit_inr",61267500.0,0.0,61267500.0,0.0,61267500.0,61267500.0,0.5105625,0.5105625,0.5105625,0.5105625,0.0,0.0,0.5105625,37.0,16.85420945,0.33161129,1.5316875,2.04225,0.15936562,D,1.0,D,0.5,0.0,False,False,False,False,False,False,False,True,False,REDUCE — cut the line to 50 %; advance or cash-against-documents only; do not lift the hedge before the advance arrives,60000000.0,,"ACADEMIC SIMULATION — not actual trades. Scores: illustrative logistic model trained on SYNTHETIC data, computed from information dated on or before each row's date"
2022-07-06,True,SUP_JEA_01,Khaleej Metal Resources FZE (SIM),SUPPLIER,47478900.0,claims/refunds owed by supplier (P3 supplier_exposure_inr) vs claims_exposure_limit_usd x usdinr,,,,,,0.0,0.0,,,,,,,,,,,,,NOT_SCORED,,NOT_SCORED,,,False,False,False,False,False,False,False,False,False,NOT_SCORED — the buyer default model does not describe supplier claims risk; limit monitored only,,,ACADEMIC SIMULATION — not actual trades
2022-07-06,True,SUP_USEC_01,Tidewater Recycling Corp (SIM),SUPPLIER,71218350.0,claims/refunds owed by supplier (P3 supplier_exposure_inr) vs claims_exposure_limit_usd x usdinr,,,,,,8156455.47,0.11452744,,,,,,,,,,,,,NOT_SCORED,,NOT_SCORED,,,False,False,False,False,False,False,False,False,False,NOT_SCORED — the buyer default model does not describe supplier claims risk; limit monitored only,,,ACADEMIC SIMULATION — not actual trades
2022-07-06,True,SUP_USEC_02,Delaware Bay Metals LLC (SIM),SUPPLIER,31652600.0,claims/refunds owed by supplier (P3 supplier_exposure_inr) vs claims_exposure_limit_usd x usdinr,,,,,,0.0,0.0,,,,,,,,,,,,,NOT_SCORED,,NOT_SCORED,,,False,False,False,False,False,False,False,False,False,NOT_SCORED — the buyer default model does not describe supplier claims risk; limit monitored only,,,ACADEMIC SIMULATION — not actual trades
2022-07-07,True,BUY_JNPT_01,Taloja Alloys and Smelters Pvt Ltd (SIM),BUYER,560000000.0,"credit exposure = receivable + contracted-not-invoiced not covered by an advance (desk limit definition, P04 basis, evaluated daily) vs credit_limit_inr",240825000.0,0.0,240825000.0,0.0,240825000.0,240825000.0,0.43004464,0.43004464,0.43004464,0.43004464,0.0,0.0,0.86129464,19.0,38.73511294,0.08582962,0.0,0.86129464,0.08018781,C,0.0,C,0.75,0.5,False,False,False,False,False,False,False,False,False,FREEZE — no increase; security for any credit balance; advance reliance capped at 0.5x limit,560000000.0,,"ACADEMIC SIMULATION — not actual trades. Scores: illustrative logistic model trained on SYNTHETIC data, computed from information dated on or before each row's date"
2022-07-07,True,BUY_MUN_01,Kandla Metal Industries Pvt Ltd (SIM),BUYER,650000000.0,"credit exposure = receivable + contracted-not-invoiced not covered by an advance (desk limit definition, P04 basis, evaluated daily) vs credit_limit_inr",0.0,310464741.898,310464741.898,0.0,310464741.898,310464741.898,0.47763806,0.0,0.47763806,0.47763806,0.0,0.0,0.89473269,8.0,32.06570842,0.06772153,0.25975385,1.15448654,0.06136113,C,0.0,C,0.75,0.5,False,False,False,False,False,False,False,False,False,FREEZE — no increase; security for any credit balance; advance reliance capped at 0.5x limit,650000000.0,,"ACADEMIC SIMULATION — not actual trades. Scores: illustrative logistic model trained on SYNTHETIC data, computed from information dated on or before each row's date"
2022-07-07,True,BUY_RJK_01,Saurashtra Castings and Alloys Pvt Ltd (SIM),BUYER,120000000.0,"credit exposure = receivable + contracted-not-invoiced not covered by an advance (desk limit definition, P04 basis, evaluated daily) vs credit_limit_inr",61267500.0,0.0,61267500.0,0.0,61267500.0,61267500.0,0.5105625,0.5105625,0.5105625,0.5105625,0.0,0.0,0.5105625,37.0,16.88706366,0.33161129,1.5316875,2.04225,0.15928129,D,1.0,D,0.5,0.0,False,False,False,False,False,False,False,True,False,REDUCE — cut the line to 50 %; advance or cash-against-documents only; do not lift the hedge before the advance arrives,60000000.0,,"ACADEMIC SIMULATION — not actual trades. Scores: illustrative logistic model trained on SYNTHETIC data, computed from information dated on or before each row's date"
2022-07-07,True,SUP_JEA_01,Khaleej Metal Resources FZE (SIM),SUPPLIER,47504940.0,claims/refunds owed by supplier (P3 supplier_exposure_inr) vs claims_exposure_limit_usd x usdinr,,,,,,0.0,0.0,,,,,,,,,,,,,NOT_SCORED,,NOT_SCORED,,,False,False,False,False,False,False,False,False,False,NOT_SCORED — the buyer default model does not describe supplier claims risk; limit monitored only,,,ACADEMIC SIMULATION — not actual trades
2022-07-07,True,SUP_USEC_01,Tidewater Recycling Corp (SIM),SUPPLIER,71257410.0,claims/refunds owed by supplier (P3 supplier_exposure_inr) vs claims_exposure_limit_usd x usdinr,,,,,,0.0,0.0,,,,,,,,,,,,,NOT_SCORED,,NOT_SCORED,,,False,False,False,False,False,False,False,False,False,NOT_SCORED — the buyer default model does not describe supplier claims risk; limit monitored only,,,ACADEMIC SIMULATION — not actual trades
2022-07-07,True,SUP_USEC_02,Delaware Bay Metals LLC (SIM),SUPPLIER,31669960.0,claims/refunds owed by supplier (P3 supplier_exposure_inr) vs claims_exposure_limit_usd x usdinr,,,,,,0.0,0.0,,,,,,,,,,,,,NOT_SCORED,,NOT_SCORED,,,False,False,False,False,False,False,False,False,False,NOT_SCORED — the buyer default model does not describe supplier claims risk; limit monitored only,,,ACADEMIC SIMULATION — not actual trades
2022-07-08,True,BUY_JNPT_01,Taloja Alloys and Smelters Pvt Ltd (SIM),BUYER,560000000.0,"credit exposure = receivable + contracted-not-invoiced not covered by an advance (desk limit definition, P04 basis, evaluated daily) vs credit_limit_inr",240825000.0,0.0,240825000.0,0.0,240825000.0,240825000.0,0.43004464,0.43004464,0.43004464,0.43004464,0.0,0.0,0.86129464,19.0,38.76796715,0.08582962,0.0,0.86129464,0.08014138,C,0.0,C,0.75,0.5,False,False,False,False,False,False,False,False,False,FREEZE — no increase; security for any credit balance; advance reliance capped at 0.5x limit,560000000.0,,"ACADEMIC SIMULATION — not actual trades. Scores: illustrative logistic model trained on SYNTHETIC data, computed from information dated on or before each row's date"
2022-07-08,True,BUY_MUN_01,Kandla Metal Industries Pvt Ltd (SIM),BUYER,650000000.0,"credit exposure = receivable + contracted-not-invoiced not covered by an advance (desk limit definition, P04 basis, evaluated daily) vs credit_limit_inr",310123937.6734,0.0,310123937.6734,0.0,310123937.6734,310123937.6734,0.47711375,0.47711375,0.47711375,0.47711375,0.0,0.0,0.89473269,8.0,32.09856263,0.06772153,0.25975385,1.15448654,0.06132488,C,0.0,C,0.75,0.5,False,False,False,False,False,False,False,False,False,FREEZE — no increase; security for any credit balance; advance reliance capped at 0.5x limit,650000000.0,INVOICED T05-S1,"ACADEMIC SIMULATION — not actual trades. Scores: illustrative logistic model trained on SYNTHETIC data, computed from information dated on or before each row's date"
2022-07-08,True,BUY_RJK_01,Saurashtra Castings and Alloys Pvt Ltd (SIM),BUYER,120000000.0,"credit exposure = receivable + contracted-not-invoiced not covered by an advance (desk limit definition, P04 basis, evaluated daily) vs credit_limit_inr",61267500.0,0.0,61267500.0,0.0,61267500.0,61267500.0,0.5105625,0.5105625,0.5105625,0.5105625,0.0,0.0,0.5105625,37.0,16.91991786,0.33161129,1.5316875,2.04225,0.159197,D,1.0,D,0.5,0.0,False,False,False,False,False,False,False,True,False,REDUCE — cut the line to 50 %; advance or cash-against-documents only; do not lift the hedge before the advance arrives,60000000.0,,"ACADEMIC SIMULATION — not actual trades. Scores: illustrative logistic model trained on SYNTHETIC data, computed from information dated on or before each row's date"
2022-07-08,True,SUP_JEA_01,Khaleej Metal Resources FZE (SIM),SUPPLIER,47541840.0,claims/refunds owed by supplier (P3 supplier_exposure_inr) vs claims_exposure_limit_usd x usdinr,,,,,,0.0,0.0,,,,,,,,,,,,,NOT_SCORED,,NOT_SCORED,,,False,False,False,False,False,False,False,False,False,NOT_SCORED — the buyer default model does not describe supplier claims risk; limit monitored only,,,ACADEMIC SIMULATION — not actual trades
2022-07-08,True,SUP_USEC_01,Tidewater Recycling Corp (SIM),SUPPLIER,71312760.0,claims/refunds owed by supplier (P3 supplier_exposure_inr) vs claims_exposure_limit_usd x usdinr,,,,,,0.0,0.0,,,,,,,,,,,,,NOT_SCORED,,NOT_SCORED,,,False,False,False,False,False,False,False,False,False,NOT_SCORED — the buyer default model does not describe supplier claims risk; limit monitored only,,,ACADEMIC SIMULATION — not actual trades
2022-07-08,True,SUP_USEC_02,Delaware Bay Metals LLC (SIM),SUPPLIER,31694560.0,claims/refunds owed by supplier (P3 supplier_exposure_inr) vs claims_exposure_limit_usd x usdinr,,,,,,0.0,0.0,,,,,,,,,,,,,NOT_SCORED,,NOT_SCORED,,,False,False,False,False,False,False,False,False,False,NOT_SCORED — the buyer default model does not describe supplier claims risk; limit monitored only,,,ACADEMIC SIMULATION — not actual trades
2022-07-11,True,BUY_JNPT_01,Taloja Alloys and Smelters Pvt Ltd (SIM),BUYER,560000000.0,"credit exposure = receivable + contracted-not-invoiced not covered by an advance (desk limit definition, P04 basis, evaluated daily) vs credit_limit_inr",240825000.0,0.0,240825000.0,0.0,240825000.0,240825000.0,0.43004464,0.43004464,0.43004464,0.43004464,0.0,0.0,0.86129464,19.0,38.86652977,0.08582962,0.0,0.86129464,0.08000225,C,0.0,C,0.75,0.5,False,False,False,False,False,False,False,False,False,FREEZE — no increase; security for any credit balance; advance reliance capped at 0.5x limit,560000000.0,,"ACADEMIC SIMULATION — not actual trades. Scores: illustrative logistic model trained on SYNTHETIC data, computed from information dated on or before each row's date"
2022-07-11,True,BUY_MUN_01,Kandla Metal Industries Pvt Ltd (SIM),BUYER,650000000.0,"credit exposure = receivable + contracted-not-invoiced not covered by an advance (desk limit definition, P04 basis, evaluated daily) vs credit_limit_inr",310123937.6734,0.0,310123937.6734,0.0,310123937.6734,310123937.6734,0.47711375,0.47711375,0.47711375,0.47711375,0.0,0.0,0.89473269,8.0,32.19712526,0.06772153,0.25975385,1.15448654,0.06121624,C,0.0,C,0.75,0.5,False,False,False,False,False,False,False,False,False,FREEZE — no increase; security for any credit balance; advance reliance capped at 0.5x limit,650000000.0,,"ACADEMIC SIMULATION — not actual trades. Scores: illustrative logistic model trained on SYNTHETIC data, computed from information dated on or before each row's date"
2022-07-11,True,BUY_RJK_01,Saurashtra Castings and Alloys Pvt Ltd (SIM),BUYER,120000000.0,"credit exposure = receivable + contracted-not-invoiced not covered by an advance (desk limit definition, P04 basis, evaluated daily) vs credit_limit_inr",61267500.0,0.0,61267500.0,0.0,61267500.0,61267500.0,0.5105625,0.5105625,0.5105625,0.5105625,0.0,0.0,0.5105625,37.0,17.01848049,0.33161129,1.5316875,2.04225,0.15894433,D,1.0,D,0.5,0.0,False,False,False,False,False,False,False,True,False,REDUCE — cut the line to 50 %; advance or cash-against-documents only; do not lift the hedge before the advance arrives,60000000.0,,"ACADEMIC SIMULATION — not actual trades. Scores: illustrative logistic model trained on SYNTHETIC data, computed from information dated on or before each row's date"
2022-07-11,True,SUP_JEA_01,Khaleej Metal Resources FZE (SIM),SUPPLIER,47678819.99999999,claims/refunds owed by supplier (P3 supplier_exposure_inr) vs claims_exposure_limit_usd x usdinr,,,,,,0.0,0.0,,,,,,,,,,,,,NOT_SCORED,,NOT_SCORED,,,False,False,False,False,False,False,False,False,False,NOT_SCORED — the buyer default model does not describe supplier claims risk; limit monitored only,,,ACADEMIC SIMULATION — not actual trades
2022-07-11,True,SUP_USEC_01,Tidewater Recycling Corp (SIM),SUPPLIER,71518230.0,claims/refunds owed by supplier (P3 supplier_exposure_inr) vs claims_exposure_limit_usd x usdinr,,,,,,0.0,0.0,,,,,,,,,,,,,NOT_SCORED,,NOT_SCORED,,,False,False,False,False,False,False,False,False,False,NOT_SCORED — the buyer default model does not describe supplier claims risk; limit monitored only,,,ACADEMIC SIMULATION — not actual trades
2022-07-11,True,SUP_USEC_02,Delaware Bay Metals LLC (SIM),SUPPLIER,31785880.0,claims/refunds owed by supplier (P3 supplier_exposure_inr) vs claims_exposure_limit_usd x usdinr,,,,,,0.0,0.0,,,,,,,,,,,,,NOT_SCORED,,NOT_SCORED,,,False,False,False,False,False,False,False,False,False,NOT_SCORED — the buyer default model does not describe supplier claims risk; limit monitored only,,,ACADEMIC SIMULATION — not actual trades
2022-07-12,True,BUY_JNPT_01,Taloja Alloys and Smelters Pvt Ltd (SIM),BUYER,560000000.0,"credit exposure = receivable + contracted-not-invoiced not covered by an advance (desk limit definition, P04 basis, evaluated daily) vs credit_limit_inr",240825000.0,0.0,240825000.0,0.0,240825000.0,240825000.0,0.43004464,0.43004464,0.43004464,0.43004464,0.0,0.0,0.86129464,19.0,38.89938398,0.08582962,0.0,0.86129464,0.07995592,C,0.0,C,0.75,0.5,False,False,False,False,False,False,False,False,False,FREEZE — no increase; security for any credit balance; advance reliance capped at 0.5x limit,560000000.0,,"ACADEMIC SIMULATION — not actual trades. Scores: illustrative logistic model trained on SYNTHETIC data, computed from information dated on or before each row's date"
2022-07-12,True,BUY_MUN_01,Kandla Metal Industries Pvt Ltd (SIM),BUYER,650000000.0,"credit exposure = receivable + contracted-not-invoiced not covered by an advance (desk limit definition, P04 basis, evaluated daily) vs credit_limit_inr",310123937.6734,0.0,310123937.6734,0.0,310123937.6734,310123937.6734,0.47711375,0.47711375,0.47711375,0.47711375,0.0,0.0,0.89473269,8.0,32.22997947,0.06772153,0.25975385,1.15448654,0.06118007,C,0.0,C,0.75,0.5,False,False,False,False,False,False,False,False,False,FREEZE — no increase; security for any credit balance; advance reliance capped at 0.5x limit,650000000.0,,"ACADEMIC SIMULATION — not actual trades. Scores: illustrative logistic model trained on SYNTHETIC data, computed from information dated on or before each row's date"
2022-07-12,True,BUY_RJK_01,Saurashtra Castings and Alloys Pvt Ltd (SIM),BUYER,120000000.0,"credit exposure = receivable + contracted-not-invoiced not covered by an advance (desk limit definition, P04 basis, evaluated daily) vs credit_limit_inr",61267500.0,0.0,61267500.0,0.0,61267500.0,61267500.0,0.5105625,0.5105625,0.5105625,0.5105625,0.0,0.0,0.5105625,37.0,17.0513347,0.33161129,1.5316875,2.04225,0.15886018,D,1.0,D,0.5,0.0,False,False,False,False,False,False,False,True,False,REDUCE — cut the line to 50 %; advance or cash-against-documents only; do not lift the hedge before the advance arrives,60000000.0,,"ACADEMIC SIMULATION — not actual trades. Scores: illustrative logistic model trained on SYNTHETIC data, computed from information dated on or before each row's date"
2022-07-12,True,SUP_JEA_01,Khaleej Metal Resources FZE (SIM),SUPPLIER,47737379.99999999,claims/refunds owed by supplier (P3 supplier_exposure_inr) vs claims_exposure_limit_usd x usdinr,,,,,,0.0,0.0,,,,,,,,,,,,,NOT_SCORED,,NOT_SCORED,,,False,False,False,False,False,False,False,False,False,NOT_SCORED — the buyer default model does not describe supplier claims risk; limit monitored only,,,ACADEMIC SIMULATION — not actual trades
2022-07-12,True,SUP_USEC_01,Tidewater Recycling Corp (SIM),SUPPLIER,71606070.0,claims/refunds owed by supplier (P3 supplier_exposure_inr) vs claims_exposure_limit_usd x usdinr,,,,,,0.0,0.0,,,,,,,,,,,,,NOT_SCORED,,NOT_SCORED,,,False,False,False,False,False,False,False,False,False,NOT_SCORED — the buyer default model does not describe supplier claims risk; limit monitored only,,,ACADEMIC SIMULATION — not actual trades
2022-07-12,True,SUP_USEC_02,Delaware Bay Metals LLC (SIM),SUPPLIER,31824920.0,claims/refunds owed by supplier (P3 supplier_exposure_inr) vs claims_exposure_limit_usd x usdinr,,,,,,0.0,0.0,,,,,,,,,,,,,NOT_SCORED,,NOT_SCORED,,,False,False,False,False,False,False,False,False,False,NOT_SCORED — the buyer default model does not describe supplier claims risk; limit monitored only,,,ACADEMIC SIMULATION — not actual trades
2022-07-13,True,BUY_JNPT_01,Taloja Alloys and Smelters Pvt Ltd (SIM),BUYER,560000000.0,"credit exposure = receivable + contracted-not-invoiced not covered by an advance (desk limit definition, P04 basis, evaluated daily) vs credit_limit_inr",240825000.0,0.0,240825000.0,0.0,240825000.0,240825000.0,0.43004464,0.43004464,0.43004464,0.43004464,0.0,0.0,0.86129464,19.0,38.93223819,0.08582962,0.0,0.86129464,0.07990962,C,0.0,C,0.75,0.5,False,False,False,False,False,False,False,False,False,FREEZE — no increase; security for any credit balance; advance reliance capped at 0.5x limit,560000000.0,,"ACADEMIC SIMULATION — not actual trades. Scores: illustrative logistic model trained on SYNTHETIC data, computed from information dated on or before each row's date"
2022-07-13,True,BUY_MUN_01,Kandla Metal Industries Pvt Ltd (SIM),BUYER,650000000.0,"credit exposure = receivable + contracted-not-invoiced not covered by an advance (desk limit definition, P04 basis, evaluated daily) vs credit_limit_inr",310123937.6734,0.0,310123937.6734,0.0,310123937.6734,310123937.6734,0.47711375,0.47711375,0.47711375,0.47711375,0.0,0.0,0.89473269,8.0,32.26283368,0.06772153,0.25975385,1.15448654,0.06114392,C,0.0,C,0.75,0.5,False,False,False,False,False,False,False,False,False,FREEZE — no increase; security for any credit balance; advance reliance capped at 0.5x limit,650000000.0,,"ACADEMIC SIMULATION — not actual trades. Scores: illustrative logistic model trained on SYNTHETIC data, computed from information dated on or before each row's date"
2022-07-13,True,BUY_RJK_01,Saurashtra Castings and Alloys Pvt Ltd (SIM),BUYER,120000000.0,"credit exposure = receivable + contracted-not-invoiced not covered by an advance (desk limit definition, P04 basis, evaluated daily) vs credit_limit_inr",61267500.0,0.0,61267500.0,0.0,61267500.0,61267500.0,0.5105625,0.5105625,0.5105625,0.5105625,0.0,0.0,0.5105625,37.0,17.08418891,0.33161129,1.5316875,2.04225,0.15877607,D,1.0,D,0.5,0.0,False,False,False,False,False,False,False,True,False,REDUCE — cut the line to 50 %; advance or cash-against-documents only; do not lift the hedge before the advance arrives,60000000.0,,"ACADEMIC SIMULATION — not actual trades. Scores: illustrative logistic model trained on SYNTHETIC data, computed from information dated on or before each row's date"
2022-07-13,True,SUP_JEA_01,Khaleej Metal Resources FZE (SIM),SUPPLIER,47757120.0,claims/refunds owed by supplier (P3 supplier_exposure_inr) vs claims_exposure_limit_usd x usdinr,,,,,,0.0,0.0,,,,,,,,,,,,,NOT_SCORED,,NOT_SCORED,,,False,False,False,False,False,False,False,False,False,NOT_SCORED — the buyer default model does not describe supplier claims risk; limit monitored only,,,ACADEMIC SIMULATION — not actual trades
2022-07-13,True,SUP_USEC_01,Tidewater Recycling Corp (SIM),SUPPLIER,71635680.0,claims/refunds owed by supplier (P3 supplier_exposure_inr) vs claims_exposure_limit_usd x usdinr,,,,,,0.0,0.0,,,,,,,,,,,,,NOT_SCORED,,NOT_SCORED,,,False,False,False,False,False,False,False,False,False,NOT_SCORED — the buyer default model does not describe supplier claims risk; limit monitored only,,,ACADEMIC SIMULATION — not actual trades
2022-07-13,True,SUP_USEC_02,Delaware Bay Metals LLC (SIM),SUPPLIER,31838080.0,claims/refunds owed by supplier (P3 supplier_exposure_inr) vs claims_exposure_limit_usd x usdinr,,,,,,0.0,0.0,,,,,,,,,,,,,NOT_SCORED,,NOT_SCORED,,,False,False,False,False,False,False,False,False,False,NOT_SCORED — the buyer default model does not describe supplier claims risk; limit monitored only,,,ACADEMIC SIMULATION — not actual trades
2022-07-14,True,BUY_JNPT_01,Taloja Alloys and Smelters Pvt Ltd (SIM),BUYER,560000000.0,"credit exposure = receivable + contracted-not-invoiced not covered by an advance (desk limit definition, P04 basis, evaluated daily) vs credit_limit_inr",240825000.0,0.0,240825000.0,0.0,240825000.0,240825000.0,0.43004464,0.43004464,0.43004464,0.43004464,0.0,0.0,0.86129464,19.0,38.9650924,0.08582962,0.0,0.86129464,0.07986334,C,0.0,C,0.75,0.5,False,False,False,False,False,False,False,False,False,FREEZE — no increase; security for any credit balance; advance reliance capped at 0.5x limit,560000000.0,,"ACADEMIC SIMULATION — not actual trades. Scores: illustrative logistic model trained on SYNTHETIC data, computed from information dated on or before each row's date"
2022-07-14,True,BUY_MUN_01,Kandla Metal Industries Pvt Ltd (SIM),BUYER,650000000.0,"credit exposure = receivable + contracted-not-invoiced not covered by an advance (desk limit definition, P04 basis, evaluated daily) vs credit_limit_inr",310123937.6734,0.0,310123937.6734,0.0,310123937.6734,310123937.6734,0.47711375,0.47711375,0.47711375,0.47711375,0.0,0.0,0.89473269,8.0,32.29568789,0.06772153,0.25975385,1.15448654,0.06110778,C,0.0,C,0.75,0.5,False,False,False,False,False,False,False,False,False,FREEZE — no increase; security for any credit balance; advance reliance capped at 0.5x limit,650000000.0,,"ACADEMIC SIMULATION — not actual trades. Scores: illustrative logistic model trained on SYNTHETIC data, computed from information dated on or before each row's date"
2022-07-14,True,BUY_RJK_01,Saurashtra Castings and Alloys Pvt Ltd (SIM),BUYER,120000000.0,"credit exposure = receivable + contracted-not-invoiced not covered by an advance (desk limit definition, P04 basis, evaluated daily) vs credit_limit_inr",61267500.0,0.0,61267500.0,0.0,61267500.0,61267500.0,0.5105625,0.5105625,0.5105625,0.5105625,0.0,0.0,0.5105625,37.0,17.11704312,0.33161129,1.5316875,2.04225,0.15869199,D,1.0,D,0.5,0.0,False,False,False,False,False,False,False,True,False,REDUCE — cut the line to 50 %; advance or cash-against-documents only; do not lift the hedge before the advance arrives,60000000.0,,"ACADEMIC SIMULATION — not actual trades. Scores: illustrative logistic model trained on SYNTHETIC data, computed from information dated on or before each row's date"
2022-07-14,True,SUP_JEA_01,Khaleej Metal Resources FZE (SIM),SUPPLIER,48021120.0,claims/refunds owed by supplier (P3 supplier_exposure_inr) vs claims_exposure_limit_usd x usdinr,,,,,,0.0,0.0,,,,,,,,,,,,,NOT_SCORED,,NOT_SCORED,,,False,False,False,False,False,False,False,False,False,NOT_SCORED — the buyer default model does not describe supplier claims risk; limit monitored only,,,ACADEMIC SIMULATION — not actual trades
2022-07-14,True,SUP_USEC_01,Tidewater Recycling Corp (SIM),SUPPLIER,72031680.0,claims/refunds owed by supplier (P3 supplier_exposure_inr) vs claims_exposure_limit_usd x usdinr,,,,,,0.0,0.0,,,,,,,,,,,,,NOT_SCORED,,NOT_SCORED,,,False,False,False,False,False,False,False,False,False,NOT_SCORED — the buyer default model does not describe supplier claims risk; limit monitored only,,,ACADEMIC SIMULATION — not actual trades
2022-07-14,True,SUP_USEC_02,Delaware Bay Metals LLC (SIM),SUPPLIER,32014080.0,claims/refunds owed by supplier (P3 supplier_exposure_inr) vs claims_exposure_limit_usd x usdinr,,,,,,0.0,0.0,,,,,,,,,,,,,NOT_SCORED,,NOT_SCORED,,,False,False,False,False,False,False,False,False,False,NOT_SCORED — the buyer default model does not describe supplier claims risk; limit monitored only,,,ACADEMIC SIMULATION — not actual trades
2022-07-15,True,BUY_JNPT_01,Taloja Alloys and Smelters Pvt Ltd (SIM),BUYER,560000000.0,"credit exposure = receivable + contracted-not-invoiced not covered by an advance (desk limit definition, P04 basis, evaluated daily) vs credit_limit_inr",240825000.0,0.0,240825000.0,0.0,240825000.0,240825000.0,0.43004464,0.43004464,0.43004464,0.43004464,0.0,0.0,0.86129464,19.0,38.99794661,0.08582962,0.0,0.86129464,0.07981708,C,0.0,C,0.75,0.5,False,False,False,False,False,False,False,False,False,FREEZE — no increase; security for any credit balance; advance reliance capped at 0.5x limit,560000000.0,,"ACADEMIC SIMULATION — not actual trades. Scores: illustrative logistic model trained on SYNTHETIC data, computed from information dated on or before each row's date"
2022-07-15,True,BUY_MUN_01,Kandla Metal Industries Pvt Ltd (SIM),BUYER,650000000.0,"credit exposure = receivable + contracted-not-invoiced not covered by an advance (desk limit definition, P04 basis, evaluated daily) vs credit_limit_inr",310123937.6734,0.0,310123937.6734,0.0,310123937.6734,310123937.6734,0.47711375,0.47711375,0.47711375,0.47711375,0.0,0.0,0.89473269,8.0,32.32854209,0.06772153,0.25975385,1.15448654,0.06107167,C,0.0,C,0.75,0.5,False,False,False,False,False,False,False,False,False,FREEZE — no increase; security for any credit balance; advance reliance capped at 0.5x limit,650000000.0,,"ACADEMIC SIMULATION — not actual trades. Scores: illustrative logistic model trained on SYNTHETIC data, computed from information dated on or before each row's date"
2022-07-15,True,BUY_RJK_01,Saurashtra Castings and Alloys Pvt Ltd (SIM),BUYER,120000000.0,"credit exposure = receivable + contracted-not-invoiced not covered by an advance (desk limit definition, P04 basis, evaluated daily) vs credit_limit_inr",61267500.0,0.0,61267500.0,0.0,61267500.0,61267500.0,0.5105625,0.5105625,0.5105625,0.5105625,0.0,0.0,0.5105625,37.0,17.14989733,0.33161129,1.5316875,2.04225,0.15860795,D,1.0,D,0.5,0.0,False,False,False,False,False,False,False,True,False,REDUCE — cut the line to 50 %; advance or cash-against-documents only; do not lift the hedge before the advance arrives,60000000.0,,"ACADEMIC SIMULATION — not actual trades. Scores: illustrative logistic model trained on SYNTHETIC data, computed from information dated on or before each row's date"
2022-07-15,True,SUP_JEA_01,Khaleej Metal Resources FZE (SIM),SUPPLIER,47906940.0,claims/refunds owed by supplier (P3 supplier_exposure_inr) vs claims_exposure_limit_usd x usdinr,,,,,,0.0,0.0,,,,,,,,,,,,,NOT_SCORED,,NOT_SCORED,,,False,False,False,False,False,False,False,False,False,NOT_SCORED — the buyer default model does not describe supplier claims risk; limit monitored only,,,ACADEMIC SIMULATION — not actual trades
2022-07-15,True,SUP_USEC_01,Tidewater Recycling Corp (SIM),SUPPLIER,71860410.0,claims/refunds owed by supplier (P3 supplier_exposure_inr) vs claims_exposure_limit_usd x usdinr,,,,,,0.0,0.0,,,,,,,,,,,,,NOT_SCORED,,NOT_SCORED,,,False,False,False,False,False,False,False,False,False,NOT_SCORED — the buyer default model does not describe supplier claims risk; limit monitored only,,,ACADEMIC SIMULATION — not actual trades
2022-07-15,True,SUP_USEC_02,Delaware Bay Metals LLC (SIM),SUPPLIER,31937960.0,claims/refunds owed by supplier (P3 supplier_exposure_inr) vs claims_exposure_limit_usd x usdinr,,,,,,0.0,0.0,,,,,,,,,,,,,NOT_SCORED,,NOT_SCORED,,,False,False,False,False,False,False,False,False,False,NOT_SCORED — the buyer default model does not describe supplier claims risk; limit monitored only,,,ACADEMIC SIMULATION — not actual trades
2022-07-18,True,BUY_JNPT_01,Taloja Alloys and Smelters Pvt Ltd (SIM),BUYER,560000000.0,"credit exposure = receivable + contracted-not-invoiced not covered by an advance (desk limit definition, P04 basis, evaluated daily) vs credit_limit_inr",240825000.0,0.0,240825000.0,0.0,240825000.0,240825000.0,0.43004464,0.43004464,0.43004464,0.43004464,0.0,0.0,0.86129464,19.0,39.09650924,0.08582962,0.0,0.86129464,0.07967847,C,0.0,C,0.75,0.5,False,False,False,False,False,False,False,False,False,FREEZE — no increase; security for any credit balance; advance reliance capped at 0.5x limit,560000000.0,,"ACADEMIC SIMULATION — not actual trades. Scores: illustrative logistic model trained on SYNTHETIC data, computed from information dated on or before each row's date"
2022-07-18,True,BUY_MUN_01,Kandla Metal Industries Pvt Ltd (SIM),BUYER,650000000.0,"credit exposure = receivable + contracted-not-invoiced not covered by an advance (desk limit definition, P04 basis, evaluated daily) vs credit_limit_inr",310123937.6734,0.0,310123937.6734,0.0,310123937.6734,310123937.6734,0.47711375,0.47711375,0.47711375,0.47711375,0.0,0.0,0.89473269,8.0,32.42710472,0.06772153,0.25975385,1.15448654,0.06096345,C,0.0,C,0.75,0.5,False,False,False,False,False,False,False,False,False,FREEZE — no increase; security for any credit balance; advance reliance capped at 0.5x limit,650000000.0,,"ACADEMIC SIMULATION — not actual trades. Scores: illustrative logistic model trained on SYNTHETIC data, computed from information dated on or before each row's date"
2022-07-18,True,BUY_RJK_01,Saurashtra Castings and Alloys Pvt Ltd (SIM),BUYER,120000000.0,"credit exposure = receivable + contracted-not-invoiced not covered by an advance (desk limit definition, P04 basis, evaluated daily) vs credit_limit_inr",61267500.0,0.0,61267500.0,0.0,61267500.0,61267500.0,0.5105625,0.5105625,0.5105625,0.5105625,0.0,0.0,0.5105625,37.0,17.24845996,0.33161129,1.5316875,2.04225,0.15835605,D,1.0,D,0.5,0.0,False,False,False,False,False,False,False,True,False,REDUCE — cut the line to 50 %; advance or cash-against-documents only; do not lift the hedge before the advance arrives,60000000.0,,"ACADEMIC SIMULATION — not actual trades. Scores: illustrative logistic model trained on SYNTHETIC data, computed from information dated on or before each row's date"
2022-07-18,True,SUP_JEA_01,Khaleej Metal Resources FZE (SIM),SUPPLIER,47991720.0,claims/refunds owed by supplier (P3 supplier_exposure_inr) vs claims_exposure_limit_usd x usdinr,,,,,,0.0,0.0,,,,,,,,,,,,,NOT_SCORED,,NOT_SCORED,,,False,False,False,False,False,False,False,False,False,NOT_SCORED — the buyer default model does not describe supplier claims risk; limit monitored only,,,ACADEMIC SIMULATION — not actual trades
2022-07-18,True,SUP_USEC_01,Tidewater Recycling Corp (SIM),SUPPLIER,71987580.0,claims/refunds owed by supplier (P3 supplier_exposure_inr) vs claims_exposure_limit_usd x usdinr,,,,,,0.0,0.0,,,,,,,,,,,,,NOT_SCORED,,NOT_SCORED,,,False,False,False,False,False,False,False,False,False,NOT_SCORED — the buyer default model does not describe supplier claims risk; limit monitored only,,,ACADEMIC SIMULATION — not actual trades
2022-07-18,True,SUP_USEC_02,Delaware Bay Metals LLC (SIM),SUPPLIER,31994480.0,claims/refunds owed by supplier (P3 supplier_exposure_inr) vs claims_exposure_limit_usd x usdinr,,,,,,0.0,0.0,,,,,,,,,,,,,NOT_SCORED,,NOT_SCORED,,,False,False,False,False,False,False,False,False,False,NOT_SCORED — the buyer default model does not describe supplier claims risk; limit monitored only,,,ACADEMIC SIMULATION — not actual trades
2022-07-19,True,BUY_JNPT_01,Taloja Alloys and Smelters Pvt Ltd (SIM),BUYER,560000000.0,"credit exposure = receivable + contracted-not-invoiced not covered by an advance (desk limit definition, P04 basis, evaluated daily) vs credit_limit_inr",240825000.0,0.0,240825000.0,0.0,240825000.0,240825000.0,0.43004464,0.43004464,0.43004464,0.43004464,0.0,0.0,0.86129464,19.0,39.12936345,0.08582962,0.0,0.86129464,0.07963231,C,0.0,C,0.75,0.5,False,False,False,False,False,False,False,False,False,FREEZE — no increase; security for any credit balance; advance reliance capped at 0.5x limit,560000000.0,,"ACADEMIC SIMULATION — not actual trades. Scores: illustrative logistic model trained on SYNTHETIC data, computed from information dated on or before each row's date"
2022-07-19,True,BUY_MUN_01,Kandla Metal Industries Pvt Ltd (SIM),BUYER,650000000.0,"credit exposure = receivable + contracted-not-invoiced not covered by an advance (desk limit definition, P04 basis, evaluated daily) vs credit_limit_inr",310123937.6734,0.0,310123937.6734,0.0,310123937.6734,310123937.6734,0.47711375,0.47711375,0.47711375,0.47711375,0.0,0.0,0.89473269,8.0,32.45995893,0.06772153,0.25975385,1.15448654,0.06092742,C,0.0,C,0.75,0.5,False,False,False,False,False,False,False,False,False,FREEZE — no increase; security for any credit balance; advance reliance capped at 0.5x limit,650000000.0,,"ACADEMIC SIMULATION — not actual trades. Scores: illustrative logistic model trained on SYNTHETIC data, computed from information dated on or before each row's date"
2022-07-19,True,BUY_RJK_01,Saurashtra Castings and Alloys Pvt Ltd (SIM),BUYER,120000000.0,"credit exposure = receivable + contracted-not-invoiced not covered by an advance (desk limit definition, P04 basis, evaluated daily) vs credit_limit_inr",61267500.0,0.0,61267500.0,0.0,61267500.0,61267500.0,0.5105625,0.5105625,0.5105625,0.5105625,0.0,0.0,0.5105625,37.0,17.28131417,0.33161129,1.5316875,2.04225,0.15827215,D,1.0,D,0.5,0.0,False,False,False,False,False,False,False,True,False,REDUCE — cut the line to 50 %; advance or cash-against-documents only; do not lift the hedge before the advance arrives,60000000.0,,"ACADEMIC SIMULATION — not actual trades. Scores: illustrative logistic model trained on SYNTHETIC data, computed from information dated on or before each row's date"
2022-07-19,True,SUP_JEA_01,Khaleej Metal Resources FZE (SIM),SUPPLIER,47963700.0,claims/refunds owed by supplier (P3 supplier_exposure_inr) vs claims_exposure_limit_usd x usdinr,,,,,,0.0,0.0,,,,,,,,,,,,,NOT_SCORED,,NOT_SCORED,,,False,False,False,False,False,False,False,False,False,NOT_SCORED — the buyer default model does not describe supplier claims risk; limit monitored only,,,ACADEMIC SIMULATION — not actual trades
2022-07-19,True,SUP_USEC_01,Tidewater Recycling Corp (SIM),SUPPLIER,71945550.0,claims/refunds owed by supplier (P3 supplier_exposure_inr) vs claims_exposure_limit_usd x usdinr,,,,,,0.0,0.0,,,,,,,,,,,,,NOT_SCORED,,NOT_SCORED,,,False,False,False,False,False,False,False,False,False,NOT_SCORED — the buyer default model does not describe supplier claims risk; limit monitored only,,,ACADEMIC SIMULATION — not actual trades
2022-07-19,True,SUP_USEC_02,Delaware Bay Metals LLC (SIM),SUPPLIER,31975800.0,claims/refunds owed by supplier (P3 supplier_exposure_inr) vs claims_exposure_limit_usd x usdinr,,,,,,2868493.38,0.08970826,,,,,,,,,,,,,NOT_SCORED,,NOT_SCORED,,,False,False,False,False,False,False,False,False,False,NOT_SCORED — the buyer default model does not describe supplier claims risk; limit monitored only,,,ACADEMIC SIMULATION — not actual trades
2022-07-20,True,BUY_JNPT_01,Taloja Alloys and Smelters Pvt Ltd (SIM),BUYER,560000000.0,"credit exposure = receivable + contracted-not-invoiced not covered by an advance (desk limit definition, P04 basis, evaluated daily) vs credit_limit_inr",240825000.0,0.0,240825000.0,0.0,240825000.0,240825000.0,0.43004464,0.43004464,0.43004464,0.43004464,0.0,0.0,0.86129464,19.0,39.16221766,0.08582962,0.0,0.86129464,0.07958618,C,0.0,C,0.75,0.5,False,False,False,False,False,False,False,False,False,FREEZE — no increase; security for any credit balance; advance reliance capped at 0.5x limit,560000000.0,,"ACADEMIC SIMULATION — not actual trades. Scores: illustrative logistic model trained on SYNTHETIC data, computed from information dated on or before each row's date"
2022-07-20,True,BUY_MUN_01,Kandla Metal Industries Pvt Ltd (SIM),BUYER,650000000.0,"credit exposure = receivable + contracted-not-invoiced not covered by an advance (desk limit definition, P04 basis, evaluated daily) vs credit_limit_inr",310123937.6734,0.0,310123937.6734,0.0,310123937.6734,310123937.6734,0.47711375,0.47711375,0.47711375,0.47711375,0.0,0.0,0.89473269,8.0,32.49281314,0.06772153,0.25975385,1.15448654,0.0608914,C,0.0,C,0.75,0.5,False,False,False,False,False,False,False,False,False,FREEZE — no increase; security for any credit balance; advance reliance capped at 0.5x limit,650000000.0,,"ACADEMIC SIMULATION — not actual trades. Scores: illustrative logistic model trained on SYNTHETIC data, computed from information dated on or before each row's date"
2022-07-20,True,BUY_RJK_01,Saurashtra Castings and Alloys Pvt Ltd (SIM),BUYER,120000000.0,"credit exposure = receivable + contracted-not-invoiced not covered by an advance (desk limit definition, P04 basis, evaluated daily) vs credit_limit_inr",61267500.0,0.0,61267500.0,0.0,61267500.0,61267500.0,0.5105625,0.5105625,0.5105625,0.5105625,0.0,0.0,0.5105625,37.0,17.31416838,0.33161129,1.5316875,2.04225,0.15818829,D,1.0,D,0.5,0.0,False,False,False,False,False,False,False,True,False,REDUCE — cut the line to 50 %; advance or cash-against-documents only; do not lift the hedge before the advance arrives,60000000.0,,"ACADEMIC SIMULATION — not actual trades. Scores: illustrative logistic model trained on SYNTHETIC data, computed from information dated on or before each row's date"
2022-07-20,True,SUP_JEA_01,Khaleej Metal Resources FZE (SIM),SUPPLIER,48004140.0,claims/refunds owed by supplier (P3 supplier_exposure_inr) vs claims_exposure_limit_usd x usdinr,,,,,,0.0,0.0,,,,,,,,,,,,,NOT_SCORED,,NOT_SCORED,,,False,False,False,False,False,False,False,False,False,NOT_SCORED — the buyer default model does not describe supplier claims risk; limit monitored only,,,ACADEMIC SIMULATION — not actual trades
2022-07-20,True,SUP_USEC_01,Tidewater Recycling Corp (SIM),SUPPLIER,72006210.0,claims/refunds owed by supplier (P3 supplier_exposure_inr) vs claims_exposure_limit_usd x usdinr,,,,,,0.0,0.0,,,,,,,,,,,,,NOT_SCORED,,NOT_SCORED,,,False,False,False,False,False,False,False,False,False,NOT_SCORED — the buyer default model does not describe supplier claims risk; limit monitored only,,,ACADEMIC SIMULATION — not actual trades
2022-07-20,True,SUP_USEC_02,Delaware Bay Metals LLC (SIM),SUPPLIER,32002760.0,claims/refunds owed by supplier (P3 supplier_exposure_inr) vs claims_exposure_limit_usd x usdinr,,,,,,2870738.38,0.08970284,,,,,,,,,,,,,NOT_SCORED,,NOT_SCORED,,,False,False,False,False,False,False,False,False,False,NOT_SCORED — the buyer default model does not describe supplier claims risk; limit monitored only,,,ACADEMIC SIMULATION — not actual trades
2022-07-21,True,BUY_JNPT_01,Taloja Alloys and Smelters Pvt Ltd (SIM),BUYER,560000000.0,"credit exposure = receivable + contracted-not-invoiced not covered by an advance (desk limit definition, P04 basis, evaluated daily) vs credit_limit_inr",240825000.0,0.0,240825000.0,0.0,240825000.0,240825000.0,0.43004464,0.43004464,0.43004464,0.43004464,0.0,0.0,0.86129464,19.0,39.19507187,0.08582962,0.0,0.86129464,0.07954007,C,0.0,C,0.75,0.5,False,False,False,False,False,False,False,False,False,FREEZE — no increase; security for any credit balance; advance reliance capped at 0.5x limit,560000000.0,,"ACADEMIC SIMULATION — not actual trades. Scores: illustrative logistic model trained on SYNTHETIC data, computed from information dated on or before each row's date"
2022-07-21,True,BUY_MUN_01,Kandla Metal Industries Pvt Ltd (SIM),BUYER,650000000.0,"credit exposure = receivable + contracted-not-invoiced not covered by an advance (desk limit definition, P04 basis, evaluated daily) vs credit_limit_inr",310123937.6734,0.0,310123937.6734,0.0,310123937.6734,310123937.6734,0.47711375,0.47711375,0.47711375,0.47711375,0.0,0.0,0.89473269,8.0,32.52566735,0.06772153,0.25975385,1.15448654,0.06085541,C,0.0,C,0.75,0.5,False,False,False,False,False,False,False,False,False,FREEZE — no increase; security for any credit balance; advance reliance capped at 0.5x limit,650000000.0,,"ACADEMIC SIMULATION — not actual trades. Scores: illustrative logistic model trained on SYNTHETIC data, computed from information dated on or before each row's date"
2022-07-21,True,BUY_RJK_01,Saurashtra Castings and Alloys Pvt Ltd (SIM),BUYER,120000000.0,"credit exposure = receivable + contracted-not-invoiced not covered by an advance (desk limit definition, P04 basis, evaluated daily) vs credit_limit_inr",61267500.0,0.0,61267500.0,0.0,61267500.0,61267500.0,0.5105625,0.5105625,0.5105625,0.5105625,0.0,0.0,0.5105625,37.0,17.34702259,0.33161129,1.5316875,2.04225,0.15810447,D,1.0,D,0.5,0.0,False,False,False,False,False,False,False,True,False,REDUCE — cut the line to 50 %; advance or cash-against-documents only; do not lift the hedge before the advance arrives,60000000.0,,"ACADEMIC SIMULATION — not actual trades. Scores: illustrative logistic model trained on SYNTHETIC data, computed from information dated on or before each row's date"
2022-07-21,True,SUP_JEA_01,Khaleej Metal Resources FZE (SIM),SUPPLIER,47917080.0,claims/refunds owed by supplier (P3 supplier_exposure_inr) vs claims_exposure_limit_usd x usdinr,,,,,,0.0,0.0,,,,,,,,,,,,,NOT_SCORED,,NOT_SCORED,,,False,False,False,False,False,False,False,False,False,NOT_SCORED — the buyer default model does not describe supplier claims risk; limit monitored only,,,ACADEMIC SIMULATION — not actual trades
2022-07-21,True,SUP_USEC_01,Tidewater Recycling Corp (SIM),SUPPLIER,71875620.0,claims/refunds owed by supplier (P3 supplier_exposure_inr) vs claims_exposure_limit_usd x usdinr,,,,,,0.0,0.0,,,,,,,,,,,,,NOT_SCORED,,NOT_SCORED,,,False,False,False,False,False,False,False,False,False,NOT_SCORED — the buyer default model does not describe supplier claims risk; limit monitored only,,,ACADEMIC SIMULATION — not actual trades
2022-07-21,True,SUP_USEC_02,Delaware Bay Metals LLC (SIM),SUPPLIER,31944720.0,claims/refunds owed by supplier (P3 supplier_exposure_inr) vs claims_exposure_limit_usd x usdinr,,,,,,2865399.7,0.0896987,,,,,,,,,,,,,NOT_SCORED,,NOT_SCORED,,,False,False,False,False,False,False,False,False,False,NOT_SCORED — the buyer default model does not describe supplier claims risk; limit monitored only,,,ACADEMIC SIMULATION — not actual trades
2022-07-22,True,BUY_JNPT_01,Taloja Alloys and Smelters Pvt Ltd (SIM),BUYER,560000000.0,"credit exposure = receivable + contracted-not-invoiced not covered by an advance (desk limit definition, P04 basis, evaluated daily) vs credit_limit_inr",240825000.0,0.0,240825000.0,0.0,240825000.0,240825000.0,0.43004464,0.43004464,0.43004464,0.43004464,0.0,0.0,0.86129464,19.0,39.22792608,0.08582962,0.0,0.86129464,0.07949399,C,0.0,C,0.75,0.5,False,False,False,False,False,False,False,False,False,FREEZE — no increase; security for any credit balance; advance reliance capped at 0.5x limit,560000000.0,,"ACADEMIC SIMULATION — not actual trades. Scores: illustrative logistic model trained on SYNTHETIC data, computed from information dated on or before each row's date"
2022-07-22,True,BUY_MUN_01,Kandla Metal Industries Pvt Ltd (SIM),BUYER,650000000.0,"credit exposure = receivable + contracted-not-invoiced not covered by an advance (desk limit definition, P04 basis, evaluated daily) vs credit_limit_inr",310123937.6734,0.0,310123937.6734,0.0,310123937.6734,310123937.6734,0.47711375,0.47711375,0.47711375,0.47711375,0.0,0.0,0.89473269,8.0,32.55852156,0.06772153,0.25975385,1.15448654,0.06081944,C,0.0,C,0.75,0.5,False,False,False,False,False,False,False,False,False,FREEZE — no increase; security for any credit balance; advance reliance capped at 0.5x limit,650000000.0,,"ACADEMIC SIMULATION — not actual trades. Scores: illustrative logistic model trained on SYNTHETIC data, computed from information dated on or before each row's date"
2022-07-22,True,BUY_RJK_01,Saurashtra Castings and Alloys Pvt Ltd (SIM),BUYER,120000000.0,"credit exposure = receivable + contracted-not-invoiced not covered by an advance (desk limit definition, P04 basis, evaluated daily) vs credit_limit_inr",61267500.0,0.0,61267500.0,0.0,61267500.0,61267500.0,0.5105625,0.5105625,0.5105625,0.5105625,0.0,0.0,0.5105625,37.0,17.3798768,0.33161129,1.5316875,2.04225,0.15802068,D,1.0,D,0.5,0.0,False,False,False,False,False,False,False,True,False,REDUCE — cut the line to 50 %; advance or cash-against-documents only; do not lift the hedge before the advance arrives,60000000.0,,"ACADEMIC SIMULATION — not actual trades. Scores: illustrative logistic model trained on SYNTHETIC data, computed from information dated on or before each row's date"
2022-07-22,True,SUP_JEA_01,Khaleej Metal Resources FZE (SIM),SUPPLIER,47919900.0,claims/refunds owed by supplier (P3 supplier_exposure_inr) vs claims_exposure_limit_usd x usdinr,,,,,,0.0,0.0,,,,,,,,,,,,,NOT_SCORED,,NOT_SCORED,,,False,False,False,False,False,False,False,False,False,NOT_SCORED — the buyer default model does not describe supplier claims risk; limit monitored only,,,ACADEMIC SIMULATION — not actual trades
2022-07-22,True,SUP_USEC_01,Tidewater Recycling Corp (SIM),SUPPLIER,71879850.0,claims/refunds owed by supplier (P3 supplier_exposure_inr) vs claims_exposure_limit_usd x usdinr,,,,,,0.0,0.0,,,,,,,,,,,,,NOT_SCORED,,NOT_SCORED,,,False,False,False,False,False,False,False,False,False,NOT_SCORED — the buyer default model does not describe supplier claims risk; limit monitored only,,,ACADEMIC SIMULATION — not actual trades
2022-07-22,True,SUP_USEC_02,Delaware Bay Metals LLC (SIM),SUPPLIER,31946600.0,claims/refunds owed by supplier (P3 supplier_exposure_inr) vs claims_exposure_limit_usd x usdinr,,,,,,2865323.71,0.08969104,,,,,,,,,,,,,NOT_SCORED,,NOT_SCORED,,,False,False,False,False,False,False,False,False,False,NOT_SCORED — the buyer default model does not describe supplier claims risk; limit monitored only,,,ACADEMIC SIMULATION — not actual trades
2022-07-25,True,BUY_JNPT_01,Taloja Alloys and Smelters Pvt Ltd (SIM),BUYER,560000000.0,"credit exposure = receivable + contracted-not-invoiced not covered by an advance (desk limit definition, P04 basis, evaluated daily) vs credit_limit_inr",240825000.0,0.0,240825000.0,0.0,240825000.0,240825000.0,0.43004464,0.43004464,0.43004464,0.43004464,0.0,0.0,0.86129464,19.0,39.32648871,0.08582962,0.0,0.86129464,0.07935588,C,0.0,C,0.75,0.5,False,False,False,False,False,False,False,False,False,FREEZE — no increase; security for any credit balance; advance reliance capped at 0.5x limit,560000000.0,,"ACADEMIC SIMULATION — not actual trades. Scores: illustrative logistic model trained on SYNTHETIC data, computed from information dated on or before each row's date"
2022-07-25,True,BUY_MUN_01,Kandla Metal Industries Pvt Ltd (SIM),BUYER,650000000.0,"credit exposure = receivable + contracted-not-invoiced not covered by an advance (desk limit definition, P04 basis, evaluated daily) vs credit_limit_inr",310123937.6734,0.0,310123937.6734,0.0,310123937.6734,310123937.6734,0.47711375,0.47711375,0.47711375,0.47711375,0.0,0.0,0.89473269,8.0,32.65708419,0.06772153,0.25975385,1.15448654,0.06071164,C,0.0,C,0.75,0.5,False,False,False,False,False,False,False,False,False,FREEZE — no increase; security for any credit balance; advance reliance capped at 0.5x limit,650000000.0,,"ACADEMIC SIMULATION — not actual trades. Scores: illustrative logistic model trained on SYNTHETIC data, computed from information dated on or before each row's date"
2022-07-25,True,BUY_RJK_01,Saurashtra Castings and Alloys Pvt Ltd (SIM),BUYER,120000000.0,"credit exposure = receivable + contracted-not-invoiced not covered by an advance (desk limit definition, P04 basis, evaluated daily) vs credit_limit_inr",0.0,0.0,0.0,0.0,0.0,0.0,0.0,0.0,0.0,0.0,0.0,0.0,0.5105625,37.0,17.47843943,0.33161129,1.5316875,2.04225,0.15776954,D,1.0,D,0.5,0.0,False,False,False,False,False,False,False,False,False,REDUCE — cut the line to 50 %; advance or cash-against-documents only; do not lift the hedge before the advance arrives,60000000.0,BALANCE_DUE T04-S1; BALANCE_PAID T04-S1,"ACADEMIC SIMULATION — not actual trades. Scores: illustrative logistic model trained on SYNTHETIC data, computed from information dated on or before each row's date"
2022-07-25,True,SUP_JEA_01,Khaleej Metal Resources FZE (SIM),SUPPLIER,47870760.0,claims/refunds owed by supplier (P3 supplier_exposure_inr) vs claims_exposure_limit_usd x usdinr,,,,,,0.0,0.0,,,,,,,,,,,,,NOT_SCORED,,NOT_SCORED,,,False,False,False,False,False,False,False,False,False,NOT_SCORED — the buyer default model does not describe supplier claims risk; limit monitored only,,,ACADEMIC SIMULATION — not actual trades
2022-07-25,True,SUP_USEC_01,Tidewater Recycling Corp (SIM),SUPPLIER,71806140.0,claims/refunds owed by supplier (P3 supplier_exposure_inr) vs claims_exposure_limit_usd x usdinr,,,,,,0.0,0.0,,,,,,,,,,,,,NOT_SCORED,,NOT_SCORED,,,False,False,False,False,False,False,False,False,False,NOT_SCORED — the buyer default model does not describe supplier claims risk; limit monitored only,,,ACADEMIC SIMULATION — not actual trades
2022-07-25,True,SUP_USEC_02,Delaware Bay Metals LLC (SIM),SUPPLIER,31913840.0,claims/refunds owed by supplier (P3 supplier_exposure_inr) vs claims_exposure_limit_usd x usdinr,,,,,,2861455.15,0.08966189,,,,,,,,,,,,,NOT_SCORED,,NOT_SCORED,,,False,False,False,False,False,False,False,False,False,NOT_SCORED — the buyer default model does not describe supplier claims risk; limit monitored only,,,ACADEMIC SIMULATION — not actual trades
2022-07-26,True,BUY_JNPT_01,Taloja Alloys and Smelters Pvt Ltd (SIM),BUYER,560000000.0,"credit exposure = receivable + contracted-not-invoiced not covered by an advance (desk limit definition, P04 basis, evaluated daily) vs credit_limit_inr",240825000.0,0.0,240825000.0,0.0,240825000.0,240825000.0,0.43004464,0.43004464,0.43004464,0.43004464,0.0,0.0,0.86129464,19.0,39.35934292,0.08582962,0.0,0.86129464,0.07930989,C,0.0,C,0.75,0.5,False,False,False,False,False,False,False,False,False,FREEZE — no increase; security for any credit balance; advance reliance capped at 0.5x limit,560000000.0,,"ACADEMIC SIMULATION — not actual trades. Scores: illustrative logistic model trained on SYNTHETIC data, computed from information dated on or before each row's date"
2022-07-26,True,BUY_MUN_01,Kandla Metal Industries Pvt Ltd (SIM),BUYER,650000000.0,"credit exposure = receivable + contracted-not-invoiced not covered by an advance (desk limit definition, P04 basis, evaluated daily) vs credit_limit_inr",310123937.6734,0.0,310123937.6734,0.0,310123937.6734,310123937.6734,0.47711375,0.47711375,0.47711375,0.47711375,0.0,0.0,0.89441786,8.0,32.6899384,0.06772153,0.25975385,1.15417171,0.06062241,C,0.0,C,0.75,0.5,False,False,False,False,False,False,False,False,False,FREEZE — no increase; security for any credit balance; advance reliance capped at 0.5x limit,650000000.0,,"ACADEMIC SIMULATION — not actual trades. Scores: illustrative logistic model trained on SYNTHETIC data, computed from information dated on or before each row's date"
2022-07-26,True,BUY_RJK_01,Saurashtra Castings and Alloys Pvt Ltd (SIM),BUYER,120000000.0,"credit exposure = receivable + contracted-not-invoiced not covered by an advance (desk limit definition, P04 basis, evaluated daily) vs credit_limit_inr",89239103.0213,219287250.0,308526353.0212,219287250.0,89239103.02130002,89239103.02130002,0.74365919,0.74365919,2.57105294,0.74365919,1.82739375,0.0,0.74365919,37.0,17.51129363,0.59348589,1.82739375,2.57105294,0.42381524,D,1.0,D,0.5,0.0,False,False,False,False,True,True,False,True,True,REDUCE — cut the line to 50 %; advance or cash-against-documents only; do not lift the hedge before the advance arrives,60000000.0,"SALE_CONTRACTED T07-S1 invoice ₹313.3m (advance ₹219.3m, credit ₹94.0m; P04 utilisation after 78.3%)","ACADEMIC SIMULATION — not actual trades. Scores: illustrative logistic model trained on SYNTHETIC data, computed from information dated on or before each row's date"
2022-07-26,True,SUP_JEA_01,Khaleej Metal Resources FZE (SIM),SUPPLIER,47889179.99999999,claims/refunds owed by supplier (P3 supplier_exposure_inr) vs claims_exposure_limit_usd x usdinr,,,,,,0.0,0.0,,,,,,,,,,,,,NOT_SCORED,,NOT_SCORED,,,False,False,False,False,False,False,False,False,False,NOT_SCORED — the buyer default model does not describe supplier claims risk; limit monitored only,,,ACADEMIC SIMULATION — not actual trades
2022-07-26,True,SUP_USEC_01,Tidewater Recycling Corp (SIM),SUPPLIER,71833770.0,claims/refunds owed by supplier (P3 supplier_exposure_inr) vs claims_exposure_limit_usd x usdinr,,,,,,0.0,0.0,,,,,,,,,,,,,NOT_SCORED,,NOT_SCORED,,,False,False,False,False,False,False,False,False,False,NOT_SCORED — the buyer default model does not describe supplier claims risk; limit monitored only,,,ACADEMIC SIMULATION — not actual trades
2022-07-26,True,SUP_USEC_02,Delaware Bay Metals LLC (SIM),SUPPLIER,31926120.0,claims/refunds owed by supplier (P3 supplier_exposure_inr) vs claims_exposure_limit_usd x usdinr,,,,,,2862470.75,0.08965921,,,,,,,,,,,,,NOT_SCORED,,NOT_SCORED,,,False,False,False,False,False,False,False,False,False,NOT_SCORED — the buyer default model does not describe supplier claims risk; limit monitored only,,,ACADEMIC SIMULATION — not actual trades
2022-07-27,True,BUY_JNPT_01,Taloja Alloys and Smelters Pvt Ltd (SIM),BUYER,560000000.0,"credit exposure = receivable + contracted-not-invoiced not covered by an advance (desk limit definition, P04 basis, evaluated daily) vs credit_limit_inr",240825000.0,0.0,240825000.0,0.0,240825000.0,240825000.0,0.43004464,0.43004464,0.43004464,0.43004464,0.0,0.0,0.86129464,19.0,39.39219713,0.08582962,0.0,0.86129464,0.07926393,C,0.0,C,0.75,0.5,False,False,False,False,False,False,False,False,False,FREEZE — no increase; security for any credit balance; advance reliance capped at 0.5x limit,560000000.0,,"ACADEMIC SIMULATION — not actual trades. Scores: illustrative logistic model trained on SYNTHETIC data, computed from information dated on or before each row's date"
2022-07-27,True,BUY_MUN_01,Kandla Metal Industries Pvt Ltd (SIM),BUYER,650000000.0,"credit exposure = receivable + contracted-not-invoiced not covered by an advance (desk limit definition, P04 basis, evaluated daily) vs credit_limit_inr",310123937.6734,0.0,310123937.6734,0.0,310123937.6734,310123937.6734,0.47711375,0.47711375,0.47711375,0.47711375,0.0,0.0,0.88623834,8.0,32.72279261,0.06772153,0.25975385,1.14599219,0.05921712,C,0.0,C,0.75,0.5,False,False,False,False,False,False,False,False,False,FREEZE — no increase; security for any credit balance; advance reliance capped at 0.5x limit,650000000.0,,"ACADEMIC SIMULATION — not actual trades. Scores: illustrative logistic model trained on SYNTHETIC data, computed from information dated on or before each row's date"
2022-07-27,True,BUY_RJK_01,Saurashtra Castings and Alloys Pvt Ltd (SIM),BUYER,120000000.0,"credit exposure = receivable + contracted-not-invoiced not covered by an advance (desk limit definition, P04 basis, evaluated daily) vs credit_limit_inr",89239103.0213,219287250.0,308526353.0212,219287250.0,89239103.02130002,89239103.02130002,0.74365919,0.74365919,2.57105294,0.74365919,1.82739375,0.0,0.74365919,37.0,17.54414784,0.59348589,1.82739375,2.57105294,0.4236615,D,1.0,D,0.5,0.0,False,False,False,False,True,True,False,True,True,REDUCE — cut the line to 50 %; advance or cash-against-documents only; do not lift the hedge before the advance arrives,60000000.0,,"ACADEMIC SIMULATION — not actual trades. Scores: illustrative logistic model trained on SYNTHETIC data, computed from information dated on or before each row's date"
2022-07-27,True,SUP_JEA_01,Khaleej Metal Resources FZE (SIM),SUPPLIER,47952120.0,claims/refunds owed by supplier (P3 supplier_exposure_inr) vs claims_exposure_limit_usd x usdinr,,,,,,0.0,0.0,,,,,,,,,,,,,NOT_SCORED,,NOT_SCORED,,,False,False,False,False,False,False,False,False,False,NOT_SCORED — the buyer default model does not describe supplier claims risk; limit monitored only,,,ACADEMIC SIMULATION — not actual trades
2022-07-27,True,SUP_USEC_01,Tidewater Recycling Corp (SIM),SUPPLIER,71928180.0,claims/refunds owed by supplier (P3 supplier_exposure_inr) vs claims_exposure_limit_usd x usdinr,,,,,,0.0,0.0,,,,,,,,,,,,,NOT_SCORED,,NOT_SCORED,,,False,False,False,False,False,False,False,False,False,NOT_SCORED — the buyer default model does not describe supplier claims risk; limit monitored only,,,ACADEMIC SIMULATION — not actual trades
2022-07-27,True,SUP_USEC_02,Delaware Bay Metals LLC (SIM),SUPPLIER,31968080.0,claims/refunds owed by supplier (P3 supplier_exposure_inr) vs claims_exposure_limit_usd x usdinr,,,,,,2866205.21,0.08965835,,,,,,,,,,,,,NOT_SCORED,,NOT_SCORED,,,False,False,False,False,False,False,False,False,False,NOT_SCORED — the buyer default model does not describe supplier claims risk; limit monitored only,,,ACADEMIC SIMULATION — not actual trades
2022-07-28,True,BUY_JNPT_01,Taloja Alloys and Smelters Pvt Ltd (SIM),BUYER,560000000.0,"credit exposure = receivable + contracted-not-invoiced not covered by an advance (desk limit definition, P04 basis, evaluated daily) vs credit_limit_inr",240825000.0,0.0,240825000.0,0.0,240825000.0,240825000.0,0.43004464,0.43004464,0.43004464,0.43004464,0.0,0.0,0.86129464,19.0,39.42505133,0.08582962,0.0,0.86129464,0.079218,C,0.0,C,0.75,0.5,False,False,False,False,False,False,False,False,False,FREEZE — no increase; security for any credit balance; advance reliance capped at 0.5x limit,560000000.0,,"ACADEMIC SIMULATION — not actual trades. Scores: illustrative logistic model trained on SYNTHETIC data, computed from information dated on or before each row's date"
2022-07-28,True,BUY_MUN_01,Kandla Metal Industries Pvt Ltd (SIM),BUYER,650000000.0,"credit exposure = receivable + contracted-not-invoiced not covered by an advance (desk limit definition, P04 basis, evaluated daily) vs credit_limit_inr",310123937.6734,0.0,310123937.6734,0.0,310123937.6734,310123937.6734,0.47711375,0.47711375,0.47711375,0.47711375,0.0,0.0,0.87818798,8.0,32.75564682,0.06772153,0.25975385,1.13794183,0.05786332,C,0.0,C,0.75,0.5,False,False,False,False,False,False,False,False,False,FREEZE — no increase; security for any credit balance; advance reliance capped at 0.5x limit,650000000.0,,"ACADEMIC SIMULATION — not actual trades. Scores: illustrative logistic model trained on SYNTHETIC data, computed from information dated on or before each row's date"
2022-07-28,True,BUY_RJK_01,Saurashtra Castings and Alloys Pvt Ltd (SIM),BUYER,120000000.0,"credit exposure = receivable + contracted-not-invoiced not covered by an advance (desk limit definition, P04 basis, evaluated daily) vs credit_limit_inr",89239103.0213,219287250.0,308526353.0212,219287250.0,89239103.02130002,89239103.02130002,0.74365919,0.74365919,2.57105294,0.74365919,1.82739375,0.0,0.74365919,37.0,17.57700205,0.59348589,1.82739375,2.57105294,0.42350777,D,1.0,D,0.5,0.0,False,False,False,False,True,True,False,True,True,REDUCE — cut the line to 50 %; advance or cash-against-documents only; do not lift the hedge before the advance arrives,60000000.0,,"ACADEMIC SIMULATION — not actual trades. Scores: illustrative logistic model trained on SYNTHETIC data, computed from information dated on or before each row's date"
2022-07-28,True,SUP_JEA_01,Khaleej Metal Resources FZE (SIM),SUPPLIER,47808840.0,claims/refunds owed by supplier (P3 supplier_exposure_inr) vs claims_exposure_limit_usd x usdinr,,,,,,0.0,0.0,,,,,,,,,,,,,NOT_SCORED,,NOT_SCORED,,,False,False,False,False,False,False,False,False,False,NOT_SCORED — the buyer default model does not describe supplier claims risk; limit monitored only,,,ACADEMIC SIMULATION — not actual trades
2022-07-28,True,SUP_USEC_01,Tidewater Recycling Corp (SIM),SUPPLIER,71713260.0,claims/refunds owed by supplier (P3 supplier_exposure_inr) vs claims_exposure_limit_usd x usdinr,,,,,,0.0,0.0,,,,,,,,,,,,,NOT_SCORED,,NOT_SCORED,,,False,False,False,False,False,False,False,False,False,NOT_SCORED — the buyer default model does not describe supplier claims risk; limit monitored only,,,ACADEMIC SIMULATION — not actual trades
2022-07-28,True,SUP_USEC_02,Delaware Bay Metals LLC (SIM),SUPPLIER,31872560.0,claims/refunds owed by supplier (P3 supplier_exposure_inr) vs claims_exposure_limit_usd x usdinr,,,,,,2857448.45,0.0896523,,,,,,,,,,,,,NOT_SCORED,,NOT_SCORED,,,False,False,False,False,False,False,False,False,False,NOT_SCORED — the buyer default model does not describe supplier claims risk; limit monitored only,,,ACADEMIC SIMULATION — not actual trades
2022-07-29,True,BUY_JNPT_01,Taloja Alloys and Smelters Pvt Ltd (SIM),BUYER,560000000.0,"credit exposure = receivable + contracted-not-invoiced not covered by an advance (desk limit definition, P04 basis, evaluated daily) vs credit_limit_inr",240825000.0,0.0,240825000.0,0.0,240825000.0,240825000.0,0.43004464,0.43004464,0.43004464,0.43004464,0.0,0.0,0.86129464,19.0,39.45790554,0.08582962,0.0,0.86129464,0.07917208,C,0.0,C,0.75,0.5,False,False,False,False,False,False,False,False,False,FREEZE — no increase; security for any credit balance; advance reliance capped at 0.5x limit,560000000.0,,"ACADEMIC SIMULATION — not actual trades. Scores: illustrative logistic model trained on SYNTHETIC data, computed from information dated on or before each row's date"
2022-07-29,True,BUY_MUN_01,Kandla Metal Industries Pvt Ltd (SIM),BUYER,650000000.0,"credit exposure = receivable + contracted-not-invoiced not covered by an advance (desk limit definition, P04 basis, evaluated daily) vs credit_limit_inr",310123937.6734,0.0,310123937.6734,0.0,310123937.6734,310123937.6734,0.47711375,0.47711375,0.47711375,0.47711375,0.0,0.0,0.86863135,8.0,32.78850103,0.06772153,0.25975385,1.11011456,0.0563002,C,0.0,C,0.75,0.5,False,False,False,False,False,False,False,False,False,FREEZE — no increase; security for any credit balance; advance reliance capped at 0.5x limit,650000000.0,,"ACADEMIC SIMULATION — not actual trades. Scores: illustrative logistic model trained on SYNTHETIC data, computed from information dated on or before each row's date"
2022-07-29,True,BUY_RJK_01,Saurashtra Castings and Alloys Pvt Ltd (SIM),BUYER,120000000.0,"credit exposure = receivable + contracted-not-invoiced not covered by an advance (desk limit definition, P04 basis, evaluated daily) vs credit_limit_inr",89239103.0213,219287250.0,308526353.0212,219287250.0,89239103.02130002,89239103.02130002,0.74365919,0.74365919,2.57105294,0.74365919,1.82739375,0.0,0.74365919,37.0,17.60985626,0.59348589,1.82739375,2.57105294,0.42335406,D,1.0,D,0.5,0.0,False,False,False,False,True,True,False,True,True,REDUCE — cut the line to 50 %; advance or cash-against-documents only; do not lift the hedge before the advance arrives,60000000.0,,"ACADEMIC SIMULATION — not actual trades. Scores: illustrative logistic model trained on SYNTHETIC data, computed from information dated on or before each row's date"
2022-07-29,True,SUP_JEA_01,Khaleej Metal Resources FZE (SIM),SUPPLIER,47586960.0,claims/refunds owed by supplier (P3 supplier_exposure_inr) vs claims_exposure_limit_usd x usdinr,,,,,,0.0,0.0,,,,,,,,,,,,,NOT_SCORED,,NOT_SCORED,,,False,False,False,False,False,False,False,False,False,NOT_SCORED — the buyer default model does not describe supplier claims risk; limit monitored only,,,ACADEMIC SIMULATION — not actual trades
2022-07-29,True,SUP_USEC_01,Tidewater Recycling Corp (SIM),SUPPLIER,71380440.0,claims/refunds owed by supplier (P3 supplier_exposure_inr) vs claims_exposure_limit_usd x usdinr,,,,,,0.0,0.0,,,,,,,,,,,,,NOT_SCORED,,NOT_SCORED,,,False,False,False,False,False,False,False,False,False,NOT_SCORED — the buyer default model does not describe supplier claims risk; limit monitored only,,,ACADEMIC SIMULATION — not actual trades
2022-07-29,True,SUP_USEC_02,Delaware Bay Metals LLC (SIM),SUPPLIER,31724640.0,claims/refunds owed by supplier (P3 supplier_exposure_inr) vs claims_exposure_limit_usd x usdinr,,,,,,2843976.62,0.08964567,,,,,,,,,,,,,NOT_SCORED,,NOT_SCORED,,,False,False,False,False,False,False,False,False,False,NOT_SCORED — the buyer default model does not describe supplier claims risk; limit monitored only,,,ACADEMIC SIMULATION — not actual trades
2022-08-01,True,BUY_JNPT_01,Taloja Alloys and Smelters Pvt Ltd (SIM),BUYER,560000000.0,"credit exposure = receivable + contracted-not-invoiced not covered by an advance (desk limit definition, P04 basis, evaluated daily) vs credit_limit_inr",240825000.0,0.0,240825000.0,0.0,240825000.0,240825000.0,0.43004464,0.43004464,0.43004464,0.43004464,0.0,0.0,0.86129464,19.0,39.55646817,0.08582962,0.0,0.86129464,0.07903449,C,0.0,C,0.75,0.5,False,False,False,False,False,False,False,False,False,FREEZE — no increase; security for any credit balance; advance reliance capped at 0.5x limit,560000000.0,,"ACADEMIC SIMULATION — not actual trades. Scores: illustrative logistic model trained on SYNTHETIC data, computed from information dated on or before each row's date"
2022-08-01,True,BUY_MUN_01,Kandla Metal Industries Pvt Ltd (SIM),BUYER,650000000.0,"credit exposure = receivable + contracted-not-invoiced not covered by an advance (desk limit definition, P04 basis, evaluated daily) vs credit_limit_inr",310123937.6734,0.0,310123937.6734,0.0,310123937.6734,310123937.6734,0.47711375,0.47711375,0.47711375,0.47711375,0.0,0.0,0.86863135,8.0,32.88706366,0.06772153,0.25975385,1.11011456,0.05619993,C,0.0,C,0.75,0.5,False,False,False,False,False,False,False,False,False,FREEZE — no increase; security for any credit balance; advance reliance capped at 0.5x limit,650000000.0,,"ACADEMIC SIMULATION — not actual trades. Scores: illustrative logistic model trained on SYNTHETIC data, computed from information dated on or before each row's date"
2022-08-01,True,BUY_RJK_01,Saurashtra Castings and Alloys Pvt Ltd (SIM),BUYER,120000000.0,"credit exposure = receivable + contracted-not-invoiced not covered by an advance (desk limit definition, P04 basis, evaluated daily) vs credit_limit_inr",89239103.0213,219287250.0,308526353.0212,219287250.0,89239103.02130002,89239103.02130002,0.74365919,0.74365919,2.57105294,0.74365919,1.82739375,0.0,0.74365919,37.0,17.70841889,0.59348589,1.82739375,2.57105294,0.42289302,D,1.0,D,0.5,0.0,False,False,False,False,True,True,False,True,True,REDUCE — cut the line to 50 %; advance or cash-against-documents only; do not lift the hedge before the advance arrives,60000000.0,,"ACADEMIC SIMULATION — not actual trades. Scores: illustrative logistic model trained on SYNTHETIC data, computed from information dated on or before each row's date"
2022-08-01,True,SUP_JEA_01,Khaleej Metal Resources FZE (SIM),SUPPLIER,47454420.0,claims/refunds owed by supplier (P3 supplier_exposure_inr) vs claims_exposure_limit_usd x usdinr,,,,,,0.0,0.0,,,,,,,,,,,,,NOT_SCORED,,NOT_SCORED,,,False,False,False,False,False,False,False,False,False,NOT_SCORED — the buyer default model does not describe supplier claims risk; limit monitored only,,,ACADEMIC SIMULATION — not actual trades
2022-08-01,True,SUP_USEC_01,Tidewater Recycling Corp (SIM),SUPPLIER,71181630.0,claims/refunds owed by supplier (P3 supplier_exposure_inr) vs claims_exposure_limit_usd x usdinr,,,,,,0.0,0.0,,,,,,,,,,,,,NOT_SCORED,,NOT_SCORED,,,False,False,False,False,False,False,False,False,False,NOT_SCORED — the buyer default model does not describe supplier claims risk; limit monitored only,,,ACADEMIC SIMULATION — not actual trades
2022-08-01,True,SUP_USEC_02,Delaware Bay Metals LLC (SIM),SUPPLIER,31636280.0,claims/refunds owed by supplier (P3 supplier_exposure_inr) vs claims_exposure_limit_usd x usdinr,,,,,,2834969.71,0.08961135,,,,,,,,,,,,,NOT_SCORED,,NOT_SCORED,,,False,False,False,False,False,False,False,False,False,NOT_SCORED — the buyer default model does not describe supplier claims risk; limit monitored only,,,ACADEMIC SIMULATION — not actual trades
2022-08-02,True,BUY_JNPT_01,Taloja Alloys and Smelters Pvt Ltd (SIM),BUYER,560000000.0,"credit exposure = receivable + contracted-not-invoiced not covered by an advance (desk limit definition, P04 basis, evaluated daily) vs credit_limit_inr",240825000.0,0.0,240825000.0,0.0,240825000.0,240825000.0,0.43004464,0.43004464,0.43004464,0.43004464,0.0,0.0,0.86129464,19.0,39.58932238,0.08582962,0.0,0.86129464,0.07898867,C,0.0,C,0.75,0.5,False,False,False,False,False,False,False,False,False,FREEZE — no increase; security for any credit balance; advance reliance capped at 0.5x limit,560000000.0,,"ACADEMIC SIMULATION — not actual trades. Scores: illustrative logistic model trained on SYNTHETIC data, computed from information dated on or before each row's date"
2022-08-02,True,BUY_MUN_01,Kandla Metal Industries Pvt Ltd (SIM),BUYER,650000000.0,"credit exposure = receivable + contracted-not-invoiced not covered by an advance (desk limit definition, P04 basis, evaluated daily) vs credit_limit_inr",310123937.6734,0.0,310123937.6734,0.0,310123937.6734,310123937.6734,0.47711375,0.47711375,0.47711375,0.47711375,0.0,0.0,0.86863135,8.0,32.91991786,0.06772153,0.25975385,1.11011456,0.05616655,C,0.0,C,0.75,0.5,False,False,False,False,False,False,False,False,False,FREEZE — no increase; security for any credit balance; advance reliance capped at 0.5x limit,650000000.0,,"ACADEMIC SIMULATION — not actual trades. Scores: illustrative logistic model trained on SYNTHETIC data, computed from information dated on or before each row's date"
2022-08-02,True,BUY_RJK_01,Saurashtra Castings and Alloys Pvt Ltd (SIM),BUYER,120000000.0,"credit exposure = receivable + contracted-not-invoiced not covered by an advance (desk limit definition, P04 basis, evaluated daily) vs credit_limit_inr",89239103.0213,219287250.0,308526353.0212,219287250.0,89239103.02130002,89239103.02130002,0.74365919,0.74365919,2.57105294,0.74365919,1.82739375,0.0,0.74365919,37.0,17.7412731,0.59348589,1.82739375,2.57105294,0.42273936,D,1.0,D,0.5,0.0,False,False,False,False,True,True,False,True,True,REDUCE — cut the line to 50 %; advance or cash-against-documents only; do not lift the hedge before the advance arrives,60000000.0,,"ACADEMIC SIMULATION — not actual trades. Scores: illustrative logistic model trained on SYNTHETIC data, computed from information dated on or before each row's date"
2022-08-02,True,SUP_JEA_01,Khaleej Metal Resources FZE (SIM),SUPPLIER,47138700.0,claims/refunds owed by supplier (P3 supplier_exposure_inr) vs claims_exposure_limit_usd x usdinr,,,,,,0.0,0.0,,,,,,,,,,,,,NOT_SCORED,,NOT_SCORED,,,False,False,False,False,False,False,False,False,False,NOT_SCORED — the buyer default model does not describe supplier claims risk; limit monitored only,,,ACADEMIC SIMULATION — not actual trades
2022-08-02,True,SUP_USEC_01,Tidewater Recycling Corp (SIM),SUPPLIER,70708050.0,claims/refunds owed by supplier (P3 supplier_exposure_inr) vs claims_exposure_limit_usd x usdinr,,,,,,0.0,0.0,,,,,,,,,,,,,NOT_SCORED,,NOT_SCORED,,,False,False,False,False,False,False,False,False,False,NOT_SCORED — the buyer default model does not describe supplier claims risk; limit monitored only,,,ACADEMIC SIMULATION — not actual trades
2022-08-02,True,SUP_USEC_02,Delaware Bay Metals LLC (SIM),SUPPLIER,31425800.0,claims/refunds owed by supplier (P3 supplier_exposure_inr) vs claims_exposure_limit_usd x usdinr,,,,,,2815907.43,0.08960496,,,,,,,,,,,,,NOT_SCORED,,NOT_SCORED,,,False,False,False,False,False,False,False,False,False,NOT_SCORED — the buyer default model does not describe supplier claims risk; limit monitored only,,,ACADEMIC SIMULATION — not actual trades
2022-08-03,True,BUY_JNPT_01,Taloja Alloys and Smelters Pvt Ltd (SIM),BUYER,560000000.0,"credit exposure = receivable + contracted-not-invoiced not covered by an advance (desk limit definition, P04 basis, evaluated daily) vs credit_limit_inr",240825000.0,0.0,240825000.0,0.0,240825000.0,240825000.0,0.43004464,0.43004464,0.43004464,0.43004464,0.0,0.0,0.86129464,19.0,39.62217659,0.08582962,0.0,0.86129464,0.07894288,C,0.0,C,0.75,0.5,False,False,False,False,False,False,False,False,False,FREEZE — no increase; security for any credit balance; advance reliance capped at 0.5x limit,560000000.0,,"ACADEMIC SIMULATION — not actual trades. Scores: illustrative logistic model trained on SYNTHETIC data, computed from information dated on or before each row's date"
2022-08-03,True,BUY_MUN_01,Kandla Metal Industries Pvt Ltd (SIM),BUYER,650000000.0,"credit exposure = receivable + contracted-not-invoiced not covered by an advance (desk limit definition, P04 basis, evaluated daily) vs credit_limit_inr",310123937.6734,0.0,310123937.6734,0.0,310123937.6734,310123937.6734,0.47711375,0.47711375,0.47711375,0.47711375,0.0,0.0,0.86863135,8.0,32.95277207,0.06772153,0.25975385,1.10645478,0.05613318,C,0.0,C,0.75,0.5,False,False,False,False,False,False,False,False,False,FREEZE — no increase; security for any credit balance; advance reliance capped at 0.5x limit,650000000.0,,"ACADEMIC SIMULATION — not actual trades. Scores: illustrative logistic model trained on SYNTHETIC data, computed from information dated on or before each row's date"
2022-08-03,True,BUY_RJK_01,Saurashtra Castings and Alloys Pvt Ltd (SIM),BUYER,120000000.0,"credit exposure = receivable + contracted-not-invoiced not covered by an advance (desk limit definition, P04 basis, evaluated daily) vs credit_limit_inr",89239103.0213,219287250.0,308526353.0212,219287250.0,89239103.02130002,89239103.02130002,0.74365919,0.74365919,2.57105294,0.74365919,1.82739375,0.0,0.74365919,37.0,17.77412731,0.59348589,1.82739375,2.57105294,0.42258573,D,1.0,D,0.5,0.0,False,False,False,False,True,True,False,True,True,REDUCE — cut the line to 50 %; advance or cash-against-documents only; do not lift the hedge before the advance arrives,60000000.0,,"ACADEMIC SIMULATION — not actual trades. Scores: illustrative logistic model trained on SYNTHETIC data, computed from information dated on or before each row's date"
2022-08-03,True,SUP_JEA_01,Khaleej Metal Resources FZE (SIM),SUPPLIER,47492339.99999999,claims/refunds owed by supplier (P3 supplier_exposure_inr) vs claims_exposure_limit_usd x usdinr,,,,,,0.0,0.0,,,,,,,,,,,,,NOT_SCORED,,NOT_SCORED,,,False,False,False,False,False,False,False,False,False,NOT_SCORED — the buyer default model does not describe supplier claims risk; limit monitored only,,,ACADEMIC SIMULATION — not actual trades
2022-08-03,True,SUP_USEC_01,Tidewater Recycling Corp (SIM),SUPPLIER,71238510.0,claims/refunds owed by supplier (P3 supplier_exposure_inr) vs claims_exposure_limit_usd x usdinr,,,,,,0.0,0.0,,,,,,,,,,,,,NOT_SCORED,,NOT_SCORED,,,False,False,False,False,False,False,False,False,False,NOT_SCORED — the buyer default model does not describe supplier claims risk; limit monitored only,,,ACADEMIC SIMULATION — not actual trades
2022-08-03,True,SUP_USEC_02,Delaware Bay Metals LLC (SIM),SUPPLIER,31661560.0,claims/refunds owed by supplier (P3 supplier_exposure_inr) vs claims_exposure_limit_usd x usdinr,,,,,,2836876.8,0.08960003,,,,,,,,,,,,,NOT_SCORED,,NOT_SCORED,,,False,False,False,False,False,False,False,False,False,NOT_SCORED — the buyer default model does not describe supplier claims risk; limit monitored only,,,ACADEMIC SIMULATION — not actual trades
2022-08-04,True,BUY_JNPT_01,Taloja Alloys and Smelters Pvt Ltd (SIM),BUYER,560000000.0,"credit exposure = receivable + contracted-not-invoiced not covered by an advance (desk limit definition, P04 basis, evaluated daily) vs credit_limit_inr",240825000.0,0.0,240825000.0,0.0,240825000.0,240825000.0,0.43004464,0.43004464,0.43004464,0.43004464,0.0,0.0,0.86129464,19.0,39.6550308,0.08582962,0.0,0.86129464,0.07889711,C,0.0,C,0.75,0.5,False,False,False,False,False,False,False,False,False,FREEZE — no increase; security for any credit balance; advance reliance capped at 0.5x limit,560000000.0,,"ACADEMIC SIMULATION — not actual trades. Scores: illustrative logistic model trained on SYNTHETIC data, computed from information dated on or before each row's date"
2022-08-04,True,BUY_MUN_01,Kandla Metal Industries Pvt Ltd (SIM),BUYER,650000000.0,"credit exposure = receivable + contracted-not-invoiced not covered by an advance (desk limit definition, P04 basis, evaluated daily) vs credit_limit_inr",310123937.6734,0.0,310123937.6734,0.0,310123937.6734,310123937.6734,0.47711375,0.47711375,0.47711375,0.47711375,0.0,0.0,0.86863135,8.0,32.98562628,0.06772153,0.25975385,1.09947739,0.05609983,C,0.0,C,0.75,0.5,False,False,False,False,False,False,False,False,False,FREEZE — no increase; security for any credit balance; advance reliance capped at 0.5x limit,650000000.0,,"ACADEMIC SIMULATION — not actual trades. Scores: illustrative logistic model trained on SYNTHETIC data, computed from information dated on or before each row's date"
2022-08-04,True,BUY_RJK_01,Saurashtra Castings and Alloys Pvt Ltd (SIM),BUYER,120000000.0,"credit exposure = receivable + contracted-not-invoiced not covered by an advance (desk limit definition, P04 basis, evaluated daily) vs credit_limit_inr",89239103.0213,219287250.0,308526353.0212,219287250.0,89239103.02130002,89239103.02130002,0.74365919,0.74365919,2.57105294,0.74365919,1.82739375,0.0,0.74365919,37.0,17.80698152,0.59348589,1.82739375,2.57105294,0.42243211,D,1.0,D,0.5,0.0,False,False,False,False,True,True,False,True,True,REDUCE — cut the line to 50 %; advance or cash-against-documents only; do not lift the hedge before the advance arrives,60000000.0,,"ACADEMIC SIMULATION — not actual trades. Scores: illustrative logistic model trained on SYNTHETIC data, computed from information dated on or before each row's date"
2022-08-04,True,SUP_JEA_01,Khaleej Metal Resources FZE (SIM),SUPPLIER,47601300.0,claims/refunds owed by supplier (P3 supplier_exposure_inr) vs claims_exposure_limit_usd x usdinr,,,,,,0.0,0.0,,,,,,,,,,,,,NOT_SCORED,,NOT_SCORED,,,False,False,False,False,False,False,False,False,False,NOT_SCORED — the buyer default model does not describe supplier claims risk; limit monitored only,,,ACADEMIC SIMULATION — not actual trades
2022-08-04,True,SUP_USEC_01,Tidewater Recycling Corp (SIM),SUPPLIER,71401950.0,claims/refunds owed by supplier (P3 supplier_exposure_inr) vs claims_exposure_limit_usd x usdinr,,,,,,0.0,0.0,,,,,,,,,,,,,NOT_SCORED,,NOT_SCORED,,,False,False,False,False,False,False,False,False,False,NOT_SCORED — the buyer default model does not describe supplier claims risk; limit monitored only,,,ACADEMIC SIMULATION — not actual trades
2022-08-04,True,SUP_USEC_02,Delaware Bay Metals LLC (SIM),SUPPLIER,31734200.0,claims/refunds owed by supplier (P3 supplier_exposure_inr) vs claims_exposure_limit_usd x usdinr,,,,,,2843212.02,0.08959457,,,,,,,,,,,,,NOT_SCORED,,NOT_SCORED,,,False,False,False,False,False,False,False,False,False,NOT_SCORED — the buyer default model does not describe supplier claims risk; limit monitored only,,,ACADEMIC SIMULATION — not actual trades
2022-08-05,True,BUY_JNPT_01,Taloja Alloys and Smelters Pvt Ltd (SIM),BUYER,560000000.0,"credit exposure = receivable + contracted-not-invoiced not covered by an advance (desk limit definition, P04 basis, evaluated daily) vs credit_limit_inr",240825000.0,0.0,240825000.0,0.0,240825000.0,240825000.0,0.43004464,0.43004464,0.43004464,0.43004464,0.0,0.0,0.86129464,19.0,39.68788501,0.08582962,0.0,0.86129464,0.07885137,C,0.0,C,0.75,0.5,False,False,False,False,False,False,False,False,False,FREEZE — no increase; security for any credit balance; advance reliance capped at 0.5x limit,560000000.0,,"ACADEMIC SIMULATION — not actual trades. Scores: illustrative logistic model trained on SYNTHETIC data, computed from information dated on or before each row's date"
2022-08-05,True,BUY_MUN_01,Kandla Metal Industries Pvt Ltd (SIM),BUYER,650000000.0,"credit exposure = receivable + contracted-not-invoiced not covered by an advance (desk limit definition, P04 basis, evaluated daily) vs credit_limit_inr",310123937.6734,0.0,310123937.6734,0.0,310123937.6734,310123937.6734,0.47711375,0.47711375,0.47711375,0.47711375,0.0,0.0,0.86863135,8.0,33.01848049,0.06772153,0.25975385,1.09947739,0.0560665,C,0.0,C,0.75,0.5,False,False,False,False,False,False,False,False,False,FREEZE — no increase; security for any credit balance; advance reliance capped at 0.5x limit,650000000.0,,"ACADEMIC SIMULATION — not actual trades. Scores: illustrative logistic model trained on SYNTHETIC data, computed from information dated on or before each row's date"
2022-08-05,True,BUY_RJK_01,Saurashtra Castings and Alloys Pvt Ltd (SIM),BUYER,120000000.0,"credit exposure = receivable + contracted-not-invoiced not covered by an advance (desk limit definition, P04 basis, evaluated daily) vs credit_limit_inr",89239103.0213,219287250.0,308526353.0212,219287250.0,89239103.02130002,89239103.02130002,0.74365919,0.74365919,2.57105294,0.74365919,1.82739375,0.0,0.74365919,37.0,17.83983573,0.59348589,1.82739375,2.57105294,0.4222785,D,1.0,D,0.5,0.0,False,False,False,False,True,True,False,True,True,REDUCE — cut the line to 50 %; advance or cash-against-documents only; do not lift the hedge before the advance arrives,60000000.0,,"ACADEMIC SIMULATION — not actual trades. Scores: illustrative logistic model trained on SYNTHETIC data, computed from information dated on or before each row's date"
2022-08-05,True,SUP_JEA_01,Khaleej Metal Resources FZE (SIM),SUPPLIER,47520900.0,claims/refunds owed by supplier (P3 supplier_exposure_inr) vs claims_exposure_limit_usd x usdinr,,,,,,0.0,0.0,,,,,,,,,,,,,NOT_SCORED,,NOT_SCORED,,,False,False,False,False,False,False,False,False,False,NOT_SCORED — the buyer default model does not describe supplier claims risk; limit monitored only,,,ACADEMIC SIMULATION — not actual trades
2022-08-05,True,SUP_USEC_01,Tidewater Recycling Corp (SIM),SUPPLIER,71281350.0,claims/refunds owed by supplier (P3 supplier_exposure_inr) vs claims_exposure_limit_usd x usdinr,,,,,,0.0,0.0,,,,,,,,,,,,,NOT_SCORED,,NOT_SCORED,,,False,False,False,False,False,False,False,False,False,NOT_SCORED — the buyer default model does not describe supplier claims risk; limit monitored only,,,ACADEMIC SIMULATION — not actual trades
2022-08-05,True,SUP_USEC_02,Delaware Bay Metals LLC (SIM),SUPPLIER,31680600.0,claims/refunds owed by supplier (P3 supplier_exposure_inr) vs claims_exposure_limit_usd x usdinr,,,,,,2838635.56,0.0896017,,,,,,,,,,,,,NOT_SCORED,,NOT_SCORED,,,False,False,False,False,False,False,False,False,False,NOT_SCORED — the buyer default model does not describe supplier claims risk; limit monitored only,,,ACADEMIC SIMULATION — not actual trades
2022-08-08,True,BUY_JNPT_01,Taloja Alloys and Smelters Pvt Ltd (SIM),BUYER,560000000.0,"credit exposure = receivable + contracted-not-invoiced not covered by an advance (desk limit definition, P04 basis, evaluated daily) vs credit_limit_inr",0.0,0.0,0.0,0.0,0.0,0.0,0.0,0.0,0.0,0.0,0.0,0.0,0.86129464,19.0,39.78644764,0.08582962,0.0,0.86129464,0.07871429,C,0.0,C,0.75,0.5,False,False,False,False,False,False,False,False,False,FREEZE — no increase; security for any credit balance; advance reliance capped at 0.5x limit,560000000.0,BALANCE_DUE T06-S1; BALANCE_PAID T06-S1,"ACADEMIC SIMULATION — not actual trades. Scores: illustrative logistic model trained on SYNTHETIC data, computed from information dated on or before each row's date"
2022-08-08,True,BUY_MUN_01,Kandla Metal Industries Pvt Ltd (SIM),BUYER,650000000.0,"credit exposure = receivable + contracted-not-invoiced not covered by an advance (desk limit definition, P04 basis, evaluated daily) vs credit_limit_inr",0.0,0.0,0.0,0.0,0.0,0.0,0.0,0.0,0.0,0.0,0.0,0.0,0.86863135,8.0,33.11704312,0.06772153,0.25975385,1.09947739,0.05596662,C,0.0,C,0.75,0.5,False,False,False,False,False,False,False,False,False,FREEZE — no increase; security for any credit balance; advance reliance capped at 0.5x limit,650000000.0,BALANCE_DUE T05-S1; BALANCE_PAID T05-S1,"ACADEMIC SIMULATION — not actual trades. Scores: illustrative logistic model trained on SYNTHETIC data, computed from information dated on or before each row's date"
2022-08-08,True,BUY_RJK_01,Saurashtra Castings and Alloys Pvt Ltd (SIM),BUYER,120000000.0,"credit exposure = receivable + contracted-not-invoiced not covered by an advance (desk limit definition, P04 basis, evaluated daily) vs credit_limit_inr",89239103.0213,219287250.0,308526353.0212,219287250.0,89239103.02130002,89239103.02130002,0.74365919,0.74365919,2.57105294,0.74365919,1.82739375,0.0,0.74365919,37.0,17.93839836,0.59348589,1.82739375,2.57105294,0.42181777,D,1.0,D,0.5,0.0,False,False,False,False,True,True,False,True,True,REDUCE — cut the line to 50 %; advance or cash-against-documents only; do not lift the hedge before the advance arrives,60000000.0,,"ACADEMIC SIMULATION — not actual trades. Scores: illustrative logistic model trained on SYNTHETIC data, computed from information dated on or before each row's date"
2022-08-08,True,SUP_JEA_01,Khaleej Metal Resources FZE (SIM),SUPPLIER,47749380.0,claims/refunds owed by supplier (P3 supplier_exposure_inr) vs claims_exposure_limit_usd x usdinr,,,,,,0.0,0.0,,,,,,,,,,,,,NOT_SCORED,,NOT_SCORED,,,False,False,False,False,False,False,False,False,False,NOT_SCORED — the buyer default model does not describe supplier claims risk; limit monitored only,,,ACADEMIC SIMULATION — not actual trades
2022-08-08,True,SUP_USEC_01,Tidewater Recycling Corp (SIM),SUPPLIER,71624070.0,claims/refunds owed by supplier (P3 supplier_exposure_inr) vs claims_exposure_limit_usd x usdinr,,,,,,0.0,0.0,,,,,,,,,,,,,NOT_SCORED,,NOT_SCORED,,,False,False,False,False,False,False,False,False,False,NOT_SCORED — the buyer default model does not describe supplier claims risk; limit monitored only,,,ACADEMIC SIMULATION — not actual trades
2022-08-08,True,SUP_USEC_02,Delaware Bay Metals LLC (SIM),SUPPLIER,31832920.0,claims/refunds owed by supplier (P3 supplier_exposure_inr) vs claims_exposure_limit_usd x usdinr,,,,,,2851485.61,0.08957663,,,,,,,,,,,,,NOT_SCORED,,NOT_SCORED,,,False,False,False,False,False,False,False,False,False,NOT_SCORED — the buyer default model does not describe supplier claims risk; limit monitored only,,,ACADEMIC SIMULATION — not actual trades
2022-08-09,True,BUY_JNPT_01,Taloja Alloys and Smelters Pvt Ltd (SIM),BUYER,560000000.0,"credit exposure = receivable + contracted-not-invoiced not covered by an advance (desk limit definition, P04 basis, evaluated daily) vs credit_limit_inr",0.0,0.0,0.0,0.0,0.0,0.0,0.0,0.0,0.0,0.0,0.0,0.0,0.86129464,19.0,39.81930185,0.08582962,0.0,0.86129464,0.07866864,C,0.0,C,0.75,0.5,False,False,False,False,False,False,False,False,False,FREEZE — no increase; security for any credit balance; advance reliance capped at 0.5x limit,560000000.0,,"ACADEMIC SIMULATION — not actual trades. Scores: illustrative logistic model trained on SYNTHETIC data, computed from information dated on or before each row's date"
2022-08-09,True,BUY_MUN_01,Kandla Metal Industries Pvt Ltd (SIM),BUYER,650000000.0,"credit exposure = receivable + contracted-not-invoiced not covered by an advance (desk limit definition, P04 basis, evaluated daily) vs credit_limit_inr",0.0,279058569.8167,279058569.8167,0.0,279058569.8167,279058569.8167,0.42932088,0.0,0.42932088,0.42932088,0.0,0.0,0.86863135,8.0,33.14989733,0.09236691,0.25975385,1.09947739,0.05938595,C,0.0,C,0.75,0.5,False,False,False,False,False,False,False,False,False,FREEZE — no increase; security for any credit balance; advance reliance capped at 0.5x limit,650000000.0,"SALE_CONTRACTED T08-S1 invoice ₹280.6m (advance ₹0.0m, credit ₹280.6m; P04 utilisation after 43.2%)","ACADEMIC SIMULATION — not actual trades. Scores: illustrative logistic model trained on SYNTHETIC data, computed from information dated on or before each row's date"
2022-08-09,True,BUY_RJK_01,Saurashtra Castings and Alloys Pvt Ltd (SIM),BUYER,120000000.0,"credit exposure = receivable + contracted-not-invoiced not covered by an advance (desk limit definition, P04 basis, evaluated daily) vs credit_limit_inr",89239103.0213,219287250.0,308526353.0212,219287250.0,89239103.02130002,89239103.02130002,0.74365919,0.74365919,2.57105294,0.74365919,1.82739375,0.0,0.74365919,37.0,17.97125257,0.59348589,1.82739375,2.57105294,0.42166422,D,1.0,D,0.5,0.0,False,False,False,False,True,True,False,True,True,REDUCE — cut the line to 50 %; advance or cash-against-documents only; do not lift the hedge before the advance arrives,60000000.0,,"ACADEMIC SIMULATION — not actual trades. Scores: illustrative logistic model trained on SYNTHETIC data, computed from information dated on or before each row's date"
2022-08-09,True,SUP_JEA_01,Khaleej Metal Resources FZE (SIM),SUPPLIER,47726820.0,claims/refunds owed by supplier (P3 supplier_exposure_inr) vs claims_exposure_limit_usd x usdinr,,,,,,0.0,0.0,,,,,,,,,,,,,NOT_SCORED,,NOT_SCORED,,,False,False,False,False,False,False,False,False,False,NOT_SCORED — the buyer default model does not describe supplier claims risk; limit monitored only,,,ACADEMIC SIMULATION — not actual trades
2022-08-09,True,SUP_USEC_01,Tidewater Recycling Corp (SIM),SUPPLIER,71590230.0,claims/refunds owed by supplier (P3 supplier_exposure_inr) vs claims_exposure_limit_usd x usdinr,,,,,,0.0,0.0,,,,,,,,,,,,,NOT_SCORED,,NOT_SCORED,,,False,False,False,False,False,False,False,False,False,NOT_SCORED — the buyer default model does not describe supplier claims risk; limit monitored only,,,ACADEMIC SIMULATION — not actual trades
2022-08-09,True,SUP_USEC_02,Delaware Bay Metals LLC (SIM),SUPPLIER,31817880.0,claims/refunds owed by supplier (P3 supplier_exposure_inr) vs claims_exposure_limit_usd x usdinr,,,,,,2849895.81,0.089569,,,,,,,,,,,,,NOT_SCORED,,NOT_SCORED,,,False,False,False,False,False,False,False,False,False,NOT_SCORED — the buyer default model does not describe supplier claims risk; limit monitored only,,,ACADEMIC SIMULATION — not actual trades
2022-08-10,True,BUY_JNPT_01,Taloja Alloys and Smelters Pvt Ltd (SIM),BUYER,560000000.0,"credit exposure = receivable + contracted-not-invoiced not covered by an advance (desk limit definition, P04 basis, evaluated daily) vs credit_limit_inr",0.0,0.0,0.0,0.0,0.0,0.0,0.0,0.0,0.0,0.0,0.0,0.0,0.86129464,19.0,39.85215606,0.08582962,0.0,0.86129464,0.07862302,C,0.0,C,0.75,0.5,False,False,False,False,False,False,False,False,False,FREEZE — no increase; security for any credit balance; advance reliance capped at 0.5x limit,560000000.0,,"ACADEMIC SIMULATION — not actual trades. Scores: illustrative logistic model trained on SYNTHETIC data, computed from information dated on or before each row's date"
2022-08-10,True,BUY_MUN_01,Kandla Metal Industries Pvt Ltd (SIM),BUYER,650000000.0,"credit exposure = receivable + contracted-not-invoiced not covered by an advance (desk limit definition, P04 basis, evaluated daily) vs credit_limit_inr",0.0,275291720.8807,275291720.8807,0.0,275291720.8807,275291720.8807,0.42352572,0.0,0.42352572,0.42352572,0.0,0.0,0.86863135,8.0,33.18275154,0.09236691,0.25975385,1.09947739,0.05935079,C,0.0,C,0.75,0.5,False,False,False,False,False,False,False,False,False,FREEZE — no increase; security for any credit balance; advance reliance capped at 0.5x limit,650000000.0,,"ACADEMIC SIMULATION — not actual trades. Scores: illustrative logistic model trained on SYNTHETIC data, computed from information dated on or before each row's date"
2022-08-10,True,BUY_RJK_01,Saurashtra Castings and Alloys Pvt Ltd (SIM),BUYER,120000000.0,"credit exposure = receivable + contracted-not-invoiced not covered by an advance (desk limit definition, P04 basis, evaluated daily) vs credit_limit_inr",89239103.0213,219287250.0,308526353.0212,219287250.0,89239103.02130002,89239103.02130002,0.74365919,0.74365919,2.57105294,0.74365919,1.82739375,0.0,0.74365919,37.0,18.00410678,0.59348589,1.82739375,2.57105294,0.42151069,D,1.0,D,0.5,0.0,False,False,False,False,True,True,False,True,True,REDUCE — cut the line to 50 %; advance or cash-against-documents only; do not lift the hedge before the advance arrives,60000000.0,,"ACADEMIC SIMULATION — not actual trades. Scores: illustrative logistic model trained on SYNTHETIC data, computed from information dated on or before each row's date"
2022-08-10,True,SUP_JEA_01,Khaleej Metal Resources FZE (SIM),SUPPLIER,47679300.0,claims/refunds owed by supplier (P3 supplier_exposure_inr) vs claims_exposure_limit_usd x usdinr,,,,,,0.0,0.0,,,,,,,,,,,,,NOT_SCORED,,NOT_SCORED,,,False,False,False,False,False,False,False,False,False,NOT_SCORED — the buyer default model does not describe supplier claims risk; limit monitored only,,,ACADEMIC SIMULATION — not actual trades
2022-08-10,True,SUP_USEC_01,Tidewater Recycling Corp (SIM),SUPPLIER,71518950.0,claims/refunds owed by supplier (P3 supplier_exposure_inr) vs claims_exposure_limit_usd x usdinr,,,,,,0.0,0.0,,,,,,,,,,,,,NOT_SCORED,,NOT_SCORED,,,False,False,False,False,False,False,False,False,False,NOT_SCORED — the buyer default model does not describe supplier claims risk; limit monitored only,,,ACADEMIC SIMULATION — not actual trades
2022-08-10,True,SUP_USEC_02,Delaware Bay Metals LLC (SIM),SUPPLIER,31786200.0,claims/refunds owed by supplier (P3 supplier_exposure_inr) vs claims_exposure_limit_usd x usdinr,,,,,,2846836.24,0.08956202,,,,,,,,,,,,,NOT_SCORED,,NOT_SCORED,,,False,False,False,False,False,False,False,False,False,NOT_SCORED — the buyer default model does not describe supplier claims risk; limit monitored only,,,ACADEMIC SIMULATION — not actual trades
2022-08-11,True,BUY_JNPT_01,Taloja Alloys and Smelters Pvt Ltd (SIM),BUYER,560000000.0,"credit exposure = receivable + contracted-not-invoiced not covered by an advance (desk limit definition, P04 basis, evaluated daily) vs credit_limit_inr",0.0,0.0,0.0,0.0,0.0,0.0,0.0,0.0,0.0,0.0,0.0,0.0,0.86129464,19.0,39.88501027,0.08582962,0.0,0.86129464,0.07857742,C,0.0,C,0.75,0.5,False,False,False,False,False,False,False,False,False,FREEZE — no increase; security for any credit balance; advance reliance capped at 0.5x limit,560000000.0,,"ACADEMIC SIMULATION — not actual trades. Scores: illustrative logistic model trained on SYNTHETIC data, computed from information dated on or before each row's date"
2022-08-11,True,BUY_MUN_01,Kandla Metal Industries Pvt Ltd (SIM),BUYER,650000000.0,"credit exposure = receivable + contracted-not-invoiced not covered by an advance (desk limit definition, P04 basis, evaluated daily) vs credit_limit_inr",0.0,279914578.9041,279914578.9041,0.0,279914578.9041,279914578.9041,0.43063781,0.0,0.43063781,0.43063781,0.0,0.0,0.86863135,8.0,33.21560575,0.09236691,0.25975385,1.09947739,0.05931565,C,0.0,C,0.75,0.5,False,False,False,False,False,False,False,False,False,FREEZE — no increase; security for any credit balance; advance reliance capped at 0.5x limit,650000000.0,,"ACADEMIC SIMULATION — not actual trades. Scores: illustrative logistic model trained on SYNTHETIC data, computed from information dated on or before each row's date"
2022-08-11,True,BUY_RJK_01,Saurashtra Castings and Alloys Pvt Ltd (SIM),BUYER,120000000.0,"credit exposure = receivable + contracted-not-invoiced not covered by an advance (desk limit definition, P04 basis, evaluated daily) vs credit_limit_inr",89239103.0213,219287250.0,308526353.0212,219287250.0,89239103.02130002,89239103.02130002,0.74365919,0.74365919,2.57105294,0.74365919,1.82739375,0.0,0.74365919,37.0,18.03696099,0.59348589,1.82739375,2.57105294,0.42135718,D,1.0,D,0.5,0.0,False,False,False,False,True,True,False,True,True,REDUCE — cut the line to 50 %; advance or cash-against-documents only; do not lift the hedge before the advance arrives,60000000.0,,"ACADEMIC SIMULATION — not actual trades. Scores: illustrative logistic model trained on SYNTHETIC data, computed from information dated on or before each row's date"
2022-08-11,True,SUP_JEA_01,Khaleej Metal Resources FZE (SIM),SUPPLIER,47756520.0,claims/refunds owed by supplier (P3 supplier_exposure_inr) vs claims_exposure_limit_usd x usdinr,,,,,,0.0,0.0,,,,,,,,,,,,,NOT_SCORED,,NOT_SCORED,,,False,False,False,False,False,False,False,False,False,NOT_SCORED — the buyer default model does not describe supplier claims risk; limit monitored only,,,ACADEMIC SIMULATION — not actual trades
2022-08-11,True,SUP_USEC_01,Tidewater Recycling Corp (SIM),SUPPLIER,71634780.0,claims/refunds owed by supplier (P3 supplier_exposure_inr) vs claims_exposure_limit_usd x usdinr,,,,,,0.0,0.0,,,,,,,,,,,,,NOT_SCORED,,NOT_SCORED,,,False,False,False,False,False,False,False,False,False,NOT_SCORED — the buyer default model does not describe supplier claims risk; limit monitored only,,,ACADEMIC SIMULATION — not actual trades
2022-08-11,True,SUP_USEC_02,Delaware Bay Metals LLC (SIM),SUPPLIER,31837680.0,claims/refunds owed by supplier (P3 supplier_exposure_inr) vs claims_exposure_limit_usd x usdinr,,,,,,2851232.21,0.08955528,,,,,,,,,,,,,NOT_SCORED,,NOT_SCORED,,,False,False,False,False,False,False,False,False,False,NOT_SCORED — the buyer default model does not describe supplier claims risk; limit monitored only,,,ACADEMIC SIMULATION — not actual trades
2022-08-12,True,BUY_JNPT_01,Taloja Alloys and Smelters Pvt Ltd (SIM),BUYER,560000000.0,"credit exposure = receivable + contracted-not-invoiced not covered by an advance (desk limit definition, P04 basis, evaluated daily) vs credit_limit_inr",0.0,0.0,0.0,0.0,0.0,0.0,0.0,0.0,0.0,0.0,0.0,0.0,0.86129464,19.0,39.91786448,0.08582962,0.0,0.86129464,0.07853185,C,0.0,C,0.75,0.5,False,False,False,False,False,False,False,False,False,FREEZE — no increase; security for any credit balance; advance reliance capped at 0.5x limit,560000000.0,,"ACADEMIC SIMULATION — not actual trades. Scores: illustrative logistic model trained on SYNTHETIC data, computed from information dated on or before each row's date"
2022-08-12,True,BUY_MUN_01,Kandla Metal Industries Pvt Ltd (SIM),BUYER,650000000.0,"credit exposure = receivable + contracted-not-invoiced not covered by an advance (desk limit definition, P04 basis, evaluated daily) vs credit_limit_inr",0.0,277231610.7367,277231610.7367,0.0,277231610.7367,277231610.7367,0.42651017,0.0,0.42651017,0.42651017,0.0,0.0,0.86863135,8.0,33.24845996,0.09236691,0.25975385,1.09947739,0.05928053,C,0.0,C,0.75,0.5,False,False,False,False,False,False,False,False,False,FREEZE — no increase; security for any credit balance; advance reliance capped at 0.5x limit,650000000.0,,"ACADEMIC SIMULATION — not actual trades. Scores: illustrative logistic model trained on SYNTHETIC data, computed from information dated on or before each row's date"
2022-08-12,True,BUY_RJK_01,Saurashtra Castings and Alloys Pvt Ltd (SIM),BUYER,120000000.0,"credit exposure = receivable + contracted-not-invoiced not covered by an advance (desk limit definition, P04 basis, evaluated daily) vs credit_limit_inr",89239103.0213,0.0,89239103.0213,0.0,89239103.0213,89239103.0213,0.74365919,0.74365919,0.74365919,0.74365919,0.0,0.0,0.74365919,37.0,18.0698152,0.59348589,1.82739375,2.57105294,0.42120368,D,1.0,D,0.5,0.0,False,False,False,False,False,False,False,True,False,REDUCE — cut the line to 50 %; advance or cash-against-documents only; do not lift the hedge before the advance arrives,60000000.0,ADVANCE_RECEIVED T07-S1 ₹219.3m,"ACADEMIC SIMULATION — not actual trades. Scores: illustrative logistic model trained on SYNTHETIC data, computed from information dated on or before each row's date"
2022-08-12,True,SUP_JEA_01,Khaleej Metal Resources FZE (SIM),SUPPLIER,47832840.0,claims/refunds owed by supplier (P3 supplier_exposure_inr) vs claims_exposure_limit_usd x usdinr,,,,,,0.0,0.0,,,,,,,,,,,,,NOT_SCORED,,NOT_SCORED,,,False,False,False,False,False,False,False,False,False,NOT_SCORED — the buyer default model does not describe supplier claims risk; limit monitored only,,,ACADEMIC SIMULATION — not actual trades
2022-08-12,True,SUP_USEC_01,Tidewater Recycling Corp (SIM),SUPPLIER,71749260.0,claims/refunds owed by supplier (P3 supplier_exposure_inr) vs claims_exposure_limit_usd x usdinr,,,,,,0.0,0.0,,,,,,,,,,,,,NOT_SCORED,,NOT_SCORED,,,False,False,False,False,False,False,False,False,False,NOT_SCORED — the buyer default model does not describe supplier claims risk; limit monitored only,,,ACADEMIC SIMULATION — not actual trades
2022-08-12,True,SUP_USEC_02,Delaware Bay Metals LLC (SIM),SUPPLIER,31888560.0,claims/refunds owed by supplier (P3 supplier_exposure_inr) vs claims_exposure_limit_usd x usdinr,,,,,,2855544.01,0.0895476,,,,,,,,,,,,,NOT_SCORED,,NOT_SCORED,,,False,False,False,False,False,False,False,False,False,NOT_SCORED — the buyer default model does not describe supplier claims risk; limit monitored only,,,ACADEMIC SIMULATION — not actual trades
2022-08-15,True,BUY_JNPT_01,Taloja Alloys and Smelters Pvt Ltd (SIM),BUYER,560000000.0,"credit exposure = receivable + contracted-not-invoiced not covered by an advance (desk limit definition, P04 basis, evaluated daily) vs credit_limit_inr",0.0,0.0,0.0,0.0,0.0,0.0,0.0,0.0,0.0,0.0,0.0,0.0,0.86129464,19.0,40.0164271,0.08582962,0.0,0.86129464,0.07839527,C,0.0,C,0.75,0.5,False,False,False,False,False,False,False,False,False,FREEZE — no increase; security for any credit balance; advance reliance capped at 0.5x limit,560000000.0,,"ACADEMIC SIMULATION — not actual trades. Scores: illustrative logistic model trained on SYNTHETIC data, computed from information dated on or before each row's date"
2022-08-15,True,BUY_MUN_01,Kandla Metal Industries Pvt Ltd (SIM),BUYER,650000000.0,"credit exposure = receivable + contracted-not-invoiced not covered by an advance (desk limit definition, P04 basis, evaluated daily) vs credit_limit_inr",0.0,269557616.92,269557616.92,0.0,269557616.92,269557616.92,0.41470403,0.0,0.41470403,0.41470403,0.0,0.0,0.86863135,8.0,33.34702259,0.09236691,0.25975385,1.09947739,0.05917528,C,0.0,C,0.75,0.5,False,False,False,False,False,False,False,False,False,FREEZE — no increase; security for any credit balance; advance reliance capped at 0.5x limit,650000000.0,,"ACADEMIC SIMULATION — not actual trades. Scores: illustrative logistic model trained on SYNTHETIC data, computed from information dated on or before each row's date"
2022-08-15,True,BUY_RJK_01,Saurashtra Castings and Alloys Pvt Ltd (SIM),BUYER,120000000.0,"credit exposure = receivable + contracted-not-invoiced not covered by an advance (desk limit definition, P04 basis, evaluated daily) vs credit_limit_inr",89239103.0213,0.0,89239103.0213,0.0,89239103.0213,89239103.0213,0.74365919,0.74365919,0.74365919,0.74365919,0.0,0.0,0.74365919,37.0,18.16837782,0.59348589,1.82739375,2.57105294,0.42074326,D,1.0,D,0.5,0.0,False,False,False,False,False,False,False,True,False,REDUCE — cut the line to 50 %; advance or cash-against-documents only; do not lift the hedge before the advance arrives,60000000.0,,"ACADEMIC SIMULATION — not actual trades. Scores: illustrative logistic model trained on SYNTHETIC data, computed from information dated on or before each row's date"
2022-08-15,True,SUP_JEA_01,Khaleej Metal Resources FZE (SIM),SUPPLIER,47706299.99999999,claims/refunds owed by supplier (P3 supplier_exposure_inr) vs claims_exposure_limit_usd x usdinr,,,,,,0.0,0.0,,,,,,,,,,,,,NOT_SCORED,,NOT_SCORED,,,False,False,False,False,False,False,False,False,False,NOT_SCORED — the buyer default model does not describe supplier claims risk; limit monitored only,,,ACADEMIC SIMULATION — not actual trades
2022-08-15,True,SUP_USEC_01,Tidewater Recycling Corp (SIM),SUPPLIER,71559450.0,claims/refunds owed by supplier (P3 supplier_exposure_inr) vs claims_exposure_limit_usd x usdinr,,,,,,0.0,0.0,,,,,,,,,,,,,NOT_SCORED,,NOT_SCORED,,,False,False,False,False,False,False,False,False,False,NOT_SCORED — the buyer default model does not describe supplier claims risk; limit monitored only,,,ACADEMIC SIMULATION — not actual trades
2022-08-15,True,SUP_USEC_02,Delaware Bay Metals LLC (SIM),SUPPLIER,31804200.0,claims/refunds owed by supplier (P3 supplier_exposure_inr) vs claims_exposure_limit_usd x usdinr,,,,,,2847250.27,0.08952435,,,,,,,,,,,,,NOT_SCORED,,NOT_SCORED,,,False,False,False,False,False,False,False,False,False,NOT_SCORED — the buyer default model does not describe supplier claims risk; limit monitored only,,,ACADEMIC SIMULATION — not actual trades
2022-08-16,True,BUY_JNPT_01,Taloja Alloys and Smelters Pvt Ltd (SIM),BUYER,560000000.0,"credit exposure = receivable + contracted-not-invoiced not covered by an advance (desk limit definition, P04 basis, evaluated daily) vs credit_limit_inr",0.0,0.0,0.0,0.0,0.0,0.0,0.0,0.0,0.0,0.0,0.0,0.0,0.86129464,19.0,40.04928131,0.08582962,0.0,0.86129464,0.07834979,C,0.0,C,0.75,0.5,False,False,False,False,False,False,False,False,False,FREEZE — no increase; security for any credit balance; advance reliance capped at 0.5x limit,560000000.0,,"ACADEMIC SIMULATION — not actual trades. Scores: illustrative logistic model trained on SYNTHETIC data, computed from information dated on or before each row's date"
2022-08-16,True,BUY_MUN_01,Kandla Metal Industries Pvt Ltd (SIM),BUYER,650000000.0,"credit exposure = receivable + contracted-not-invoiced not covered by an advance (desk limit definition, P04 basis, evaluated daily) vs credit_limit_inr",0.0,268529776.8595,268529776.8595,0.0,268529776.8595,268529776.8595,0.41312273,0.0,0.41312273,0.41312273,0.0,0.0,0.86863135,8.0,33.3798768,0.09236691,0.25975385,1.09947739,0.05914024,C,0.0,C,0.75,0.5,False,False,False,False,False,False,False,False,False,FREEZE — no increase; security for any credit balance; advance reliance capped at 0.5x limit,650000000.0,,"ACADEMIC SIMULATION — not actual trades. Scores: illustrative logistic model trained on SYNTHETIC data, computed from information dated on or before each row's date"
2022-08-16,True,BUY_RJK_01,Saurashtra Castings and Alloys Pvt Ltd (SIM),BUYER,120000000.0,"credit exposure = receivable + contracted-not-invoiced not covered by an advance (desk limit definition, P04 basis, evaluated daily) vs credit_limit_inr",89239103.0213,0.0,89239103.0213,0.0,89239103.0213,89239103.0213,0.74365919,0.74365919,0.74365919,0.74365919,0.0,0.0,0.74365919,37.0,18.20123203,0.59348589,1.82739375,2.57105294,0.42058982,D,1.0,D,0.5,0.0,False,False,False,False,False,False,False,True,False,REDUCE — cut the line to 50 %; advance or cash-against-documents only; do not lift the hedge before the advance arrives,60000000.0,INVOICED T07-S1,"ACADEMIC SIMULATION — not actual trades. Scores: illustrative logistic model trained on SYNTHETIC data, computed from information dated on or before each row's date"
2022-08-16,True,SUP_JEA_01,Khaleej Metal Resources FZE (SIM),SUPPLIER,47601120.0,claims/refunds owed by supplier (P3 supplier_exposure_inr) vs claims_exposure_limit_usd x usdinr,,,,,,0.0,0.0,,,,,,,,,,,,,NOT_SCORED,,NOT_SCORED,,,False,False,False,False,False,False,False,False,False,NOT_SCORED — the buyer default model does not describe supplier claims risk; limit monitored only,,,ACADEMIC SIMULATION — not actual trades
2022-08-16,True,SUP_USEC_01,Tidewater Recycling Corp (SIM),SUPPLIER,71401680.0,claims/refunds owed by supplier (P3 supplier_exposure_inr) vs claims_exposure_limit_usd x usdinr,,,,,,0.0,0.0,,,,,,,,,,,,,NOT_SCORED,,NOT_SCORED,,,False,False,False,False,False,False,False,False,False,NOT_SCORED — the buyer default model does not describe supplier claims risk; limit monitored only,,,ACADEMIC SIMULATION — not actual trades
2022-08-16,True,SUP_USEC_02,Delaware Bay Metals LLC (SIM),SUPPLIER,31734080.0,claims/refunds owed by supplier (P3 supplier_exposure_inr) vs claims_exposure_limit_usd x usdinr,,,,,,2840745.46,0.08951718,,,,,,,,,,,,,NOT_SCORED,,NOT_SCORED,,,False,False,False,False,False,False,False,False,False,NOT_SCORED — the buyer default model does not describe supplier claims risk; limit monitored only,,,ACADEMIC SIMULATION — not actual trades
2022-08-17,True,BUY_JNPT_01,Taloja Alloys and Smelters Pvt Ltd (SIM),BUYER,560000000.0,"credit exposure = receivable + contracted-not-invoiced not covered by an advance (desk limit definition, P04 basis, evaluated daily) vs credit_limit_inr",0.0,0.0,0.0,0.0,0.0,0.0,0.0,0.0,0.0,0.0,0.0,0.0,0.86129464,19.0,40.08213552,0.08582962,0.0,0.86129464,0.07830434,C,0.0,C,0.75,0.5,False,False,False,False,False,False,False,False,False,FREEZE — no increase; security for any credit balance; advance reliance capped at 0.5x limit,560000000.0,,"ACADEMIC SIMULATION — not actual trades. Scores: illustrative logistic model trained on SYNTHETIC data, computed from information dated on or before each row's date"
2022-08-17,True,BUY_MUN_01,Kandla Metal Industries Pvt Ltd (SIM),BUYER,650000000.0,"credit exposure = receivable + contracted-not-invoiced not covered by an advance (desk limit definition, P04 basis, evaluated daily) vs credit_limit_inr",0.0,267093429.3154,267093429.3154,0.0,267093429.3154,267093429.3154,0.41091297,0.0,0.41091297,0.41091297,0.0,0.0,0.86863135,8.0,33.41273101,0.09236691,0.25975385,1.09506131,0.05910522,C,0.0,C,0.75,0.5,False,False,False,False,False,False,False,False,False,FREEZE — no increase; security for any credit balance; advance reliance capped at 0.5x limit,650000000.0,,"ACADEMIC SIMULATION — not actual trades. Scores: illustrative logistic model trained on SYNTHETIC data, computed from information dated on or before each row's date"
2022-08-17,True,BUY_RJK_01,Saurashtra Castings and Alloys Pvt Ltd (SIM),BUYER,120000000.0,"credit exposure = receivable + contracted-not-invoiced not covered by an advance (desk limit definition, P04 basis, evaluated daily) vs credit_limit_inr",89239103.0213,0.0,89239103.0213,0.0,89239103.0213,89239103.0213,0.74365919,0.74365919,0.74365919,0.74365919,0.0,0.0,0.74365919,37.0,18.23408624,0.59348589,1.82739375,2.57105294,0.4204364,D,1.0,D,0.5,0.0,False,False,False,False,False,False,False,True,False,REDUCE — cut the line to 50 %; advance or cash-against-documents only; do not lift the hedge before the advance arrives,60000000.0,,"ACADEMIC SIMULATION — not actual trades. Scores: illustrative logistic model trained on SYNTHETIC data, computed from information dated on or before each row's date"
2022-08-17,True,SUP_JEA_01,Khaleej Metal Resources FZE (SIM),SUPPLIER,47671500.0,claims/refunds owed by supplier (P3 supplier_exposure_inr) vs claims_exposure_limit_usd x usdinr,,,,,,0.0,0.0,,,,,,,,,,,,,NOT_SCORED,,NOT_SCORED,,,False,False,False,False,False,False,False,False,False,NOT_SCORED — the buyer default model does not describe supplier claims risk; limit monitored only,,,ACADEMIC SIMULATION — not actual trades
2022-08-17,True,SUP_USEC_01,Tidewater Recycling Corp (SIM),SUPPLIER,71507250.0,claims/refunds owed by supplier (P3 supplier_exposure_inr) vs claims_exposure_limit_usd x usdinr,,,,,,0.0,0.0,,,,,,,,,,,,,NOT_SCORED,,NOT_SCORED,,,False,False,False,False,False,False,False,False,False,NOT_SCORED — the buyer default model does not describe supplier claims risk; limit monitored only,,,ACADEMIC SIMULATION — not actual trades
2022-08-17,True,SUP_USEC_02,Delaware Bay Metals LLC (SIM),SUPPLIER,31781000.0,claims/refunds owed by supplier (P3 supplier_exposure_inr) vs claims_exposure_limit_usd x usdinr,,,,,,2844714.78,0.08950992,,,,,,,,,,,,,NOT_SCORED,,NOT_SCORED,,,False,False,False,False,False,False,False,False,False,NOT_SCORED — the buyer default model does not describe supplier claims risk; limit monitored only,,,ACADEMIC SIMULATION — not actual trades
2022-08-18,True,BUY_JNPT_01,Taloja Alloys and Smelters Pvt Ltd (SIM),BUYER,560000000.0,"credit exposure = receivable + contracted-not-invoiced not covered by an advance (desk limit definition, P04 basis, evaluated daily) vs credit_limit_inr",0.0,0.0,0.0,0.0,0.0,0.0,0.0,0.0,0.0,0.0,0.0,0.0,0.86129464,19.0,40.11498973,0.08582962,0.0,0.86129464,0.07825891,C,0.0,C,0.75,0.5,False,False,False,False,False,False,False,False,False,FREEZE — no increase; security for any credit balance; advance reliance capped at 0.5x limit,560000000.0,,"ACADEMIC SIMULATION — not actual trades. Scores: illustrative logistic model trained on SYNTHETIC data, computed from information dated on or before each row's date"
2022-08-18,True,BUY_MUN_01,Kandla Metal Industries Pvt Ltd (SIM),BUYER,650000000.0,"credit exposure = receivable + contracted-not-invoiced not covered by an advance (desk limit definition, P04 basis, evaluated daily) vs credit_limit_inr",0.0,267217577.9796,267217577.9796,0.0,267217577.9796,267217577.9796,0.41110397,0.0,0.41110397,0.41110397,0.0,0.0,0.86863135,8.0,33.44558522,0.09236691,0.0,0.86863135,0.05907021,C,0.0,C,0.75,0.5,False,False,False,False,False,False,False,False,False,FREEZE — no increase; security for any credit balance; advance reliance capped at 0.5x limit,650000000.0,,"ACADEMIC SIMULATION — not actual trades. Scores: illustrative logistic model trained on SYNTHETIC data, computed from information dated on or before each row's date"
2022-08-18,True,BUY_RJK_01,Saurashtra Castings and Alloys Pvt Ltd (SIM),BUYER,120000000.0,"credit exposure = receivable + contracted-not-invoiced not covered by an advance (desk limit definition, P04 basis, evaluated daily) vs credit_limit_inr",89239103.0213,0.0,89239103.0213,0.0,89239103.0213,89239103.0213,0.74365919,0.74365919,0.74365919,0.74365919,0.0,0.0,0.74365919,37.0,18.26694045,0.59348589,1.82739375,2.57105294,0.42028299,D,1.0,D,0.5,0.0,False,False,False,False,False,False,False,True,False,REDUCE — cut the line to 50 %; advance or cash-against-documents only; do not lift the hedge before the advance arrives,60000000.0,,"ACADEMIC SIMULATION — not actual trades. Scores: illustrative logistic model trained on SYNTHETIC data, computed from information dated on or before each row's date"
2022-08-18,True,SUP_JEA_01,Khaleej Metal Resources FZE (SIM),SUPPLIER,47774820.0,claims/refunds owed by supplier (P3 supplier_exposure_inr) vs claims_exposure_limit_usd x usdinr,,,,,,0.0,0.0,,,,,,,,,,,,,NOT_SCORED,,NOT_SCORED,,,False,False,False,False,False,False,False,False,False,NOT_SCORED — the buyer default model does not describe supplier claims risk; limit monitored only,,,ACADEMIC SIMULATION — not actual trades
2022-08-18,True,SUP_USEC_01,Tidewater Recycling Corp (SIM),SUPPLIER,71662230.0,claims/refunds owed by supplier (P3 supplier_exposure_inr) vs claims_exposure_limit_usd x usdinr,,,,,,0.0,0.0,,,,,,,,,,,,,NOT_SCORED,,NOT_SCORED,,,False,False,False,False,False,False,False,False,False,NOT_SCORED — the buyer default model does not describe supplier claims risk; limit monitored only,,,ACADEMIC SIMULATION — not actual trades
2022-08-18,True,SUP_USEC_02,Delaware Bay Metals LLC (SIM),SUPPLIER,31849880.0,claims/refunds owed by supplier (P3 supplier_exposure_inr) vs claims_exposure_limit_usd x usdinr,,,,,,0.0,0.0,,,,,,,,,,,,,NOT_SCORED,,NOT_SCORED,,,False,False,False,False,False,False,False,False,False,NOT_SCORED — the buyer default model does not describe supplier claims risk; limit monitored only,,,ACADEMIC SIMULATION — not actual trades
2022-08-19,True,BUY_JNPT_01,Taloja Alloys and Smelters Pvt Ltd (SIM),BUYER,560000000.0,"credit exposure = receivable + contracted-not-invoiced not covered by an advance (desk limit definition, P04 basis, evaluated daily) vs credit_limit_inr",0.0,0.0,0.0,0.0,0.0,0.0,0.0,0.0,0.0,0.0,0.0,0.0,0.86129464,19.0,40.14784394,0.08582962,0.0,0.86129464,0.07821351,C,0.0,C,0.75,0.5,False,False,False,False,False,False,False,False,False,FREEZE — no increase; security for any credit balance; advance reliance capped at 0.5x limit,560000000.0,,"ACADEMIC SIMULATION — not actual trades. Scores: illustrative logistic model trained on SYNTHETIC data, computed from information dated on or before each row's date"
2022-08-19,True,BUY_MUN_01,Kandla Metal Industries Pvt Ltd (SIM),BUYER,650000000.0,"credit exposure = receivable + contracted-not-invoiced not covered by an advance (desk limit definition, P04 basis, evaluated daily) vs credit_limit_inr",0.0,266371538.7677,266371538.7677,0.0,266371538.7677,266371538.7677,0.40980237,0.0,0.40980237,0.40980237,0.0,0.0,0.86863135,8.0,33.47843943,0.09236691,0.0,0.86863135,0.05903523,C,0.0,C,0.75,0.5,False,False,False,False,False,False,False,False,False,FREEZE — no increase; security for any credit balance; advance reliance capped at 0.5x limit,650000000.0,,"ACADEMIC SIMULATION — not actual trades. Scores: illustrative logistic model trained on SYNTHETIC data, computed from information dated on or before each row's date"
2022-08-19,True,BUY_RJK_01,Saurashtra Castings and Alloys Pvt Ltd (SIM),BUYER,120000000.0,"credit exposure = receivable + contracted-not-invoiced not covered by an advance (desk limit definition, P04 basis, evaluated daily) vs credit_limit_inr",89239103.0213,0.0,89239103.0213,0.0,89239103.0213,89239103.0213,0.74365919,0.74365919,0.74365919,0.74365919,0.0,0.0,0.74365919,37.0,18.29979466,0.59348589,1.82739375,2.57105294,0.4201296,D,1.0,D,0.5,0.0,False,False,False,False,False,False,False,True,False,REDUCE — cut the line to 50 %; advance or cash-against-documents only; do not lift the hedge before the advance arrives,60000000.0,,"ACADEMIC SIMULATION — not actual trades. Scores: illustrative logistic model trained on SYNTHETIC data, computed from information dated on or before each row's date"
2022-08-19,True,SUP_JEA_01,Khaleej Metal Resources FZE (SIM),SUPPLIER,47920500.00000001,claims/refunds owed by supplier (P3 supplier_exposure_inr) vs claims_exposure_limit_usd x usdinr,,,,,,0.0,0.0,,,,,,,,,,,,,NOT_SCORED,,NOT_SCORED,,,False,False,False,False,False,False,False,False,False,NOT_SCORED — the buyer default model does not describe supplier claims risk; limit monitored only,,,ACADEMIC SIMULATION — not actual trades
2022-08-19,True,SUP_USEC_01,Tidewater Recycling Corp (SIM),SUPPLIER,71880750.0,claims/refunds owed by supplier (P3 supplier_exposure_inr) vs claims_exposure_limit_usd x usdinr,,,,,,0.0,0.0,,,,,,,,,,,,,NOT_SCORED,,NOT_SCORED,,,False,False,False,False,False,False,False,False,False,NOT_SCORED — the buyer default model does not describe supplier claims risk; limit monitored only,,,ACADEMIC SIMULATION — not actual trades
2022-08-19,True,SUP_USEC_02,Delaware Bay Metals LLC (SIM),SUPPLIER,31947000.0,claims/refunds owed by supplier (P3 supplier_exposure_inr) vs claims_exposure_limit_usd x usdinr,,,,,,0.0,0.0,,,,,,,,,,,,,NOT_SCORED,,NOT_SCORED,,,False,False,False,False,False,False,False,False,False,NOT_SCORED — the buyer default model does not describe supplier claims risk; limit monitored only,,,ACADEMIC SIMULATION — not actual trades
2022-08-22,True,BUY_JNPT_01,Taloja Alloys and Smelters Pvt Ltd (SIM),BUYER,560000000.0,"credit exposure = receivable + contracted-not-invoiced not covered by an advance (desk limit definition, P04 basis, evaluated daily) vs credit_limit_inr",0.0,0.0,0.0,0.0,0.0,0.0,0.0,0.0,0.0,0.0,0.0,0.0,0.86129464,19.0,40.24640657,0.08582962,0.0,0.86129464,0.07807744,C,0.0,C,0.75,0.5,False,False,False,False,False,False,False,False,False,FREEZE — no increase; security for any credit balance; advance reliance capped at 0.5x limit,560000000.0,,"ACADEMIC SIMULATION — not actual trades. Scores: illustrative logistic model trained on SYNTHETIC data, computed from information dated on or before each row's date"
2022-08-22,True,BUY_MUN_01,Kandla Metal Industries Pvt Ltd (SIM),BUYER,650000000.0,"credit exposure = receivable + contracted-not-invoiced not covered by an advance (desk limit definition, P04 basis, evaluated daily) vs credit_limit_inr",266516870.9156,0.0,266516870.9156,0.0,266516870.9156,266516870.9156,0.41002596,0.41002596,0.41002596,0.41002596,0.0,0.0,0.84828423,8.0,33.57700205,0.09236691,0.0,0.84828423,0.05566359,C,0.0,C,0.75,0.5,False,False,False,False,False,False,False,False,False,FREEZE — no increase; security for any credit balance; advance reliance capped at 0.5x limit,650000000.0,,"ACADEMIC SIMULATION — not actual trades. Scores: illustrative logistic model trained on SYNTHETIC data, computed from information dated on or before each row's date"
2022-08-22,True,BUY_RJK_01,Saurashtra Castings and Alloys Pvt Ltd (SIM),BUYER,120000000.0,"credit exposure = receivable + contracted-not-invoiced not covered by an advance (desk limit definition, P04 basis, evaluated daily) vs credit_limit_inr",89239103.0213,0.0,89239103.0213,0.0,89239103.0213,89239103.0213,0.74365919,0.74365919,0.74365919,0.74365919,0.0,0.0,0.74365919,37.0,18.39835729,0.59348589,1.82739375,2.57105294,0.41966951,D,1.0,D,0.5,0.0,False,False,False,False,False,False,False,True,False,REDUCE — cut the line to 50 %; advance or cash-against-documents only; do not lift the hedge before the advance arrives,60000000.0,,"ACADEMIC SIMULATION — not actual trades. Scores: illustrative logistic model trained on SYNTHETIC data, computed from information dated on or before each row's date"
2022-08-22,True,SUP_JEA_01,Khaleej Metal Resources FZE (SIM),SUPPLIER,47912100.0,claims/refunds owed by supplier (P3 supplier_exposure_inr) vs claims_exposure_limit_usd x usdinr,,,,,,0.0,0.0,,,,,,,,,,,,,NOT_SCORED,,NOT_SCORED,,,False,False,False,False,False,False,False,False,False,NOT_SCORED — the buyer default model does not describe supplier claims risk; limit monitored only,,,ACADEMIC SIMULATION — not actual trades
2022-08-22,True,SUP_USEC_01,Tidewater Recycling Corp (SIM),SUPPLIER,71868150.0,claims/refunds owed by supplier (P3 supplier_exposure_inr) vs claims_exposure_limit_usd x usdinr,,,,,,0.0,0.0,,,,,,,,,,,,,NOT_SCORED,,NOT_SCORED,,,False,False,False,False,False,False,False,False,False,NOT_SCORED — the buyer default model does not describe supplier claims risk; limit monitored only,,,ACADEMIC SIMULATION — not actual trades
2022-08-22,True,SUP_USEC_02,Delaware Bay Metals LLC (SIM),SUPPLIER,31941400.0,claims/refunds owed by supplier (P3 supplier_exposure_inr) vs claims_exposure_limit_usd x usdinr,,,,,,0.0,0.0,,,,,,,,,,,,,NOT_SCORED,,NOT_SCORED,,,False,False,False,False,False,False,False,False,False,NOT_SCORED — the buyer default model does not describe supplier claims risk; limit monitored only,,,ACADEMIC SIMULATION — not actual trades
2022-08-23,True,BUY_JNPT_01,Taloja Alloys and Smelters Pvt Ltd (SIM),BUYER,560000000.0,"credit exposure = receivable + contracted-not-invoiced not covered by an advance (desk limit definition, P04 basis, evaluated daily) vs credit_limit_inr",0.0,0.0,0.0,0.0,0.0,0.0,0.0,0.0,0.0,0.0,0.0,0.0,0.86129464,19.0,40.27926078,0.08582962,0.0,0.86129464,0.07803213,C,0.0,C,0.75,0.5,False,False,False,False,False,False,False,False,False,FREEZE — no increase; security for any credit balance; advance reliance capped at 0.5x limit,560000000.0,,"ACADEMIC SIMULATION — not actual trades. Scores: illustrative logistic model trained on SYNTHETIC data, computed from information dated on or before each row's date"
2022-08-23,True,BUY_MUN_01,Kandla Metal Industries Pvt Ltd (SIM),BUYER,650000000.0,"credit exposure = receivable + contracted-not-invoiced not covered by an advance (desk limit definition, P04 basis, evaluated daily) vs credit_limit_inr",266516870.9156,0.0,266516870.9156,0.0,266516870.9156,266516870.9156,0.41002596,0.41002596,0.41002596,0.41002596,0.0,0.0,0.8427812,8.0,33.60985626,0.09236691,0.0,0.8427812,0.05477716,C,0.0,C,0.75,0.5,False,False,False,False,False,False,False,False,False,FREEZE — no increase; security for any credit balance; advance reliance capped at 0.5x limit,650000000.0,,"ACADEMIC SIMULATION — not actual trades. Scores: illustrative logistic model trained on SYNTHETIC data, computed from information dated on or before each row's date"
2022-08-23,True,BUY_RJK_01,Saurashtra Castings and Alloys Pvt Ltd (SIM),BUYER,120000000.0,"credit exposure = receivable + contracted-not-invoiced not covered by an advance (desk limit definition, P04 basis, evaluated daily) vs credit_limit_inr",89239103.0213,0.0,89239103.0213,0.0,89239103.0213,89239103.0213,0.74365919,0.74365919,0.74365919,0.74365919,0.0,0.0,0.74365919,37.0,18.4312115,0.59348589,1.82739375,2.57105294,0.41951618,D,1.0,D,0.5,0.0,False,False,False,False,False,False,False,True,False,REDUCE — cut the line to 50 %; advance or cash-against-documents only; do not lift the hedge before the advance arrives,60000000.0,,"ACADEMIC SIMULATION — not actual trades. Scores: illustrative logistic model trained on SYNTHETIC data, computed from information dated on or before each row's date"
2022-08-23,True,SUP_JEA_01,Khaleej Metal Resources FZE (SIM),SUPPLIER,47918100.0,claims/refunds owed by supplier (P3 supplier_exposure_inr) vs claims_exposure_limit_usd x usdinr,,,,,,0.0,0.0,,,,,,,,,,,,,NOT_SCORED,,NOT_SCORED,,,False,False,False,False,False,False,False,False,False,NOT_SCORED — the buyer default model does not describe supplier claims risk; limit monitored only,,,ACADEMIC SIMULATION — not actual trades
2022-08-23,True,SUP_USEC_01,Tidewater Recycling Corp (SIM),SUPPLIER,71877150.0,claims/refunds owed by supplier (P3 supplier_exposure_inr) vs claims_exposure_limit_usd x usdinr,,,,,,0.0,0.0,,,,,,,,,,,,,NOT_SCORED,,NOT_SCORED,,,False,False,False,False,False,False,False,False,False,NOT_SCORED — the buyer default model does not describe supplier claims risk; limit monitored only,,,ACADEMIC SIMULATION — not actual trades
2022-08-23,True,SUP_USEC_02,Delaware Bay Metals LLC (SIM),SUPPLIER,31945400.0,claims/refunds owed by supplier (P3 supplier_exposure_inr) vs claims_exposure_limit_usd x usdinr,,,,,,0.0,0.0,,,,,,,,,,,,,NOT_SCORED,,NOT_SCORED,,,False,False,False,False,False,False,False,False,False,NOT_SCORED — the buyer default model does not describe supplier claims risk; limit monitored only,,,ACADEMIC SIMULATION — not actual trades
2022-08-24,True,BUY_JNPT_01,Taloja Alloys and Smelters Pvt Ltd (SIM),BUYER,560000000.0,"credit exposure = receivable + contracted-not-invoiced not covered by an advance (desk limit definition, P04 basis, evaluated daily) vs credit_limit_inr",0.0,0.0,0.0,0.0,0.0,0.0,0.0,0.0,0.0,0.0,0.0,0.0,0.86129464,19.0,40.31211499,0.08582962,0.0,0.86129464,0.07798685,C,0.0,C,0.75,0.5,False,False,False,False,False,False,False,False,False,FREEZE — no increase; security for any credit balance; advance reliance capped at 0.5x limit,560000000.0,,"ACADEMIC SIMULATION — not actual trades. Scores: illustrative logistic model trained on SYNTHETIC data, computed from information dated on or before each row's date"
2022-08-24,True,BUY_MUN_01,Kandla Metal Industries Pvt Ltd (SIM),BUYER,650000000.0,"credit exposure = receivable + contracted-not-invoiced not covered by an advance (desk limit definition, P04 basis, evaluated daily) vs credit_limit_inr",266516870.9156,0.0,266516870.9156,0.0,266516870.9156,266516870.9156,0.41002596,0.41002596,0.41002596,0.41002596,0.0,0.0,0.8427812,8.0,33.64271047,0.09236691,0.0,0.8427812,0.05474457,C,0.0,C,0.75,0.5,False,False,False,False,False,False,False,False,False,FREEZE — no increase; security for any credit balance; advance reliance capped at 0.5x limit,650000000.0,,"ACADEMIC SIMULATION — not actual trades. Scores: illustrative logistic model trained on SYNTHETIC data, computed from information dated on or before each row's date"
2022-08-24,True,BUY_RJK_01,Saurashtra Castings and Alloys Pvt Ltd (SIM),BUYER,120000000.0,"credit exposure = receivable + contracted-not-invoiced not covered by an advance (desk limit definition, P04 basis, evaluated daily) vs credit_limit_inr",89239103.0213,0.0,89239103.0213,0.0,89239103.0213,89239103.0213,0.74365919,0.74365919,0.74365919,0.74365919,0.0,0.0,0.74365919,37.0,18.46406571,0.59348589,1.82739375,2.57105294,0.41936286,D,1.0,D,0.5,0.0,False,False,False,False,False,False,False,True,False,REDUCE — cut the line to 50 %; advance or cash-against-documents only; do not lift the hedge before the advance arrives,60000000.0,,"ACADEMIC SIMULATION — not actual trades. Scores: illustrative logistic model trained on SYNTHETIC data, computed from information dated on or before each row's date"
2022-08-24,True,SUP_JEA_01,Khaleej Metal Resources FZE (SIM),SUPPLIER,47896500.0,claims/refunds owed by supplier (P3 supplier_exposure_inr) vs claims_exposure_limit_usd x usdinr,,,,,,0.0,0.0,,,,,,,,,,,,,NOT_SCORED,,NOT_SCORED,,,False,False,False,False,False,False,False,False,False,NOT_SCORED — the buyer default model does not describe supplier claims risk; limit monitored only,,,ACADEMIC SIMULATION — not actual trades
2022-08-24,True,SUP_USEC_01,Tidewater Recycling Corp (SIM),SUPPLIER,71844750.0,claims/refunds owed by supplier (P3 supplier_exposure_inr) vs claims_exposure_limit_usd x usdinr,,,,,,0.0,0.0,,,,,,,,,,,,,NOT_SCORED,,NOT_SCORED,,,False,False,False,False,False,False,False,False,False,NOT_SCORED — the buyer default model does not describe supplier claims risk; limit monitored only,,,ACADEMIC SIMULATION — not actual trades
2022-08-24,True,SUP_USEC_02,Delaware Bay Metals LLC (SIM),SUPPLIER,31931000.0,claims/refunds owed by supplier (P3 supplier_exposure_inr) vs claims_exposure_limit_usd x usdinr,,,,,,0.0,0.0,,,,,,,,,,,,,NOT_SCORED,,NOT_SCORED,,,False,False,False,False,False,False,False,False,False,NOT_SCORED — the buyer default model does not describe supplier claims risk; limit monitored only,,,ACADEMIC SIMULATION — not actual trades
2022-08-25,True,BUY_JNPT_01,Taloja Alloys and Smelters Pvt Ltd (SIM),BUYER,560000000.0,"credit exposure = receivable + contracted-not-invoiced not covered by an advance (desk limit definition, P04 basis, evaluated daily) vs credit_limit_inr",0.0,0.0,0.0,0.0,0.0,0.0,0.0,0.0,0.0,0.0,0.0,0.0,0.86129464,19.0,40.3449692,0.08582962,0.0,0.86129464,0.07794159,C,0.0,C,0.75,0.5,False,False,False,False,False,False,False,False,False,FREEZE — no increase; security for any credit balance; advance reliance capped at 0.5x limit,560000000.0,,"ACADEMIC SIMULATION — not actual trades. Scores: illustrative logistic model trained on SYNTHETIC data, computed from information dated on or before each row's date"
2022-08-25,True,BUY_MUN_01,Kandla Metal Industries Pvt Ltd (SIM),BUYER,650000000.0,"credit exposure = receivable + contracted-not-invoiced not covered by an advance (desk limit definition, P04 basis, evaluated daily) vs credit_limit_inr",266516870.9156,0.0,266516870.9156,0.0,266516870.9156,266516870.9156,0.41002596,0.41002596,0.41002596,0.41002596,0.0,0.0,0.8427812,8.0,33.67556468,0.09236691,0.0,0.8427812,0.054712,C,0.0,C,0.75,0.5,False,False,False,False,False,False,False,False,False,FREEZE — no increase; security for any credit balance; advance reliance capped at 0.5x limit,650000000.0,,"ACADEMIC SIMULATION — not actual trades. Scores: illustrative logistic model trained on SYNTHETIC data, computed from information dated on or before each row's date"
2022-08-25,True,BUY_RJK_01,Saurashtra Castings and Alloys Pvt Ltd (SIM),BUYER,120000000.0,"credit exposure = receivable + contracted-not-invoiced not covered by an advance (desk limit definition, P04 basis, evaluated daily) vs credit_limit_inr",89239103.0213,0.0,89239103.0213,0.0,89239103.0213,89239103.0213,0.74365919,0.74365919,0.74365919,0.74365919,0.0,0.0,0.74365919,37.0,18.49691992,0.59348589,1.82739375,2.57105294,0.41920956,D,1.0,D,0.5,0.0,False,False,False,False,False,False,False,True,False,REDUCE — cut the line to 50 %; advance or cash-against-documents only; do not lift the hedge before the advance arrives,60000000.0,,"ACADEMIC SIMULATION — not actual trades. Scores: illustrative logistic model trained on SYNTHETIC data, computed from information dated on or before each row's date"
2022-08-25,True,SUP_JEA_01,Khaleej Metal Resources FZE (SIM),SUPPLIER,47937120.0,claims/refunds owed by supplier (P3 supplier_exposure_inr) vs claims_exposure_limit_usd x usdinr,,,,,,0.0,0.0,,,,,,,,,,,,,NOT_SCORED,,NOT_SCORED,,,False,False,False,False,False,False,False,False,False,NOT_SCORED — the buyer default model does not describe supplier claims risk; limit monitored only,,,ACADEMIC SIMULATION — not actual trades
2022-08-25,True,SUP_USEC_01,Tidewater Recycling Corp (SIM),SUPPLIER,71905680.0,claims/refunds owed by supplier (P3 supplier_exposure_inr) vs claims_exposure_limit_usd x usdinr,,,,,,0.0,0.0,,,,,,,,,,,,,NOT_SCORED,,NOT_SCORED,,,False,False,False,False,False,False,False,False,False,NOT_SCORED — the buyer default model does not describe supplier claims risk; limit monitored only,,,ACADEMIC SIMULATION — not actual trades
2022-08-25,True,SUP_USEC_02,Delaware Bay Metals LLC (SIM),SUPPLIER,31958080.0,claims/refunds owed by supplier (P3 supplier_exposure_inr) vs claims_exposure_limit_usd x usdinr,,,,,,0.0,0.0,,,,,,,,,,,,,NOT_SCORED,,NOT_SCORED,,,False,False,False,False,False,False,False,False,False,NOT_SCORED — the buyer default model does not describe supplier claims risk; limit monitored only,,,ACADEMIC SIMULATION — not actual trades
2022-08-26,True,BUY_JNPT_01,Taloja Alloys and Smelters Pvt Ltd (SIM),BUYER,560000000.0,"credit exposure = receivable + contracted-not-invoiced not covered by an advance (desk limit definition, P04 basis, evaluated daily) vs credit_limit_inr",0.0,202200000.0,202200000.0,50550000.0,151650000.0,151650000.0,0.27080357,0.0,0.36107143,0.27080357,0.09026786,0.0,0.86129464,19.0,40.37782341,0.10939606,0.09026786,0.86129464,0.08237547,C,0.0,C,0.75,0.5,False,False,False,False,False,False,False,False,False,FREEZE — no increase; security for any credit balance; advance reliance capped at 0.5x limit,560000000.0,"SALE_CONTRACTED T09-S1 invoice ₹202.2m (advance ₹50.5m, credit ₹151.7m; P04 utilisation after 27.1%)","ACADEMIC SIMULATION — not actual trades. Scores: illustrative logistic model trained on SYNTHETIC data, computed from information dated on or before each row's date"
2022-08-26,True,BUY_MUN_01,Kandla Metal Industries Pvt Ltd (SIM),BUYER,650000000.0,"credit exposure = receivable + contracted-not-invoiced not covered by an advance (desk limit definition, P04 basis, evaluated daily) vs credit_limit_inr",266516870.9156,0.0,266516870.9156,0.0,266516870.9156,266516870.9156,0.41002596,0.41002596,0.41002596,0.41002596,0.0,0.0,0.8427812,8.0,33.70841889,0.09236691,0.0,0.8427812,0.05467945,C,0.0,C,0.75,0.5,False,False,False,False,False,False,False,False,False,FREEZE — no increase; security for any credit balance; advance reliance capped at 0.5x limit,650000000.0,,"ACADEMIC SIMULATION — not actual trades. Scores: illustrative logistic model trained on SYNTHETIC data, computed from information dated on or before each row's date"
2022-08-26,True,BUY_RJK_01,Saurashtra Castings and Alloys Pvt Ltd (SIM),BUYER,120000000.0,"credit exposure = receivable + contracted-not-invoiced not covered by an advance (desk limit definition, P04 basis, evaluated daily) vs credit_limit_inr",89239103.0213,0.0,89239103.0213,0.0,89239103.0213,89239103.0213,0.74365919,0.74365919,0.74365919,0.74365919,0.0,0.0,0.74365919,37.0,18.52977413,0.59348589,1.82739375,2.57105294,0.41905628,D,1.0,D,0.5,0.0,False,False,False,False,False,False,False,True,False,REDUCE — cut the line to 50 %; advance or cash-against-documents only; do not lift the hedge before the advance arrives,60000000.0,,"ACADEMIC SIMULATION — not actual trades. Scores: illustrative logistic model trained on SYNTHETIC data, computed from information dated on or before each row's date"
2022-08-26,True,SUP_JEA_01,Khaleej Metal Resources FZE (SIM),SUPPLIER,47907960.0,claims/refunds owed by supplier (P3 supplier_exposure_inr) vs claims_exposure_limit_usd x usdinr,,,,,,0.0,0.0,,,,,,,,,,,,,NOT_SCORED,,NOT_SCORED,,,False,False,False,False,False,False,False,False,False,NOT_SCORED — the buyer default model does not describe supplier claims risk; limit monitored only,,,ACADEMIC SIMULATION — not actual trades
2022-08-26,True,SUP_USEC_01,Tidewater Recycling Corp (SIM),SUPPLIER,71861940.0,claims/refunds owed by supplier (P3 supplier_exposure_inr) vs claims_exposure_limit_usd x usdinr,,,,,,0.0,0.0,,,,,,,,,,,,,NOT_SCORED,,NOT_SCORED,,,False,False,False,False,False,False,False,False,False,NOT_SCORED — the buyer default model does not describe supplier claims risk; limit monitored only,,,ACADEMIC SIMULATION — not actual trades
2022-08-26,True,SUP_USEC_02,Delaware Bay Metals LLC (SIM),SUPPLIER,31938640.0,claims/refunds owed by supplier (P3 supplier_exposure_inr) vs claims_exposure_limit_usd x usdinr,,,,,,0.0,0.0,,,,,,,,,,,,,NOT_SCORED,,NOT_SCORED,,,False,False,False,False,False,False,False,False,False,NOT_SCORED — the buyer default model does not describe supplier claims risk; limit monitored only,,,ACADEMIC SIMULATION — not actual trades
2022-08-30,True,BUY_JNPT_01,Taloja Alloys and Smelters Pvt Ltd (SIM),BUYER,560000000.0,"credit exposure = receivable + contracted-not-invoiced not covered by an advance (desk limit definition, P04 basis, evaluated daily) vs credit_limit_inr",151650000.0,50550000.0,202200000.0,50550000.0,151650000.0,151650000.0,0.27080357,0.27080357,0.36107143,0.27080357,0.09026786,0.0,0.86129464,19.0,40.50924025,0.10939606,0.09026786,0.86129464,0.0821853,C,0.0,C,0.75,0.5,False,False,False,False,False,False,False,False,False,FREEZE — no increase; security for any credit balance; advance reliance capped at 0.5x limit,560000000.0,,"ACADEMIC SIMULATION — not actual trades. Scores: illustrative logistic model trained on SYNTHETIC data, computed from information dated on or before each row's date"
2022-08-30,True,BUY_MUN_01,Kandla Metal Industries Pvt Ltd (SIM),BUYER,650000000.0,"credit exposure = receivable + contracted-not-invoiced not covered by an advance (desk limit definition, P04 basis, evaluated daily) vs credit_limit_inr",266516870.9156,0.0,266516870.9156,0.0,266516870.9156,266516870.9156,0.41002596,0.41002596,0.41002596,0.41002596,0.0,0.0,0.81902855,8.0,33.83983573,0.09236691,0.0,0.81902855,0.05101972,C,0.0,C,0.75,0.5,False,False,False,False,False,False,False,False,False,FREEZE — no increase; security for any credit balance; advance reliance capped at 0.5x limit,650000000.0,,"ACADEMIC SIMULATION — not actual trades. Scores: illustrative logistic model trained on SYNTHETIC data, computed from information dated on or before each row's date"
2022-08-30,True,BUY_RJK_01,Saurashtra Castings and Alloys Pvt Ltd (SIM),BUYER,120000000.0,"credit exposure = receivable + contracted-not-invoiced not covered by an advance (desk limit definition, P04 basis, evaluated daily) vs credit_limit_inr",89239103.0213,0.0,89239103.0213,0.0,89239103.0213,89239103.0213,0.74365919,0.74365919,0.74365919,0.74365919,0.0,0.0,0.74365919,37.0,18.66119097,0.59348589,1.82739375,2.57105294,0.41844329,D,1.0,D,0.5,0.0,False,False,False,False,False,False,False,True,False,REDUCE — cut the line to 50 %; advance or cash-against-documents only; do not lift the hedge before the advance arrives,60000000.0,,"ACADEMIC SIMULATION — not actual trades. Scores: illustrative logistic model trained on SYNTHETIC data, computed from information dated on or before each row's date"
2022-08-30,True,SUP_JEA_01,Khaleej Metal Resources FZE (SIM),SUPPLIER,47719260.0,claims/refunds owed by supplier (P3 supplier_exposure_inr) vs claims_exposure_limit_usd x usdinr,,,,,,0.0,0.0,,,,,,,,,,,,,NOT_SCORED,,NOT_SCORED,,,False,False,False,False,False,False,False,False,False,NOT_SCORED — the buyer default model does not describe supplier claims risk; limit monitored only,,,ACADEMIC SIMULATION — not actual trades
2022-08-30,True,SUP_USEC_01,Tidewater Recycling Corp (SIM),SUPPLIER,71578890.0,claims/refunds owed by supplier (P3 supplier_exposure_inr) vs claims_exposure_limit_usd x usdinr,,,,,,0.0,0.0,,,,,,,,,,,,,NOT_SCORED,,NOT_SCORED,,,False,False,False,False,False,False,False,False,False,NOT_SCORED — the buyer default model does not describe supplier claims risk; limit monitored only,,,ACADEMIC SIMULATION — not actual trades
2022-08-30,True,SUP_USEC_02,Delaware Bay Metals LLC (SIM),SUPPLIER,31812840.0,claims/refunds owed by supplier (P3 supplier_exposure_inr) vs claims_exposure_limit_usd x usdinr,,,,,,0.0,0.0,,,,,,,,,,,,,NOT_SCORED,,NOT_SCORED,,,False,False,False,False,False,False,False,False,False,NOT_SCORED — the buyer default model does not describe supplier claims risk; limit monitored only,,,ACADEMIC SIMULATION — not actual trades
2022-08-31,True,BUY_JNPT_01,Taloja Alloys and Smelters Pvt Ltd (SIM),BUYER,560000000.0,"credit exposure = receivable + contracted-not-invoiced not covered by an advance (desk limit definition, P04 basis, evaluated daily) vs credit_limit_inr",151650000.0,0.0,151650000.0,0.0,151650000.0,151650000.0,0.27080357,0.27080357,0.27080357,0.27080357,0.0,0.0,0.86129464,19.0,40.54209446,0.10939606,0.09026786,0.86129464,0.08213782,C,0.0,C,0.75,0.5,False,False,False,False,False,False,False,False,False,FREEZE — no increase; security for any credit balance; advance reliance capped at 0.5x limit,560000000.0,ADVANCE_RECEIVED T09-S1 ₹50.5m,"ACADEMIC SIMULATION — not actual trades. Scores: illustrative logistic model trained on SYNTHETIC data, computed from information dated on or before each row's date"
2022-08-31,True,BUY_MUN_01,Kandla Metal Industries Pvt Ltd (SIM),BUYER,650000000.0,"credit exposure = receivable + contracted-not-invoiced not covered by an advance (desk limit definition, P04 basis, evaluated daily) vs credit_limit_inr",266516870.9156,0.0,266516870.9156,0.0,266516870.9156,266516870.9156,0.41002596,0.41002596,0.41002596,0.41002596,0.0,0.0,0.81902855,8.0,33.87268994,0.09236691,0.0,0.81902855,0.05098924,C,0.0,C,0.75,0.5,False,False,False,False,False,False,False,False,False,FREEZE — no increase; security for any credit balance; advance reliance capped at 0.5x limit,650000000.0,,"ACADEMIC SIMULATION — not actual trades. Scores: illustrative logistic model trained on SYNTHETIC data, computed from information dated on or before each row's date"
2022-08-31,True,BUY_RJK_01,Saurashtra Castings and Alloys Pvt Ltd (SIM),BUYER,120000000.0,"credit exposure = receivable + contracted-not-invoiced not covered by an advance (desk limit definition, P04 basis, evaluated daily) vs credit_limit_inr",89239103.0213,0.0,89239103.0213,0.0,89239103.0213,89239103.0213,0.74365919,0.74365919,0.74365919,0.74365919,0.0,0.0,0.74365919,37.0,18.69404517,0.59348589,1.82739375,2.57105294,0.41829009,D,1.0,D,0.5,0.0,False,False,False,False,False,False,False,True,False,REDUCE — cut the line to 50 %; advance or cash-against-documents only; do not lift the hedge before the advance arrives,60000000.0,,"ACADEMIC SIMULATION — not actual trades. Scores: illustrative logistic model trained on SYNTHETIC data, computed from information dated on or before each row's date"
2022-08-31,True,SUP_JEA_01,Khaleej Metal Resources FZE (SIM),SUPPLIER,47727900.0,claims/refunds owed by supplier (P3 supplier_exposure_inr) vs claims_exposure_limit_usd x usdinr,,,,,,0.0,0.0,,,,,,,,,,,,,NOT_SCORED,,NOT_SCORED,,,False,False,False,False,False,False,False,False,False,NOT_SCORED — the buyer default model does not describe supplier claims risk; limit monitored only,,,ACADEMIC SIMULATION — not actual trades
2022-08-31,True,SUP_USEC_01,Tidewater Recycling Corp (SIM),SUPPLIER,71591850.0,claims/refunds owed by supplier (P3 supplier_exposure_inr) vs claims_exposure_limit_usd x usdinr,,,,,,0.0,0.0,,,,,,,,,,,,,NOT_SCORED,,NOT_SCORED,,,False,False,False,False,False,False,False,False,False,NOT_SCORED — the buyer default model does not describe supplier claims risk; limit monitored only,,,ACADEMIC SIMULATION — not actual trades
2022-08-31,True,SUP_USEC_02,Delaware Bay Metals LLC (SIM),SUPPLIER,31818600.0,claims/refunds owed by supplier (P3 supplier_exposure_inr) vs claims_exposure_limit_usd x usdinr,,,,,,0.0,0.0,,,,,,,,,,,,,NOT_SCORED,,NOT_SCORED,,,False,False,False,False,False,False,False,False,False,NOT_SCORED — the buyer default model does not describe supplier claims risk; limit monitored only,,,ACADEMIC SIMULATION — not actual trades
2022-09-01,False,BUY_JNPT_01,Taloja Alloys and Smelters Pvt Ltd (SIM),BUYER,560000000.0,"credit exposure = receivable + contracted-not-invoiced not covered by an advance (desk limit definition, P04 basis, evaluated daily) vs credit_limit_inr",151650000.0,0.0,151650000.0,0.0,151650000.0,151650000.0,0.27080357,0.27080357,0.27080357,0.27080357,0.0,0.0,0.86129464,19.0,40.57494867,0.10939606,0.09026786,0.86129464,0.08209036,C,0.0,C,0.75,0.5,False,False,False,False,False,False,False,False,False,FREEZE — no increase; security for any credit balance; advance reliance capped at 0.5x limit,560000000.0,,"ACADEMIC SIMULATION — not actual trades. Scores: illustrative logistic model trained on SYNTHETIC data, computed from information dated on or before each row's date"
2022-09-01,False,BUY_MUN_01,Kandla Metal Industries Pvt Ltd (SIM),BUYER,650000000.0,"credit exposure = receivable + contracted-not-invoiced not covered by an advance (desk limit definition, P04 basis, evaluated daily) vs credit_limit_inr",266516870.9156,0.0,266516870.9156,0.0,266516870.9156,266516870.9156,0.41002596,0.41002596,0.41002596,0.41002596,0.0,0.0,0.81902855,8.0,33.90554415,0.09236691,0.0,0.81902855,0.05095878,C,0.0,C,0.75,0.5,False,False,False,False,False,False,False,False,False,FREEZE — no increase; security for any credit balance; advance reliance capped at 0.5x limit,650000000.0,,"ACADEMIC SIMULATION — not actual trades. Scores: illustrative logistic model trained on SYNTHETIC data, computed from information dated on or before each row's date"
2022-09-01,False,BUY_RJK_01,Saurashtra Castings and Alloys Pvt Ltd (SIM),BUYER,120000000.0,"credit exposure = receivable + contracted-not-invoiced not covered by an advance (desk limit definition, P04 basis, evaluated daily) vs credit_limit_inr",89239103.0213,0.0,89239103.0213,0.0,89239103.0213,89239103.0213,0.74365919,0.74365919,0.74365919,0.74365919,0.0,0.0,0.74365919,37.0,18.72689938,0.59348589,1.82739375,2.57105294,0.41813689,D,1.0,D,0.5,0.0,False,False,False,False,False,False,False,True,False,REDUCE — cut the line to 50 %; advance or cash-against-documents only; do not lift the hedge before the advance arrives,60000000.0,,"ACADEMIC SIMULATION — not actual trades. Scores: illustrative logistic model trained on SYNTHETIC data, computed from information dated on or before each row's date"
2022-09-01,False,SUP_JEA_01,Khaleej Metal Resources FZE (SIM),SUPPLIER,47752620.0,claims/refunds owed by supplier (P3 supplier_exposure_inr) vs claims_exposure_limit_usd x usdinr,,,,,,0.0,0.0,,,,,,,,,,,,,NOT_SCORED,,NOT_SCORED,,,False,False,False,False,False,False,False,False,False,NOT_SCORED — the buyer default model does not describe supplier claims risk; limit monitored only,,,ACADEMIC SIMULATION — not actual trades
2022-09-01,False,SUP_USEC_01,Tidewater Recycling Corp (SIM),SUPPLIER,71628930.0,claims/refunds owed by supplier (P3 supplier_exposure_inr) vs claims_exposure_limit_usd x usdinr,,,,,,0.0,0.0,,,,,,,,,,,,,NOT_SCORED,,NOT_SCORED,,,False,False,False,False,False,False,False,False,False,NOT_SCORED — the buyer default model does not describe supplier claims risk; limit monitored only,,,ACADEMIC SIMULATION — not actual trades
2022-09-01,False,SUP_USEC_02,Delaware Bay Metals LLC (SIM),SUPPLIER,31835080.0,claims/refunds owed by supplier (P3 supplier_exposure_inr) vs claims_exposure_limit_usd x usdinr,,,,,,0.0,0.0,,,,,,,,,,,,,NOT_SCORED,,NOT_SCORED,,,False,False,False,False,False,False,False,False,False,NOT_SCORED — the buyer default model does not describe supplier claims risk; limit monitored only,,,ACADEMIC SIMULATION — not actual trades
2022-09-02,False,BUY_JNPT_01,Taloja Alloys and Smelters Pvt Ltd (SIM),BUYER,560000000.0,"credit exposure = receivable + contracted-not-invoiced not covered by an advance (desk limit definition, P04 basis, evaluated daily) vs credit_limit_inr",151650000.0,0.0,151650000.0,0.0,151650000.0,151650000.0,0.27080357,0.27080357,0.27080357,0.27080357,0.0,0.0,0.86129464,19.0,40.60780287,0.10939606,0.09026786,0.86129464,0.08204294,C,0.0,C,0.75,0.5,False,False,False,False,False,False,False,False,False,FREEZE — no increase; security for any credit balance; advance reliance capped at 0.5x limit,560000000.0,,"ACADEMIC SIMULATION — not actual trades. Scores: illustrative logistic model trained on SYNTHETIC data, computed from information dated on or before each row's date"
2022-09-02,False,BUY_MUN_01,Kandla Metal Industries Pvt Ltd (SIM),BUYER,650000000.0,"credit exposure = receivable + contracted-not-invoiced not covered by an advance (desk limit definition, P04 basis, evaluated daily) vs credit_limit_inr",266516870.9156,0.0,266516870.9156,0.0,266516870.9156,266516870.9156,0.41002596,0.41002596,0.41002596,0.41002596,0.0,0.0,0.81902855,8.0,33.93839836,0.09236691,0.0,0.81902855,0.05092834,C,0.0,C,0.75,0.5,False,False,False,False,False,False,False,False,False,FREEZE — no increase; security for any credit balance; advance reliance capped at 0.5x limit,650000000.0,,"ACADEMIC SIMULATION — not actual trades. Scores: illustrative logistic model trained on SYNTHETIC data, computed from information dated on or before each row's date"
2022-09-02,False,BUY_RJK_01,Saurashtra Castings and Alloys Pvt Ltd (SIM),BUYER,120000000.0,"credit exposure = receivable + contracted-not-invoiced not covered by an advance (desk limit definition, P04 basis, evaluated daily) vs credit_limit_inr",89239103.0213,0.0,89239103.0213,0.0,89239103.0213,89239103.0213,0.74365919,0.74365919,0.74365919,0.74365919,0.0,0.0,0.74365919,37.0,18.75975359,0.59348589,1.82739375,2.57105294,0.41798372,D,1.0,D,0.5,0.0,False,False,False,False,False,False,False,True,False,REDUCE — cut the line to 50 %; advance or cash-against-documents only; do not lift the hedge before the advance arrives,60000000.0,,"ACADEMIC SIMULATION — not actual trades. Scores: illustrative logistic model trained on SYNTHETIC data, computed from information dated on or before each row's date"
2022-09-02,False,SUP_JEA_01,Khaleej Metal Resources FZE (SIM),SUPPLIER,47919300.0,claims/refunds owed by supplier (P3 supplier_exposure_inr) vs claims_exposure_limit_usd x usdinr,,,,,,0.0,0.0,,,,,,,,,,,,,NOT_SCORED,,NOT_SCORED,,,False,False,False,False,False,False,False,False,False,NOT_SCORED — the buyer default model does not describe supplier claims risk; limit monitored only,,,ACADEMIC SIMULATION — not actual trades
2022-09-02,False,SUP_USEC_01,Tidewater Recycling Corp (SIM),SUPPLIER,71878950.0,claims/refunds owed by supplier (P3 supplier_exposure_inr) vs claims_exposure_limit_usd x usdinr,,,,,,0.0,0.0,,,,,,,,,,,,,NOT_SCORED,,NOT_SCORED,,,False,False,False,False,False,False,False,False,False,NOT_SCORED — the buyer default model does not describe supplier claims risk; limit monitored only,,,ACADEMIC SIMULATION — not actual trades
2022-09-02,False,SUP_USEC_02,Delaware Bay Metals LLC (SIM),SUPPLIER,31946200.0,claims/refunds owed by supplier (P3 supplier_exposure_inr) vs claims_exposure_limit_usd x usdinr,,,,,,0.0,0.0,,,,,,,,,,,,,NOT_SCORED,,NOT_SCORED,,,False,False,False,False,False,False,False,False,False,NOT_SCORED — the buyer default model does not describe supplier claims risk; limit monitored only,,,ACADEMIC SIMULATION — not actual trades
2022-09-05,False,BUY_JNPT_01,Taloja Alloys and Smelters Pvt Ltd (SIM),BUYER,560000000.0,"credit exposure = receivable + contracted-not-invoiced not covered by an advance (desk limit definition, P04 basis, evaluated daily) vs credit_limit_inr",151650000.0,0.0,151650000.0,0.0,151650000.0,151650000.0,0.27080357,0.27080357,0.27080357,0.27080357,0.0,0.0,0.86129464,19.0,40.7063655,0.10939606,0.09026786,0.86129464,0.0819008,C,0.0,C,0.75,0.5,False,False,False,False,False,False,False,False,False,FREEZE — no increase; security for any credit balance; advance reliance capped at 0.5x limit,560000000.0,,"ACADEMIC SIMULATION — not actual trades. Scores: illustrative logistic model trained on SYNTHETIC data, computed from information dated on or before each row's date"
2022-09-05,False,BUY_MUN_01,Kandla Metal Industries Pvt Ltd (SIM),BUYER,650000000.0,"credit exposure = receivable + contracted-not-invoiced not covered by an advance (desk limit definition, P04 basis, evaluated daily) vs credit_limit_inr",266516870.9156,0.0,266516870.9156,0.0,266516870.9156,266516870.9156,0.41002596,0.41002596,0.41002596,0.41002596,0.0,0.0,0.81902855,8.0,34.03696099,0.09236691,0.0,0.81902855,0.05083712,C,0.0,C,0.75,0.5,False,False,False,False,False,False,False,False,False,FREEZE — no increase; security for any credit balance; advance reliance capped at 0.5x limit,650000000.0,,"ACADEMIC SIMULATION — not actual trades. Scores: illustrative logistic model trained on SYNTHETIC data, computed from information dated on or before each row's date"
2022-09-05,False,BUY_RJK_01,Saurashtra Castings and Alloys Pvt Ltd (SIM),BUYER,120000000.0,"credit exposure = receivable + contracted-not-invoiced not covered by an advance (desk limit definition, P04 basis, evaluated daily) vs credit_limit_inr",89239103.0213,0.0,89239103.0213,0.0,89239103.0213,89239103.0213,0.74365919,0.74365919,0.74365919,0.74365919,0.0,0.0,0.74365919,37.0,18.85831622,0.59348589,1.82739375,2.57105294,0.41752429,D,1.0,D,0.5,0.0,False,False,False,False,False,False,False,True,False,REDUCE — cut the line to 50 %; advance or cash-against-documents only; do not lift the hedge before the advance arrives,60000000.0,,"ACADEMIC SIMULATION — not actual trades. Scores: illustrative logistic model trained on SYNTHETIC data, computed from information dated on or before each row's date"
2022-09-05,False,SUP_JEA_01,Khaleej Metal Resources FZE (SIM),SUPPLIER,47923320.00000001,claims/refunds owed by supplier (P3 supplier_exposure_inr) vs claims_exposure_limit_usd x usdinr,,,,,,0.0,0.0,,,,,,,,,,,,,NOT_SCORED,,NOT_SCORED,,,False,False,False,False,False,False,False,False,False,NOT_SCORED — the buyer default model does not describe supplier claims risk; limit monitored only,,,ACADEMIC SIMULATION — not actual trades
2022-09-05,False,SUP_USEC_01,Tidewater Recycling Corp (SIM),SUPPLIER,71884980.0,claims/refunds owed by supplier (P3 supplier_exposure_inr) vs claims_exposure_limit_usd x usdinr,,,,,,0.0,0.0,,,,,,,,,,,,,NOT_SCORED,,NOT_SCORED,,,False,False,False,False,False,False,False,False,False,NOT_SCORED — the buyer default model does not describe supplier claims risk; limit monitored only,,,ACADEMIC SIMULATION — not actual trades
2022-09-05,False,SUP_USEC_02,Delaware Bay Metals LLC (SIM),SUPPLIER,31948880.0,claims/refunds owed by supplier (P3 supplier_exposure_inr) vs claims_exposure_limit_usd x usdinr,,,,,,0.0,0.0,,,,,,,,,,,,,NOT_SCORED,,NOT_SCORED,,,False,False,False,False,False,False,False,False,False,NOT_SCORED — the buyer default model does not describe supplier claims risk; limit monitored only,,,ACADEMIC SIMULATION — not actual trades
2022-09-06,False,BUY_JNPT_01,Taloja Alloys and Smelters Pvt Ltd (SIM),BUYER,560000000.0,"credit exposure = receivable + contracted-not-invoiced not covered by an advance (desk limit definition, P04 basis, evaluated daily) vs credit_limit_inr",151650000.0,0.0,151650000.0,0.0,151650000.0,151650000.0,0.27080357,0.27080357,0.27080357,0.27080357,0.0,0.0,0.43004464,19.0,40.73921971,0.10939606,0.09026786,0.43004464,0.02413604,B,0.0,B,0.9,1.0,False,False,False,False,False,False,False,False,False,MAINTAIN — watch utilisation; no increase without a clean review,560000000.0,,"ACADEMIC SIMULATION — not actual trades. Scores: illustrative logistic model trained on SYNTHETIC data, computed from information dated on or before each row's date"
2022-09-06,False,BUY_MUN_01,Kandla Metal Industries Pvt Ltd (SIM),BUYER,650000000.0,"credit exposure = receivable + contracted-not-invoiced not covered by an advance (desk limit definition, P04 basis, evaluated daily) vs credit_limit_inr",266516870.9156,0.0,266516870.9156,0.0,266516870.9156,266516870.9156,0.41002596,0.41002596,0.41002596,0.41002596,0.0,0.0,0.81902855,8.0,34.0698152,0.09236691,0.0,0.81902855,0.05080675,C,0.0,C,0.75,0.5,False,False,False,False,False,False,False,False,False,FREEZE — no increase; security for any credit balance; advance reliance capped at 0.5x limit,650000000.0,,"ACADEMIC SIMULATION — not actual trades. Scores: illustrative logistic model trained on SYNTHETIC data, computed from information dated on or before each row's date"
2022-09-06,False,BUY_RJK_01,Saurashtra Castings and Alloys Pvt Ltd (SIM),BUYER,120000000.0,"credit exposure = receivable + contracted-not-invoiced not covered by an advance (desk limit definition, P04 basis, evaluated daily) vs credit_limit_inr",89239103.0213,0.0,89239103.0213,0.0,89239103.0213,89239103.0213,0.74365919,0.74365919,0.74365919,0.74365919,0.0,0.0,0.74365919,37.0,18.89117043,0.59348589,1.82739375,2.57105294,0.41737118,D,1.0,D,0.5,0.0,False,False,False,False,False,False,False,True,False,REDUCE — cut the line to 50 %; advance or cash-against-documents only; do not lift the hedge before the advance arrives,60000000.0,,"ACADEMIC SIMULATION — not actual trades. Scores: illustrative logistic model trained on SYNTHETIC data, computed from information dated on or before each row's date"
2022-09-06,False,SUP_JEA_01,Khaleej Metal Resources FZE (SIM),SUPPLIER,47883060.0,claims/refunds owed by supplier (P3 supplier_exposure_inr) vs claims_exposure_limit_usd x usdinr,,,,,,0.0,0.0,,,,,,,,,,,,,NOT_SCORED,,NOT_SCORED,,,False,False,False,False,False,False,False,False,False,NOT_SCORED — the buyer default model does not describe supplier claims risk; limit monitored only,,,ACADEMIC SIMULATION — not actual trades
2022-09-06,False,SUP_USEC_01,Tidewater Recycling Corp (SIM),SUPPLIER,71824590.0,claims/refunds owed by supplier (P3 supplier_exposure_inr) vs claims_exposure_limit_usd x usdinr,,,,,,0.0,0.0,,,,,,,,,,,,,NOT_SCORED,,NOT_SCORED,,,False,False,False,False,False,False,False,False,False,NOT_SCORED — the buyer default model does not describe supplier claims risk; limit monitored only,,,ACADEMIC SIMULATION — not actual trades
2022-09-06,False,SUP_USEC_02,Delaware Bay Metals LLC (SIM),SUPPLIER,31922040.0,claims/refunds owed by supplier (P3 supplier_exposure_inr) vs claims_exposure_limit_usd x usdinr,,,,,,0.0,0.0,,,,,,,,,,,,,NOT_SCORED,,NOT_SCORED,,,False,False,False,False,False,False,False,False,False,NOT_SCORED — the buyer default model does not describe supplier claims risk; limit monitored only,,,ACADEMIC SIMULATION — not actual trades
2022-09-07,False,BUY_JNPT_01,Taloja Alloys and Smelters Pvt Ltd (SIM),BUYER,560000000.0,"credit exposure = receivable + contracted-not-invoiced not covered by an advance (desk limit definition, P04 basis, evaluated daily) vs credit_limit_inr",151650000.0,0.0,151650000.0,0.0,151650000.0,151650000.0,0.27080357,0.27080357,0.27080357,0.27080357,0.0,0.0,0.43004464,19.0,40.77207392,0.10939606,0.09026786,0.43004464,0.02412121,B,0.0,B,0.9,1.0,False,False,False,False,False,False,False,False,False,MAINTAIN — watch utilisation; no increase without a clean review,560000000.0,,"ACADEMIC SIMULATION — not actual trades. Scores: illustrative logistic model trained on SYNTHETIC data, computed from information dated on or before each row's date"
2022-09-07,False,BUY_MUN_01,Kandla Metal Industries Pvt Ltd (SIM),BUYER,650000000.0,"credit exposure = receivable + contracted-not-invoiced not covered by an advance (desk limit definition, P04 basis, evaluated daily) vs credit_limit_inr",266516870.9156,0.0,266516870.9156,0.0,266516870.9156,266516870.9156,0.41002596,0.41002596,0.41002596,0.41002596,0.0,0.0,0.81634532,8.0,34.1026694,0.09236691,0.0,0.81634532,0.05039326,C,0.0,C,0.75,0.5,False,False,False,False,False,False,False,False,False,FREEZE — no increase; security for any credit balance; advance reliance capped at 0.5x limit,650000000.0,,"ACADEMIC SIMULATION — not actual trades. Scores: illustrative logistic model trained on SYNTHETIC data, computed from information dated on or before each row's date"
2022-09-07,False,BUY_RJK_01,Saurashtra Castings and Alloys Pvt Ltd (SIM),BUYER,120000000.0,"credit exposure = receivable + contracted-not-invoiced not covered by an advance (desk limit definition, P04 basis, evaluated daily) vs credit_limit_inr",89239103.0213,0.0,89239103.0213,0.0,89239103.0213,89239103.0213,0.74365919,0.74365919,0.74365919,0.74365919,0.0,0.0,0.74365919,37.0,18.92402464,0.59348589,1.82739375,2.57105294,0.41721808,D,1.0,D,0.5,0.0,False,False,False,False,False,False,False,True,False,REDUCE — cut the line to 50 %; advance or cash-against-documents only; do not lift the hedge before the advance arrives,60000000.0,,"ACADEMIC SIMULATION — not actual trades. Scores: illustrative logistic model trained on SYNTHETIC data, computed from information dated on or before each row's date"
2022-09-07,False,SUP_JEA_01,Khaleej Metal Resources FZE (SIM),SUPPLIER,47968440.0,claims/refunds owed by supplier (P3 supplier_exposure_inr) vs claims_exposure_limit_usd x usdinr,,,,,,0.0,0.0,,,,,,,,,,,,,NOT_SCORED,,NOT_SCORED,,,False,False,False,False,False,False,False,False,False,NOT_SCORED — the buyer default model does not describe supplier claims risk; limit monitored only,,,ACADEMIC SIMULATION — not actual trades
2022-09-07,False,SUP_USEC_01,Tidewater Recycling Corp (SIM),SUPPLIER,71952660.0,claims/refunds owed by supplier (P3 supplier_exposure_inr) vs claims_exposure_limit_usd x usdinr,,,,,,0.0,0.0,,,,,,,,,,,,,NOT_SCORED,,NOT_SCORED,,,False,False,False,False,False,False,False,False,False,NOT_SCORED — the buyer default model does not describe supplier claims risk; limit monitored only,,,ACADEMIC SIMULATION — not actual trades
2022-09-07,False,SUP_USEC_02,Delaware Bay Metals LLC (SIM),SUPPLIER,31978960.0,claims/refunds owed by supplier (P3 supplier_exposure_inr) vs claims_exposure_limit_usd x usdinr,,,,,,0.0,0.0,,,,,,,,,,,,,NOT_SCORED,,NOT_SCORED,,,False,False,False,False,False,False,False,False,False,NOT_SCORED — the buyer default model does not describe supplier claims risk; limit monitored only,,,ACADEMIC SIMULATION — not actual trades
2022-09-08,False,BUY_JNPT_01,Taloja Alloys and Smelters Pvt Ltd (SIM),BUYER,560000000.0,"credit exposure = receivable + contracted-not-invoiced not covered by an advance (desk limit definition, P04 basis, evaluated daily) vs credit_limit_inr",151650000.0,0.0,151650000.0,0.0,151650000.0,151650000.0,0.27080357,0.27080357,0.27080357,0.27080357,0.0,0.0,0.43004464,19.0,40.80492813,0.10939606,0.09026786,0.43004464,0.02410639,B,0.0,B,0.9,1.0,False,False,False,False,False,False,False,False,False,MAINTAIN — watch utilisation; no increase without a clean review,560000000.0,INVOICED T09-S1,"ACADEMIC SIMULATION — not actual trades. Scores: illustrative logistic model trained on SYNTHETIC data, computed from information dated on or before each row's date"
2022-09-08,False,BUY_MUN_01,Kandla Metal Industries Pvt Ltd (SIM),BUYER,650000000.0,"credit exposure = receivable + contracted-not-invoiced not covered by an advance (desk limit definition, P04 basis, evaluated daily) vs credit_limit_inr",266516870.9156,0.0,266516870.9156,0.0,266516870.9156,266516870.9156,0.41002596,0.41002596,0.41002596,0.41002596,0.0,0.0,0.80260103,8.0,34.13552361,0.09236691,0.0,0.80260103,0.04844425,B,0.0,B,0.9,1.0,False,False,False,False,False,False,False,False,False,MAINTAIN — watch utilisation; no increase without a clean review,650000000.0,INVOICED T08-S1,"ACADEMIC SIMULATION — not actual trades. Scores: illustrative logistic model trained on SYNTHETIC data, computed from information dated on or before each row's date"
2022-09-08,False,BUY_RJK_01,Saurashtra Castings and Alloys Pvt Ltd (SIM),BUYER,120000000.0,"credit exposure = receivable + contracted-not-invoiced not covered by an advance (desk limit definition, P04 basis, evaluated daily) vs credit_limit_inr",89239103.0213,0.0,89239103.0213,0.0,89239103.0213,89239103.0213,0.74365919,0.74365919,0.74365919,0.74365919,0.0,0.0,0.74365919,37.0,18.95687885,0.59348589,1.82739375,2.57105294,0.417065,D,1.0,D,0.5,0.0,False,False,False,False,False,False,False,True,False,REDUCE — cut the line to 50 %; advance or cash-against-documents only; do not lift the hedge before the advance arrives,60000000.0,,"ACADEMIC SIMULATION — not actual trades. Scores: illustrative logistic model trained on SYNTHETIC data, computed from information dated on or before each row's date"
2022-09-08,False,SUP_JEA_01,Khaleej Metal Resources FZE (SIM),SUPPLIER,47799480.0,claims/refunds owed by supplier (P3 supplier_exposure_inr) vs claims_exposure_limit_usd x usdinr,,,,,,0.0,0.0,,,,,,,,,,,,,NOT_SCORED,,NOT_SCORED,,,False,False,False,False,False,False,False,False,False,NOT_SCORED — the buyer default model does not describe supplier claims risk; limit monitored only,,,ACADEMIC SIMULATION — not actual trades
2022-09-08,False,SUP_USEC_01,Tidewater Recycling Corp (SIM),SUPPLIER,71699220.0,claims/refunds owed by supplier (P3 supplier_exposure_inr) vs claims_exposure_limit_usd x usdinr,,,,,,0.0,0.0,,,,,,,,,,,,,NOT_SCORED,,NOT_SCORED,,,False,False,False,False,False,False,False,False,False,NOT_SCORED — the buyer default model does not describe supplier claims risk; limit monitored only,,,ACADEMIC SIMULATION — not actual trades
2022-09-08,False,SUP_USEC_02,Delaware Bay Metals LLC (SIM),SUPPLIER,31866320.0,claims/refunds owed by supplier (P3 supplier_exposure_inr) vs claims_exposure_limit_usd x usdinr,,,,,,0.0,0.0,,,,,,,,,,,,,NOT_SCORED,,NOT_SCORED,,,False,False,False,False,False,False,False,False,False,NOT_SCORED — the buyer default model does not describe supplier claims risk; limit monitored only,,,ACADEMIC SIMULATION — not actual trades
2022-09-09,False,BUY_JNPT_01,Taloja Alloys and Smelters Pvt Ltd (SIM),BUYER,560000000.0,"credit exposure = receivable + contracted-not-invoiced not covered by an advance (desk limit definition, P04 basis, evaluated daily) vs credit_limit_inr",151650000.0,0.0,151650000.0,0.0,151650000.0,151650000.0,0.27080357,0.27080357,0.27080357,0.27080357,0.0,0.0,0.43004464,19.0,40.83778234,0.10939606,0.09026786,0.43004464,0.02409159,B,0.0,B,0.9,1.0,False,False,False,False,False,False,False,False,False,MAINTAIN — watch utilisation; no increase without a clean review,560000000.0,,"ACADEMIC SIMULATION — not actual trades. Scores: illustrative logistic model trained on SYNTHETIC data, computed from information dated on or before each row's date"
2022-09-09,False,BUY_MUN_01,Kandla Metal Industries Pvt Ltd (SIM),BUYER,650000000.0,"credit exposure = receivable + contracted-not-invoiced not covered by an advance (desk limit definition, P04 basis, evaluated daily) vs credit_limit_inr",266516870.9156,0.0,266516870.9156,0.0,266516870.9156,266516870.9156,0.41002596,0.41002596,0.41002596,0.41002596,0.0,0.0,0.77768519,8.0,34.16837782,0.09236691,0.0,0.77768519,0.04511423,B,0.0,B,0.9,1.0,False,False,False,False,False,False,False,False,False,MAINTAIN — watch utilisation; no increase without a clean review,650000000.0,,"ACADEMIC SIMULATION — not actual trades. Scores: illustrative logistic model trained on SYNTHETIC data, computed from information dated on or before each row's date"
2022-09-09,False,BUY_RJK_01,Saurashtra Castings and Alloys Pvt Ltd (SIM),BUYER,120000000.0,"credit exposure = receivable + contracted-not-invoiced not covered by an advance (desk limit definition, P04 basis, evaluated daily) vs credit_limit_inr",89239103.0213,0.0,89239103.0213,0.0,89239103.0213,89239103.0213,0.74365919,0.74365919,0.74365919,0.74365919,0.0,0.0,0.74365919,37.0,18.98973306,0.59348589,1.82739375,2.57105294,0.41691194,D,1.0,D,0.5,0.0,False,False,False,False,False,False,False,True,False,REDUCE — cut the line to 50 %; advance or cash-against-documents only; do not lift the hedge before the advance arrives,60000000.0,,"ACADEMIC SIMULATION — not actual trades. Scores: illustrative logistic model trained on SYNTHETIC data, computed from information dated on or before each row's date"
2022-09-09,False,SUP_JEA_01,Khaleej Metal Resources FZE (SIM),SUPPLIER,47747160.0,claims/refunds owed by supplier (P3 supplier_exposure_inr) vs claims_exposure_limit_usd x usdinr,,,,,,0.0,0.0,,,,,,,,,,,,,NOT_SCORED,,NOT_SCORED,,,False,False,False,False,False,False,False,False,False,NOT_SCORED — the buyer default model does not describe supplier claims risk; limit monitored only,,,ACADEMIC SIMULATION — not actual trades
2022-09-09,False,SUP_USEC_01,Tidewater Recycling Corp (SIM),SUPPLIER,71620740.0,claims/refunds owed by supplier (P3 supplier_exposure_inr) vs claims_exposure_limit_usd x usdinr,,,,,,0.0,0.0,,,,,,,,,,,,,NOT_SCORED,,NOT_SCORED,,,False,False,False,False,False,False,False,False,False,NOT_SCORED — the buyer default model does not describe supplier claims risk; limit monitored only,,,ACADEMIC SIMULATION — not actual trades
2022-09-09,False,SUP_USEC_02,Delaware Bay Metals LLC (SIM),SUPPLIER,31831440.0,claims/refunds owed by supplier (P3 supplier_exposure_inr) vs claims_exposure_limit_usd x usdinr,,,,,,0.0,0.0,,,,,,,,,,,,,NOT_SCORED,,NOT_SCORED,,,False,False,False,False,False,False,False,False,False,NOT_SCORED — the buyer default model does not describe supplier claims risk; limit monitored only,,,ACADEMIC SIMULATION — not actual trades
2022-09-12,False,BUY_JNPT_01,Taloja Alloys and Smelters Pvt Ltd (SIM),BUYER,560000000.0,"credit exposure = receivable + contracted-not-invoiced not covered by an advance (desk limit definition, P04 basis, evaluated daily) vs credit_limit_inr",151650000.0,0.0,151650000.0,0.0,151650000.0,151650000.0,0.27080357,0.27080357,0.27080357,0.27080357,0.0,0.0,0.43004464,19.0,40.93634497,0.10939606,0.09026786,0.43004464,0.02404722,B,0.0,B,0.9,1.0,False,False,False,False,False,False,False,False,False,MAINTAIN — watch utilisation; no increase without a clean review,560000000.0,,"ACADEMIC SIMULATION — not actual trades. Scores: illustrative logistic model trained on SYNTHETIC data, computed from information dated on or before each row's date"
2022-09-12,False,BUY_MUN_01,Kandla Metal Industries Pvt Ltd (SIM),BUYER,650000000.0,"credit exposure = receivable + contracted-not-invoiced not covered by an advance (desk limit definition, P04 basis, evaluated daily) vs credit_limit_inr",266516870.9156,0.0,266516870.9156,0.0,266516870.9156,266516870.9156,0.41002596,0.41002596,0.41002596,0.41002596,0.0,0.0,0.77702939,8.0,34.26694045,0.09236691,0.0,0.77702939,0.04494916,B,0.0,B,0.9,1.0,False,False,False,False,False,False,False,False,False,MAINTAIN — watch utilisation; no increase without a clean review,650000000.0,,"ACADEMIC SIMULATION — not actual trades. Scores: illustrative logistic model trained on SYNTHETIC data, computed from information dated on or before each row's date"
2022-09-12,False,BUY_RJK_01,Saurashtra Castings and Alloys Pvt Ltd (SIM),BUYER,120000000.0,"credit exposure = receivable + contracted-not-invoiced not covered by an advance (desk limit definition, P04 basis, evaluated daily) vs credit_limit_inr",89239103.0213,0.0,89239103.0213,0.0,89239103.0213,89239103.0213,0.74365919,0.74365919,0.74365919,0.74365919,0.0,0.0,0.74365919,37.0,19.08829569,0.59348589,1.82739375,2.57105294,0.41645284,D,1.0,D,0.5,0.0,False,False,False,False,False,False,False,True,False,REDUCE — cut the line to 50 %; advance or cash-against-documents only; do not lift the hedge before the advance arrives,60000000.0,,"ACADEMIC SIMULATION — not actual trades. Scores: illustrative logistic model trained on SYNTHETIC data, computed from information dated on or before each row's date"
2022-09-12,False,SUP_JEA_01,Khaleej Metal Resources FZE (SIM),SUPPLIER,47676240.00000001,claims/refunds owed by supplier (P3 supplier_exposure_inr) vs claims_exposure_limit_usd x usdinr,,,,,,0.0,0.0,,,,,,,,,,,,,NOT_SCORED,,NOT_SCORED,,,False,False,False,False,False,False,False,False,False,NOT_SCORED — the buyer default model does not describe supplier claims risk; limit monitored only,,,ACADEMIC SIMULATION — not actual trades
2022-09-12,False,SUP_USEC_01,Tidewater Recycling Corp (SIM),SUPPLIER,71514360.0,claims/refunds owed by supplier (P3 supplier_exposure_inr) vs claims_exposure_limit_usd x usdinr,,,,,,0.0,0.0,,,,,,,,,,,,,NOT_SCORED,,NOT_SCORED,,,False,False,False,False,False,False,False,False,False,NOT_SCORED — the buyer default model does not describe supplier claims risk; limit monitored only,,,ACADEMIC SIMULATION — not actual trades
2022-09-12,False,SUP_USEC_02,Delaware Bay Metals LLC (SIM),SUPPLIER,31784160.0,claims/refunds owed by supplier (P3 supplier_exposure_inr) vs claims_exposure_limit_usd x usdinr,,,,,,0.0,0.0,,,,,,,,,,,,,NOT_SCORED,,NOT_SCORED,,,False,False,False,False,False,False,False,False,False,NOT_SCORED — the buyer default model does not describe supplier claims risk; limit monitored only,,,ACADEMIC SIMULATION — not actual trades
2022-09-13,False,BUY_JNPT_01,Taloja Alloys and Smelters Pvt Ltd (SIM),BUYER,560000000.0,"credit exposure = receivable + contracted-not-invoiced not covered by an advance (desk limit definition, P04 basis, evaluated daily) vs credit_limit_inr",151650000.0,0.0,151650000.0,0.0,151650000.0,151650000.0,0.27080357,0.27080357,0.27080357,0.27080357,0.0,0.0,0.43004464,19.0,40.96919918,0.10939606,0.09026786,0.43004464,0.02403245,B,0.0,B,0.9,1.0,False,False,False,False,False,False,False,False,False,MAINTAIN — watch utilisation; no increase without a clean review,560000000.0,,"ACADEMIC SIMULATION — not actual trades. Scores: illustrative logistic model trained on SYNTHETIC data, computed from information dated on or before each row's date"
2022-09-13,False,BUY_MUN_01,Kandla Metal Industries Pvt Ltd (SIM),BUYER,650000000.0,"credit exposure = receivable + contracted-not-invoiced not covered by an advance (desk limit definition, P04 basis, evaluated daily) vs credit_limit_inr",266516870.9156,0.0,266516870.9156,0.0,266516870.9156,266516870.9156,0.41002596,0.41002596,0.41002596,0.41002596,0.0,0.0,0.77587602,8.0,34.29979466,0.09236691,0.0,0.77587602,0.04477524,B,0.0,B,0.9,1.0,False,False,False,False,False,False,False,False,False,MAINTAIN — watch utilisation; no increase without a clean review,650000000.0,,"ACADEMIC SIMULATION — not actual trades. Scores: illustrative logistic model trained on SYNTHETIC data, computed from information dated on or before each row's date"
2022-09-13,False,BUY_RJK_01,Saurashtra Castings and Alloys Pvt Ltd (SIM),BUYER,120000000.0,"credit exposure = receivable + contracted-not-invoiced not covered by an advance (desk limit definition, P04 basis, evaluated daily) vs credit_limit_inr",89239103.0213,0.0,89239103.0213,0.0,89239103.0213,89239103.0213,0.74365919,0.74365919,0.74365919,0.74365919,0.0,0.0,0.74365919,37.0,19.1211499,0.59348589,1.82739375,2.57105294,0.41629984,D,1.0,D,0.5,0.0,False,False,False,False,False,False,False,True,False,REDUCE — cut the line to 50 %; advance or cash-against-documents only; do not lift the hedge before the advance arrives,60000000.0,,"ACADEMIC SIMULATION — not actual trades. Scores: illustrative logistic model trained on SYNTHETIC data, computed from information dated on or before each row's date"
2022-09-13,False,SUP_JEA_01,Khaleej Metal Resources FZE (SIM),SUPPLIER,47496000.0,claims/refunds owed by supplier (P3 supplier_exposure_inr) vs claims_exposure_limit_usd x usdinr,,,,,,0.0,0.0,,,,,,,,,,,,,NOT_SCORED,,NOT_SCORED,,,False,False,False,False,False,False,False,False,False,NOT_SCORED — the buyer default model does not describe supplier claims risk; limit monitored only,,,ACADEMIC SIMULATION — not actual trades
2022-09-13,False,SUP_USEC_01,Tidewater Recycling Corp (SIM),SUPPLIER,71244000.0,claims/refunds owed by supplier (P3 supplier_exposure_inr) vs claims_exposure_limit_usd x usdinr,,,,,,0.0,0.0,,,,,,,,,,,,,NOT_SCORED,,NOT_SCORED,,,False,False,False,False,False,False,False,False,False,NOT_SCORED — the buyer default model does not describe supplier claims risk; limit monitored only,,,ACADEMIC SIMULATION — not actual trades
2022-09-13,False,SUP_USEC_02,Delaware Bay Metals LLC (SIM),SUPPLIER,31664000.0,claims/refunds owed by supplier (P3 supplier_exposure_inr) vs claims_exposure_limit_usd x usdinr,,,,,,0.0,0.0,,,,,,,,,,,,,NOT_SCORED,,NOT_SCORED,,,False,False,False,False,False,False,False,False,False,NOT_SCORED — the buyer default model does not describe supplier claims risk; limit monitored only,,,ACADEMIC SIMULATION — not actual trades
2022-09-14,False,BUY_JNPT_01,Taloja Alloys and Smelters Pvt Ltd (SIM),BUYER,560000000.0,"credit exposure = receivable + contracted-not-invoiced not covered by an advance (desk limit definition, P04 basis, evaluated daily) vs credit_limit_inr",151650000.0,0.0,151650000.0,0.0,151650000.0,151650000.0,0.27080357,0.27080357,0.27080357,0.27080357,0.0,0.0,0.43004464,19.0,41.00205339,0.10939606,0.09026786,0.43004464,0.02401768,B,0.0,B,0.9,1.0,False,False,False,False,False,False,False,False,False,MAINTAIN — watch utilisation; no increase without a clean review,560000000.0,,"ACADEMIC SIMULATION — not actual trades. Scores: illustrative logistic model trained on SYNTHETIC data, computed from information dated on or before each row's date"
2022-09-14,False,BUY_MUN_01,Kandla Metal Industries Pvt Ltd (SIM),BUYER,650000000.0,"credit exposure = receivable + contracted-not-invoiced not covered by an advance (desk limit definition, P04 basis, evaluated daily) vs credit_limit_inr",266516870.9156,0.0,266516870.9156,0.0,266516870.9156,266516870.9156,0.41002596,0.41002596,0.41002596,0.41002596,0.0,0.0,0.75995668,8.0,34.33264887,0.09236691,0.0,0.75995668,0.04276814,B,0.0,B,0.9,1.0,False,False,False,False,False,False,False,False,False,MAINTAIN — watch utilisation; no increase without a clean review,650000000.0,,"ACADEMIC SIMULATION — not actual trades. Scores: illustrative logistic model trained on SYNTHETIC data, computed from information dated on or before each row's date"
2022-09-14,False,BUY_RJK_01,Saurashtra Castings and Alloys Pvt Ltd (SIM),BUYER,120000000.0,"credit exposure = receivable + contracted-not-invoiced not covered by an advance (desk limit definition, P04 basis, evaluated daily) vs credit_limit_inr",89239103.0213,0.0,89239103.0213,0.0,89239103.0213,89239103.0213,0.74365919,0.74365919,0.74365919,0.74365919,0.0,0.0,0.74365919,37.0,19.15400411,0.59348589,1.82739375,2.57105294,0.41614686,D,1.0,D,0.5,0.0,False,False,False,False,False,False,False,True,False,REDUCE — cut the line to 50 %; advance or cash-against-documents only; do not lift the hedge before the advance arrives,60000000.0,,"ACADEMIC SIMULATION — not actual trades. Scores: illustrative logistic model trained on SYNTHETIC data, computed from information dated on or before each row's date"
2022-09-14,False,SUP_JEA_01,Khaleej Metal Resources FZE (SIM),SUPPLIER,47700899.99999999,claims/refunds owed by supplier (P3 supplier_exposure_inr) vs claims_exposure_limit_usd x usdinr,,,,,,0.0,0.0,,,,,,,,,,,,,NOT_SCORED,,NOT_SCORED,,,False,False,False,False,False,False,False,False,False,NOT_SCORED — the buyer default model does not describe supplier claims risk; limit monitored only,,,ACADEMIC SIMULATION — not actual trades
2022-09-14,False,SUP_USEC_01,Tidewater Recycling Corp (SIM),SUPPLIER,71551350.0,claims/refunds owed by supplier (P3 supplier_exposure_inr) vs claims_exposure_limit_usd x usdinr,,,,,,0.0,0.0,,,,,,,,,,,,,NOT_SCORED,,NOT_SCORED,,,False,False,False,False,False,False,False,False,False,NOT_SCORED — the buyer default model does not describe supplier claims risk; limit monitored only,,,ACADEMIC SIMULATION — not actual trades
2022-09-14,False,SUP_USEC_02,Delaware Bay Metals LLC (SIM),SUPPLIER,31800600.0,claims/refunds owed by supplier (P3 supplier_exposure_inr) vs claims_exposure_limit_usd x usdinr,,,,,,0.0,0.0,,,,,,,,,,,,,NOT_SCORED,,NOT_SCORED,,,False,False,False,False,False,False,False,False,False,NOT_SCORED — the buyer default model does not describe supplier claims risk; limit monitored only,,,ACADEMIC SIMULATION — not actual trades
2022-09-15,False,BUY_JNPT_01,Taloja Alloys and Smelters Pvt Ltd (SIM),BUYER,560000000.0,"credit exposure = receivable + contracted-not-invoiced not covered by an advance (desk limit definition, P04 basis, evaluated daily) vs credit_limit_inr",151650000.0,0.0,151650000.0,0.0,151650000.0,151650000.0,0.27080357,0.27080357,0.27080357,0.27080357,0.0,0.0,0.43004464,19.0,41.0349076,0.10939606,0.09026786,0.43004464,0.02400293,B,0.0,B,0.9,1.0,False,False,False,False,False,False,False,False,False,MAINTAIN — watch utilisation; no increase without a clean review,560000000.0,,"ACADEMIC SIMULATION — not actual trades. Scores: illustrative logistic model trained on SYNTHETIC data, computed from information dated on or before each row's date"
2022-09-15,False,BUY_MUN_01,Kandla Metal Industries Pvt Ltd (SIM),BUYER,650000000.0,"credit exposure = receivable + contracted-not-invoiced not covered by an advance (desk limit definition, P04 basis, evaluated daily) vs credit_limit_inr",266516870.9156,0.0,266516870.9156,0.0,266516870.9156,266516870.9156,0.41002596,0.41002596,0.41002596,0.41002596,0.0,0.0,0.75995668,8.0,34.36550308,0.09236691,0.0,0.75995668,0.04274237,B,0.0,B,0.9,1.0,False,False,False,False,False,False,False,False,False,MAINTAIN — watch utilisation; no increase without a clean review,650000000.0,,"ACADEMIC SIMULATION — not actual trades. Scores: illustrative logistic model trained on SYNTHETIC data, computed from information dated on or before each row's date"
2022-09-15,False,BUY_RJK_01,Saurashtra Castings and Alloys Pvt Ltd (SIM),BUYER,120000000.0,"credit exposure = receivable + contracted-not-invoiced not covered by an advance (desk limit definition, P04 basis, evaluated daily) vs credit_limit_inr",89239103.0213,0.0,89239103.0213,0.0,89239103.0213,89239103.0213,0.74365919,0.74365919,0.74365919,0.74365919,0.0,0.0,0.74365919,37.0,19.18685832,0.59348589,1.82739375,2.57105294,0.41599389,D,1.0,D,0.5,0.0,False,False,False,False,False,False,False,True,False,REDUCE — cut the line to 50 %; advance or cash-against-documents only; do not lift the hedge before the advance arrives,60000000.0,BALANCE_DUE T07-S1,"ACADEMIC SIMULATION — not actual trades. Scores: illustrative logistic model trained on SYNTHETIC data, computed from information dated on or before each row's date"
2022-09-15,False,SUP_JEA_01,Khaleej Metal Resources FZE (SIM),SUPPLIER,47865420.0,claims/refunds owed by supplier (P3 supplier_exposure_inr) vs claims_exposure_limit_usd x usdinr,,,,,,0.0,0.0,,,,,,,,,,,,,NOT_SCORED,,NOT_SCORED,,,False,False,False,False,False,False,False,False,False,NOT_SCORED — the buyer default model does not describe supplier claims risk; limit monitored only,,,ACADEMIC SIMULATION — not actual trades
2022-09-15,False,SUP_USEC_01,Tidewater Recycling Corp (SIM),SUPPLIER,71798130.0,claims/refunds owed by supplier (P3 supplier_exposure_inr) vs claims_exposure_limit_usd x usdinr,,,,,,0.0,0.0,,,,,,,,,,,,,NOT_SCORED,,NOT_SCORED,,,False,False,False,False,False,False,False,False,False,NOT_SCORED — the buyer default model does not describe supplier claims risk; limit monitored only,,,ACADEMIC SIMULATION — not actual trades
2022-09-15,False,SUP_USEC_02,Delaware Bay Metals LLC (SIM),SUPPLIER,31910280.0,claims/refunds owed by supplier (P3 supplier_exposure_inr) vs claims_exposure_limit_usd x usdinr,,,,,,0.0,0.0,,,,,,,,,,,,,NOT_SCORED,,NOT_SCORED,,,False,False,False,False,False,False,False,False,False,NOT_SCORED — the buyer default model does not describe supplier claims risk; limit monitored only,,,ACADEMIC SIMULATION — not actual trades
2022-09-16,False,BUY_JNPT_01,Taloja Alloys and Smelters Pvt Ltd (SIM),BUYER,560000000.0,"credit exposure = receivable + contracted-not-invoiced not covered by an advance (desk limit definition, P04 basis, evaluated daily) vs credit_limit_inr",151650000.0,0.0,151650000.0,0.0,151650000.0,151650000.0,0.27080357,0.27080357,0.27080357,0.27080357,0.0,0.0,0.43004464,19.0,41.06776181,0.10939606,0.09026786,0.43004464,0.02398818,B,0.0,B,0.9,1.0,False,False,False,False,False,False,False,False,False,MAINTAIN — watch utilisation; no increase without a clean review,560000000.0,,"ACADEMIC SIMULATION — not actual trades. Scores: illustrative logistic model trained on SYNTHETIC data, computed from information dated on or before each row's date"
2022-09-16,False,BUY_MUN_01,Kandla Metal Industries Pvt Ltd (SIM),BUYER,650000000.0,"credit exposure = receivable + contracted-not-invoiced not covered by an advance (desk limit definition, P04 basis, evaluated daily) vs credit_limit_inr",266516870.9156,0.0,266516870.9156,0.0,266516870.9156,266516870.9156,0.41002596,0.41002596,0.41002596,0.41002596,0.0,0.0,0.75995668,8.0,34.39835729,0.09236691,0.0,0.75995668,0.04271661,B,0.0,B,0.9,1.0,False,False,False,False,False,False,False,False,False,MAINTAIN — watch utilisation; no increase without a clean review,650000000.0,,"ACADEMIC SIMULATION — not actual trades. Scores: illustrative logistic model trained on SYNTHETIC data, computed from information dated on or before each row's date"
2022-09-16,False,BUY_RJK_01,Saurashtra Castings and Alloys Pvt Ltd (SIM),BUYER,120000000.0,"credit exposure = receivable + contracted-not-invoiced not covered by an advance (desk limit definition, P04 basis, evaluated daily) vs credit_limit_inr",89239103.0213,0.0,89239103.0213,0.0,89239103.0213,89239103.0213,0.74365919,0.74365919,0.74365919,0.74365919,0.0,0.0,0.74365919,37.0,19.21971253,0.59348589,1.82739375,2.57105294,0.41584094,D,1.0,D,0.5,0.0,False,False,False,False,False,False,False,True,False,REDUCE — cut the line to 50 %; advance or cash-against-documents only; do not lift the hedge before the advance arrives,60000000.0,,"ACADEMIC SIMULATION — not actual trades. Scores: illustrative logistic model trained on SYNTHETIC data, computed from information dated on or before each row's date"
2022-09-16,False,SUP_JEA_01,Khaleej Metal Resources FZE (SIM),SUPPLIER,47836320.0,claims/refunds owed by supplier (P3 supplier_exposure_inr) vs claims_exposure_limit_usd x usdinr,,,,,,0.0,0.0,,,,,,,,,,,,,NOT_SCORED,,NOT_SCORED,,,False,False,False,False,False,False,False,False,False,NOT_SCORED — the buyer default model does not describe supplier claims risk; limit monitored only,,,ACADEMIC SIMULATION — not actual trades
2022-09-16,False,SUP_USEC_01,Tidewater Recycling Corp (SIM),SUPPLIER,71754480.0,claims/refunds owed by supplier (P3 supplier_exposure_inr) vs claims_exposure_limit_usd x usdinr,,,,,,0.0,0.0,,,,,,,,,,,,,NOT_SCORED,,NOT_SCORED,,,False,False,False,False,False,False,False,False,False,NOT_SCORED — the buyer default model does not describe supplier claims risk; limit monitored only,,,ACADEMIC SIMULATION — not actual trades
2022-09-16,False,SUP_USEC_02,Delaware Bay Metals LLC (SIM),SUPPLIER,31890880.0,claims/refunds owed by supplier (P3 supplier_exposure_inr) vs claims_exposure_limit_usd x usdinr,,,,,,0.0,0.0,,,,,,,,,,,,,NOT_SCORED,,NOT_SCORED,,,False,False,False,False,False,False,False,False,False,NOT_SCORED — the buyer default model does not describe supplier claims risk; limit monitored only,,,ACADEMIC SIMULATION — not actual trades
2022-09-19,False,BUY_JNPT_01,Taloja Alloys and Smelters Pvt Ltd (SIM),BUYER,560000000.0,"credit exposure = receivable + contracted-not-invoiced not covered by an advance (desk limit definition, P04 basis, evaluated daily) vs credit_limit_inr",151650000.0,0.0,151650000.0,0.0,151650000.0,151650000.0,0.27080357,0.27080357,0.27080357,0.27080357,0.0,0.0,0.43004464,19.0,41.16632444,0.10939606,0.09026786,0.43004464,0.023944,B,0.0,B,0.9,1.0,False,False,False,False,False,False,False,False,False,MAINTAIN — watch utilisation; no increase without a clean review,560000000.0,,"ACADEMIC SIMULATION — not actual trades. Scores: illustrative logistic model trained on SYNTHETIC data, computed from information dated on or before each row's date"
2022-09-19,False,BUY_MUN_01,Kandla Metal Industries Pvt Ltd (SIM),BUYER,650000000.0,"credit exposure = receivable + contracted-not-invoiced not covered by an advance (desk limit definition, P04 basis, evaluated daily) vs credit_limit_inr",266516870.9156,0.0,266516870.9156,0.0,266516870.9156,266516870.9156,0.41002596,0.41002596,0.41002596,0.41002596,0.0,0.0,0.75995668,8.0,34.49691992,0.09236691,0.0,0.75995668,0.04263944,B,0.0,B,0.9,1.0,False,False,False,False,False,False,False,False,False,MAINTAIN — watch utilisation; no increase without a clean review,650000000.0,,"ACADEMIC SIMULATION — not actual trades. Scores: illustrative logistic model trained on SYNTHETIC data, computed from information dated on or before each row's date"
2022-09-19,False,BUY_RJK_01,Saurashtra Castings and Alloys Pvt Ltd (SIM),BUYER,120000000.0,"credit exposure = receivable + contracted-not-invoiced not covered by an advance (desk limit definition, P04 basis, evaluated daily) vs credit_limit_inr",89239103.0213,0.0,89239103.0213,0.0,89239103.0213,89239103.0213,0.74365919,0.74365919,0.74365919,0.74365919,0.0,1.0,0.74365919,37.0,19.31827515,0.59348589,1.82739375,2.57105294,0.41538219,D,1.0,D,0.5,0.0,False,False,False,False,False,False,True,True,False,REDUCE — cut the line to 50 %; advance or cash-against-documents only; do not lift the hedge before the advance arrives,60000000.0,,"ACADEMIC SIMULATION — not actual trades. Scores: illustrative logistic model trained on SYNTHETIC data, computed from information dated on or before each row's date"
2022-09-19,False,SUP_JEA_01,Khaleej Metal Resources FZE (SIM),SUPPLIER,47839620.0,claims/refunds owed by supplier (P3 supplier_exposure_inr) vs claims_exposure_limit_usd x usdinr,,,,,,0.0,0.0,,,,,,,,,,,,,NOT_SCORED,,NOT_SCORED,,,False,False,False,False,False,False,False,False,False,NOT_SCORED — the buyer default model does not describe supplier claims risk; limit monitored only,,,ACADEMIC SIMULATION — not actual trades
2022-09-19,False,SUP_USEC_01,Tidewater Recycling Corp (SIM),SUPPLIER,71759430.0,claims/refunds owed by supplier (P3 supplier_exposure_inr) vs claims_exposure_limit_usd x usdinr,,,,,,0.0,0.0,,,,,,,,,,,,,NOT_SCORED,,NOT_SCORED,,,False,False,False,False,False,False,False,False,False,NOT_SCORED — the buyer default model does not describe supplier claims risk; limit monitored only,,,ACADEMIC SIMULATION — not actual trades
2022-09-19,False,SUP_USEC_02,Delaware Bay Metals LLC (SIM),SUPPLIER,31893080.0,claims/refunds owed by supplier (P3 supplier_exposure_inr) vs claims_exposure_limit_usd x usdinr,,,,,,0.0,0.0,,,,,,,,,,,,,NOT_SCORED,,NOT_SCORED,,,False,False,False,False,False,False,False,False,False,NOT_SCORED — the buyer default model does not describe supplier claims risk; limit monitored only,,,ACADEMIC SIMULATION — not actual trades
2022-09-20,False,BUY_JNPT_01,Taloja Alloys and Smelters Pvt Ltd (SIM),BUYER,560000000.0,"credit exposure = receivable + contracted-not-invoiced not covered by an advance (desk limit definition, P04 basis, evaluated daily) vs credit_limit_inr",151650000.0,0.0,151650000.0,0.0,151650000.0,151650000.0,0.27080357,0.27080357,0.27080357,0.27080357,0.0,0.0,0.43004464,19.0,41.19917864,0.10939606,0.09026786,0.43004464,0.02392929,B,0.0,B,0.9,1.0,False,False,False,False,False,False,False,False,False,MAINTAIN — watch utilisation; no increase without a clean review,560000000.0,,"ACADEMIC SIMULATION — not actual trades. Scores: illustrative logistic model trained on SYNTHETIC data, computed from information dated on or before each row's date"
2022-09-20,False,BUY_MUN_01,Kandla Metal Industries Pvt Ltd (SIM),BUYER,650000000.0,"credit exposure = receivable + contracted-not-invoiced not covered by an advance (desk limit definition, P04 basis, evaluated daily) vs credit_limit_inr",266516870.9156,0.0,266516870.9156,0.0,266516870.9156,266516870.9156,0.41002596,0.41002596,0.41002596,0.41002596,0.0,0.0,0.74536744,8.0,34.52977413,0.09236691,0.0,0.74536744,0.04087877,B,0.0,B,0.9,1.0,False,False,False,False,False,False,False,False,False,MAINTAIN — watch utilisation; no increase without a clean review,650000000.0,,"ACADEMIC SIMULATION — not actual trades. Scores: illustrative logistic model trained on SYNTHETIC data, computed from information dated on or before each row's date"
2022-09-20,False,BUY_RJK_01,Saurashtra Castings and Alloys Pvt Ltd (SIM),BUYER,120000000.0,"credit exposure = receivable + contracted-not-invoiced not covered by an advance (desk limit definition, P04 basis, evaluated daily) vs credit_limit_inr",89239103.0213,0.0,89239103.0213,0.0,89239103.0213,89239103.0213,0.74365919,0.74365919,0.74365919,0.74365919,0.0,4.0,0.74365919,37.0,19.35112936,0.59348589,1.82739375,2.57105294,0.4152293,D,1.0,D,0.5,0.0,False,False,False,False,False,False,True,True,False,REDUCE — cut the line to 50 %; advance or cash-against-documents only; do not lift the hedge before the advance arrives,60000000.0,,"ACADEMIC SIMULATION — not actual trades. Scores: illustrative logistic model trained on SYNTHETIC data, computed from information dated on or before each row's date"
2022-09-20,False,SUP_JEA_01,Khaleej Metal Resources FZE (SIM),SUPPLIER,47832660.00000001,claims/refunds owed by supplier (P3 supplier_exposure_inr) vs claims_exposure_limit_usd x usdinr,,,,,,0.0,0.0,,,,,,,,,,,,,NOT_SCORED,,NOT_SCORED,,,False,False,False,False,False,False,False,False,False,NOT_SCORED — the buyer default model does not describe supplier claims risk; limit monitored only,,,ACADEMIC SIMULATION — not actual trades
2022-09-20,False,SUP_USEC_01,Tidewater Recycling Corp (SIM),SUPPLIER,71748990.0,claims/refunds owed by supplier (P3 supplier_exposure_inr) vs claims_exposure_limit_usd x usdinr,,,,,,0.0,0.0,,,,,,,,,,,,,NOT_SCORED,,NOT_SCORED,,,False,False,False,False,False,False,False,False,False,NOT_SCORED — the buyer default model does not describe supplier claims risk; limit monitored only,,,ACADEMIC SIMULATION — not actual trades
2022-09-20,False,SUP_USEC_02,Delaware Bay Metals LLC (SIM),SUPPLIER,31888440.0,claims/refunds owed by supplier (P3 supplier_exposure_inr) vs claims_exposure_limit_usd x usdinr,,,,,,0.0,0.0,,,,,,,,,,,,,NOT_SCORED,,NOT_SCORED,,,False,False,False,False,False,False,False,False,False,NOT_SCORED — the buyer default model does not describe supplier claims risk; limit monitored only,,,ACADEMIC SIMULATION — not actual trades
2022-09-21,False,BUY_JNPT_01,Taloja Alloys and Smelters Pvt Ltd (SIM),BUYER,560000000.0,"credit exposure = receivable + contracted-not-invoiced not covered by an advance (desk limit definition, P04 basis, evaluated daily) vs credit_limit_inr",151650000.0,0.0,151650000.0,0.0,151650000.0,151650000.0,0.27080357,0.27080357,0.27080357,0.27080357,0.0,0.0,0.43004464,19.0,41.23203285,0.10939606,0.09026786,0.43004464,0.02391459,B,0.0,B,0.9,1.0,False,False,False,False,False,False,False,False,False,MAINTAIN — watch utilisation; no increase without a clean review,560000000.0,,"ACADEMIC SIMULATION — not actual trades. Scores: illustrative logistic model trained on SYNTHETIC data, computed from information dated on or before each row's date"
2022-09-21,False,BUY_MUN_01,Kandla Metal Industries Pvt Ltd (SIM),BUYER,650000000.0,"credit exposure = receivable + contracted-not-invoiced not covered by an advance (desk limit definition, P04 basis, evaluated daily) vs credit_limit_inr",266516870.9156,0.0,266516870.9156,0.0,266516870.9156,266516870.9156,0.41002596,0.41002596,0.41002596,0.41002596,0.0,0.0,0.50152508,8.0,34.56262834,0.09236691,0.0,0.50152508,0.02021264,B,0.0,B,0.9,1.0,False,False,False,False,False,False,False,False,False,MAINTAIN — watch utilisation; no increase without a clean review,650000000.0,,"ACADEMIC SIMULATION — not actual trades. Scores: illustrative logistic model trained on SYNTHETIC data, computed from information dated on or before each row's date"
2022-09-21,False,BUY_RJK_01,Saurashtra Castings and Alloys Pvt Ltd (SIM),BUYER,120000000.0,"credit exposure = receivable + contracted-not-invoiced not covered by an advance (desk limit definition, P04 basis, evaluated daily) vs credit_limit_inr",89239103.0213,0.0,89239103.0213,0.0,89239103.0213,89239103.0213,0.74365919,0.74365919,0.74365919,0.74365919,0.0,5.0,0.74365919,37.0,19.38398357,0.59348589,1.82739375,2.57105294,0.41507643,D,1.0,D,0.5,0.0,False,False,False,False,False,False,True,True,False,REDUCE — cut the line to 50 %; advance or cash-against-documents only; do not lift the hedge before the advance arrives,60000000.0,,"ACADEMIC SIMULATION — not actual trades. Scores: illustrative logistic model trained on SYNTHETIC data, computed from information dated on or before each row's date"
2022-09-21,False,SUP_JEA_01,Khaleej Metal Resources FZE (SIM),SUPPLIER,47943960.0,claims/refunds owed by supplier (P3 supplier_exposure_inr) vs claims_exposure_limit_usd x usdinr,,,,,,0.0,0.0,,,,,,,,,,,,,NOT_SCORED,,NOT_SCORED,,,False,False,False,False,False,False,False,False,False,NOT_SCORED — the buyer default model does not describe supplier claims risk; limit monitored only,,,ACADEMIC SIMULATION — not actual trades
2022-09-21,False,SUP_USEC_01,Tidewater Recycling Corp (SIM),SUPPLIER,71915940.0,claims/refunds owed by supplier (P3 supplier_exposure_inr) vs claims_exposure_limit_usd x usdinr,,,,,,0.0,0.0,,,,,,,,,,,,,NOT_SCORED,,NOT_SCORED,,,False,False,False,False,False,False,False,False,False,NOT_SCORED — the buyer default model does not describe supplier claims risk; limit monitored only,,,ACADEMIC SIMULATION — not actual trades
2022-09-21,False,SUP_USEC_02,Delaware Bay Metals LLC (SIM),SUPPLIER,31962640.0,claims/refunds owed by supplier (P3 supplier_exposure_inr) vs claims_exposure_limit_usd x usdinr,,,,,,0.0,0.0,,,,,,,,,,,,,NOT_SCORED,,NOT_SCORED,,,False,False,False,False,False,False,False,False,False,NOT_SCORED — the buyer default model does not describe supplier claims risk; limit monitored only,,,ACADEMIC SIMULATION — not actual trades
2022-09-22,False,BUY_JNPT_01,Taloja Alloys and Smelters Pvt Ltd (SIM),BUYER,560000000.0,"credit exposure = receivable + contracted-not-invoiced not covered by an advance (desk limit definition, P04 basis, evaluated daily) vs credit_limit_inr",151650000.0,0.0,151650000.0,0.0,151650000.0,151650000.0,0.27080357,0.27080357,0.27080357,0.27080357,0.0,0.0,0.43004464,19.0,41.26488706,0.10939606,0.09026786,0.43004464,0.0238999,B,0.0,B,0.9,1.0,False,False,False,False,False,False,False,False,False,MAINTAIN — watch utilisation; no increase without a clean review,560000000.0,,"ACADEMIC SIMULATION — not actual trades. Scores: illustrative logistic model trained on SYNTHETIC data, computed from information dated on or before each row's date"
2022-09-22,False,BUY_MUN_01,Kandla Metal Industries Pvt Ltd (SIM),BUYER,650000000.0,"credit exposure = receivable + contracted-not-invoiced not covered by an advance (desk limit definition, P04 basis, evaluated daily) vs credit_limit_inr",266516870.9156,0.0,266516870.9156,0.0,266516870.9156,266516870.9156,0.41002596,0.41002596,0.41002596,0.41002596,0.0,0.0,0.50152508,8.0,34.59548255,0.09236691,0.0,0.50152508,0.02020017,B,0.0,B,0.9,1.0,False,False,False,False,False,False,False,False,False,MAINTAIN — watch utilisation; no increase without a clean review,650000000.0,,"ACADEMIC SIMULATION — not actual trades. Scores: illustrative logistic model trained on SYNTHETIC data, computed from information dated on or before each row's date"
2022-09-22,False,BUY_RJK_01,Saurashtra Castings and Alloys Pvt Ltd (SIM),BUYER,120000000.0,"credit exposure = receivable + contracted-not-invoiced not covered by an advance (desk limit definition, P04 basis, evaluated daily) vs credit_limit_inr",89239103.0213,0.0,89239103.0213,0.0,89239103.0213,89239103.0213,0.74365919,0.74365919,0.74365919,0.74365919,0.0,6.0,0.74365919,37.0,19.41683778,0.59348589,1.82739375,2.57105294,0.41492358,D,1.0,D,0.5,0.0,False,False,False,False,False,False,True,True,False,REDUCE — cut the line to 50 %; advance or cash-against-documents only; do not lift the hedge before the advance arrives,60000000.0,,"ACADEMIC SIMULATION — not actual trades. Scores: illustrative logistic model trained on SYNTHETIC data, computed from information dated on or before each row's date"
2022-09-22,False,SUP_JEA_01,Khaleej Metal Resources FZE (SIM),SUPPLIER,48500820.0,claims/refunds owed by supplier (P3 supplier_exposure_inr) vs claims_exposure_limit_usd x usdinr,,,,,,0.0,0.0,,,,,,,,,,,,,NOT_SCORED,,NOT_SCORED,,,False,False,False,False,False,False,False,False,False,NOT_SCORED — the buyer default model does not describe supplier claims risk; limit monitored only,,,ACADEMIC SIMULATION — not actual trades
2022-09-22,False,SUP_USEC_01,Tidewater Recycling Corp (SIM),SUPPLIER,72751230.0,claims/refunds owed by supplier (P3 supplier_exposure_inr) vs claims_exposure_limit_usd x usdinr,,,,,,0.0,0.0,,,,,,,,,,,,,NOT_SCORED,,NOT_SCORED,,,False,False,False,False,False,False,False,False,False,NOT_SCORED — the buyer default model does not describe supplier claims risk; limit monitored only,,,ACADEMIC SIMULATION — not actual trades
2022-09-22,False,SUP_USEC_02,Delaware Bay Metals LLC (SIM),SUPPLIER,32333880.0,claims/refunds owed by supplier (P3 supplier_exposure_inr) vs claims_exposure_limit_usd x usdinr,,,,,,0.0,0.0,,,,,,,,,,,,,NOT_SCORED,,NOT_SCORED,,,False,False,False,False,False,False,False,False,False,NOT_SCORED — the buyer default model does not describe supplier claims risk; limit monitored only,,,ACADEMIC SIMULATION — not actual trades
2022-09-23,False,BUY_JNPT_01,Taloja Alloys and Smelters Pvt Ltd (SIM),BUYER,560000000.0,"credit exposure = receivable + contracted-not-invoiced not covered by an advance (desk limit definition, P04 basis, evaluated daily) vs credit_limit_inr",151650000.0,0.0,151650000.0,0.0,151650000.0,151650000.0,0.27080357,0.27080357,0.27080357,0.27080357,0.0,0.0,0.43004464,19.0,41.29774127,0.10939606,0.09026786,0.43004464,0.02388521,B,0.0,B,0.9,1.0,False,False,False,False,False,False,False,False,False,MAINTAIN — watch utilisation; no increase without a clean review,560000000.0,,"ACADEMIC SIMULATION — not actual trades. Scores: illustrative logistic model trained on SYNTHETIC data, computed from information dated on or before each row's date"
2022-09-23,False,BUY_MUN_01,Kandla Metal Industries Pvt Ltd (SIM),BUYER,650000000.0,"credit exposure = receivable + contracted-not-invoiced not covered by an advance (desk limit definition, P04 basis, evaluated daily) vs credit_limit_inr",266516870.9156,0.0,266516870.9156,0.0,266516870.9156,266516870.9156,0.41002596,0.41002596,0.41002596,0.41002596,0.0,0.0,0.50152508,8.0,34.62833676,0.09236691,0.0,0.50152508,0.02018772,B,0.0,B,0.9,1.0,False,False,False,False,False,False,False,False,False,MAINTAIN — watch utilisation; no increase without a clean review,650000000.0,,"ACADEMIC SIMULATION — not actual trades. Scores: illustrative logistic model trained on SYNTHETIC data, computed from information dated on or before each row's date"
2022-09-23,False,BUY_RJK_01,Saurashtra Castings and Alloys Pvt Ltd (SIM),BUYER,120000000.0,"credit exposure = receivable + contracted-not-invoiced not covered by an advance (desk limit definition, P04 basis, evaluated daily) vs credit_limit_inr",89239103.0213,0.0,89239103.0213,0.0,89239103.0213,89239103.0213,0.74365919,0.74365919,0.74365919,0.74365919,0.0,7.0,0.74365919,37.0,19.44969199,0.59348589,1.82739375,2.57105294,0.41477074,D,1.0,D,0.5,0.0,False,False,False,False,False,False,True,True,False,REDUCE — cut the line to 50 %; advance or cash-against-documents only; do not lift the hedge before the advance arrives,60000000.0,,"ACADEMIC SIMULATION — not actual trades. Scores: illustrative logistic model trained on SYNTHETIC data, computed from information dated on or before each row's date"
2022-09-23,False,SUP_JEA_01,Khaleej Metal Resources FZE (SIM),SUPPLIER,48638820.0,claims/refunds owed by supplier (P3 supplier_exposure_inr) vs claims_exposure_limit_usd x usdinr,,,,,,0.0,0.0,,,,,,,,,,,,,NOT_SCORED,,NOT_SCORED,,,False,False,False,False,False,False,False,False,False,NOT_SCORED — the buyer default model does not describe supplier claims risk; limit monitored only,,,ACADEMIC SIMULATION — not actual trades
2022-09-23,False,SUP_USEC_01,Tidewater Recycling Corp (SIM),SUPPLIER,72958230.0,claims/refunds owed by supplier (P3 supplier_exposure_inr) vs claims_exposure_limit_usd x usdinr,,,,,,0.0,0.0,,,,,,,,,,,,,NOT_SCORED,,NOT_SCORED,,,False,False,False,False,False,False,False,False,False,NOT_SCORED — the buyer default model does not describe supplier claims risk; limit monitored only,,,ACADEMIC SIMULATION — not actual trades
2022-09-23,False,SUP_USEC_02,Delaware Bay Metals LLC (SIM),SUPPLIER,32425880.0,claims/refunds owed by supplier (P3 supplier_exposure_inr) vs claims_exposure_limit_usd x usdinr,,,,,,0.0,0.0,,,,,,,,,,,,,NOT_SCORED,,NOT_SCORED,,,False,False,False,False,False,False,False,False,False,NOT_SCORED — the buyer default model does not describe supplier claims risk; limit monitored only,,,ACADEMIC SIMULATION — not actual trades
2022-09-26,False,BUY_JNPT_01,Taloja Alloys and Smelters Pvt Ltd (SIM),BUYER,560000000.0,"credit exposure = receivable + contracted-not-invoiced not covered by an advance (desk limit definition, P04 basis, evaluated daily) vs credit_limit_inr",151650000.0,0.0,151650000.0,0.0,151650000.0,151650000.0,0.27080357,0.27080357,0.27080357,0.27080357,0.0,0.0,0.43004464,19.0,41.3963039,0.10939606,0.09026786,0.43004464,0.02384122,B,0.0,B,0.9,1.0,False,False,False,False,False,False,False,False,False,MAINTAIN — watch utilisation; no increase without a clean review,560000000.0,,"ACADEMIC SIMULATION — not actual trades. Scores: illustrative logistic model trained on SYNTHETIC data, computed from information dated on or before each row's date"
2022-09-26,False,BUY_MUN_01,Kandla Metal Industries Pvt Ltd (SIM),BUYER,650000000.0,"credit exposure = receivable + contracted-not-invoiced not covered by an advance (desk limit definition, P04 basis, evaluated daily) vs credit_limit_inr",266516870.9156,0.0,266516870.9156,0.0,266516870.9156,266516870.9156,0.41002596,0.41002596,0.41002596,0.41002596,0.0,0.0,0.50152508,8.0,34.72689938,0.09236691,0.0,0.50152508,0.02015039,B,0.0,B,0.9,1.0,False,False,False,False,False,False,False,False,False,MAINTAIN — watch utilisation; no increase without a clean review,650000000.0,,"ACADEMIC SIMULATION — not actual trades. Scores: illustrative logistic model trained on SYNTHETIC data, computed from information dated on or before each row's date"
2022-09-26,False,BUY_RJK_01,Saurashtra Castings and Alloys Pvt Ltd (SIM),BUYER,120000000.0,"credit exposure = receivable + contracted-not-invoiced not covered by an advance (desk limit definition, P04 basis, evaluated daily) vs credit_limit_inr",89239103.0213,0.0,89239103.0213,0.0,89239103.0213,89239103.0213,0.74365919,0.74365919,0.74365919,0.74365919,0.0,8.0,0.74365919,37.0,19.54825462,0.59348589,1.82739375,2.57105294,0.41431233,D,1.0,D,0.5,0.0,False,False,False,False,False,False,True,True,False,REDUCE — cut the line to 50 %; advance or cash-against-documents only; do not lift the hedge before the advance arrives,60000000.0,,"ACADEMIC SIMULATION — not actual trades. Scores: illustrative logistic model trained on SYNTHETIC data, computed from information dated on or before each row's date"
2022-09-26,False,SUP_JEA_01,Khaleej Metal Resources FZE (SIM),SUPPLIER,48955440.0,claims/refunds owed by supplier (P3 supplier_exposure_inr) vs claims_exposure_limit_usd x usdinr,,,,,,0.0,0.0,,,,,,,,,,,,,NOT_SCORED,,NOT_SCORED,,,False,False,False,False,False,False,False,False,False,NOT_SCORED — the buyer default model does not describe supplier claims risk; limit monitored only,,,ACADEMIC SIMULATION — not actual trades
2022-09-26,False,SUP_USEC_01,Tidewater Recycling Corp (SIM),SUPPLIER,73433160.0,claims/refunds owed by supplier (P3 supplier_exposure_inr) vs claims_exposure_limit_usd x usdinr,,,,,,0.0,0.0,,,,,,,,,,,,,NOT_SCORED,,NOT_SCORED,,,False,False,False,False,False,False,False,False,False,NOT_SCORED — the buyer default model does not describe supplier claims risk; limit monitored only,,,ACADEMIC SIMULATION — not actual trades
2022-09-26,False,SUP_USEC_02,Delaware Bay Metals LLC (SIM),SUPPLIER,32636960.0,claims/refunds owed by supplier (P3 supplier_exposure_inr) vs claims_exposure_limit_usd x usdinr,,,,,,0.0,0.0,,,,,,,,,,,,,NOT_SCORED,,NOT_SCORED,,,False,False,False,False,False,False,False,False,False,NOT_SCORED — the buyer default model does not describe supplier claims risk; limit monitored only,,,ACADEMIC SIMULATION — not actual trades
2022-09-27,False,BUY_JNPT_01,Taloja Alloys and Smelters Pvt Ltd (SIM),BUYER,560000000.0,"credit exposure = receivable + contracted-not-invoiced not covered by an advance (desk limit definition, P04 basis, evaluated daily) vs credit_limit_inr",151650000.0,0.0,151650000.0,0.0,151650000.0,151650000.0,0.27080357,0.27080357,0.27080357,0.27080357,0.0,0.0,0.43004464,19.0,41.42915811,0.10939606,0.09026786,0.43004464,0.02382657,B,0.0,B,0.9,1.0,False,False,False,False,False,False,False,False,False,MAINTAIN — watch utilisation; no increase without a clean review,560000000.0,,"ACADEMIC SIMULATION — not actual trades. Scores: illustrative logistic model trained on SYNTHETIC data, computed from information dated on or before each row's date"
2022-09-27,False,BUY_MUN_01,Kandla Metal Industries Pvt Ltd (SIM),BUYER,650000000.0,"credit exposure = receivable + contracted-not-invoiced not covered by an advance (desk limit definition, P04 basis, evaluated daily) vs credit_limit_inr",266516870.9156,0.0,266516870.9156,0.0,266516870.9156,266516870.9156,0.41002596,0.41002596,0.41002596,0.41002596,0.0,0.0,0.48907624,8.0,34.75975359,0.09236691,0.0,0.48907624,0.01942043,A,0.0,A,1.0,1.0,False,False,False,False,False,False,False,False,False,MAINTAIN — eligible for a limit increase at the next review,650000000.0,,"ACADEMIC SIMULATION — not actual trades. Scores: illustrative logistic model trained on SYNTHETIC data, computed from information dated on or before each row's date"
2022-09-27,False,BUY_RJK_01,Saurashtra Castings and Alloys Pvt Ltd (SIM),BUYER,120000000.0,"credit exposure = receivable + contracted-not-invoiced not covered by an advance (desk limit definition, P04 basis, evaluated daily) vs credit_limit_inr",89239103.0213,0.0,89239103.0213,0.0,89239103.0213,89239103.0213,0.74365919,0.74365919,0.74365919,0.74365919,0.0,11.0,0.74365919,37.0,19.58110883,0.59348589,1.82739375,2.57105294,0.41415955,D,1.0,D,0.5,0.0,False,False,False,False,False,False,True,True,False,REDUCE — cut the line to 50 %; advance or cash-against-documents only; do not lift the hedge before the advance arrives,60000000.0,,"ACADEMIC SIMULATION — not actual trades. Scores: illustrative logistic model trained on SYNTHETIC data, computed from information dated on or before each row's date"
2022-09-27,False,SUP_JEA_01,Khaleej Metal Resources FZE (SIM),SUPPLIER,48884700.0,claims/refunds owed by supplier (P3 supplier_exposure_inr) vs claims_exposure_limit_usd x usdinr,,,,,,0.0,0.0,,,,,,,,,,,,,NOT_SCORED,,NOT_SCORED,,,False,False,False,False,False,False,False,False,False,NOT_SCORED — the buyer default model does not describe supplier claims risk; limit monitored only,,,ACADEMIC SIMULATION — not actual trades
2022-09-27,False,SUP_USEC_01,Tidewater Recycling Corp (SIM),SUPPLIER,73327050.0,claims/refunds owed by supplier (P3 supplier_exposure_inr) vs claims_exposure_limit_usd x usdinr,,,,,,0.0,0.0,,,,,,,,,,,,,NOT_SCORED,,NOT_SCORED,,,False,False,False,False,False,False,False,False,False,NOT_SCORED — the buyer default model does not describe supplier claims risk; limit monitored only,,,ACADEMIC SIMULATION — not actual trades
2022-09-27,False,SUP_USEC_02,Delaware Bay Metals LLC (SIM),SUPPLIER,32589800.0,claims/refunds owed by supplier (P3 supplier_exposure_inr) vs claims_exposure_limit_usd x usdinr,,,,,,0.0,0.0,,,,,,,,,,,,,NOT_SCORED,,NOT_SCORED,,,False,False,False,False,False,False,False,False,False,NOT_SCORED — the buyer default model does not describe supplier claims risk; limit monitored only,,,ACADEMIC SIMULATION — not actual trades
2022-09-28,False,BUY_JNPT_01,Taloja Alloys and Smelters Pvt Ltd (SIM),BUYER,560000000.0,"credit exposure = receivable + contracted-not-invoiced not covered by an advance (desk limit definition, P04 basis, evaluated daily) vs credit_limit_inr",151650000.0,0.0,151650000.0,0.0,151650000.0,151650000.0,0.27080357,0.27080357,0.27080357,0.27080357,0.0,0.0,0.43004464,19.0,41.46201232,0.10939606,0.09026786,0.43004464,0.02381193,B,0.0,B,0.9,1.0,False,False,False,False,False,False,False,False,False,MAINTAIN — watch utilisation; no increase without a clean review,560000000.0,,"ACADEMIC SIMULATION — not actual trades. Scores: illustrative logistic model trained on SYNTHETIC data, computed from information dated on or before each row's date"
2022-09-28,False,BUY_MUN_01,Kandla Metal Industries Pvt Ltd (SIM),BUYER,650000000.0,"credit exposure = receivable + contracted-not-invoiced not covered by an advance (desk limit definition, P04 basis, evaluated daily) vs credit_limit_inr",266516870.9156,0.0,266516870.9156,0.0,266516870.9156,266516870.9156,0.41002596,0.41002596,0.41002596,0.41002596,0.0,0.0,0.48163898,8.0,34.7926078,0.09236691,0.0,0.48163898,0.01899205,A,0.0,A,1.0,1.0,False,False,False,False,False,False,False,False,False,MAINTAIN — eligible for a limit increase at the next review,650000000.0,,"ACADEMIC SIMULATION — not actual trades. Scores: illustrative logistic model trained on SYNTHETIC data, computed from information dated on or before each row's date"
2022-09-28,False,BUY_RJK_01,Saurashtra Castings and Alloys Pvt Ltd (SIM),BUYER,120000000.0,"credit exposure = receivable + contracted-not-invoiced not covered by an advance (desk limit definition, P04 basis, evaluated daily) vs credit_limit_inr",89239103.0213,0.0,89239103.0213,0.0,89239103.0213,89239103.0213,0.74365919,0.74365919,0.74365919,0.74365919,0.0,12.0,0.74365919,37.0,19.61396304,0.59348589,1.82739375,2.57105294,0.4140068,D,1.0,D,0.5,0.0,False,False,False,False,False,False,True,True,False,REDUCE — cut the line to 50 %; advance or cash-against-documents only; do not lift the hedge before the advance arrives,60000000.0,,"ACADEMIC SIMULATION — not actual trades. Scores: illustrative logistic model trained on SYNTHETIC data, computed from information dated on or before each row's date"
2022-09-28,False,SUP_JEA_01,Khaleej Metal Resources FZE (SIM),SUPPLIER,49094940.0,claims/refunds owed by supplier (P3 supplier_exposure_inr) vs claims_exposure_limit_usd x usdinr,,,,,,0.0,0.0,,,,,,,,,,,,,NOT_SCORED,,NOT_SCORED,,,False,False,False,False,False,False,False,False,False,NOT_SCORED — the buyer default model does not describe supplier claims risk; limit monitored only,,,ACADEMIC SIMULATION — not actual trades
2022-09-28,False,SUP_USEC_01,Tidewater Recycling Corp (SIM),SUPPLIER,73642410.0,claims/refunds owed by supplier (P3 supplier_exposure_inr) vs claims_exposure_limit_usd x usdinr,,,,,,0.0,0.0,,,,,,,,,,,,,NOT_SCORED,,NOT_SCORED,,,False,False,False,False,False,False,False,False,False,NOT_SCORED — the buyer default model does not describe supplier claims risk; limit monitored only,,,ACADEMIC SIMULATION — not actual trades
2022-09-28,False,SUP_USEC_02,Delaware Bay Metals LLC (SIM),SUPPLIER,32729960.0,claims/refunds owed by supplier (P3 supplier_exposure_inr) vs claims_exposure_limit_usd x usdinr,,,,,,0.0,0.0,,,,,,,,,,,,,NOT_SCORED,,NOT_SCORED,,,False,False,False,False,False,False,False,False,False,NOT_SCORED — the buyer default model does not describe supplier claims risk; limit monitored only,,,ACADEMIC SIMULATION — not actual trades
2022-09-29,False,BUY_JNPT_01,Taloja Alloys and Smelters Pvt Ltd (SIM),BUYER,560000000.0,"credit exposure = receivable + contracted-not-invoiced not covered by an advance (desk limit definition, P04 basis, evaluated daily) vs credit_limit_inr",151650000.0,0.0,151650000.0,0.0,151650000.0,151650000.0,0.27080357,0.27080357,0.27080357,0.27080357,0.0,0.0,0.43004464,19.0,41.49486653,0.10939606,0.09026786,0.43004464,0.0237973,B,0.0,B,0.9,1.0,False,False,False,False,False,False,False,False,False,MAINTAIN — watch utilisation; no increase without a clean review,560000000.0,,"ACADEMIC SIMULATION — not actual trades. Scores: illustrative logistic model trained on SYNTHETIC data, computed from information dated on or before each row's date"
2022-09-29,False,BUY_MUN_01,Kandla Metal Industries Pvt Ltd (SIM),BUYER,650000000.0,"credit exposure = receivable + contracted-not-invoiced not covered by an advance (desk limit definition, P04 basis, evaluated daily) vs credit_limit_inr",266516870.9156,0.0,266516870.9156,0.0,266516870.9156,266516870.9156,0.41002596,0.41002596,0.41002596,0.41002596,0.0,0.0,0.48163898,8.0,34.82546201,0.09236691,0.0,0.48163898,0.01898033,A,0.0,A,1.0,1.0,False,False,False,False,False,False,False,False,False,MAINTAIN — eligible for a limit increase at the next review,650000000.0,,"ACADEMIC SIMULATION — not actual trades. Scores: illustrative logistic model trained on SYNTHETIC data, computed from information dated on or before each row's date"
2022-09-29,False,BUY_RJK_01,Saurashtra Castings and Alloys Pvt Ltd (SIM),BUYER,120000000.0,"credit exposure = receivable + contracted-not-invoiced not covered by an advance (desk limit definition, P04 basis, evaluated daily) vs credit_limit_inr",89239103.0213,0.0,89239103.0213,0.0,89239103.0213,89239103.0213,0.74365919,0.74365919,0.74365919,0.74365919,0.0,13.0,0.74365919,37.0,19.64681725,0.59348589,1.82739375,2.57105294,0.41385406,D,1.0,D,0.5,0.0,False,False,False,False,False,False,True,True,False,REDUCE — cut the line to 50 %; advance or cash-against-documents only; do not lift the hedge before the advance arrives,60000000.0,,"ACADEMIC SIMULATION — not actual trades. Scores: illustrative logistic model trained on SYNTHETIC data, computed from information dated on or before each row's date"
2022-09-29,False,SUP_JEA_01,Khaleej Metal Resources FZE (SIM),SUPPLIER,49029900.0,claims/refunds owed by supplier (P3 supplier_exposure_inr) vs claims_exposure_limit_usd x usdinr,,,,,,0.0,0.0,,,,,,,,,,,,,NOT_SCORED,,NOT_SCORED,,,False,False,False,False,False,False,False,False,False,NOT_SCORED — the buyer default model does not describe supplier claims risk; limit monitored only,,,ACADEMIC SIMULATION — not actual trades
2022-09-29,False,SUP_USEC_01,Tidewater Recycling Corp (SIM),SUPPLIER,73544850.0,claims/refunds owed by supplier (P3 supplier_exposure_inr) vs claims_exposure_limit_usd x usdinr,,,,,,0.0,0.0,,,,,,,,,,,,,NOT_SCORED,,NOT_SCORED,,,False,False,False,False,False,False,False,False,False,NOT_SCORED — the buyer default model does not describe supplier claims risk; limit monitored only,,,ACADEMIC SIMULATION — not actual trades
2022-09-29,False,SUP_USEC_02,Delaware Bay Metals LLC (SIM),SUPPLIER,32686600.0,claims/refunds owed by supplier (P3 supplier_exposure_inr) vs claims_exposure_limit_usd x usdinr,,,,,,0.0,0.0,,,,,,,,,,,,,NOT_SCORED,,NOT_SCORED,,,False,False,False,False,False,False,False,False,False,NOT_SCORED — the buyer default model does not describe supplier claims risk; limit monitored only,,,ACADEMIC SIMULATION — not actual trades
2022-09-30,False,BUY_JNPT_01,Taloja Alloys and Smelters Pvt Ltd (SIM),BUYER,560000000.0,"credit exposure = receivable + contracted-not-invoiced not covered by an advance (desk limit definition, P04 basis, evaluated daily) vs credit_limit_inr",151650000.0,0.0,151650000.0,0.0,151650000.0,151650000.0,0.27080357,0.27080357,0.27080357,0.27080357,0.0,0.0,0.43004464,19.0,41.52772074,0.10939606,0.09026786,0.43004464,0.02378268,B,0.0,B,0.9,1.0,False,False,False,False,False,False,False,False,False,MAINTAIN — watch utilisation; no increase without a clean review,560000000.0,,"ACADEMIC SIMULATION — not actual trades. Scores: illustrative logistic model trained on SYNTHETIC data, computed from information dated on or before each row's date"
2022-09-30,False,BUY_MUN_01,Kandla Metal Industries Pvt Ltd (SIM),BUYER,650000000.0,"credit exposure = receivable + contracted-not-invoiced not covered by an advance (desk limit definition, P04 basis, evaluated daily) vs credit_limit_inr",266516870.9156,0.0,266516870.9156,0.0,266516870.9156,266516870.9156,0.41002596,0.41002596,0.41002596,0.41002596,0.0,0.0,0.48163898,8.0,34.85831622,0.09236691,0.0,0.48163898,0.01896861,A,0.0,A,1.0,1.0,False,False,False,False,False,False,False,False,False,MAINTAIN — eligible for a limit increase at the next review,650000000.0,,"ACADEMIC SIMULATION — not actual trades. Scores: illustrative logistic model trained on SYNTHETIC data, computed from information dated on or before each row's date"
2022-09-30,False,BUY_RJK_01,Saurashtra Castings and Alloys Pvt Ltd (SIM),BUYER,120000000.0,"credit exposure = receivable + contracted-not-invoiced not covered by an advance (desk limit definition, P04 basis, evaluated daily) vs credit_limit_inr",89239103.0213,0.0,89239103.0213,0.0,89239103.0213,89239103.0213,0.74365919,0.74365919,0.74365919,0.74365919,0.0,14.0,0.74365919,37.0,19.67967146,0.59348589,1.82739375,2.57105294,0.41370134,D,1.0,D,0.5,0.0,False,False,False,False,False,False,True,True,False,REDUCE — cut the line to 50 %; advance or cash-against-documents only; do not lift the hedge before the advance arrives,60000000.0,,"ACADEMIC SIMULATION — not actual trades. Scores: illustrative logistic model trained on SYNTHETIC data, computed from information dated on or before each row's date"
2022-09-30,False,SUP_JEA_01,Khaleej Metal Resources FZE (SIM),SUPPLIER,48886980.0,claims/refunds owed by supplier (P3 supplier_exposure_inr) vs claims_exposure_limit_usd x usdinr,,,,,,0.0,0.0,,,,,,,,,,,,,NOT_SCORED,,NOT_SCORED,,,False,False,False,False,False,False,False,False,False,NOT_SCORED — the buyer default model does not describe supplier claims risk; limit monitored only,,,ACADEMIC SIMULATION — not actual trades
2022-09-30,False,SUP_USEC_01,Tidewater Recycling Corp (SIM),SUPPLIER,73330470.0,claims/refunds owed by supplier (P3 supplier_exposure_inr) vs claims_exposure_limit_usd x usdinr,,,,,,0.0,0.0,,,,,,,,,,,,,NOT_SCORED,,NOT_SCORED,,,False,False,False,False,False,False,False,False,False,NOT_SCORED — the buyer default model does not describe supplier claims risk; limit monitored only,,,ACADEMIC SIMULATION — not actual trades
2022-09-30,False,SUP_USEC_02,Delaware Bay Metals LLC (SIM),SUPPLIER,32591320.0,claims/refunds owed by supplier (P3 supplier_exposure_inr) vs claims_exposure_limit_usd x usdinr,,,,,,0.0,0.0,,,,,,,,,,,,,NOT_SCORED,,NOT_SCORED,,,False,False,False,False,False,False,False,False,False,NOT_SCORED — the buyer default model does not describe supplier claims risk; limit monitored only,,,ACADEMIC SIMULATION — not actual trades
2022-10-03,False,BUY_JNPT_01,Taloja Alloys and Smelters Pvt Ltd (SIM),BUYER,560000000.0,"credit exposure = receivable + contracted-not-invoiced not covered by an advance (desk limit definition, P04 basis, evaluated daily) vs credit_limit_inr",151650000.0,0.0,151650000.0,0.0,151650000.0,151650000.0,0.27080357,0.27080357,0.27080357,0.27080357,0.0,0.0,0.43004464,19.0,41.62628337,0.10939606,0.09026786,0.43004464,0.02373886,B,0.0,B,0.9,1.0,False,False,False,False,False,False,False,False,False,MAINTAIN — watch utilisation; no increase without a clean review,560000000.0,,"ACADEMIC SIMULATION — not actual trades. Scores: illustrative logistic model trained on SYNTHETIC data, computed from information dated on or before each row's date"
2022-10-03,False,BUY_MUN_01,Kandla Metal Industries Pvt Ltd (SIM),BUYER,650000000.0,"credit exposure = receivable + contracted-not-invoiced not covered by an advance (desk limit definition, P04 basis, evaluated daily) vs credit_limit_inr",266516870.9156,0.0,266516870.9156,0.0,266516870.9156,266516870.9156,0.41002596,0.41002596,0.41002596,0.41002596,0.0,0.0,0.47763806,8.0,34.95687885,0.09236691,0.0,0.47763806,0.01871379,A,0.0,A,1.0,1.0,False,False,False,False,False,False,False,False,False,MAINTAIN — eligible for a limit increase at the next review,650000000.0,,"ACADEMIC SIMULATION — not actual trades. Scores: illustrative logistic model trained on SYNTHETIC data, computed from information dated on or before each row's date"
2022-10-03,False,BUY_RJK_01,Saurashtra Castings and Alloys Pvt Ltd (SIM),BUYER,120000000.0,"credit exposure = receivable + contracted-not-invoiced not covered by an advance (desk limit definition, P04 basis, evaluated daily) vs credit_limit_inr",89239103.0213,0.0,89239103.0213,0.0,89239103.0213,89239103.0213,0.74365919,0.74365919,0.74365919,0.74365919,0.0,15.0,0.74365919,37.0,19.77823409,0.59348589,1.82739375,2.57105294,0.41324327,D,1.0,D,0.5,0.0,False,False,False,False,False,False,True,True,False,REDUCE — cut the line to 50 %; advance or cash-against-documents only; do not lift the hedge before the advance arrives,60000000.0,,"ACADEMIC SIMULATION — not actual trades. Scores: illustrative logistic model trained on SYNTHETIC data, computed from information dated on or before each row's date"
2022-10-03,False,SUP_JEA_01,Khaleej Metal Resources FZE (SIM),SUPPLIER,49097520.0,claims/refunds owed by supplier (P3 supplier_exposure_inr) vs claims_exposure_limit_usd x usdinr,,,,,,0.0,0.0,,,,,,,,,,,,,NOT_SCORED,,NOT_SCORED,,,False,False,False,False,False,False,False,False,False,NOT_SCORED — the buyer default model does not describe supplier claims risk; limit monitored only,,,ACADEMIC SIMULATION — not actual trades
2022-10-03,False,SUP_USEC_01,Tidewater Recycling Corp (SIM),SUPPLIER,73646280.0,claims/refunds owed by supplier (P3 supplier_exposure_inr) vs claims_exposure_limit_usd x usdinr,,,,,,0.0,0.0,,,,,,,,,,,,,NOT_SCORED,,NOT_SCORED,,,False,False,False,False,False,False,False,False,False,NOT_SCORED — the buyer default model does not describe supplier claims risk; limit monitored only,,,ACADEMIC SIMULATION — not actual trades
2022-10-03,False,SUP_USEC_02,Delaware Bay Metals LLC (SIM),SUPPLIER,32731680.0,claims/refunds owed by supplier (P3 supplier_exposure_inr) vs claims_exposure_limit_usd x usdinr,,,,,,0.0,0.0,,,,,,,,,,,,,NOT_SCORED,,NOT_SCORED,,,False,False,False,False,False,False,False,False,False,NOT_SCORED — the buyer default model does not describe supplier claims risk; limit monitored only,,,ACADEMIC SIMULATION — not actual trades
2022-10-04,False,BUY_JNPT_01,Taloja Alloys and Smelters Pvt Ltd (SIM),BUYER,560000000.0,"credit exposure = receivable + contracted-not-invoiced not covered by an advance (desk limit definition, P04 basis, evaluated daily) vs credit_limit_inr",151650000.0,0.0,151650000.0,0.0,151650000.0,151650000.0,0.27080357,0.27080357,0.27080357,0.27080357,0.0,0.0,0.43004464,19.0,41.65913758,0.10939606,0.09026786,0.43004464,0.02372427,B,0.0,B,0.9,1.0,False,False,False,False,False,False,False,False,False,MAINTAIN — watch utilisation; no increase without a clean review,560000000.0,,"ACADEMIC SIMULATION — not actual trades. Scores: illustrative logistic model trained on SYNTHETIC data, computed from information dated on or before each row's date"
2022-10-04,False,BUY_MUN_01,Kandla Metal Industries Pvt Ltd (SIM),BUYER,650000000.0,"credit exposure = receivable + contracted-not-invoiced not covered by an advance (desk limit definition, P04 basis, evaluated daily) vs credit_limit_inr",266516870.9156,0.0,266516870.9156,0.0,266516870.9156,266516870.9156,0.41002596,0.41002596,0.41002596,0.41002596,0.0,0.0,0.47763806,8.0,34.98973306,0.09236691,0.0,0.47763806,0.01870223,A,0.0,A,1.0,1.0,False,False,False,False,False,False,False,False,False,MAINTAIN — eligible for a limit increase at the next review,650000000.0,,"ACADEMIC SIMULATION — not actual trades. Scores: illustrative logistic model trained on SYNTHETIC data, computed from information dated on or before each row's date"
2022-10-04,False,BUY_RJK_01,Saurashtra Castings and Alloys Pvt Ltd (SIM),BUYER,120000000.0,"credit exposure = receivable + contracted-not-invoiced not covered by an advance (desk limit definition, P04 basis, evaluated daily) vs credit_limit_inr",89239103.0213,0.0,89239103.0213,0.0,89239103.0213,89239103.0213,0.74365919,0.74365919,0.74365919,0.74365919,0.0,18.0,0.74365919,37.0,19.8110883,0.59348589,1.82739375,2.57105294,0.41309062,D,1.0,D,0.5,0.0,False,False,False,False,False,False,True,True,False,REDUCE — cut the line to 50 %; advance or cash-against-documents only; do not lift the hedge before the advance arrives,60000000.0,,"ACADEMIC SIMULATION — not actual trades. Scores: illustrative logistic model trained on SYNTHETIC data, computed from information dated on or before each row's date"
2022-10-04,False,SUP_JEA_01,Khaleej Metal Resources FZE (SIM),SUPPLIER,48953280.0,claims/refunds owed by supplier (P3 supplier_exposure_inr) vs claims_exposure_limit_usd x usdinr,,,,,,0.0,0.0,,,,,,,,,,,,,NOT_SCORED,,NOT_SCORED,,,False,False,False,False,False,False,False,False,False,NOT_SCORED — the buyer default model does not describe supplier claims risk; limit monitored only,,,ACADEMIC SIMULATION — not actual trades
2022-10-04,False,SUP_USEC_01,Tidewater Recycling Corp (SIM),SUPPLIER,73429920.0,claims/refunds owed by supplier (P3 supplier_exposure_inr) vs claims_exposure_limit_usd x usdinr,,,,,,0.0,0.0,,,,,,,,,,,,,NOT_SCORED,,NOT_SCORED,,,False,False,False,False,False,False,False,False,False,NOT_SCORED — the buyer default model does not describe supplier claims risk; limit monitored only,,,ACADEMIC SIMULATION — not actual trades
2022-10-04,False,SUP_USEC_02,Delaware Bay Metals LLC (SIM),SUPPLIER,32635520.0,claims/refunds owed by supplier (P3 supplier_exposure_inr) vs claims_exposure_limit_usd x usdinr,,,,,,0.0,0.0,,,,,,,,,,,,,NOT_SCORED,,NOT_SCORED,,,False,False,False,False,False,False,False,False,False,NOT_SCORED — the buyer default model does not describe supplier claims risk; limit monitored only,,,ACADEMIC SIMULATION — not actual trades
2022-10-05,False,BUY_JNPT_01,Taloja Alloys and Smelters Pvt Ltd (SIM),BUYER,560000000.0,"credit exposure = receivable + contracted-not-invoiced not covered by an advance (desk limit definition, P04 basis, evaluated daily) vs credit_limit_inr",151650000.0,0.0,151650000.0,0.0,151650000.0,151650000.0,0.27080357,0.27080357,0.27080357,0.27080357,0.0,0.0,0.43004464,19.0,41.69199179,0.10939606,0.09026786,0.43004464,0.0237097,B,0.0,B,0.9,1.0,False,False,False,False,False,False,False,False,False,MAINTAIN — watch utilisation; no increase without a clean review,560000000.0,,"ACADEMIC SIMULATION — not actual trades. Scores: illustrative logistic model trained on SYNTHETIC data, computed from information dated on or before each row's date"
2022-10-05,False,BUY_MUN_01,Kandla Metal Industries Pvt Ltd (SIM),BUYER,650000000.0,"credit exposure = receivable + contracted-not-invoiced not covered by an advance (desk limit definition, P04 basis, evaluated daily) vs credit_limit_inr",266516870.9156,0.0,266516870.9156,0.0,266516870.9156,266516870.9156,0.41002596,0.41002596,0.41002596,0.41002596,0.0,0.0,0.47763806,8.0,35.02258727,0.09236691,0.0,0.47763806,0.01869068,A,0.0,A,1.0,1.0,False,False,False,False,False,False,False,False,False,MAINTAIN — eligible for a limit increase at the next review,650000000.0,,"ACADEMIC SIMULATION — not actual trades. Scores: illustrative logistic model trained on SYNTHETIC data, computed from information dated on or before each row's date"
2022-10-05,False,BUY_RJK_01,Saurashtra Castings and Alloys Pvt Ltd (SIM),BUYER,120000000.0,"credit exposure = receivable + contracted-not-invoiced not covered by an advance (desk limit definition, P04 basis, evaluated daily) vs credit_limit_inr",89239103.0213,0.0,89239103.0213,0.0,89239103.0213,89239103.0213,0.74365919,0.74365919,0.74365919,0.74365919,0.0,19.0,0.74365919,37.0,19.84394251,0.59348589,1.82739375,2.57105294,0.41293798,D,1.0,D,0.5,0.0,False,False,False,False,False,False,True,True,False,REDUCE — cut the line to 50 %; advance or cash-against-documents only; do not lift the hedge before the advance arrives,60000000.0,,"ACADEMIC SIMULATION — not actual trades. Scores: illustrative logistic model trained on SYNTHETIC data, computed from information dated on or before each row's date"
2022-10-05,False,SUP_JEA_01,Khaleej Metal Resources FZE (SIM),SUPPLIER,48961560.0,claims/refunds owed by supplier (P3 supplier_exposure_inr) vs claims_exposure_limit_usd x usdinr,,,,,,0.0,0.0,,,,,,,,,,,,,NOT_SCORED,,NOT_SCORED,,,False,False,False,False,False,False,False,False,False,NOT_SCORED — the buyer default model does not describe supplier claims risk; limit monitored only,,,ACADEMIC SIMULATION — not actual trades
2022-10-05,False,SUP_USEC_01,Tidewater Recycling Corp (SIM),SUPPLIER,73442340.0,claims/refunds owed by supplier (P3 supplier_exposure_inr) vs claims_exposure_limit_usd x usdinr,,,,,,0.0,0.0,,,,,,,,,,,,,NOT_SCORED,,NOT_SCORED,,,False,False,False,False,False,False,False,False,False,NOT_SCORED — the buyer default model does not describe supplier claims risk; limit monitored only,,,ACADEMIC SIMULATION — not actual trades
2022-10-05,False,SUP_USEC_02,Delaware Bay Metals LLC (SIM),SUPPLIER,32641040.0,claims/refunds owed by supplier (P3 supplier_exposure_inr) vs claims_exposure_limit_usd x usdinr,,,,,,0.0,0.0,,,,,,,,,,,,,NOT_SCORED,,NOT_SCORED,,,False,False,False,False,False,False,False,False,False,NOT_SCORED — the buyer default model does not describe supplier claims risk; limit monitored only,,,ACADEMIC SIMULATION — not actual trades
2022-10-06,False,BUY_JNPT_01,Taloja Alloys and Smelters Pvt Ltd (SIM),BUYER,560000000.0,"credit exposure = receivable + contracted-not-invoiced not covered by an advance (desk limit definition, P04 basis, evaluated daily) vs credit_limit_inr",151650000.0,0.0,151650000.0,0.0,151650000.0,151650000.0,0.27080357,0.27080357,0.27080357,0.27080357,0.0,0.0,0.43004464,19.0,41.724846,0.10939606,0.09026786,0.43004464,0.02369513,B,0.0,B,0.9,1.0,False,False,False,False,False,False,False,False,False,MAINTAIN — watch utilisation; no increase without a clean review,560000000.0,,"ACADEMIC SIMULATION — not actual trades. Scores: illustrative logistic model trained on SYNTHETIC data, computed from information dated on or before each row's date"
2022-10-06,False,BUY_MUN_01,Kandla Metal Industries Pvt Ltd (SIM),BUYER,650000000.0,"credit exposure = receivable + contracted-not-invoiced not covered by an advance (desk limit definition, P04 basis, evaluated daily) vs credit_limit_inr",266516870.9156,0.0,266516870.9156,0.0,266516870.9156,266516870.9156,0.41002596,0.41002596,0.41002596,0.41002596,0.0,0.0,0.47711375,8.0,35.05544148,0.09236691,0.0,0.47711375,0.01865058,A,0.0,A,1.0,1.0,False,False,False,False,False,False,False,False,False,MAINTAIN — eligible for a limit increase at the next review,650000000.0,,"ACADEMIC SIMULATION — not actual trades. Scores: illustrative logistic model trained on SYNTHETIC data, computed from information dated on or before each row's date"
2022-10-06,False,BUY_RJK_01,Saurashtra Castings and Alloys Pvt Ltd (SIM),BUYER,120000000.0,"credit exposure = receivable + contracted-not-invoiced not covered by an advance (desk limit definition, P04 basis, evaluated daily) vs credit_limit_inr",89239103.0213,0.0,89239103.0213,0.0,89239103.0213,89239103.0213,0.74365919,0.74365919,0.74365919,0.74365919,0.0,20.0,0.74365919,37.0,19.87679671,0.59348589,1.82739375,2.57105294,0.41278536,D,1.0,D,0.5,0.0,False,False,False,False,False,False,True,True,False,REDUCE — cut the line to 50 %; advance or cash-against-documents only; do not lift the hedge before the advance arrives,60000000.0,,"ACADEMIC SIMULATION — not actual trades. Scores: illustrative logistic model trained on SYNTHETIC data, computed from information dated on or before each row's date"
2022-10-06,False,SUP_JEA_01,Khaleej Metal Resources FZE (SIM),SUPPLIER,49327500.0,claims/refunds owed by supplier (P3 supplier_exposure_inr) vs claims_exposure_limit_usd x usdinr,,,,,,0.0,0.0,,,,,,,,,,,,,NOT_SCORED,,NOT_SCORED,,,False,False,False,False,False,False,False,False,False,NOT_SCORED — the buyer default model does not describe supplier claims risk; limit monitored only,,,ACADEMIC SIMULATION — not actual trades
2022-10-06,False,SUP_USEC_01,Tidewater Recycling Corp (SIM),SUPPLIER,73991250.0,claims/refunds owed by supplier (P3 supplier_exposure_inr) vs claims_exposure_limit_usd x usdinr,,,,,,0.0,0.0,,,,,,,,,,,,,NOT_SCORED,,NOT_SCORED,,,False,False,False,False,False,False,False,False,False,NOT_SCORED — the buyer default model does not describe supplier claims risk; limit monitored only,,,ACADEMIC SIMULATION — not actual trades
2022-10-06,False,SUP_USEC_02,Delaware Bay Metals LLC (SIM),SUPPLIER,32885000.0,claims/refunds owed by supplier (P3 supplier_exposure_inr) vs claims_exposure_limit_usd x usdinr,,,,,,0.0,0.0,,,,,,,,,,,,,NOT_SCORED,,NOT_SCORED,,,False,False,False,False,False,False,False,False,False,NOT_SCORED — the buyer default model does not describe supplier claims risk; limit monitored only,,,ACADEMIC SIMULATION — not actual trades
2022-10-07,False,BUY_JNPT_01,Taloja Alloys and Smelters Pvt Ltd (SIM),BUYER,560000000.0,"credit exposure = receivable + contracted-not-invoiced not covered by an advance (desk limit definition, P04 basis, evaluated daily) vs credit_limit_inr",151650000.0,0.0,151650000.0,0.0,151650000.0,151650000.0,0.27080357,0.27080357,0.27080357,0.27080357,0.0,0.0,0.43004464,19.0,41.75770021,0.10939606,0.09026786,0.43004464,0.02368057,B,0.0,B,0.9,1.0,False,False,False,False,False,False,False,False,False,MAINTAIN — watch utilisation; no increase without a clean review,560000000.0,,"ACADEMIC SIMULATION — not actual trades. Scores: illustrative logistic model trained on SYNTHETIC data, computed from information dated on or before each row's date"
2022-10-07,False,BUY_MUN_01,Kandla Metal Industries Pvt Ltd (SIM),BUYER,650000000.0,"credit exposure = receivable + contracted-not-invoiced not covered by an advance (desk limit definition, P04 basis, evaluated daily) vs credit_limit_inr",266516870.9156,0.0,266516870.9156,0.0,266516870.9156,266516870.9156,0.41002596,0.41002596,0.41002596,0.41002596,0.0,0.0,0.47711375,8.0,35.08829569,0.09236691,0.0,0.47711375,0.01863906,A,0.0,A,1.0,1.0,False,False,False,False,False,False,False,False,False,MAINTAIN — eligible for a limit increase at the next review,650000000.0,,"ACADEMIC SIMULATION — not actual trades. Scores: illustrative logistic model trained on SYNTHETIC data, computed from information dated on or before each row's date"
2022-10-07,False,BUY_RJK_01,Saurashtra Castings and Alloys Pvt Ltd (SIM),BUYER,120000000.0,"credit exposure = receivable + contracted-not-invoiced not covered by an advance (desk limit definition, P04 basis, evaluated daily) vs credit_limit_inr",89239103.0213,0.0,89239103.0213,0.0,89239103.0213,89239103.0213,0.74365919,0.74365919,0.74365919,0.74365919,0.0,21.0,0.74365919,37.0,19.90965092,0.59348589,1.82739375,2.57105294,0.41263275,D,1.0,D,0.5,0.0,False,False,False,False,False,False,True,True,False,REDUCE — cut the line to 50 %; advance or cash-against-documents only; do not lift the hedge before the advance arrives,60000000.0,,"ACADEMIC SIMULATION — not actual trades. Scores: illustrative logistic model trained on SYNTHETIC data, computed from information dated on or before each row's date"
2022-10-07,False,SUP_JEA_01,Khaleej Metal Resources FZE (SIM),SUPPLIER,49329000.0,claims/refunds owed by supplier (P3 supplier_exposure_inr) vs claims_exposure_limit_usd x usdinr,,,,,,0.0,0.0,,,,,,,,,,,,,NOT_SCORED,,NOT_SCORED,,,False,False,False,False,False,False,False,False,False,NOT_SCORED — the buyer default model does not describe supplier claims risk; limit monitored only,,,ACADEMIC SIMULATION — not actual trades
2022-10-07,False,SUP_USEC_01,Tidewater Recycling Corp (SIM),SUPPLIER,73993500.0,claims/refunds owed by supplier (P3 supplier_exposure_inr) vs claims_exposure_limit_usd x usdinr,,,,,,0.0,0.0,,,,,,,,,,,,,NOT_SCORED,,NOT_SCORED,,,False,False,False,False,False,False,False,False,False,NOT_SCORED — the buyer default model does not describe supplier claims risk; limit monitored only,,,ACADEMIC SIMULATION — not actual trades
2022-10-07,False,SUP_USEC_02,Delaware Bay Metals LLC (SIM),SUPPLIER,32886000.0,claims/refunds owed by supplier (P3 supplier_exposure_inr) vs claims_exposure_limit_usd x usdinr,,,,,,0.0,0.0,,,,,,,,,,,,,NOT_SCORED,,NOT_SCORED,,,False,False,False,False,False,False,False,False,False,NOT_SCORED — the buyer default model does not describe supplier claims risk; limit monitored only,,,ACADEMIC SIMULATION — not actual trades
2022-10-10,False,BUY_JNPT_01,Taloja Alloys and Smelters Pvt Ltd (SIM),BUYER,560000000.0,"credit exposure = receivable + contracted-not-invoiced not covered by an advance (desk limit definition, P04 basis, evaluated daily) vs credit_limit_inr",0.0,0.0,0.0,0.0,0.0,0.0,0.0,0.0,0.0,0.0,0.0,0.0,0.43004464,19.0,41.85626283,0.10939606,0.09026786,0.43004464,0.02363694,B,0.0,B,0.9,1.0,False,False,False,False,False,False,False,False,False,MAINTAIN — watch utilisation; no increase without a clean review,560000000.0,BALANCE_DUE T09-S1; BALANCE_PAID T09-S1,"ACADEMIC SIMULATION — not actual trades. Scores: illustrative logistic model trained on SYNTHETIC data, computed from information dated on or before each row's date"
2022-10-10,False,BUY_MUN_01,Kandla Metal Industries Pvt Ltd (SIM),BUYER,650000000.0,"credit exposure = receivable + contracted-not-invoiced not covered by an advance (desk limit definition, P04 basis, evaluated daily) vs credit_limit_inr",0.0,0.0,0.0,0.0,0.0,0.0,0.0,0.0,0.0,0.0,0.0,0.0,0.47711375,8.0,35.18685832,0.09236691,0.0,0.47711375,0.01860454,A,0.0,A,1.0,1.0,False,False,False,False,False,False,False,False,False,MAINTAIN — eligible for a limit increase at the next review,650000000.0,BALANCE_DUE T08-S1; BALANCE_PAID T08-S1,"ACADEMIC SIMULATION — not actual trades. Scores: illustrative logistic model trained on SYNTHETIC data, computed from information dated on or before each row's date"
2022-10-10,False,BUY_RJK_01,Saurashtra Castings and Alloys Pvt Ltd (SIM),BUYER,120000000.0,"credit exposure = receivable + contracted-not-invoiced not covered by an advance (desk limit definition, P04 basis, evaluated daily) vs credit_limit_inr",89239103.0213,0.0,89239103.0213,0.0,89239103.0213,89239103.0213,0.74365919,0.74365919,0.74365919,0.74365919,0.0,22.0,0.74365919,37.0,20.00821355,0.59348589,1.82739375,2.57105294,0.41217504,D,1.0,D,0.5,0.0,False,False,False,False,False,False,True,True,False,REDUCE — cut the line to 50 %; advance or cash-against-documents only; do not lift the hedge before the advance arrives,60000000.0,,"ACADEMIC SIMULATION — not actual trades. Scores: illustrative logistic model trained on SYNTHETIC data, computed from information dated on or before each row's date"
2022-10-10,False,SUP_JEA_01,Khaleej Metal Resources FZE (SIM),SUPPLIER,49479900.0,claims/refunds owed by supplier (P3 supplier_exposure_inr) vs claims_exposure_limit_usd x usdinr,,,,,,0.0,0.0,,,,,,,,,,,,,NOT_SCORED,,NOT_SCORED,,,False,False,False,False,False,False,False,False,False,NOT_SCORED — the buyer default model does not describe supplier claims risk; limit monitored only,,,ACADEMIC SIMULATION — not actual trades
2022-10-10,False,SUP_USEC_01,Tidewater Recycling Corp (SIM),SUPPLIER,74219850.0,claims/refunds owed by supplier (P3 supplier_exposure_inr) vs claims_exposure_limit_usd x usdinr,,,,,,0.0,0.0,,,,,,,,,,,,,NOT_SCORED,,NOT_SCORED,,,False,False,False,False,False,False,False,False,False,NOT_SCORED — the buyer default model does not describe supplier claims risk; limit monitored only,,,ACADEMIC SIMULATION — not actual trades
2022-10-10,False,SUP_USEC_02,Delaware Bay Metals LLC (SIM),SUPPLIER,32986600.0,claims/refunds owed by supplier (P3 supplier_exposure_inr) vs claims_exposure_limit_usd x usdinr,,,,,,0.0,0.0,,,,,,,,,,,,,NOT_SCORED,,NOT_SCORED,,,False,False,False,False,False,False,False,False,False,NOT_SCORED — the buyer default model does not describe supplier claims risk; limit monitored only,,,ACADEMIC SIMULATION — not actual trades
2022-10-11,False,BUY_JNPT_01,Taloja Alloys and Smelters Pvt Ltd (SIM),BUYER,560000000.0,"credit exposure = receivable + contracted-not-invoiced not covered by an advance (desk limit definition, P04 basis, evaluated daily) vs credit_limit_inr",0.0,0.0,0.0,0.0,0.0,0.0,0.0,0.0,0.0,0.0,0.0,0.0,0.43004464,19.0,41.88911704,0.10939606,0.09026786,0.43004464,0.02362241,B,0.0,B,0.9,1.0,False,False,False,False,False,False,False,False,False,MAINTAIN — watch utilisation; no increase without a clean review,560000000.0,,"ACADEMIC SIMULATION — not actual trades. Scores: illustrative logistic model trained on SYNTHETIC data, computed from information dated on or before each row's date"
2022-10-11,False,BUY_MUN_01,Kandla Metal Industries Pvt Ltd (SIM),BUYER,650000000.0,"credit exposure = receivable + contracted-not-invoiced not covered by an advance (desk limit definition, P04 basis, evaluated daily) vs credit_limit_inr",0.0,0.0,0.0,0.0,0.0,0.0,0.0,0.0,0.0,0.0,0.0,0.0,0.47711375,8.0,35.21971253,0.09236691,0.0,0.47711375,0.01859305,A,0.0,A,1.0,1.0,False,False,False,False,False,False,False,False,False,MAINTAIN — eligible for a limit increase at the next review,650000000.0,,"ACADEMIC SIMULATION — not actual trades. Scores: illustrative logistic model trained on SYNTHETIC data, computed from information dated on or before each row's date"
2022-10-11,False,BUY_RJK_01,Saurashtra Castings and Alloys Pvt Ltd (SIM),BUYER,120000000.0,"credit exposure = receivable + contracted-not-invoiced not covered by an advance (desk limit definition, P04 basis, evaluated daily) vs credit_limit_inr",0.0,0.0,0.0,0.0,0.0,0.0,0.0,0.0,0.0,0.0,0.0,25.0,0.74365919,37.0,20.04106776,0.59348589,1.82739375,2.57105294,0.4120225,D,1.0,D,0.5,0.0,False,False,False,False,False,False,True,False,False,REDUCE — cut the line to 50 %; advance or cash-against-documents only; do not lift the hedge before the advance arrives,60000000.0,BALANCE_PAID T07-S1 26 days after contractual due,"ACADEMIC SIMULATION — not actual trades. Scores: illustrative logistic model trained on SYNTHETIC data, computed from information dated on or before each row's date"
2022-10-11,False,SUP_JEA_01,Khaleej Metal Resources FZE (SIM),SUPPLIER,49340040.0,claims/refunds owed by supplier (P3 supplier_exposure_inr) vs claims_exposure_limit_usd x usdinr,,,,,,0.0,0.0,,,,,,,,,,,,,NOT_SCORED,,NOT_SCORED,,,False,False,False,False,False,False,False,False,False,NOT_SCORED — the buyer default model does not describe supplier claims risk; limit monitored only,,,ACADEMIC SIMULATION — not actual trades
2022-10-11,False,SUP_USEC_01,Tidewater Recycling Corp (SIM),SUPPLIER,74010060.0,claims/refunds owed by supplier (P3 supplier_exposure_inr) vs claims_exposure_limit_usd x usdinr,,,,,,0.0,0.0,,,,,,,,,,,,,NOT_SCORED,,NOT_SCORED,,,False,False,False,False,False,False,False,False,False,NOT_SCORED — the buyer default model does not describe supplier claims risk; limit monitored only,,,ACADEMIC SIMULATION — not actual trades
2022-10-11,False,SUP_USEC_02,Delaware Bay Metals LLC (SIM),SUPPLIER,32893360.0,claims/refunds owed by supplier (P3 supplier_exposure_inr) vs claims_exposure_limit_usd x usdinr,,,,,,0.0,0.0,,,,,,,,,,,,,NOT_SCORED,,NOT_SCORED,,,False,False,False,False,False,False,False,False,False,NOT_SCORED — the buyer default model does not describe supplier claims risk; limit monitored only,,,ACADEMIC SIMULATION — not actual trades
2022-10-12,False,BUY_JNPT_01,Taloja Alloys and Smelters Pvt Ltd (SIM),BUYER,560000000.0,"credit exposure = receivable + contracted-not-invoiced not covered by an advance (desk limit definition, P04 basis, evaluated daily) vs credit_limit_inr",0.0,0.0,0.0,0.0,0.0,0.0,0.0,0.0,0.0,0.0,0.0,0.0,0.43004464,19.0,41.92197125,0.10939606,0.09026786,0.43004464,0.02360789,B,0.0,B,0.9,1.0,False,False,False,False,False,False,False,False,False,MAINTAIN — watch utilisation; no increase without a clean review,560000000.0,,"ACADEMIC SIMULATION — not actual trades. Scores: illustrative logistic model trained on SYNTHETIC data, computed from information dated on or before each row's date"
2022-10-12,False,BUY_MUN_01,Kandla Metal Industries Pvt Ltd (SIM),BUYER,650000000.0,"credit exposure = receivable + contracted-not-invoiced not covered by an advance (desk limit definition, P04 basis, evaluated daily) vs credit_limit_inr",0.0,0.0,0.0,0.0,0.0,0.0,0.0,0.0,0.0,0.0,0.0,0.0,0.47711375,8.0,35.25256674,0.09236691,0.0,0.47711375,0.01858157,A,0.0,A,1.0,1.0,False,False,False,False,False,False,False,False,False,MAINTAIN — eligible for a limit increase at the next review,650000000.0,,"ACADEMIC SIMULATION — not actual trades. Scores: illustrative logistic model trained on SYNTHETIC data, computed from information dated on or before each row's date"
2022-10-12,False,BUY_RJK_01,Saurashtra Castings and Alloys Pvt Ltd (SIM),BUYER,120000000.0,"credit exposure = receivable + contracted-not-invoiced not covered by an advance (desk limit definition, P04 basis, evaluated daily) vs credit_limit_inr",0.0,0.0,0.0,0.0,0.0,0.0,0.0,0.0,0.0,0.0,0.0,0.0,0.74365919,37.0,20.07392197,0.59348589,1.82739375,2.57105294,0.41186998,D,1.0,D,0.5,0.0,False,False,False,False,False,False,False,False,False,REDUCE — cut the line to 50 %; advance or cash-against-documents only; do not lift the hedge before the advance arrives,60000000.0,,"ACADEMIC SIMULATION — not actual trades. Scores: illustrative logistic model trained on SYNTHETIC data, computed from information dated on or before each row's date"
2022-10-12,False,SUP_JEA_01,Khaleej Metal Resources FZE (SIM),SUPPLIER,49389360.0,claims/refunds owed by supplier (P3 supplier_exposure_inr) vs claims_exposure_limit_usd x usdinr,,,,,,0.0,0.0,,,,,,,,,,,,,NOT_SCORED,,NOT_SCORED,,,False,False,False,False,False,False,False,False,False,NOT_SCORED — the buyer default model does not describe supplier claims risk; limit monitored only,,,ACADEMIC SIMULATION — not actual trades
2022-10-12,False,SUP_USEC_01,Tidewater Recycling Corp (SIM),SUPPLIER,74084040.0,claims/refunds owed by supplier (P3 supplier_exposure_inr) vs claims_exposure_limit_usd x usdinr,,,,,,0.0,0.0,,,,,,,,,,,,,NOT_SCORED,,NOT_SCORED,,,False,False,False,False,False,False,False,False,False,NOT_SCORED — the buyer default model does not describe supplier claims risk; limit monitored only,,,ACADEMIC SIMULATION — not actual trades
2022-10-12,False,SUP_USEC_02,Delaware Bay Metals LLC (SIM),SUPPLIER,32926240.0,claims/refunds owed by supplier (P3 supplier_exposure_inr) vs claims_exposure_limit_usd x usdinr,,,,,,0.0,0.0,,,,,,,,,,,,,NOT_SCORED,,NOT_SCORED,,,False,False,False,False,False,False,False,False,False,NOT_SCORED — the buyer default model does not describe supplier claims risk; limit monitored only,,,ACADEMIC SIMULATION — not actual trades
2022-10-13,False,BUY_JNPT_01,Taloja Alloys and Smelters Pvt Ltd (SIM),BUYER,560000000.0,"credit exposure = receivable + contracted-not-invoiced not covered by an advance (desk limit definition, P04 basis, evaluated daily) vs credit_limit_inr",0.0,0.0,0.0,0.0,0.0,0.0,0.0,0.0,0.0,0.0,0.0,0.0,0.43004464,19.0,41.95482546,0.10939606,0.09026786,0.43004464,0.02359338,B,0.0,B,0.9,1.0,False,False,False,False,False,False,False,False,False,MAINTAIN — watch utilisation; no increase without a clean review,560000000.0,,"ACADEMIC SIMULATION — not actual trades. Scores: illustrative logistic model trained on SYNTHETIC data, computed from information dated on or before each row's date"
2022-10-13,False,BUY_MUN_01,Kandla Metal Industries Pvt Ltd (SIM),BUYER,650000000.0,"credit exposure = receivable + contracted-not-invoiced not covered by an advance (desk limit definition, P04 basis, evaluated daily) vs credit_limit_inr",0.0,0.0,0.0,0.0,0.0,0.0,0.0,0.0,0.0,0.0,0.0,0.0,0.47711375,8.0,35.28542094,0.09236691,0.0,0.47711375,0.01857009,A,0.0,A,1.0,1.0,False,False,False,False,False,False,False,False,False,MAINTAIN — eligible for a limit increase at the next review,650000000.0,,"ACADEMIC SIMULATION — not actual trades. Scores: illustrative logistic model trained on SYNTHETIC data, computed from information dated on or before each row's date"
2022-10-13,False,BUY_RJK_01,Saurashtra Castings and Alloys Pvt Ltd (SIM),BUYER,120000000.0,"credit exposure = receivable + contracted-not-invoiced not covered by an advance (desk limit definition, P04 basis, evaluated daily) vs credit_limit_inr",0.0,0.0,0.0,0.0,0.0,0.0,0.0,0.0,0.0,0.0,0.0,0.0,0.74365919,37.0,20.10677618,0.59348589,1.82739375,2.57105294,0.41171748,D,1.0,D,0.5,0.0,False,False,False,False,False,False,False,False,False,REDUCE — cut the line to 50 %; advance or cash-against-documents only; do not lift the hedge before the advance arrives,60000000.0,,"ACADEMIC SIMULATION — not actual trades. Scores: illustrative logistic model trained on SYNTHETIC data, computed from information dated on or before each row's date"
2022-10-13,False,SUP_JEA_01,Khaleej Metal Resources FZE (SIM),SUPPLIER,49285200.0,claims/refunds owed by supplier (P3 supplier_exposure_inr) vs claims_exposure_limit_usd x usdinr,,,,,,0.0,0.0,,,,,,,,,,,,,NOT_SCORED,,NOT_SCORED,,,False,False,False,False,False,False,False,False,False,NOT_SCORED — the buyer default model does not describe supplier claims risk; limit monitored only,,,ACADEMIC SIMULATION — not actual trades
2022-10-13,False,SUP_USEC_01,Tidewater Recycling Corp (SIM),SUPPLIER,73927800.0,claims/refunds owed by supplier (P3 supplier_exposure_inr) vs claims_exposure_limit_usd x usdinr,,,,,,0.0,0.0,,,,,,,,,,,,,NOT_SCORED,,NOT_SCORED,,,False,False,False,False,False,False,False,False,False,NOT_SCORED — the buyer default model does not describe supplier claims risk; limit monitored only,,,ACADEMIC SIMULATION — not actual trades
2022-10-13,False,SUP_USEC_02,Delaware Bay Metals LLC (SIM),SUPPLIER,32856800.0,claims/refunds owed by supplier (P3 supplier_exposure_inr) vs claims_exposure_limit_usd x usdinr,,,,,,0.0,0.0,,,,,,,,,,,,,NOT_SCORED,,NOT_SCORED,,,False,False,False,False,False,False,False,False,False,NOT_SCORED — the buyer default model does not describe supplier claims risk; limit monitored only,,,ACADEMIC SIMULATION — not actual trades
2022-10-14,False,BUY_JNPT_01,Taloja Alloys and Smelters Pvt Ltd (SIM),BUYER,560000000.0,"credit exposure = receivable + contracted-not-invoiced not covered by an advance (desk limit definition, P04 basis, evaluated daily) vs credit_limit_inr",0.0,0.0,0.0,0.0,0.0,0.0,0.0,0.0,0.0,0.0,0.0,0.0,0.43004464,19.0,41.98767967,0.10939606,0.09026786,0.43004464,0.02357888,B,0.0,B,0.9,1.0,False,False,False,False,False,False,False,False,False,MAINTAIN — watch utilisation; no increase without a clean review,560000000.0,,"ACADEMIC SIMULATION — not actual trades. Scores: illustrative logistic model trained on SYNTHETIC data, computed from information dated on or before each row's date"
2022-10-14,False,BUY_MUN_01,Kandla Metal Industries Pvt Ltd (SIM),BUYER,650000000.0,"credit exposure = receivable + contracted-not-invoiced not covered by an advance (desk limit definition, P04 basis, evaluated daily) vs credit_limit_inr",0.0,0.0,0.0,0.0,0.0,0.0,0.0,0.0,0.0,0.0,0.0,0.0,0.47711375,8.0,35.31827515,0.09236691,0.0,0.47711375,0.01855862,A,0.0,A,1.0,1.0,False,False,False,False,False,False,False,False,False,MAINTAIN — eligible for a limit increase at the next review,650000000.0,,"ACADEMIC SIMULATION — not actual trades. Scores: illustrative logistic model trained on SYNTHETIC data, computed from information dated on or before each row's date"
2022-10-14,False,BUY_RJK_01,Saurashtra Castings and Alloys Pvt Ltd (SIM),BUYER,120000000.0,"credit exposure = receivable + contracted-not-invoiced not covered by an advance (desk limit definition, P04 basis, evaluated daily) vs credit_limit_inr",0.0,0.0,0.0,0.0,0.0,0.0,0.0,0.0,0.0,0.0,0.0,0.0,0.74365919,37.0,20.13963039,0.59348589,1.82739375,2.57105294,0.41156499,D,1.0,D,0.5,0.0,False,False,False,False,False,False,False,False,False,REDUCE — cut the line to 50 %; advance or cash-against-documents only; do not lift the hedge before the advance arrives,60000000.0,,"ACADEMIC SIMULATION — not actual trades. Scores: illustrative logistic model trained on SYNTHETIC data, computed from information dated on or before each row's date"
2022-10-14,False,SUP_JEA_01,Khaleej Metal Resources FZE (SIM),SUPPLIER,49379100.0,claims/refunds owed by supplier (P3 supplier_exposure_inr) vs claims_exposure_limit_usd x usdinr,,,,,,0.0,0.0,,,,,,,,,,,,,NOT_SCORED,,NOT_SCORED,,,False,False,False,False,False,False,False,False,False,NOT_SCORED — the buyer default model does not describe supplier claims risk; limit monitored only,,,ACADEMIC SIMULATION — not actual trades
2022-10-14,False,SUP_USEC_01,Tidewater Recycling Corp (SIM),SUPPLIER,74068650.0,claims/refunds owed by supplier (P3 supplier_exposure_inr) vs claims_exposure_limit_usd x usdinr,,,,,,0.0,0.0,,,,,,,,,,,,,NOT_SCORED,,NOT_SCORED,,,False,False,False,False,False,False,False,False,False,NOT_SCORED — the buyer default model does not describe supplier claims risk; limit monitored only,,,ACADEMIC SIMULATION — not actual trades
2022-10-14,False,SUP_USEC_02,Delaware Bay Metals LLC (SIM),SUPPLIER,32919400.0,claims/refunds owed by supplier (P3 supplier_exposure_inr) vs claims_exposure_limit_usd x usdinr,,,,,,0.0,0.0,,,,,,,,,,,,,NOT_SCORED,,NOT_SCORED,,,False,False,False,False,False,False,False,False,False,NOT_SCORED — the buyer default model does not describe supplier claims risk; limit monitored only,,,ACADEMIC SIMULATION — not actual trades
2022-10-17,False,BUY_JNPT_01,Taloja Alloys and Smelters Pvt Ltd (SIM),BUYER,560000000.0,"credit exposure = receivable + contracted-not-invoiced not covered by an advance (desk limit definition, P04 basis, evaluated daily) vs credit_limit_inr",0.0,0.0,0.0,0.0,0.0,0.0,0.0,0.0,0.0,0.0,0.0,0.0,0.43004464,19.0,42.0862423,0.10939606,0.09026786,0.43004464,0.02353544,B,0.0,B,0.9,1.0,False,False,False,False,False,False,False,False,False,MAINTAIN — watch utilisation; no increase without a clean review,560000000.0,,"ACADEMIC SIMULATION — not actual trades. Scores: illustrative logistic model trained on SYNTHETIC data, computed from information dated on or before each row's date"
2022-10-17,False,BUY_MUN_01,Kandla Metal Industries Pvt Ltd (SIM),BUYER,650000000.0,"credit exposure = receivable + contracted-not-invoiced not covered by an advance (desk limit definition, P04 basis, evaluated daily) vs credit_limit_inr",0.0,0.0,0.0,0.0,0.0,0.0,0.0,0.0,0.0,0.0,0.0,0.0,0.47711375,8.0,35.41683778,0.09236691,0.0,0.47711375,0.01852424,A,0.0,A,1.0,1.0,False,False,False,False,False,False,False,False,False,MAINTAIN — eligible for a limit increase at the next review,650000000.0,,"ACADEMIC SIMULATION — not actual trades. Scores: illustrative logistic model trained on SYNTHETIC data, computed from information dated on or before each row's date"
2022-10-17,False,BUY_RJK_01,Saurashtra Castings and Alloys Pvt Ltd (SIM),BUYER,120000000.0,"credit exposure = receivable + contracted-not-invoiced not covered by an advance (desk limit definition, P04 basis, evaluated daily) vs credit_limit_inr",0.0,0.0,0.0,0.0,0.0,0.0,0.0,0.0,0.0,0.0,0.0,0.0,0.74365919,37.0,20.23819302,0.59348589,1.82739375,2.57105294,0.41110763,D,1.0,D,0.5,0.0,False,False,False,False,False,False,False,False,False,REDUCE — cut the line to 50 %; advance or cash-against-documents only; do not lift the hedge before the advance arrives,60000000.0,,"ACADEMIC SIMULATION — not actual trades. Scores: illustrative logistic model trained on SYNTHETIC data, computed from information dated on or before each row's date"
2022-10-17,False,SUP_JEA_01,Khaleej Metal Resources FZE (SIM),SUPPLIER,49365240.0,claims/refunds owed by supplier (P3 supplier_exposure_inr) vs claims_exposure_limit_usd x usdinr,,,,,,0.0,0.0,,,,,,,,,,,,,NOT_SCORED,,NOT_SCORED,,,False,False,False,False,False,False,False,False,False,NOT_SCORED — the buyer default model does not describe supplier claims risk; limit monitored only,,,ACADEMIC SIMULATION — not actual trades
2022-10-17,False,SUP_USEC_01,Tidewater Recycling Corp (SIM),SUPPLIER,74047860.0,claims/refunds owed by supplier (P3 supplier_exposure_inr) vs claims_exposure_limit_usd x usdinr,,,,,,0.0,0.0,,,,,,,,,,,,,NOT_SCORED,,NOT_SCORED,,,False,False,False,False,False,False,False,False,False,NOT_SCORED — the buyer default model does not describe supplier claims risk; limit monitored only,,,ACADEMIC SIMULATION — not actual trades
2022-10-17,False,SUP_USEC_02,Delaware Bay Metals LLC (SIM),SUPPLIER,32910160.0,claims/refunds owed by supplier (P3 supplier_exposure_inr) vs claims_exposure_limit_usd x usdinr,,,,,,0.0,0.0,,,,,,,,,,,,,NOT_SCORED,,NOT_SCORED,,,False,False,False,False,False,False,False,False,False,NOT_SCORED — the buyer default model does not describe supplier claims risk; limit monitored only,,,ACADEMIC SIMULATION — not actual trades
2022-10-18,False,BUY_JNPT_01,Taloja Alloys and Smelters Pvt Ltd (SIM),BUYER,560000000.0,"credit exposure = receivable + contracted-not-invoiced not covered by an advance (desk limit definition, P04 basis, evaluated daily) vs credit_limit_inr",0.0,0.0,0.0,0.0,0.0,0.0,0.0,0.0,0.0,0.0,0.0,0.0,0.43004464,19.0,42.11909651,0.10939606,0.09026786,0.43004464,0.02352097,B,0.0,B,0.9,1.0,False,False,False,False,False,False,False,False,False,MAINTAIN — watch utilisation; no increase without a clean review,560000000.0,,"ACADEMIC SIMULATION — not actual trades. Scores: illustrative logistic model trained on SYNTHETIC data, computed from information dated on or before each row's date"
2022-10-18,False,BUY_MUN_01,Kandla Metal Industries Pvt Ltd (SIM),BUYER,650000000.0,"credit exposure = receivable + contracted-not-invoiced not covered by an advance (desk limit definition, P04 basis, evaluated daily) vs credit_limit_inr",0.0,0.0,0.0,0.0,0.0,0.0,0.0,0.0,0.0,0.0,0.0,0.0,0.47711375,8.0,35.44969199,0.09236691,0.0,0.47711375,0.0185128,A,0.0,A,1.0,1.0,False,False,False,False,False,False,False,False,False,MAINTAIN — eligible for a limit increase at the next review,650000000.0,,"ACADEMIC SIMULATION — not actual trades. Scores: illustrative logistic model trained on SYNTHETIC data, computed from information dated on or before each row's date"
2022-10-18,False,BUY_RJK_01,Saurashtra Castings and Alloys Pvt Ltd (SIM),BUYER,120000000.0,"credit exposure = receivable + contracted-not-invoiced not covered by an advance (desk limit definition, P04 basis, evaluated daily) vs credit_limit_inr",0.0,0.0,0.0,0.0,0.0,0.0,0.0,0.0,0.0,0.0,0.0,0.0,0.74365919,37.0,20.27104723,0.59348589,1.82739375,2.57105294,0.41095521,D,1.0,D,0.5,0.0,False,False,False,False,False,False,False,False,False,REDUCE — cut the line to 50 %; advance or cash-against-documents only; do not lift the hedge before the advance arrives,60000000.0,,"ACADEMIC SIMULATION — not actual trades. Scores: illustrative logistic model trained on SYNTHETIC data, computed from information dated on or before each row's date"
2022-10-18,False,SUP_JEA_01,Khaleej Metal Resources FZE (SIM),SUPPLIER,49366260.0,claims/refunds owed by supplier (P3 supplier_exposure_inr) vs claims_exposure_limit_usd x usdinr,,,,,,0.0,0.0,,,,,,,,,,,,,NOT_SCORED,,NOT_SCORED,,,False,False,False,False,False,False,False,False,False,NOT_SCORED — the buyer default model does not describe supplier claims risk; limit monitored only,,,ACADEMIC SIMULATION — not actual trades
2022-10-18,False,SUP_USEC_01,Tidewater Recycling Corp (SIM),SUPPLIER,74049390.0,claims/refunds owed by supplier (P3 supplier_exposure_inr) vs claims_exposure_limit_usd x usdinr,,,,,,0.0,0.0,,,,,,,,,,,,,NOT_SCORED,,NOT_SCORED,,,False,False,False,False,False,False,False,False,False,NOT_SCORED — the buyer default model does not describe supplier claims risk; limit monitored only,,,ACADEMIC SIMULATION — not actual trades
2022-10-18,False,SUP_USEC_02,Delaware Bay Metals LLC (SIM),SUPPLIER,32910840.0,claims/refunds owed by supplier (P3 supplier_exposure_inr) vs claims_exposure_limit_usd x usdinr,,,,,,0.0,0.0,,,,,,,,,,,,,NOT_SCORED,,NOT_SCORED,,,False,False,False,False,False,False,False,False,False,NOT_SCORED — the buyer default model does not describe supplier claims risk; limit monitored only,,,ACADEMIC SIMULATION — not actual trades
2022-10-19,False,BUY_JNPT_01,Taloja Alloys and Smelters Pvt Ltd (SIM),BUYER,560000000.0,"credit exposure = receivable + contracted-not-invoiced not covered by an advance (desk limit definition, P04 basis, evaluated daily) vs credit_limit_inr",0.0,0.0,0.0,0.0,0.0,0.0,0.0,0.0,0.0,0.0,0.0,0.0,0.43004464,19.0,42.15195072,0.10939606,0.09026786,0.43004464,0.02350652,B,0.0,B,0.9,1.0,False,False,False,False,False,False,False,False,False,MAINTAIN — watch utilisation; no increase without a clean review,560000000.0,,"ACADEMIC SIMULATION — not actual trades. Scores: illustrative logistic model trained on SYNTHETIC data, computed from information dated on or before each row's date"
2022-10-19,False,BUY_MUN_01,Kandla Metal Industries Pvt Ltd (SIM),BUYER,650000000.0,"credit exposure = receivable + contracted-not-invoiced not covered by an advance (desk limit definition, P04 basis, evaluated daily) vs credit_limit_inr",0.0,0.0,0.0,0.0,0.0,0.0,0.0,0.0,0.0,0.0,0.0,0.0,0.47711375,8.0,35.4825462,0.09236691,0.0,0.47711375,0.01850136,A,0.0,A,1.0,1.0,False,False,False,False,False,False,False,False,False,MAINTAIN — eligible for a limit increase at the next review,650000000.0,,"ACADEMIC SIMULATION — not actual trades. Scores: illustrative logistic model trained on SYNTHETIC data, computed from information dated on or before each row's date"
2022-10-19,False,BUY_RJK_01,Saurashtra Castings and Alloys Pvt Ltd (SIM),BUYER,120000000.0,"credit exposure = receivable + contracted-not-invoiced not covered by an advance (desk limit definition, P04 basis, evaluated daily) vs credit_limit_inr",0.0,0.0,0.0,0.0,0.0,0.0,0.0,0.0,0.0,0.0,0.0,0.0,0.74365919,37.0,20.30390144,0.59348589,1.82739375,2.57105294,0.41080281,D,1.0,D,0.5,0.0,False,False,False,False,False,False,False,False,False,REDUCE — cut the line to 50 %; advance or cash-against-documents only; do not lift the hedge before the advance arrives,60000000.0,,"ACADEMIC SIMULATION — not actual trades. Scores: illustrative logistic model trained on SYNTHETIC data, computed from information dated on or before each row's date"
2022-10-19,False,SUP_JEA_01,Khaleej Metal Resources FZE (SIM),SUPPLIER,49823400.0,claims/refunds owed by supplier (P3 supplier_exposure_inr) vs claims_exposure_limit_usd x usdinr,,,,,,0.0,0.0,,,,,,,,,,,,,NOT_SCORED,,NOT_SCORED,,,False,False,False,False,False,False,False,False,False,NOT_SCORED — the buyer default model does not describe supplier claims risk; limit monitored only,,,ACADEMIC SIMULATION — not actual trades
2022-10-19,False,SUP_USEC_01,Tidewater Recycling Corp (SIM),SUPPLIER,74735100.0,claims/refunds owed by supplier (P3 supplier_exposure_inr) vs claims_exposure_limit_usd x usdinr,,,,,,0.0,0.0,,,,,,,,,,,,,NOT_SCORED,,NOT_SCORED,,,False,False,False,False,False,False,False,False,False,NOT_SCORED — the buyer default model does not describe supplier claims risk; limit monitored only,,,ACADEMIC SIMULATION — not actual trades
2022-10-19,False,SUP_USEC_02,Delaware Bay Metals LLC (SIM),SUPPLIER,33215600.0,claims/refunds owed by supplier (P3 supplier_exposure_inr) vs claims_exposure_limit_usd x usdinr,,,,,,0.0,0.0,,,,,,,,,,,,,NOT_SCORED,,NOT_SCORED,,,False,False,False,False,False,False,False,False,False,NOT_SCORED — the buyer default model does not describe supplier claims risk; limit monitored only,,,ACADEMIC SIMULATION — not actual trades
2022-10-20,False,BUY_JNPT_01,Taloja Alloys and Smelters Pvt Ltd (SIM),BUYER,560000000.0,"credit exposure = receivable + contracted-not-invoiced not covered by an advance (desk limit definition, P04 basis, evaluated daily) vs credit_limit_inr",0.0,0.0,0.0,0.0,0.0,0.0,0.0,0.0,0.0,0.0,0.0,0.0,0.43004464,19.0,42.18480493,0.10939606,0.09026786,0.43004464,0.02349207,B,0.0,B,0.9,1.0,False,False,False,False,False,False,False,False,False,MAINTAIN — watch utilisation; no increase without a clean review,560000000.0,,"ACADEMIC SIMULATION — not actual trades. Scores: illustrative logistic model trained on SYNTHETIC data, computed from information dated on or before each row's date"
2022-10-20,False,BUY_MUN_01,Kandla Metal Industries Pvt Ltd (SIM),BUYER,650000000.0,"credit exposure = receivable + contracted-not-invoiced not covered by an advance (desk limit definition, P04 basis, evaluated daily) vs credit_limit_inr",0.0,0.0,0.0,0.0,0.0,0.0,0.0,0.0,0.0,0.0,0.0,0.0,0.47711375,8.0,35.51540041,0.09236691,0.0,0.47711375,0.01848993,A,0.0,A,1.0,1.0,False,False,False,False,False,False,False,False,False,MAINTAIN — eligible for a limit increase at the next review,650000000.0,,"ACADEMIC SIMULATION — not actual trades. Scores: illustrative logistic model trained on SYNTHETIC data, computed from information dated on or before each row's date"
2022-10-20,False,BUY_RJK_01,Saurashtra Castings and Alloys Pvt Ltd (SIM),BUYER,120000000.0,"credit exposure = receivable + contracted-not-invoiced not covered by an advance (desk limit definition, P04 basis, evaluated daily) vs credit_limit_inr",0.0,0.0,0.0,0.0,0.0,0.0,0.0,0.0,0.0,0.0,0.0,0.0,0.74365919,37.0,20.33675565,0.59348589,1.82739375,2.57105294,0.41065043,D,1.0,D,0.5,0.0,False,False,False,False,False,False,False,False,False,REDUCE — cut the line to 50 %; advance or cash-against-documents only; do not lift the hedge before the advance arrives,60000000.0,,"ACADEMIC SIMULATION — not actual trades. Scores: illustrative logistic model trained on SYNTHETIC data, computed from information dated on or before each row's date"
2022-10-20,False,SUP_JEA_01,Khaleej Metal Resources FZE (SIM),SUPPLIER,49643580.0,claims/refunds owed by supplier (P3 supplier_exposure_inr) vs claims_exposure_limit_usd x usdinr,,,,,,0.0,0.0,,,,,,,,,,,,,NOT_SCORED,,NOT_SCORED,,,False,False,False,False,False,False,False,False,False,NOT_SCORED — the buyer default model does not describe supplier claims risk; limit monitored only,,,ACADEMIC SIMULATION — not actual trades
2022-10-20,False,SUP_USEC_01,Tidewater Recycling Corp (SIM),SUPPLIER,74465370.0,claims/refunds owed by supplier (P3 supplier_exposure_inr) vs claims_exposure_limit_usd x usdinr,,,,,,0.0,0.0,,,,,,,,,,,,,NOT_SCORED,,NOT_SCORED,,,False,False,False,False,False,False,False,False,False,NOT_SCORED — the buyer default model does not describe supplier claims risk; limit monitored only,,,ACADEMIC SIMULATION — not actual trades
2022-10-20,False,SUP_USEC_02,Delaware Bay Metals LLC (SIM),SUPPLIER,33095720.0,claims/refunds owed by supplier (P3 supplier_exposure_inr) vs claims_exposure_limit_usd x usdinr,,,,,,0.0,0.0,,,,,,,,,,,,,NOT_SCORED,,NOT_SCORED,,,False,False,False,False,False,False,False,False,False,NOT_SCORED — the buyer default model does not describe supplier claims risk; limit monitored only,,,ACADEMIC SIMULATION — not actual trades
2022-10-21,False,BUY_JNPT_01,Taloja Alloys and Smelters Pvt Ltd (SIM),BUYER,560000000.0,"credit exposure = receivable + contracted-not-invoiced not covered by an advance (desk limit definition, P04 basis, evaluated daily) vs credit_limit_inr",0.0,0.0,0.0,0.0,0.0,0.0,0.0,0.0,0.0,0.0,0.0,0.0,0.43004464,19.0,42.21765914,0.10939606,0.09026786,0.43004464,0.02347763,B,0.0,B,0.9,1.0,False,False,False,False,False,False,False,False,False,MAINTAIN — watch utilisation; no increase without a clean review,560000000.0,,"ACADEMIC SIMULATION — not actual trades. Scores: illustrative logistic model trained on SYNTHETIC data, computed from information dated on or before each row's date"
2022-10-21,False,BUY_MUN_01,Kandla Metal Industries Pvt Ltd (SIM),BUYER,650000000.0,"credit exposure = receivable + contracted-not-invoiced not covered by an advance (desk limit definition, P04 basis, evaluated daily) vs credit_limit_inr",0.0,0.0,0.0,0.0,0.0,0.0,0.0,0.0,0.0,0.0,0.0,0.0,0.47711375,8.0,35.54825462,0.09236691,0.0,0.47711375,0.01847851,A,0.0,A,1.0,1.0,False,False,False,False,False,False,False,False,False,MAINTAIN — eligible for a limit increase at the next review,650000000.0,,"ACADEMIC SIMULATION — not actual trades. Scores: illustrative logistic model trained on SYNTHETIC data, computed from information dated on or before each row's date"
2022-10-21,False,BUY_RJK_01,Saurashtra Castings and Alloys Pvt Ltd (SIM),BUYER,120000000.0,"credit exposure = receivable + contracted-not-invoiced not covered by an advance (desk limit definition, P04 basis, evaluated daily) vs credit_limit_inr",0.0,0.0,0.0,0.0,0.0,0.0,0.0,0.0,0.0,0.0,0.0,0.0,0.74365919,37.0,20.36960986,0.59348589,1.82739375,2.57105294,0.41049806,D,1.0,D,0.5,0.0,False,False,False,False,False,False,False,False,False,REDUCE — cut the line to 50 %; advance or cash-against-documents only; do not lift the hedge before the advance arrives,60000000.0,,"ACADEMIC SIMULATION — not actual trades. Scores: illustrative logistic model trained on SYNTHETIC data, computed from information dated on or before each row's date"
2022-10-21,False,SUP_JEA_01,Khaleej Metal Resources FZE (SIM),SUPPLIER,49787640.0,claims/refunds owed by supplier (P3 supplier_exposure_inr) vs claims_exposure_limit_usd x usdinr,,,,,,0.0,0.0,,,,,,,,,,,,,NOT_SCORED,,NOT_SCORED,,,False,False,False,False,False,False,False,False,False,NOT_SCORED — the buyer default model does not describe supplier claims risk; limit monitored only,,,ACADEMIC SIMULATION — not actual trades
2022-10-21,False,SUP_USEC_01,Tidewater Recycling Corp (SIM),SUPPLIER,74681460.0,claims/refunds owed by supplier (P3 supplier_exposure_inr) vs claims_exposure_limit_usd x usdinr,,,,,,0.0,0.0,,,,,,,,,,,,,NOT_SCORED,,NOT_SCORED,,,False,False,False,False,False,False,False,False,False,NOT_SCORED — the buyer default model does not describe supplier claims risk; limit monitored only,,,ACADEMIC SIMULATION — not actual trades
2022-10-21,False,SUP_USEC_02,Delaware Bay Metals LLC (SIM),SUPPLIER,33191760.0,claims/refunds owed by supplier (P3 supplier_exposure_inr) vs claims_exposure_limit_usd x usdinr,,,,,,0.0,0.0,,,,,,,,,,,,,NOT_SCORED,,NOT_SCORED,,,False,False,False,False,False,False,False,False,False,NOT_SCORED — the buyer default model does not describe supplier claims risk; limit monitored only,,,ACADEMIC SIMULATION — not actual trades
2022-10-24,False,BUY_JNPT_01,Taloja Alloys and Smelters Pvt Ltd (SIM),BUYER,560000000.0,"credit exposure = receivable + contracted-not-invoiced not covered by an advance (desk limit definition, P04 basis, evaluated daily) vs credit_limit_inr",0.0,0.0,0.0,0.0,0.0,0.0,0.0,0.0,0.0,0.0,0.0,0.0,0.43004464,19.0,42.31622177,0.10939606,0.09026786,0.43004464,0.02343436,B,0.0,B,0.9,1.0,False,False,False,False,False,False,False,False,False,MAINTAIN — watch utilisation; no increase without a clean review,560000000.0,,"ACADEMIC SIMULATION — not actual trades. Scores: illustrative logistic model trained on SYNTHETIC data, computed from information dated on or before each row's date"
2022-10-24,False,BUY_MUN_01,Kandla Metal Industries Pvt Ltd (SIM),BUYER,650000000.0,"credit exposure = receivable + contracted-not-invoiced not covered by an advance (desk limit definition, P04 basis, evaluated daily) vs credit_limit_inr",0.0,0.0,0.0,0.0,0.0,0.0,0.0,0.0,0.0,0.0,0.0,0.0,0.47711375,8.0,35.64681725,0.09236691,0.0,0.47711375,0.01844429,A,0.0,A,1.0,1.0,False,False,False,False,False,False,False,False,False,MAINTAIN — eligible for a limit increase at the next review,650000000.0,,"ACADEMIC SIMULATION — not actual trades. Scores: illustrative logistic model trained on SYNTHETIC data, computed from information dated on or before each row's date"
2022-10-24,False,BUY_RJK_01,Saurashtra Castings and Alloys Pvt Ltd (SIM),BUYER,120000000.0,"credit exposure = receivable + contracted-not-invoiced not covered by an advance (desk limit definition, P04 basis, evaluated daily) vs credit_limit_inr",0.0,0.0,0.0,0.0,0.0,0.0,0.0,0.0,0.0,0.0,0.0,0.0,0.74365919,37.0,20.46817248,0.59348589,1.82739375,2.57105294,0.41004106,D,1.0,D,0.5,0.0,False,False,False,False,False,False,False,False,False,REDUCE — cut the line to 50 %; advance or cash-against-documents only; do not lift the hedge before the advance arrives,60000000.0,,"ACADEMIC SIMULATION — not actual trades. Scores: illustrative logistic model trained on SYNTHETIC data, computed from information dated on or before each row's date"
2022-10-24,False,SUP_JEA_01,Khaleej Metal Resources FZE (SIM),SUPPLIER,49667100.0,claims/refunds owed by supplier (P3 supplier_exposure_inr) vs claims_exposure_limit_usd x usdinr,,,,,,0.0,0.0,,,,,,,,,,,,,NOT_SCORED,,NOT_SCORED,,,False,False,False,False,False,False,False,False,False,NOT_SCORED — the buyer default model does not describe supplier claims risk; limit monitored only,,,ACADEMIC SIMULATION — not actual trades
2022-10-24,False,SUP_USEC_01,Tidewater Recycling Corp (SIM),SUPPLIER,74500650.0,claims/refunds owed by supplier (P3 supplier_exposure_inr) vs claims_exposure_limit_usd x usdinr,,,,,,0.0,0.0,,,,,,,,,,,,,NOT_SCORED,,NOT_SCORED,,,False,False,False,False,False,False,False,False,False,NOT_SCORED — the buyer default model does not describe supplier claims risk; limit monitored only,,,ACADEMIC SIMULATION — not actual trades
2022-10-24,False,SUP_USEC_02,Delaware Bay Metals LLC (SIM),SUPPLIER,33111400.0,claims/refunds owed by supplier (P3 supplier_exposure_inr) vs claims_exposure_limit_usd x usdinr,,,,,,0.0,0.0,,,,,,,,,,,,,NOT_SCORED,,NOT_SCORED,,,False,False,False,False,False,False,False,False,False,NOT_SCORED — the buyer default model does not describe supplier claims risk; limit monitored only,,,ACADEMIC SIMULATION — not actual trades
2022-10-25,False,BUY_JNPT_01,Taloja Alloys and Smelters Pvt Ltd (SIM),BUYER,560000000.0,"credit exposure = receivable + contracted-not-invoiced not covered by an advance (desk limit definition, P04 basis, evaluated daily) vs credit_limit_inr",0.0,0.0,0.0,0.0,0.0,0.0,0.0,0.0,0.0,0.0,0.0,0.0,0.43004464,19.0,42.34907598,0.10939606,0.09026786,0.43004464,0.02341996,B,0.0,B,0.9,1.0,False,False,False,False,False,False,False,False,False,MAINTAIN — watch utilisation; no increase without a clean review,560000000.0,,"ACADEMIC SIMULATION — not actual trades. Scores: illustrative logistic model trained on SYNTHETIC data, computed from information dated on or before each row's date"
2022-10-25,False,BUY_MUN_01,Kandla Metal Industries Pvt Ltd (SIM),BUYER,650000000.0,"credit exposure = receivable + contracted-not-invoiced not covered by an advance (desk limit definition, P04 basis, evaluated daily) vs credit_limit_inr",0.0,0.0,0.0,0.0,0.0,0.0,0.0,0.0,0.0,0.0,0.0,0.0,0.47711375,8.0,35.67967146,0.09236691,0.0,0.47711375,0.01843289,A,0.0,A,1.0,1.0,False,False,False,False,False,False,False,False,False,MAINTAIN — eligible for a limit increase at the next review,650000000.0,,"ACADEMIC SIMULATION — not actual trades. Scores: illustrative logistic model trained on SYNTHETIC data, computed from information dated on or before each row's date"
2022-10-25,False,BUY_RJK_01,Saurashtra Castings and Alloys Pvt Ltd (SIM),BUYER,120000000.0,"credit exposure = receivable + contracted-not-invoiced not covered by an advance (desk limit definition, P04 basis, evaluated daily) vs credit_limit_inr",0.0,0.0,0.0,0.0,0.0,0.0,0.0,0.0,0.0,0.0,0.0,0.0,0.74365919,37.0,20.50102669,0.59348589,1.82739375,2.57105294,0.40988876,D,1.0,D,0.5,0.0,False,False,False,False,False,False,False,False,False,REDUCE — cut the line to 50 %; advance or cash-against-documents only; do not lift the hedge before the advance arrives,60000000.0,,"ACADEMIC SIMULATION — not actual trades. Scores: illustrative logistic model trained on SYNTHETIC data, computed from information dated on or before each row's date"
2022-10-25,False,SUP_JEA_01,Khaleej Metal Resources FZE (SIM),SUPPLIER,49682400.0,claims/refunds owed by supplier (P3 supplier_exposure_inr) vs claims_exposure_limit_usd x usdinr,,,,,,0.0,0.0,,,,,,,,,,,,,NOT_SCORED,,NOT_SCORED,,,False,False,False,False,False,False,False,False,False,NOT_SCORED — the buyer default model does not describe supplier claims risk; limit monitored only,,,ACADEMIC SIMULATION — not actual trades
2022-10-25,False,SUP_USEC_01,Tidewater Recycling Corp (SIM),SUPPLIER,74523600.0,claims/refunds owed by supplier (P3 supplier_exposure_inr) vs claims_exposure_limit_usd x usdinr,,,,,,0.0,0.0,,,,,,,,,,,,,NOT_SCORED,,NOT_SCORED,,,False,False,False,False,False,False,False,False,False,NOT_SCORED — the buyer default model does not describe supplier claims risk; limit monitored only,,,ACADEMIC SIMULATION — not actual trades
2022-10-25,False,SUP_USEC_02,Delaware Bay Metals LLC (SIM),SUPPLIER,33121600.0,claims/refunds owed by supplier (P3 supplier_exposure_inr) vs claims_exposure_limit_usd x usdinr,,,,,,0.0,0.0,,,,,,,,,,,,,NOT_SCORED,,NOT_SCORED,,,False,False,False,False,False,False,False,False,False,NOT_SCORED — the buyer default model does not describe supplier claims risk; limit monitored only,,,ACADEMIC SIMULATION — not actual trades
2022-10-26,False,BUY_JNPT_01,Taloja Alloys and Smelters Pvt Ltd (SIM),BUYER,560000000.0,"credit exposure = receivable + contracted-not-invoiced not covered by an advance (desk limit definition, P04 basis, evaluated daily) vs credit_limit_inr",0.0,0.0,0.0,0.0,0.0,0.0,0.0,0.0,0.0,0.0,0.0,0.0,0.43004464,19.0,42.38193018,0.10939606,0.09026786,0.43004464,0.02340556,B,0.0,B,0.9,1.0,False,False,False,False,False,False,False,False,False,MAINTAIN — watch utilisation; no increase without a clean review,560000000.0,,"ACADEMIC SIMULATION — not actual trades. Scores: illustrative logistic model trained on SYNTHETIC data, computed from information dated on or before each row's date"
2022-10-26,False,BUY_MUN_01,Kandla Metal Industries Pvt Ltd (SIM),BUYER,650000000.0,"credit exposure = receivable + contracted-not-invoiced not covered by an advance (desk limit definition, P04 basis, evaluated daily) vs credit_limit_inr",0.0,0.0,0.0,0.0,0.0,0.0,0.0,0.0,0.0,0.0,0.0,0.0,0.47711375,8.0,35.71252567,0.09236691,0.0,0.47711375,0.0184215,A,0.0,A,1.0,1.0,False,False,False,False,False,False,False,False,False,MAINTAIN — eligible for a limit increase at the next review,650000000.0,,"ACADEMIC SIMULATION — not actual trades. Scores: illustrative logistic model trained on SYNTHETIC data, computed from information dated on or before each row's date"
2022-10-26,False,BUY_RJK_01,Saurashtra Castings and Alloys Pvt Ltd (SIM),BUYER,120000000.0,"credit exposure = receivable + contracted-not-invoiced not covered by an advance (desk limit definition, P04 basis, evaluated daily) vs credit_limit_inr",0.0,0.0,0.0,0.0,0.0,0.0,0.0,0.0,0.0,0.0,0.0,0.0,0.74365919,37.0,20.5338809,0.59348589,1.82739375,2.57105294,0.40973648,D,1.0,D,0.5,0.0,False,False,False,False,False,False,False,False,False,REDUCE — cut the line to 50 %; advance or cash-against-documents only; do not lift the hedge before the advance arrives,60000000.0,,"ACADEMIC SIMULATION — not actual trades. Scores: illustrative logistic model trained on SYNTHETIC data, computed from information dated on or before each row's date"
2022-10-26,False,SUP_JEA_01,Khaleej Metal Resources FZE (SIM),SUPPLIER,49210440.0,claims/refunds owed by supplier (P3 supplier_exposure_inr) vs claims_exposure_limit_usd x usdinr,,,,,,0.0,0.0,,,,,,,,,,,,,NOT_SCORED,,NOT_SCORED,,,False,False,False,False,False,False,False,False,False,NOT_SCORED — the buyer default model does not describe supplier claims risk; limit monitored only,,,ACADEMIC SIMULATION — not actual trades
2022-10-26,False,SUP_USEC_01,Tidewater Recycling Corp (SIM),SUPPLIER,73815660.0,claims/refunds owed by supplier (P3 supplier_exposure_inr) vs claims_exposure_limit_usd x usdinr,,,,,,0.0,0.0,,,,,,,,,,,,,NOT_SCORED,,NOT_SCORED,,,False,False,False,False,False,False,False,False,False,NOT_SCORED — the buyer default model does not describe supplier claims risk; limit monitored only,,,ACADEMIC SIMULATION — not actual trades
2022-10-26,False,SUP_USEC_02,Delaware Bay Metals LLC (SIM),SUPPLIER,32806960.0,claims/refunds owed by supplier (P3 supplier_exposure_inr) vs claims_exposure_limit_usd x usdinr,,,,,,0.0,0.0,,,,,,,,,,,,,NOT_SCORED,,NOT_SCORED,,,False,False,False,False,False,False,False,False,False,NOT_SCORED — the buyer default model does not describe supplier claims risk; limit monitored only,,,ACADEMIC SIMULATION — not actual trades
2022-10-27,False,BUY_JNPT_01,Taloja Alloys and Smelters Pvt Ltd (SIM),BUYER,560000000.0,"credit exposure = receivable + contracted-not-invoiced not covered by an advance (desk limit definition, P04 basis, evaluated daily) vs credit_limit_inr",0.0,0.0,0.0,0.0,0.0,0.0,0.0,0.0,0.0,0.0,0.0,0.0,0.43004464,19.0,42.41478439,0.10939606,0.09026786,0.43004464,0.02339118,B,0.0,B,0.9,1.0,False,False,False,False,False,False,False,False,False,MAINTAIN — watch utilisation; no increase without a clean review,560000000.0,,"ACADEMIC SIMULATION — not actual trades. Scores: illustrative logistic model trained on SYNTHETIC data, computed from information dated on or before each row's date"
2022-10-27,False,BUY_MUN_01,Kandla Metal Industries Pvt Ltd (SIM),BUYER,650000000.0,"credit exposure = receivable + contracted-not-invoiced not covered by an advance (desk limit definition, P04 basis, evaluated daily) vs credit_limit_inr",0.0,0.0,0.0,0.0,0.0,0.0,0.0,0.0,0.0,0.0,0.0,0.0,0.47711375,8.0,35.74537988,0.09236691,0.0,0.47711375,0.01841012,A,0.0,A,1.0,1.0,False,False,False,False,False,False,False,False,False,MAINTAIN — eligible for a limit increase at the next review,650000000.0,,"ACADEMIC SIMULATION — not actual trades. Scores: illustrative logistic model trained on SYNTHETIC data, computed from information dated on or before each row's date"
2022-10-27,False,BUY_RJK_01,Saurashtra Castings and Alloys Pvt Ltd (SIM),BUYER,120000000.0,"credit exposure = receivable + contracted-not-invoiced not covered by an advance (desk limit definition, P04 basis, evaluated daily) vs credit_limit_inr",0.0,0.0,0.0,0.0,0.0,0.0,0.0,0.0,0.0,0.0,0.0,0.0,0.74365919,37.0,20.56673511,0.59348589,1.82739375,2.57105294,0.40958422,D,1.0,D,0.5,0.0,False,False,False,False,False,False,False,False,False,REDUCE — cut the line to 50 %; advance or cash-against-documents only; do not lift the hedge before the advance arrives,60000000.0,,"ACADEMIC SIMULATION — not actual trades. Scores: illustrative logistic model trained on SYNTHETIC data, computed from information dated on or before each row's date"
2022-10-27,False,SUP_JEA_01,Khaleej Metal Resources FZE (SIM),SUPPLIER,49410780.0,claims/refunds owed by supplier (P3 supplier_exposure_inr) vs claims_exposure_limit_usd x usdinr,,,,,,0.0,0.0,,,,,,,,,,,,,NOT_SCORED,,NOT_SCORED,,,False,False,False,False,False,False,False,False,False,NOT_SCORED — the buyer default model does not describe supplier claims risk; limit monitored only,,,ACADEMIC SIMULATION — not actual trades
2022-10-27,False,SUP_USEC_01,Tidewater Recycling Corp (SIM),SUPPLIER,74116170.0,claims/refunds owed by supplier (P3 supplier_exposure_inr) vs claims_exposure_limit_usd x usdinr,,,,,,0.0,0.0,,,,,,,,,,,,,NOT_SCORED,,NOT_SCORED,,,False,False,False,False,False,False,False,False,False,NOT_SCORED — the buyer default model does not describe supplier claims risk; limit monitored only,,,ACADEMIC SIMULATION — not actual trades
2022-10-27,False,SUP_USEC_02,Delaware Bay Metals LLC (SIM),SUPPLIER,32940520.0,claims/refunds owed by supplier (P3 supplier_exposure_inr) vs claims_exposure_limit_usd x usdinr,,,,,,0.0,0.0,,,,,,,,,,,,,NOT_SCORED,,NOT_SCORED,,,False,False,False,False,False,False,False,False,False,NOT_SCORED — the buyer default model does not describe supplier claims risk; limit monitored only,,,ACADEMIC SIMULATION — not actual trades
2022-10-28,False,BUY_JNPT_01,Taloja Alloys and Smelters Pvt Ltd (SIM),BUYER,560000000.0,"credit exposure = receivable + contracted-not-invoiced not covered by an advance (desk limit definition, P04 basis, evaluated daily) vs credit_limit_inr",0.0,0.0,0.0,0.0,0.0,0.0,0.0,0.0,0.0,0.0,0.0,0.0,0.43004464,19.0,42.4476386,0.10939606,0.09026786,0.43004464,0.0233768,B,0.0,B,0.9,1.0,False,False,False,False,False,False,False,False,False,MAINTAIN — watch utilisation; no increase without a clean review,560000000.0,,"ACADEMIC SIMULATION — not actual trades. Scores: illustrative logistic model trained on SYNTHETIC data, computed from information dated on or before each row's date"
2022-10-28,False,BUY_MUN_01,Kandla Metal Industries Pvt Ltd (SIM),BUYER,650000000.0,"credit exposure = receivable + contracted-not-invoiced not covered by an advance (desk limit definition, P04 basis, evaluated daily) vs credit_limit_inr",0.0,0.0,0.0,0.0,0.0,0.0,0.0,0.0,0.0,0.0,0.0,0.0,0.47711375,8.0,35.77823409,0.09236691,0.0,0.47711375,0.01839875,A,0.0,A,1.0,1.0,False,False,False,False,False,False,False,False,False,MAINTAIN — eligible for a limit increase at the next review,650000000.0,,"ACADEMIC SIMULATION — not actual trades. Scores: illustrative logistic model trained on SYNTHETIC data, computed from information dated on or before each row's date"
2022-10-28,False,BUY_RJK_01,Saurashtra Castings and Alloys Pvt Ltd (SIM),BUYER,120000000.0,"credit exposure = receivable + contracted-not-invoiced not covered by an advance (desk limit definition, P04 basis, evaluated daily) vs credit_limit_inr",0.0,0.0,0.0,0.0,0.0,0.0,0.0,0.0,0.0,0.0,0.0,0.0,0.74365919,37.0,20.59958932,0.59348589,1.82739375,2.57105294,0.40943197,D,1.0,D,0.5,0.0,False,False,False,False,False,False,False,False,False,REDUCE — cut the line to 50 %; advance or cash-against-documents only; do not lift the hedge before the advance arrives,60000000.0,,"ACADEMIC SIMULATION — not actual trades. Scores: illustrative logistic model trained on SYNTHETIC data, computed from information dated on or before each row's date"
2022-10-28,False,SUP_JEA_01,Khaleej Metal Resources FZE (SIM),SUPPLIER,49476360.0,claims/refunds owed by supplier (P3 supplier_exposure_inr) vs claims_exposure_limit_usd x usdinr,,,,,,0.0,0.0,,,,,,,,,,,,,NOT_SCORED,,NOT_SCORED,,,False,False,False,False,False,False,False,False,False,NOT_SCORED — the buyer default model does not describe supplier claims risk; limit monitored only,,,ACADEMIC SIMULATION — not actual trades
2022-10-28,False,SUP_USEC_01,Tidewater Recycling Corp (SIM),SUPPLIER,74214540.0,claims/refunds owed by supplier (P3 supplier_exposure_inr) vs claims_exposure_limit_usd x usdinr,,,,,,0.0,0.0,,,,,,,,,,,,,NOT_SCORED,,NOT_SCORED,,,False,False,False,False,False,False,False,False,False,NOT_SCORED — the buyer default model does not describe supplier claims risk; limit monitored only,,,ACADEMIC SIMULATION — not actual trades
2022-10-28,False,SUP_USEC_02,Delaware Bay Metals LLC (SIM),SUPPLIER,32984240.0,claims/refunds owed by supplier (P3 supplier_exposure_inr) vs claims_exposure_limit_usd x usdinr,,,,,,0.0,0.0,,,,,,,,,,,,,NOT_SCORED,,NOT_SCORED,,,False,False,False,False,False,False,False,False,False,NOT_SCORED — the buyer default model does not describe supplier claims risk; limit monitored only,,,ACADEMIC SIMULATION — not actual trades
2022-10-31,False,BUY_JNPT_01,Taloja Alloys and Smelters Pvt Ltd (SIM),BUYER,560000000.0,"credit exposure = receivable + contracted-not-invoiced not covered by an advance (desk limit definition, P04 basis, evaluated daily) vs credit_limit_inr",0.0,0.0,0.0,0.0,0.0,0.0,0.0,0.0,0.0,0.0,0.0,0.0,0.43004464,19.0,42.54620123,0.10939606,0.09026786,0.43004464,0.02333371,B,0.0,B,0.9,1.0,False,False,False,False,False,False,False,False,False,MAINTAIN — watch utilisation; no increase without a clean review,560000000.0,,"ACADEMIC SIMULATION — not actual trades. Scores: illustrative logistic model trained on SYNTHETIC data, computed from information dated on or before each row's date"
2022-10-31,False,BUY_MUN_01,Kandla Metal Industries Pvt Ltd (SIM),BUYER,650000000.0,"credit exposure = receivable + contracted-not-invoiced not covered by an advance (desk limit definition, P04 basis, evaluated daily) vs credit_limit_inr",0.0,0.0,0.0,0.0,0.0,0.0,0.0,0.0,0.0,0.0,0.0,0.0,0.47711375,8.0,35.87679671,0.09236691,0.0,0.47711375,0.01836466,A,0.0,A,1.0,1.0,False,False,False,False,False,False,False,False,False,MAINTAIN — eligible for a limit increase at the next review,650000000.0,,"ACADEMIC SIMULATION — not actual trades. Scores: illustrative logistic model trained on SYNTHETIC data, computed from information dated on or before each row's date"
2022-10-31,False,BUY_RJK_01,Saurashtra Castings and Alloys Pvt Ltd (SIM),BUYER,120000000.0,"credit exposure = receivable + contracted-not-invoiced not covered by an advance (desk limit definition, P04 basis, evaluated daily) vs credit_limit_inr",0.0,0.0,0.0,0.0,0.0,0.0,0.0,0.0,0.0,0.0,0.0,0.0,0.74365919,37.0,20.69815195,0.59348589,1.82739375,2.57105294,0.40897534,D,1.0,D,0.5,0.0,False,False,False,False,False,False,False,False,False,REDUCE — cut the line to 50 %; advance or cash-against-documents only; do not lift the hedge before the advance arrives,60000000.0,,"ACADEMIC SIMULATION — not actual trades. Scores: illustrative logistic model trained on SYNTHETIC data, computed from information dated on or before each row's date"
2022-10-31,False,SUP_JEA_01,Khaleej Metal Resources FZE (SIM),SUPPLIER,49689420.00000001,claims/refunds owed by supplier (P3 supplier_exposure_inr) vs claims_exposure_limit_usd x usdinr,,,,,,0.0,0.0,,,,,,,,,,,,,NOT_SCORED,,NOT_SCORED,,,False,False,False,False,False,False,False,False,False,NOT_SCORED — the buyer default model does not describe supplier claims risk; limit monitored only,,,ACADEMIC SIMULATION — not actual trades
2022-10-31,False,SUP_USEC_01,Tidewater Recycling Corp (SIM),SUPPLIER,74534130.0,claims/refunds owed by supplier (P3 supplier_exposure_inr) vs claims_exposure_limit_usd x usdinr,,,,,,0.0,0.0,,,,,,,,,,,,,NOT_SCORED,,NOT_SCORED,,,False,False,False,False,False,False,False,False,False,NOT_SCORED — the buyer default model does not describe supplier claims risk; limit monitored only,,,ACADEMIC SIMULATION — not actual trades
2022-10-31,False,SUP_USEC_02,Delaware Bay Metals LLC (SIM),SUPPLIER,33126280.0,claims/refunds owed by supplier (P3 supplier_exposure_inr) vs claims_exposure_limit_usd x usdinr,,,,,,0.0,0.0,,,,,,,,,,,,,NOT_SCORED,,NOT_SCORED,,,False,False,False,False,False,False,False,False,False,NOT_SCORED — the buyer default model does not describe supplier claims risk; limit monitored only,,,ACADEMIC SIMULATION — not actual trades
