date,in_window,in_margin_fortnight,in_crash_fortnight,lme_cash_usd_t,usdinr,vm_inr,txn_cost_inr,im_change_inr,net_margin_cash_inr,mcx_im_inr,mcx_im_stress_015_inr,mcx_lots_net_open,mcx_lots_gross_open,cum_vm_inr,cum_txn_cost_inr,cum_margin_cash_inr,margin_cash_deployed_inr,cash_purchase_cum_inr,cash_sale_cum_inr,cash_duty_cum_inr,cash_igst_cum_inr,cash_freight_cum_inr,cash_logistics_claims_cum_inr,cash_bank_charges_cum_inr,cash_fx_forward_cum_inr,cash_mcx_margin_cum_inr,cash_balance_inr,funding_accrued_cum_inr,interest_accrued_inr,commercial_funding_need_inr,funding_need_total_inr,fb_limit_inr,min_cash_buffer_inr,fb_drawn_inr,surplus_cash_inr,fb_utilisation_frac,undrawn_inr,headroom_inr,flag_buffer_breach,flag_fb_limit_breach,lc_outstanding_usd,lc_outstanding_inr,memo_lc_outstanding_ex_tolerance_inr,lc_limit_inr,lc_utilisation_frac,flag_lc_limit_breach,bank_exposure_fb_plus_lc_inr,stress_move_up_logret,stress_move_down_logret,stress_binding_up,mar_99_inr,mar_99_stressed_im_inr,mar_direction,flag_mar_exceeds_buffer,flag_mar_exceeds_undrawn,label
2022-03-01,True,False,False,3495.5,75.7046,0.0,0.0,0.0,0.0,0.0,0.0,0.0,0.0,0.0,0.0,0.0,-0.0,0.0,0.0,0.0,0.0,0.0,0.0,0.0,0.0,0.0,0.0,0.0,-0.0,-0.0,-0.0,1000000000.0,150000000.0,-0.0,0.0,-0.0,1000000000.0,850000000.0,False,False,0.0,0.0,0.0,1000000000.0,0.0,False,0.0,0.19283,-0.19283,garch,0.0,0.0,,False,False,ACADEMIC SIMULATION — not actual trades
2022-03-02,True,False,False,3605.0,75.7937,0.0,0.0,0.0,0.0,0.0,0.0,0.0,0.0,0.0,0.0,0.0,-0.0,0.0,0.0,0.0,0.0,0.0,0.0,0.0,0.0,0.0,0.0,0.0,-0.0,-0.0,-0.0,1000000000.0,150000000.0,-0.0,0.0,-0.0,1000000000.0,850000000.0,False,False,0.0,0.0,0.0,1000000000.0,0.0,False,0.0,0.192806,-0.192806,garch,0.0,0.0,,False,False,ACADEMIC SIMULATION — not actual trades
2022-03-03,True,False,False,3728.5,75.9967,0.0,0.0,0.0,0.0,0.0,0.0,0.0,0.0,0.0,0.0,0.0,-0.0,0.0,0.0,0.0,0.0,0.0,0.0,0.0,0.0,0.0,0.0,0.0,-0.0,-0.0,-0.0,1000000000.0,150000000.0,-0.0,0.0,-0.0,1000000000.0,850000000.0,False,False,0.0,0.0,0.0,1000000000.0,0.0,False,0.0,0.195621,-0.195621,garch,0.0,0.0,,False,False,ACADEMIC SIMULATION — not actual trades
2022-03-04,True,False,False,3851.0,76.3431,0.0,0.0,0.0,0.0,0.0,0.0,0.0,0.0,0.0,0.0,0.0,-0.0,0.0,0.0,0.0,0.0,0.0,0.0,0.0,0.0,0.0,0.0,0.0,-0.0,-0.0,-0.0,1000000000.0,150000000.0,-0.0,0.0,-0.0,1000000000.0,850000000.0,False,False,0.0,0.0,0.0,1000000000.0,0.0,False,0.0,0.196621,-0.196621,garch,0.0,0.0,,False,False,ACADEMIC SIMULATION — not actual trades
2022-03-07,True,False,False,3984.5,76.9275,0.0,0.0,0.0,0.0,0.0,0.0,0.0,0.0,0.0,0.0,0.0,-0.0,0.0,0.0,0.0,0.0,0.0,0.0,0.0,0.0,0.0,0.0,0.0,-0.0,-0.0,-0.0,1000000000.0,150000000.0,-0.0,0.0,-0.0,1000000000.0,850000000.0,False,False,0.0,0.0,0.0,1000000000.0,0.0,False,0.0,0.19916,-0.19916,garch,0.0,0.0,,False,False,ACADEMIC SIMULATION — not actual trades
2022-03-08,True,False,False,3500.5,77.051,0.0,0.0,0.0,0.0,0.0,0.0,0.0,0.0,0.0,0.0,0.0,-0.0,0.0,0.0,0.0,0.0,0.0,0.0,0.0,0.0,0.0,0.0,0.0,-0.0,-0.0,-0.0,1000000000.0,150000000.0,-0.0,0.0,-0.0,1000000000.0,850000000.0,False,False,0.0,0.0,0.0,1000000000.0,0.0,False,0.0,0.366098,-0.366098,garch,0.0,0.0,,False,False,ACADEMIC SIMULATION — not actual trades
2022-03-09,True,False,False,3532.0,76.5965,0.0,-282437.25,44160747.52,-44443184.76,44160747.52,66241121.28,-300.0,300.0,0.0,-282437.25,-44443184.76,44443184.76,0.0,0.0,0.0,0.0,0.0,0.0,0.0,0.0,-44443184.77,-44443184.77,0.0,-0.0,0.01,44443184.77,1000000000.0,150000000.0,44443184.77,0.0,0.044443,955556815.23,805556815.23,False,False,0.0,0.0,0.0,1000000000.0,0.0,False,44443184.77,0.334927,-0.334927,garch,193257282.303973,224122077.538408,LME_UP,True,False,ACADEMIC SIMULATION — not actual trades
2022-03-10,True,False,False,3535.0,76.3326,1193055.94,0.0,-119305.59,1312361.53,44041441.93,66062162.89,-300.0,300.0,1193055.94,-282437.25,-43130823.23,43130823.23,0.0,0.0,0.0,0.0,0.0,0.0,0.0,0.0,-43130823.24,-43130823.23,-11567.4,11567.4,-0.0,43142390.63,1000000000.0,150000000.0,43142390.63,0.0,0.043142,956857609.37,806857609.37,False,False,0.0,0.0,0.0,1000000000.0,0.0,False,43142390.63,0.305943,-0.305943,garch,173388875.695217,203290909.499008,LME_UP,True,False,ACADEMIC SIMULATION — not actual trades
2022-03-11,True,False,False,3472.0,76.4217,7388669.54,-68937.06,9910519.5,-2590787.02,53951961.43,80927942.14,-374.0,374.0,8581725.48,-351374.31,-45721610.25,45721610.25,0.0,0.0,0.0,0.0,0.0,0.0,0.0,0.0,-45721610.26,-45721610.24,-22793.23,22793.23,-0.01,45744403.47,1000000000.0,150000000.0,45744403.47,0.0,0.045744,954255596.53,804255596.53,False,False,0.0,0.0,0.0,1000000000.0,0.0,False,45744403.47,0.301541,-0.301541,garch,208866639.312769,245336558.7043,LME_UP,True,False,ACADEMIC SIMULATION — not actual trades
2022-03-14,True,False,False,3399.0,76.5794,10417361.61,0.0,-1041736.16,11459097.78,52910225.26,79365337.89,-374.0,374.0,18999087.09,-351374.31,-34262512.47,34262512.47,0.0,0.0,0.0,0.0,0.0,0.0,-1061573.81,0.0,-34262512.49,-35324086.29,-58493.67,58493.67,1061573.82,35382579.96,1000000000.0,150000000.0,35382579.96,0.0,0.035383,964617420.04,814617420.04,False,False,6191640.0,474152076.216,451573405.92,1000000000.0,0.474152,False,509534656.176,0.281471,-0.281471,garch,189198997.123139,224254064.472218,LME_UP,True,False,ACADEMIC SIMULATION — not actual trades
2022-03-15,True,True,False,3217.5,76.3857,29571401.38,0.0,-2957140.14,32528541.52,49953085.13,74929627.69,-374.0,374.0,48570488.47,-351374.31,-1733970.95,1733970.95,0.0,0.0,0.0,0.0,0.0,0.0,-1061573.81,0.0,-1733970.97,-2795544.77,-67687.61,67687.61,1061573.82,2863232.38,1000000000.0,150000000.0,2863232.38,0.0,0.002863,997136767.62,847136767.62,False,False,6191640.0,472952755.548,450431195.76,1000000000.0,0.472953,False,475815987.928,0.294724,-0.294724,garch,188338912.680869,221876314.568385,LME_UP,True,False,ACADEMIC SIMULATION — not actual trades
2022-03-16,True,True,False,3306.0,76.2057,-12477693.77,0.0,1247769.37,-13725463.14,51200854.5,76801281.75,-374.0,374.0,36092794.7,-351374.31,-15459434.09,15459434.09,0.0,0.0,0.0,0.0,0.0,0.0,-1061573.81,0.0,-15459434.11,-16521007.9,-68415.22,68415.22,1061573.81,16589423.12,1000000000.0,150000000.0,16589423.12,0.0,0.016589,983410576.88,833410576.88,False,False,6191640.0,471838260.348,449369771.76,1000000000.0,0.471838,False,488427683.468,0.27889,-0.27889,garch,181162767.886467,214997866.65259,LME_UP,True,False,ACADEMIC SIMULATION — not actual trades
2022-03-17,True,True,False,3288.0,75.8696,5085882.02,0.0,-508588.2,5594470.21,50692266.29,76038399.45,-374.0,374.0,41178676.72,-351374.31,-9864963.88,9864963.88,0.0,0.0,0.0,0.0,0.0,0.0,-1061573.81,0.0,-9864963.89,-10926537.7,-72715.21,72715.21,1061573.82,10999252.91,1000000000.0,150000000.0,10999252.91,0.0,0.010999,989000747.09,839000747.09,False,False,6191640.0,469757250.144,447387857.28,1000000000.0,0.469757,False,480756503.054,0.255817,-0.255817,garch,162553649.681201,195288585.18199,LME_UP,True,False,ACADEMIC SIMULATION — not actual trades
2022-03-18,True,True,False,3380.5,76.1106,-15862660.69,0.0,1586266.07,-17448926.76,52278532.36,78417798.55,-374.0,374.0,25316016.03,-351374.31,-27313890.64,27313890.64,0.0,0.0,0.0,0.0,0.0,0.0,-1061573.81,0.0,-27313890.65,-28375464.45,-75559.1,75559.1,1061573.81,28451023.55,1000000000.0,150000000.0,28451023.55,0.0,0.028451,971548976.45,821548976.45,False,False,6191640.0,471249435.384,448808986.08,1000000000.0,0.471249,False,499700458.934,0.243279,-0.243279,garch,158386449.782352,191725100.877387,LME_UP,True,False,ACADEMIC SIMULATION — not actual trades
2022-03-21,True,True,False,3518.0,76.267,-22213245.51,0.0,2221324.55,-24434570.05,54499856.92,81749785.38,-374.0,374.0,3102770.52,-351374.31,-51748460.69,51748460.69,0.0,0.0,0.0,0.0,0.0,0.0,-1423223.39,0.0,-51748460.71,-53171684.09,-97715.28,97715.28,1423223.4,53269399.37,1000000000.0,150000000.0,53269399.37,0.0,0.053269,946730600.63,796730600.63,False,False,9132694.622,696523220.736074,653645257.28734,1000000000.0,0.696523,False,749792620.106074,0.245754,-0.245754,garch,167011122.02359,201852464.629704,LME_UP,True,False,ACADEMIC SIMULATION — not actual trades
2022-03-22,True,True,False,3550.5,76.1198,-3916555.2,-139106.39,424163.56,-4479825.14,54924020.47,82386030.72,-374.0,374.0,-813784.68,-490480.7,-56228285.83,56228285.83,0.0,0.0,0.0,0.0,0.0,0.0,-1423223.39,0.0,-56228285.86,-57651509.23,-111554.49,111554.49,1423223.4,57763063.72,1000000000.0,150000000.0,57763063.72,0.0,0.057763,942236936.28,792236936.28,False,False,9132694.622,695178888.087716,652383681.745196,1000000000.0,0.695179,False,752941951.807716,0.226544,-0.226544,garch,153613303.9107,188057737.921309,LME_UP,True,False,ACADEMIC SIMULATION — not actual trades
2022-03-23,True,True,False,3560.0,76.4383,-3716823.75,-134905.97,21514156.99,-25365886.72,76438177.47,114657266.21,-517.0,517.0,-4530608.43,-625386.67,-81594172.55,81594172.55,0.0,0.0,0.0,0.0,0.0,0.0,-1423223.39,0.0,-81594172.57,-83017395.95,-126559.68,126559.68,1423223.4,83143955.63,1000000000.0,150000000.0,83143955.63,0.0,0.083144,916856044.37,766856044.37,False,False,9132694.622,698087651.324823,655113381.542566,1000000000.0,0.698088,False,781231606.954823,0.208022,-0.208022,garch,194431661.895147,241488554.692112,LME_UP,True,False,ACADEMIC SIMULATION — not actual trades
2022-03-24,True,True,False,3664.0,76.4064,-21920811.47,0.0,2192081.14,-24112892.62,78630258.63,117945387.91,-517.0,517.0,-26451419.9,-625386.67,-105707065.17,105707065.17,0.0,0.0,0.0,0.0,0.0,0.0,-1423223.39,0.0,-105707065.18,-107130288.57,-148166.95,148166.95,1423223.4,107278455.52,1000000000.0,150000000.0,107278455.52,0.0,0.107278,892721544.48,742721544.48,False,False,9132694.622,697796318.366381,654839983.038528,1000000000.0,0.697796,False,805074773.886381,0.205175,-0.205175,garch,196980254.068621,245249029.920578,LME_UP,True,False,ACADEMIC SIMULATION — not actual trades
2022-03-25,True,True,False,3583.0,76.1893,19646683.42,0.0,-1964668.34,21611351.75,76665590.27,114998385.41,-517.0,517.0,-6804736.48,-625386.67,-84095713.42,84095713.42,0.0,0.0,0.0,0.0,0.0,0.0,-1423223.39,0.0,-84095713.42,-85518936.81,-176050.17,176050.17,1423223.39,85694986.98,1000000000.0,150000000.0,85694986.98,0.0,0.085695,914305013.02,764305013.02,False,False,9132694.622,695813610.363945,652979330.523586,1000000000.0,0.695814,False,781508597.343945,0.202633,-0.202633,hist60,189429296.903772,236372514.255697,LME_UP,True,False,ACADEMIC SIMULATION — not actual trades
2022-03-28,True,True,False,3606.0,76.1285,-4066942.35,0.0,406694.22,-4473636.57,77072284.51,115608426.76,-517.0,517.0,-10871678.83,-625386.67,-88569349.99,88569349.99,0.0,0.0,0.0,0.0,0.0,0.0,-1423223.39,0.0,-88569349.99,-89992573.39,-242825.24,242825.24,1423223.4,90235398.63,1000000000.0,150000000.0,90235398.63,0.0,0.090235,909764601.37,759764601.37,False,False,9132694.622,695258342.530927,652458244.97357,1000000000.0,0.695258,False,785493741.160927,0.202569,-0.202569,hist60,190368045.339713,237557279.794105,LME_UP,True,False,ACADEMIC SIMULATION — not actual trades
2022-03-29,True,True,False,3583.0,75.7497,8805018.75,0.0,-880501.87,9685520.62,76191782.64,114287673.95,-517.0,517.0,-2066660.08,-625386.67,-78883829.37,78883829.37,0.0,0.0,0.0,0.0,0.0,-171015.55,-1423223.39,0.0,-78883829.37,-80478068.32,-266247.95,266247.95,1594238.95,80744316.27,1000000000.0,150000000.0,80744316.27,0.0,0.080744,919255683.73,769255683.73,False,False,9132694.622,691798877.808114,649211744.869194,1000000000.0,0.691799,False,772543194.078114,0.202635,-0.202635,hist60,188260709.457439,234913905.060529,LME_UP,True,False,ACADEMIC SIMULATION — not actual trades
2022-03-30,True,False,False,3508.0,75.8404,15132498.55,0.0,-1513249.85,16645748.4,74678532.78,112017799.17,-517.0,517.0,13065838.47,-625386.67,-62238080.97,62238080.97,0.0,0.0,0.0,0.0,0.0,-171015.55,-1800872.18,0.0,-62238080.97,-64209968.7,-287194.3,287194.3,1971887.73,64497163.0,1000000000.0,150000000.0,64497163.0,0.0,0.064497,935502837.0,785502837.0,False,False,12244894.622,928657706.090329,874780033.551208,1000000000.0,0.928658,False,993154869.090329,0.202927,-0.202927,hist60,184815773.70697,230555757.337268,LME_UP,True,False,ACADEMIC SIMULATION — not actual trades
2022-03-31,True,False,False,3503.0,75.7896,1640841.05,0.0,-164084.12,1804925.16,74514448.67,111771673.01,-517.0,517.0,14706679.52,-625386.67,-60433155.81,60433155.81,0.0,0.0,0.0,0.0,0.0,-171015.55,-1800872.18,0.0,-60433155.8,-62405043.55,-303906.49,303906.49,1971887.74,62708950.04,1000000000.0,150000000.0,62708950.04,0.0,0.062709,937291049.96,787291049.96,False,False,12244894.622,928035665.443531,874194081.661392,1000000000.0,0.928036,False,990744615.483531,0.202355,-0.202355,hist60,183835591.854324,229448978.270812,LME_UP,True,False,ACADEMIC SIMULATION — not actual trades
2022-04-01,True,False,False,3483.0,75.9905,2284317.0,0.0,-228431.7,2512748.7,74286016.97,111429025.46,-517.0,517.0,16990996.52,-625386.67,-57920407.11,57920407.11,0.0,0.0,0.0,0.0,0.0,-171015.55,-1800872.18,0.0,-57920407.1,-59892294.84,-320148.9,320148.9,1971887.73,60212443.74,1000000000.0,150000000.0,60212443.74,0.0,0.060212,939787556.26,789787556.26,False,False,12244894.622,930495664.773091,876511359.90281,1000000000.0,0.930496,False,990708108.513091,0.202416,-0.202416,hist60,183332291.608201,228808585.37479,LME_UP,True,False,ACADEMIC SIMULATION — not actual trades
2022-04-04,True,False,False,3444.0,75.5275,13028298.46,0.0,-1302829.85,14331128.31,72983187.12,109474780.69,-517.0,517.0,30019294.98,-625386.67,-43589278.8,43589278.8,0.0,0.0,0.0,0.0,0.0,-341529.46,-1800872.18,0.0,-43589278.79,-45731680.44,-366914.11,366914.11,2142401.64,46098594.55,1000000000.0,150000000.0,46098594.55,0.0,0.046099,953901405.45,803901405.45,False,False,12244894.622,924826278.563105,871170892.87555,1000000000.0,0.924826,False,970924873.113105,0.202695,-0.202695,hist60,180391365.508589,225082566.932831,LME_UP,True,False,ACADEMIC SIMULATION — not actual trades
2022-04-05,True,False,False,3415.0,75.335,8067419.67,0.0,-806741.97,8874161.64,72176445.16,108264667.75,-517.0,517.0,38086714.65,-625386.67,-34715117.16,34715117.16,-148078476.0,0.0,0.0,0.0,0.0,-522181.9,-1978566.35,-1103339.71,-34715117.15,-186397681.12,-378816.88,378816.88,151682563.96,186776498.0,1000000000.0,150000000.0,186776498.0,0.0,0.186776,813223502.0,663223502.0,False,False,10181014.622,766986736.54837,720872028.3167,1000000000.0,0.766987,False,953763234.54837,0.202666,-0.202666,hist60,178369205.749953,222565118.293344,LME_UP,True,False,ACADEMIC SIMULATION — not actual trades
2022-04-06,True,False,False,3443.5,75.8348,-10773333.6,-80468.06,13404371.52,-24258173.19,85580816.7,128371225.04,-604.0,604.0,27313381.05,-705854.73,-58973290.35,58973290.35,-148078476.0,0.0,0.0,0.0,0.0,-522181.9,-1978566.35,-1103339.71,-58973290.33,-210655854.31,-427331.35,427331.35,151682563.96,211083185.66,1000000000.0,150000000.0,211083185.66,0.0,0.211083,788916814.34,638916814.34,False,False,10181014.622,772075207.656446,725654557.549496,1000000000.0,0.772075,False,983158393.316446,0.202113,-0.202113,hist60,210858387.063005,263233267.163288,LME_UP,True,False,ACADEMIC SIMULATION — not actual trades
2022-04-07,True,False,False,3346.0,75.9903,22615777.18,0.0,-2261577.72,24877354.91,83319238.97,124978858.44,-604.0,604.0,49929158.23,-705854.73,-34095935.44,34095935.44,-148078476.0,0.0,0.0,0.0,0.0,-693740.64,-1978566.35,-1103339.71,-34095935.43,-185950058.15,-482159.57,482159.57,151854122.71,186432217.72,1000000000.0,150000000.0,186432217.72,0.0,0.186432,813567782.28,663567782.28,False,False,10181014.622,773658355.430167,727142519.325606,1000000000.0,0.773658,False,960090573.150167,0.203485,-0.203485,hist60,206826418.169383,257887239.074258,LME_UP,True,False,ACADEMIC SIMULATION — not actual trades
2022-04-08,True,False,False,3395.0,75.8577,-10635836.45,0.0,1063583.65,-11699420.09,84382822.62,126574233.92,-604.0,604.0,39293321.78,-705854.73,-45795355.53,45795355.53,-148078476.0,0.0,0.0,0.0,0.0,-693740.64,-1978566.35,-1103339.71,-45795355.53,-197649478.24,-530557.53,530557.53,151854122.71,198180035.77,1000000000.0,150000000.0,198180035.77,0.0,0.19818,801819964.23,651819964.23,False,False,10181014.622,772308352.89129,725873685.039354,1000000000.0,0.772308,False,970488388.66129,0.203876,-0.203876,hist60,209911511.236356,261644355.481839,LME_UP,True,False,ACADEMIC SIMULATION — not actual trades
2022-04-11,True,False,False,3234.5,75.8794,39921220.18,0.0,-3992122.02,43913342.2,80390700.59,120586050.89,-604.0,604.0,79214541.96,-705854.73,-1882013.33,1882013.33,-297227024.64,0.0,-2763974.38,-18588984.02,0.0,-693740.64,-2157544.61,-700595.79,-1882013.33,-324013877.42,-684886.58,684886.58,322131864.09,324698764.0,1000000000.0,150000000.0,324698764.0,0.0,0.324699,675301236.0,525301236.0,False,False,8117134.622,615923304.836587,576932781.225988,1000000000.0,0.615923,False,940622068.836587,0.208761,-0.208761,hist60,205290093.248544,254816810.558296,LME_UP,True,False,ACADEMIC SIMULATION — not actual trades
2022-04-12,True,False,False,3214.5,76.1702,1995072.88,0.0,-199507.3,2194580.15,80191193.31,120286789.95,-604.0,604.0,81209614.84,-705854.73,312566.82,-312566.82,-297227024.64,0.0,-2763974.38,-18588984.02,0.0,-693740.64,-2763280.79,-700595.79,312566.85,-322425033.44,-769218.96,769218.96,322737600.26,323194252.4,1000000000.0,150000000.0,323194252.4,0.0,0.323194,676805747.6,526805747.6,False,False,11457394.622,872712039.836664,810442246.120604,1000000000.0,0.872712,False,1195906292.236664,0.208842,-0.208842,hist60,204868591.227243,254276395.047336,LME_UP,True,False,ACADEMIC SIMULATION — not actual trades
2022-04-13,True,False,False,3207.0,76.1851,1800405.98,0.0,-180040.6,1980446.6,80011152.7,120016729.06,-604.0,604.0,83010020.82,-705854.73,2293013.42,-2293013.42,-297227024.64,0.0,-2763974.38,-18588984.02,0.0,-1085378.04,-2763280.79,-700595.79,2293013.43,-320836224.25,-853137.81,853137.81,323129237.67,321689362.06,1000000000.0,150000000.0,321689362.06,0.0,0.321689,678310637.94,528310637.94,False,False,11457394.622,872882755.016532,810600780.422302,1000000000.0,0.872883,False,1194572117.076532,0.208641,-0.208641,hist60,204190337.323485,253477292.391415,LME_UP,True,False,ACADEMIC SIMULATION — not actual trades
2022-04-14,True,False,False,3237.5,76.1298,-6936465.5,0.0,693646.56,-7630112.06,80704799.26,121057198.88,-604.0,604.0,76073555.32,-705854.73,-5337098.64,5337098.64,-446867759.52,0.0,-2763974.38,-18588984.02,0.0,-1085378.04,-2942849.67,-715626.68,-5337098.63,-478301670.95,-936643.13,936643.13,472964572.31,479238314.08,1000000000.0,150000000.0,479238314.08,0.0,0.479238,520761685.92,370761685.92,False,False,9393514.622,715126389.469936,660371659.845396,1000000000.0,0.715126,False,1194364703.549936,0.207595,-0.207595,hist60,204817293.075023,254479570.747613,LME_UP,True,False,ACADEMIC SIMULATION — not actual trades
2022-04-19,True,False,False,3312.0,76.4638,-21748447.78,0.0,2174844.78,-23923292.54,82879644.03,124319466.06,-604.0,604.0,54325107.54,-705854.73,-29260391.18,29260391.18,-446867759.52,0.0,-8493028.25,-57119475.41,0.0,-1085378.04,-2942849.67,-715626.68,-29260391.19,-546484508.76,-1559090.51,1559090.51,517224117.58,548043599.27,1000000000.0,150000000.0,548043599.27,0.0,0.548044,451956400.73,301956400.73,False,False,9393514.622,718263823.353684,663268871.376076,1000000000.0,0.718264,False,1266307422.623684,0.208513,-0.208513,hist60,211367515.635065,262414952.250598,LME_UP,True,False,ACADEMIC SIMULATION — not actual trades
2022-04-20,True,False,False,3240.0,76.3018,19821990.22,-1090219.1,-1704056.91,20435828.03,81175587.12,121763380.68,-604.0,604.0,74147097.76,-1796073.83,-8824563.15,8824563.15,-559947027.12,0.0,-8493028.25,-57119475.41,0.0,-2045378.04,-3265418.66,-759410.47,-8824563.16,-640454301.11,-1702823.42,1702823.42,631629737.96,642157124.53,1000000000.0,150000000.0,642157124.53,0.0,0.642157,357842875.47,207842875.47,False,False,7837414.622,598008843.00492,548784369.440836,1000000000.0,0.598009,False,1240165967.53492,0.209274,-0.209274,hist60,207858828.442433,257894751.681122,LME_UP,True,False,ACADEMIC SIMULATION — not actual trades
2022-04-21,True,False,False,3262.0,76.2056,-4394126.1,-95048.36,14627450.64,-19116625.12,95803037.76,143704556.64,-709.0,709.0,69752971.66,-1891122.19,-27941188.27,27941188.27,-559947027.12,0.0,-8493028.25,-57119475.41,0.0,-2045378.04,-3265418.66,-759410.47,-27941188.26,-659570926.22,-1871271.67,1871271.67,631629737.95,661442197.89,1000000000.0,150000000.0,661442197.89,0.0,0.661442,338557802.11,188557802.11,False,False,7837414.622,597254883.718283,548092471.525712,1000000000.0,0.597255,False,1258697081.608283,0.209285,-0.209285,hist60,245328128.123141,304380927.184823,LME_UP,True,False,ACADEMIC SIMULATION — not actual trades
2022-04-22,True,False,True,3244.0,76.4485,2352042.74,0.0,-235204.27,2587247.0,95567833.49,143351750.23,-709.0,709.0,72105014.4,-1891122.19,-25353941.27,25353941.27,-559947027.12,0.0,-8493028.25,-57119475.41,0.0,-2261742.58,-3265418.66,-759410.47,-25353941.25,-657200043.75,-2044747.87,2044747.87,631846102.48,659244791.62,1000000000.0,150000000.0,659244791.62,0.0,0.659245,340755208.38,190755208.38,False,False,7837414.622,599158591.729967,549839477.79997,1000000000.0,0.599159,False,1258403383.349967,0.209159,-0.209159,hist60,244563542.862348,303463982.842828,LME_UP,True,False,ACADEMIC SIMULATION — not actual trades
2022-04-25,True,False,True,3090.0,76.6062,43783477.58,-371234.48,-20969946.7,64382189.82,74597886.78,111896830.15,-290.0,580.0,115888491.98,-2262356.67,39028248.55,-39028248.55,-559947027.12,0.0,-8493028.25,-57119475.41,0.0,-2261742.58,-3265418.66,-759410.47,39028248.55,-592817853.93,-2563305.7,2563305.7,631846102.48,595381159.63,1000000000.0,150000000.0,595381159.63,0.0,0.595381,404618840.37,254618840.37,False,False,7837414.622,600394552.015856,550973701.305324,1000000000.0,0.600395,False,1195775711.645856,0.214156,-0.214156,hist60,106891062.851966,153097594.567282,LME_UP,True,False,ACADEMIC SIMULATION — not actual trades
2022-04-26,True,False,True,3102.5,76.566,-1272234.44,-126886.37,-18200525.04,16801404.22,56397361.75,84596042.6,-147.0,437.0,114616257.54,-2389243.04,55829652.77,-55829652.77,-559947027.12,0.0,-8493028.25,-57119475.41,0.0,-2261742.58,-3265418.66,-759410.47,55829652.78,-576016449.71,-2719224.91,2719224.91,631846102.48,578735674.62,1000000000.0,150000000.0,578735674.62,0.0,0.578736,421264325.38,271264325.38,False,False,7837414.622,600079487.948052,550684571.40732,1000000000.0,0.600079,False,1178815162.568052,0.214189,-0.214189,hist60,58784736.540907,93718847.25312,LME_UP,False,False,ACADEMIC SIMULATION — not actual trades
2022-04-27,True,False,True,3100.0,76.6045,77873.89,0.0,-23150.26,101024.16,56374211.49,84561317.22,-147.0,437.0,114694131.43,-2389243.04,55930676.93,-55930676.93,-559947027.12,0.0,-8493028.25,-57119475.41,-4607760.68,-2394750.59,-3265418.66,-759410.47,55930676.93,-580656194.23,-2870725.14,2870725.14,636586871.16,583526919.37,1000000000.0,150000000.0,583526919.37,0.0,0.583527,416473080.63,266473080.63,False,False,7837414.622,600381228.410999,550961474.41909,1000000000.0,0.600381,False,1183908147.780999,0.213935,-0.213935,hist60,58683436.089485,93594365.881589,LME_UP,False,False,ACADEMIC SIMULATION — not actual trades
2022-04-28,True,False,True,3065.5,76.6495,2020392.3,0.0,-600620.03,2621012.33,55773591.45,83660387.18,-147.0,437.0,116714523.73,-2389243.04,58551689.26,-58551689.26,-559947027.12,0.0,-11640735.17,-78289235.24,-4607760.68,-4554750.59,-4458120.18,-759410.47,58551689.26,-605705350.18,-3023445.68,3023445.68,664257039.44,608728795.86,1000000000.0,150000000.0,608728795.86,0.0,0.608729,391271204.14,241271204.14,False,False,13141359.422,1007278629.016589,920871233.60599,1000000000.0,1.007279,True,1616007424.876589,0.214196,-0.214196,hist60,58136710.042751,92684686.467839,LME_UP,False,False,ACADEMIC SIMULATION — not actual trades
2022-04-29,True,False,True,3039.0,76.5066,1988489.32,0.0,-591135.94,2579625.29,55182455.5,82773683.26,-147.0,437.0,118703013.05,-2389243.04,61131314.55,-61131314.55,-673329808.32,0.0,-11640735.17,-78289235.24,-4607760.68,-4554750.59,-4594179.52,-888755.66,61131314.52,-716773910.62,-3182754.48,3182754.48,777905225.17,719956665.1,1000000000.0,150000000.0,719956665.1,0.0,0.719957,280043334.9,130043334.9,False,False,11585259.422,886348808.495185,805771644.086532,1000000000.0,0.886349,False,1606305473.595185,0.214165,-0.214165,hist60,57511359.01847,91692115.528828,LME_UP,False,False,ACADEMIC SIMULATION — not actual trades
2022-05-03,True,False,True,2911.5,76.5839,7628831.5,0.0,-2267890.73,9896722.21,52914564.78,79371847.18,-147.0,437.0,126331844.55,-2389243.04,71028036.76,-71028036.76,-673329808.32,0.0,-11640735.17,-78289235.24,-4607760.68,-4554750.59,-4594179.52,-888755.66,71028036.75,-706877188.41,-3936839.91,3936839.91,777905225.17,710814028.32,1000000000.0,150000000.0,710814028.32,0.0,0.710814,289185971.68,139185971.68,False,False,11585259.422,887244349.048506,806585771.862278,1000000000.0,0.887244,False,1598058377.368506,0.217946,-0.217946,hist60,56231271.224178,89131413.401752,LME_UP,False,False,ACADEMIC SIMULATION — not actual trades
2022-05-04,True,False,True,2929.0,76.3493,-552856.78,0.0,164352.67,-717209.45,53078917.45,79618376.17,-147.0,437.0,125778987.77,-2389243.04,70310827.31,-70310827.31,-789250950.51,0.0,-11640735.17,-78289235.24,-9200171.07,-4687315.5,-4733284.89,-1498445.14,70310827.3,-828989310.2,-4122758.27,4122758.27,899300137.51,833112068.47,1000000000.0,150000000.0,833112068.47,0.0,0.833112,166887931.53,16887931.53,False,False,9915129.422,757013190.779105,688193809.799186,1000000000.0,0.757013,False,1590125259.249105,0.217842,-0.217842,hist60,56376052.586481,89374959.536188,LME_UP,False,False,ACADEMIC SIMULATION — not actual trades
2022-05-05,True,False,True,2917.0,76.2855,903064.1,0.0,-268461.91,1171526.01,52810455.54,79215683.3,-147.0,437.0,126682051.87,-2389243.04,71482353.32,-71482353.32,-789250950.51,0.0,-11640735.17,-78289235.24,-9200171.07,-4687315.5,-4733284.89,-1498445.14,71482353.31,-827817784.19,-4340793.83,4340793.83,899300137.51,832158578.02,1000000000.0,150000000.0,832158578.02,0.0,0.832159,167841421.98,17841421.98,False,False,9915129.422,756380605.521981,687618732.29271,1000000000.0,0.756381,False,1588539183.541981,0.217083,-0.217083,hist60,55873464.757018,88680556.146182,LME_UP,False,False,ACADEMIC SIMULATION — not actual trades
2022-05-06,True,False,True,2832.5,76.9139,3747592.36,0.0,-1114080.18,4861672.55,51696375.36,77544563.04,-147.0,437.0,130429644.23,-2389243.04,76344025.87,-76344025.87,-789250950.51,0.0,-11640735.17,-78289235.24,-9200171.07,-4687315.5,-4733284.89,-1498445.14,76344025.85,-822956111.64,-4558521.25,4558521.25,899300137.51,827514632.89,1000000000.0,150000000.0,827514632.89,0.0,0.827515,172485367.11,22485367.11,False,False,9915129.422,762611272.850766,693282975.318878,1000000000.0,0.762611,False,1590125905.740766,0.216965,-0.216965,hist60,54661666.045958,86772870.711641,LME_UP,False,False,ACADEMIC SIMULATION — not actual trades
2022-05-09,True,False,True,2708.0,77.4141,6627240.23,-84152.0,-13349140.27,19892228.49,38347235.08,57520852.63,-47.0,337.0,137056884.46,-2473395.04,96236254.36,-96236254.36,-789250950.51,0.0,-15994297.88,-107568923.34,-15919714.95,-5887315.5,-4733284.89,-1498445.14,96236254.35,-844616677.83,-5207867.44,5207867.44,940852932.19,849824545.27,1000000000.0,150000000.0,849824545.27,0.0,0.849825,150175454.73,175454.73,False,False,9915129.422,767570820.58765,697791655.079682,1000000000.0,0.767571,False,1617395365.85765,0.221123,-0.221123,hist60,22725401.170377,46644037.796762,LME_UP,False,False,ACADEMIC SIMULATION — not actual trades
2022-05-10,True,False,False,2677.0,77.2622,722793.54,-147242.74,19238121.19,-18662570.39,57585356.27,86378034.42,-223.0,513.0,137779678.0,-2620637.78,77573683.97,-77573683.97,-789250950.51,0.0,-15994297.88,-107568923.34,-15919714.95,-6055016.07,-4733284.89,-1498445.14,77573683.96,-863446948.79,-5430013.2,5430013.2,941020632.76,868876961.99,1000000000.0,150000000.0,868876961.99,0.0,0.868877,131123038.01,-18876961.99,True,False,9915129.422,766064712.428449,696422465.844044,1000000000.0,0.766065,False,1634941674.418449,0.220592,-0.220592,hist60,75995962.893163,111895081.220308,LME_UP,False,False,ACADEMIC SIMULATION — not actual trades
2022-05-11,True,False,False,2737.0,77.2231,-5447902.25,0.0,1253261.83,-6701164.08,58838618.1,88257927.14,-223.0,513.0,132331775.75,-2620637.78,70872519.89,-70872519.89,-906498783.24,0.0,-15994297.88,-107568923.34,-15919714.95,-6055016.07,-4873982.29,-409034.57,70872519.88,-986447232.43,-5657111.57,5657111.57,1057319752.32,992104344.0,1000000000.0,150000000.0,992104344.0,0.0,0.992104,7895656.0,-142104344.0,True,False,8244999.422,636704414.865048,578822195.331862,1000000000.0,0.636704,False,1628808758.865048,0.219129,-0.219129,hist60,77076620.445346,113703423.03893,LME_UP,False,True,ACADEMIC SIMULATION — not actual trades
2022-05-12,True,False,False,2688.0,77.5048,3695308.39,0.0,-850086.64,4545395.02,57988531.46,86982797.19,-223.0,513.0,136027084.14,-2620637.78,75417914.91,-75417914.91,-906498783.24,0.0,-15994297.88,-107568923.34,-15919714.95,-6055016.07,-4873982.29,-409034.57,75417914.91,-981901837.4,-5916560.71,5916560.71,1057319752.31,987818398.11,1000000000.0,150000000.0,987818398.11,0.0,0.987818,12181601.89,-137818398.11,True,False,8244999.422,639027031.202226,580933664.729296,1000000000.0,0.639027,False,1626845429.312226,0.21761,-0.21761,hist60,75376993.769008,111419820.236505,LME_UP,False,True,ACADEMIC SIMULATION — not actual trades
2022-05-13,True,False,False,2723.0,77.4497,-3067669.21,0.0,705701.48,-3773370.69,58694232.94,88041349.41,-223.0,513.0,132959414.93,-2620637.78,71644544.22,-71644544.22,-906498783.24,0.0,-15994297.88,-107568923.34,-15919714.95,-6055016.07,-5252846.4,-409034.57,71644544.22,-986054072.19,-6174814.36,6174814.36,1057698616.41,992228886.55,1000000000.0,150000000.0,992228886.55,0.0,0.992229,7771113.45,-142228886.55,True,False,11302339.422,875362797.532074,795784361.392794,1000000000.0,0.875363,False,1867591684.082074,0.216615,-0.216615,hist60,75906222.551987,112351387.651164,LME_UP,False,True,ACADEMIC SIMULATION — not actual trades
2022-05-16,True,False,False,2791.0,77.7979,-7445277.62,0.0,1712747.72,-9158025.34,60406980.66,90610470.98,-223.0,513.0,125514137.31,-2620637.78,62486518.88,-62486518.88,-906498783.24,0.0,-20347860.59,-136848611.44,-22672572.67,-6055016.07,-5252846.4,-103266.43,62486518.88,-1035292437.91,-6952851.52,6952851.52,1097778956.79,1042245289.43,1000000000.0,150000000.0,1042245289.43,0.0,1.042245,-42245289.43,-192245289.43,True,True,11302339.422,879298272.118814,799362065.562558,1000000000.0,0.879298,False,1921543561.548814,0.217195,-0.217195,hist60,78354243.050847,115884697.712746,LME_UP,False,True,ACADEMIC SIMULATION — not actual trades
2022-05-17,True,False,False,2836.0,77.4609,-3043577.72,-124294.25,-16571839.28,13403967.32,43835141.37,65752712.07,-368.0,368.0,122470559.59,-2744932.03,75890486.2,-75890486.2,-906498783.24,0.0,-20347860.59,-136848611.44,-29396178.79,-6055016.07,-5456133.1,-103266.43,75890486.19,-1028815363.41,-7227984.04,7227984.04,1104705849.61,1036043347.45,1000000000.0,150000000.0,1036043347.45,0.0,1.036043,-36043347.45,-186043347.45,True,True,11302339.422,875489383.7336,795899439.757818,1000000000.0,0.875489,False,1911532731.1836,0.217698,-0.217698,hist60,117273483.390899,144521666.243,LME_UP,False,True,ACADEMIC SIMULATION — not actual trades
2022-05-18,True,False,False,2845.0,77.5877,-2053912.34,0.0,205391.24,-2259303.57,44040532.61,66060798.92,-368.0,368.0,120416647.25,-2744932.03,73631182.63,-73631182.63,-906498783.24,0.0,-24701423.3,-166128299.54,-29396178.79,-8459991.84,-5456133.1,-103266.43,73631182.61,-1067112893.56,-7501395.24,7501395.24,1140744076.19,1074614288.8,1000000000.0,150000000.0,1074614288.8,0.0,1.074614,-74614288.8,-224614288.8,True,True,11302339.422,876922520.37231,797202291.247554,1000000000.0,0.876923,False,1951536809.17231,0.217643,-0.217643,hist60,117789762.871165,145164109.733968,LME_UP,False,True,ACADEMIC SIMULATION — not actual trades
2022-05-19,True,False,False,2826.0,77.6356,2727801.61,0.0,-272780.17,3000581.78,43767752.45,65651628.67,-368.0,368.0,123144448.86,-2744932.03,76631764.41,-76631764.41,-906498783.24,0.0,-24701423.3,-166128299.54,-29396178.79,-8459991.84,-5456133.1,-103266.43,76631764.39,-1064112311.78,-7784984.15,7784984.15,1140744076.19,1071897295.93,1000000000.0,150000000.0,1071897295.93,0.0,1.071897,-71897295.93,-221897295.93,True,True,11302339.422,877463902.430623,797694456.755112,1000000000.0,0.877464,False,1949361198.360623,0.217736,-0.217736,hist60,117115759.544064,144323079.782076,LME_UP,False,True,ACADEMIC SIMULATION — not actual trades
2022-05-20,True,False,False,2931.0,77.6796,-16460353.21,-641012.12,1822497.93,-18923863.26,45590250.38,68385375.58,-368.0,368.0,106684095.65,-3385944.15,57707901.15,-57707901.15,-906498783.24,168840000.0,-24701423.3,-166128299.54,-29396178.79,-8459991.84,-5456133.1,-103266.43,57707901.13,-914196175.04,-8067775.66,8067775.66,971904076.19,922263950.7,1000000000.0,150000000.0,922263950.7,0.0,0.922264,77736049.3,-72263950.7,True,False,11302339.422,877961205.365191,798146550.331992,1000000000.0,0.877961,False,1800225156.065191,0.218477,-0.218477,hist60,122454866.054706,150816121.530142,LME_UP,True,True,ACADEMIC SIMULATION — not actual trades
2022-05-23,True,False,False,2963.0,77.5678,-4135989.44,0.0,413598.95,-4549588.39,46003849.32,69005773.99,-368.0,368.0,102548106.21,-3385944.15,53158312.76,-53158312.76,-906498783.24,168840000.0,-24701423.3,-166128299.54,-29396178.79,-8459991.84,-5456133.1,-103266.43,53158312.74,-918745763.44,-8796627.93,8796627.93,971904076.2,927542391.37,1000000000.0,150000000.0,927542391.37,0.0,0.927542,72457608.63,-77542391.37,True,False,11302339.422,876697603.817812,796997821.652556,1000000000.0,0.876698,False,1804239995.187812,0.217025,-0.217025,hist60,122651903.895199,151228915.518148,LME_UP,True,True,ACADEMIC SIMULATION — not actual trades
2022-05-24,True,False,False,2881.0,77.5979,12615586.34,-75246.03,-11839219.75,24379560.05,34164629.57,51246944.37,-281.0,281.0,115163692.55,-3461190.18,77537872.81,-77537872.81,-906498783.24,320460000.0,-24701423.3,-166128299.54,-29396178.79,-10685991.84,-5456133.1,-103266.43,77537872.8,-744972203.38,-9040787.76,9040787.76,822510076.19,754012991.14,1000000000.0,150000000.0,754012991.14,0.0,0.754013,245987008.86,95987008.86,False,False,11302339.422,877037804.234414,797307094.758558,1000000000.0,0.877038,False,1631050795.374414,0.21181,-0.21181,hist60,88658526.172184,109770774.334201,LME_UP,False,False,ACADEMIC SIMULATION — not actual trades
2022-05-25,True,False,False,2829.5,77.5775,6238693.12,-211910.29,28858578.31,-22831795.5,63023207.9,94534811.85,-528.0,528.0,121402385.67,-3673100.47,54706077.31,-54706077.31,-906498783.24,320460000.0,-24701423.3,-166128299.54,-29396178.79,-10882159.74,-5672502.63,-103266.43,54706077.32,-768216536.3,-9238766.69,9238766.69,822922613.61,777455302.99,1000000000.0,150000000.0,777455302.99,0.0,0.777455,222544697.01,72544697.01,False,False,11302339.422,876807236.510205,797097487.73655,1000000000.0,0.876807,False,1654262539.500205,0.207642,-0.207642,hist60,159984137.923728,198767747.377244,LME_UP,True,False,ACADEMIC SIMULATION — not actual trades
2022-05-26,True,False,False,2825.5,77.5979,806723.29,0.0,-80672.33,887395.62,62942535.56,94413803.35,-528.0,528.0,122209108.96,-3673100.47,55593472.93,-55593472.93,-906498783.24,320460000.0,-24701423.3,-147539315.52,-29396178.79,-10882159.74,-5672502.63,-103266.43,55593472.94,-748740156.65,-9442922.86,9442922.86,804333629.58,758183079.51,1000000000.0,150000000.0,758183079.51,0.0,0.758183,241816920.49,91816920.49,False,False,11302339.422,877037804.234414,797307094.758558,1000000000.0,0.877038,False,1635220883.744414,0.205964,-0.205964,hist60,158350857.60666,197019891.524886,LME_UP,True,False,ACADEMIC SIMULATION — not actual trades
2022-05-27,True,False,False,2823.0,77.5895,706181.38,0.0,-70618.14,776799.52,62871917.43,94307876.15,-528.0,528.0,122915290.34,-3673100.47,56370272.45,-56370272.45,-906498783.24,320460000.0,-24701423.3,-147539315.52,-29396178.79,-13108159.74,-6210886.11,-103266.43,56370272.46,-750727740.62,-9641903.11,9641903.11,807098013.07,760369643.73,1000000000.0,150000000.0,760369643.73,0.0,0.76037,239630356.27,89630356.27,False,False,15639133.422,1213432542.646269,1103120493.31479,1000000000.0,1.213433,True,1973802186.376269,0.20559,-0.20559,hist60,157854996.075632,196466181.956483,LME_UP,True,False,ACADEMIC SIMULATION — not actual trades
2022-05-30,True,False,False,2863.0,77.5502,-8338659.81,0.0,833865.98,-9172525.79,63705783.42,95558675.12,-528.0,528.0,114576630.53,-3673100.47,47197746.66,-47197746.66,-906498783.24,546055288.67,-24701423.3,-147539315.52,-29396178.79,-13108159.74,-6210886.11,-103266.43,47197746.67,-534304977.74,-10240428.52,10240428.52,581502724.4,544545406.26,1000000000.0,150000000.0,544545406.26,0.0,0.544545,455454593.74,305454593.74,False,False,15639133.422,1212817924.702784,1102561749.729804,1000000000.0,1.212818,True,1757363330.962784,0.20393,-0.20393,hist60,158521402.162539,197579811.751718,LME_UP,True,False,ACADEMIC SIMULATION — not actual trades
2022-05-31,True,False,False,2816.5,77.6916,9285311.85,0.0,-928531.19,10213843.04,62777252.23,94165878.34,-528.0,528.0,123861942.38,-3673100.47,57411589.7,-57411589.7,-906498783.24,546055288.67,-27708564.07,-167763704.08,-29396178.79,-13108159.74,-6210886.11,-103266.43,57411589.71,-547322664.04,-10382421.91,10382421.91,604734253.74,557705085.95,1000000000.0,150000000.0,557705085.95,0.0,0.557705,442294914.05,292294914.05,False,False,15639133.422,1215029298.168655,1104572089.244232,1000000000.0,1.215029,True,1772734384.118655,0.202005,-0.202005,hist60,154582133.733625,192997221.059974,LME_UP,True,False,ACADEMIC SIMULATION — not actual trades
2022-06-01,True,False,False,2701.5,77.5308,27000784.61,-148103.57,-22725803.05,49578484.09,40051449.18,60077173.77,-352.0,352.0,150862726.99,-3821204.04,106990073.79,-106990073.79,-1014243336.0,546055288.67,-27708564.07,-167763704.08,-29396178.79,-13108159.74,-6340179.57,-271032.38,106990073.8,-605785792.12,-10527874.77,10527874.77,712775865.91,616313666.89,1000000000.0,150000000.0,616313666.89,0.0,0.616314,383686333.11,233686333.11,False,False,14110463.422,1093995517.478398,994541379.525816,1000000000.0,1.093996,True,1710309184.368398,0.203546,-0.203546,hist60,99453868.639192,124000222.75791,LME_UP,False,False,ACADEMIC SIMULATION — not actual trades
2022-06-06,True,False,False,2742.0,77.6105,-6164518.84,0.0,616451.89,-6780970.73,40667901.06,61001851.59,-352.0,352.0,144698208.15,-3821204.04,100209103.06,-100209103.06,-1014243336.0,546055288.67,-27708564.07,-129233212.69,-29396178.79,-13108159.74,-6340179.57,-271032.38,100209103.07,-574036271.46,-11332823.02,11332823.02,674245374.52,585369094.48,1000000000.0,150000000.0,585369094.48,0.0,0.585369,414630905.52,264630905.52,False,False,14110463.422,1095120121.413131,995563746.73921,1000000000.0,1.09512,True,1680489215.893131,0.201452,-0.201452,hist60,99837919.09236,124709957.204829,LME_UP,False,False,ACADEMIC SIMULATION — not actual trades
2022-06-07,True,False,False,2715.0,77.7274,3449094.02,0.0,-344909.41,3794003.43,40322991.66,60484487.49,-352.0,352.0,148147302.17,-3821204.04,104003106.49,-104003106.49,-1014243336.0,546055288.67,-31119791.23,-152175265.93,-29396178.79,-13304706.68,-6340179.57,-271032.38,104003106.5,-596792095.38,-11485375.13,11485375.13,700795201.87,608277470.51,1000000000.0,150000000.0,608277470.51,0.0,0.608277,391722529.49,241722529.49,False,False,14110463.422,1096769634.587163,997063304.170148,1000000000.0,1.09677,True,1705047105.097163,0.159823,-0.159823,hist60,76869234.084707,100524786.108722,LME_UP,False,False,ACADEMIC SIMULATION — not actual trades
2022-06-08,True,False,False,2765.5,77.6739,-7288818.62,0.0,728881.87,-8017700.48,41051873.52,61577810.28,-352.0,352.0,140858483.55,-3821204.04,95985406.01,-95985406.01,-1014243336.0,787555288.67,-31119791.23,-152175265.93,-36037297.24,-13480439.76,-6340179.57,-271032.38,95985406.01,-370126647.39,-11643974.65,11643974.65,466112053.4,381770622.04,1000000000.0,150000000.0,381770622.04,0.0,0.381771,618229377.96,468229377.96,False,False,14110463.422,1096014724.794086,996377022.540078,1000000000.0,1.096015,True,1477785346.834086,0.160553,-0.160553,hist60,78645804.901113,102746550.715143,LME_UP,False,False,ACADEMIC SIMULATION — not actual trades
2022-06-09,True,False,False,2752.5,77.7492,1591081.89,0.0,-159108.19,1750190.08,40892765.33,61339147.99,-352.0,352.0,142449565.44,-3821204.04,97735596.09,-97735596.09,-995249401.48,787555288.67,-30335287.32,-152175265.93,-36037297.24,-14480439.76,-6340179.57,-271032.38,97735596.09,-349598018.88,-11742337.08,11742337.08,447333614.97,361340355.96,1000000000.0,150000000.0,361340355.96,0.0,0.36134,638659644.04,488659644.04,False,False,14110463.422,1097077242.689763,997342947.899784,1000000000.0,1.097077,True,1458417598.649763,0.160614,-0.160614,hist60,78372859.732917,102381644.515584,LME_UP,False,False,ACADEMIC SIMULATION — not actual trades
2022-06-10,True,False,False,2695.0,77.8365,8149260.35,0.0,-814926.03,8964186.39,40077839.3,60116758.94,-352.0,352.0,150598825.79,-3821204.04,106699782.48,-106699782.48,-995249401.48,787555288.67,-30335287.32,-152175265.93,-36037297.24,-14480439.76,-6825564.12,-271032.38,106699782.47,-341119217.03,-11835243.97,11835243.97,447818999.51,352954461.0,1000000000.0,150000000.0,352954461.0,0.0,0.352954,647045539.0,497045539.0,False,False,18126264.86,1410885014.77539,1282622740.7049,1000000000.0,1.410885,True,1763839475.77539,0.160957,-0.160957,hist60,76988652.305862,100527056.084271,LME_UP,False,False,ACADEMIC SIMULATION — not actual trades
2022-06-13,True,False,False,2589.5,78.0545,14773275.41,0.0,-1477327.54,16250602.95,38600511.76,57900767.63,-352.0,352.0,165372101.2,-3821204.04,122950385.43,-122950385.43,-995249401.48,787555288.67,-33338602.21,-151204163.89,-36037297.24,-14480439.76,-6825564.12,-271032.38,122950385.42,-326900826.92,-12107204.75,12107204.75,449851212.35,339008031.67,1000000000.0,150000000.0,339008031.67,0.0,0.339008,660991968.33,510991968.33,False,False,18126264.86,1414836540.51487,1286215036.8317,1000000000.0,1.414837,True,1753844572.18487,0.164129,-0.164129,hist60,75735197.419553,98477962.112206,LME_UP,False,False,ACADEMIC SIMULATION — not actual trades
2022-06-14,True,False,False,2588.0,78.032,388994.27,0.0,-38899.42,427893.7,38561612.33,57842418.5,-352.0,352.0,165761095.47,-3821204.04,123378279.13,-123378279.13,-1103690471.88,971357788.67,-36749829.37,-174146217.13,-36037297.24,-14480439.76,-6955693.4,-142448.94,123378279.11,-277466329.87,-12202614.7,12202614.7,400844609.0,289668944.57,1000000000.0,150000000.0,289668944.57,0.0,0.289669,710331055.43,560331055.43,False,False,16597594.86,1295143522.11552,1177403201.9232,1000000000.0,1.295144,True,1584812466.68552,0.155635,-0.155635,hist60,71431417.33234,93959105.705804,LME_UP,False,False,ACADEMIC SIMULATION — not actual trades
2022-06-15,True,False,False,2580.0,78.1461,684001.95,0.0,-68400.2,752402.15,38493212.13,57739818.19,-352.0,352.0,166445097.42,-3821204.04,124130681.28,-124130681.28,-1257737534.43,971357788.67,-36749829.37,-174146217.13,-42718788.79,-14657241.17,-7140549.88,530480.97,124130681.26,-437131209.8,-12284887.23,12284887.23,561261891.08,449416097.03,1000000000.0,150000000.0,449416097.03,0.0,0.449416,550583902.97,400583902.97,False,False,14429197.86,1127585538.887346,1025077762.62486,1000000000.0,1.127586,True,1577001635.917346,0.153515,-0.153515,hist60,70256862.6266,92696962.873684,LME_UP,False,False,ACADEMIC SIMULATION — not actual trades
2022-06-16,True,False,False,2500.5,78.0716,12269329.76,-228432.67,28431239.1,-16390342.01,66924451.24,100386676.86,-631.0,631.0,178714427.18,-4049636.71,107740339.27,-107740339.27,-1257737534.43,971357788.67,-36749829.37,-174146217.13,-42718788.79,-16326741.17,-7140549.88,530480.97,107740339.25,-455191051.81,-12412162.49,12412162.49,562931391.08,467603214.3,1000000000.0,150000000.0,467603214.3,0.0,0.467603,532396785.7,382396785.7,False,False,14429197.86,1126510563.646776,1024100512.40616,1000000000.0,1.126511,True,1594113777.946776,0.15628,-0.15628,hist60,124525753.846741,163648241.139015,LME_UP,True,False,ACADEMIC SIMULATION — not actual trades
2022-06-17,True,False,False,2474.0,78.0765,7143931.4,0.0,-714393.15,7858324.54,66210058.1,99315087.15,-631.0,631.0,185858358.58,-4049636.71,115598663.81,-115598663.81,-1257737534.43,971357788.67,-36749829.37,-174146217.13,-42718788.79,-16326741.17,-7140549.88,530480.97,115598663.8,-447332727.27,-12544336.17,12544336.17,562931391.08,459877063.44,1000000000.0,150000000.0,459877063.44,0.0,0.459877,540122936.56,390122936.56,False,False,14429197.86,1126581266.71629,1024164787.9239,1000000000.0,1.126581,True,1586458330.15629,0.154375,-0.154375,hist60,121575613.869038,160206807.390679,LME_UP,True,False,ACADEMIC SIMULATION — not actual trades
2022-06-20,True,False,False,2462.0,77.9633,4443774.93,0.0,-444377.49,4888152.42,65765680.61,98648520.91,-631.0,631.0,190302133.51,-4049636.71,120486816.23,-120486816.23,-1257737534.43,971357788.67,-41038641.99,-202990431.45,-42718788.79,-16326741.17,-7140549.88,530480.97,120486816.22,-475577601.78,-12934462.89,12934462.89,596064418.01,488512064.67,1000000000.0,150000000.0,488512064.67,0.0,0.488512,511487935.33,361487935.33,False,False,14429197.86,1124947881.518538,1022679892.28958,1000000000.0,1.124948,True,1613459946.188538,0.151464,-0.151464,hist250,118306305.590715,156566705.462395,LME_UP,True,False,ACADEMIC SIMULATION — not actual trades
2022-06-21,True,False,False,2519.5,78.1261,-16670253.63,-577755.03,1820203.0,-19068211.64,67585883.61,101378825.41,-631.0,631.0,173631879.88,-4627391.74,101418604.59,-101418604.59,-1257737534.43,971357788.67,-41038641.99,-202990431.45,-42718788.79,-16326741.17,-7140549.88,530480.97,101418604.56,-494645813.43,-13072166.08,13072166.08,596064418.02,507717979.51,1000000000.0,150000000.0,507717979.51,0.0,0.507718,492282020.49,342282020.49,False,False,14429197.86,1127296954.930146,1024815413.57286,1000000000.0,1.127297,True,1635014934.440146,0.15183,-0.15183,hist250,121896616.540076,161230314.378833,LME_UP,True,False,ACADEMIC SIMULATION — not actual trades
2022-06-22,True,False,False,2455.5,78.3267,15569309.32,0.0,-1556930.93,17126240.25,66028952.68,99043429.01,-631.0,631.0,189201189.2,-4627391.74,118544844.84,-118544844.84,-1412140608.34,971357788.67,-41038641.99,-202990431.45,-42718788.79,-17465713.55,-7325833.57,588333.81,118544844.81,-633189050.32,-13215041.18,13215041.18,751733895.16,646404091.5,1000000000.0,150000000.0,646404091.5,0.0,0.646404,353595908.5,203595908.5,False,False,12260800.86,960348070.720962,873043700.65542,1000000000.0,0.960348,False,1606752162.220962,0.153018,-0.153018,hist60,120093392.279336,158566659.799408,LME_UP,True,False,ACADEMIC SIMULATION — not actual trades
2022-06-23,True,False,False,2480.0,78.2892,-6175432.94,0.0,617543.3,-6792976.22,66646495.97,99969743.95,-631.0,631.0,183025756.26,-4627391.74,111751868.62,-111751868.62,-1412140608.34,1140197788.67,-41038641.99,-173710743.35,-42718788.79,-19135213.55,-7325833.57,588333.81,111751868.57,-443531838.45,-13395493.75,13395493.75,555283707.07,456927332.2,1000000000.0,150000000.0,456927332.2,0.0,0.456927,543072667.8,393072667.8,False,False,12260800.86,959888290.688712,872625718.80792,1000000000.0,0.959888,False,1416815622.888712,0.152009,-0.152009,hist250,120355818.765671,159149785.18416,LME_UP,True,False,ACADEMIC SIMULATION — not actual trades
2022-06-24,True,False,False,2436.0,78.2958,11860936.74,0.0,-1186093.66,13047030.4,65460402.3,98190603.44,-631.0,631.0,194886693.0,-4627391.74,124798899.02,-124798899.02,-1412140608.34,1140197788.67,-41038641.99,-173710743.35,-42718788.79,-19135213.55,-7325833.57,588333.81,124798898.97,-430484808.04,-13524505.06,13524505.06,555283707.06,444009313.1,1000000000.0,150000000.0,444009313.1,0.0,0.444009,555990686.9,405990686.9,False,False,12260800.86,959969211.974388,872699283.61308,1000000000.0,0.959969,False,1403978525.074388,0.152232,-0.152232,hist250,118400197.735382,156512225.225115,LME_UP,True,False,ACADEMIC SIMULATION — not actual trades
2022-06-27,True,False,False,2453.0,78.4454,-5550047.21,0.0,555004.71,-6105051.93,66015407.02,99023110.53,-631.0,631.0,189336645.79,-4627391.74,118693847.09,-118693847.09,-1412140608.34,1140197788.67,-41038641.99,-173710743.35,-42718788.79,-19135213.55,-7325833.57,588333.81,118693847.05,-436589859.97,-13900922.67,13900922.67,555283707.06,450490782.64,1000000000.0,150000000.0,450490782.64,0.0,0.450491,549509217.36,399509217.36,False,False,12260800.86,961803427.783044,874366752.53004,1000000000.0,0.961803,False,1412294210.423044,0.151845,-0.151845,hist250,119077274.571427,157497581.301094,LME_UP,True,False,ACADEMIC SIMULATION — not actual trades
2022-06-28,True,False,False,2500.0,78.9774,-17116520.45,0.0,1711652.05,-18828172.5,67727059.06,101590588.6,-631.0,631.0,172220125.34,-4627391.74,99865674.59,-99865674.59,-1412140608.34,1140197788.67,-45596606.84,-204365128.75,-42718788.79,-19135213.55,-7325833.57,588333.81,99865674.55,-490630382.72,-14028051.1,14028051.1,590496057.31,504658433.82,1000000000.0,150000000.0,504658433.82,0.0,0.504658,495341566.18,345341566.18,False,False,12260800.86,968326173.840564,880296521.67324,1000000000.0,0.968326,False,1472984607.660564,0.152099,-0.152099,hist250,122385277.416549,161811774.050766,LME_UP,True,False,ACADEMIC SIMULATION — not actual trades
2022-06-29,True,False,False,2452.0,78.955,13285124.94,0.0,-1328512.49,14613637.44,66398546.57,99597819.86,-631.0,631.0,185505250.28,-4627391.74,114479312.03,-114479312.03,-1533124965.36,1140197788.67,-45596606.84,-175085440.65,-42718788.79,-22057601.02,-7471014.8,1316370.53,114479311.98,-570060946.2,-14169837.08,14169837.08,684540258.23,584230783.28,1000000000.0,150000000.0,584230783.28,0.0,0.584231,415769216.72,265769216.72,False,False,10252900.141,809517730.632655,735925209.66605,1000000000.0,0.809518,False,1393748513.912655,0.152166,-0.152166,hist250,120041482.056244,158697185.906613,LME_UP,True,False,ACADEMIC SIMULATION — not actual trades
2022-06-30,True,False,False,2397.0,79.0536,14174195.41,0.0,-1417419.55,15591614.95,64981127.03,97471690.54,-631.0,631.0,199679445.69,-4627391.74,130070926.98,-130070926.98,-1533124965.36,1140197788.67,-45596606.84,-175085440.65,-42718788.79,-22057601.02,-7471014.8,1316370.53,130070926.94,-554469331.24,-14333167.25,14333167.25,684540258.22,568802498.49,1000000000.0,150000000.0,568802498.49,0.0,0.568802,431197501.51,281197501.51,False,False,10252900.141,810528666.586558,736844242.351416,1000000000.0,0.810529,False,1379331165.076558,0.152598,-0.152598,hist60,117838055.888117,155684893.902848,LME_UP,True,False,ACADEMIC SIMULATION — not actual trades
2022-07-01,True,False,False,2384.0,79.0165,3833690.96,0.0,-383369.09,4217060.04,64597757.93,96896636.9,-631.0,631.0,203513136.65,-4627391.74,134287987.02,-134287987.02,-1533124965.36,1140197788.67,-45596606.84,-175085440.65,-42718788.79,-22057601.02,-7471014.8,1316370.53,134287986.99,-550252271.2,-14492268.47,14492268.47,684540258.22,564744539.67,1000000000.0,150000000.0,564744539.67,0.0,0.564745,435255460.33,285255460.33,False,False,10252900.141,810148283.991326,736498439.992115,1000000000.0,0.810148,False,1374892823.661326,0.152588,-0.152588,hist60,117135000.257474,154758196.28139,LME_UP,True,False,ACADEMIC SIMULATION — not actual trades
2022-07-04,True,False,False,2431.5,78.916,-11746674.74,-312136.58,-38851657.97,26792846.65,25746099.96,38619149.94,-247.0,247.0,191766461.91,-4939528.32,161080833.67,-161080833.67,-1631130658.95,1140197788.67,-45596606.84,-145805752.55,-42718788.79,-22057601.02,-8137380.01,4589719.57,161080833.64,-589578446.22,-14966140.66,14966140.66,750659279.89,604544586.88,1000000000.0,150000000.0,604544586.88,0.0,0.604545,395455413.12,245455413.12,False,False,8782372.83,693069734.25228,630063394.7748,1000000000.0,0.69307,False,1297614321.13228,0.153362,-0.153362,hist60,46940671.31138,61947388.588058,LME_UP,False,False,ACADEMIC SIMULATION — not actual trades
2022-07-05,True,False,False,2374.0,79.3712,4675129.95,0.0,-467513.0,5142642.95,25278586.97,37917880.45,-247.0,247.0,196441591.86,-4939528.32,166223476.62,-166223476.62,-1631130658.95,1140197788.67,-45596606.84,-145805752.55,-42718788.79,-22057601.02,-8137380.01,4589719.57,166223476.59,-584435803.27,-15153983.19,15153983.19,750659279.89,599589786.46,1000000000.0,150000000.0,599589786.46,0.0,0.59959,400410213.54,250410213.54,False,False,8782372.83,697067470.364496,633697700.33136,1000000000.0,0.697067,False,1296657256.824496,0.154829,-0.154829,hist60,46564172.422265,61320019.331883,LME_UP,False,False,ACADEMIC SIMULATION — not actual trades
2022-07-06,True,False,False,2358.0,79.1315,2498264.66,0.0,-249826.47,2748091.13,25028760.5,37543140.75,-247.0,247.0,198939856.52,-4939528.32,168971567.75,-168971567.75,-1752212637.36,1140197788.67,-45596606.84,-145805752.55,-42718788.79,-22057601.02,-8282678.38,4628467.28,168971567.72,-702876241.22,-15340430.88,15340430.88,871847808.97,718216672.1,1000000000.0,150000000.0,718216672.1,0.0,0.718217,281783327.9,131783327.9,False,False,6774472.111,536074139.851597,487340127.137815,1000000000.0,0.536074,False,1254290811.951597,0.154761,-0.154761,hist60,46082107.871004,60691129.654152,LME_UP,False,False,ACADEMIC SIMULATION — not actual trades
2022-07-07,True,False,False,2417.5,79.1749,-6419064.04,0.0,641906.4,-7060970.44,25670666.9,38506000.36,-247.0,247.0,192520792.48,-4939528.32,161910597.31,-161910597.31,-1745206541.12,1140197788.67,-44961936.27,-145805752.55,-42718788.79,-24840101.02,-8282678.38,4628467.28,161910597.28,-705078944.84,-15559003.5,15559003.5,866989542.15,720637948.34,1000000000.0,150000000.0,720637948.34,0.0,0.720638,279362051.66,129362051.66,False,False,6774472.111,536368151.941214,487607410.855649,1000000000.0,0.536368,False,1257006100.281214,0.154165,-0.154165,hist60,47067708.732535,62042483.041846,LME_UP,False,False,ACADEMIC SIMULATION — not actual trades
2022-07-08,True,False,False,2399.5,79.2364,1750439.66,0.0,-175043.97,1925483.63,25495622.94,38243434.41,-247.0,247.0,194271232.14,-4939528.32,163836080.94,-163836080.94,-1745206541.12,1140197788.67,-44961936.27,-145805752.55,-42718788.79,-24840101.02,-8282678.38,4628467.28,163836080.91,-703153461.21,-15778173.55,15778173.55,866989542.15,718931634.76,1000000000.0,150000000.0,718931634.76,0.0,0.718932,281068365.24,131068365.24,False,False,6774472.111,536784781.976041,487986165.432764,1000000000.0,0.536785,False,1255716416.73604,0.15371,-0.15371,hist60,46597742.837554,61463633.443612,LME_UP,False,False,ACADEMIC SIMULATION — not actual trades
2022-07-11,True,False,False,2417.0,79.4647,-2487286.91,0.0,248728.69,-2736015.6,25744351.63,38616527.44,-247.0,247.0,191783945.23,-4939528.32,161100065.34,-161100065.34,-1894167560.57,1140197788.67,-44961936.27,-145805752.55,-42718788.79,-24840101.02,-9098289.61,7627777.53,161100065.31,-852666797.24,-16434116.97,16434116.97,1013766862.58,869100914.21,1000000000.0,150000000.0,869100914.21,0.0,0.869101,130899085.79,-19100914.21,True,False,4122499.711,327593202.784702,297812002.531547,1000000000.0,0.327593,False,1196694116.994702,0.152591,-0.152591,hist250,46682980.455891,61677109.815751,LME_UP,False,False,ACADEMIC SIMULATION — not actual trades
2022-07-12,True,False,False,2358.0,79.5623,6012329.14,0.0,-601232.91,6613562.05,25143118.71,37714678.07,-247.0,247.0,197796274.37,-4939528.32,167713627.39,-167713627.39,-1986957699.21,1140197788.67,-44961936.27,-145805752.55,-42718788.79,-24840101.02,-9747495.82,10756929.26,167713627.36,-936363428.3,-16693317.72,16693317.72,1104077055.69,953056746.02,1000000000.0,150000000.0,953056746.02,0.0,0.953057,46943253.98,-103056746.02,True,False,2651972.4,210997023.68052,191815476.0732,1000000000.0,0.210997,False,1164053769.70052,0.152914,-0.152914,hist250,45696900.298037,60345591.543914,LME_UP,False,True,ACADEMIC SIMULATION — not actual trades
2022-07-13,True,False,False,2343.0,79.5952,1532410.84,0.0,-153241.08,1685651.92,24989877.63,37484816.45,-247.0,247.0,199328685.21,-4939528.32,169399279.31,-169399279.31,-1986957699.21,1140197788.67,-44961936.27,-145805752.55,-42718788.79,-24840101.02,-9747495.82,10756929.26,169399279.28,-934677776.38,-16988463.99,16988463.99,1104077055.69,951666240.37,1000000000.0,150000000.0,951666240.37,0.0,0.951666,48333759.63,-101666240.37,True,False,2651972.4,211084273.57248,191894794.1568,1000000000.0,0.211084,False,1162750513.94248,0.152921,-0.152921,hist250,45420537.063343,59980045.632769,LME_UP,False,True,ACADEMIC SIMULATION — not actual trades
2022-07-14,True,False,False,2329.0,80.0352,156294.51,0.0,-15629.45,171923.96,24974248.18,37461372.27,-247.0,247.0,199484979.72,-4939528.32,169571203.27,-169571203.27,-1986957699.21,1140197788.67,-44961936.27,-145805752.55,-42718788.79,-24840101.02,-9747495.82,10756929.26,169571203.24,-934505852.42,-17283153.06,17283153.06,1104077055.69,951789005.48,1000000000.0,150000000.0,951789005.48,0.0,0.951789,48210994.52,-101789005.48,True,False,2651972.4,212251141.42848,192955583.1168,1000000000.0,0.212251,False,1164040146.90848,0.152946,-0.152946,hist250,45400103.513931,59950868.979231,LME_UP,False,True,ACADEMIC SIMULATION — not actual trades
2022-07-15,True,False,False,2320.5,79.8449,1539163.99,-184633.97,23068906.37,-21714376.34,48043154.55,72064731.82,-477.0,477.0,201024143.71,-5124162.29,147856826.93,-147856826.93,-1986957699.21,1140197788.67,-44961936.27,-125581363.99,-42718788.79,-24840101.02,-9747495.82,10756929.26,147856826.89,-935995840.2,-17577795.48,17577795.48,1083852667.13,953573635.68,1000000000.0,150000000.0,953573635.68,0.0,0.953574,46426364.32,-103573635.68,True,False,2651972.4,211746471.08076,192496791.8916,1000000000.0,0.211746,False,1165320106.76076,0.152413,-0.152413,hist250,87008588.0093,114985101.433848,LME_UP,False,True,ACADEMIC SIMULATION — not actual trades
2022-07-18,True,False,False,2377.5,79.9862,-12457900.25,0.0,1245790.03,-13703690.28,49288944.57,73933416.86,-477.0,477.0,188566243.46,-5124162.29,134153136.65,-134153136.65,-2146305968.89,1140197788.67,-44961936.27,-125581363.99,-42718788.79,-24840101.02,-10617351.46,14299061.52,134153136.61,-1106375523.54,-18471875.98,18471875.98,1240528660.19,1124847399.52,1000000000.0,150000000.0,1124847399.52,0.0,1.124847,-124847399.52,-274847399.52,True,True,0.0,0.0,0.0,1000000000.0,0.0,False,1124847399.52,0.15283,-0.15283,hist250,89528499.997549,118242449.735125,LME_UP,False,True,ACADEMIC SIMULATION — not actual trades
2022-07-19,True,False,False,2412.0,79.9395,-6787942.24,0.0,678794.22,-7466736.46,49967738.79,74951608.2,-477.0,477.0,181778301.22,-5124162.29,126686400.19,-126686400.19,-2146305968.89,1140197788.67,-49486145.31,-156008726.27,-42718788.79,-24840101.02,-10617351.46,14299061.52,126686400.15,-1148793831.32,-18816582.19,18816582.19,1275480231.51,1167610413.51,1000000000.0,150000000.0,1167610413.51,0.0,1.16761,-167610413.51,-317610413.51,True,True,0.0,0.0,0.0,1000000000.0,0.0,False,1167610413.51,0.152971,-0.152971,hist250,90851267.606879,119964740.114187,LME_UP,False,True,ACADEMIC SIMULATION — not actual trades
2022-07-20,True,False,False,2456.5,80.0069,-9573981.48,-405233.73,1083586.2,-11062801.41,51051324.99,76576987.48,-477.0,477.0,172204319.74,-5529396.02,115623598.78,-115623598.78,-2146305968.89,1140197788.67,-49486145.31,-156008726.27,-42718788.79,-24840101.02,-10617351.46,14299061.52,115623598.74,-1159856632.73,-19172909.84,19172909.84,1275480231.51,1179029542.57,1000000000.0,150000000.0,1179029542.57,0.0,1.17903,-179029542.57,-329029542.57,True,True,0.0,0.0,0.0,1000000000.0,0.0,False,1179029542.57,0.153173,-0.153173,hist250,92953658.514942,122704486.889442,LME_UP,False,True,ACADEMIC SIMULATION — not actual trades
2022-07-21,True,False,False,2426.0,79.8618,7325717.1,0.0,-732571.71,8058288.81,50318753.27,75478129.92,-477.0,477.0,179530036.84,-5529396.02,123681887.59,-123681887.59,-2146305968.89,1140197788.67,-49486145.31,-156008726.27,-42718788.79,-24840101.02,-10617351.46,14299061.52,123681887.55,-1151798343.92,-19532268.4,19532268.4,1275480231.51,1171330612.32,1000000000.0,150000000.0,1171330612.32,0.0,1.171331,-171330612.32,-321330612.32,True,True,0.0,0.0,0.0,1000000000.0,0.0,False,1171330612.32,0.153069,-0.153069,hist250,91552783.771122,120873650.551411,LME_UP,False,True,ACADEMIC SIMULATION — not actual trades
2022-07-22,True,False,False,2460.0,79.8665,-7008299.61,0.0,700829.96,-7709129.57,51019583.24,76529374.86,-477.0,477.0,172521737.23,-5529396.02,115972758.02,-115972758.02,-2146305968.89,1140197788.67,-49486145.31,-133066673.03,-42718788.79,-24840101.02,-10617351.46,14299061.52,115972757.98,-1136565420.25,-19889419.2,19889419.2,1252538178.27,1156454839.45,1000000000.0,150000000.0,1156454839.45,0.0,1.156455,-156454839.45,-306454839.45,True,True,0.0,0.0,0.0,1000000000.0,0.0,False,1156454839.45,0.153199,-0.153199,hist250,92913327.02895,122646451.480496,LME_UP,False,True,ACADEMIC SIMULATION — not actual trades
2022-07-25,True,False,False,2431.5,79.7846,6646603.59,0.0,-664660.36,7311263.95,50354922.88,75532384.32,-477.0,477.0,179168340.82,-5529396.02,123284021.97,-123284021.97,-2146305968.89,1201465288.67,-49486145.31,-133066673.03,-42718788.79,-24840101.02,-10617351.46,14299061.52,123284021.93,-1067986656.3,-20948351.41,20948351.41,1191270678.27,1088935007.71,1000000000.0,150000000.0,1088935007.71,0.0,1.088935,-88935007.71,-238935007.71,True,True,0.0,0.0,0.0,1000000000.0,0.0,False,1088935007.71,0.153295,-0.153295,hist250,91764511.166564,121113085.890528,LME_UP,False,True,ACADEMIC SIMULATION — not actual trades
2022-07-26,True,False,False,2437.0,79.8153,-1260130.22,-201957.12,-26014010.39,24551923.04,24340912.49,36511368.73,-230.0,230.0,177908210.6,-5731353.14,147835945.01,-147835945.01,-2146305968.89,1201465288.67,-54069808.92,-163893894.26,-42718788.79,-24840101.02,-10617351.46,14299061.52,147835944.98,-1078845618.09,-21282540.13,21282540.13,1226681563.1,1100128158.22,1000000000.0,150000000.0,1100128158.22,0.0,1.100128,-100128158.22,-250128158.22,True,True,0.0,0.0,0.0,1000000000.0,0.0,False,1100128158.22,0.15326,-0.15326,hist250,44346873.17111,58533096.447138,LME_UP,False,True,ACADEMIC SIMULATION — not actual trades
2022-07-27,True,False,False,2390.5,79.9202,4365257.94,0.0,-436525.79,4801783.74,23904386.7,35856580.04,-230.0,230.0,182273468.54,-5731353.14,152637728.75,-152637728.75,-2146305968.89,1201465288.67,-54069808.92,-163893894.26,-42718788.79,-24840101.02,-10617351.46,14299061.52,152637728.71,-1074043834.35,-21619703.88,21619703.88,1226681563.1,1095663538.23,1000000000.0,150000000.0,1095663538.23,0.0,1.095664,-95663538.23,-245663538.23,True,True,0.0,0.0,0.0,1000000000.0,0.0,False,1095663538.23,0.153342,-0.153342,hist250,43576701.228091,57509653.991882,LME_UP,False,True,ACADEMIC SIMULATION — not actual trades
2022-07-28,True,False,False,2458.0,79.6814,-5979916.28,0.0,597991.63,-6577907.91,24502378.32,36753567.49,-230.0,230.0,176293552.26,-5731353.14,146059820.84,-146059820.84,-2146305968.89,1201465288.67,-54069808.92,-143695236.47,-42718788.79,-24840101.02,-10617351.46,14299061.52,146059820.8,-1060423084.48,-21955552.09,21955552.09,1206482905.32,1082378636.57,1000000000.0,150000000.0,1082378636.57,0.0,1.082379,-82378636.57,-232378636.57,True,True,0.0,0.0,0.0,1000000000.0,0.0,False,1082378636.57,0.15341,-0.15341,hist250,44688163.83834,58970632.831761,LME_UP,False,True,ACADEMIC SIMULATION — not actual trades
2022-07-29,True,False,False,2452.0,79.3116,1767713.47,0.0,-176771.35,1944484.82,24325606.98,36488410.46,-230.0,230.0,178061265.73,-5731353.14,148004305.66,-148004305.66,-2146305968.89,1201465288.67,-54069808.92,-120753183.23,-42718788.79,-24840101.02,-10617351.46,14299061.52,148004305.62,-1035536546.42,-22287668.58,22287668.58,1183540852.08,1057824215.0,1000000000.0,150000000.0,1057824215.0,0.0,1.057824,-57824215.0,-207824215.0,True,True,0.0,0.0,0.0,1000000000.0,0.0,False,1057824215.0,0.153402,-0.153402,hist250,44363204.759123,58542517.693912,LME_UP,False,True,ACADEMIC SIMULATION — not actual trades
2022-08-01,True,False,False,2469.5,79.0907,-913799.81,0.0,91379.98,-1005179.79,24416986.96,36625480.44,-230.0,230.0,177147465.92,-5731353.14,146999125.87,-146999125.87,-2146305968.89,1201465288.67,-54069808.92,-120753183.23,-42718788.79,-24840101.02,-10617351.46,14299061.52,146999125.83,-1036541726.21,-23271711.81,23271711.81,1183540852.08,1059813438.02,1000000000.0,150000000.0,1059813438.02,0.0,1.059813,-59813438.02,-209813438.02,True,True,0.0,0.0,0.0,1000000000.0,0.0,False,1059813438.02,0.153276,-0.153276,hist250,44490629.568783,58721424.615689,LME_UP,False,True,ACADEMIC SIMULATION — not actual trades
2022-08-02,True,False,False,2448.5,78.5645,3720776.99,0.0,-372077.7,4092854.69,24044909.26,36067363.89,-230.0,230.0,180868242.91,-5731353.14,151091980.56,-151091980.56,-2146305968.89,1201465288.67,-54069808.92,-120753183.23,-42718788.79,-24840101.02,-10617351.46,14299061.52,151091980.52,-1032448871.52,-23600001.62,23600001.62,1183540852.08,1056048873.14,1000000000.0,150000000.0,1056048873.14,0.0,1.056049,-56048873.14,-206048873.14,True,True,0.0,0.0,0.0,1000000000.0,0.0,False,1056048873.14,0.153286,-0.153286,hist250,43815506.254701,57829574.523751,LME_UP,False,True,ACADEMIC SIMULATION — not actual trades
2022-08-03,True,False,False,2403.0,79.1539,2731225.38,-127156.93,15953705.79,-13349637.34,39998615.05,59997922.57,-387.0,387.0,183599468.29,-5858510.07,137742343.22,-137742343.22,-2146305968.89,1201465288.67,-54069808.92,-120753183.23,-42718788.79,-27593685.8,-10617351.46,14299061.52,137742343.18,-1048552093.65,-23927170.1,23927170.1,1186294436.87,1072479263.75,1000000000.0,150000000.0,1072479263.75,0.0,1.072479,-72479263.75,-222479263.75,True,True,0.0,0.0,0.0,1000000000.0,0.0,False,1072479263.75,0.153527,-0.153527,hist250,73010802.746108,96328782.955206,LME_UP,False,True,ACADEMIC SIMULATION — not actual trades
2022-08-04,True,False,False,2374.0,79.3355,3976118.48,0.0,-397611.85,4373730.34,39601003.2,59401504.8,-387.0,387.0,187575586.77,-5858510.07,142116073.56,-142116073.56,-2146305968.89,1201465288.67,-54069808.92,-91908968.91,-42718788.79,-27593685.8,-10617351.46,14299061.52,142116073.51,-1015334149.0,-24258750.4,24258750.4,1157450222.56,1039592899.4,1000000000.0,150000000.0,1039592899.4,0.0,1.039593,-39592899.4,-189592899.4,True,True,0.0,0.0,0.0,1000000000.0,0.0,False,1039592899.4,0.153503,-0.153503,hist250,72272941.57387,95358577.571815,LME_UP,False,True,ACADEMIC SIMULATION — not actual trades
2022-08-05,True,False,False,2447.5,79.2015,-11658455.27,0.0,1165845.53,-12824300.8,40766848.73,61150273.09,-387.0,387.0,175917131.5,-5858510.07,129291772.76,-129291772.76,-2146305968.89,1201465288.67,-54069808.92,-91908968.91,-42718788.79,-27593685.8,-10922960.27,14297995.88,129291772.71,-1028465124.25,-24581229.92,24581229.92,1157756897.01,1053046354.17,1000000000.0,150000000.0,1053046354.17,0.0,1.053046,-53046354.17,-203046354.17,True,True,2411640.0,191005505.46,173641368.6,1000000000.0,0.191006,False,1244051859.63,0.153618,-0.153618,hist250,74460820.771643,98228827.729379,LME_UP,False,True,ACADEMIC SIMULATION — not actual trades
2022-08-08,True,False,False,2435.5,79.5823,236621.44,0.0,-23662.14,260283.58,40743186.58,61114779.87,-387.0,387.0,176153752.94,-5858510.07,129552056.34,-129552056.34,-2146305968.89,1752414226.34,-54069808.92,-91908968.91,-42718788.79,-27593685.8,-10922960.27,14297995.88,129552056.29,-477255902.99,-25559461.02,25559461.02,606807959.33,502815364.01,1000000000.0,150000000.0,502815364.01,0.0,0.502815,497184635.99,347184635.99,False,False,2411640.0,191923857.972,174476234.52,1000000000.0,0.191924,False,694739221.982,0.153526,-0.153526,hist250,74369081.818044,98121087.973016,LME_UP,False,False,ACADEMIC SIMULATION — not actual trades
2022-08-09,True,False,False,2488.0,79.5447,-8521926.94,0.0,852192.69,-9374119.63,41595379.27,62393068.92,-387.0,387.0,167631826.0,-5858510.07,120177936.71,-120177936.71,-2149903285.83,1752414226.34,-57555081.45,-115875369.59,-42718788.79,-27593685.8,-10922960.27,14297995.88,120177936.66,-517679012.78,-25738112.89,25738112.89,637856949.49,543417125.67,1000000000.0,150000000.0,543417125.67,0.0,0.543417,456582874.33,306582874.33,False,False,2411640.0,191833180.308,174393800.28,1000000000.0,0.191833,False,735250305.978,0.153846,-0.153846,hist250,76095463.798315,100352038.174207,LME_UP,False,False,ACADEMIC SIMULATION — not actual trades
2022-08-10,True,False,False,2462.5,79.4655,4736465.93,0.0,-473646.59,5210112.52,41121732.68,61682599.02,-387.0,387.0,172368291.93,-5858510.07,125388049.23,-125388049.23,-2149903285.83,1752414226.34,-57555081.45,-115875369.59,-42718788.79,-27593685.8,-10922960.27,14297995.88,125388049.18,-512468900.26,-25927839.56,25927839.56,637856949.49,538396739.82,1000000000.0,150000000.0,538396739.82,0.0,0.538397,461603260.18,311603260.18,False,False,2411640.0,191642178.42,174220162.2,1000000000.0,0.191642,False,730038918.24,0.15386,-0.15386,hist250,75236489.58988,99217196.575962,LME_UP,False,False,ACADEMIC SIMULATION — not actual trades
2022-08-11,True,False,False,2498.0,79.5942,-6539420.92,0.0,653942.09,-7193363.01,41775674.78,62663512.16,-387.0,387.0,165828871.01,-5858510.07,118194686.22,-118194686.22,-2149903285.83,1752414226.34,-57555081.45,-115875369.59,-42718788.79,-27593685.8,-10922960.27,14297995.88,118194686.17,-519662263.26,-26116138.82,26116138.82,637856949.48,545778402.08,1000000000.0,150000000.0,545778402.08,0.0,0.545778,454221597.92,304221597.92,False,False,2411640.0,191952556.488,174502324.08,1000000000.0,0.191953,False,737730958.568,0.154004,-0.154004,hist250,76510129.600985,100875699.558753,LME_UP,False,False,ACADEMIC SIMULATION — not actual trades
2022-08-12,True,False,False,2468.5,79.7214,4337467.19,0.0,-433746.72,4771213.92,41341928.05,62012892.08,-387.0,387.0,170166338.2,-5858510.07,122965900.14,-122965900.14,-2149903285.83,1971701476.34,-57555081.45,-85220984.19,-42718788.79,-27593685.8,-10922960.27,14297995.88,122965900.08,-264949413.94,-26306408.85,26306408.85,387915314.08,291255822.79,1000000000.0,150000000.0,291255822.79,0.0,0.291256,708744177.21,558744177.21,False,False,2411640.0,192259317.096,174781197.36,1000000000.0,0.192259,False,483515139.886,0.153927,-0.153927,hist250,75675037.425963,99785775.518398,LME_UP,False,False,ACADEMIC SIMULATION — not actual trades
2022-08-15,True,False,False,2389.5,79.5105,14474011.65,0.0,-1447401.17,15921412.82,39894526.89,59841790.33,-387.0,387.0,184640349.85,-5858510.07,138887312.96,-138887312.96,-2149903285.83,1971701476.34,-57555081.45,-85220984.19,-42718788.79,-27593685.8,-10922960.27,14297995.88,138887312.9,-249028001.12,-26697544.56,26697544.56,387915314.08,275725545.68,1000000000.0,150000000.0,275725545.68,0.0,0.275726,724274454.32,574274454.32,False,False,2411640.0,191750702.22,174318820.2,1000000000.0,0.191751,False,467476247.9,0.154657,-0.154657,hist250,73399414.31273,96683014.259774,LME_UP,False,False,ACADEMIC SIMULATION — not actual trades
2022-08-16,True,False,False,2442.0,79.3352,-7803643.21,-187555.62,-23393343.63,15402144.8,16501183.26,24751774.88,-157.0,157.0,176836706.64,-6046065.69,154289457.76,-154289457.76,-2149560793.72,1971701476.34,-60953364.88,-108554917.85,-42718788.79,-31472418.14,-10922960.27,14297995.88,154289457.7,-263894313.64,-26826081.43,26826081.43,418183771.4,290720395.07,1000000000.0,150000000.0,290720395.07,0.0,0.29072,709279604.93,559279604.93,False,False,2411640.0,191327941.728,173934492.48,1000000000.0,0.191328,False,482048336.798,0.154794,-0.154794,hist250,30388367.341288,40020248.122438,LME_UP,False,False,ACADEMIC SIMULATION — not actual trades
2022-08-17,True,False,False,2414.0,79.4525,1676045.69,0.0,-167604.57,1843650.25,16333578.69,24500368.03,-157.0,157.0,178512752.33,-6046065.69,156133108.01,-156133108.01,-2149560793.72,1971701476.34,-60953364.88,-108554917.85,-42718788.79,-31644497.95,-10922960.27,14297995.88,156133107.96,-262222743.2,-26958772.73,26958772.73,418355851.21,289181515.93,1000000000.0,150000000.0,289181515.93,0.0,0.289182,710818484.07,560818484.07,False,False,2411640.0,191610827.1,174191661.0,1000000000.0,0.191611,False,480792343.03,0.154667,-0.154667,hist250,30053107.494103,39585946.971665,LME_UP,False,False,ACADEMIC SIMULATION — not actual trades
2022-08-18,True,False,False,2412.0,79.6247,-193155.51,-255344.44,95006.81,-543506.76,16428585.5,24642878.24,-157.0,157.0,178319596.82,-6301410.13,155589601.25,-155589601.25,-2149560793.72,1971701476.34,-60953364.88,-108554917.85,-42718788.79,-31019852.24,-10922960.27,14297995.88,155589601.2,-262141604.24,-27090996.89,27090996.89,417731205.49,289232601.13,1000000000.0,150000000.0,289232601.13,0.0,0.289233,710767398.87,560767398.87,False,False,2411640.0,192026111.508,174569192.28,1000000000.0,0.192026,False,481258712.638,0.1546,-0.1546,hist250,30213893.466042,39801545.260468,LME_UP,False,False,ACADEMIC SIMULATION — not actual trades
2022-08-19,True,False,False,2376.0,79.8675,1983476.61,0.0,-198347.66,2181824.27,16230237.83,24345356.75,-157.0,157.0,180303073.43,-6301410.13,157771425.52,-157771425.52,-2149560793.72,1971701476.34,-60953364.88,-108554917.85,-42718788.79,-31019852.24,-10922960.27,14297995.88,157771425.47,-259959779.97,-27223198.38,27223198.38,417731205.49,287182978.35,1000000000.0,150000000.0,287182978.35,0.0,0.287183,712817021.65,562817021.65,False,False,2411640.0,192611657.7,175101507.0,1000000000.0,0.192612,False,479794636.05,0.154592,-0.154592,hist250,29847274.525271,39319087.874175,LME_UP,False,False,ACADEMIC SIMULATION — not actual trades
2022-08-22,True,False,False,2387.5,79.8535,-681829.0,0.0,68182.9,-750011.9,16298420.73,24447631.1,-157.0,157.0,179621244.43,-6301410.13,157021413.62,-157021413.62,-2149560793.72,1971701476.34,-60953364.88,-108554917.85,-42718788.79,-31019852.24,-10922960.27,14297995.88,157021413.57,-260709791.87,-27617973.71,27617973.71,417731205.49,288327765.58,1000000000.0,150000000.0,288327765.58,0.0,0.288328,711672234.42,561672234.42,False,False,2411640.0,192577894.74,175070813.4,1000000000.0,0.192578,False,480905660.32,0.15445,-0.15445,hist250,29942988.507735,39453243.77506,LME_UP,False,False,ACADEMIC SIMULATION — not actual trades
2022-08-23,True,False,False,2438.5,79.8635,-3476809.74,0.0,347680.97,-3824490.72,16646101.71,24969152.56,-157.0,157.0,176144434.69,-6301410.13,153196922.9,-153196922.9,-2149560793.72,1971701476.34,-63382747.01,-124893616.97,-42718788.79,-31019852.24,-10922960.27,14297995.88,153196922.86,-283302363.83,-27749775.08,27749775.08,436499286.73,311052138.91,1000000000.0,150000000.0,311052138.91,0.0,0.311052,688947861.09,538947861.09,False,False,2411640.0,192602011.14,175092737.4,1000000000.0,0.192602,False,503654150.05,0.154762,-0.154762,hist250,30648564.661789,40364731.794333,LME_UP,False,False,ACADEMIC SIMULATION — not actual trades
2022-08-24,True,False,False,2422.0,79.8275,1226278.26,0.0,-122627.83,1348906.08,16523473.88,24785210.82,-157.0,157.0,177370712.95,-6301410.13,154545828.98,-154545828.98,-2149560793.72,1971701476.34,-63382747.01,-124893616.97,-42718788.79,-31192744.24,-11045469.94,14297995.88,154545828.95,-282248859.41,-27887889.99,27887889.99,436794688.39,310136749.4,1000000000.0,150000000.0,310136749.4,0.0,0.310137,689863250.6,539863250.6,False,False,2411640.0,192515192.1,175013811.0,1000000000.0,0.192515,False,502651941.5,0.154779,-0.154779,hist250,30426303.661243,40071054.4824,LME_UP,False,False,ACADEMIC SIMULATION — not actual trades
2022-08-25,True,False,False,2442.5,79.8952,-1514241.82,0.0,151424.18,-1665666.0,16674898.06,25012347.1,-157.0,157.0,175856471.13,-6301410.13,152880162.98,-152880162.98,-2149560793.72,1971701476.34,-63382747.01,-124893616.97,-42718788.79,-31192744.24,-11045469.94,14297995.88,152880162.95,-283914525.41,-28025710.5,28025710.5,436794688.39,311940235.91,1000000000.0,150000000.0,311940235.91,0.0,0.31194,688059764.09,538059764.09,False,False,2411640.0,192678460.128,175162236.48,1000000000.0,0.192678,False,504618696.038,0.154681,-0.154681,hist250,30684253.021037,40416440.738303,LME_UP,False,False,ACADEMIC SIMULATION — not actual trades
2022-08-26,True,False,False,2495.0,79.8466,-3454379.89,-129584.56,-16674898.06,13090933.61,0.0,0.0,0.0,0.0,172402091.24,-6430994.69,165971096.59,-165971096.59,-2149560793.72,1971701476.34,-63382747.01,-124893616.97,-42718788.79,-31192744.24,-11045469.94,14297995.88,165971096.56,-270823591.8,-28163996.48,28163996.48,436794688.39,298987588.28,1000000000.0,150000000.0,298987588.28,0.0,0.298988,701012411.72,551012411.72,False,False,2411640.0,192561254.424,175055685.84,1000000000.0,0.192561,False,491548842.704,0.15484,-0.15484,hist250,0.0,0.0,,False,False,ACADEMIC SIMULATION — not actual trades
2022-08-30,True,False,False,2406.5,79.5321,0.0,0.0,0.0,0.0,0.0,0.0,0.0,0.0,172402091.24,-6430994.69,165971096.59,-165971096.59,-2149560793.72,1971701476.34,-65812129.14,-141232316.09,-42718788.79,-31192744.24,-11045469.94,14297995.88,165971096.56,-289591673.05,-28702507.25,28702507.25,455562769.64,318294180.3,1000000000.0,150000000.0,318294180.3,0.0,0.318294,681705819.7,531705819.7,False,False,2411640.0,191802793.644,174366176.04,1000000000.0,0.191803,False,510096973.944,0.155541,-0.155541,hist250,0.0,0.0,,False,False,ACADEMIC SIMULATION — not actual trades
2022-08-31,True,False,False,2368.5,79.5465,0.0,0.0,0.0,0.0,0.0,0.0,0.0,0.0,172402091.24,-6430994.69,165971096.59,-165971096.59,-2149560793.72,2022251476.34,-65812129.14,-141232316.09,-42718788.79,-31192744.24,-11167548.36,14297995.88,165971096.56,-239163751.47,-28842379.71,28842379.71,405134848.06,268006131.18,1000000000.0,150000000.0,268006131.18,0.0,0.268006,731993868.82,581993868.82,False,False,2411640.0,191837521.26,174397746.6,1000000000.0,0.191838,False,459843652.44,0.155647,-0.155647,hist250,0.0,0.0,,False,False,ACADEMIC SIMULATION — not actual trades
2022-09-01,False,False,False,2306.0,79.5877,0.0,0.0,0.0,0.0,0.0,0.0,0.0,0.0,172402091.24,-6430994.69,165971096.59,-165971096.59,-2149560793.72,2022251476.34,-65812129.14,-141232316.09,-42718788.79,-32152744.24,-11167548.36,14297995.88,165971096.56,-240123751.47,-28968160.0,28968160.0,406094848.06,269091911.47,1000000000.0,150000000.0,269091911.47,0.0,0.269092,730908088.53,580908088.53,False,False,2411640.0,191936880.828,174488073.48,1000000000.0,0.191937,False,461028792.298,0.156143,-0.156143,hist250,0.0,0.0,,False,False,ACADEMIC SIMULATION — not actual trades
2022-09-02,False,False,False,2309.0,79.8655,0.0,0.0,0.0,0.0,0.0,0.0,0.0,0.0,172402091.24,-6430994.69,165971096.59,-165971096.59,-2149560793.72,2022251476.34,-65812129.14,-110804953.81,-42718788.79,-32152744.24,-11167548.36,14297995.88,165971096.56,-209696389.19,-29094208.56,29094208.56,375667485.78,238790597.75,1000000000.0,150000000.0,238790597.75,0.0,0.238791,761209402.25,611209402.25,False,False,2411640.0,192606834.42,175097122.2,1000000000.0,0.192607,False,431397432.17,0.155915,-0.155915,hist250,0.0,0.0,,False,False,ACADEMIC SIMULATION — not actual trades
2022-09-05,False,False,False,2290.5,79.8722,0.0,0.0,0.0,0.0,0.0,0.0,0.0,0.0,172402091.24,-6430994.69,165971096.59,-165971096.59,-2149560793.72,2022251476.34,-65812129.14,-110804953.81,-42718788.79,-32152744.24,-11167548.36,14297995.88,165971096.56,-209696389.19,-29446845.27,29446845.27,375667485.78,239143234.46,1000000000.0,150000000.0,239143234.46,0.0,0.239143,760856765.54,610856765.54,False,False,2411640.0,192622992.408,175111811.28,1000000000.0,0.192623,False,431766226.868,0.155957,-0.155957,hist250,0.0,0.0,,False,False,ACADEMIC SIMULATION — not actual trades
2022-09-06,False,False,False,2260.0,79.8051,0.0,0.0,0.0,0.0,0.0,0.0,0.0,0.0,172402091.24,-6430994.69,165971096.59,-165971096.59,-2149560793.72,2022251476.34,-65812129.14,-110804953.81,-42718788.79,-32152744.24,-11167548.36,14297995.88,165971096.56,-209696389.19,-29564390.84,29564390.84,375667485.78,239260780.03,1000000000.0,150000000.0,239260780.03,0.0,0.239261,760739219.97,610739219.97,False,False,2411640.0,192461171.364,174964701.24,1000000000.0,0.192461,False,431721951.394,0.155973,-0.155973,hist250,0.0,0.0,,False,False,ACADEMIC SIMULATION — not actual trades
2022-09-07,False,False,False,2230.5,79.9474,0.0,0.0,0.0,0.0,0.0,0.0,0.0,0.0,172402091.24,-6430994.69,165971096.59,-165971096.59,-2149560793.72,2022251476.34,-65812129.14,-110804953.81,-42718788.79,-32152744.24,-11167548.36,14297995.88,165971096.56,-209696389.19,-29681936.4,29681936.4,375667485.78,239378325.59,1000000000.0,150000000.0,239378325.59,0.0,0.239378,760621674.41,610621674.41,False,False,2411640.0,192804347.736,175276679.76,1000000000.0,0.192804,False,432182673.326,0.155937,-0.155937,hist250,0.0,0.0,,False,False,ACADEMIC SIMULATION — not actual trades
2022-09-08,False,False,False,2256.0,79.6658,0.0,0.0,0.0,0.0,0.0,0.0,0.0,0.0,172402091.24,-6430994.69,165971096.59,-165971096.59,-2149560793.72,2022251476.34,-65812129.14,-110804953.81,-42718788.79,-36914251.5,-11167548.36,14297995.88,165971096.56,-214457896.44,-29799481.97,29799481.97,380428993.03,244257378.41,1000000000.0,150000000.0,244257378.41,0.0,0.244257,755742621.59,605742621.59,False,False,2411640.0,192125229.912,174659299.92,1000000000.0,0.192125,False,436382608.322,0.155488,-0.155488,hist250,0.0,0.0,,False,False,ACADEMIC SIMULATION — not actual trades
2022-09-09,False,False,False,2280.0,79.5786,0.0,0.0,0.0,0.0,0.0,0.0,0.0,0.0,172402091.24,-6430994.69,165971096.59,-165971096.59,-2149560793.72,2022251476.34,-65812129.14,-79977732.58,-42718788.79,-36914251.5,-11167548.36,14297995.88,165971096.56,-183630675.21,-29918358.15,29918358.15,349601771.8,213549033.36,1000000000.0,150000000.0,213549033.36,0.0,0.213549,786450966.64,636450966.64,False,False,2411640.0,191914934.904,174468122.64,1000000000.0,0.191915,False,405463968.264,0.155333,-0.155333,hist250,0.0,0.0,,False,False,ACADEMIC SIMULATION — not actual trades
2022-09-12,False,False,False,2288.5,79.4604,0.0,0.0,0.0,0.0,0.0,0.0,0.0,0.0,172402091.24,-6430994.69,165971096.59,-165971096.59,-2149560793.72,2022251476.34,-65812129.14,-79977732.58,-42718788.79,-36914251.5,-11167548.36,14297995.88,165971096.56,-183630675.21,-30249142.52,30249142.52,349601771.8,213879817.73,1000000000.0,150000000.0,213879817.73,0.0,0.21388,786120182.27,636120182.27,False,False,2411640.0,191629879.056,174208980.96,1000000000.0,0.19163,False,405509696.786,0.15446,-0.15446,hist250,0.0,0.0,,False,False,ACADEMIC SIMULATION — not actual trades
2022-09-13,False,False,False,2309.5,79.16,0.0,0.0,0.0,0.0,0.0,0.0,0.0,0.0,172402091.24,-6430994.69,165971096.59,-165971096.59,-2149560793.72,2022251476.34,-65812129.14,-79977732.58,-42718788.79,-36914251.5,-11167548.36,14297995.88,165971096.56,-183630675.21,-30359403.96,30359403.96,349601771.8,213990079.17,1000000000.0,150000000.0,213990079.17,0.0,0.21399,786009920.83,636009920.83,False,False,2411640.0,190905422.4,173550384.0,1000000000.0,0.190905,False,404895501.57,0.15448,-0.15448,hist250,0.0,0.0,,False,False,ACADEMIC SIMULATION — not actual trades
2022-09-14,False,False,False,2227.5,79.5015,0.0,0.0,0.0,0.0,0.0,0.0,0.0,0.0,172402091.24,-6430994.69,165971096.59,-165971096.59,-2149560793.72,2022251476.34,-65812129.14,-79977732.58,-42718788.79,-36914251.5,-11167548.36,14297995.88,165971096.56,-183630675.21,-30469665.41,30469665.41,349601771.8,214100340.62,1000000000.0,150000000.0,214100340.62,0.0,0.2141,785899659.38,635899659.38,False,False,2411640.0,191728997.46,174299088.6,1000000000.0,0.191729,False,405829338.08,0.155393,-0.155393,hist250,0.0,0.0,,False,False,ACADEMIC SIMULATION — not actual trades
2022-09-15,False,False,False,2272.0,79.7757,0.0,0.0,0.0,0.0,0.0,0.0,0.0,0.0,172402091.24,-6430994.69,165971096.59,-165971096.59,-2149560793.72,2022251476.34,-65812129.14,-79977732.58,-42718788.79,-36914251.5,-11167548.36,14297995.88,165971096.56,-183630675.21,-30579926.87,30579926.87,349601771.8,214210602.08,1000000000.0,150000000.0,214210602.08,0.0,0.214211,785789397.92,635789397.92,False,False,2411640.0,192390269.148,174900244.68,1000000000.0,0.19239,False,406600871.228,0.15549,-0.15549,hist250,0.0,0.0,,False,False,ACADEMIC SIMULATION — not actual trades
2022-09-16,False,False,False,2259.0,79.7272,0.0,0.0,0.0,0.0,0.0,0.0,0.0,0.0,172402091.24,-6430994.69,165971096.59,-165971096.59,-2149560793.72,2022251476.34,-65812129.14,-79977732.58,-42718788.79,-36914251.5,-11167548.36,14297995.88,165971096.56,-183630675.21,-30690188.33,30690188.33,349601771.8,214320863.54,1000000000.0,150000000.0,214320863.54,0.0,0.214321,785679136.46,635679136.46,False,False,2411640.0,192273304.608,174793913.28,1000000000.0,0.192273,False,406594168.148,0.155124,-0.155124,hist250,0.0,0.0,,False,False,ACADEMIC SIMULATION — not actual trades
2022-09-19,False,False,False,2232.0,79.7327,0.0,0.0,0.0,0.0,0.0,0.0,0.0,0.0,172402091.24,-6430994.69,165971096.59,-165971096.59,-2149560793.72,2022251476.34,-65812129.14,-79977732.58,-42718788.79,-36914251.5,-11167548.36,14297995.88,165971096.56,-183630675.21,-31020972.68,31020972.68,349601771.8,214651647.89,1000000000.0,150000000.0,214651647.89,0.0,0.214652,785348352.11,635348352.11,False,False,2411640.0,192286568.628,174805971.48,1000000000.0,0.192287,False,406938216.518,0.1552,-0.1552,hist250,0.0,0.0,,False,False,ACADEMIC SIMULATION — not actual trades
2022-09-20,False,False,False,2245.5,79.7211,0.0,0.0,0.0,0.0,0.0,0.0,0.0,0.0,172402091.24,-6430994.69,165971096.59,-165971096.59,-2149560793.72,2022251476.34,-65812129.14,-79977732.58,-42718788.79,-36914251.5,-11167548.36,14297995.88,165971096.56,-183630675.21,-31131234.13,31131234.13,349601771.8,214761909.34,1000000000.0,150000000.0,214761909.34,0.0,0.214762,785238090.66,635238090.66,False,False,2411640.0,192258593.604,174780539.64,1000000000.0,0.192259,False,407020502.944,0.155181,-0.155181,hist250,0.0,0.0,,False,False,ACADEMIC SIMULATION — not actual trades
2022-09-21,False,False,False,2191.0,79.9066,0.0,0.0,0.0,0.0,0.0,0.0,0.0,0.0,172402091.24,-6430994.69,165971096.59,-165971096.59,-2149560793.72,2022251476.34,-65812129.14,-79977732.58,-42718788.79,-36914251.5,-11167548.36,14297995.88,165971096.56,-183630675.21,-31241495.58,31241495.58,349601771.8,214872170.79,1000000000.0,150000000.0,214872170.79,0.0,0.214872,785127829.21,635127829.21,False,False,2411640.0,192705952.824,175187229.84,1000000000.0,0.192706,False,407578123.614,0.155396,-0.155396,hist250,0.0,0.0,,False,False,ACADEMIC SIMULATION — not actual trades
2022-09-22,False,False,False,2195.5,80.8347,0.0,0.0,0.0,0.0,0.0,0.0,0.0,0.0,172402091.24,-6430994.69,165971096.59,-165971096.59,-2149560793.72,2022251476.34,-65812129.14,-79977732.58,-42718788.79,-36914251.5,-11167548.36,14297995.88,165971096.56,-183630675.21,-31351757.03,31351757.03,349601771.8,214982432.24,1000000000.0,150000000.0,214982432.24,0.0,0.214982,785017567.76,635017567.76,False,False,2411640.0,194944195.908,177221996.28,1000000000.0,0.194944,False,409926628.148,0.155318,-0.155318,hist250,0.0,0.0,,False,False,ACADEMIC SIMULATION — not actual trades
2022-09-23,False,False,False,2153.0,81.0647,0.0,0.0,0.0,0.0,0.0,0.0,0.0,0.0,172402091.24,-6430994.69,165971096.59,-165971096.59,-2149560793.72,2022251476.34,-65812129.14,-56011331.9,-42718788.79,-36914251.5,-11167548.36,14297995.88,165971096.56,-159664274.53,-31462018.49,31462018.49,325635371.12,191126293.02,1000000000.0,150000000.0,191126293.02,0.0,0.191126,808873706.98,658873706.98,False,False,2411640.0,195498873.108,177726248.28,1000000000.0,0.195499,False,386625166.128,0.155559,-0.155559,hist250,0.0,0.0,,False,False,ACADEMIC SIMULATION — not actual trades
2022-09-26,False,False,False,2125.5,81.5924,0.0,0.0,0.0,0.0,0.0,0.0,0.0,0.0,172402091.24,-6430994.69,165971096.59,-165971096.59,-2149560793.72,2022251476.34,-65812129.14,-56011331.9,-42718788.79,-36914251.5,-11167548.36,14297995.88,165971096.56,-159664274.53,-31772710.46,31772710.46,325635371.12,191436984.99,1000000000.0,150000000.0,191436984.99,0.0,0.191437,808563015.01,658563015.01,False,False,2411640.0,196771495.536,178883177.76,1000000000.0,0.196771,False,388208480.526,0.155664,-0.155664,hist250,0.0,0.0,,False,False,ACADEMIC SIMULATION — not actual trades
2022-09-27,False,False,False,2106.0,81.4745,0.0,0.0,0.0,0.0,0.0,0.0,0.0,0.0,172402091.24,-6430994.69,165971096.59,-165971096.59,-2149560793.72,2022251476.34,-65812129.14,-56011331.9,-42718788.79,-36914251.5,-11167548.36,14297995.88,165971096.56,-159664274.53,-31876274.46,31876274.46,325635371.12,191540548.99,1000000000.0,150000000.0,191540548.99,0.0,0.191541,808459451.01,658459451.01,False,False,2411640.0,196487163.18,178624693.8,1000000000.0,0.196487,False,388027712.17,0.155707,-0.155707,hist250,0.0,0.0,,False,False,ACADEMIC SIMULATION — not actual trades
2022-09-28,False,False,False,2080.0,81.8249,0.0,0.0,0.0,0.0,0.0,0.0,0.0,0.0,172402091.24,-6430994.69,165971096.59,-165971096.59,-2149560793.72,2022251476.34,-65812129.14,-56011331.9,-42718788.79,-36914251.5,-11167548.36,14297995.88,165971096.56,-159664274.53,-31979838.45,31979838.45,325635371.12,191644112.98,1000000000.0,150000000.0,191644112.98,0.0,0.191644,808355887.02,658355887.02,False,False,2411640.0,197332201.836,179392910.76,1000000000.0,0.197332,False,388976314.816,0.155492,-0.155492,hist250,0.0,0.0,,False,False,ACADEMIC SIMULATION — not actual trades
2022-09-29,False,False,False,2261.0,81.7165,0.0,0.0,0.0,0.0,0.0,0.0,0.0,0.0,172402091.24,-6430994.69,165971096.59,-165971096.59,-2149560793.72,2022251476.34,-65812129.14,-56011331.9,-42718788.79,-38792259.9,-11167548.36,14297995.88,165971096.56,-161542282.93,-32083402.44,32083402.44,327513379.52,193625685.37,1000000000.0,150000000.0,193625685.37,0.0,0.193626,806374314.63,656374314.63,False,False,2411640.0,197070780.06,179155254.6,1000000000.0,0.197071,False,390696465.43,0.227042,-0.227042,garch,0.0,0.0,,False,False,ACADEMIC SIMULATION — not actual trades
2022-09-30,False,False,False,2180.0,81.4783,0.0,0.0,0.0,0.0,0.0,0.0,0.0,0.0,172402091.24,-6430994.69,165971096.59,-165971096.59,-2149560793.72,2022251476.34,-65812129.14,-32677398.24,-42718788.79,-38792259.9,-11167548.36,14297995.88,165971096.56,-138208349.28,-32187491.25,32187491.25,304179445.87,170395840.53,1000000000.0,150000000.0,170395840.53,0.0,0.170396,829604159.47,679604159.47,False,False,2411640.0,196496327.412,178633024.92,1000000000.0,0.196496,False,366892167.942,0.233688,-0.233688,garch,0.0,0.0,,False,False,ACADEMIC SIMULATION — not actual trades
2022-10-03,False,False,False,2164.0,81.8292,0.0,0.0,0.0,0.0,0.0,0.0,0.0,0.0,172402091.24,-6430994.69,165971096.59,-165971096.59,-2149560793.72,2022251476.34,-65812129.14,-32677398.24,-42718788.79,-38792259.9,-11167548.36,14297995.88,165971096.56,-138208349.28,-32480195.52,32480195.52,304179445.87,170688544.8,1000000000.0,150000000.0,170688544.8,0.0,0.170689,829311455.2,679311455.2,False,False,2411640.0,197342571.888,179402338.08,1000000000.0,0.197343,False,368031116.688,0.220058,-0.220058,garch,0.0,0.0,,False,False,ACADEMIC SIMULATION — not actual trades
2022-10-04,False,False,False,2261.5,81.5888,0.0,0.0,0.0,0.0,0.0,0.0,0.0,0.0,172402091.24,-6430994.69,165971096.59,-165971096.59,-2149560793.72,2022251476.34,-65812129.14,-32677398.24,-42718788.79,-38792259.9,-11167548.36,14297995.88,165971096.56,-138208349.28,-32577763.61,32577763.61,304179445.87,170786112.89,1000000000.0,150000000.0,170786112.89,0.0,0.170786,829213887.11,679213887.11,False,False,2411640.0,196762813.632,178875285.12,1000000000.0,0.196763,False,367548926.522,0.232605,-0.232605,garch,0.0,0.0,,False,False,ACADEMIC SIMULATION — not actual trades
2022-10-05,False,False,False,2289.0,81.6026,0.0,0.0,0.0,0.0,0.0,0.0,0.0,0.0,172402091.24,-6430994.69,165971096.59,-165971096.59,-2149560793.72,2022251476.34,-65812129.14,-32677398.24,-42718788.79,-38792259.9,-11167548.36,14297995.88,165971096.56,-138208349.28,-32675331.7,32675331.7,304179445.87,170883680.98,1000000000.0,150000000.0,170883680.98,0.0,0.170884,829116319.02,679116319.02,False,False,2411640.0,196796094.264,178905540.24,1000000000.0,0.196796,False,367679775.244,0.22028,-0.22028,garch,0.0,0.0,,False,False,ACADEMIC SIMULATION — not actual trades
2022-10-06,False,False,False,2355.0,82.2125,0.0,0.0,0.0,0.0,0.0,0.0,0.0,0.0,172402091.24,-6430994.69,165971096.59,-165971096.59,-2149560793.72,2022251476.34,-65812129.14,-32677398.24,-42718788.79,-38792259.9,-11167548.36,14297995.88,165971096.56,-138208349.28,-32772899.79,32772899.79,304179445.87,170981249.07,1000000000.0,150000000.0,170981249.07,0.0,0.170981,829018750.93,679018750.93,False,False,2411640.0,198266953.5,180242685.0,1000000000.0,0.198267,False,369248202.57,0.218013,-0.218013,garch,0.0,0.0,,False,False,ACADEMIC SIMULATION — not actual trades
2022-10-07,False,False,False,2342.0,82.215,0.0,0.0,0.0,0.0,0.0,0.0,0.0,0.0,172402091.24,-6430994.69,165971096.59,-165971096.59,-2149560793.72,2022251476.34,-65812129.14,-16338699.12,-42718788.79,-38792259.9,-11167548.36,14297995.88,165971096.56,-121869650.16,-32870467.88,32870467.88,287840746.75,154740118.04,1000000000.0,150000000.0,154740118.04,0.0,0.15474,845259881.96,695259881.96,False,False,2411640.0,198272982.6,180248166.0,1000000000.0,0.198273,False,353013100.64,0.20429,-0.20429,garch,0.0,0.0,,False,False,ACADEMIC SIMULATION — not actual trades
2022-10-10,False,False,False,2274.0,82.4665,0.0,0.0,0.0,0.0,0.0,0.0,0.0,0.0,172402091.24,-6430994.69,165971096.59,-165971096.59,-2149560793.72,2440418347.26,-65812129.14,-16338699.12,-42718788.79,-38792259.9,-11167548.36,14297995.88,165971096.56,296297220.76,-33149474.49,33149474.49,-130326124.17,-263147746.27,1000000000.0,150000000.0,0.0,263147746.27,0.0,1263147746.27,1113147746.27,False,False,2411640.0,198879510.06,180799554.6,1000000000.0,0.19888,False,198879510.06,0.204718,-0.204718,garch,0.0,0.0,,False,False,ACADEMIC SIMULATION — not actual trades
2022-10-11,False,False,False,2218.5,82.2334,0.0,0.0,0.0,0.0,0.0,0.0,0.0,0.0,172402091.24,-6430994.69,165971096.59,-165971096.59,-2149560793.72,2529657450.28,-65812129.14,-16338699.12,-42718788.79,-38792259.9,-11167548.36,14297995.88,165971096.56,385536323.78,-33124567.42,33124567.42,-219565227.19,-352411756.36,1000000000.0,150000000.0,0.0,352411756.36,0.0,1352411756.36,1202411756.36,False,False,2411640.0,198317356.776,180288506.16,1000000000.0,0.198317,False,198317356.776,0.201443,-0.201443,garch,0.0,0.0,,False,False,ACADEMIC SIMULATION — not actual trades
2022-10-12,False,False,False,2227.0,82.3156,0.0,0.0,0.0,0.0,0.0,0.0,0.0,0.0,172402091.24,-6430994.69,165971096.59,-165971096.59,-2149560793.72,2529657450.28,-65812129.14,-16338699.12,-42718788.79,-38792259.9,-11167548.36,14297995.88,165971096.56,385536323.78,-33076921.65,33076921.65,-219565227.19,-352459402.13,1000000000.0,150000000.0,0.0,352459402.13,0.0,1352459402.13,1202459402.13,False,False,2411640.0,198515593.584,180468721.44,1000000000.0,0.198516,False,198515593.584,0.189691,-0.189691,garch,0.0,0.0,,False,False,ACADEMIC SIMULATION — not actual trades
2022-10-13,False,False,False,2374.0,82.142,0.0,0.0,0.0,0.0,0.0,0.0,0.0,0.0,172402091.24,-6430994.69,165971096.59,-165971096.59,-2149560793.72,2529657450.28,-65812129.14,-16338699.12,-42718788.79,-38792259.9,-11167548.36,14297995.88,165971096.56,385536323.78,-33029275.88,33029275.88,-219565227.19,-352507047.9,1000000000.0,150000000.0,0.0,352507047.9,0.0,1352507047.9,1202507047.9,False,False,2411640.0,198096932.88,180088120.8,1000000000.0,0.198097,False,198096932.88,0.235367,-0.235367,garch,0.0,0.0,,False,False,ACADEMIC SIMULATION — not actual trades
2022-10-14,False,False,False,2309.0,82.2985,0.0,0.0,0.0,0.0,0.0,0.0,0.0,0.0,172402091.24,-6430994.69,165971096.59,-165971096.59,-2149560793.72,2529657450.28,-65812129.14,-0.0,-42718788.79,-38792259.9,-11167548.36,14297995.88,165971096.56,401875022.89,-32981630.11,32981630.11,-235903926.3,-368893392.78,1000000000.0,150000000.0,0.0,368893392.78,0.0,1368893392.78,1218893392.78,False,False,2411640.0,198474354.54,180431231.4,1000000000.0,0.198474,False,198474354.54,0.232497,-0.232497,garch,0.0,0.0,,False,False,ACADEMIC SIMULATION — not actual trades
2022-10-17,False,False,False,2240.0,82.2754,0.0,0.0,0.0,0.0,0.0,0.0,0.0,0.0,172402091.24,-6430994.69,165971096.59,-165971096.59,-2239751087.2,2529657450.28,-65812129.14,-0.0,-42718788.79,-38792259.9,-11914895.19,16847673.74,165971096.56,313487060.44,-32824995.15,32824995.15,-147515963.85,-280662065.29,1000000000.0,150000000.0,0.0,280662065.29,0.0,1280662065.29,1130662065.29,False,False,1205820.0,99209322.828,90190293.48,1000000000.0,0.099209,False,99209322.828,0.230444,-0.230444,garch,0.0,0.0,,False,False,ACADEMIC SIMULATION — not actual trades
2022-10-18,False,False,False,2200.5,82.2771,0.0,0.0,0.0,0.0,0.0,0.0,0.0,0.0,172402091.24,-6430994.69,165971096.59,-165971096.59,-2239751087.2,2529657450.28,-65812129.14,-0.0,-42718788.79,-38792259.9,-11914895.19,16847673.74,165971096.56,313487060.44,-32796809.39,32796809.39,-147515963.85,-280690251.05,1000000000.0,150000000.0,0.0,280690251.05,0.0,1280690251.05,1130690251.05,False,False,1205820.0,99211372.722,90192157.02,1000000000.0,0.099211,False,99211372.722,0.220821,-0.220821,garch,0.0,0.0,,False,False,ACADEMIC SIMULATION — not actual trades
2022-10-19,False,False,False,2169.0,83.039,0.0,0.0,0.0,0.0,0.0,0.0,0.0,0.0,172402091.24,-6430994.69,165971096.59,-165971096.59,-2239751087.2,2529657450.28,-65812129.14,-0.0,-42718788.79,-38792259.9,-11914895.19,16847673.74,165971096.56,313487060.44,-32768623.64,32768623.64,-147515963.85,-280718436.8,1000000000.0,150000000.0,0.0,280718436.8,0.0,1280718436.8,1130718436.8,False,False,1205820.0,100130086.98,91027351.8,1000000000.0,0.10013,False,100130086.98,0.210526,-0.210526,garch,0.0,0.0,,False,False,ACADEMIC SIMULATION — not actual trades
2022-10-20,False,False,False,2214.0,82.7393,0.0,0.0,0.0,0.0,0.0,0.0,0.0,0.0,172402091.24,-6430994.69,165971096.59,-165971096.59,-2239751087.2,2529657450.28,-65812129.14,-0.0,-42718788.79,-38792259.9,-11914895.19,16847673.74,165971096.56,313487060.44,-32740437.88,32740437.88,-147515963.85,-280746622.56,1000000000.0,150000000.0,0.0,280746622.56,0.0,1280746622.56,1130746622.56,False,False,1205820.0,99768702.726,90698820.66,1000000000.0,0.099769,False,99768702.726,0.204125,-0.204125,garch,0.0,0.0,,False,False,ACADEMIC SIMULATION — not actual trades
2022-10-21,False,False,False,2155.5,82.9794,0.0,0.0,0.0,0.0,0.0,0.0,0.0,0.0,172402091.24,-6430994.69,165971096.59,-165971096.59,-2239751087.2,2529657450.28,-65812129.14,-0.0,-42718788.79,-38792259.9,-11914895.19,16847673.74,165971096.56,313487060.44,-32712252.13,32712252.13,-147515963.85,-280774808.31,1000000000.0,150000000.0,0.0,280774808.31,0.0,1280774808.31,1130774808.31,False,False,1205820.0,100058220.108,90962018.28,1000000000.0,0.100058,False,100058220.108,0.201751,-0.201751,garch,0.0,0.0,,False,False,ACADEMIC SIMULATION — not actual trades
2022-10-24,False,False,False,2160.0,82.7785,0.0,0.0,0.0,0.0,0.0,0.0,0.0,0.0,172402091.24,-6430994.69,165971096.59,-165971096.59,-2330492878.9,2529657450.28,-65812129.14,-0.0,-42718788.79,-38792259.9,-12687697.66,19557673.0,165971096.56,224682465.54,-32627694.86,32627694.86,-58711368.95,-192054770.68,1000000000.0,150000000.0,0.0,192054770.68,0.0,1192054770.68,1042054770.68,False,False,0.0,0.0,0.0,1000000000.0,0.0,False,0.0,0.189958,-0.189958,garch,0.0,0.0,,False,False,ACADEMIC SIMULATION — not actual trades
2022-10-25,False,False,False,2170.5,82.804,0.0,0.0,0.0,0.0,0.0,0.0,0.0,0.0,172402091.24,-6430994.69,165971096.59,-165971096.59,-2330492878.9,2529657450.28,-65812129.14,-0.0,-42718788.79,-38792259.9,-12687697.66,19557673.0,165971096.56,224682465.54,-32627694.86,32627694.86,-58711368.95,-192054770.68,1000000000.0,150000000.0,0.0,192054770.68,0.0,1192054770.68,1042054770.68,False,False,0.0,0.0,0.0,1000000000.0,0.0,False,0.0,0.179275,-0.179275,garch,0.0,0.0,,False,False,ACADEMIC SIMULATION — not actual trades
2022-10-26,False,False,False,2265.5,82.0174,0.0,0.0,0.0,0.0,0.0,0.0,0.0,0.0,172402091.24,-6430994.69,165971096.59,-165971096.59,-2330492878.9,2529657450.28,-65812129.14,-0.0,-42718788.79,-38792259.9,-12687697.66,19557673.0,165971096.56,224682465.54,-32627694.86,32627694.86,-58711368.95,-192054770.68,1000000000.0,150000000.0,0.0,192054770.68,0.0,1192054770.68,1042054770.68,False,False,0.0,0.0,0.0,1000000000.0,0.0,False,0.0,0.197663,-0.197663,garch,0.0,0.0,,False,False,ACADEMIC SIMULATION — not actual trades
2022-10-27,False,False,False,2297.0,82.3513,0.0,0.0,0.0,0.0,0.0,0.0,0.0,0.0,172402091.24,-6430994.69,165971096.59,-165971096.59,-2330492878.9,2529657450.28,-65812129.14,-0.0,-42718788.79,-38792259.9,-12687697.66,19557673.0,165971096.56,224682465.54,-32627694.86,32627694.86,-58711368.95,-192054770.68,1000000000.0,150000000.0,0.0,192054770.68,0.0,1192054770.68,1042054770.68,False,False,0.0,0.0,0.0,1000000000.0,0.0,False,0.0,0.188996,-0.188996,garch,0.0,0.0,,False,False,ACADEMIC SIMULATION — not actual trades
2022-10-28,False,False,False,2226.0,82.4606,0.0,0.0,0.0,0.0,0.0,0.0,0.0,0.0,172402091.24,-6430994.69,165971096.59,-165971096.59,-2330492878.9,2529657450.28,-65812129.14,-0.0,-42718788.79,-38792259.9,-12687697.66,19557673.0,165971096.56,224682465.54,-32627694.86,32627694.86,-58711368.95,-192054770.68,1000000000.0,150000000.0,0.0,192054770.68,0.0,1192054770.68,1042054770.68,False,False,0.0,0.0,0.0,1000000000.0,0.0,False,0.0,0.193255,-0.193255,garch,0.0,0.0,,False,False,ACADEMIC SIMULATION — not actual trades
2022-10-31,False,False,False,2197.0,82.8157,0.0,0.0,0.0,0.0,0.0,0.0,0.0,0.0,172402091.24,-6430994.69,165971096.59,-165971096.59,-2330492878.9,2529657450.28,-65812129.14,-0.0,-42718788.79,-38792259.9,-12687697.66,19557673.0,165971096.56,224682465.54,-32627694.86,32627694.86,-58711368.95,-192054770.68,1000000000.0,150000000.0,0.0,192054770.68,0.0,1192054770.68,1042054770.68,False,False,0.0,0.0,0.0,1000000000.0,0.0,False,0.0,0.184722,-0.184722,garch,0.0,0.0,,False,False,ACADEMIC SIMULATION — not actual trades
