week_end,grade,lane,in_window,case,case_group,required,net_arb_inr_t,window_open
2022-01-07,zorba,JEA_NSA,False,base,base,True,18435.05,True
2022-01-07,zorba,USEC_MUN,False,base,base,True,16526.64,True
2022-01-07,taint_tabor,JEA_NSA,False,base,base,True,16093.51,True
2022-01-07,taint_tabor,USEC_MUN,False,base,base,True,14701.63,True
2022-01-07,tense,JEA_NSA,False,base,base,True,32091.55,True
2022-01-07,tense,USEC_MUN,False,base,base,True,30379.28,True
2022-01-14,zorba,JEA_NSA,False,base,base,True,23168.61,True
2022-01-14,zorba,USEC_MUN,False,base,base,True,21279.18,True
2022-01-14,taint_tabor,JEA_NSA,False,base,base,True,20830.5,True
2022-01-14,taint_tabor,USEC_MUN,False,base,base,True,19457.93,True
2022-01-14,tense,JEA_NSA,False,base,base,True,37075.64,True
2022-01-14,tense,USEC_MUN,False,base,base,True,35384.37,True
2022-01-21,zorba,JEA_NSA,False,base,base,True,26119.04,True
2022-01-21,zorba,USEC_MUN,False,base,base,True,24210.51,True
2022-01-21,taint_tabor,JEA_NSA,False,base,base,True,23794.12,True
2022-01-21,taint_tabor,USEC_MUN,False,base,base,True,22403.31,True
2022-01-21,tense,JEA_NSA,False,base,base,True,40551.13,True
2022-01-21,tense,USEC_MUN,False,base,base,True,38844.94,True
2022-01-28,zorba,JEA_NSA,False,base,base,True,26946.12,True
2022-01-28,zorba,USEC_MUN,False,base,base,True,25022.37,True
2022-01-28,taint_tabor,JEA_NSA,False,base,base,True,24610.5,True
2022-01-28,taint_tabor,USEC_MUN,False,base,base,True,23205.2,True
2022-01-28,tense,JEA_NSA,False,base,base,True,41659.03,True
2022-01-28,tense,USEC_MUN,False,base,base,True,39940.05,True
2022-02-04,zorba,JEA_NSA,False,base,base,True,26545.08,True
2022-02-04,zorba,USEC_MUN,False,base,base,True,24722.38,True
2022-02-04,taint_tabor,JEA_NSA,False,base,base,True,24234.24,True
2022-02-04,taint_tabor,USEC_MUN,False,base,base,True,22932.96,True
2022-02-04,tense,JEA_NSA,False,base,base,True,41094.81,True
2022-02-04,tense,USEC_MUN,False,base,base,True,39480.75,True
2022-02-11,zorba,JEA_NSA,False,base,base,True,28032.51,True
2022-02-11,zorba,USEC_MUN,False,base,base,True,26171.61,True
2022-02-11,taint_tabor,JEA_NSA,False,base,base,True,25657.15,True
2022-02-11,taint_tabor,USEC_MUN,False,base,base,True,24319.0,True
2022-02-11,tense,JEA_NSA,False,base,base,True,43254.94,True
2022-02-11,tense,USEC_MUN,False,base,base,True,41608.98,True
2022-02-18,zorba,JEA_NSA,False,base,base,True,32414.51,True
2022-02-18,zorba,USEC_MUN,False,base,base,True,30557.84,True
2022-02-18,taint_tabor,JEA_NSA,False,base,base,True,30084.27,True
2022-02-18,taint_tabor,USEC_MUN,False,base,base,True,28750.76,True
2022-02-18,tense,JEA_NSA,False,base,base,True,48042.48,True
2022-02-18,tense,USEC_MUN,False,base,base,True,46403.78,True
2022-02-25,zorba,JEA_NSA,False,base,base,True,37438.65,True
2022-02-25,zorba,USEC_MUN,False,base,base,True,35599.09,True
2022-02-25,taint_tabor,JEA_NSA,False,base,base,True,35052.77,True
2022-02-25,taint_tabor,USEC_MUN,False,base,base,True,33737.25,True
2022-02-25,tense,JEA_NSA,False,base,base,True,53418.02,True
2022-02-25,tense,USEC_MUN,False,base,base,True,51799.95,True
2022-03-04,zorba,JEA_NSA,True,base,base,True,51903.27,True
2022-03-04,zorba,USEC_MUN,True,base,base,True,49903.86,True
2022-03-04,taint_tabor,JEA_NSA,True,base,base,True,49289.35,True
2022-03-04,taint_tabor,USEC_MUN,True,base,base,True,47816.94,True
2022-03-04,tense,JEA_NSA,True,base,base,True,70765.99,True
2022-03-04,tense,USEC_MUN,True,base,base,True,69010.88,True
2022-03-11,zorba,JEA_NSA,True,base,base,True,46568.52,True
2022-03-11,zorba,USEC_MUN,True,base,base,True,44681.37,True
2022-03-11,taint_tabor,JEA_NSA,True,base,base,True,43920.29,True
2022-03-11,taint_tabor,USEC_MUN,True,base,base,True,42557.23,True
2022-03-11,tense,JEA_NSA,True,base,base,True,63523.34,True
2022-03-11,tense,USEC_MUN,True,base,base,True,61865.03,True
2022-03-18,zorba,JEA_NSA,True,base,base,True,45790.93,True
2022-03-18,zorba,USEC_MUN,True,base,base,True,43942.6,True
2022-03-18,taint_tabor,JEA_NSA,True,base,base,True,43204.94,True
2022-03-18,taint_tabor,USEC_MUN,True,base,base,True,41879.73,True
2022-03-18,tense,JEA_NSA,True,base,base,True,62182.04,True
2022-03-18,tense,USEC_MUN,True,base,base,True,60557.36,True
2022-03-25,zorba,JEA_NSA,True,base,base,True,46314.24,True
2022-03-25,zorba,USEC_MUN,True,base,base,True,44386.41,True
2022-03-25,taint_tabor,JEA_NSA,True,base,base,True,43674.24,True
2022-03-25,taint_tabor,USEC_MUN,True,base,base,True,42271.18,True
2022-03-25,tense,JEA_NSA,True,base,base,True,63749.25,True
2022-03-25,tense,USEC_MUN,True,base,base,True,62054.22,True
2022-04-01,zorba,JEA_NSA,True,base,base,True,40523.37,True
2022-04-01,zorba,USEC_MUN,True,base,base,True,38695.0,True
2022-04-01,taint_tabor,JEA_NSA,True,base,base,True,37923.94,True
2022-04-01,taint_tabor,USEC_MUN,True,base,base,True,36623.37,True
2022-04-01,tense,JEA_NSA,True,base,base,True,57437.81,True
2022-04-01,tense,USEC_MUN,True,base,base,True,55843.88,True
2022-04-08,zorba,JEA_NSA,True,base,base,True,34274.49,True
2022-04-08,zorba,USEC_MUN,True,base,base,True,32430.5,True
2022-04-08,taint_tabor,JEA_NSA,True,base,base,True,31670.02,True
2022-04-08,taint_tabor,USEC_MUN,True,base,base,True,30352.93,True
2022-04-08,tense,JEA_NSA,True,base,base,True,50701.49,True
2022-04-08,tense,USEC_MUN,True,base,base,True,49087.82,True
2022-04-15,zorba,JEA_NSA,True,base,base,True,28618.04,True
2022-04-15,zorba,USEC_MUN,True,base,base,True,26783.86,True
2022-04-15,taint_tabor,JEA_NSA,True,base,base,True,26064.61,True
2022-04-15,taint_tabor,USEC_MUN,True,base,base,True,24756.14,True
2022-04-15,tense,JEA_NSA,True,base,base,True,44280.82,True
2022-04-15,tense,USEC_MUN,True,base,base,True,42669.94,True
2022-04-22,zorba,JEA_NSA,True,base,base,True,25363.12,True
2022-04-22,zorba,USEC_MUN,True,base,base,True,23478.67,True
2022-04-22,taint_tabor,JEA_NSA,True,base,base,True,22828.58,True
2022-04-22,taint_tabor,USEC_MUN,True,base,base,True,21470.18,True
2022-04-22,tense,JEA_NSA,True,base,base,True,41108.54,True
2022-04-22,tense,USEC_MUN,True,base,base,True,39449.16,True
2022-04-29,zorba,JEA_NSA,True,base,base,True,19773.54,True
2022-04-29,zorba,USEC_MUN,True,base,base,True,17922.83,True
2022-04-29,taint_tabor,JEA_NSA,True,base,base,True,17351.9,True
2022-04-29,taint_tabor,USEC_MUN,True,base,base,True,16025.43,True
2022-04-29,tense,JEA_NSA,True,base,base,True,34443.33,True
2022-04-29,tense,USEC_MUN,True,base,base,True,32807.39,True
2022-05-06,zorba,JEA_NSA,True,base,base,True,12841.8,True
2022-05-06,zorba,USEC_MUN,True,base,base,True,11092.89,True
2022-05-06,taint_tabor,JEA_NSA,True,base,base,True,10423.53,True
2022-05-06,taint_tabor,USEC_MUN,True,base,base,True,9200.69,True
2022-05-06,tense,JEA_NSA,True,base,base,True,26593.03,True
2022-05-06,tense,USEC_MUN,True,base,base,True,25056.19,True
2022-05-13,zorba,JEA_NSA,True,base,base,True,9265.29,True
2022-05-13,zorba,USEC_MUN,True,base,base,True,7521.45,True
2022-05-13,taint_tabor,JEA_NSA,True,base,base,True,6908.15,True
2022-05-13,taint_tabor,USEC_MUN,True,base,base,True,5689.69,True
2022-05-13,tense,JEA_NSA,True,base,base,True,22517.19,True
2022-05-13,tense,USEC_MUN,True,base,base,True,20980.44,True
2022-05-20,zorba,JEA_NSA,True,base,base,True,10178.1,True
2022-05-20,zorba,USEC_MUN,True,base,base,True,8348.1,True
2022-05-20,taint_tabor,JEA_NSA,True,base,base,True,7795.73,True
2022-05-20,taint_tabor,USEC_MUN,True,base,base,True,6493.46,True
2022-05-20,tense,JEA_NSA,True,base,base,True,24546.68,True
2022-05-20,tense,USEC_MUN,True,base,base,True,22935.22,True
2022-05-27,zorba,JEA_NSA,True,base,base,True,5248.85,True
2022-05-27,zorba,USEC_MUN,True,base,base,True,3418.8,False
2022-05-27,taint_tabor,JEA_NSA,True,base,base,True,2844.15,False
2022-05-27,taint_tabor,USEC_MUN,True,base,base,True,1540.63,False
2022-05-27,tense,JEA_NSA,True,base,base,True,19037.35,True
2022-05-27,tense,USEC_MUN,True,base,base,True,17420.76,True
2022-06-03,zorba,JEA_NSA,True,base,base,True,2853.14,False
2022-06-03,zorba,USEC_MUN,True,base,base,True,1002.89,False
2022-06-03,taint_tabor,JEA_NSA,True,base,base,True,508.6,False
2022-06-03,taint_tabor,USEC_MUN,True,base,base,True,-817.88,False
2022-06-03,tense,JEA_NSA,True,base,base,True,16028.31,True
2022-06-03,tense,USEC_MUN,True,base,base,True,14382.89,True
2022-06-10,zorba,JEA_NSA,True,base,base,True,683.67,False
2022-06-10,zorba,USEC_MUN,True,base,base,True,-1106.59,False
2022-06-10,taint_tabor,JEA_NSA,True,base,base,True,-1627.67,False
2022-06-10,taint_tabor,USEC_MUN,True,base,base,True,-2891.13,False
2022-06-10,tense,JEA_NSA,True,base,base,True,13858.14,True
2022-06-10,tense,USEC_MUN,True,base,base,True,12277.08,True
2022-06-17,zorba,JEA_NSA,True,base,base,True,-3677.54,False
2022-06-17,zorba,USEC_MUN,True,base,base,True,-5457.17,False
2022-06-17,taint_tabor,JEA_NSA,True,base,base,True,-5948.49,False
2022-06-17,taint_tabor,USEC_MUN,True,base,base,True,-7203.54,False
2022-06-17,tense,JEA_NSA,True,base,base,True,8368.5,True
2022-06-17,tense,USEC_MUN,True,base,base,True,6789.09,True
2022-06-24,zorba,JEA_NSA,True,base,base,True,-3588.86,False
2022-06-24,zorba,USEC_MUN,True,base,base,True,-5353.78,False
2022-06-24,taint_tabor,JEA_NSA,True,base,base,True,-5811.86,False
2022-06-24,taint_tabor,USEC_MUN,True,base,base,True,-7052.43,False
2022-06-24,tense,JEA_NSA,True,base,base,True,8266.27,True
2022-06-24,tense,USEC_MUN,True,base,base,True,6699.42,True
2022-07-01,zorba,JEA_NSA,True,base,base,True,-3752.1,False
2022-07-01,zorba,USEC_MUN,True,base,base,True,-5384.44,False
2022-07-01,taint_tabor,JEA_NSA,True,base,base,True,-5947.17,False
2022-07-01,taint_tabor,USEC_MUN,True,base,base,True,-7050.52,False
2022-07-01,tense,JEA_NSA,True,base,base,True,7977.8,True
2022-07-01,tense,USEC_MUN,True,base,base,True,6549.51,True
2022-07-08,zorba,JEA_NSA,True,base,base,True,-4138.73,False
2022-07-08,zorba,USEC_MUN,True,base,base,True,-5779.78,False
2022-07-08,taint_tabor,JEA_NSA,True,base,base,True,-6346.68,False
2022-07-08,taint_tabor,USEC_MUN,True,base,base,True,-7458.36,False
2022-07-08,tense,JEA_NSA,True,base,base,True,7699.58,True
2022-07-08,tense,USEC_MUN,True,base,base,True,6263.82,True
2022-07-15,zorba,JEA_NSA,True,base,base,True,-5126.31,False
2022-07-15,zorba,USEC_MUN,True,base,base,True,-6768.07,False
2022-07-15,taint_tabor,JEA_NSA,True,base,base,True,-7317.49,False
2022-07-15,taint_tabor,USEC_MUN,True,base,base,True,-8430.39,False
2022-07-15,tense,JEA_NSA,True,base,base,True,6367.66,True
2022-07-15,tense,USEC_MUN,True,base,base,True,4928.55,False
2022-07-22,zorba,JEA_NSA,True,base,base,True,-170.44,False
2022-07-22,zorba,USEC_MUN,True,base,base,True,-1813.15,False
2022-07-22,taint_tabor,JEA_NSA,True,base,base,True,-2370.73,False
2022-07-22,taint_tabor,USEC_MUN,True,base,base,True,-3482.73,False
2022-07-22,tense,JEA_NSA,True,base,base,True,12059.2,True
2022-07-22,tense,USEC_MUN,True,base,base,True,10626.69,True
2022-07-29,zorba,JEA_NSA,True,base,base,True,3132.16,False
2022-07-29,zorba,USEC_MUN,True,base,base,True,1528.5,False
2022-07-29,taint_tabor,JEA_NSA,True,base,base,True,972.04,False
2022-07-29,taint_tabor,USEC_MUN,True,base,base,True,-101.5,False
2022-07-29,tense,JEA_NSA,True,base,base,True,15205.9,True
2022-07-29,tense,USEC_MUN,True,base,base,True,13810.54,True
2022-08-05,zorba,JEA_NSA,True,base,base,True,6276.68,True
2022-08-05,zorba,USEC_MUN,True,base,base,True,4666.9,False
2022-08-05,taint_tabor,JEA_NSA,True,base,base,True,4123.06,False
2022-08-05,taint_tabor,USEC_MUN,True,base,base,True,3042.17,False
2022-08-05,tense,JEA_NSA,True,base,base,True,18357.9,True
2022-08-05,tense,USEC_MUN,True,base,base,True,16954.46,True
2022-08-12,zorba,JEA_NSA,True,base,base,True,9265.72,True
2022-08-12,zorba,USEC_MUN,True,base,base,True,7672.11,True
2022-08-12,taint_tabor,JEA_NSA,True,base,base,True,7076.71,True
2022-08-12,taint_tabor,USEC_MUN,True,base,base,True,6012.68,True
2022-08-12,tense,JEA_NSA,True,base,base,True,21537.83,True
2022-08-12,tense,USEC_MUN,True,base,base,True,20152.85,True
2022-08-19,zorba,JEA_NSA,True,base,base,True,7208.29,True
2022-08-19,zorba,USEC_MUN,True,base,base,True,5601.19,True
2022-08-19,taint_tabor,JEA_NSA,True,base,base,True,5049.12,True
2022-08-19,taint_tabor,USEC_MUN,True,base,base,True,3970.55,False
2022-08-19,tense,JEA_NSA,True,base,base,True,18992.04,True
2022-08-19,tense,USEC_MUN,True,base,base,True,17590.26,True
2022-08-26,zorba,JEA_NSA,True,base,base,True,5063.46,True
2022-08-26,zorba,USEC_MUN,True,base,base,True,3395.82,False
2022-08-26,taint_tabor,JEA_NSA,True,base,base,True,2869.02,False
2022-08-26,taint_tabor,USEC_MUN,True,base,base,True,1731.42,False
2022-08-26,tense,JEA_NSA,True,base,base,True,17470.86,True
2022-08-26,tense,USEC_MUN,True,base,base,True,16015.19,True
2022-09-02,zorba,JEA_NSA,True,base,base,True,331.57,False
2022-09-02,zorba,USEC_MUN,True,base,base,True,-1269.25,False
2022-09-02,taint_tabor,JEA_NSA,True,base,base,True,-1765.52,False
2022-09-02,taint_tabor,USEC_MUN,True,base,base,True,-2836.89,False
2022-09-02,tense,JEA_NSA,True,base,base,True,11769.86,True
2022-09-02,tense,USEC_MUN,True,base,base,True,10373.07,True
2022-09-09,zorba,JEA_NSA,False,base,base,True,-4810.89,False
2022-09-09,zorba,USEC_MUN,False,base,base,True,-6444.91,False
2022-09-09,taint_tabor,JEA_NSA,False,base,base,True,-6956.11,False
2022-09-09,taint_tabor,USEC_MUN,False,base,base,True,-8061.3,False
2022-09-09,tense,JEA_NSA,False,base,base,True,6431.7,True
2022-09-09,tense,USEC_MUN,False,base,base,True,5000.16,True
2022-09-16,zorba,JEA_NSA,False,base,base,True,-7875.26,False
2022-09-16,zorba,USEC_MUN,False,base,base,True,-9529.41,False
2022-09-16,taint_tabor,JEA_NSA,False,base,base,True,-10014.14,False
2022-09-16,taint_tabor,USEC_MUN,False,base,base,True,-11139.62,False
2022-09-16,tense,JEA_NSA,False,base,base,True,3261.53,False
2022-09-16,tense,USEC_MUN,False,base,base,True,1808.77,False
2022-09-23,zorba,JEA_NSA,False,base,base,True,-9151.14,False
2022-09-23,zorba,USEC_MUN,False,base,base,True,-10789.56,False
2022-09-23,taint_tabor,JEA_NSA,False,base,base,True,-11303.59,False
2022-09-23,taint_tabor,USEC_MUN,False,base,base,True,-12413.66,False
2022-09-23,tense,JEA_NSA,False,base,base,True,1602.14,False
2022-09-23,tense,USEC_MUN,False,base,base,True,161.43,False
2022-09-30,zorba,JEA_NSA,False,base,base,True,-9016.67,False
2022-09-30,zorba,USEC_MUN,False,base,base,True,-10594.18,False
2022-09-30,taint_tabor,JEA_NSA,False,base,base,True,-11186.36,False
2022-09-30,taint_tabor,USEC_MUN,False,base,base,True,-12232.23,False
2022-09-30,tense,JEA_NSA,False,base,base,True,1935.57,False
2022-09-30,tense,USEC_MUN,False,base,base,True,562.21,False
2022-10-07,zorba,JEA_NSA,False,base,base,True,-6431.06,False
2022-10-07,zorba,USEC_MUN,False,base,base,True,-8079.72,False
2022-10-07,taint_tabor,JEA_NSA,False,base,base,True,-8610.31,False
2022-10-07,taint_tabor,USEC_MUN,False,base,base,True,-9725.42,False
2022-10-07,tense,JEA_NSA,False,base,base,True,5573.04,True
2022-10-07,tense,USEC_MUN,False,base,base,True,4137.76,False
2022-10-14,zorba,JEA_NSA,False,base,base,True,-6095.41,False
2022-10-14,zorba,USEC_MUN,False,base,base,True,-7728.28,False
2022-10-14,taint_tabor,JEA_NSA,False,base,base,True,-8238.46,False
2022-10-14,taint_tabor,USEC_MUN,False,base,base,True,-9338.19,False
2022-10-14,tense,JEA_NSA,False,base,base,True,5711.25,True
2022-10-14,tense,USEC_MUN,False,base,base,True,4289.45,False
2022-10-21,zorba,JEA_NSA,False,base,base,True,-8971.66,False
2022-10-21,zorba,USEC_MUN,False,base,base,True,-10619.3,False
2022-10-21,taint_tabor,JEA_NSA,False,base,base,True,-11149.0,False
2022-10-21,taint_tabor,USEC_MUN,False,base,base,True,-12265.16,False
2022-10-21,tense,JEA_NSA,False,base,base,True,2090.24,False
2022-10-21,tense,USEC_MUN,False,base,base,True,648.31,False
2022-10-28,zorba,JEA_NSA,False,base,base,True,-8116.22,False
2022-10-28,zorba,USEC_MUN,False,base,base,True,-9774.58,False
2022-10-28,taint_tabor,JEA_NSA,False,base,base,True,-10292.71,False
2022-10-28,taint_tabor,USEC_MUN,False,base,base,True,-11418.99,False
2022-10-28,tense,JEA_NSA,False,base,base,True,3241.93,False
2022-10-28,tense,USEC_MUN,False,base,base,True,1792.47,False
2022-01-07,zorba,JEA_NSA,False,mix_lag1,grade_mix,True,20844.41,True
2022-01-07,zorba,USEC_MUN,False,mix_lag1,grade_mix,True,18956.44,True
2022-01-07,taint_tabor,JEA_NSA,False,mix_lag1,grade_mix,True,18502.87,True
2022-01-07,taint_tabor,USEC_MUN,False,mix_lag1,grade_mix,True,17131.43,True
2022-01-07,tense,JEA_NSA,False,mix_lag1,grade_mix,True,34500.91,True
2022-01-07,tense,USEC_MUN,False,mix_lag1,grade_mix,True,32809.08,True
2022-01-14,zorba,JEA_NSA,False,mix_lag1,grade_mix,True,26708.93,True
2022-01-14,zorba,USEC_MUN,False,mix_lag1,grade_mix,True,24849.54,True
2022-01-14,taint_tabor,JEA_NSA,False,mix_lag1,grade_mix,True,24370.82,True
2022-01-14,taint_tabor,USEC_MUN,False,mix_lag1,grade_mix,True,23028.28,True
2022-01-14,tense,JEA_NSA,False,mix_lag1,grade_mix,True,40615.96,True
2022-01-14,tense,USEC_MUN,False,mix_lag1,grade_mix,True,38954.72,True
2022-01-21,zorba,JEA_NSA,False,mix_lag1,grade_mix,True,31813.65,True
2022-01-21,zorba,USEC_MUN,False,mix_lag1,grade_mix,True,29953.42,True
2022-01-21,taint_tabor,JEA_NSA,False,mix_lag1,grade_mix,True,29488.73,True
2022-01-21,taint_tabor,USEC_MUN,False,mix_lag1,grade_mix,True,28146.22,True
2022-01-21,tense,JEA_NSA,False,mix_lag1,grade_mix,True,46245.74,True
2022-01-21,tense,USEC_MUN,False,mix_lag1,grade_mix,True,44587.85,True
2022-01-28,zorba,JEA_NSA,False,mix_lag1,grade_mix,True,34977.98,True
2022-01-28,zorba,USEC_MUN,False,mix_lag1,grade_mix,True,33122.36,True
2022-01-28,taint_tabor,JEA_NSA,False,mix_lag1,grade_mix,True,32642.37,True
2022-01-28,taint_tabor,USEC_MUN,False,mix_lag1,grade_mix,True,31305.19,True
2022-01-28,tense,JEA_NSA,False,mix_lag1,grade_mix,True,49690.89,True
2022-01-28,tense,USEC_MUN,False,mix_lag1,grade_mix,True,48040.04,True
2022-02-04,zorba,JEA_NSA,False,mix_lag1,grade_mix,True,36699.06,True
2022-02-04,zorba,USEC_MUN,False,mix_lag1,grade_mix,True,34962.5,True
2022-02-04,taint_tabor,JEA_NSA,False,mix_lag1,grade_mix,True,34388.22,True
2022-02-04,taint_tabor,USEC_MUN,False,mix_lag1,grade_mix,True,33173.08,True
2022-02-04,tense,JEA_NSA,False,mix_lag1,grade_mix,True,51248.79,True
2022-02-04,tense,USEC_MUN,False,mix_lag1,grade_mix,True,49720.87,True
2022-02-11,zorba,JEA_NSA,False,mix_lag1,grade_mix,True,40947.83,True
2022-02-11,zorba,USEC_MUN,False,mix_lag1,grade_mix,True,39196.48,True
2022-02-11,taint_tabor,JEA_NSA,False,mix_lag1,grade_mix,True,38572.47,True
2022-02-11,taint_tabor,USEC_MUN,False,mix_lag1,grade_mix,True,37343.88,True
2022-02-11,tense,JEA_NSA,False,mix_lag1,grade_mix,True,56170.26,True
2022-02-11,tense,USEC_MUN,False,mix_lag1,grade_mix,True,54633.86,True
2022-02-18,zorba,JEA_NSA,False,mix_lag1,grade_mix,True,45357.96,True
2022-02-18,zorba,USEC_MUN,False,mix_lag1,grade_mix,True,43611.08,True
2022-02-18,taint_tabor,JEA_NSA,False,mix_lag1,grade_mix,True,43027.71,True
2022-02-18,taint_tabor,USEC_MUN,False,mix_lag1,grade_mix,True,41803.99,True
2022-02-18,tense,JEA_NSA,False,mix_lag1,grade_mix,True,60985.92,True
2022-02-18,tense,USEC_MUN,False,mix_lag1,grade_mix,True,59457.02,True
2022-02-25,zorba,JEA_NSA,False,mix_lag1,grade_mix,True,46977.43,True
2022-02-25,zorba,USEC_MUN,False,mix_lag1,grade_mix,True,45218.79,True
2022-02-25,taint_tabor,JEA_NSA,False,mix_lag1,grade_mix,True,44591.56,True
2022-02-25,taint_tabor,USEC_MUN,False,mix_lag1,grade_mix,True,43356.94,True
2022-02-25,tense,JEA_NSA,False,mix_lag1,grade_mix,True,62956.8,True
2022-02-25,tense,USEC_MUN,False,mix_lag1,grade_mix,True,61419.65,True
2022-03-04,zorba,JEA_NSA,True,mix_lag1,grade_mix,True,58724.92,True
2022-03-04,zorba,USEC_MUN,True,mix_lag1,grade_mix,True,56783.37,True
2022-03-04,taint_tabor,JEA_NSA,True,mix_lag1,grade_mix,True,56110.99,True
2022-03-04,taint_tabor,USEC_MUN,True,mix_lag1,grade_mix,True,54696.45,True
2022-03-04,tense,JEA_NSA,True,mix_lag1,grade_mix,True,77587.63,True
2022-03-04,tense,USEC_MUN,True,mix_lag1,grade_mix,True,75890.39,True
2022-03-11,zorba,JEA_NSA,True,mix_lag1,grade_mix,True,48843.46,True
2022-03-11,zorba,USEC_MUN,True,mix_lag1,grade_mix,True,46975.6,True
2022-03-11,taint_tabor,JEA_NSA,True,mix_lag1,grade_mix,True,46195.23,True
2022-03-11,taint_tabor,USEC_MUN,True,mix_lag1,grade_mix,True,44851.47,True
2022-03-11,tense,JEA_NSA,True,mix_lag1,grade_mix,True,65798.28,True
2022-03-11,tense,USEC_MUN,True,mix_lag1,grade_mix,True,64159.26,True
2022-03-18,zorba,JEA_NSA,True,mix_lag1,grade_mix,True,45921.74,True
2022-03-18,zorba,USEC_MUN,True,mix_lag1,grade_mix,True,44074.52,True
2022-03-18,taint_tabor,JEA_NSA,True,mix_lag1,grade_mix,True,43335.75,True
2022-03-18,taint_tabor,USEC_MUN,True,mix_lag1,grade_mix,True,42011.65,True
2022-03-18,tense,JEA_NSA,True,mix_lag1,grade_mix,True,62312.85,True
2022-03-18,tense,USEC_MUN,True,mix_lag1,grade_mix,True,60689.28,True
2022-03-25,zorba,JEA_NSA,True,mix_lag1,grade_mix,True,46775.13,True
2022-03-25,zorba,USEC_MUN,True,mix_lag1,grade_mix,True,44851.2,True
2022-03-25,taint_tabor,JEA_NSA,True,mix_lag1,grade_mix,True,44135.13,True
2022-03-25,taint_tabor,USEC_MUN,True,mix_lag1,grade_mix,True,42735.98,True
2022-03-25,tense,JEA_NSA,True,mix_lag1,grade_mix,True,64210.14,True
2022-03-25,tense,USEC_MUN,True,mix_lag1,grade_mix,True,62519.02,True
2022-04-01,zorba,JEA_NSA,True,mix_lag1,grade_mix,True,41285.01,True
2022-04-01,zorba,USEC_MUN,True,mix_lag1,grade_mix,True,39463.1,True
2022-04-01,taint_tabor,JEA_NSA,True,mix_lag1,grade_mix,True,38685.58,True
2022-04-01,taint_tabor,USEC_MUN,True,mix_lag1,grade_mix,True,37391.47,True
2022-04-01,tense,JEA_NSA,True,mix_lag1,grade_mix,True,58199.44,True
2022-04-01,tense,USEC_MUN,True,mix_lag1,grade_mix,True,56611.98,True
2022-04-08,zorba,JEA_NSA,True,mix_lag1,grade_mix,True,35324.42,True
2022-04-08,zorba,USEC_MUN,True,mix_lag1,grade_mix,True,33489.34,True
2022-04-08,taint_tabor,JEA_NSA,True,mix_lag1,grade_mix,True,32719.94,True
2022-04-08,taint_tabor,USEC_MUN,True,mix_lag1,grade_mix,True,31411.76,True
2022-04-08,tense,JEA_NSA,True,mix_lag1,grade_mix,True,51751.42,True
2022-04-08,tense,USEC_MUN,True,mix_lag1,grade_mix,True,50146.65,True
2022-04-15,zorba,JEA_NSA,True,mix_lag1,grade_mix,True,29874.53,True
2022-04-15,zorba,USEC_MUN,True,mix_lag1,grade_mix,True,28051.0,True
2022-04-15,taint_tabor,JEA_NSA,True,mix_lag1,grade_mix,True,27321.09,True
2022-04-15,taint_tabor,USEC_MUN,True,mix_lag1,grade_mix,True,26023.28,True
2022-04-15,tense,JEA_NSA,True,mix_lag1,grade_mix,True,45537.3,True
2022-04-15,tense,USEC_MUN,True,mix_lag1,grade_mix,True,43937.09,True
2022-04-22,zorba,JEA_NSA,True,mix_lag1,grade_mix,True,22958.85,True
2022-04-22,zorba,USEC_MUN,True,mix_lag1,grade_mix,True,21053.79,True
2022-04-22,taint_tabor,JEA_NSA,True,mix_lag1,grade_mix,True,20424.32,True
2022-04-22,taint_tabor,USEC_MUN,True,mix_lag1,grade_mix,True,19045.3,True
2022-04-22,tense,JEA_NSA,True,mix_lag1,grade_mix,True,38704.27,True
2022-04-22,tense,USEC_MUN,True,mix_lag1,grade_mix,True,37024.29,True
2022-04-29,zorba,JEA_NSA,True,mix_lag1,grade_mix,True,14065.51,True
2022-04-29,zorba,USEC_MUN,True,mix_lag1,grade_mix,True,12165.87,True
2022-04-29,taint_tabor,JEA_NSA,True,mix_lag1,grade_mix,True,11643.86,True
2022-04-29,taint_tabor,USEC_MUN,True,mix_lag1,grade_mix,True,10268.47,True
2022-04-29,tense,JEA_NSA,True,mix_lag1,grade_mix,True,28735.29,True
2022-04-29,tense,USEC_MUN,True,mix_lag1,grade_mix,True,27050.43,True
2022-05-06,zorba,JEA_NSA,True,mix_lag1,grade_mix,True,4145.03,False
2022-05-06,zorba,USEC_MUN,True,mix_lag1,grade_mix,True,2321.59,False
2022-05-06,taint_tabor,JEA_NSA,True,mix_lag1,grade_mix,True,1726.77,False
2022-05-06,taint_tabor,USEC_MUN,True,mix_lag1,grade_mix,True,429.39,False
2022-05-06,tense,JEA_NSA,True,mix_lag1,grade_mix,True,17896.27,True
2022-05-06,tense,USEC_MUN,True,mix_lag1,grade_mix,True,16284.88,True
2022-05-13,zorba,JEA_NSA,True,mix_lag1,grade_mix,True,-2289.89,False
2022-05-13,zorba,USEC_MUN,True,mix_lag1,grade_mix,True,-4132.77,False
2022-05-13,taint_tabor,JEA_NSA,True,mix_lag1,grade_mix,True,-4647.04,False
2022-05-13,taint_tabor,USEC_MUN,True,mix_lag1,grade_mix,True,-5964.53,False
2022-05-13,tense,JEA_NSA,True,mix_lag1,grade_mix,True,10962.01,True
2022-05-13,tense,USEC_MUN,True,mix_lag1,grade_mix,True,9326.22,True
2022-05-20,zorba,JEA_NSA,True,mix_lag1,grade_mix,True,-2591.29,False
2022-05-20,zorba,USEC_MUN,True,mix_lag1,grade_mix,True,-4531.86,False
2022-05-20,taint_tabor,JEA_NSA,True,mix_lag1,grade_mix,True,-4973.67,False
2022-05-20,taint_tabor,USEC_MUN,True,mix_lag1,grade_mix,True,-6386.51,False
2022-05-20,tense,JEA_NSA,True,mix_lag1,grade_mix,True,11777.28,True
2022-05-20,tense,USEC_MUN,True,mix_lag1,grade_mix,True,10055.25,True
2022-05-27,zorba,JEA_NSA,True,mix_lag1,grade_mix,True,-6341.12,False
2022-05-27,zorba,USEC_MUN,True,mix_lag1,grade_mix,True,-8271.53,False
2022-05-27,taint_tabor,JEA_NSA,True,mix_lag1,grade_mix,True,-8745.83,False
2022-05-27,taint_tabor,USEC_MUN,True,mix_lag1,grade_mix,True,-10149.7,False
2022-05-27,tense,JEA_NSA,True,mix_lag1,grade_mix,True,7447.38,True
2022-05-27,tense,USEC_MUN,True,mix_lag1,grade_mix,True,5730.43,True
2022-06-03,zorba,JEA_NSA,True,mix_lag1,grade_mix,True,-7714.76,False
2022-06-03,zorba,USEC_MUN,True,mix_lag1,grade_mix,True,-9656.52,False
2022-06-03,taint_tabor,JEA_NSA,True,mix_lag1,grade_mix,True,-10059.31,False
2022-06-03,taint_tabor,USEC_MUN,True,mix_lag1,grade_mix,True,-11477.3,False
2022-06-03,tense,JEA_NSA,True,mix_lag1,grade_mix,True,5460.41,True
2022-06-03,tense,USEC_MUN,True,mix_lag1,grade_mix,True,3723.48,False
2022-06-10,zorba,JEA_NSA,True,mix_lag1,grade_mix,True,-8888.84,False
2022-06-10,zorba,USEC_MUN,True,mix_lag1,grade_mix,True,-10761.99,False
2022-06-10,taint_tabor,JEA_NSA,True,mix_lag1,grade_mix,True,-11200.18,False
2022-06-10,taint_tabor,USEC_MUN,True,mix_lag1,grade_mix,True,-12546.53,False
2022-06-10,tense,JEA_NSA,True,mix_lag1,grade_mix,True,4285.63,False
2022-06-10,tense,USEC_MUN,True,mix_lag1,grade_mix,True,2621.68,False
2022-06-17,zorba,JEA_NSA,True,mix_lag1,grade_mix,True,-12240.34,False
2022-06-17,zorba,USEC_MUN,True,mix_lag1,grade_mix,True,-14095.64,False
2022-06-17,taint_tabor,JEA_NSA,True,mix_lag1,grade_mix,True,-14511.3,False
2022-06-17,taint_tabor,USEC_MUN,True,mix_lag1,grade_mix,True,-15842.0,False
2022-06-17,tense,JEA_NSA,True,mix_lag1,grade_mix,True,-194.31,False
2022-06-17,tense,USEC_MUN,True,mix_lag1,grade_mix,True,-1849.38,False
2022-06-24,zorba,JEA_NSA,True,mix_lag1,grade_mix,True,-12652.81,False
2022-06-24,zorba,USEC_MUN,True,mix_lag1,grade_mix,True,-14497.82,False
2022-06-24,taint_tabor,JEA_NSA,True,mix_lag1,grade_mix,True,-14875.82,False
2022-06-24,taint_tabor,USEC_MUN,True,mix_lag1,grade_mix,True,-16196.47,False
2022-06-24,tense,JEA_NSA,True,mix_lag1,grade_mix,True,-797.68,False
2022-06-24,tense,USEC_MUN,True,mix_lag1,grade_mix,True,-2444.62,False
2022-07-01,zorba,JEA_NSA,True,mix_lag1,grade_mix,True,-13358.12,False
2022-07-01,zorba,USEC_MUN,True,mix_lag1,grade_mix,True,-15075.33,False
2022-07-01,taint_tabor,JEA_NSA,True,mix_lag1,grade_mix,True,-15553.2,False
2022-07-01,taint_tabor,USEC_MUN,True,mix_lag1,grade_mix,True,-16741.42,False
2022-07-01,tense,JEA_NSA,True,mix_lag1,grade_mix,True,-1628.22,False
2022-07-01,tense,USEC_MUN,True,mix_lag1,grade_mix,True,-3141.39,False
2022-07-08,zorba,JEA_NSA,True,mix_lag1,grade_mix,True,-14483.39,False
2022-07-08,zorba,USEC_MUN,True,mix_lag1,grade_mix,True,-16215.85,False
2022-07-08,taint_tabor,JEA_NSA,True,mix_lag1,grade_mix,True,-16691.35,False
2022-07-08,taint_tabor,USEC_MUN,True,mix_lag1,grade_mix,True,-17894.42,False
2022-07-08,tense,JEA_NSA,True,mix_lag1,grade_mix,True,-2645.09,False
2022-07-08,tense,USEC_MUN,True,mix_lag1,grade_mix,True,-4172.25,False
2022-07-15,zorba,JEA_NSA,True,mix_lag1,grade_mix,True,-15843.99,False
2022-07-15,zorba,USEC_MUN,True,mix_lag1,grade_mix,True,-17581.4,False
2022-07-15,taint_tabor,JEA_NSA,True,mix_lag1,grade_mix,True,-18035.18,False
2022-07-15,taint_tabor,USEC_MUN,True,mix_lag1,grade_mix,True,-19243.72,False
2022-07-15,tense,JEA_NSA,True,mix_lag1,grade_mix,True,-4350.03,False
2022-07-15,tense,USEC_MUN,True,mix_lag1,grade_mix,True,-5884.78,False
2022-07-22,zorba,JEA_NSA,True,mix_lag1,grade_mix,True,-11636.88,False
2022-07-22,zorba,USEC_MUN,True,mix_lag1,grade_mix,True,-13381.9,False
2022-07-22,taint_tabor,JEA_NSA,True,mix_lag1,grade_mix,True,-13837.17,False
2022-07-22,taint_tabor,USEC_MUN,True,mix_lag1,grade_mix,True,-15051.49,False
2022-07-22,tense,JEA_NSA,True,mix_lag1,grade_mix,True,592.77,False
2022-07-22,tense,USEC_MUN,True,mix_lag1,grade_mix,True,-942.06,False
2022-07-29,zorba,JEA_NSA,True,mix_lag1,grade_mix,True,-8349.78,False
2022-07-29,zorba,USEC_MUN,True,mix_lag1,grade_mix,True,-10055.9,False
2022-07-29,taint_tabor,JEA_NSA,True,mix_lag1,grade_mix,True,-10509.9,False
2022-07-29,taint_tabor,USEC_MUN,True,mix_lag1,grade_mix,True,-11685.89,False
2022-07-29,tense,JEA_NSA,True,mix_lag1,grade_mix,True,3723.96,False
2022-07-29,tense,USEC_MUN,True,mix_lag1,grade_mix,True,2226.14,False
2022-08-05,zorba,JEA_NSA,True,mix_lag1,grade_mix,True,-5385.28,False
2022-08-05,zorba,USEC_MUN,True,mix_lag1,grade_mix,True,-7099.12,False
2022-08-05,taint_tabor,JEA_NSA,True,mix_lag1,grade_mix,True,-7538.9,False
2022-08-05,taint_tabor,USEC_MUN,True,mix_lag1,grade_mix,True,-8723.86,False
2022-08-05,tense,JEA_NSA,True,mix_lag1,grade_mix,True,6695.94,True
2022-08-05,tense,USEC_MUN,True,mix_lag1,grade_mix,True,5188.44,True
2022-08-12,zorba,JEA_NSA,True,mix_lag1,grade_mix,True,-2775.84,False
2022-08-12,zorba,USEC_MUN,True,mix_lag1,grade_mix,True,-4476.91,False
2022-08-12,taint_tabor,JEA_NSA,True,mix_lag1,grade_mix,True,-4964.86,False
2022-08-12,taint_tabor,USEC_MUN,True,mix_lag1,grade_mix,True,-6136.34,False
2022-08-12,tense,JEA_NSA,True,mix_lag1,grade_mix,True,9496.27,True
2022-08-12,tense,USEC_MUN,True,mix_lag1,grade_mix,True,8003.83,True
2022-08-19,zorba,JEA_NSA,True,mix_lag1,grade_mix,True,-2615.59,False
2022-08-19,zorba,USEC_MUN,True,mix_lag1,grade_mix,True,-4312.09,False
2022-08-19,taint_tabor,JEA_NSA,True,mix_lag1,grade_mix,True,-4774.76,False
2022-08-19,taint_tabor,USEC_MUN,True,mix_lag1,grade_mix,True,-5942.72,False
2022-08-19,tense,JEA_NSA,True,mix_lag1,grade_mix,True,9168.16,True
2022-08-19,tense,USEC_MUN,True,mix_lag1,grade_mix,True,7676.99,True
2022-08-26,zorba,JEA_NSA,True,mix_lag1,grade_mix,True,-1801.17,False
2022-08-26,zorba,USEC_MUN,True,mix_lag1,grade_mix,True,-3531.26,False
2022-08-26,taint_tabor,JEA_NSA,True,mix_lag1,grade_mix,True,-3995.61,False
2022-08-26,taint_tabor,USEC_MUN,True,mix_lag1,grade_mix,True,-5195.67,False
2022-08-26,tense,JEA_NSA,True,mix_lag1,grade_mix,True,10606.23,True
2022-08-26,tense,USEC_MUN,True,mix_lag1,grade_mix,True,9088.1,True
2022-09-02,zorba,JEA_NSA,True,mix_lag1,grade_mix,True,-2858.98,False
2022-09-02,zorba,USEC_MUN,True,mix_lag1,grade_mix,True,-4488.84,False
2022-09-02,taint_tabor,JEA_NSA,True,mix_lag1,grade_mix,True,-4956.08,False
2022-09-02,taint_tabor,USEC_MUN,True,mix_lag1,grade_mix,True,-6056.47,False
2022-09-02,tense,JEA_NSA,True,mix_lag1,grade_mix,True,8579.31,True
2022-09-02,tense,USEC_MUN,True,mix_lag1,grade_mix,True,7153.49,True
2022-09-09,zorba,JEA_NSA,False,mix_lag1,grade_mix,True,-4835.46,False
2022-09-09,zorba,USEC_MUN,False,mix_lag1,grade_mix,True,-6469.7,False
2022-09-09,taint_tabor,JEA_NSA,False,mix_lag1,grade_mix,True,-6980.68,False
2022-09-09,taint_tabor,USEC_MUN,False,mix_lag1,grade_mix,True,-8086.1,False
2022-09-09,tense,JEA_NSA,False,mix_lag1,grade_mix,True,6407.12,True
2022-09-09,tense,USEC_MUN,False,mix_lag1,grade_mix,True,4975.36,False
2022-09-16,zorba,JEA_NSA,False,mix_lag1,grade_mix,True,-5231.29,False
2022-09-16,zorba,USEC_MUN,False,mix_lag1,grade_mix,True,-6861.39,False
2022-09-16,taint_tabor,JEA_NSA,False,mix_lag1,grade_mix,True,-7370.17,False
2022-09-16,taint_tabor,USEC_MUN,False,mix_lag1,grade_mix,True,-8471.6,False
2022-09-16,tense,JEA_NSA,False,mix_lag1,grade_mix,True,5905.49,True
2022-09-16,tense,USEC_MUN,False,mix_lag1,grade_mix,True,4476.79,False
2022-09-23,zorba,JEA_NSA,False,mix_lag1,grade_mix,True,-6576.76,False
2022-09-23,zorba,USEC_MUN,False,mix_lag1,grade_mix,True,-8191.75,False
2022-09-23,taint_tabor,JEA_NSA,False,mix_lag1,grade_mix,True,-8729.21,False
2022-09-23,taint_tabor,USEC_MUN,False,mix_lag1,grade_mix,True,-9815.86,False
2022-09-23,tense,JEA_NSA,False,mix_lag1,grade_mix,True,4176.52,False
2022-09-23,tense,USEC_MUN,False,mix_lag1,grade_mix,True,2759.23,False
2022-09-30,zorba,JEA_NSA,False,mix_lag1,grade_mix,True,-6398.92,False
2022-09-30,zorba,USEC_MUN,False,mix_lag1,grade_mix,True,-7952.61,False
2022-09-30,taint_tabor,JEA_NSA,False,mix_lag1,grade_mix,True,-8568.61,False
2022-09-30,taint_tabor,USEC_MUN,False,mix_lag1,grade_mix,True,-9590.66,False
2022-09-30,tense,JEA_NSA,False,mix_lag1,grade_mix,True,4553.32,False
2022-09-30,tense,USEC_MUN,False,mix_lag1,grade_mix,True,3203.78,False
2022-10-07,zorba,JEA_NSA,False,mix_lag1,grade_mix,True,-3609.12,False
2022-10-07,zorba,USEC_MUN,False,mix_lag1,grade_mix,True,-5232.1,False
2022-10-07,taint_tabor,JEA_NSA,False,mix_lag1,grade_mix,True,-5788.37,False
2022-10-07,taint_tabor,USEC_MUN,False,mix_lag1,grade_mix,True,-6877.8,False
2022-10-07,tense,JEA_NSA,False,mix_lag1,grade_mix,True,8394.98,True
2022-10-07,tense,USEC_MUN,False,mix_lag1,grade_mix,True,6985.37,True
2022-10-14,zorba,JEA_NSA,False,mix_lag1,grade_mix,True,-3322.59,False
2022-10-14,zorba,USEC_MUN,False,mix_lag1,grade_mix,True,-4930.23,False
2022-10-14,taint_tabor,JEA_NSA,False,mix_lag1,grade_mix,True,-5465.64,False
2022-10-14,taint_tabor,USEC_MUN,False,mix_lag1,grade_mix,True,-6540.13,False
2022-10-14,tense,JEA_NSA,False,mix_lag1,grade_mix,True,8484.07,True
2022-10-14,tense,USEC_MUN,False,mix_lag1,grade_mix,True,7087.5,True
2022-10-21,zorba,JEA_NSA,False,mix_lag1,grade_mix,True,-6330.38,False
2022-10-21,zorba,USEC_MUN,False,mix_lag1,grade_mix,True,-7953.41,False
2022-10-21,taint_tabor,JEA_NSA,False,mix_lag1,grade_mix,True,-8507.72,False
2022-10-21,taint_tabor,USEC_MUN,False,mix_lag1,grade_mix,True,-9599.26,False
2022-10-21,tense,JEA_NSA,False,mix_lag1,grade_mix,True,4731.52,False
2022-10-21,tense,USEC_MUN,False,mix_lag1,grade_mix,True,3314.2,False
2022-10-28,zorba,JEA_NSA,False,mix_lag1,grade_mix,True,-5418.67,False
2022-10-28,zorba,USEC_MUN,False,mix_lag1,grade_mix,True,-7051.89,False
2022-10-28,taint_tabor,JEA_NSA,False,mix_lag1,grade_mix,True,-7595.15,False
2022-10-28,taint_tabor,USEC_MUN,False,mix_lag1,grade_mix,True,-8696.29,False
2022-10-28,tense,JEA_NSA,False,mix_lag1,grade_mix,True,5939.49,True
2022-10-28,tense,USEC_MUN,False,mix_lag1,grade_mix,True,4515.17,False
2022-01-07,zorba,JEA_NSA,False,mix_lag3,grade_mix,True,6843.66,True
2022-01-07,zorba,USEC_MUN,False,mix_lag3,grade_mix,True,4836.92,False
2022-01-07,taint_tabor,JEA_NSA,False,mix_lag3,grade_mix,True,4502.12,False
2022-01-07,taint_tabor,USEC_MUN,False,mix_lag3,grade_mix,True,3011.91,False
2022-01-07,tense,JEA_NSA,False,mix_lag3,grade_mix,True,20500.16,True
2022-01-07,tense,USEC_MUN,False,mix_lag3,grade_mix,True,18689.56,True
2022-01-14,zorba,JEA_NSA,False,mix_lag3,grade_mix,True,9163.83,True
2022-01-14,zorba,USEC_MUN,False,mix_lag3,grade_mix,True,7155.6,True
2022-01-14,taint_tabor,JEA_NSA,False,mix_lag3,grade_mix,True,6825.72,True
2022-01-14,taint_tabor,USEC_MUN,False,mix_lag3,grade_mix,True,5334.35,True
2022-01-14,tense,JEA_NSA,False,mix_lag3,grade_mix,True,23070.86,True
2022-01-14,tense,USEC_MUN,False,mix_lag3,grade_mix,True,21260.79,True
2022-01-21,zorba,JEA_NSA,False,mix_lag3,grade_mix,True,14223.3,True
2022-01-21,zorba,USEC_MUN,False,mix_lag3,grade_mix,True,12213.86,True
2022-01-21,taint_tabor,JEA_NSA,False,mix_lag3,grade_mix,True,11898.38,True
2022-01-21,taint_tabor,USEC_MUN,False,mix_lag3,grade_mix,True,10406.65,True
2022-01-21,tense,JEA_NSA,False,mix_lag3,grade_mix,True,28655.39,True
2022-01-21,tense,USEC_MUN,False,mix_lag3,grade_mix,True,26848.29,True
2022-01-28,zorba,JEA_NSA,False,mix_lag3,grade_mix,True,18235.18,True
2022-01-28,zorba,USEC_MUN,False,mix_lag3,grade_mix,True,16237.53,True
2022-01-28,taint_tabor,JEA_NSA,False,mix_lag3,grade_mix,True,15899.56,True
2022-01-28,taint_tabor,USEC_MUN,False,mix_lag3,grade_mix,True,14420.36,True
2022-01-28,tense,JEA_NSA,False,mix_lag3,grade_mix,True,32948.08,True
2022-01-28,tense,USEC_MUN,False,mix_lag3,grade_mix,True,31155.21,True
2022-02-04,zorba,JEA_NSA,False,mix_lag3,grade_mix,True,21282.91,True
2022-02-04,zorba,USEC_MUN,False,mix_lag3,grade_mix,True,19415.57,True
2022-02-04,taint_tabor,JEA_NSA,False,mix_lag3,grade_mix,True,18972.07,True
2022-02-04,taint_tabor,USEC_MUN,False,mix_lag3,grade_mix,True,17626.15,True
2022-02-04,tense,JEA_NSA,False,mix_lag3,grade_mix,True,35832.64,True
2022-02-04,tense,USEC_MUN,False,mix_lag3,grade_mix,True,34173.94,True
2022-02-11,zorba,JEA_NSA,False,mix_lag3,grade_mix,True,26034.38,True
2022-02-11,zorba,USEC_MUN,False,mix_lag3,grade_mix,True,24156.53,True
2022-02-11,taint_tabor,JEA_NSA,False,mix_lag3,grade_mix,True,23659.02,True
2022-02-11,taint_tabor,USEC_MUN,False,mix_lag3,grade_mix,True,22303.92,True
2022-02-11,tense,JEA_NSA,False,mix_lag3,grade_mix,True,41256.82,True
2022-02-11,tense,USEC_MUN,False,mix_lag3,grade_mix,True,39593.91,True
2022-02-18,zorba,JEA_NSA,False,mix_lag3,grade_mix,True,32305.52,True
2022-02-18,zorba,USEC_MUN,False,mix_lag3,grade_mix,True,30447.92,True
2022-02-18,taint_tabor,JEA_NSA,False,mix_lag3,grade_mix,True,29975.27,True
2022-02-18,taint_tabor,USEC_MUN,False,mix_lag3,grade_mix,True,28640.84,True
2022-02-18,tense,JEA_NSA,False,mix_lag3,grade_mix,True,47933.48,True
2022-02-18,tense,USEC_MUN,False,mix_lag3,grade_mix,True,46293.86,True
2022-02-25,zorba,JEA_NSA,False,mix_lag3,grade_mix,True,37066.77,True
2022-02-25,zorba,USEC_MUN,False,mix_lag3,grade_mix,True,35224.05,True
2022-02-25,taint_tabor,JEA_NSA,False,mix_lag3,grade_mix,True,34680.89,True
2022-02-25,taint_tabor,USEC_MUN,False,mix_lag3,grade_mix,True,33362.21,True
2022-02-25,tense,JEA_NSA,False,mix_lag3,grade_mix,True,53046.13,True
2022-02-25,tense,USEC_MUN,False,mix_lag3,grade_mix,True,51424.91,True
2022-03-04,zorba,JEA_NSA,True,mix_lag3,grade_mix,True,51163.45,True
2022-03-04,zorba,USEC_MUN,True,mix_lag3,grade_mix,True,49157.75,True
2022-03-04,taint_tabor,JEA_NSA,True,mix_lag3,grade_mix,True,48549.52,True
2022-03-04,taint_tabor,USEC_MUN,True,mix_lag3,grade_mix,True,47070.83,True
2022-03-04,tense,JEA_NSA,True,mix_lag3,grade_mix,True,70026.16,True
2022-03-04,tense,USEC_MUN,True,mix_lag3,grade_mix,True,68264.78,True
2022-03-11,zorba,JEA_NSA,True,mix_lag3,grade_mix,True,45610.65,True
2022-03-11,zorba,USEC_MUN,True,mix_lag3,grade_mix,True,43715.37,True
2022-03-11,taint_tabor,JEA_NSA,True,mix_lag3,grade_mix,True,42962.42,True
2022-03-11,taint_tabor,USEC_MUN,True,mix_lag3,grade_mix,True,41591.23,True
2022-03-11,tense,JEA_NSA,True,mix_lag3,grade_mix,True,62565.47,True
2022-03-11,tense,USEC_MUN,True,mix_lag3,grade_mix,True,60899.03,True
2022-03-18,zorba,JEA_NSA,True,mix_lag3,grade_mix,True,46070.0,True
2022-03-18,zorba,USEC_MUN,True,mix_lag3,grade_mix,True,44224.03,True
2022-03-18,taint_tabor,JEA_NSA,True,mix_lag3,grade_mix,True,43484.0,True
2022-03-18,taint_tabor,USEC_MUN,True,mix_lag3,grade_mix,True,42161.16,True
2022-03-18,tense,JEA_NSA,True,mix_lag3,grade_mix,True,62461.1,True
2022-03-18,tense,USEC_MUN,True,mix_lag3,grade_mix,True,60838.79,True
2022-03-25,zorba,JEA_NSA,True,mix_lag3,grade_mix,True,49964.47,True
2022-03-25,zorba,USEC_MUN,True,mix_lag3,grade_mix,True,48067.6,True
2022-03-25,taint_tabor,JEA_NSA,True,mix_lag3,grade_mix,True,47324.47,True
2022-03-25,taint_tabor,USEC_MUN,True,mix_lag3,grade_mix,True,45952.37,True
2022-03-25,tense,JEA_NSA,True,mix_lag3,grade_mix,True,67399.48,True
2022-03-25,tense,USEC_MUN,True,mix_lag3,grade_mix,True,65735.42,True
2022-04-01,zorba,JEA_NSA,True,mix_lag3,grade_mix,True,47333.29,True
2022-04-01,zorba,USEC_MUN,True,mix_lag3,grade_mix,True,45562.69,True
2022-04-01,taint_tabor,JEA_NSA,True,mix_lag3,grade_mix,True,44733.86,True
2022-04-01,taint_tabor,USEC_MUN,True,mix_lag3,grade_mix,True,43491.06,True
2022-04-01,tense,JEA_NSA,True,mix_lag3,grade_mix,True,64247.73,True
2022-04-01,tense,USEC_MUN,True,mix_lag3,grade_mix,True,62711.57,True
2022-04-08,zorba,JEA_NSA,True,mix_lag3,grade_mix,True,44108.81,True
2022-04-08,zorba,USEC_MUN,True,mix_lag3,grade_mix,True,42348.24,True
2022-04-08,taint_tabor,JEA_NSA,True,mix_lag3,grade_mix,True,41504.33,True
2022-04-08,taint_tabor,USEC_MUN,True,mix_lag3,grade_mix,True,40270.67,True
2022-04-08,tense,JEA_NSA,True,mix_lag3,grade_mix,True,60535.81,True
2022-04-08,tense,USEC_MUN,True,mix_lag3,grade_mix,True,59005.56,True
2022-04-15,zorba,JEA_NSA,True,mix_lag3,grade_mix,True,40646.81,True
2022-04-15,zorba,USEC_MUN,True,mix_lag3,grade_mix,True,38914.66,True
2022-04-15,taint_tabor,JEA_NSA,True,mix_lag3,grade_mix,True,38093.37,True
2022-04-15,taint_tabor,USEC_MUN,True,mix_lag3,grade_mix,True,36886.94,True
2022-04-15,tense,JEA_NSA,True,mix_lag3,grade_mix,True,56309.58,True
2022-04-15,tense,USEC_MUN,True,mix_lag3,grade_mix,True,54800.75,True
2022-04-22,zorba,JEA_NSA,True,mix_lag3,grade_mix,True,37193.5,True
2022-04-22,zorba,USEC_MUN,True,mix_lag3,grade_mix,True,35410.44,True
2022-04-22,taint_tabor,JEA_NSA,True,mix_lag3,grade_mix,True,34658.96,True
2022-04-22,taint_tabor,USEC_MUN,True,mix_lag3,grade_mix,True,33401.95,True
2022-04-22,tense,JEA_NSA,True,mix_lag3,grade_mix,True,52938.92,True
2022-04-22,tense,USEC_MUN,True,mix_lag3,grade_mix,True,51380.94,True
2022-04-29,zorba,JEA_NSA,True,mix_lag3,grade_mix,True,30200.44,True
2022-04-29,zorba,USEC_MUN,True,mix_lag3,grade_mix,True,28439.09,True
2022-04-29,taint_tabor,JEA_NSA,True,mix_lag3,grade_mix,True,27778.79,True
2022-04-29,taint_tabor,USEC_MUN,True,mix_lag3,grade_mix,True,26541.69,True
2022-04-29,tense,JEA_NSA,True,mix_lag3,grade_mix,True,44870.22,True
2022-04-29,tense,USEC_MUN,True,mix_lag3,grade_mix,True,43323.65,True
2022-05-06,zorba,JEA_NSA,True,mix_lag3,grade_mix,True,22138.34,True
2022-05-06,zorba,USEC_MUN,True,mix_lag3,grade_mix,True,20469.12,True
2022-05-06,taint_tabor,JEA_NSA,True,mix_lag3,grade_mix,True,19720.07,True
2022-05-06,taint_tabor,USEC_MUN,True,mix_lag3,grade_mix,True,18576.91,True
2022-05-06,tense,JEA_NSA,True,mix_lag3,grade_mix,True,35889.57,True
2022-05-06,tense,USEC_MUN,True,mix_lag3,grade_mix,True,34432.41,True
2022-05-13,zorba,JEA_NSA,True,mix_lag3,grade_mix,True,17660.97,True
2022-05-13,zorba,USEC_MUN,True,mix_lag3,grade_mix,True,15989.09,True
2022-05-13,taint_tabor,JEA_NSA,True,mix_lag3,grade_mix,True,15303.83,True
2022-05-13,taint_tabor,USEC_MUN,True,mix_lag3,grade_mix,True,14157.33,True
2022-05-13,tense,JEA_NSA,True,mix_lag3,grade_mix,True,30912.87,True
2022-05-13,tense,USEC_MUN,True,mix_lag3,grade_mix,True,29448.08,True
2022-05-20,zorba,JEA_NSA,True,mix_lag3,grade_mix,True,19534.13,True
2022-05-20,zorba,USEC_MUN,True,mix_lag3,grade_mix,True,17785.14,True
2022-05-20,taint_tabor,JEA_NSA,True,mix_lag3,grade_mix,True,17151.75,True
2022-05-20,taint_tabor,USEC_MUN,True,mix_lag3,grade_mix,True,15930.49,True
2022-05-20,tense,JEA_NSA,True,mix_lag3,grade_mix,True,33902.71,True
2022-05-20,tense,USEC_MUN,True,mix_lag3,grade_mix,True,32372.26,True
2022-05-27,zorba,JEA_NSA,True,mix_lag3,grade_mix,True,15043.72,True
2022-05-27,zorba,USEC_MUN,True,mix_lag3,grade_mix,True,13298.48,True
2022-05-27,taint_tabor,JEA_NSA,True,mix_lag3,grade_mix,True,12639.01,True
2022-05-27,taint_tabor,USEC_MUN,True,mix_lag3,grade_mix,True,11420.31,True
2022-05-27,tense,JEA_NSA,True,mix_lag3,grade_mix,True,28832.22,True
2022-05-27,tense,USEC_MUN,True,mix_lag3,grade_mix,True,27300.44,True
2022-06-03,zorba,JEA_NSA,True,mix_lag3,grade_mix,True,12736.02,True
2022-06-03,zorba,USEC_MUN,True,mix_lag3,grade_mix,True,10971.35,True
2022-06-03,taint_tabor,JEA_NSA,True,mix_lag3,grade_mix,True,10391.48,True
2022-06-03,taint_tabor,USEC_MUN,True,mix_lag3,grade_mix,True,9150.58,True
2022-06-03,tense,JEA_NSA,True,mix_lag3,grade_mix,True,25911.19,True
2022-06-03,tense,USEC_MUN,True,mix_lag3,grade_mix,True,24351.35,True
2022-06-10,zorba,JEA_NSA,True,mix_lag3,grade_mix,True,11429.63,True
2022-06-10,zorba,USEC_MUN,True,mix_lag3,grade_mix,True,9732.41,True
2022-06-10,taint_tabor,JEA_NSA,True,mix_lag3,grade_mix,True,9118.29,True
2022-06-10,taint_tabor,USEC_MUN,True,mix_lag3,grade_mix,True,7947.87,True
2022-06-10,tense,JEA_NSA,True,mix_lag3,grade_mix,True,24604.09,True
2022-06-10,tense,USEC_MUN,True,mix_lag3,grade_mix,True,23116.09,True
2022-06-17,zorba,JEA_NSA,True,mix_lag3,grade_mix,True,6845.6,True
2022-06-17,zorba,USEC_MUN,True,mix_lag3,grade_mix,True,5158.93,True
2022-06-17,taint_tabor,JEA_NSA,True,mix_lag3,grade_mix,True,4574.64,False
2022-06-17,taint_tabor,USEC_MUN,True,mix_lag3,grade_mix,True,3412.57,False
2022-06-17,tense,JEA_NSA,True,mix_lag3,grade_mix,True,18891.63,True
2022-06-17,tense,USEC_MUN,True,mix_lag3,grade_mix,True,17405.19,True
2022-06-24,zorba,JEA_NSA,True,mix_lag3,grade_mix,True,7119.44,True
2022-06-24,zorba,USEC_MUN,True,mix_lag3,grade_mix,True,5449.13,True
2022-06-24,taint_tabor,JEA_NSA,True,mix_lag3,grade_mix,True,4896.44,False
2022-06-24,taint_tabor,USEC_MUN,True,mix_lag3,grade_mix,True,3750.48,False
2022-06-24,tense,JEA_NSA,True,mix_lag3,grade_mix,True,18974.57,True
2022-06-24,tense,USEC_MUN,True,mix_lag3,grade_mix,True,17502.33,True
2022-07-01,zorba,JEA_NSA,True,mix_lag3,grade_mix,True,7201.68,True
2022-07-01,zorba,USEC_MUN,True,mix_lag3,grade_mix,True,5666.12,True
2022-07-01,taint_tabor,JEA_NSA,True,mix_lag3,grade_mix,True,5006.6,True
2022-07-01,taint_tabor,USEC_MUN,True,mix_lag3,grade_mix,True,4000.04,False
2022-07-01,tense,JEA_NSA,True,mix_lag3,grade_mix,True,18931.58,True
2022-07-01,tense,USEC_MUN,True,mix_lag3,grade_mix,True,17600.06,True
2022-07-08,zorba,JEA_NSA,True,mix_lag3,grade_mix,True,7285.73,True
2022-07-08,zorba,USEC_MUN,True,mix_lag3,grade_mix,True,5745.61,True
2022-07-08,taint_tabor,JEA_NSA,True,mix_lag3,grade_mix,True,5077.78,True
2022-07-08,taint_tabor,USEC_MUN,True,mix_lag3,grade_mix,True,4067.04,False
2022-07-08,tense,JEA_NSA,True,mix_lag3,grade_mix,True,19124.03,True
2022-07-08,tense,USEC_MUN,True,mix_lag3,grade_mix,True,17789.21,True
2022-07-15,zorba,JEA_NSA,True,mix_lag3,grade_mix,True,6370.85,True
2022-07-15,zorba,USEC_MUN,True,mix_lag3,grade_mix,True,4831.68,False
2022-07-15,taint_tabor,JEA_NSA,True,mix_lag3,grade_mix,True,4179.66,False
2022-07-15,taint_tabor,USEC_MUN,True,mix_lag3,grade_mix,True,3169.36,False
2022-07-15,tense,JEA_NSA,True,mix_lag3,grade_mix,True,17864.81,True
2022-07-15,tense,USEC_MUN,True,mix_lag3,grade_mix,True,16528.3,True
2022-07-22,zorba,JEA_NSA,True,mix_lag3,grade_mix,True,8550.14,True
2022-07-22,zorba,USEC_MUN,True,mix_lag3,grade_mix,True,6985.24,True
2022-07-22,taint_tabor,JEA_NSA,True,mix_lag3,grade_mix,True,6349.85,True
2022-07-22,taint_tabor,USEC_MUN,True,mix_lag3,grade_mix,True,5315.66,True
2022-07-22,tense,JEA_NSA,True,mix_lag3,grade_mix,True,20779.78,True
2022-07-22,tense,USEC_MUN,True,mix_lag3,grade_mix,True,19425.09,True
2022-07-29,zorba,JEA_NSA,True,mix_lag3,grade_mix,True,8393.9,True
2022-07-29,zorba,USEC_MUN,True,mix_lag3,grade_mix,True,6837.19,True
2022-07-29,taint_tabor,JEA_NSA,True,mix_lag3,grade_mix,True,6233.78,True
2022-07-29,taint_tabor,USEC_MUN,True,mix_lag3,grade_mix,True,5207.2,True
2022-07-29,tense,JEA_NSA,True,mix_lag3,grade_mix,True,20467.64,True
2022-07-29,tense,USEC_MUN,True,mix_lag3,grade_mix,True,19119.23,True
2022-08-05,zorba,JEA_NSA,True,mix_lag3,grade_mix,True,8206.21,True
2022-08-05,zorba,USEC_MUN,True,mix_lag3,grade_mix,True,6613.65,True
2022-08-05,taint_tabor,JEA_NSA,True,mix_lag3,grade_mix,True,6052.6,True
2022-08-05,taint_tabor,USEC_MUN,True,mix_lag3,grade_mix,True,4988.92,False
2022-08-05,tense,JEA_NSA,True,mix_lag3,grade_mix,True,20287.44,True
2022-08-05,tense,USEC_MUN,True,mix_lag3,grade_mix,True,18901.22,True
2022-08-12,zorba,JEA_NSA,True,mix_lag3,grade_mix,True,7840.88,True
2022-08-12,zorba,USEC_MUN,True,mix_lag3,grade_mix,True,6234.55,True
2022-08-12,taint_tabor,JEA_NSA,True,mix_lag3,grade_mix,True,5651.87,True
2022-08-12,taint_tabor,USEC_MUN,True,mix_lag3,grade_mix,True,4575.12,False
2022-08-12,tense,JEA_NSA,True,mix_lag3,grade_mix,True,20112.99,True
2022-08-12,tense,USEC_MUN,True,mix_lag3,grade_mix,True,18715.29,True
2022-08-19,zorba,JEA_NSA,True,mix_lag3,grade_mix,True,7783.53,True
2022-08-19,zorba,USEC_MUN,True,mix_lag3,grade_mix,True,6181.66,True
2022-08-19,taint_tabor,JEA_NSA,True,mix_lag3,grade_mix,True,5624.36,True
2022-08-19,taint_tabor,USEC_MUN,True,mix_lag3,grade_mix,True,4551.03,False
2022-08-19,tense,JEA_NSA,True,mix_lag3,grade_mix,True,19567.28,True
2022-08-19,tense,USEC_MUN,True,mix_lag3,grade_mix,True,18170.74,True
2022-08-26,zorba,JEA_NSA,True,mix_lag3,grade_mix,True,11800.96,True
2022-08-26,zorba,USEC_MUN,True,mix_lag3,grade_mix,True,10194.63,True
2022-08-26,taint_tabor,JEA_NSA,True,mix_lag3,grade_mix,True,9606.52,True
2022-08-26,taint_tabor,USEC_MUN,True,mix_lag3,grade_mix,True,8530.22,True
2022-08-26,tense,JEA_NSA,True,mix_lag3,grade_mix,True,24208.36,True
2022-08-26,tense,USEC_MUN,True,mix_lag3,grade_mix,True,22814.0,True
2022-09-02,zorba,JEA_NSA,True,mix_lag3,grade_mix,True,12251.23,True
2022-09-02,zorba,USEC_MUN,True,mix_lag3,grade_mix,True,10758.87,True
2022-09-02,taint_tabor,JEA_NSA,True,mix_lag3,grade_mix,True,10154.13,True
2022-09-02,taint_tabor,USEC_MUN,True,mix_lag3,grade_mix,True,9191.23,True
2022-09-02,tense,JEA_NSA,True,mix_lag3,grade_mix,True,23689.52,True
2022-09-02,tense,USEC_MUN,True,mix_lag3,grade_mix,True,22401.19,True
2022-09-09,zorba,JEA_NSA,False,mix_lag3,grade_mix,True,12642.76,True
2022-09-09,zorba,USEC_MUN,False,mix_lag3,grade_mix,True,11167.57,True
2022-09-09,taint_tabor,JEA_NSA,False,mix_lag3,grade_mix,True,10497.54,True
2022-09-09,taint_tabor,USEC_MUN,False,mix_lag3,grade_mix,True,9551.17,True
2022-09-09,tense,JEA_NSA,False,mix_lag3,grade_mix,True,23885.35,True
2022-09-09,tense,USEC_MUN,False,mix_lag3,grade_mix,True,22612.63,True
2022-09-16,zorba,JEA_NSA,False,mix_lag3,grade_mix,True,14220.71,True
2022-09-16,zorba,USEC_MUN,False,mix_lag3,grade_mix,True,12767.61,True
2022-09-16,taint_tabor,JEA_NSA,False,mix_lag3,grade_mix,True,12081.83,True
2022-09-16,taint_tabor,USEC_MUN,False,mix_lag3,grade_mix,True,11157.4,True
2022-09-16,tense,JEA_NSA,False,mix_lag3,grade_mix,True,25357.49,True
2022-09-16,tense,USEC_MUN,False,mix_lag3,grade_mix,True,24105.8,True
2022-09-23,zorba,JEA_NSA,False,mix_lag3,grade_mix,True,12363.33,True
2022-09-23,zorba,USEC_MUN,False,mix_lag3,grade_mix,True,10920.69,True
2022-09-23,taint_tabor,JEA_NSA,False,mix_lag3,grade_mix,True,10210.88,True
2022-09-23,taint_tabor,USEC_MUN,False,mix_lag3,grade_mix,True,9296.59,True
2022-09-23,tense,JEA_NSA,False,mix_lag3,grade_mix,True,23116.61,True
2022-09-23,tense,USEC_MUN,False,mix_lag3,grade_mix,True,21871.68,True
2022-09-30,zorba,JEA_NSA,False,mix_lag3,grade_mix,True,12860.22,True
2022-09-30,zorba,USEC_MUN,False,mix_lag3,grade_mix,True,11481.79,True
2022-09-30,taint_tabor,JEA_NSA,False,mix_lag3,grade_mix,True,10690.53,True
2022-09-30,taint_tabor,USEC_MUN,False,mix_lag3,grade_mix,True,9843.73,True
2022-09-30,tense,JEA_NSA,False,mix_lag3,grade_mix,True,23812.45,True
2022-09-30,tense,USEC_MUN,False,mix_lag3,grade_mix,True,22638.17,True
2022-10-07,zorba,JEA_NSA,False,mix_lag3,grade_mix,True,17152.28,True
2022-10-07,zorba,USEC_MUN,False,mix_lag3,grade_mix,True,15718.21,True
2022-10-07,taint_tabor,JEA_NSA,False,mix_lag3,grade_mix,True,14973.03,True
2022-10-07,taint_tabor,USEC_MUN,False,mix_lag3,grade_mix,True,14072.51,True
2022-10-07,tense,JEA_NSA,False,mix_lag3,grade_mix,True,29156.38,True
2022-10-07,tense,USEC_MUN,False,mix_lag3,grade_mix,True,27935.69,True
2022-10-14,zorba,JEA_NSA,False,mix_lag3,grade_mix,True,17077.47,True
2022-10-14,zorba,USEC_MUN,False,mix_lag3,grade_mix,True,15655.45,True
2022-10-14,taint_tabor,JEA_NSA,False,mix_lag3,grade_mix,True,14934.41,True
2022-10-14,taint_tabor,USEC_MUN,False,mix_lag3,grade_mix,True,14045.55,True
2022-10-14,tense,JEA_NSA,False,mix_lag3,grade_mix,True,28884.12,True
2022-10-14,tense,USEC_MUN,False,mix_lag3,grade_mix,True,27673.18,True
2022-10-21,zorba,JEA_NSA,False,mix_lag3,grade_mix,True,13101.89,True
2022-10-21,zorba,USEC_MUN,False,mix_lag3,grade_mix,True,11659.96,True
2022-10-21,taint_tabor,JEA_NSA,False,mix_lag3,grade_mix,True,10924.55,True
2022-10-21,taint_tabor,USEC_MUN,False,mix_lag3,grade_mix,True,10014.1,True
2022-10-21,tense,JEA_NSA,False,mix_lag3,grade_mix,True,24163.78,True
2022-10-21,tense,USEC_MUN,False,mix_lag3,grade_mix,True,22927.57,True
2022-10-28,zorba,JEA_NSA,False,mix_lag3,grade_mix,True,14427.65,True
2022-10-28,zorba,USEC_MUN,False,mix_lag3,grade_mix,True,12979.38,True
2022-10-28,taint_tabor,JEA_NSA,False,mix_lag3,grade_mix,True,12251.16,True
2022-10-28,taint_tabor,USEC_MUN,False,mix_lag3,grade_mix,True,11334.97,True
2022-10-28,tense,JEA_NSA,False,mix_lag3,grade_mix,True,25785.8,True
2022-10-28,tense,USEC_MUN,False,mix_lag3,grade_mix,True,24546.43,True
2022-01-07,zorba,JEA_NSA,False,mix_pit,grade_mix,True,22548.6,True
2022-01-07,zorba,USEC_MUN,False,mix_pit,grade_mix,True,20675.08,True
2022-01-07,taint_tabor,JEA_NSA,False,mix_pit,grade_mix,True,20207.05,True
2022-01-07,taint_tabor,USEC_MUN,False,mix_pit,grade_mix,True,18850.07,True
2022-01-07,tense,JEA_NSA,False,mix_pit,grade_mix,True,36205.1,True
2022-01-07,tense,USEC_MUN,False,mix_pit,grade_mix,True,34527.72,True
2022-01-14,zorba,JEA_NSA,False,mix_pit,grade_mix,True,25307.71,True
2022-01-14,zorba,USEC_MUN,False,mix_pit,grade_mix,True,23436.43,True
2022-01-14,taint_tabor,JEA_NSA,False,mix_pit,grade_mix,True,22969.6,True
2022-01-14,taint_tabor,USEC_MUN,False,mix_pit,grade_mix,True,21615.17,True
2022-01-14,tense,JEA_NSA,False,mix_pit,grade_mix,True,39214.74,True
2022-01-14,tense,USEC_MUN,False,mix_pit,grade_mix,True,37541.61,True
2022-01-21,zorba,JEA_NSA,False,mix_pit,grade_mix,True,23739.9,True
2022-01-21,zorba,USEC_MUN,False,mix_pit,grade_mix,True,21811.18,True
2022-01-21,taint_tabor,JEA_NSA,False,mix_pit,grade_mix,True,21414.97,True
2022-01-21,taint_tabor,USEC_MUN,False,mix_pit,grade_mix,True,20003.97,True
2022-01-21,tense,JEA_NSA,False,mix_pit,grade_mix,True,38171.99,True
2022-01-21,tense,USEC_MUN,False,mix_pit,grade_mix,True,36445.61,True
2022-01-28,zorba,JEA_NSA,False,mix_pit,grade_mix,True,19445.03,True
2022-01-28,zorba,USEC_MUN,False,mix_pit,grade_mix,True,17457.65,True
2022-01-28,taint_tabor,JEA_NSA,False,mix_pit,grade_mix,True,17109.41,True
2022-01-28,taint_tabor,USEC_MUN,False,mix_pit,grade_mix,True,15640.48,True
2022-01-28,tense,JEA_NSA,False,mix_pit,grade_mix,True,34157.94,True
2022-01-28,tense,USEC_MUN,False,mix_pit,grade_mix,True,32375.33,True
2022-02-04,zorba,JEA_NSA,False,mix_pit,grade_mix,True,14107.22,True
2022-02-04,zorba,USEC_MUN,False,mix_pit,grade_mix,True,12179.02,True
2022-02-04,taint_tabor,JEA_NSA,False,mix_pit,grade_mix,True,11796.38,True
2022-02-04,taint_tabor,USEC_MUN,False,mix_pit,grade_mix,True,10389.59,True
2022-02-04,tense,JEA_NSA,False,mix_pit,grade_mix,True,28656.95,True
2022-02-04,tense,USEC_MUN,False,mix_pit,grade_mix,True,26937.38,True
2022-02-11,zorba,JEA_NSA,False,mix_pit,grade_mix,True,9799.59,True
2022-02-11,zorba,USEC_MUN,False,mix_pit,grade_mix,True,7784.02,True
2022-02-11,taint_tabor,JEA_NSA,False,mix_pit,grade_mix,True,7424.23,True
2022-02-11,taint_tabor,USEC_MUN,False,mix_pit,grade_mix,True,5931.42,True
2022-02-11,tense,JEA_NSA,False,mix_pit,grade_mix,True,25022.02,True
2022-02-11,tense,USEC_MUN,False,mix_pit,grade_mix,True,23221.4,True
2022-02-18,zorba,JEA_NSA,False,mix_pit,grade_mix,True,9461.48,True
2022-02-18,zorba,USEC_MUN,False,mix_pit,grade_mix,True,7410.11,True
2022-02-18,taint_tabor,JEA_NSA,False,mix_pit,grade_mix,True,7131.23,True
2022-02-18,taint_tabor,USEC_MUN,False,mix_pit,grade_mix,True,5603.02,True
2022-02-18,tense,JEA_NSA,False,mix_pit,grade_mix,True,25089.44,True
2022-02-18,tense,USEC_MUN,False,mix_pit,grade_mix,True,23256.05,True
2022-02-25,zorba,JEA_NSA,False,mix_pit,grade_mix,True,10756.09,True
2022-02-25,zorba,USEC_MUN,False,mix_pit,grade_mix,True,8690.18,True
2022-02-25,taint_tabor,JEA_NSA,False,mix_pit,grade_mix,True,8370.21,True
2022-02-25,taint_tabor,USEC_MUN,False,mix_pit,grade_mix,True,6828.34,True
2022-02-25,tense,JEA_NSA,False,mix_pit,grade_mix,True,26735.45,True
2022-02-25,tense,USEC_MUN,False,mix_pit,grade_mix,True,24891.04,True
2022-03-04,zorba,JEA_NSA,True,mix_pit,grade_mix,True,16946.44,True
2022-03-04,zorba,USEC_MUN,True,mix_pit,grade_mix,True,14650.49,True
2022-03-04,taint_tabor,JEA_NSA,True,mix_pit,grade_mix,True,14332.51,True
2022-03-04,taint_tabor,USEC_MUN,True,mix_pit,grade_mix,True,12563.57,True
2022-03-04,tense,JEA_NSA,True,mix_pit,grade_mix,True,35809.15,True
2022-03-04,tense,USEC_MUN,True,mix_pit,grade_mix,True,33757.51,True
2022-03-11,zorba,JEA_NSA,True,mix_pit,grade_mix,True,11087.43,True
2022-03-11,zorba,USEC_MUN,True,mix_pit,grade_mix,True,8899.3,True
2022-03-11,taint_tabor,JEA_NSA,True,mix_pit,grade_mix,True,8439.2,True
2022-03-11,taint_tabor,USEC_MUN,True,mix_pit,grade_mix,True,6775.16,True
2022-03-11,tense,JEA_NSA,True,mix_pit,grade_mix,True,28042.25,True
2022-03-11,tense,USEC_MUN,True,mix_pit,grade_mix,True,26082.96,True
2022-03-18,zorba,JEA_NSA,True,mix_pit,grade_mix,True,12992.05,True
2022-03-18,zorba,USEC_MUN,True,mix_pit,grade_mix,True,10865.49,True
2022-03-18,taint_tabor,JEA_NSA,True,mix_pit,grade_mix,True,10406.05,True
2022-03-18,taint_tabor,USEC_MUN,True,mix_pit,grade_mix,True,8802.62,True
2022-03-18,tense,JEA_NSA,True,mix_pit,grade_mix,True,29383.16,True
2022-03-18,tense,USEC_MUN,True,mix_pit,grade_mix,True,27480.25,True
2022-03-25,zorba,JEA_NSA,True,mix_pit,grade_mix,True,20098.96,True
2022-03-25,zorba,USEC_MUN,True,mix_pit,grade_mix,True,17948.75,True
2022-03-25,taint_tabor,JEA_NSA,True,mix_pit,grade_mix,True,17458.96,True
2022-03-25,taint_tabor,USEC_MUN,True,mix_pit,grade_mix,True,15833.52,True
2022-03-25,tense,JEA_NSA,True,mix_pit,grade_mix,True,37533.97,True
2022-03-25,tense,USEC_MUN,True,mix_pit,grade_mix,True,35616.57,True
2022-04-01,zorba,JEA_NSA,True,mix_pit,grade_mix,True,23256.64,True
2022-04-01,zorba,USEC_MUN,True,mix_pit,grade_mix,True,21281.8,True
2022-04-01,taint_tabor,JEA_NSA,True,mix_pit,grade_mix,True,20657.21,True
2022-04-01,taint_tabor,USEC_MUN,True,mix_pit,grade_mix,True,19210.17,True
2022-04-01,tense,JEA_NSA,True,mix_pit,grade_mix,True,40171.08,True
2022-04-01,tense,USEC_MUN,True,mix_pit,grade_mix,True,38430.68,True
2022-04-08,zorba,JEA_NSA,True,mix_pit,grade_mix,True,25437.6,True
2022-04-08,zorba,USEC_MUN,True,mix_pit,grade_mix,True,23518.66,True
2022-04-08,taint_tabor,JEA_NSA,True,mix_pit,grade_mix,True,22833.13,True
2022-04-08,taint_tabor,USEC_MUN,True,mix_pit,grade_mix,True,21441.08,True
2022-04-08,tense,JEA_NSA,True,mix_pit,grade_mix,True,41864.61,True
2022-04-08,tense,USEC_MUN,True,mix_pit,grade_mix,True,40175.97,True
2022-04-15,zorba,JEA_NSA,True,mix_pit,grade_mix,True,26741.69,True
2022-04-15,zorba,USEC_MUN,True,mix_pit,grade_mix,True,24891.59,True
2022-04-15,taint_tabor,JEA_NSA,True,mix_pit,grade_mix,True,24188.25,True
2022-04-15,taint_tabor,USEC_MUN,True,mix_pit,grade_mix,True,22863.87,True
2022-04-15,tense,JEA_NSA,True,mix_pit,grade_mix,True,42404.46,True
2022-04-15,tense,USEC_MUN,True,mix_pit,grade_mix,True,40777.67,True
2022-04-22,zorba,JEA_NSA,True,mix_pit,grade_mix,True,27802.1,True
2022-04-22,zorba,USEC_MUN,True,mix_pit,grade_mix,True,25938.56,True
2022-04-22,taint_tabor,JEA_NSA,True,mix_pit,grade_mix,True,25267.57,True
2022-04-22,taint_tabor,USEC_MUN,True,mix_pit,grade_mix,True,23930.07,True
2022-04-22,tense,JEA_NSA,True,mix_pit,grade_mix,True,43547.52,True
2022-04-22,tense,USEC_MUN,True,mix_pit,grade_mix,True,41909.05,True
2022-04-29,zorba,JEA_NSA,True,mix_pit,grade_mix,True,25059.96,True
2022-04-29,zorba,USEC_MUN,True,mix_pit,grade_mix,True,23254.55,True
2022-04-29,taint_tabor,JEA_NSA,True,mix_pit,grade_mix,True,22638.31,True
2022-04-29,taint_tabor,USEC_MUN,True,mix_pit,grade_mix,True,21357.16,True
2022-04-29,tense,JEA_NSA,True,mix_pit,grade_mix,True,39729.75,True
2022-04-29,tense,USEC_MUN,True,mix_pit,grade_mix,True,38139.12,True
2022-05-06,zorba,JEA_NSA,True,mix_pit,grade_mix,True,20708.1,True
2022-05-06,zorba,USEC_MUN,True,mix_pit,grade_mix,True,19026.62,True
2022-05-06,taint_tabor,JEA_NSA,True,mix_pit,grade_mix,True,18289.83,True
2022-05-06,taint_tabor,USEC_MUN,True,mix_pit,grade_mix,True,17134.42,True
2022-05-06,tense,JEA_NSA,True,mix_pit,grade_mix,True,34459.34,True
2022-05-06,tense,USEC_MUN,True,mix_pit,grade_mix,True,32989.91,True
2022-05-13,zorba,JEA_NSA,True,mix_pit,grade_mix,True,19604.14,True
2022-05-13,zorba,USEC_MUN,True,mix_pit,grade_mix,True,17948.91,True
2022-05-13,taint_tabor,JEA_NSA,True,mix_pit,grade_mix,True,17247.0,True
2022-05-13,taint_tabor,USEC_MUN,True,mix_pit,grade_mix,True,16117.16,True
2022-05-13,tense,JEA_NSA,True,mix_pit,grade_mix,True,32856.04,True
2022-05-13,tense,USEC_MUN,True,mix_pit,grade_mix,True,31407.9,True
2022-05-20,zorba,JEA_NSA,True,mix_pit,grade_mix,True,26476.19,True
2022-05-20,zorba,USEC_MUN,True,mix_pit,grade_mix,True,24787.32,True
2022-05-20,taint_tabor,JEA_NSA,True,mix_pit,grade_mix,True,24093.82,True
2022-05-20,taint_tabor,USEC_MUN,True,mix_pit,grade_mix,True,22932.67,True
2022-05-20,tense,JEA_NSA,True,mix_pit,grade_mix,True,40844.77,True
2022-05-20,tense,USEC_MUN,True,mix_pit,grade_mix,True,39374.43,True
2022-05-27,zorba,JEA_NSA,True,mix_pit,grade_mix,True,26983.78,True
2022-05-27,zorba,USEC_MUN,True,mix_pit,grade_mix,True,25341.92,True
2022-05-27,taint_tabor,JEA_NSA,True,mix_pit,grade_mix,True,24579.07,True
2022-05-27,taint_tabor,USEC_MUN,True,mix_pit,grade_mix,True,23463.75,True
2022-05-27,tense,JEA_NSA,True,mix_pit,grade_mix,True,40772.27,True
2022-05-27,tense,USEC_MUN,True,mix_pit,grade_mix,True,39343.88,True
2022-06-03,zorba,JEA_NSA,True,mix_pit,grade_mix,True,27742.31,True
2022-06-03,zorba,USEC_MUN,True,mix_pit,grade_mix,True,26107.57,True
2022-06-03,taint_tabor,JEA_NSA,True,mix_pit,grade_mix,True,25397.77,True
2022-06-03,taint_tabor,USEC_MUN,True,mix_pit,grade_mix,True,24286.8,True
2022-06-03,tense,JEA_NSA,True,mix_pit,grade_mix,True,40917.48,True
2022-06-03,tense,USEC_MUN,True,mix_pit,grade_mix,True,39487.57,True
2022-06-10,zorba,JEA_NSA,True,mix_pit,grade_mix,True,32786.42,True
2022-06-10,zorba,USEC_MUN,True,mix_pit,grade_mix,True,31274.13,True
2022-06-10,taint_tabor,JEA_NSA,True,mix_pit,grade_mix,True,30475.07,True
2022-06-10,taint_tabor,USEC_MUN,True,mix_pit,grade_mix,True,29489.59,True
2022-06-10,tense,JEA_NSA,True,mix_pit,grade_mix,True,45960.88,True
2022-06-10,tense,USEC_MUN,True,mix_pit,grade_mix,True,44657.8,True
2022-06-17,zorba,JEA_NSA,True,mix_pit,grade_mix,True,29089.84,True
2022-06-17,zorba,USEC_MUN,True,mix_pit,grade_mix,True,27599.71,True
2022-06-17,taint_tabor,JEA_NSA,True,mix_pit,grade_mix,True,26818.88,True
2022-06-17,taint_tabor,USEC_MUN,True,mix_pit,grade_mix,True,25853.34,True
2022-06-17,tense,JEA_NSA,True,mix_pit,grade_mix,True,41135.87,True
2022-06-17,tense,USEC_MUN,True,mix_pit,grade_mix,True,39845.97,True
2022-06-24,zorba,JEA_NSA,True,mix_pit,grade_mix,True,26109.64,True
2022-06-24,zorba,USEC_MUN,True,mix_pit,grade_mix,True,24607.11,True
2022-06-24,taint_tabor,JEA_NSA,True,mix_pit,grade_mix,True,23886.63,True
2022-06-24,taint_tabor,USEC_MUN,True,mix_pit,grade_mix,True,22908.46,True
2022-06-24,tense,JEA_NSA,True,mix_pit,grade_mix,True,37964.77,True
2022-06-24,tense,USEC_MUN,True,mix_pit,grade_mix,True,36660.31,True
2022-07-01,zorba,JEA_NSA,True,mix_pit,grade_mix,True,23150.06,True
2022-07-01,zorba,USEC_MUN,True,mix_pit,grade_mix,True,21755.42,True
2022-07-01,taint_tabor,JEA_NSA,True,mix_pit,grade_mix,True,20954.99,True
2022-07-01,taint_tabor,USEC_MUN,True,mix_pit,grade_mix,True,20089.33,True
2022-07-01,tense,JEA_NSA,True,mix_pit,grade_mix,True,34879.96,True
2022-07-01,tense,USEC_MUN,True,mix_pit,grade_mix,True,33689.36,True
2022-07-08,zorba,JEA_NSA,True,mix_pit,grade_mix,True,20529.83,True
2022-07-08,zorba,USEC_MUN,True,mix_pit,grade_mix,True,19106.74,True
2022-07-08,taint_tabor,JEA_NSA,True,mix_pit,grade_mix,True,18321.88,True
2022-07-08,taint_tabor,USEC_MUN,True,mix_pit,grade_mix,True,17428.16,True
2022-07-08,tense,JEA_NSA,True,mix_pit,grade_mix,True,32368.14,True
2022-07-08,tense,USEC_MUN,True,mix_pit,grade_mix,True,31150.33,True
2022-07-15,zorba,JEA_NSA,True,mix_pit,grade_mix,True,16503.93,True
2022-07-15,zorba,USEC_MUN,True,mix_pit,grade_mix,True,15055.19,True
2022-07-15,taint_tabor,JEA_NSA,True,mix_pit,grade_mix,True,14312.75,True
2022-07-15,taint_tabor,USEC_MUN,True,mix_pit,grade_mix,True,13392.86,True
2022-07-15,tense,JEA_NSA,True,mix_pit,grade_mix,True,27997.9,True
2022-07-15,tense,USEC_MUN,True,mix_pit,grade_mix,True,26751.81,True
2022-07-22,zorba,JEA_NSA,True,mix_pit,grade_mix,True,16946.51,True
2022-07-22,zorba,USEC_MUN,True,mix_pit,grade_mix,True,15456.54,True
2022-07-22,taint_tabor,JEA_NSA,True,mix_pit,grade_mix,True,14746.21,True
2022-07-22,taint_tabor,USEC_MUN,True,mix_pit,grade_mix,True,13786.95,True
2022-07-22,tense,JEA_NSA,True,mix_pit,grade_mix,True,29176.15,True
2022-07-22,tense,USEC_MUN,True,mix_pit,grade_mix,True,27896.38,True
2022-07-29,zorba,JEA_NSA,True,mix_pit,grade_mix,True,14431.54,True
2022-07-29,zorba,USEC_MUN,True,mix_pit,grade_mix,True,12928.7,True
2022-07-29,taint_tabor,JEA_NSA,True,mix_pit,grade_mix,True,12271.42,True
2022-07-29,taint_tabor,USEC_MUN,True,mix_pit,grade_mix,True,11298.71,True
2022-07-29,tense,JEA_NSA,True,mix_pit,grade_mix,True,26505.28,True
2022-07-29,tense,USEC_MUN,True,mix_pit,grade_mix,True,25210.74,True
2022-08-05,zorba,JEA_NSA,True,mix_pit,grade_mix,True,12006.62,True
2022-08-05,zorba,USEC_MUN,True,mix_pit,grade_mix,True,10447.97,True
2022-08-05,taint_tabor,JEA_NSA,True,mix_pit,grade_mix,True,9853.0,True
2022-08-05,taint_tabor,USEC_MUN,True,mix_pit,grade_mix,True,8823.24,True
2022-08-05,tense,JEA_NSA,True,mix_pit,grade_mix,True,24087.84,True
2022-08-05,tense,USEC_MUN,True,mix_pit,grade_mix,True,22735.53,True
2022-08-12,zorba,JEA_NSA,True,mix_pit,grade_mix,True,9431.4,True
2022-08-12,zorba,USEC_MUN,True,mix_pit,grade_mix,True,7839.27,True
2022-08-12,taint_tabor,JEA_NSA,True,mix_pit,grade_mix,True,7242.39,True
2022-08-12,taint_tabor,USEC_MUN,True,mix_pit,grade_mix,True,6179.84,True
2022-08-12,tense,JEA_NSA,True,mix_pit,grade_mix,True,21703.51,True
2022-08-12,tense,USEC_MUN,True,mix_pit,grade_mix,True,20320.01,True
2022-08-19,zorba,JEA_NSA,True,mix_pit,grade_mix,True,5923.58,True
2022-08-19,zorba,USEC_MUN,True,mix_pit,grade_mix,True,4304.79,False
2022-08-19,taint_tabor,JEA_NSA,True,mix_pit,grade_mix,True,3764.41,False
2022-08-19,taint_tabor,USEC_MUN,True,mix_pit,grade_mix,True,2674.15,False
2022-08-19,tense,JEA_NSA,True,mix_pit,grade_mix,True,17707.33,True
2022-08-19,tense,USEC_MUN,True,mix_pit,grade_mix,True,16293.86,True
2022-08-26,zorba,JEA_NSA,True,mix_pit,grade_mix,True,5357.85,True
2022-08-26,zorba,USEC_MUN,True,mix_pit,grade_mix,True,3692.89,False
2022-08-26,taint_tabor,JEA_NSA,True,mix_pit,grade_mix,True,3163.41,False
2022-08-26,taint_tabor,USEC_MUN,True,mix_pit,grade_mix,True,2028.48,False
2022-08-26,tense,JEA_NSA,True,mix_pit,grade_mix,True,17765.25,True
2022-08-26,tense,USEC_MUN,True,mix_pit,grade_mix,True,16312.26,True
2022-09-02,zorba,JEA_NSA,True,mix_pit,grade_mix,True,2122.0,False
2022-09-02,zorba,USEC_MUN,True,mix_pit,grade_mix,True,537.47,False
2022-09-02,taint_tabor,JEA_NSA,True,mix_pit,grade_mix,True,24.9,False
2022-09-02,taint_tabor,USEC_MUN,True,mix_pit,grade_mix,True,-1030.17,False
2022-09-02,tense,JEA_NSA,True,mix_pit,grade_mix,True,13560.29,True
2022-09-02,tense,USEC_MUN,True,mix_pit,grade_mix,True,12179.79,True
2022-09-09,zorba,JEA_NSA,False,mix_pit,grade_mix,True,-1530.27,False
2022-09-09,zorba,USEC_MUN,False,mix_pit,grade_mix,True,-3134.43,False
2022-09-09,taint_tabor,JEA_NSA,False,mix_pit,grade_mix,True,-3675.48,False
2022-09-09,taint_tabor,USEC_MUN,False,mix_pit,grade_mix,True,-4750.83,False
2022-09-09,tense,JEA_NSA,False,mix_pit,grade_mix,True,9712.32,True
2022-09-09,tense,USEC_MUN,False,mix_pit,grade_mix,True,8310.64,True
2022-09-16,zorba,JEA_NSA,False,mix_pit,grade_mix,True,-3342.75,False
2022-09-16,zorba,USEC_MUN,False,mix_pit,grade_mix,True,-4955.66,False
2022-09-16,taint_tabor,JEA_NSA,False,mix_pit,grade_mix,True,-5481.63,False
2022-09-16,taint_tabor,USEC_MUN,False,mix_pit,grade_mix,True,-6565.88,False
2022-09-16,tense,JEA_NSA,False,mix_pit,grade_mix,True,7794.04,True
2022-09-16,tense,USEC_MUN,False,mix_pit,grade_mix,True,6382.52,True
2022-09-23,zorba,JEA_NSA,False,mix_pit,grade_mix,True,-4737.91,False
2022-09-23,zorba,USEC_MUN,False,mix_pit,grade_mix,True,-6336.17,False
2022-09-23,taint_tabor,JEA_NSA,False,mix_pit,grade_mix,True,-6890.36,False
2022-09-23,taint_tabor,USEC_MUN,False,mix_pit,grade_mix,True,-7960.28,False
2022-09-23,tense,JEA_NSA,False,mix_pit,grade_mix,True,6015.37,True
2022-09-23,tense,USEC_MUN,False,mix_pit,grade_mix,True,4614.81,False
2022-09-30,zorba,JEA_NSA,False,mix_pit,grade_mix,True,-4529.1,False
2022-09-30,zorba,USEC_MUN,False,mix_pit,grade_mix,True,-6065.77,False
2022-09-30,taint_tabor,JEA_NSA,False,mix_pit,grade_mix,True,-6698.79,False
2022-09-30,taint_tabor,USEC_MUN,False,mix_pit,grade_mix,True,-7703.82,False
2022-09-30,tense,JEA_NSA,False,mix_pit,grade_mix,True,6423.13,True
2022-09-30,tense,USEC_MUN,False,mix_pit,grade_mix,True,5090.62,True
2022-10-07,zorba,JEA_NSA,False,mix_pit,grade_mix,True,-1593.45,False
2022-10-07,zorba,USEC_MUN,False,mix_pit,grade_mix,True,-3198.09,False
2022-10-07,taint_tabor,JEA_NSA,False,mix_pit,grade_mix,True,-3772.7,False
2022-10-07,taint_tabor,USEC_MUN,False,mix_pit,grade_mix,True,-4843.79,False
2022-10-07,tense,JEA_NSA,False,mix_pit,grade_mix,True,10410.65,True
2022-10-07,tense,USEC_MUN,False,mix_pit,grade_mix,True,9019.38,True
2022-10-14,zorba,JEA_NSA,False,mix_pit,grade_mix,True,-1342.0,False
2022-10-14,zorba,USEC_MUN,False,mix_pit,grade_mix,True,-2931.62,False
2022-10-14,taint_tabor,JEA_NSA,False,mix_pit,grade_mix,True,-3485.05,False
2022-10-14,taint_tabor,USEC_MUN,False,mix_pit,grade_mix,True,-4541.52,False
2022-10-14,tense,JEA_NSA,False,mix_pit,grade_mix,True,10464.66,True
2022-10-14,tense,USEC_MUN,False,mix_pit,grade_mix,True,9086.11,True
2022-10-21,zorba,JEA_NSA,False,mix_pit,grade_mix,True,-4443.75,False
2022-10-21,zorba,USEC_MUN,False,mix_pit,grade_mix,True,-6049.2,False
2022-10-21,taint_tabor,JEA_NSA,False,mix_pit,grade_mix,True,-6621.09,False
2022-10-21,taint_tabor,USEC_MUN,False,mix_pit,grade_mix,True,-7695.05,False
2022-10-21,tense,JEA_NSA,False,mix_pit,grade_mix,True,6618.14,True
2022-10-21,tense,USEC_MUN,False,mix_pit,grade_mix,True,5218.41,True
2022-10-28,zorba,JEA_NSA,False,mix_pit,grade_mix,True,-3491.84,False
2022-10-28,zorba,USEC_MUN,False,mix_pit,grade_mix,True,-5107.1,False
2022-10-28,taint_tabor,JEA_NSA,False,mix_pit,grade_mix,True,-5668.32,False
2022-10-28,taint_tabor,USEC_MUN,False,mix_pit,grade_mix,True,-6751.51,False
2022-10-28,tense,JEA_NSA,False,mix_pit,grade_mix,True,7866.32,True
2022-10-28,tense,USEC_MUN,False,mix_pit,grade_mix,True,6459.95,True
2022-01-07,zorba,JEA_NSA,False,grade_diff_q25,grade_diff,True,23945.73,True
2022-01-07,zorba,USEC_MUN,False,grade_diff_q25,grade_diff,True,22084.07,True
2022-01-07,taint_tabor,JEA_NSA,False,grade_diff_q25,grade_diff,True,24814.96,True
2022-01-07,taint_tabor,USEC_MUN,False,grade_diff_q25,grade_diff,True,23497.07,True
2022-01-07,tense,JEA_NSA,False,grade_diff_q25,grade_diff,True,34892.44,True
2022-01-07,tense,USEC_MUN,False,grade_diff_q25,grade_diff,True,33203.92,True
2022-01-14,zorba,JEA_NSA,False,grade_diff_q25,grade_diff,True,28760.08,True
2022-01-14,zorba,USEC_MUN,False,grade_diff_q25,grade_diff,True,26918.09,True
2022-01-14,taint_tabor,JEA_NSA,False,grade_diff_q25,grade_diff,True,29679.82,True
2022-01-14,taint_tabor,USEC_MUN,False,grade_diff_q25,grade_diff,True,28382.31,True
2022-01-14,tense,JEA_NSA,False,grade_diff_q25,grade_diff,True,39917.58,True
2022-01-14,tense,USEC_MUN,False,grade_diff_q25,grade_diff,True,38250.42,True
2022-01-21,zorba,JEA_NSA,False,grade_diff_q25,grade_diff,True,31876.59,True
2022-01-21,zorba,USEC_MUN,False,grade_diff_q25,grade_diff,True,30016.89,True
2022-01-21,taint_tabor,JEA_NSA,False,grade_diff_q25,grade_diff,True,32906.26,True
2022-01-21,taint_tabor,USEC_MUN,False,grade_diff_q25,grade_diff,True,31592.74,True
2022-01-21,tense,JEA_NSA,False,grade_diff_q25,grade_diff,True,43477.49,True
2022-01-21,tense,USEC_MUN,False,grade_diff_q25,grade_diff,True,41796.12,True
2022-01-28,zorba,JEA_NSA,False,grade_diff_q25,grade_diff,True,32801.81,True
2022-01-28,zorba,USEC_MUN,False,grade_diff_q25,grade_diff,True,30927.73,True
2022-01-28,taint_tabor,JEA_NSA,False,grade_diff_q25,grade_diff,True,33877.98,True
2022-01-28,taint_tabor,USEC_MUN,False,grade_diff_q25,grade_diff,True,32551.28,True
2022-01-28,tense,JEA_NSA,False,grade_diff_q25,grade_diff,True,44635.27,True
2022-01-28,tense,USEC_MUN,False,grade_diff_q25,grade_diff,True,42941.53,True
2022-02-04,zorba,JEA_NSA,False,grade_diff_q25,grade_diff,True,32333.47,True
2022-02-04,zorba,USEC_MUN,False,grade_diff_q25,grade_diff,True,30559.87,True
2022-02-04,taint_tabor,JEA_NSA,False,grade_diff_q25,grade_diff,True,33395.2,True
2022-02-04,taint_tabor,USEC_MUN,False,grade_diff_q25,grade_diff,True,32171.63,True
2022-02-04,tense,JEA_NSA,False,grade_diff_q25,grade_diff,True,44036.84,True
2022-02-04,tense,USEC_MUN,False,grade_diff_q25,grade_diff,True,42447.74,True
2022-02-11,zorba,JEA_NSA,False,grade_diff_q25,grade_diff,True,34076.84,True
2022-02-11,zorba,USEC_MUN,False,grade_diff_q25,grade_diff,True,32267.22,True
2022-02-11,taint_tabor,JEA_NSA,False,grade_diff_q25,grade_diff,True,35223.19,True
2022-02-11,taint_tabor,USEC_MUN,False,grade_diff_q25,grade_diff,True,33966.18,True
2022-02-11,tense,JEA_NSA,False,grade_diff_q25,grade_diff,True,46327.07,True
2022-02-11,tense,USEC_MUN,False,grade_diff_q25,grade_diff,True,44707.17,True
2022-02-18,zorba,JEA_NSA,False,grade_diff_q25,grade_diff,True,38569.23,True
2022-02-18,zorba,USEC_MUN,False,grade_diff_q25,grade_diff,True,36764.77,True
2022-02-18,taint_tabor,JEA_NSA,False,grade_diff_q25,grade_diff,True,39825.01,True
2022-02-18,taint_tabor,USEC_MUN,False,grade_diff_q25,grade_diff,True,38574.12,True
2022-02-18,tense,JEA_NSA,False,grade_diff_q25,grade_diff,True,51170.7,True
2022-02-18,tense,USEC_MUN,False,grade_diff_q25,grade_diff,True,49558.55,True
2022-02-25,zorba,JEA_NSA,False,grade_diff_q25,grade_diff,True,43738.34,True
2022-02-25,zorba,USEC_MUN,False,grade_diff_q25,grade_diff,True,41952.21,True
2022-02-25,taint_tabor,JEA_NSA,False,grade_diff_q25,grade_diff,True,45022.94,True
2022-02-25,taint_tabor,USEC_MUN,False,grade_diff_q25,grade_diff,True,43791.99,True
2022-02-25,tense,JEA_NSA,False,grade_diff_q25,grade_diff,True,56619.92,True
2022-02-25,tense,USEC_MUN,False,grade_diff_q25,grade_diff,True,55029.02,True
2022-03-04,zorba,JEA_NSA,True,grade_diff_q25,grade_diff,True,59275.44,True
2022-03-04,zorba,USEC_MUN,True,grade_diff_q25,grade_diff,True,57338.55,True
2022-03-04,taint_tabor,JEA_NSA,True,grade_diff_q25,grade_diff,True,60956.86,True
2022-03-04,taint_tabor,USEC_MUN,True,grade_diff_q25,grade_diff,True,59583.42,True
2022-03-04,tense,JEA_NSA,True,grade_diff_q25,grade_diff,True,74512.99,True
2022-03-04,tense,USEC_MUN,True,grade_diff_q25,grade_diff,True,72789.68,True
2022-03-11,zorba,JEA_NSA,True,grade_diff_q25,grade_diff,True,53329.49,True
2022-03-11,zorba,USEC_MUN,True,grade_diff_q25,grade_diff,True,51499.68,True
2022-03-11,taint_tabor,JEA_NSA,True,grade_diff_q25,grade_diff,True,54620.49,True
2022-03-11,taint_tabor,USEC_MUN,True,grade_diff_q25,grade_diff,True,53348.2,True
2022-03-11,tense,JEA_NSA,True,grade_diff_q25,grade_diff,True,66959.7,True
2022-03-11,tense,USEC_MUN,True,grade_diff_q25,grade_diff,True,65330.53,True
2022-03-18,zorba,JEA_NSA,True,grade_diff_q25,grade_diff,True,52333.27,True
2022-03-18,zorba,USEC_MUN,True,grade_diff_q25,grade_diff,True,50540.43,True
2022-03-18,taint_tabor,JEA_NSA,True,grade_diff_q25,grade_diff,True,53559.13,True
2022-03-18,taint_tabor,USEC_MUN,True,grade_diff_q25,grade_diff,True,52321.75,True
2022-03-18,tense,JEA_NSA,True,grade_diff_q25,grade_diff,True,65507.27,True
2022-03-18,tense,USEC_MUN,True,grade_diff_q25,grade_diff,True,63910.8,True
2022-03-25,zorba,JEA_NSA,True,grade_diff_q25,grade_diff,True,53229.4,True
2022-03-25,zorba,USEC_MUN,True,grade_diff_q25,grade_diff,True,51360.22,True
2022-03-25,taint_tabor,JEA_NSA,True,grade_diff_q25,grade_diff,True,54618.47,True
2022-03-25,taint_tabor,USEC_MUN,True,grade_diff_q25,grade_diff,True,53308.25,True
2022-03-25,tense,JEA_NSA,True,grade_diff_q25,grade_diff,True,67263.98,True
2022-03-25,tense,USEC_MUN,True,grade_diff_q25,grade_diff,True,65598.76,True
2022-04-01,zorba,JEA_NSA,True,grade_diff_q25,grade_diff,True,47245.48,True
2022-04-01,zorba,USEC_MUN,True,grade_diff_q25,grade_diff,True,45474.13,True
2022-04-01,taint_tabor,JEA_NSA,True,grade_diff_q25,grade_diff,True,48562.65,True
2022-04-01,taint_tabor,USEC_MUN,True,grade_diff_q25,grade_diff,True,47352.33,True
2022-04-01,tense,JEA_NSA,True,grade_diff_q25,grade_diff,True,60854.42,True
2022-04-01,tense,USEC_MUN,True,grade_diff_q25,grade_diff,True,59289.48,True
2022-04-08,zorba,JEA_NSA,True,grade_diff_q25,grade_diff,True,40838.29,True
2022-04-08,zorba,USEC_MUN,True,grade_diff_q25,grade_diff,True,39049.98,True
2022-04-08,taint_tabor,JEA_NSA,True,grade_diff_q25,grade_diff,True,42058.17,True
2022-04-08,taint_tabor,USEC_MUN,True,grade_diff_q25,grade_diff,True,40829.21,True
2022-04-08,tense,JEA_NSA,True,grade_diff_q25,grade_diff,True,54037.64,True
2022-04-08,tense,USEC_MUN,True,grade_diff_q25,grade_diff,True,52452.26,True
2022-04-15,zorba,JEA_NSA,True,grade_diff_q25,grade_diff,True,34902.15,True
2022-04-15,zorba,USEC_MUN,True,grade_diff_q25,grade_diff,True,33121.27,True
2022-04-15,taint_tabor,JEA_NSA,True,grade_diff_q25,grade_diff,True,36010.12,True
2022-04-15,taint_tabor,USEC_MUN,True,grade_diff_q25,grade_diff,True,34786.02,True
2022-04-15,tense,JEA_NSA,True,grade_diff_q25,grade_diff,True,47474.81,True
2022-04-15,tense,USEC_MUN,True,grade_diff_q25,grade_diff,True,45891.03,True
2022-04-22,zorba,JEA_NSA,True,grade_diff_q25,grade_diff,True,31664.55,True
2022-04-22,zorba,USEC_MUN,True,grade_diff_q25,grade_diff,True,29834.11,True
2022-04-22,taint_tabor,JEA_NSA,True,grade_diff_q25,grade_diff,True,32801.51,True
2022-04-22,taint_tabor,USEC_MUN,True,grade_diff_q25,grade_diff,True,31528.59,True
2022-04-22,tense,JEA_NSA,True,grade_diff_q25,grade_diff,True,44311.33,True
2022-04-22,tense,USEC_MUN,True,grade_diff_q25,grade_diff,True,42679.41,True
2022-04-29,zorba,JEA_NSA,True,grade_diff_q25,grade_diff,True,25659.95,True
2022-04-29,zorba,USEC_MUN,True,grade_diff_q25,grade_diff,True,23859.69,True
2022-04-29,taint_tabor,JEA_NSA,True,grade_diff_q25,grade_diff,True,26667.99,True
2022-04-29,taint_tabor,USEC_MUN,True,grade_diff_q25,grade_diff,True,25421.37,True
2022-04-29,tense,JEA_NSA,True,grade_diff_q25,grade_diff,True,37435.18,True
2022-04-29,tense,USEC_MUN,True,grade_diff_q25,grade_diff,True,35824.89,True
2022-05-06,zorba,JEA_NSA,True,grade_diff_q25,grade_diff,True,18424.34,True
2022-05-06,zorba,USEC_MUN,True,grade_diff_q25,grade_diff,True,16723.28,True
2022-05-06,taint_tabor,JEA_NSA,True,grade_diff_q25,grade_diff,True,19258.7,True
2022-05-06,taint_tabor,USEC_MUN,True,grade_diff_q25,grade_diff,True,18111.59,True
2022-05-06,tense,JEA_NSA,True,grade_diff_q25,grade_diff,True,29430.44,True
2022-05-06,tense,USEC_MUN,True,grade_diff_q25,grade_diff,True,27917.91,True
2022-05-13,zorba,JEA_NSA,True,grade_diff_q25,grade_diff,True,14649.8,True
2022-05-13,zorba,USEC_MUN,True,grade_diff_q25,grade_diff,True,12952.11,True
2022-05-13,taint_tabor,JEA_NSA,True,grade_diff_q25,grade_diff,True,15429.91,True
2022-05-13,taint_tabor,USEC_MUN,True,grade_diff_q25,grade_diff,True,14284.5,True
2022-05-13,tense,JEA_NSA,True,grade_diff_q25,grade_diff,True,25253.95,True
2022-05-13,tense,USEC_MUN,True,grade_diff_q25,grade_diff,True,23740.65,True
2022-05-20,zorba,JEA_NSA,True,grade_diff_q25,grade_diff,True,15945.47,True
2022-05-20,zorba,USEC_MUN,True,grade_diff_q25,grade_diff,True,14165.41,True
2022-05-20,taint_tabor,JEA_NSA,True,grade_diff_q25,grade_diff,True,16923.43,True
2022-05-20,taint_tabor,USEC_MUN,True,grade_diff_q25,grade_diff,True,15700.19,True
2022-05-20,tense,JEA_NSA,True,grade_diff_q25,grade_diff,True,27478.03,True
2022-05-20,tense,USEC_MUN,True,grade_diff_q25,grade_diff,True,25891.95,True
2022-05-27,zorba,JEA_NSA,True,grade_diff_q25,grade_diff,True,10836.77,True
2022-05-27,zorba,USEC_MUN,True,grade_diff_q25,grade_diff,True,9055.1,True
2022-05-27,taint_tabor,JEA_NSA,True,grade_diff_q25,grade_diff,True,11687.83,True
2022-05-27,taint_tabor,USEC_MUN,True,grade_diff_q25,grade_diff,True,10460.89,True
2022-05-27,tense,JEA_NSA,True,grade_diff_q25,grade_diff,True,21877.49,True
2022-05-27,tense,USEC_MUN,True,grade_diff_q25,grade_diff,True,20285.49,True
2022-06-03,zorba,JEA_NSA,True,grade_diff_q25,grade_diff,True,8206.31,True
2022-06-03,zorba,USEC_MUN,True,grade_diff_q25,grade_diff,True,6402.41,True
2022-06-03,taint_tabor,JEA_NSA,True,grade_diff_q25,grade_diff,True,8980.76,True
2022-06-03,taint_tabor,USEC_MUN,True,grade_diff_q25,grade_diff,True,7727.64,True
2022-06-03,tense,JEA_NSA,True,grade_diff_q25,grade_diff,True,18749.14,True
2022-06-03,tense,USEC_MUN,True,grade_diff_q25,grade_diff,True,17127.28,True
2022-06-10,zorba,JEA_NSA,True,grade_diff_q25,grade_diff,True,6018.96,True
2022-06-10,zorba,USEC_MUN,True,grade_diff_q25,grade_diff,True,4274.89,False
2022-06-10,taint_tabor,JEA_NSA,True,grade_diff_q25,grade_diff,True,6816.19,True
2022-06-10,taint_tabor,USEC_MUN,True,grade_diff_q25,grade_diff,True,5625.84,True
2022-06-10,tense,JEA_NSA,True,grade_diff_q25,grade_diff,True,16569.87,True
2022-06-10,tense,USEC_MUN,True,grade_diff_q25,grade_diff,True,15012.3,True
2022-06-17,zorba,JEA_NSA,True,grade_diff_q25,grade_diff,True,1264.12,False
2022-06-17,zorba,USEC_MUN,True,grade_diff_q25,grade_diff,True,-471.86,False
2022-06-17,taint_tabor,JEA_NSA,True,grade_diff_q25,grade_diff,True,1872.39,False
2022-06-17,taint_tabor,USEC_MUN,True,grade_diff_q25,grade_diff,True,686.44,False
2022-06-17,tense,JEA_NSA,True,grade_diff_q25,grade_diff,True,10880.16,True
2022-06-17,tense,USEC_MUN,True,grade_diff_q25,grade_diff,True,9322.94,True
2022-06-24,zorba,JEA_NSA,True,grade_diff_q25,grade_diff,True,1263.97,False
2022-06-24,zorba,USEC_MUN,True,grade_diff_q25,grade_diff,True,-458.08,False
2022-06-24,taint_tabor,JEA_NSA,True,grade_diff_q25,grade_diff,True,1868.44,False
2022-06-24,taint_tabor,USEC_MUN,True,grade_diff_q25,grade_diff,True,695.72,False
2022-06-24,tense,JEA_NSA,True,grade_diff_q25,grade_diff,True,10732.79,True
2022-06-24,tense,USEC_MUN,True,grade_diff_q25,grade_diff,True,9187.73,True
2022-07-01,zorba,JEA_NSA,True,grade_diff_q25,grade_diff,True,1044.31,False
2022-07-01,zorba,USEC_MUN,True,grade_diff_q25,grade_diff,True,-545.65,False
2022-07-01,taint_tabor,JEA_NSA,True,grade_diff_q25,grade_diff,True,1643.83,False
2022-07-01,taint_tabor,USEC_MUN,True,grade_diff_q25,grade_diff,True,607.55,False
2022-07-01,tense,JEA_NSA,True,grade_diff_q25,grade_diff,True,10415.65,True
2022-07-01,tense,USEC_MUN,True,grade_diff_q25,grade_diff,True,9008.89,True
2022-07-08,zorba,JEA_NSA,True,grade_diff_q25,grade_diff,True,700.34,False
2022-07-08,zorba,USEC_MUN,True,grade_diff_q25,grade_diff,True,-897.96,False
2022-07-08,taint_tabor,JEA_NSA,True,grade_diff_q25,grade_diff,True,1311.84,False
2022-07-08,taint_tabor,USEC_MUN,True,grade_diff_q25,grade_diff,True,267.83,False
2022-07-08,tense,JEA_NSA,True,grade_diff_q25,grade_diff,True,10159.1,True
2022-07-08,tense,USEC_MUN,True,grade_diff_q25,grade_diff,True,8745.07,True
2022-07-15,zorba,JEA_NSA,True,grade_diff_q25,grade_diff,True,-410.52,False
2022-07-15,zorba,USEC_MUN,True,grade_diff_q25,grade_diff,True,-2010.21,False
2022-07-15,taint_tabor,JEA_NSA,True,grade_diff_q25,grade_diff,True,145.92,False
2022-07-15,taint_tabor,USEC_MUN,True,grade_diff_q25,grade_diff,True,-900.39,False
2022-07-15,tense,JEA_NSA,True,grade_diff_q25,grade_diff,True,8764.52,True
2022-07-15,tense,USEC_MUN,True,grade_diff_q25,grade_diff,True,7346.8,True
2022-07-22,zorba,JEA_NSA,True,grade_diff_q25,grade_diff,True,4793.28,False
2022-07-22,zorba,USEC_MUN,True,grade_diff_q25,grade_diff,True,3194.86,False
2022-07-22,taint_tabor,JEA_NSA,True,grade_diff_q25,grade_diff,True,5485.07,True
2022-07-22,taint_tabor,USEC_MUN,True,grade_diff_q25,grade_diff,True,4443.17,False
2022-07-22,tense,JEA_NSA,True,grade_diff_q25,grade_diff,True,14582.09,True
2022-07-22,tense,USEC_MUN,True,grade_diff_q25,grade_diff,True,13172.08,True
2022-07-29,zorba,JEA_NSA,True,grade_diff_q25,grade_diff,True,8023.56,True
2022-07-29,zorba,USEC_MUN,True,grade_diff_q25,grade_diff,True,6463.54,True
2022-07-29,taint_tabor,JEA_NSA,True,grade_diff_q25,grade_diff,True,8713.39,True
2022-07-29,taint_tabor,USEC_MUN,True,grade_diff_q25,grade_diff,True,7708.93,True
2022-07-29,tense,JEA_NSA,True,grade_diff_q25,grade_diff,True,17692.03,True
2022-07-29,tense,USEC_MUN,True,grade_diff_q25,grade_diff,True,16318.84,True
2022-08-05,zorba,JEA_NSA,True,grade_diff_q25,grade_diff,True,11167.01,True
2022-08-05,zorba,USEC_MUN,True,grade_diff_q25,grade_diff,True,9600.87,True
2022-08-05,taint_tabor,JEA_NSA,True,grade_diff_q25,grade_diff,True,11862.72,True
2022-08-05,taint_tabor,USEC_MUN,True,grade_diff_q25,grade_diff,True,10850.88,True
2022-08-05,tense,JEA_NSA,True,grade_diff_q25,grade_diff,True,20843.48,True
2022-08-05,tense,USEC_MUN,True,grade_diff_q25,grade_diff,True,19462.22,True
2022-08-12,zorba,JEA_NSA,True,grade_diff_q25,grade_diff,True,14237.43,True
2022-08-12,zorba,USEC_MUN,True,grade_diff_q25,grade_diff,True,12688.18,True
2022-08-12,taint_tabor,JEA_NSA,True,grade_diff_q25,grade_diff,True,14945.14,True
2022-08-12,taint_tabor,USEC_MUN,True,grade_diff_q25,grade_diff,True,13951.33,True
2022-08-12,tense,JEA_NSA,True,grade_diff_q25,grade_diff,True,24064.77,True
2022-08-12,tense,USEC_MUN,True,grade_diff_q25,grade_diff,True,22702.34,True
2022-08-19,zorba,JEA_NSA,True,grade_diff_q25,grade_diff,True,12003.26,True
2022-08-19,zorba,USEC_MUN,True,grade_diff_q25,grade_diff,True,10439.79,True
2022-08-19,taint_tabor,JEA_NSA,True,grade_diff_q25,grade_diff,True,12637.86,True
2022-08-19,taint_tabor,USEC_MUN,True,grade_diff_q25,grade_diff,True,11628.35,True
2022-08-19,tense,JEA_NSA,True,grade_diff_q25,grade_diff,True,21429.16,True
2022-08-19,tense,USEC_MUN,True,grade_diff_q25,grade_diff,True,20049.55,True
2022-08-26,zorba,JEA_NSA,True,grade_diff_q25,grade_diff,True,10082.8,True
2022-08-26,zorba,USEC_MUN,True,grade_diff_q25,grade_diff,True,8460.84,True
2022-08-26,taint_tabor,JEA_NSA,True,grade_diff_q25,grade_diff,True,10812.85,True
2022-08-26,taint_tabor,USEC_MUN,True,grade_diff_q25,grade_diff,True,9747.53,True
2022-08-26,tense,JEA_NSA,True,grade_diff_q25,grade_diff,True,20022.01,True
2022-08-26,tense,USEC_MUN,True,grade_diff_q25,grade_diff,True,18589.55,True
2022-09-02,zorba,JEA_NSA,True,grade_diff_q25,grade_diff,True,4979.24,False
2022-09-02,zorba,USEC_MUN,True,grade_diff_q25,grade_diff,True,3420.72,False
2022-09-02,taint_tabor,JEA_NSA,True,grade_diff_q25,grade_diff,True,5590.09,True
2022-09-02,taint_tabor,USEC_MUN,True,grade_diff_q25,grade_diff,True,4585.66,False
2022-09-02,tense,JEA_NSA,True,grade_diff_q25,grade_diff,True,14132.11,True
2022-09-02,tense,USEC_MUN,True,grade_diff_q25,grade_diff,True,12756.82,True
2022-09-09,zorba,JEA_NSA,False,grade_diff_q25,grade_diff,True,-202.04,False
2022-09-09,zorba,USEC_MUN,False,grade_diff_q25,grade_diff,True,-1794.12,False
2022-09-09,taint_tabor,JEA_NSA,False,grade_diff_q25,grade_diff,True,338.06,False
2022-09-09,taint_tabor,USEC_MUN,False,grade_diff_q25,grade_diff,True,-700.76,False
2022-09-09,tense,JEA_NSA,False,grade_diff_q25,grade_diff,True,8774.21,True
2022-09-09,tense,USEC_MUN,False,grade_diff_q25,grade_diff,True,7363.99,True
2022-09-16,zorba,JEA_NSA,False,grade_diff_q25,grade_diff,True,-3304.98,False
2022-09-16,zorba,USEC_MUN,False,grade_diff_q25,grade_diff,True,-4917.55,False
2022-09-16,taint_tabor,JEA_NSA,False,grade_diff_q25,grade_diff,True,-2781.01,False
2022-09-16,taint_tabor,USEC_MUN,False,grade_diff_q25,grade_diff,True,-3840.68,False
2022-09-16,tense,JEA_NSA,False,grade_diff_q25,grade_diff,True,5584.44,True
2022-09-16,tense,USEC_MUN,False,grade_diff_q25,grade_diff,True,4152.82,False
2022-09-23,zorba,JEA_NSA,False,grade_diff_q25,grade_diff,True,-4701.14,False
2022-09-23,zorba,USEC_MUN,False,grade_diff_q25,grade_diff,True,-6299.06,False
2022-09-23,taint_tabor,JEA_NSA,False,grade_diff_q25,grade_diff,True,-4260.82,False
2022-09-23,taint_tabor,USEC_MUN,False,grade_diff_q25,grade_diff,True,-5306.8,False
2022-09-23,tense,JEA_NSA,False,grade_diff_q25,grade_diff,True,3863.92,False
2022-09-23,tense,USEC_MUN,False,grade_diff_q25,grade_diff,True,2443.79,False
2022-09-30,zorba,JEA_NSA,False,grade_diff_q25,grade_diff,True,-4491.7,False
2022-09-30,zorba,USEC_MUN,False,grade_diff_q25,grade_diff,True,-6028.04,False
2022-09-30,taint_tabor,JEA_NSA,False,grade_diff_q25,grade_diff,True,-4024.95,False
2022-09-30,taint_tabor,USEC_MUN,False,grade_diff_q25,grade_diff,True,-5005.65,False
2022-09-30,tense,JEA_NSA,False,grade_diff_q25,grade_diff,True,4235.45,False
2022-09-30,tense,USEC_MUN,False,grade_diff_q25,grade_diff,True,2883.02,False
2022-10-07,zorba,JEA_NSA,False,grade_diff_q25,grade_diff,True,-1553.13,False
2022-10-07,zorba,USEC_MUN,False,grade_diff_q25,grade_diff,True,-3157.41,False
2022-10-07,taint_tabor,JEA_NSA,False,grade_diff_q25,grade_diff,True,-890.3,False
2022-10-07,taint_tabor,USEC_MUN,False,grade_diff_q25,grade_diff,True,-1935.16,False
2022-10-07,tense,JEA_NSA,False,grade_diff_q25,grade_diff,True,8052.31,True
2022-10-07,tense,USEC_MUN,False,grade_diff_q25,grade_diff,True,6639.59,True
2022-10-14,zorba,JEA_NSA,False,grade_diff_q25,grade_diff,True,-1302.39,False
2022-10-14,zorba,USEC_MUN,False,grade_diff_q25,grade_diff,True,-2891.65,False
2022-10-14,taint_tabor,JEA_NSA,False,grade_diff_q25,grade_diff,True,-652.81,False
2022-10-14,taint_tabor,USEC_MUN,False,grade_diff_q25,grade_diff,True,-1683.51,False
2022-10-14,tense,JEA_NSA,False,grade_diff_q25,grade_diff,True,8147.37,True
2022-10-14,tense,USEC_MUN,False,grade_diff_q25,grade_diff,True,6747.74,True
2022-10-21,zorba,JEA_NSA,False,grade_diff_q25,grade_diff,True,-4406.02,False
2022-10-21,zorba,USEC_MUN,False,grade_diff_q25,grade_diff,True,-6011.11,False
2022-10-21,taint_tabor,JEA_NSA,False,grade_diff_q25,grade_diff,True,-3923.21,False
2022-10-21,taint_tabor,USEC_MUN,False,grade_diff_q25,grade_diff,True,-4972.03,False
2022-10-21,tense,JEA_NSA,False,grade_diff_q25,grade_diff,True,4410.79,False
2022-10-21,tense,USEC_MUN,False,grade_diff_q25,grade_diff,True,2990.49,False
2022-10-28,zorba,JEA_NSA,False,grade_diff_q25,grade_diff,True,-3453.3,False
2022-10-28,zorba,USEC_MUN,False,grade_diff_q25,grade_diff,True,-5068.21,False
2022-10-28,taint_tabor,JEA_NSA,False,grade_diff_q25,grade_diff,True,-2912.96,False
2022-10-28,taint_tabor,USEC_MUN,False,grade_diff_q25,grade_diff,True,-3970.47,False
2022-10-28,tense,JEA_NSA,False,grade_diff_q25,grade_diff,True,5611.93,True
2022-10-28,tense,USEC_MUN,False,grade_diff_q25,grade_diff,True,4184.55,False
2022-01-07,zorba,JEA_NSA,False,grade_diff_q75,grade_diff,True,12377.85,True
2022-01-07,zorba,USEC_MUN,False,grade_diff_q75,grade_diff,True,10418.05,True
2022-01-07,taint_tabor,JEA_NSA,False,grade_diff_q75,grade_diff,True,13656.96,True
2022-01-07,taint_tabor,USEC_MUN,False,grade_diff_q75,grade_diff,True,12244.42,True
2022-01-07,tense,JEA_NSA,False,grade_diff_q75,grade_diff,True,21525.61,True
2022-01-07,tense,USEC_MUN,False,grade_diff_q75,grade_diff,True,19723.71,True
2022-01-14,zorba,JEA_NSA,False,grade_diff_q75,grade_diff,True,17022.6,True
2022-01-14,zorba,USEC_MUN,False,grade_diff_q75,grade_diff,True,15081.04,True
2022-01-14,taint_tabor,JEA_NSA,False,grade_diff_q75,grade_diff,True,18358.23,True
2022-01-14,taint_tabor,USEC_MUN,False,grade_diff_q75,grade_diff,True,16964.69,True
2022-01-14,tense,JEA_NSA,False,grade_diff_q75,grade_diff,True,26354.79,True
2022-01-14,tense,USEC_MUN,False,grade_diff_q75,grade_diff,True,24572.58,True
2022-01-21,zorba,JEA_NSA,False,grade_diff_q75,grade_diff,True,19790.51,True
2022-01-21,zorba,USEC_MUN,False,grade_diff_q75,grade_diff,True,17828.29,True
2022-01-21,taint_tabor,JEA_NSA,False,grade_diff_q75,grade_diff,True,21248.43,True
2022-01-21,taint_tabor,USEC_MUN,False,grade_diff_q75,grade_diff,True,19836.02,True
2022-01-21,tense,JEA_NSA,False,grade_diff_q75,grade_diff,True,29511.88,True
2022-01-21,tense,USEC_MUN,False,grade_diff_q75,grade_diff,True,27712.04,True
2022-01-28,zorba,JEA_NSA,False,grade_diff_q75,grade_diff,True,20509.7,True
2022-01-28,zorba,USEC_MUN,False,grade_diff_q75,grade_diff,True,18531.35,True
2022-01-28,taint_tabor,JEA_NSA,False,grade_diff_q75,grade_diff,True,22021.42,True
2022-01-28,taint_tabor,USEC_MUN,False,grade_diff_q75,grade_diff,True,20594.15,True
2022-01-28,tense,JEA_NSA,False,grade_diff_q75,grade_diff,True,30431.59,True
2022-01-28,tense,USEC_MUN,False,grade_diff_q75,grade_diff,True,28617.37,True
2022-02-04,zorba,JEA_NSA,False,grade_diff_q75,grade_diff,True,20182.63,True
2022-02-04,zorba,USEC_MUN,False,grade_diff_q75,grade_diff,True,18305.97,True
2022-02-04,taint_tabor,JEA_NSA,False,grade_diff_q75,grade_diff,True,21674.91,True
2022-02-04,taint_tabor,USEC_MUN,False,grade_diff_q75,grade_diff,True,20351.92,True
2022-02-04,tense,JEA_NSA,False,grade_diff_q75,grade_diff,True,29996.41,True
2022-02-04,tense,USEC_MUN,False,grade_diff_q75,grade_diff,True,28288.21,True
2022-02-11,zorba,JEA_NSA,False,grade_diff_q75,grade_diff,True,21388.73,True
2022-02-11,zorba,USEC_MUN,False,grade_diff_q75,grade_diff,True,19471.47,True
2022-02-11,taint_tabor,JEA_NSA,False,grade_diff_q75,grade_diff,True,22984.66,True
2022-02-11,taint_tabor,USEC_MUN,False,grade_diff_q75,grade_diff,True,21623.83,True
2022-02-11,tense,JEA_NSA,False,grade_diff_q75,grade_diff,True,31665.8,True
2022-02-11,tense,USEC_MUN,False,grade_diff_q75,grade_diff,True,29921.53,True
2022-02-18,zorba,JEA_NSA,False,grade_diff_q75,grade_diff,True,25649.41,True
2022-02-18,zorba,USEC_MUN,False,grade_diff_q75,grade_diff,True,23735.35,True
2022-02-18,taint_tabor,JEA_NSA,False,grade_diff_q75,grade_diff,True,27362.97,True
2022-02-18,taint_tabor,USEC_MUN,False,grade_diff_q75,grade_diff,True,26006.37,True
2022-02-18,tense,JEA_NSA,False,grade_diff_q75,grade_diff,True,36241.69,True
2022-02-18,tense,USEC_MUN,False,grade_diff_q75,grade_diff,True,34502.9,True
2022-02-25,zorba,JEA_NSA,False,grade_diff_q75,grade_diff,True,30514.2,True
2022-02-25,zorba,USEC_MUN,False,grade_diff_q75,grade_diff,True,28615.9,True
2022-02-25,taint_tabor,JEA_NSA,False,grade_diff_q75,grade_diff,True,32267.37,True
2022-02-25,taint_tabor,USEC_MUN,False,grade_diff_q75,grade_diff,True,30928.22,True
2022-02-25,tense,JEA_NSA,False,grade_diff_q75,grade_diff,True,41339.28,True
2022-02-25,tense,USEC_MUN,False,grade_diff_q75,grade_diff,True,39618.75,True
2022-03-04,zorba,JEA_NSA,True,grade_diff_q75,grade_diff,True,43799.99,True
2022-03-04,zorba,USEC_MUN,True,grade_diff_q75,grade_diff,True,41731.83,True
2022-03-04,taint_tabor,JEA_NSA,True,grade_diff_q75,grade_diff,True,46029.76,True
2022-03-04,taint_tabor,USEC_MUN,True,grade_diff_q75,grade_diff,True,44529.69,True
2022-03-04,tense,JEA_NSA,True,grade_diff_q75,grade_diff,True,56630.93,True
2022-03-04,tense,USEC_MUN,True,grade_diff_q75,grade_diff,True,54755.93,True
2022-03-11,zorba,JEA_NSA,True,grade_diff_q75,grade_diff,True,39137.05,True
2022-03-11,zorba,USEC_MUN,True,grade_diff_q75,grade_diff,True,37186.85,True
2022-03-11,taint_tabor,JEA_NSA,True,grade_diff_q75,grade_diff,True,40930.94,True
2022-03-11,taint_tabor,USEC_MUN,True,grade_diff_q75,grade_diff,True,39542.52,True
2022-03-11,tense,JEA_NSA,True,grade_diff_q75,grade_diff,True,50560.17,True
2022-03-11,tense,USEC_MUN,True,grade_diff_q75,grade_diff,True,48791.89,True
2022-03-18,zorba,JEA_NSA,True,grade_diff_q75,grade_diff,True,38599.77,True
2022-03-18,zorba,USEC_MUN,True,grade_diff_q75,grade_diff,True,36690.44,True
2022-03-18,taint_tabor,JEA_NSA,True,grade_diff_q75,grade_diff,True,40312.25,True
2022-03-18,taint_tabor,USEC_MUN,True,grade_diff_q75,grade_diff,True,38962.5,True
2022-03-18,tense,JEA_NSA,True,grade_diff_q75,grade_diff,True,49638.06,True
2022-03-18,tense,USEC_MUN,True,grade_diff_q75,grade_diff,True,47906.97,True
2022-03-25,zorba,JEA_NSA,True,grade_diff_q75,grade_diff,True,38713.29,True
2022-03-25,zorba,USEC_MUN,True,grade_diff_q75,grade_diff,True,36720.97,True
2022-03-25,taint_tabor,JEA_NSA,True,grade_diff_q75,grade_diff,True,40616.71,True
2022-03-25,taint_tabor,USEC_MUN,True,grade_diff_q75,grade_diff,True,39187.71,True
2022-03-25,tense,JEA_NSA,True,grade_diff_q75,grade_diff,True,50490.44,True
2022-03-25,tense,USEC_MUN,True,grade_diff_q75,grade_diff,True,48682.94,True
2022-04-01,zorba,JEA_NSA,True,grade_diff_q75,grade_diff,True,33134.61,True
2022-04-01,zorba,USEC_MUN,True,grade_diff_q75,grade_diff,True,31243.56,True
2022-04-01,taint_tabor,JEA_NSA,True,grade_diff_q75,grade_diff,True,34951.77,True
2022-04-01,taint_tabor,USEC_MUN,True,grade_diff_q75,grade_diff,True,33625.99,True
2022-04-01,tense,JEA_NSA,True,grade_diff_q75,grade_diff,True,44549.14,True
2022-04-01,tense,USEC_MUN,True,grade_diff_q75,grade_diff,True,42845.88,True
2022-04-08,zorba,JEA_NSA,True,grade_diff_q75,grade_diff,True,27059.74,True
2022-04-08,zorba,USEC_MUN,True,grade_diff_q75,grade_diff,True,25154.55,True
2022-04-08,taint_tabor,JEA_NSA,True,grade_diff_q75,grade_diff,True,28767.84,True
2022-04-08,taint_tabor,USEC_MUN,True,grade_diff_q75,grade_diff,True,27426.14,True
2022-04-08,tense,JEA_NSA,True,grade_diff_q75,grade_diff,True,38116.37,True
2022-04-08,tense,USEC_MUN,True,grade_diff_q75,grade_diff,True,36395.93,True
2022-04-15,zorba,JEA_NSA,True,grade_diff_q75,grade_diff,True,21710.72,True
2022-04-15,zorba,USEC_MUN,True,grade_diff_q75,grade_diff,True,19817.94,True
2022-04-15,taint_tabor,JEA_NSA,True,grade_diff_q75,grade_diff,True,23286.1,True
2022-04-15,taint_tabor,USEC_MUN,True,grade_diff_q75,grade_diff,True,21954.06,True
2022-04-15,tense,JEA_NSA,True,grade_diff_q75,grade_diff,True,32231.95,True
2022-04-15,tense,USEC_MUN,True,grade_diff_q75,grade_diff,True,30518.87,True
2022-04-22,zorba,JEA_NSA,True,grade_diff_q75,grade_diff,True,18436.75,True
2022-04-22,zorba,USEC_MUN,True,grade_diff_q75,grade_diff,True,16492.93,True
2022-04-22,taint_tabor,JEA_NSA,True,grade_diff_q75,grade_diff,True,20042.41,True
2022-04-22,taint_tabor,USEC_MUN,True,grade_diff_q75,grade_diff,True,18660.13,True
2022-04-22,tense,JEA_NSA,True,grade_diff_q75,grade_diff,True,29026.45,True
2022-04-22,tense,USEC_MUN,True,grade_diff_q75,grade_diff,True,27263.52,True
2022-04-29,zorba,JEA_NSA,True,grade_diff_q75,grade_diff,True,13303.35,True
2022-04-29,zorba,USEC_MUN,True,grade_diff_q75,grade_diff,True,11397.18,True
2022-04-29,taint_tabor,JEA_NSA,True,grade_diff_q75,grade_diff,True,14749.23,True
2022-04-29,taint_tabor,USEC_MUN,True,grade_diff_q75,grade_diff,True,13400.45,True
2022-04-29,tense,JEA_NSA,True,grade_diff_q75,grade_diff,True,23156.98,True
2022-04-29,tense,USEC_MUN,True,grade_diff_q75,grade_diff,True,21424.31,True
2022-05-06,zorba,JEA_NSA,True,grade_diff_q75,grade_diff,True,6705.62,True
2022-05-06,zorba,USEC_MUN,True,grade_diff_q75,grade_diff,True,4904.12,False
2022-05-06,taint_tabor,JEA_NSA,True,grade_diff_q75,grade_diff,True,7955.22,True
2022-05-06,taint_tabor,USEC_MUN,True,grade_diff_q75,grade_diff,True,6711.22,True
2022-05-06,tense,JEA_NSA,True,grade_diff_q75,grade_diff,True,15889.32,True
2022-05-06,tense,USEC_MUN,True,grade_diff_q75,grade_diff,True,14260.73,True
2022-05-13,zorba,JEA_NSA,True,grade_diff_q75,grade_diff,True,3346.78,False
2022-05-13,zorba,USEC_MUN,True,grade_diff_q75,grade_diff,True,1552.21,False
2022-05-13,taint_tabor,JEA_NSA,True,grade_diff_q75,grade_diff,True,4527.39,False
2022-05-13,taint_tabor,USEC_MUN,True,grade_diff_q75,grade_diff,True,3288.53,False
2022-05-13,tense,JEA_NSA,True,grade_diff_q75,grade_diff,True,12193.18,True
2022-05-13,tense,USEC_MUN,True,grade_diff_q75,grade_diff,True,10567.94,True
2022-05-20,zorba,JEA_NSA,True,grade_diff_q75,grade_diff,True,3838.76,False
2022-05-20,zorba,USEC_MUN,True,grade_diff_q75,grade_diff,True,1953.87,False
2022-05-20,taint_tabor,JEA_NSA,True,grade_diff_q75,grade_diff,True,5245.69,True
2022-05-20,taint_tabor,USEC_MUN,True,grade_diff_q75,grade_diff,True,3921.34,False
2022-05-20,tense,JEA_NSA,True,grade_diff_q75,grade_diff,True,13488.58,True
2022-05-20,tense,USEC_MUN,True,grade_diff_q75,grade_diff,True,11781.37,True
2022-05-27,zorba,JEA_NSA,True,grade_diff_q75,grade_diff,True,-893.24,False
2022-05-27,zorba,USEC_MUN,True,grade_diff_q75,grade_diff,True,-2776.48,False
2022-05-27,taint_tabor,JEA_NSA,True,grade_diff_q75,grade_diff,True,373.46,False
2022-05-27,taint_tabor,USEC_MUN,True,grade_diff_q75,grade_diff,True,-951.46,False
2022-05-27,tense,JEA_NSA,True,grade_diff_q75,grade_diff,True,8323.33,True
2022-05-27,tense,USEC_MUN,True,grade_diff_q75,grade_diff,True,6613.97,True
2022-06-03,zorba,JEA_NSA,True,grade_diff_q75,grade_diff,True,-3030.92,False
2022-06-03,zorba,USEC_MUN,True,grade_diff_q75,grade_diff,True,-4932.12,False
2022-06-03,taint_tabor,JEA_NSA,True,grade_diff_q75,grade_diff,True,-1858.3,False
2022-06-03,taint_tabor,USEC_MUN,True,grade_diff_q75,grade_diff,True,-3205.27,False
2022-06-03,tense,JEA_NSA,True,grade_diff_q75,grade_diff,True,5764.38,True
2022-06-03,tense,USEC_MUN,True,grade_diff_q75,grade_diff,True,4030.09,False
2022-06-10,zorba,JEA_NSA,True,grade_diff_q75,grade_diff,True,-5180.73,False
2022-06-10,zorba,USEC_MUN,True,grade_diff_q75,grade_diff,True,-7021.78,False
2022-06-10,taint_tabor,JEA_NSA,True,grade_diff_q75,grade_diff,True,-3986.66,False
2022-06-10,taint_tabor,USEC_MUN,True,grade_diff_q75,grade_diff,True,-5270.55,False
2022-06-10,tense,JEA_NSA,True,grade_diff_q75,grade_diff,True,3628.5,False
2022-06-10,tense,USEC_MUN,True,grade_diff_q75,grade_diff,True,1958.86,False
2022-06-17,zorba,JEA_NSA,True,grade_diff_q75,grade_diff,True,-9109.27,False
2022-06-17,zorba,USEC_MUN,True,grade_diff_q75,grade_diff,True,-10936.9,False
2022-06-17,taint_tabor,JEA_NSA,True,grade_diff_q75,grade_diff,True,-8133.44,False
2022-06-17,taint_tabor,USEC_MUN,True,grade_diff_q75,grade_diff,True,-9407.79,False
2022-06-17,tense,JEA_NSA,True,grade_diff_q75,grade_diff,True,-1106.41,False
2022-06-17,tense,USEC_MUN,True,grade_diff_q75,grade_diff,True,-2769.53,False
2022-06-24,zorba,JEA_NSA,True,grade_diff_q75,grade_diff,True,-8922.96,False
2022-06-24,zorba,USEC_MUN,True,grade_diff_q75,grade_diff,True,-10735.01,False
2022-06-24,taint_tabor,JEA_NSA,True,grade_diff_q75,grade_diff,True,-7957.53,False
2022-06-24,taint_tabor,USEC_MUN,True,grade_diff_q75,grade_diff,True,-9217.06,False
2022-06-24,tense,JEA_NSA,True,grade_diff_q75,grade_diff,True,-1038.32,False
2022-06-24,tense,USEC_MUN,True,grade_diff_q75,grade_diff,True,-2687.38,False
2022-07-01,zorba,JEA_NSA,True,grade_diff_q75,grade_diff,True,-9024.18,False
2022-07-01,zorba,USEC_MUN,True,grade_diff_q75,grade_diff,True,-10703.1,False
2022-07-01,taint_tabor,JEA_NSA,True,grade_diff_q75,grade_diff,True,-8067.9,False
2022-07-01,taint_tabor,USEC_MUN,True,grade_diff_q75,grade_diff,True,-9189.98,False
2022-07-01,tense,JEA_NSA,True,grade_diff_q75,grade_diff,True,-1218.61,False
2022-07-01,tense,USEC_MUN,True,grade_diff_q75,grade_diff,True,-2728.16,False
2022-07-08,zorba,JEA_NSA,True,grade_diff_q75,grade_diff,True,-9457.7,False
2022-07-08,zorba,USEC_MUN,True,grade_diff_q75,grade_diff,True,-11145.75,False
2022-07-08,taint_tabor,JEA_NSA,True,grade_diff_q75,grade_diff,True,-8486.27,False
2022-07-08,taint_tabor,USEC_MUN,True,grade_diff_q75,grade_diff,True,-9616.85,False
2022-07-08,tense,JEA_NSA,True,grade_diff_q75,grade_diff,True,-1578.63,False
2022-07-08,tense,USEC_MUN,True,grade_diff_q75,grade_diff,True,-3096.36,False
2022-07-15,zorba,JEA_NSA,True,grade_diff_q75,grade_diff,True,-10309.77,False
2022-07-15,zorba,USEC_MUN,True,grade_diff_q75,grade_diff,True,-11997.79,False
2022-07-15,taint_tabor,JEA_NSA,True,grade_diff_q75,grade_diff,True,-9402.57,False
2022-07-15,taint_tabor,USEC_MUN,True,grade_diff_q75,grade_diff,True,-10534.08,False
2022-07-15,tense,JEA_NSA,True,grade_diff_q75,grade_diff,True,-2674.17,False
2022-07-15,tense,USEC_MUN,True,grade_diff_q75,grade_diff,True,-4193.97,False
2022-07-22,zorba,JEA_NSA,True,grade_diff_q75,grade_diff,True,-5626.43,False
2022-07-22,zorba,USEC_MUN,True,grade_diff_q75,grade_diff,True,-7317.82,False
2022-07-22,taint_tabor,JEA_NSA,True,grade_diff_q75,grade_diff,True,-4565.43,False
2022-07-22,taint_tabor,USEC_MUN,True,grade_diff_q75,grade_diff,True,-5697.02,False
2022-07-22,tense,JEA_NSA,True,grade_diff_q75,grade_diff,True,2542.0,False
2022-07-22,tense,USEC_MUN,True,grade_diff_q75,grade_diff,True,1024.56,False
2022-07-29,zorba,JEA_NSA,True,grade_diff_q75,grade_diff,True,-2244.34,False
2022-07-29,zorba,USEC_MUN,True,grade_diff_q75,grade_diff,True,-3895.98,False
2022-07-29,taint_tabor,JEA_NSA,True,grade_diff_q75,grade_diff,True,-1190.69,False
2022-07-29,taint_tabor,USEC_MUN,True,grade_diff_q75,grade_diff,True,-2283.52,False
2022-07-29,tense,JEA_NSA,True,grade_diff_q75,grade_diff,True,5827.35,True
2022-07-29,tense,USEC_MUN,True,grade_diff_q75,grade_diff,True,4348.3,False
2022-08-05,zorba,JEA_NSA,True,grade_diff_q75,grade_diff,True,901.36,False
2022-08-05,zorba,USEC_MUN,True,grade_diff_q75,grade_diff,True,-756.39,False
2022-08-05,taint_tabor,JEA_NSA,True,grade_diff_q75,grade_diff,True,1960.81,False
2022-08-05,taint_tabor,USEC_MUN,True,grade_diff_q75,grade_diff,True,860.62,False
2022-08-05,tense,JEA_NSA,True,grade_diff_q75,grade_diff,True,8981.4,True
2022-08-05,tense,USEC_MUN,True,grade_diff_q75,grade_diff,True,7494.29,True
2022-08-12,zorba,JEA_NSA,True,grade_diff_q75,grade_diff,True,3800.96,False
2022-08-12,zorba,USEC_MUN,True,grade_diff_q75,grade_diff,True,2158.58,False
2022-08-12,taint_tabor,JEA_NSA,True,grade_diff_q75,grade_diff,True,4878.47,False
2022-08-12,taint_tabor,USEC_MUN,True,grade_diff_q75,grade_diff,True,3794.83,False
2022-08-12,tense,JEA_NSA,True,grade_diff_q75,grade_diff,True,12005.31,True
2022-08-12,tense,USEC_MUN,True,grade_diff_q75,grade_diff,True,10535.26,True
2022-08-19,zorba,JEA_NSA,True,grade_diff_q75,grade_diff,True,1937.78,False
2022-08-19,zorba,USEC_MUN,True,grade_diff_q75,grade_diff,True,282.72,False
2022-08-19,taint_tabor,JEA_NSA,True,grade_diff_q75,grade_diff,True,2929.02,False
2022-08-19,taint_tabor,USEC_MUN,True,grade_diff_q75,grade_diff,True,1831.17,False
2022-08-19,tense,JEA_NSA,True,grade_diff_q75,grade_diff,True,9798.37,True
2022-08-19,tense,USEC_MUN,True,grade_diff_q75,grade_diff,True,8312.93,True
2022-08-26,zorba,JEA_NSA,True,grade_diff_q75,grade_diff,True,-453.67,False
2022-08-26,zorba,USEC_MUN,True,grade_diff_q75,grade_diff,True,-2171.5,False
2022-08-26,taint_tabor,JEA_NSA,True,grade_diff_q75,grade_diff,True,649.72,False
2022-08-26,taint_tabor,USEC_MUN,True,grade_diff_q75,grade_diff,True,-508.07,False
2022-08-26,tense,JEA_NSA,True,grade_diff_q75,grade_diff,True,7847.0,True
2022-08-26,tense,USEC_MUN,True,grade_diff_q75,grade_diff,True,6303.76,True
2022-09-02,zorba,JEA_NSA,True,grade_diff_q75,grade_diff,True,-4777.03,False
2022-09-02,zorba,USEC_MUN,True,grade_diff_q75,grade_diff,True,-6424.34,False
2022-09-02,taint_tabor,JEA_NSA,True,grade_diff_q75,grade_diff,True,-3820.49,False
2022-09-02,taint_tabor,USEC_MUN,True,grade_diff_q75,grade_diff,True,-4910.55,False
2022-09-02,tense,JEA_NSA,True,grade_diff_q75,grade_diff,True,2858.62,False
2022-09-02,tense,USEC_MUN,True,grade_diff_q75,grade_diff,True,1380.74,False
2022-09-09,zorba,JEA_NSA,False,grade_diff_q75,grade_diff,True,-9876.81,False
2022-09-09,zorba,USEC_MUN,False,grade_diff_q75,grade_diff,True,-11556.92,False
2022-09-09,taint_tabor,JEA_NSA,False,grade_diff_q75,grade_diff,True,-8993.9,False
2022-09-09,taint_tabor,USEC_MUN,False,grade_diff_q75,grade_diff,True,-10117.64,False
2022-09-09,tense,JEA_NSA,False,grade_diff_q75,grade_diff,True,-2405.1,False
2022-09-09,tense,USEC_MUN,False,grade_diff_q75,grade_diff,True,-3917.04,False
2022-09-16,zorba,JEA_NSA,False,grade_diff_q75,grade_diff,True,-12898.78,False
2022-09-16,zorba,USEC_MUN,False,grade_diff_q75,grade_diff,True,-14598.65,False
2022-09-16,taint_tabor,JEA_NSA,False,grade_diff_q75,grade_diff,True,-12034.88,False
2022-09-16,taint_tabor,USEC_MUN,False,grade_diff_q75,grade_diff,True,-13178.75,False
2022-09-16,tense,JEA_NSA,False,grade_diff_q75,grade_diff,True,-5501.31,False
2022-09-16,tense,USEC_MUN,False,grade_diff_q75,grade_diff,True,-7033.81,False
2022-09-23,zorba,JEA_NSA,False,grade_diff_q75,grade_diff,True,-14042.46,False
2022-09-23,zorba,USEC_MUN,False,grade_diff_q75,grade_diff,True,-15725.39,False
2022-09-23,taint_tabor,JEA_NSA,False,grade_diff_q75,grade_diff,True,-13271.15,False
2022-09-23,taint_tabor,USEC_MUN,False,grade_diff_q75,grade_diff,True,-14399.13,False
2022-09-23,tense,JEA_NSA,False,grade_diff_q75,grade_diff,True,-6930.09,False
2022-09-23,tense,USEC_MUN,False,grade_diff_q75,grade_diff,True,-8448.45,False
2022-09-30,zorba,JEA_NSA,False,grade_diff_q75,grade_diff,True,-13990.38,False
2022-09-30,zorba,USEC_MUN,False,grade_diff_q75,grade_diff,True,-15613.16,False
2022-09-30,taint_tabor,JEA_NSA,False,grade_diff_q75,grade_diff,True,-13187.06,False
2022-09-30,taint_tabor,USEC_MUN,False,grade_diff_q75,grade_diff,True,-14251.14,False
2022-09-30,tense,JEA_NSA,False,grade_diff_q75,grade_diff,True,-6740.39,False
2022-09-30,tense,USEC_MUN,False,grade_diff_q75,grade_diff,True,-8192.7,False
2022-10-07,zorba,JEA_NSA,False,grade_diff_q75,grade_diff,True,-11792.74,False
2022-10-07,zorba,USEC_MUN,False,grade_diff_q75,grade_diff,True,-13490.19,False
2022-10-07,taint_tabor,JEA_NSA,False,grade_diff_q75,grade_diff,True,-10767.08,False
2022-10-07,taint_tabor,USEC_MUN,False,grade_diff_q75,grade_diff,True,-11901.81,False
2022-10-07,tense,JEA_NSA,False,grade_diff_q75,grade_diff,True,-3779.67,False
2022-10-07,tense,USEC_MUN,False,grade_diff_q75,grade_diff,True,-5300.06,False
2022-10-14,zorba,JEA_NSA,False,grade_diff_q75,grade_diff,True,-11363.77,False
2022-10-14,zorba,USEC_MUN,False,grade_diff_q75,grade_diff,True,-13044.59,False
2022-10-14,taint_tabor,JEA_NSA,False,grade_diff_q75,grade_diff,True,-10357.69,False
2022-10-14,taint_tabor,USEC_MUN,False,grade_diff_q75,grade_diff,True,-11476.7,False
2022-10-14,tense,JEA_NSA,False,grade_diff_q75,grade_diff,True,-3478.68,False
2022-10-14,tense,USEC_MUN,False,grade_diff_q75,grade_diff,True,-4984.1,False
2022-10-21,zorba,JEA_NSA,False,grade_diff_q75,grade_diff,True,-13990.09,False
2022-10-21,zorba,USEC_MUN,False,grade_diff_q75,grade_diff,True,-15684.5,False
2022-10-21,taint_tabor,JEA_NSA,False,grade_diff_q75,grade_diff,True,-13167.69,False
2022-10-21,taint_tabor,USEC_MUN,False,grade_diff_q75,grade_diff,True,-14302.66,False
2022-10-21,tense,JEA_NSA,False,grade_diff_q75,grade_diff,True,-6663.72,False
2022-10-21,tense,USEC_MUN,False,grade_diff_q75,grade_diff,True,-8187.23,False
2022-10-28,zorba,JEA_NSA,False,grade_diff_q75,grade_diff,True,-13241.58,False
2022-10-28,zorba,USEC_MUN,False,grade_diff_q75,grade_diff,True,-14947.7,False
2022-10-28,taint_tabor,JEA_NSA,False,grade_diff_q75,grade_diff,True,-12354.41,False
2022-10-28,taint_tabor,USEC_MUN,False,grade_diff_q75,grade_diff,True,-13499.91,False
2022-10-28,tense,JEA_NSA,False,grade_diff_q75,grade_diff,True,-5698.54,False
2022-10-28,tense,USEC_MUN,False,grade_diff_q75,grade_diff,True,-7231.32,False
2022-01-07,zorba,JEA_NSA,False,grade_diff_minus_iqr,grade_diff,True,30002.93,True
2022-01-07,zorba,USEC_MUN,False,grade_diff_minus_iqr,grade_diff,True,28192.65,True
2022-01-07,taint_tabor,JEA_NSA,False,grade_diff_minus_iqr,grade_diff,True,27251.51,True
2022-01-07,taint_tabor,USEC_MUN,False,grade_diff_minus_iqr,grade_diff,True,25954.28,True
2022-01-07,tense,JEA_NSA,False,grade_diff_minus_iqr,grade_diff,True,45458.38,True
2022-01-07,tense,USEC_MUN,False,grade_diff_minus_iqr,grade_diff,True,43859.49,True
2022-01-14,zorba,JEA_NSA,False,grade_diff_minus_iqr,grade_diff,True,34906.09,True
2022-01-14,zorba,USEC_MUN,False,grade_diff_minus_iqr,grade_diff,True,33116.23,True
2022-01-14,taint_tabor,JEA_NSA,False,grade_diff_minus_iqr,grade_diff,True,32152.08,True
2022-01-14,taint_tabor,USEC_MUN,False,grade_diff_minus_iqr,grade_diff,True,30875.55,True
2022-01-14,tense,JEA_NSA,False,grade_diff_minus_iqr,grade_diff,True,50638.43,True
2022-01-14,tense,USEC_MUN,False,grade_diff_minus_iqr,grade_diff,True,49062.21,True
2022-01-21,zorba,JEA_NSA,False,grade_diff_minus_iqr,grade_diff,True,38205.12,True
2022-01-21,zorba,USEC_MUN,False,grade_diff_minus_iqr,grade_diff,True,36399.11,True
2022-01-21,taint_tabor,JEA_NSA,False,grade_diff_minus_iqr,grade_diff,True,35451.95,True
2022-01-21,taint_tabor,USEC_MUN,False,grade_diff_minus_iqr,grade_diff,True,34160.03,True
2022-01-21,tense,JEA_NSA,False,grade_diff_minus_iqr,grade_diff,True,54516.74,True
2022-01-21,tense,USEC_MUN,False,grade_diff_minus_iqr,grade_diff,True,52929.01,True
2022-01-28,zorba,JEA_NSA,False,grade_diff_minus_iqr,grade_diff,True,39238.23,True
2022-01-28,zorba,USEC_MUN,False,grade_diff_minus_iqr,grade_diff,True,37418.75,True
2022-01-28,taint_tabor,JEA_NSA,False,grade_diff_minus_iqr,grade_diff,True,36467.06,True
2022-01-28,taint_tabor,USEC_MUN,False,grade_diff_minus_iqr,grade_diff,True,35162.33,True
2022-01-28,tense,JEA_NSA,False,grade_diff_minus_iqr,grade_diff,True,55862.7,True
2022-01-28,tense,USEC_MUN,False,grade_diff_minus_iqr,grade_diff,True,54264.21,True
2022-02-04,zorba,JEA_NSA,False,grade_diff_minus_iqr,grade_diff,True,38695.91,True
2022-02-04,zorba,USEC_MUN,False,grade_diff_minus_iqr,grade_diff,True,36976.29,True
2022-02-04,taint_tabor,JEA_NSA,False,grade_diff_minus_iqr,grade_diff,True,35954.53,True
2022-02-04,taint_tabor,USEC_MUN,False,grade_diff_minus_iqr,grade_diff,True,34752.67,True
2022-02-04,tense,JEA_NSA,False,grade_diff_minus_iqr,grade_diff,True,55135.24,True
2022-02-04,tense,USEC_MUN,False,grade_diff_minus_iqr,grade_diff,True,53640.28,True
2022-02-11,zorba,JEA_NSA,False,grade_diff_minus_iqr,grade_diff,True,40720.62,True
2022-02-11,zorba,USEC_MUN,False,grade_diff_minus_iqr,grade_diff,True,38967.35,True
2022-02-11,taint_tabor,JEA_NSA,False,grade_diff_minus_iqr,grade_diff,True,37895.69,True
2022-02-11,taint_tabor,USEC_MUN,False,grade_diff_minus_iqr,grade_diff,True,36661.35,True
2022-02-11,tense,JEA_NSA,False,grade_diff_minus_iqr,grade_diff,True,57916.21,True
2022-02-11,tense,USEC_MUN,False,grade_diff_minus_iqr,grade_diff,True,56394.62,True
2022-02-18,zorba,JEA_NSA,False,grade_diff_minus_iqr,grade_diff,True,45334.34,True
2022-02-18,zorba,USEC_MUN,False,grade_diff_minus_iqr,grade_diff,True,43587.26,True
2022-02-18,taint_tabor,JEA_NSA,False,grade_diff_minus_iqr,grade_diff,True,42546.31,True
2022-02-18,taint_tabor,USEC_MUN,False,grade_diff_minus_iqr,grade_diff,True,41318.51,True
2022-02-18,tense,JEA_NSA,False,grade_diff_minus_iqr,grade_diff,True,62971.49,True
2022-02-18,tense,USEC_MUN,False,grade_diff_minus_iqr,grade_diff,True,61459.43,True
2022-02-25,zorba,JEA_NSA,False,grade_diff_minus_iqr,grade_diff,True,50662.79,True
2022-02-25,zorba,USEC_MUN,False,grade_diff_minus_iqr,grade_diff,True,48935.4,True
2022-02-25,taint_tabor,JEA_NSA,False,grade_diff_minus_iqr,grade_diff,True,47808.34,True
2022-02-25,taint_tabor,USEC_MUN,False,grade_diff_minus_iqr,grade_diff,True,46601.01,True
2022-02-25,tense,JEA_NSA,False,grade_diff_minus_iqr,grade_diff,True,68698.67,True
2022-02-25,tense,USEC_MUN,False,grade_diff_minus_iqr,grade_diff,True,67210.22,True
2022-03-04,zorba,JEA_NSA,True,grade_diff_minus_iqr,grade_diff,True,67378.72,True
2022-03-04,zorba,USEC_MUN,True,grade_diff_minus_iqr,grade_diff,True,65510.58,True
2022-03-04,taint_tabor,JEA_NSA,True,grade_diff_minus_iqr,grade_diff,True,64216.45,True
2022-03-04,taint_tabor,USEC_MUN,True,grade_diff_minus_iqr,grade_diff,True,62870.66,True
2022-03-04,tense,JEA_NSA,True,grade_diff_minus_iqr,grade_diff,True,88648.05,True
2022-03-04,tense,USEC_MUN,True,grade_diff_minus_iqr,grade_diff,True,87044.63,True
2022-03-11,zorba,JEA_NSA,True,grade_diff_minus_iqr,grade_diff,True,60760.96,True
2022-03-11,zorba,USEC_MUN,True,grade_diff_minus_iqr,grade_diff,True,58994.19,True
2022-03-11,taint_tabor,JEA_NSA,True,grade_diff_minus_iqr,grade_diff,True,57609.85,True
2022-03-11,taint_tabor,USEC_MUN,True,grade_diff_minus_iqr,grade_diff,True,56362.91,True
2022-03-11,tense,JEA_NSA,True,grade_diff_minus_iqr,grade_diff,True,79922.87,True
2022-03-11,tense,USEC_MUN,True,grade_diff_minus_iqr,grade_diff,True,78403.67,True
2022-03-18,zorba,JEA_NSA,True,grade_diff_minus_iqr,grade_diff,True,59524.43,True
2022-03-18,zorba,USEC_MUN,True,grade_diff_minus_iqr,grade_diff,True,57792.59,True
2022-03-18,taint_tabor,JEA_NSA,True,grade_diff_minus_iqr,grade_diff,True,56451.81,True
2022-03-18,taint_tabor,USEC_MUN,True,grade_diff_minus_iqr,grade_diff,True,55238.97,True
2022-03-18,tense,JEA_NSA,True,grade_diff_minus_iqr,grade_diff,True,78051.25,True
2022-03-18,tense,USEC_MUN,True,grade_diff_minus_iqr,grade_diff,True,76561.19,True
2022-03-25,zorba,JEA_NSA,True,grade_diff_minus_iqr,grade_diff,True,60830.35,True
2022-03-25,zorba,USEC_MUN,True,grade_diff_minus_iqr,grade_diff,True,59025.65,True
2022-03-25,taint_tabor,JEA_NSA,True,grade_diff_minus_iqr,grade_diff,True,57676.0,True
2022-03-25,taint_tabor,USEC_MUN,True,grade_diff_minus_iqr,grade_diff,True,56391.71,True
2022-03-25,tense,JEA_NSA,True,grade_diff_minus_iqr,grade_diff,True,80522.79,True
2022-03-25,tense,USEC_MUN,True,grade_diff_minus_iqr,grade_diff,True,78970.05,True
2022-04-01,zorba,JEA_NSA,True,grade_diff_minus_iqr,grade_diff,True,54634.25,True
2022-04-01,zorba,USEC_MUN,True,grade_diff_minus_iqr,grade_diff,True,52925.57,True
2022-04-01,taint_tabor,JEA_NSA,True,grade_diff_minus_iqr,grade_diff,True,51534.82,True
2022-04-01,taint_tabor,USEC_MUN,True,grade_diff_minus_iqr,grade_diff,True,50349.71,True
2022-04-01,tense,JEA_NSA,True,grade_diff_minus_iqr,grade_diff,True,73743.09,True
2022-04-01,tense,USEC_MUN,True,grade_diff_minus_iqr,grade_diff,True,72287.48,True
2022-04-08,zorba,JEA_NSA,True,grade_diff_minus_iqr,grade_diff,True,48053.04,True
2022-04-08,zorba,USEC_MUN,True,grade_diff_minus_iqr,grade_diff,True,46325.93,True
2022-04-08,taint_tabor,JEA_NSA,True,grade_diff_minus_iqr,grade_diff,True,44960.34,True
2022-04-08,taint_tabor,USEC_MUN,True,grade_diff_minus_iqr,grade_diff,True,43756.0,True
2022-04-08,tense,JEA_NSA,True,grade_diff_minus_iqr,grade_diff,True,66622.77,True
2022-04-08,tense,USEC_MUN,True,grade_diff_minus_iqr,grade_diff,True,65144.14,True
2022-04-15,zorba,JEA_NSA,True,grade_diff_minus_iqr,grade_diff,True,41809.48,True
2022-04-15,zorba,USEC_MUN,True,grade_diff_minus_iqr,grade_diff,True,40087.19,True
2022-04-15,taint_tabor,JEA_NSA,True,grade_diff_minus_iqr,grade_diff,True,38788.63,True
2022-04-15,taint_tabor,USEC_MUN,True,grade_diff_minus_iqr,grade_diff,True,37588.1,True
2022-04-15,tense,JEA_NSA,True,grade_diff_minus_iqr,grade_diff,True,59523.68,True
2022-04-15,tense,USEC_MUN,True,grade_diff_minus_iqr,grade_diff,True,58042.1,True
2022-04-22,zorba,JEA_NSA,True,grade_diff_minus_iqr,grade_diff,True,38590.92,True
2022-04-22,zorba,USEC_MUN,True,grade_diff_minus_iqr,grade_diff,True,36819.84,True
2022-04-22,taint_tabor,JEA_NSA,True,grade_diff_minus_iqr,grade_diff,True,35587.68,True
2022-04-22,taint_tabor,USEC_MUN,True,grade_diff_minus_iqr,grade_diff,True,34338.64,True
2022-04-22,tense,JEA_NSA,True,grade_diff_minus_iqr,grade_diff,True,56393.42,True
2022-04-22,tense,USEC_MUN,True,grade_diff_minus_iqr,grade_diff,True,54865.05,True
2022-04-29,zorba,JEA_NSA,True,grade_diff_minus_iqr,grade_diff,True,32130.14,True
2022-04-29,zorba,USEC_MUN,True,grade_diff_minus_iqr,grade_diff,True,30385.33,True
2022-04-29,taint_tabor,JEA_NSA,True,grade_diff_minus_iqr,grade_diff,True,29270.66,True
2022-04-29,taint_tabor,USEC_MUN,True,grade_diff_minus_iqr,grade_diff,True,28046.35,True
2022-04-29,tense,JEA_NSA,True,grade_diff_minus_iqr,grade_diff,True,48721.52,True
2022-04-29,tense,USEC_MUN,True,grade_diff_minus_iqr,grade_diff,True,47207.96,True
2022-05-06,zorba,JEA_NSA,True,grade_diff_minus_iqr,grade_diff,True,24560.52,True
2022-05-06,zorba,USEC_MUN,True,grade_diff_minus_iqr,grade_diff,True,22912.05,True
2022-05-06,taint_tabor,JEA_NSA,True,grade_diff_minus_iqr,grade_diff,True,21727.02,True
2022-05-06,taint_tabor,USEC_MUN,True,grade_diff_minus_iqr,grade_diff,True,20601.06,True
2022-05-06,tense,JEA_NSA,True,grade_diff_minus_iqr,grade_diff,True,40134.15,True
2022-05-06,tense,USEC_MUN,True,grade_diff_minus_iqr,grade_diff,True,38713.36,True
2022-05-13,zorba,JEA_NSA,True,grade_diff_minus_iqr,grade_diff,True,20568.31,True
2022-05-13,zorba,USEC_MUN,True,grade_diff_minus_iqr,grade_diff,True,18921.35,True
2022-05-13,taint_tabor,JEA_NSA,True,grade_diff_minus_iqr,grade_diff,True,17810.66,True
2022-05-13,taint_tabor,USEC_MUN,True,grade_diff_minus_iqr,grade_diff,True,16685.66,True
2022-05-13,tense,JEA_NSA,True,grade_diff_minus_iqr,grade_diff,True,35577.96,True
2022-05-13,tense,USEC_MUN,True,grade_diff_minus_iqr,grade_diff,True,34153.15,True
2022-05-20,zorba,JEA_NSA,True,grade_diff_minus_iqr,grade_diff,True,22284.82,True
2022-05-20,zorba,USEC_MUN,True,grade_diff_minus_iqr,grade_diff,True,20559.65,True
2022-05-20,taint_tabor,JEA_NSA,True,grade_diff_minus_iqr,grade_diff,True,19473.46,True
2022-05-20,taint_tabor,USEC_MUN,True,grade_diff_minus_iqr,grade_diff,True,18272.31,True
2022-05-20,tense,JEA_NSA,True,grade_diff_minus_iqr,grade_diff,True,38536.13,True
2022-05-20,tense,USEC_MUN,True,grade_diff_minus_iqr,grade_diff,True,37045.8,True
2022-05-27,zorba,JEA_NSA,True,grade_diff_minus_iqr,grade_diff,True,16978.86,True
2022-05-27,zorba,USEC_MUN,True,grade_diff_minus_iqr,grade_diff,True,15250.37,True
2022-05-27,taint_tabor,JEA_NSA,True,grade_diff_minus_iqr,grade_diff,True,14158.52,True
2022-05-27,taint_tabor,USEC_MUN,True,grade_diff_minus_iqr,grade_diff,True,12952.97,True
2022-05-27,tense,JEA_NSA,True,grade_diff_minus_iqr,grade_diff,True,32591.51,True
2022-05-27,tense,USEC_MUN,True,grade_diff_minus_iqr,grade_diff,True,31092.28,True
2022-06-03,zorba,JEA_NSA,True,grade_diff_minus_iqr,grade_diff,True,14090.37,True
2022-06-03,zorba,USEC_MUN,True,grade_diff_minus_iqr,grade_diff,True,12337.42,True
2022-06-03,taint_tabor,JEA_NSA,True,grade_diff_minus_iqr,grade_diff,True,11347.66,True
2022-06-03,taint_tabor,USEC_MUN,True,grade_diff_minus_iqr,grade_diff,True,10115.03,True
2022-06-03,tense,JEA_NSA,True,grade_diff_minus_iqr,grade_diff,True,29013.06,True
2022-06-03,tense,USEC_MUN,True,grade_diff_minus_iqr,grade_diff,True,27480.08,True
2022-06-10,zorba,JEA_NSA,True,grade_diff_minus_iqr,grade_diff,True,11883.36,True
2022-06-10,zorba,USEC_MUN,True,grade_diff_minus_iqr,grade_diff,True,10190.07,True
2022-06-10,taint_tabor,JEA_NSA,True,grade_diff_minus_iqr,grade_diff,True,9175.18,True
2022-06-10,taint_tabor,USEC_MUN,True,grade_diff_minus_iqr,grade_diff,True,8005.26,True
2022-06-10,tense,JEA_NSA,True,grade_diff_minus_iqr,grade_diff,True,26799.51,True
2022-06-10,tense,USEC_MUN,True,grade_diff_minus_iqr,grade_diff,True,25330.51,True
2022-06-17,zorba,JEA_NSA,True,grade_diff_minus_iqr,grade_diff,True,6695.85,True
2022-06-17,zorba,USEC_MUN,True,grade_diff_minus_iqr,grade_diff,True,5007.86,True
2022-06-17,taint_tabor,JEA_NSA,True,grade_diff_minus_iqr,grade_diff,True,4057.33,False
2022-06-17,taint_tabor,USEC_MUN,True,grade_diff_minus_iqr,grade_diff,True,2890.69,False
2022-06-17,tense,JEA_NSA,True,grade_diff_minus_iqr,grade_diff,True,20355.07,True
2022-06-17,tense,USEC_MUN,True,grade_diff_minus_iqr,grade_diff,True,18881.56,True
2022-06-24,zorba,JEA_NSA,True,grade_diff_minus_iqr,grade_diff,True,6598.07,True
2022-06-24,zorba,USEC_MUN,True,grade_diff_minus_iqr,grade_diff,True,4923.15,False
2022-06-24,taint_tabor,JEA_NSA,True,grade_diff_minus_iqr,grade_diff,True,4014.11,False
2022-06-24,taint_tabor,USEC_MUN,True,grade_diff_minus_iqr,grade_diff,True,2860.35,False
2022-06-24,tense,JEA_NSA,True,grade_diff_minus_iqr,grade_diff,True,20037.38,True
2022-06-24,tense,USEC_MUN,True,grade_diff_minus_iqr,grade_diff,True,18574.53,True
2022-07-01,zorba,JEA_NSA,True,grade_diff_minus_iqr,grade_diff,True,6316.39,True
2022-07-01,zorba,USEC_MUN,True,grade_diff_minus_iqr,grade_diff,True,4773.01,False
2022-07-01,taint_tabor,JEA_NSA,True,grade_diff_minus_iqr,grade_diff,True,3764.56,False
2022-07-01,taint_tabor,USEC_MUN,True,grade_diff_minus_iqr,grade_diff,True,2747.02,False
2022-07-01,tense,JEA_NSA,True,grade_diff_minus_iqr,grade_diff,True,19612.06,True
2022-07-01,tense,USEC_MUN,True,grade_diff_minus_iqr,grade_diff,True,18286.56,True
2022-07-08,zorba,JEA_NSA,True,grade_diff_minus_iqr,grade_diff,True,6019.31,True
2022-07-08,zorba,USEC_MUN,True,grade_diff_minus_iqr,grade_diff,True,4468.0,False
2022-07-08,taint_tabor,JEA_NSA,True,grade_diff_minus_iqr,grade_diff,True,3451.43,False
2022-07-08,taint_tabor,USEC_MUN,True,grade_diff_minus_iqr,grade_diff,True,2426.32,False
2022-07-08,tense,JEA_NSA,True,grade_diff_minus_iqr,grade_diff,True,19437.31,True
2022-07-08,tense,USEC_MUN,True,grade_diff_minus_iqr,grade_diff,True,18105.25,True
2022-07-15,zorba,JEA_NSA,True,grade_diff_minus_iqr,grade_diff,True,4772.94,False
2022-07-15,zorba,USEC_MUN,True,grade_diff_minus_iqr,grade_diff,True,3219.51,False
2022-07-15,taint_tabor,JEA_NSA,True,grade_diff_minus_iqr,grade_diff,True,2230.99,False
2022-07-15,taint_tabor,USEC_MUN,True,grade_diff_minus_iqr,grade_diff,True,1203.3,False
2022-07-15,tense,JEA_NSA,True,grade_diff_minus_iqr,grade_diff,True,17806.35,True
2022-07-15,tense,USEC_MUN,True,grade_diff_minus_iqr,grade_diff,True,16469.32,True
2022-07-22,zorba,JEA_NSA,True,grade_diff_minus_iqr,grade_diff,True,10249.26,True
2022-07-22,zorba,USEC_MUN,True,grade_diff_minus_iqr,grade_diff,True,8699.53,True
2022-07-22,taint_tabor,JEA_NSA,True,grade_diff_minus_iqr,grade_diff,True,7679.77,True
2022-07-22,taint_tabor,USEC_MUN,True,grade_diff_minus_iqr,grade_diff,True,6657.45,True
2022-07-22,tense,JEA_NSA,True,grade_diff_minus_iqr,grade_diff,True,24099.29,True
2022-07-22,tense,USEC_MUN,True,grade_diff_minus_iqr,grade_diff,True,22774.22,True
2022-07-29,zorba,JEA_NSA,True,grade_diff_minus_iqr,grade_diff,True,13400.05,True
2022-07-29,zorba,USEC_MUN,True,grade_diff_minus_iqr,grade_diff,True,11888.01,True
2022-07-29,taint_tabor,JEA_NSA,True,grade_diff_minus_iqr,grade_diff,True,10876.11,True
2022-07-29,taint_tabor,USEC_MUN,True,grade_diff_minus_iqr,grade_diff,True,9890.95,True
2022-07-29,tense,JEA_NSA,True,grade_diff_minus_iqr,grade_diff,True,27070.57,True
2022-07-29,tense,USEC_MUN,True,grade_diff_minus_iqr,grade_diff,True,25781.08,True
2022-08-05,zorba,JEA_NSA,True,grade_diff_minus_iqr,grade_diff,True,16542.33,True
2022-08-05,zorba,USEC_MUN,True,grade_diff_minus_iqr,grade_diff,True,15024.16,True
2022-08-05,taint_tabor,JEA_NSA,True,grade_diff_minus_iqr,grade_diff,True,14024.97,True
2022-08-05,taint_tabor,USEC_MUN,True,grade_diff_minus_iqr,grade_diff,True,13032.43,True
2022-08-05,tense,JEA_NSA,True,grade_diff_minus_iqr,grade_diff,True,30219.99,True
2022-08-05,tense,USEC_MUN,True,grade_diff_minus_iqr,grade_diff,True,28922.4,True
2022-08-12,zorba,JEA_NSA,True,grade_diff_minus_iqr,grade_diff,True,19702.19,True
2022-08-12,zorba,USEC_MUN,True,grade_diff_minus_iqr,grade_diff,True,18201.7,True
2022-08-12,taint_tabor,JEA_NSA,True,grade_diff_minus_iqr,grade_diff,True,17143.38,True
2022-08-12,taint_tabor,USEC_MUN,True,grade_diff_minus_iqr,grade_diff,True,16169.18,True
2022-08-12,tense,JEA_NSA,True,grade_diff_minus_iqr,grade_diff,True,33597.29,True
2022-08-12,tense,USEC_MUN,True,grade_diff_minus_iqr,grade_diff,True,32319.92,True
2022-08-19,zorba,JEA_NSA,True,grade_diff_minus_iqr,grade_diff,True,17273.77,True
2022-08-19,zorba,USEC_MUN,True,grade_diff_minus_iqr,grade_diff,True,15758.26,True
2022-08-19,taint_tabor,JEA_NSA,True,grade_diff_minus_iqr,grade_diff,True,14757.95,True
2022-08-19,taint_tabor,USEC_MUN,True,grade_diff_minus_iqr,grade_diff,True,13767.73,True
2022-08-19,tense,JEA_NSA,True,grade_diff_minus_iqr,grade_diff,True,30622.82,True
2022-08-19,tense,USEC_MUN,True,grade_diff_minus_iqr,grade_diff,True,29326.88,True
2022-08-26,zorba,JEA_NSA,True,grade_diff_minus_iqr,grade_diff,True,15599.92,True
2022-08-26,zorba,USEC_MUN,True,grade_diff_minus_iqr,grade_diff,True,14028.16,True
2022-08-26,taint_tabor,JEA_NSA,True,grade_diff_minus_iqr,grade_diff,True,13032.14,True
2022-08-26,taint_tabor,USEC_MUN,True,grade_diff_minus_iqr,grade_diff,True,11987.02,True
2022-08-26,tense,JEA_NSA,True,grade_diff_minus_iqr,grade_diff,True,29645.86,True
2022-08-26,tense,USEC_MUN,True,grade_diff_minus_iqr,grade_diff,True,28300.98,True
2022-09-02,zorba,JEA_NSA,True,grade_diff_minus_iqr,grade_diff,True,10087.84,True
2022-09-02,zorba,USEC_MUN,True,grade_diff_minus_iqr,grade_diff,True,8575.8,True
2022-09-02,taint_tabor,JEA_NSA,True,grade_diff_minus_iqr,grade_diff,True,7645.06,True
2022-09-02,taint_tabor,USEC_MUN,True,grade_diff_minus_iqr,grade_diff,True,6659.33,True
2022-09-02,tense,JEA_NSA,True,grade_diff_minus_iqr,grade_diff,True,23043.35,True
2022-09-02,tense,USEC_MUN,True,grade_diff_minus_iqr,grade_diff,True,21749.15,True
2022-09-09,zorba,JEA_NSA,False,grade_diff_minus_iqr,grade_diff,True,4863.88,False
2022-09-09,zorba,USEC_MUN,False,grade_diff_minus_iqr,grade_diff,True,3317.9,False
2022-09-09,taint_tabor,JEA_NSA,False,grade_diff_minus_iqr,grade_diff,True,2375.85,False
2022-09-09,taint_tabor,USEC_MUN,False,grade_diff_minus_iqr,grade_diff,True,1355.57,False
2022-09-09,tense,JEA_NSA,False,grade_diff_minus_iqr,grade_diff,True,17611.01,True
2022-09-09,tense,USEC_MUN,False,grade_diff_minus_iqr,grade_diff,True,16281.19,True
2022-09-16,zorba,JEA_NSA,False,grade_diff_minus_iqr,grade_diff,True,1718.55,False
2022-09-16,zorba,USEC_MUN,False,grade_diff_minus_iqr,grade_diff,True,151.69,False
2022-09-16,taint_tabor,JEA_NSA,False,grade_diff_minus_iqr,grade_diff,True,-760.27,False
2022-09-16,taint_tabor,USEC_MUN,False,grade_diff_minus_iqr,grade_diff,True,-1801.55,False
2022-09-16,tense,JEA_NSA,False,grade_diff_minus_iqr,grade_diff,True,14347.28,True
2022-09-16,tense,USEC_MUN,False,grade_diff_minus_iqr,grade_diff,True,12995.4,True
2022-09-23,zorba,JEA_NSA,False,grade_diff_minus_iqr,grade_diff,True,190.19,False
2022-09-23,zorba,USEC_MUN,False,grade_diff_minus_iqr,grade_diff,True,-1363.23,False
2022-09-23,taint_tabor,JEA_NSA,False,grade_diff_minus_iqr,grade_diff,True,-2293.26,False
2022-09-23,taint_tabor,USEC_MUN,False,grade_diff_minus_iqr,grade_diff,True,-3321.34,False
2022-09-23,tense,JEA_NSA,False,grade_diff_minus_iqr,grade_diff,True,12396.15,True
2022-09-23,tense,USEC_MUN,False,grade_diff_minus_iqr,grade_diff,True,11053.66,True
2022-09-30,zorba,JEA_NSA,False,grade_diff_minus_iqr,grade_diff,True,482.02,False
2022-09-30,zorba,USEC_MUN,False,grade_diff_minus_iqr,grade_diff,True,-1009.06,False
2022-09-30,taint_tabor,JEA_NSA,False,grade_diff_minus_iqr,grade_diff,True,-2024.24,False
2022-09-30,taint_tabor,USEC_MUN,False,grade_diff_minus_iqr,grade_diff,True,-2986.74,False
2022-09-30,tense,JEA_NSA,False,grade_diff_minus_iqr,grade_diff,True,12911.41,True
2022-09-30,tense,USEC_MUN,False,grade_diff_minus_iqr,grade_diff,True,11637.93,True
2022-10-07,zorba,JEA_NSA,False,grade_diff_minus_iqr,grade_diff,True,3808.55,False
2022-10-07,zorba,USEC_MUN,False,grade_diff_minus_iqr,grade_diff,True,2253.06,False
2022-10-07,taint_tabor,JEA_NSA,False,grade_diff_minus_iqr,grade_diff,True,1266.47,False
2022-10-07,taint_tabor,USEC_MUN,False,grade_diff_minus_iqr,grade_diff,True,241.23,False
2022-10-07,tense,JEA_NSA,False,grade_diff_minus_iqr,grade_diff,True,17405.02,True
2022-10-07,tense,USEC_MUN,False,grade_diff_minus_iqr,grade_diff,True,16077.4,True
2022-10-14,zorba,JEA_NSA,False,grade_diff_minus_iqr,grade_diff,True,3965.98,False
2022-10-14,zorba,USEC_MUN,False,grade_diff_minus_iqr,grade_diff,True,2424.65,False
2022-10-14,taint_tabor,JEA_NSA,False,grade_diff_minus_iqr,grade_diff,True,1466.42,False
2022-10-14,taint_tabor,USEC_MUN,False,grade_diff_minus_iqr,grade_diff,True,455.0,False
2022-10-14,tense,JEA_NSA,False,grade_diff_minus_iqr,grade_diff,True,17337.3,True
2022-10-14,tense,USEC_MUN,False,grade_diff_minus_iqr,grade_diff,True,16021.28,True
2022-10-21,zorba,JEA_NSA,False,grade_diff_minus_iqr,grade_diff,True,612.41,False
2022-10-21,zorba,USEC_MUN,False,grade_diff_minus_iqr,grade_diff,True,-945.92,False
2022-10-21,taint_tabor,JEA_NSA,False,grade_diff_minus_iqr,grade_diff,True,-1904.52,False
2022-10-21,taint_tabor,USEC_MUN,False,grade_diff_minus_iqr,grade_diff,True,-2934.53,False
2022-10-21,tense,JEA_NSA,False,grade_diff_minus_iqr,grade_diff,True,13164.74,True
2022-10-21,tense,USEC_MUN,False,grade_diff_minus_iqr,grade_diff,True,11826.02,True
2022-10-28,zorba,JEA_NSA,False,grade_diff_minus_iqr,grade_diff,True,1672.06,False
2022-10-28,zorba,USEC_MUN,False,grade_diff_minus_iqr,grade_diff,True,104.92,False
2022-10-28,taint_tabor,JEA_NSA,False,grade_diff_minus_iqr,grade_diff,True,-851.26,False
2022-10-28,taint_tabor,USEC_MUN,False,grade_diff_minus_iqr,grade_diff,True,-1889.55,False
2022-10-28,tense,JEA_NSA,False,grade_diff_minus_iqr,grade_diff,True,14552.4,True
2022-10-28,tense,USEC_MUN,False,grade_diff_minus_iqr,grade_diff,True,13208.35,True
2022-01-07,zorba,JEA_NSA,False,grade_diff_plus_iqr,grade_diff,True,6867.17,True
2022-01-07,zorba,USEC_MUN,False,grade_diff_plus_iqr,grade_diff,True,4860.62,False
2022-01-07,taint_tabor,JEA_NSA,False,grade_diff_plus_iqr,grade_diff,True,4935.51,False
2022-01-07,taint_tabor,USEC_MUN,False,grade_diff_plus_iqr,grade_diff,True,3448.98,False
2022-01-07,tense,JEA_NSA,False,grade_diff_plus_iqr,grade_diff,True,18724.72,True
2022-01-07,tense,USEC_MUN,False,grade_diff_plus_iqr,grade_diff,True,16899.06,True
2022-01-14,zorba,JEA_NSA,False,grade_diff_plus_iqr,grade_diff,True,11431.13,True
2022-01-14,zorba,USEC_MUN,False,grade_diff_plus_iqr,grade_diff,True,9442.14,True
2022-01-14,taint_tabor,JEA_NSA,False,grade_diff_plus_iqr,grade_diff,True,9508.91,True
2022-01-14,taint_tabor,USEC_MUN,False,grade_diff_plus_iqr,grade_diff,True,8040.3,True
2022-01-14,tense,JEA_NSA,False,grade_diff_plus_iqr,grade_diff,True,23512.84,True
2022-01-14,tense,USEC_MUN,False,grade_diff_plus_iqr,grade_diff,True,21706.52,True
2022-01-21,zorba,JEA_NSA,False,grade_diff_plus_iqr,grade_diff,True,14032.97,True
2022-01-21,zorba,USEC_MUN,False,grade_diff_plus_iqr,grade_diff,True,12021.91,True
2022-01-21,taint_tabor,JEA_NSA,False,grade_diff_plus_iqr,grade_diff,True,12136.29,True
2022-01-21,taint_tabor,USEC_MUN,False,grade_diff_plus_iqr,grade_diff,True,10646.58,True
2022-01-21,tense,JEA_NSA,False,grade_diff_plus_iqr,grade_diff,True,26585.53,True
2022-01-21,tense,USEC_MUN,False,grade_diff_plus_iqr,grade_diff,True,24760.87,True
2022-01-28,zorba,JEA_NSA,False,grade_diff_plus_iqr,grade_diff,True,14654.01,True
2022-01-28,zorba,USEC_MUN,False,grade_diff_plus_iqr,grade_diff,True,12625.99,True
2022-01-28,taint_tabor,JEA_NSA,False,grade_diff_plus_iqr,grade_diff,True,12753.94,True
2022-01-28,taint_tabor,USEC_MUN,False,grade_diff_plus_iqr,grade_diff,True,11248.06,True
2022-01-28,tense,JEA_NSA,False,grade_diff_plus_iqr,grade_diff,True,27455.35,True
2022-01-28,tense,USEC_MUN,False,grade_diff_plus_iqr,grade_diff,True,25615.89,True
2022-02-04,zorba,JEA_NSA,False,grade_diff_plus_iqr,grade_diff,True,14394.24,True
2022-02-04,zorba,USEC_MUN,False,grade_diff_plus_iqr,grade_diff,True,12468.48,True
2022-02-04,taint_tabor,JEA_NSA,False,grade_diff_plus_iqr,grade_diff,True,12513.95,True
2022-02-04,taint_tabor,USEC_MUN,False,grade_diff_plus_iqr,grade_diff,True,11113.25,True
2022-02-04,tense,JEA_NSA,False,grade_diff_plus_iqr,grade_diff,True,27054.38,True
2022-02-04,tense,USEC_MUN,False,grade_diff_plus_iqr,grade_diff,True,25321.22,True
2022-02-11,zorba,JEA_NSA,False,grade_diff_plus_iqr,grade_diff,True,15344.39,True
2022-02-11,zorba,USEC_MUN,False,grade_diff_plus_iqr,grade_diff,True,13375.86,True
2022-02-11,taint_tabor,JEA_NSA,False,grade_diff_plus_iqr,grade_diff,True,13418.62,True
2022-02-11,taint_tabor,USEC_MUN,False,grade_diff_plus_iqr,grade_diff,True,11976.65,True
2022-02-11,tense,JEA_NSA,False,grade_diff_plus_iqr,grade_diff,True,28593.68,True
2022-02-11,tense,USEC_MUN,False,grade_diff_plus_iqr,grade_diff,True,26823.35,True
2022-02-18,zorba,JEA_NSA,False,grade_diff_plus_iqr,grade_diff,True,19494.69,True
2022-02-18,zorba,USEC_MUN,False,grade_diff_plus_iqr,grade_diff,True,17528.43,True
2022-02-18,taint_tabor,JEA_NSA,False,grade_diff_plus_iqr,grade_diff,True,17622.23,True
2022-02-18,taint_tabor,USEC_MUN,False,grade_diff_plus_iqr,grade_diff,True,16183.01,True
2022-02-18,tense,JEA_NSA,False,grade_diff_plus_iqr,grade_diff,True,33113.47,True
2022-02-18,tense,USEC_MUN,False,grade_diff_plus_iqr,grade_diff,True,31348.14,True
2022-02-25,zorba,JEA_NSA,False,grade_diff_plus_iqr,grade_diff,True,24214.51,True
2022-02-25,zorba,USEC_MUN,False,grade_diff_plus_iqr,grade_diff,True,22262.77,True
2022-02-25,taint_tabor,JEA_NSA,False,grade_diff_plus_iqr,grade_diff,True,22297.21,True
2022-02-25,taint_tabor,USEC_MUN,False,grade_diff_plus_iqr,grade_diff,True,20873.48,True
2022-02-25,tense,JEA_NSA,False,grade_diff_plus_iqr,grade_diff,True,38137.37,True
2022-02-25,tense,USEC_MUN,False,grade_diff_plus_iqr,grade_diff,True,36389.68,True
2022-03-04,zorba,JEA_NSA,True,grade_diff_plus_iqr,grade_diff,True,36427.83,True
2022-03-04,zorba,USEC_MUN,True,grade_diff_plus_iqr,grade_diff,True,34297.14,True
2022-03-04,taint_tabor,JEA_NSA,True,grade_diff_plus_iqr,grade_diff,True,34362.25,True
2022-03-04,taint_tabor,USEC_MUN,True,grade_diff_plus_iqr,grade_diff,True,32763.21,True
2022-03-04,tense,JEA_NSA,True,grade_diff_plus_iqr,grade_diff,True,52883.93,True
2022-03-04,tense,USEC_MUN,True,grade_diff_plus_iqr,grade_diff,True,50977.13,True
2022-03-11,zorba,JEA_NSA,True,grade_diff_plus_iqr,grade_diff,True,32376.09,True
2022-03-11,zorba,USEC_MUN,True,grade_diff_plus_iqr,grade_diff,True,30368.54,True
2022-03-11,taint_tabor,JEA_NSA,True,grade_diff_plus_iqr,grade_diff,True,30230.74,True
2022-03-11,taint_tabor,USEC_MUN,True,grade_diff_plus_iqr,grade_diff,True,28751.55,True
2022-03-11,tense,JEA_NSA,True,grade_diff_plus_iqr,grade_diff,True,47123.81,True
2022-03-11,tense,USEC_MUN,True,grade_diff_plus_iqr,grade_diff,True,45326.38,True
2022-03-18,zorba,JEA_NSA,True,grade_diff_plus_iqr,grade_diff,True,32057.44,True
2022-03-18,zorba,USEC_MUN,True,grade_diff_plus_iqr,grade_diff,True,30092.61,True
2022-03-18,taint_tabor,JEA_NSA,True,grade_diff_plus_iqr,grade_diff,True,29958.06,True
2022-03-18,taint_tabor,USEC_MUN,True,grade_diff_plus_iqr,grade_diff,True,28520.48,True
2022-03-18,tense,JEA_NSA,True,grade_diff_plus_iqr,grade_diff,True,46312.82,True
2022-03-18,tense,USEC_MUN,True,grade_diff_plus_iqr,grade_diff,True,44553.53,True
2022-03-25,zorba,JEA_NSA,True,grade_diff_plus_iqr,grade_diff,True,31798.13,True
2022-03-25,zorba,USEC_MUN,True,grade_diff_plus_iqr,grade_diff,True,29747.16,True
2022-03-25,taint_tabor,JEA_NSA,True,grade_diff_plus_iqr,grade_diff,True,29672.48,True
2022-03-25,taint_tabor,USEC_MUN,True,grade_diff_plus_iqr,grade_diff,True,28150.64,True
2022-03-25,tense,JEA_NSA,True,grade_diff_plus_iqr,grade_diff,True,46975.71,True
2022-03-25,tense,USEC_MUN,True,grade_diff_plus_iqr,grade_diff,True,45138.4,True
2022-04-01,zorba,JEA_NSA,True,grade_diff_plus_iqr,grade_diff,True,26412.5,True
2022-04-01,zorba,USEC_MUN,True,grade_diff_plus_iqr,grade_diff,True,24464.43,True
2022-04-01,taint_tabor,JEA_NSA,True,grade_diff_plus_iqr,grade_diff,True,24313.06,True
2022-04-01,taint_tabor,USEC_MUN,True,grade_diff_plus_iqr,grade_diff,True,22897.04,True
2022-04-01,tense,JEA_NSA,True,grade_diff_plus_iqr,grade_diff,True,41132.53,True
2022-04-01,tense,USEC_MUN,True,grade_diff_plus_iqr,grade_diff,True,39400.29,True
2022-04-08,zorba,JEA_NSA,True,grade_diff_plus_iqr,grade_diff,True,20495.95,True
2022-04-08,zorba,USEC_MUN,True,grade_diff_plus_iqr,grade_diff,True,18535.08,True
2022-04-08,taint_tabor,JEA_NSA,True,grade_diff_plus_iqr,grade_diff,True,18379.69,True
2022-04-08,taint_tabor,USEC_MUN,True,grade_diff_plus_iqr,grade_diff,True,16949.86,True
2022-04-08,tense,JEA_NSA,True,grade_diff_plus_iqr,grade_diff,True,34780.22,True
2022-04-08,tense,USEC_MUN,True,grade_diff_plus_iqr,grade_diff,True,33031.49,True
2022-04-15,zorba,JEA_NSA,True,grade_diff_plus_iqr,grade_diff,True,15426.61,True
2022-04-15,zorba,USEC_MUN,True,grade_diff_plus_iqr,grade_diff,True,13480.52,True
2022-04-15,taint_tabor,JEA_NSA,True,grade_diff_plus_iqr,grade_diff,True,13340.59,True
2022-04-15,taint_tabor,USEC_MUN,True,grade_diff_plus_iqr,grade_diff,True,11924.18,True
2022-04-15,tense,JEA_NSA,True,grade_diff_plus_iqr,grade_diff,True,29037.96,True
2022-04-15,tense,USEC_MUN,True,grade_diff_plus_iqr,grade_diff,True,27297.78,True
2022-04-22,zorba,JEA_NSA,True,grade_diff_plus_iqr,grade_diff,True,12135.32,True
2022-04-22,zorba,USEC_MUN,True,grade_diff_plus_iqr,grade_diff,True,10137.49,True
2022-04-22,taint_tabor,JEA_NSA,True,grade_diff_plus_iqr,grade_diff,True,10069.48,True
2022-04-22,taint_tabor,USEC_MUN,True,grade_diff_plus_iqr,grade_diff,True,8601.72,True
2022-04-22,tense,JEA_NSA,True,grade_diff_plus_iqr,grade_diff,True,25823.65,True
2022-04-22,tense,USEC_MUN,True,grade_diff_plus_iqr,grade_diff,True,24033.27,True
2022-04-29,zorba,JEA_NSA,True,grade_diff_plus_iqr,grade_diff,True,7416.94,True
2022-04-29,zorba,USEC_MUN,True,grade_diff_plus_iqr,grade_diff,True,5460.32,True
2022-04-29,taint_tabor,JEA_NSA,True,grade_diff_plus_iqr,grade_diff,True,5433.13,True
2022-04-29,taint_tabor,USEC_MUN,True,grade_diff_plus_iqr,grade_diff,True,4004.51,False
2022-04-29,tense,JEA_NSA,True,grade_diff_plus_iqr,grade_diff,True,20165.13,True
2022-04-29,tense,USEC_MUN,True,grade_diff_plus_iqr,grade_diff,True,18406.82,True
2022-05-06,zorba,JEA_NSA,True,grade_diff_plus_iqr,grade_diff,True,1123.08,False
2022-05-06,zorba,USEC_MUN,True,grade_diff_plus_iqr,grade_diff,True,-726.26,False
2022-05-06,taint_tabor,JEA_NSA,True,grade_diff_plus_iqr,grade_diff,True,-879.96,False
2022-05-06,taint_tabor,USEC_MUN,True,grade_diff_plus_iqr,grade_diff,True,-2199.68,False
2022-05-06,tense,JEA_NSA,True,grade_diff_plus_iqr,grade_diff,True,13051.92,True
2022-05-06,tense,USEC_MUN,True,grade_diff_plus_iqr,grade_diff,True,11399.01,True
2022-05-13,zorba,JEA_NSA,True,grade_diff_plus_iqr,grade_diff,True,-2037.72,False
2022-05-13,zorba,USEC_MUN,True,grade_diff_plus_iqr,grade_diff,True,-3878.45,False
2022-05-13,taint_tabor,JEA_NSA,True,grade_diff_plus_iqr,grade_diff,True,-3994.37,False
2022-05-13,taint_tabor,USEC_MUN,True,grade_diff_plus_iqr,grade_diff,True,-5306.27,False
2022-05-13,tense,JEA_NSA,True,grade_diff_plus_iqr,grade_diff,True,9456.42,True
2022-05-13,tense,USEC_MUN,True,grade_diff_plus_iqr,grade_diff,True,7807.73,True
2022-05-20,zorba,JEA_NSA,True,grade_diff_plus_iqr,grade_diff,True,-1928.61,False
2022-05-20,zorba,USEC_MUN,True,grade_diff_plus_iqr,grade_diff,True,-3863.44,False
2022-05-20,taint_tabor,JEA_NSA,True,grade_diff_plus_iqr,grade_diff,True,-3882.0,False
2022-05-20,taint_tabor,USEC_MUN,True,grade_diff_plus_iqr,grade_diff,True,-5285.4,False
2022-05-20,tense,JEA_NSA,True,grade_diff_plus_iqr,grade_diff,True,10557.23,True
2022-05-20,tense,USEC_MUN,True,grade_diff_plus_iqr,grade_diff,True,8824.64,True
2022-05-27,zorba,JEA_NSA,True,grade_diff_plus_iqr,grade_diff,True,-6481.15,False
2022-05-27,zorba,USEC_MUN,True,grade_diff_plus_iqr,grade_diff,True,-8412.78,False
2022-05-27,taint_tabor,JEA_NSA,True,grade_diff_plus_iqr,grade_diff,True,-8470.23,False
2022-05-27,taint_tabor,USEC_MUN,True,grade_diff_plus_iqr,grade_diff,True,-9871.72,False
2022-05-27,tense,JEA_NSA,True,grade_diff_plus_iqr,grade_diff,True,5483.19,True
2022-05-27,tense,USEC_MUN,True,grade_diff_plus_iqr,grade_diff,True,3749.23,False
2022-06-03,zorba,JEA_NSA,True,grade_diff_plus_iqr,grade_diff,True,-8384.09,False
2022-06-03,zorba,USEC_MUN,True,grade_diff_plus_iqr,grade_diff,True,-10331.64,False
2022-06-03,taint_tabor,JEA_NSA,True,grade_diff_plus_iqr,grade_diff,True,-10330.46,False
2022-06-03,taint_tabor,USEC_MUN,True,grade_diff_plus_iqr,grade_diff,True,-11750.8,False
2022-06-03,tense,JEA_NSA,True,grade_diff_plus_iqr,grade_diff,True,3043.56,False
2022-06-03,tense,USEC_MUN,True,grade_diff_plus_iqr,grade_diff,True,1285.7,False
2022-06-10,zorba,JEA_NSA,True,grade_diff_plus_iqr,grade_diff,True,-10516.02,False
2022-06-10,zorba,USEC_MUN,True,grade_diff_plus_iqr,grade_diff,True,-12403.26,False
2022-06-10,taint_tabor,JEA_NSA,True,grade_diff_plus_iqr,grade_diff,True,-12430.52,False
2022-06-10,taint_tabor,USEC_MUN,True,grade_diff_plus_iqr,grade_diff,True,-13787.53,False
2022-06-10,tense,JEA_NSA,True,grade_diff_plus_iqr,grade_diff,True,916.76,False
2022-06-10,tense,USEC_MUN,True,grade_diff_plus_iqr,grade_diff,True,-776.36,False
2022-06-17,zorba,JEA_NSA,True,grade_diff_plus_iqr,grade_diff,True,-14050.92,False
2022-06-17,zorba,USEC_MUN,True,grade_diff_plus_iqr,grade_diff,True,-15922.21,False
2022-06-17,taint_tabor,JEA_NSA,True,grade_diff_plus_iqr,grade_diff,True,-15954.32,False
2022-06-17,taint_tabor,USEC_MUN,True,grade_diff_plus_iqr,grade_diff,True,-17297.77,False
2022-06-17,tense,JEA_NSA,True,grade_diff_plus_iqr,grade_diff,True,-3618.07,False
2022-06-17,tense,USEC_MUN,True,grade_diff_plus_iqr,grade_diff,True,-5303.39,False
2022-06-24,zorba,JEA_NSA,True,grade_diff_plus_iqr,grade_diff,True,-13775.78,False
2022-06-24,zorba,USEC_MUN,True,grade_diff_plus_iqr,grade_diff,True,-15630.71,False
2022-06-24,taint_tabor,JEA_NSA,True,grade_diff_plus_iqr,grade_diff,True,-15637.83,False
2022-06-24,taint_tabor,USEC_MUN,True,grade_diff_plus_iqr,grade_diff,True,-16965.22,False
2022-06-24,tense,JEA_NSA,True,grade_diff_plus_iqr,grade_diff,True,-3504.84,False
2022-06-24,tense,USEC_MUN,True,grade_diff_plus_iqr,grade_diff,True,-5175.7,False
2022-07-01,zorba,JEA_NSA,True,grade_diff_plus_iqr,grade_diff,True,-13820.59,False
2022-07-01,zorba,USEC_MUN,True,grade_diff_plus_iqr,grade_diff,True,-15541.88,False
2022-07-01,taint_tabor,JEA_NSA,True,grade_diff_plus_iqr,grade_diff,True,-15658.9,False
2022-07-01,taint_tabor,USEC_MUN,True,grade_diff_plus_iqr,grade_diff,True,-16848.06,False
2022-07-01,tense,JEA_NSA,True,grade_diff_plus_iqr,grade_diff,True,-3656.45,False
2022-07-01,tense,USEC_MUN,True,grade_diff_plus_iqr,grade_diff,True,-5187.55,False
2022-07-08,zorba,JEA_NSA,True,grade_diff_plus_iqr,grade_diff,True,-14296.76,False
2022-07-08,zorba,USEC_MUN,True,grade_diff_plus_iqr,grade_diff,True,-16027.57,False
2022-07-08,taint_tabor,JEA_NSA,True,grade_diff_plus_iqr,grade_diff,True,-16144.78,False
2022-07-08,taint_tabor,USEC_MUN,True,grade_diff_plus_iqr,grade_diff,True,-17343.03,False
2022-07-08,tense,JEA_NSA,True,grade_diff_plus_iqr,grade_diff,True,-4038.15,False
2022-07-08,tense,USEC_MUN,True,grade_diff_plus_iqr,grade_diff,True,-5577.62,False
2022-07-15,zorba,JEA_NSA,True,grade_diff_plus_iqr,grade_diff,True,-15025.55,False
2022-07-15,zorba,USEC_MUN,True,grade_diff_plus_iqr,grade_diff,True,-16755.65,False
2022-07-15,taint_tabor,JEA_NSA,True,grade_diff_plus_iqr,grade_diff,True,-16865.97,False
2022-07-15,taint_tabor,USEC_MUN,True,grade_diff_plus_iqr,grade_diff,True,-18064.08,False
2022-07-15,tense,JEA_NSA,True,grade_diff_plus_iqr,grade_diff,True,-5071.04,False
2022-07-15,tense,USEC_MUN,True,grade_diff_plus_iqr,grade_diff,True,-6612.22,False
2022-07-22,zorba,JEA_NSA,True,grade_diff_plus_iqr,grade_diff,True,-10590.14,False
2022-07-22,zorba,USEC_MUN,True,grade_diff_plus_iqr,grade_diff,True,-12325.83,False
2022-07-22,taint_tabor,JEA_NSA,True,grade_diff_plus_iqr,grade_diff,True,-12421.23,False
2022-07-22,taint_tabor,USEC_MUN,True,grade_diff_plus_iqr,grade_diff,True,-13622.92,False
2022-07-22,tense,JEA_NSA,True,grade_diff_plus_iqr,grade_diff,True,19.12,False
2022-07-22,tense,USEC_MUN,True,grade_diff_plus_iqr,grade_diff,True,-1520.83,False
2022-07-29,zorba,JEA_NSA,True,grade_diff_plus_iqr,grade_diff,True,-7135.74,False
2022-07-29,zorba,USEC_MUN,True,grade_diff_plus_iqr,grade_diff,True,-8831.02,False
2022-07-29,taint_tabor,JEA_NSA,True,grade_diff_plus_iqr,grade_diff,True,-8932.03,False
2022-07-29,taint_tabor,USEC_MUN,True,grade_diff_plus_iqr,grade_diff,True,-10093.94,False
2022-07-29,tense,JEA_NSA,True,grade_diff_plus_iqr,grade_diff,True,3341.23,False
2022-07-29,tense,USEC_MUN,True,grade_diff_plus_iqr,grade_diff,True,1839.99,False
2022-08-05,zorba,JEA_NSA,True,grade_diff_plus_iqr,grade_diff,True,-3988.98,False
2022-08-05,zorba,USEC_MUN,True,grade_diff_plus_iqr,grade_diff,True,-5690.36,False
2022-08-05,taint_tabor,JEA_NSA,True,grade_diff_plus_iqr,grade_diff,True,-5778.85,False
2022-08-05,taint_tabor,USEC_MUN,True,grade_diff_plus_iqr,grade_diff,True,-6948.1,False
2022-08-05,tense,JEA_NSA,True,grade_diff_plus_iqr,grade_diff,True,6495.82,True
2022-08-05,tense,USEC_MUN,True,grade_diff_plus_iqr,grade_diff,True,4986.53,False
2022-08-12,zorba,JEA_NSA,True,grade_diff_plus_iqr,grade_diff,True,-1170.74,False
2022-08-12,zorba,USEC_MUN,True,grade_diff_plus_iqr,grade_diff,True,-2857.49,False
2022-08-12,taint_tabor,JEA_NSA,True,grade_diff_plus_iqr,grade_diff,True,-2989.96,False
2022-08-12,taint_tabor,USEC_MUN,True,grade_diff_plus_iqr,grade_diff,True,-4143.82,False
2022-08-12,tense,JEA_NSA,True,grade_diff_plus_iqr,grade_diff,True,9478.37,True
2022-08-12,tense,USEC_MUN,True,grade_diff_plus_iqr,grade_diff,True,7985.78,True
2022-08-19,zorba,JEA_NSA,True,grade_diff_plus_iqr,grade_diff,True,-2857.2,False
2022-08-19,zorba,USEC_MUN,True,grade_diff_plus_iqr,grade_diff,True,-4555.89,False
2022-08-19,taint_tabor,JEA_NSA,True,grade_diff_plus_iqr,grade_diff,True,-4659.72,False
2022-08-19,taint_tabor,USEC_MUN,True,grade_diff_plus_iqr,grade_diff,True,-5826.62,False
2022-08-19,tense,JEA_NSA,True,grade_diff_plus_iqr,grade_diff,True,7361.26,True
2022-08-19,tense,USEC_MUN,True,grade_diff_plus_iqr,grade_diff,True,5853.64,True
2022-08-26,zorba,JEA_NSA,True,grade_diff_plus_iqr,grade_diff,True,-5473.0,False
2022-08-26,zorba,USEC_MUN,True,grade_diff_plus_iqr,grade_diff,True,-7236.51,False
2022-08-26,taint_tabor,JEA_NSA,True,grade_diff_plus_iqr,grade_diff,True,-7294.1,False
2022-08-26,taint_tabor,USEC_MUN,True,grade_diff_plus_iqr,grade_diff,True,-8524.19,False
2022-08-26,tense,JEA_NSA,True,grade_diff_plus_iqr,grade_diff,True,5295.85,True
2022-08-26,tense,USEC_MUN,True,grade_diff_plus_iqr,grade_diff,True,3729.4,False
2022-09-02,zorba,JEA_NSA,True,grade_diff_plus_iqr,grade_diff,True,-9424.71,False
2022-09-02,zorba,USEC_MUN,True,grade_diff_plus_iqr,grade_diff,True,-11114.3,False
2022-09-02,taint_tabor,JEA_NSA,True,grade_diff_plus_iqr,grade_diff,True,-11176.11,False
2022-09-02,taint_tabor,USEC_MUN,True,grade_diff_plus_iqr,grade_diff,True,-12333.1,False
2022-09-02,tense,JEA_NSA,True,grade_diff_plus_iqr,grade_diff,True,496.37,False
2022-09-02,tense,USEC_MUN,True,grade_diff_plus_iqr,grade_diff,True,-1003.0,False
2022-09-09,zorba,JEA_NSA,False,grade_diff_plus_iqr,grade_diff,True,-14485.66,False
2022-09-09,zorba,USEC_MUN,False,grade_diff_plus_iqr,grade_diff,True,-16207.71,False
2022-09-09,taint_tabor,JEA_NSA,False,grade_diff_plus_iqr,grade_diff,True,-16288.07,False
2022-09-09,taint_tabor,USEC_MUN,False,grade_diff_plus_iqr,grade_diff,True,-17478.18,False
2022-09-09,tense,JEA_NSA,False,grade_diff_plus_iqr,grade_diff,True,-4747.61,False
2022-09-09,tense,USEC_MUN,False,grade_diff_plus_iqr,grade_diff,True,-6280.87,False
2022-09-16,zorba,JEA_NSA,False,grade_diff_plus_iqr,grade_diff,True,-17469.06,False
2022-09-16,zorba,USEC_MUN,False,grade_diff_plus_iqr,grade_diff,True,-19210.51,False
2022-09-16,taint_tabor,JEA_NSA,False,grade_diff_plus_iqr,grade_diff,True,-19268.0,False
2022-09-16,taint_tabor,USEC_MUN,False,grade_diff_plus_iqr,grade_diff,True,-20477.69,False
2022-09-16,tense,JEA_NSA,False,grade_diff_plus_iqr,grade_diff,True,-7824.22,False
2022-09-16,tense,USEC_MUN,False,grade_diff_plus_iqr,grade_diff,True,-9377.85,False
2022-09-23,zorba,JEA_NSA,False,grade_diff_plus_iqr,grade_diff,True,-18492.46,False
2022-09-23,zorba,USEC_MUN,False,grade_diff_plus_iqr,grade_diff,True,-20215.89,False
2022-09-23,taint_tabor,JEA_NSA,False,grade_diff_plus_iqr,grade_diff,True,-20313.92,False
2022-09-23,taint_tabor,USEC_MUN,False,grade_diff_plus_iqr,grade_diff,True,-21505.99,False
2022-09-23,tense,JEA_NSA,False,grade_diff_plus_iqr,grade_diff,True,-9191.87,False
2022-09-23,tense,USEC_MUN,False,grade_diff_plus_iqr,grade_diff,True,-10730.81,False
2022-09-30,zorba,JEA_NSA,False,grade_diff_plus_iqr,grade_diff,True,-18515.35,False
2022-09-30,zorba,USEC_MUN,False,grade_diff_plus_iqr,grade_diff,True,-20179.29,False
2022-09-30,taint_tabor,JEA_NSA,False,grade_diff_plus_iqr,grade_diff,True,-20348.47,False
2022-09-30,taint_tabor,USEC_MUN,False,grade_diff_plus_iqr,grade_diff,True,-21477.72,False
2022-09-30,tense,JEA_NSA,False,grade_diff_plus_iqr,grade_diff,True,-9040.27,False
2022-09-30,tense,USEC_MUN,False,grade_diff_plus_iqr,grade_diff,True,-10513.5,False
2022-10-07,zorba,JEA_NSA,False,grade_diff_plus_iqr,grade_diff,True,-16670.66,False
2022-10-07,zorba,USEC_MUN,False,grade_diff_plus_iqr,grade_diff,True,-18412.5,False
2022-10-07,taint_tabor,JEA_NSA,False,grade_diff_plus_iqr,grade_diff,True,-18487.09,False
2022-10-07,taint_tabor,USEC_MUN,False,grade_diff_plus_iqr,grade_diff,True,-19692.08,False
2022-10-07,tense,JEA_NSA,False,grade_diff_plus_iqr,grade_diff,True,-6258.94,False
2022-10-07,tense,USEC_MUN,False,grade_diff_plus_iqr,grade_diff,True,-7801.89,False
2022-10-14,zorba,JEA_NSA,False,grade_diff_plus_iqr,grade_diff,True,-16156.79,False
2022-10-14,zorba,USEC_MUN,False,grade_diff_plus_iqr,grade_diff,True,-17881.22,False
2022-10-14,taint_tabor,JEA_NSA,False,grade_diff_plus_iqr,grade_diff,True,-17943.34,False
2022-10-14,taint_tabor,USEC_MUN,False,grade_diff_plus_iqr,grade_diff,True,-19131.37,False
2022-10-14,tense,JEA_NSA,False,grade_diff_plus_iqr,grade_diff,True,-5914.8,False
2022-10-14,tense,USEC_MUN,False,grade_diff_plus_iqr,grade_diff,True,-7442.39,False
2022-10-21,zorba,JEA_NSA,False,grade_diff_plus_iqr,grade_diff,True,-18555.73,False
2022-10-21,zorba,USEC_MUN,False,grade_diff_plus_iqr,grade_diff,True,-20292.69,False
2022-10-21,taint_tabor,JEA_NSA,False,grade_diff_plus_iqr,grade_diff,True,-20393.48,False
2022-10-21,taint_tabor,USEC_MUN,False,grade_diff_plus_iqr,grade_diff,True,-21595.79,False
2022-10-21,tense,JEA_NSA,False,grade_diff_plus_iqr,grade_diff,True,-8984.27,False
2022-10-21,tense,USEC_MUN,False,grade_diff_plus_iqr,grade_diff,True,-10529.4,False
2022-10-28,zorba,JEA_NSA,False,grade_diff_plus_iqr,grade_diff,True,-17904.5,False
2022-10-28,zorba,USEC_MUN,False,grade_diff_plus_iqr,grade_diff,True,-19654.08,False
2022-10-28,taint_tabor,JEA_NSA,False,grade_diff_plus_iqr,grade_diff,True,-19734.15,False
2022-10-28,taint_tabor,USEC_MUN,False,grade_diff_plus_iqr,grade_diff,True,-20948.43,False
2022-10-28,tense,JEA_NSA,False,grade_diff_plus_iqr,grade_diff,True,-8068.54,False
2022-10-28,tense,USEC_MUN,False,grade_diff_plus_iqr,grade_diff,True,-9623.41,False
2022-01-07,zorba,JEA_NSA,False,anchor_premium_-55000,anchor_premium,True,-21376.02,False
2022-01-07,zorba,USEC_MUN,False,anchor_premium_-55000,anchor_premium,True,-23284.43,False
2022-01-07,taint_tabor,JEA_NSA,False,anchor_premium_-55000,anchor_premium,True,-25172.73,False
2022-01-07,taint_tabor,USEC_MUN,False,anchor_premium_-55000,anchor_premium,True,-26564.6,False
2022-01-07,tense,JEA_NSA,False,anchor_premium_-55000,anchor_premium,True,-10071.77,False
2022-01-07,tense,USEC_MUN,False,anchor_premium_-55000,anchor_premium,True,-11784.05,False
2022-01-14,zorba,JEA_NSA,False,anchor_premium_-55000,anchor_premium,True,-16642.46,False
2022-01-14,zorba,USEC_MUN,False,anchor_premium_-55000,anchor_premium,True,-18531.89,False
2022-01-14,taint_tabor,JEA_NSA,False,anchor_premium_-55000,anchor_premium,True,-20435.73,False
2022-01-14,taint_tabor,USEC_MUN,False,anchor_premium_-55000,anchor_premium,True,-21808.3,False
2022-01-14,tense,JEA_NSA,False,anchor_premium_-55000,anchor_premium,True,-5087.69,False
2022-01-14,tense,USEC_MUN,False,anchor_premium_-55000,anchor_premium,True,-6778.96,False
2022-01-21,zorba,JEA_NSA,False,anchor_premium_-55000,anchor_premium,True,-13692.02,False
2022-01-21,zorba,USEC_MUN,False,anchor_premium_-55000,anchor_premium,True,-15600.56,False
2022-01-21,taint_tabor,JEA_NSA,False,anchor_premium_-55000,anchor_premium,True,-17472.11,False
2022-01-21,taint_tabor,USEC_MUN,False,anchor_premium_-55000,anchor_premium,True,-18862.93,False
2022-01-21,tense,JEA_NSA,False,anchor_premium_-55000,anchor_premium,True,-1612.19,False
2022-01-21,tense,USEC_MUN,False,anchor_premium_-55000,anchor_premium,True,-3318.39,False
2022-01-28,zorba,JEA_NSA,False,anchor_premium_-55000,anchor_premium,True,-12864.95,False
2022-01-28,zorba,USEC_MUN,False,anchor_premium_-55000,anchor_premium,True,-14788.7,False
2022-01-28,taint_tabor,JEA_NSA,False,anchor_premium_-55000,anchor_premium,True,-16655.73,False
2022-01-28,taint_tabor,USEC_MUN,False,anchor_premium_-55000,anchor_premium,True,-18061.04,False
2022-01-28,tense,JEA_NSA,False,anchor_premium_-55000,anchor_premium,True,-504.3,False
2022-01-28,tense,USEC_MUN,False,anchor_premium_-55000,anchor_premium,True,-2223.28,False
2022-02-04,zorba,JEA_NSA,False,anchor_premium_-55000,anchor_premium,True,-13265.99,False
2022-02-04,zorba,USEC_MUN,False,anchor_premium_-55000,anchor_premium,True,-15088.68,False
2022-02-04,taint_tabor,JEA_NSA,False,anchor_premium_-55000,anchor_premium,True,-17032.0,False
2022-02-04,taint_tabor,USEC_MUN,False,anchor_premium_-55000,anchor_premium,True,-18333.27,False
2022-02-04,tense,JEA_NSA,False,anchor_premium_-55000,anchor_premium,True,-1068.52,False
2022-02-04,tense,USEC_MUN,False,anchor_premium_-55000,anchor_premium,True,-2682.57,False
2022-02-11,zorba,JEA_NSA,False,anchor_premium_-55000,anchor_premium,True,-11778.56,False
2022-02-11,zorba,USEC_MUN,False,anchor_premium_-55000,anchor_premium,True,-13639.46,False
2022-02-11,taint_tabor,JEA_NSA,False,anchor_premium_-55000,anchor_premium,True,-15609.08,False
2022-02-11,taint_tabor,USEC_MUN,False,anchor_premium_-55000,anchor_premium,True,-16947.23,False
2022-02-11,tense,JEA_NSA,False,anchor_premium_-55000,anchor_premium,True,1091.62,False
2022-02-11,tense,USEC_MUN,False,anchor_premium_-55000,anchor_premium,True,-554.34,False
2022-02-18,zorba,JEA_NSA,False,anchor_premium_-55000,anchor_premium,True,-7396.55,False
2022-02-18,zorba,USEC_MUN,False,anchor_premium_-55000,anchor_premium,True,-9253.22,False
2022-02-18,taint_tabor,JEA_NSA,False,anchor_premium_-55000,anchor_premium,True,-11181.96,False
2022-02-18,taint_tabor,USEC_MUN,False,anchor_premium_-55000,anchor_premium,True,-12515.47,False
2022-02-18,tense,JEA_NSA,False,anchor_premium_-55000,anchor_premium,True,5879.15,True
2022-02-18,tense,USEC_MUN,False,anchor_premium_-55000,anchor_premium,True,4240.46,False
2022-02-25,zorba,JEA_NSA,False,anchor_premium_-55000,anchor_premium,True,-2372.42,False
2022-02-25,zorba,USEC_MUN,False,anchor_premium_-55000,anchor_premium,True,-4211.98,False
2022-02-25,taint_tabor,JEA_NSA,False,anchor_premium_-55000,anchor_premium,True,-6213.46,False
2022-02-25,taint_tabor,USEC_MUN,False,anchor_premium_-55000,anchor_premium,True,-7528.99,False
2022-02-25,tense,JEA_NSA,False,anchor_premium_-55000,anchor_premium,True,11254.69,True
2022-02-25,tense,USEC_MUN,False,anchor_premium_-55000,anchor_premium,True,9636.62,True
2022-03-04,zorba,JEA_NSA,True,anchor_premium_-55000,anchor_premium,True,12092.21,True
2022-03-04,zorba,USEC_MUN,True,anchor_premium_-55000,anchor_premium,True,10092.79,True
2022-03-04,taint_tabor,JEA_NSA,True,anchor_premium_-55000,anchor_premium,True,8023.12,True
2022-03-04,taint_tabor,USEC_MUN,True,anchor_premium_-55000,anchor_premium,True,6550.71,True
2022-03-04,tense,JEA_NSA,True,anchor_premium_-55000,anchor_premium,True,28602.66,True
2022-03-04,tense,USEC_MUN,True,anchor_premium_-55000,anchor_premium,True,26847.56,True
2022-03-11,zorba,JEA_NSA,True,anchor_premium_-55000,anchor_premium,True,6757.46,True
2022-03-11,zorba,USEC_MUN,True,anchor_premium_-55000,anchor_premium,True,4870.3,False
2022-03-11,taint_tabor,JEA_NSA,True,anchor_premium_-55000,anchor_premium,True,2654.06,False
2022-03-11,taint_tabor,USEC_MUN,True,anchor_premium_-55000,anchor_premium,True,1290.99,False
2022-03-11,tense,JEA_NSA,True,anchor_premium_-55000,anchor_premium,True,21360.02,True
2022-03-11,tense,USEC_MUN,True,anchor_premium_-55000,anchor_premium,True,19701.7,True
2022-03-18,zorba,JEA_NSA,True,anchor_premium_-55000,anchor_premium,True,5979.87,True
2022-03-18,zorba,USEC_MUN,True,anchor_premium_-55000,anchor_premium,True,4131.53,False
2022-03-18,taint_tabor,JEA_NSA,True,anchor_premium_-55000,anchor_premium,True,1938.7,False
2022-03-18,taint_tabor,USEC_MUN,True,anchor_premium_-55000,anchor_premium,True,613.49,False
2022-03-18,tense,JEA_NSA,True,anchor_premium_-55000,anchor_premium,True,20018.71,True
2022-03-18,tense,USEC_MUN,True,anchor_premium_-55000,anchor_premium,True,18394.03,True
2022-03-25,zorba,JEA_NSA,True,anchor_premium_-55000,anchor_premium,True,6503.18,True
2022-03-25,zorba,USEC_MUN,True,anchor_premium_-55000,anchor_premium,True,4575.34,False
2022-03-25,taint_tabor,JEA_NSA,True,anchor_premium_-55000,anchor_premium,True,2408.01,False
2022-03-25,taint_tabor,USEC_MUN,True,anchor_premium_-55000,anchor_premium,True,1004.95,False
2022-03-25,tense,JEA_NSA,True,anchor_premium_-55000,anchor_premium,True,21585.93,True
2022-03-25,tense,USEC_MUN,True,anchor_premium_-55000,anchor_premium,True,19890.9,True
2022-04-01,zorba,JEA_NSA,True,anchor_premium_-55000,anchor_premium,True,712.31,False
2022-04-01,zorba,USEC_MUN,True,anchor_premium_-55000,anchor_premium,True,-1116.07,False
2022-04-01,taint_tabor,JEA_NSA,True,anchor_premium_-55000,anchor_premium,True,-3342.29,False
2022-04-01,taint_tabor,USEC_MUN,True,anchor_premium_-55000,anchor_premium,True,-4642.86,False
2022-04-01,tense,JEA_NSA,True,anchor_premium_-55000,anchor_premium,True,15274.48,True
2022-04-01,tense,USEC_MUN,True,anchor_premium_-55000,anchor_premium,True,13680.56,True
2022-04-08,zorba,JEA_NSA,True,anchor_premium_-55000,anchor_premium,True,-5536.58,False
2022-04-08,zorba,USEC_MUN,True,anchor_premium_-55000,anchor_premium,True,-7380.56,False
2022-04-08,taint_tabor,JEA_NSA,True,anchor_premium_-55000,anchor_premium,True,-9596.22,False
2022-04-08,taint_tabor,USEC_MUN,True,anchor_premium_-55000,anchor_premium,True,-10913.3,False
2022-04-08,tense,JEA_NSA,True,anchor_premium_-55000,anchor_premium,True,8538.17,True
2022-04-08,tense,USEC_MUN,True,anchor_premium_-55000,anchor_premium,True,6924.49,True
2022-04-15,zorba,JEA_NSA,True,anchor_premium_-55000,anchor_premium,True,-11193.02,False
2022-04-15,zorba,USEC_MUN,True,anchor_premium_-55000,anchor_premium,True,-13027.21,False
2022-04-15,taint_tabor,JEA_NSA,True,anchor_premium_-55000,anchor_premium,True,-15201.63,False
2022-04-15,taint_tabor,USEC_MUN,True,anchor_premium_-55000,anchor_premium,True,-16510.09,False
2022-04-15,tense,JEA_NSA,True,anchor_premium_-55000,anchor_premium,True,2117.49,False
2022-04-15,tense,USEC_MUN,True,anchor_premium_-55000,anchor_premium,True,506.62,False
2022-04-22,zorba,JEA_NSA,True,anchor_premium_-55000,anchor_premium,True,-14447.95,False
2022-04-22,zorba,USEC_MUN,True,anchor_premium_-55000,anchor_premium,True,-16332.4,False
2022-04-22,taint_tabor,JEA_NSA,True,anchor_premium_-55000,anchor_premium,True,-18437.65,False
2022-04-22,taint_tabor,USEC_MUN,True,anchor_premium_-55000,anchor_premium,True,-19796.05,False
2022-04-22,tense,JEA_NSA,True,anchor_premium_-55000,anchor_premium,True,-1054.79,False
2022-04-22,tense,USEC_MUN,True,anchor_premium_-55000,anchor_premium,True,-2714.16,False
2022-04-29,zorba,JEA_NSA,True,anchor_premium_-55000,anchor_premium,True,-20037.53,False
2022-04-29,zorba,USEC_MUN,True,anchor_premium_-55000,anchor_premium,True,-21888.24,False
2022-04-29,taint_tabor,JEA_NSA,True,anchor_premium_-55000,anchor_premium,True,-23914.34,False
2022-04-29,taint_tabor,USEC_MUN,True,anchor_premium_-55000,anchor_premium,True,-25240.8,False
2022-04-29,tense,JEA_NSA,True,anchor_premium_-55000,anchor_premium,True,-7720.0,False
2022-04-29,tense,USEC_MUN,True,anchor_premium_-55000,anchor_premium,True,-9355.93,False
2022-05-06,zorba,JEA_NSA,True,anchor_premium_-55000,anchor_premium,True,-26969.27,False
2022-05-06,zorba,USEC_MUN,True,anchor_premium_-55000,anchor_premium,True,-28718.17,False
2022-05-06,taint_tabor,JEA_NSA,True,anchor_premium_-55000,anchor_premium,True,-30842.7,False
2022-05-06,taint_tabor,USEC_MUN,True,anchor_premium_-55000,anchor_premium,True,-32065.54,False
2022-05-06,tense,JEA_NSA,True,anchor_premium_-55000,anchor_premium,True,-15570.29,False
2022-05-06,tense,USEC_MUN,True,anchor_premium_-55000,anchor_premium,True,-17107.14,False
2022-05-13,zorba,JEA_NSA,True,anchor_premium_-55000,anchor_premium,True,-30545.78,False
2022-05-13,zorba,USEC_MUN,True,anchor_premium_-55000,anchor_premium,True,-32289.62,False
2022-05-13,taint_tabor,JEA_NSA,True,anchor_premium_-55000,anchor_premium,True,-34358.08,False
2022-05-13,taint_tabor,USEC_MUN,True,anchor_premium_-55000,anchor_premium,True,-35576.54,False
2022-05-13,tense,JEA_NSA,True,anchor_premium_-55000,anchor_premium,True,-19646.13,False
2022-05-13,tense,USEC_MUN,True,anchor_premium_-55000,anchor_premium,True,-21182.88,False
2022-05-20,zorba,JEA_NSA,True,anchor_premium_-55000,anchor_premium,True,-29632.96,False
2022-05-20,zorba,USEC_MUN,True,anchor_premium_-55000,anchor_premium,True,-31462.96,False
2022-05-20,taint_tabor,JEA_NSA,True,anchor_premium_-55000,anchor_premium,True,-33470.5,False
2022-05-20,taint_tabor,USEC_MUN,True,anchor_premium_-55000,anchor_premium,True,-34772.78,False
2022-05-20,tense,JEA_NSA,True,anchor_premium_-55000,anchor_premium,True,-17616.64,False
2022-05-20,tense,USEC_MUN,True,anchor_premium_-55000,anchor_premium,True,-19228.1,False
2022-05-27,zorba,JEA_NSA,True,anchor_premium_-55000,anchor_premium,True,-34562.21,False
2022-05-27,zorba,USEC_MUN,True,anchor_premium_-55000,anchor_premium,True,-36392.27,False
2022-05-27,taint_tabor,JEA_NSA,True,anchor_premium_-55000,anchor_premium,True,-38422.09,False
2022-05-27,taint_tabor,USEC_MUN,True,anchor_premium_-55000,anchor_premium,True,-39725.61,False
2022-05-27,tense,JEA_NSA,True,anchor_premium_-55000,anchor_premium,True,-23125.97,False
2022-05-27,tense,USEC_MUN,True,anchor_premium_-55000,anchor_premium,True,-24742.56,False
2022-06-03,zorba,JEA_NSA,True,anchor_premium_-55000,anchor_premium,True,-36957.93,False
2022-06-03,zorba,USEC_MUN,True,anchor_premium_-55000,anchor_premium,True,-38808.18,False
2022-06-03,taint_tabor,JEA_NSA,True,anchor_premium_-55000,anchor_premium,True,-40757.63,False
2022-06-03,taint_tabor,USEC_MUN,True,anchor_premium_-55000,anchor_premium,True,-42084.11,False
2022-06-03,tense,JEA_NSA,True,anchor_premium_-55000,anchor_premium,True,-26135.01,False
2022-06-03,tense,USEC_MUN,True,anchor_premium_-55000,anchor_premium,True,-27780.43,False
2022-06-10,zorba,JEA_NSA,True,anchor_premium_-55000,anchor_premium,True,-39127.4,False
2022-06-10,zorba,USEC_MUN,True,anchor_premium_-55000,anchor_premium,True,-40917.66,False
2022-06-10,taint_tabor,JEA_NSA,True,anchor_premium_-55000,anchor_premium,True,-42893.9,False
2022-06-10,taint_tabor,USEC_MUN,True,anchor_premium_-55000,anchor_premium,True,-44157.37,False
2022-06-10,tense,JEA_NSA,True,anchor_premium_-55000,anchor_premium,True,-28305.19,False
2022-06-10,tense,USEC_MUN,True,anchor_premium_-55000,anchor_premium,True,-29886.24,False
2022-06-17,zorba,JEA_NSA,True,anchor_premium_-55000,anchor_premium,True,-43488.6,False
2022-06-17,zorba,USEC_MUN,True,anchor_premium_-55000,anchor_premium,True,-45268.24,False
2022-06-17,taint_tabor,JEA_NSA,True,anchor_premium_-55000,anchor_premium,True,-47214.73,False
2022-06-17,taint_tabor,USEC_MUN,True,anchor_premium_-55000,anchor_premium,True,-48469.77,False
2022-06-17,tense,JEA_NSA,True,anchor_premium_-55000,anchor_premium,True,-33794.83,False
2022-06-17,tense,USEC_MUN,True,anchor_premium_-55000,anchor_premium,True,-35374.24,False
2022-06-24,zorba,JEA_NSA,True,anchor_premium_-55000,anchor_premium,True,-43399.93,False
2022-06-24,zorba,USEC_MUN,True,anchor_premium_-55000,anchor_premium,True,-45164.85,False
2022-06-24,taint_tabor,JEA_NSA,True,anchor_premium_-55000,anchor_premium,True,-47078.09,False
2022-06-24,taint_tabor,USEC_MUN,True,anchor_premium_-55000,anchor_premium,True,-48318.67,False
2022-06-24,tense,JEA_NSA,True,anchor_premium_-55000,anchor_premium,True,-33897.05,False
2022-06-24,tense,USEC_MUN,True,anchor_premium_-55000,anchor_premium,True,-35463.91,False
2022-07-01,zorba,JEA_NSA,True,anchor_premium_-55000,anchor_premium,True,-43563.17,False
2022-07-01,zorba,USEC_MUN,True,anchor_premium_-55000,anchor_premium,True,-45195.5,False
2022-07-01,taint_tabor,JEA_NSA,True,anchor_premium_-55000,anchor_premium,True,-47213.4,False
2022-07-01,taint_tabor,USEC_MUN,True,anchor_premium_-55000,anchor_premium,True,-48316.75,False
2022-07-01,tense,JEA_NSA,True,anchor_premium_-55000,anchor_premium,True,-34185.52,False
2022-07-01,tense,USEC_MUN,True,anchor_premium_-55000,anchor_premium,True,-35613.82,False
2022-07-08,zorba,JEA_NSA,True,anchor_premium_-55000,anchor_premium,True,-43949.8,False
2022-07-08,zorba,USEC_MUN,True,anchor_premium_-55000,anchor_premium,True,-45590.85,False
2022-07-08,taint_tabor,JEA_NSA,True,anchor_premium_-55000,anchor_premium,True,-47612.91,False
2022-07-08,taint_tabor,USEC_MUN,True,anchor_premium_-55000,anchor_premium,True,-48724.59,False
2022-07-08,tense,JEA_NSA,True,anchor_premium_-55000,anchor_premium,True,-34463.75,False
2022-07-08,tense,USEC_MUN,True,anchor_premium_-55000,anchor_premium,True,-35899.51,False
2022-07-15,zorba,JEA_NSA,True,anchor_premium_-55000,anchor_premium,True,-44937.37,False
2022-07-15,zorba,USEC_MUN,True,anchor_premium_-55000,anchor_premium,True,-46579.14,False
2022-07-15,taint_tabor,JEA_NSA,True,anchor_premium_-55000,anchor_premium,True,-48583.72,False
2022-07-15,taint_tabor,USEC_MUN,True,anchor_premium_-55000,anchor_premium,True,-49696.62,False
2022-07-15,tense,JEA_NSA,True,anchor_premium_-55000,anchor_premium,True,-35795.67,False
2022-07-15,tense,USEC_MUN,True,anchor_premium_-55000,anchor_premium,True,-37234.78,False
2022-07-22,zorba,JEA_NSA,True,anchor_premium_-55000,anchor_premium,True,-39981.51,False
2022-07-22,zorba,USEC_MUN,True,anchor_premium_-55000,anchor_premium,True,-41624.22,False
2022-07-22,taint_tabor,JEA_NSA,True,anchor_premium_-55000,anchor_premium,True,-43636.96,False
2022-07-22,taint_tabor,USEC_MUN,True,anchor_premium_-55000,anchor_premium,True,-44748.96,False
2022-07-22,tense,JEA_NSA,True,anchor_premium_-55000,anchor_premium,True,-30104.12,False
2022-07-22,tense,USEC_MUN,True,anchor_premium_-55000,anchor_premium,True,-31536.63,False
2022-07-29,zorba,JEA_NSA,True,anchor_premium_-55000,anchor_premium,True,-36678.91,False
2022-07-29,zorba,USEC_MUN,True,anchor_premium_-55000,anchor_premium,True,-38282.57,False
2022-07-29,taint_tabor,JEA_NSA,True,anchor_premium_-55000,anchor_premium,True,-40294.19,False
2022-07-29,taint_tabor,USEC_MUN,True,anchor_premium_-55000,anchor_premium,True,-41367.73,False
2022-07-29,tense,JEA_NSA,True,anchor_premium_-55000,anchor_premium,True,-26957.42,False
2022-07-29,tense,USEC_MUN,True,anchor_premium_-55000,anchor_premium,True,-28352.79,False
2022-08-05,zorba,JEA_NSA,True,anchor_premium_-55000,anchor_premium,True,-33534.39,False
2022-08-05,zorba,USEC_MUN,True,anchor_premium_-55000,anchor_premium,True,-35144.17,False
2022-08-05,taint_tabor,JEA_NSA,True,anchor_premium_-55000,anchor_premium,True,-37143.17,False
2022-08-05,taint_tabor,USEC_MUN,True,anchor_premium_-55000,anchor_premium,True,-38224.07,False
2022-08-05,tense,JEA_NSA,True,anchor_premium_-55000,anchor_premium,True,-23805.42,False
2022-08-05,tense,USEC_MUN,True,anchor_premium_-55000,anchor_premium,True,-25208.86,False
2022-08-12,zorba,JEA_NSA,True,anchor_premium_-55000,anchor_premium,True,-30545.34,False
2022-08-12,zorba,USEC_MUN,True,anchor_premium_-55000,anchor_premium,True,-32138.96,False
2022-08-12,taint_tabor,JEA_NSA,True,anchor_premium_-55000,anchor_premium,True,-34189.53,False
2022-08-12,taint_tabor,USEC_MUN,True,anchor_premium_-55000,anchor_premium,True,-35253.55,False
2022-08-12,tense,JEA_NSA,True,anchor_premium_-55000,anchor_premium,True,-20625.49,False
2022-08-12,tense,USEC_MUN,True,anchor_premium_-55000,anchor_premium,True,-22010.48,False
2022-08-19,zorba,JEA_NSA,True,anchor_premium_-55000,anchor_premium,True,-32602.78,False
2022-08-19,zorba,USEC_MUN,True,anchor_premium_-55000,anchor_premium,True,-34209.88,False
2022-08-19,taint_tabor,JEA_NSA,True,anchor_premium_-55000,anchor_premium,True,-36217.12,False
2022-08-19,taint_tabor,USEC_MUN,True,anchor_premium_-55000,anchor_premium,True,-37295.68,False
2022-08-19,tense,JEA_NSA,True,anchor_premium_-55000,anchor_premium,True,-23171.28,False
2022-08-19,tense,USEC_MUN,True,anchor_premium_-55000,anchor_premium,True,-24573.06,False
2022-08-26,zorba,JEA_NSA,True,anchor_premium_-55000,anchor_premium,True,-34747.61,False
2022-08-26,zorba,USEC_MUN,True,anchor_premium_-55000,anchor_premium,True,-36415.24,False
2022-08-26,taint_tabor,JEA_NSA,True,anchor_premium_-55000,anchor_premium,True,-38397.21,False
2022-08-26,taint_tabor,USEC_MUN,True,anchor_premium_-55000,anchor_premium,True,-39534.82,False
2022-08-26,tense,JEA_NSA,True,anchor_premium_-55000,anchor_premium,True,-24692.47,False
2022-08-26,tense,USEC_MUN,True,anchor_premium_-55000,anchor_premium,True,-26148.13,False
2022-09-02,zorba,JEA_NSA,True,anchor_premium_-55000,anchor_premium,True,-39479.5,False
2022-09-02,zorba,USEC_MUN,True,anchor_premium_-55000,anchor_premium,True,-41080.32,False
2022-09-02,taint_tabor,JEA_NSA,True,anchor_premium_-55000,anchor_premium,True,-43031.76,False
2022-09-02,taint_tabor,USEC_MUN,True,anchor_premium_-55000,anchor_premium,True,-44103.12,False
2022-09-02,tense,JEA_NSA,True,anchor_premium_-55000,anchor_premium,True,-30393.46,False
2022-09-02,tense,USEC_MUN,True,anchor_premium_-55000,anchor_premium,True,-31790.25,False
2022-09-09,zorba,JEA_NSA,False,anchor_premium_-55000,anchor_premium,True,-44621.96,False
2022-09-09,zorba,USEC_MUN,False,anchor_premium_-55000,anchor_premium,True,-46255.97,False
2022-09-09,taint_tabor,JEA_NSA,False,anchor_premium_-55000,anchor_premium,True,-48222.34,False
2022-09-09,taint_tabor,USEC_MUN,False,anchor_premium_-55000,anchor_premium,True,-49327.53,False
2022-09-09,tense,JEA_NSA,False,anchor_premium_-55000,anchor_premium,True,-35731.63,False
2022-09-09,tense,USEC_MUN,False,anchor_premium_-55000,anchor_premium,True,-37163.16,False
2022-09-16,zorba,JEA_NSA,False,anchor_premium_-55000,anchor_premium,True,-47686.32,False
2022-09-16,zorba,USEC_MUN,False,anchor_premium_-55000,anchor_premium,True,-49340.48,False
2022-09-16,taint_tabor,JEA_NSA,False,anchor_premium_-55000,anchor_premium,True,-51280.37,False
2022-09-16,taint_tabor,USEC_MUN,False,anchor_premium_-55000,anchor_premium,True,-52405.86,False
2022-09-16,tense,JEA_NSA,False,anchor_premium_-55000,anchor_premium,True,-38901.79,False
2022-09-16,tense,USEC_MUN,False,anchor_premium_-55000,anchor_premium,True,-40354.55,False
2022-09-23,zorba,JEA_NSA,False,anchor_premium_-55000,anchor_premium,True,-48962.2,False
2022-09-23,zorba,USEC_MUN,False,anchor_premium_-55000,anchor_premium,True,-50600.63,False
2022-09-23,taint_tabor,JEA_NSA,False,anchor_premium_-55000,anchor_premium,True,-52569.82,False
2022-09-23,taint_tabor,USEC_MUN,False,anchor_premium_-55000,anchor_premium,True,-53679.9,False
2022-09-23,tense,JEA_NSA,False,anchor_premium_-55000,anchor_premium,True,-40561.18,False
2022-09-23,tense,USEC_MUN,False,anchor_premium_-55000,anchor_premium,True,-42001.9,False
2022-09-30,zorba,JEA_NSA,False,anchor_premium_-55000,anchor_premium,True,-48827.73,False
2022-09-30,zorba,USEC_MUN,False,anchor_premium_-55000,anchor_premium,True,-50405.24,False
2022-09-30,taint_tabor,JEA_NSA,False,anchor_premium_-55000,anchor_premium,True,-52452.59,False
2022-09-30,taint_tabor,USEC_MUN,False,anchor_premium_-55000,anchor_premium,True,-53498.46,False
2022-09-30,tense,JEA_NSA,False,anchor_premium_-55000,anchor_premium,True,-40227.76,False
2022-09-30,tense,USEC_MUN,False,anchor_premium_-55000,anchor_premium,True,-41601.11,False
2022-10-07,zorba,JEA_NSA,False,anchor_premium_-55000,anchor_premium,True,-46242.12,False
2022-10-07,zorba,USEC_MUN,False,anchor_premium_-55000,anchor_premium,True,-47890.79,False
2022-10-07,taint_tabor,JEA_NSA,False,anchor_premium_-55000,anchor_premium,True,-49876.54,False
2022-10-07,taint_tabor,USEC_MUN,False,anchor_premium_-55000,anchor_premium,True,-50991.65,False
2022-10-07,tense,JEA_NSA,False,anchor_premium_-55000,anchor_premium,True,-36590.28,False
2022-10-07,tense,USEC_MUN,False,anchor_premium_-55000,anchor_premium,True,-38025.57,False
2022-10-14,zorba,JEA_NSA,False,anchor_premium_-55000,anchor_premium,True,-45906.48,False
2022-10-14,zorba,USEC_MUN,False,anchor_premium_-55000,anchor_premium,True,-47539.35,False
2022-10-14,taint_tabor,JEA_NSA,False,anchor_premium_-55000,anchor_premium,True,-49504.69,False
2022-10-14,taint_tabor,USEC_MUN,False,anchor_premium_-55000,anchor_premium,True,-50604.42,False
2022-10-14,tense,JEA_NSA,False,anchor_premium_-55000,anchor_premium,True,-36452.07,False
2022-10-14,tense,USEC_MUN,False,anchor_premium_-55000,anchor_premium,True,-37873.88,False
2022-10-21,zorba,JEA_NSA,False,anchor_premium_-55000,anchor_premium,True,-48782.73,False
2022-10-21,zorba,USEC_MUN,False,anchor_premium_-55000,anchor_premium,True,-50430.37,False
2022-10-21,taint_tabor,JEA_NSA,False,anchor_premium_-55000,anchor_premium,True,-52415.23,False
2022-10-21,taint_tabor,USEC_MUN,False,anchor_premium_-55000,anchor_premium,True,-53531.39,False
2022-10-21,tense,JEA_NSA,False,anchor_premium_-55000,anchor_premium,True,-40073.09,False
2022-10-21,tense,USEC_MUN,False,anchor_premium_-55000,anchor_premium,True,-41515.01,False
2022-10-28,zorba,JEA_NSA,False,anchor_premium_-55000,anchor_premium,True,-47927.29,False
2022-10-28,zorba,USEC_MUN,False,anchor_premium_-55000,anchor_premium,True,-49585.65,False
2022-10-28,taint_tabor,JEA_NSA,False,anchor_premium_-55000,anchor_premium,True,-51558.94,False
2022-10-28,taint_tabor,USEC_MUN,False,anchor_premium_-55000,anchor_premium,True,-52685.22,False
2022-10-28,tense,JEA_NSA,False,anchor_premium_-55000,anchor_premium,True,-38921.39,False
2022-10-28,tense,USEC_MUN,False,anchor_premium_-55000,anchor_premium,True,-40370.85,False
2022-01-07,zorba,JEA_NSA,False,anchor_premium_-52000,anchor_premium,True,-18779.64,False
2022-01-07,zorba,USEC_MUN,False,anchor_premium_-52000,anchor_premium,True,-20688.06,False
2022-01-07,taint_tabor,JEA_NSA,False,anchor_premium_-52000,anchor_premium,True,-22481.45,False
2022-01-07,taint_tabor,USEC_MUN,False,anchor_premium_-52000,anchor_premium,True,-23873.33,False
2022-01-07,tense,JEA_NSA,False,anchor_premium_-52000,anchor_premium,True,-7321.99,False
2022-01-07,tense,USEC_MUN,False,anchor_premium_-52000,anchor_premium,True,-9034.26,False
2022-01-14,zorba,JEA_NSA,False,anchor_premium_-52000,anchor_premium,True,-14046.09,False
2022-01-14,zorba,USEC_MUN,False,anchor_premium_-52000,anchor_premium,True,-15935.51,False
2022-01-14,taint_tabor,JEA_NSA,False,anchor_premium_-52000,anchor_premium,True,-17744.46,False
2022-01-14,taint_tabor,USEC_MUN,False,anchor_premium_-52000,anchor_premium,True,-19117.03,False
2022-01-14,tense,JEA_NSA,False,anchor_premium_-52000,anchor_premium,True,-2337.91,False
2022-01-14,tense,USEC_MUN,False,anchor_premium_-52000,anchor_premium,True,-4029.17,False
2022-01-21,zorba,JEA_NSA,False,anchor_premium_-52000,anchor_premium,True,-11095.65,False
2022-01-21,zorba,USEC_MUN,False,anchor_premium_-52000,anchor_premium,True,-13004.18,False
2022-01-21,taint_tabor,JEA_NSA,False,anchor_premium_-52000,anchor_premium,True,-14780.84,False
2022-01-21,taint_tabor,USEC_MUN,False,anchor_premium_-52000,anchor_premium,True,-16171.65,False
2022-01-21,tense,JEA_NSA,False,anchor_premium_-52000,anchor_premium,True,1137.59,False
2022-01-21,tense,USEC_MUN,False,anchor_premium_-52000,anchor_premium,True,-568.6,False
2022-01-28,zorba,JEA_NSA,False,anchor_premium_-52000,anchor_premium,True,-10268.58,False
2022-01-28,zorba,USEC_MUN,False,anchor_premium_-52000,anchor_premium,True,-12192.32,False
2022-01-28,taint_tabor,JEA_NSA,False,anchor_premium_-52000,anchor_premium,True,-13964.45,False
2022-01-28,taint_tabor,USEC_MUN,False,anchor_premium_-52000,anchor_premium,True,-15369.76,False
2022-01-28,tense,JEA_NSA,False,anchor_premium_-52000,anchor_premium,True,2245.48,False
2022-01-28,tense,USEC_MUN,False,anchor_premium_-52000,anchor_premium,True,526.51,False
2022-02-04,zorba,JEA_NSA,False,anchor_premium_-52000,anchor_premium,True,-10669.62,False
2022-02-04,zorba,USEC_MUN,False,anchor_premium_-52000,anchor_premium,True,-12492.31,False
2022-02-04,taint_tabor,JEA_NSA,False,anchor_premium_-52000,anchor_premium,True,-14340.72,False
2022-02-04,taint_tabor,USEC_MUN,False,anchor_premium_-52000,anchor_premium,True,-15642.0,False
2022-02-04,tense,JEA_NSA,False,anchor_premium_-52000,anchor_premium,True,1681.27,False
2022-02-04,tense,USEC_MUN,False,anchor_premium_-52000,anchor_premium,True,67.21,False
2022-02-11,zorba,JEA_NSA,False,anchor_premium_-52000,anchor_premium,True,-9182.19,False
2022-02-11,zorba,USEC_MUN,False,anchor_premium_-52000,anchor_premium,True,-11043.09,False
2022-02-11,taint_tabor,JEA_NSA,False,anchor_premium_-52000,anchor_premium,True,-12917.8,False
2022-02-11,taint_tabor,USEC_MUN,False,anchor_premium_-52000,anchor_premium,True,-14255.96,False
2022-02-11,tense,JEA_NSA,False,anchor_premium_-52000,anchor_premium,True,3841.4,False
2022-02-11,tense,USEC_MUN,False,anchor_premium_-52000,anchor_premium,True,2195.44,False
2022-02-18,zorba,JEA_NSA,False,anchor_premium_-52000,anchor_premium,True,-4800.18,False
2022-02-18,zorba,USEC_MUN,False,anchor_premium_-52000,anchor_premium,True,-6656.85,False
2022-02-18,taint_tabor,JEA_NSA,False,anchor_premium_-52000,anchor_premium,True,-8490.69,False
2022-02-18,taint_tabor,USEC_MUN,False,anchor_premium_-52000,anchor_premium,True,-9824.2,False
2022-02-18,tense,JEA_NSA,False,anchor_premium_-52000,anchor_premium,True,8628.94,True
2022-02-18,tense,USEC_MUN,False,anchor_premium_-52000,anchor_premium,True,6990.24,True
2022-02-25,zorba,JEA_NSA,False,anchor_premium_-52000,anchor_premium,True,223.96,False
2022-02-25,zorba,USEC_MUN,False,anchor_premium_-52000,anchor_premium,True,-1615.61,False
2022-02-25,taint_tabor,JEA_NSA,False,anchor_premium_-52000,anchor_premium,True,-3522.18,False
2022-02-25,taint_tabor,USEC_MUN,False,anchor_premium_-52000,anchor_premium,True,-4837.71,False
2022-02-25,tense,JEA_NSA,False,anchor_premium_-52000,anchor_premium,True,14004.47,True
2022-02-25,tense,USEC_MUN,False,anchor_premium_-52000,anchor_premium,True,12386.41,True
2022-03-04,zorba,JEA_NSA,True,anchor_premium_-52000,anchor_premium,True,14688.58,True
2022-03-04,zorba,USEC_MUN,True,anchor_premium_-52000,anchor_premium,True,12689.16,True
2022-03-04,taint_tabor,JEA_NSA,True,anchor_premium_-52000,anchor_premium,True,10714.39,True
2022-03-04,taint_tabor,USEC_MUN,True,anchor_premium_-52000,anchor_premium,True,9241.98,True
2022-03-04,tense,JEA_NSA,True,anchor_premium_-52000,anchor_premium,True,31352.44,True
2022-03-04,tense,USEC_MUN,True,anchor_premium_-52000,anchor_premium,True,29597.34,True
2022-03-11,zorba,JEA_NSA,True,anchor_premium_-52000,anchor_premium,True,9353.83,True
2022-03-11,zorba,USEC_MUN,True,anchor_premium_-52000,anchor_premium,True,7466.67,True
2022-03-11,taint_tabor,JEA_NSA,True,anchor_premium_-52000,anchor_premium,True,5345.33,True
2022-03-11,taint_tabor,USEC_MUN,True,anchor_premium_-52000,anchor_premium,True,3982.27,False
2022-03-11,tense,JEA_NSA,True,anchor_premium_-52000,anchor_premium,True,24109.8,True
2022-03-11,tense,USEC_MUN,True,anchor_premium_-52000,anchor_premium,True,22451.48,True
2022-03-18,zorba,JEA_NSA,True,anchor_premium_-52000,anchor_premium,True,8576.24,True
2022-03-18,zorba,USEC_MUN,True,anchor_premium_-52000,anchor_premium,True,6727.9,True
2022-03-18,taint_tabor,JEA_NSA,True,anchor_premium_-52000,anchor_premium,True,4629.98,False
2022-03-18,taint_tabor,USEC_MUN,True,anchor_premium_-52000,anchor_premium,True,3304.77,False
2022-03-18,tense,JEA_NSA,True,anchor_premium_-52000,anchor_premium,True,22768.49,True
2022-03-18,tense,USEC_MUN,True,anchor_premium_-52000,anchor_premium,True,21143.81,True
2022-03-25,zorba,JEA_NSA,True,anchor_premium_-52000,anchor_premium,True,9099.55,True
2022-03-25,zorba,USEC_MUN,True,anchor_premium_-52000,anchor_premium,True,7171.71,True
2022-03-25,taint_tabor,JEA_NSA,True,anchor_premium_-52000,anchor_premium,True,5099.28,True
2022-03-25,taint_tabor,USEC_MUN,True,anchor_premium_-52000,anchor_premium,True,3696.22,False
2022-03-25,tense,JEA_NSA,True,anchor_premium_-52000,anchor_premium,True,24335.71,True
2022-03-25,tense,USEC_MUN,True,anchor_premium_-52000,anchor_premium,True,22640.68,True
2022-04-01,zorba,JEA_NSA,True,anchor_premium_-52000,anchor_premium,True,3308.68,False
2022-04-01,zorba,USEC_MUN,True,anchor_premium_-52000,anchor_premium,True,1480.31,False
2022-04-01,taint_tabor,JEA_NSA,True,anchor_premium_-52000,anchor_premium,True,-651.01,False
2022-04-01,taint_tabor,USEC_MUN,True,anchor_premium_-52000,anchor_premium,True,-1951.58,False
2022-04-01,tense,JEA_NSA,True,anchor_premium_-52000,anchor_premium,True,18024.27,True
2022-04-01,tense,USEC_MUN,True,anchor_premium_-52000,anchor_premium,True,16430.34,True
2022-04-08,zorba,JEA_NSA,True,anchor_premium_-52000,anchor_premium,True,-2940.2,False
2022-04-08,zorba,USEC_MUN,True,anchor_premium_-52000,anchor_premium,True,-4784.19,False
2022-04-08,taint_tabor,JEA_NSA,True,anchor_premium_-52000,anchor_premium,True,-6904.94,False
2022-04-08,taint_tabor,USEC_MUN,True,anchor_premium_-52000,anchor_premium,True,-8222.03,False
2022-04-08,tense,JEA_NSA,True,anchor_premium_-52000,anchor_premium,True,11287.95,True
2022-04-08,tense,USEC_MUN,True,anchor_premium_-52000,anchor_premium,True,9674.28,True
2022-04-15,zorba,JEA_NSA,True,anchor_premium_-52000,anchor_premium,True,-8596.65,False
2022-04-15,zorba,USEC_MUN,True,anchor_premium_-52000,anchor_premium,True,-10430.84,False
2022-04-15,taint_tabor,JEA_NSA,True,anchor_premium_-52000,anchor_premium,True,-12510.35,False
2022-04-15,taint_tabor,USEC_MUN,True,anchor_premium_-52000,anchor_premium,True,-13818.82,False
2022-04-15,tense,JEA_NSA,True,anchor_premium_-52000,anchor_premium,True,4867.28,False
2022-04-15,tense,USEC_MUN,True,anchor_premium_-52000,anchor_premium,True,3256.4,False
2022-04-22,zorba,JEA_NSA,True,anchor_premium_-52000,anchor_premium,True,-11851.58,False
2022-04-22,zorba,USEC_MUN,True,anchor_premium_-52000,anchor_premium,True,-13736.03,False
2022-04-22,taint_tabor,JEA_NSA,True,anchor_premium_-52000,anchor_premium,True,-15746.37,False
2022-04-22,taint_tabor,USEC_MUN,True,anchor_premium_-52000,anchor_premium,True,-17104.78,False
2022-04-22,tense,JEA_NSA,True,anchor_premium_-52000,anchor_premium,True,1695.0,False
2022-04-22,tense,USEC_MUN,True,anchor_premium_-52000,anchor_premium,True,35.62,False
2022-04-29,zorba,JEA_NSA,True,anchor_premium_-52000,anchor_premium,True,-17441.15,False
2022-04-29,zorba,USEC_MUN,True,anchor_premium_-52000,anchor_premium,True,-19291.87,False
2022-04-29,taint_tabor,JEA_NSA,True,anchor_premium_-52000,anchor_premium,True,-21223.06,False
2022-04-29,taint_tabor,USEC_MUN,True,anchor_premium_-52000,anchor_premium,True,-22549.53,False
2022-04-29,tense,JEA_NSA,True,anchor_premium_-52000,anchor_premium,True,-4970.22,False
2022-04-29,tense,USEC_MUN,True,anchor_premium_-52000,anchor_premium,True,-6606.15,False
2022-05-06,zorba,JEA_NSA,True,anchor_premium_-52000,anchor_premium,True,-24372.89,False
2022-05-06,zorba,USEC_MUN,True,anchor_premium_-52000,anchor_premium,True,-26121.8,False
2022-05-06,taint_tabor,JEA_NSA,True,anchor_premium_-52000,anchor_premium,True,-28151.43,False
2022-05-06,taint_tabor,USEC_MUN,True,anchor_premium_-52000,anchor_premium,True,-29374.26,False
2022-05-06,tense,JEA_NSA,True,anchor_premium_-52000,anchor_premium,True,-12820.51,False
2022-05-06,tense,USEC_MUN,True,anchor_premium_-52000,anchor_premium,True,-14357.36,False
2022-05-13,zorba,JEA_NSA,True,anchor_premium_-52000,anchor_premium,True,-27949.4,False
2022-05-13,zorba,USEC_MUN,True,anchor_premium_-52000,anchor_premium,True,-29693.24,False
2022-05-13,taint_tabor,JEA_NSA,True,anchor_premium_-52000,anchor_premium,True,-31666.81,False
2022-05-13,taint_tabor,USEC_MUN,True,anchor_premium_-52000,anchor_premium,True,-32885.26,False
2022-05-13,tense,JEA_NSA,True,anchor_premium_-52000,anchor_premium,True,-16896.35,False
2022-05-13,tense,USEC_MUN,True,anchor_premium_-52000,anchor_premium,True,-18433.1,False
2022-05-20,zorba,JEA_NSA,True,anchor_premium_-52000,anchor_premium,True,-27036.59,False
2022-05-20,zorba,USEC_MUN,True,anchor_premium_-52000,anchor_premium,True,-28866.59,False
2022-05-20,taint_tabor,JEA_NSA,True,anchor_premium_-52000,anchor_premium,True,-30779.23,False
2022-05-20,taint_tabor,USEC_MUN,True,anchor_premium_-52000,anchor_premium,True,-32081.5,False
2022-05-20,tense,JEA_NSA,True,anchor_premium_-52000,anchor_premium,True,-14866.86,False
2022-05-20,tense,USEC_MUN,True,anchor_premium_-52000,anchor_premium,True,-16478.32,False
2022-05-27,zorba,JEA_NSA,True,anchor_premium_-52000,anchor_premium,True,-31965.84,False
2022-05-27,zorba,USEC_MUN,True,anchor_premium_-52000,anchor_premium,True,-33795.9,False
2022-05-27,taint_tabor,JEA_NSA,True,anchor_premium_-52000,anchor_premium,True,-35730.81,False
2022-05-27,taint_tabor,USEC_MUN,True,anchor_premium_-52000,anchor_premium,True,-37034.33,False
2022-05-27,tense,JEA_NSA,True,anchor_premium_-52000,anchor_premium,True,-20376.19,False
2022-05-27,tense,USEC_MUN,True,anchor_premium_-52000,anchor_premium,True,-21992.78,False
2022-06-03,zorba,JEA_NSA,True,anchor_premium_-52000,anchor_premium,True,-34361.55,False
2022-06-03,zorba,USEC_MUN,True,anchor_premium_-52000,anchor_premium,True,-36211.8,False
2022-06-03,taint_tabor,JEA_NSA,True,anchor_premium_-52000,anchor_premium,True,-38066.36,False
2022-06-03,taint_tabor,USEC_MUN,True,anchor_premium_-52000,anchor_premium,True,-39392.84,False
2022-06-03,tense,JEA_NSA,True,anchor_premium_-52000,anchor_premium,True,-23385.23,False
2022-06-03,tense,USEC_MUN,True,anchor_premium_-52000,anchor_premium,True,-25030.65,False
2022-06-10,zorba,JEA_NSA,True,anchor_premium_-52000,anchor_premium,True,-36531.02,False
2022-06-10,zorba,USEC_MUN,True,anchor_premium_-52000,anchor_premium,True,-38321.29,False
2022-06-10,taint_tabor,JEA_NSA,True,anchor_premium_-52000,anchor_premium,True,-40202.63,False
2022-06-10,taint_tabor,USEC_MUN,True,anchor_premium_-52000,anchor_premium,True,-41466.09,False
2022-06-10,tense,JEA_NSA,True,anchor_premium_-52000,anchor_premium,True,-25555.41,False
2022-06-10,tense,USEC_MUN,True,anchor_premium_-52000,anchor_premium,True,-27136.46,False
2022-06-17,zorba,JEA_NSA,True,anchor_premium_-52000,anchor_premium,True,-40892.23,False
2022-06-17,zorba,USEC_MUN,True,anchor_premium_-52000,anchor_premium,True,-42671.87,False
2022-06-17,taint_tabor,JEA_NSA,True,anchor_premium_-52000,anchor_premium,True,-44523.45,False
2022-06-17,taint_tabor,USEC_MUN,True,anchor_premium_-52000,anchor_premium,True,-45778.5,False
2022-06-17,tense,JEA_NSA,True,anchor_premium_-52000,anchor_premium,True,-31045.04,False
2022-06-17,tense,USEC_MUN,True,anchor_premium_-52000,anchor_premium,True,-32624.46,False
2022-06-24,zorba,JEA_NSA,True,anchor_premium_-52000,anchor_premium,True,-40803.55,False
2022-06-24,zorba,USEC_MUN,True,anchor_premium_-52000,anchor_premium,True,-42568.47,False
2022-06-24,taint_tabor,JEA_NSA,True,anchor_premium_-52000,anchor_premium,True,-44386.82,False
2022-06-24,taint_tabor,USEC_MUN,True,anchor_premium_-52000,anchor_premium,True,-45627.39,False
2022-06-24,tense,JEA_NSA,True,anchor_premium_-52000,anchor_premium,True,-31147.27,False
2022-06-24,tense,USEC_MUN,True,anchor_premium_-52000,anchor_premium,True,-32714.13,False
2022-07-01,zorba,JEA_NSA,True,anchor_premium_-52000,anchor_premium,True,-40966.79,False
2022-07-01,zorba,USEC_MUN,True,anchor_premium_-52000,anchor_premium,True,-42599.13,False
2022-07-01,taint_tabor,JEA_NSA,True,anchor_premium_-52000,anchor_premium,True,-44522.13,False
2022-07-01,taint_tabor,USEC_MUN,True,anchor_premium_-52000,anchor_premium,True,-45625.48,False
2022-07-01,tense,JEA_NSA,True,anchor_premium_-52000,anchor_premium,True,-31435.74,False
2022-07-01,tense,USEC_MUN,True,anchor_premium_-52000,anchor_premium,True,-32864.04,False
2022-07-08,zorba,JEA_NSA,True,anchor_premium_-52000,anchor_premium,True,-41353.42,False
2022-07-08,zorba,USEC_MUN,True,anchor_premium_-52000,anchor_premium,True,-42994.48,False
2022-07-08,taint_tabor,JEA_NSA,True,anchor_premium_-52000,anchor_premium,True,-44921.64,False
2022-07-08,taint_tabor,USEC_MUN,True,anchor_premium_-52000,anchor_premium,True,-46033.31,False
2022-07-08,tense,JEA_NSA,True,anchor_premium_-52000,anchor_premium,True,-31713.97,False
2022-07-08,tense,USEC_MUN,True,anchor_premium_-52000,anchor_premium,True,-33149.73,False
2022-07-15,zorba,JEA_NSA,True,anchor_premium_-52000,anchor_premium,True,-42341.0,False
2022-07-15,zorba,USEC_MUN,True,anchor_premium_-52000,anchor_premium,True,-43982.77,False
2022-07-15,taint_tabor,JEA_NSA,True,anchor_premium_-52000,anchor_premium,True,-45892.45,False
2022-07-15,taint_tabor,USEC_MUN,True,anchor_premium_-52000,anchor_premium,True,-47005.35,False
2022-07-15,tense,JEA_NSA,True,anchor_premium_-52000,anchor_premium,True,-33045.88,False
2022-07-15,tense,USEC_MUN,True,anchor_premium_-52000,anchor_premium,True,-34484.99,False
2022-07-22,zorba,JEA_NSA,True,anchor_premium_-52000,anchor_premium,True,-37385.13,False
2022-07-22,zorba,USEC_MUN,True,anchor_premium_-52000,anchor_premium,True,-39027.85,False
2022-07-22,taint_tabor,JEA_NSA,True,anchor_premium_-52000,anchor_premium,True,-40945.69,False
2022-07-22,taint_tabor,USEC_MUN,True,anchor_premium_-52000,anchor_premium,True,-42057.69,False
2022-07-22,tense,JEA_NSA,True,anchor_premium_-52000,anchor_premium,True,-27354.34,False
2022-07-22,tense,USEC_MUN,True,anchor_premium_-52000,anchor_premium,True,-28786.85,False
2022-07-29,zorba,JEA_NSA,True,anchor_premium_-52000,anchor_premium,True,-34082.54,False
2022-07-29,zorba,USEC_MUN,True,anchor_premium_-52000,anchor_premium,True,-35686.2,False
2022-07-29,taint_tabor,JEA_NSA,True,anchor_premium_-52000,anchor_premium,True,-37602.92,False
2022-07-29,taint_tabor,USEC_MUN,True,anchor_premium_-52000,anchor_premium,True,-38676.45,False
2022-07-29,tense,JEA_NSA,True,anchor_premium_-52000,anchor_premium,True,-24207.64,False
2022-07-29,tense,USEC_MUN,True,anchor_premium_-52000,anchor_premium,True,-25603.01,False
2022-08-05,zorba,JEA_NSA,True,anchor_premium_-52000,anchor_premium,True,-30938.02,False
2022-08-05,zorba,USEC_MUN,True,anchor_premium_-52000,anchor_premium,True,-32547.79,False
2022-08-05,taint_tabor,JEA_NSA,True,anchor_premium_-52000,anchor_premium,True,-34451.89,False
2022-08-05,taint_tabor,USEC_MUN,True,anchor_premium_-52000,anchor_premium,True,-35532.79,False
2022-08-05,tense,JEA_NSA,True,anchor_premium_-52000,anchor_premium,True,-21055.64,False
2022-08-05,tense,USEC_MUN,True,anchor_premium_-52000,anchor_premium,True,-22459.08,False
2022-08-12,zorba,JEA_NSA,True,anchor_premium_-52000,anchor_premium,True,-27948.97,False
2022-08-12,zorba,USEC_MUN,True,anchor_premium_-52000,anchor_premium,True,-29542.59,False
2022-08-12,taint_tabor,JEA_NSA,True,anchor_premium_-52000,anchor_premium,True,-31498.25,False
2022-08-12,taint_tabor,USEC_MUN,True,anchor_premium_-52000,anchor_premium,True,-32562.28,False
2022-08-12,tense,JEA_NSA,True,anchor_premium_-52000,anchor_premium,True,-17875.71,False
2022-08-12,tense,USEC_MUN,True,anchor_premium_-52000,anchor_premium,True,-19260.69,False
2022-08-19,zorba,JEA_NSA,True,anchor_premium_-52000,anchor_premium,True,-30006.41,False
2022-08-19,zorba,USEC_MUN,True,anchor_premium_-52000,anchor_premium,True,-31613.51,False
2022-08-19,taint_tabor,JEA_NSA,True,anchor_premium_-52000,anchor_premium,True,-33525.84,False
2022-08-19,taint_tabor,USEC_MUN,True,anchor_premium_-52000,anchor_premium,True,-34604.4,False
2022-08-19,tense,JEA_NSA,True,anchor_premium_-52000,anchor_premium,True,-20421.5,False
2022-08-19,tense,USEC_MUN,True,anchor_premium_-52000,anchor_premium,True,-21823.28,False
2022-08-26,zorba,JEA_NSA,True,anchor_premium_-52000,anchor_premium,True,-32151.24,False
2022-08-26,zorba,USEC_MUN,True,anchor_premium_-52000,anchor_premium,True,-33818.87,False
2022-08-26,taint_tabor,JEA_NSA,True,anchor_premium_-52000,anchor_premium,True,-35705.94,False
2022-08-26,taint_tabor,USEC_MUN,True,anchor_premium_-52000,anchor_premium,True,-36843.54,False
2022-08-26,tense,JEA_NSA,True,anchor_premium_-52000,anchor_premium,True,-21942.68,False
2022-08-26,tense,USEC_MUN,True,anchor_premium_-52000,anchor_premium,True,-23398.35,False
2022-09-02,zorba,JEA_NSA,True,anchor_premium_-52000,anchor_premium,True,-36883.13,False
2022-09-02,zorba,USEC_MUN,True,anchor_premium_-52000,anchor_premium,True,-38483.94,False
2022-09-02,taint_tabor,JEA_NSA,True,anchor_premium_-52000,anchor_premium,True,-40340.48,False
2022-09-02,taint_tabor,USEC_MUN,True,anchor_premium_-52000,anchor_premium,True,-41411.84,False
2022-09-02,tense,JEA_NSA,True,anchor_premium_-52000,anchor_premium,True,-27643.68,False
2022-09-02,tense,USEC_MUN,True,anchor_premium_-52000,anchor_premium,True,-29040.47,False
2022-09-09,zorba,JEA_NSA,False,anchor_premium_-52000,anchor_premium,True,-42025.58,False
2022-09-09,zorba,USEC_MUN,False,anchor_premium_-52000,anchor_premium,True,-43659.6,False
2022-09-09,taint_tabor,JEA_NSA,False,anchor_premium_-52000,anchor_premium,True,-45531.06,False
2022-09-09,taint_tabor,USEC_MUN,False,anchor_premium_-52000,anchor_premium,True,-46636.26,False
2022-09-09,tense,JEA_NSA,False,anchor_premium_-52000,anchor_premium,True,-32981.84,False
2022-09-09,tense,USEC_MUN,False,anchor_premium_-52000,anchor_premium,True,-34413.38,False
2022-09-16,zorba,JEA_NSA,False,anchor_premium_-52000,anchor_premium,True,-45089.95,False
2022-09-16,zorba,USEC_MUN,False,anchor_premium_-52000,anchor_premium,True,-46744.1,False
2022-09-16,taint_tabor,JEA_NSA,False,anchor_premium_-52000,anchor_premium,True,-48589.09,False
2022-09-16,taint_tabor,USEC_MUN,False,anchor_premium_-52000,anchor_premium,True,-49714.58,False
2022-09-16,tense,JEA_NSA,False,anchor_premium_-52000,anchor_premium,True,-36152.01,False
2022-09-16,tense,USEC_MUN,False,anchor_premium_-52000,anchor_premium,True,-37604.77,False
2022-09-23,zorba,JEA_NSA,False,anchor_premium_-52000,anchor_premium,True,-46365.83,False
2022-09-23,zorba,USEC_MUN,False,anchor_premium_-52000,anchor_premium,True,-48004.25,False
2022-09-23,taint_tabor,JEA_NSA,False,anchor_premium_-52000,anchor_premium,True,-49878.55,False
2022-09-23,taint_tabor,USEC_MUN,False,anchor_premium_-52000,anchor_premium,True,-50988.62,False
2022-09-23,tense,JEA_NSA,False,anchor_premium_-52000,anchor_premium,True,-37811.4,False
2022-09-23,tense,USEC_MUN,False,anchor_premium_-52000,anchor_premium,True,-39252.11,False
2022-09-30,zorba,JEA_NSA,False,anchor_premium_-52000,anchor_premium,True,-46231.36,False
2022-09-30,zorba,USEC_MUN,False,anchor_premium_-52000,anchor_premium,True,-47808.87,False
2022-09-30,taint_tabor,JEA_NSA,False,anchor_premium_-52000,anchor_premium,True,-49761.31,False
2022-09-30,taint_tabor,USEC_MUN,False,anchor_premium_-52000,anchor_premium,True,-50807.18,False
2022-09-30,tense,JEA_NSA,False,anchor_premium_-52000,anchor_premium,True,-37477.97,False
2022-09-30,tense,USEC_MUN,False,anchor_premium_-52000,anchor_premium,True,-38851.33,False
2022-10-07,zorba,JEA_NSA,False,anchor_premium_-52000,anchor_premium,True,-43645.75,False
2022-10-07,zorba,USEC_MUN,False,anchor_premium_-52000,anchor_premium,True,-45294.41,False
2022-10-07,taint_tabor,JEA_NSA,False,anchor_premium_-52000,anchor_premium,True,-47185.27,False
2022-10-07,taint_tabor,USEC_MUN,False,anchor_premium_-52000,anchor_premium,True,-48300.38,False
2022-10-07,tense,JEA_NSA,False,anchor_premium_-52000,anchor_premium,True,-33840.5,False
2022-10-07,tense,USEC_MUN,False,anchor_premium_-52000,anchor_premium,True,-35275.78,False
2022-10-14,zorba,JEA_NSA,False,anchor_premium_-52000,anchor_premium,True,-43310.1,False
2022-10-14,zorba,USEC_MUN,False,anchor_premium_-52000,anchor_premium,True,-44942.98,False
2022-10-14,taint_tabor,JEA_NSA,False,anchor_premium_-52000,anchor_premium,True,-46813.42,False
2022-10-14,taint_tabor,USEC_MUN,False,anchor_premium_-52000,anchor_premium,True,-47913.14,False
2022-10-14,tense,JEA_NSA,False,anchor_premium_-52000,anchor_premium,True,-33702.29,False
2022-10-14,tense,USEC_MUN,False,anchor_premium_-52000,anchor_premium,True,-35124.1,False
2022-10-21,zorba,JEA_NSA,False,anchor_premium_-52000,anchor_premium,True,-46186.35,False
2022-10-21,zorba,USEC_MUN,False,anchor_premium_-52000,anchor_premium,True,-47834.0,False
2022-10-21,taint_tabor,JEA_NSA,False,anchor_premium_-52000,anchor_premium,True,-49723.96,False
2022-10-21,taint_tabor,USEC_MUN,False,anchor_premium_-52000,anchor_premium,True,-50840.11,False
2022-10-21,tense,JEA_NSA,False,anchor_premium_-52000,anchor_premium,True,-37323.31,False
2022-10-21,tense,USEC_MUN,False,anchor_premium_-52000,anchor_premium,True,-38765.23,False
2022-10-28,zorba,JEA_NSA,False,anchor_premium_-52000,anchor_premium,True,-45330.92,False
2022-10-28,zorba,USEC_MUN,False,anchor_premium_-52000,anchor_premium,True,-46989.28,False
2022-10-28,taint_tabor,JEA_NSA,False,anchor_premium_-52000,anchor_premium,True,-48867.66,False
2022-10-28,taint_tabor,USEC_MUN,False,anchor_premium_-52000,anchor_premium,True,-49993.95,False
2022-10-28,tense,JEA_NSA,False,anchor_premium_-52000,anchor_premium,True,-36171.61,False
2022-10-28,tense,USEC_MUN,False,anchor_premium_-52000,anchor_premium,True,-37621.07,False
2022-01-07,zorba,JEA_NSA,False,anchor_premium_-9000,anchor_premium,True,18435.05,True
2022-01-07,zorba,USEC_MUN,False,anchor_premium_-9000,anchor_premium,True,16526.64,True
2022-01-07,taint_tabor,JEA_NSA,False,anchor_premium_-9000,anchor_premium,True,16093.51,True
2022-01-07,taint_tabor,USEC_MUN,False,anchor_premium_-9000,anchor_premium,True,14701.63,True
2022-01-07,tense,JEA_NSA,False,anchor_premium_-9000,anchor_premium,True,32091.55,True
2022-01-07,tense,USEC_MUN,False,anchor_premium_-9000,anchor_premium,True,30379.28,True
2022-01-14,zorba,JEA_NSA,False,anchor_premium_-9000,anchor_premium,True,23168.61,True
2022-01-14,zorba,USEC_MUN,False,anchor_premium_-9000,anchor_premium,True,21279.18,True
2022-01-14,taint_tabor,JEA_NSA,False,anchor_premium_-9000,anchor_premium,True,20830.5,True
2022-01-14,taint_tabor,USEC_MUN,False,anchor_premium_-9000,anchor_premium,True,19457.93,True
2022-01-14,tense,JEA_NSA,False,anchor_premium_-9000,anchor_premium,True,37075.64,True
2022-01-14,tense,USEC_MUN,False,anchor_premium_-9000,anchor_premium,True,35384.37,True
2022-01-21,zorba,JEA_NSA,False,anchor_premium_-9000,anchor_premium,True,26119.04,True
2022-01-21,zorba,USEC_MUN,False,anchor_premium_-9000,anchor_premium,True,24210.51,True
2022-01-21,taint_tabor,JEA_NSA,False,anchor_premium_-9000,anchor_premium,True,23794.12,True
2022-01-21,taint_tabor,USEC_MUN,False,anchor_premium_-9000,anchor_premium,True,22403.31,True
2022-01-21,tense,JEA_NSA,False,anchor_premium_-9000,anchor_premium,True,40551.13,True
2022-01-21,tense,USEC_MUN,False,anchor_premium_-9000,anchor_premium,True,38844.94,True
2022-01-28,zorba,JEA_NSA,False,anchor_premium_-9000,anchor_premium,True,26946.12,True
2022-01-28,zorba,USEC_MUN,False,anchor_premium_-9000,anchor_premium,True,25022.37,True
2022-01-28,taint_tabor,JEA_NSA,False,anchor_premium_-9000,anchor_premium,True,24610.5,True
2022-01-28,taint_tabor,USEC_MUN,False,anchor_premium_-9000,anchor_premium,True,23205.2,True
2022-01-28,tense,JEA_NSA,False,anchor_premium_-9000,anchor_premium,True,41659.03,True
2022-01-28,tense,USEC_MUN,False,anchor_premium_-9000,anchor_premium,True,39940.05,True
2022-02-04,zorba,JEA_NSA,False,anchor_premium_-9000,anchor_premium,True,26545.08,True
2022-02-04,zorba,USEC_MUN,False,anchor_premium_-9000,anchor_premium,True,24722.38,True
2022-02-04,taint_tabor,JEA_NSA,False,anchor_premium_-9000,anchor_premium,True,24234.24,True
2022-02-04,taint_tabor,USEC_MUN,False,anchor_premium_-9000,anchor_premium,True,22932.96,True
2022-02-04,tense,JEA_NSA,False,anchor_premium_-9000,anchor_premium,True,41094.81,True
2022-02-04,tense,USEC_MUN,False,anchor_premium_-9000,anchor_premium,True,39480.75,True
2022-02-11,zorba,JEA_NSA,False,anchor_premium_-9000,anchor_premium,True,28032.51,True
2022-02-11,zorba,USEC_MUN,False,anchor_premium_-9000,anchor_premium,True,26171.61,True
2022-02-11,taint_tabor,JEA_NSA,False,anchor_premium_-9000,anchor_premium,True,25657.15,True
2022-02-11,taint_tabor,USEC_MUN,False,anchor_premium_-9000,anchor_premium,True,24319.0,True
2022-02-11,tense,JEA_NSA,False,anchor_premium_-9000,anchor_premium,True,43254.94,True
2022-02-11,tense,USEC_MUN,False,anchor_premium_-9000,anchor_premium,True,41608.98,True
2022-02-18,zorba,JEA_NSA,False,anchor_premium_-9000,anchor_premium,True,32414.51,True
2022-02-18,zorba,USEC_MUN,False,anchor_premium_-9000,anchor_premium,True,30557.84,True
2022-02-18,taint_tabor,JEA_NSA,False,anchor_premium_-9000,anchor_premium,True,30084.27,True
2022-02-18,taint_tabor,USEC_MUN,False,anchor_premium_-9000,anchor_premium,True,28750.76,True
2022-02-18,tense,JEA_NSA,False,anchor_premium_-9000,anchor_premium,True,48042.48,True
2022-02-18,tense,USEC_MUN,False,anchor_premium_-9000,anchor_premium,True,46403.78,True
2022-02-25,zorba,JEA_NSA,False,anchor_premium_-9000,anchor_premium,True,37438.65,True
2022-02-25,zorba,USEC_MUN,False,anchor_premium_-9000,anchor_premium,True,35599.09,True
2022-02-25,taint_tabor,JEA_NSA,False,anchor_premium_-9000,anchor_premium,True,35052.77,True
2022-02-25,taint_tabor,USEC_MUN,False,anchor_premium_-9000,anchor_premium,True,33737.25,True
2022-02-25,tense,JEA_NSA,False,anchor_premium_-9000,anchor_premium,True,53418.02,True
2022-02-25,tense,USEC_MUN,False,anchor_premium_-9000,anchor_premium,True,51799.95,True
2022-03-04,zorba,JEA_NSA,True,anchor_premium_-9000,anchor_premium,True,51903.27,True
2022-03-04,zorba,USEC_MUN,True,anchor_premium_-9000,anchor_premium,True,49903.86,True
2022-03-04,taint_tabor,JEA_NSA,True,anchor_premium_-9000,anchor_premium,True,49289.35,True
2022-03-04,taint_tabor,USEC_MUN,True,anchor_premium_-9000,anchor_premium,True,47816.94,True
2022-03-04,tense,JEA_NSA,True,anchor_premium_-9000,anchor_premium,True,70765.99,True
2022-03-04,tense,USEC_MUN,True,anchor_premium_-9000,anchor_premium,True,69010.88,True
2022-03-11,zorba,JEA_NSA,True,anchor_premium_-9000,anchor_premium,True,46568.52,True
2022-03-11,zorba,USEC_MUN,True,anchor_premium_-9000,anchor_premium,True,44681.37,True
2022-03-11,taint_tabor,JEA_NSA,True,anchor_premium_-9000,anchor_premium,True,43920.29,True
2022-03-11,taint_tabor,USEC_MUN,True,anchor_premium_-9000,anchor_premium,True,42557.23,True
2022-03-11,tense,JEA_NSA,True,anchor_premium_-9000,anchor_premium,True,63523.34,True
2022-03-11,tense,USEC_MUN,True,anchor_premium_-9000,anchor_premium,True,61865.03,True
2022-03-18,zorba,JEA_NSA,True,anchor_premium_-9000,anchor_premium,True,45790.93,True
2022-03-18,zorba,USEC_MUN,True,anchor_premium_-9000,anchor_premium,True,43942.6,True
2022-03-18,taint_tabor,JEA_NSA,True,anchor_premium_-9000,anchor_premium,True,43204.94,True
2022-03-18,taint_tabor,USEC_MUN,True,anchor_premium_-9000,anchor_premium,True,41879.73,True
2022-03-18,tense,JEA_NSA,True,anchor_premium_-9000,anchor_premium,True,62182.04,True
2022-03-18,tense,USEC_MUN,True,anchor_premium_-9000,anchor_premium,True,60557.36,True
2022-03-25,zorba,JEA_NSA,True,anchor_premium_-9000,anchor_premium,True,46314.24,True
2022-03-25,zorba,USEC_MUN,True,anchor_premium_-9000,anchor_premium,True,44386.41,True
2022-03-25,taint_tabor,JEA_NSA,True,anchor_premium_-9000,anchor_premium,True,43674.24,True
2022-03-25,taint_tabor,USEC_MUN,True,anchor_premium_-9000,anchor_premium,True,42271.18,True
2022-03-25,tense,JEA_NSA,True,anchor_premium_-9000,anchor_premium,True,63749.25,True
2022-03-25,tense,USEC_MUN,True,anchor_premium_-9000,anchor_premium,True,62054.22,True
2022-04-01,zorba,JEA_NSA,True,anchor_premium_-9000,anchor_premium,True,40523.37,True
2022-04-01,zorba,USEC_MUN,True,anchor_premium_-9000,anchor_premium,True,38695.0,True
2022-04-01,taint_tabor,JEA_NSA,True,anchor_premium_-9000,anchor_premium,True,37923.94,True
2022-04-01,taint_tabor,USEC_MUN,True,anchor_premium_-9000,anchor_premium,True,36623.37,True
2022-04-01,tense,JEA_NSA,True,anchor_premium_-9000,anchor_premium,True,57437.81,True
2022-04-01,tense,USEC_MUN,True,anchor_premium_-9000,anchor_premium,True,55843.88,True
2022-04-08,zorba,JEA_NSA,True,anchor_premium_-9000,anchor_premium,True,34274.49,True
2022-04-08,zorba,USEC_MUN,True,anchor_premium_-9000,anchor_premium,True,32430.5,True
2022-04-08,taint_tabor,JEA_NSA,True,anchor_premium_-9000,anchor_premium,True,31670.02,True
2022-04-08,taint_tabor,USEC_MUN,True,anchor_premium_-9000,anchor_premium,True,30352.93,True
2022-04-08,tense,JEA_NSA,True,anchor_premium_-9000,anchor_premium,True,50701.49,True
2022-04-08,tense,USEC_MUN,True,anchor_premium_-9000,anchor_premium,True,49087.82,True
2022-04-15,zorba,JEA_NSA,True,anchor_premium_-9000,anchor_premium,True,28618.04,True
2022-04-15,zorba,USEC_MUN,True,anchor_premium_-9000,anchor_premium,True,26783.86,True
2022-04-15,taint_tabor,JEA_NSA,True,anchor_premium_-9000,anchor_premium,True,26064.61,True
2022-04-15,taint_tabor,USEC_MUN,True,anchor_premium_-9000,anchor_premium,True,24756.14,True
2022-04-15,tense,JEA_NSA,True,anchor_premium_-9000,anchor_premium,True,44280.82,True
2022-04-15,tense,USEC_MUN,True,anchor_premium_-9000,anchor_premium,True,42669.94,True
2022-04-22,zorba,JEA_NSA,True,anchor_premium_-9000,anchor_premium,True,25363.12,True
2022-04-22,zorba,USEC_MUN,True,anchor_premium_-9000,anchor_premium,True,23478.67,True
2022-04-22,taint_tabor,JEA_NSA,True,anchor_premium_-9000,anchor_premium,True,22828.58,True
2022-04-22,taint_tabor,USEC_MUN,True,anchor_premium_-9000,anchor_premium,True,21470.18,True
2022-04-22,tense,JEA_NSA,True,anchor_premium_-9000,anchor_premium,True,41108.54,True
2022-04-22,tense,USEC_MUN,True,anchor_premium_-9000,anchor_premium,True,39449.16,True
2022-04-29,zorba,JEA_NSA,True,anchor_premium_-9000,anchor_premium,True,19773.54,True
2022-04-29,zorba,USEC_MUN,True,anchor_premium_-9000,anchor_premium,True,17922.83,True
2022-04-29,taint_tabor,JEA_NSA,True,anchor_premium_-9000,anchor_premium,True,17351.9,True
2022-04-29,taint_tabor,USEC_MUN,True,anchor_premium_-9000,anchor_premium,True,16025.43,True
2022-04-29,tense,JEA_NSA,True,anchor_premium_-9000,anchor_premium,True,34443.33,True
2022-04-29,tense,USEC_MUN,True,anchor_premium_-9000,anchor_premium,True,32807.39,True
2022-05-06,zorba,JEA_NSA,True,anchor_premium_-9000,anchor_premium,True,12841.8,True
2022-05-06,zorba,USEC_MUN,True,anchor_premium_-9000,anchor_premium,True,11092.89,True
2022-05-06,taint_tabor,JEA_NSA,True,anchor_premium_-9000,anchor_premium,True,10423.53,True
2022-05-06,taint_tabor,USEC_MUN,True,anchor_premium_-9000,anchor_premium,True,9200.69,True
2022-05-06,tense,JEA_NSA,True,anchor_premium_-9000,anchor_premium,True,26593.03,True
2022-05-06,tense,USEC_MUN,True,anchor_premium_-9000,anchor_premium,True,25056.19,True
2022-05-13,zorba,JEA_NSA,True,anchor_premium_-9000,anchor_premium,True,9265.29,True
2022-05-13,zorba,USEC_MUN,True,anchor_premium_-9000,anchor_premium,True,7521.45,True
2022-05-13,taint_tabor,JEA_NSA,True,anchor_premium_-9000,anchor_premium,True,6908.15,True
2022-05-13,taint_tabor,USEC_MUN,True,anchor_premium_-9000,anchor_premium,True,5689.69,True
2022-05-13,tense,JEA_NSA,True,anchor_premium_-9000,anchor_premium,True,22517.19,True
2022-05-13,tense,USEC_MUN,True,anchor_premium_-9000,anchor_premium,True,20980.44,True
2022-05-20,zorba,JEA_NSA,True,anchor_premium_-9000,anchor_premium,True,10178.1,True
2022-05-20,zorba,USEC_MUN,True,anchor_premium_-9000,anchor_premium,True,8348.1,True
2022-05-20,taint_tabor,JEA_NSA,True,anchor_premium_-9000,anchor_premium,True,7795.73,True
2022-05-20,taint_tabor,USEC_MUN,True,anchor_premium_-9000,anchor_premium,True,6493.46,True
2022-05-20,tense,JEA_NSA,True,anchor_premium_-9000,anchor_premium,True,24546.68,True
2022-05-20,tense,USEC_MUN,True,anchor_premium_-9000,anchor_premium,True,22935.22,True
2022-05-27,zorba,JEA_NSA,True,anchor_premium_-9000,anchor_premium,True,5248.85,True
2022-05-27,zorba,USEC_MUN,True,anchor_premium_-9000,anchor_premium,True,3418.8,False
2022-05-27,taint_tabor,JEA_NSA,True,anchor_premium_-9000,anchor_premium,True,2844.15,False
2022-05-27,taint_tabor,USEC_MUN,True,anchor_premium_-9000,anchor_premium,True,1540.63,False
2022-05-27,tense,JEA_NSA,True,anchor_premium_-9000,anchor_premium,True,19037.35,True
2022-05-27,tense,USEC_MUN,True,anchor_premium_-9000,anchor_premium,True,17420.76,True
2022-06-03,zorba,JEA_NSA,True,anchor_premium_-9000,anchor_premium,True,2853.14,False
2022-06-03,zorba,USEC_MUN,True,anchor_premium_-9000,anchor_premium,True,1002.89,False
2022-06-03,taint_tabor,JEA_NSA,True,anchor_premium_-9000,anchor_premium,True,508.6,False
2022-06-03,taint_tabor,USEC_MUN,True,anchor_premium_-9000,anchor_premium,True,-817.88,False
2022-06-03,tense,JEA_NSA,True,anchor_premium_-9000,anchor_premium,True,16028.31,True
2022-06-03,tense,USEC_MUN,True,anchor_premium_-9000,anchor_premium,True,14382.89,True
2022-06-10,zorba,JEA_NSA,True,anchor_premium_-9000,anchor_premium,True,683.67,False
2022-06-10,zorba,USEC_MUN,True,anchor_premium_-9000,anchor_premium,True,-1106.59,False
2022-06-10,taint_tabor,JEA_NSA,True,anchor_premium_-9000,anchor_premium,True,-1627.67,False
2022-06-10,taint_tabor,USEC_MUN,True,anchor_premium_-9000,anchor_premium,True,-2891.13,False
2022-06-10,tense,JEA_NSA,True,anchor_premium_-9000,anchor_premium,True,13858.14,True
2022-06-10,tense,USEC_MUN,True,anchor_premium_-9000,anchor_premium,True,12277.08,True
2022-06-17,zorba,JEA_NSA,True,anchor_premium_-9000,anchor_premium,True,-3677.54,False
2022-06-17,zorba,USEC_MUN,True,anchor_premium_-9000,anchor_premium,True,-5457.17,False
2022-06-17,taint_tabor,JEA_NSA,True,anchor_premium_-9000,anchor_premium,True,-5948.49,False
2022-06-17,taint_tabor,USEC_MUN,True,anchor_premium_-9000,anchor_premium,True,-7203.54,False
2022-06-17,tense,JEA_NSA,True,anchor_premium_-9000,anchor_premium,True,8368.5,True
2022-06-17,tense,USEC_MUN,True,anchor_premium_-9000,anchor_premium,True,6789.09,True
2022-06-24,zorba,JEA_NSA,True,anchor_premium_-9000,anchor_premium,True,-3588.86,False
2022-06-24,zorba,USEC_MUN,True,anchor_premium_-9000,anchor_premium,True,-5353.78,False
2022-06-24,taint_tabor,JEA_NSA,True,anchor_premium_-9000,anchor_premium,True,-5811.86,False
2022-06-24,taint_tabor,USEC_MUN,True,anchor_premium_-9000,anchor_premium,True,-7052.43,False
2022-06-24,tense,JEA_NSA,True,anchor_premium_-9000,anchor_premium,True,8266.27,True
2022-06-24,tense,USEC_MUN,True,anchor_premium_-9000,anchor_premium,True,6699.42,True
2022-07-01,zorba,JEA_NSA,True,anchor_premium_-9000,anchor_premium,True,-3752.1,False
2022-07-01,zorba,USEC_MUN,True,anchor_premium_-9000,anchor_premium,True,-5384.44,False
2022-07-01,taint_tabor,JEA_NSA,True,anchor_premium_-9000,anchor_premium,True,-5947.17,False
2022-07-01,taint_tabor,USEC_MUN,True,anchor_premium_-9000,anchor_premium,True,-7050.52,False
2022-07-01,tense,JEA_NSA,True,anchor_premium_-9000,anchor_premium,True,7977.8,True
2022-07-01,tense,USEC_MUN,True,anchor_premium_-9000,anchor_premium,True,6549.51,True
2022-07-08,zorba,JEA_NSA,True,anchor_premium_-9000,anchor_premium,True,-4138.73,False
2022-07-08,zorba,USEC_MUN,True,anchor_premium_-9000,anchor_premium,True,-5779.78,False
2022-07-08,taint_tabor,JEA_NSA,True,anchor_premium_-9000,anchor_premium,True,-6346.68,False
2022-07-08,taint_tabor,USEC_MUN,True,anchor_premium_-9000,anchor_premium,True,-7458.36,False
2022-07-08,tense,JEA_NSA,True,anchor_premium_-9000,anchor_premium,True,7699.58,True
2022-07-08,tense,USEC_MUN,True,anchor_premium_-9000,anchor_premium,True,6263.82,True
2022-07-15,zorba,JEA_NSA,True,anchor_premium_-9000,anchor_premium,True,-5126.31,False
2022-07-15,zorba,USEC_MUN,True,anchor_premium_-9000,anchor_premium,True,-6768.07,False
2022-07-15,taint_tabor,JEA_NSA,True,anchor_premium_-9000,anchor_premium,True,-7317.49,False
2022-07-15,taint_tabor,USEC_MUN,True,anchor_premium_-9000,anchor_premium,True,-8430.39,False
2022-07-15,tense,JEA_NSA,True,anchor_premium_-9000,anchor_premium,True,6367.66,True
2022-07-15,tense,USEC_MUN,True,anchor_premium_-9000,anchor_premium,True,4928.55,False
2022-07-22,zorba,JEA_NSA,True,anchor_premium_-9000,anchor_premium,True,-170.44,False
2022-07-22,zorba,USEC_MUN,True,anchor_premium_-9000,anchor_premium,True,-1813.15,False
2022-07-22,taint_tabor,JEA_NSA,True,anchor_premium_-9000,anchor_premium,True,-2370.73,False
2022-07-22,taint_tabor,USEC_MUN,True,anchor_premium_-9000,anchor_premium,True,-3482.73,False
2022-07-22,tense,JEA_NSA,True,anchor_premium_-9000,anchor_premium,True,12059.2,True
2022-07-22,tense,USEC_MUN,True,anchor_premium_-9000,anchor_premium,True,10626.69,True
2022-07-29,zorba,JEA_NSA,True,anchor_premium_-9000,anchor_premium,True,3132.16,False
2022-07-29,zorba,USEC_MUN,True,anchor_premium_-9000,anchor_premium,True,1528.5,False
2022-07-29,taint_tabor,JEA_NSA,True,anchor_premium_-9000,anchor_premium,True,972.04,False
2022-07-29,taint_tabor,USEC_MUN,True,anchor_premium_-9000,anchor_premium,True,-101.5,False
2022-07-29,tense,JEA_NSA,True,anchor_premium_-9000,anchor_premium,True,15205.9,True
2022-07-29,tense,USEC_MUN,True,anchor_premium_-9000,anchor_premium,True,13810.54,True
2022-08-05,zorba,JEA_NSA,True,anchor_premium_-9000,anchor_premium,True,6276.68,True
2022-08-05,zorba,USEC_MUN,True,anchor_premium_-9000,anchor_premium,True,4666.9,False
2022-08-05,taint_tabor,JEA_NSA,True,anchor_premium_-9000,anchor_premium,True,4123.06,False
2022-08-05,taint_tabor,USEC_MUN,True,anchor_premium_-9000,anchor_premium,True,3042.17,False
2022-08-05,tense,JEA_NSA,True,anchor_premium_-9000,anchor_premium,True,18357.9,True
2022-08-05,tense,USEC_MUN,True,anchor_premium_-9000,anchor_premium,True,16954.46,True
2022-08-12,zorba,JEA_NSA,True,anchor_premium_-9000,anchor_premium,True,9265.72,True
2022-08-12,zorba,USEC_MUN,True,anchor_premium_-9000,anchor_premium,True,7672.11,True
2022-08-12,taint_tabor,JEA_NSA,True,anchor_premium_-9000,anchor_premium,True,7076.71,True
2022-08-12,taint_tabor,USEC_MUN,True,anchor_premium_-9000,anchor_premium,True,6012.68,True
2022-08-12,tense,JEA_NSA,True,anchor_premium_-9000,anchor_premium,True,21537.83,True
2022-08-12,tense,USEC_MUN,True,anchor_premium_-9000,anchor_premium,True,20152.85,True
2022-08-19,zorba,JEA_NSA,True,anchor_premium_-9000,anchor_premium,True,7208.29,True
2022-08-19,zorba,USEC_MUN,True,anchor_premium_-9000,anchor_premium,True,5601.19,True
2022-08-19,taint_tabor,JEA_NSA,True,anchor_premium_-9000,anchor_premium,True,5049.12,True
2022-08-19,taint_tabor,USEC_MUN,True,anchor_premium_-9000,anchor_premium,True,3970.55,False
2022-08-19,tense,JEA_NSA,True,anchor_premium_-9000,anchor_premium,True,18992.04,True
2022-08-19,tense,USEC_MUN,True,anchor_premium_-9000,anchor_premium,True,17590.26,True
2022-08-26,zorba,JEA_NSA,True,anchor_premium_-9000,anchor_premium,True,5063.46,True
2022-08-26,zorba,USEC_MUN,True,anchor_premium_-9000,anchor_premium,True,3395.82,False
2022-08-26,taint_tabor,JEA_NSA,True,anchor_premium_-9000,anchor_premium,True,2869.02,False
2022-08-26,taint_tabor,USEC_MUN,True,anchor_premium_-9000,anchor_premium,True,1731.42,False
2022-08-26,tense,JEA_NSA,True,anchor_premium_-9000,anchor_premium,True,17470.86,True
2022-08-26,tense,USEC_MUN,True,anchor_premium_-9000,anchor_premium,True,16015.19,True
2022-09-02,zorba,JEA_NSA,True,anchor_premium_-9000,anchor_premium,True,331.57,False
2022-09-02,zorba,USEC_MUN,True,anchor_premium_-9000,anchor_premium,True,-1269.25,False
2022-09-02,taint_tabor,JEA_NSA,True,anchor_premium_-9000,anchor_premium,True,-1765.52,False
2022-09-02,taint_tabor,USEC_MUN,True,anchor_premium_-9000,anchor_premium,True,-2836.89,False
2022-09-02,tense,JEA_NSA,True,anchor_premium_-9000,anchor_premium,True,11769.86,True
2022-09-02,tense,USEC_MUN,True,anchor_premium_-9000,anchor_premium,True,10373.07,True
2022-09-09,zorba,JEA_NSA,False,anchor_premium_-9000,anchor_premium,True,-4810.89,False
2022-09-09,zorba,USEC_MUN,False,anchor_premium_-9000,anchor_premium,True,-6444.91,False
2022-09-09,taint_tabor,JEA_NSA,False,anchor_premium_-9000,anchor_premium,True,-6956.11,False
2022-09-09,taint_tabor,USEC_MUN,False,anchor_premium_-9000,anchor_premium,True,-8061.3,False
2022-09-09,tense,JEA_NSA,False,anchor_premium_-9000,anchor_premium,True,6431.7,True
2022-09-09,tense,USEC_MUN,False,anchor_premium_-9000,anchor_premium,True,5000.16,True
2022-09-16,zorba,JEA_NSA,False,anchor_premium_-9000,anchor_premium,True,-7875.26,False
2022-09-16,zorba,USEC_MUN,False,anchor_premium_-9000,anchor_premium,True,-9529.41,False
2022-09-16,taint_tabor,JEA_NSA,False,anchor_premium_-9000,anchor_premium,True,-10014.14,False
2022-09-16,taint_tabor,USEC_MUN,False,anchor_premium_-9000,anchor_premium,True,-11139.62,False
2022-09-16,tense,JEA_NSA,False,anchor_premium_-9000,anchor_premium,True,3261.53,False
2022-09-16,tense,USEC_MUN,False,anchor_premium_-9000,anchor_premium,True,1808.77,False
2022-09-23,zorba,JEA_NSA,False,anchor_premium_-9000,anchor_premium,True,-9151.14,False
2022-09-23,zorba,USEC_MUN,False,anchor_premium_-9000,anchor_premium,True,-10789.56,False
2022-09-23,taint_tabor,JEA_NSA,False,anchor_premium_-9000,anchor_premium,True,-11303.59,False
2022-09-23,taint_tabor,USEC_MUN,False,anchor_premium_-9000,anchor_premium,True,-12413.66,False
2022-09-23,tense,JEA_NSA,False,anchor_premium_-9000,anchor_premium,True,1602.14,False
2022-09-23,tense,USEC_MUN,False,anchor_premium_-9000,anchor_premium,True,161.43,False
2022-09-30,zorba,JEA_NSA,False,anchor_premium_-9000,anchor_premium,True,-9016.67,False
2022-09-30,zorba,USEC_MUN,False,anchor_premium_-9000,anchor_premium,True,-10594.18,False
2022-09-30,taint_tabor,JEA_NSA,False,anchor_premium_-9000,anchor_premium,True,-11186.36,False
2022-09-30,taint_tabor,USEC_MUN,False,anchor_premium_-9000,anchor_premium,True,-12232.23,False
2022-09-30,tense,JEA_NSA,False,anchor_premium_-9000,anchor_premium,True,1935.57,False
2022-09-30,tense,USEC_MUN,False,anchor_premium_-9000,anchor_premium,True,562.21,False
2022-10-07,zorba,JEA_NSA,False,anchor_premium_-9000,anchor_premium,True,-6431.06,False
2022-10-07,zorba,USEC_MUN,False,anchor_premium_-9000,anchor_premium,True,-8079.72,False
2022-10-07,taint_tabor,JEA_NSA,False,anchor_premium_-9000,anchor_premium,True,-8610.31,False
2022-10-07,taint_tabor,USEC_MUN,False,anchor_premium_-9000,anchor_premium,True,-9725.42,False
2022-10-07,tense,JEA_NSA,False,anchor_premium_-9000,anchor_premium,True,5573.04,True
2022-10-07,tense,USEC_MUN,False,anchor_premium_-9000,anchor_premium,True,4137.76,False
2022-10-14,zorba,JEA_NSA,False,anchor_premium_-9000,anchor_premium,True,-6095.41,False
2022-10-14,zorba,USEC_MUN,False,anchor_premium_-9000,anchor_premium,True,-7728.28,False
2022-10-14,taint_tabor,JEA_NSA,False,anchor_premium_-9000,anchor_premium,True,-8238.46,False
2022-10-14,taint_tabor,USEC_MUN,False,anchor_premium_-9000,anchor_premium,True,-9338.19,False
2022-10-14,tense,JEA_NSA,False,anchor_premium_-9000,anchor_premium,True,5711.25,True
2022-10-14,tense,USEC_MUN,False,anchor_premium_-9000,anchor_premium,True,4289.45,False
2022-10-21,zorba,JEA_NSA,False,anchor_premium_-9000,anchor_premium,True,-8971.66,False
2022-10-21,zorba,USEC_MUN,False,anchor_premium_-9000,anchor_premium,True,-10619.3,False
2022-10-21,taint_tabor,JEA_NSA,False,anchor_premium_-9000,anchor_premium,True,-11149.0,False
2022-10-21,taint_tabor,USEC_MUN,False,anchor_premium_-9000,anchor_premium,True,-12265.16,False
2022-10-21,tense,JEA_NSA,False,anchor_premium_-9000,anchor_premium,True,2090.24,False
2022-10-21,tense,USEC_MUN,False,anchor_premium_-9000,anchor_premium,True,648.31,False
2022-10-28,zorba,JEA_NSA,False,anchor_premium_-9000,anchor_premium,True,-8116.22,False
2022-10-28,zorba,USEC_MUN,False,anchor_premium_-9000,anchor_premium,True,-9774.58,False
2022-10-28,taint_tabor,JEA_NSA,False,anchor_premium_-9000,anchor_premium,True,-10292.71,False
2022-10-28,taint_tabor,USEC_MUN,False,anchor_premium_-9000,anchor_premium,True,-11418.99,False
2022-10-28,tense,JEA_NSA,False,anchor_premium_-9000,anchor_premium,True,3241.93,False
2022-10-28,tense,USEC_MUN,False,anchor_premium_-9000,anchor_premium,True,1792.47,False
2022-01-07,zorba,JEA_NSA,False,anchor_premium_+13000,anchor_premium,True,37475.13,True
2022-01-07,zorba,USEC_MUN,False,anchor_premium_+13000,anchor_premium,True,35566.71,True
2022-01-07,taint_tabor,JEA_NSA,False,anchor_premium_+13000,anchor_premium,True,35829.53,True
2022-01-07,taint_tabor,USEC_MUN,False,anchor_premium_+13000,anchor_premium,True,34437.65,True
2022-01-07,tense,JEA_NSA,False,anchor_premium_+13000,anchor_premium,True,52256.62,True
2022-01-07,tense,USEC_MUN,False,anchor_premium_+13000,anchor_premium,True,50544.35,True
2022-01-14,zorba,JEA_NSA,False,anchor_premium_+13000,anchor_premium,True,42208.68,True
2022-01-14,zorba,USEC_MUN,False,anchor_premium_+13000,anchor_premium,True,40319.26,True
2022-01-14,taint_tabor,JEA_NSA,False,anchor_premium_+13000,anchor_premium,True,40566.52,True
2022-01-14,taint_tabor,USEC_MUN,False,anchor_premium_+13000,anchor_premium,True,39193.95,True
2022-01-14,tense,JEA_NSA,False,anchor_premium_+13000,anchor_premium,True,57240.7,True
2022-01-14,tense,USEC_MUN,False,anchor_premium_+13000,anchor_premium,True,55549.44,True
2022-01-21,zorba,JEA_NSA,False,anchor_premium_+13000,anchor_premium,True,45159.12,True
2022-01-21,zorba,USEC_MUN,False,anchor_premium_+13000,anchor_premium,True,43250.59,True
2022-01-21,taint_tabor,JEA_NSA,False,anchor_premium_+13000,anchor_premium,True,43530.14,True
2022-01-21,taint_tabor,USEC_MUN,False,anchor_premium_+13000,anchor_premium,True,42139.33,True
2022-01-21,tense,JEA_NSA,False,anchor_premium_+13000,anchor_premium,True,60716.2,True
2022-01-21,tense,USEC_MUN,False,anchor_premium_+13000,anchor_premium,True,59010.01,True
2022-01-28,zorba,JEA_NSA,False,anchor_premium_+13000,anchor_premium,True,45986.19,True
2022-01-28,zorba,USEC_MUN,False,anchor_premium_+13000,anchor_premium,True,44062.45,True
2022-01-28,taint_tabor,JEA_NSA,False,anchor_premium_+13000,anchor_premium,True,44346.53,True
2022-01-28,taint_tabor,USEC_MUN,False,anchor_premium_+13000,anchor_premium,True,42941.22,True
2022-01-28,tense,JEA_NSA,False,anchor_premium_+13000,anchor_premium,True,61824.09,True
2022-01-28,tense,USEC_MUN,False,anchor_premium_+13000,anchor_premium,True,60105.12,True
2022-02-04,zorba,JEA_NSA,False,anchor_premium_+13000,anchor_premium,True,45585.15,True
2022-02-04,zorba,USEC_MUN,False,anchor_premium_+13000,anchor_premium,True,43762.46,True
2022-02-04,taint_tabor,JEA_NSA,False,anchor_premium_+13000,anchor_premium,True,43970.26,True
2022-02-04,taint_tabor,USEC_MUN,False,anchor_premium_+13000,anchor_premium,True,42668.98,True
2022-02-04,tense,JEA_NSA,False,anchor_premium_+13000,anchor_premium,True,61259.88,True
2022-02-04,tense,USEC_MUN,False,anchor_premium_+13000,anchor_premium,True,59645.82,True
2022-02-11,zorba,JEA_NSA,False,anchor_premium_+13000,anchor_premium,True,47072.58,True
2022-02-11,zorba,USEC_MUN,False,anchor_premium_+13000,anchor_premium,True,45211.68,True
2022-02-11,taint_tabor,JEA_NSA,False,anchor_premium_+13000,anchor_premium,True,45393.18,True
2022-02-11,taint_tabor,USEC_MUN,False,anchor_premium_+13000,anchor_premium,True,44055.02,True
2022-02-11,tense,JEA_NSA,False,anchor_premium_+13000,anchor_premium,True,63420.01,True
2022-02-11,tense,USEC_MUN,False,anchor_premium_+13000,anchor_premium,True,61774.05,True
2022-02-18,zorba,JEA_NSA,False,anchor_premium_+13000,anchor_premium,True,51454.59,True
2022-02-18,zorba,USEC_MUN,False,anchor_premium_+13000,anchor_premium,True,49597.92,True
2022-02-18,taint_tabor,JEA_NSA,False,anchor_premium_+13000,anchor_premium,True,49820.29,True
2022-02-18,taint_tabor,USEC_MUN,False,anchor_premium_+13000,anchor_premium,True,48486.78,True
2022-02-18,tense,JEA_NSA,False,anchor_premium_+13000,anchor_premium,True,68207.55,True
2022-02-18,tense,USEC_MUN,False,anchor_premium_+13000,anchor_premium,True,66568.85,True
2022-02-25,zorba,JEA_NSA,False,anchor_premium_+13000,anchor_premium,True,56478.73,True
2022-02-25,zorba,USEC_MUN,False,anchor_premium_+13000,anchor_premium,True,54639.16,True
2022-02-25,taint_tabor,JEA_NSA,False,anchor_premium_+13000,anchor_premium,True,54788.8,True
2022-02-25,taint_tabor,USEC_MUN,False,anchor_premium_+13000,anchor_premium,True,53473.27,True
2022-02-25,tense,JEA_NSA,False,anchor_premium_+13000,anchor_premium,True,73583.08,True
2022-02-25,tense,USEC_MUN,False,anchor_premium_+13000,anchor_premium,True,71965.02,True
2022-03-04,zorba,JEA_NSA,True,anchor_premium_+13000,anchor_premium,True,70943.35,True
2022-03-04,zorba,USEC_MUN,True,anchor_premium_+13000,anchor_premium,True,68943.93,True
2022-03-04,taint_tabor,JEA_NSA,True,anchor_premium_+13000,anchor_premium,True,69025.37,True
2022-03-04,taint_tabor,USEC_MUN,True,anchor_premium_+13000,anchor_premium,True,67552.96,True
2022-03-04,tense,JEA_NSA,True,anchor_premium_+13000,anchor_premium,True,90931.05,True
2022-03-04,tense,USEC_MUN,True,anchor_premium_+13000,anchor_premium,True,89175.95,True
2022-03-11,zorba,JEA_NSA,True,anchor_premium_+13000,anchor_premium,True,65608.6,True
2022-03-11,zorba,USEC_MUN,True,anchor_premium_+13000,anchor_premium,True,63721.44,True
2022-03-11,taint_tabor,JEA_NSA,True,anchor_premium_+13000,anchor_premium,True,63656.31,True
2022-03-11,taint_tabor,USEC_MUN,True,anchor_premium_+13000,anchor_premium,True,62293.25,True
2022-03-11,tense,JEA_NSA,True,anchor_premium_+13000,anchor_premium,True,83688.41,True
2022-03-11,tense,USEC_MUN,True,anchor_premium_+13000,anchor_premium,True,82030.09,True
2022-03-18,zorba,JEA_NSA,True,anchor_premium_+13000,anchor_premium,True,64831.01,True
2022-03-18,zorba,USEC_MUN,True,anchor_premium_+13000,anchor_premium,True,62982.67,True
2022-03-18,taint_tabor,JEA_NSA,True,anchor_premium_+13000,anchor_premium,True,62940.96,True
2022-03-18,taint_tabor,USEC_MUN,True,anchor_premium_+13000,anchor_premium,True,61615.75,True
2022-03-18,tense,JEA_NSA,True,anchor_premium_+13000,anchor_premium,True,82347.1,True
2022-03-18,tense,USEC_MUN,True,anchor_premium_+13000,anchor_premium,True,80722.42,True
2022-03-25,zorba,JEA_NSA,True,anchor_premium_+13000,anchor_premium,True,65354.32,True
2022-03-25,zorba,USEC_MUN,True,anchor_premium_+13000,anchor_premium,True,63426.48,True
2022-03-25,taint_tabor,JEA_NSA,True,anchor_premium_+13000,anchor_premium,True,63410.26,True
2022-03-25,taint_tabor,USEC_MUN,True,anchor_premium_+13000,anchor_premium,True,62007.2,True
2022-03-25,tense,JEA_NSA,True,anchor_premium_+13000,anchor_premium,True,83914.32,True
2022-03-25,tense,USEC_MUN,True,anchor_premium_+13000,anchor_premium,True,82219.29,True
2022-04-01,zorba,JEA_NSA,True,anchor_premium_+13000,anchor_premium,True,59563.45,True
2022-04-01,zorba,USEC_MUN,True,anchor_premium_+13000,anchor_premium,True,57735.08,True
2022-04-01,taint_tabor,JEA_NSA,True,anchor_premium_+13000,anchor_premium,True,57659.97,True
2022-04-01,taint_tabor,USEC_MUN,True,anchor_premium_+13000,anchor_premium,True,56359.4,True
2022-04-01,tense,JEA_NSA,True,anchor_premium_+13000,anchor_premium,True,77602.88,True
2022-04-01,tense,USEC_MUN,True,anchor_premium_+13000,anchor_premium,True,76008.95,True
2022-04-08,zorba,JEA_NSA,True,anchor_premium_+13000,anchor_premium,True,53314.57,True
2022-04-08,zorba,USEC_MUN,True,anchor_premium_+13000,anchor_premium,True,51470.58,True
2022-04-08,taint_tabor,JEA_NSA,True,anchor_premium_+13000,anchor_premium,True,51406.04,True
2022-04-08,taint_tabor,USEC_MUN,True,anchor_premium_+13000,anchor_premium,True,50088.95,True
2022-04-08,tense,JEA_NSA,True,anchor_premium_+13000,anchor_premium,True,70866.56,True
2022-04-08,tense,USEC_MUN,True,anchor_premium_+13000,anchor_premium,True,69252.89,True
2022-04-15,zorba,JEA_NSA,True,anchor_premium_+13000,anchor_premium,True,47658.12,True
2022-04-15,zorba,USEC_MUN,True,anchor_premium_+13000,anchor_premium,True,45823.93,True
2022-04-15,taint_tabor,JEA_NSA,True,anchor_premium_+13000,anchor_premium,True,45800.63,True
2022-04-15,taint_tabor,USEC_MUN,True,anchor_premium_+13000,anchor_premium,True,44492.16,True
2022-04-15,tense,JEA_NSA,True,anchor_premium_+13000,anchor_premium,True,64445.89,True
2022-04-15,tense,USEC_MUN,True,anchor_premium_+13000,anchor_premium,True,62835.01,True
2022-04-22,zorba,JEA_NSA,True,anchor_premium_+13000,anchor_premium,True,44403.19,True
2022-04-22,zorba,USEC_MUN,True,anchor_premium_+13000,anchor_premium,True,42518.74,True
2022-04-22,taint_tabor,JEA_NSA,True,anchor_premium_+13000,anchor_premium,True,42564.61,True
2022-04-22,taint_tabor,USEC_MUN,True,anchor_premium_+13000,anchor_premium,True,41206.2,True
2022-04-22,tense,JEA_NSA,True,anchor_premium_+13000,anchor_premium,True,61273.61,True
2022-04-22,tense,USEC_MUN,True,anchor_premium_+13000,anchor_premium,True,59614.23,True
2022-04-29,zorba,JEA_NSA,True,anchor_premium_+13000,anchor_premium,True,38813.62,True
2022-04-29,zorba,USEC_MUN,True,anchor_premium_+13000,anchor_premium,True,36962.9,True
2022-04-29,taint_tabor,JEA_NSA,True,anchor_premium_+13000,anchor_premium,True,37087.92,True
2022-04-29,taint_tabor,USEC_MUN,True,anchor_premium_+13000,anchor_premium,True,35761.45,True
2022-04-29,tense,JEA_NSA,True,anchor_premium_+13000,anchor_premium,True,54608.39,True
2022-04-29,tense,USEC_MUN,True,anchor_premium_+13000,anchor_premium,True,52972.46,True
2022-05-06,zorba,JEA_NSA,True,anchor_premium_+13000,anchor_premium,True,31881.88,True
2022-05-06,zorba,USEC_MUN,True,anchor_premium_+13000,anchor_premium,True,30132.97,True
2022-05-06,taint_tabor,JEA_NSA,True,anchor_premium_+13000,anchor_premium,True,30159.55,True
2022-05-06,taint_tabor,USEC_MUN,True,anchor_premium_+13000,anchor_premium,True,28936.72,True
2022-05-06,tense,JEA_NSA,True,anchor_premium_+13000,anchor_premium,True,46758.1,True
2022-05-06,tense,USEC_MUN,True,anchor_premium_+13000,anchor_premium,True,45221.25,True
2022-05-13,zorba,JEA_NSA,True,anchor_premium_+13000,anchor_premium,True,28305.37,True
2022-05-13,zorba,USEC_MUN,True,anchor_premium_+13000,anchor_premium,True,26561.53,True
2022-05-13,taint_tabor,JEA_NSA,True,anchor_premium_+13000,anchor_premium,True,26644.17,True
2022-05-13,taint_tabor,USEC_MUN,True,anchor_premium_+13000,anchor_premium,True,25425.72,True
2022-05-13,tense,JEA_NSA,True,anchor_premium_+13000,anchor_premium,True,42682.26,True
2022-05-13,tense,USEC_MUN,True,anchor_premium_+13000,anchor_premium,True,41145.51,True
2022-05-20,zorba,JEA_NSA,True,anchor_premium_+13000,anchor_premium,True,29218.18,True
2022-05-20,zorba,USEC_MUN,True,anchor_premium_+13000,anchor_premium,True,27388.18,True
2022-05-20,taint_tabor,JEA_NSA,True,anchor_premium_+13000,anchor_premium,True,27531.75,True
2022-05-20,taint_tabor,USEC_MUN,True,anchor_premium_+13000,anchor_premium,True,26229.48,True
2022-05-20,tense,JEA_NSA,True,anchor_premium_+13000,anchor_premium,True,44711.75,True
2022-05-20,tense,USEC_MUN,True,anchor_premium_+13000,anchor_premium,True,43100.29,True
2022-05-27,zorba,JEA_NSA,True,anchor_premium_+13000,anchor_premium,True,24288.93,True
2022-05-27,zorba,USEC_MUN,True,anchor_premium_+13000,anchor_premium,True,22458.87,True
2022-05-27,taint_tabor,JEA_NSA,True,anchor_premium_+13000,anchor_premium,True,22580.17,True
2022-05-27,taint_tabor,USEC_MUN,True,anchor_premium_+13000,anchor_premium,True,21276.65,True
2022-05-27,tense,JEA_NSA,True,anchor_premium_+13000,anchor_premium,True,39202.42,True
2022-05-27,tense,USEC_MUN,True,anchor_premium_+13000,anchor_premium,True,37585.83,True
2022-06-03,zorba,JEA_NSA,True,anchor_premium_+13000,anchor_premium,True,21893.22,True
2022-06-03,zorba,USEC_MUN,True,anchor_premium_+13000,anchor_premium,True,20042.97,True
2022-06-03,taint_tabor,JEA_NSA,True,anchor_premium_+13000,anchor_premium,True,20244.62,True
2022-06-03,taint_tabor,USEC_MUN,True,anchor_premium_+13000,anchor_premium,True,18918.14,True
2022-06-03,tense,JEA_NSA,True,anchor_premium_+13000,anchor_premium,True,36193.38,True
2022-06-03,tense,USEC_MUN,True,anchor_premium_+13000,anchor_premium,True,34547.96,True
2022-06-10,zorba,JEA_NSA,True,anchor_premium_+13000,anchor_premium,True,19723.75,True
2022-06-10,zorba,USEC_MUN,True,anchor_premium_+13000,anchor_premium,True,17933.48,True
2022-06-10,taint_tabor,JEA_NSA,True,anchor_premium_+13000,anchor_premium,True,18108.35,True
2022-06-10,taint_tabor,USEC_MUN,True,anchor_premium_+13000,anchor_premium,True,16844.89,True
2022-06-10,tense,JEA_NSA,True,anchor_premium_+13000,anchor_premium,True,34023.2,True
2022-06-10,tense,USEC_MUN,True,anchor_premium_+13000,anchor_premium,True,32442.15,True
2022-06-17,zorba,JEA_NSA,True,anchor_premium_+13000,anchor_premium,True,15362.54,True
2022-06-17,zorba,USEC_MUN,True,anchor_premium_+13000,anchor_premium,True,13582.9,True
2022-06-17,taint_tabor,JEA_NSA,True,anchor_premium_+13000,anchor_premium,True,13787.53,True
2022-06-17,taint_tabor,USEC_MUN,True,anchor_premium_+13000,anchor_premium,True,12532.48,True
2022-06-17,tense,JEA_NSA,True,anchor_premium_+13000,anchor_premium,True,28533.57,True
2022-06-17,tense,USEC_MUN,True,anchor_premium_+13000,anchor_premium,True,26954.15,True
2022-06-24,zorba,JEA_NSA,True,anchor_premium_+13000,anchor_premium,True,15451.22,True
2022-06-24,zorba,USEC_MUN,True,anchor_premium_+13000,anchor_premium,True,13686.3,True
2022-06-24,taint_tabor,JEA_NSA,True,anchor_premium_+13000,anchor_premium,True,13924.16,True
2022-06-24,taint_tabor,USEC_MUN,True,anchor_premium_+13000,anchor_premium,True,12683.59,True
2022-06-24,tense,JEA_NSA,True,anchor_premium_+13000,anchor_premium,True,28431.34,True
2022-06-24,tense,USEC_MUN,True,anchor_premium_+13000,anchor_premium,True,26864.48,True
2022-07-01,zorba,JEA_NSA,True,anchor_premium_+13000,anchor_premium,True,15287.98,True
2022-07-01,zorba,USEC_MUN,True,anchor_premium_+13000,anchor_premium,True,13655.64,True
2022-07-01,taint_tabor,JEA_NSA,True,anchor_premium_+13000,anchor_premium,True,13788.85,True
2022-07-01,taint_tabor,USEC_MUN,True,anchor_premium_+13000,anchor_premium,True,12685.5,True
2022-07-01,tense,JEA_NSA,True,anchor_premium_+13000,anchor_premium,True,28142.87,True
2022-07-01,tense,USEC_MUN,True,anchor_premium_+13000,anchor_premium,True,26714.57,True
2022-07-08,zorba,JEA_NSA,True,anchor_premium_+13000,anchor_premium,True,14901.35,True
2022-07-08,zorba,USEC_MUN,True,anchor_premium_+13000,anchor_premium,True,13260.29,True
2022-07-08,taint_tabor,JEA_NSA,True,anchor_premium_+13000,anchor_premium,True,13389.34,True
2022-07-08,taint_tabor,USEC_MUN,True,anchor_premium_+13000,anchor_premium,True,12277.67,True
2022-07-08,tense,JEA_NSA,True,anchor_premium_+13000,anchor_premium,True,27864.64,True
2022-07-08,tense,USEC_MUN,True,anchor_premium_+13000,anchor_premium,True,26428.88,True
2022-07-15,zorba,JEA_NSA,True,anchor_premium_+13000,anchor_premium,True,13913.77,True
2022-07-15,zorba,USEC_MUN,True,anchor_premium_+13000,anchor_premium,True,12272.0,True
2022-07-15,taint_tabor,JEA_NSA,True,anchor_premium_+13000,anchor_premium,True,12418.53,True
2022-07-15,taint_tabor,USEC_MUN,True,anchor_premium_+13000,anchor_premium,True,11305.63,True
2022-07-15,tense,JEA_NSA,True,anchor_premium_+13000,anchor_premium,True,26532.73,True
2022-07-15,tense,USEC_MUN,True,anchor_premium_+13000,anchor_premium,True,25093.62,True
2022-07-22,zorba,JEA_NSA,True,anchor_premium_+13000,anchor_premium,True,18869.64,True
2022-07-22,zorba,USEC_MUN,True,anchor_premium_+13000,anchor_premium,True,17226.92,True
2022-07-22,taint_tabor,JEA_NSA,True,anchor_premium_+13000,anchor_premium,True,17365.29,True
2022-07-22,taint_tabor,USEC_MUN,True,anchor_premium_+13000,anchor_premium,True,16253.29,True
2022-07-22,tense,JEA_NSA,True,anchor_premium_+13000,anchor_premium,True,32224.27,True
2022-07-22,tense,USEC_MUN,True,anchor_premium_+13000,anchor_premium,True,30791.76,True
2022-07-29,zorba,JEA_NSA,True,anchor_premium_+13000,anchor_premium,True,22172.23,True
2022-07-29,zorba,USEC_MUN,True,anchor_premium_+13000,anchor_premium,True,20568.57,True
2022-07-29,taint_tabor,JEA_NSA,True,anchor_premium_+13000,anchor_premium,True,20708.06,True
2022-07-29,taint_tabor,USEC_MUN,True,anchor_premium_+13000,anchor_premium,True,19634.53,True
2022-07-29,tense,JEA_NSA,True,anchor_premium_+13000,anchor_premium,True,35370.97,True
2022-07-29,tense,USEC_MUN,True,anchor_premium_+13000,anchor_premium,True,33975.6,True
2022-08-05,zorba,JEA_NSA,True,anchor_premium_+13000,anchor_premium,True,25316.75,True
2022-08-05,zorba,USEC_MUN,True,anchor_premium_+13000,anchor_premium,True,23706.98,True
2022-08-05,taint_tabor,JEA_NSA,True,anchor_premium_+13000,anchor_premium,True,23859.09,True
2022-08-05,taint_tabor,USEC_MUN,True,anchor_premium_+13000,anchor_premium,True,22778.19,True
2022-08-05,tense,JEA_NSA,True,anchor_premium_+13000,anchor_premium,True,38522.97,True
2022-08-05,tense,USEC_MUN,True,anchor_premium_+13000,anchor_premium,True,37119.53,True
2022-08-12,zorba,JEA_NSA,True,anchor_premium_+13000,anchor_premium,True,28305.8,True
2022-08-12,zorba,USEC_MUN,True,anchor_premium_+13000,anchor_premium,True,26712.18,True
2022-08-12,taint_tabor,JEA_NSA,True,anchor_premium_+13000,anchor_premium,True,26812.73,True
2022-08-12,taint_tabor,USEC_MUN,True,anchor_premium_+13000,anchor_premium,True,25748.7,True
2022-08-12,tense,JEA_NSA,True,anchor_premium_+13000,anchor_premium,True,41702.9,True
2022-08-12,tense,USEC_MUN,True,anchor_premium_+13000,anchor_premium,True,40317.92,True
2022-08-19,zorba,JEA_NSA,True,anchor_premium_+13000,anchor_premium,True,26248.36,True
2022-08-19,zorba,USEC_MUN,True,anchor_premium_+13000,anchor_premium,True,24641.26,True
2022-08-19,taint_tabor,JEA_NSA,True,anchor_premium_+13000,anchor_premium,True,24785.14,True
2022-08-19,taint_tabor,USEC_MUN,True,anchor_premium_+13000,anchor_premium,True,23706.58,True
2022-08-19,tense,JEA_NSA,True,anchor_premium_+13000,anchor_premium,True,39157.11,True
2022-08-19,tense,USEC_MUN,True,anchor_premium_+13000,anchor_premium,True,37755.33,True
2022-08-26,zorba,JEA_NSA,True,anchor_premium_+13000,anchor_premium,True,24103.53,True
2022-08-26,zorba,USEC_MUN,True,anchor_premium_+13000,anchor_premium,True,22435.9,True
2022-08-26,taint_tabor,JEA_NSA,True,anchor_premium_+13000,anchor_premium,True,22605.04,True
2022-08-26,taint_tabor,USEC_MUN,True,anchor_premium_+13000,anchor_premium,True,21467.44,True
2022-08-26,tense,JEA_NSA,True,anchor_premium_+13000,anchor_premium,True,37635.93,True
2022-08-26,tense,USEC_MUN,True,anchor_premium_+13000,anchor_premium,True,36180.26,True
2022-09-02,zorba,JEA_NSA,True,anchor_premium_+13000,anchor_premium,True,19371.64,True
2022-09-02,zorba,USEC_MUN,True,anchor_premium_+13000,anchor_premium,True,17770.83,True
2022-09-02,taint_tabor,JEA_NSA,True,anchor_premium_+13000,anchor_premium,True,17970.5,True
2022-09-02,taint_tabor,USEC_MUN,True,anchor_premium_+13000,anchor_premium,True,16899.14,True
2022-09-02,tense,JEA_NSA,True,anchor_premium_+13000,anchor_premium,True,31934.93,True
2022-09-02,tense,USEC_MUN,True,anchor_premium_+13000,anchor_premium,True,30538.14,True
2022-09-09,zorba,JEA_NSA,False,anchor_premium_+13000,anchor_premium,True,14229.19,True
2022-09-09,zorba,USEC_MUN,False,anchor_premium_+13000,anchor_premium,True,12595.17,True
2022-09-09,taint_tabor,JEA_NSA,False,anchor_premium_+13000,anchor_premium,True,12779.92,True
2022-09-09,taint_tabor,USEC_MUN,False,anchor_premium_+13000,anchor_premium,True,11674.72,True
2022-09-09,tense,JEA_NSA,False,anchor_premium_+13000,anchor_premium,True,26596.77,True
2022-09-09,tense,USEC_MUN,False,anchor_premium_+13000,anchor_premium,True,25165.23,True
2022-09-16,zorba,JEA_NSA,False,anchor_premium_+13000,anchor_premium,True,11164.82,True
2022-09-16,zorba,USEC_MUN,False,anchor_premium_+13000,anchor_premium,True,9510.67,True
2022-09-16,taint_tabor,JEA_NSA,False,anchor_premium_+13000,anchor_premium,True,9721.89,True
2022-09-16,taint_tabor,USEC_MUN,False,anchor_premium_+13000,anchor_premium,True,8596.4,True
2022-09-16,tense,JEA_NSA,False,anchor_premium_+13000,anchor_premium,True,23426.6,True
2022-09-16,tense,USEC_MUN,False,anchor_premium_+13000,anchor_premium,True,21973.84,True
2022-09-23,zorba,JEA_NSA,False,anchor_premium_+13000,anchor_premium,True,9888.94,True
2022-09-23,zorba,USEC_MUN,False,anchor_premium_+13000,anchor_premium,True,8250.52,True
2022-09-23,taint_tabor,JEA_NSA,False,anchor_premium_+13000,anchor_premium,True,8432.43,True
2022-09-23,taint_tabor,USEC_MUN,False,anchor_premium_+13000,anchor_premium,True,7322.36,True
2022-09-23,tense,JEA_NSA,False,anchor_premium_+13000,anchor_premium,True,21767.21,True
2022-09-23,tense,USEC_MUN,False,anchor_premium_+13000,anchor_premium,True,20326.5,True
2022-09-30,zorba,JEA_NSA,False,anchor_premium_+13000,anchor_premium,True,10023.41,True
2022-09-30,zorba,USEC_MUN,False,anchor_premium_+13000,anchor_premium,True,8445.9,True
2022-09-30,taint_tabor,JEA_NSA,False,anchor_premium_+13000,anchor_premium,True,8549.67,True
2022-09-30,taint_tabor,USEC_MUN,False,anchor_premium_+13000,anchor_premium,True,7503.8,True
2022-09-30,tense,JEA_NSA,False,anchor_premium_+13000,anchor_premium,True,22100.64,True
2022-09-30,tense,USEC_MUN,False,anchor_premium_+13000,anchor_premium,True,20727.28,True
2022-10-07,zorba,JEA_NSA,False,anchor_premium_+13000,anchor_premium,True,12609.02,True
2022-10-07,zorba,USEC_MUN,False,anchor_premium_+13000,anchor_premium,True,10960.36,True
2022-10-07,taint_tabor,JEA_NSA,False,anchor_premium_+13000,anchor_premium,True,11125.71,True
2022-10-07,taint_tabor,USEC_MUN,False,anchor_premium_+13000,anchor_premium,True,10010.6,True
2022-10-07,tense,JEA_NSA,False,anchor_premium_+13000,anchor_premium,True,25738.11,True
2022-10-07,tense,USEC_MUN,False,anchor_premium_+13000,anchor_premium,True,24302.83,True
2022-10-14,zorba,JEA_NSA,False,anchor_premium_+13000,anchor_premium,True,12944.67,True
2022-10-14,zorba,USEC_MUN,False,anchor_premium_+13000,anchor_premium,True,11311.79,True
2022-10-14,taint_tabor,JEA_NSA,False,anchor_premium_+13000,anchor_premium,True,11497.56,True
2022-10-14,taint_tabor,USEC_MUN,False,anchor_premium_+13000,anchor_premium,True,10397.84,True
2022-10-14,tense,JEA_NSA,False,anchor_premium_+13000,anchor_premium,True,25876.32,True
2022-10-14,tense,USEC_MUN,False,anchor_premium_+13000,anchor_premium,True,24454.51,True
2022-10-21,zorba,JEA_NSA,False,anchor_premium_+13000,anchor_premium,True,10068.42,True
2022-10-21,zorba,USEC_MUN,False,anchor_premium_+13000,anchor_premium,True,8420.77,True
2022-10-21,taint_tabor,JEA_NSA,False,anchor_premium_+13000,anchor_premium,True,8587.02,True
2022-10-21,taint_tabor,USEC_MUN,False,anchor_premium_+13000,anchor_premium,True,7470.87,True
2022-10-21,tense,JEA_NSA,False,anchor_premium_+13000,anchor_premium,True,22255.3,True
2022-10-21,tense,USEC_MUN,False,anchor_premium_+13000,anchor_premium,True,20813.38,True
2022-10-28,zorba,JEA_NSA,False,anchor_premium_+13000,anchor_premium,True,10923.85,True
2022-10-28,zorba,USEC_MUN,False,anchor_premium_+13000,anchor_premium,True,9265.49,True
2022-10-28,taint_tabor,JEA_NSA,False,anchor_premium_+13000,anchor_premium,True,9443.32,True
2022-10-28,taint_tabor,USEC_MUN,False,anchor_premium_+13000,anchor_premium,True,8317.03,True
2022-10-28,tense,JEA_NSA,False,anchor_premium_+13000,anchor_premium,True,23407.0,True
2022-10-28,tense,USEC_MUN,False,anchor_premium_+13000,anchor_premium,True,21957.54,True
2022-01-07,zorba,JEA_NSA,False,anchor_sticky_trailing,anchor_sticky,True,11534.24,True
2022-01-07,zorba,USEC_MUN,False,anchor_sticky_trailing,anchor_sticky,True,9059.73,True
2022-01-07,taint_tabor,JEA_NSA,False,anchor_sticky_trailing,anchor_sticky,True,8940.46,True
2022-01-07,taint_tabor,USEC_MUN,False,anchor_sticky_trailing,anchor_sticky,True,6961.8,True
2022-01-07,tense,JEA_NSA,False,anchor_sticky_trailing,anchor_sticky,True,24783.0,True
2022-01-07,tense,USEC_MUN,False,anchor_sticky_trailing,anchor_sticky,True,22471.19,True
2022-01-14,zorba,JEA_NSA,False,anchor_sticky_trailing,anchor_sticky,True,14111.17,True
2022-01-14,zorba,USEC_MUN,False,anchor_sticky_trailing,anchor_sticky,True,11645.35,True
2022-01-14,taint_tabor,JEA_NSA,False,anchor_sticky_trailing,anchor_sticky,True,11441.99,True
2022-01-14,taint_tabor,USEC_MUN,False,anchor_sticky_trailing,anchor_sticky,True,9471.96,True
2022-01-14,tense,JEA_NSA,False,anchor_sticky_trailing,anchor_sticky,True,27483.03,True
2022-01-14,tense,USEC_MUN,False,anchor_sticky_trailing,anchor_sticky,True,25181.31,True
2022-01-21,zorba,JEA_NSA,False,anchor_sticky_trailing,anchor_sticky,True,10982.73,True
2022-01-21,zorba,USEC_MUN,False,anchor_sticky_trailing,anchor_sticky,True,8476.51,True
2022-01-21,taint_tabor,JEA_NSA,False,anchor_sticky_trailing,anchor_sticky,True,8104.55,True
2022-01-21,taint_tabor,USEC_MUN,False,anchor_sticky_trailing,anchor_sticky,True,6094.21,True
2022-01-21,tense,JEA_NSA,False,anchor_sticky_trailing,anchor_sticky,True,24520.49,True
2022-01-21,tense,USEC_MUN,False,anchor_sticky_trailing,anchor_sticky,True,22181.29,True
2022-01-28,zorba,JEA_NSA,False,anchor_sticky_trailing,anchor_sticky,True,9417.18,True
2022-01-28,zorba,USEC_MUN,False,anchor_sticky_trailing,anchor_sticky,True,6884.41,True
2022-01-28,taint_tabor,JEA_NSA,False,anchor_sticky_trailing,anchor_sticky,True,6440.85,True
2022-01-28,taint_tabor,USEC_MUN,False,anchor_sticky_trailing,anchor_sticky,True,4404.26,False
2022-01-28,tense,JEA_NSA,False,anchor_sticky_trailing,anchor_sticky,True,23094.39,True
2022-01-28,tense,USEC_MUN,False,anchor_sticky_trailing,anchor_sticky,True,20730.4,True
2022-02-04,zorba,JEA_NSA,False,anchor_sticky_trailing,anchor_sticky,True,12588.8,True
2022-02-04,zorba,USEC_MUN,False,anchor_sticky_trailing,anchor_sticky,True,10071.32,True
2022-02-04,taint_tabor,JEA_NSA,False,anchor_sticky_trailing,anchor_sticky,True,9767.83,True
2022-02-04,taint_tabor,USEC_MUN,False,anchor_sticky_trailing,anchor_sticky,True,7746.37,True
2022-02-04,tense,JEA_NSA,False,anchor_sticky_trailing,anchor_sticky,True,26313.92,True
2022-02-04,tense,USEC_MUN,False,anchor_sticky_trailing,anchor_sticky,True,23964.02,True
2022-02-11,zorba,JEA_NSA,False,anchor_sticky_trailing,anchor_sticky,True,6777.35,True
2022-02-11,zorba,USEC_MUN,False,anchor_sticky_trailing,anchor_sticky,True,4191.45,False
2022-02-11,taint_tabor,JEA_NSA,False,anchor_sticky_trailing,anchor_sticky,True,3625.08,False
2022-02-11,taint_tabor,USEC_MUN,False,anchor_sticky_trailing,anchor_sticky,True,1535.43,False
2022-02-11,tense,JEA_NSA,False,anchor_sticky_trailing,anchor_sticky,True,20743.91,True
2022-02-11,tense,USEC_MUN,False,anchor_sticky_trailing,anchor_sticky,True,18330.12,True
2022-02-18,zorba,JEA_NSA,False,anchor_sticky_trailing,anchor_sticky,True,7222.31,True
2022-02-18,zorba,USEC_MUN,False,anchor_sticky_trailing,anchor_sticky,True,4621.26,False
2022-02-18,taint_tabor,JEA_NSA,False,anchor_sticky_trailing,anchor_sticky,True,3971.25,False
2022-02-18,taint_tabor,USEC_MUN,False,anchor_sticky_trailing,anchor_sticky,True,1866.15,False
2022-02-18,tense,JEA_NSA,False,anchor_sticky_trailing,anchor_sticky,True,21361.79,True
2022-02-18,tense,USEC_MUN,False,anchor_sticky_trailing,anchor_sticky,True,18934.73,True
2022-02-25,zorba,JEA_NSA,False,anchor_sticky_trailing,anchor_sticky,True,9660.87,True
2022-02-25,zorba,USEC_MUN,False,anchor_sticky_trailing,anchor_sticky,True,7061.09,True
2022-02-25,taint_tabor,JEA_NSA,False,anchor_sticky_trailing,anchor_sticky,True,6259.67,True
2022-02-25,taint_tabor,USEC_MUN,False,anchor_sticky_trailing,anchor_sticky,True,4156.14,False
2022-02-25,tense,JEA_NSA,False,anchor_sticky_trailing,anchor_sticky,True,23998.98,True
2022-02-25,tense,USEC_MUN,False,anchor_sticky_trailing,anchor_sticky,True,21575.77,True
2022-03-04,zorba,JEA_NSA,True,anchor_sticky_trailing,anchor_sticky,True,-13063.63,False
2022-03-04,zorba,USEC_MUN,True,anchor_sticky_trailing,anchor_sticky,True,-15890.17,False
2022-03-04,taint_tabor,JEA_NSA,True,anchor_sticky_trailing,anchor_sticky,True,-18052.21,False
2022-03-04,taint_tabor,USEC_MUN,True,anchor_sticky_trailing,anchor_sticky,True,-20381.97,False
2022-03-04,tense,JEA_NSA,True,anchor_sticky_trailing,anchor_sticky,True,1960.48,False
2022-03-04,tense,USEC_MUN,True,anchor_sticky_trailing,anchor_sticky,True,-670.61,False
2022-03-11,zorba,JEA_NSA,True,anchor_sticky_trailing,anchor_sticky,True,11249.16,True
2022-03-11,zorba,USEC_MUN,True,anchor_sticky_trailing,anchor_sticky,True,8615.54,True
2022-03-11,taint_tabor,JEA_NSA,True,anchor_sticky_trailing,anchor_sticky,True,7309.94,True
2022-03-11,taint_tabor,USEC_MUN,True,anchor_sticky_trailing,anchor_sticky,True,5173.14,True
2022-03-11,tense,JEA_NSA,True,anchor_sticky_trailing,anchor_sticky,True,26117.12,True
2022-03-11,tense,USEC_MUN,True,anchor_sticky_trailing,anchor_sticky,True,23668.24,True
2022-03-18,zorba,JEA_NSA,True,anchor_sticky_trailing,anchor_sticky,True,19700.66,True
2022-03-18,zorba,USEC_MUN,True,anchor_sticky_trailing,anchor_sticky,True,17128.46,True
2022-03-18,taint_tabor,JEA_NSA,True,anchor_sticky_trailing,anchor_sticky,True,16161.02,True
2022-03-18,taint_tabor,USEC_MUN,True,anchor_sticky_trailing,anchor_sticky,True,14085.48,True
2022-03-18,tense,JEA_NSA,True,anchor_sticky_trailing,anchor_sticky,True,34550.21,True
2022-03-18,tense,USEC_MUN,True,anchor_sticky_trailing,anchor_sticky,True,32158.89,True
2022-03-25,zorba,JEA_NSA,True,anchor_sticky_trailing,anchor_sticky,True,7973.08,True
2022-03-25,zorba,USEC_MUN,True,anchor_sticky_trailing,anchor_sticky,True,5277.15,True
2022-03-25,taint_tabor,JEA_NSA,True,anchor_sticky_trailing,anchor_sticky,True,3931.64,False
2022-03-25,taint_tabor,USEC_MUN,True,anchor_sticky_trailing,anchor_sticky,True,1732.41,False
2022-03-25,tense,JEA_NSA,True,anchor_sticky_trailing,anchor_sticky,True,23142.68,True
2022-03-25,tense,USEC_MUN,True,anchor_sticky_trailing,anchor_sticky,True,20634.18,True
2022-04-01,zorba,JEA_NSA,True,anchor_sticky_trailing,anchor_sticky,True,11196.4,True
2022-04-01,zorba,USEC_MUN,True,anchor_sticky_trailing,anchor_sticky,True,8514.68,True
2022-04-01,taint_tabor,JEA_NSA,True,anchor_sticky_trailing,anchor_sticky,True,7525.02,True
2022-04-01,taint_tabor,USEC_MUN,True,anchor_sticky_trailing,anchor_sticky,True,5339.91,True
2022-04-01,tense,JEA_NSA,True,anchor_sticky_trailing,anchor_sticky,True,26378.03,True
2022-04-01,tense,USEC_MUN,True,anchor_sticky_trailing,anchor_sticky,True,23880.35,True
2022-04-08,zorba,JEA_NSA,True,anchor_sticky_trailing,anchor_sticky,True,12666.03,True
2022-04-08,zorba,USEC_MUN,True,anchor_sticky_trailing,anchor_sticky,True,9991.64,True
2022-04-08,taint_tabor,JEA_NSA,True,anchor_sticky_trailing,anchor_sticky,True,9271.73,True
2022-04-08,taint_tabor,USEC_MUN,True,anchor_sticky_trailing,anchor_sticky,True,7093.88,True
2022-04-08,tense,JEA_NSA,True,anchor_sticky_trailing,anchor_sticky,True,27816.29,True
2022-04-08,tense,USEC_MUN,True,anchor_sticky_trailing,anchor_sticky,True,25323.14,True
2022-04-15,zorba,JEA_NSA,True,anchor_sticky_trailing,anchor_sticky,True,18222.1,True
2022-04-15,zorba,USEC_MUN,True,anchor_sticky_trailing,anchor_sticky,True,15593.25,True
2022-04-15,taint_tabor,JEA_NSA,True,anchor_sticky_trailing,anchor_sticky,True,15288.67,True
2022-04-15,taint_tabor,USEC_MUN,True,anchor_sticky_trailing,anchor_sticky,True,13156.5,True
2022-04-15,tense,JEA_NSA,True,anchor_sticky_trailing,anchor_sticky,True,33270.63,True
2022-04-15,tense,USEC_MUN,True,anchor_sticky_trailing,anchor_sticky,True,30818.13,True
2022-04-22,zorba,JEA_NSA,True,anchor_sticky_trailing,anchor_sticky,True,15109.51,True
2022-04-22,zorba,USEC_MUN,True,anchor_sticky_trailing,anchor_sticky,True,12425.46,True
2022-04-22,taint_tabor,JEA_NSA,True,anchor_sticky_trailing,anchor_sticky,True,12200.19,True
2022-04-22,taint_tabor,USEC_MUN,True,anchor_sticky_trailing,anchor_sticky,True,10012.96,True
2022-04-22,tense,JEA_NSA,True,anchor_sticky_trailing,anchor_sticky,True,30249.09,True
2022-04-22,tense,USEC_MUN,True,anchor_sticky_trailing,anchor_sticky,True,27742.88,True
2022-04-29,zorba,JEA_NSA,True,anchor_sticky_trailing,anchor_sticky,True,25716.8,True
2022-04-29,zorba,USEC_MUN,True,anchor_sticky_trailing,anchor_sticky,True,23116.42,True
2022-04-29,taint_tabor,JEA_NSA,True,anchor_sticky_trailing,anchor_sticky,True,23512.39,True
2022-04-29,taint_tabor,USEC_MUN,True,anchor_sticky_trailing,anchor_sticky,True,21408.86,True
2022-04-29,tense,JEA_NSA,True,anchor_sticky_trailing,anchor_sticky,True,40737.74,True
2022-04-29,tense,USEC_MUN,True,anchor_sticky_trailing,anchor_sticky,True,38307.85,True
2022-05-06,zorba,JEA_NSA,True,anchor_sticky_trailing,anchor_sticky,True,32791.2,True
2022-05-06,zorba,USEC_MUN,True,anchor_sticky_trailing,anchor_sticky,True,30248.07,True
2022-05-06,taint_tabor,JEA_NSA,True,anchor_sticky_trailing,anchor_sticky,True,31102.12,True
2022-05-06,taint_tabor,USEC_MUN,True,anchor_sticky_trailing,anchor_sticky,True,29056.02,True
2022-05-06,tense,JEA_NSA,True,anchor_sticky_trailing,anchor_sticky,True,47721.16,True
2022-05-06,tense,USEC_MUN,True,anchor_sticky_trailing,anchor_sticky,True,45343.15,True
2022-05-13,zorba,JEA_NSA,True,anchor_sticky_trailing,anchor_sticky,True,36442.15,True
2022-05-13,zorba,USEC_MUN,True,anchor_sticky_trailing,anchor_sticky,True,33929.44,True
2022-05-13,taint_tabor,JEA_NSA,True,anchor_sticky_trailing,anchor_sticky,True,35078.37,True
2022-05-13,taint_tabor,USEC_MUN,True,anchor_sticky_trailing,anchor_sticky,True,33062.94,True
2022-05-13,tense,JEA_NSA,True,anchor_sticky_trailing,anchor_sticky,True,51299.81,True
2022-05-13,tense,USEC_MUN,True,anchor_sticky_trailing,anchor_sticky,True,48948.76,True
2022-05-20,zorba,JEA_NSA,True,anchor_sticky_trailing,anchor_sticky,True,22602.09,True
2022-05-20,zorba,USEC_MUN,True,anchor_sticky_trailing,anchor_sticky,True,19942.12,True
2022-05-20,taint_tabor,JEA_NSA,True,anchor_sticky_trailing,anchor_sticky,True,20673.83,True
2022-05-20,taint_tabor,USEC_MUN,True,anchor_sticky_trailing,anchor_sticky,True,18511.25,True
2022-05-20,tense,JEA_NSA,True,anchor_sticky_trailing,anchor_sticky,True,37704.74,True
2022-05-20,tense,USEC_MUN,True,anchor_sticky_trailing,anchor_sticky,True,35214.27,True
2022-05-27,zorba,JEA_NSA,True,anchor_sticky_trailing,anchor_sticky,True,26899.17,True
2022-05-27,zorba,USEC_MUN,True,anchor_sticky_trailing,anchor_sticky,True,24270.65,True
2022-05-27,taint_tabor,JEA_NSA,True,anchor_sticky_trailing,anchor_sticky,True,25285.82,True
2022-05-27,taint_tabor,USEC_MUN,True,anchor_sticky_trailing,anchor_sticky,True,23154.65,True
2022-05-27,tense,JEA_NSA,True,anchor_sticky_trailing,anchor_sticky,True,41966.89,True
2022-05-27,tense,USEC_MUN,True,anchor_sticky_trailing,anchor_sticky,True,39504.65,True
2022-06-03,zorba,JEA_NSA,True,anchor_sticky_trailing,anchor_sticky,True,33313.82,True
2022-06-03,zorba,USEC_MUN,True,anchor_sticky_trailing,anchor_sticky,True,30740.05,True
2022-06-03,taint_tabor,JEA_NSA,True,anchor_sticky_trailing,anchor_sticky,True,32082.67,True
2022-06-03,taint_tabor,USEC_MUN,True,anchor_sticky_trailing,anchor_sticky,True,30006.22,True
2022-06-03,tense,JEA_NSA,True,anchor_sticky_trailing,anchor_sticky,True,48288.78,True
2022-06-03,tense,USEC_MUN,True,anchor_sticky_trailing,anchor_sticky,True,45877.08,True
2022-06-10,zorba,JEA_NSA,True,anchor_sticky_trailing,anchor_sticky,True,31513.34,True
2022-06-10,zorba,USEC_MUN,True,anchor_sticky_trailing,anchor_sticky,True,28920.36,True
2022-06-10,taint_tabor,JEA_NSA,True,anchor_sticky_trailing,anchor_sticky,True,30328.88,True
2022-06-10,taint_tabor,USEC_MUN,True,anchor_sticky_trailing,anchor_sticky,True,28233.36,True
2022-06-10,tense,JEA_NSA,True,anchor_sticky_trailing,anchor_sticky,True,46509.39,True
2022-06-10,tense,USEC_MUN,True,anchor_sticky_trailing,anchor_sticky,True,44078.19,True
2022-06-17,zorba,JEA_NSA,True,anchor_sticky_trailing,anchor_sticky,True,42825.86,True
2022-06-17,zorba,USEC_MUN,True,anchor_sticky_trailing,anchor_sticky,True,40307.03,True
2022-06-17,taint_tabor,JEA_NSA,True,anchor_sticky_trailing,anchor_sticky,True,42254.68,True
2022-06-17,taint_tabor,USEC_MUN,True,anchor_sticky_trailing,anchor_sticky,True,40233.43,True
2022-06-17,tense,JEA_NSA,True,anchor_sticky_trailing,anchor_sticky,True,57619.57,True
2022-06-17,tense,USEC_MUN,True,anchor_sticky_trailing,anchor_sticky,True,55257.29,True
2022-06-24,zorba,JEA_NSA,True,anchor_sticky_trailing,anchor_sticky,True,44639.69,True
2022-06-24,zorba,USEC_MUN,True,anchor_sticky_trailing,anchor_sticky,True,42144.93,True
2022-06-24,taint_tabor,JEA_NSA,True,anchor_sticky_trailing,anchor_sticky,True,44179.52,True
2022-06-24,taint_tabor,USEC_MUN,True,anchor_sticky_trailing,anchor_sticky,True,42182.44,True
2022-06-24,tense,JEA_NSA,True,anchor_sticky_trailing,anchor_sticky,True,59344.43,True
2022-06-24,tense,USEC_MUN,True,anchor_sticky_trailing,anchor_sticky,True,57004.61,True
2022-07-01,zorba,JEA_NSA,True,anchor_sticky_trailing,anchor_sticky,True,45297.12,True
2022-07-01,zorba,USEC_MUN,True,anchor_sticky_trailing,anchor_sticky,True,42817.24,True
2022-07-01,taint_tabor,JEA_NSA,True,anchor_sticky_trailing,anchor_sticky,True,44894.88,True
2022-07-01,taint_tabor,USEC_MUN,True,anchor_sticky_trailing,anchor_sticky,True,42913.01,True
2022-07-01,tense,JEA_NSA,True,anchor_sticky_trailing,anchor_sticky,True,59925.12,True
2022-07-01,tense,USEC_MUN,True,anchor_sticky_trailing,anchor_sticky,True,57599.2,True
2022-07-08,zorba,JEA_NSA,True,anchor_sticky_trailing,anchor_sticky,True,42291.45,True
2022-07-08,zorba,USEC_MUN,True,anchor_sticky_trailing,anchor_sticky,True,39794.98,True
2022-07-08,taint_tabor,JEA_NSA,True,anchor_sticky_trailing,anchor_sticky,True,41780.61,True
2022-07-08,taint_tabor,USEC_MUN,True,anchor_sticky_trailing,anchor_sticky,True,39782.24,True
2022-07-08,tense,JEA_NSA,True,anchor_sticky_trailing,anchor_sticky,True,56873.11,True
2022-07-08,tense,USEC_MUN,True,anchor_sticky_trailing,anchor_sticky,True,54531.39,True
2022-07-15,zorba,JEA_NSA,True,anchor_sticky_trailing,anchor_sticky,True,44503.08,True
2022-07-15,zorba,USEC_MUN,True,anchor_sticky_trailing,anchor_sticky,True,42027.62,True
2022-07-15,taint_tabor,JEA_NSA,True,anchor_sticky_trailing,anchor_sticky,True,44125.94,True
2022-07-15,taint_tabor,USEC_MUN,True,anchor_sticky_trailing,anchor_sticky,True,42148.87,True
2022-07-15,tense,JEA_NSA,True,anchor_sticky_trailing,anchor_sticky,True,58929.42,True
2022-07-15,tense,USEC_MUN,True,anchor_sticky_trailing,anchor_sticky,True,56607.36,True
2022-07-22,zorba,JEA_NSA,True,anchor_sticky_trailing,anchor_sticky,True,37696.74,True
2022-07-22,zorba,USEC_MUN,True,anchor_sticky_trailing,anchor_sticky,True,35170.06,True
2022-07-22,taint_tabor,JEA_NSA,True,anchor_sticky_trailing,anchor_sticky,True,36880.56,True
2022-07-22,taint_tabor,USEC_MUN,True,anchor_sticky_trailing,anchor_sticky,True,34852.27,True
2022-07-22,tense,JEA_NSA,True,anchor_sticky_trailing,anchor_sticky,True,52163.79,True
2022-07-22,tense,USEC_MUN,True,anchor_sticky_trailing,anchor_sticky,True,49795.07,True
2022-07-29,zorba,JEA_NSA,True,anchor_sticky_trailing,anchor_sticky,True,41680.3,True
2022-07-29,zorba,USEC_MUN,True,anchor_sticky_trailing,anchor_sticky,True,39201.66,True
2022-07-29,taint_tabor,JEA_NSA,True,anchor_sticky_trailing,anchor_sticky,True,40929.19,True
2022-07-29,taint_tabor,USEC_MUN,True,anchor_sticky_trailing,anchor_sticky,True,38948.69,True
2022-07-29,tense,JEA_NSA,True,anchor_sticky_trailing,anchor_sticky,True,56031.68,True
2022-07-29,tense,USEC_MUN,True,anchor_sticky_trailing,anchor_sticky,True,53709.64,True
2022-08-05,zorba,JEA_NSA,True,anchor_sticky_trailing,anchor_sticky,True,42727.89,True
2022-08-05,zorba,USEC_MUN,True,anchor_sticky_trailing,anchor_sticky,True,40275.84,True
2022-08-05,taint_tabor,JEA_NSA,True,anchor_sticky_trailing,anchor_sticky,True,41906.63,True
2022-08-05,taint_tabor,USEC_MUN,True,anchor_sticky_trailing,anchor_sticky,True,39952.68,True
2022-08-05,tense,JEA_NSA,True,anchor_sticky_trailing,anchor_sticky,True,56962.85,True
2022-08-05,tense,USEC_MUN,True,anchor_sticky_trailing,anchor_sticky,True,54667.38,True
2022-08-12,zorba,JEA_NSA,True,anchor_sticky_trailing,anchor_sticky,True,41192.76,True
2022-08-12,zorba,USEC_MUN,True,anchor_sticky_trailing,anchor_sticky,True,38744.07,True
2022-08-12,taint_tabor,JEA_NSA,True,anchor_sticky_trailing,anchor_sticky,True,40170.73,True
2022-08-12,taint_tabor,USEC_MUN,True,anchor_sticky_trailing,anchor_sticky,True,38220.38,True
2022-08-12,tense,JEA_NSA,True,anchor_sticky_trailing,anchor_sticky,True,55351.29,True
2022-08-12,tense,USEC_MUN,True,anchor_sticky_trailing,anchor_sticky,True,53060.71,True
2022-08-19,zorba,JEA_NSA,True,anchor_sticky_trailing,anchor_sticky,True,43496.37,True
2022-08-19,zorba,USEC_MUN,True,anchor_sticky_trailing,anchor_sticky,True,41064.75,True
2022-08-19,taint_tabor,JEA_NSA,True,anchor_sticky_trailing,anchor_sticky,True,42663.59,True
2022-08-19,taint_tabor,USEC_MUN,True,anchor_sticky_trailing,anchor_sticky,True,40730.37,True
2022-08-19,tense,JEA_NSA,True,anchor_sticky_trailing,anchor_sticky,True,57424.22,True
2022-08-19,tense,USEC_MUN,True,anchor_sticky_trailing,anchor_sticky,True,55149.2,True
2022-08-26,zorba,JEA_NSA,True,anchor_sticky_trailing,anchor_sticky,True,29538.72,True
2022-08-26,zorba,USEC_MUN,True,anchor_sticky_trailing,anchor_sticky,True,27005.46,True
2022-08-26,taint_tabor,JEA_NSA,True,anchor_sticky_trailing,anchor_sticky,True,28238.9,True
2022-08-26,taint_tabor,USEC_MUN,True,anchor_sticky_trailing,anchor_sticky,True,26204.02,True
2022-08-26,tense,JEA_NSA,True,anchor_sticky_trailing,anchor_sticky,True,43392.25,True
2022-08-26,tense,USEC_MUN,True,anchor_sticky_trailing,anchor_sticky,True,41019.81,True
2022-09-02,zorba,JEA_NSA,True,anchor_sticky_trailing,anchor_sticky,True,35176.64,True
2022-09-02,zorba,USEC_MUN,True,anchor_sticky_trailing,anchor_sticky,True,32726.21,True
2022-09-02,taint_tabor,JEA_NSA,True,anchor_sticky_trailing,anchor_sticky,True,34353.2,True
2022-09-02,taint_tabor,USEC_MUN,True,anchor_sticky_trailing,anchor_sticky,True,32401.16,True
2022-09-02,tense,JEA_NSA,True,anchor_sticky_trailing,anchor_sticky,True,48673.77,True
2022-09-02,tense,USEC_MUN,True,anchor_sticky_trailing,anchor_sticky,True,46377.17,True
2022-09-09,zorba,JEA_NSA,False,anchor_sticky_trailing,anchor_sticky,True,30129.37,True
2022-09-09,zorba,USEC_MUN,False,anchor_sticky_trailing,anchor_sticky,True,27659.41,True
2022-09-09,taint_tabor,JEA_NSA,False,anchor_sticky_trailing,anchor_sticky,True,29261.28,True
2022-09-09,taint_tabor,USEC_MUN,False,anchor_sticky_trailing,anchor_sticky,True,27289.59,True
2022-09-09,tense,JEA_NSA,False,anchor_sticky_trailing,anchor_sticky,True,43436.42,True
2022-09-09,tense,USEC_MUN,False,anchor_sticky_trailing,anchor_sticky,True,41119.54,True
2022-09-16,zorba,JEA_NSA,False,anchor_sticky_trailing,anchor_sticky,True,25034.89,True
2022-09-16,zorba,USEC_MUN,False,anchor_sticky_trailing,anchor_sticky,True,22550.93,True
2022-09-16,taint_tabor,JEA_NSA,False,anchor_sticky_trailing,anchor_sticky,True,24098.93,True
2022-09-16,taint_tabor,USEC_MUN,False,anchor_sticky_trailing,anchor_sticky,True,22113.31,True
2022-09-16,tense,JEA_NSA,False,anchor_sticky_trailing,anchor_sticky,True,38116.19,True
2022-09-16,tense,USEC_MUN,False,anchor_sticky_trailing,anchor_sticky,True,35784.6,True
2022-09-23,zorba,JEA_NSA,False,anchor_sticky_trailing,anchor_sticky,True,25530.6,True
2022-09-23,zorba,USEC_MUN,False,anchor_sticky_trailing,anchor_sticky,True,23087.99,True
2022-09-23,taint_tabor,JEA_NSA,False,anchor_sticky_trailing,anchor_sticky,True,24645.82,True
2022-09-23,taint_tabor,USEC_MUN,False,anchor_sticky_trailing,anchor_sticky,True,22702.17,True
2022-09-23,tense,JEA_NSA,False,anchor_sticky_trailing,anchor_sticky,True,38333.06,True
2022-09-23,tense,USEC_MUN,False,anchor_sticky_trailing,anchor_sticky,True,36040.65,True
2022-09-30,zorba,JEA_NSA,False,anchor_sticky_trailing,anchor_sticky,True,19673.34,True
2022-09-30,zorba,USEC_MUN,False,anchor_sticky_trailing,anchor_sticky,True,17206.83,True
2022-09-30,taint_tabor,JEA_NSA,False,anchor_sticky_trailing,anchor_sticky,True,18552.32,True
2022-09-30,taint_tabor,USEC_MUN,False,anchor_sticky_trailing,anchor_sticky,True,16584.95,True
2022-09-30,tense,JEA_NSA,False,anchor_sticky_trailing,anchor_sticky,True,32320.73,True
2022-09-30,tense,USEC_MUN,False,anchor_sticky_trailing,anchor_sticky,True,30005.85,True
2022-10-07,zorba,JEA_NSA,False,anchor_sticky_trailing,anchor_sticky,True,5156.79,True
2022-10-07,zorba,USEC_MUN,False,anchor_sticky_trailing,anchor_sticky,True,2576.03,False
2022-10-07,taint_tabor,JEA_NSA,False,anchor_sticky_trailing,anchor_sticky,True,3401.09,False
2022-10-07,taint_tabor,USEC_MUN,False,anchor_sticky_trailing,anchor_sticky,True,1319.81,False
2022-10-07,tense,JEA_NSA,False,anchor_sticky_trailing,anchor_sticky,True,17845.56,True
2022-10-07,tense,USEC_MUN,False,anchor_sticky_trailing,anchor_sticky,True,15423.1,True
2022-10-14,zorba,JEA_NSA,False,anchor_sticky_trailing,anchor_sticky,True,5771.47,True
2022-10-14,zorba,USEC_MUN,False,anchor_sticky_trailing,anchor_sticky,True,3218.61,False
2022-10-14,taint_tabor,JEA_NSA,False,anchor_sticky_trailing,anchor_sticky,True,4062.17,False
2022-10-14,taint_tabor,USEC_MUN,False,anchor_sticky_trailing,anchor_sticky,True,2008.84,False
2022-10-14,tense,JEA_NSA,False,anchor_sticky_trailing,anchor_sticky,True,18279.29,True
2022-10-14,tense,USEC_MUN,False,anchor_sticky_trailing,anchor_sticky,True,15883.15,True
2022-10-21,zorba,JEA_NSA,False,anchor_sticky_trailing,anchor_sticky,True,11574.1,True
2022-10-21,zorba,USEC_MUN,False,anchor_sticky_trailing,anchor_sticky,True,9060.57,True
2022-10-21,taint_tabor,JEA_NSA,False,anchor_sticky_trailing,anchor_sticky,True,10147.75,True
2022-10-21,taint_tabor,USEC_MUN,False,anchor_sticky_trailing,anchor_sticky,True,8134.05,True
2022-10-21,tense,JEA_NSA,False,anchor_sticky_trailing,anchor_sticky,True,23849.95,True
2022-10-21,tense,USEC_MUN,False,anchor_sticky_trailing,anchor_sticky,True,21490.97,True
2022-10-28,zorba,JEA_NSA,False,anchor_sticky_trailing,anchor_sticky,True,6954.65,True
2022-10-28,zorba,USEC_MUN,False,anchor_sticky_trailing,anchor_sticky,True,4407.72,False
2022-10-28,taint_tabor,JEA_NSA,False,anchor_sticky_trailing,anchor_sticky,True,5329.03,True
2022-10-28,taint_tabor,USEC_MUN,False,anchor_sticky_trailing,anchor_sticky,True,3281.7,False
2022-10-28,tense,JEA_NSA,False,anchor_sticky_trailing,anchor_sticky,True,19203.27,True
2022-10-28,tense,USEC_MUN,False,anchor_sticky_trailing,anchor_sticky,True,16812.74,True
2022-01-07,zorba,JEA_NSA,False,anchor_mirror_m1,anchor_mirror,True,14393.19,True
2022-01-07,zorba,USEC_MUN,False,anchor_mirror_m1,anchor_mirror,True,11918.68,True
2022-01-07,taint_tabor,JEA_NSA,False,anchor_mirror_m1,anchor_mirror,True,11903.91,True
2022-01-07,taint_tabor,USEC_MUN,False,anchor_mirror_m1,anchor_mirror,True,9925.24,True
2022-01-07,tense,JEA_NSA,False,anchor_mirror_m1,anchor_mirror,True,27810.87,True
2022-01-07,tense,USEC_MUN,False,anchor_mirror_m1,anchor_mirror,True,25499.06,True
2022-01-14,zorba,JEA_NSA,False,anchor_mirror_m1,anchor_mirror,True,19244.97,True
2022-01-14,zorba,USEC_MUN,False,anchor_mirror_m1,anchor_mirror,True,16779.15,True
2022-01-14,taint_tabor,JEA_NSA,False,anchor_mirror_m1,anchor_mirror,True,16763.44,True
2022-01-14,taint_tabor,USEC_MUN,False,anchor_mirror_m1,anchor_mirror,True,14793.41,True
2022-01-14,tense,JEA_NSA,False,anchor_mirror_m1,anchor_mirror,True,32920.16,True
2022-01-14,tense,USEC_MUN,False,anchor_mirror_m1,anchor_mirror,True,30618.45,True
2022-01-21,zorba,JEA_NSA,False,anchor_mirror_m1,anchor_mirror,True,18214.21,True
2022-01-21,zorba,USEC_MUN,False,anchor_mirror_m1,anchor_mirror,True,15707.99,True
2022-01-21,taint_tabor,JEA_NSA,False,anchor_mirror_m1,anchor_mirror,True,15600.35,True
2022-01-21,taint_tabor,USEC_MUN,False,anchor_mirror_m1,anchor_mirror,True,13590.0,True
2022-01-21,tense,JEA_NSA,False,anchor_mirror_m1,anchor_mirror,True,32179.24,True
2022-01-21,tense,USEC_MUN,False,anchor_mirror_m1,anchor_mirror,True,29840.04,True
2022-01-28,zorba,JEA_NSA,False,anchor_mirror_m1,anchor_mirror,True,18750.66,True
2022-01-28,zorba,USEC_MUN,False,anchor_mirror_m1,anchor_mirror,True,16217.89,True
2022-01-28,taint_tabor,JEA_NSA,False,anchor_mirror_m1,anchor_mirror,True,16115.49,True
2022-01-28,taint_tabor,USEC_MUN,False,anchor_mirror_m1,anchor_mirror,True,14078.9,True
2022-01-28,tense,JEA_NSA,False,anchor_mirror_m1,anchor_mirror,True,32979.34,True
2022-01-28,tense,USEC_MUN,False,anchor_mirror_m1,anchor_mirror,True,30615.35,True
2022-02-04,zorba,JEA_NSA,False,anchor_mirror_m1,anchor_mirror,True,23023.36,True
2022-02-04,zorba,USEC_MUN,False,anchor_mirror_m1,anchor_mirror,True,20505.87,True
2022-02-04,taint_tabor,JEA_NSA,False,anchor_mirror_m1,anchor_mirror,True,20583.79,True
2022-02-04,taint_tabor,USEC_MUN,False,anchor_mirror_m1,anchor_mirror,True,18562.32,True
2022-02-04,tense,JEA_NSA,False,anchor_mirror_m1,anchor_mirror,True,37365.0,True
2022-02-04,tense,USEC_MUN,False,anchor_mirror_m1,anchor_mirror,True,35015.11,True
2022-02-11,zorba,JEA_NSA,False,anchor_mirror_m1,anchor_mirror,True,22238.09,True
2022-02-11,zorba,USEC_MUN,False,anchor_mirror_m1,anchor_mirror,True,19652.2,True
2022-02-11,taint_tabor,JEA_NSA,False,anchor_mirror_m1,anchor_mirror,True,19650.94,True
2022-02-11,taint_tabor,USEC_MUN,False,anchor_mirror_m1,anchor_mirror,True,17561.3,True
2022-02-11,tense,JEA_NSA,False,anchor_mirror_m1,anchor_mirror,True,37118.16,True
2022-02-11,tense,USEC_MUN,False,anchor_mirror_m1,anchor_mirror,True,34704.37,True
2022-02-18,zorba,JEA_NSA,False,anchor_mirror_m1,anchor_mirror,True,26014.45,True
2022-02-18,zorba,USEC_MUN,False,anchor_mirror_m1,anchor_mirror,True,23413.4,True
2022-02-18,taint_tabor,JEA_NSA,False,anchor_mirror_m1,anchor_mirror,True,23450.28,True
2022-02-18,taint_tabor,USEC_MUN,False,anchor_mirror_m1,anchor_mirror,True,21345.17,True
2022-02-18,tense,JEA_NSA,False,anchor_mirror_m1,anchor_mirror,True,41264.27,True
2022-02-18,tense,USEC_MUN,False,anchor_mirror_m1,anchor_mirror,True,38837.21,True
2022-02-25,zorba,JEA_NSA,False,anchor_mirror_m1,anchor_mirror,True,33721.68,True
2022-02-25,zorba,USEC_MUN,False,anchor_mirror_m1,anchor_mirror,True,31121.9,True
2022-02-25,taint_tabor,JEA_NSA,False,anchor_mirror_m1,anchor_mirror,True,31199.94,True
2022-02-25,taint_tabor,USEC_MUN,False,anchor_mirror_m1,anchor_mirror,True,29096.41,True
2022-02-25,tense,JEA_NSA,False,anchor_mirror_m1,anchor_mirror,True,49481.43,True
2022-02-25,tense,USEC_MUN,False,anchor_mirror_m1,anchor_mirror,True,47058.22,True
2022-03-04,zorba,JEA_NSA,True,anchor_mirror_m1,anchor_mirror,True,42563.34,True
2022-03-04,zorba,USEC_MUN,True,anchor_mirror_m1,anchor_mirror,True,39736.8,True
2022-03-04,taint_tabor,JEA_NSA,True,anchor_mirror_m1,anchor_mirror,True,39608.02,True
2022-03-04,taint_tabor,USEC_MUN,True,anchor_mirror_m1,anchor_mirror,True,37278.26,True
2022-03-04,tense,JEA_NSA,True,anchor_mirror_m1,anchor_mirror,True,60874.2,True
2022-03-04,tense,USEC_MUN,True,anchor_mirror_m1,anchor_mirror,True,58243.1,True
2022-03-11,zorba,JEA_NSA,True,anchor_mirror_m1,anchor_mirror,True,42092.98,True
2022-03-11,zorba,USEC_MUN,True,anchor_mirror_m1,anchor_mirror,True,39459.36,True
2022-03-11,taint_tabor,JEA_NSA,True,anchor_mirror_m1,anchor_mirror,True,39281.16,True
2022-03-11,taint_tabor,USEC_MUN,True,anchor_mirror_m1,anchor_mirror,True,37144.35,True
2022-03-11,tense,JEA_NSA,True,anchor_mirror_m1,anchor_mirror,True,58783.36,True
2022-03-11,tense,USEC_MUN,True,anchor_mirror_m1,anchor_mirror,True,56334.48,True
2022-03-18,zorba,JEA_NSA,True,anchor_mirror_m1,anchor_mirror,True,39998.08,True
2022-03-18,zorba,USEC_MUN,True,anchor_mirror_m1,anchor_mirror,True,37425.87,True
2022-03-18,taint_tabor,JEA_NSA,True,anchor_mirror_m1,anchor_mirror,True,37200.34,True
2022-03-18,taint_tabor,USEC_MUN,True,anchor_mirror_m1,anchor_mirror,True,35124.8,True
2022-03-18,tense,JEA_NSA,True,anchor_mirror_m1,anchor_mirror,True,56046.91,True
2022-03-18,tense,USEC_MUN,True,anchor_mirror_m1,anchor_mirror,True,53655.59,True
2022-03-25,zorba,JEA_NSA,True,anchor_mirror_m1,anchor_mirror,True,39095.28,True
2022-03-25,zorba,USEC_MUN,True,anchor_mirror_m1,anchor_mirror,True,36399.35,True
2022-03-25,taint_tabor,JEA_NSA,True,anchor_mirror_m1,anchor_mirror,True,36191.41,True
2022-03-25,taint_tabor,USEC_MUN,True,anchor_mirror_m1,anchor_mirror,True,33992.19,True
2022-03-25,tense,JEA_NSA,True,anchor_mirror_m1,anchor_mirror,True,56103.76,True
2022-03-25,tense,USEC_MUN,True,anchor_mirror_m1,anchor_mirror,True,53595.25,True
2022-04-01,zorba,JEA_NSA,True,anchor_mirror_m1,anchor_mirror,True,34661.28,True
2022-04-01,zorba,USEC_MUN,True,anchor_mirror_m1,anchor_mirror,True,31979.57,True
2022-04-01,taint_tabor,JEA_NSA,True,anchor_mirror_m1,anchor_mirror,True,31847.58,True
2022-04-01,taint_tabor,USEC_MUN,True,anchor_mirror_m1,anchor_mirror,True,29662.48,True
2022-04-01,tense,JEA_NSA,True,anchor_mirror_m1,anchor_mirror,True,51229.35,True
2022-04-01,tense,USEC_MUN,True,anchor_mirror_m1,anchor_mirror,True,48731.67,True
2022-04-08,zorba,JEA_NSA,True,anchor_mirror_m1,anchor_mirror,True,31926.24,True
2022-04-08,zorba,USEC_MUN,True,anchor_mirror_m1,anchor_mirror,True,29251.85,True
2022-04-08,taint_tabor,JEA_NSA,True,anchor_mirror_m1,anchor_mirror,True,29235.94,True
2022-04-08,taint_tabor,USEC_MUN,True,anchor_mirror_m1,anchor_mirror,True,27058.09,True
2022-04-08,tense,JEA_NSA,True,anchor_mirror_m1,anchor_mirror,True,48214.5,True
2022-04-08,tense,USEC_MUN,True,anchor_mirror_m1,anchor_mirror,True,45721.35,True
2022-04-15,zorba,JEA_NSA,True,anchor_mirror_m1,anchor_mirror,True,31703.92,True
2022-04-15,zorba,USEC_MUN,True,anchor_mirror_m1,anchor_mirror,True,29075.07,True
2022-04-15,taint_tabor,JEA_NSA,True,anchor_mirror_m1,anchor_mirror,True,29263.28,True
2022-04-15,taint_tabor,USEC_MUN,True,anchor_mirror_m1,anchor_mirror,True,27131.1,True
2022-04-15,tense,JEA_NSA,True,anchor_mirror_m1,anchor_mirror,True,47549.03,True
2022-04-15,tense,USEC_MUN,True,anchor_mirror_m1,anchor_mirror,True,45096.53,True
2022-04-22,zorba,JEA_NSA,True,anchor_mirror_m1,anchor_mirror,True,26824.88,True
2022-04-22,zorba,USEC_MUN,True,anchor_mirror_m1,anchor_mirror,True,24140.83,True
2022-04-22,taint_tabor,JEA_NSA,True,anchor_mirror_m1,anchor_mirror,True,24343.77,True
2022-04-22,taint_tabor,USEC_MUN,True,anchor_mirror_m1,anchor_mirror,True,22156.54,True
2022-04-22,tense,JEA_NSA,True,anchor_mirror_m1,anchor_mirror,True,42656.66,True
2022-04-22,tense,USEC_MUN,True,anchor_mirror_m1,anchor_mirror,True,40150.45,True
2022-04-29,zorba,JEA_NSA,True,anchor_mirror_m1,anchor_mirror,True,20002.8,True
2022-04-29,zorba,USEC_MUN,True,anchor_mirror_m1,anchor_mirror,True,17402.43,True
2022-04-29,taint_tabor,JEA_NSA,True,anchor_mirror_m1,anchor_mirror,True,17589.54,True
2022-04-29,taint_tabor,USEC_MUN,True,anchor_mirror_m1,anchor_mirror,True,15486.01,True
2022-04-29,tense,JEA_NSA,True,anchor_mirror_m1,anchor_mirror,True,34686.13,True
2022-04-29,tense,USEC_MUN,True,anchor_mirror_m1,anchor_mirror,True,32256.24,True
2022-05-06,zorba,JEA_NSA,True,anchor_mirror_m1,anchor_mirror,True,15614.12,True
2022-05-06,zorba,USEC_MUN,True,anchor_mirror_m1,anchor_mirror,True,13070.99,True
2022-05-06,taint_tabor,JEA_NSA,True,anchor_mirror_m1,anchor_mirror,True,13297.18,True
2022-05-06,taint_tabor,USEC_MUN,True,anchor_mirror_m1,anchor_mirror,True,11251.09,True
2022-05-06,tense,JEA_NSA,True,anchor_mirror_m1,anchor_mirror,True,29529.16,True
2022-05-06,tense,USEC_MUN,True,anchor_mirror_m1,anchor_mirror,True,27151.15,True
2022-05-13,zorba,JEA_NSA,True,anchor_mirror_m1,anchor_mirror,True,15775.79,True
2022-05-13,zorba,USEC_MUN,True,anchor_mirror_m1,anchor_mirror,True,13263.07,True
2022-05-13,taint_tabor,JEA_NSA,True,anchor_mirror_m1,anchor_mirror,True,13656.61,True
2022-05-13,taint_tabor,USEC_MUN,True,anchor_mirror_m1,anchor_mirror,True,11641.18,True
2022-05-13,tense,JEA_NSA,True,anchor_mirror_m1,anchor_mirror,True,29412.36,True
2022-05-13,tense,USEC_MUN,True,anchor_mirror_m1,anchor_mirror,True,27061.31,True
2022-05-20,zorba,JEA_NSA,True,anchor_mirror_m1,anchor_mirror,True,11550.63,True
2022-05-20,zorba,USEC_MUN,True,anchor_mirror_m1,anchor_mirror,True,8890.66,True
2022-05-20,taint_tabor,JEA_NSA,True,anchor_mirror_m1,anchor_mirror,True,9218.43,True
2022-05-20,taint_tabor,USEC_MUN,True,anchor_mirror_m1,anchor_mirror,True,7055.84,True
2022-05-20,tense,JEA_NSA,True,anchor_mirror_m1,anchor_mirror,True,26000.31,True
2022-05-20,tense,USEC_MUN,True,anchor_mirror_m1,anchor_mirror,True,23509.83,True
2022-05-27,zorba,JEA_NSA,True,anchor_mirror_m1,anchor_mirror,True,8729.21,True
2022-05-27,zorba,USEC_MUN,True,anchor_mirror_m1,anchor_mirror,True,6100.68,True
2022-05-27,taint_tabor,JEA_NSA,True,anchor_mirror_m1,anchor_mirror,True,6451.71,True
2022-05-27,taint_tabor,USEC_MUN,True,anchor_mirror_m1,anchor_mirror,True,4320.53,False
2022-05-27,tense,JEA_NSA,True,anchor_mirror_m1,anchor_mirror,True,22723.34,True
2022-05-27,tense,USEC_MUN,True,anchor_mirror_m1,anchor_mirror,True,20261.1,True
2022-06-03,zorba,JEA_NSA,True,anchor_mirror_m1,anchor_mirror,True,6042.27,True
2022-06-03,zorba,USEC_MUN,True,anchor_mirror_m1,anchor_mirror,True,3468.49,False
2022-06-03,taint_tabor,JEA_NSA,True,anchor_mirror_m1,anchor_mirror,True,3814.29,False
2022-06-03,taint_tabor,USEC_MUN,True,anchor_mirror_m1,anchor_mirror,True,1737.84,False
2022-06-03,tense,JEA_NSA,True,anchor_mirror_m1,anchor_mirror,True,19405.87,True
2022-06-03,tense,USEC_MUN,True,anchor_mirror_m1,anchor_mirror,True,16994.18,True
2022-06-10,zorba,JEA_NSA,True,anchor_mirror_m1,anchor_mirror,True,1060.15,False
2022-06-10,zorba,USEC_MUN,True,anchor_mirror_m1,anchor_mirror,True,-1532.83,False
2022-06-10,taint_tabor,JEA_NSA,True,anchor_mirror_m1,anchor_mirror,True,-1237.44,False
2022-06-10,taint_tabor,USEC_MUN,True,anchor_mirror_m1,anchor_mirror,True,-3332.95,False
2022-06-10,tense,JEA_NSA,True,anchor_mirror_m1,anchor_mirror,True,14256.85,True
2022-06-10,tense,USEC_MUN,True,anchor_mirror_m1,anchor_mirror,True,11825.66,True
2022-06-17,zorba,JEA_NSA,True,anchor_mirror_m1,anchor_mirror,True,1402.79,False
2022-06-17,zorba,USEC_MUN,True,anchor_mirror_m1,anchor_mirror,True,-1116.04,False
2022-06-17,taint_tabor,JEA_NSA,True,anchor_mirror_m1,anchor_mirror,True,-682.47,False
2022-06-17,taint_tabor,USEC_MUN,True,anchor_mirror_m1,anchor_mirror,True,-2703.73,False
2022-06-17,tense,JEA_NSA,True,anchor_mirror_m1,anchor_mirror,True,13749.0,True
2022-06-17,tense,USEC_MUN,True,anchor_mirror_m1,anchor_mirror,True,11386.72,True
2022-06-24,zorba,JEA_NSA,True,anchor_mirror_m1,anchor_mirror,True,-2323.73,False
2022-06-24,zorba,USEC_MUN,True,anchor_mirror_m1,anchor_mirror,True,-4818.49,False
2022-06-24,taint_tabor,JEA_NSA,True,anchor_mirror_m1,anchor_mirror,True,-4500.49,False
2022-06-24,taint_tabor,USEC_MUN,True,anchor_mirror_m1,anchor_mirror,True,-6497.58,False
2022-06-24,tense,JEA_NSA,True,anchor_mirror_m1,anchor_mirror,True,9606.15,True
2022-06-24,tense,USEC_MUN,True,anchor_mirror_m1,anchor_mirror,True,7266.33,True
2022-07-01,zorba,JEA_NSA,True,anchor_mirror_m1,anchor_mirror,True,1918.99,False
2022-07-01,zorba,USEC_MUN,True,anchor_mirror_m1,anchor_mirror,True,-560.89,False
2022-07-01,taint_tabor,JEA_NSA,True,anchor_mirror_m1,anchor_mirror,True,-68.8,False
2022-07-01,taint_tabor,USEC_MUN,True,anchor_mirror_m1,anchor_mirror,True,-2050.67,False
2022-07-01,tense,JEA_NSA,True,anchor_mirror_m1,anchor_mirror,True,13983.97,True
2022-07-01,tense,USEC_MUN,True,anchor_mirror_m1,anchor_mirror,True,11658.05,True
2022-07-08,zorba,JEA_NSA,True,anchor_mirror_m1,anchor_mirror,True,151.95,False
2022-07-08,zorba,USEC_MUN,True,anchor_mirror_m1,anchor_mirror,True,-2344.52,False
2022-07-08,taint_tabor,JEA_NSA,True,anchor_mirror_m1,anchor_mirror,True,-1899.17,False
2022-07-08,taint_tabor,USEC_MUN,True,anchor_mirror_m1,anchor_mirror,True,-3897.53,False
2022-07-08,tense,JEA_NSA,True,anchor_mirror_m1,anchor_mirror,True,12243.77,True
2022-07-08,tense,USEC_MUN,True,anchor_mirror_m1,anchor_mirror,True,9902.05,True
2022-07-15,zorba,JEA_NSA,True,anchor_mirror_m1,anchor_mirror,True,-1901.87,False
2022-07-15,zorba,USEC_MUN,True,anchor_mirror_m1,anchor_mirror,True,-4377.33,False
2022-07-15,taint_tabor,JEA_NSA,True,anchor_mirror_m1,anchor_mirror,True,-3975.19,False
2022-07-15,taint_tabor,USEC_MUN,True,anchor_mirror_m1,anchor_mirror,True,-5952.27,False
2022-07-15,tense,JEA_NSA,True,anchor_mirror_m1,anchor_mirror,True,9782.61,True
2022-07-15,tense,USEC_MUN,True,anchor_mirror_m1,anchor_mirror,True,7460.55,True
2022-07-22,zorba,JEA_NSA,True,anchor_mirror_m1,anchor_mirror,True,-1422.93,False
2022-07-22,zorba,USEC_MUN,True,anchor_mirror_m1,anchor_mirror,True,-3949.62,False
2022-07-22,taint_tabor,JEA_NSA,True,anchor_mirror_m1,anchor_mirror,True,-3669.0,False
2022-07-22,taint_tabor,USEC_MUN,True,anchor_mirror_m1,anchor_mirror,True,-5697.29,False
2022-07-22,tense,JEA_NSA,True,anchor_mirror_m1,anchor_mirror,True,10732.71,True
2022-07-22,tense,USEC_MUN,True,anchor_mirror_m1,anchor_mirror,True,8363.99,True
2022-07-29,zorba,JEA_NSA,True,anchor_mirror_m1,anchor_mirror,True,4503.04,False
2022-07-29,zorba,USEC_MUN,True,anchor_mirror_m1,anchor_mirror,True,2024.4,False
2022-07-29,taint_tabor,JEA_NSA,True,anchor_mirror_m1,anchor_mirror,True,2393.03,False
2022-07-29,taint_tabor,USEC_MUN,True,anchor_mirror_m1,anchor_mirror,True,412.54,False
2022-07-29,tense,JEA_NSA,True,anchor_mirror_m1,anchor_mirror,True,16657.79,True
2022-07-29,tense,USEC_MUN,True,anchor_mirror_m1,anchor_mirror,True,14335.74,True
2022-08-05,zorba,JEA_NSA,True,anchor_mirror_m1,anchor_mirror,True,7028.42,True
2022-08-05,zorba,USEC_MUN,True,anchor_mirror_m1,anchor_mirror,True,4576.37,False
2022-08-05,taint_tabor,JEA_NSA,True,anchor_mirror_m1,anchor_mirror,True,4902.28,False
2022-08-05,taint_tabor,USEC_MUN,True,anchor_mirror_m1,anchor_mirror,True,2948.33,False
2022-08-05,tense,JEA_NSA,True,anchor_mirror_m1,anchor_mirror,True,19154.06,True
2022-08-05,tense,USEC_MUN,True,anchor_mirror_m1,anchor_mirror,True,16858.59,True
2022-08-12,zorba,JEA_NSA,True,anchor_mirror_m1,anchor_mirror,True,8180.96,True
2022-08-12,zorba,USEC_MUN,True,anchor_mirror_m1,anchor_mirror,True,5732.27,True
2022-08-12,taint_tabor,JEA_NSA,True,anchor_mirror_m1,anchor_mirror,True,5952.29,True
2022-08-12,taint_tabor,USEC_MUN,True,anchor_mirror_m1,anchor_mirror,True,4001.94,False
2022-08-12,tense,JEA_NSA,True,anchor_mirror_m1,anchor_mirror,True,20388.98,True
2022-08-12,tense,USEC_MUN,True,anchor_mirror_m1,anchor_mirror,True,18098.39,True
2022-08-19,zorba,JEA_NSA,True,anchor_mirror_m1,anchor_mirror,True,10798.29,True
2022-08-19,zorba,USEC_MUN,True,anchor_mirror_m1,anchor_mirror,True,8366.67,True
2022-08-19,taint_tabor,JEA_NSA,True,anchor_mirror_m1,anchor_mirror,True,8770.34,True
2022-08-19,taint_tabor,USEC_MUN,True,anchor_mirror_m1,anchor_mirror,True,6837.12,True
2022-08-19,tense,JEA_NSA,True,anchor_mirror_m1,anchor_mirror,True,22794.16,True
2022-08-19,tense,USEC_MUN,True,anchor_mirror_m1,anchor_mirror,True,20519.14,True
2022-08-26,zorba,JEA_NSA,True,anchor_mirror_m1,anchor_mirror,True,3618.66,False
2022-08-26,zorba,USEC_MUN,True,anchor_mirror_m1,anchor_mirror,True,1085.4,False
2022-08-26,taint_tabor,JEA_NSA,True,anchor_mirror_m1,anchor_mirror,True,1371.41,False
2022-08-26,taint_tabor,USEC_MUN,True,anchor_mirror_m1,anchor_mirror,True,-663.46,False
2022-08-26,tense,JEA_NSA,True,anchor_mirror_m1,anchor_mirror,True,15940.7,True
2022-08-26,tense,USEC_MUN,True,anchor_mirror_m1,anchor_mirror,True,13568.25,True
2022-09-02,zorba,JEA_NSA,True,anchor_mirror_m1,anchor_mirror,True,2529.83,False
2022-09-02,zorba,USEC_MUN,True,anchor_mirror_m1,anchor_mirror,True,79.39,False
2022-09-02,taint_tabor,JEA_NSA,True,anchor_mirror_m1,anchor_mirror,True,513.09,False
2022-09-02,taint_tabor,USEC_MUN,True,anchor_mirror_m1,anchor_mirror,True,-1438.95,False
2022-09-02,tense,JEA_NSA,True,anchor_mirror_m1,anchor_mirror,True,14098.01,True
2022-09-02,tense,USEC_MUN,True,anchor_mirror_m1,anchor_mirror,True,11801.4,True
2022-09-09,zorba,JEA_NSA,False,anchor_mirror_m1,anchor_mirror,True,-2052.07,False
2022-09-09,zorba,USEC_MUN,False,anchor_mirror_m1,anchor_mirror,True,-4522.03,False
2022-09-09,taint_tabor,JEA_NSA,False,anchor_mirror_m1,anchor_mirror,True,-4096.45,False
2022-09-09,taint_tabor,USEC_MUN,False,anchor_mirror_m1,anchor_mirror,True,-6068.14,False
2022-09-09,tense,JEA_NSA,False,anchor_mirror_m1,anchor_mirror,True,9353.53,True
2022-09-09,tense,USEC_MUN,False,anchor_mirror_m1,anchor_mirror,True,7036.65,True
2022-09-16,zorba,JEA_NSA,False,anchor_mirror_m1,anchor_mirror,True,-4668.99,False
2022-09-16,zorba,USEC_MUN,False,anchor_mirror_m1,anchor_mirror,True,-7152.95,False
2022-09-16,taint_tabor,JEA_NSA,False,anchor_mirror_m1,anchor_mirror,True,-6690.68,False
2022-09-16,taint_tabor,USEC_MUN,False,anchor_mirror_m1,anchor_mirror,True,-8676.3,False
2022-09-16,tense,JEA_NSA,False,anchor_mirror_m1,anchor_mirror,True,6657.24,True
2022-09-16,tense,USEC_MUN,False,anchor_mirror_m1,anchor_mirror,True,4325.65,False
2022-09-23,zorba,JEA_NSA,False,anchor_mirror_m1,anchor_mirror,True,-6806.61,False
2022-09-23,zorba,USEC_MUN,False,anchor_mirror_m1,anchor_mirror,True,-9249.22,False
2022-09-23,taint_tabor,JEA_NSA,False,anchor_mirror_m1,anchor_mirror,True,-8873.37,False
2022-09-23,taint_tabor,USEC_MUN,False,anchor_mirror_m1,anchor_mirror,True,-10817.02,False
2022-09-23,tense,JEA_NSA,False,anchor_mirror_m1,anchor_mirror,True,4085.19,False
2022-09-23,tense,USEC_MUN,False,anchor_mirror_m1,anchor_mirror,True,1792.78,False
2022-09-30,zorba,JEA_NSA,False,anchor_mirror_m1,anchor_mirror,True,-6616.4,False
2022-09-30,zorba,USEC_MUN,False,anchor_mirror_m1,anchor_mirror,True,-9082.91,False
2022-09-30,taint_tabor,JEA_NSA,False,anchor_mirror_m1,anchor_mirror,True,-8698.36,False
2022-09-30,taint_tabor,USEC_MUN,False,anchor_mirror_m1,anchor_mirror,True,-10665.73,False
2022-09-30,tense,JEA_NSA,False,anchor_mirror_m1,anchor_mirror,True,4477.65,False
2022-09-30,tense,USEC_MUN,False,anchor_mirror_m1,anchor_mirror,True,2162.77,False
2022-10-07,zorba,JEA_NSA,False,anchor_mirror_m1,anchor_mirror,True,-10537.13,False
2022-10-07,zorba,USEC_MUN,False,anchor_mirror_m1,anchor_mirror,True,-13117.9,False
2022-10-07,taint_tabor,JEA_NSA,False,anchor_mirror_m1,anchor_mirror,True,-12866.48,False
2022-10-07,taint_tabor,USEC_MUN,False,anchor_mirror_m1,anchor_mirror,True,-14947.75,False
2022-10-07,tense,JEA_NSA,False,anchor_mirror_m1,anchor_mirror,True,1224.35,False
2022-10-07,tense,USEC_MUN,False,anchor_mirror_m1,anchor_mirror,True,-1198.1,False
2022-10-14,zorba,JEA_NSA,False,anchor_mirror_m1,anchor_mirror,True,-8784.21,False
2022-10-14,zorba,USEC_MUN,False,anchor_mirror_m1,anchor_mirror,True,-11337.07,False
2022-10-14,taint_tabor,JEA_NSA,False,anchor_mirror_m1,anchor_mirror,True,-11025.54,False
2022-10-14,taint_tabor,USEC_MUN,False,anchor_mirror_m1,anchor_mirror,True,-13078.88,False
2022-10-14,tense,JEA_NSA,False,anchor_mirror_m1,anchor_mirror,True,2863.58,False
2022-10-14,tense,USEC_MUN,False,anchor_mirror_m1,anchor_mirror,True,467.43,False
2022-10-21,zorba,JEA_NSA,False,anchor_mirror_m1,anchor_mirror,True,-6420.03,False
2022-10-21,zorba,USEC_MUN,False,anchor_mirror_m1,anchor_mirror,True,-8933.56,False
2022-10-21,taint_tabor,JEA_NSA,False,anchor_mirror_m1,anchor_mirror,True,-8504.1,False
2022-10-21,taint_tabor,USEC_MUN,False,anchor_mirror_m1,anchor_mirror,True,-10517.8,False
2022-10-21,tense,JEA_NSA,False,anchor_mirror_m1,anchor_mirror,True,4792.63,False
2022-10-21,tense,USEC_MUN,False,anchor_mirror_m1,anchor_mirror,True,2433.65,False
2022-10-28,zorba,JEA_NSA,False,anchor_mirror_m1,anchor_mirror,True,-11451.26,False
2022-10-28,zorba,USEC_MUN,False,anchor_mirror_m1,anchor_mirror,True,-13998.19,False
2022-10-28,taint_tabor,JEA_NSA,False,anchor_mirror_m1,anchor_mirror,True,-13749.65,False
2022-10-28,taint_tabor,USEC_MUN,False,anchor_mirror_m1,anchor_mirror,True,-15796.98,False
2022-10-28,tense,JEA_NSA,False,anchor_mirror_m1,anchor_mirror,True,-290.16,False
2022-10-28,tense,USEC_MUN,False,anchor_mirror_m1,anchor_mirror,True,-2680.69,False
2022-01-07,zorba,JEA_NSA,False,anchor_mirror_lane_contract,anchor_mirror,False,14393.19,True
2022-01-07,zorba,USEC_MUN,False,anchor_mirror_lane_contract,anchor_mirror,False,14255.41,True
2022-01-07,taint_tabor,JEA_NSA,False,anchor_mirror_lane_contract,anchor_mirror,False,11903.91,True
2022-01-07,taint_tabor,USEC_MUN,False,anchor_mirror_lane_contract,anchor_mirror,False,12347.39,True
2022-01-07,tense,JEA_NSA,False,anchor_mirror_lane_contract,anchor_mirror,False,27810.87,True
2022-01-07,tense,USEC_MUN,False,anchor_mirror_lane_contract,anchor_mirror,False,27973.86,True
2022-01-14,zorba,JEA_NSA,False,anchor_mirror_lane_contract,anchor_mirror,False,19244.97,True
2022-01-14,zorba,USEC_MUN,False,anchor_mirror_lane_contract,anchor_mirror,False,17774.42,True
2022-01-14,taint_tabor,JEA_NSA,False,anchor_mirror_lane_contract,anchor_mirror,False,16763.44,True
2022-01-14,taint_tabor,USEC_MUN,False,anchor_mirror_lane_contract,anchor_mirror,False,15825.06,True
2022-01-14,tense,JEA_NSA,False,anchor_mirror_lane_contract,anchor_mirror,False,32920.16,True
2022-01-14,tense,USEC_MUN,False,anchor_mirror_lane_contract,anchor_mirror,False,31672.53,True
2022-01-21,zorba,JEA_NSA,False,anchor_mirror_lane_contract,anchor_mirror,False,18214.21,True
2022-01-21,zorba,USEC_MUN,False,anchor_mirror_lane_contract,anchor_mirror,False,19040.0,True
2022-01-21,taint_tabor,JEA_NSA,False,anchor_mirror_lane_contract,anchor_mirror,False,15600.35,True
2022-01-21,taint_tabor,USEC_MUN,False,anchor_mirror_lane_contract,anchor_mirror,False,17043.81,True
2022-01-21,tense,JEA_NSA,False,anchor_mirror_lane_contract,anchor_mirror,False,32179.24,True
2022-01-21,tense,USEC_MUN,False,anchor_mirror_lane_contract,anchor_mirror,False,33368.93,True
2022-01-28,zorba,JEA_NSA,False,anchor_mirror_lane_contract,anchor_mirror,False,18750.66,True
2022-01-28,zorba,USEC_MUN,False,anchor_mirror_lane_contract,anchor_mirror,False,18597.9,True
2022-01-28,taint_tabor,JEA_NSA,False,anchor_mirror_lane_contract,anchor_mirror,False,16115.49,True
2022-01-28,taint_tabor,USEC_MUN,False,anchor_mirror_lane_contract,anchor_mirror,False,16545.9,True
2022-01-28,tense,JEA_NSA,False,anchor_mirror_lane_contract,anchor_mirror,False,32979.34,True
2022-01-28,tense,USEC_MUN,False,anchor_mirror_lane_contract,anchor_mirror,False,33135.99,True
2022-02-04,zorba,JEA_NSA,False,anchor_mirror_lane_contract,anchor_mirror,False,23023.36,True
2022-02-04,zorba,USEC_MUN,False,anchor_mirror_lane_contract,anchor_mirror,False,20202.96,True
2022-02-04,taint_tabor,JEA_NSA,False,anchor_mirror_lane_contract,anchor_mirror,False,20583.79,True
2022-02-04,taint_tabor,USEC_MUN,False,anchor_mirror_lane_contract,anchor_mirror,False,18248.34,True
2022-02-04,tense,JEA_NSA,False,anchor_mirror_lane_contract,anchor_mirror,False,37365.0,True
2022-02-04,tense,USEC_MUN,False,anchor_mirror_lane_contract,anchor_mirror,False,34694.3,True
2022-02-11,zorba,JEA_NSA,False,anchor_mirror_lane_contract,anchor_mirror,False,22238.09,True
2022-02-11,zorba,USEC_MUN,False,anchor_mirror_lane_contract,anchor_mirror,False,27527.87,True
2022-02-11,taint_tabor,JEA_NSA,False,anchor_mirror_lane_contract,anchor_mirror,False,19650.94,True
2022-02-11,taint_tabor,USEC_MUN,False,anchor_mirror_lane_contract,anchor_mirror,False,25724.83,True
2022-02-11,tense,JEA_NSA,False,anchor_mirror_lane_contract,anchor_mirror,False,37118.16,True
2022-02-11,tense,USEC_MUN,False,anchor_mirror_lane_contract,anchor_mirror,False,43045.38,True
2022-02-18,zorba,JEA_NSA,False,anchor_mirror_lane_contract,anchor_mirror,False,26014.45,True
2022-02-18,zorba,USEC_MUN,False,anchor_mirror_lane_contract,anchor_mirror,False,25144.32,True
2022-02-18,taint_tabor,JEA_NSA,False,anchor_mirror_lane_contract,anchor_mirror,False,23450.28,True
2022-02-18,taint_tabor,USEC_MUN,False,anchor_mirror_lane_contract,anchor_mirror,False,23139.36,True
2022-02-18,tense,JEA_NSA,False,anchor_mirror_lane_contract,anchor_mirror,False,41264.27,True
2022-02-18,tense,USEC_MUN,False,anchor_mirror_lane_contract,anchor_mirror,False,40670.4,True
2022-02-25,zorba,JEA_NSA,False,anchor_mirror_lane_contract,anchor_mirror,False,33721.68,True
2022-02-25,zorba,USEC_MUN,False,anchor_mirror_lane_contract,anchor_mirror,False,32766.27,True
2022-02-25,taint_tabor,JEA_NSA,False,anchor_mirror_lane_contract,anchor_mirror,False,31199.94,True
2022-02-25,taint_tabor,USEC_MUN,False,anchor_mirror_lane_contract,anchor_mirror,False,30800.88,True
2022-02-25,tense,JEA_NSA,False,anchor_mirror_lane_contract,anchor_mirror,False,49481.43,True
2022-02-25,tense,USEC_MUN,False,anchor_mirror_lane_contract,anchor_mirror,False,48799.75,True
2022-03-04,zorba,JEA_NSA,True,anchor_mirror_lane_contract,anchor_mirror,False,42563.34,True
2022-03-04,zorba,USEC_MUN,True,anchor_mirror_lane_contract,anchor_mirror,False,38135.71,True
2022-03-04,taint_tabor,JEA_NSA,True,anchor_mirror_lane_contract,anchor_mirror,False,39608.02,True
2022-03-04,taint_tabor,USEC_MUN,True,anchor_mirror_lane_contract,anchor_mirror,False,35618.64,True
2022-03-04,tense,JEA_NSA,True,anchor_mirror_lane_contract,anchor_mirror,False,60874.2,True
2022-03-04,tense,USEC_MUN,True,anchor_mirror_lane_contract,anchor_mirror,False,56547.41,True
2022-03-11,zorba,JEA_NSA,True,anchor_mirror_lane_contract,anchor_mirror,False,42092.98,True
2022-03-11,zorba,USEC_MUN,True,anchor_mirror_lane_contract,anchor_mirror,False,41752.83,True
2022-03-11,taint_tabor,JEA_NSA,True,anchor_mirror_lane_contract,anchor_mirror,False,39281.16,True
2022-03-11,taint_tabor,USEC_MUN,True,anchor_mirror_lane_contract,anchor_mirror,False,39521.65,True
2022-03-11,tense,JEA_NSA,True,anchor_mirror_lane_contract,anchor_mirror,False,58783.36,True
2022-03-11,tense,USEC_MUN,True,anchor_mirror_lane_contract,anchor_mirror,False,58763.45,True
2022-03-18,zorba,JEA_NSA,True,anchor_mirror_lane_contract,anchor_mirror,False,39998.08,True
2022-03-18,zorba,USEC_MUN,True,anchor_mirror_lane_contract,anchor_mirror,False,40671.34,True
2022-03-18,taint_tabor,JEA_NSA,True,anchor_mirror_lane_contract,anchor_mirror,False,37200.34,True
2022-03-18,taint_tabor,USEC_MUN,True,anchor_mirror_lane_contract,anchor_mirror,False,38488.9,True
2022-03-18,tense,JEA_NSA,True,anchor_mirror_lane_contract,anchor_mirror,False,56046.91,True
2022-03-18,tense,USEC_MUN,True,anchor_mirror_lane_contract,anchor_mirror,False,57092.81,True
2022-03-25,zorba,JEA_NSA,True,anchor_mirror_lane_contract,anchor_mirror,False,39095.28,True
2022-03-25,zorba,USEC_MUN,True,anchor_mirror_lane_contract,anchor_mirror,False,42068.1,True
2022-03-25,taint_tabor,JEA_NSA,True,anchor_mirror_lane_contract,anchor_mirror,False,36191.41,True
2022-03-25,taint_tabor,USEC_MUN,True,anchor_mirror_lane_contract,anchor_mirror,False,39868.14,True
2022-03-25,tense,JEA_NSA,True,anchor_mirror_lane_contract,anchor_mirror,False,56103.76,True
2022-03-25,tense,USEC_MUN,True,anchor_mirror_lane_contract,anchor_mirror,False,59598.94,True
2022-04-01,zorba,JEA_NSA,True,anchor_mirror_lane_contract,anchor_mirror,False,34661.28,True
2022-04-01,zorba,USEC_MUN,True,anchor_mirror_lane_contract,anchor_mirror,False,36912.68,True
2022-04-01,taint_tabor,JEA_NSA,True,anchor_mirror_lane_contract,anchor_mirror,False,31847.58,True
2022-04-01,taint_tabor,USEC_MUN,True,anchor_mirror_lane_contract,anchor_mirror,False,34775.9,True
2022-04-01,tense,JEA_NSA,True,anchor_mirror_lane_contract,anchor_mirror,False,51229.35,True
2022-04-01,tense,USEC_MUN,True,anchor_mirror_lane_contract,anchor_mirror,False,53956.25,True
2022-04-08,zorba,JEA_NSA,True,anchor_mirror_lane_contract,anchor_mirror,False,31926.24,True
2022-04-08,zorba,USEC_MUN,True,anchor_mirror_lane_contract,anchor_mirror,False,31631.86,True
2022-04-08,taint_tabor,JEA_NSA,True,anchor_mirror_lane_contract,anchor_mirror,False,29235.94,True
2022-04-08,taint_tabor,USEC_MUN,True,anchor_mirror_lane_contract,anchor_mirror,False,29525.09,True
2022-04-08,tense,JEA_NSA,True,anchor_mirror_lane_contract,anchor_mirror,False,48214.5,True
2022-04-08,tense,USEC_MUN,True,anchor_mirror_lane_contract,anchor_mirror,False,48241.98,True
2022-04-15,zorba,JEA_NSA,True,anchor_mirror_lane_contract,anchor_mirror,False,31703.92,True
2022-04-15,zorba,USEC_MUN,True,anchor_mirror_lane_contract,anchor_mirror,False,29421.25,True
2022-04-15,taint_tabor,JEA_NSA,True,anchor_mirror_lane_contract,anchor_mirror,False,29263.28,True
2022-04-15,taint_tabor,USEC_MUN,True,anchor_mirror_lane_contract,anchor_mirror,False,27489.94,True
2022-04-15,tense,JEA_NSA,True,anchor_mirror_lane_contract,anchor_mirror,False,47549.03,True
2022-04-15,tense,USEC_MUN,True,anchor_mirror_lane_contract,anchor_mirror,False,45463.17,True
2022-04-22,zorba,JEA_NSA,True,anchor_mirror_lane_contract,anchor_mirror,False,26824.88,True
2022-04-22,zorba,USEC_MUN,True,anchor_mirror_lane_contract,anchor_mirror,False,24703.38,True
2022-04-22,taint_tabor,JEA_NSA,True,anchor_mirror_lane_contract,anchor_mirror,False,24343.77,True
2022-04-22,taint_tabor,USEC_MUN,True,anchor_mirror_lane_contract,anchor_mirror,False,22739.65,True
2022-04-22,tense,JEA_NSA,True,anchor_mirror_lane_contract,anchor_mirror,False,42656.66,True
2022-04-22,tense,USEC_MUN,True,anchor_mirror_lane_contract,anchor_mirror,False,40746.23,True
2022-04-29,zorba,JEA_NSA,True,anchor_mirror_lane_contract,anchor_mirror,False,20002.8,True
2022-04-29,zorba,USEC_MUN,True,anchor_mirror_lane_contract,anchor_mirror,False,18960.25,True
2022-04-29,taint_tabor,JEA_NSA,True,anchor_mirror_lane_contract,anchor_mirror,False,17589.54,True
2022-04-29,taint_tabor,USEC_MUN,True,anchor_mirror_lane_contract,anchor_mirror,False,17100.77,True
2022-04-29,tense,JEA_NSA,True,anchor_mirror_lane_contract,anchor_mirror,False,34686.13,True
2022-04-29,tense,USEC_MUN,True,anchor_mirror_lane_contract,anchor_mirror,False,33906.11,True
2022-05-06,zorba,JEA_NSA,True,anchor_mirror_lane_contract,anchor_mirror,False,15614.12,True
2022-05-06,zorba,USEC_MUN,True,anchor_mirror_lane_contract,anchor_mirror,False,18090.64,True
2022-05-06,taint_tabor,JEA_NSA,True,anchor_mirror_lane_contract,anchor_mirror,False,13297.18,True
2022-05-06,taint_tabor,USEC_MUN,True,anchor_mirror_lane_contract,anchor_mirror,False,16454.22,True
2022-05-06,tense,JEA_NSA,True,anchor_mirror_lane_contract,anchor_mirror,False,29529.16,True
2022-05-06,tense,USEC_MUN,True,anchor_mirror_lane_contract,anchor_mirror,False,32467.4,True
2022-05-13,zorba,JEA_NSA,True,anchor_mirror_lane_contract,anchor_mirror,False,15775.79,True
2022-05-13,zorba,USEC_MUN,True,anchor_mirror_lane_contract,anchor_mirror,False,12613.98,True
2022-05-13,taint_tabor,JEA_NSA,True,anchor_mirror_lane_contract,anchor_mirror,False,13656.61,True
2022-05-13,taint_tabor,USEC_MUN,True,anchor_mirror_lane_contract,anchor_mirror,False,10968.36,True
2022-05-13,tense,JEA_NSA,True,anchor_mirror_lane_contract,anchor_mirror,False,29412.36,True
2022-05-13,tense,USEC_MUN,True,anchor_mirror_lane_contract,anchor_mirror,False,26373.86,True
2022-05-20,zorba,JEA_NSA,True,anchor_mirror_lane_contract,anchor_mirror,False,11550.63,True
2022-05-20,zorba,USEC_MUN,True,anchor_mirror_lane_contract,anchor_mirror,False,9756.12,True
2022-05-20,taint_tabor,JEA_NSA,True,anchor_mirror_lane_contract,anchor_mirror,False,9218.43,True
2022-05-20,taint_tabor,USEC_MUN,True,anchor_mirror_lane_contract,anchor_mirror,False,7952.93,True
2022-05-20,tense,JEA_NSA,True,anchor_mirror_lane_contract,anchor_mirror,False,26000.31,True
2022-05-20,tense,USEC_MUN,True,anchor_mirror_lane_contract,anchor_mirror,False,24426.43,True
2022-05-27,zorba,JEA_NSA,True,anchor_mirror_lane_contract,anchor_mirror,False,8729.21,True
2022-05-27,zorba,USEC_MUN,True,anchor_mirror_lane_contract,anchor_mirror,False,7139.23,True
2022-05-27,taint_tabor,JEA_NSA,True,anchor_mirror_lane_contract,anchor_mirror,False,6451.71,True
2022-05-27,taint_tabor,USEC_MUN,True,anchor_mirror_lane_contract,anchor_mirror,False,5397.04,True
2022-05-27,tense,JEA_NSA,True,anchor_mirror_lane_contract,anchor_mirror,False,22723.34,True
2022-05-27,tense,USEC_MUN,True,anchor_mirror_lane_contract,anchor_mirror,False,21361.01,True
2022-06-03,zorba,JEA_NSA,True,anchor_mirror_lane_contract,anchor_mirror,False,6042.27,True
2022-06-03,zorba,USEC_MUN,True,anchor_mirror_lane_contract,anchor_mirror,False,10045.98,True
2022-06-03,taint_tabor,JEA_NSA,True,anchor_mirror_lane_contract,anchor_mirror,False,3814.29,False
2022-06-03,taint_tabor,USEC_MUN,True,anchor_mirror_lane_contract,anchor_mirror,False,8555.74,True
2022-06-03,tense,JEA_NSA,True,anchor_mirror_lane_contract,anchor_mirror,False,19405.87,True
2022-06-03,tense,USEC_MUN,True,anchor_mirror_lane_contract,anchor_mirror,False,23960.29,True
2022-06-10,zorba,JEA_NSA,True,anchor_mirror_lane_contract,anchor_mirror,False,1060.15,False
2022-06-10,zorba,USEC_MUN,True,anchor_mirror_lane_contract,anchor_mirror,False,5304.29,True
2022-06-10,taint_tabor,JEA_NSA,True,anchor_mirror_lane_contract,anchor_mirror,False,-1237.44,False
2022-06-10,taint_tabor,USEC_MUN,True,anchor_mirror_lane_contract,anchor_mirror,False,3754.08,False
2022-06-10,tense,JEA_NSA,True,anchor_mirror_lane_contract,anchor_mirror,False,14256.85,True
2022-06-10,tense,USEC_MUN,True,anchor_mirror_lane_contract,anchor_mirror,False,19066.75,True
2022-06-17,zorba,JEA_NSA,True,anchor_mirror_lane_contract,anchor_mirror,False,1402.79,False
2022-06-17,zorba,USEC_MUN,True,anchor_mirror_lane_contract,anchor_mirror,False,1437.06,False
2022-06-17,taint_tabor,JEA_NSA,True,anchor_mirror_lane_contract,anchor_mirror,False,-682.47,False
2022-06-17,taint_tabor,USEC_MUN,True,anchor_mirror_lane_contract,anchor_mirror,False,-57.31,False
2022-06-17,tense,JEA_NSA,True,anchor_mirror_lane_contract,anchor_mirror,False,13749.0,True
2022-06-17,tense,USEC_MUN,True,anchor_mirror_lane_contract,anchor_mirror,False,14090.67,True
2022-06-24,zorba,JEA_NSA,True,anchor_mirror_lane_contract,anchor_mirror,False,-2323.73,False
2022-06-24,zorba,USEC_MUN,True,anchor_mirror_lane_contract,anchor_mirror,False,-3477.03,False
2022-06-24,taint_tabor,JEA_NSA,True,anchor_mirror_lane_contract,anchor_mirror,False,-4500.49,False
2022-06-24,taint_tabor,USEC_MUN,True,anchor_mirror_lane_contract,anchor_mirror,False,-5107.09,False
2022-06-24,tense,JEA_NSA,True,anchor_mirror_lane_contract,anchor_mirror,False,9606.15,True
2022-06-24,tense,USEC_MUN,True,anchor_mirror_lane_contract,anchor_mirror,False,8687.05,True
2022-07-01,zorba,JEA_NSA,True,anchor_mirror_lane_contract,anchor_mirror,False,1918.99,False
2022-07-01,zorba,USEC_MUN,True,anchor_mirror_lane_contract,anchor_mirror,False,-950.35,False
2022-07-01,taint_tabor,JEA_NSA,True,anchor_mirror_lane_contract,anchor_mirror,False,-68.8,False
2022-07-01,taint_tabor,USEC_MUN,True,anchor_mirror_lane_contract,anchor_mirror,False,-2454.36,False
2022-07-01,tense,JEA_NSA,True,anchor_mirror_lane_contract,anchor_mirror,False,13983.97,True
2022-07-01,tense,USEC_MUN,True,anchor_mirror_lane_contract,anchor_mirror,False,11245.58,True
2022-07-08,zorba,JEA_NSA,True,anchor_mirror_lane_contract,anchor_mirror,False,151.95,False
2022-07-08,zorba,USEC_MUN,True,anchor_mirror_lane_contract,anchor_mirror,False,-786.69,False
2022-07-08,taint_tabor,JEA_NSA,True,anchor_mirror_lane_contract,anchor_mirror,False,-1899.17,False
2022-07-08,taint_tabor,USEC_MUN,True,anchor_mirror_lane_contract,anchor_mirror,False,-2282.76,False
2022-07-08,tense,JEA_NSA,True,anchor_mirror_lane_contract,anchor_mirror,False,12243.77,True
2022-07-08,tense,USEC_MUN,True,anchor_mirror_lane_contract,anchor_mirror,False,11551.92,True
2022-07-15,zorba,JEA_NSA,True,anchor_mirror_lane_contract,anchor_mirror,False,-1901.87,False
2022-07-15,zorba,USEC_MUN,True,anchor_mirror_lane_contract,anchor_mirror,False,-3684.96,False
2022-07-15,taint_tabor,JEA_NSA,True,anchor_mirror_lane_contract,anchor_mirror,False,-3975.19,False
2022-07-15,taint_tabor,USEC_MUN,True,anchor_mirror_lane_contract,anchor_mirror,False,-5234.59,False
2022-07-15,tense,JEA_NSA,True,anchor_mirror_lane_contract,anchor_mirror,False,9782.61,True
2022-07-15,tense,USEC_MUN,True,anchor_mirror_lane_contract,anchor_mirror,False,8193.82,True
2022-07-22,zorba,JEA_NSA,True,anchor_mirror_lane_contract,anchor_mirror,False,-1422.93,False
2022-07-22,zorba,USEC_MUN,True,anchor_mirror_lane_contract,anchor_mirror,False,-1699.43,False
2022-07-22,taint_tabor,JEA_NSA,True,anchor_mirror_lane_contract,anchor_mirror,False,-3669.0,False
2022-07-22,taint_tabor,USEC_MUN,True,anchor_mirror_lane_contract,anchor_mirror,False,-3364.85,False
2022-07-22,tense,JEA_NSA,True,anchor_mirror_lane_contract,anchor_mirror,False,10732.71,True
2022-07-22,tense,USEC_MUN,True,anchor_mirror_lane_contract,anchor_mirror,False,10747.13,True
2022-07-29,zorba,JEA_NSA,True,anchor_mirror_lane_contract,anchor_mirror,False,4503.04,False
2022-07-29,zorba,USEC_MUN,True,anchor_mirror_lane_contract,anchor_mirror,False,5140.05,True
2022-07-29,taint_tabor,JEA_NSA,True,anchor_mirror_lane_contract,anchor_mirror,False,2393.03,False
2022-07-29,taint_tabor,USEC_MUN,True,anchor_mirror_lane_contract,anchor_mirror,False,3642.07,False
2022-07-29,tense,JEA_NSA,True,anchor_mirror_lane_contract,anchor_mirror,False,16657.79,True
2022-07-29,tense,USEC_MUN,True,anchor_mirror_lane_contract,anchor_mirror,False,17635.48,True
2022-08-05,zorba,JEA_NSA,True,anchor_mirror_lane_contract,anchor_mirror,False,7028.42,True
2022-08-05,zorba,USEC_MUN,True,anchor_mirror_lane_contract,anchor_mirror,False,4230.19,False
2022-08-05,taint_tabor,JEA_NSA,True,anchor_mirror_lane_contract,anchor_mirror,False,4902.28,False
2022-08-05,taint_tabor,USEC_MUN,True,anchor_mirror_lane_contract,anchor_mirror,False,2589.49,False
2022-08-05,tense,JEA_NSA,True,anchor_mirror_lane_contract,anchor_mirror,False,19154.06,True
2022-08-05,tense,USEC_MUN,True,anchor_mirror_lane_contract,anchor_mirror,False,16491.95,True
2022-08-12,zorba,JEA_NSA,True,anchor_mirror_lane_contract,anchor_mirror,False,8180.96,True
2022-08-12,zorba,USEC_MUN,True,anchor_mirror_lane_contract,anchor_mirror,False,12179.93,True
2022-08-12,taint_tabor,JEA_NSA,True,anchor_mirror_lane_contract,anchor_mirror,False,5952.29,True
2022-08-12,taint_tabor,USEC_MUN,True,anchor_mirror_lane_contract,anchor_mirror,False,10685.27,True
2022-08-12,tense,JEA_NSA,True,anchor_mirror_lane_contract,anchor_mirror,False,20388.98,True
2022-08-12,tense,USEC_MUN,True,anchor_mirror_lane_contract,anchor_mirror,False,24927.02,True
2022-08-19,zorba,JEA_NSA,True,anchor_mirror_lane_contract,anchor_mirror,False,10798.29,True
2022-08-19,zorba,USEC_MUN,True,anchor_mirror_lane_contract,anchor_mirror,False,11179.41,True
2022-08-19,taint_tabor,JEA_NSA,True,anchor_mirror_lane_contract,anchor_mirror,False,8770.34,True
2022-08-19,taint_tabor,USEC_MUN,True,anchor_mirror_lane_contract,anchor_mirror,False,9752.67,True
2022-08-19,tense,JEA_NSA,True,anchor_mirror_lane_contract,anchor_mirror,False,22794.16,True
2022-08-19,tense,USEC_MUN,True,anchor_mirror_lane_contract,anchor_mirror,False,23498.07,True
2022-08-26,zorba,JEA_NSA,True,anchor_mirror_lane_contract,anchor_mirror,False,3618.66,False
2022-08-26,zorba,USEC_MUN,True,anchor_mirror_lane_contract,anchor_mirror,False,3162.5,False
2022-08-26,taint_tabor,JEA_NSA,True,anchor_mirror_lane_contract,anchor_mirror,False,1371.41,False
2022-08-26,taint_tabor,USEC_MUN,True,anchor_mirror_lane_contract,anchor_mirror,False,1489.56,False
2022-08-26,tense,JEA_NSA,True,anchor_mirror_lane_contract,anchor_mirror,False,15940.7,True
2022-08-26,tense,USEC_MUN,True,anchor_mirror_lane_contract,anchor_mirror,False,15768.08,True
2022-09-02,zorba,JEA_NSA,True,anchor_mirror_lane_contract,anchor_mirror,False,2529.83,False
2022-09-02,zorba,USEC_MUN,True,anchor_mirror_lane_contract,anchor_mirror,False,3108.5,False
2022-09-02,taint_tabor,JEA_NSA,True,anchor_mirror_lane_contract,anchor_mirror,False,513.09,False
2022-09-02,taint_tabor,USEC_MUN,True,anchor_mirror_lane_contract,anchor_mirror,False,1700.87,False
2022-09-02,tense,JEA_NSA,True,anchor_mirror_lane_contract,anchor_mirror,False,14098.01,True
2022-09-02,tense,USEC_MUN,True,anchor_mirror_lane_contract,anchor_mirror,False,15009.48,True
2022-09-09,zorba,JEA_NSA,False,anchor_mirror_lane_contract,anchor_mirror,False,-2052.07,False
2022-09-09,zorba,USEC_MUN,False,anchor_mirror_lane_contract,anchor_mirror,False,-2012.2,False
2022-09-09,taint_tabor,JEA_NSA,False,anchor_mirror_lane_contract,anchor_mirror,False,-4096.45,False
2022-09-09,taint_tabor,USEC_MUN,False,anchor_mirror_lane_contract,anchor_mirror,False,-3466.58,False
2022-09-09,tense,JEA_NSA,False,anchor_mirror_lane_contract,anchor_mirror,False,9353.53,True
2022-09-09,tense,USEC_MUN,False,anchor_mirror_lane_contract,anchor_mirror,False,9694.77,True
2022-09-16,zorba,JEA_NSA,False,anchor_mirror_lane_contract,anchor_mirror,False,-4668.99,False
2022-09-16,zorba,USEC_MUN,False,anchor_mirror_lane_contract,anchor_mirror,False,-2522.75,False
2022-09-16,taint_tabor,JEA_NSA,False,anchor_mirror_lane_contract,anchor_mirror,False,-6690.68,False
2022-09-16,taint_tabor,USEC_MUN,False,anchor_mirror_lane_contract,anchor_mirror,False,-3876.86,False
2022-09-16,tense,JEA_NSA,False,anchor_mirror_lane_contract,anchor_mirror,False,6657.24,True
2022-09-16,tense,USEC_MUN,False,anchor_mirror_lane_contract,anchor_mirror,False,9229.43,True
2022-09-23,zorba,JEA_NSA,False,anchor_mirror_lane_contract,anchor_mirror,False,-6806.61,False
2022-09-23,zorba,USEC_MUN,False,anchor_mirror_lane_contract,anchor_mirror,False,-6739.39,False
2022-09-23,taint_tabor,JEA_NSA,False,anchor_mirror_lane_contract,anchor_mirror,False,-8873.37,False
2022-09-23,taint_tabor,USEC_MUN,False,anchor_mirror_lane_contract,anchor_mirror,False,-8215.45,False
2022-09-23,tense,JEA_NSA,False,anchor_mirror_lane_contract,anchor_mirror,False,4085.19,False
2022-09-23,tense,USEC_MUN,False,anchor_mirror_lane_contract,anchor_mirror,False,4450.9,False
2022-09-30,zorba,JEA_NSA,False,anchor_mirror_lane_contract,anchor_mirror,False,-6616.4,False
2022-09-30,zorba,USEC_MUN,False,anchor_mirror_lane_contract,anchor_mirror,False,-11073.47,False
2022-09-30,taint_tabor,JEA_NSA,False,anchor_mirror_lane_contract,anchor_mirror,False,-8698.36,False
2022-09-30,taint_tabor,USEC_MUN,False,anchor_mirror_lane_contract,anchor_mirror,False,-12729.04,False
2022-09-30,tense,JEA_NSA,False,anchor_mirror_lane_contract,anchor_mirror,False,4477.65,False
2022-09-30,tense,USEC_MUN,False,anchor_mirror_lane_contract,anchor_mirror,False,54.6,False
2022-10-07,zorba,JEA_NSA,False,anchor_mirror_lane_contract,anchor_mirror,False,-10537.13,False
2022-10-07,zorba,USEC_MUN,False,anchor_mirror_lane_contract,anchor_mirror,False,-8660.79,False
2022-10-07,taint_tabor,JEA_NSA,False,anchor_mirror_lane_contract,anchor_mirror,False,-12866.48,False
2022-10-07,taint_tabor,USEC_MUN,False,anchor_mirror_lane_contract,anchor_mirror,False,-10327.73,False
2022-10-07,tense,JEA_NSA,False,anchor_mirror_lane_contract,anchor_mirror,False,1224.35,False
2022-10-07,tense,USEC_MUN,False,anchor_mirror_lane_contract,anchor_mirror,False,3522.36,False
2022-10-14,zorba,JEA_NSA,False,anchor_mirror_lane_contract,anchor_mirror,False,-8784.21,False
2022-10-14,zorba,USEC_MUN,False,anchor_mirror_lane_contract,anchor_mirror,False,-5062.5,False
2022-10-14,taint_tabor,JEA_NSA,False,anchor_mirror_lane_contract,anchor_mirror,False,-11025.54,False
2022-10-14,taint_tabor,USEC_MUN,False,anchor_mirror_lane_contract,anchor_mirror,False,-6574.96,False
2022-10-14,tense,JEA_NSA,False,anchor_mirror_lane_contract,anchor_mirror,False,2863.58,False
2022-10-14,tense,USEC_MUN,False,anchor_mirror_lane_contract,anchor_mirror,False,7112.74,True
2022-10-21,zorba,JEA_NSA,False,anchor_mirror_lane_contract,anchor_mirror,False,-6420.03,False
2022-10-21,zorba,USEC_MUN,False,anchor_mirror_lane_contract,anchor_mirror,False,-7895.01,False
2022-10-21,taint_tabor,JEA_NSA,False,anchor_mirror_lane_contract,anchor_mirror,False,-8504.1,False
2022-10-21,taint_tabor,USEC_MUN,False,anchor_mirror_lane_contract,anchor_mirror,False,-9441.29,False
2022-10-21,tense,JEA_NSA,False,anchor_mirror_lane_contract,anchor_mirror,False,4792.63,False
2022-10-21,tense,USEC_MUN,False,anchor_mirror_lane_contract,anchor_mirror,False,3533.56,False
2022-10-28,zorba,JEA_NSA,False,anchor_mirror_lane_contract,anchor_mirror,False,-11451.26,False
2022-10-28,zorba,USEC_MUN,False,anchor_mirror_lane_contract,anchor_mirror,False,-11228.72,False
2022-10-28,taint_tabor,JEA_NSA,False,anchor_mirror_lane_contract,anchor_mirror,False,-13749.65,False
2022-10-28,taint_tabor,USEC_MUN,False,anchor_mirror_lane_contract,anchor_mirror,False,-12926.28,False
2022-10-28,tense,JEA_NSA,False,anchor_mirror_lane_contract,anchor_mirror,False,-290.16,False
2022-10-28,tense,USEC_MUN,False,anchor_mirror_lane_contract,anchor_mirror,False,252.41,False
2022-01-07,zorba,JEA_NSA,False,conversion_8000,conversion,True,21896.88,True
2022-01-07,zorba,USEC_MUN,False,conversion_8000,conversion,True,19988.47,True
2022-01-07,taint_tabor,JEA_NSA,False,conversion_8000,conversion,True,19681.87,True
2022-01-07,taint_tabor,USEC_MUN,False,conversion_8000,conversion,True,18290.0,True
2022-01-07,tense,JEA_NSA,False,conversion_8000,conversion,True,35757.93,True
2022-01-07,tense,USEC_MUN,False,conversion_8000,conversion,True,34045.65,True
2022-01-14,zorba,JEA_NSA,False,conversion_8000,conversion,True,26630.44,True
2022-01-14,zorba,USEC_MUN,False,conversion_8000,conversion,True,24741.01,True
2022-01-14,taint_tabor,JEA_NSA,False,conversion_8000,conversion,True,24418.87,True
2022-01-14,taint_tabor,USEC_MUN,False,conversion_8000,conversion,True,23046.3,True
2022-01-14,tense,JEA_NSA,False,conversion_8000,conversion,True,40742.01,True
2022-01-14,tense,USEC_MUN,False,conversion_8000,conversion,True,39050.74,True
2022-01-21,zorba,JEA_NSA,False,conversion_8000,conversion,True,29580.88,True
2022-01-21,zorba,USEC_MUN,False,conversion_8000,conversion,True,27672.34,True
2022-01-21,taint_tabor,JEA_NSA,False,conversion_8000,conversion,True,27382.49,True
2022-01-21,taint_tabor,USEC_MUN,False,conversion_8000,conversion,True,25991.67,True
2022-01-21,tense,JEA_NSA,False,conversion_8000,conversion,True,44217.51,True
2022-01-21,tense,USEC_MUN,False,conversion_8000,conversion,True,42511.31,True
2022-01-28,zorba,JEA_NSA,False,conversion_8000,conversion,True,30407.95,True
2022-01-28,zorba,USEC_MUN,False,conversion_8000,conversion,True,28484.2,True
2022-01-28,taint_tabor,JEA_NSA,False,conversion_8000,conversion,True,28198.87,True
2022-01-28,taint_tabor,USEC_MUN,False,conversion_8000,conversion,True,26793.56,True
2022-01-28,tense,JEA_NSA,False,conversion_8000,conversion,True,45325.4,True
2022-01-28,tense,USEC_MUN,False,conversion_8000,conversion,True,43606.42,True
2022-02-04,zorba,JEA_NSA,False,conversion_8000,conversion,True,30006.91,True
2022-02-04,zorba,USEC_MUN,False,conversion_8000,conversion,True,28184.22,True
2022-02-04,taint_tabor,JEA_NSA,False,conversion_8000,conversion,True,27822.6,True
2022-02-04,taint_tabor,USEC_MUN,False,conversion_8000,conversion,True,26521.33,True
2022-02-04,tense,JEA_NSA,False,conversion_8000,conversion,True,44761.18,True
2022-02-04,tense,USEC_MUN,False,conversion_8000,conversion,True,43147.13,True
2022-02-11,zorba,JEA_NSA,False,conversion_8000,conversion,True,31494.34,True
2022-02-11,zorba,USEC_MUN,False,conversion_8000,conversion,True,29633.44,True
2022-02-11,taint_tabor,JEA_NSA,False,conversion_8000,conversion,True,29245.52,True
2022-02-11,taint_tabor,USEC_MUN,False,conversion_8000,conversion,True,27907.37,True
2022-02-11,tense,JEA_NSA,False,conversion_8000,conversion,True,46921.32,True
2022-02-11,tense,USEC_MUN,False,conversion_8000,conversion,True,45275.36,True
2022-02-18,zorba,JEA_NSA,False,conversion_8000,conversion,True,35876.35,True
2022-02-18,zorba,USEC_MUN,False,conversion_8000,conversion,True,34019.68,True
2022-02-18,taint_tabor,JEA_NSA,False,conversion_8000,conversion,True,33672.64,True
2022-02-18,taint_tabor,USEC_MUN,False,conversion_8000,conversion,True,32339.13,True
2022-02-18,tense,JEA_NSA,False,conversion_8000,conversion,True,51708.85,True
2022-02-18,tense,USEC_MUN,False,conversion_8000,conversion,True,50070.16,True
2022-02-25,zorba,JEA_NSA,False,conversion_8000,conversion,True,40900.48,True
2022-02-25,zorba,USEC_MUN,False,conversion_8000,conversion,True,39060.92,True
2022-02-25,taint_tabor,JEA_NSA,False,conversion_8000,conversion,True,38641.14,True
2022-02-25,taint_tabor,USEC_MUN,False,conversion_8000,conversion,True,37325.61,True
2022-02-25,tense,JEA_NSA,False,conversion_8000,conversion,True,57084.39,True
2022-02-25,tense,USEC_MUN,False,conversion_8000,conversion,True,55466.32,True
2022-03-04,zorba,JEA_NSA,True,conversion_8000,conversion,True,55365.11,True
2022-03-04,zorba,USEC_MUN,True,conversion_8000,conversion,True,53365.69,True
2022-03-04,taint_tabor,JEA_NSA,True,conversion_8000,conversion,True,52877.72,True
2022-03-04,taint_tabor,USEC_MUN,True,conversion_8000,conversion,True,51405.31,True
2022-03-04,tense,JEA_NSA,True,conversion_8000,conversion,True,74432.36,True
2022-03-04,tense,USEC_MUN,True,conversion_8000,conversion,True,72677.26,True
2022-03-11,zorba,JEA_NSA,True,conversion_8000,conversion,True,50030.36,True
2022-03-11,zorba,USEC_MUN,True,conversion_8000,conversion,True,48143.2,True
2022-03-11,taint_tabor,JEA_NSA,True,conversion_8000,conversion,True,47508.66,True
2022-03-11,taint_tabor,USEC_MUN,True,conversion_8000,conversion,True,46145.59,True
2022-03-11,tense,JEA_NSA,True,conversion_8000,conversion,True,67189.72,True
2022-03-11,tense,USEC_MUN,True,conversion_8000,conversion,True,65531.4,True
2022-03-18,zorba,JEA_NSA,True,conversion_8000,conversion,True,49252.77,True
2022-03-18,zorba,USEC_MUN,True,conversion_8000,conversion,True,47404.43,True
2022-03-18,taint_tabor,JEA_NSA,True,conversion_8000,conversion,True,46793.3,True
2022-03-18,taint_tabor,USEC_MUN,True,conversion_8000,conversion,True,45468.09,True
2022-03-18,tense,JEA_NSA,True,conversion_8000,conversion,True,65848.41,True
2022-03-18,tense,USEC_MUN,True,conversion_8000,conversion,True,64223.73,True
2022-03-25,zorba,JEA_NSA,True,conversion_8000,conversion,True,49776.08,True
2022-03-25,zorba,USEC_MUN,True,conversion_8000,conversion,True,47848.24,True
2022-03-25,taint_tabor,JEA_NSA,True,conversion_8000,conversion,True,47262.61,True
2022-03-25,taint_tabor,USEC_MUN,True,conversion_8000,conversion,True,45859.55,True
2022-03-25,tense,JEA_NSA,True,conversion_8000,conversion,True,67415.63,True
2022-03-25,tense,USEC_MUN,True,conversion_8000,conversion,True,65720.6,True
2022-04-01,zorba,JEA_NSA,True,conversion_8000,conversion,True,43985.21,True
2022-04-01,zorba,USEC_MUN,True,conversion_8000,conversion,True,42156.83,True
2022-04-01,taint_tabor,JEA_NSA,True,conversion_8000,conversion,True,41512.31,True
2022-04-01,taint_tabor,USEC_MUN,True,conversion_8000,conversion,True,40211.74,True
2022-04-01,tense,JEA_NSA,True,conversion_8000,conversion,True,61104.18,True
2022-04-01,tense,USEC_MUN,True,conversion_8000,conversion,True,59510.26,True
2022-04-08,zorba,JEA_NSA,True,conversion_8000,conversion,True,37736.32,True
2022-04-08,zorba,USEC_MUN,True,conversion_8000,conversion,True,35892.34,True
2022-04-08,taint_tabor,JEA_NSA,True,conversion_8000,conversion,True,35258.38,True
2022-04-08,taint_tabor,USEC_MUN,True,conversion_8000,conversion,True,33941.3,True
2022-04-08,tense,JEA_NSA,True,conversion_8000,conversion,True,54367.87,True
2022-04-08,tense,USEC_MUN,True,conversion_8000,conversion,True,52754.19,True
2022-04-15,zorba,JEA_NSA,True,conversion_8000,conversion,True,32079.88,True
2022-04-15,zorba,USEC_MUN,True,conversion_8000,conversion,True,30245.69,True
2022-04-15,taint_tabor,JEA_NSA,True,conversion_8000,conversion,True,29652.97,True
2022-04-15,taint_tabor,USEC_MUN,True,conversion_8000,conversion,True,28344.51,True
2022-04-15,tense,JEA_NSA,True,conversion_8000,conversion,True,47947.19,True
2022-04-15,tense,USEC_MUN,True,conversion_8000,conversion,True,46336.32,True
2022-04-22,zorba,JEA_NSA,True,conversion_8000,conversion,True,28824.95,True
2022-04-22,zorba,USEC_MUN,True,conversion_8000,conversion,True,26940.5,True
2022-04-22,taint_tabor,JEA_NSA,True,conversion_8000,conversion,True,26416.95,True
2022-04-22,taint_tabor,USEC_MUN,True,conversion_8000,conversion,True,25058.55,True
2022-04-22,tense,JEA_NSA,True,conversion_8000,conversion,True,44774.91,True
2022-04-22,tense,USEC_MUN,True,conversion_8000,conversion,True,43115.54,True
2022-04-29,zorba,JEA_NSA,True,conversion_8000,conversion,True,23235.37,True
2022-04-29,zorba,USEC_MUN,True,conversion_8000,conversion,True,21384.66,True
2022-04-29,taint_tabor,JEA_NSA,True,conversion_8000,conversion,True,20940.26,True
2022-04-29,taint_tabor,USEC_MUN,True,conversion_8000,conversion,True,19613.8,True
2022-04-29,tense,JEA_NSA,True,conversion_8000,conversion,True,38109.7,True
2022-04-29,tense,USEC_MUN,True,conversion_8000,conversion,True,36473.77,True
2022-05-06,zorba,JEA_NSA,True,conversion_8000,conversion,True,16303.63,True
2022-05-06,zorba,USEC_MUN,True,conversion_8000,conversion,True,14554.73,True
2022-05-06,taint_tabor,JEA_NSA,True,conversion_8000,conversion,True,14011.9,True
2022-05-06,taint_tabor,USEC_MUN,True,conversion_8000,conversion,True,12789.06,True
2022-05-06,tense,JEA_NSA,True,conversion_8000,conversion,True,30259.41,True
2022-05-06,tense,USEC_MUN,True,conversion_8000,conversion,True,28722.56,True
2022-05-13,zorba,JEA_NSA,True,conversion_8000,conversion,True,12727.12,True
2022-05-13,zorba,USEC_MUN,True,conversion_8000,conversion,True,10983.28,True
2022-05-13,taint_tabor,JEA_NSA,True,conversion_8000,conversion,True,10496.52,True
2022-05-13,taint_tabor,USEC_MUN,True,conversion_8000,conversion,True,9278.06,True
2022-05-13,tense,JEA_NSA,True,conversion_8000,conversion,True,26183.57,True
2022-05-13,tense,USEC_MUN,True,conversion_8000,conversion,True,24646.82,True
2022-05-20,zorba,JEA_NSA,True,conversion_8000,conversion,True,13639.94,True
2022-05-20,zorba,USEC_MUN,True,conversion_8000,conversion,True,11809.94,True
2022-05-20,taint_tabor,JEA_NSA,True,conversion_8000,conversion,True,11384.1,True
2022-05-20,taint_tabor,USEC_MUN,True,conversion_8000,conversion,True,10081.82,True
2022-05-20,tense,JEA_NSA,True,conversion_8000,conversion,True,28213.06,True
2022-05-20,tense,USEC_MUN,True,conversion_8000,conversion,True,26601.6,True
2022-05-27,zorba,JEA_NSA,True,conversion_8000,conversion,True,8710.69,True
2022-05-27,zorba,USEC_MUN,True,conversion_8000,conversion,True,6880.63,True
2022-05-27,taint_tabor,JEA_NSA,True,conversion_8000,conversion,True,6432.51,True
2022-05-27,taint_tabor,USEC_MUN,True,conversion_8000,conversion,True,5128.99,True
2022-05-27,tense,JEA_NSA,True,conversion_8000,conversion,True,22703.73,True
2022-05-27,tense,USEC_MUN,True,conversion_8000,conversion,True,21087.14,True
2022-06-03,zorba,JEA_NSA,True,conversion_8000,conversion,True,6314.97,True
2022-06-03,zorba,USEC_MUN,True,conversion_8000,conversion,True,4464.72,False
2022-06-03,taint_tabor,JEA_NSA,True,conversion_8000,conversion,True,4096.97,False
2022-06-03,taint_tabor,USEC_MUN,True,conversion_8000,conversion,True,2770.49,False
2022-06-03,tense,JEA_NSA,True,conversion_8000,conversion,True,19694.69,True
2022-06-03,tense,USEC_MUN,True,conversion_8000,conversion,True,18049.27,True
2022-06-10,zorba,JEA_NSA,True,conversion_8000,conversion,True,4145.5,False
2022-06-10,zorba,USEC_MUN,True,conversion_8000,conversion,True,2355.24,False
2022-06-10,taint_tabor,JEA_NSA,True,conversion_8000,conversion,True,1960.7,False
2022-06-10,taint_tabor,USEC_MUN,True,conversion_8000,conversion,True,697.23,False
2022-06-10,tense,JEA_NSA,True,conversion_8000,conversion,True,17524.51,True
2022-06-10,tense,USEC_MUN,True,conversion_8000,conversion,True,15943.46,True
2022-06-17,zorba,JEA_NSA,True,conversion_8000,conversion,True,-215.7,False
2022-06-17,zorba,USEC_MUN,True,conversion_8000,conversion,True,-1995.34,False
2022-06-17,taint_tabor,JEA_NSA,True,conversion_8000,conversion,True,-2360.13,False
2022-06-17,taint_tabor,USEC_MUN,True,conversion_8000,conversion,True,-3615.17,False
2022-06-17,tense,JEA_NSA,True,conversion_8000,conversion,True,12034.87,True
2022-06-17,tense,USEC_MUN,True,conversion_8000,conversion,True,10455.46,True
2022-06-24,zorba,JEA_NSA,True,conversion_8000,conversion,True,-127.03,False
2022-06-24,zorba,USEC_MUN,True,conversion_8000,conversion,True,-1891.95,False
2022-06-24,taint_tabor,JEA_NSA,True,conversion_8000,conversion,True,-2223.49,False
2022-06-24,taint_tabor,USEC_MUN,True,conversion_8000,conversion,True,-3464.07,False
2022-06-24,tense,JEA_NSA,True,conversion_8000,conversion,True,11932.65,True
2022-06-24,tense,USEC_MUN,True,conversion_8000,conversion,True,10365.79,True
2022-07-01,zorba,JEA_NSA,True,conversion_8000,conversion,True,-290.27,False
2022-07-01,zorba,USEC_MUN,True,conversion_8000,conversion,True,-1922.6,False
2022-07-01,taint_tabor,JEA_NSA,True,conversion_8000,conversion,True,-2358.8,False
2022-07-01,taint_tabor,USEC_MUN,True,conversion_8000,conversion,True,-3462.15,False
2022-07-01,tense,JEA_NSA,True,conversion_8000,conversion,True,11644.18,True
2022-07-01,tense,USEC_MUN,True,conversion_8000,conversion,True,10215.88,True
2022-07-08,zorba,JEA_NSA,True,conversion_8000,conversion,True,-676.9,False
2022-07-08,zorba,USEC_MUN,True,conversion_8000,conversion,True,-2317.95,False
2022-07-08,taint_tabor,JEA_NSA,True,conversion_8000,conversion,True,-2758.31,False
2022-07-08,taint_tabor,USEC_MUN,True,conversion_8000,conversion,True,-3869.99,False
2022-07-08,tense,JEA_NSA,True,conversion_8000,conversion,True,11365.95,True
2022-07-08,tense,USEC_MUN,True,conversion_8000,conversion,True,9930.19,True
2022-07-15,zorba,JEA_NSA,True,conversion_8000,conversion,True,-1664.47,False
2022-07-15,zorba,USEC_MUN,True,conversion_8000,conversion,True,-3306.24,False
2022-07-15,taint_tabor,JEA_NSA,True,conversion_8000,conversion,True,-3729.12,False
2022-07-15,taint_tabor,USEC_MUN,True,conversion_8000,conversion,True,-4842.02,False
2022-07-15,tense,JEA_NSA,True,conversion_8000,conversion,True,10034.03,True
2022-07-15,tense,USEC_MUN,True,conversion_8000,conversion,True,8594.92,True
2022-07-22,zorba,JEA_NSA,True,conversion_8000,conversion,True,3291.39,False
2022-07-22,zorba,USEC_MUN,True,conversion_8000,conversion,True,1648.68,False
2022-07-22,taint_tabor,JEA_NSA,True,conversion_8000,conversion,True,1217.64,False
2022-07-22,taint_tabor,USEC_MUN,True,conversion_8000,conversion,True,105.64,False
2022-07-22,tense,JEA_NSA,True,conversion_8000,conversion,True,15725.58,True
2022-07-22,tense,USEC_MUN,True,conversion_8000,conversion,True,14293.07,True
2022-07-29,zorba,JEA_NSA,True,conversion_8000,conversion,True,6593.99,True
2022-07-29,zorba,USEC_MUN,True,conversion_8000,conversion,True,4990.33,False
2022-07-29,taint_tabor,JEA_NSA,True,conversion_8000,conversion,True,4560.41,False
2022-07-29,taint_tabor,USEC_MUN,True,conversion_8000,conversion,True,3486.87,False
2022-07-29,tense,JEA_NSA,True,conversion_8000,conversion,True,18872.28,True
2022-07-29,tense,USEC_MUN,True,conversion_8000,conversion,True,17476.91,True
2022-08-05,zorba,JEA_NSA,True,conversion_8000,conversion,True,9738.51,True
2022-08-05,zorba,USEC_MUN,True,conversion_8000,conversion,True,8128.73,True
2022-08-05,taint_tabor,JEA_NSA,True,conversion_8000,conversion,True,7711.43,True
2022-08-05,taint_tabor,USEC_MUN,True,conversion_8000,conversion,True,6630.53,True
2022-08-05,tense,JEA_NSA,True,conversion_8000,conversion,True,22024.28,True
2022-08-05,tense,USEC_MUN,True,conversion_8000,conversion,True,20620.84,True
2022-08-12,zorba,JEA_NSA,True,conversion_8000,conversion,True,12727.56,True
2022-08-12,zorba,USEC_MUN,True,conversion_8000,conversion,True,11133.94,True
2022-08-12,taint_tabor,JEA_NSA,True,conversion_8000,conversion,True,10665.07,True
2022-08-12,taint_tabor,USEC_MUN,True,conversion_8000,conversion,True,9601.05,True
2022-08-12,tense,JEA_NSA,True,conversion_8000,conversion,True,25204.21,True
2022-08-12,tense,USEC_MUN,True,conversion_8000,conversion,True,23819.22,True
2022-08-19,zorba,JEA_NSA,True,conversion_8000,conversion,True,10670.12,True
2022-08-19,zorba,USEC_MUN,True,conversion_8000,conversion,True,9063.02,True
2022-08-19,taint_tabor,JEA_NSA,True,conversion_8000,conversion,True,8637.48,True
2022-08-19,taint_tabor,USEC_MUN,True,conversion_8000,conversion,True,7558.92,True
2022-08-19,tense,JEA_NSA,True,conversion_8000,conversion,True,22658.42,True
2022-08-19,tense,USEC_MUN,True,conversion_8000,conversion,True,21256.64,True
2022-08-26,zorba,JEA_NSA,True,conversion_8000,conversion,True,8525.29,True
2022-08-26,zorba,USEC_MUN,True,conversion_8000,conversion,True,6857.66,True
2022-08-26,taint_tabor,JEA_NSA,True,conversion_8000,conversion,True,6457.39,True
2022-08-26,taint_tabor,USEC_MUN,True,conversion_8000,conversion,True,5319.78,True
2022-08-26,tense,JEA_NSA,True,conversion_8000,conversion,True,21137.23,True
2022-08-26,tense,USEC_MUN,True,conversion_8000,conversion,True,19681.57,True
2022-09-02,zorba,JEA_NSA,True,conversion_8000,conversion,True,3793.4,False
2022-09-02,zorba,USEC_MUN,True,conversion_8000,conversion,True,2192.58,False
2022-09-02,taint_tabor,JEA_NSA,True,conversion_8000,conversion,True,1822.84,False
2022-09-02,taint_tabor,USEC_MUN,True,conversion_8000,conversion,True,751.48,False
2022-09-02,tense,JEA_NSA,True,conversion_8000,conversion,True,15436.24,True
2022-09-02,tense,USEC_MUN,True,conversion_8000,conversion,True,14039.45,True
2022-09-09,zorba,JEA_NSA,False,conversion_8000,conversion,True,-1349.06,False
2022-09-09,zorba,USEC_MUN,False,conversion_8000,conversion,True,-2983.07,False
2022-09-09,taint_tabor,JEA_NSA,False,conversion_8000,conversion,True,-3367.74,False
2022-09-09,taint_tabor,USEC_MUN,False,conversion_8000,conversion,True,-4472.93,False
2022-09-09,tense,JEA_NSA,False,conversion_8000,conversion,True,10098.07,True
2022-09-09,tense,USEC_MUN,False,conversion_8000,conversion,True,8666.54,True
2022-09-16,zorba,JEA_NSA,False,conversion_8000,conversion,True,-4413.42,False
2022-09-16,zorba,USEC_MUN,False,conversion_8000,conversion,True,-6067.58,False
2022-09-16,taint_tabor,JEA_NSA,False,conversion_8000,conversion,True,-6425.77,False
2022-09-16,taint_tabor,USEC_MUN,False,conversion_8000,conversion,True,-7551.26,False
2022-09-16,tense,JEA_NSA,False,conversion_8000,conversion,True,6927.91,True
2022-09-16,tense,USEC_MUN,False,conversion_8000,conversion,True,5475.15,True
2022-09-23,zorba,JEA_NSA,False,conversion_8000,conversion,True,-5689.3,False
2022-09-23,zorba,USEC_MUN,False,conversion_8000,conversion,True,-7327.73,False
2022-09-23,taint_tabor,JEA_NSA,False,conversion_8000,conversion,True,-7715.22,False
2022-09-23,taint_tabor,USEC_MUN,False,conversion_8000,conversion,True,-8825.3,False
2022-09-23,tense,JEA_NSA,False,conversion_8000,conversion,True,5268.52,True
2022-09-23,tense,USEC_MUN,False,conversion_8000,conversion,True,3827.8,False
2022-09-30,zorba,JEA_NSA,False,conversion_8000,conversion,True,-5554.83,False
2022-09-30,zorba,USEC_MUN,False,conversion_8000,conversion,True,-7132.34,False
2022-09-30,taint_tabor,JEA_NSA,False,conversion_8000,conversion,True,-7597.99,False
2022-09-30,taint_tabor,USEC_MUN,False,conversion_8000,conversion,True,-8643.86,False
2022-09-30,tense,JEA_NSA,False,conversion_8000,conversion,True,5601.94,True
2022-09-30,tense,USEC_MUN,False,conversion_8000,conversion,True,4228.59,False
2022-10-07,zorba,JEA_NSA,False,conversion_8000,conversion,True,-2969.22,False
2022-10-07,zorba,USEC_MUN,False,conversion_8000,conversion,True,-4617.89,False
2022-10-07,taint_tabor,JEA_NSA,False,conversion_8000,conversion,True,-5021.94,False
2022-10-07,taint_tabor,USEC_MUN,False,conversion_8000,conversion,True,-6137.05,False
2022-10-07,tense,JEA_NSA,False,conversion_8000,conversion,True,9239.42,True
2022-10-07,tense,USEC_MUN,False,conversion_8000,conversion,True,7804.13,True
2022-10-14,zorba,JEA_NSA,False,conversion_8000,conversion,True,-2633.58,False
2022-10-14,zorba,USEC_MUN,False,conversion_8000,conversion,True,-4266.45,False
2022-10-14,taint_tabor,JEA_NSA,False,conversion_8000,conversion,True,-4650.09,False
2022-10-14,taint_tabor,USEC_MUN,False,conversion_8000,conversion,True,-5749.82,False
2022-10-14,tense,JEA_NSA,False,conversion_8000,conversion,True,9377.63,True
2022-10-14,tense,USEC_MUN,False,conversion_8000,conversion,True,7955.82,True
2022-10-21,zorba,JEA_NSA,False,conversion_8000,conversion,True,-5509.83,False
2022-10-21,zorba,USEC_MUN,False,conversion_8000,conversion,True,-7157.47,False
2022-10-21,taint_tabor,JEA_NSA,False,conversion_8000,conversion,True,-7560.63,False
2022-10-21,taint_tabor,USEC_MUN,False,conversion_8000,conversion,True,-8676.79,False
2022-10-21,tense,JEA_NSA,False,conversion_8000,conversion,True,5756.61,True
2022-10-21,tense,USEC_MUN,False,conversion_8000,conversion,True,4314.69,False
2022-10-28,zorba,JEA_NSA,False,conversion_8000,conversion,True,-4654.39,False
2022-10-28,zorba,USEC_MUN,False,conversion_8000,conversion,True,-6312.75,False
2022-10-28,taint_tabor,JEA_NSA,False,conversion_8000,conversion,True,-6704.34,False
2022-10-28,taint_tabor,USEC_MUN,False,conversion_8000,conversion,True,-7830.62,False
2022-10-28,tense,JEA_NSA,False,conversion_8000,conversion,True,6908.31,True
2022-10-28,tense,USEC_MUN,False,conversion_8000,conversion,True,5458.85,True
2022-01-07,zorba,JEA_NSA,False,conversion_12000,conversion,True,18435.05,True
2022-01-07,zorba,USEC_MUN,False,conversion_12000,conversion,True,16526.64,True
2022-01-07,taint_tabor,JEA_NSA,False,conversion_12000,conversion,True,16093.51,True
2022-01-07,taint_tabor,USEC_MUN,False,conversion_12000,conversion,True,14701.63,True
2022-01-07,tense,JEA_NSA,False,conversion_12000,conversion,True,32091.55,True
2022-01-07,tense,USEC_MUN,False,conversion_12000,conversion,True,30379.28,True
2022-01-14,zorba,JEA_NSA,False,conversion_12000,conversion,True,23168.61,True
2022-01-14,zorba,USEC_MUN,False,conversion_12000,conversion,True,21279.18,True
2022-01-14,taint_tabor,JEA_NSA,False,conversion_12000,conversion,True,20830.5,True
2022-01-14,taint_tabor,USEC_MUN,False,conversion_12000,conversion,True,19457.93,True
2022-01-14,tense,JEA_NSA,False,conversion_12000,conversion,True,37075.64,True
2022-01-14,tense,USEC_MUN,False,conversion_12000,conversion,True,35384.37,True
2022-01-21,zorba,JEA_NSA,False,conversion_12000,conversion,True,26119.04,True
2022-01-21,zorba,USEC_MUN,False,conversion_12000,conversion,True,24210.51,True
2022-01-21,taint_tabor,JEA_NSA,False,conversion_12000,conversion,True,23794.12,True
2022-01-21,taint_tabor,USEC_MUN,False,conversion_12000,conversion,True,22403.31,True
2022-01-21,tense,JEA_NSA,False,conversion_12000,conversion,True,40551.13,True
2022-01-21,tense,USEC_MUN,False,conversion_12000,conversion,True,38844.94,True
2022-01-28,zorba,JEA_NSA,False,conversion_12000,conversion,True,26946.12,True
2022-01-28,zorba,USEC_MUN,False,conversion_12000,conversion,True,25022.37,True
2022-01-28,taint_tabor,JEA_NSA,False,conversion_12000,conversion,True,24610.5,True
2022-01-28,taint_tabor,USEC_MUN,False,conversion_12000,conversion,True,23205.2,True
2022-01-28,tense,JEA_NSA,False,conversion_12000,conversion,True,41659.03,True
2022-01-28,tense,USEC_MUN,False,conversion_12000,conversion,True,39940.05,True
2022-02-04,zorba,JEA_NSA,False,conversion_12000,conversion,True,26545.08,True
2022-02-04,zorba,USEC_MUN,False,conversion_12000,conversion,True,24722.38,True
2022-02-04,taint_tabor,JEA_NSA,False,conversion_12000,conversion,True,24234.24,True
2022-02-04,taint_tabor,USEC_MUN,False,conversion_12000,conversion,True,22932.96,True
2022-02-04,tense,JEA_NSA,False,conversion_12000,conversion,True,41094.81,True
2022-02-04,tense,USEC_MUN,False,conversion_12000,conversion,True,39480.75,True
2022-02-11,zorba,JEA_NSA,False,conversion_12000,conversion,True,28032.51,True
2022-02-11,zorba,USEC_MUN,False,conversion_12000,conversion,True,26171.61,True
2022-02-11,taint_tabor,JEA_NSA,False,conversion_12000,conversion,True,25657.15,True
2022-02-11,taint_tabor,USEC_MUN,False,conversion_12000,conversion,True,24319.0,True
2022-02-11,tense,JEA_NSA,False,conversion_12000,conversion,True,43254.94,True
2022-02-11,tense,USEC_MUN,False,conversion_12000,conversion,True,41608.98,True
2022-02-18,zorba,JEA_NSA,False,conversion_12000,conversion,True,32414.51,True
2022-02-18,zorba,USEC_MUN,False,conversion_12000,conversion,True,30557.84,True
2022-02-18,taint_tabor,JEA_NSA,False,conversion_12000,conversion,True,30084.27,True
2022-02-18,taint_tabor,USEC_MUN,False,conversion_12000,conversion,True,28750.76,True
2022-02-18,tense,JEA_NSA,False,conversion_12000,conversion,True,48042.48,True
2022-02-18,tense,USEC_MUN,False,conversion_12000,conversion,True,46403.78,True
2022-02-25,zorba,JEA_NSA,False,conversion_12000,conversion,True,37438.65,True
2022-02-25,zorba,USEC_MUN,False,conversion_12000,conversion,True,35599.09,True
2022-02-25,taint_tabor,JEA_NSA,False,conversion_12000,conversion,True,35052.77,True
2022-02-25,taint_tabor,USEC_MUN,False,conversion_12000,conversion,True,33737.25,True
2022-02-25,tense,JEA_NSA,False,conversion_12000,conversion,True,53418.02,True
2022-02-25,tense,USEC_MUN,False,conversion_12000,conversion,True,51799.95,True
2022-03-04,zorba,JEA_NSA,True,conversion_12000,conversion,True,51903.27,True
2022-03-04,zorba,USEC_MUN,True,conversion_12000,conversion,True,49903.86,True
2022-03-04,taint_tabor,JEA_NSA,True,conversion_12000,conversion,True,49289.35,True
2022-03-04,taint_tabor,USEC_MUN,True,conversion_12000,conversion,True,47816.94,True
2022-03-04,tense,JEA_NSA,True,conversion_12000,conversion,True,70765.99,True
2022-03-04,tense,USEC_MUN,True,conversion_12000,conversion,True,69010.88,True
2022-03-11,zorba,JEA_NSA,True,conversion_12000,conversion,True,46568.52,True
2022-03-11,zorba,USEC_MUN,True,conversion_12000,conversion,True,44681.37,True
2022-03-11,taint_tabor,JEA_NSA,True,conversion_12000,conversion,True,43920.29,True
2022-03-11,taint_tabor,USEC_MUN,True,conversion_12000,conversion,True,42557.23,True
2022-03-11,tense,JEA_NSA,True,conversion_12000,conversion,True,63523.34,True
2022-03-11,tense,USEC_MUN,True,conversion_12000,conversion,True,61865.03,True
2022-03-18,zorba,JEA_NSA,True,conversion_12000,conversion,True,45790.93,True
2022-03-18,zorba,USEC_MUN,True,conversion_12000,conversion,True,43942.6,True
2022-03-18,taint_tabor,JEA_NSA,True,conversion_12000,conversion,True,43204.94,True
2022-03-18,taint_tabor,USEC_MUN,True,conversion_12000,conversion,True,41879.73,True
2022-03-18,tense,JEA_NSA,True,conversion_12000,conversion,True,62182.04,True
2022-03-18,tense,USEC_MUN,True,conversion_12000,conversion,True,60557.36,True
2022-03-25,zorba,JEA_NSA,True,conversion_12000,conversion,True,46314.24,True
2022-03-25,zorba,USEC_MUN,True,conversion_12000,conversion,True,44386.41,True
2022-03-25,taint_tabor,JEA_NSA,True,conversion_12000,conversion,True,43674.24,True
2022-03-25,taint_tabor,USEC_MUN,True,conversion_12000,conversion,True,42271.18,True
2022-03-25,tense,JEA_NSA,True,conversion_12000,conversion,True,63749.25,True
2022-03-25,tense,USEC_MUN,True,conversion_12000,conversion,True,62054.22,True
2022-04-01,zorba,JEA_NSA,True,conversion_12000,conversion,True,40523.37,True
2022-04-01,zorba,USEC_MUN,True,conversion_12000,conversion,True,38695.0,True
2022-04-01,taint_tabor,JEA_NSA,True,conversion_12000,conversion,True,37923.94,True
2022-04-01,taint_tabor,USEC_MUN,True,conversion_12000,conversion,True,36623.37,True
2022-04-01,tense,JEA_NSA,True,conversion_12000,conversion,True,57437.81,True
2022-04-01,tense,USEC_MUN,True,conversion_12000,conversion,True,55843.88,True
2022-04-08,zorba,JEA_NSA,True,conversion_12000,conversion,True,34274.49,True
2022-04-08,zorba,USEC_MUN,True,conversion_12000,conversion,True,32430.5,True
2022-04-08,taint_tabor,JEA_NSA,True,conversion_12000,conversion,True,31670.02,True
2022-04-08,taint_tabor,USEC_MUN,True,conversion_12000,conversion,True,30352.93,True
2022-04-08,tense,JEA_NSA,True,conversion_12000,conversion,True,50701.49,True
2022-04-08,tense,USEC_MUN,True,conversion_12000,conversion,True,49087.82,True
2022-04-15,zorba,JEA_NSA,True,conversion_12000,conversion,True,28618.04,True
2022-04-15,zorba,USEC_MUN,True,conversion_12000,conversion,True,26783.86,True
2022-04-15,taint_tabor,JEA_NSA,True,conversion_12000,conversion,True,26064.61,True
2022-04-15,taint_tabor,USEC_MUN,True,conversion_12000,conversion,True,24756.14,True
2022-04-15,tense,JEA_NSA,True,conversion_12000,conversion,True,44280.82,True
2022-04-15,tense,USEC_MUN,True,conversion_12000,conversion,True,42669.94,True
2022-04-22,zorba,JEA_NSA,True,conversion_12000,conversion,True,25363.12,True
2022-04-22,zorba,USEC_MUN,True,conversion_12000,conversion,True,23478.67,True
2022-04-22,taint_tabor,JEA_NSA,True,conversion_12000,conversion,True,22828.58,True
2022-04-22,taint_tabor,USEC_MUN,True,conversion_12000,conversion,True,21470.18,True
2022-04-22,tense,JEA_NSA,True,conversion_12000,conversion,True,41108.54,True
2022-04-22,tense,USEC_MUN,True,conversion_12000,conversion,True,39449.16,True
2022-04-29,zorba,JEA_NSA,True,conversion_12000,conversion,True,19773.54,True
2022-04-29,zorba,USEC_MUN,True,conversion_12000,conversion,True,17922.83,True
2022-04-29,taint_tabor,JEA_NSA,True,conversion_12000,conversion,True,17351.9,True
2022-04-29,taint_tabor,USEC_MUN,True,conversion_12000,conversion,True,16025.43,True
2022-04-29,tense,JEA_NSA,True,conversion_12000,conversion,True,34443.33,True
2022-04-29,tense,USEC_MUN,True,conversion_12000,conversion,True,32807.39,True
2022-05-06,zorba,JEA_NSA,True,conversion_12000,conversion,True,12841.8,True
2022-05-06,zorba,USEC_MUN,True,conversion_12000,conversion,True,11092.89,True
2022-05-06,taint_tabor,JEA_NSA,True,conversion_12000,conversion,True,10423.53,True
2022-05-06,taint_tabor,USEC_MUN,True,conversion_12000,conversion,True,9200.69,True
2022-05-06,tense,JEA_NSA,True,conversion_12000,conversion,True,26593.03,True
2022-05-06,tense,USEC_MUN,True,conversion_12000,conversion,True,25056.19,True
2022-05-13,zorba,JEA_NSA,True,conversion_12000,conversion,True,9265.29,True
2022-05-13,zorba,USEC_MUN,True,conversion_12000,conversion,True,7521.45,True
2022-05-13,taint_tabor,JEA_NSA,True,conversion_12000,conversion,True,6908.15,True
2022-05-13,taint_tabor,USEC_MUN,True,conversion_12000,conversion,True,5689.69,True
2022-05-13,tense,JEA_NSA,True,conversion_12000,conversion,True,22517.19,True
2022-05-13,tense,USEC_MUN,True,conversion_12000,conversion,True,20980.44,True
2022-05-20,zorba,JEA_NSA,True,conversion_12000,conversion,True,10178.1,True
2022-05-20,zorba,USEC_MUN,True,conversion_12000,conversion,True,8348.1,True
2022-05-20,taint_tabor,JEA_NSA,True,conversion_12000,conversion,True,7795.73,True
2022-05-20,taint_tabor,USEC_MUN,True,conversion_12000,conversion,True,6493.46,True
2022-05-20,tense,JEA_NSA,True,conversion_12000,conversion,True,24546.68,True
2022-05-20,tense,USEC_MUN,True,conversion_12000,conversion,True,22935.22,True
2022-05-27,zorba,JEA_NSA,True,conversion_12000,conversion,True,5248.85,True
2022-05-27,zorba,USEC_MUN,True,conversion_12000,conversion,True,3418.8,False
2022-05-27,taint_tabor,JEA_NSA,True,conversion_12000,conversion,True,2844.15,False
2022-05-27,taint_tabor,USEC_MUN,True,conversion_12000,conversion,True,1540.63,False
2022-05-27,tense,JEA_NSA,True,conversion_12000,conversion,True,19037.35,True
2022-05-27,tense,USEC_MUN,True,conversion_12000,conversion,True,17420.76,True
2022-06-03,zorba,JEA_NSA,True,conversion_12000,conversion,True,2853.14,False
2022-06-03,zorba,USEC_MUN,True,conversion_12000,conversion,True,1002.89,False
2022-06-03,taint_tabor,JEA_NSA,True,conversion_12000,conversion,True,508.6,False
2022-06-03,taint_tabor,USEC_MUN,True,conversion_12000,conversion,True,-817.88,False
2022-06-03,tense,JEA_NSA,True,conversion_12000,conversion,True,16028.31,True
2022-06-03,tense,USEC_MUN,True,conversion_12000,conversion,True,14382.89,True
2022-06-10,zorba,JEA_NSA,True,conversion_12000,conversion,True,683.67,False
2022-06-10,zorba,USEC_MUN,True,conversion_12000,conversion,True,-1106.59,False
2022-06-10,taint_tabor,JEA_NSA,True,conversion_12000,conversion,True,-1627.67,False
2022-06-10,taint_tabor,USEC_MUN,True,conversion_12000,conversion,True,-2891.13,False
2022-06-10,tense,JEA_NSA,True,conversion_12000,conversion,True,13858.14,True
2022-06-10,tense,USEC_MUN,True,conversion_12000,conversion,True,12277.08,True
2022-06-17,zorba,JEA_NSA,True,conversion_12000,conversion,True,-3677.54,False
2022-06-17,zorba,USEC_MUN,True,conversion_12000,conversion,True,-5457.17,False
2022-06-17,taint_tabor,JEA_NSA,True,conversion_12000,conversion,True,-5948.49,False
2022-06-17,taint_tabor,USEC_MUN,True,conversion_12000,conversion,True,-7203.54,False
2022-06-17,tense,JEA_NSA,True,conversion_12000,conversion,True,8368.5,True
2022-06-17,tense,USEC_MUN,True,conversion_12000,conversion,True,6789.09,True
2022-06-24,zorba,JEA_NSA,True,conversion_12000,conversion,True,-3588.86,False
2022-06-24,zorba,USEC_MUN,True,conversion_12000,conversion,True,-5353.78,False
2022-06-24,taint_tabor,JEA_NSA,True,conversion_12000,conversion,True,-5811.86,False
2022-06-24,taint_tabor,USEC_MUN,True,conversion_12000,conversion,True,-7052.43,False
2022-06-24,tense,JEA_NSA,True,conversion_12000,conversion,True,8266.27,True
2022-06-24,tense,USEC_MUN,True,conversion_12000,conversion,True,6699.42,True
2022-07-01,zorba,JEA_NSA,True,conversion_12000,conversion,True,-3752.1,False
2022-07-01,zorba,USEC_MUN,True,conversion_12000,conversion,True,-5384.44,False
2022-07-01,taint_tabor,JEA_NSA,True,conversion_12000,conversion,True,-5947.17,False
2022-07-01,taint_tabor,USEC_MUN,True,conversion_12000,conversion,True,-7050.52,False
2022-07-01,tense,JEA_NSA,True,conversion_12000,conversion,True,7977.8,True
2022-07-01,tense,USEC_MUN,True,conversion_12000,conversion,True,6549.51,True
2022-07-08,zorba,JEA_NSA,True,conversion_12000,conversion,True,-4138.73,False
2022-07-08,zorba,USEC_MUN,True,conversion_12000,conversion,True,-5779.78,False
2022-07-08,taint_tabor,JEA_NSA,True,conversion_12000,conversion,True,-6346.68,False
2022-07-08,taint_tabor,USEC_MUN,True,conversion_12000,conversion,True,-7458.36,False
2022-07-08,tense,JEA_NSA,True,conversion_12000,conversion,True,7699.58,True
2022-07-08,tense,USEC_MUN,True,conversion_12000,conversion,True,6263.82,True
2022-07-15,zorba,JEA_NSA,True,conversion_12000,conversion,True,-5126.31,False
2022-07-15,zorba,USEC_MUN,True,conversion_12000,conversion,True,-6768.07,False
2022-07-15,taint_tabor,JEA_NSA,True,conversion_12000,conversion,True,-7317.49,False
2022-07-15,taint_tabor,USEC_MUN,True,conversion_12000,conversion,True,-8430.39,False
2022-07-15,tense,JEA_NSA,True,conversion_12000,conversion,True,6367.66,True
2022-07-15,tense,USEC_MUN,True,conversion_12000,conversion,True,4928.55,False
2022-07-22,zorba,JEA_NSA,True,conversion_12000,conversion,True,-170.44,False
2022-07-22,zorba,USEC_MUN,True,conversion_12000,conversion,True,-1813.15,False
2022-07-22,taint_tabor,JEA_NSA,True,conversion_12000,conversion,True,-2370.73,False
2022-07-22,taint_tabor,USEC_MUN,True,conversion_12000,conversion,True,-3482.73,False
2022-07-22,tense,JEA_NSA,True,conversion_12000,conversion,True,12059.2,True
2022-07-22,tense,USEC_MUN,True,conversion_12000,conversion,True,10626.69,True
2022-07-29,zorba,JEA_NSA,True,conversion_12000,conversion,True,3132.16,False
2022-07-29,zorba,USEC_MUN,True,conversion_12000,conversion,True,1528.5,False
2022-07-29,taint_tabor,JEA_NSA,True,conversion_12000,conversion,True,972.04,False
2022-07-29,taint_tabor,USEC_MUN,True,conversion_12000,conversion,True,-101.5,False
2022-07-29,tense,JEA_NSA,True,conversion_12000,conversion,True,15205.9,True
2022-07-29,tense,USEC_MUN,True,conversion_12000,conversion,True,13810.54,True
2022-08-05,zorba,JEA_NSA,True,conversion_12000,conversion,True,6276.68,True
2022-08-05,zorba,USEC_MUN,True,conversion_12000,conversion,True,4666.9,False
2022-08-05,taint_tabor,JEA_NSA,True,conversion_12000,conversion,True,4123.06,False
2022-08-05,taint_tabor,USEC_MUN,True,conversion_12000,conversion,True,3042.17,False
2022-08-05,tense,JEA_NSA,True,conversion_12000,conversion,True,18357.9,True
2022-08-05,tense,USEC_MUN,True,conversion_12000,conversion,True,16954.46,True
2022-08-12,zorba,JEA_NSA,True,conversion_12000,conversion,True,9265.72,True
2022-08-12,zorba,USEC_MUN,True,conversion_12000,conversion,True,7672.11,True
2022-08-12,taint_tabor,JEA_NSA,True,conversion_12000,conversion,True,7076.71,True
2022-08-12,taint_tabor,USEC_MUN,True,conversion_12000,conversion,True,6012.68,True
2022-08-12,tense,JEA_NSA,True,conversion_12000,conversion,True,21537.83,True
2022-08-12,tense,USEC_MUN,True,conversion_12000,conversion,True,20152.85,True
2022-08-19,zorba,JEA_NSA,True,conversion_12000,conversion,True,7208.29,True
2022-08-19,zorba,USEC_MUN,True,conversion_12000,conversion,True,5601.19,True
2022-08-19,taint_tabor,JEA_NSA,True,conversion_12000,conversion,True,5049.12,True
2022-08-19,taint_tabor,USEC_MUN,True,conversion_12000,conversion,True,3970.55,False
2022-08-19,tense,JEA_NSA,True,conversion_12000,conversion,True,18992.04,True
2022-08-19,tense,USEC_MUN,True,conversion_12000,conversion,True,17590.26,True
2022-08-26,zorba,JEA_NSA,True,conversion_12000,conversion,True,5063.46,True
2022-08-26,zorba,USEC_MUN,True,conversion_12000,conversion,True,3395.82,False
2022-08-26,taint_tabor,JEA_NSA,True,conversion_12000,conversion,True,2869.02,False
2022-08-26,taint_tabor,USEC_MUN,True,conversion_12000,conversion,True,1731.42,False
2022-08-26,tense,JEA_NSA,True,conversion_12000,conversion,True,17470.86,True
2022-08-26,tense,USEC_MUN,True,conversion_12000,conversion,True,16015.19,True
2022-09-02,zorba,JEA_NSA,True,conversion_12000,conversion,True,331.57,False
2022-09-02,zorba,USEC_MUN,True,conversion_12000,conversion,True,-1269.25,False
2022-09-02,taint_tabor,JEA_NSA,True,conversion_12000,conversion,True,-1765.52,False
2022-09-02,taint_tabor,USEC_MUN,True,conversion_12000,conversion,True,-2836.89,False
2022-09-02,tense,JEA_NSA,True,conversion_12000,conversion,True,11769.86,True
2022-09-02,tense,USEC_MUN,True,conversion_12000,conversion,True,10373.07,True
2022-09-09,zorba,JEA_NSA,False,conversion_12000,conversion,True,-4810.89,False
2022-09-09,zorba,USEC_MUN,False,conversion_12000,conversion,True,-6444.91,False
2022-09-09,taint_tabor,JEA_NSA,False,conversion_12000,conversion,True,-6956.11,False
2022-09-09,taint_tabor,USEC_MUN,False,conversion_12000,conversion,True,-8061.3,False
2022-09-09,tense,JEA_NSA,False,conversion_12000,conversion,True,6431.7,True
2022-09-09,tense,USEC_MUN,False,conversion_12000,conversion,True,5000.16,True
2022-09-16,zorba,JEA_NSA,False,conversion_12000,conversion,True,-7875.26,False
2022-09-16,zorba,USEC_MUN,False,conversion_12000,conversion,True,-9529.41,False
2022-09-16,taint_tabor,JEA_NSA,False,conversion_12000,conversion,True,-10014.14,False
2022-09-16,taint_tabor,USEC_MUN,False,conversion_12000,conversion,True,-11139.62,False
2022-09-16,tense,JEA_NSA,False,conversion_12000,conversion,True,3261.53,False
2022-09-16,tense,USEC_MUN,False,conversion_12000,conversion,True,1808.77,False
2022-09-23,zorba,JEA_NSA,False,conversion_12000,conversion,True,-9151.14,False
2022-09-23,zorba,USEC_MUN,False,conversion_12000,conversion,True,-10789.56,False
2022-09-23,taint_tabor,JEA_NSA,False,conversion_12000,conversion,True,-11303.59,False
2022-09-23,taint_tabor,USEC_MUN,False,conversion_12000,conversion,True,-12413.66,False
2022-09-23,tense,JEA_NSA,False,conversion_12000,conversion,True,1602.14,False
2022-09-23,tense,USEC_MUN,False,conversion_12000,conversion,True,161.43,False
2022-09-30,zorba,JEA_NSA,False,conversion_12000,conversion,True,-9016.67,False
2022-09-30,zorba,USEC_MUN,False,conversion_12000,conversion,True,-10594.18,False
2022-09-30,taint_tabor,JEA_NSA,False,conversion_12000,conversion,True,-11186.36,False
2022-09-30,taint_tabor,USEC_MUN,False,conversion_12000,conversion,True,-12232.23,False
2022-09-30,tense,JEA_NSA,False,conversion_12000,conversion,True,1935.57,False
2022-09-30,tense,USEC_MUN,False,conversion_12000,conversion,True,562.21,False
2022-10-07,zorba,JEA_NSA,False,conversion_12000,conversion,True,-6431.06,False
2022-10-07,zorba,USEC_MUN,False,conversion_12000,conversion,True,-8079.72,False
2022-10-07,taint_tabor,JEA_NSA,False,conversion_12000,conversion,True,-8610.31,False
2022-10-07,taint_tabor,USEC_MUN,False,conversion_12000,conversion,True,-9725.42,False
2022-10-07,tense,JEA_NSA,False,conversion_12000,conversion,True,5573.04,True
2022-10-07,tense,USEC_MUN,False,conversion_12000,conversion,True,4137.76,False
2022-10-14,zorba,JEA_NSA,False,conversion_12000,conversion,True,-6095.41,False
2022-10-14,zorba,USEC_MUN,False,conversion_12000,conversion,True,-7728.28,False
2022-10-14,taint_tabor,JEA_NSA,False,conversion_12000,conversion,True,-8238.46,False
2022-10-14,taint_tabor,USEC_MUN,False,conversion_12000,conversion,True,-9338.19,False
2022-10-14,tense,JEA_NSA,False,conversion_12000,conversion,True,5711.25,True
2022-10-14,tense,USEC_MUN,False,conversion_12000,conversion,True,4289.45,False
2022-10-21,zorba,JEA_NSA,False,conversion_12000,conversion,True,-8971.66,False
2022-10-21,zorba,USEC_MUN,False,conversion_12000,conversion,True,-10619.3,False
2022-10-21,taint_tabor,JEA_NSA,False,conversion_12000,conversion,True,-11149.0,False
2022-10-21,taint_tabor,USEC_MUN,False,conversion_12000,conversion,True,-12265.16,False
2022-10-21,tense,JEA_NSA,False,conversion_12000,conversion,True,2090.24,False
2022-10-21,tense,USEC_MUN,False,conversion_12000,conversion,True,648.31,False
2022-10-28,zorba,JEA_NSA,False,conversion_12000,conversion,True,-8116.22,False
2022-10-28,zorba,USEC_MUN,False,conversion_12000,conversion,True,-9774.58,False
2022-10-28,taint_tabor,JEA_NSA,False,conversion_12000,conversion,True,-10292.71,False
2022-10-28,taint_tabor,USEC_MUN,False,conversion_12000,conversion,True,-11418.99,False
2022-10-28,tense,JEA_NSA,False,conversion_12000,conversion,True,3241.93,False
2022-10-28,tense,USEC_MUN,False,conversion_12000,conversion,True,1792.47,False
2022-01-07,zorba,JEA_NSA,False,conversion_18000,conversion,True,13242.3,True
2022-01-07,zorba,USEC_MUN,False,conversion_18000,conversion,True,11333.89,True
2022-01-07,taint_tabor,JEA_NSA,False,conversion_18000,conversion,True,10710.95,True
2022-01-07,taint_tabor,USEC_MUN,False,conversion_18000,conversion,True,9319.08,True
2022-01-07,tense,JEA_NSA,False,conversion_18000,conversion,True,26591.99,True
2022-01-07,tense,USEC_MUN,False,conversion_18000,conversion,True,24879.71,True
2022-01-14,zorba,JEA_NSA,False,conversion_18000,conversion,True,17975.86,True
2022-01-14,zorba,USEC_MUN,False,conversion_18000,conversion,True,16086.43,True
2022-01-14,taint_tabor,JEA_NSA,False,conversion_18000,conversion,True,15447.95,True
2022-01-14,taint_tabor,USEC_MUN,False,conversion_18000,conversion,True,14075.38,True
2022-01-14,tense,JEA_NSA,False,conversion_18000,conversion,True,31576.07,True
2022-01-14,tense,USEC_MUN,False,conversion_18000,conversion,True,29884.8,True
2022-01-21,zorba,JEA_NSA,False,conversion_18000,conversion,True,20926.3,True
2022-01-21,zorba,USEC_MUN,False,conversion_18000,conversion,True,19017.76,True
2022-01-21,taint_tabor,JEA_NSA,False,conversion_18000,conversion,True,18411.57,True
2022-01-21,taint_tabor,USEC_MUN,False,conversion_18000,conversion,True,17020.75,True
2022-01-21,tense,JEA_NSA,False,conversion_18000,conversion,True,35051.57,True
2022-01-21,tense,USEC_MUN,False,conversion_18000,conversion,True,33345.37,True
2022-01-28,zorba,JEA_NSA,False,conversion_18000,conversion,True,21753.37,True
2022-01-28,zorba,USEC_MUN,False,conversion_18000,conversion,True,19829.62,True
2022-01-28,taint_tabor,JEA_NSA,False,conversion_18000,conversion,True,19227.95,True
2022-01-28,taint_tabor,USEC_MUN,False,conversion_18000,conversion,True,17822.64,True
2022-01-28,tense,JEA_NSA,False,conversion_18000,conversion,True,36159.46,True
2022-01-28,tense,USEC_MUN,False,conversion_18000,conversion,True,34440.48,True
2022-02-04,zorba,JEA_NSA,False,conversion_18000,conversion,True,21352.33,True
2022-02-04,zorba,USEC_MUN,False,conversion_18000,conversion,True,19529.64,True
2022-02-04,taint_tabor,JEA_NSA,False,conversion_18000,conversion,True,18851.68,True
2022-02-04,taint_tabor,USEC_MUN,False,conversion_18000,conversion,True,17550.41,True
2022-02-04,tense,JEA_NSA,False,conversion_18000,conversion,True,35595.24,True
2022-02-04,tense,USEC_MUN,False,conversion_18000,conversion,True,33981.19,True
2022-02-11,zorba,JEA_NSA,False,conversion_18000,conversion,True,22839.76,True
2022-02-11,zorba,USEC_MUN,False,conversion_18000,conversion,True,20978.86,True
2022-02-11,taint_tabor,JEA_NSA,False,conversion_18000,conversion,True,20274.6,True
2022-02-11,taint_tabor,USEC_MUN,False,conversion_18000,conversion,True,18936.45,True
2022-02-11,tense,JEA_NSA,False,conversion_18000,conversion,True,37755.38,True
2022-02-11,tense,USEC_MUN,False,conversion_18000,conversion,True,36109.42,True
2022-02-18,zorba,JEA_NSA,False,conversion_18000,conversion,True,27221.77,True
2022-02-18,zorba,USEC_MUN,False,conversion_18000,conversion,True,25365.1,True
2022-02-18,taint_tabor,JEA_NSA,False,conversion_18000,conversion,True,24701.72,True
2022-02-18,taint_tabor,USEC_MUN,False,conversion_18000,conversion,True,23368.21,True
2022-02-18,tense,JEA_NSA,False,conversion_18000,conversion,True,42542.91,True
2022-02-18,tense,USEC_MUN,False,conversion_18000,conversion,True,40904.22,True
2022-02-25,zorba,JEA_NSA,False,conversion_18000,conversion,True,32245.9,True
2022-02-25,zorba,USEC_MUN,False,conversion_18000,conversion,True,30406.34,True
2022-02-25,taint_tabor,JEA_NSA,False,conversion_18000,conversion,True,29670.22,True
2022-02-25,taint_tabor,USEC_MUN,False,conversion_18000,conversion,True,28354.69,True
2022-02-25,tense,JEA_NSA,False,conversion_18000,conversion,True,47918.45,True
2022-02-25,tense,USEC_MUN,False,conversion_18000,conversion,True,46300.38,True
2022-03-04,zorba,JEA_NSA,True,conversion_18000,conversion,True,46710.53,True
2022-03-04,zorba,USEC_MUN,True,conversion_18000,conversion,True,44711.11,True
2022-03-04,taint_tabor,JEA_NSA,True,conversion_18000,conversion,True,43906.8,True
2022-03-04,taint_tabor,USEC_MUN,True,conversion_18000,conversion,True,42434.39,True
2022-03-04,tense,JEA_NSA,True,conversion_18000,conversion,True,65266.42,True
2022-03-04,tense,USEC_MUN,True,conversion_18000,conversion,True,63511.32,True
2022-03-11,zorba,JEA_NSA,True,conversion_18000,conversion,True,41375.78,True
2022-03-11,zorba,USEC_MUN,True,conversion_18000,conversion,True,39488.62,True
2022-03-11,taint_tabor,JEA_NSA,True,conversion_18000,conversion,True,38537.74,True
2022-03-11,taint_tabor,USEC_MUN,True,conversion_18000,conversion,True,37174.67,True
2022-03-11,tense,JEA_NSA,True,conversion_18000,conversion,True,58023.78,True
2022-03-11,tense,USEC_MUN,True,conversion_18000,conversion,True,56365.46,True
2022-03-18,zorba,JEA_NSA,True,conversion_18000,conversion,True,40598.19,True
2022-03-18,zorba,USEC_MUN,True,conversion_18000,conversion,True,38749.85,True
2022-03-18,taint_tabor,JEA_NSA,True,conversion_18000,conversion,True,37822.38,True
2022-03-18,taint_tabor,USEC_MUN,True,conversion_18000,conversion,True,36497.17,True
2022-03-18,tense,JEA_NSA,True,conversion_18000,conversion,True,56682.47,True
2022-03-18,tense,USEC_MUN,True,conversion_18000,conversion,True,55057.79,True
2022-03-25,zorba,JEA_NSA,True,conversion_18000,conversion,True,41121.5,True
2022-03-25,zorba,USEC_MUN,True,conversion_18000,conversion,True,39193.66,True
2022-03-25,taint_tabor,JEA_NSA,True,conversion_18000,conversion,True,38291.69,True
2022-03-25,taint_tabor,USEC_MUN,True,conversion_18000,conversion,True,36888.63,True
2022-03-25,tense,JEA_NSA,True,conversion_18000,conversion,True,58249.69,True
2022-03-25,tense,USEC_MUN,True,conversion_18000,conversion,True,56554.66,True
2022-04-01,zorba,JEA_NSA,True,conversion_18000,conversion,True,35330.63,True
2022-04-01,zorba,USEC_MUN,True,conversion_18000,conversion,True,33502.25,True
2022-04-01,taint_tabor,JEA_NSA,True,conversion_18000,conversion,True,32541.39,True
2022-04-01,taint_tabor,USEC_MUN,True,conversion_18000,conversion,True,31240.82,True
2022-04-01,tense,JEA_NSA,True,conversion_18000,conversion,True,51938.24,True
2022-04-01,tense,USEC_MUN,True,conversion_18000,conversion,True,50344.32,True
2022-04-08,zorba,JEA_NSA,True,conversion_18000,conversion,True,29081.74,True
2022-04-08,zorba,USEC_MUN,True,conversion_18000,conversion,True,27237.76,True
2022-04-08,taint_tabor,JEA_NSA,True,conversion_18000,conversion,True,26287.46,True
2022-04-08,taint_tabor,USEC_MUN,True,conversion_18000,conversion,True,24970.38,True
2022-04-08,tense,JEA_NSA,True,conversion_18000,conversion,True,45201.93,True
2022-04-08,tense,USEC_MUN,True,conversion_18000,conversion,True,43588.25,True
2022-04-15,zorba,JEA_NSA,True,conversion_18000,conversion,True,23425.3,True
2022-04-15,zorba,USEC_MUN,True,conversion_18000,conversion,True,21591.11,True
2022-04-15,taint_tabor,JEA_NSA,True,conversion_18000,conversion,True,20682.05,True
2022-04-15,taint_tabor,USEC_MUN,True,conversion_18000,conversion,True,19373.59,True
2022-04-15,tense,JEA_NSA,True,conversion_18000,conversion,True,38781.25,True
2022-04-15,tense,USEC_MUN,True,conversion_18000,conversion,True,37170.38,True
2022-04-22,zorba,JEA_NSA,True,conversion_18000,conversion,True,20170.37,True
2022-04-22,zorba,USEC_MUN,True,conversion_18000,conversion,True,18285.92,True
2022-04-22,taint_tabor,JEA_NSA,True,conversion_18000,conversion,True,17446.03,True
2022-04-22,taint_tabor,USEC_MUN,True,conversion_18000,conversion,True,16087.63,True
2022-04-22,tense,JEA_NSA,True,conversion_18000,conversion,True,35608.97,True
2022-04-22,tense,USEC_MUN,True,conversion_18000,conversion,True,33949.6,True
2022-04-29,zorba,JEA_NSA,True,conversion_18000,conversion,True,14580.79,True
2022-04-29,zorba,USEC_MUN,True,conversion_18000,conversion,True,12730.08,True
2022-04-29,taint_tabor,JEA_NSA,True,conversion_18000,conversion,True,11969.34,True
2022-04-29,taint_tabor,USEC_MUN,True,conversion_18000,conversion,True,10642.88,True
2022-04-29,tense,JEA_NSA,True,conversion_18000,conversion,True,28943.76,True
2022-04-29,tense,USEC_MUN,True,conversion_18000,conversion,True,27307.83,True
2022-05-06,zorba,JEA_NSA,True,conversion_18000,conversion,True,7649.05,True
2022-05-06,zorba,USEC_MUN,True,conversion_18000,conversion,True,5900.15,True
2022-05-06,taint_tabor,JEA_NSA,True,conversion_18000,conversion,True,5040.98,True
2022-05-06,taint_tabor,USEC_MUN,True,conversion_18000,conversion,True,3818.14,False
2022-05-06,tense,JEA_NSA,True,conversion_18000,conversion,True,21093.47,True
2022-05-06,tense,USEC_MUN,True,conversion_18000,conversion,True,19556.62,True
2022-05-13,zorba,JEA_NSA,True,conversion_18000,conversion,True,4072.54,False
2022-05-13,zorba,USEC_MUN,True,conversion_18000,conversion,True,2328.7,False
2022-05-13,taint_tabor,JEA_NSA,True,conversion_18000,conversion,True,1525.6,False
2022-05-13,taint_tabor,USEC_MUN,True,conversion_18000,conversion,True,307.14,False
2022-05-13,tense,JEA_NSA,True,conversion_18000,conversion,True,17017.63,True
2022-05-13,tense,USEC_MUN,True,conversion_18000,conversion,True,15480.88,True
2022-05-20,zorba,JEA_NSA,True,conversion_18000,conversion,True,4985.36,False
2022-05-20,zorba,USEC_MUN,True,conversion_18000,conversion,True,3155.36,False
2022-05-20,taint_tabor,JEA_NSA,True,conversion_18000,conversion,True,2413.18,False
2022-05-20,taint_tabor,USEC_MUN,True,conversion_18000,conversion,True,1110.9,False
2022-05-20,tense,JEA_NSA,True,conversion_18000,conversion,True,19047.12,True
2022-05-20,tense,USEC_MUN,True,conversion_18000,conversion,True,17435.66,True
2022-05-27,zorba,JEA_NSA,True,conversion_18000,conversion,True,56.11,False
2022-05-27,zorba,USEC_MUN,True,conversion_18000,conversion,True,-1773.95,False
2022-05-27,taint_tabor,JEA_NSA,True,conversion_18000,conversion,True,-2538.41,False
2022-05-27,taint_tabor,USEC_MUN,True,conversion_18000,conversion,True,-3841.93,False
2022-05-27,tense,JEA_NSA,True,conversion_18000,conversion,True,13537.79,True
2022-05-27,tense,USEC_MUN,True,conversion_18000,conversion,True,11921.2,True
2022-06-03,zorba,JEA_NSA,True,conversion_18000,conversion,True,-2339.61,False
2022-06-03,zorba,USEC_MUN,True,conversion_18000,conversion,True,-4189.86,False
2022-06-03,taint_tabor,JEA_NSA,True,conversion_18000,conversion,True,-4873.95,False
2022-06-03,taint_tabor,USEC_MUN,True,conversion_18000,conversion,True,-6200.43,False
2022-06-03,tense,JEA_NSA,True,conversion_18000,conversion,True,10528.75,True
2022-06-03,tense,USEC_MUN,True,conversion_18000,conversion,True,8883.33,True
2022-06-10,zorba,JEA_NSA,True,conversion_18000,conversion,True,-4509.08,False
2022-06-10,zorba,USEC_MUN,True,conversion_18000,conversion,True,-6299.34,False
2022-06-10,taint_tabor,JEA_NSA,True,conversion_18000,conversion,True,-7010.22,False
2022-06-10,taint_tabor,USEC_MUN,True,conversion_18000,conversion,True,-8273.69,False
2022-06-10,tense,JEA_NSA,True,conversion_18000,conversion,True,8358.57,True
2022-06-10,tense,USEC_MUN,True,conversion_18000,conversion,True,6777.52,True
2022-06-17,zorba,JEA_NSA,True,conversion_18000,conversion,True,-8870.28,False
2022-06-17,zorba,USEC_MUN,True,conversion_18000,conversion,True,-10649.92,False
2022-06-17,taint_tabor,JEA_NSA,True,conversion_18000,conversion,True,-11331.05,False
2022-06-17,taint_tabor,USEC_MUN,True,conversion_18000,conversion,True,-12586.09,False
2022-06-17,tense,JEA_NSA,True,conversion_18000,conversion,True,2868.93,False
2022-06-17,tense,USEC_MUN,True,conversion_18000,conversion,True,1289.52,False
2022-06-24,zorba,JEA_NSA,True,conversion_18000,conversion,True,-8781.61,False
2022-06-24,zorba,USEC_MUN,True,conversion_18000,conversion,True,-10546.53,False
2022-06-24,taint_tabor,JEA_NSA,True,conversion_18000,conversion,True,-11194.41,False
2022-06-24,taint_tabor,USEC_MUN,True,conversion_18000,conversion,True,-12434.99,False
2022-06-24,tense,JEA_NSA,True,conversion_18000,conversion,True,2766.71,False
2022-06-24,tense,USEC_MUN,True,conversion_18000,conversion,True,1199.85,False
2022-07-01,zorba,JEA_NSA,True,conversion_18000,conversion,True,-8944.85,False
2022-07-01,zorba,USEC_MUN,True,conversion_18000,conversion,True,-10577.18,False
2022-07-01,taint_tabor,JEA_NSA,True,conversion_18000,conversion,True,-11329.72,False
2022-07-01,taint_tabor,USEC_MUN,True,conversion_18000,conversion,True,-12433.07,False
2022-07-01,tense,JEA_NSA,True,conversion_18000,conversion,True,2478.24,False
2022-07-01,tense,USEC_MUN,True,conversion_18000,conversion,True,1049.94,False
2022-07-08,zorba,JEA_NSA,True,conversion_18000,conversion,True,-9331.48,False
2022-07-08,zorba,USEC_MUN,True,conversion_18000,conversion,True,-10972.53,False
2022-07-08,taint_tabor,JEA_NSA,True,conversion_18000,conversion,True,-11729.23,False
2022-07-08,taint_tabor,USEC_MUN,True,conversion_18000,conversion,True,-12840.91,False
2022-07-08,tense,JEA_NSA,True,conversion_18000,conversion,True,2200.01,False
2022-07-08,tense,USEC_MUN,True,conversion_18000,conversion,True,764.25,False
2022-07-15,zorba,JEA_NSA,True,conversion_18000,conversion,True,-10319.05,False
2022-07-15,zorba,USEC_MUN,True,conversion_18000,conversion,True,-11960.82,False
2022-07-15,taint_tabor,JEA_NSA,True,conversion_18000,conversion,True,-12700.04,False
2022-07-15,taint_tabor,USEC_MUN,True,conversion_18000,conversion,True,-13812.94,False
2022-07-15,tense,JEA_NSA,True,conversion_18000,conversion,True,868.09,False
2022-07-15,tense,USEC_MUN,True,conversion_18000,conversion,True,-571.02,False
2022-07-22,zorba,JEA_NSA,True,conversion_18000,conversion,True,-5363.19,False
2022-07-22,zorba,USEC_MUN,True,conversion_18000,conversion,True,-7005.9,False
2022-07-22,taint_tabor,JEA_NSA,True,conversion_18000,conversion,True,-7753.28,False
2022-07-22,taint_tabor,USEC_MUN,True,conversion_18000,conversion,True,-8865.28,False
2022-07-22,tense,JEA_NSA,True,conversion_18000,conversion,True,6559.64,True
2022-07-22,tense,USEC_MUN,True,conversion_18000,conversion,True,5127.13,True
2022-07-29,zorba,JEA_NSA,True,conversion_18000,conversion,True,-2060.59,False
2022-07-29,zorba,USEC_MUN,True,conversion_18000,conversion,True,-3664.25,False
2022-07-29,taint_tabor,JEA_NSA,True,conversion_18000,conversion,True,-4410.51,False
2022-07-29,taint_tabor,USEC_MUN,True,conversion_18000,conversion,True,-5484.05,False
2022-07-29,tense,JEA_NSA,True,conversion_18000,conversion,True,9706.34,True
2022-07-29,tense,USEC_MUN,True,conversion_18000,conversion,True,8310.97,True
2022-08-05,zorba,JEA_NSA,True,conversion_18000,conversion,True,1083.93,False
2022-08-05,zorba,USEC_MUN,True,conversion_18000,conversion,True,-525.85,False
2022-08-05,taint_tabor,JEA_NSA,True,conversion_18000,conversion,True,-1259.49,False
2022-08-05,taint_tabor,USEC_MUN,True,conversion_18000,conversion,True,-2340.39,False
2022-08-05,tense,JEA_NSA,True,conversion_18000,conversion,True,12858.34,True
2022-08-05,tense,USEC_MUN,True,conversion_18000,conversion,True,11454.9,True
2022-08-12,zorba,JEA_NSA,True,conversion_18000,conversion,True,4072.98,False
2022-08-12,zorba,USEC_MUN,True,conversion_18000,conversion,True,2479.36,False
2022-08-12,taint_tabor,JEA_NSA,True,conversion_18000,conversion,True,1694.15,False
2022-08-12,taint_tabor,USEC_MUN,True,conversion_18000,conversion,True,630.13,False
2022-08-12,tense,JEA_NSA,True,conversion_18000,conversion,True,16038.27,True
2022-08-12,tense,USEC_MUN,True,conversion_18000,conversion,True,14653.28,True
2022-08-19,zorba,JEA_NSA,True,conversion_18000,conversion,True,2015.54,False
2022-08-19,zorba,USEC_MUN,True,conversion_18000,conversion,True,408.44,False
2022-08-19,taint_tabor,JEA_NSA,True,conversion_18000,conversion,True,-333.44,False
2022-08-19,taint_tabor,USEC_MUN,True,conversion_18000,conversion,True,-1412.0,False
2022-08-19,tense,JEA_NSA,True,conversion_18000,conversion,True,13492.48,True
2022-08-19,tense,USEC_MUN,True,conversion_18000,conversion,True,12090.7,True
2022-08-26,zorba,JEA_NSA,True,conversion_18000,conversion,True,-129.29,False
2022-08-26,zorba,USEC_MUN,True,conversion_18000,conversion,True,-1796.92,False
2022-08-26,taint_tabor,JEA_NSA,True,conversion_18000,conversion,True,-2513.53,False
2022-08-26,taint_tabor,USEC_MUN,True,conversion_18000,conversion,True,-3651.14,False
2022-08-26,tense,JEA_NSA,True,conversion_18000,conversion,True,11971.29,True
2022-08-26,tense,USEC_MUN,True,conversion_18000,conversion,True,10515.63,True
2022-09-02,zorba,JEA_NSA,True,conversion_18000,conversion,True,-4861.18,False
2022-09-02,zorba,USEC_MUN,True,conversion_18000,conversion,True,-6462.0,False
2022-09-02,taint_tabor,JEA_NSA,True,conversion_18000,conversion,True,-7148.08,False
2022-09-02,taint_tabor,USEC_MUN,True,conversion_18000,conversion,True,-8219.44,False
2022-09-02,tense,JEA_NSA,True,conversion_18000,conversion,True,6270.3,True
2022-09-02,tense,USEC_MUN,True,conversion_18000,conversion,True,4873.51,False
2022-09-09,zorba,JEA_NSA,False,conversion_18000,conversion,True,-10003.64,False
2022-09-09,zorba,USEC_MUN,False,conversion_18000,conversion,True,-11637.65,False
2022-09-09,taint_tabor,JEA_NSA,False,conversion_18000,conversion,True,-12338.66,False
2022-09-09,taint_tabor,USEC_MUN,False,conversion_18000,conversion,True,-13443.85,False
2022-09-09,tense,JEA_NSA,False,conversion_18000,conversion,True,932.13,False
2022-09-09,tense,USEC_MUN,False,conversion_18000,conversion,True,-499.4,False
2022-09-16,zorba,JEA_NSA,False,conversion_18000,conversion,True,-13068.0,False
2022-09-16,zorba,USEC_MUN,False,conversion_18000,conversion,True,-14722.16,False
2022-09-16,taint_tabor,JEA_NSA,False,conversion_18000,conversion,True,-15396.69,False
2022-09-16,taint_tabor,USEC_MUN,False,conversion_18000,conversion,True,-16522.18,False
2022-09-16,tense,JEA_NSA,False,conversion_18000,conversion,True,-2238.03,False
2022-09-16,tense,USEC_MUN,False,conversion_18000,conversion,True,-3690.79,False
2022-09-23,zorba,JEA_NSA,False,conversion_18000,conversion,True,-14343.88,False
2022-09-23,zorba,USEC_MUN,False,conversion_18000,conversion,True,-15982.31,False
2022-09-23,taint_tabor,JEA_NSA,False,conversion_18000,conversion,True,-16686.14,False
2022-09-23,taint_tabor,USEC_MUN,False,conversion_18000,conversion,True,-17796.22,False
2022-09-23,tense,JEA_NSA,False,conversion_18000,conversion,True,-3897.42,False
2022-09-23,tense,USEC_MUN,False,conversion_18000,conversion,True,-5338.14,False
2022-09-30,zorba,JEA_NSA,False,conversion_18000,conversion,True,-14209.41,False
2022-09-30,zorba,USEC_MUN,False,conversion_18000,conversion,True,-15786.92,False
2022-09-30,taint_tabor,JEA_NSA,False,conversion_18000,conversion,True,-16568.91,False
2022-09-30,taint_tabor,USEC_MUN,False,conversion_18000,conversion,True,-17614.78,False
2022-09-30,tense,JEA_NSA,False,conversion_18000,conversion,True,-3564.0,False
2022-09-30,tense,USEC_MUN,False,conversion_18000,conversion,True,-4937.35,False
2022-10-07,zorba,JEA_NSA,False,conversion_18000,conversion,True,-11623.8,False
2022-10-07,zorba,USEC_MUN,False,conversion_18000,conversion,True,-13272.47,False
2022-10-07,taint_tabor,JEA_NSA,False,conversion_18000,conversion,True,-13992.86,False
2022-10-07,taint_tabor,USEC_MUN,False,conversion_18000,conversion,True,-15107.97,False
2022-10-07,tense,JEA_NSA,False,conversion_18000,conversion,True,73.48,False
2022-10-07,tense,USEC_MUN,False,conversion_18000,conversion,True,-1361.81,False
2022-10-14,zorba,JEA_NSA,False,conversion_18000,conversion,True,-11288.16,False
2022-10-14,zorba,USEC_MUN,False,conversion_18000,conversion,True,-12921.03,False
2022-10-14,taint_tabor,JEA_NSA,False,conversion_18000,conversion,True,-13621.01,False
2022-10-14,taint_tabor,USEC_MUN,False,conversion_18000,conversion,True,-14720.74,False
2022-10-14,tense,JEA_NSA,False,conversion_18000,conversion,True,211.69,False
2022-10-14,tense,USEC_MUN,False,conversion_18000,conversion,True,-1210.12,False
2022-10-21,zorba,JEA_NSA,False,conversion_18000,conversion,True,-14164.41,False
2022-10-21,zorba,USEC_MUN,False,conversion_18000,conversion,True,-15812.05,False
2022-10-21,taint_tabor,JEA_NSA,False,conversion_18000,conversion,True,-16531.55,False
2022-10-21,taint_tabor,USEC_MUN,False,conversion_18000,conversion,True,-17647.71,False
2022-10-21,tense,JEA_NSA,False,conversion_18000,conversion,True,-3409.33,False
2022-10-21,tense,USEC_MUN,False,conversion_18000,conversion,True,-4851.25,False
2022-10-28,zorba,JEA_NSA,False,conversion_18000,conversion,True,-13308.97,False
2022-10-28,zorba,USEC_MUN,False,conversion_18000,conversion,True,-14967.33,False
2022-10-28,taint_tabor,JEA_NSA,False,conversion_18000,conversion,True,-15675.26,False
2022-10-28,taint_tabor,USEC_MUN,False,conversion_18000,conversion,True,-16801.54,False
2022-10-28,tense,JEA_NSA,False,conversion_18000,conversion,True,-2257.63,False
2022-10-28,tense,USEC_MUN,False,conversion_18000,conversion,True,-3707.09,False
2022-01-07,zorba,JEA_NSA,False,conversion_30000,conversion,True,2856.81,False
2022-01-07,zorba,USEC_MUN,False,conversion_30000,conversion,True,948.39,False
2022-01-07,taint_tabor,JEA_NSA,False,conversion_30000,conversion,True,-54.15,False
2022-01-07,taint_tabor,USEC_MUN,False,conversion_30000,conversion,True,-1446.03,False
2022-01-07,tense,JEA_NSA,False,conversion_30000,conversion,True,15592.86,True
2022-01-07,tense,USEC_MUN,False,conversion_30000,conversion,True,13880.59,True
2022-01-14,zorba,JEA_NSA,False,conversion_30000,conversion,True,7590.36,True
2022-01-14,zorba,USEC_MUN,False,conversion_30000,conversion,True,5700.94,True
2022-01-14,taint_tabor,JEA_NSA,False,conversion_30000,conversion,True,4682.84,False
2022-01-14,taint_tabor,USEC_MUN,False,conversion_30000,conversion,True,3310.27,False
2022-01-14,tense,JEA_NSA,False,conversion_30000,conversion,True,20576.94,True
2022-01-14,tense,USEC_MUN,False,conversion_30000,conversion,True,18885.68,True
2022-01-21,zorba,JEA_NSA,False,conversion_30000,conversion,True,10540.8,True
2022-01-21,zorba,USEC_MUN,False,conversion_30000,conversion,True,8632.27,True
2022-01-21,taint_tabor,JEA_NSA,False,conversion_30000,conversion,True,7646.46,True
2022-01-21,taint_tabor,USEC_MUN,False,conversion_30000,conversion,True,6255.65,True
2022-01-21,tense,JEA_NSA,False,conversion_30000,conversion,True,24052.44,True
2022-01-21,tense,USEC_MUN,False,conversion_30000,conversion,True,22346.25,True
2022-01-28,zorba,JEA_NSA,False,conversion_30000,conversion,True,11367.87,True
2022-01-28,zorba,USEC_MUN,False,conversion_30000,conversion,True,9444.13,True
2022-01-28,taint_tabor,JEA_NSA,False,conversion_30000,conversion,True,8462.85,True
2022-01-28,taint_tabor,USEC_MUN,False,conversion_30000,conversion,True,7057.54,True
2022-01-28,tense,JEA_NSA,False,conversion_30000,conversion,True,25160.33,True
2022-01-28,tense,USEC_MUN,False,conversion_30000,conversion,True,23441.36,True
2022-02-04,zorba,JEA_NSA,False,conversion_30000,conversion,True,10966.83,True
2022-02-04,zorba,USEC_MUN,False,conversion_30000,conversion,True,9144.14,True
2022-02-04,taint_tabor,JEA_NSA,False,conversion_30000,conversion,True,8086.58,True
2022-02-04,taint_tabor,USEC_MUN,False,conversion_30000,conversion,True,6785.3,True
2022-02-04,tense,JEA_NSA,False,conversion_30000,conversion,True,24596.12,True
2022-02-04,tense,USEC_MUN,False,conversion_30000,conversion,True,22982.06,True
2022-02-11,zorba,JEA_NSA,False,conversion_30000,conversion,True,12454.26,True
2022-02-11,zorba,USEC_MUN,False,conversion_30000,conversion,True,10593.36,True
2022-02-11,taint_tabor,JEA_NSA,False,conversion_30000,conversion,True,9509.5,True
2022-02-11,taint_tabor,USEC_MUN,False,conversion_30000,conversion,True,8171.34,True
2022-02-11,tense,JEA_NSA,False,conversion_30000,conversion,True,26756.25,True
2022-02-11,tense,USEC_MUN,False,conversion_30000,conversion,True,25110.29,True
2022-02-18,zorba,JEA_NSA,False,conversion_30000,conversion,True,16836.27,True
2022-02-18,zorba,USEC_MUN,False,conversion_30000,conversion,True,14979.6,True
2022-02-18,taint_tabor,JEA_NSA,False,conversion_30000,conversion,True,13936.61,True
2022-02-18,taint_tabor,USEC_MUN,False,conversion_30000,conversion,True,12603.1,True
2022-02-18,tense,JEA_NSA,False,conversion_30000,conversion,True,31543.79,True
2022-02-18,tense,USEC_MUN,False,conversion_30000,conversion,True,29905.09,True
2022-02-25,zorba,JEA_NSA,False,conversion_30000,conversion,True,21860.41,True
2022-02-25,zorba,USEC_MUN,False,conversion_30000,conversion,True,20020.84,True
2022-02-25,taint_tabor,JEA_NSA,False,conversion_30000,conversion,True,18905.12,True
2022-02-25,taint_tabor,USEC_MUN,False,conversion_30000,conversion,True,17589.59,True
2022-02-25,tense,JEA_NSA,False,conversion_30000,conversion,True,36919.32,True
2022-02-25,tense,USEC_MUN,False,conversion_30000,conversion,True,35301.26,True
2022-03-04,zorba,JEA_NSA,True,conversion_30000,conversion,True,36325.03,True
2022-03-04,zorba,USEC_MUN,True,conversion_30000,conversion,True,34325.61,True
2022-03-04,taint_tabor,JEA_NSA,True,conversion_30000,conversion,True,33141.69,True
2022-03-04,taint_tabor,USEC_MUN,True,conversion_30000,conversion,True,31669.28,True
2022-03-04,tense,JEA_NSA,True,conversion_30000,conversion,True,54267.29,True
2022-03-04,tense,USEC_MUN,True,conversion_30000,conversion,True,52512.19,True
2022-03-11,zorba,JEA_NSA,True,conversion_30000,conversion,True,30990.28,True
2022-03-11,zorba,USEC_MUN,True,conversion_30000,conversion,True,29103.12,True
2022-03-11,taint_tabor,JEA_NSA,True,conversion_30000,conversion,True,27772.63,True
2022-03-11,taint_tabor,USEC_MUN,True,conversion_30000,conversion,True,26409.57,True
2022-03-11,tense,JEA_NSA,True,conversion_30000,conversion,True,47024.65,True
2022-03-11,tense,USEC_MUN,True,conversion_30000,conversion,True,45366.33,True
2022-03-18,zorba,JEA_NSA,True,conversion_30000,conversion,True,30212.69,True
2022-03-18,zorba,USEC_MUN,True,conversion_30000,conversion,True,28364.35,True
2022-03-18,taint_tabor,JEA_NSA,True,conversion_30000,conversion,True,27057.28,True
2022-03-18,taint_tabor,USEC_MUN,True,conversion_30000,conversion,True,25732.07,True
2022-03-18,tense,JEA_NSA,True,conversion_30000,conversion,True,45683.34,True
2022-03-18,tense,USEC_MUN,True,conversion_30000,conversion,True,44058.66,True
2022-03-25,zorba,JEA_NSA,True,conversion_30000,conversion,True,30736.0,True
2022-03-25,zorba,USEC_MUN,True,conversion_30000,conversion,True,28808.16,True
2022-03-25,taint_tabor,JEA_NSA,True,conversion_30000,conversion,True,27526.58,True
2022-03-25,taint_tabor,USEC_MUN,True,conversion_30000,conversion,True,26123.52,True
2022-03-25,tense,JEA_NSA,True,conversion_30000,conversion,True,47250.56,True
2022-03-25,tense,USEC_MUN,True,conversion_30000,conversion,True,45555.53,True
2022-04-01,zorba,JEA_NSA,True,conversion_30000,conversion,True,24945.13,True
2022-04-01,zorba,USEC_MUN,True,conversion_30000,conversion,True,23116.76,True
2022-04-01,taint_tabor,JEA_NSA,True,conversion_30000,conversion,True,21776.29,True
2022-04-01,taint_tabor,USEC_MUN,True,conversion_30000,conversion,True,20475.72,True
2022-04-01,tense,JEA_NSA,True,conversion_30000,conversion,True,40939.12,True
2022-04-01,tense,USEC_MUN,True,conversion_30000,conversion,True,39345.19,True
2022-04-08,zorba,JEA_NSA,True,conversion_30000,conversion,True,18696.25,True
2022-04-08,zorba,USEC_MUN,True,conversion_30000,conversion,True,16852.26,True
2022-04-08,taint_tabor,JEA_NSA,True,conversion_30000,conversion,True,15522.36,True
2022-04-08,taint_tabor,USEC_MUN,True,conversion_30000,conversion,True,14205.27,True
2022-04-08,tense,JEA_NSA,True,conversion_30000,conversion,True,34202.8,True
2022-04-08,tense,USEC_MUN,True,conversion_30000,conversion,True,32589.13,True
2022-04-15,zorba,JEA_NSA,True,conversion_30000,conversion,True,13039.8,True
2022-04-15,zorba,USEC_MUN,True,conversion_30000,conversion,True,11205.61,True
2022-04-15,taint_tabor,JEA_NSA,True,conversion_30000,conversion,True,9916.95,True
2022-04-15,taint_tabor,USEC_MUN,True,conversion_30000,conversion,True,8608.48,True
2022-04-15,tense,JEA_NSA,True,conversion_30000,conversion,True,27782.13,True
2022-04-15,tense,USEC_MUN,True,conversion_30000,conversion,True,26171.25,True
2022-04-22,zorba,JEA_NSA,True,conversion_30000,conversion,True,9784.87,True
2022-04-22,zorba,USEC_MUN,True,conversion_30000,conversion,True,7900.42,True
2022-04-22,taint_tabor,JEA_NSA,True,conversion_30000,conversion,True,6680.93,True
2022-04-22,taint_tabor,USEC_MUN,True,conversion_30000,conversion,True,5322.52,True
2022-04-22,tense,JEA_NSA,True,conversion_30000,conversion,True,24609.85,True
2022-04-22,tense,USEC_MUN,True,conversion_30000,conversion,True,22950.47,True
2022-04-29,zorba,JEA_NSA,True,conversion_30000,conversion,True,4195.3,False
2022-04-29,zorba,USEC_MUN,True,conversion_30000,conversion,True,2344.58,False
2022-04-29,taint_tabor,JEA_NSA,True,conversion_30000,conversion,True,1204.24,False
2022-04-29,taint_tabor,USEC_MUN,True,conversion_30000,conversion,True,-122.23,False
2022-04-29,tense,JEA_NSA,True,conversion_30000,conversion,True,17944.63,True
2022-04-29,tense,USEC_MUN,True,conversion_30000,conversion,True,16308.7,True
2022-05-06,zorba,JEA_NSA,True,conversion_30000,conversion,True,-2736.44,False
2022-05-06,zorba,USEC_MUN,True,conversion_30000,conversion,True,-4485.35,False
2022-05-06,taint_tabor,JEA_NSA,True,conversion_30000,conversion,True,-5724.13,False
2022-05-06,taint_tabor,USEC_MUN,True,conversion_30000,conversion,True,-6946.96,False
2022-05-06,tense,JEA_NSA,True,conversion_30000,conversion,True,10094.34,True
2022-05-06,tense,USEC_MUN,True,conversion_30000,conversion,True,8557.49,True
2022-05-13,zorba,JEA_NSA,True,conversion_30000,conversion,True,-6312.95,False
2022-05-13,zorba,USEC_MUN,True,conversion_30000,conversion,True,-8056.79,False
2022-05-13,taint_tabor,JEA_NSA,True,conversion_30000,conversion,True,-9239.51,False
2022-05-13,taint_tabor,USEC_MUN,True,conversion_30000,conversion,True,-10457.96,False
2022-05-13,tense,JEA_NSA,True,conversion_30000,conversion,True,6018.5,True
2022-05-13,tense,USEC_MUN,True,conversion_30000,conversion,True,4481.75,False
2022-05-20,zorba,JEA_NSA,True,conversion_30000,conversion,True,-5400.14,False
2022-05-20,zorba,USEC_MUN,True,conversion_30000,conversion,True,-7230.14,False
2022-05-20,taint_tabor,JEA_NSA,True,conversion_30000,conversion,True,-8351.93,False
2022-05-20,taint_tabor,USEC_MUN,True,conversion_30000,conversion,True,-9654.2,False
2022-05-20,tense,JEA_NSA,True,conversion_30000,conversion,True,8047.99,True
2022-05-20,tense,USEC_MUN,True,conversion_30000,conversion,True,6436.53,True
2022-05-27,zorba,JEA_NSA,True,conversion_30000,conversion,True,-10329.39,False
2022-05-27,zorba,USEC_MUN,True,conversion_30000,conversion,True,-12159.45,False
2022-05-27,taint_tabor,JEA_NSA,True,conversion_30000,conversion,True,-13303.51,False
2022-05-27,taint_tabor,USEC_MUN,True,conversion_30000,conversion,True,-14607.03,False
2022-05-27,tense,JEA_NSA,True,conversion_30000,conversion,True,2538.66,False
2022-05-27,tense,USEC_MUN,True,conversion_30000,conversion,True,922.07,False
2022-06-03,zorba,JEA_NSA,True,conversion_30000,conversion,True,-12725.1,False
2022-06-03,zorba,USEC_MUN,True,conversion_30000,conversion,True,-14575.35,False
2022-06-03,taint_tabor,JEA_NSA,True,conversion_30000,conversion,True,-15639.06,False
2022-06-03,taint_tabor,USEC_MUN,True,conversion_30000,conversion,True,-16965.54,False
2022-06-03,tense,JEA_NSA,True,conversion_30000,conversion,True,-470.38,False
2022-06-03,tense,USEC_MUN,True,conversion_30000,conversion,True,-2115.8,False
2022-06-10,zorba,JEA_NSA,True,conversion_30000,conversion,True,-14894.57,False
2022-06-10,zorba,USEC_MUN,True,conversion_30000,conversion,True,-16684.84,False
2022-06-10,taint_tabor,JEA_NSA,True,conversion_30000,conversion,True,-17775.33,False
2022-06-10,taint_tabor,USEC_MUN,True,conversion_30000,conversion,True,-19038.79,False
2022-06-10,tense,JEA_NSA,True,conversion_30000,conversion,True,-2640.56,False
2022-06-10,tense,USEC_MUN,True,conversion_30000,conversion,True,-4221.61,False
2022-06-17,zorba,JEA_NSA,True,conversion_30000,conversion,True,-19255.78,False
2022-06-17,zorba,USEC_MUN,True,conversion_30000,conversion,True,-21035.42,False
2022-06-17,taint_tabor,JEA_NSA,True,conversion_30000,conversion,True,-22096.15,False
2022-06-17,taint_tabor,USEC_MUN,True,conversion_30000,conversion,True,-23351.2,False
2022-06-17,tense,JEA_NSA,True,conversion_30000,conversion,True,-8130.19,False
2022-06-17,tense,USEC_MUN,True,conversion_30000,conversion,True,-9709.61,False
2022-06-24,zorba,JEA_NSA,True,conversion_30000,conversion,True,-19167.1,False
2022-06-24,zorba,USEC_MUN,True,conversion_30000,conversion,True,-20932.02,False
2022-06-24,taint_tabor,JEA_NSA,True,conversion_30000,conversion,True,-21959.52,False
2022-06-24,taint_tabor,USEC_MUN,True,conversion_30000,conversion,True,-23200.09,False
2022-06-24,tense,JEA_NSA,True,conversion_30000,conversion,True,-8232.42,False
2022-06-24,tense,USEC_MUN,True,conversion_30000,conversion,True,-9799.28,False
2022-07-01,zorba,JEA_NSA,True,conversion_30000,conversion,True,-19330.34,False
2022-07-01,zorba,USEC_MUN,True,conversion_30000,conversion,True,-20962.68,False
2022-07-01,taint_tabor,JEA_NSA,True,conversion_30000,conversion,True,-22094.83,False
2022-07-01,taint_tabor,USEC_MUN,True,conversion_30000,conversion,True,-23198.18,False
2022-07-01,tense,JEA_NSA,True,conversion_30000,conversion,True,-8520.89,False
2022-07-01,tense,USEC_MUN,True,conversion_30000,conversion,True,-9949.19,False
2022-07-08,zorba,JEA_NSA,True,conversion_30000,conversion,True,-19716.97,False
2022-07-08,zorba,USEC_MUN,True,conversion_30000,conversion,True,-21358.03,False
2022-07-08,taint_tabor,JEA_NSA,True,conversion_30000,conversion,True,-22494.34,False
2022-07-08,taint_tabor,USEC_MUN,True,conversion_30000,conversion,True,-23606.01,False
2022-07-08,tense,JEA_NSA,True,conversion_30000,conversion,True,-8799.12,False
2022-07-08,tense,USEC_MUN,True,conversion_30000,conversion,True,-10234.88,False
2022-07-15,zorba,JEA_NSA,True,conversion_30000,conversion,True,-20704.55,False
2022-07-15,zorba,USEC_MUN,True,conversion_30000,conversion,True,-22346.32,False
2022-07-15,taint_tabor,JEA_NSA,True,conversion_30000,conversion,True,-23465.15,False
2022-07-15,taint_tabor,USEC_MUN,True,conversion_30000,conversion,True,-24578.05,False
2022-07-15,tense,JEA_NSA,True,conversion_30000,conversion,True,-10131.03,False
2022-07-15,tense,USEC_MUN,True,conversion_30000,conversion,True,-11570.14,False
2022-07-22,zorba,JEA_NSA,True,conversion_30000,conversion,True,-15748.68,False
2022-07-22,zorba,USEC_MUN,True,conversion_30000,conversion,True,-17391.4,False
2022-07-22,taint_tabor,JEA_NSA,True,conversion_30000,conversion,True,-18518.39,False
2022-07-22,taint_tabor,USEC_MUN,True,conversion_30000,conversion,True,-19630.39,False
2022-07-22,tense,JEA_NSA,True,conversion_30000,conversion,True,-4439.49,False
2022-07-22,tense,USEC_MUN,True,conversion_30000,conversion,True,-5872.0,False
2022-07-29,zorba,JEA_NSA,True,conversion_30000,conversion,True,-12446.09,False
2022-07-29,zorba,USEC_MUN,True,conversion_30000,conversion,True,-14049.75,False
2022-07-29,taint_tabor,JEA_NSA,True,conversion_30000,conversion,True,-15175.62,False
2022-07-29,taint_tabor,USEC_MUN,True,conversion_30000,conversion,True,-16249.15,False
2022-07-29,tense,JEA_NSA,True,conversion_30000,conversion,True,-1292.79,False
2022-07-29,tense,USEC_MUN,True,conversion_30000,conversion,True,-2688.16,False
2022-08-05,zorba,JEA_NSA,True,conversion_30000,conversion,True,-9301.57,False
2022-08-05,zorba,USEC_MUN,True,conversion_30000,conversion,True,-10911.34,False
2022-08-05,taint_tabor,JEA_NSA,True,conversion_30000,conversion,True,-12024.59,False
2022-08-05,taint_tabor,USEC_MUN,True,conversion_30000,conversion,True,-13105.49,False
2022-08-05,tense,JEA_NSA,True,conversion_30000,conversion,True,1859.21,False
2022-08-05,tense,USEC_MUN,True,conversion_30000,conversion,True,455.77,False
2022-08-12,zorba,JEA_NSA,True,conversion_30000,conversion,True,-6312.52,False
2022-08-12,zorba,USEC_MUN,True,conversion_30000,conversion,True,-7906.14,False
2022-08-12,taint_tabor,JEA_NSA,True,conversion_30000,conversion,True,-9070.95,False
2022-08-12,taint_tabor,USEC_MUN,True,conversion_30000,conversion,True,-10134.98,False
2022-08-12,tense,JEA_NSA,True,conversion_30000,conversion,True,5039.14,True
2022-08-12,tense,USEC_MUN,True,conversion_30000,conversion,True,3654.16,False
2022-08-19,zorba,JEA_NSA,True,conversion_30000,conversion,True,-8369.96,False
2022-08-19,zorba,USEC_MUN,True,conversion_30000,conversion,True,-9977.06,False
2022-08-19,taint_tabor,JEA_NSA,True,conversion_30000,conversion,True,-11098.54,False
2022-08-19,taint_tabor,USEC_MUN,True,conversion_30000,conversion,True,-12177.1,False
2022-08-19,tense,JEA_NSA,True,conversion_30000,conversion,True,2493.35,False
2022-08-19,tense,USEC_MUN,True,conversion_30000,conversion,True,1091.57,False
2022-08-26,zorba,JEA_NSA,True,conversion_30000,conversion,True,-10514.79,False
2022-08-26,zorba,USEC_MUN,True,conversion_30000,conversion,True,-12182.42,False
2022-08-26,taint_tabor,JEA_NSA,True,conversion_30000,conversion,True,-13278.64,False
2022-08-26,taint_tabor,USEC_MUN,True,conversion_30000,conversion,True,-14416.24,False
2022-08-26,tense,JEA_NSA,True,conversion_30000,conversion,True,972.17,False
2022-08-26,tense,USEC_MUN,True,conversion_30000,conversion,True,-483.5,False
2022-09-02,zorba,JEA_NSA,True,conversion_30000,conversion,True,-15246.68,False
2022-09-02,zorba,USEC_MUN,True,conversion_30000,conversion,True,-16847.49,False
2022-09-02,taint_tabor,JEA_NSA,True,conversion_30000,conversion,True,-17913.18,False
2022-09-02,taint_tabor,USEC_MUN,True,conversion_30000,conversion,True,-18984.54,False
2022-09-02,tense,JEA_NSA,True,conversion_30000,conversion,True,-4728.83,False
2022-09-02,tense,USEC_MUN,True,conversion_30000,conversion,True,-6125.62,False
2022-09-09,zorba,JEA_NSA,False,conversion_30000,conversion,True,-20389.13,False
2022-09-09,zorba,USEC_MUN,False,conversion_30000,conversion,True,-22023.15,False
2022-09-09,taint_tabor,JEA_NSA,False,conversion_30000,conversion,True,-23103.76,False
2022-09-09,taint_tabor,USEC_MUN,False,conversion_30000,conversion,True,-24208.96,False
2022-09-09,tense,JEA_NSA,False,conversion_30000,conversion,True,-10066.99,False
2022-09-09,tense,USEC_MUN,False,conversion_30000,conversion,True,-11498.53,False
2022-09-16,zorba,JEA_NSA,False,conversion_30000,conversion,True,-23453.5,False
2022-09-16,zorba,USEC_MUN,False,conversion_30000,conversion,True,-25107.65,False
2022-09-16,taint_tabor,JEA_NSA,False,conversion_30000,conversion,True,-26161.79,False
2022-09-16,taint_tabor,USEC_MUN,False,conversion_30000,conversion,True,-27287.28,False
2022-09-16,tense,JEA_NSA,False,conversion_30000,conversion,True,-13237.16,False
2022-09-16,tense,USEC_MUN,False,conversion_30000,conversion,True,-14689.92,False
2022-09-23,zorba,JEA_NSA,False,conversion_30000,conversion,True,-24729.38,False
2022-09-23,zorba,USEC_MUN,False,conversion_30000,conversion,True,-26367.8,False
2022-09-23,taint_tabor,JEA_NSA,False,conversion_30000,conversion,True,-27451.25,False
2022-09-23,taint_tabor,USEC_MUN,False,conversion_30000,conversion,True,-28561.32,False
2022-09-23,tense,JEA_NSA,False,conversion_30000,conversion,True,-14896.55,False
2022-09-23,tense,USEC_MUN,False,conversion_30000,conversion,True,-16337.26,False
2022-09-30,zorba,JEA_NSA,False,conversion_30000,conversion,True,-24594.91,False
2022-09-30,zorba,USEC_MUN,False,conversion_30000,conversion,True,-26172.42,False
2022-09-30,taint_tabor,JEA_NSA,False,conversion_30000,conversion,True,-27334.01,False
2022-09-30,taint_tabor,USEC_MUN,False,conversion_30000,conversion,True,-28379.88,False
2022-09-30,tense,JEA_NSA,False,conversion_30000,conversion,True,-14563.12,False
2022-09-30,tense,USEC_MUN,False,conversion_30000,conversion,True,-15936.48,False
2022-10-07,zorba,JEA_NSA,False,conversion_30000,conversion,True,-22009.3,False
2022-10-07,zorba,USEC_MUN,False,conversion_30000,conversion,True,-23657.96,False
2022-10-07,taint_tabor,JEA_NSA,False,conversion_30000,conversion,True,-24757.97,False
2022-10-07,taint_tabor,USEC_MUN,False,conversion_30000,conversion,True,-25873.08,False
2022-10-07,tense,JEA_NSA,False,conversion_30000,conversion,True,-10925.65,False
2022-10-07,tense,USEC_MUN,False,conversion_30000,conversion,True,-12360.93,False
2022-10-14,zorba,JEA_NSA,False,conversion_30000,conversion,True,-21673.65,False
2022-10-14,zorba,USEC_MUN,False,conversion_30000,conversion,True,-23306.53,False
2022-10-14,taint_tabor,JEA_NSA,False,conversion_30000,conversion,True,-24386.12,False
2022-10-14,taint_tabor,USEC_MUN,False,conversion_30000,conversion,True,-25485.84,False
2022-10-14,tense,JEA_NSA,False,conversion_30000,conversion,True,-10787.44,False
2022-10-14,tense,USEC_MUN,False,conversion_30000,conversion,True,-12209.25,False
2022-10-21,zorba,JEA_NSA,False,conversion_30000,conversion,True,-24549.9,False
2022-10-21,zorba,USEC_MUN,False,conversion_30000,conversion,True,-26197.55,False
2022-10-21,taint_tabor,JEA_NSA,False,conversion_30000,conversion,True,-27296.66,False
2022-10-21,taint_tabor,USEC_MUN,False,conversion_30000,conversion,True,-28412.81,False
2022-10-21,tense,JEA_NSA,False,conversion_30000,conversion,True,-14408.46,False
2022-10-21,tense,USEC_MUN,False,conversion_30000,conversion,True,-15850.38,False
2022-10-28,zorba,JEA_NSA,False,conversion_30000,conversion,True,-23694.47,False
2022-10-28,zorba,USEC_MUN,False,conversion_30000,conversion,True,-25352.83,False
2022-10-28,taint_tabor,JEA_NSA,False,conversion_30000,conversion,True,-26440.36,False
2022-10-28,taint_tabor,USEC_MUN,False,conversion_30000,conversion,True,-27566.65,False
2022-10-28,tense,JEA_NSA,False,conversion_30000,conversion,True,-13256.76,False
2022-10-28,tense,USEC_MUN,False,conversion_30000,conversion,True,-14706.22,False
2022-01-07,zorba,JEA_NSA,False,metal_yield_low,recovery,True,16439.19,True
2022-01-07,zorba,USEC_MUN,False,metal_yield_low,recovery,True,14524.69,True
2022-01-07,taint_tabor,JEA_NSA,False,metal_yield_low,recovery,True,11910.91,True
2022-01-07,taint_tabor,USEC_MUN,False,metal_yield_low,recovery,True,10506.28,True
2022-01-07,tense,JEA_NSA,False,metal_yield_low,recovery,True,27908.95,True
2022-01-07,tense,USEC_MUN,False,metal_yield_low,recovery,True,26183.92,True
2022-01-14,zorba,JEA_NSA,False,metal_yield_low,recovery,True,21134.47,True
2022-01-14,zorba,USEC_MUN,False,metal_yield_low,recovery,True,19238.84,True
2022-01-14,taint_tabor,JEA_NSA,False,metal_yield_low,recovery,True,16567.68,True
2022-01-14,taint_tabor,USEC_MUN,False,metal_yield_low,recovery,True,15182.12,True
2022-01-14,tense,JEA_NSA,False,metal_yield_low,recovery,True,32812.82,True
2022-01-14,tense,USEC_MUN,False,metal_yield_low,recovery,True,31108.56,True
2022-01-21,zorba,JEA_NSA,False,metal_yield_low,recovery,True,24004.41,True
2022-01-21,zorba,USEC_MUN,False,metal_yield_low,recovery,True,22089.45,True
2022-01-21,taint_tabor,JEA_NSA,False,metal_yield_low,recovery,True,19362.61,True
2022-01-21,taint_tabor,USEC_MUN,False,metal_yield_low,recovery,True,17958.33,True
2022-01-21,tense,JEA_NSA,False,metal_yield_low,recovery,True,36119.62,True
2022-01-21,tense,USEC_MUN,False,metal_yield_low,recovery,True,34399.96,True
2022-01-28,zorba,JEA_NSA,False,metal_yield_low,recovery,True,24789.27,True
2022-01-28,zorba,USEC_MUN,False,metal_yield_low,recovery,True,22858.97,True
2022-01-28,taint_tabor,JEA_NSA,False,metal_yield_low,recovery,True,20090.53,True
2022-01-28,taint_tabor,USEC_MUN,False,metal_yield_low,recovery,True,18671.5,True
2022-01-28,tense,JEA_NSA,False,metal_yield_low,recovery,True,37139.06,True
2022-01-28,tense,USEC_MUN,False,metal_yield_low,recovery,True,35406.36,True
2022-02-04,zorba,JEA_NSA,False,metal_yield_low,recovery,True,24411.5,True
2022-02-04,zorba,USEC_MUN,False,metal_yield_low,recovery,True,22581.33,True
2022-02-04,taint_tabor,JEA_NSA,False,metal_yield_low,recovery,True,19763.03,True
2022-02-04,taint_tabor,USEC_MUN,False,metal_yield_low,recovery,True,18446.09,True
2022-02-04,tense,JEA_NSA,False,metal_yield_low,recovery,True,36623.6,True
2022-02-04,tense,USEC_MUN,False,metal_yield_low,recovery,True,34993.89,True
2022-02-11,zorba,JEA_NSA,False,metal_yield_low,recovery,True,25799.58,True
2022-02-11,zorba,USEC_MUN,False,metal_yield_low,recovery,True,23930.88,True
2022-02-11,taint_tabor,JEA_NSA,False,metal_yield_low,recovery,True,20977.74,True
2022-02-11,taint_tabor,USEC_MUN,False,metal_yield_low,recovery,True,19623.25,True
2022-02-11,tense,JEA_NSA,False,metal_yield_low,recovery,True,38575.53,True
2022-02-11,tense,USEC_MUN,False,metal_yield_low,recovery,True,36913.24,True
2022-02-18,zorba,JEA_NSA,False,metal_yield_low,recovery,True,30118.3,True
2022-02-18,zorba,USEC_MUN,False,metal_yield_low,recovery,True,28253.63,True
2022-02-18,taint_tabor,JEA_NSA,False,metal_yield_low,recovery,True,25272.25,True
2022-02-18,taint_tabor,USEC_MUN,False,metal_yield_low,recovery,True,23921.96,True
2022-02-18,tense,JEA_NSA,False,metal_yield_low,recovery,True,43230.46,True
2022-02-18,tense,USEC_MUN,False,metal_yield_low,recovery,True,41574.99,True
2022-02-25,zorba,JEA_NSA,False,metal_yield_low,recovery,True,35091.26,True
2022-02-25,zorba,USEC_MUN,False,metal_yield_low,recovery,True,33243.52,True
2022-02-25,taint_tabor,JEA_NSA,False,metal_yield_low,recovery,True,30133.5,True
2022-02-25,taint_tabor,USEC_MUN,False,metal_yield_low,recovery,True,28800.84,True
2022-02-25,tense,JEA_NSA,False,metal_yield_low,recovery,True,48498.74,True
2022-02-25,tense,USEC_MUN,False,metal_yield_low,recovery,True,46863.54,True
2022-03-04,zorba,JEA_NSA,True,metal_yield_low,recovery,True,49128.77,True
2022-03-04,zorba,USEC_MUN,True,metal_yield_low,recovery,True,47120.45,True
2022-03-04,taint_tabor,JEA_NSA,True,metal_yield_low,recovery,True,43474.99,True
2022-03-04,taint_tabor,USEC_MUN,True,metal_yield_low,recovery,True,41983.94,True
2022-03-04,tense,JEA_NSA,True,metal_yield_low,recovery,True,64951.62,True
2022-03-04,tense,USEC_MUN,True,metal_yield_low,recovery,True,63177.88,True
2022-03-11,zorba,JEA_NSA,True,metal_yield_low,recovery,True,44085.48,True
2022-03-11,zorba,USEC_MUN,True,metal_yield_low,recovery,True,42190.3,True
2022-03-11,taint_tabor,JEA_NSA,True,metal_yield_low,recovery,True,38716.74,True
2022-03-11,taint_tabor,USEC_MUN,True,metal_yield_low,recovery,True,37336.86,True
2022-03-11,tense,JEA_NSA,True,metal_yield_low,recovery,True,58319.79,True
2022-03-11,tense,USEC_MUN,True,metal_yield_low,recovery,True,56644.66,True
2022-03-18,zorba,JEA_NSA,True,metal_yield_low,recovery,True,43390.98,True
2022-03-18,zorba,USEC_MUN,True,metal_yield_low,recovery,True,41534.86,True
2022-03-18,taint_tabor,JEA_NSA,True,metal_yield_low,recovery,True,38175.5,True
2022-03-18,taint_tabor,USEC_MUN,True,metal_yield_low,recovery,True,36833.98,True
2022-03-18,tense,JEA_NSA,True,metal_yield_low,recovery,True,57152.6,True
2022-03-18,tense,USEC_MUN,True,metal_yield_low,recovery,True,55511.61,True
2022-03-25,zorba,JEA_NSA,True,metal_yield_low,recovery,True,43757.97,True
2022-03-25,zorba,USEC_MUN,True,metal_yield_low,recovery,True,41821.87,True
2022-03-25,taint_tabor,JEA_NSA,True,metal_yield_low,recovery,True,38317.21,True
2022-03-25,taint_tabor,USEC_MUN,True,metal_yield_low,recovery,True,36896.84,True
2022-03-25,tense,JEA_NSA,True,metal_yield_low,recovery,True,58392.22,True
2022-03-25,tense,USEC_MUN,True,metal_yield_low,recovery,True,56679.89,True
2022-04-01,zorba,JEA_NSA,True,metal_yield_low,recovery,True,38044.5,True
2022-04-01,zorba,USEC_MUN,True,metal_yield_low,recovery,True,36206.95,True
2022-04-01,taint_tabor,JEA_NSA,True,metal_yield_low,recovery,True,32729.13,True
2022-04-01,taint_tabor,USEC_MUN,True,metal_yield_low,recovery,True,31409.33,True
2022-04-01,tense,JEA_NSA,True,metal_yield_low,recovery,True,52242.99,True
2022-04-01,tense,USEC_MUN,True,metal_yield_low,recovery,True,50629.84,True
2022-04-08,zorba,JEA_NSA,True,metal_yield_low,recovery,True,31869.7,True
2022-04-08,zorba,USEC_MUN,True,metal_yield_low,recovery,True,30016.78,True
2022-04-08,taint_tabor,JEA_NSA,True,metal_yield_low,recovery,True,26630.44,True
2022-04-08,taint_tabor,USEC_MUN,True,metal_yield_low,recovery,True,25294.64,True
2022-04-08,tense,JEA_NSA,True,metal_yield_low,recovery,True,45661.92,True
2022-04-08,tense,USEC_MUN,True,metal_yield_low,recovery,True,44029.53,True
2022-04-15,zorba,JEA_NSA,True,metal_yield_low,recovery,True,26326.59,True
2022-04-15,zorba,USEC_MUN,True,metal_yield_low,recovery,True,24483.85,True
2022-04-15,taint_tabor,JEA_NSA,True,metal_yield_low,recovery,True,21262.54,True
2022-04-15,taint_tabor,USEC_MUN,True,metal_yield_low,recovery,True,19936.17,True
2022-04-15,tense,JEA_NSA,True,metal_yield_low,recovery,True,39478.75,True
2022-04-15,tense,USEC_MUN,True,metal_yield_low,recovery,True,37849.97,True
2022-04-22,zorba,JEA_NSA,True,metal_yield_low,recovery,True,23058.39,True
2022-04-22,zorba,USEC_MUN,True,metal_yield_low,recovery,True,21165.33,True
2022-04-22,taint_tabor,JEA_NSA,True,metal_yield_low,recovery,True,17998.7,True
2022-04-22,taint_tabor,USEC_MUN,True,metal_yield_low,recovery,True,16622.27,True
2022-04-22,tense,JEA_NSA,True,metal_yield_low,recovery,True,36278.65,True
2022-04-22,tense,USEC_MUN,True,metal_yield_low,recovery,True,34601.26,True
2022-04-29,zorba,JEA_NSA,True,metal_yield_low,recovery,True,17626.79,True
2022-04-29,zorba,USEC_MUN,True,metal_yield_low,recovery,True,15768.01,True
2022-04-29,taint_tabor,JEA_NSA,True,metal_yield_low,recovery,True,12853.08,True
2022-04-29,taint_tabor,USEC_MUN,True,metal_yield_low,recovery,True,11509.72,True
2022-04-29,tense,JEA_NSA,True,metal_yield_low,recovery,True,29944.51,True
2022-04-29,tense,USEC_MUN,True,metal_yield_low,recovery,True,28291.68,True
2022-05-06,zorba,JEA_NSA,True,metal_yield_low,recovery,True,10835.46,True
2022-05-06,zorba,USEC_MUN,True,metal_yield_low,recovery,True,9078.01,True
2022-05-06,taint_tabor,JEA_NSA,True,metal_yield_low,recovery,True,6218.96,True
2022-05-06,taint_tabor,USEC_MUN,True,metal_yield_low,recovery,True,4978.23,False
2022-05-06,tense,JEA_NSA,True,metal_yield_low,recovery,True,22388.46,True
2022-05-06,tense,USEC_MUN,True,metal_yield_low,recovery,True,20833.72,True
2022-05-13,zorba,JEA_NSA,True,metal_yield_low,recovery,True,7331.25,True
2022-05-13,zorba,USEC_MUN,True,metal_yield_low,recovery,True,5579.14,True
2022-05-13,taint_tabor,JEA_NSA,True,metal_yield_low,recovery,True,2855.1,False
2022-05-13,taint_tabor,USEC_MUN,True,metal_yield_low,recovery,True,1619.32,False
2022-05-13,tense,JEA_NSA,True,metal_yield_low,recovery,True,18464.14,True
2022-05-13,tense,USEC_MUN,True,metal_yield_low,recovery,True,16910.06,True
2022-05-20,zorba,JEA_NSA,True,metal_yield_low,recovery,True,8076.68,True
2022-05-20,zorba,USEC_MUN,True,metal_yield_low,recovery,True,6237.75,True
2022-05-20,taint_tabor,JEA_NSA,True,metal_yield_low,recovery,True,3391.9,False
2022-05-20,taint_tabor,USEC_MUN,True,metal_yield_low,recovery,True,2070.93,False
2022-05-20,tense,JEA_NSA,True,metal_yield_low,recovery,True,20142.85,True
2022-05-20,tense,USEC_MUN,True,metal_yield_low,recovery,True,18512.69,True
2022-05-27,zorba,JEA_NSA,True,metal_yield_low,recovery,True,3236.63,False
2022-05-27,zorba,USEC_MUN,True,metal_yield_low,recovery,True,1397.99,False
2022-05-27,taint_tabor,JEA_NSA,True,metal_yield_low,recovery,True,-1372.74,False
2022-05-27,taint_tabor,USEC_MUN,True,metal_yield_low,recovery,True,-2694.26,False
2022-05-27,tense,JEA_NSA,True,metal_yield_low,recovery,True,14820.46,True
2022-05-27,tense,USEC_MUN,True,metal_yield_low,recovery,True,13185.88,True
2022-06-03,zorba,JEA_NSA,True,metal_yield_low,recovery,True,930.85,False
2022-06-03,zorba,USEC_MUN,True,metal_yield_low,recovery,True,-927.18,False
2022-06-03,taint_tabor,JEA_NSA,True,metal_yield_low,recovery,True,-3519.83,False
2022-06-03,taint_tabor,USEC_MUN,True,metal_yield_low,recovery,True,-4862.62,False
2022-06-03,tense,JEA_NSA,True,metal_yield_low,recovery,True,11999.88,True
2022-06-03,tense,USEC_MUN,True,metal_yield_low,recovery,True,10338.15,True
2022-06-10,zorba,JEA_NSA,True,metal_yield_low,recovery,True,-1240.02,False
2022-06-10,zorba,USEC_MUN,True,metal_yield_low,recovery,True,-3038.92,False
2022-06-10,taint_tabor,JEA_NSA,True,metal_yield_low,recovery,True,-5659.03,False
2022-06-10,taint_tabor,USEC_MUN,True,metal_yield_low,recovery,True,-6940.58,False
2022-06-10,tense,JEA_NSA,True,metal_yield_low,recovery,True,9826.78,True
2022-06-10,tense,USEC_MUN,True,metal_yield_low,recovery,True,8227.64,True
2022-06-17,zorba,JEA_NSA,True,metal_yield_low,recovery,True,-5431.53,False
2022-06-17,zorba,USEC_MUN,True,metal_yield_low,recovery,True,-7219.12,False
2022-06-17,taint_tabor,JEA_NSA,True,metal_yield_low,recovery,True,-9624.23,False
2022-06-17,taint_tabor,USEC_MUN,True,metal_yield_low,recovery,True,-10895.93,False
2022-06-17,tense,JEA_NSA,True,metal_yield_low,recovery,True,4692.76,False
2022-06-17,tense,USEC_MUN,True,metal_yield_low,recovery,True,3096.69,False
2022-06-24,zorba,JEA_NSA,True,metal_yield_low,recovery,True,-5316.41,False
2022-06-24,zorba,USEC_MUN,True,metal_yield_low,recovery,True,-7089.18,False
2022-06-24,taint_tabor,JEA_NSA,True,metal_yield_low,recovery,True,-9432.18,False
2022-06-24,taint_tabor,USEC_MUN,True,metal_yield_low,recovery,True,-10689.2,False
2022-06-24,tense,JEA_NSA,True,metal_yield_low,recovery,True,4645.96,False
2022-06-24,tense,USEC_MUN,True,metal_yield_low,recovery,True,3062.65,False
2022-07-01,zorba,JEA_NSA,True,metal_yield_low,recovery,True,-5462.05,False
2022-07-01,zorba,USEC_MUN,True,metal_yield_low,recovery,True,-7103.5,False
2022-07-01,taint_tabor,JEA_NSA,True,metal_yield_low,recovery,True,-9530.61,False
2022-07-01,taint_tabor,USEC_MUN,True,metal_yield_low,recovery,True,-10653.06,False
2022-07-01,tense,JEA_NSA,True,metal_yield_low,recovery,True,4394.36,False
2022-07-01,tense,USEC_MUN,True,metal_yield_low,recovery,True,2946.97,False
2022-07-08,zorba,JEA_NSA,True,metal_yield_low,recovery,True,-5864.45,False
2022-07-08,zorba,USEC_MUN,True,metal_yield_low,recovery,True,-7514.71,False
2022-07-08,taint_tabor,JEA_NSA,True,metal_yield_low,recovery,True,-9963.18,False
2022-07-08,taint_tabor,USEC_MUN,True,metal_yield_low,recovery,True,-11094.13,False
2022-07-08,tense,JEA_NSA,True,metal_yield_low,recovery,True,4083.08,False
2022-07-08,tense,USEC_MUN,True,metal_yield_low,recovery,True,2628.04,False
2022-07-15,zorba,JEA_NSA,True,metal_yield_low,recovery,True,-6801.15,False
2022-07-15,zorba,USEC_MUN,True,metal_yield_low,recovery,True,-8451.88,False
2022-07-15,taint_tabor,JEA_NSA,True,metal_yield_low,recovery,True,-10827.35,False
2022-07-15,taint_tabor,USEC_MUN,True,metal_yield_low,recovery,True,-11959.04,False
2022-07-15,tense,JEA_NSA,True,metal_yield_low,recovery,True,2857.8,False
2022-07-15,tense,USEC_MUN,True,metal_yield_low,recovery,True,1399.9,False
2022-07-22,zorba,JEA_NSA,True,metal_yield_low,recovery,True,-1956.24,False
2022-07-22,zorba,USEC_MUN,True,metal_yield_low,recovery,True,-3608.45,False
2022-07-22,taint_tabor,JEA_NSA,True,metal_yield_low,recovery,True,-6113.11,False
2022-07-22,taint_tabor,USEC_MUN,True,metal_yield_low,recovery,True,-7245.03,False
2022-07-22,tense,JEA_NSA,True,metal_yield_low,recovery,True,8316.83,True
2022-07-22,tense,USEC_MUN,True,metal_yield_low,recovery,True,6864.39,True
2022-07-29,zorba,JEA_NSA,True,metal_yield_low,recovery,True,1368.52,False
2022-07-29,zorba,USEC_MUN,True,metal_yield_low,recovery,True,-244.55,False
2022-07-29,taint_tabor,JEA_NSA,True,metal_yield_low,recovery,True,-2723.9,False
2022-07-29,taint_tabor,USEC_MUN,True,metal_yield_low,recovery,True,-3817.15,False
2022-07-29,tense,JEA_NSA,True,metal_yield_low,recovery,True,11509.96,True
2022-07-29,tense,USEC_MUN,True,metal_yield_low,recovery,True,10094.88,True
2022-08-05,zorba,JEA_NSA,True,metal_yield_low,recovery,True,4511.5,False
2022-08-05,zorba,USEC_MUN,True,metal_yield_low,recovery,True,2892.67,False
2022-08-05,taint_tabor,JEA_NSA,True,metal_yield_low,recovery,True,423.9,False
2022-08-05,taint_tabor,USEC_MUN,True,metal_yield_low,recovery,True,-675.98,False
2022-08-05,tense,JEA_NSA,True,metal_yield_low,recovery,True,14658.74,True
2022-08-05,tense,USEC_MUN,True,metal_yield_low,recovery,True,13236.32,True
2022-08-12,zorba,JEA_NSA,True,metal_yield_low,recovery,True,7472.89,True
2022-08-12,zorba,USEC_MUN,True,metal_yield_low,recovery,True,5870.08,True
2022-08-12,taint_tabor,JEA_NSA,True,metal_yield_low,recovery,True,3319.58,False
2022-08-12,taint_tabor,USEC_MUN,True,metal_yield_low,recovery,True,2236.28,False
2022-08-12,tense,JEA_NSA,True,metal_yield_low,recovery,True,17780.71,True
2022-08-12,tense,USEC_MUN,True,metal_yield_low,recovery,True,16376.45,True
2022-08-19,zorba,JEA_NSA,True,metal_yield_low,recovery,True,5488.52,True
2022-08-19,zorba,USEC_MUN,True,metal_yield_low,recovery,True,3872.55,False
2022-08-19,taint_tabor,JEA_NSA,True,metal_yield_low,recovery,True,1445.11,False
2022-08-19,taint_tabor,USEC_MUN,True,metal_yield_low,recovery,True,347.97,False
2022-08-19,tense,JEA_NSA,True,metal_yield_low,recovery,True,15388.03,True
2022-08-19,tense,USEC_MUN,True,metal_yield_low,recovery,True,13967.67,True
2022-08-26,zorba,JEA_NSA,True,metal_yield_low,recovery,True,3250.47,False
2022-08-26,zorba,USEC_MUN,True,metal_yield_low,recovery,True,1573.53,False
2022-08-26,taint_tabor,JEA_NSA,True,metal_yield_low,recovery,True,-930.35,False
2022-08-26,taint_tabor,USEC_MUN,True,metal_yield_low,recovery,True,-2087.46,False
2022-08-26,tense,JEA_NSA,True,metal_yield_low,recovery,True,13671.49,True
2022-08-26,tense,USEC_MUN,True,metal_yield_low,recovery,True,12196.32,True
2022-09-02,zorba,JEA_NSA,True,metal_yield_low,recovery,True,-1338.95,False
2022-09-02,zorba,USEC_MUN,True,metal_yield_low,recovery,True,-2948.91,False
2022-09-02,taint_tabor,JEA_NSA,True,metal_yield_low,recovery,True,-5266.33,False
2022-09-02,taint_tabor,USEC_MUN,True,metal_yield_low,recovery,True,-6356.84,False
2022-09-02,tense,JEA_NSA,True,metal_yield_low,recovery,True,8269.06,True
2022-09-02,tense,USEC_MUN,True,metal_yield_low,recovery,True,6853.13,True
2022-09-09,zorba,JEA_NSA,False,metal_yield_low,recovery,True,-6449.33,False
2022-09-09,zorba,USEC_MUN,False,metal_yield_low,recovery,True,-8092.33,False
2022-09-09,taint_tabor,JEA_NSA,False,metal_yield_low,recovery,True,-10389.68,False
2022-09-09,taint_tabor,USEC_MUN,False,metal_yield_low,recovery,True,-11513.7,False
2022-09-09,tense,JEA_NSA,False,metal_yield_low,recovery,True,2998.13,False
2022-09-09,tense,USEC_MUN,False,metal_yield_low,recovery,True,1547.76,False
2022-09-16,zorba,JEA_NSA,False,metal_yield_low,recovery,True,-9498.18,False
2022-09-16,zorba,USEC_MUN,False,metal_yield_low,recovery,True,-11161.26,False
2022-09-16,taint_tabor,JEA_NSA,False,metal_yield_low,recovery,True,-13415.19,False
2022-09-16,taint_tabor,USEC_MUN,False,metal_yield_low,recovery,True,-14559.38,False
2022-09-16,tense,JEA_NSA,False,metal_yield_low,recovery,True,-139.53,False
2022-09-16,tense,USEC_MUN,False,metal_yield_low,recovery,True,-1610.98,False
2022-09-23,zorba,JEA_NSA,False,metal_yield_low,recovery,True,-10715.86,False
2022-09-23,zorba,USEC_MUN,False,metal_yield_low,recovery,True,-12362.93,False
2022-09-23,taint_tabor,JEA_NSA,False,metal_yield_low,recovery,True,-14582.68,False
2022-09-23,taint_tabor,USEC_MUN,False,metal_yield_low,recovery,True,-15710.87,False
2022-09-23,tense,JEA_NSA,False,metal_yield_low,recovery,True,-1676.94,False
2022-09-23,tense,USEC_MUN,False,metal_yield_low,recovery,True,-3135.78,False
2022-09-30,zorba,JEA_NSA,False,metal_yield_low,recovery,True,-10610.57,False
2022-09-30,zorba,USEC_MUN,False,metal_yield_low,recovery,True,-12197.64,False
2022-09-30,taint_tabor,JEA_NSA,False,metal_yield_low,recovery,True,-14526.59,False
2022-09-30,taint_tabor,USEC_MUN,False,metal_yield_low,recovery,True,-15592.5,False
2022-09-30,tense,JEA_NSA,False,metal_yield_low,recovery,True,-1404.67,False
2022-09-30,tense,USEC_MUN,False,metal_yield_low,recovery,True,-2798.06,False
2022-10-07,zorba,JEA_NSA,False,metal_yield_low,recovery,True,-8183.32,False
2022-10-07,zorba,USEC_MUN,False,metal_yield_low,recovery,True,-9842.01,False
2022-10-07,taint_tabor,JEA_NSA,False,metal_yield_low,recovery,True,-12282.43,False
2022-10-07,taint_tabor,USEC_MUN,False,metal_yield_low,recovery,True,-13418.54,False
2022-10-07,tense,JEA_NSA,False,metal_yield_low,recovery,True,1900.92,False
2022-10-07,tense,USEC_MUN,False,metal_yield_low,recovery,True,444.64,False
2022-10-14,zorba,JEA_NSA,False,metal_yield_low,recovery,True,-7819.87,False
2022-10-14,zorba,USEC_MUN,False,metal_yield_low,recovery,True,-9462.64,False
2022-10-14,taint_tabor,JEA_NSA,False,metal_yield_low,recovery,True,-11852.31,False
2022-10-14,taint_tabor,USEC_MUN,False,metal_yield_low,recovery,True,-12972.77,False
2022-10-14,tense,JEA_NSA,False,metal_yield_low,recovery,True,2097.4,False
2022-10-14,tense,USEC_MUN,False,metal_yield_low,recovery,True,654.86,False
2022-10-21,zorba,JEA_NSA,False,metal_yield_low,recovery,True,-10581.15,False
2022-10-21,zorba,USEC_MUN,False,metal_yield_low,recovery,True,-12238.1,False
2022-10-21,taint_tabor,JEA_NSA,False,metal_yield_low,recovery,True,-14521.9,False
2022-10-21,taint_tabor,USEC_MUN,False,metal_yield_low,recovery,True,-15657.57,False
2022-10-21,tense,JEA_NSA,False,metal_yield_low,recovery,True,-1282.67,False
2022-10-21,tense,USEC_MUN,False,metal_yield_low,recovery,True,-2744.11,False
2022-10-28,zorba,JEA_NSA,False,metal_yield_low,recovery,True,-9770.86,False
2022-10-28,zorba,USEC_MUN,False,metal_yield_low,recovery,True,-11438.78,False
2022-10-28,taint_tabor,JEA_NSA,False,metal_yield_low,recovery,True,-13760.23,False
2022-10-28,taint_tabor,USEC_MUN,False,metal_yield_low,recovery,True,-14906.54,False
2022-10-28,tense,JEA_NSA,False,metal_yield_low,recovery,True,-225.59,False
2022-10-28,tense,USEC_MUN,False,metal_yield_low,recovery,True,-1695.07,False
2022-01-07,zorba,JEA_NSA,False,metal_yield_high,recovery,True,20430.91,True
2022-01-07,zorba,USEC_MUN,False,metal_yield_high,recovery,True,18528.58,True
2022-01-07,taint_tabor,JEA_NSA,False,metal_yield_high,recovery,True,20276.1,True
2022-01-07,taint_tabor,USEC_MUN,False,metal_yield_high,recovery,True,18896.98,True
2022-01-07,tense,JEA_NSA,False,metal_yield_high,recovery,True,34182.85,True
2022-01-07,tense,USEC_MUN,False,metal_yield_high,recovery,True,32476.96,True
2022-01-14,zorba,JEA_NSA,False,metal_yield_high,recovery,True,25202.75,True
2022-01-14,zorba,USEC_MUN,False,metal_yield_high,recovery,True,23319.52,True
2022-01-14,taint_tabor,JEA_NSA,False,metal_yield_high,recovery,True,25093.31,True
2022-01-14,taint_tabor,USEC_MUN,False,metal_yield_high,recovery,True,23733.73,True
2022-01-14,tense,JEA_NSA,False,metal_yield_high,recovery,True,39207.04,True
2022-01-14,tense,USEC_MUN,False,metal_yield_high,recovery,True,37522.27,True
2022-01-21,zorba,JEA_NSA,False,metal_yield_high,recovery,True,28233.68,True
2022-01-21,zorba,USEC_MUN,False,metal_yield_high,recovery,True,26331.57,True
2022-01-21,taint_tabor,JEA_NSA,False,metal_yield_high,recovery,True,28225.63,True
2022-01-21,taint_tabor,USEC_MUN,False,metal_yield_high,recovery,True,26848.29,True
2022-01-21,tense,JEA_NSA,False,metal_yield_high,recovery,True,42766.89,True
2022-01-21,tense,USEC_MUN,False,metal_yield_high,recovery,True,41067.43,True
2022-01-28,zorba,JEA_NSA,False,metal_yield_high,recovery,True,29102.96,True
2022-01-28,zorba,USEC_MUN,False,metal_yield_high,recovery,True,27185.76,True
2022-01-28,taint_tabor,JEA_NSA,False,metal_yield_high,recovery,True,29130.47,True
2022-01-28,taint_tabor,USEC_MUN,False,metal_yield_high,recovery,True,27738.89,True
2022-01-28,tense,JEA_NSA,False,metal_yield_high,recovery,True,43919.01,True
2022-01-28,tense,USEC_MUN,False,metal_yield_high,recovery,True,42206.89,True
2022-02-04,zorba,JEA_NSA,False,metal_yield_high,recovery,True,28678.66,True
2022-02-04,zorba,USEC_MUN,False,metal_yield_high,recovery,True,26863.43,True
2022-02-04,taint_tabor,JEA_NSA,False,metal_yield_high,recovery,True,28705.44,True
2022-02-04,taint_tabor,USEC_MUN,False,metal_yield_high,recovery,True,27419.82,True
2022-02-04,tense,JEA_NSA,False,metal_yield_high,recovery,True,43330.41,True
2022-02-04,tense,USEC_MUN,False,metal_yield_high,recovery,True,41724.18,True
2022-02-11,zorba,JEA_NSA,False,metal_yield_high,recovery,True,30265.44,True
2022-02-11,zorba,USEC_MUN,False,metal_yield_high,recovery,True,28412.33,True
2022-02-11,taint_tabor,JEA_NSA,False,metal_yield_high,recovery,True,30336.56,True
2022-02-11,taint_tabor,USEC_MUN,False,metal_yield_high,recovery,True,29014.75,True
2022-02-11,tense,JEA_NSA,False,metal_yield_high,recovery,True,45594.65,True
2022-02-11,tense,USEC_MUN,False,metal_yield_high,recovery,True,43956.86,True
2022-02-18,zorba,JEA_NSA,False,metal_yield_high,recovery,True,34710.72,True
2022-02-18,zorba,USEC_MUN,False,metal_yield_high,recovery,True,32862.06,True
2022-02-18,taint_tabor,JEA_NSA,False,metal_yield_high,recovery,True,34896.29,True
2022-02-18,taint_tabor,USEC_MUN,False,metal_yield_high,recovery,True,33579.55,True
2022-02-18,tense,JEA_NSA,False,metal_yield_high,recovery,True,50448.49,True
2022-02-18,tense,USEC_MUN,False,metal_yield_high,recovery,True,48818.18,True
2022-02-25,zorba,JEA_NSA,False,metal_yield_high,recovery,True,39786.04,True
2022-02-25,zorba,USEC_MUN,False,metal_yield_high,recovery,True,37954.65,True
2022-02-25,taint_tabor,JEA_NSA,False,metal_yield_high,recovery,True,39972.05,True
2022-02-25,taint_tabor,USEC_MUN,False,metal_yield_high,recovery,True,38673.65,True
2022-02-25,tense,JEA_NSA,False,metal_yield_high,recovery,True,55877.66,True
2022-02-25,tense,USEC_MUN,False,metal_yield_high,recovery,True,54268.15,True
2022-03-04,zorba,JEA_NSA,True,metal_yield_high,recovery,True,54677.78,True
2022-03-04,zorba,USEC_MUN,True,metal_yield_high,recovery,True,52687.26,True
2022-03-04,taint_tabor,JEA_NSA,True,metal_yield_high,recovery,True,55103.71,True
2022-03-04,taint_tabor,USEC_MUN,True,metal_yield_high,recovery,True,53649.94,True
2022-03-04,tense,JEA_NSA,True,metal_yield_high,recovery,True,73673.17,True
2022-03-04,tense,USEC_MUN,True,metal_yield_high,recovery,True,71927.38,True
2022-03-11,zorba,JEA_NSA,True,metal_yield_high,recovery,True,49051.56,True
2022-03-11,zorba,USEC_MUN,True,metal_yield_high,recovery,True,47172.43,True
2022-03-11,taint_tabor,JEA_NSA,True,metal_yield_high,recovery,True,49123.84,True
2022-03-11,taint_tabor,USEC_MUN,True,metal_yield_high,recovery,True,47777.6,True
2022-03-11,tense,JEA_NSA,True,metal_yield_high,recovery,True,66125.12,True
2022-03-11,tense,USEC_MUN,True,metal_yield_high,recovery,True,64475.21,True
2022-03-18,zorba,JEA_NSA,True,metal_yield_high,recovery,True,48190.89,True
2022-03-18,zorba,USEC_MUN,True,metal_yield_high,recovery,True,46350.34,True
2022-03-18,taint_tabor,JEA_NSA,True,metal_yield_high,recovery,True,48234.37,True
2022-03-18,taint_tabor,USEC_MUN,True,metal_yield_high,recovery,True,46925.47,True
2022-03-18,tense,JEA_NSA,True,metal_yield_high,recovery,True,64696.76,True
2022-03-18,tense,USEC_MUN,True,metal_yield_high,recovery,True,63080.23,True
2022-03-25,zorba,JEA_NSA,True,metal_yield_high,recovery,True,48870.52,True
2022-03-25,zorba,USEC_MUN,True,metal_yield_high,recovery,True,46950.94,True
2022-03-25,taint_tabor,JEA_NSA,True,metal_yield_high,recovery,True,49031.27,True
2022-03-25,taint_tabor,USEC_MUN,True,metal_yield_high,recovery,True,47645.51,True
2022-03-25,tense,JEA_NSA,True,metal_yield_high,recovery,True,66427.77,True
2022-03-25,tense,USEC_MUN,True,metal_yield_high,recovery,True,64741.39,True
2022-04-01,zorba,JEA_NSA,True,metal_yield_high,recovery,True,43002.24,True
2022-04-01,zorba,USEC_MUN,True,metal_yield_high,recovery,True,41183.05,True
2022-04-01,taint_tabor,JEA_NSA,True,metal_yield_high,recovery,True,43118.76,True
2022-04-01,taint_tabor,USEC_MUN,True,metal_yield_high,recovery,True,41837.42,True
2022-04-01,tense,JEA_NSA,True,metal_yield_high,recovery,True,60035.22,True
2022-04-01,tense,USEC_MUN,True,metal_yield_high,recovery,True,58450.91,True
2022-04-08,zorba,JEA_NSA,True,metal_yield_high,recovery,True,36679.28,True
2022-04-08,zorba,USEC_MUN,True,metal_yield_high,recovery,True,34844.23,True
2022-04-08,taint_tabor,JEA_NSA,True,metal_yield_high,recovery,True,36709.59,True
2022-04-08,taint_tabor,USEC_MUN,True,metal_yield_high,recovery,True,35411.22,True
2022-04-08,tense,JEA_NSA,True,metal_yield_high,recovery,True,53221.28,True
2022-04-08,tense,USEC_MUN,True,metal_yield_high,recovery,True,51616.96,True
2022-04-15,zorba,JEA_NSA,True,metal_yield_high,recovery,True,30909.5,True
2022-04-15,zorba,USEC_MUN,True,metal_yield_high,recovery,True,29083.86,True
2022-04-15,taint_tabor,JEA_NSA,True,metal_yield_high,recovery,True,30866.67,True
2022-04-15,taint_tabor,USEC_MUN,True,metal_yield_high,recovery,True,29576.11,True
2022-04-15,tense,JEA_NSA,True,metal_yield_high,recovery,True,46681.85,True
2022-04-15,tense,USEC_MUN,True,metal_yield_high,recovery,True,45079.93,True
2022-04-22,zorba,JEA_NSA,True,metal_yield_high,recovery,True,27667.85,True
2022-04-22,zorba,USEC_MUN,True,metal_yield_high,recovery,True,25792.0,True
2022-04-22,taint_tabor,JEA_NSA,True,metal_yield_high,recovery,True,27658.47,True
2022-04-22,taint_tabor,USEC_MUN,True,metal_yield_high,recovery,True,26318.08,True
2022-04-22,tense,JEA_NSA,True,metal_yield_high,recovery,True,43523.48,True
2022-04-22,tense,USEC_MUN,True,metal_yield_high,recovery,True,41873.11,True
2022-04-29,zorba,JEA_NSA,True,metal_yield_high,recovery,True,21920.3,True
2022-04-29,zorba,USEC_MUN,True,metal_yield_high,recovery,True,20077.64,True
2022-04-29,taint_tabor,JEA_NSA,True,metal_yield_high,recovery,True,21850.72,True
2022-04-29,taint_tabor,USEC_MUN,True,metal_yield_high,recovery,True,20541.14,True
2022-04-29,tense,JEA_NSA,True,metal_yield_high,recovery,True,36692.74,True
2022-04-29,tense,USEC_MUN,True,metal_yield_high,recovery,True,35065.25,True
2022-05-06,zorba,JEA_NSA,True,metal_yield_high,recovery,True,14848.14,True
2022-05-06,zorba,USEC_MUN,True,metal_yield_high,recovery,True,13107.78,True
2022-05-06,taint_tabor,JEA_NSA,True,metal_yield_high,recovery,True,14628.1,True
2022-05-06,taint_tabor,USEC_MUN,True,metal_yield_high,recovery,True,13423.16,True
2022-05-06,tense,JEA_NSA,True,metal_yield_high,recovery,True,28695.32,True
2022-05-06,tense,USEC_MUN,True,metal_yield_high,recovery,True,27167.42,True
2022-05-13,zorba,JEA_NSA,True,metal_yield_high,recovery,True,11199.33,True
2022-05-13,zorba,USEC_MUN,True,metal_yield_high,recovery,True,9463.76,True
2022-05-13,taint_tabor,JEA_NSA,True,metal_yield_high,recovery,True,10961.2,True
2022-05-13,taint_tabor,USEC_MUN,True,metal_yield_high,recovery,True,9760.07,True
2022-05-13,tense,JEA_NSA,True,metal_yield_high,recovery,True,24543.72,True
2022-05-13,tense,USEC_MUN,True,metal_yield_high,recovery,True,23015.63,True
2022-05-20,zorba,JEA_NSA,True,metal_yield_high,recovery,True,12279.53,True
2022-05-20,zorba,USEC_MUN,True,metal_yield_high,recovery,True,10458.46,True
2022-05-20,taint_tabor,JEA_NSA,True,metal_yield_high,recovery,True,12199.55,True
2022-05-20,taint_tabor,USEC_MUN,True,metal_yield_high,recovery,True,10915.98,True
2022-05-20,tense,JEA_NSA,True,metal_yield_high,recovery,True,26748.59,True
2022-05-20,tense,USEC_MUN,True,metal_yield_high,recovery,True,25146.48,True
2022-05-27,zorba,JEA_NSA,True,metal_yield_high,recovery,True,7261.08,True
2022-05-27,zorba,USEC_MUN,True,metal_yield_high,recovery,True,5439.61,True
2022-05-27,taint_tabor,JEA_NSA,True,metal_yield_high,recovery,True,7061.04,True
2022-05-27,taint_tabor,USEC_MUN,True,metal_yield_high,recovery,True,5775.51,True
2022-05-27,tense,JEA_NSA,True,metal_yield_high,recovery,True,21145.8,True
2022-05-27,tense,USEC_MUN,True,metal_yield_high,recovery,True,19538.2,True
2022-06-03,zorba,JEA_NSA,True,metal_yield_high,recovery,True,4775.44,False
2022-06-03,zorba,USEC_MUN,True,metal_yield_high,recovery,True,2932.97,False
2022-06-03,taint_tabor,JEA_NSA,True,metal_yield_high,recovery,True,4537.03,False
2022-06-03,taint_tabor,USEC_MUN,True,metal_yield_high,recovery,True,3226.85,False
2022-06-03,tense,JEA_NSA,True,metal_yield_high,recovery,True,18042.53,True
2022-06-03,tense,USEC_MUN,True,metal_yield_high,recovery,True,16405.26,True
2022-06-10,zorba,JEA_NSA,True,metal_yield_high,recovery,True,2607.36,False
2022-06-10,zorba,USEC_MUN,True,metal_yield_high,recovery,True,825.73,False
2022-06-10,taint_tabor,JEA_NSA,True,metal_yield_high,recovery,True,2403.68,False
2022-06-10,taint_tabor,USEC_MUN,True,metal_yield_high,recovery,True,1158.31,False
2022-06-10,tense,JEA_NSA,True,metal_yield_high,recovery,True,15873.81,True
2022-06-10,tense,USEC_MUN,True,metal_yield_high,recovery,True,14301.8,True
2022-06-17,zorba,JEA_NSA,True,metal_yield_high,recovery,True,-1923.54,False
2022-06-17,zorba,USEC_MUN,True,metal_yield_high,recovery,True,-3695.23,False
2022-06-17,taint_tabor,JEA_NSA,True,metal_yield_high,recovery,True,-2272.76,False
2022-06-17,taint_tabor,USEC_MUN,True,metal_yield_high,recovery,True,-3511.15,False
2022-06-17,tense,JEA_NSA,True,metal_yield_high,recovery,True,10206.36,True
2022-06-17,tense,USEC_MUN,True,metal_yield_high,recovery,True,8635.28,True
2022-06-24,zorba,JEA_NSA,True,metal_yield_high,recovery,True,-1861.31,False
2022-06-24,zorba,USEC_MUN,True,metal_yield_high,recovery,True,-3618.38,False
2022-06-24,taint_tabor,JEA_NSA,True,metal_yield_high,recovery,True,-2191.55,False
2022-06-24,taint_tabor,USEC_MUN,True,metal_yield_high,recovery,True,-3415.67,False
2022-06-24,tense,JEA_NSA,True,metal_yield_high,recovery,True,10076.43,True
2022-06-24,tense,USEC_MUN,True,metal_yield_high,recovery,True,8517.8,True
2022-07-01,zorba,JEA_NSA,True,metal_yield_high,recovery,True,-2042.15,False
2022-07-01,zorba,USEC_MUN,True,metal_yield_high,recovery,True,-3665.37,False
2022-07-01,taint_tabor,JEA_NSA,True,metal_yield_high,recovery,True,-2363.73,False
2022-07-01,taint_tabor,USEC_MUN,True,metal_yield_high,recovery,True,-3447.98,False
2022-07-01,tense,JEA_NSA,True,metal_yield_high,recovery,True,9769.52,True
2022-07-01,tense,USEC_MUN,True,metal_yield_high,recovery,True,8350.77,True
2022-07-08,zorba,JEA_NSA,True,metal_yield_high,recovery,True,-2413.0,False
2022-07-08,zorba,USEC_MUN,True,metal_yield_high,recovery,True,-4044.86,False
2022-07-08,taint_tabor,JEA_NSA,True,metal_yield_high,recovery,True,-2730.18,False
2022-07-08,taint_tabor,USEC_MUN,True,metal_yield_high,recovery,True,-3822.59,False
2022-07-08,tense,JEA_NSA,True,metal_yield_high,recovery,True,9507.82,True
2022-07-08,tense,USEC_MUN,True,metal_yield_high,recovery,True,8081.7,True
2022-07-15,zorba,JEA_NSA,True,metal_yield_high,recovery,True,-3451.47,False
2022-07-15,zorba,USEC_MUN,True,metal_yield_high,recovery,True,-5084.27,False
2022-07-15,taint_tabor,JEA_NSA,True,metal_yield_high,recovery,True,-3807.63,False
2022-07-15,taint_tabor,USEC_MUN,True,metal_yield_high,recovery,True,-4901.75,False
2022-07-15,tense,JEA_NSA,True,metal_yield_high,recovery,True,8122.59,True
2022-07-15,tense,USEC_MUN,True,metal_yield_high,recovery,True,6692.87,True
2022-07-22,zorba,JEA_NSA,True,metal_yield_high,recovery,True,1615.35,False
2022-07-22,zorba,USEC_MUN,True,metal_yield_high,recovery,True,-17.85,False
2022-07-22,taint_tabor,JEA_NSA,True,metal_yield_high,recovery,True,1371.65,False
2022-07-22,taint_tabor,USEC_MUN,True,metal_yield_high,recovery,True,279.57,False
2022-07-22,tense,JEA_NSA,True,metal_yield_high,recovery,True,13930.39,True
2022-07-22,tense,USEC_MUN,True,metal_yield_high,recovery,True,12507.84,True
2022-07-29,zorba,JEA_NSA,True,metal_yield_high,recovery,True,4895.79,False
2022-07-29,zorba,USEC_MUN,True,metal_yield_high,recovery,True,3301.54,False
2022-07-29,taint_tabor,JEA_NSA,True,metal_yield_high,recovery,True,4667.98,False
2022-07-29,taint_tabor,USEC_MUN,True,metal_yield_high,recovery,True,3614.16,False
2022-07-29,tense,JEA_NSA,True,metal_yield_high,recovery,True,17053.87,True
2022-07-29,tense,USEC_MUN,True,metal_yield_high,recovery,True,15668.36,True
2022-08-05,zorba,JEA_NSA,True,metal_yield_high,recovery,True,8041.85,True
2022-08-05,zorba,USEC_MUN,True,metal_yield_high,recovery,True,6441.13,True
2022-08-05,taint_tabor,JEA_NSA,True,metal_yield_high,recovery,True,7822.23,True
2022-08-05,taint_tabor,USEC_MUN,True,metal_yield_high,recovery,True,6760.31,True
2022-08-05,tense,JEA_NSA,True,metal_yield_high,recovery,True,20207.49,True
2022-08-05,tense,USEC_MUN,True,metal_yield_high,recovery,True,18813.54,True
2022-08-12,zorba,JEA_NSA,True,metal_yield_high,recovery,True,11058.56,True
2022-08-12,zorba,USEC_MUN,True,metal_yield_high,recovery,True,9474.13,True
2022-08-12,taint_tabor,JEA_NSA,True,metal_yield_high,recovery,True,10833.83,True
2022-08-12,taint_tabor,USEC_MUN,True,metal_yield_high,recovery,True,9789.07,True
2022-08-12,tense,JEA_NSA,True,metal_yield_high,recovery,True,23416.4,True
2022-08-12,tense,USEC_MUN,True,metal_yield_high,recovery,True,22041.05,True
2022-08-19,zorba,JEA_NSA,True,metal_yield_high,recovery,True,8928.05,True
2022-08-19,zorba,USEC_MUN,True,metal_yield_high,recovery,True,7329.82,True
2022-08-19,taint_tabor,JEA_NSA,True,metal_yield_high,recovery,True,8653.12,True
2022-08-19,taint_tabor,USEC_MUN,True,metal_yield_high,recovery,True,7593.14,True
2022-08-19,tense,JEA_NSA,True,metal_yield_high,recovery,True,20794.04,True
2022-08-19,tense,USEC_MUN,True,metal_yield_high,recovery,True,19401.55,True
2022-08-26,zorba,JEA_NSA,True,metal_yield_high,recovery,True,6876.45,True
2022-08-26,zorba,USEC_MUN,True,metal_yield_high,recovery,True,5218.12,True
2022-08-26,taint_tabor,JEA_NSA,True,metal_yield_high,recovery,True,6668.39,True
2022-08-26,taint_tabor,USEC_MUN,True,metal_yield_high,recovery,True,5550.29,True
2022-08-26,tense,JEA_NSA,True,metal_yield_high,recovery,True,19370.54,True
2022-08-26,tense,USEC_MUN,True,metal_yield_high,recovery,True,17924.63,True
2022-09-02,zorba,JEA_NSA,True,metal_yield_high,recovery,True,2002.09,False
2022-09-02,zorba,USEC_MUN,True,metal_yield_high,recovery,True,410.41,False
2022-09-02,taint_tabor,JEA_NSA,True,metal_yield_high,recovery,True,1735.28,False
2022-09-02,taint_tabor,USEC_MUN,True,metal_yield_high,recovery,True,683.06,False
2022-09-02,tense,JEA_NSA,True,metal_yield_high,recovery,True,13520.26,True
2022-09-02,tense,USEC_MUN,True,metal_yield_high,recovery,True,12133.05,True
2022-09-09,zorba,JEA_NSA,False,metal_yield_high,recovery,True,-3172.45,False
2022-09-09,zorba,USEC_MUN,False,metal_yield_high,recovery,True,-4797.48,False
2022-09-09,taint_tabor,JEA_NSA,False,metal_yield_high,recovery,True,-3522.54,False
2022-09-09,taint_tabor,USEC_MUN,False,metal_yield_high,recovery,True,-4608.9,False
2022-09-09,tense,JEA_NSA,False,metal_yield_high,recovery,True,8148.48,True
2022-09-09,tense,USEC_MUN,False,metal_yield_high,recovery,True,6726.36,True
2022-09-16,zorba,JEA_NSA,False,metal_yield_high,recovery,True,-6252.33,False
2022-09-16,zorba,USEC_MUN,False,metal_yield_high,recovery,True,-7897.56,False
2022-09-16,taint_tabor,JEA_NSA,False,metal_yield_high,recovery,True,-6613.08,False
2022-09-16,taint_tabor,USEC_MUN,False,metal_yield_high,recovery,True,-7719.87,False
2022-09-16,tense,JEA_NSA,False,metal_yield_high,recovery,True,4962.06,False
2022-09-16,tense,USEC_MUN,False,metal_yield_high,recovery,True,3518.65,False
2022-09-23,zorba,JEA_NSA,False,metal_yield_high,recovery,True,-7586.42,False
2022-09-23,zorba,USEC_MUN,False,metal_yield_high,recovery,True,-9216.19,False
2022-09-23,taint_tabor,JEA_NSA,False,metal_yield_high,recovery,True,-8024.5,False
2022-09-23,taint_tabor,USEC_MUN,False,metal_yield_high,recovery,True,-9116.46,False
2022-09-23,tense,JEA_NSA,False,metal_yield_high,recovery,True,3241.68,False
2022-09-23,tense,USEC_MUN,False,metal_yield_high,recovery,True,1810.03,False
2022-09-30,zorba,JEA_NSA,False,metal_yield_high,recovery,True,-7422.77,False
2022-09-30,zorba,USEC_MUN,False,metal_yield_high,recovery,True,-8990.72,False
2022-09-30,taint_tabor,JEA_NSA,False,metal_yield_high,recovery,True,-7846.12,False
2022-09-30,taint_tabor,USEC_MUN,False,metal_yield_high,recovery,True,-8871.96,False
2022-09-30,tense,JEA_NSA,False,metal_yield_high,recovery,True,3605.69,False
2022-09-30,tense,USEC_MUN,False,metal_yield_high,recovery,True,2242.35,False
2022-10-07,zorba,JEA_NSA,False,metal_yield_high,recovery,True,-4678.79,False
2022-10-07,zorba,USEC_MUN,False,metal_yield_high,recovery,True,-6317.43,False
2022-10-07,taint_tabor,JEA_NSA,False,metal_yield_high,recovery,True,-4938.19,False
2022-10-07,taint_tabor,USEC_MUN,False,metal_yield_high,recovery,True,-6032.3,False
2022-10-07,tense,JEA_NSA,False,metal_yield_high,recovery,True,7409.1,True
2022-10-07,tense,USEC_MUN,False,metal_yield_high,recovery,True,5984.32,True
2022-10-14,zorba,JEA_NSA,False,metal_yield_high,recovery,True,-4370.94,False
2022-10-14,zorba,USEC_MUN,False,metal_yield_high,recovery,True,-5993.93,False
2022-10-14,taint_tabor,JEA_NSA,False,metal_yield_high,recovery,True,-4624.61,False
2022-10-14,taint_tabor,USEC_MUN,False,metal_yield_high,recovery,True,-5703.6,False
2022-10-14,tense,JEA_NSA,False,metal_yield_high,recovery,True,7518.18,True
2022-10-14,tense,USEC_MUN,False,metal_yield_high,recovery,True,6106.74,True
2022-10-21,zorba,JEA_NSA,False,metal_yield_high,recovery,True,-7362.17,False
2022-10-21,zorba,USEC_MUN,False,metal_yield_high,recovery,True,-9000.5,False
2022-10-21,taint_tabor,JEA_NSA,False,metal_yield_high,recovery,True,-7776.1,False
2022-10-21,taint_tabor,USEC_MUN,False,metal_yield_high,recovery,True,-8872.74,False
2022-10-21,tense,JEA_NSA,False,metal_yield_high,recovery,True,3776.69,False
2022-10-21,tense,USEC_MUN,False,metal_yield_high,recovery,True,2344.52,False
2022-10-28,zorba,JEA_NSA,False,metal_yield_high,recovery,True,-6461.58,False
2022-10-28,zorba,USEC_MUN,False,metal_yield_high,recovery,True,-8110.39,False
2022-10-28,taint_tabor,JEA_NSA,False,metal_yield_high,recovery,True,-6825.18,False
2022-10-28,taint_tabor,USEC_MUN,False,metal_yield_high,recovery,True,-7931.44,False
2022-10-28,tense,JEA_NSA,False,metal_yield_high,recovery,True,4975.69,False
2022-10-28,tense,USEC_MUN,False,metal_yield_high,recovery,True,3536.24,False
2022-01-07,zorba,JEA_NSA,False,heavies_value_0.4,heavies,True,14119.93,True
2022-01-07,zorba,USEC_MUN,False,heavies_value_0.4,heavies,True,12211.51,True
2022-01-07,taint_tabor,JEA_NSA,False,heavies_value_0.4,heavies,True,16093.51,True
2022-01-07,taint_tabor,USEC_MUN,False,heavies_value_0.4,heavies,True,14701.63,True
2022-01-07,tense,JEA_NSA,False,heavies_value_0.4,heavies,True,32091.55,True
2022-01-07,tense,USEC_MUN,False,heavies_value_0.4,heavies,True,30379.28,True
2022-01-14,zorba,JEA_NSA,False,heavies_value_0.4,heavies,True,18790.11,True
2022-01-14,zorba,USEC_MUN,False,heavies_value_0.4,heavies,True,16900.68,True
2022-01-14,taint_tabor,JEA_NSA,False,heavies_value_0.4,heavies,True,20830.5,True
2022-01-14,taint_tabor,USEC_MUN,False,heavies_value_0.4,heavies,True,19457.93,True
2022-01-14,tense,JEA_NSA,False,heavies_value_0.4,heavies,True,37075.64,True
2022-01-14,tense,USEC_MUN,False,heavies_value_0.4,heavies,True,35384.37,True
2022-01-21,zorba,JEA_NSA,False,heavies_value_0.4,heavies,True,21610.36,True
2022-01-21,zorba,USEC_MUN,False,heavies_value_0.4,heavies,True,19701.83,True
2022-01-21,taint_tabor,JEA_NSA,False,heavies_value_0.4,heavies,True,23794.12,True
2022-01-21,taint_tabor,USEC_MUN,False,heavies_value_0.4,heavies,True,22403.31,True
2022-01-21,tense,JEA_NSA,False,heavies_value_0.4,heavies,True,40551.13,True
2022-01-21,tense,USEC_MUN,False,heavies_value_0.4,heavies,True,38844.94,True
2022-01-28,zorba,JEA_NSA,False,heavies_value_0.4,heavies,True,22360.5,True
2022-01-28,zorba,USEC_MUN,False,heavies_value_0.4,heavies,True,20436.75,True
2022-01-28,taint_tabor,JEA_NSA,False,heavies_value_0.4,heavies,True,24610.5,True
2022-01-28,taint_tabor,USEC_MUN,False,heavies_value_0.4,heavies,True,23205.2,True
2022-01-28,tense,JEA_NSA,False,heavies_value_0.4,heavies,True,41659.03,True
2022-01-28,tense,USEC_MUN,False,heavies_value_0.4,heavies,True,39940.05,True
2022-02-04,zorba,JEA_NSA,False,heavies_value_0.4,heavies,True,22011.32,True
2022-02-04,zorba,USEC_MUN,False,heavies_value_0.4,heavies,True,20188.62,True
2022-02-04,taint_tabor,JEA_NSA,False,heavies_value_0.4,heavies,True,24234.24,True
2022-02-04,taint_tabor,USEC_MUN,False,heavies_value_0.4,heavies,True,22932.96,True
2022-02-04,tense,JEA_NSA,False,heavies_value_0.4,heavies,True,41094.81,True
2022-02-04,tense,USEC_MUN,False,heavies_value_0.4,heavies,True,39480.75,True
2022-02-11,zorba,JEA_NSA,False,heavies_value_0.4,heavies,True,23297.74,True
2022-02-11,zorba,USEC_MUN,False,heavies_value_0.4,heavies,True,21436.84,True
2022-02-11,taint_tabor,JEA_NSA,False,heavies_value_0.4,heavies,True,25657.15,True
2022-02-11,taint_tabor,USEC_MUN,False,heavies_value_0.4,heavies,True,24319.0,True
2022-02-11,tense,JEA_NSA,False,heavies_value_0.4,heavies,True,43254.94,True
2022-02-11,tense,USEC_MUN,False,heavies_value_0.4,heavies,True,41608.98,True
2022-02-18,zorba,JEA_NSA,False,heavies_value_0.4,heavies,True,27594.6,True
2022-02-18,zorba,USEC_MUN,False,heavies_value_0.4,heavies,True,25737.93,True
2022-02-18,taint_tabor,JEA_NSA,False,heavies_value_0.4,heavies,True,30084.27,True
2022-02-18,taint_tabor,USEC_MUN,False,heavies_value_0.4,heavies,True,28750.76,True
2022-02-18,tense,JEA_NSA,False,heavies_value_0.4,heavies,True,48042.48,True
2022-02-18,tense,USEC_MUN,False,heavies_value_0.4,heavies,True,46403.78,True
2022-02-25,zorba,JEA_NSA,False,heavies_value_0.4,heavies,True,32504.08,True
2022-02-25,zorba,USEC_MUN,False,heavies_value_0.4,heavies,True,30664.52,True
2022-02-25,taint_tabor,JEA_NSA,False,heavies_value_0.4,heavies,True,35052.77,True
2022-02-25,taint_tabor,USEC_MUN,False,heavies_value_0.4,heavies,True,33737.25,True
2022-02-25,tense,JEA_NSA,False,heavies_value_0.4,heavies,True,53418.02,True
2022-02-25,tense,USEC_MUN,False,heavies_value_0.4,heavies,True,51799.95,True
2022-03-04,zorba,JEA_NSA,True,heavies_value_0.4,heavies,True,46128.99,True
2022-03-04,zorba,USEC_MUN,True,heavies_value_0.4,heavies,True,44129.57,True
2022-03-04,taint_tabor,JEA_NSA,True,heavies_value_0.4,heavies,True,49289.35,True
2022-03-04,taint_tabor,USEC_MUN,True,heavies_value_0.4,heavies,True,47816.94,True
2022-03-04,tense,JEA_NSA,True,heavies_value_0.4,heavies,True,70765.99,True
2022-03-04,tense,USEC_MUN,True,heavies_value_0.4,heavies,True,69010.88,True
2022-03-11,zorba,JEA_NSA,True,heavies_value_0.4,heavies,True,41272.5,True
2022-03-11,zorba,USEC_MUN,True,heavies_value_0.4,heavies,True,39385.34,True
2022-03-11,taint_tabor,JEA_NSA,True,heavies_value_0.4,heavies,True,43920.29,True
2022-03-11,taint_tabor,USEC_MUN,True,heavies_value_0.4,heavies,True,42557.23,True
2022-03-11,tense,JEA_NSA,True,heavies_value_0.4,heavies,True,63523.34,True
2022-03-11,tense,USEC_MUN,True,heavies_value_0.4,heavies,True,61865.03,True
2022-03-18,zorba,JEA_NSA,True,heavies_value_0.4,heavies,True,40667.17,True
2022-03-18,zorba,USEC_MUN,True,heavies_value_0.4,heavies,True,38818.83,True
2022-03-18,taint_tabor,JEA_NSA,True,heavies_value_0.4,heavies,True,43204.94,True
2022-03-18,taint_tabor,USEC_MUN,True,heavies_value_0.4,heavies,True,41879.73,True
2022-03-18,tense,JEA_NSA,True,heavies_value_0.4,heavies,True,62182.04,True
2022-03-18,tense,USEC_MUN,True,heavies_value_0.4,heavies,True,60557.36,True
2022-03-25,zorba,JEA_NSA,True,heavies_value_0.4,heavies,True,40897.8,True
2022-03-25,zorba,USEC_MUN,True,heavies_value_0.4,heavies,True,38969.96,True
2022-03-25,taint_tabor,JEA_NSA,True,heavies_value_0.4,heavies,True,43674.24,True
2022-03-25,taint_tabor,USEC_MUN,True,heavies_value_0.4,heavies,True,42271.18,True
2022-03-25,tense,JEA_NSA,True,heavies_value_0.4,heavies,True,63749.25,True
2022-03-25,tense,USEC_MUN,True,heavies_value_0.4,heavies,True,62054.22,True
2022-04-01,zorba,JEA_NSA,True,heavies_value_0.4,heavies,True,35258.74,True
2022-04-01,zorba,USEC_MUN,True,heavies_value_0.4,heavies,True,33430.36,True
2022-04-01,taint_tabor,JEA_NSA,True,heavies_value_0.4,heavies,True,37923.94,True
2022-04-01,taint_tabor,USEC_MUN,True,heavies_value_0.4,heavies,True,36623.37,True
2022-04-01,tense,JEA_NSA,True,heavies_value_0.4,heavies,True,57437.81,True
2022-04-01,tense,USEC_MUN,True,heavies_value_0.4,heavies,True,55843.88,True
2022-04-08,zorba,JEA_NSA,True,heavies_value_0.4,heavies,True,29133.2,True
2022-04-08,zorba,USEC_MUN,True,heavies_value_0.4,heavies,True,27289.22,True
2022-04-08,taint_tabor,JEA_NSA,True,heavies_value_0.4,heavies,True,31670.02,True
2022-04-08,taint_tabor,USEC_MUN,True,heavies_value_0.4,heavies,True,30352.93,True
2022-04-08,tense,JEA_NSA,True,heavies_value_0.4,heavies,True,50701.49,True
2022-04-08,tense,USEC_MUN,True,heavies_value_0.4,heavies,True,49087.82,True
2022-04-15,zorba,JEA_NSA,True,heavies_value_0.4,heavies,True,23694.97,True
2022-04-15,zorba,USEC_MUN,True,heavies_value_0.4,heavies,True,21860.78,True
2022-04-15,taint_tabor,JEA_NSA,True,heavies_value_0.4,heavies,True,26064.61,True
2022-04-15,taint_tabor,USEC_MUN,True,heavies_value_0.4,heavies,True,24756.14,True
2022-04-15,tense,JEA_NSA,True,heavies_value_0.4,heavies,True,44280.82,True
2022-04-15,tense,USEC_MUN,True,heavies_value_0.4,heavies,True,42669.94,True
2022-04-22,zorba,JEA_NSA,True,heavies_value_0.4,heavies,True,20427.01,True
2022-04-22,zorba,USEC_MUN,True,heavies_value_0.4,heavies,True,18542.55,True
2022-04-22,taint_tabor,JEA_NSA,True,heavies_value_0.4,heavies,True,22828.58,True
2022-04-22,taint_tabor,USEC_MUN,True,heavies_value_0.4,heavies,True,21470.18,True
2022-04-22,tense,JEA_NSA,True,heavies_value_0.4,heavies,True,41108.54,True
2022-04-22,tense,USEC_MUN,True,heavies_value_0.4,heavies,True,39449.16,True
2022-04-29,zorba,JEA_NSA,True,heavies_value_0.4,heavies,True,15162.4,True
2022-04-29,zorba,USEC_MUN,True,heavies_value_0.4,heavies,True,13311.68,True
2022-04-29,taint_tabor,JEA_NSA,True,heavies_value_0.4,heavies,True,17351.9,True
2022-04-29,taint_tabor,USEC_MUN,True,heavies_value_0.4,heavies,True,16025.43,True
2022-04-29,tense,JEA_NSA,True,heavies_value_0.4,heavies,True,34443.33,True
2022-04-29,tense,USEC_MUN,True,heavies_value_0.4,heavies,True,32807.39,True
2022-05-06,zorba,JEA_NSA,True,heavies_value_0.4,heavies,True,8471.09,True
2022-05-06,zorba,USEC_MUN,True,heavies_value_0.4,heavies,True,6722.19,True
2022-05-06,taint_tabor,JEA_NSA,True,heavies_value_0.4,heavies,True,10423.53,True
2022-05-06,taint_tabor,USEC_MUN,True,heavies_value_0.4,heavies,True,9200.69,True
2022-05-06,tense,JEA_NSA,True,heavies_value_0.4,heavies,True,26593.03,True
2022-05-06,tense,USEC_MUN,True,heavies_value_0.4,heavies,True,25056.19,True
2022-05-13,zorba,JEA_NSA,True,heavies_value_0.4,heavies,True,5048.16,True
2022-05-13,zorba,USEC_MUN,True,heavies_value_0.4,heavies,True,3304.31,False
2022-05-13,taint_tabor,JEA_NSA,True,heavies_value_0.4,heavies,True,6908.15,True
2022-05-13,taint_tabor,USEC_MUN,True,heavies_value_0.4,heavies,True,5689.69,True
2022-05-13,tense,JEA_NSA,True,heavies_value_0.4,heavies,True,22517.19,True
2022-05-13,tense,USEC_MUN,True,heavies_value_0.4,heavies,True,20980.44,True
2022-05-20,zorba,JEA_NSA,True,heavies_value_0.4,heavies,True,5663.91,True
2022-05-20,zorba,USEC_MUN,True,heavies_value_0.4,heavies,True,3833.91,False
2022-05-20,taint_tabor,JEA_NSA,True,heavies_value_0.4,heavies,True,7795.73,True
2022-05-20,taint_tabor,USEC_MUN,True,heavies_value_0.4,heavies,True,6493.46,True
2022-05-20,tense,JEA_NSA,True,heavies_value_0.4,heavies,True,24546.68,True
2022-05-20,tense,USEC_MUN,True,heavies_value_0.4,heavies,True,22935.22,True
2022-05-27,zorba,JEA_NSA,True,heavies_value_0.4,heavies,True,875.09,False
2022-05-27,zorba,USEC_MUN,True,heavies_value_0.4,heavies,True,-954.97,False
2022-05-27,taint_tabor,JEA_NSA,True,heavies_value_0.4,heavies,True,2844.15,False
2022-05-27,taint_tabor,USEC_MUN,True,heavies_value_0.4,heavies,True,1540.63,False
2022-05-27,tense,JEA_NSA,True,heavies_value_0.4,heavies,True,19037.35,True
2022-05-27,tense,USEC_MUN,True,heavies_value_0.4,heavies,True,17420.76,True
2022-06-03,zorba,JEA_NSA,True,heavies_value_0.4,heavies,True,-1337.71,False
2022-06-03,zorba,USEC_MUN,True,heavies_value_0.4,heavies,True,-3187.96,False
2022-06-03,taint_tabor,JEA_NSA,True,heavies_value_0.4,heavies,True,508.6,False
2022-06-03,taint_tabor,USEC_MUN,True,heavies_value_0.4,heavies,True,-817.88,False
2022-06-03,tense,JEA_NSA,True,heavies_value_0.4,heavies,True,16028.31,True
2022-06-03,tense,USEC_MUN,True,heavies_value_0.4,heavies,True,14382.89,True
2022-06-10,zorba,JEA_NSA,True,heavies_value_0.4,heavies,True,-3492.88,False
2022-06-10,zorba,USEC_MUN,True,heavies_value_0.4,heavies,True,-5283.15,False
2022-06-10,taint_tabor,JEA_NSA,True,heavies_value_0.4,heavies,True,-1627.67,False
2022-06-10,taint_tabor,USEC_MUN,True,heavies_value_0.4,heavies,True,-2891.13,False
2022-06-10,tense,JEA_NSA,True,heavies_value_0.4,heavies,True,13858.14,True
2022-06-10,tense,USEC_MUN,True,heavies_value_0.4,heavies,True,12277.08,True
2022-06-17,zorba,JEA_NSA,True,heavies_value_0.4,heavies,True,-7545.41,False
2022-06-17,zorba,USEC_MUN,True,heavies_value_0.4,heavies,True,-9325.05,False
2022-06-17,taint_tabor,JEA_NSA,True,heavies_value_0.4,heavies,True,-5948.49,False
2022-06-17,taint_tabor,USEC_MUN,True,heavies_value_0.4,heavies,True,-7203.54,False
2022-06-17,tense,JEA_NSA,True,heavies_value_0.4,heavies,True,8368.5,True
2022-06-17,tense,USEC_MUN,True,heavies_value_0.4,heavies,True,6789.09,True
2022-06-24,zorba,JEA_NSA,True,heavies_value_0.4,heavies,True,-7387.76,False
2022-06-24,zorba,USEC_MUN,True,heavies_value_0.4,heavies,True,-9152.68,False
2022-06-24,taint_tabor,JEA_NSA,True,heavies_value_0.4,heavies,True,-5811.86,False
2022-06-24,taint_tabor,USEC_MUN,True,heavies_value_0.4,heavies,True,-7052.43,False
2022-06-24,tense,JEA_NSA,True,heavies_value_0.4,heavies,True,8266.27,True
2022-06-24,tense,USEC_MUN,True,heavies_value_0.4,heavies,True,6699.42,True
2022-07-01,zorba,JEA_NSA,True,heavies_value_0.4,heavies,True,-7506.96,False
2022-07-01,zorba,USEC_MUN,True,heavies_value_0.4,heavies,True,-9139.3,False
2022-07-01,taint_tabor,JEA_NSA,True,heavies_value_0.4,heavies,True,-5947.17,False
2022-07-01,taint_tabor,USEC_MUN,True,heavies_value_0.4,heavies,True,-7050.52,False
2022-07-01,tense,JEA_NSA,True,heavies_value_0.4,heavies,True,7977.8,True
2022-07-01,tense,USEC_MUN,True,heavies_value_0.4,heavies,True,6549.51,True
2022-07-08,zorba,JEA_NSA,True,heavies_value_0.4,heavies,True,-7926.79,False
2022-07-08,zorba,USEC_MUN,True,heavies_value_0.4,heavies,True,-9567.84,False
2022-07-08,taint_tabor,JEA_NSA,True,heavies_value_0.4,heavies,True,-6346.68,False
2022-07-08,taint_tabor,USEC_MUN,True,heavies_value_0.4,heavies,True,-7458.36,False
2022-07-08,tense,JEA_NSA,True,heavies_value_0.4,heavies,True,7699.58,True
2022-07-08,tense,USEC_MUN,True,heavies_value_0.4,heavies,True,6263.82,True
2022-07-15,zorba,JEA_NSA,True,heavies_value_0.4,heavies,True,-8819.36,False
2022-07-15,zorba,USEC_MUN,True,heavies_value_0.4,heavies,True,-10461.12,False
2022-07-15,taint_tabor,JEA_NSA,True,heavies_value_0.4,heavies,True,-7317.49,False
2022-07-15,taint_tabor,USEC_MUN,True,heavies_value_0.4,heavies,True,-8430.39,False
2022-07-15,tense,JEA_NSA,True,heavies_value_0.4,heavies,True,6367.66,True
2022-07-15,tense,USEC_MUN,True,heavies_value_0.4,heavies,True,4928.55,False
2022-07-22,zorba,JEA_NSA,True,heavies_value_0.4,heavies,True,-4056.62,False
2022-07-22,zorba,USEC_MUN,True,heavies_value_0.4,heavies,True,-5699.34,False
2022-07-22,taint_tabor,JEA_NSA,True,heavies_value_0.4,heavies,True,-2370.73,False
2022-07-22,taint_tabor,USEC_MUN,True,heavies_value_0.4,heavies,True,-3482.73,False
2022-07-22,tense,JEA_NSA,True,heavies_value_0.4,heavies,True,12059.2,True
2022-07-22,tense,USEC_MUN,True,heavies_value_0.4,heavies,True,10626.69,True
2022-07-29,zorba,JEA_NSA,True,heavies_value_0.4,heavies,True,-696.4,False
2022-07-29,zorba,USEC_MUN,True,heavies_value_0.4,heavies,True,-2300.07,False
2022-07-29,taint_tabor,JEA_NSA,True,heavies_value_0.4,heavies,True,972.04,False
2022-07-29,taint_tabor,USEC_MUN,True,heavies_value_0.4,heavies,True,-101.5,False
2022-07-29,tense,JEA_NSA,True,heavies_value_0.4,heavies,True,15205.9,True
2022-07-29,tense,USEC_MUN,True,heavies_value_0.4,heavies,True,13810.54,True
2022-08-05,zorba,JEA_NSA,True,heavies_value_0.4,heavies,True,2448.73,False
2022-08-05,zorba,USEC_MUN,True,heavies_value_0.4,heavies,True,838.95,False
2022-08-05,taint_tabor,JEA_NSA,True,heavies_value_0.4,heavies,True,4123.06,False
2022-08-05,taint_tabor,USEC_MUN,True,heavies_value_0.4,heavies,True,3042.17,False
2022-08-05,tense,JEA_NSA,True,heavies_value_0.4,heavies,True,18357.9,True
2022-08-05,tense,USEC_MUN,True,heavies_value_0.4,heavies,True,16954.46,True
2022-08-12,zorba,JEA_NSA,True,heavies_value_0.4,heavies,True,5373.18,True
2022-08-12,zorba,USEC_MUN,True,heavies_value_0.4,heavies,True,3779.57,False
2022-08-12,taint_tabor,JEA_NSA,True,heavies_value_0.4,heavies,True,7076.71,True
2022-08-12,taint_tabor,USEC_MUN,True,heavies_value_0.4,heavies,True,6012.68,True
2022-08-12,tense,JEA_NSA,True,heavies_value_0.4,heavies,True,21537.83,True
2022-08-12,tense,USEC_MUN,True,heavies_value_0.4,heavies,True,20152.85,True
2022-08-19,zorba,JEA_NSA,True,heavies_value_0.4,heavies,True,3454.89,False
2022-08-19,zorba,USEC_MUN,True,heavies_value_0.4,heavies,True,1847.79,False
2022-08-19,taint_tabor,JEA_NSA,True,heavies_value_0.4,heavies,True,5049.12,True
2022-08-19,taint_tabor,USEC_MUN,True,heavies_value_0.4,heavies,True,3970.55,False
2022-08-19,tense,JEA_NSA,True,heavies_value_0.4,heavies,True,18992.04,True
2022-08-19,tense,USEC_MUN,True,heavies_value_0.4,heavies,True,17590.26,True
2022-08-26,zorba,JEA_NSA,True,heavies_value_0.4,heavies,True,1133.98,False
2022-08-26,zorba,USEC_MUN,True,heavies_value_0.4,heavies,True,-533.66,False
2022-08-26,taint_tabor,JEA_NSA,True,heavies_value_0.4,heavies,True,2869.02,False
2022-08-26,taint_tabor,USEC_MUN,True,heavies_value_0.4,heavies,True,1731.42,False
2022-08-26,tense,JEA_NSA,True,heavies_value_0.4,heavies,True,17470.86,True
2022-08-26,tense,USEC_MUN,True,heavies_value_0.4,heavies,True,16015.19,True
2022-09-02,zorba,JEA_NSA,True,heavies_value_0.4,heavies,True,-3307.09,False
2022-09-02,zorba,USEC_MUN,True,heavies_value_0.4,heavies,True,-4907.91,False
2022-09-02,taint_tabor,JEA_NSA,True,heavies_value_0.4,heavies,True,-1765.52,False
2022-09-02,taint_tabor,USEC_MUN,True,heavies_value_0.4,heavies,True,-2836.89,False
2022-09-02,tense,JEA_NSA,True,heavies_value_0.4,heavies,True,11769.86,True
2022-09-02,tense,USEC_MUN,True,heavies_value_0.4,heavies,True,10373.07,True
2022-09-09,zorba,JEA_NSA,False,heavies_value_0.4,heavies,True,-8419.14,False
2022-09-09,zorba,USEC_MUN,False,heavies_value_0.4,heavies,True,-10053.16,False
2022-09-09,taint_tabor,JEA_NSA,False,heavies_value_0.4,heavies,True,-6956.11,False
2022-09-09,taint_tabor,USEC_MUN,False,heavies_value_0.4,heavies,True,-8061.3,False
2022-09-09,tense,JEA_NSA,False,heavies_value_0.4,heavies,True,6431.7,True
2022-09-09,tense,USEC_MUN,False,heavies_value_0.4,heavies,True,5000.16,True
2022-09-16,zorba,JEA_NSA,False,heavies_value_0.4,heavies,True,-11453.94,False
2022-09-16,zorba,USEC_MUN,False,heavies_value_0.4,heavies,True,-13108.09,False
2022-09-16,taint_tabor,JEA_NSA,False,heavies_value_0.4,heavies,True,-10014.14,False
2022-09-16,taint_tabor,USEC_MUN,False,heavies_value_0.4,heavies,True,-11139.62,False
2022-09-16,tense,JEA_NSA,False,heavies_value_0.4,heavies,True,3261.53,False
2022-09-16,tense,USEC_MUN,False,heavies_value_0.4,heavies,True,1808.77,False
2022-09-23,zorba,JEA_NSA,False,heavies_value_0.4,heavies,True,-12637.37,False
2022-09-23,zorba,USEC_MUN,False,heavies_value_0.4,heavies,True,-14275.79,False
2022-09-23,taint_tabor,JEA_NSA,False,heavies_value_0.4,heavies,True,-11303.59,False
2022-09-23,taint_tabor,USEC_MUN,False,heavies_value_0.4,heavies,True,-12413.66,False
2022-09-23,tense,JEA_NSA,False,heavies_value_0.4,heavies,True,1602.14,False
2022-09-23,tense,USEC_MUN,False,heavies_value_0.4,heavies,True,161.43,False
2022-09-30,zorba,JEA_NSA,False,heavies_value_0.4,heavies,True,-12561.02,False
2022-09-30,zorba,USEC_MUN,False,heavies_value_0.4,heavies,True,-14138.53,False
2022-09-30,taint_tabor,JEA_NSA,False,heavies_value_0.4,heavies,True,-11186.36,False
2022-09-30,taint_tabor,USEC_MUN,False,heavies_value_0.4,heavies,True,-12232.23,False
2022-09-30,tense,JEA_NSA,False,heavies_value_0.4,heavies,True,1935.57,False
2022-09-30,tense,USEC_MUN,False,heavies_value_0.4,heavies,True,562.21,False
2022-10-07,zorba,JEA_NSA,False,heavies_value_0.4,heavies,True,-10249.19,False
2022-10-07,zorba,USEC_MUN,False,heavies_value_0.4,heavies,True,-11897.86,False
2022-10-07,taint_tabor,JEA_NSA,False,heavies_value_0.4,heavies,True,-8610.31,False
2022-10-07,taint_tabor,USEC_MUN,False,heavies_value_0.4,heavies,True,-9725.42,False
2022-10-07,tense,JEA_NSA,False,heavies_value_0.4,heavies,True,5573.04,True
2022-10-07,tense,USEC_MUN,False,heavies_value_0.4,heavies,True,4137.76,False
2022-10-14,zorba,JEA_NSA,False,heavies_value_0.4,heavies,True,-9848.17,False
2022-10-14,zorba,USEC_MUN,False,heavies_value_0.4,heavies,True,-11481.05,False
2022-10-14,taint_tabor,JEA_NSA,False,heavies_value_0.4,heavies,True,-8238.46,False
2022-10-14,taint_tabor,USEC_MUN,False,heavies_value_0.4,heavies,True,-9338.19,False
2022-10-14,tense,JEA_NSA,False,heavies_value_0.4,heavies,True,5711.25,True
2022-10-14,tense,USEC_MUN,False,heavies_value_0.4,heavies,True,4289.45,False
2022-10-21,zorba,JEA_NSA,False,heavies_value_0.4,heavies,True,-12545.99,False
2022-10-21,zorba,USEC_MUN,False,heavies_value_0.4,heavies,True,-14193.63,False
2022-10-21,taint_tabor,JEA_NSA,False,heavies_value_0.4,heavies,True,-11149.0,False
2022-10-21,taint_tabor,USEC_MUN,False,heavies_value_0.4,heavies,True,-12265.16,False
2022-10-21,tense,JEA_NSA,False,heavies_value_0.4,heavies,True,2090.24,False
2022-10-21,tense,USEC_MUN,False,heavies_value_0.4,heavies,True,648.31,False
2022-10-28,zorba,JEA_NSA,False,heavies_value_0.4,heavies,True,-11766.98,False
2022-10-28,zorba,USEC_MUN,False,heavies_value_0.4,heavies,True,-13425.34,False
2022-10-28,taint_tabor,JEA_NSA,False,heavies_value_0.4,heavies,True,-10292.71,False
2022-10-28,taint_tabor,USEC_MUN,False,heavies_value_0.4,heavies,True,-11418.99,False
2022-10-28,tense,JEA_NSA,False,heavies_value_0.4,heavies,True,3241.93,False
2022-10-28,tense,USEC_MUN,False,heavies_value_0.4,heavies,True,1792.47,False
2022-01-07,zorba,JEA_NSA,False,heavies_value_1.5,heavies,True,25986.52,True
2022-01-07,zorba,USEC_MUN,False,heavies_value_1.5,heavies,True,24078.1,True
2022-01-07,taint_tabor,JEA_NSA,False,heavies_value_1.5,heavies,True,16093.51,True
2022-01-07,taint_tabor,USEC_MUN,False,heavies_value_1.5,heavies,True,14701.63,True
2022-01-07,tense,JEA_NSA,False,heavies_value_1.5,heavies,True,32091.55,True
2022-01-07,tense,USEC_MUN,False,heavies_value_1.5,heavies,True,30379.28,True
2022-01-14,zorba,JEA_NSA,False,heavies_value_1.5,heavies,True,30830.98,True
2022-01-14,zorba,USEC_MUN,False,heavies_value_1.5,heavies,True,28941.55,True
2022-01-14,taint_tabor,JEA_NSA,False,heavies_value_1.5,heavies,True,20830.5,True
2022-01-14,taint_tabor,USEC_MUN,False,heavies_value_1.5,heavies,True,19457.93,True
2022-01-14,tense,JEA_NSA,False,heavies_value_1.5,heavies,True,37075.64,True
2022-01-14,tense,USEC_MUN,False,heavies_value_1.5,heavies,True,35384.37,True
2022-01-21,zorba,JEA_NSA,False,heavies_value_1.5,heavies,True,34009.24,True
2022-01-21,zorba,USEC_MUN,False,heavies_value_1.5,heavies,True,32100.7,True
2022-01-21,taint_tabor,JEA_NSA,False,heavies_value_1.5,heavies,True,23794.12,True
2022-01-21,taint_tabor,USEC_MUN,False,heavies_value_1.5,heavies,True,22403.31,True
2022-01-21,tense,JEA_NSA,False,heavies_value_1.5,heavies,True,40551.13,True
2022-01-21,tense,USEC_MUN,False,heavies_value_1.5,heavies,True,38844.94,True
2022-01-28,zorba,JEA_NSA,False,heavies_value_1.5,heavies,True,34970.94,True
2022-01-28,zorba,USEC_MUN,False,heavies_value_1.5,heavies,True,33047.19,True
2022-01-28,taint_tabor,JEA_NSA,False,heavies_value_1.5,heavies,True,24610.5,True
2022-01-28,taint_tabor,USEC_MUN,False,heavies_value_1.5,heavies,True,23205.2,True
2022-01-28,tense,JEA_NSA,False,heavies_value_1.5,heavies,True,41659.03,True
2022-01-28,tense,USEC_MUN,False,heavies_value_1.5,heavies,True,39940.05,True
2022-02-04,zorba,JEA_NSA,False,heavies_value_1.5,heavies,True,34479.16,True
2022-02-04,zorba,USEC_MUN,False,heavies_value_1.5,heavies,True,32656.47,True
2022-02-04,taint_tabor,JEA_NSA,False,heavies_value_1.5,heavies,True,24234.24,True
2022-02-04,taint_tabor,USEC_MUN,False,heavies_value_1.5,heavies,True,22932.96,True
2022-02-04,tense,JEA_NSA,False,heavies_value_1.5,heavies,True,41094.81,True
2022-02-04,tense,USEC_MUN,False,heavies_value_1.5,heavies,True,39480.75,True
2022-02-11,zorba,JEA_NSA,False,heavies_value_1.5,heavies,True,36318.35,True
2022-02-11,zorba,USEC_MUN,False,heavies_value_1.5,heavies,True,34457.45,True
2022-02-11,taint_tabor,JEA_NSA,False,heavies_value_1.5,heavies,True,25657.15,True
2022-02-11,taint_tabor,USEC_MUN,False,heavies_value_1.5,heavies,True,24319.0,True
2022-02-11,tense,JEA_NSA,False,heavies_value_1.5,heavies,True,43254.94,True
2022-02-11,tense,USEC_MUN,False,heavies_value_1.5,heavies,True,41608.98,True
2022-02-18,zorba,JEA_NSA,False,heavies_value_1.5,heavies,True,40849.36,True
2022-02-18,zorba,USEC_MUN,False,heavies_value_1.5,heavies,True,38992.69,True
2022-02-18,taint_tabor,JEA_NSA,False,heavies_value_1.5,heavies,True,30084.27,True
2022-02-18,taint_tabor,USEC_MUN,False,heavies_value_1.5,heavies,True,28750.76,True
2022-02-18,tense,JEA_NSA,False,heavies_value_1.5,heavies,True,48042.48,True
2022-02-18,tense,USEC_MUN,False,heavies_value_1.5,heavies,True,46403.78,True
2022-02-25,zorba,JEA_NSA,False,heavies_value_1.5,heavies,True,46074.15,True
2022-02-25,zorba,USEC_MUN,False,heavies_value_1.5,heavies,True,44234.59,True
2022-02-25,taint_tabor,JEA_NSA,False,heavies_value_1.5,heavies,True,35052.77,True
2022-02-25,taint_tabor,USEC_MUN,False,heavies_value_1.5,heavies,True,33737.25,True
2022-02-25,tense,JEA_NSA,False,heavies_value_1.5,heavies,True,53418.02,True
2022-02-25,tense,USEC_MUN,False,heavies_value_1.5,heavies,True,51799.95,True
2022-03-04,zorba,JEA_NSA,True,heavies_value_1.5,heavies,True,62008.28,True
2022-03-04,zorba,USEC_MUN,True,heavies_value_1.5,heavies,True,60008.86,True
2022-03-04,taint_tabor,JEA_NSA,True,heavies_value_1.5,heavies,True,49289.35,True
2022-03-04,taint_tabor,USEC_MUN,True,heavies_value_1.5,heavies,True,47816.94,True
2022-03-04,tense,JEA_NSA,True,heavies_value_1.5,heavies,True,70765.99,True
2022-03-04,tense,USEC_MUN,True,heavies_value_1.5,heavies,True,69010.88,True
2022-03-11,zorba,JEA_NSA,True,heavies_value_1.5,heavies,True,55836.57,True
2022-03-11,zorba,USEC_MUN,True,heavies_value_1.5,heavies,True,53949.41,True
2022-03-11,taint_tabor,JEA_NSA,True,heavies_value_1.5,heavies,True,43920.29,True
2022-03-11,taint_tabor,USEC_MUN,True,heavies_value_1.5,heavies,True,42557.23,True
2022-03-11,tense,JEA_NSA,True,heavies_value_1.5,heavies,True,63523.34,True
2022-03-11,tense,USEC_MUN,True,heavies_value_1.5,heavies,True,61865.03,True
2022-03-18,zorba,JEA_NSA,True,heavies_value_1.5,heavies,True,54757.52,True
2022-03-18,zorba,USEC_MUN,True,heavies_value_1.5,heavies,True,52909.19,True
2022-03-18,taint_tabor,JEA_NSA,True,heavies_value_1.5,heavies,True,43204.94,True
2022-03-18,taint_tabor,USEC_MUN,True,heavies_value_1.5,heavies,True,41879.73,True
2022-03-18,tense,JEA_NSA,True,heavies_value_1.5,heavies,True,62182.04,True
2022-03-18,tense,USEC_MUN,True,heavies_value_1.5,heavies,True,60557.36,True
2022-03-25,zorba,JEA_NSA,True,heavies_value_1.5,heavies,True,55793.02,True
2022-03-25,zorba,USEC_MUN,True,heavies_value_1.5,heavies,True,53865.18,True
2022-03-25,taint_tabor,JEA_NSA,True,heavies_value_1.5,heavies,True,43674.24,True
2022-03-25,taint_tabor,USEC_MUN,True,heavies_value_1.5,heavies,True,42271.18,True
2022-03-25,tense,JEA_NSA,True,heavies_value_1.5,heavies,True,63749.25,True
2022-03-25,tense,USEC_MUN,True,heavies_value_1.5,heavies,True,62054.22,True
2022-04-01,zorba,JEA_NSA,True,heavies_value_1.5,heavies,True,49736.49,True
2022-04-01,zorba,USEC_MUN,True,heavies_value_1.5,heavies,True,47908.12,True
2022-04-01,taint_tabor,JEA_NSA,True,heavies_value_1.5,heavies,True,37923.94,True
2022-04-01,taint_tabor,USEC_MUN,True,heavies_value_1.5,heavies,True,36623.37,True
2022-04-01,tense,JEA_NSA,True,heavies_value_1.5,heavies,True,57437.81,True
2022-04-01,tense,USEC_MUN,True,heavies_value_1.5,heavies,True,55843.88,True
2022-04-08,zorba,JEA_NSA,True,heavies_value_1.5,heavies,True,43271.74,True
2022-04-08,zorba,USEC_MUN,True,heavies_value_1.5,heavies,True,41427.75,True
2022-04-08,taint_tabor,JEA_NSA,True,heavies_value_1.5,heavies,True,31670.02,True
2022-04-08,taint_tabor,USEC_MUN,True,heavies_value_1.5,heavies,True,30352.93,True
2022-04-08,tense,JEA_NSA,True,heavies_value_1.5,heavies,True,50701.49,True
2022-04-08,tense,USEC_MUN,True,heavies_value_1.5,heavies,True,49087.82,True
2022-04-15,zorba,JEA_NSA,True,heavies_value_1.5,heavies,True,37233.42,True
2022-04-15,zorba,USEC_MUN,True,heavies_value_1.5,heavies,True,35399.23,True
2022-04-15,taint_tabor,JEA_NSA,True,heavies_value_1.5,heavies,True,26064.61,True
2022-04-15,taint_tabor,USEC_MUN,True,heavies_value_1.5,heavies,True,24756.14,True
2022-04-15,tense,JEA_NSA,True,heavies_value_1.5,heavies,True,44280.82,True
2022-04-15,tense,USEC_MUN,True,heavies_value_1.5,heavies,True,42669.94,True
2022-04-22,zorba,JEA_NSA,True,heavies_value_1.5,heavies,True,34001.31,True
2022-04-22,zorba,USEC_MUN,True,heavies_value_1.5,heavies,True,32116.86,True
2022-04-22,taint_tabor,JEA_NSA,True,heavies_value_1.5,heavies,True,22828.58,True
2022-04-22,taint_tabor,USEC_MUN,True,heavies_value_1.5,heavies,True,21470.18,True
2022-04-22,tense,JEA_NSA,True,heavies_value_1.5,heavies,True,41108.54,True
2022-04-22,tense,USEC_MUN,True,heavies_value_1.5,heavies,True,39449.16,True
2022-04-29,zorba,JEA_NSA,True,heavies_value_1.5,heavies,True,27843.04,True
2022-04-29,zorba,USEC_MUN,True,heavies_value_1.5,heavies,True,25992.33,True
2022-04-29,taint_tabor,JEA_NSA,True,heavies_value_1.5,heavies,True,17351.9,True
2022-04-29,taint_tabor,USEC_MUN,True,heavies_value_1.5,heavies,True,16025.43,True
2022-04-29,tense,JEA_NSA,True,heavies_value_1.5,heavies,True,34443.33,True
2022-04-29,tense,USEC_MUN,True,heavies_value_1.5,heavies,True,32807.39,True
2022-05-06,zorba,JEA_NSA,True,heavies_value_1.5,heavies,True,20490.54,True
2022-05-06,zorba,USEC_MUN,True,heavies_value_1.5,heavies,True,18741.64,True
2022-05-06,taint_tabor,JEA_NSA,True,heavies_value_1.5,heavies,True,10423.53,True
2022-05-06,taint_tabor,USEC_MUN,True,heavies_value_1.5,heavies,True,9200.69,True
2022-05-06,tense,JEA_NSA,True,heavies_value_1.5,heavies,True,26593.03,True
2022-05-06,tense,USEC_MUN,True,heavies_value_1.5,heavies,True,25056.19,True
2022-05-13,zorba,JEA_NSA,True,heavies_value_1.5,heavies,True,16645.28,True
2022-05-13,zorba,USEC_MUN,True,heavies_value_1.5,heavies,True,14901.44,True
2022-05-13,taint_tabor,JEA_NSA,True,heavies_value_1.5,heavies,True,6908.15,True
2022-05-13,taint_tabor,USEC_MUN,True,heavies_value_1.5,heavies,True,5689.69,True
2022-05-13,tense,JEA_NSA,True,heavies_value_1.5,heavies,True,22517.19,True
2022-05-13,tense,USEC_MUN,True,heavies_value_1.5,heavies,True,20980.44,True
2022-05-20,zorba,JEA_NSA,True,heavies_value_1.5,heavies,True,18077.95,True
2022-05-20,zorba,USEC_MUN,True,heavies_value_1.5,heavies,True,16247.95,True
2022-05-20,taint_tabor,JEA_NSA,True,heavies_value_1.5,heavies,True,7795.73,True
2022-05-20,taint_tabor,USEC_MUN,True,heavies_value_1.5,heavies,True,6493.46,True
2022-05-20,tense,JEA_NSA,True,heavies_value_1.5,heavies,True,24546.68,True
2022-05-20,tense,USEC_MUN,True,heavies_value_1.5,heavies,True,22935.22,True
2022-05-27,zorba,JEA_NSA,True,heavies_value_1.5,heavies,True,12902.94,True
2022-05-27,zorba,USEC_MUN,True,heavies_value_1.5,heavies,True,11072.89,True
2022-05-27,taint_tabor,JEA_NSA,True,heavies_value_1.5,heavies,True,2844.15,False
2022-05-27,taint_tabor,USEC_MUN,True,heavies_value_1.5,heavies,True,1540.63,False
2022-05-27,tense,JEA_NSA,True,heavies_value_1.5,heavies,True,19037.35,True
2022-05-27,tense,USEC_MUN,True,heavies_value_1.5,heavies,True,17420.76,True
2022-06-03,zorba,JEA_NSA,True,heavies_value_1.5,heavies,True,10187.13,True
2022-06-03,zorba,USEC_MUN,True,heavies_value_1.5,heavies,True,8336.88,True
2022-06-03,taint_tabor,JEA_NSA,True,heavies_value_1.5,heavies,True,508.6,False
2022-06-03,taint_tabor,USEC_MUN,True,heavies_value_1.5,heavies,True,-817.88,False
2022-06-03,tense,JEA_NSA,True,heavies_value_1.5,heavies,True,16028.31,True
2022-06-03,tense,USEC_MUN,True,heavies_value_1.5,heavies,True,14382.89,True
2022-06-10,zorba,JEA_NSA,True,heavies_value_1.5,heavies,True,7992.64,True
2022-06-10,zorba,USEC_MUN,True,heavies_value_1.5,heavies,True,6202.37,True
2022-06-10,taint_tabor,JEA_NSA,True,heavies_value_1.5,heavies,True,-1627.67,False
2022-06-10,taint_tabor,USEC_MUN,True,heavies_value_1.5,heavies,True,-2891.13,False
2022-06-10,tense,JEA_NSA,True,heavies_value_1.5,heavies,True,13858.14,True
2022-06-10,tense,USEC_MUN,True,heavies_value_1.5,heavies,True,12277.08,True
2022-06-17,zorba,JEA_NSA,True,heavies_value_1.5,heavies,True,3091.25,False
2022-06-17,zorba,USEC_MUN,True,heavies_value_1.5,heavies,True,1311.61,False
2022-06-17,taint_tabor,JEA_NSA,True,heavies_value_1.5,heavies,True,-5948.49,False
2022-06-17,taint_tabor,USEC_MUN,True,heavies_value_1.5,heavies,True,-7203.54,False
2022-06-17,tense,JEA_NSA,True,heavies_value_1.5,heavies,True,8368.5,True
2022-06-17,tense,USEC_MUN,True,heavies_value_1.5,heavies,True,6789.09,True
2022-06-24,zorba,JEA_NSA,True,heavies_value_1.5,heavies,True,3059.23,False
2022-06-24,zorba,USEC_MUN,True,heavies_value_1.5,heavies,True,1294.3,False
2022-06-24,taint_tabor,JEA_NSA,True,heavies_value_1.5,heavies,True,-5811.86,False
2022-06-24,taint_tabor,USEC_MUN,True,heavies_value_1.5,heavies,True,-7052.43,False
2022-06-24,tense,JEA_NSA,True,heavies_value_1.5,heavies,True,8266.27,True
2022-06-24,tense,USEC_MUN,True,heavies_value_1.5,heavies,True,6699.42,True
2022-07-01,zorba,JEA_NSA,True,heavies_value_1.5,heavies,True,2818.91,False
2022-07-01,zorba,USEC_MUN,True,heavies_value_1.5,heavies,True,1186.58,False
2022-07-01,taint_tabor,JEA_NSA,True,heavies_value_1.5,heavies,True,-5947.17,False
2022-07-01,taint_tabor,USEC_MUN,True,heavies_value_1.5,heavies,True,-7050.52,False
2022-07-01,tense,JEA_NSA,True,heavies_value_1.5,heavies,True,7977.8,True
2022-07-01,tense,USEC_MUN,True,heavies_value_1.5,heavies,True,6549.51,True
2022-07-08,zorba,JEA_NSA,True,heavies_value_1.5,heavies,True,2490.38,False
2022-07-08,zorba,USEC_MUN,True,heavies_value_1.5,heavies,True,849.33,False
2022-07-08,taint_tabor,JEA_NSA,True,heavies_value_1.5,heavies,True,-6346.68,False
2022-07-08,taint_tabor,USEC_MUN,True,heavies_value_1.5,heavies,True,-7458.36,False
2022-07-08,tense,JEA_NSA,True,heavies_value_1.5,heavies,True,7699.58,True
2022-07-08,tense,USEC_MUN,True,heavies_value_1.5,heavies,True,6263.82,True
2022-07-15,zorba,JEA_NSA,True,heavies_value_1.5,heavies,True,1336.53,False
2022-07-15,zorba,USEC_MUN,True,heavies_value_1.5,heavies,True,-305.23,False
2022-07-15,taint_tabor,JEA_NSA,True,heavies_value_1.5,heavies,True,-7317.49,False
2022-07-15,taint_tabor,USEC_MUN,True,heavies_value_1.5,heavies,True,-8430.39,False
2022-07-15,tense,JEA_NSA,True,heavies_value_1.5,heavies,True,6367.66,True
2022-07-15,tense,USEC_MUN,True,heavies_value_1.5,heavies,True,4928.55,False
2022-07-22,zorba,JEA_NSA,True,heavies_value_1.5,heavies,True,6630.38,True
2022-07-22,zorba,USEC_MUN,True,heavies_value_1.5,heavies,True,4987.67,False
2022-07-22,taint_tabor,JEA_NSA,True,heavies_value_1.5,heavies,True,-2370.73,False
2022-07-22,taint_tabor,USEC_MUN,True,heavies_value_1.5,heavies,True,-3482.73,False
2022-07-22,tense,JEA_NSA,True,heavies_value_1.5,heavies,True,12059.2,True
2022-07-22,tense,USEC_MUN,True,heavies_value_1.5,heavies,True,10626.69,True
2022-07-29,zorba,JEA_NSA,True,heavies_value_1.5,heavies,True,9832.14,True
2022-07-29,zorba,USEC_MUN,True,heavies_value_1.5,heavies,True,8228.48,True
2022-07-29,taint_tabor,JEA_NSA,True,heavies_value_1.5,heavies,True,972.04,False
2022-07-29,taint_tabor,USEC_MUN,True,heavies_value_1.5,heavies,True,-101.5,False
2022-07-29,tense,JEA_NSA,True,heavies_value_1.5,heavies,True,15205.9,True
2022-07-29,tense,USEC_MUN,True,heavies_value_1.5,heavies,True,13810.54,True
2022-08-05,zorba,JEA_NSA,True,heavies_value_1.5,heavies,True,12975.59,True
2022-08-05,zorba,USEC_MUN,True,heavies_value_1.5,heavies,True,11365.81,True
2022-08-05,taint_tabor,JEA_NSA,True,heavies_value_1.5,heavies,True,4123.06,False
2022-08-05,taint_tabor,USEC_MUN,True,heavies_value_1.5,heavies,True,3042.17,False
2022-08-05,tense,JEA_NSA,True,heavies_value_1.5,heavies,True,18357.9,True
2022-08-05,tense,USEC_MUN,True,heavies_value_1.5,heavies,True,16954.46,True
2022-08-12,zorba,JEA_NSA,True,heavies_value_1.5,heavies,True,16077.67,True
2022-08-12,zorba,USEC_MUN,True,heavies_value_1.5,heavies,True,14484.05,True
2022-08-12,taint_tabor,JEA_NSA,True,heavies_value_1.5,heavies,True,7076.71,True
2022-08-12,taint_tabor,USEC_MUN,True,heavies_value_1.5,heavies,True,6012.68,True
2022-08-12,tense,JEA_NSA,True,heavies_value_1.5,heavies,True,21537.83,True
2022-08-12,tense,USEC_MUN,True,heavies_value_1.5,heavies,True,20152.85,True
2022-08-19,zorba,JEA_NSA,True,heavies_value_1.5,heavies,True,13776.73,True
2022-08-19,zorba,USEC_MUN,True,heavies_value_1.5,heavies,True,12169.63,True
2022-08-19,taint_tabor,JEA_NSA,True,heavies_value_1.5,heavies,True,5049.12,True
2022-08-19,taint_tabor,USEC_MUN,True,heavies_value_1.5,heavies,True,3970.55,False
2022-08-19,tense,JEA_NSA,True,heavies_value_1.5,heavies,True,18992.04,True
2022-08-19,tense,USEC_MUN,True,heavies_value_1.5,heavies,True,17590.26,True
2022-08-26,zorba,JEA_NSA,True,heavies_value_1.5,heavies,True,11940.05,True
2022-08-26,zorba,USEC_MUN,True,heavies_value_1.5,heavies,True,10272.42,True
2022-08-26,taint_tabor,JEA_NSA,True,heavies_value_1.5,heavies,True,2869.02,False
2022-08-26,taint_tabor,USEC_MUN,True,heavies_value_1.5,heavies,True,1731.42,False
2022-08-26,tense,JEA_NSA,True,heavies_value_1.5,heavies,True,17470.86,True
2022-08-26,tense,USEC_MUN,True,heavies_value_1.5,heavies,True,16015.19,True
2022-09-02,zorba,JEA_NSA,True,heavies_value_1.5,heavies,True,6699.22,True
2022-09-02,zorba,USEC_MUN,True,heavies_value_1.5,heavies,True,5098.4,True
2022-09-02,taint_tabor,JEA_NSA,True,heavies_value_1.5,heavies,True,-1765.52,False
2022-09-02,taint_tabor,USEC_MUN,True,heavies_value_1.5,heavies,True,-2836.89,False
2022-09-02,tense,JEA_NSA,True,heavies_value_1.5,heavies,True,11769.86,True
2022-09-02,tense,USEC_MUN,True,heavies_value_1.5,heavies,True,10373.07,True
2022-09-09,zorba,JEA_NSA,False,heavies_value_1.5,heavies,True,1503.55,False
2022-09-09,zorba,USEC_MUN,False,heavies_value_1.5,heavies,True,-130.46,False
2022-09-09,taint_tabor,JEA_NSA,False,heavies_value_1.5,heavies,True,-6956.11,False
2022-09-09,taint_tabor,USEC_MUN,False,heavies_value_1.5,heavies,True,-8061.3,False
2022-09-09,tense,JEA_NSA,False,heavies_value_1.5,heavies,True,6431.7,True
2022-09-09,tense,USEC_MUN,False,heavies_value_1.5,heavies,True,5000.16,True
2022-09-16,zorba,JEA_NSA,False,heavies_value_1.5,heavies,True,-1612.56,False
2022-09-16,zorba,USEC_MUN,False,heavies_value_1.5,heavies,True,-3266.71,False
2022-09-16,taint_tabor,JEA_NSA,False,heavies_value_1.5,heavies,True,-10014.14,False
2022-09-16,taint_tabor,USEC_MUN,False,heavies_value_1.5,heavies,True,-11139.62,False
2022-09-16,tense,JEA_NSA,False,heavies_value_1.5,heavies,True,3261.53,False
2022-09-16,tense,USEC_MUN,False,heavies_value_1.5,heavies,True,1808.77,False
2022-09-23,zorba,JEA_NSA,False,heavies_value_1.5,heavies,True,-3050.22,False
2022-09-23,zorba,USEC_MUN,False,heavies_value_1.5,heavies,True,-4688.65,False
2022-09-23,taint_tabor,JEA_NSA,False,heavies_value_1.5,heavies,True,-11303.59,False
2022-09-23,taint_tabor,USEC_MUN,False,heavies_value_1.5,heavies,True,-12413.66,False
2022-09-23,tense,JEA_NSA,False,heavies_value_1.5,heavies,True,1602.14,False
2022-09-23,tense,USEC_MUN,False,heavies_value_1.5,heavies,True,161.43,False
2022-09-30,zorba,JEA_NSA,False,heavies_value_1.5,heavies,True,-2814.04,False
2022-09-30,zorba,USEC_MUN,False,heavies_value_1.5,heavies,True,-4391.55,False
2022-09-30,taint_tabor,JEA_NSA,False,heavies_value_1.5,heavies,True,-11186.36,False
2022-09-30,taint_tabor,USEC_MUN,False,heavies_value_1.5,heavies,True,-12232.23,False
2022-09-30,tense,JEA_NSA,False,heavies_value_1.5,heavies,True,1935.57,False
2022-09-30,tense,USEC_MUN,False,heavies_value_1.5,heavies,True,562.21,False
2022-10-07,zorba,JEA_NSA,False,heavies_value_1.5,heavies,True,250.69,False
2022-10-07,zorba,USEC_MUN,False,heavies_value_1.5,heavies,True,-1397.98,False
2022-10-07,taint_tabor,JEA_NSA,False,heavies_value_1.5,heavies,True,-8610.31,False
2022-10-07,taint_tabor,USEC_MUN,False,heavies_value_1.5,heavies,True,-9725.42,False
2022-10-07,tense,JEA_NSA,False,heavies_value_1.5,heavies,True,5573.04,True
2022-10-07,tense,USEC_MUN,False,heavies_value_1.5,heavies,True,4137.76,False
2022-10-14,zorba,JEA_NSA,False,heavies_value_1.5,heavies,True,471.93,False
2022-10-14,zorba,USEC_MUN,False,heavies_value_1.5,heavies,True,-1160.95,False
2022-10-14,taint_tabor,JEA_NSA,False,heavies_value_1.5,heavies,True,-8238.46,False
2022-10-14,taint_tabor,USEC_MUN,False,heavies_value_1.5,heavies,True,-9338.19,False
2022-10-14,tense,JEA_NSA,False,heavies_value_1.5,heavies,True,5711.25,True
2022-10-14,tense,USEC_MUN,False,heavies_value_1.5,heavies,True,4289.45,False
2022-10-21,zorba,JEA_NSA,False,heavies_value_1.5,heavies,True,-2716.58,False
2022-10-21,zorba,USEC_MUN,False,heavies_value_1.5,heavies,True,-4364.23,False
2022-10-21,taint_tabor,JEA_NSA,False,heavies_value_1.5,heavies,True,-11149.0,False
2022-10-21,taint_tabor,USEC_MUN,False,heavies_value_1.5,heavies,True,-12265.16,False
2022-10-21,tense,JEA_NSA,False,heavies_value_1.5,heavies,True,2090.24,False
2022-10-21,tense,USEC_MUN,False,heavies_value_1.5,heavies,True,648.31,False
2022-10-28,zorba,JEA_NSA,False,heavies_value_1.5,heavies,True,-1727.39,False
2022-10-28,zorba,USEC_MUN,False,heavies_value_1.5,heavies,True,-3385.75,False
2022-10-28,taint_tabor,JEA_NSA,False,heavies_value_1.5,heavies,True,-10292.71,False
2022-10-28,taint_tabor,USEC_MUN,False,heavies_value_1.5,heavies,True,-11418.99,False
2022-10-28,tense,JEA_NSA,False,heavies_value_1.5,heavies,True,3241.93,False
2022-10-28,tense,USEC_MUN,False,heavies_value_1.5,heavies,True,1792.47,False
2022-01-07,zorba,JEA_NSA,False,goods_fx_spot,goods_fx,False,18940.42,True
2022-01-07,zorba,USEC_MUN,False,goods_fx_spot,goods_fx,False,17036.3,True
2022-01-07,taint_tabor,JEA_NSA,False,goods_fx_spot,goods_fx,False,16598.87,True
2022-01-07,taint_tabor,USEC_MUN,False,goods_fx_spot,goods_fx,False,15211.29,True
2022-01-07,tense,JEA_NSA,False,goods_fx_spot,goods_fx,False,32563.88,True
2022-01-07,tense,USEC_MUN,False,goods_fx_spot,goods_fx,False,30855.62,True
2022-01-14,zorba,JEA_NSA,False,goods_fx_spot,goods_fx,False,23666.59,True
2022-01-14,zorba,USEC_MUN,False,goods_fx_spot,goods_fx,False,21781.4,True
2022-01-14,taint_tabor,JEA_NSA,False,goods_fx_spot,goods_fx,False,21328.48,True
2022-01-14,taint_tabor,USEC_MUN,False,goods_fx_spot,goods_fx,False,19960.14,True
2022-01-14,tense,JEA_NSA,False,goods_fx_spot,goods_fx,False,37540.38,True
2022-01-14,tense,USEC_MUN,False,goods_fx_spot,goods_fx,False,35853.07,True
2022-01-21,zorba,JEA_NSA,False,goods_fx_spot,goods_fx,False,26625.17,True
2022-01-21,zorba,USEC_MUN,False,goods_fx_spot,goods_fx,False,24720.94,True
2022-01-21,taint_tabor,JEA_NSA,False,goods_fx_spot,goods_fx,False,24300.25,True
2022-01-21,taint_tabor,USEC_MUN,False,goods_fx_spot,goods_fx,False,22913.73,True
2022-01-21,tense,JEA_NSA,False,goods_fx_spot,goods_fx,False,41023.42,True
2022-01-21,tense,USEC_MUN,False,goods_fx_spot,goods_fx,False,39321.24,True
2022-01-28,zorba,JEA_NSA,False,goods_fx_spot,goods_fx,False,27458.55,True
2022-01-28,zorba,USEC_MUN,False,goods_fx_spot,goods_fx,False,25539.15,True
2022-01-28,taint_tabor,JEA_NSA,False,goods_fx_spot,goods_fx,False,25122.93,True
2022-01-28,taint_tabor,USEC_MUN,False,goods_fx_spot,goods_fx,False,23721.98,True
2022-01-28,tense,JEA_NSA,False,goods_fx_spot,goods_fx,False,42137.23,True
2022-01-28,tense,USEC_MUN,False,goods_fx_spot,goods_fx,False,40422.32,True
2022-02-04,zorba,JEA_NSA,False,goods_fx_spot,goods_fx,False,27018.7,True
2022-02-04,zorba,USEC_MUN,False,goods_fx_spot,goods_fx,False,25200.03,True
2022-02-04,taint_tabor,JEA_NSA,False,goods_fx_spot,goods_fx,False,24707.86,True
2022-02-04,taint_tabor,USEC_MUN,False,goods_fx_spot,goods_fx,False,23410.6,True
2022-02-04,tense,JEA_NSA,False,goods_fx_spot,goods_fx,False,41536.84,True
2022-02-04,tense,USEC_MUN,False,goods_fx_spot,goods_fx,False,39926.53,True
2022-02-11,zorba,JEA_NSA,False,goods_fx_spot,goods_fx,False,28506.62,True
2022-02-11,zorba,USEC_MUN,False,goods_fx_spot,goods_fx,False,26649.75,True
2022-02-11,taint_tabor,JEA_NSA,False,goods_fx_spot,goods_fx,False,26131.27,True
2022-02-11,taint_tabor,USEC_MUN,False,goods_fx_spot,goods_fx,False,24797.15,True
2022-02-11,tense,JEA_NSA,False,goods_fx_spot,goods_fx,False,43697.47,True
2022-02-11,tense,USEC_MUN,False,goods_fx_spot,goods_fx,False,42055.28,True
2022-02-18,zorba,JEA_NSA,False,goods_fx_spot,goods_fx,False,32895.62,True
2022-02-18,zorba,USEC_MUN,False,goods_fx_spot,goods_fx,False,31043.03,True
2022-02-18,taint_tabor,JEA_NSA,False,goods_fx_spot,goods_fx,False,30565.37,True
2022-02-18,taint_tabor,USEC_MUN,False,goods_fx_spot,goods_fx,False,29235.95,True
2022-02-18,tense,JEA_NSA,False,goods_fx_spot,goods_fx,False,48491.23,True
2022-02-18,tense,USEC_MUN,False,goods_fx_spot,goods_fx,False,46856.35,True
2022-02-25,zorba,JEA_NSA,False,goods_fx_spot,goods_fx,False,37923.92,True
2022-02-25,zorba,USEC_MUN,False,goods_fx_spot,goods_fx,False,36088.49,True
2022-02-25,taint_tabor,JEA_NSA,False,goods_fx_spot,goods_fx,False,35538.05,True
2022-02-25,taint_tabor,USEC_MUN,False,goods_fx_spot,goods_fx,False,34226.64,True
2022-02-25,tense,JEA_NSA,False,goods_fx_spot,goods_fx,False,53869.88,True
2022-02-25,tense,USEC_MUN,False,goods_fx_spot,goods_fx,False,52255.66,True
2022-03-04,zorba,JEA_NSA,True,goods_fx_spot,goods_fx,False,52515.94,True
2022-03-04,zorba,USEC_MUN,True,goods_fx_spot,goods_fx,False,50521.73,True
2022-03-04,taint_tabor,JEA_NSA,True,goods_fx_spot,goods_fx,False,49902.01,True
2022-03-04,taint_tabor,USEC_MUN,True,goods_fx_spot,goods_fx,False,48434.81,True
2022-03-04,tense,JEA_NSA,True,goods_fx_spot,goods_fx,False,71335.45,True
2022-03-04,tense,USEC_MUN,True,goods_fx_spot,goods_fx,False,69585.19,True
2022-03-11,zorba,JEA_NSA,True,goods_fx_spot,goods_fx,False,47105.68,True
2022-03-11,zorba,USEC_MUN,True,goods_fx_spot,goods_fx,False,45223.08,True
2022-03-11,taint_tabor,JEA_NSA,True,goods_fx_spot,goods_fx,False,44457.44,True
2022-03-11,taint_tabor,USEC_MUN,True,goods_fx_spot,goods_fx,False,43098.95,True
2022-03-11,tense,JEA_NSA,True,goods_fx_spot,goods_fx,False,64021.68,True
2022-03-11,tense,USEC_MUN,True,goods_fx_spot,goods_fx,False,62367.6,True
2022-03-18,zorba,JEA_NSA,True,goods_fx_spot,goods_fx,False,46304.62,True
2022-03-18,zorba,USEC_MUN,True,goods_fx_spot,goods_fx,False,44460.66,True
2022-03-18,taint_tabor,JEA_NSA,True,goods_fx_spot,goods_fx,False,43718.63,True
2022-03-18,taint_tabor,USEC_MUN,True,goods_fx_spot,goods_fx,False,42397.78,True
2022-03-18,tense,JEA_NSA,True,goods_fx_spot,goods_fx,False,62658.4,True
2022-03-18,tense,USEC_MUN,True,goods_fx_spot,goods_fx,False,61037.77,True
2022-03-25,zorba,JEA_NSA,True,goods_fx_spot,goods_fx,False,46848.63,True
2022-03-25,zorba,USEC_MUN,True,goods_fx_spot,goods_fx,False,44925.34,True
2022-03-25,taint_tabor,JEA_NSA,True,goods_fx_spot,goods_fx,False,44208.63,True
2022-03-25,taint_tabor,USEC_MUN,True,goods_fx_spot,goods_fx,False,42810.11,True
2022-03-25,tense,JEA_NSA,True,goods_fx_spot,goods_fx,False,64245.58,True
2022-03-25,tense,USEC_MUN,True,goods_fx_spot,goods_fx,False,62554.77,True
2022-04-01,zorba,JEA_NSA,True,goods_fx_spot,goods_fx,False,41060.61,True
2022-04-01,zorba,USEC_MUN,True,goods_fx_spot,goods_fx,False,39236.81,True
2022-04-01,taint_tabor,JEA_NSA,True,goods_fx_spot,goods_fx,False,38461.18,True
2022-04-01,taint_tabor,USEC_MUN,True,goods_fx_spot,goods_fx,False,37165.18,True
2022-04-01,tense,JEA_NSA,True,goods_fx_spot,goods_fx,False,57937.53,True
2022-04-01,tense,USEC_MUN,True,goods_fx_spot,goods_fx,False,56347.86,True
2022-04-08,zorba,JEA_NSA,True,goods_fx_spot,goods_fx,False,34782.28,True
2022-04-08,zorba,USEC_MUN,True,goods_fx_spot,goods_fx,False,32942.61,True
2022-04-08,taint_tabor,JEA_NSA,True,goods_fx_spot,goods_fx,False,32177.81,True
2022-04-08,taint_tabor,USEC_MUN,True,goods_fx_spot,goods_fx,False,30865.04,True
2022-04-08,tense,JEA_NSA,True,goods_fx_spot,goods_fx,False,51174.51,True
2022-04-08,tense,USEC_MUN,True,goods_fx_spot,goods_fx,False,49564.85,True
2022-04-15,zorba,JEA_NSA,True,goods_fx_spot,goods_fx,False,29098.74,True
2022-04-15,zorba,USEC_MUN,True,goods_fx_spot,goods_fx,False,27268.64,True
2022-04-15,taint_tabor,JEA_NSA,True,goods_fx_spot,goods_fx,False,26545.31,True
2022-04-15,taint_tabor,USEC_MUN,True,goods_fx_spot,goods_fx,False,25240.92,True
2022-04-15,tense,JEA_NSA,True,goods_fx_spot,goods_fx,False,44729.12,True
2022-04-15,tense,USEC_MUN,True,goods_fx_spot,goods_fx,False,43122.06,True
2022-04-22,zorba,JEA_NSA,True,goods_fx_spot,goods_fx,False,25848.53,True
2022-04-22,zorba,USEC_MUN,True,goods_fx_spot,goods_fx,False,23968.25,True
2022-04-22,taint_tabor,JEA_NSA,True,goods_fx_spot,goods_fx,False,23314.0,True
2022-04-22,taint_tabor,USEC_MUN,True,goods_fx_spot,goods_fx,False,21959.76,True
2022-04-22,tense,JEA_NSA,True,goods_fx_spot,goods_fx,False,41561.9,True
2022-04-22,tense,USEC_MUN,True,goods_fx_spot,goods_fx,False,39906.42,True
2022-04-29,zorba,JEA_NSA,True,goods_fx_spot,goods_fx,False,20233.66,True
2022-04-29,zorba,USEC_MUN,True,goods_fx_spot,goods_fx,False,18386.9,True
2022-04-29,taint_tabor,JEA_NSA,True,goods_fx_spot,goods_fx,False,17812.02,True
2022-04-29,taint_tabor,USEC_MUN,True,goods_fx_spot,goods_fx,False,16489.51,True
2022-04-29,tense,JEA_NSA,True,goods_fx_spot,goods_fx,False,34873.59,True
2022-04-29,tense,USEC_MUN,True,goods_fx_spot,goods_fx,False,33241.35,True
2022-05-06,zorba,JEA_NSA,True,goods_fx_spot,goods_fx,False,13418.98,True
2022-05-06,zorba,USEC_MUN,True,goods_fx_spot,goods_fx,False,11675.04,True
2022-05-06,taint_tabor,JEA_NSA,True,goods_fx_spot,goods_fx,False,11000.71,True
2022-05-06,taint_tabor,USEC_MUN,True,goods_fx_spot,goods_fx,False,9782.83,True
2022-05-06,tense,JEA_NSA,True,goods_fx_spot,goods_fx,False,27133.4,True
2022-05-06,tense,USEC_MUN,True,goods_fx_spot,goods_fx,False,25601.2,True
2022-05-13,zorba,JEA_NSA,True,goods_fx_spot,goods_fx,False,9805.11,True
2022-05-13,zorba,USEC_MUN,True,goods_fx_spot,goods_fx,False,8065.9,True
2022-05-13,taint_tabor,JEA_NSA,True,goods_fx_spot,goods_fx,False,7447.96,True
2022-05-13,taint_tabor,USEC_MUN,True,goods_fx_spot,goods_fx,False,6234.14,True
2022-05-13,tense,JEA_NSA,True,goods_fx_spot,goods_fx,False,23023.15,True
2022-05-13,tense,USEC_MUN,True,goods_fx_spot,goods_fx,False,21490.74,True
2022-05-20,zorba,JEA_NSA,True,goods_fx_spot,goods_fx,False,10764.21,True
2022-05-20,zorba,USEC_MUN,True,goods_fx_spot,goods_fx,False,8939.29,True
2022-05-20,taint_tabor,JEA_NSA,True,goods_fx_spot,goods_fx,False,8381.83,True
2022-05-20,taint_tabor,USEC_MUN,True,goods_fx_spot,goods_fx,False,7084.64,True
2022-05-20,tense,JEA_NSA,True,goods_fx_spot,goods_fx,False,25096.53,True
2022-05-20,tense,USEC_MUN,True,goods_fx_spot,goods_fx,False,23489.84,True
2022-05-27,zorba,JEA_NSA,True,goods_fx_spot,goods_fx,False,5816.04,True
2022-05-27,zorba,USEC_MUN,True,goods_fx_spot,goods_fx,False,3990.91,False
2022-05-27,taint_tabor,JEA_NSA,True,goods_fx_spot,goods_fx,False,3411.34,False
2022-05-27,taint_tabor,USEC_MUN,True,goods_fx_spot,goods_fx,False,2112.74,False
2022-05-27,tense,JEA_NSA,True,goods_fx_spot,goods_fx,False,19569.89,True
2022-05-27,tense,USEC_MUN,True,goods_fx_spot,goods_fx,False,17957.92,True
2022-06-03,zorba,JEA_NSA,True,goods_fx_spot,goods_fx,False,3361.48,False
2022-06-03,zorba,USEC_MUN,True,goods_fx_spot,goods_fx,False,1515.64,False
2022-06-03,taint_tabor,JEA_NSA,True,goods_fx_spot,goods_fx,False,1016.94,False
2022-06-03,taint_tabor,USEC_MUN,True,goods_fx_spot,goods_fx,False,-305.13,False
2022-06-03,tense,JEA_NSA,True,goods_fx_spot,goods_fx,False,16505.87,True
2022-06-03,tense,USEC_MUN,True,goods_fx_spot,goods_fx,False,14864.59,True
2022-06-10,zorba,JEA_NSA,True,goods_fx_spot,goods_fx,False,1239.5,False
2022-06-10,zorba,USEC_MUN,True,goods_fx_spot,goods_fx,False,-545.94,False
2022-06-10,taint_tabor,JEA_NSA,True,goods_fx_spot,goods_fx,False,-1071.84,False
2022-06-10,taint_tabor,USEC_MUN,True,goods_fx_spot,goods_fx,False,-2330.48,False
2022-06-10,tense,JEA_NSA,True,goods_fx_spot,goods_fx,False,14380.83,True
2022-06-10,tense,USEC_MUN,True,goods_fx_spot,goods_fx,False,12804.31,True
2022-06-17,zorba,JEA_NSA,True,goods_fx_spot,goods_fx,False,-3192.46,False
2022-06-17,zorba,USEC_MUN,True,goods_fx_spot,goods_fx,False,-4967.8,False
2022-06-17,taint_tabor,JEA_NSA,True,goods_fx_spot,goods_fx,False,-5463.41,False
2022-06-17,taint_tabor,USEC_MUN,True,goods_fx_spot,goods_fx,False,-6714.16,False
2022-06-17,tense,JEA_NSA,True,goods_fx_spot,goods_fx,False,8824.93,True
2022-06-17,tense,USEC_MUN,True,goods_fx_spot,goods_fx,False,7249.56,True
2022-06-24,zorba,JEA_NSA,True,goods_fx_spot,goods_fx,False,-3122.05,False
2022-06-24,zorba,USEC_MUN,True,goods_fx_spot,goods_fx,False,-4882.84,False
2022-06-24,taint_tabor,JEA_NSA,True,goods_fx_spot,goods_fx,False,-5345.06,False
2022-06-24,taint_tabor,USEC_MUN,True,goods_fx_spot,goods_fx,False,-6581.5,False
2022-06-24,tense,JEA_NSA,True,goods_fx_spot,goods_fx,False,8705.57,True
2022-06-24,tense,USEC_MUN,True,goods_fx_spot,goods_fx,False,7142.61,True
2022-07-01,zorba,JEA_NSA,True,goods_fx_spot,goods_fx,False,-3250.6,False
2022-07-01,zorba,USEC_MUN,True,goods_fx_spot,goods_fx,False,-4878.49,False
2022-07-01,taint_tabor,JEA_NSA,True,goods_fx_spot,goods_fx,False,-5445.67,False
2022-07-01,taint_tabor,USEC_MUN,True,goods_fx_spot,goods_fx,False,-6544.58,False
2022-07-01,tense,JEA_NSA,True,goods_fx_spot,goods_fx,False,8449.83,True
2022-07-01,tense,USEC_MUN,True,goods_fx_spot,goods_fx,False,7025.71,True
2022-07-08,zorba,JEA_NSA,True,goods_fx_spot,goods_fx,False,-3667.96,False
2022-07-08,zorba,USEC_MUN,True,goods_fx_spot,goods_fx,False,-5304.85,False
2022-07-08,taint_tabor,JEA_NSA,True,goods_fx_spot,goods_fx,False,-5875.91,False
2022-07-08,taint_tabor,USEC_MUN,True,goods_fx_spot,goods_fx,False,-6983.42,False
2022-07-08,tense,JEA_NSA,True,goods_fx_spot,goods_fx,False,8142.75,True
2022-07-08,tense,USEC_MUN,True,goods_fx_spot,goods_fx,False,6710.91,True
2022-07-15,zorba,JEA_NSA,True,goods_fx_spot,goods_fx,False,-4718.39,False
2022-07-15,zorba,USEC_MUN,True,goods_fx_spot,goods_fx,False,-6356.51,False
2022-07-15,taint_tabor,JEA_NSA,True,goods_fx_spot,goods_fx,False,-6909.57,False
2022-07-15,taint_tabor,USEC_MUN,True,goods_fx_spot,goods_fx,False,-8018.83,False
2022-07-15,tense,JEA_NSA,True,goods_fx_spot,goods_fx,False,6751.72,True
2022-07-15,tense,USEC_MUN,True,goods_fx_spot,goods_fx,False,5316.04,True
2022-07-22,zorba,JEA_NSA,True,goods_fx_spot,goods_fx,False,233.14,False
2022-07-22,zorba,USEC_MUN,True,goods_fx_spot,goods_fx,False,-1405.96,False
2022-07-22,taint_tabor,JEA_NSA,True,goods_fx_spot,goods_fx,False,-1967.15,False
2022-07-22,taint_tabor,USEC_MUN,True,goods_fx_spot,goods_fx,False,-3075.54,False
2022-07-22,tense,JEA_NSA,True,goods_fx_spot,goods_fx,False,12438.77,True
2022-07-22,tense,USEC_MUN,True,goods_fx_spot,goods_fx,False,11009.66,True
2022-07-29,zorba,JEA_NSA,True,goods_fx_spot,goods_fx,False,3532.47,False
2022-07-29,zorba,USEC_MUN,True,goods_fx_spot,goods_fx,False,1932.39,False
2022-07-29,taint_tabor,JEA_NSA,True,goods_fx_spot,goods_fx,False,1372.35,False
2022-07-29,taint_tabor,USEC_MUN,True,goods_fx_spot,goods_fx,False,302.4,False
2022-07-29,tense,JEA_NSA,True,goods_fx_spot,goods_fx,False,15581.97,True
2022-07-29,tense,USEC_MUN,True,goods_fx_spot,goods_fx,False,14189.97,True
2022-08-05,zorba,JEA_NSA,True,goods_fx_spot,goods_fx,False,6695.2,True
2022-08-05,zorba,USEC_MUN,True,goods_fx_spot,goods_fx,False,5089.17,True
2022-08-05,taint_tabor,JEA_NSA,True,goods_fx_spot,goods_fx,False,4541.59,False
2022-08-05,taint_tabor,USEC_MUN,True,goods_fx_spot,goods_fx,False,3464.43,False
2022-08-05,tense,JEA_NSA,True,goods_fx_spot,goods_fx,False,18750.62,True
2022-08-05,tense,USEC_MUN,True,goods_fx_spot,goods_fx,False,17350.69,True
2022-08-12,zorba,JEA_NSA,True,goods_fx_spot,goods_fx,False,9677.11,True
2022-08-12,zorba,USEC_MUN,True,goods_fx_spot,goods_fx,False,8087.17,True
2022-08-12,taint_tabor,JEA_NSA,True,goods_fx_spot,goods_fx,False,7488.09,True
2022-08-12,taint_tabor,USEC_MUN,True,goods_fx_spot,goods_fx,False,6427.74,True
2022-08-12,tense,JEA_NSA,True,goods_fx_spot,goods_fx,False,21923.39,True
2022-08-12,tense,USEC_MUN,True,goods_fx_spot,goods_fx,False,20541.85,True
2022-08-19,zorba,JEA_NSA,True,goods_fx_spot,goods_fx,False,7592.68,True
2022-08-19,zorba,USEC_MUN,True,goods_fx_spot,goods_fx,False,5989.08,True
2022-08-19,taint_tabor,JEA_NSA,True,goods_fx_spot,goods_fx,False,5433.51,True
2022-08-19,taint_tabor,USEC_MUN,True,goods_fx_spot,goods_fx,False,4358.45,False
2022-08-19,tense,JEA_NSA,True,goods_fx_spot,goods_fx,False,19352.42,True
2022-08-19,tense,USEC_MUN,True,goods_fx_spot,goods_fx,False,17953.92,True
2022-08-26,zorba,JEA_NSA,True,goods_fx_spot,goods_fx,False,5453.86,True
2022-08-26,zorba,USEC_MUN,True,goods_fx_spot,goods_fx,False,3789.79,False
2022-08-26,taint_tabor,JEA_NSA,True,goods_fx_spot,goods_fx,False,3259.42,False
2022-08-26,taint_tabor,USEC_MUN,True,goods_fx_spot,goods_fx,False,2125.38,False
2022-08-26,tense,JEA_NSA,True,goods_fx_spot,goods_fx,False,17837.41,True
2022-08-26,tense,USEC_MUN,True,goods_fx_spot,goods_fx,False,16385.09,True
2022-09-02,zorba,JEA_NSA,True,goods_fx_spot,goods_fx,False,699.02,False
2022-09-02,zorba,USEC_MUN,True,goods_fx_spot,goods_fx,False,-898.44,False
2022-09-02,taint_tabor,JEA_NSA,True,goods_fx_spot,goods_fx,False,-1398.07,False
2022-09-02,taint_tabor,USEC_MUN,True,goods_fx_spot,goods_fx,False,-2466.08,False
2022-09-02,tense,JEA_NSA,True,goods_fx_spot,goods_fx,False,12115.35,True
2022-09-02,tense,USEC_MUN,True,goods_fx_spot,goods_fx,False,10721.72,True
2022-09-09,zorba,JEA_NSA,False,goods_fx_spot,goods_fx,False,-4455.52,False
2022-09-09,zorba,USEC_MUN,False,goods_fx_spot,goods_fx,False,-6086.29,False
2022-09-09,taint_tabor,JEA_NSA,False,goods_fx_spot,goods_fx,False,-6600.74,False
2022-09-09,taint_tabor,USEC_MUN,False,goods_fx_spot,goods_fx,False,-7702.69,False
2022-09-09,tense,JEA_NSA,False,goods_fx_spot,goods_fx,False,6766.28,True
2022-09-09,tense,USEC_MUN,False,goods_fx_spot,goods_fx,False,5337.79,True
2022-09-16,zorba,JEA_NSA,False,goods_fx_spot,goods_fx,False,-7533.25,False
2022-09-16,zorba,USEC_MUN,False,goods_fx_spot,goods_fx,False,-9184.29,False
2022-09-16,taint_tabor,JEA_NSA,False,goods_fx_spot,goods_fx,False,-9672.13,False
2022-09-16,taint_tabor,USEC_MUN,False,goods_fx_spot,goods_fx,False,-10794.5,False
2022-09-16,tense,JEA_NSA,False,goods_fx_spot,goods_fx,False,3583.88,False
2022-09-16,tense,USEC_MUN,False,goods_fx_spot,goods_fx,False,2134.06,False
2022-09-23,zorba,JEA_NSA,False,goods_fx_spot,goods_fx,False,-8820.59,False
2022-09-23,zorba,USEC_MUN,False,goods_fx_spot,goods_fx,False,-10456.0,False
2022-09-23,taint_tabor,JEA_NSA,False,goods_fx_spot,goods_fx,False,-10973.05,False
2022-09-23,taint_tabor,USEC_MUN,False,goods_fx_spot,goods_fx,False,-12080.11,False
2022-09-23,tense,JEA_NSA,False,goods_fx_spot,goods_fx,False,1913.69,False
2022-09-23,tense,USEC_MUN,False,goods_fx_spot,goods_fx,False,475.81,False
2022-09-30,zorba,JEA_NSA,False,goods_fx_spot,goods_fx,False,-8629.11,False
2022-09-30,zorba,USEC_MUN,False,goods_fx_spot,goods_fx,False,-10203.08,False
2022-09-30,taint_tabor,JEA_NSA,False,goods_fx_spot,goods_fx,False,-10798.8,False
2022-09-30,taint_tabor,USEC_MUN,False,goods_fx_spot,goods_fx,False,-11841.14,False
2022-09-30,tense,JEA_NSA,False,goods_fx_spot,goods_fx,False,2300.85,False
2022-09-30,tense,USEC_MUN,False,goods_fx_spot,goods_fx,False,930.83,False
2022-10-07,zorba,JEA_NSA,False,goods_fx_spot,goods_fx,False,-6012.97,False
2022-10-07,zorba,USEC_MUN,False,goods_fx_spot,goods_fx,False,-7657.81,False
2022-10-07,taint_tabor,JEA_NSA,False,goods_fx_spot,goods_fx,False,-8192.22,False
2022-10-07,taint_tabor,USEC_MUN,False,goods_fx_spot,goods_fx,False,-9303.52,False
2022-10-07,tense,JEA_NSA,False,goods_fx_spot,goods_fx,False,5967.1,True
2022-10-07,tense,USEC_MUN,False,goods_fx_spot,goods_fx,False,4535.41,False
2022-10-14,zorba,JEA_NSA,False,goods_fx_spot,goods_fx,False,-5733.98,False
2022-10-14,zorba,USEC_MUN,False,goods_fx_spot,goods_fx,False,-7363.56,False
2022-10-14,taint_tabor,JEA_NSA,False,goods_fx_spot,goods_fx,False,-7877.03,False
2022-10-14,taint_tabor,USEC_MUN,False,goods_fx_spot,goods_fx,False,-8973.46,False
2022-10-14,tense,JEA_NSA,False,goods_fx_spot,goods_fx,False,6051.91,True
2022-10-14,tense,USEC_MUN,False,goods_fx_spot,goods_fx,False,4633.21,False
2022-10-21,zorba,JEA_NSA,False,goods_fx_spot,goods_fx,False,-8662.34,False
2022-10-21,zorba,USEC_MUN,False,goods_fx_spot,goods_fx,False,-10307.1,False
2022-10-21,taint_tabor,JEA_NSA,False,goods_fx_spot,goods_fx,False,-10839.68,False
2022-10-21,taint_tabor,USEC_MUN,False,goods_fx_spot,goods_fx,False,-11952.95,False
2022-10-21,tense,JEA_NSA,False,goods_fx_spot,goods_fx,False,2381.78,False
2022-10-21,tense,USEC_MUN,False,goods_fx_spot,goods_fx,False,942.57,False
2022-10-28,zorba,JEA_NSA,False,goods_fx_spot,goods_fx,False,-7812.88,False
2022-10-28,zorba,USEC_MUN,False,goods_fx_spot,goods_fx,False,-9468.4,False
2022-10-28,taint_tabor,JEA_NSA,False,goods_fx_spot,goods_fx,False,-9989.36,False
2022-10-28,taint_tabor,USEC_MUN,False,goods_fx_spot,goods_fx,False,-11112.81,False
2022-10-28,tense,JEA_NSA,False,goods_fx_spot,goods_fx,False,3527.84,False
2022-10-28,tense,USEC_MUN,False,goods_fx_spot,goods_fx,False,2081.05,False
2022-01-07,zorba,JEA_NSA,False,pit_mix_and_conv18k,informational,False,17355.85,True
2022-01-07,zorba,USEC_MUN,False,pit_mix_and_conv18k,informational,False,15482.33,True
2022-01-07,taint_tabor,JEA_NSA,False,pit_mix_and_conv18k,informational,False,14824.5,True
2022-01-07,taint_tabor,USEC_MUN,False,pit_mix_and_conv18k,informational,False,13467.52,True
2022-01-07,tense,JEA_NSA,False,pit_mix_and_conv18k,informational,False,30705.53,True
2022-01-07,tense,USEC_MUN,False,pit_mix_and_conv18k,informational,False,29028.16,True
2022-01-14,zorba,JEA_NSA,False,pit_mix_and_conv18k,informational,False,20114.96,True
2022-01-14,zorba,USEC_MUN,False,pit_mix_and_conv18k,informational,False,18243.68,True
2022-01-14,taint_tabor,JEA_NSA,False,pit_mix_and_conv18k,informational,False,17587.05,True
2022-01-14,taint_tabor,USEC_MUN,False,pit_mix_and_conv18k,informational,False,16232.62,True
2022-01-14,tense,JEA_NSA,False,pit_mix_and_conv18k,informational,False,33715.17,True
2022-01-14,tense,USEC_MUN,False,pit_mix_and_conv18k,informational,False,32042.05,True
2022-01-21,zorba,JEA_NSA,False,pit_mix_and_conv18k,informational,False,18547.15,True
2022-01-21,zorba,USEC_MUN,False,pit_mix_and_conv18k,informational,False,16618.43,True
2022-01-21,taint_tabor,JEA_NSA,False,pit_mix_and_conv18k,informational,False,16032.42,True
2022-01-21,taint_tabor,USEC_MUN,False,pit_mix_and_conv18k,informational,False,14621.42,True
2022-01-21,tense,JEA_NSA,False,pit_mix_and_conv18k,informational,False,32672.42,True
2022-01-21,tense,USEC_MUN,False,pit_mix_and_conv18k,informational,False,30946.04,True
2022-01-28,zorba,JEA_NSA,False,pit_mix_and_conv18k,informational,False,14252.28,True
2022-01-28,zorba,USEC_MUN,False,pit_mix_and_conv18k,informational,False,12264.9,True
2022-01-28,taint_tabor,JEA_NSA,False,pit_mix_and_conv18k,informational,False,11726.86,True
2022-01-28,taint_tabor,USEC_MUN,False,pit_mix_and_conv18k,informational,False,10257.93,True
2022-01-28,tense,JEA_NSA,False,pit_mix_and_conv18k,informational,False,28658.37,True
2022-01-28,tense,USEC_MUN,False,pit_mix_and_conv18k,informational,False,26875.77,True
2022-02-04,zorba,JEA_NSA,False,pit_mix_and_conv18k,informational,False,8914.47,True
2022-02-04,zorba,USEC_MUN,False,pit_mix_and_conv18k,informational,False,6986.27,True
2022-02-04,taint_tabor,JEA_NSA,False,pit_mix_and_conv18k,informational,False,6413.82,True
2022-02-04,taint_tabor,USEC_MUN,False,pit_mix_and_conv18k,informational,False,5007.04,True
2022-02-04,tense,JEA_NSA,False,pit_mix_and_conv18k,informational,False,23157.38,True
2022-02-04,tense,USEC_MUN,False,pit_mix_and_conv18k,informational,False,21437.82,True
2022-02-11,zorba,JEA_NSA,False,pit_mix_and_conv18k,informational,False,4606.84,False
2022-02-11,zorba,USEC_MUN,False,pit_mix_and_conv18k,informational,False,2591.28,False
2022-02-11,taint_tabor,JEA_NSA,False,pit_mix_and_conv18k,informational,False,2041.68,False
2022-02-11,taint_tabor,USEC_MUN,False,pit_mix_and_conv18k,informational,False,548.86,False
2022-02-11,tense,JEA_NSA,False,pit_mix_and_conv18k,informational,False,19522.46,True
2022-02-11,tense,USEC_MUN,False,pit_mix_and_conv18k,informational,False,17721.84,True
2022-02-18,zorba,JEA_NSA,False,pit_mix_and_conv18k,informational,False,4268.73,False
2022-02-18,zorba,USEC_MUN,False,pit_mix_and_conv18k,informational,False,2217.36,False
2022-02-18,taint_tabor,JEA_NSA,False,pit_mix_and_conv18k,informational,False,1748.68,False
2022-02-18,taint_tabor,USEC_MUN,False,pit_mix_and_conv18k,informational,False,220.47,False
2022-02-18,tense,JEA_NSA,False,pit_mix_and_conv18k,informational,False,19589.88,True
2022-02-18,tense,USEC_MUN,False,pit_mix_and_conv18k,informational,False,17756.48,True
2022-02-25,zorba,JEA_NSA,False,pit_mix_and_conv18k,informational,False,5563.34,True
2022-02-25,zorba,USEC_MUN,False,pit_mix_and_conv18k,informational,False,3497.44,False
2022-02-25,taint_tabor,JEA_NSA,False,pit_mix_and_conv18k,informational,False,2987.66,False
2022-02-25,taint_tabor,USEC_MUN,False,pit_mix_and_conv18k,informational,False,1445.79,False
2022-02-25,tense,JEA_NSA,False,pit_mix_and_conv18k,informational,False,21235.89,True
2022-02-25,tense,USEC_MUN,False,pit_mix_and_conv18k,informational,False,19391.48,True
2022-03-04,zorba,JEA_NSA,True,pit_mix_and_conv18k,informational,False,11753.69,True
2022-03-04,zorba,USEC_MUN,True,pit_mix_and_conv18k,informational,False,9457.74,True
2022-03-04,taint_tabor,JEA_NSA,True,pit_mix_and_conv18k,informational,False,8949.96,True
2022-03-04,taint_tabor,USEC_MUN,True,pit_mix_and_conv18k,informational,False,7181.01,True
2022-03-04,tense,JEA_NSA,True,pit_mix_and_conv18k,informational,False,30309.58,True
2022-03-04,tense,USEC_MUN,True,pit_mix_and_conv18k,informational,False,28257.95,True
2022-03-11,zorba,JEA_NSA,True,pit_mix_and_conv18k,informational,False,5894.69,True
2022-03-11,zorba,USEC_MUN,True,pit_mix_and_conv18k,informational,False,3706.55,False
2022-03-11,taint_tabor,JEA_NSA,True,pit_mix_and_conv18k,informational,False,3056.65,False
2022-03-11,taint_tabor,USEC_MUN,True,pit_mix_and_conv18k,informational,False,1392.6,False
2022-03-11,tense,JEA_NSA,True,pit_mix_and_conv18k,informational,False,22542.69,True
2022-03-11,tense,USEC_MUN,True,pit_mix_and_conv18k,informational,False,20583.39,True
2022-03-18,zorba,JEA_NSA,True,pit_mix_and_conv18k,informational,False,7799.3,True
2022-03-18,zorba,USEC_MUN,True,pit_mix_and_conv18k,informational,False,5672.75,True
2022-03-18,taint_tabor,JEA_NSA,True,pit_mix_and_conv18k,informational,False,5023.5,True
2022-03-18,taint_tabor,USEC_MUN,True,pit_mix_and_conv18k,informational,False,3420.07,False
2022-03-18,tense,JEA_NSA,True,pit_mix_and_conv18k,informational,False,23883.59,True
2022-03-18,tense,USEC_MUN,True,pit_mix_and_conv18k,informational,False,21980.69,True
2022-03-25,zorba,JEA_NSA,True,pit_mix_and_conv18k,informational,False,14906.22,True
2022-03-25,zorba,USEC_MUN,True,pit_mix_and_conv18k,informational,False,12756.0,True
2022-03-25,taint_tabor,JEA_NSA,True,pit_mix_and_conv18k,informational,False,12076.41,True
2022-03-25,taint_tabor,USEC_MUN,True,pit_mix_and_conv18k,informational,False,10450.97,True
2022-03-25,tense,JEA_NSA,True,pit_mix_and_conv18k,informational,False,32034.41,True
2022-03-25,tense,USEC_MUN,True,pit_mix_and_conv18k,informational,False,30117.0,True
2022-04-01,zorba,JEA_NSA,True,pit_mix_and_conv18k,informational,False,18063.89,True
2022-04-01,zorba,USEC_MUN,True,pit_mix_and_conv18k,informational,False,16089.05,True
2022-04-01,taint_tabor,JEA_NSA,True,pit_mix_and_conv18k,informational,False,15274.66,True
2022-04-01,taint_tabor,USEC_MUN,True,pit_mix_and_conv18k,informational,False,13827.62,True
2022-04-01,tense,JEA_NSA,True,pit_mix_and_conv18k,informational,False,34671.51,True
2022-04-01,tense,USEC_MUN,True,pit_mix_and_conv18k,informational,False,32931.12,True
2022-04-08,zorba,JEA_NSA,True,pit_mix_and_conv18k,informational,False,20244.86,True
2022-04-08,zorba,USEC_MUN,True,pit_mix_and_conv18k,informational,False,18325.91,True
2022-04-08,taint_tabor,JEA_NSA,True,pit_mix_and_conv18k,informational,False,17450.58,True
2022-04-08,taint_tabor,USEC_MUN,True,pit_mix_and_conv18k,informational,False,16058.53,True
2022-04-08,tense,JEA_NSA,True,pit_mix_and_conv18k,informational,False,36365.04,True
2022-04-08,tense,USEC_MUN,True,pit_mix_and_conv18k,informational,False,34676.41,True
2022-04-15,zorba,JEA_NSA,True,pit_mix_and_conv18k,informational,False,21548.94,True
2022-04-15,zorba,USEC_MUN,True,pit_mix_and_conv18k,informational,False,19698.84,True
2022-04-15,taint_tabor,JEA_NSA,True,pit_mix_and_conv18k,informational,False,18805.7,True
2022-04-15,taint_tabor,USEC_MUN,True,pit_mix_and_conv18k,informational,False,17481.32,True
2022-04-15,tense,JEA_NSA,True,pit_mix_and_conv18k,informational,False,36904.9,True
2022-04-15,tense,USEC_MUN,True,pit_mix_and_conv18k,informational,False,35278.11,True
2022-04-22,zorba,JEA_NSA,True,pit_mix_and_conv18k,informational,False,22609.36,True
2022-04-22,zorba,USEC_MUN,True,pit_mix_and_conv18k,informational,False,20745.81,True
2022-04-22,taint_tabor,JEA_NSA,True,pit_mix_and_conv18k,informational,False,19885.01,True
2022-04-22,taint_tabor,USEC_MUN,True,pit_mix_and_conv18k,informational,False,18547.51,True
2022-04-22,tense,JEA_NSA,True,pit_mix_and_conv18k,informational,False,38047.96,True
2022-04-22,tense,USEC_MUN,True,pit_mix_and_conv18k,informational,False,36409.49,True
2022-04-29,zorba,JEA_NSA,True,pit_mix_and_conv18k,informational,False,19867.21,True
2022-04-29,zorba,USEC_MUN,True,pit_mix_and_conv18k,informational,False,18061.81,True
2022-04-29,taint_tabor,JEA_NSA,True,pit_mix_and_conv18k,informational,False,17255.76,True
2022-04-29,taint_tabor,USEC_MUN,True,pit_mix_and_conv18k,informational,False,15974.61,True
2022-04-29,tense,JEA_NSA,True,pit_mix_and_conv18k,informational,False,34230.18,True
2022-04-29,tense,USEC_MUN,True,pit_mix_and_conv18k,informational,False,32639.55,True
2022-05-06,zorba,JEA_NSA,True,pit_mix_and_conv18k,informational,False,15515.36,True
2022-05-06,zorba,USEC_MUN,True,pit_mix_and_conv18k,informational,False,13833.87,True
2022-05-06,taint_tabor,JEA_NSA,True,pit_mix_and_conv18k,informational,False,12907.28,True
2022-05-06,taint_tabor,USEC_MUN,True,pit_mix_and_conv18k,informational,False,11751.87,True
2022-05-06,tense,JEA_NSA,True,pit_mix_and_conv18k,informational,False,28959.77,True
2022-05-06,tense,USEC_MUN,True,pit_mix_and_conv18k,informational,False,27490.35,True
2022-05-13,zorba,JEA_NSA,True,pit_mix_and_conv18k,informational,False,14411.39,True
2022-05-13,zorba,USEC_MUN,True,pit_mix_and_conv18k,informational,False,12756.17,True
2022-05-13,taint_tabor,JEA_NSA,True,pit_mix_and_conv18k,informational,False,11864.44,True
2022-05-13,taint_tabor,USEC_MUN,True,pit_mix_and_conv18k,informational,False,10734.61,True
2022-05-13,tense,JEA_NSA,True,pit_mix_and_conv18k,informational,False,27356.48,True
2022-05-13,tense,USEC_MUN,True,pit_mix_and_conv18k,informational,False,25908.34,True
2022-05-20,zorba,JEA_NSA,True,pit_mix_and_conv18k,informational,False,21283.44,True
2022-05-20,zorba,USEC_MUN,True,pit_mix_and_conv18k,informational,False,19594.57,True
2022-05-20,taint_tabor,JEA_NSA,True,pit_mix_and_conv18k,informational,False,18711.26,True
2022-05-20,taint_tabor,USEC_MUN,True,pit_mix_and_conv18k,informational,False,17550.12,True
2022-05-20,tense,JEA_NSA,True,pit_mix_and_conv18k,informational,False,35345.2,True
2022-05-20,tense,USEC_MUN,True,pit_mix_and_conv18k,informational,False,33874.87,True
2022-05-27,zorba,JEA_NSA,True,pit_mix_and_conv18k,informational,False,21791.03,True
2022-05-27,zorba,USEC_MUN,True,pit_mix_and_conv18k,informational,False,20149.17,True
2022-05-27,taint_tabor,JEA_NSA,True,pit_mix_and_conv18k,informational,False,19196.52,True
2022-05-27,taint_tabor,USEC_MUN,True,pit_mix_and_conv18k,informational,False,18081.2,True
2022-05-27,tense,JEA_NSA,True,pit_mix_and_conv18k,informational,False,35272.71,True
2022-05-27,tense,USEC_MUN,True,pit_mix_and_conv18k,informational,False,33844.32,True
2022-06-03,zorba,JEA_NSA,True,pit_mix_and_conv18k,informational,False,22549.56,True
2022-06-03,zorba,USEC_MUN,True,pit_mix_and_conv18k,informational,False,20914.82,True
2022-06-03,taint_tabor,JEA_NSA,True,pit_mix_and_conv18k,informational,False,20015.21,True
2022-06-03,taint_tabor,USEC_MUN,True,pit_mix_and_conv18k,informational,False,18904.25,True
2022-06-03,tense,JEA_NSA,True,pit_mix_and_conv18k,informational,False,35417.91,True
2022-06-03,tense,USEC_MUN,True,pit_mix_and_conv18k,informational,False,33988.01,True
2022-06-10,zorba,JEA_NSA,True,pit_mix_and_conv18k,informational,False,27593.67,True
2022-06-10,zorba,USEC_MUN,True,pit_mix_and_conv18k,informational,False,26081.38,True
2022-06-10,taint_tabor,JEA_NSA,True,pit_mix_and_conv18k,informational,False,25092.52,True
2022-06-10,taint_tabor,USEC_MUN,True,pit_mix_and_conv18k,informational,False,24107.04,True
2022-06-10,tense,JEA_NSA,True,pit_mix_and_conv18k,informational,False,40461.32,True
2022-06-10,tense,USEC_MUN,True,pit_mix_and_conv18k,informational,False,39158.24,True
2022-06-17,zorba,JEA_NSA,True,pit_mix_and_conv18k,informational,False,23897.09,True
2022-06-17,zorba,USEC_MUN,True,pit_mix_and_conv18k,informational,False,22406.96,True
2022-06-17,taint_tabor,JEA_NSA,True,pit_mix_and_conv18k,informational,False,21436.33,True
2022-06-17,taint_tabor,USEC_MUN,True,pit_mix_and_conv18k,informational,False,20470.79,True
2022-06-17,tense,JEA_NSA,True,pit_mix_and_conv18k,informational,False,35636.31,True
2022-06-17,tense,USEC_MUN,True,pit_mix_and_conv18k,informational,False,34346.4,True
2022-06-24,zorba,JEA_NSA,True,pit_mix_and_conv18k,informational,False,20916.89,True
2022-06-24,zorba,USEC_MUN,True,pit_mix_and_conv18k,informational,False,19414.36,True
2022-06-24,taint_tabor,JEA_NSA,True,pit_mix_and_conv18k,informational,False,18504.08,True
2022-06-24,taint_tabor,USEC_MUN,True,pit_mix_and_conv18k,informational,False,17525.9,True
2022-06-24,tense,JEA_NSA,True,pit_mix_and_conv18k,informational,False,32465.2,True
2022-06-24,tense,USEC_MUN,True,pit_mix_and_conv18k,informational,False,31160.74,True
2022-07-01,zorba,JEA_NSA,True,pit_mix_and_conv18k,informational,False,17957.31,True
2022-07-01,zorba,USEC_MUN,True,pit_mix_and_conv18k,informational,False,16562.67,True
2022-07-01,taint_tabor,JEA_NSA,True,pit_mix_and_conv18k,informational,False,15572.43,True
2022-07-01,taint_tabor,USEC_MUN,True,pit_mix_and_conv18k,informational,False,14706.78,True
2022-07-01,tense,JEA_NSA,True,pit_mix_and_conv18k,informational,False,29380.4,True
2022-07-01,tense,USEC_MUN,True,pit_mix_and_conv18k,informational,False,28189.79,True
2022-07-08,zorba,JEA_NSA,True,pit_mix_and_conv18k,informational,False,15337.09,True
2022-07-08,zorba,USEC_MUN,True,pit_mix_and_conv18k,informational,False,13913.99,True
2022-07-08,taint_tabor,JEA_NSA,True,pit_mix_and_conv18k,informational,False,12939.33,True
2022-07-08,taint_tabor,USEC_MUN,True,pit_mix_and_conv18k,informational,False,12045.61,True
2022-07-08,tense,JEA_NSA,True,pit_mix_and_conv18k,informational,False,26868.57,True
2022-07-08,tense,USEC_MUN,True,pit_mix_and_conv18k,informational,False,25650.77,True
2022-07-15,zorba,JEA_NSA,True,pit_mix_and_conv18k,informational,False,11311.19,True
2022-07-15,zorba,USEC_MUN,True,pit_mix_and_conv18k,informational,False,9862.44,True
2022-07-15,taint_tabor,JEA_NSA,True,pit_mix_and_conv18k,informational,False,8930.2,True
2022-07-15,taint_tabor,USEC_MUN,True,pit_mix_and_conv18k,informational,False,8010.31,True
2022-07-15,tense,JEA_NSA,True,pit_mix_and_conv18k,informational,False,22498.33,True
2022-07-15,tense,USEC_MUN,True,pit_mix_and_conv18k,informational,False,21252.24,True
2022-07-22,zorba,JEA_NSA,True,pit_mix_and_conv18k,informational,False,11753.76,True
2022-07-22,zorba,USEC_MUN,True,pit_mix_and_conv18k,informational,False,10263.79,True
2022-07-22,taint_tabor,JEA_NSA,True,pit_mix_and_conv18k,informational,False,9363.66,True
2022-07-22,taint_tabor,USEC_MUN,True,pit_mix_and_conv18k,informational,False,8404.4,True
2022-07-22,tense,JEA_NSA,True,pit_mix_and_conv18k,informational,False,23676.59,True
2022-07-22,tense,USEC_MUN,True,pit_mix_and_conv18k,informational,False,22396.81,True
2022-07-29,zorba,JEA_NSA,True,pit_mix_and_conv18k,informational,False,9238.79,True
2022-07-29,zorba,USEC_MUN,True,pit_mix_and_conv18k,informational,False,7735.95,True
2022-07-29,taint_tabor,JEA_NSA,True,pit_mix_and_conv18k,informational,False,6888.87,True
2022-07-29,taint_tabor,USEC_MUN,True,pit_mix_and_conv18k,informational,False,5916.16,True
2022-07-29,tense,JEA_NSA,True,pit_mix_and_conv18k,informational,False,21005.72,True
2022-07-29,tense,USEC_MUN,True,pit_mix_and_conv18k,informational,False,19711.18,True
2022-08-05,zorba,JEA_NSA,True,pit_mix_and_conv18k,informational,False,6813.87,True
2022-08-05,zorba,USEC_MUN,True,pit_mix_and_conv18k,informational,False,5255.22,True
2022-08-05,taint_tabor,JEA_NSA,True,pit_mix_and_conv18k,informational,False,4470.45,False
2022-08-05,taint_tabor,USEC_MUN,True,pit_mix_and_conv18k,informational,False,3440.68,False
2022-08-05,tense,JEA_NSA,True,pit_mix_and_conv18k,informational,False,18588.28,True
2022-08-05,tense,USEC_MUN,True,pit_mix_and_conv18k,informational,False,17235.97,True
2022-08-12,zorba,JEA_NSA,True,pit_mix_and_conv18k,informational,False,4238.65,False
2022-08-12,zorba,USEC_MUN,True,pit_mix_and_conv18k,informational,False,2646.52,False
2022-08-12,taint_tabor,JEA_NSA,True,pit_mix_and_conv18k,informational,False,1859.83,False
2022-08-12,taint_tabor,USEC_MUN,True,pit_mix_and_conv18k,informational,False,797.28,False
2022-08-12,tense,JEA_NSA,True,pit_mix_and_conv18k,informational,False,16203.95,True
2022-08-12,tense,USEC_MUN,True,pit_mix_and_conv18k,informational,False,14820.44,True
2022-08-19,zorba,JEA_NSA,True,pit_mix_and_conv18k,informational,False,730.83,False
2022-08-19,zorba,USEC_MUN,True,pit_mix_and_conv18k,informational,False,-887.96,False
2022-08-19,taint_tabor,JEA_NSA,True,pit_mix_and_conv18k,informational,False,-1618.15,False
2022-08-19,taint_tabor,USEC_MUN,True,pit_mix_and_conv18k,informational,False,-2708.4,False
2022-08-19,tense,JEA_NSA,True,pit_mix_and_conv18k,informational,False,12207.77,True
2022-08-19,tense,USEC_MUN,True,pit_mix_and_conv18k,informational,False,10794.29,True
2022-08-26,zorba,JEA_NSA,True,pit_mix_and_conv18k,informational,False,165.1,False
2022-08-26,zorba,USEC_MUN,True,pit_mix_and_conv18k,informational,False,-1499.86,False
2022-08-26,taint_tabor,JEA_NSA,True,pit_mix_and_conv18k,informational,False,-2219.14,False
2022-08-26,taint_tabor,USEC_MUN,True,pit_mix_and_conv18k,informational,False,-3354.07,False
2022-08-26,tense,JEA_NSA,True,pit_mix_and_conv18k,informational,False,12265.68,True
2022-08-26,tense,USEC_MUN,True,pit_mix_and_conv18k,informational,False,10812.69,True
2022-09-02,zorba,JEA_NSA,True,pit_mix_and_conv18k,informational,False,-3070.75,False
2022-09-02,zorba,USEC_MUN,True,pit_mix_and_conv18k,informational,False,-4655.28,False
2022-09-02,taint_tabor,JEA_NSA,True,pit_mix_and_conv18k,informational,False,-5357.65,False
2022-09-02,taint_tabor,USEC_MUN,True,pit_mix_and_conv18k,informational,False,-6412.72,False
2022-09-02,tense,JEA_NSA,True,pit_mix_and_conv18k,informational,False,8060.72,True
2022-09-02,tense,USEC_MUN,True,pit_mix_and_conv18k,informational,False,6680.23,True
2022-09-09,zorba,JEA_NSA,False,pit_mix_and_conv18k,informational,False,-6723.01,False
2022-09-09,zorba,USEC_MUN,False,pit_mix_and_conv18k,informational,False,-8327.18,False
2022-09-09,taint_tabor,JEA_NSA,False,pit_mix_and_conv18k,informational,False,-9058.04,False
2022-09-09,taint_tabor,USEC_MUN,False,pit_mix_and_conv18k,informational,False,-10133.38,False
2022-09-09,tense,JEA_NSA,False,pit_mix_and_conv18k,informational,False,4212.76,False
2022-09-09,tense,USEC_MUN,False,pit_mix_and_conv18k,informational,False,2811.07,False
2022-09-16,zorba,JEA_NSA,False,pit_mix_and_conv18k,informational,False,-8535.5,False
2022-09-16,zorba,USEC_MUN,False,pit_mix_and_conv18k,informational,False,-10148.41,False
2022-09-16,taint_tabor,JEA_NSA,False,pit_mix_and_conv18k,informational,False,-10864.18,False
2022-09-16,taint_tabor,USEC_MUN,False,pit_mix_and_conv18k,informational,False,-11948.43,False
2022-09-16,tense,JEA_NSA,False,pit_mix_and_conv18k,informational,False,2294.47,False
2022-09-16,tense,USEC_MUN,False,pit_mix_and_conv18k,informational,False,882.96,False
2022-09-23,zorba,JEA_NSA,False,pit_mix_and_conv18k,informational,False,-9930.66,False
2022-09-23,zorba,USEC_MUN,False,pit_mix_and_conv18k,informational,False,-11528.92,False
2022-09-23,taint_tabor,JEA_NSA,False,pit_mix_and_conv18k,informational,False,-12272.92,False
2022-09-23,taint_tabor,USEC_MUN,False,pit_mix_and_conv18k,informational,False,-13342.83,False
2022-09-23,tense,JEA_NSA,False,pit_mix_and_conv18k,informational,False,515.8,False
2022-09-23,tense,USEC_MUN,False,pit_mix_and_conv18k,informational,False,-884.75,False
2022-09-30,zorba,JEA_NSA,False,pit_mix_and_conv18k,informational,False,-9721.85,False
2022-09-30,zorba,USEC_MUN,False,pit_mix_and_conv18k,informational,False,-11258.52,False
2022-09-30,taint_tabor,JEA_NSA,False,pit_mix_and_conv18k,informational,False,-12081.34,False
2022-09-30,taint_tabor,USEC_MUN,False,pit_mix_and_conv18k,informational,False,-13086.38,False
2022-09-30,tense,JEA_NSA,False,pit_mix_and_conv18k,informational,False,923.57,False
2022-09-30,tense,USEC_MUN,False,pit_mix_and_conv18k,informational,False,-408.95,False
2022-10-07,zorba,JEA_NSA,False,pit_mix_and_conv18k,informational,False,-6786.2,False
2022-10-07,zorba,USEC_MUN,False,pit_mix_and_conv18k,informational,False,-8390.84,False
2022-10-07,taint_tabor,JEA_NSA,False,pit_mix_and_conv18k,informational,False,-9155.26,False
2022-10-07,taint_tabor,USEC_MUN,False,pit_mix_and_conv18k,informational,False,-10226.35,False
2022-10-07,tense,JEA_NSA,False,pit_mix_and_conv18k,informational,False,4911.08,False
2022-10-07,tense,USEC_MUN,False,pit_mix_and_conv18k,informational,False,3519.82,False
2022-10-14,zorba,JEA_NSA,False,pit_mix_and_conv18k,informational,False,-6534.75,False
2022-10-14,zorba,USEC_MUN,False,pit_mix_and_conv18k,informational,False,-8124.37,False
2022-10-14,taint_tabor,JEA_NSA,False,pit_mix_and_conv18k,informational,False,-8867.6,False
2022-10-14,taint_tabor,USEC_MUN,False,pit_mix_and_conv18k,informational,False,-9924.08,False
2022-10-14,tense,JEA_NSA,False,pit_mix_and_conv18k,informational,False,4965.1,False
2022-10-14,tense,USEC_MUN,False,pit_mix_and_conv18k,informational,False,3586.55,False
2022-10-21,zorba,JEA_NSA,False,pit_mix_and_conv18k,informational,False,-9636.5,False
2022-10-21,zorba,USEC_MUN,False,pit_mix_and_conv18k,informational,False,-11241.95,False
2022-10-21,taint_tabor,JEA_NSA,False,pit_mix_and_conv18k,informational,False,-12003.64,False
2022-10-21,taint_tabor,USEC_MUN,False,pit_mix_and_conv18k,informational,False,-13077.61,False
2022-10-21,tense,JEA_NSA,False,pit_mix_and_conv18k,informational,False,1118.58,False
2022-10-21,tense,USEC_MUN,False,pit_mix_and_conv18k,informational,False,-281.15,False
2022-10-28,zorba,JEA_NSA,False,pit_mix_and_conv18k,informational,False,-8684.59,False
2022-10-28,zorba,USEC_MUN,False,pit_mix_and_conv18k,informational,False,-10299.85,False
2022-10-28,taint_tabor,JEA_NSA,False,pit_mix_and_conv18k,informational,False,-11050.88,False
2022-10-28,taint_tabor,USEC_MUN,False,pit_mix_and_conv18k,informational,False,-12134.06,False
2022-10-28,tense,JEA_NSA,False,pit_mix_and_conv18k,informational,False,2366.75,False
2022-10-28,tense,USEC_MUN,False,pit_mix_and_conv18k,informational,False,960.39,False
2022-01-07,zorba,JEA_NSA,False,tt_spec_factor_plus,informational,False,18435.05,True
2022-01-07,zorba,USEC_MUN,False,tt_spec_factor_plus,informational,False,16526.64,True
2022-01-07,taint_tabor,JEA_NSA,False,tt_spec_factor_plus,informational,False,-6677.92,False
2022-01-07,taint_tabor,USEC_MUN,False,tt_spec_factor_plus,informational,False,-8262.96,False
2022-01-07,tense,JEA_NSA,False,tt_spec_factor_plus,informational,False,32091.55,True
2022-01-07,tense,USEC_MUN,False,tt_spec_factor_plus,informational,False,30379.28,True
2022-01-14,zorba,JEA_NSA,False,tt_spec_factor_plus,informational,False,23168.61,True
2022-01-14,zorba,USEC_MUN,False,tt_spec_factor_plus,informational,False,21279.18,True
2022-01-14,taint_tabor,JEA_NSA,False,tt_spec_factor_plus,informational,False,-2274.78,False
2022-01-14,taint_tabor,USEC_MUN,False,tt_spec_factor_plus,informational,False,-3843.34,False
2022-01-14,tense,JEA_NSA,False,tt_spec_factor_plus,informational,False,37075.64,True
2022-01-14,tense,USEC_MUN,False,tt_spec_factor_plus,informational,False,35384.37,True
2022-01-21,zorba,JEA_NSA,False,tt_spec_factor_plus,informational,False,26119.04,True
2022-01-21,zorba,USEC_MUN,False,tt_spec_factor_plus,informational,False,24210.51,True
2022-01-21,taint_tabor,JEA_NSA,False,tt_spec_factor_plus,informational,False,2.63,False
2022-01-21,taint_tabor,USEC_MUN,False,tt_spec_factor_plus,informational,False,-1590.0,False
2022-01-21,tense,JEA_NSA,False,tt_spec_factor_plus,informational,False,40551.13,True
2022-01-21,tense,USEC_MUN,False,tt_spec_factor_plus,informational,False,38844.94,True
2022-01-28,zorba,JEA_NSA,False,tt_spec_factor_plus,informational,False,26946.12,True
2022-01-28,zorba,USEC_MUN,False,tt_spec_factor_plus,informational,False,25022.37,True
2022-01-28,taint_tabor,JEA_NSA,False,tt_spec_factor_plus,informational,False,413.44,False
2022-01-28,taint_tabor,USEC_MUN,False,tt_spec_factor_plus,informational,False,-1197.12,False
2022-01-28,tense,JEA_NSA,False,tt_spec_factor_plus,informational,False,41659.03,True
2022-01-28,tense,USEC_MUN,False,tt_spec_factor_plus,informational,False,39940.05,True
2022-02-04,zorba,JEA_NSA,False,tt_spec_factor_plus,informational,False,26545.08,True
2022-02-04,zorba,USEC_MUN,False,tt_spec_factor_plus,informational,False,24722.38,True
2022-02-04,taint_tabor,JEA_NSA,False,tt_spec_factor_plus,informational,False,315.27,False
2022-02-04,taint_tabor,USEC_MUN,False,tt_spec_factor_plus,informational,False,-1188.9,False
2022-02-04,tense,JEA_NSA,False,tt_spec_factor_plus,informational,False,41094.81,True
2022-02-04,tense,USEC_MUN,False,tt_spec_factor_plus,informational,False,39480.75,True
2022-02-11,zorba,JEA_NSA,False,tt_spec_factor_plus,informational,False,28032.51,True
2022-02-11,zorba,USEC_MUN,False,tt_spec_factor_plus,informational,False,26171.61,True
2022-02-11,taint_tabor,JEA_NSA,False,tt_spec_factor_plus,informational,False,680.55,False
2022-02-11,taint_tabor,USEC_MUN,False,tt_spec_factor_plus,informational,False,-869.47,False
2022-02-11,tense,JEA_NSA,False,tt_spec_factor_plus,informational,False,43254.94,True
2022-02-11,tense,USEC_MUN,False,tt_spec_factor_plus,informational,False,41608.98,True
2022-02-18,zorba,JEA_NSA,False,tt_spec_factor_plus,informational,False,32414.51,True
2022-02-18,zorba,USEC_MUN,False,tt_spec_factor_plus,informational,False,30557.84,True
2022-02-18,taint_tabor,JEA_NSA,False,tt_spec_factor_plus,informational,False,4651.54,False
2022-02-18,taint_tabor,USEC_MUN,False,tt_spec_factor_plus,informational,False,3102.3,False
2022-02-18,tense,JEA_NSA,False,tt_spec_factor_plus,informational,False,48042.48,True
2022-02-18,tense,USEC_MUN,False,tt_spec_factor_plus,informational,False,46403.78,True
2022-02-25,zorba,JEA_NSA,False,tt_spec_factor_plus,informational,False,37438.65,True
2022-02-25,zorba,USEC_MUN,False,tt_spec_factor_plus,informational,False,35599.09,True
2022-02-25,taint_tabor,JEA_NSA,False,tt_spec_factor_plus,informational,False,9021.0,True
2022-02-25,taint_tabor,USEC_MUN,False,tt_spec_factor_plus,informational,False,7484.66,True
2022-02-25,tense,JEA_NSA,False,tt_spec_factor_plus,informational,False,53418.02,True
2022-02-25,tense,USEC_MUN,False,tt_spec_factor_plus,informational,False,51799.95,True
2022-03-04,zorba,JEA_NSA,True,tt_spec_factor_plus,informational,False,51903.27,True
2022-03-04,zorba,USEC_MUN,True,tt_spec_factor_plus,informational,False,49903.86,True
2022-03-04,taint_tabor,JEA_NSA,True,tt_spec_factor_plus,informational,False,18825.87,True
2022-03-04,taint_tabor,USEC_MUN,True,tt_spec_factor_plus,informational,False,17095.05,True
2022-03-04,tense,JEA_NSA,True,tt_spec_factor_plus,informational,False,70765.99,True
2022-03-04,tense,USEC_MUN,True,tt_spec_factor_plus,informational,False,69010.88,True
2022-03-11,zorba,JEA_NSA,True,tt_spec_factor_plus,informational,False,46568.52,True
2022-03-11,zorba,USEC_MUN,True,tt_spec_factor_plus,informational,False,44681.37,True
2022-03-11,taint_tabor,JEA_NSA,True,tt_spec_factor_plus,informational,False,15982.43,True
2022-03-11,taint_tabor,USEC_MUN,True,tt_spec_factor_plus,informational,False,14382.37,True
2022-03-11,tense,JEA_NSA,True,tt_spec_factor_plus,informational,False,63523.34,True
2022-03-11,tense,USEC_MUN,True,tt_spec_factor_plus,informational,False,61865.03,True
2022-03-18,zorba,JEA_NSA,True,tt_spec_factor_plus,informational,False,45790.93,True
2022-03-18,zorba,USEC_MUN,True,tt_spec_factor_plus,informational,False,43942.6,True
2022-03-18,taint_tabor,JEA_NSA,True,tt_spec_factor_plus,informational,False,16170.49,True
2022-03-18,taint_tabor,USEC_MUN,True,tt_spec_factor_plus,informational,False,14615.96,True
2022-03-18,tense,JEA_NSA,True,tt_spec_factor_plus,informational,False,62182.04,True
2022-03-18,tense,USEC_MUN,True,tt_spec_factor_plus,informational,False,60557.36,True
2022-03-25,zorba,JEA_NSA,True,tt_spec_factor_plus,informational,False,46314.24,True
2022-03-25,zorba,USEC_MUN,True,tt_spec_factor_plus,informational,False,44386.41,True
2022-03-25,taint_tabor,JEA_NSA,True,tt_spec_factor_plus,informational,False,15099.21,True
2022-03-25,taint_tabor,USEC_MUN,True,tt_spec_factor_plus,informational,False,13453.76,True
2022-03-25,tense,JEA_NSA,True,tt_spec_factor_plus,informational,False,63749.25,True
2022-03-25,tense,USEC_MUN,True,tt_spec_factor_plus,informational,False,62054.22,True
2022-04-01,zorba,JEA_NSA,True,tt_spec_factor_plus,informational,False,40523.37,True
2022-04-01,zorba,USEC_MUN,True,tt_spec_factor_plus,informational,False,38695.0,True
2022-04-01,taint_tabor,JEA_NSA,True,tt_spec_factor_plus,informational,False,10146.64,True
2022-04-01,taint_tabor,USEC_MUN,True,tt_spec_factor_plus,informational,False,8610.44,True
2022-04-01,tense,JEA_NSA,True,tt_spec_factor_plus,informational,False,57437.81,True
2022-04-01,tense,USEC_MUN,True,tt_spec_factor_plus,informational,False,55843.88,True
2022-04-08,zorba,JEA_NSA,True,tt_spec_factor_plus,informational,False,34274.49,True
2022-04-08,zorba,USEC_MUN,True,tt_spec_factor_plus,informational,False,32430.5,True
2022-04-08,taint_tabor,JEA_NSA,True,tt_spec_factor_plus,informational,False,4546.9,False
2022-04-08,taint_tabor,USEC_MUN,True,tt_spec_factor_plus,informational,False,2999.73,False
2022-04-08,tense,JEA_NSA,True,tt_spec_factor_plus,informational,False,50701.49,True
2022-04-08,tense,USEC_MUN,True,tt_spec_factor_plus,informational,False,49087.82,True
2022-04-15,zorba,JEA_NSA,True,tt_spec_factor_plus,informational,False,28618.04,True
2022-04-15,zorba,USEC_MUN,True,tt_spec_factor_plus,informational,False,26783.86,True
2022-04-15,taint_tabor,JEA_NSA,True,tt_spec_factor_plus,informational,False,97.22,False
2022-04-15,taint_tabor,USEC_MUN,True,tt_spec_factor_plus,informational,False,-1431.53,False
2022-04-15,tense,JEA_NSA,True,tt_spec_factor_plus,informational,False,44280.82,True
2022-04-15,tense,USEC_MUN,True,tt_spec_factor_plus,informational,False,42669.94,True
2022-04-22,zorba,JEA_NSA,True,tt_spec_factor_plus,informational,False,25363.12,True
2022-04-22,zorba,USEC_MUN,True,tt_spec_factor_plus,informational,False,23478.67,True
2022-04-22,taint_tabor,JEA_NSA,True,tt_spec_factor_plus,informational,False,-3210.4,False
2022-04-22,taint_tabor,USEC_MUN,True,tt_spec_factor_plus,informational,False,-4791.98,False
2022-04-22,tense,JEA_NSA,True,tt_spec_factor_plus,informational,False,41108.54,True
2022-04-22,tense,USEC_MUN,True,tt_spec_factor_plus,informational,False,39449.16,True
2022-04-29,zorba,JEA_NSA,True,tt_spec_factor_plus,informational,False,19773.54,True
2022-04-29,zorba,USEC_MUN,True,tt_spec_factor_plus,informational,False,17922.83,True
2022-04-29,taint_tabor,JEA_NSA,True,tt_spec_factor_plus,informational,False,-6972.12,False
2022-04-29,taint_tabor,USEC_MUN,True,tt_spec_factor_plus,informational,False,-8507.06,False
2022-04-29,tense,JEA_NSA,True,tt_spec_factor_plus,informational,False,34443.33,True
2022-04-29,tense,USEC_MUN,True,tt_spec_factor_plus,informational,False,32807.39,True
2022-05-06,zorba,JEA_NSA,True,tt_spec_factor_plus,informational,False,12841.8,True
2022-05-06,zorba,USEC_MUN,True,tt_spec_factor_plus,informational,False,11092.89,True
2022-05-06,taint_tabor,JEA_NSA,True,tt_spec_factor_plus,informational,False,-12644.81,False
2022-05-06,taint_tabor,USEC_MUN,True,tt_spec_factor_plus,informational,False,-14065.37,False
2022-05-06,tense,JEA_NSA,True,tt_spec_factor_plus,informational,False,26593.03,True
2022-05-06,tense,USEC_MUN,True,tt_spec_factor_plus,informational,False,25056.19,True
2022-05-13,zorba,JEA_NSA,True,tt_spec_factor_plus,informational,False,9265.29,True
2022-05-13,zorba,USEC_MUN,True,tt_spec_factor_plus,informational,False,7521.45,True
2022-05-13,taint_tabor,JEA_NSA,True,tt_spec_factor_plus,informational,False,-15341.88,False
2022-05-13,taint_tabor,USEC_MUN,True,tt_spec_factor_plus,informational,False,-16751.05,False
2022-05-13,tense,JEA_NSA,True,tt_spec_factor_plus,informational,False,22517.19,True
2022-05-13,tense,USEC_MUN,True,tt_spec_factor_plus,informational,False,20980.44,True
2022-05-20,zorba,JEA_NSA,True,tt_spec_factor_plus,informational,False,10178.1,True
2022-05-20,zorba,USEC_MUN,True,tt_spec_factor_plus,informational,False,8348.1,True
2022-05-20,taint_tabor,JEA_NSA,True,tt_spec_factor_plus,informational,False,-16036.38,False
2022-05-20,taint_tabor,USEC_MUN,True,tt_spec_factor_plus,informational,False,-17545.02,False
2022-05-20,tense,JEA_NSA,True,tt_spec_factor_plus,informational,False,24546.68,True
2022-05-20,tense,USEC_MUN,True,tt_spec_factor_plus,informational,False,22935.22,True
2022-05-27,zorba,JEA_NSA,True,tt_spec_factor_plus,informational,False,5248.85,True
2022-05-27,zorba,USEC_MUN,True,tt_spec_factor_plus,informational,False,3418.8,False
2022-05-27,taint_tabor,JEA_NSA,True,tt_spec_factor_plus,informational,False,-20246.41,False
2022-05-27,taint_tabor,USEC_MUN,True,tt_spec_factor_plus,informational,False,-21749.88,False
2022-05-27,tense,JEA_NSA,True,tt_spec_factor_plus,informational,False,19037.35,True
2022-05-27,tense,USEC_MUN,True,tt_spec_factor_plus,informational,False,17420.76,True
2022-06-03,zorba,JEA_NSA,True,tt_spec_factor_plus,informational,False,2853.14,False
2022-06-03,zorba,USEC_MUN,True,tt_spec_factor_plus,informational,False,1002.89,False
2022-06-03,taint_tabor,JEA_NSA,True,tt_spec_factor_plus,informational,False,-21611.93,False
2022-06-03,taint_tabor,USEC_MUN,True,tt_spec_factor_plus,informational,False,-23129.96,False
2022-06-03,tense,JEA_NSA,True,tt_spec_factor_plus,informational,False,16028.31,True
2022-06-03,tense,USEC_MUN,True,tt_spec_factor_plus,informational,False,14382.89,True
2022-06-10,zorba,JEA_NSA,True,tt_spec_factor_plus,informational,False,683.67,False
2022-06-10,zorba,USEC_MUN,True,tt_spec_factor_plus,informational,False,-1106.59,False
2022-06-10,taint_tabor,JEA_NSA,True,tt_spec_factor_plus,informational,False,-23674.31,False
2022-06-10,taint_tabor,USEC_MUN,True,tt_spec_factor_plus,informational,False,-25128.67,False
2022-06-10,tense,JEA_NSA,True,tt_spec_factor_plus,informational,False,13858.14,True
2022-06-10,tense,USEC_MUN,True,tt_spec_factor_plus,informational,False,12277.08,True
2022-06-17,zorba,JEA_NSA,True,tt_spec_factor_plus,informational,False,-3677.54,False
2022-06-17,zorba,USEC_MUN,True,tt_spec_factor_plus,informational,False,-5457.17,False
2022-06-17,taint_tabor,JEA_NSA,True,tt_spec_factor_plus,informational,False,-26368.54,False
2022-06-17,taint_tabor,USEC_MUN,True,tt_spec_factor_plus,informational,False,-27804.01,False
2022-06-17,tense,JEA_NSA,True,tt_spec_factor_plus,informational,False,8368.5,True
2022-06-17,tense,USEC_MUN,True,tt_spec_factor_plus,informational,False,6789.09,True
2022-06-24,zorba,JEA_NSA,True,tt_spec_factor_plus,informational,False,-3588.86,False
2022-06-24,zorba,USEC_MUN,True,tt_spec_factor_plus,informational,False,-5353.78,False
2022-06-24,taint_tabor,JEA_NSA,True,tt_spec_factor_plus,informational,False,-25864.86,False
2022-06-24,taint_tabor,USEC_MUN,True,tt_spec_factor_plus,informational,False,-27282.61,False
2022-06-24,tense,JEA_NSA,True,tt_spec_factor_plus,informational,False,8266.27,True
2022-06-24,tense,USEC_MUN,True,tt_spec_factor_plus,informational,False,6699.42,True
2022-07-01,zorba,JEA_NSA,True,tt_spec_factor_plus,informational,False,-3752.1,False
2022-07-01,zorba,USEC_MUN,True,tt_spec_factor_plus,informational,False,-5384.44,False
2022-07-01,taint_tabor,JEA_NSA,True,tt_spec_factor_plus,informational,False,-25767.03,False
2022-07-01,taint_tabor,USEC_MUN,True,tt_spec_factor_plus,informational,False,-27045.5,False
2022-07-01,tense,JEA_NSA,True,tt_spec_factor_plus,informational,False,7977.8,True
2022-07-01,tense,USEC_MUN,True,tt_spec_factor_plus,informational,False,6549.51,True
2022-07-08,zorba,JEA_NSA,True,tt_spec_factor_plus,informational,False,-4138.73,False
2022-07-08,zorba,USEC_MUN,True,tt_spec_factor_plus,informational,False,-5779.78,False
2022-07-08,taint_tabor,JEA_NSA,True,tt_spec_factor_plus,informational,False,-26342.81,False
2022-07-08,taint_tabor,USEC_MUN,True,tt_spec_factor_plus,informational,False,-27631.16,False
2022-07-08,tense,JEA_NSA,True,tt_spec_factor_plus,informational,False,7699.58,True
2022-07-08,tense,USEC_MUN,True,tt_spec_factor_plus,informational,False,6263.82,True
2022-07-15,zorba,JEA_NSA,True,tt_spec_factor_plus,informational,False,-5126.31,False
2022-07-15,zorba,USEC_MUN,True,tt_spec_factor_plus,informational,False,-6768.07,False
2022-07-15,taint_tabor,JEA_NSA,True,tt_spec_factor_plus,informational,False,-26804.19,False
2022-07-15,taint_tabor,USEC_MUN,True,tt_spec_factor_plus,informational,False,-28090.99,False
2022-07-15,tense,JEA_NSA,True,tt_spec_factor_plus,informational,False,6367.66,True
2022-07-15,tense,USEC_MUN,True,tt_spec_factor_plus,informational,False,4928.55,False
2022-07-22,zorba,JEA_NSA,True,tt_spec_factor_plus,informational,False,-170.44,False
2022-07-22,zorba,USEC_MUN,True,tt_spec_factor_plus,informational,False,-1813.15,False
2022-07-22,taint_tabor,JEA_NSA,True,tt_spec_factor_plus,informational,False,-22881.96,False
2022-07-22,taint_tabor,USEC_MUN,True,tt_spec_factor_plus,informational,False,-24176.98,False
2022-07-22,tense,JEA_NSA,True,tt_spec_factor_plus,informational,False,12059.2,True
2022-07-22,tense,USEC_MUN,True,tt_spec_factor_plus,informational,False,10626.69,True
2022-07-29,zorba,JEA_NSA,True,tt_spec_factor_plus,informational,False,3132.16,False
2022-07-29,zorba,USEC_MUN,True,tt_spec_factor_plus,informational,False,1528.5,False
2022-07-29,taint_tabor,JEA_NSA,True,tt_spec_factor_plus,informational,False,-19240.35,False
2022-07-29,taint_tabor,USEC_MUN,True,tt_spec_factor_plus,informational,False,-20494.24,False
2022-07-29,tense,JEA_NSA,True,tt_spec_factor_plus,informational,False,15205.9,True
2022-07-29,tense,USEC_MUN,True,tt_spec_factor_plus,informational,False,13810.54,True
2022-08-05,zorba,JEA_NSA,True,tt_spec_factor_plus,informational,False,6276.68,True
2022-08-05,zorba,USEC_MUN,True,tt_spec_factor_plus,informational,False,4666.9,False
2022-08-05,taint_tabor,JEA_NSA,True,tt_spec_factor_plus,informational,False,-16084.92,False
2022-08-05,taint_tabor,USEC_MUN,True,tt_spec_factor_plus,informational,False,-17346.14,False
2022-08-05,tense,JEA_NSA,True,tt_spec_factor_plus,informational,False,18357.9,True
2022-08-05,tense,USEC_MUN,True,tt_spec_factor_plus,informational,False,16954.46,True
2022-08-12,zorba,JEA_NSA,True,tt_spec_factor_plus,informational,False,9265.72,True
2022-08-12,zorba,USEC_MUN,True,tt_spec_factor_plus,informational,False,7672.11,True
2022-08-12,taint_tabor,JEA_NSA,True,tt_spec_factor_plus,informational,False,-13467.52,False
2022-08-12,taint_tabor,USEC_MUN,True,tt_spec_factor_plus,informational,False,-14714.87,False
2022-08-12,tense,JEA_NSA,True,tt_spec_factor_plus,informational,False,21537.83,True
2022-08-12,tense,USEC_MUN,True,tt_spec_factor_plus,informational,False,20152.85,True
2022-08-19,zorba,JEA_NSA,True,tt_spec_factor_plus,informational,False,7208.29,True
2022-08-19,zorba,USEC_MUN,True,tt_spec_factor_plus,informational,False,5601.19,True
2022-08-19,taint_tabor,JEA_NSA,True,tt_spec_factor_plus,informational,False,-14764.83,False
2022-08-19,taint_tabor,USEC_MUN,True,tt_spec_factor_plus,informational,False,-16023.69,False
2022-08-19,tense,JEA_NSA,True,tt_spec_factor_plus,informational,False,18992.04,True
2022-08-19,tense,USEC_MUN,True,tt_spec_factor_plus,informational,False,17590.26,True
2022-08-26,zorba,JEA_NSA,True,tt_spec_factor_plus,informational,False,5063.46,True
2022-08-26,zorba,USEC_MUN,True,tt_spec_factor_plus,informational,False,3395.82,False
2022-08-26,taint_tabor,JEA_NSA,True,tt_spec_factor_plus,informational,False,-17872.05,False
2022-08-26,taint_tabor,USEC_MUN,True,tt_spec_factor_plus,informational,False,-19198.38,False
2022-08-26,tense,JEA_NSA,True,tt_spec_factor_plus,informational,False,17470.86,True
2022-08-26,tense,USEC_MUN,True,tt_spec_factor_plus,informational,False,16015.19,True
2022-09-02,zorba,JEA_NSA,True,tt_spec_factor_plus,informational,False,331.57,False
2022-09-02,zorba,USEC_MUN,True,tt_spec_factor_plus,informational,False,-1269.25,False
2022-09-02,taint_tabor,JEA_NSA,True,tt_spec_factor_plus,informational,False,-20970.79,False
2022-09-02,taint_tabor,USEC_MUN,True,tt_spec_factor_plus,informational,False,-22216.91,False
2022-09-02,tense,JEA_NSA,True,tt_spec_factor_plus,informational,False,11769.86,True
2022-09-02,tense,USEC_MUN,True,tt_spec_factor_plus,informational,False,10373.07,True
2022-09-09,zorba,JEA_NSA,False,tt_spec_factor_plus,informational,False,-4810.89,False
2022-09-09,zorba,USEC_MUN,False,tt_spec_factor_plus,informational,False,-6444.91,False
2022-09-09,taint_tabor,JEA_NSA,False,tt_spec_factor_plus,informational,False,-26000.92,False
2022-09-09,taint_tabor,USEC_MUN,False,tt_spec_factor_plus,informational,False,-27279.41,False
2022-09-09,tense,JEA_NSA,False,tt_spec_factor_plus,informational,False,6431.7,True
2022-09-09,tense,USEC_MUN,False,tt_spec_factor_plus,informational,False,5000.16,True
2022-09-16,zorba,JEA_NSA,False,tt_spec_factor_plus,informational,False,-7875.26,False
2022-09-16,zorba,USEC_MUN,False,tt_spec_factor_plus,informational,False,-9529.41,False
2022-09-16,taint_tabor,JEA_NSA,False,tt_spec_factor_plus,informational,False,-28899.57,False
2022-09-16,taint_tabor,USEC_MUN,False,tt_spec_factor_plus,informational,False,-30196.91,False
2022-09-16,tense,JEA_NSA,False,tt_spec_factor_plus,informational,False,3261.53,False
2022-09-16,tense,USEC_MUN,False,tt_spec_factor_plus,informational,False,1808.77,False
2022-09-23,zorba,JEA_NSA,False,tt_spec_factor_plus,informational,False,-9151.14,False
2022-09-23,zorba,USEC_MUN,False,tt_spec_factor_plus,informational,False,-10789.56,False
2022-09-23,taint_tabor,JEA_NSA,False,tt_spec_factor_plus,informational,False,-29692.03,False
2022-09-23,taint_tabor,USEC_MUN,False,tt_spec_factor_plus,informational,False,-30969.43,False
2022-09-23,tense,JEA_NSA,False,tt_spec_factor_plus,informational,False,1602.14,False
2022-09-23,tense,USEC_MUN,False,tt_spec_factor_plus,informational,False,161.43,False
2022-09-30,zorba,JEA_NSA,False,tt_spec_factor_plus,informational,False,-9016.67,False
2022-09-30,zorba,USEC_MUN,False,tt_spec_factor_plus,informational,False,-10594.18,False
2022-09-30,taint_tabor,JEA_NSA,False,tt_spec_factor_plus,informational,False,-29884.55,False
2022-09-30,taint_tabor,USEC_MUN,False,tt_spec_factor_plus,informational,False,-31100.57,False
2022-09-30,tense,JEA_NSA,False,tt_spec_factor_plus,informational,False,1935.57,False
2022-09-30,tense,USEC_MUN,False,tt_spec_factor_plus,informational,False,562.21,False
2022-10-07,zorba,JEA_NSA,False,tt_spec_factor_plus,informational,False,-6431.06,False
2022-10-07,zorba,USEC_MUN,False,tt_spec_factor_plus,informational,False,-8079.72,False
2022-10-07,taint_tabor,JEA_NSA,False,tt_spec_factor_plus,informational,False,-28767.01,False
2022-10-07,taint_tabor,USEC_MUN,False,tt_spec_factor_plus,informational,False,-30065.53,False
2022-10-07,tense,JEA_NSA,False,tt_spec_factor_plus,informational,False,5573.04,True
2022-10-07,tense,USEC_MUN,False,tt_spec_factor_plus,informational,False,4137.76,False
2022-10-14,zorba,JEA_NSA,False,tt_spec_factor_plus,informational,False,-6095.41,False
2022-10-14,zorba,USEC_MUN,False,tt_spec_factor_plus,informational,False,-7728.28,False
2022-10-14,taint_tabor,JEA_NSA,False,tt_spec_factor_plus,informational,False,-28044.33,False
2022-10-14,taint_tabor,USEC_MUN,False,tt_spec_factor_plus,informational,False,-29324.28,False
2022-10-14,tense,JEA_NSA,False,tt_spec_factor_plus,informational,False,5711.25,True
2022-10-14,tense,USEC_MUN,False,tt_spec_factor_plus,informational,False,4289.45,False
2022-10-21,zorba,JEA_NSA,False,tt_spec_factor_plus,informational,False,-8971.66,False
2022-10-21,zorba,USEC_MUN,False,tt_spec_factor_plus,informational,False,-10619.3,False
2022-10-21,taint_tabor,JEA_NSA,False,tt_spec_factor_plus,informational,False,-30015.28,False
2022-10-21,taint_tabor,USEC_MUN,False,tt_spec_factor_plus,informational,False,-31307.26,False
2022-10-21,tense,JEA_NSA,False,tt_spec_factor_plus,informational,False,2090.24,False
2022-10-21,tense,USEC_MUN,False,tt_spec_factor_plus,informational,False,648.31,False
2022-10-28,zorba,JEA_NSA,False,tt_spec_factor_plus,informational,False,-8116.22,False
2022-10-28,zorba,USEC_MUN,False,tt_spec_factor_plus,informational,False,-9774.58,False
2022-10-28,taint_tabor,JEA_NSA,False,tt_spec_factor_plus,informational,False,-29560.97,False
2022-10-28,taint_tabor,USEC_MUN,False,tt_spec_factor_plus,informational,False,-30866.82,False
2022-10-28,tense,JEA_NSA,False,tt_spec_factor_plus,informational,False,3241.93,False
2022-10-28,tense,USEC_MUN,False,tt_spec_factor_plus,informational,False,1792.47,False
