scenario,trade_id,leg_id,leg_type,cf_type,pnl_class,currency,contract_date,fixing_date,due_date_contractual,settle_date,amount_ccy,fx_rate_used,fx_rule,amount_inr,amount_inr_est_at_trade_date,date_rule,weakest_input_flag,event_ids,formula,label,written_by
PLANNED_AT_TRADE_DATE,T01,INSURANCE:L1,INSURANCE,INSURANCE,PNL,USD,2022-03-08,2022-03-29,2022-03-29,2022-03-29,-2260.48,77.2021,CIP forward to the settle date,-174514.09,-174514.09,roll following on the LME panel calendar,ASSUMPTION,,-insurance_rate x insured_value_uplift x cfr_value_usd,,P3
PLANNED_AT_TRADE_DATE,T01,INSURANCE:L2,INSURANCE,INSURANCE,PNL,USD,2022-03-08,2022-04-04,2022-04-04,2022-04-04,-2260.48,77.2453,CIP forward to the settle date,-174611.67,-174611.67,roll following on the LME panel calendar,ASSUMPTION,,-insurance_rate x insured_value_uplift x cfr_value_usd,,P3
PLANNED_AT_TRADE_DATE,T01,BILL_COMMISSION:L1,IMPORT_BILL_COMMISSION,IMPORT_BILL_COMMISSION,PNL,USD,2022-03-08,2022-04-05,2022-04-05,2022-04-05,-2358.72,77.2525,CIP forward to the settle date,-182216.99,-182216.99,roll following on the LME panel calendar,DIRECT,,-import_bill_commission_frac x bill_usd,,P3
PLANNED_AT_TRADE_DATE,T01,FX:T01-FX-1,FX_FORWARD,FX_FORWARD,PNL,INR,2022-03-08,2022-04-05,2022-04-05,2022-04-05,-196560.0,1.0,n/a (INR flow),-196560.0,-196560.0,roll following on the LME panel calendar,PROXY,,"sign x notional x (X(tau, value_date) - K)",,P3
PLANNED_AT_TRADE_DATE,T01,PURCHASE:L1,PURCHASE_INVOICE,PURCHASE_INVOICE,PNL,USD,2022-03-08,,2022-04-05,2022-04-05,-1965600.0,77.2525,CIP forward to the settle date,-151847494.06,-151847494.06,roll following on the LME panel calendar,SIM,,-q_bl x price_usd_t,,P3
PLANNED_AT_TRADE_DATE,T01,INSURANCE:L3,INSURANCE,INSURANCE,PNL,USD,2022-03-08,2022-04-07,2022-04-07,2022-04-07,-2260.48,77.2669,CIP forward to the settle date,-174660.45,-174660.45,roll following on the LME panel calendar,ASSUMPTION,,-insurance_rate x insured_value_uplift x cfr_value_usd,,P3
PLANNED_AT_TRADE_DATE,T01,BILL_COMMISSION:L2,IMPORT_BILL_COMMISSION,IMPORT_BILL_COMMISSION,PNL,USD,2022-03-08,2022-04-11,2022-04-11,2022-04-11,-2358.72,77.2957,CIP forward to the settle date,-182318.8,-182318.8,roll following on the LME panel calendar,DIRECT,,-import_bill_commission_frac x bill_usd,,P3
PLANNED_AT_TRADE_DATE,T01,FX:T01-FX-2,FX_FORWARD,FX_FORWARD,PNL,INR,2022-03-08,2022-04-11,2022-04-11,2022-04-11,-196560.0,1.0,n/a (INR flow),-196560.0,-196560.0,roll following on the LME panel calendar,PROXY,,"sign x notional x (X(tau, value_date) - K)",,P3
PLANNED_AT_TRADE_DATE,T01,PURCHASE:L2,PURCHASE_INVOICE,PURCHASE_INVOICE,PNL,USD,2022-03-08,,2022-04-11,2022-04-11,-1965600.0,77.2957,CIP forward to the settle date,-151932332.35,-151932332.35,roll following on the LME panel calendar,SIM,,-q_bl x price_usd_t,,P3
PLANNED_AT_TRADE_DATE,T01,BILL_COMMISSION:L3,IMPORT_BILL_COMMISSION,IMPORT_BILL_COMMISSION,PNL,USD,2022-03-08,2022-04-14,2022-04-14,2022-04-14,-2358.72,77.3172,CIP forward to the settle date,-182369.7,-182369.7,roll following on the LME panel calendar,DIRECT,,-import_bill_commission_frac x bill_usd,,P3
PLANNED_AT_TRADE_DATE,T01,FX:T01-FX-3,FX_FORWARD,FX_FORWARD,PNL,INR,2022-03-08,2022-04-14,2022-04-14,2022-04-14,-196560.0,1.0,n/a (INR flow),-196560.0,-196560.0,roll following on the LME panel calendar,PROXY,,"sign x notional x (X(tau, value_date) - K)",,P3
PLANNED_AT_TRADE_DATE,T01,PURCHASE:L3,PURCHASE_INVOICE,PURCHASE_INVOICE,PNL,USD,2022-03-08,,2022-04-14,2022-04-14,-1965600.0,77.3172,CIP forward to the settle date,-151974747.62,-151974747.62,roll following on the LME panel calendar,SIM,,-q_bl x price_usd_t,,P3
PLANNED_AT_TRADE_DATE,T01,DUTY:L1,CUSTOMS_DUTY,CUSTOMS_DUTY,PNL,INR,2022-03-08,2022-05-09,2022-05-09,2022-05-09,-4336415.06,1.0,n/a (INR flow),-4336415.06,-4336415.06,roll following on the LME panel calendar,DIRECT,,-assessable_inr x bcd_scrap_hs7602 x (1 + sws_rate_on_bcd),,P3
PLANNED_AT_TRADE_DATE,T01,FREIGHT:L1,FREIGHT,FREIGHT,PNL,USD,2022-03-08,2022-03-18,2022-05-09,2022-05-09,-89384.4,77.497,CIP forward to the settle date,-6927023.07,-6927023.07,roll following on the LME panel calendar,ASSUMPTION,,"-boxes x (fixture rate once booked, else market box rate)",,P3
PLANNED_AT_TRADE_DATE,T01,IGST:L1,IGST_IMPORT,IGST_IMPORT,BS,INR,2022-03-08,2022-05-09,2022-05-09,2022-05-09,-29164362.36,1.0,n/a (INR flow),-29164362.36,-29164362.36,roll following on the LME panel calendar,DIRECT,,-(assessable + duty) x igst_rate_hs7602,,P3
PLANNED_AT_TRADE_DATE,T01,DUTY:L2,CUSTOMS_DUTY,CUSTOMS_DUTY,PNL,INR,2022-03-08,2022-05-16,2022-05-16,2022-05-16,-4336415.06,1.0,n/a (INR flow),-4336415.06,-4336415.06,roll following on the LME panel calendar,DIRECT,,-assessable_inr x bcd_scrap_hs7602 x (1 + sws_rate_on_bcd),,P3
PLANNED_AT_TRADE_DATE,T01,FREIGHT:L2,FREIGHT,FREIGHT,PNL,USD,2022-03-08,2022-03-18,2022-05-16,2022-05-16,-89384.4,77.5473,CIP forward to the settle date,-6931520.88,-6931520.88,roll following on the LME panel calendar,ASSUMPTION,,"-boxes x (fixture rate once booked, else market box rate)",,P3
PLANNED_AT_TRADE_DATE,T01,IGST:L2,IGST_IMPORT,IGST_IMPORT,BS,INR,2022-03-08,2022-05-16,2022-05-16,2022-05-16,-29164362.36,1.0,n/a (INR flow),-29164362.36,-29164362.36,roll following on the LME panel calendar,DIRECT,,-(assessable + duty) x igst_rate_hs7602,,P3
PLANNED_AT_TRADE_DATE,T01,FREIGHT:L3,FREIGHT,FREIGHT,PNL,USD,2022-03-08,2022-03-18,2022-05-17,2022-05-17,-89384.4,77.5545,CIP forward to the settle date,-6932163.37,-6932163.37,roll following on the LME panel calendar,ASSUMPTION,,"-boxes x (fixture rate once booked, else market box rate)",,P3
PLANNED_AT_TRADE_DATE,T01,DUTY:L3,CUSTOMS_DUTY,CUSTOMS_DUTY,PNL,INR,2022-03-08,2022-05-18,2022-05-18,2022-05-18,-4336415.06,1.0,n/a (INR flow),-4336415.06,-4336415.06,roll following on the LME panel calendar,DIRECT,,-assessable_inr x bcd_scrap_hs7602 x (1 + sws_rate_on_bcd),,P3
PLANNED_AT_TRADE_DATE,T01,IGST:L3,IGST_IMPORT,IGST_IMPORT,BS,INR,2022-03-08,2022-05-18,2022-05-18,2022-05-18,-29164362.36,1.0,n/a (INR flow),-29164362.36,-29164362.36,roll following on the LME panel calendar,DIRECT,,-(assessable + duty) x igst_rate_hs7602,,P3
PLANNED_AT_TRADE_DATE,T01,PORT:L1,PORT_CHARGES,PORT_CHARGES,PNL,INR,2022-03-08,,2022-05-18,2022-05-18,-2226000.0,1.0,n/a (INR flow),-2226000.0,-2226000.0,roll following on the LME panel calendar,ASSUMPTION,,-port_cf_charges_inr_t x base_payload x cleared boxes,,P3
PLANNED_AT_TRADE_DATE,T01,PORT:L2,PORT_CHARGES,PORT_CHARGES,PNL,INR,2022-03-08,,2022-05-24,2022-05-24,-2226000.0,1.0,n/a (INR flow),-2226000.0,-2226000.0,roll following on the LME panel calendar,ASSUMPTION,,-port_cf_charges_inr_t x base_payload x cleared boxes,,P3
PLANNED_AT_TRADE_DATE,T01,PORT:L3,PORT_CHARGES,PORT_CHARGES,PNL,INR,2022-03-08,,2022-05-27,2022-05-27,-2226000.0,1.0,n/a (INR flow),-2226000.0,-2226000.0,roll following on the LME panel calendar,ASSUMPTION,,-port_cf_charges_inr_t x base_payload x cleared boxes,,P3
PLANNED_AT_TRADE_DATE,T01,IGST:L1,IGST_CREDIT,IGST_CREDIT,BS,INR,2022-03-08,2022-05-09,2022-06-23,2022-06-23,29164362.36,1.0,n/a (INR flow),29164362.36,29164362.36,roll following on the LME panel calendar,DIRECT,,+(assessable + duty) x igst_rate at igst_credit_lag_days,,P3
PLANNED_AT_TRADE_DATE,T01,IGST:L2,IGST_CREDIT,IGST_CREDIT,BS,INR,2022-03-08,2022-05-16,2022-06-29,2022-06-29,29164362.36,1.0,n/a (INR flow),29164362.36,29164362.36,roll following on the LME panel calendar,DIRECT,,+(assessable + duty) x igst_rate at igst_credit_lag_days,,P3
PLANNED_AT_TRADE_DATE,T01,IGST:L3,IGST_CREDIT,IGST_CREDIT,BS,INR,2022-03-08,2022-05-18,2022-07-04,2022-07-04,29164362.36,1.0,n/a (INR flow),29164362.36,29164362.36,roll following on the LME panel calendar,DIRECT,,+(assessable + duty) x igst_rate at igst_credit_lag_days,,P3
PLANNED_AT_TRADE_DATE,T02,MCX:T02-MCX-1,MCX_INITIAL_MARGIN,MCX_INITIAL_MARGIN,BS,INR,2022-03-11,2022-03-11,2022-03-11,2022-03-11,-10649386.45,1.0,n/a (INR flow),-10649386.45,-10649386.45,roll following on the LME panel calendar,PROXY,,-d(lots x lot_kg x F(s) x mcx_al_margin_used_frac),,P3
PLANNED_AT_TRADE_DATE,T02,MCX:T02-MCX-1,MCX_SLIPPAGE,MCX_SLIPPAGE,PNL,INR,2022-03-11,,2022-03-11,2022-03-11,-37000.0,1.0,n/a (INR flow),-37000.0,-37000.0,roll following on the LME panel calendar,ASSUMPTION,,-lots x lot_kg x mcx_slippage_ticks x tick,,P3
PLANNED_AT_TRADE_DATE,T02,MCX:T02-MCX-1,MCX_TRANSACTION_COST,MCX_TRANSACTION_COST,PNL,INR,2022-03-11,2022-03-11,2022-03-11,2022-03-11,-31937.06,1.0,n/a (INR flow),-31937.06,-31937.06,roll following on the LME panel calendar,ASSUMPTION,,-lots x lot_kg x fill x mcx_txn_cost_frac,,P3
PLANNED_AT_TRADE_DATE,T02,MCX:T02-MCX-1,MCX_VARIATION_MARGIN,MCX_VARIATION_MARGIN,PNL,INR,2022-03-11,2022-03-11,2022-03-11,2022-03-11,-0.0,1.0,n/a (INR flow),-0.0,-0.0,roll following on the LME panel calendar,PROXY,,direction x lots x lot_kg x (F(entry) - entry settle) = 0 by construction,,P3
PLANNED_AT_TRADE_DATE,T02,MCX:T02-MCX-1,MCX_INITIAL_MARGIN,MCX_INITIAL_MARGIN,BS,INR,2022-03-11,2022-03-14,2022-03-14,2022-03-14,-0.0,1.0,n/a (INR flow),-0.0,-0.0,roll following on the LME panel calendar,PROXY,,-d(lots x lot_kg x F(s) x mcx_al_margin_used_frac),,P3
PLANNED_AT_TRADE_DATE,T02,MCX:T02-MCX-1,MCX_VARIATION_MARGIN,MCX_VARIATION_MARGIN,PNL,INR,2022-03-11,2022-03-14,2022-03-14,2022-03-14,-0.0,1.0,n/a (INR flow),-0.0,-0.0,roll following on the LME panel calendar,PROXY,,direction x lots x lot_kg x (F(s) - F(s-1)),,P3
PLANNED_AT_TRADE_DATE,T02,MCX:T02-MCX-1,MCX_INITIAL_MARGIN,MCX_INITIAL_MARGIN,BS,INR,2022-03-11,2022-03-15,2022-03-15,2022-03-15,-0.0,1.0,n/a (INR flow),-0.0,-0.0,roll following on the LME panel calendar,PROXY,,-d(lots x lot_kg x F(s) x mcx_al_margin_used_frac),,P3
PLANNED_AT_TRADE_DATE,T02,MCX:T02-MCX-1,MCX_VARIATION_MARGIN,MCX_VARIATION_MARGIN,PNL,INR,2022-03-11,2022-03-15,2022-03-15,2022-03-15,-0.0,1.0,n/a (INR flow),-0.0,-0.0,roll following on the LME panel calendar,PROXY,,direction x lots x lot_kg x (F(s) - F(s-1)),,P3
PLANNED_AT_TRADE_DATE,T02,MCX:T02-MCX-1,MCX_INITIAL_MARGIN,MCX_INITIAL_MARGIN,BS,INR,2022-03-11,2022-03-16,2022-03-16,2022-03-16,-0.0,1.0,n/a (INR flow),-0.0,-0.0,roll following on the LME panel calendar,PROXY,,-d(lots x lot_kg x F(s) x mcx_al_margin_used_frac),,P3
PLANNED_AT_TRADE_DATE,T02,MCX:T02-MCX-1,MCX_VARIATION_MARGIN,MCX_VARIATION_MARGIN,PNL,INR,2022-03-11,2022-03-16,2022-03-16,2022-03-16,-0.0,1.0,n/a (INR flow),-0.0,-0.0,roll following on the LME panel calendar,PROXY,,direction x lots x lot_kg x (F(s) - F(s-1)),,P3
PLANNED_AT_TRADE_DATE,T02,MCX:T02-MCX-1,MCX_INITIAL_MARGIN,MCX_INITIAL_MARGIN,BS,INR,2022-03-11,2022-03-17,2022-03-17,2022-03-17,-0.0,1.0,n/a (INR flow),-0.0,-0.0,roll following on the LME panel calendar,PROXY,,-d(lots x lot_kg x F(s) x mcx_al_margin_used_frac),,P3
PLANNED_AT_TRADE_DATE,T02,MCX:T02-MCX-1,MCX_VARIATION_MARGIN,MCX_VARIATION_MARGIN,PNL,INR,2022-03-11,2022-03-17,2022-03-17,2022-03-17,-0.0,1.0,n/a (INR flow),-0.0,-0.0,roll following on the LME panel calendar,PROXY,,direction x lots x lot_kg x (F(s) - F(s-1)),,P3
PLANNED_AT_TRADE_DATE,T02,MCX:T02-MCX-1,MCX_INITIAL_MARGIN,MCX_INITIAL_MARGIN,BS,INR,2022-03-11,2022-03-18,2022-03-18,2022-03-18,-0.0,1.0,n/a (INR flow),-0.0,-0.0,roll following on the LME panel calendar,PROXY,,-d(lots x lot_kg x F(s) x mcx_al_margin_used_frac),,P3
PLANNED_AT_TRADE_DATE,T02,MCX:T02-MCX-1,MCX_VARIATION_MARGIN,MCX_VARIATION_MARGIN,PNL,INR,2022-03-11,2022-03-18,2022-03-18,2022-03-18,-0.0,1.0,n/a (INR flow),-0.0,-0.0,roll following on the LME panel calendar,PROXY,,direction x lots x lot_kg x (F(s) - F(s-1)),,P3
PLANNED_AT_TRADE_DATE,T02,MCX:T02-MCX-1,MCX_INITIAL_MARGIN,MCX_INITIAL_MARGIN,BS,INR,2022-03-11,2022-03-21,2022-03-21,2022-03-21,-0.0,1.0,n/a (INR flow),-0.0,-0.0,roll following on the LME panel calendar,PROXY,,-d(lots x lot_kg x F(s) x mcx_al_margin_used_frac),,P3
PLANNED_AT_TRADE_DATE,T02,MCX:T02-MCX-1,MCX_VARIATION_MARGIN,MCX_VARIATION_MARGIN,PNL,INR,2022-03-11,2022-03-21,2022-03-21,2022-03-21,-0.0,1.0,n/a (INR flow),-0.0,-0.0,roll following on the LME panel calendar,PROXY,,direction x lots x lot_kg x (F(s) - F(s-1)),,P3
PLANNED_AT_TRADE_DATE,T02,MCX:T02-MCX-1,MCX_INITIAL_MARGIN,MCX_INITIAL_MARGIN,BS,INR,2022-03-11,2022-03-22,2022-03-22,2022-03-22,10649386.45,1.0,n/a (INR flow),10649386.45,10649386.45,roll following on the LME panel calendar,PROXY,,-d(lots x lot_kg x F(s) x mcx_al_margin_used_frac),,P3
PLANNED_AT_TRADE_DATE,T02,MCX:T02-MCX-1,MCX_VARIATION_MARGIN,MCX_VARIATION_MARGIN,PNL,INR,2022-03-11,2022-03-22,2022-03-22,2022-03-22,-0.0,1.0,n/a (INR flow),-0.0,-0.0,roll following on the LME panel calendar,PROXY,,direction x lots x lot_kg x (F(s) - F(s-1)),,P3
PLANNED_AT_TRADE_DATE,T02,INSURANCE:L1,INSURANCE,INSURANCE,PNL,USD,2022-03-11,2022-04-05,2022-04-05,2022-04-05,-1465.19,76.5986,CIP forward to the settle date,-112231.73,-112231.73,roll following on the LME panel calendar,ASSUMPTION,,-insurance_rate x insured_value_uplift x cfr_value_usd,,P3
PLANNED_AT_TRADE_DATE,T02,PSIC:L1,PSIC,PSIC,PNL,USD,2022-03-11,2022-04-05,2022-04-05,2022-04-05,-960.0,76.5986,CIP forward to the settle date,-73534.62,-73534.62,roll following on the LME panel calendar,ASSUMPTION,,-psic_cost_usd_per_box x boxes,,P3
PLANNED_AT_TRADE_DATE,T02,DUTY:L1,CUSTOMS_DUTY,CUSTOMS_DUTY,PNL,INR,2022-03-11,2022-04-11,2022-04-11,2022-04-11,-2810765.74,1.0,n/a (INR flow),-2810765.74,-2810765.74,roll following on the LME panel calendar,DIRECT,,-assessable_inr x bcd_scrap_hs7602 x (1 + sws_rate_on_bcd),,P3
PLANNED_AT_TRADE_DATE,T02,IGST:L1,IGST_IMPORT,IGST_IMPORT,BS,INR,2022-03-11,2022-04-11,2022-04-11,2022-04-11,-18903677.21,1.0,n/a (INR flow),-18903677.21,-18903677.21,roll following on the LME panel calendar,DIRECT,,-(assessable + duty) x igst_rate_hs7602,,P3
PLANNED_AT_TRADE_DATE,T02,LC_USANCE_FEE:L1,LC_USANCE_FEE,LC_USANCE_FEE,PNL,USD,2022-03-11,2022-04-12,2022-04-12,2022-04-12,-2657.33,76.6481,CIP forward to the settle date,-203679.09,-203679.09,roll following on the LME panel calendar,DIRECT,,-lc_usance_fee_frac_per_month x ceil(usance/30) x bill_usd,,P3
PLANNED_AT_TRADE_DATE,T02,INSURANCE:L2,INSURANCE,INSURANCE,PNL,USD,2022-03-11,2022-04-13,2022-04-13,2022-04-13,-1466.22,76.6551,CIP forward to the settle date,-112393.21,-112393.21,roll following on the LME panel calendar,ASSUMPTION,,-insurance_rate x insured_value_uplift x cfr_value_usd,,P3
PLANNED_AT_TRADE_DATE,T02,PSIC:L2,PSIC,PSIC,PNL,USD,2022-03-11,2022-04-13,2022-04-13,2022-04-13,-960.0,76.6551,CIP forward to the settle date,-73588.93,-73588.93,roll following on the LME panel calendar,ASSUMPTION,,-psic_cost_usd_per_box x boxes,,P3
PLANNED_AT_TRADE_DATE,T02,DUTY:L2,CUSTOMS_DUTY,CUSTOMS_DUTY,PNL,INR,2022-03-11,2022-04-19,2022-04-19,2022-04-19,-2812732.51,1.0,n/a (INR flow),-2812732.51,-2812732.51,roll following on the LME panel calendar,DIRECT,,-assessable_inr x bcd_scrap_hs7602 x (1 + sws_rate_on_bcd),,P3
PLANNED_AT_TRADE_DATE,T02,IGST:L2,IGST_IMPORT,IGST_IMPORT,BS,INR,2022-03-11,2022-04-19,2022-04-19,2022-04-19,-18916904.66,1.0,n/a (INR flow),-18916904.66,-18916904.66,roll following on the LME panel calendar,DIRECT,,-(assessable + duty) x igst_rate_hs7602,,P3
PLANNED_AT_TRADE_DATE,T02,LC_USANCE_FEE:L2,LC_USANCE_FEE,LC_USANCE_FEE,PNL,USD,2022-03-11,2022-04-20,2022-04-20,2022-04-20,-2659.19,76.7046,CIP forward to the settle date,-203972.03,-203972.03,roll following on the LME panel calendar,DIRECT,,-lc_usance_fee_frac_per_month x ceil(usance/30) x bill_usd,,P3
PLANNED_AT_TRADE_DATE,T02,PORT:L1,PORT_CHARGES,PORT_CHARGES,PNL,INR,2022-03-11,,2022-04-20,2022-04-20,-960000.0,1.0,n/a (INR flow),-960000.0,-960000.0,roll following on the LME panel calendar,ASSUMPTION,,-port_cf_charges_inr_t x base_payload x cleared boxes,,P3
PLANNED_AT_TRADE_DATE,T02,PORT:L2,PORT_CHARGES,PORT_CHARGES,PNL,INR,2022-03-11,,2022-04-28,2022-04-28,-960000.0,1.0,n/a (INR flow),-960000.0,-960000.0,roll following on the LME panel calendar,ASSUMPTION,,-port_cf_charges_inr_t x base_payload x cleared boxes,,P3
PLANNED_AT_TRADE_DATE,T02,IGST:L1,IGST_CREDIT,IGST_CREDIT,BS,INR,2022-03-11,2022-04-11,2022-05-26,2022-05-26,18903677.21,1.0,n/a (INR flow),18903677.21,18903677.21,roll following on the LME panel calendar,DIRECT,,+(assessable + duty) x igst_rate at igst_credit_lag_days,,P3
PLANNED_AT_TRADE_DATE,T02,SALE:S1,SALE_BALANCE,SALE_BALANCE,PNL,INR,2022-03-11,2022-04-29,2022-05-30,2022-05-30,255041269.42,1.0,n/a (INR flow),255041269.42,255041269.42,roll following on the LME panel calendar,SIM,,+q_acc x P_sale x (1 - disc passthrough) - advance,,P3
PLANNED_AT_TRADE_DATE,T02,IGST:L2,IGST_CREDIT,IGST_CREDIT,BS,INR,2022-03-11,2022-04-19,2022-06-06,2022-06-06,18916904.66,1.0,n/a (INR flow),18916904.66,18916904.66,roll following on the LME panel calendar,DIRECT,,+(assessable + duty) x igst_rate at igst_credit_lag_days,,P3
PLANNED_AT_TRADE_DATE,T02,DUTY:L1,CUSTOMS_DUTY_DIFFERENTIAL,CUSTOMS_DUTY_DIFFERENTIAL,PNL,INR,2022-03-11,2022-06-09,2022-06-09,2022-06-09,-10231.91,1.0,n/a (INR flow),-10231.91,-10231.91,roll following on the LME panel calendar,DIRECT,,-dAV x bcd x (1 + sws) on (P_final - P_provisional),,P3
PLANNED_AT_TRADE_DATE,T02,DUTY:L2,CUSTOMS_DUTY_DIFFERENTIAL,CUSTOMS_DUTY_DIFFERENTIAL,PNL,INR,2022-03-11,2022-06-09,2022-06-09,2022-06-09,-8265.13,1.0,n/a (INR flow),-8265.13,-8265.13,roll following on the LME panel calendar,DIRECT,,-dAV x bcd x (1 + sws) on (P_final - P_provisional),,P3
PLANNED_AT_TRADE_DATE,T02,PURCHASE:L1,PURCHASE_FINAL,PURCHASE_FINAL,PNL,USD,2022-03-11,2022-05-31,2022-06-09,2022-06-09,-71448.51,77.058,CIP forward to the settle date,-5505676.17,-5505676.17,roll following on the LME panel calendar,DIRECT,,-(q_acc x (factor x A_P + premium) x (1 - disc) - provisional),,P3
PLANNED_AT_TRADE_DATE,T02,PURCHASE:L2,PURCHASE_FINAL,PURCHASE_FINAL,PNL,USD,2022-03-11,2022-05-31,2022-06-09,2022-06-09,-70563.08,77.058,CIP forward to the settle date,-5437446.51,-5437446.51,roll following on the LME panel calendar,DIRECT,,-(q_acc x (factor x A_P + premium) x (1 - disc) - provisional),,P3
PLANNED_AT_TRADE_DATE,T02,BILL_COMMISSION:L1,IMPORT_BILL_COMMISSION,IMPORT_BILL_COMMISSION,PNL,USD,2022-03-11,2022-07-04,2022-07-04,2022-07-04,-1518.47,77.2345,CIP forward to the settle date,-117278.49,-117278.49,roll following on the LME panel calendar,DIRECT,,-import_bill_commission_frac x bill_usd,,P3
PLANNED_AT_TRADE_DATE,T02,PURCHASE:L1,PURCHASE_PROVISIONAL,PURCHASE_PROVISIONAL,PNL,USD,2022-03-11,2022-04-05,2022-07-04,2022-07-04,-1265394.5,77.2345,CIP forward to the settle date,-97732075.14,-97732075.14,roll following on the LME panel calendar,DIRECT,,-provisional_frac x q_bl x (factor x cash(bl) + premium),,P3
PLANNED_AT_TRADE_DATE,T02,USANCE_INTEREST:L1,USANCE_INTEREST,USANCE_INTEREST,PNL,USD,2022-03-11,2022-04-12,2022-07-04,2022-07-04,-5993.22,77.2345,CIP forward to the settle date,-462883.54,-462883.54,roll following on the LME panel calendar,PROXY,,-bill_usd x (usd_rate_3m_pa@acceptance + usance_interest_spread_pa) x days/360,,P3
PLANNED_AT_TRADE_DATE,T02,BILL_COMMISSION:L2,IMPORT_BILL_COMMISSION,IMPORT_BILL_COMMISSION,PNL,USD,2022-03-11,2022-07-12,2022-07-12,2022-07-12,-1519.54,77.2909,CIP forward to the settle date,-117446.35,-117446.35,roll following on the LME panel calendar,DIRECT,,-import_bill_commission_frac x bill_usd,,P3
PLANNED_AT_TRADE_DATE,T02,PURCHASE:L2,PURCHASE_PROVISIONAL,PURCHASE_PROVISIONAL,PNL,USD,2022-03-11,2022-04-13,2022-07-12,2022-07-12,-1266279.93,77.2909,CIP forward to the settle date,-97871960.96,-97871960.96,roll following on the LME panel calendar,DIRECT,,-provisional_frac x q_bl x (factor x cash(bl) + premium),,P3
PLANNED_AT_TRADE_DATE,T02,USANCE_INTEREST:L2,USANCE_INTEREST,USANCE_INTEREST,PNL,USD,2022-03-11,2022-04-20,2022-07-12,2022-07-12,-5997.42,77.2909,CIP forward to the settle date,-463546.08,-463546.08,roll following on the LME panel calendar,PROXY,,-bill_usd x (usd_rate_3m_pa@acceptance + usance_interest_spread_pa) x days/360,,P3
PLANNED_AT_TRADE_DATE,T03,MCX:T03-MCX-1,MCX_INITIAL_MARGIN,MCX_INITIAL_MARGIN,BS,INR,2022-03-23,2022-03-23,2022-03-23,2022-03-23,-21142474.62,1.0,n/a (INR flow),-21142474.62,-21142474.62,roll following on the LME panel calendar,PROXY,,-d(lots x lot_kg x F(s) x mcx_al_margin_used_frac),,P3
PLANNED_AT_TRADE_DATE,T03,MCX:T03-MCX-1,MCX_SLIPPAGE,MCX_SLIPPAGE,PNL,INR,2022-03-23,,2022-03-23,2022-03-23,-71500.0,1.0,n/a (INR flow),-71500.0,-71500.0,roll following on the LME panel calendar,ASSUMPTION,,-lots x lot_kg x mcx_slippage_ticks x tick,,P3
PLANNED_AT_TRADE_DATE,T03,MCX:T03-MCX-1,MCX_TRANSACTION_COST,MCX_TRANSACTION_COST,PNL,INR,2022-03-23,2022-03-23,2022-03-23,2022-03-23,-63405.97,1.0,n/a (INR flow),-63405.97,-63405.97,roll following on the LME panel calendar,ASSUMPTION,,-lots x lot_kg x fill x mcx_txn_cost_frac,,P3
PLANNED_AT_TRADE_DATE,T03,MCX:T03-MCX-1,MCX_VARIATION_MARGIN,MCX_VARIATION_MARGIN,PNL,INR,2022-03-23,2022-03-23,2022-03-23,2022-03-23,-0.0,1.0,n/a (INR flow),-0.0,-0.0,roll following on the LME panel calendar,PROXY,,direction x lots x lot_kg x (F(entry) - entry settle) = 0 by construction,,P3
PLANNED_AT_TRADE_DATE,T03,MCX:T03-MCX-1,MCX_INITIAL_MARGIN,MCX_INITIAL_MARGIN,BS,INR,2022-03-23,2022-03-24,2022-03-24,2022-03-24,-0.0,1.0,n/a (INR flow),-0.0,-0.0,roll following on the LME panel calendar,PROXY,,-d(lots x lot_kg x F(s) x mcx_al_margin_used_frac),,P3
PLANNED_AT_TRADE_DATE,T03,MCX:T03-MCX-1,MCX_VARIATION_MARGIN,MCX_VARIATION_MARGIN,PNL,INR,2022-03-23,2022-03-24,2022-03-24,2022-03-24,-0.0,1.0,n/a (INR flow),-0.0,-0.0,roll following on the LME panel calendar,PROXY,,direction x lots x lot_kg x (F(s) - F(s-1)),,P3
PLANNED_AT_TRADE_DATE,T03,MCX:T03-MCX-1,MCX_INITIAL_MARGIN,MCX_INITIAL_MARGIN,BS,INR,2022-03-23,2022-03-25,2022-03-25,2022-03-25,-0.0,1.0,n/a (INR flow),-0.0,-0.0,roll following on the LME panel calendar,PROXY,,-d(lots x lot_kg x F(s) x mcx_al_margin_used_frac),,P3
PLANNED_AT_TRADE_DATE,T03,MCX:T03-MCX-1,MCX_VARIATION_MARGIN,MCX_VARIATION_MARGIN,PNL,INR,2022-03-23,2022-03-25,2022-03-25,2022-03-25,-0.0,1.0,n/a (INR flow),-0.0,-0.0,roll following on the LME panel calendar,PROXY,,direction x lots x lot_kg x (F(s) - F(s-1)),,P3
PLANNED_AT_TRADE_DATE,T03,MCX:T03-MCX-1,MCX_INITIAL_MARGIN,MCX_INITIAL_MARGIN,BS,INR,2022-03-23,2022-03-28,2022-03-28,2022-03-28,-0.0,1.0,n/a (INR flow),-0.0,-0.0,roll following on the LME panel calendar,PROXY,,-d(lots x lot_kg x F(s) x mcx_al_margin_used_frac),,P3
PLANNED_AT_TRADE_DATE,T03,MCX:T03-MCX-1,MCX_VARIATION_MARGIN,MCX_VARIATION_MARGIN,PNL,INR,2022-03-23,2022-03-28,2022-03-28,2022-03-28,-0.0,1.0,n/a (INR flow),-0.0,-0.0,roll following on the LME panel calendar,PROXY,,direction x lots x lot_kg x (F(s) - F(s-1)),,P3
PLANNED_AT_TRADE_DATE,T03,MCX:T03-MCX-1,MCX_INITIAL_MARGIN,MCX_INITIAL_MARGIN,BS,INR,2022-03-23,2022-03-29,2022-03-29,2022-03-29,-0.0,1.0,n/a (INR flow),-0.0,-0.0,roll following on the LME panel calendar,PROXY,,-d(lots x lot_kg x F(s) x mcx_al_margin_used_frac),,P3
PLANNED_AT_TRADE_DATE,T03,MCX:T03-MCX-1,MCX_VARIATION_MARGIN,MCX_VARIATION_MARGIN,PNL,INR,2022-03-23,2022-03-29,2022-03-29,2022-03-29,-0.0,1.0,n/a (INR flow),-0.0,-0.0,roll following on the LME panel calendar,PROXY,,direction x lots x lot_kg x (F(s) - F(s-1)),,P3
PLANNED_AT_TRADE_DATE,T03,MCX:T03-MCX-1,MCX_INITIAL_MARGIN,MCX_INITIAL_MARGIN,BS,INR,2022-03-23,2022-03-30,2022-03-30,2022-03-30,-0.0,1.0,n/a (INR flow),-0.0,-0.0,roll following on the LME panel calendar,PROXY,,-d(lots x lot_kg x F(s) x mcx_al_margin_used_frac),,P3
PLANNED_AT_TRADE_DATE,T03,MCX:T03-MCX-1,MCX_VARIATION_MARGIN,MCX_VARIATION_MARGIN,PNL,INR,2022-03-23,2022-03-30,2022-03-30,2022-03-30,-0.0,1.0,n/a (INR flow),-0.0,-0.0,roll following on the LME panel calendar,PROXY,,direction x lots x lot_kg x (F(s) - F(s-1)),,P3
PLANNED_AT_TRADE_DATE,T03,MCX:T03-MCX-1,MCX_INITIAL_MARGIN,MCX_INITIAL_MARGIN,BS,INR,2022-03-23,2022-03-31,2022-03-31,2022-03-31,-0.0,1.0,n/a (INR flow),-0.0,-0.0,roll following on the LME panel calendar,PROXY,,-d(lots x lot_kg x F(s) x mcx_al_margin_used_frac),,P3
PLANNED_AT_TRADE_DATE,T03,MCX:T03-MCX-1,MCX_VARIATION_MARGIN,MCX_VARIATION_MARGIN,PNL,INR,2022-03-23,2022-03-31,2022-03-31,2022-03-31,-0.0,1.0,n/a (INR flow),-0.0,-0.0,roll following on the LME panel calendar,PROXY,,direction x lots x lot_kg x (F(s) - F(s-1)),,P3
PLANNED_AT_TRADE_DATE,T03,MCX:T03-MCX-1,MCX_INITIAL_MARGIN,MCX_INITIAL_MARGIN,BS,INR,2022-03-23,2022-04-01,2022-04-01,2022-04-01,-0.0,1.0,n/a (INR flow),-0.0,-0.0,roll following on the LME panel calendar,PROXY,,-d(lots x lot_kg x F(s) x mcx_al_margin_used_frac),,P3
PLANNED_AT_TRADE_DATE,T03,MCX:T03-MCX-1,MCX_VARIATION_MARGIN,MCX_VARIATION_MARGIN,PNL,INR,2022-03-23,2022-04-01,2022-04-01,2022-04-01,-0.0,1.0,n/a (INR flow),-0.0,-0.0,roll following on the LME panel calendar,PROXY,,direction x lots x lot_kg x (F(s) - F(s-1)),,P3
PLANNED_AT_TRADE_DATE,T03,MCX:T03-MCX-1,MCX_INITIAL_MARGIN,MCX_INITIAL_MARGIN,BS,INR,2022-03-23,2022-04-04,2022-04-04,2022-04-04,-0.0,1.0,n/a (INR flow),-0.0,-0.0,roll following on the LME panel calendar,PROXY,,-d(lots x lot_kg x F(s) x mcx_al_margin_used_frac),,P3
PLANNED_AT_TRADE_DATE,T03,MCX:T03-MCX-1,MCX_VARIATION_MARGIN,MCX_VARIATION_MARGIN,PNL,INR,2022-03-23,2022-04-04,2022-04-04,2022-04-04,-0.0,1.0,n/a (INR flow),-0.0,-0.0,roll following on the LME panel calendar,PROXY,,direction x lots x lot_kg x (F(s) - F(s-1)),,P3
PLANNED_AT_TRADE_DATE,T03,MCX:T03-MCX-1,MCX_INITIAL_MARGIN,MCX_INITIAL_MARGIN,BS,INR,2022-03-23,2022-04-05,2022-04-05,2022-04-05,-0.0,1.0,n/a (INR flow),-0.0,-0.0,roll following on the LME panel calendar,PROXY,,-d(lots x lot_kg x F(s) x mcx_al_margin_used_frac),,P3
PLANNED_AT_TRADE_DATE,T03,MCX:T03-MCX-1,MCX_VARIATION_MARGIN,MCX_VARIATION_MARGIN,PNL,INR,2022-03-23,2022-04-05,2022-04-05,2022-04-05,-0.0,1.0,n/a (INR flow),-0.0,-0.0,roll following on the LME panel calendar,PROXY,,direction x lots x lot_kg x (F(s) - F(s-1)),,P3
PLANNED_AT_TRADE_DATE,T03,MCX:T03-MCX-1,MCX_INITIAL_MARGIN,MCX_INITIAL_MARGIN,BS,INR,2022-03-23,2022-04-06,2022-04-06,2022-04-06,-0.0,1.0,n/a (INR flow),-0.0,-0.0,roll following on the LME panel calendar,PROXY,,-d(lots x lot_kg x F(s) x mcx_al_margin_used_frac),,P3
PLANNED_AT_TRADE_DATE,T03,MCX:T03-MCX-1,MCX_VARIATION_MARGIN,MCX_VARIATION_MARGIN,PNL,INR,2022-03-23,2022-04-06,2022-04-06,2022-04-06,-0.0,1.0,n/a (INR flow),-0.0,-0.0,roll following on the LME panel calendar,PROXY,,direction x lots x lot_kg x (F(s) - F(s-1)),,P3
PLANNED_AT_TRADE_DATE,T03,MCX:T03-MCX-1,MCX_INITIAL_MARGIN,MCX_INITIAL_MARGIN,BS,INR,2022-03-23,2022-04-07,2022-04-07,2022-04-07,-0.0,1.0,n/a (INR flow),-0.0,-0.0,roll following on the LME panel calendar,PROXY,,-d(lots x lot_kg x F(s) x mcx_al_margin_used_frac),,P3
PLANNED_AT_TRADE_DATE,T03,MCX:T03-MCX-1,MCX_VARIATION_MARGIN,MCX_VARIATION_MARGIN,PNL,INR,2022-03-23,2022-04-07,2022-04-07,2022-04-07,-0.0,1.0,n/a (INR flow),-0.0,-0.0,roll following on the LME panel calendar,PROXY,,direction x lots x lot_kg x (F(s) - F(s-1)),,P3
PLANNED_AT_TRADE_DATE,T03,MCX:T03-MCX-1,MCX_INITIAL_MARGIN,MCX_INITIAL_MARGIN,BS,INR,2022-03-23,2022-04-08,2022-04-08,2022-04-08,-0.0,1.0,n/a (INR flow),-0.0,-0.0,roll following on the LME panel calendar,PROXY,,-d(lots x lot_kg x F(s) x mcx_al_margin_used_frac),,P3
PLANNED_AT_TRADE_DATE,T03,MCX:T03-MCX-1,MCX_VARIATION_MARGIN,MCX_VARIATION_MARGIN,PNL,INR,2022-03-23,2022-04-08,2022-04-08,2022-04-08,-0.0,1.0,n/a (INR flow),-0.0,-0.0,roll following on the LME panel calendar,PROXY,,direction x lots x lot_kg x (F(s) - F(s-1)),,P3
PLANNED_AT_TRADE_DATE,T03,MCX:T03-MCX-1,MCX_INITIAL_MARGIN,MCX_INITIAL_MARGIN,BS,INR,2022-03-23,2022-04-11,2022-04-11,2022-04-11,-0.0,1.0,n/a (INR flow),-0.0,-0.0,roll following on the LME panel calendar,PROXY,,-d(lots x lot_kg x F(s) x mcx_al_margin_used_frac),,P3
PLANNED_AT_TRADE_DATE,T03,MCX:T03-MCX-1,MCX_VARIATION_MARGIN,MCX_VARIATION_MARGIN,PNL,INR,2022-03-23,2022-04-11,2022-04-11,2022-04-11,-0.0,1.0,n/a (INR flow),-0.0,-0.0,roll following on the LME panel calendar,PROXY,,direction x lots x lot_kg x (F(s) - F(s-1)),,P3
PLANNED_AT_TRADE_DATE,T03,MCX:T03-MCX-1,MCX_INITIAL_MARGIN,MCX_INITIAL_MARGIN,BS,INR,2022-03-23,2022-04-12,2022-04-12,2022-04-12,-0.0,1.0,n/a (INR flow),-0.0,-0.0,roll following on the LME panel calendar,PROXY,,-d(lots x lot_kg x F(s) x mcx_al_margin_used_frac),,P3
PLANNED_AT_TRADE_DATE,T03,MCX:T03-MCX-1,MCX_VARIATION_MARGIN,MCX_VARIATION_MARGIN,PNL,INR,2022-03-23,2022-04-12,2022-04-12,2022-04-12,-0.0,1.0,n/a (INR flow),-0.0,-0.0,roll following on the LME panel calendar,PROXY,,direction x lots x lot_kg x (F(s) - F(s-1)),,P3
PLANNED_AT_TRADE_DATE,T03,INSURANCE:L1,INSURANCE,INSURANCE,PNL,USD,2022-03-23,2022-04-13,2022-04-13,2022-04-13,-1630.2,76.5821,CIP forward to the settle date,-124844.07,-124844.07,roll following on the LME panel calendar,ASSUMPTION,,-insurance_rate x insured_value_uplift x cfr_value_usd,,P3
PLANNED_AT_TRADE_DATE,T03,MCX:T03-MCX-1,MCX_INITIAL_MARGIN,MCX_INITIAL_MARGIN,BS,INR,2022-03-23,2022-04-13,2022-04-13,2022-04-13,-0.0,1.0,n/a (INR flow),-0.0,-0.0,roll following on the LME panel calendar,PROXY,,-d(lots x lot_kg x F(s) x mcx_al_margin_used_frac),,P3
PLANNED_AT_TRADE_DATE,T03,MCX:T03-MCX-1,MCX_VARIATION_MARGIN,MCX_VARIATION_MARGIN,PNL,INR,2022-03-23,2022-04-13,2022-04-13,2022-04-13,-0.0,1.0,n/a (INR flow),-0.0,-0.0,roll following on the LME panel calendar,PROXY,,direction x lots x lot_kg x (F(s) - F(s-1)),,P3
PLANNED_AT_TRADE_DATE,T03,PSIC:L1,PSIC,PSIC,PNL,USD,2022-03-23,2022-04-13,2022-04-13,2022-04-13,-1200.0,76.5821,CIP forward to the settle date,-91898.47,-91898.47,roll following on the LME panel calendar,ASSUMPTION,,-psic_cost_usd_per_box x boxes,,P3
PLANNED_AT_TRADE_DATE,T03,MCX:T03-MCX-1,MCX_INITIAL_MARGIN,MCX_INITIAL_MARGIN,BS,INR,2022-03-23,2022-04-14,2022-04-14,2022-04-14,-0.0,1.0,n/a (INR flow),-0.0,-0.0,roll following on the LME panel calendar,PROXY,,-d(lots x lot_kg x F(s) x mcx_al_margin_used_frac),,P3
PLANNED_AT_TRADE_DATE,T03,MCX:T03-MCX-1,MCX_VARIATION_MARGIN,MCX_VARIATION_MARGIN,PNL,INR,2022-03-23,2022-04-14,2022-04-14,2022-04-14,-0.0,1.0,n/a (INR flow),-0.0,-0.0,roll following on the LME panel calendar,PROXY,,direction x lots x lot_kg x (F(s) - F(s-1)),,P3
PLANNED_AT_TRADE_DATE,T03,DUTY:L1,CUSTOMS_DUTY,CUSTOMS_DUTY,PNL,INR,2022-03-23,2022-04-19,2022-04-19,2022-04-19,-3137506.97,1.0,n/a (INR flow),-3137506.97,-3137506.97,roll following on the LME panel calendar,DIRECT,,-assessable_inr x bcd_scrap_hs7602 x (1 + sws_rate_on_bcd),,P3
PLANNED_AT_TRADE_DATE,T03,IGST:L1,IGST_IMPORT,IGST_IMPORT,BS,INR,2022-03-23,2022-04-19,2022-04-19,2022-04-19,-21101160.48,1.0,n/a (INR flow),-21101160.48,-21101160.48,roll following on the LME panel calendar,DIRECT,,-(assessable + duty) x igst_rate_hs7602,,P3
PLANNED_AT_TRADE_DATE,T03,MCX:T03-MCX-1,MCX_INITIAL_MARGIN,MCX_INITIAL_MARGIN,BS,INR,2022-03-23,2022-04-19,2022-04-19,2022-04-19,-0.0,1.0,n/a (INR flow),-0.0,-0.0,roll following on the LME panel calendar,PROXY,,-d(lots x lot_kg x F(s) x mcx_al_margin_used_frac),,P3
PLANNED_AT_TRADE_DATE,T03,MCX:T03-MCX-1,MCX_VARIATION_MARGIN,MCX_VARIATION_MARGIN,PNL,INR,2022-03-23,2022-04-19,2022-04-19,2022-04-19,-0.0,1.0,n/a (INR flow),-0.0,-0.0,roll following on the LME panel calendar,PROXY,,direction x lots x lot_kg x (F(s) - F(s-1)),,P3
PLANNED_AT_TRADE_DATE,T03,BILL_COMMISSION:L1,IMPORT_BILL_COMMISSION,IMPORT_BILL_COMMISSION,PNL,USD,2022-03-23,2022-04-20,2022-04-20,2022-04-20,-1778.4,76.63,CIP forward to the settle date,-136278.72,-136278.72,roll following on the LME panel calendar,DIRECT,,-import_bill_commission_frac x bill_usd,,P3
PLANNED_AT_TRADE_DATE,T03,FX:T03-FX-1,FX_FORWARD,FX_FORWARD,PNL,INR,2022-03-23,2022-04-20,2022-04-20,2022-04-20,-148200.0,1.0,n/a (INR flow),-148200.0,-148200.0,roll following on the LME panel calendar,PROXY,,"sign x notional x (X(tau, value_date) - K)",,P3
PLANNED_AT_TRADE_DATE,T03,MCX:T03-MCX-1,MCX_INITIAL_MARGIN,MCX_INITIAL_MARGIN,BS,INR,2022-03-23,2022-04-20,2022-04-20,2022-04-20,21142474.62,1.0,n/a (INR flow),21142474.62,21142474.62,roll following on the LME panel calendar,PROXY,,-d(lots x lot_kg x F(s) x mcx_al_margin_used_frac),,P3
PLANNED_AT_TRADE_DATE,T03,MCX:T03-MCX-1,MCX_VARIATION_MARGIN,MCX_VARIATION_MARGIN,PNL,INR,2022-03-23,2022-04-20,2022-04-20,2022-04-20,-0.0,1.0,n/a (INR flow),-0.0,-0.0,roll following on the LME panel calendar,PROXY,,direction x lots x lot_kg x (F(s) - F(s-1)),,P3
PLANNED_AT_TRADE_DATE,T03,PURCHASE:L1,PURCHASE_INVOICE,PURCHASE_INVOICE,PNL,USD,2022-03-23,,2022-04-20,2022-04-20,-1482000.0,76.63,CIP forward to the settle date,-113565599.32,-113565599.32,roll following on the LME panel calendar,SIM,,-q_bl x price_usd_t,,P3
PLANNED_AT_TRADE_DATE,T03,INSURANCE:L2,INSURANCE,INSURANCE,PNL,USD,2022-03-23,2022-04-22,2022-04-22,2022-04-22,-1630.2,76.6436,CIP forward to the settle date,-124944.47,-124944.47,roll following on the LME panel calendar,ASSUMPTION,,-insurance_rate x insured_value_uplift x cfr_value_usd,,P3
PLANNED_AT_TRADE_DATE,T03,PSIC:L2,PSIC,PSIC,PNL,USD,2022-03-23,2022-04-22,2022-04-22,2022-04-22,-1200.0,76.6436,CIP forward to the settle date,-91972.37,-91972.37,roll following on the LME panel calendar,ASSUMPTION,,-psic_cost_usd_per_box x boxes,,P3
PLANNED_AT_TRADE_DATE,T03,DUTY:L2,CUSTOMS_DUTY,CUSTOMS_DUTY,PNL,INR,2022-03-23,2022-04-28,2022-04-28,2022-04-28,-3137506.97,1.0,n/a (INR flow),-3137506.97,-3137506.97,roll following on the LME panel calendar,DIRECT,,-assessable_inr x bcd_scrap_hs7602 x (1 + sws_rate_on_bcd),,P3
PLANNED_AT_TRADE_DATE,T03,IGST:L2,IGST_IMPORT,IGST_IMPORT,BS,INR,2022-03-23,2022-04-28,2022-04-28,2022-04-28,-21101160.48,1.0,n/a (INR flow),-21101160.48,-21101160.48,roll following on the LME panel calendar,DIRECT,,-(assessable + duty) x igst_rate_hs7602,,P3
PLANNED_AT_TRADE_DATE,T03,PORT:L1,PORT_CHARGES,PORT_CHARGES,PNL,INR,2022-03-23,,2022-04-28,2022-04-28,-1200000.0,1.0,n/a (INR flow),-1200000.0,-1200000.0,roll following on the LME panel calendar,ASSUMPTION,,-port_cf_charges_inr_t x base_payload x cleared boxes,,P3
PLANNED_AT_TRADE_DATE,T03,BILL_COMMISSION:L2,IMPORT_BILL_COMMISSION,IMPORT_BILL_COMMISSION,PNL,USD,2022-03-23,2022-04-29,2022-04-29,2022-04-29,-1778.4,76.6915,CIP forward to the settle date,-136388.22,-136388.22,roll following on the LME panel calendar,DIRECT,,-import_bill_commission_frac x bill_usd,,P3
PLANNED_AT_TRADE_DATE,T03,FX:T03-FX-2,FX_FORWARD,FX_FORWARD,PNL,INR,2022-03-23,2022-04-29,2022-04-29,2022-04-29,-148200.0,1.0,n/a (INR flow),-148200.0,-148200.0,roll following on the LME panel calendar,PROXY,,"sign x notional x (X(tau, value_date) - K)",,P3
PLANNED_AT_TRADE_DATE,T03,PURCHASE:L2,PURCHASE_INVOICE,PURCHASE_INVOICE,PNL,USD,2022-03-23,,2022-04-29,2022-04-29,-1482000.0,76.6915,CIP forward to the settle date,-113656850.31,-113656850.31,roll following on the LME panel calendar,SIM,,-q_bl x price_usd_t,,P3
PLANNED_AT_TRADE_DATE,T03,PORT:L2,PORT_CHARGES,PORT_CHARGES,PNL,INR,2022-03-23,,2022-05-09,2022-05-09,-1200000.0,1.0,n/a (INR flow),-1200000.0,-1200000.0,roll following on the LME panel calendar,ASSUMPTION,,-port_cf_charges_inr_t x base_payload x cleared boxes,,P3
PLANNED_AT_TRADE_DATE,T03,IGST:L1,IGST_CREDIT,IGST_CREDIT,BS,INR,2022-03-23,2022-04-19,2022-06-06,2022-06-06,21101160.48,1.0,n/a (INR flow),21101160.48,21101160.48,roll following on the LME panel calendar,DIRECT,,+(assessable + duty) x igst_rate at igst_credit_lag_days,,P3
PLANNED_AT_TRADE_DATE,T03,IGST:L2,IGST_CREDIT,IGST_CREDIT,BS,INR,2022-03-23,2022-04-28,2022-06-13,2022-06-13,21101160.48,1.0,n/a (INR flow),21101160.48,21101160.48,roll following on the LME panel calendar,DIRECT,,+(assessable + duty) x igst_rate at igst_credit_lag_days,,P3
PLANNED_AT_TRADE_DATE,T04,MCX:T04-MCX-1,MCX_INITIAL_MARGIN,MCX_INITIAL_MARGIN,BS,INR,2022-04-06,2022-04-06,2022-04-06,2022-04-06,-12327038.17,1.0,n/a (INR flow),-12327038.17,-12327038.17,roll following on the LME panel calendar,PROXY,,-d(lots x lot_kg x F(s) x mcx_al_margin_used_frac),,P3
PLANNED_AT_TRADE_DATE,T04,MCX:T04-MCX-1,MCX_SLIPPAGE,MCX_SLIPPAGE,PNL,INR,2022-04-06,,2022-04-06,2022-04-06,-43500.0,1.0,n/a (INR flow),-43500.0,-43500.0,roll following on the LME panel calendar,ASSUMPTION,,-lots x lot_kg x mcx_slippage_ticks x tick,,P3
PLANNED_AT_TRADE_DATE,T04,MCX:T04-MCX-1,MCX_TRANSACTION_COST,MCX_TRANSACTION_COST,PNL,INR,2022-04-06,2022-04-06,2022-04-06,2022-04-06,-36968.06,1.0,n/a (INR flow),-36968.06,-36968.06,roll following on the LME panel calendar,ASSUMPTION,,-lots x lot_kg x fill x mcx_txn_cost_frac,,P3
PLANNED_AT_TRADE_DATE,T04,MCX:T04-MCX-1,MCX_VARIATION_MARGIN,MCX_VARIATION_MARGIN,PNL,INR,2022-04-06,2022-04-06,2022-04-06,2022-04-06,-0.0,1.0,n/a (INR flow),-0.0,-0.0,roll following on the LME panel calendar,PROXY,,direction x lots x lot_kg x (F(entry) - entry settle) = 0 by construction,,P3
PLANNED_AT_TRADE_DATE,T04,MCX:T04-MCX-1,MCX_INITIAL_MARGIN,MCX_INITIAL_MARGIN,BS,INR,2022-04-06,2022-04-07,2022-04-07,2022-04-07,-0.0,1.0,n/a (INR flow),-0.0,-0.0,roll following on the LME panel calendar,PROXY,,-d(lots x lot_kg x F(s) x mcx_al_margin_used_frac),,P3
PLANNED_AT_TRADE_DATE,T04,MCX:T04-MCX-1,MCX_VARIATION_MARGIN,MCX_VARIATION_MARGIN,PNL,INR,2022-04-06,2022-04-07,2022-04-07,2022-04-07,-0.0,1.0,n/a (INR flow),-0.0,-0.0,roll following on the LME panel calendar,PROXY,,direction x lots x lot_kg x (F(s) - F(s-1)),,P3
PLANNED_AT_TRADE_DATE,T04,MCX:T04-MCX-1,MCX_INITIAL_MARGIN,MCX_INITIAL_MARGIN,BS,INR,2022-04-06,2022-04-08,2022-04-08,2022-04-08,-0.0,1.0,n/a (INR flow),-0.0,-0.0,roll following on the LME panel calendar,PROXY,,-d(lots x lot_kg x F(s) x mcx_al_margin_used_frac),,P3
PLANNED_AT_TRADE_DATE,T04,MCX:T04-MCX-1,MCX_VARIATION_MARGIN,MCX_VARIATION_MARGIN,PNL,INR,2022-04-06,2022-04-08,2022-04-08,2022-04-08,-0.0,1.0,n/a (INR flow),-0.0,-0.0,roll following on the LME panel calendar,PROXY,,direction x lots x lot_kg x (F(s) - F(s-1)),,P3
PLANNED_AT_TRADE_DATE,T04,MCX:T04-MCX-1,MCX_INITIAL_MARGIN,MCX_INITIAL_MARGIN,BS,INR,2022-04-06,2022-04-11,2022-04-11,2022-04-11,-0.0,1.0,n/a (INR flow),-0.0,-0.0,roll following on the LME panel calendar,PROXY,,-d(lots x lot_kg x F(s) x mcx_al_margin_used_frac),,P3
PLANNED_AT_TRADE_DATE,T04,MCX:T04-MCX-1,MCX_VARIATION_MARGIN,MCX_VARIATION_MARGIN,PNL,INR,2022-04-06,2022-04-11,2022-04-11,2022-04-11,-0.0,1.0,n/a (INR flow),-0.0,-0.0,roll following on the LME panel calendar,PROXY,,direction x lots x lot_kg x (F(s) - F(s-1)),,P3
PLANNED_AT_TRADE_DATE,T04,MCX:T04-MCX-1,MCX_INITIAL_MARGIN,MCX_INITIAL_MARGIN,BS,INR,2022-04-06,2022-04-12,2022-04-12,2022-04-12,-0.0,1.0,n/a (INR flow),-0.0,-0.0,roll following on the LME panel calendar,PROXY,,-d(lots x lot_kg x F(s) x mcx_al_margin_used_frac),,P3
PLANNED_AT_TRADE_DATE,T04,MCX:T04-MCX-1,MCX_VARIATION_MARGIN,MCX_VARIATION_MARGIN,PNL,INR,2022-04-06,2022-04-12,2022-04-12,2022-04-12,-0.0,1.0,n/a (INR flow),-0.0,-0.0,roll following on the LME panel calendar,PROXY,,direction x lots x lot_kg x (F(s) - F(s-1)),,P3
PLANNED_AT_TRADE_DATE,T04,MCX:T04-MCX-1,MCX_INITIAL_MARGIN,MCX_INITIAL_MARGIN,BS,INR,2022-04-06,2022-04-13,2022-04-13,2022-04-13,-0.0,1.0,n/a (INR flow),-0.0,-0.0,roll following on the LME panel calendar,PROXY,,-d(lots x lot_kg x F(s) x mcx_al_margin_used_frac),,P3
PLANNED_AT_TRADE_DATE,T04,MCX:T04-MCX-1,MCX_VARIATION_MARGIN,MCX_VARIATION_MARGIN,PNL,INR,2022-04-06,2022-04-13,2022-04-13,2022-04-13,-0.0,1.0,n/a (INR flow),-0.0,-0.0,roll following on the LME panel calendar,PROXY,,direction x lots x lot_kg x (F(s) - F(s-1)),,P3
PLANNED_AT_TRADE_DATE,T04,MCX:T04-MCX-1,MCX_INITIAL_MARGIN,MCX_INITIAL_MARGIN,BS,INR,2022-04-06,2022-04-14,2022-04-14,2022-04-14,-0.0,1.0,n/a (INR flow),-0.0,-0.0,roll following on the LME panel calendar,PROXY,,-d(lots x lot_kg x F(s) x mcx_al_margin_used_frac),,P3
PLANNED_AT_TRADE_DATE,T04,MCX:T04-MCX-1,MCX_VARIATION_MARGIN,MCX_VARIATION_MARGIN,PNL,INR,2022-04-06,2022-04-14,2022-04-14,2022-04-14,-0.0,1.0,n/a (INR flow),-0.0,-0.0,roll following on the LME panel calendar,PROXY,,direction x lots x lot_kg x (F(s) - F(s-1)),,P3
PLANNED_AT_TRADE_DATE,T04,MCX:T04-MCX-1,MCX_INITIAL_MARGIN,MCX_INITIAL_MARGIN,BS,INR,2022-04-06,2022-04-19,2022-04-19,2022-04-19,-0.0,1.0,n/a (INR flow),-0.0,-0.0,roll following on the LME panel calendar,PROXY,,-d(lots x lot_kg x F(s) x mcx_al_margin_used_frac),,P3
PLANNED_AT_TRADE_DATE,T04,MCX:T04-MCX-1,MCX_VARIATION_MARGIN,MCX_VARIATION_MARGIN,PNL,INR,2022-04-06,2022-04-19,2022-04-19,2022-04-19,-0.0,1.0,n/a (INR flow),-0.0,-0.0,roll following on the LME panel calendar,PROXY,,direction x lots x lot_kg x (F(s) - F(s-1)),,P3
PLANNED_AT_TRADE_DATE,T04,MCX:T04-MCX-1,MCX_INITIAL_MARGIN,MCX_INITIAL_MARGIN,BS,INR,2022-04-06,2022-04-20,2022-04-20,2022-04-20,12327038.17,1.0,n/a (INR flow),12327038.17,12327038.17,roll following on the LME panel calendar,PROXY,,-d(lots x lot_kg x F(s) x mcx_al_margin_used_frac),,P3
PLANNED_AT_TRADE_DATE,T04,MCX:T04-MCX-1,MCX_VARIATION_MARGIN,MCX_VARIATION_MARGIN,PNL,INR,2022-04-06,2022-04-20,2022-04-20,2022-04-20,-0.0,1.0,n/a (INR flow),-0.0,-0.0,roll following on the LME panel calendar,PROXY,,direction x lots x lot_kg x (F(s) - F(s-1)),,P3
PLANNED_AT_TRADE_DATE,T04,FREIGHT:L1,FREIGHT,FREIGHT,PNL,USD,2022-04-06,2022-04-14,2022-04-27,2022-04-27,-59005.8,75.9763,CIP forward to the settle date,-4483045.21,-4483045.21,roll following on the LME panel calendar,ASSUMPTION,,"-boxes x (fixture rate once booked, else market box rate)",,P3
PLANNED_AT_TRADE_DATE,T04,INSURANCE:L1,INSURANCE,INSURANCE,PNL,USD,2022-04-06,2022-04-27,2022-04-27,2022-04-27,-1735.04,75.9763,CIP forward to the settle date,-131821.73,-131821.73,roll following on the LME panel calendar,ASSUMPTION,,-insurance_rate x insured_value_uplift x cfr_value_usd,,P3
PLANNED_AT_TRADE_DATE,T04,BILL_COMMISSION:L1,IMPORT_BILL_COMMISSION,IMPORT_BILL_COMMISSION,PNL,USD,2022-04-06,2022-05-04,2022-05-04,2022-05-04,-1821.96,76.0235,CIP forward to the settle date,-138511.79,-138511.79,roll following on the LME panel calendar,DIRECT,,-import_bill_commission_frac x bill_usd,,P3
PLANNED_AT_TRADE_DATE,T04,FREIGHT:L2,FREIGHT,FREIGHT,PNL,USD,2022-04-06,2022-04-14,2022-05-04,2022-05-04,-59005.8,76.0235,CIP forward to the settle date,-4485827.82,-4485827.82,roll following on the LME panel calendar,ASSUMPTION,,"-boxes x (fixture rate once booked, else market box rate)",,P3
PLANNED_AT_TRADE_DATE,T04,FX:T04-FX-1,FX_FORWARD,FX_FORWARD,PNL,INR,2022-04-06,2022-05-04,2022-05-04,2022-05-04,-151830.0,1.0,n/a (INR flow),-151830.0,-151830.0,roll following on the LME panel calendar,PROXY,,"sign x notional x (X(tau, value_date) - K)",,P3
PLANNED_AT_TRADE_DATE,T04,INSURANCE:L2,INSURANCE,INSURANCE,PNL,USD,2022-04-06,2022-05-04,2022-05-04,2022-05-04,-1735.04,76.0235,CIP forward to the settle date,-131903.55,-131903.55,roll following on the LME panel calendar,ASSUMPTION,,-insurance_rate x insured_value_uplift x cfr_value_usd,,P3
PLANNED_AT_TRADE_DATE,T04,PURCHASE:L1,PURCHASE_INVOICE,PURCHASE_INVOICE,PNL,USD,2022-04-06,,2022-05-04,2022-05-04,-1518300.0,76.0235,CIP forward to the settle date,-115426489.87,-115426489.87,roll following on the LME panel calendar,SIM,,-q_bl x price_usd_t,,P3
PLANNED_AT_TRADE_DATE,T04,BILL_COMMISSION:L2,IMPORT_BILL_COMMISSION,IMPORT_BILL_COMMISSION,PNL,USD,2022-04-06,2022-05-11,2022-05-11,2022-05-11,-1821.96,76.0707,CIP forward to the settle date,-138597.69,-138597.69,roll following on the LME panel calendar,DIRECT,,-import_bill_commission_frac x bill_usd,,P3
PLANNED_AT_TRADE_DATE,T04,FX:T04-FX-2,FX_FORWARD,FX_FORWARD,PNL,INR,2022-04-06,2022-05-11,2022-05-11,2022-05-11,-151830.0,1.0,n/a (INR flow),-151830.0,-151830.0,roll following on the LME panel calendar,PROXY,,"sign x notional x (X(tau, value_date) - K)",,P3
PLANNED_AT_TRADE_DATE,T04,PURCHASE:L2,PURCHASE_INVOICE,PURCHASE_INVOICE,PNL,USD,2022-04-06,,2022-05-11,2022-05-11,-1518300.0,76.0707,CIP forward to the settle date,-115498071.45,-115498071.45,roll following on the LME panel calendar,SIM,,-q_bl x price_usd_t,,P3
PLANNED_AT_TRADE_DATE,T04,DUTY:L1,CUSTOMS_DUTY,CUSTOMS_DUTY,PNL,INR,2022-04-06,2022-06-07,2022-06-07,2022-06-07,-3339276.61,1.0,n/a (INR flow),-3339276.61,-3339276.61,roll following on the LME panel calendar,DIRECT,,-assessable_inr x bcd_scrap_hs7602 x (1 + sws_rate_on_bcd),,P3
PLANNED_AT_TRADE_DATE,T04,IGST:L1,IGST_IMPORT,IGST_IMPORT,BS,INR,2022-04-06,2022-06-07,2022-06-07,2022-06-07,-22458153.05,1.0,n/a (INR flow),-22458153.05,-22458153.05,roll following on the LME panel calendar,DIRECT,,-(assessable + duty) x igst_rate_hs7602,,P3
PLANNED_AT_TRADE_DATE,T04,DUTY:L2,CUSTOMS_DUTY,CUSTOMS_DUTY,PNL,INR,2022-04-06,2022-06-14,2022-06-14,2022-06-14,-3339276.61,1.0,n/a (INR flow),-3339276.61,-3339276.61,roll following on the LME panel calendar,DIRECT,,-assessable_inr x bcd_scrap_hs7602 x (1 + sws_rate_on_bcd),,P3
PLANNED_AT_TRADE_DATE,T04,IGST:L2,IGST_IMPORT,IGST_IMPORT,BS,INR,2022-04-06,2022-06-14,2022-06-14,2022-06-14,-22458153.05,1.0,n/a (INR flow),-22458153.05,-22458153.05,roll following on the LME panel calendar,DIRECT,,-(assessable + duty) x igst_rate_hs7602,,P3
PLANNED_AT_TRADE_DATE,T04,PORT:L1,PORT_CHARGES,PORT_CHARGES,PNL,INR,2022-04-06,,2022-06-16,2022-06-16,-1669500.0,1.0,n/a (INR flow),-1669500.0,-1669500.0,roll following on the LME panel calendar,ASSUMPTION,,-port_cf_charges_inr_t x base_payload x cleared boxes,,P3
PLANNED_AT_TRADE_DATE,T04,PORT:L2,PORT_CHARGES,PORT_CHARGES,PNL,INR,2022-04-06,,2022-06-23,2022-06-23,-1669500.0,1.0,n/a (INR flow),-1669500.0,-1669500.0,roll following on the LME panel calendar,ASSUMPTION,,-port_cf_charges_inr_t x base_payload x cleared boxes,,P3
PLANNED_AT_TRADE_DATE,T04,IGST:L1,IGST_CREDIT,IGST_CREDIT,BS,INR,2022-04-06,2022-06-07,2022-07-22,2022-07-22,22458153.05,1.0,n/a (INR flow),22458153.05,22458153.05,roll following on the LME panel calendar,DIRECT,,+(assessable + duty) x igst_rate at igst_credit_lag_days,,P3
PLANNED_AT_TRADE_DATE,T04,IGST:L2,IGST_CREDIT,IGST_CREDIT,BS,INR,2022-04-06,2022-06-14,2022-07-29,2022-07-29,22458153.05,1.0,n/a (INR flow),22458153.05,22458153.05,roll following on the LME panel calendar,DIRECT,,+(assessable + duty) x igst_rate at igst_credit_lag_days,,P3
PLANNED_AT_TRADE_DATE,T05,MCX:T05-MCX-1,MCX_INITIAL_MARGIN,MCX_INITIAL_MARGIN,BS,INR,2022-04-21,2022-04-21,2022-04-21,2022-04-21,-14188038.03,1.0,n/a (INR flow),-14188038.03,-14188038.03,roll following on the LME panel calendar,PROXY,,-d(lots x lot_kg x F(s) x mcx_al_margin_used_frac),,P3
PLANNED_AT_TRADE_DATE,T05,MCX:T05-MCX-1,MCX_SLIPPAGE,MCX_SLIPPAGE,PNL,INR,2022-04-21,,2022-04-21,2022-04-21,-52500.0,1.0,n/a (INR flow),-52500.0,-52500.0,roll following on the LME panel calendar,ASSUMPTION,,-lots x lot_kg x mcx_slippage_ticks x tick,,P3
PLANNED_AT_TRADE_DATE,T05,MCX:T05-MCX-1,MCX_TRANSACTION_COST,MCX_TRANSACTION_COST,PNL,INR,2022-04-21,2022-04-21,2022-04-21,2022-04-21,-42548.36,1.0,n/a (INR flow),-42548.36,-42548.36,roll following on the LME panel calendar,ASSUMPTION,,-lots x lot_kg x fill x mcx_txn_cost_frac,,P3
PLANNED_AT_TRADE_DATE,T05,MCX:T05-MCX-1,MCX_VARIATION_MARGIN,MCX_VARIATION_MARGIN,PNL,INR,2022-04-21,2022-04-21,2022-04-21,2022-04-21,-0.0,1.0,n/a (INR flow),-0.0,-0.0,roll following on the LME panel calendar,PROXY,,direction x lots x lot_kg x (F(entry) - entry settle) = 0 by construction,,P3
PLANNED_AT_TRADE_DATE,T05,MCX:T05-MCX-1,MCX_INITIAL_MARGIN,MCX_INITIAL_MARGIN,BS,INR,2022-04-21,2022-04-22,2022-04-22,2022-04-22,-0.0,1.0,n/a (INR flow),-0.0,-0.0,roll following on the LME panel calendar,PROXY,,-d(lots x lot_kg x F(s) x mcx_al_margin_used_frac),,P3
PLANNED_AT_TRADE_DATE,T05,MCX:T05-MCX-1,MCX_VARIATION_MARGIN,MCX_VARIATION_MARGIN,PNL,INR,2022-04-21,2022-04-22,2022-04-22,2022-04-22,-0.0,1.0,n/a (INR flow),-0.0,-0.0,roll following on the LME panel calendar,PROXY,,direction x lots x lot_kg x (F(s) - F(s-1)),,P3
PLANNED_AT_TRADE_DATE,T05,MCX:T05-MCX-1,MCX_INITIAL_MARGIN,MCX_INITIAL_MARGIN,BS,INR,2022-04-21,2022-04-25,2022-04-25,2022-04-25,-0.0,1.0,n/a (INR flow),-0.0,-0.0,roll following on the LME panel calendar,PROXY,,-d(lots x lot_kg x F(s) x mcx_al_margin_used_frac),,P3
PLANNED_AT_TRADE_DATE,T05,MCX:T05-MCX-1,MCX_VARIATION_MARGIN,MCX_VARIATION_MARGIN,PNL,INR,2022-04-21,2022-04-25,2022-04-25,2022-04-25,-0.0,1.0,n/a (INR flow),-0.0,-0.0,roll following on the LME panel calendar,PROXY,,direction x lots x lot_kg x (F(s) - F(s-1)),,P3
PLANNED_AT_TRADE_DATE,T05,MCX:T05-MCX-1,MCX_INITIAL_MARGIN,MCX_INITIAL_MARGIN,BS,INR,2022-04-21,2022-04-26,2022-04-26,2022-04-26,-0.0,1.0,n/a (INR flow),-0.0,-0.0,roll following on the LME panel calendar,PROXY,,-d(lots x lot_kg x F(s) x mcx_al_margin_used_frac),,P3
PLANNED_AT_TRADE_DATE,T05,MCX:T05-MCX-1,MCX_VARIATION_MARGIN,MCX_VARIATION_MARGIN,PNL,INR,2022-04-21,2022-04-26,2022-04-26,2022-04-26,-0.0,1.0,n/a (INR flow),-0.0,-0.0,roll following on the LME panel calendar,PROXY,,direction x lots x lot_kg x (F(s) - F(s-1)),,P3
PLANNED_AT_TRADE_DATE,T05,MCX:T05-MCX-1,MCX_INITIAL_MARGIN,MCX_INITIAL_MARGIN,BS,INR,2022-04-21,2022-04-27,2022-04-27,2022-04-27,-0.0,1.0,n/a (INR flow),-0.0,-0.0,roll following on the LME panel calendar,PROXY,,-d(lots x lot_kg x F(s) x mcx_al_margin_used_frac),,P3
PLANNED_AT_TRADE_DATE,T05,MCX:T05-MCX-1,MCX_VARIATION_MARGIN,MCX_VARIATION_MARGIN,PNL,INR,2022-04-21,2022-04-27,2022-04-27,2022-04-27,-0.0,1.0,n/a (INR flow),-0.0,-0.0,roll following on the LME panel calendar,PROXY,,direction x lots x lot_kg x (F(s) - F(s-1)),,P3
PLANNED_AT_TRADE_DATE,T05,MCX:T05-MCX-1,MCX_INITIAL_MARGIN,MCX_INITIAL_MARGIN,BS,INR,2022-04-21,2022-04-28,2022-04-28,2022-04-28,-0.0,1.0,n/a (INR flow),-0.0,-0.0,roll following on the LME panel calendar,PROXY,,-d(lots x lot_kg x F(s) x mcx_al_margin_used_frac),,P3
PLANNED_AT_TRADE_DATE,T05,MCX:T05-MCX-1,MCX_VARIATION_MARGIN,MCX_VARIATION_MARGIN,PNL,INR,2022-04-21,2022-04-28,2022-04-28,2022-04-28,-0.0,1.0,n/a (INR flow),-0.0,-0.0,roll following on the LME panel calendar,PROXY,,direction x lots x lot_kg x (F(s) - F(s-1)),,P3
PLANNED_AT_TRADE_DATE,T05,MCX:T05-MCX-1,MCX_INITIAL_MARGIN,MCX_INITIAL_MARGIN,BS,INR,2022-04-21,2022-04-29,2022-04-29,2022-04-29,-0.0,1.0,n/a (INR flow),-0.0,-0.0,roll following on the LME panel calendar,PROXY,,-d(lots x lot_kg x F(s) x mcx_al_margin_used_frac),,P3
PLANNED_AT_TRADE_DATE,T05,MCX:T05-MCX-1,MCX_VARIATION_MARGIN,MCX_VARIATION_MARGIN,PNL,INR,2022-04-21,2022-04-29,2022-04-29,2022-04-29,-0.0,1.0,n/a (INR flow),-0.0,-0.0,roll following on the LME panel calendar,PROXY,,direction x lots x lot_kg x (F(s) - F(s-1)),,P3
PLANNED_AT_TRADE_DATE,T05,MCX:T05-MCX-1,MCX_INITIAL_MARGIN,MCX_INITIAL_MARGIN,BS,INR,2022-04-21,2022-05-03,2022-05-03,2022-05-03,-0.0,1.0,n/a (INR flow),-0.0,-0.0,roll following on the LME panel calendar,PROXY,,-d(lots x lot_kg x F(s) x mcx_al_margin_used_frac),,P3
PLANNED_AT_TRADE_DATE,T05,MCX:T05-MCX-1,MCX_VARIATION_MARGIN,MCX_VARIATION_MARGIN,PNL,INR,2022-04-21,2022-05-03,2022-05-03,2022-05-03,-0.0,1.0,n/a (INR flow),-0.0,-0.0,roll following on the LME panel calendar,PROXY,,direction x lots x lot_kg x (F(s) - F(s-1)),,P3
PLANNED_AT_TRADE_DATE,T05,MCX:T05-MCX-1,MCX_INITIAL_MARGIN,MCX_INITIAL_MARGIN,BS,INR,2022-04-21,2022-05-04,2022-05-04,2022-05-04,-0.0,1.0,n/a (INR flow),-0.0,-0.0,roll following on the LME panel calendar,PROXY,,-d(lots x lot_kg x F(s) x mcx_al_margin_used_frac),,P3
PLANNED_AT_TRADE_DATE,T05,MCX:T05-MCX-1,MCX_VARIATION_MARGIN,MCX_VARIATION_MARGIN,PNL,INR,2022-04-21,2022-05-04,2022-05-04,2022-05-04,-0.0,1.0,n/a (INR flow),-0.0,-0.0,roll following on the LME panel calendar,PROXY,,direction x lots x lot_kg x (F(s) - F(s-1)),,P3
PLANNED_AT_TRADE_DATE,T05,MCX:T05-MCX-1,MCX_INITIAL_MARGIN,MCX_INITIAL_MARGIN,BS,INR,2022-04-21,2022-05-05,2022-05-05,2022-05-05,-0.0,1.0,n/a (INR flow),-0.0,-0.0,roll following on the LME panel calendar,PROXY,,-d(lots x lot_kg x F(s) x mcx_al_margin_used_frac),,P3
PLANNED_AT_TRADE_DATE,T05,MCX:T05-MCX-1,MCX_VARIATION_MARGIN,MCX_VARIATION_MARGIN,PNL,INR,2022-04-21,2022-05-05,2022-05-05,2022-05-05,-0.0,1.0,n/a (INR flow),-0.0,-0.0,roll following on the LME panel calendar,PROXY,,direction x lots x lot_kg x (F(s) - F(s-1)),,P3
PLANNED_AT_TRADE_DATE,T05,MCX:T05-MCX-1,MCX_INITIAL_MARGIN,MCX_INITIAL_MARGIN,BS,INR,2022-04-21,2022-05-06,2022-05-06,2022-05-06,-0.0,1.0,n/a (INR flow),-0.0,-0.0,roll following on the LME panel calendar,PROXY,,-d(lots x lot_kg x F(s) x mcx_al_margin_used_frac),,P3
PLANNED_AT_TRADE_DATE,T05,MCX:T05-MCX-1,MCX_VARIATION_MARGIN,MCX_VARIATION_MARGIN,PNL,INR,2022-04-21,2022-05-06,2022-05-06,2022-05-06,-0.0,1.0,n/a (INR flow),-0.0,-0.0,roll following on the LME panel calendar,PROXY,,direction x lots x lot_kg x (F(s) - F(s-1)),,P3
PLANNED_AT_TRADE_DATE,T05,MCX:T05-MCX-1,MCX_INITIAL_MARGIN,MCX_INITIAL_MARGIN,BS,INR,2022-04-21,2022-05-09,2022-05-09,2022-05-09,-0.0,1.0,n/a (INR flow),-0.0,-0.0,roll following on the LME panel calendar,PROXY,,-d(lots x lot_kg x F(s) x mcx_al_margin_used_frac),,P3
PLANNED_AT_TRADE_DATE,T05,MCX:T05-MCX-1,MCX_VARIATION_MARGIN,MCX_VARIATION_MARGIN,PNL,INR,2022-04-21,2022-05-09,2022-05-09,2022-05-09,-0.0,1.0,n/a (INR flow),-0.0,-0.0,roll following on the LME panel calendar,PROXY,,direction x lots x lot_kg x (F(s) - F(s-1)),,P3
PLANNED_AT_TRADE_DATE,T05,INSURANCE:L1,INSURANCE,INSURANCE,PNL,USD,2022-04-21,2022-05-10,2022-05-10,2022-05-10,-2647.23,76.3283,CIP forward to the settle date,-202058.85,-202058.85,roll following on the LME panel calendar,ASSUMPTION,,-insurance_rate x insured_value_uplift x cfr_value_usd,,P3
PLANNED_AT_TRADE_DATE,T05,MCX:T05-MCX-1,MCX_INITIAL_MARGIN,MCX_INITIAL_MARGIN,BS,INR,2022-04-21,2022-05-10,2022-05-10,2022-05-10,-0.0,1.0,n/a (INR flow),-0.0,-0.0,roll following on the LME panel calendar,PROXY,,-d(lots x lot_kg x F(s) x mcx_al_margin_used_frac),,P3
PLANNED_AT_TRADE_DATE,T05,MCX:T05-MCX-1,MCX_VARIATION_MARGIN,MCX_VARIATION_MARGIN,PNL,INR,2022-04-21,2022-05-10,2022-05-10,2022-05-10,-0.0,1.0,n/a (INR flow),-0.0,-0.0,roll following on the LME panel calendar,PROXY,,direction x lots x lot_kg x (F(s) - F(s-1)),,P3
PLANNED_AT_TRADE_DATE,T05,MCX:T05-MCX-1,MCX_INITIAL_MARGIN,MCX_INITIAL_MARGIN,BS,INR,2022-04-21,2022-05-11,2022-05-11,2022-05-11,-0.0,1.0,n/a (INR flow),-0.0,-0.0,roll following on the LME panel calendar,PROXY,,-d(lots x lot_kg x F(s) x mcx_al_margin_used_frac),,P3
PLANNED_AT_TRADE_DATE,T05,MCX:T05-MCX-1,MCX_VARIATION_MARGIN,MCX_VARIATION_MARGIN,PNL,INR,2022-04-21,2022-05-11,2022-05-11,2022-05-11,-0.0,1.0,n/a (INR flow),-0.0,-0.0,roll following on the LME panel calendar,PROXY,,direction x lots x lot_kg x (F(s) - F(s-1)),,P3
PLANNED_AT_TRADE_DATE,T05,MCX:T05-MCX-1,MCX_INITIAL_MARGIN,MCX_INITIAL_MARGIN,BS,INR,2022-04-21,2022-05-12,2022-05-12,2022-05-12,-0.0,1.0,n/a (INR flow),-0.0,-0.0,roll following on the LME panel calendar,PROXY,,-d(lots x lot_kg x F(s) x mcx_al_margin_used_frac),,P3
PLANNED_AT_TRADE_DATE,T05,MCX:T05-MCX-1,MCX_VARIATION_MARGIN,MCX_VARIATION_MARGIN,PNL,INR,2022-04-21,2022-05-12,2022-05-12,2022-05-12,-0.0,1.0,n/a (INR flow),-0.0,-0.0,roll following on the LME panel calendar,PROXY,,direction x lots x lot_kg x (F(s) - F(s-1)),,P3
PLANNED_AT_TRADE_DATE,T05,MCX:T05-MCX-1,MCX_INITIAL_MARGIN,MCX_INITIAL_MARGIN,BS,INR,2022-04-21,2022-05-13,2022-05-13,2022-05-13,-0.0,1.0,n/a (INR flow),-0.0,-0.0,roll following on the LME panel calendar,PROXY,,-d(lots x lot_kg x F(s) x mcx_al_margin_used_frac),,P3
PLANNED_AT_TRADE_DATE,T05,MCX:T05-MCX-1,MCX_VARIATION_MARGIN,MCX_VARIATION_MARGIN,PNL,INR,2022-04-21,2022-05-13,2022-05-13,2022-05-13,-0.0,1.0,n/a (INR flow),-0.0,-0.0,roll following on the LME panel calendar,PROXY,,direction x lots x lot_kg x (F(s) - F(s-1)),,P3
PLANNED_AT_TRADE_DATE,T05,MCX:T05-MCX-1,MCX_INITIAL_MARGIN,MCX_INITIAL_MARGIN,BS,INR,2022-04-21,2022-05-16,2022-05-16,2022-05-16,-0.0,1.0,n/a (INR flow),-0.0,-0.0,roll following on the LME panel calendar,PROXY,,-d(lots x lot_kg x F(s) x mcx_al_margin_used_frac),,P3
PLANNED_AT_TRADE_DATE,T05,MCX:T05-MCX-1,MCX_VARIATION_MARGIN,MCX_VARIATION_MARGIN,PNL,INR,2022-04-21,2022-05-16,2022-05-16,2022-05-16,-0.0,1.0,n/a (INR flow),-0.0,-0.0,roll following on the LME panel calendar,PROXY,,direction x lots x lot_kg x (F(s) - F(s-1)),,P3
PLANNED_AT_TRADE_DATE,T05,LC_USANCE_FEE:L1,LC_USANCE_FEE,LC_USANCE_FEE,PNL,USD,2022-04-21,2022-05-17,2022-05-17,2022-05-17,-3200.74,76.3735,CIP forward to the settle date,-244452.18,-244452.18,roll following on the LME panel calendar,DIRECT,,-lc_usance_fee_frac_per_month x ceil(usance/30) x bill_usd,,P3
PLANNED_AT_TRADE_DATE,T05,MCX:T05-MCX-1,MCX_INITIAL_MARGIN,MCX_INITIAL_MARGIN,BS,INR,2022-04-21,2022-05-17,2022-05-17,2022-05-17,-0.0,1.0,n/a (INR flow),-0.0,-0.0,roll following on the LME panel calendar,PROXY,,-d(lots x lot_kg x F(s) x mcx_al_margin_used_frac),,P3
PLANNED_AT_TRADE_DATE,T05,MCX:T05-MCX-1,MCX_VARIATION_MARGIN,MCX_VARIATION_MARGIN,PNL,INR,2022-04-21,2022-05-17,2022-05-17,2022-05-17,-0.0,1.0,n/a (INR flow),-0.0,-0.0,roll following on the LME panel calendar,PROXY,,direction x lots x lot_kg x (F(s) - F(s-1)),,P3
PLANNED_AT_TRADE_DATE,T05,INSURANCE:L2,INSURANCE,INSURANCE,PNL,USD,2022-04-21,2022-05-18,2022-05-18,2022-05-18,-2648.23,76.38,CIP forward to the settle date,-202271.8,-202271.8,roll following on the LME panel calendar,ASSUMPTION,,-insurance_rate x insured_value_uplift x cfr_value_usd,,P3
PLANNED_AT_TRADE_DATE,T05,MCX:T05-MCX-1,MCX_INITIAL_MARGIN,MCX_INITIAL_MARGIN,BS,INR,2022-04-21,2022-05-18,2022-05-18,2022-05-18,-0.0,1.0,n/a (INR flow),-0.0,-0.0,roll following on the LME panel calendar,PROXY,,-d(lots x lot_kg x F(s) x mcx_al_margin_used_frac),,P3
PLANNED_AT_TRADE_DATE,T05,MCX:T05-MCX-1,MCX_VARIATION_MARGIN,MCX_VARIATION_MARGIN,PNL,INR,2022-04-21,2022-05-18,2022-05-18,2022-05-18,-0.0,1.0,n/a (INR flow),-0.0,-0.0,roll following on the LME panel calendar,PROXY,,direction x lots x lot_kg x (F(s) - F(s-1)),,P3
PLANNED_AT_TRADE_DATE,T05,MCX:T05-MCX-1,MCX_INITIAL_MARGIN,MCX_INITIAL_MARGIN,BS,INR,2022-04-21,2022-05-19,2022-05-19,2022-05-19,-0.0,1.0,n/a (INR flow),-0.0,-0.0,roll following on the LME panel calendar,PROXY,,-d(lots x lot_kg x F(s) x mcx_al_margin_used_frac),,P3
PLANNED_AT_TRADE_DATE,T05,MCX:T05-MCX-1,MCX_VARIATION_MARGIN,MCX_VARIATION_MARGIN,PNL,INR,2022-04-21,2022-05-19,2022-05-19,2022-05-19,-0.0,1.0,n/a (INR flow),-0.0,-0.0,roll following on the LME panel calendar,PROXY,,direction x lots x lot_kg x (F(s) - F(s-1)),,P3
PLANNED_AT_TRADE_DATE,T05,MCX:T05-MCX-1,MCX_INITIAL_MARGIN,MCX_INITIAL_MARGIN,BS,INR,2022-04-21,2022-05-20,2022-05-20,2022-05-20,14188038.03,1.0,n/a (INR flow),14188038.03,14188038.03,roll following on the LME panel calendar,PROXY,,-d(lots x lot_kg x F(s) x mcx_al_margin_used_frac),,P3
PLANNED_AT_TRADE_DATE,T05,MCX:T05-MCX-1,MCX_VARIATION_MARGIN,MCX_VARIATION_MARGIN,PNL,INR,2022-04-21,2022-05-20,2022-05-20,2022-05-20,-0.0,1.0,n/a (INR flow),-0.0,-0.0,roll following on the LME panel calendar,PROXY,,direction x lots x lot_kg x (F(s) - F(s-1)),,P3
PLANNED_AT_TRADE_DATE,T05,LC_USANCE_FEE:L2,LC_USANCE_FEE,LC_USANCE_FEE,PNL,USD,2022-04-21,2022-05-25,2022-05-25,2022-05-25,-3201.95,76.4252,CIP forward to the settle date,-244709.65,-244709.65,roll following on the LME panel calendar,DIRECT,,-lc_usance_fee_frac_per_month x ceil(usance/30) x bill_usd,,P3
PLANNED_AT_TRADE_DATE,T05,DUTY:L1,CUSTOMS_DUTY,CUSTOMS_DUTY,PNL,INR,2022-04-21,2022-06-20,2022-06-20,2022-06-20,-5088276.93,1.0,n/a (INR flow),-5088276.93,-5088276.93,roll following on the LME panel calendar,DIRECT,,-assessable_inr x bcd_scrap_hs7602 x (1 + sws_rate_on_bcd),,P3
PLANNED_AT_TRADE_DATE,T05,IGST:L1,IGST_IMPORT,IGST_IMPORT,BS,INR,2022-04-21,2022-06-20,2022-06-20,2022-06-20,-34220975.22,1.0,n/a (INR flow),-34220975.22,-34220975.22,roll following on the LME panel calendar,DIRECT,,-(assessable + duty) x igst_rate_hs7602,,P3
PLANNED_AT_TRADE_DATE,T05,DUTY:L2,CUSTOMS_DUTY,CUSTOMS_DUTY,PNL,INR,2022-04-21,2022-06-28,2022-06-28,2022-06-28,-5090195.05,1.0,n/a (INR flow),-5090195.05,-5090195.05,roll following on the LME panel calendar,DIRECT,,-assessable_inr x bcd_scrap_hs7602 x (1 + sws_rate_on_bcd),,P3
PLANNED_AT_TRADE_DATE,T05,IGST:L2,IGST_IMPORT,IGST_IMPORT,BS,INR,2022-04-21,2022-06-28,2022-06-28,2022-06-28,-34233875.41,1.0,n/a (INR flow),-34233875.41,-34233875.41,roll following on the LME panel calendar,DIRECT,,-(assessable + duty) x igst_rate_hs7602,,P3
PLANNED_AT_TRADE_DATE,T05,PORT:L1,PORT_CHARGES,PORT_CHARGES,PNL,INR,2022-04-21,,2022-06-29,2022-06-29,-2782500.0,1.0,n/a (INR flow),-2782500.0,-2782500.0,roll following on the LME panel calendar,ASSUMPTION,,-port_cf_charges_inr_t x base_payload x cleared boxes,,P3
PLANNED_AT_TRADE_DATE,T05,FX:T05-FX-3,FX_FORWARD,FX_FORWARD,PNL,INR,2022-04-21,2022-07-01,2022-07-01,2022-07-01,-20000.0,1.0,n/a (INR flow),-20000.0,-20000.0,roll following on the LME panel calendar,PROXY,,"sign x notional x (X(tau, value_date) - K)",,P3
PLANNED_AT_TRADE_DATE,T05,DUTY:L1,CUSTOMS_DUTY_DIFFERENTIAL,CUSTOMS_DUTY_DIFFERENTIAL,PNL,INR,2022-04-21,2022-07-07,2022-07-07,2022-07-07,-9111.04,1.0,n/a (INR flow),-9111.04,-9111.04,roll following on the LME panel calendar,DIRECT,,-dAV x bcd x (1 + sws) on (P_final - P_provisional),,P3
PLANNED_AT_TRADE_DATE,T05,DUTY:L2,CUSTOMS_DUTY_DIFFERENTIAL,CUSTOMS_DUTY_DIFFERENTIAL,PNL,INR,2022-04-21,2022-07-07,2022-07-07,2022-07-07,-7192.93,1.0,n/a (INR flow),-7192.93,-7192.93,roll following on the LME panel calendar,DIRECT,,-dAV x bcd x (1 + sws) on (P_final - P_provisional),,P3
PLANNED_AT_TRADE_DATE,T05,PORT:L2,PORT_CHARGES,PORT_CHARGES,PNL,INR,2022-04-21,,2022-07-07,2022-07-07,-2782500.0,1.0,n/a (INR flow),-2782500.0,-2782500.0,roll following on the LME panel calendar,ASSUMPTION,,-port_cf_charges_inr_t x base_payload x cleared boxes,,P3
PLANNED_AT_TRADE_DATE,T05,PURCHASE:L1,PURCHASE_FINAL,PURCHASE_FINAL,PNL,USD,2022-04-21,2022-06-30,2022-07-07,2022-07-07,-124637.94,76.7024,CIP forward to the settle date,-9560026.07,-9560026.07,roll following on the LME panel calendar,DIRECT,,-(q_acc x (factor x A_P + premium) x (1 - disc) - provisional),,P3
PLANNED_AT_TRADE_DATE,T05,PURCHASE:L2,PURCHASE_FINAL,PURCHASE_FINAL,PNL,USD,2022-04-21,2022-06-30,2022-07-07,2022-07-07,-123776.1,76.7024,CIP forward to the settle date,-9493920.89,-9493920.89,roll following on the LME panel calendar,DIRECT,,-(q_acc x (factor x A_P + premium) x (1 - disc) - provisional),,P3
PLANNED_AT_TRADE_DATE,T05,BILL_COMMISSION:L1,IMPORT_BILL_COMMISSION,IMPORT_BILL_COMMISSION,PNL,USD,2022-04-21,2022-07-11,2022-07-11,2022-07-11,-2743.5,76.7281,CIP forward to the settle date,-210503.27,-210503.27,roll following on the LME panel calendar,DIRECT,,-import_bill_commission_frac x bill_usd,,P3
PLANNED_AT_TRADE_DATE,T05,PURCHASE:L1,PURCHASE_PROVISIONAL,PURCHASE_PROVISIONAL,PNL,USD,2022-04-21,2022-05-10,2022-07-11,2022-07-11,-2286246.06,76.7281,CIP forward to the settle date,-175419395.18,-175419395.18,roll following on the LME panel calendar,DIRECT,,-provisional_frac x q_bl x (factor x cash(bl) + premium),,P3
PLANNED_AT_TRADE_DATE,T05,USANCE_INTEREST:L1,USANCE_INTEREST,USANCE_INTEREST,PNL,USD,2022-04-21,2022-05-17,2022-07-11,2022-07-11,-8834.82,76.7281,CIP forward to the settle date,-677879.02,-677879.02,roll following on the LME panel calendar,PROXY,,-bill_usd x (usd_rate_3m_pa@acceptance + usance_interest_spread_pa) x days/360,,P3
PLANNED_AT_TRADE_DATE,T05,BILL_COMMISSION:L2,IMPORT_BILL_COMMISSION,IMPORT_BILL_COMMISSION,PNL,USD,2022-04-21,2022-07-18,2022-07-18,2022-07-18,-2744.53,76.7732,CIP forward to the settle date,-210706.32,-210706.32,roll following on the LME panel calendar,DIRECT,,-import_bill_commission_frac x bill_usd,,P3
PLANNED_AT_TRADE_DATE,T05,PURCHASE:L2,PURCHASE_PROVISIONAL,PURCHASE_PROVISIONAL,PNL,USD,2022-04-21,2022-05-18,2022-07-18,2022-07-18,-2287107.9,76.7732,CIP forward to the settle date,-175588595.93,-175588595.93,roll following on the LME panel calendar,DIRECT,,-provisional_frac x q_bl x (factor x cash(bl) + premium),,P3
PLANNED_AT_TRADE_DATE,T05,USANCE_INTEREST:L2,USANCE_INTEREST,USANCE_INTEREST,PNL,USD,2022-04-21,2022-05-25,2022-07-18,2022-07-18,-8838.15,76.7732,CIP forward to the settle date,-678532.86,-678532.86,roll following on the LME panel calendar,PROXY,,-bill_usd x (usd_rate_3m_pa@acceptance + usance_interest_spread_pa) x days/360,,P3
PLANNED_AT_TRADE_DATE,T05,IGST:L1,IGST_CREDIT,IGST_CREDIT,BS,INR,2022-04-21,2022-06-20,2022-08-04,2022-08-04,34220975.22,1.0,n/a (INR flow),34220975.22,34220975.22,roll following on the LME panel calendar,DIRECT,,+(assessable + duty) x igst_rate at igst_credit_lag_days,,P3
PLANNED_AT_TRADE_DATE,T05,SALE:S1,SALE_BALANCE,SALE_BALANCE,PNL,INR,2022-04-21,2022-07-08,2022-08-08,2022-08-08,436210598.95,1.0,n/a (INR flow),436210598.95,436210598.95,roll following on the LME panel calendar,SIM,,+q_acc x P_sale x (1 - disc passthrough) - advance,,P3
PLANNED_AT_TRADE_DATE,T05,IGST:L2,IGST_CREDIT,IGST_CREDIT,BS,INR,2022-04-21,2022-06-28,2022-08-12,2022-08-12,34233875.41,1.0,n/a (INR flow),34233875.41,34233875.41,roll following on the LME panel calendar,DIRECT,,+(assessable + duty) x igst_rate at igst_credit_lag_days,,P3
PLANNED_AT_TRADE_DATE,T06,MCX:T06-MCX-1,MCX_INITIAL_MARGIN,MCX_INITIAL_MARGIN,BS,INR,2022-05-10,2022-05-10,2022-05-10,2022-05-10,-19756379.54,1.0,n/a (INR flow),-19756379.54,-19756379.54,roll following on the LME panel calendar,PROXY,,-d(lots x lot_kg x F(s) x mcx_al_margin_used_frac),,P3
PLANNED_AT_TRADE_DATE,T06,MCX:T06-MCX-1,MCX_SLIPPAGE,MCX_SLIPPAGE,PNL,INR,2022-05-10,,2022-05-10,2022-05-10,-88000.0,1.0,n/a (INR flow),-88000.0,-88000.0,roll following on the LME panel calendar,ASSUMPTION,,-lots x lot_kg x mcx_slippage_ticks x tick,,P3
PLANNED_AT_TRADE_DATE,T06,MCX:T06-MCX-1,MCX_TRANSACTION_COST,MCX_TRANSACTION_COST,PNL,INR,2022-05-10,2022-05-10,2022-05-10,2022-05-10,-59242.74,1.0,n/a (INR flow),-59242.74,-59242.74,roll following on the LME panel calendar,ASSUMPTION,,-lots x lot_kg x fill x mcx_txn_cost_frac,,P3
PLANNED_AT_TRADE_DATE,T06,MCX:T06-MCX-1,MCX_VARIATION_MARGIN,MCX_VARIATION_MARGIN,PNL,INR,2022-05-10,2022-05-10,2022-05-10,2022-05-10,-0.0,1.0,n/a (INR flow),-0.0,-0.0,roll following on the LME panel calendar,PROXY,,direction x lots x lot_kg x (F(entry) - entry settle) = 0 by construction,,P3
PLANNED_AT_TRADE_DATE,T06,MCX:T06-MCX-1,MCX_INITIAL_MARGIN,MCX_INITIAL_MARGIN,BS,INR,2022-05-10,2022-05-11,2022-05-11,2022-05-11,-0.0,1.0,n/a (INR flow),-0.0,-0.0,roll following on the LME panel calendar,PROXY,,-d(lots x lot_kg x F(s) x mcx_al_margin_used_frac),,P3
PLANNED_AT_TRADE_DATE,T06,MCX:T06-MCX-1,MCX_VARIATION_MARGIN,MCX_VARIATION_MARGIN,PNL,INR,2022-05-10,2022-05-11,2022-05-11,2022-05-11,-0.0,1.0,n/a (INR flow),-0.0,-0.0,roll following on the LME panel calendar,PROXY,,direction x lots x lot_kg x (F(s) - F(s-1)),,P3
PLANNED_AT_TRADE_DATE,T06,MCX:T06-MCX-1,MCX_INITIAL_MARGIN,MCX_INITIAL_MARGIN,BS,INR,2022-05-10,2022-05-12,2022-05-12,2022-05-12,-0.0,1.0,n/a (INR flow),-0.0,-0.0,roll following on the LME panel calendar,PROXY,,-d(lots x lot_kg x F(s) x mcx_al_margin_used_frac),,P3
PLANNED_AT_TRADE_DATE,T06,MCX:T06-MCX-1,MCX_VARIATION_MARGIN,MCX_VARIATION_MARGIN,PNL,INR,2022-05-10,2022-05-12,2022-05-12,2022-05-12,-0.0,1.0,n/a (INR flow),-0.0,-0.0,roll following on the LME panel calendar,PROXY,,direction x lots x lot_kg x (F(s) - F(s-1)),,P3
PLANNED_AT_TRADE_DATE,T06,MCX:T06-MCX-1,MCX_INITIAL_MARGIN,MCX_INITIAL_MARGIN,BS,INR,2022-05-10,2022-05-13,2022-05-13,2022-05-13,-0.0,1.0,n/a (INR flow),-0.0,-0.0,roll following on the LME panel calendar,PROXY,,-d(lots x lot_kg x F(s) x mcx_al_margin_used_frac),,P3
PLANNED_AT_TRADE_DATE,T06,MCX:T06-MCX-1,MCX_VARIATION_MARGIN,MCX_VARIATION_MARGIN,PNL,INR,2022-05-10,2022-05-13,2022-05-13,2022-05-13,-0.0,1.0,n/a (INR flow),-0.0,-0.0,roll following on the LME panel calendar,PROXY,,direction x lots x lot_kg x (F(s) - F(s-1)),,P3
PLANNED_AT_TRADE_DATE,T06,MCX:T06-MCX-1,MCX_INITIAL_MARGIN,MCX_INITIAL_MARGIN,BS,INR,2022-05-10,2022-05-16,2022-05-16,2022-05-16,-0.0,1.0,n/a (INR flow),-0.0,-0.0,roll following on the LME panel calendar,PROXY,,-d(lots x lot_kg x F(s) x mcx_al_margin_used_frac),,P3
PLANNED_AT_TRADE_DATE,T06,MCX:T06-MCX-1,MCX_VARIATION_MARGIN,MCX_VARIATION_MARGIN,PNL,INR,2022-05-10,2022-05-16,2022-05-16,2022-05-16,-0.0,1.0,n/a (INR flow),-0.0,-0.0,roll following on the LME panel calendar,PROXY,,direction x lots x lot_kg x (F(s) - F(s-1)),,P3
PLANNED_AT_TRADE_DATE,T06,MCX:T06-MCX-1,MCX_INITIAL_MARGIN,MCX_INITIAL_MARGIN,BS,INR,2022-05-10,2022-05-17,2022-05-17,2022-05-17,-0.0,1.0,n/a (INR flow),-0.0,-0.0,roll following on the LME panel calendar,PROXY,,-d(lots x lot_kg x F(s) x mcx_al_margin_used_frac),,P3
PLANNED_AT_TRADE_DATE,T06,MCX:T06-MCX-1,MCX_VARIATION_MARGIN,MCX_VARIATION_MARGIN,PNL,INR,2022-05-10,2022-05-17,2022-05-17,2022-05-17,-0.0,1.0,n/a (INR flow),-0.0,-0.0,roll following on the LME panel calendar,PROXY,,direction x lots x lot_kg x (F(s) - F(s-1)),,P3
PLANNED_AT_TRADE_DATE,T06,MCX:T06-MCX-1,MCX_INITIAL_MARGIN,MCX_INITIAL_MARGIN,BS,INR,2022-05-10,2022-05-18,2022-05-18,2022-05-18,-0.0,1.0,n/a (INR flow),-0.0,-0.0,roll following on the LME panel calendar,PROXY,,-d(lots x lot_kg x F(s) x mcx_al_margin_used_frac),,P3
PLANNED_AT_TRADE_DATE,T06,MCX:T06-MCX-1,MCX_VARIATION_MARGIN,MCX_VARIATION_MARGIN,PNL,INR,2022-05-10,2022-05-18,2022-05-18,2022-05-18,-0.0,1.0,n/a (INR flow),-0.0,-0.0,roll following on the LME panel calendar,PROXY,,direction x lots x lot_kg x (F(s) - F(s-1)),,P3
PLANNED_AT_TRADE_DATE,T06,MCX:T06-MCX-1,MCX_INITIAL_MARGIN,MCX_INITIAL_MARGIN,BS,INR,2022-05-10,2022-05-19,2022-05-19,2022-05-19,-0.0,1.0,n/a (INR flow),-0.0,-0.0,roll following on the LME panel calendar,PROXY,,-d(lots x lot_kg x F(s) x mcx_al_margin_used_frac),,P3
PLANNED_AT_TRADE_DATE,T06,MCX:T06-MCX-1,MCX_VARIATION_MARGIN,MCX_VARIATION_MARGIN,PNL,INR,2022-05-10,2022-05-19,2022-05-19,2022-05-19,-0.0,1.0,n/a (INR flow),-0.0,-0.0,roll following on the LME panel calendar,PROXY,,direction x lots x lot_kg x (F(s) - F(s-1)),,P3
PLANNED_AT_TRADE_DATE,T06,MCX:T06-MCX-1,MCX_INITIAL_MARGIN,MCX_INITIAL_MARGIN,BS,INR,2022-05-10,2022-05-20,2022-05-20,2022-05-20,19756379.54,1.0,n/a (INR flow),19756379.54,19756379.54,roll following on the LME panel calendar,PROXY,,-d(lots x lot_kg x F(s) x mcx_al_margin_used_frac),,P3
PLANNED_AT_TRADE_DATE,T06,MCX:T06-MCX-1,MCX_VARIATION_MARGIN,MCX_VARIATION_MARGIN,PNL,INR,2022-05-10,2022-05-20,2022-05-20,2022-05-20,-0.0,1.0,n/a (INR flow),-0.0,-0.0,roll following on the LME panel calendar,PROXY,,direction x lots x lot_kg x (F(s) - F(s-1)),,P3
PLANNED_AT_TRADE_DATE,T06,INSURANCE:L1,INSURANCE,INSURANCE,PNL,USD,2022-05-10,2022-05-25,2022-05-25,2022-05-25,-1528.67,77.3839,CIP forward to the settle date,-118294.45,-118294.45,roll following on the LME panel calendar,ASSUMPTION,,-insurance_rate x insured_value_uplift x cfr_value_usd,,P3
PLANNED_AT_TRADE_DATE,T06,PSIC:L1,PSIC,PSIC,PNL,USD,2022-05-10,2022-05-25,2022-05-25,2022-05-25,-1000.0,77.3839,CIP forward to the settle date,-77383.9,-77383.9,roll following on the LME panel calendar,ASSUMPTION,,-psic_cost_usd_per_box x boxes,,P3
PLANNED_AT_TRADE_DATE,T06,DUTY:L1,CUSTOMS_DUTY,CUSTOMS_DUTY,PNL,INR,2022-05-10,2022-05-31,2022-05-31,2022-05-31,-2947839.65,1.0,n/a (INR flow),-2947839.65,-2947839.65,roll following on the LME panel calendar,DIRECT,,-assessable_inr x bcd_scrap_hs7602 x (1 + sws_rate_on_bcd),,P3
PLANNED_AT_TRADE_DATE,T06,IGST:L1,IGST_IMPORT,IGST_IMPORT,BS,INR,2022-05-10,2022-05-31,2022-05-31,2022-05-31,-19825561.56,1.0,n/a (INR flow),-19825561.56,-19825561.56,roll following on the LME panel calendar,DIRECT,,-(assessable + duty) x igst_rate_hs7602,,P3
PLANNED_AT_TRADE_DATE,T06,BILL_COMMISSION:L1,IMPORT_BILL_COMMISSION,IMPORT_BILL_COMMISSION,PNL,USD,2022-05-10,2022-06-01,2022-06-01,2022-06-01,-1667.64,77.4407,CIP forward to the settle date,-129143.14,-129143.14,roll following on the LME panel calendar,DIRECT,,-import_bill_commission_frac x bill_usd,,P3
PLANNED_AT_TRADE_DATE,T06,FX:T06-FX-1,FX_FORWARD,FX_FORWARD,PNL,INR,2022-05-10,2022-06-01,2022-06-01,2022-06-01,-83380.0,1.0,n/a (INR flow),-83380.0,-83380.0,roll following on the LME panel calendar,PROXY,,"sign x notional x (X(tau, value_date) - K)",,P3
PLANNED_AT_TRADE_DATE,T06,PURCHASE:L1,PURCHASE_INVOICE,PURCHASE_INVOICE,PNL,USD,2022-05-10,,2022-06-01,2022-06-01,-1389700.0,77.4407,CIP forward to the settle date,-107619287.06,-107619287.06,roll following on the LME panel calendar,SIM,,-q_bl x price_usd_t,,P3
PLANNED_AT_TRADE_DATE,T06,INSURANCE:L2,INSURANCE,INSURANCE,PNL,USD,2022-05-10,2022-06-07,2022-06-07,2022-06-07,-1528.67,77.4893,CIP forward to the settle date,-118455.57,-118455.57,roll following on the LME panel calendar,ASSUMPTION,,-insurance_rate x insured_value_uplift x cfr_value_usd,,P3
PLANNED_AT_TRADE_DATE,T06,PSIC:L2,PSIC,PSIC,PNL,USD,2022-05-10,2022-06-07,2022-06-07,2022-06-07,-1000.0,77.4893,CIP forward to the settle date,-77489.3,-77489.3,roll following on the LME panel calendar,ASSUMPTION,,-psic_cost_usd_per_box x boxes,,P3
PLANNED_AT_TRADE_DATE,T06,PORT:L1,PORT_CHARGES,PORT_CHARGES,PNL,INR,2022-05-10,,2022-06-09,2022-06-09,-1000000.0,1.0,n/a (INR flow),-1000000.0,-1000000.0,roll following on the LME panel calendar,ASSUMPTION,,-port_cf_charges_inr_t x base_payload x cleared boxes,,P3
PLANNED_AT_TRADE_DATE,T06,DUTY:L2,CUSTOMS_DUTY,CUSTOMS_DUTY,PNL,INR,2022-05-10,2022-06-13,2022-06-13,2022-06-13,-2947839.65,1.0,n/a (INR flow),-2947839.65,-2947839.65,roll following on the LME panel calendar,DIRECT,,-assessable_inr x bcd_scrap_hs7602 x (1 + sws_rate_on_bcd),,P3
PLANNED_AT_TRADE_DATE,T06,IGST:L2,IGST_IMPORT,IGST_IMPORT,BS,INR,2022-05-10,2022-06-13,2022-06-13,2022-06-13,-19825561.56,1.0,n/a (INR flow),-19825561.56,-19825561.56,roll following on the LME panel calendar,DIRECT,,-(assessable + duty) x igst_rate_hs7602,,P3
PLANNED_AT_TRADE_DATE,T06,BILL_COMMISSION:L2,IMPORT_BILL_COMMISSION,IMPORT_BILL_COMMISSION,PNL,USD,2022-05-10,2022-06-14,2022-06-14,2022-06-14,-1667.64,77.546,CIP forward to the settle date,-129318.85,-129318.85,roll following on the LME panel calendar,DIRECT,,-import_bill_commission_frac x bill_usd,,P3
PLANNED_AT_TRADE_DATE,T06,FX:T06-FX-2,FX_FORWARD,FX_FORWARD,PNL,INR,2022-05-10,2022-06-14,2022-06-14,2022-06-14,-83380.0,1.0,n/a (INR flow),-83380.0,-83380.0,roll following on the LME panel calendar,PROXY,,"sign x notional x (X(tau, value_date) - K)",,P3
PLANNED_AT_TRADE_DATE,T06,PURCHASE:L2,PURCHASE_INVOICE,PURCHASE_INVOICE,PNL,USD,2022-05-10,,2022-06-14,2022-06-14,-1389700.0,77.546,CIP forward to the settle date,-107765710.7,-107765710.7,roll following on the LME panel calendar,SIM,,-q_bl x price_usd_t,,P3
PLANNED_AT_TRADE_DATE,T06,PORT:L2,PORT_CHARGES,PORT_CHARGES,PNL,INR,2022-05-10,,2022-06-22,2022-06-22,-1000000.0,1.0,n/a (INR flow),-1000000.0,-1000000.0,roll following on the LME panel calendar,ASSUMPTION,,-port_cf_charges_inr_t x base_payload x cleared boxes,,P3
PLANNED_AT_TRADE_DATE,T06,IGST:L1,IGST_CREDIT,IGST_CREDIT,BS,INR,2022-05-10,2022-05-31,2022-07-15,2022-07-15,19825561.56,1.0,n/a (INR flow),19825561.56,19825561.56,roll following on the LME panel calendar,DIRECT,,+(assessable + duty) x igst_rate at igst_credit_lag_days,,P3
PLANNED_AT_TRADE_DATE,T06,IGST:L2,IGST_CREDIT,IGST_CREDIT,BS,INR,2022-05-10,2022-06-13,2022-07-28,2022-07-28,19825561.56,1.0,n/a (INR flow),19825561.56,19825561.56,roll following on the LME panel calendar,DIRECT,,+(assessable + duty) x igst_rate at igst_credit_lag_days,,P3
PLANNED_AT_TRADE_DATE,T07,MCX:T07-MCX-1,MCX_INITIAL_MARGIN,MCX_INITIAL_MARGIN,BS,INR,2022-05-25,2022-05-25,2022-05-25,2022-05-25,-29482447.63,1.0,n/a (INR flow),-29482447.63,-29482447.63,roll following on the LME panel calendar,PROXY,,-d(lots x lot_kg x F(s) x mcx_al_margin_used_frac),,P3
PLANNED_AT_TRADE_DATE,T07,MCX:T07-MCX-1,MCX_SLIPPAGE,MCX_SLIPPAGE,PNL,INR,2022-05-25,,2022-05-25,2022-05-25,-123500.0,1.0,n/a (INR flow),-123500.0,-123500.0,roll following on the LME panel calendar,ASSUMPTION,,-lots x lot_kg x mcx_slippage_ticks x tick,,P3
PLANNED_AT_TRADE_DATE,T07,MCX:T07-MCX-1,MCX_TRANSACTION_COST,MCX_TRANSACTION_COST,PNL,INR,2022-05-25,2022-05-25,2022-05-25,2022-05-25,-88410.29,1.0,n/a (INR flow),-88410.29,-88410.29,roll following on the LME panel calendar,ASSUMPTION,,-lots x lot_kg x fill x mcx_txn_cost_frac,,P3
PLANNED_AT_TRADE_DATE,T07,MCX:T07-MCX-1,MCX_VARIATION_MARGIN,MCX_VARIATION_MARGIN,PNL,INR,2022-05-25,2022-05-25,2022-05-25,2022-05-25,-0.0,1.0,n/a (INR flow),-0.0,-0.0,roll following on the LME panel calendar,PROXY,,direction x lots x lot_kg x (F(entry) - entry settle) = 0 by construction,,P3
PLANNED_AT_TRADE_DATE,T07,MCX:T07-MCX-1,MCX_INITIAL_MARGIN,MCX_INITIAL_MARGIN,BS,INR,2022-05-25,2022-05-26,2022-05-26,2022-05-26,-0.0,1.0,n/a (INR flow),-0.0,-0.0,roll following on the LME panel calendar,PROXY,,-d(lots x lot_kg x F(s) x mcx_al_margin_used_frac),,P3
PLANNED_AT_TRADE_DATE,T07,MCX:T07-MCX-1,MCX_VARIATION_MARGIN,MCX_VARIATION_MARGIN,PNL,INR,2022-05-25,2022-05-26,2022-05-26,2022-05-26,-0.0,1.0,n/a (INR flow),-0.0,-0.0,roll following on the LME panel calendar,PROXY,,direction x lots x lot_kg x (F(s) - F(s-1)),,P3
PLANNED_AT_TRADE_DATE,T07,MCX:T07-MCX-1,MCX_INITIAL_MARGIN,MCX_INITIAL_MARGIN,BS,INR,2022-05-25,2022-05-27,2022-05-27,2022-05-27,-0.0,1.0,n/a (INR flow),-0.0,-0.0,roll following on the LME panel calendar,PROXY,,-d(lots x lot_kg x F(s) x mcx_al_margin_used_frac),,P3
PLANNED_AT_TRADE_DATE,T07,MCX:T07-MCX-1,MCX_VARIATION_MARGIN,MCX_VARIATION_MARGIN,PNL,INR,2022-05-25,2022-05-27,2022-05-27,2022-05-27,-0.0,1.0,n/a (INR flow),-0.0,-0.0,roll following on the LME panel calendar,PROXY,,direction x lots x lot_kg x (F(s) - F(s-1)),,P3
PLANNED_AT_TRADE_DATE,T07,MCX:T07-MCX-1,MCX_INITIAL_MARGIN,MCX_INITIAL_MARGIN,BS,INR,2022-05-25,2022-05-30,2022-05-30,2022-05-30,-0.0,1.0,n/a (INR flow),-0.0,-0.0,roll following on the LME panel calendar,PROXY,,-d(lots x lot_kg x F(s) x mcx_al_margin_used_frac),,P3
PLANNED_AT_TRADE_DATE,T07,MCX:T07-MCX-1,MCX_VARIATION_MARGIN,MCX_VARIATION_MARGIN,PNL,INR,2022-05-25,2022-05-30,2022-05-30,2022-05-30,-0.0,1.0,n/a (INR flow),-0.0,-0.0,roll following on the LME panel calendar,PROXY,,direction x lots x lot_kg x (F(s) - F(s-1)),,P3
PLANNED_AT_TRADE_DATE,T07,MCX:T07-MCX-1,MCX_INITIAL_MARGIN,MCX_INITIAL_MARGIN,BS,INR,2022-05-25,2022-05-31,2022-05-31,2022-05-31,-0.0,1.0,n/a (INR flow),-0.0,-0.0,roll following on the LME panel calendar,PROXY,,-d(lots x lot_kg x F(s) x mcx_al_margin_used_frac),,P3
PLANNED_AT_TRADE_DATE,T07,MCX:T07-MCX-1,MCX_VARIATION_MARGIN,MCX_VARIATION_MARGIN,PNL,INR,2022-05-25,2022-05-31,2022-05-31,2022-05-31,-0.0,1.0,n/a (INR flow),-0.0,-0.0,roll following on the LME panel calendar,PROXY,,direction x lots x lot_kg x (F(s) - F(s-1)),,P3
PLANNED_AT_TRADE_DATE,T07,MCX:T07-MCX-1,MCX_INITIAL_MARGIN,MCX_INITIAL_MARGIN,BS,INR,2022-05-25,2022-06-01,2022-06-01,2022-06-01,-0.0,1.0,n/a (INR flow),-0.0,-0.0,roll following on the LME panel calendar,PROXY,,-d(lots x lot_kg x F(s) x mcx_al_margin_used_frac),,P3
PLANNED_AT_TRADE_DATE,T07,MCX:T07-MCX-1,MCX_VARIATION_MARGIN,MCX_VARIATION_MARGIN,PNL,INR,2022-05-25,2022-06-01,2022-06-01,2022-06-01,-0.0,1.0,n/a (INR flow),-0.0,-0.0,roll following on the LME panel calendar,PROXY,,direction x lots x lot_kg x (F(s) - F(s-1)),,P3
PLANNED_AT_TRADE_DATE,T07,MCX:T07-MCX-1,MCX_INITIAL_MARGIN,MCX_INITIAL_MARGIN,BS,INR,2022-05-25,2022-06-06,2022-06-06,2022-06-06,-0.0,1.0,n/a (INR flow),-0.0,-0.0,roll following on the LME panel calendar,PROXY,,-d(lots x lot_kg x F(s) x mcx_al_margin_used_frac),,P3
PLANNED_AT_TRADE_DATE,T07,MCX:T07-MCX-1,MCX_VARIATION_MARGIN,MCX_VARIATION_MARGIN,PNL,INR,2022-05-25,2022-06-06,2022-06-06,2022-06-06,-0.0,1.0,n/a (INR flow),-0.0,-0.0,roll following on the LME panel calendar,PROXY,,direction x lots x lot_kg x (F(s) - F(s-1)),,P3
PLANNED_AT_TRADE_DATE,T07,MCX:T07-MCX-1,MCX_INITIAL_MARGIN,MCX_INITIAL_MARGIN,BS,INR,2022-05-25,2022-06-07,2022-06-07,2022-06-07,-0.0,1.0,n/a (INR flow),-0.0,-0.0,roll following on the LME panel calendar,PROXY,,-d(lots x lot_kg x F(s) x mcx_al_margin_used_frac),,P3
PLANNED_AT_TRADE_DATE,T07,MCX:T07-MCX-1,MCX_VARIATION_MARGIN,MCX_VARIATION_MARGIN,PNL,INR,2022-05-25,2022-06-07,2022-06-07,2022-06-07,-0.0,1.0,n/a (INR flow),-0.0,-0.0,roll following on the LME panel calendar,PROXY,,direction x lots x lot_kg x (F(s) - F(s-1)),,P3
PLANNED_AT_TRADE_DATE,T07,FREIGHT:L1,FREIGHT,FREIGHT,PNL,USD,2022-05-25,2022-05-27,2022-06-08,2022-06-08,-85002.75,77.6865,CIP forward to the settle date,-6603565.34,-6603565.34,roll following on the LME panel calendar,ASSUMPTION,,"-boxes x (fixture rate once booked, else market box rate)",,P3
PLANNED_AT_TRADE_DATE,T07,INSURANCE:L1,INSURANCE,INSURANCE,PNL,USD,2022-05-25,2022-06-08,2022-06-08,2022-06-08,-2261.9,77.6865,CIP forward to the settle date,-175719.07,-175719.07,roll following on the LME panel calendar,ASSUMPTION,,-insurance_rate x insured_value_uplift x cfr_value_usd,,P3
PLANNED_AT_TRADE_DATE,T07,MCX:T07-MCX-1,MCX_INITIAL_MARGIN,MCX_INITIAL_MARGIN,BS,INR,2022-05-25,2022-06-08,2022-06-08,2022-06-08,-0.0,1.0,n/a (INR flow),-0.0,-0.0,roll following on the LME panel calendar,PROXY,,-d(lots x lot_kg x F(s) x mcx_al_margin_used_frac),,P3
PLANNED_AT_TRADE_DATE,T07,MCX:T07-MCX-1,MCX_VARIATION_MARGIN,MCX_VARIATION_MARGIN,PNL,INR,2022-05-25,2022-06-08,2022-06-08,2022-06-08,-0.0,1.0,n/a (INR flow),-0.0,-0.0,roll following on the LME panel calendar,PROXY,,direction x lots x lot_kg x (F(s) - F(s-1)),,P3
PLANNED_AT_TRADE_DATE,T07,MCX:T07-MCX-1,MCX_INITIAL_MARGIN,MCX_INITIAL_MARGIN,BS,INR,2022-05-25,2022-06-09,2022-06-09,2022-06-09,-0.0,1.0,n/a (INR flow),-0.0,-0.0,roll following on the LME panel calendar,PROXY,,-d(lots x lot_kg x F(s) x mcx_al_margin_used_frac),,P3
PLANNED_AT_TRADE_DATE,T07,MCX:T07-MCX-1,MCX_VARIATION_MARGIN,MCX_VARIATION_MARGIN,PNL,INR,2022-05-25,2022-06-09,2022-06-09,2022-06-09,-0.0,1.0,n/a (INR flow),-0.0,-0.0,roll following on the LME panel calendar,PROXY,,direction x lots x lot_kg x (F(s) - F(s-1)),,P3
PLANNED_AT_TRADE_DATE,T07,MCX:T07-MCX-1,MCX_INITIAL_MARGIN,MCX_INITIAL_MARGIN,BS,INR,2022-05-25,2022-06-10,2022-06-10,2022-06-10,-0.0,1.0,n/a (INR flow),-0.0,-0.0,roll following on the LME panel calendar,PROXY,,-d(lots x lot_kg x F(s) x mcx_al_margin_used_frac),,P3
PLANNED_AT_TRADE_DATE,T07,MCX:T07-MCX-1,MCX_VARIATION_MARGIN,MCX_VARIATION_MARGIN,PNL,INR,2022-05-25,2022-06-10,2022-06-10,2022-06-10,-0.0,1.0,n/a (INR flow),-0.0,-0.0,roll following on the LME panel calendar,PROXY,,direction x lots x lot_kg x (F(s) - F(s-1)),,P3
PLANNED_AT_TRADE_DATE,T07,MCX:T07-MCX-1,MCX_INITIAL_MARGIN,MCX_INITIAL_MARGIN,BS,INR,2022-05-25,2022-06-13,2022-06-13,2022-06-13,-0.0,1.0,n/a (INR flow),-0.0,-0.0,roll following on the LME panel calendar,PROXY,,-d(lots x lot_kg x F(s) x mcx_al_margin_used_frac),,P3
PLANNED_AT_TRADE_DATE,T07,MCX:T07-MCX-1,MCX_VARIATION_MARGIN,MCX_VARIATION_MARGIN,PNL,INR,2022-05-25,2022-06-13,2022-06-13,2022-06-13,-0.0,1.0,n/a (INR flow),-0.0,-0.0,roll following on the LME panel calendar,PROXY,,direction x lots x lot_kg x (F(s) - F(s-1)),,P3
PLANNED_AT_TRADE_DATE,T07,MCX:T07-MCX-1,MCX_INITIAL_MARGIN,MCX_INITIAL_MARGIN,BS,INR,2022-05-25,2022-06-14,2022-06-14,2022-06-14,-0.0,1.0,n/a (INR flow),-0.0,-0.0,roll following on the LME panel calendar,PROXY,,-d(lots x lot_kg x F(s) x mcx_al_margin_used_frac),,P3
PLANNED_AT_TRADE_DATE,T07,MCX:T07-MCX-1,MCX_VARIATION_MARGIN,MCX_VARIATION_MARGIN,PNL,INR,2022-05-25,2022-06-14,2022-06-14,2022-06-14,-0.0,1.0,n/a (INR flow),-0.0,-0.0,roll following on the LME panel calendar,PROXY,,direction x lots x lot_kg x (F(s) - F(s-1)),,P3
PLANNED_AT_TRADE_DATE,T07,BILL_COMMISSION:L1,IMPORT_BILL_COMMISSION,IMPORT_BILL_COMMISSION,PNL,USD,2022-05-25,2022-06-15,2022-06-15,2022-06-15,-2365.52,77.741,CIP forward to the settle date,-183898.09,-183898.09,roll following on the LME panel calendar,DIRECT,,-import_bill_commission_frac x bill_usd,,P3
PLANNED_AT_TRADE_DATE,T07,FREIGHT:L2,FREIGHT,FREIGHT,PNL,USD,2022-05-25,2022-05-27,2022-06-15,2022-06-15,-85002.75,77.741,CIP forward to the settle date,-6608194.73,-6608194.73,roll following on the LME panel calendar,ASSUMPTION,,"-boxes x (fixture rate once booked, else market box rate)",,P3
PLANNED_AT_TRADE_DATE,T07,FX:T07-FX-1,FX_FORWARD,FX_FORWARD,PNL,INR,2022-05-25,2022-06-15,2022-06-15,2022-06-15,-197130.0,1.0,n/a (INR flow),-197130.0,-197130.0,roll following on the LME panel calendar,PROXY,,"sign x notional x (X(tau, value_date) - K)",,P3
PLANNED_AT_TRADE_DATE,T07,INSURANCE:L2,INSURANCE,INSURANCE,PNL,USD,2022-05-25,2022-06-15,2022-06-15,2022-06-15,-2261.9,77.741,CIP forward to the settle date,-175842.26,-175842.26,roll following on the LME panel calendar,ASSUMPTION,,-insurance_rate x insured_value_uplift x cfr_value_usd,,P3
PLANNED_AT_TRADE_DATE,T07,MCX:T07-MCX-1,MCX_INITIAL_MARGIN,MCX_INITIAL_MARGIN,BS,INR,2022-05-25,2022-06-15,2022-06-15,2022-06-15,-0.0,1.0,n/a (INR flow),-0.0,-0.0,roll following on the LME panel calendar,PROXY,,-d(lots x lot_kg x F(s) x mcx_al_margin_used_frac),,P3
PLANNED_AT_TRADE_DATE,T07,MCX:T07-MCX-1,MCX_VARIATION_MARGIN,MCX_VARIATION_MARGIN,PNL,INR,2022-05-25,2022-06-15,2022-06-15,2022-06-15,-0.0,1.0,n/a (INR flow),-0.0,-0.0,roll following on the LME panel calendar,PROXY,,direction x lots x lot_kg x (F(s) - F(s-1)),,P3
PLANNED_AT_TRADE_DATE,T07,PURCHASE:L1,PURCHASE_INVOICE,PURCHASE_INVOICE,PNL,USD,2022-05-25,,2022-06-15,2022-06-15,-1971270.0,77.741,CIP forward to the settle date,-153248407.07,-153248407.07,roll following on the LME panel calendar,SIM,,-q_bl x price_usd_t,,P3
PLANNED_AT_TRADE_DATE,T07,MCX:T07-MCX-1,MCX_INITIAL_MARGIN,MCX_INITIAL_MARGIN,BS,INR,2022-05-25,2022-06-16,2022-06-16,2022-06-16,-0.0,1.0,n/a (INR flow),-0.0,-0.0,roll following on the LME panel calendar,PROXY,,-d(lots x lot_kg x F(s) x mcx_al_margin_used_frac),,P3
PLANNED_AT_TRADE_DATE,T07,MCX:T07-MCX-1,MCX_VARIATION_MARGIN,MCX_VARIATION_MARGIN,PNL,INR,2022-05-25,2022-06-16,2022-06-16,2022-06-16,-0.0,1.0,n/a (INR flow),-0.0,-0.0,roll following on the LME panel calendar,PROXY,,direction x lots x lot_kg x (F(s) - F(s-1)),,P3
PLANNED_AT_TRADE_DATE,T07,MCX:T07-MCX-1,MCX_INITIAL_MARGIN,MCX_INITIAL_MARGIN,BS,INR,2022-05-25,2022-06-17,2022-06-17,2022-06-17,-0.0,1.0,n/a (INR flow),-0.0,-0.0,roll following on the LME panel calendar,PROXY,,-d(lots x lot_kg x F(s) x mcx_al_margin_used_frac),,P3
PLANNED_AT_TRADE_DATE,T07,MCX:T07-MCX-1,MCX_VARIATION_MARGIN,MCX_VARIATION_MARGIN,PNL,INR,2022-05-25,2022-06-17,2022-06-17,2022-06-17,-0.0,1.0,n/a (INR flow),-0.0,-0.0,roll following on the LME panel calendar,PROXY,,direction x lots x lot_kg x (F(s) - F(s-1)),,P3
PLANNED_AT_TRADE_DATE,T07,MCX:T07-MCX-1,MCX_INITIAL_MARGIN,MCX_INITIAL_MARGIN,BS,INR,2022-05-25,2022-06-20,2022-06-20,2022-06-20,-0.0,1.0,n/a (INR flow),-0.0,-0.0,roll following on the LME panel calendar,PROXY,,-d(lots x lot_kg x F(s) x mcx_al_margin_used_frac),,P3
PLANNED_AT_TRADE_DATE,T07,MCX:T07-MCX-1,MCX_VARIATION_MARGIN,MCX_VARIATION_MARGIN,PNL,INR,2022-05-25,2022-06-20,2022-06-20,2022-06-20,-0.0,1.0,n/a (INR flow),-0.0,-0.0,roll following on the LME panel calendar,PROXY,,direction x lots x lot_kg x (F(s) - F(s-1)),,P3
PLANNED_AT_TRADE_DATE,T07,MCX:T07-MCX-1,MCX_INITIAL_MARGIN,MCX_INITIAL_MARGIN,BS,INR,2022-05-25,2022-06-21,2022-06-21,2022-06-21,29482447.63,1.0,n/a (INR flow),29482447.63,29482447.63,roll following on the LME panel calendar,PROXY,,-d(lots x lot_kg x F(s) x mcx_al_margin_used_frac),,P3
PLANNED_AT_TRADE_DATE,T07,MCX:T07-MCX-1,MCX_VARIATION_MARGIN,MCX_VARIATION_MARGIN,PNL,INR,2022-05-25,2022-06-21,2022-06-21,2022-06-21,-0.0,1.0,n/a (INR flow),-0.0,-0.0,roll following on the LME panel calendar,PROXY,,direction x lots x lot_kg x (F(s) - F(s-1)),,P3
PLANNED_AT_TRADE_DATE,T07,BILL_COMMISSION:L2,IMPORT_BILL_COMMISSION,IMPORT_BILL_COMMISSION,PNL,USD,2022-05-25,2022-06-22,2022-06-22,2022-06-22,-2365.52,77.7954,CIP forward to the settle date,-184026.87,-184026.87,roll following on the LME panel calendar,DIRECT,,-import_bill_commission_frac x bill_usd,,P3
PLANNED_AT_TRADE_DATE,T07,FX:T07-FX-2,FX_FORWARD,FX_FORWARD,PNL,INR,2022-05-25,2022-06-22,2022-06-22,2022-06-22,-197130.0,1.0,n/a (INR flow),-197130.0,-197130.0,roll following on the LME panel calendar,PROXY,,"sign x notional x (X(tau, value_date) - K)",,P3
PLANNED_AT_TRADE_DATE,T07,PURCHASE:L2,PURCHASE_INVOICE,PURCHASE_INVOICE,PNL,USD,2022-05-25,,2022-06-22,2022-06-22,-1971270.0,77.7954,CIP forward to the settle date,-153355721.86,-153355721.86,roll following on the LME panel calendar,SIM,,-q_bl x price_usd_t,,P3
PLANNED_AT_TRADE_DATE,T07,DUTY:L1,CUSTOMS_DUTY,CUSTOMS_DUTY,PNL,INR,2022-05-25,2022-07-19,2022-07-19,2022-07-19,-4449522.65,1.0,n/a (INR flow),-4449522.65,-4449522.65,roll following on the LME panel calendar,DIRECT,,-assessable_inr x bcd_scrap_hs7602 x (1 + sws_rate_on_bcd),,P3
PLANNED_AT_TRADE_DATE,T07,IGST:L1,IGST_IMPORT,IGST_IMPORT,BS,INR,2022-05-25,2022-07-19,2022-07-19,2022-07-19,-29925062.3,1.0,n/a (INR flow),-29925062.3,-29925062.3,roll following on the LME panel calendar,DIRECT,,-(assessable + duty) x igst_rate_hs7602,,P3
PLANNED_AT_TRADE_DATE,T07,DUTY:L2,CUSTOMS_DUTY,CUSTOMS_DUTY,PNL,INR,2022-05-25,2022-07-26,2022-07-26,2022-07-26,-4449522.65,1.0,n/a (INR flow),-4449522.65,-4449522.65,roll following on the LME panel calendar,DIRECT,,-assessable_inr x bcd_scrap_hs7602 x (1 + sws_rate_on_bcd),,P3
PLANNED_AT_TRADE_DATE,T07,IGST:L2,IGST_IMPORT,IGST_IMPORT,BS,INR,2022-05-25,2022-07-26,2022-07-26,2022-07-26,-29925062.3,1.0,n/a (INR flow),-29925062.3,-29925062.3,roll following on the LME panel calendar,DIRECT,,-(assessable + duty) x igst_rate_hs7602,,P3
PLANNED_AT_TRADE_DATE,T07,PORT:L1,PORT_CHARGES,PORT_CHARGES,PNL,INR,2022-05-25,,2022-07-28,2022-07-28,-2504250.0,1.0,n/a (INR flow),-2504250.0,-2504250.0,roll following on the LME panel calendar,ASSUMPTION,,-port_cf_charges_inr_t x base_payload x cleared boxes,,P3
PLANNED_AT_TRADE_DATE,T07,PORT:L2,PORT_CHARGES,PORT_CHARGES,PNL,INR,2022-05-25,,2022-08-04,2022-08-04,-2504250.0,1.0,n/a (INR flow),-2504250.0,-2504250.0,roll following on the LME panel calendar,ASSUMPTION,,-port_cf_charges_inr_t x base_payload x cleared boxes,,P3
PLANNED_AT_TRADE_DATE,T07,IGST:L1,IGST_CREDIT,IGST_CREDIT,BS,INR,2022-05-25,2022-07-19,2022-09-02,2022-09-02,29925062.3,1.0,n/a (INR flow),29925062.3,29925062.3,roll following on the LME panel calendar,DIRECT,,+(assessable + duty) x igst_rate at igst_credit_lag_days,,P3
PLANNED_AT_TRADE_DATE,T07,IGST:L2,IGST_CREDIT,IGST_CREDIT,BS,INR,2022-05-25,2022-07-26,2022-09-09,2022-09-09,29925062.3,1.0,n/a (INR flow),29925062.3,29925062.3,roll following on the LME panel calendar,DIRECT,,+(assessable + duty) x igst_rate at igst_credit_lag_days,,P3
PLANNED_AT_TRADE_DATE,T08,INSURANCE:L1,INSURANCE,INSURANCE,PNL,USD,2022-06-08,2022-06-22,2022-06-22,2022-06-22,-2001.84,77.7892,CIP forward to the settle date,-155721.11,-155721.11,roll following on the LME panel calendar,ASSUMPTION,,-insurance_rate x insured_value_uplift x cfr_value_usd,,P3
PLANNED_AT_TRADE_DATE,T08,BILL_COMMISSION:L1,IMPORT_BILL_COMMISSION,IMPORT_BILL_COMMISSION,PNL,USD,2022-06-08,2022-06-29,2022-06-29,2022-06-29,-2074.63,77.8468,CIP forward to the settle date,-161503.18,-161503.18,roll following on the LME panel calendar,DIRECT,,-import_bill_commission_frac x bill_usd,,P3
PLANNED_AT_TRADE_DATE,T08,INSURANCE:L2,INSURANCE,INSURANCE,PNL,USD,2022-06-08,2022-06-29,2022-06-29,2022-06-29,-2003.62,77.8468,CIP forward to the settle date,-155975.5,-155975.5,roll following on the LME panel calendar,ASSUMPTION,,-insurance_rate x insured_value_uplift x cfr_value_usd,,P3
PLANNED_AT_TRADE_DATE,T08,PURCHASE:L1,PURCHASE_PROVISIONAL,PURCHASE_PROVISIONAL,PNL,USD,2022-06-08,2022-06-22,2022-06-29,2022-06-29,-1728857.82,77.8468,CIP forward to the settle date,-134585981.45,-134585981.45,roll following on the LME panel calendar,DIRECT,,-provisional_frac x q_bl x (factor x cash(bl) + premium),,P3
PLANNED_AT_TRADE_DATE,T08,BILL_COMMISSION:L2,IMPORT_BILL_COMMISSION,IMPORT_BILL_COMMISSION,PNL,USD,2022-06-08,2022-07-06,2022-07-06,2022-07-06,-2076.48,77.9043,CIP forward to the settle date,-161766.86,-161766.86,roll following on the LME panel calendar,DIRECT,,-import_bill_commission_frac x bill_usd,,P3
PLANNED_AT_TRADE_DATE,T08,PURCHASE:L2,PURCHASE_PROVISIONAL,PURCHASE_PROVISIONAL,PNL,USD,2022-06-08,2022-06-29,2022-07-06,2022-07-06,-1730400.96,77.9043,CIP forward to the settle date,-134805718.46,-134805718.46,roll following on the LME panel calendar,DIRECT,,-provisional_frac x q_bl x (factor x cash(bl) + premium),,P3
PLANNED_AT_TRADE_DATE,T08,DUTY:L1,CUSTOMS_DUTY,CUSTOMS_DUTY,PNL,INR,2022-06-08,2022-08-02,2022-08-02,2022-08-02,-3932923.38,1.0,n/a (INR flow),-3932923.38,-3932923.38,roll following on the LME panel calendar,DIRECT,,-assessable_inr x bcd_scrap_hs7602 x (1 + sws_rate_on_bcd),,P3
PLANNED_AT_TRADE_DATE,T08,IGST:L1,IGST_IMPORT,IGST_IMPORT,BS,INR,2022-06-08,2022-08-02,2022-08-02,2022-08-02,-26450697.45,1.0,n/a (INR flow),-26450697.45,-26450697.45,roll following on the LME panel calendar,DIRECT,,-(assessable + duty) x igst_rate_hs7602,,P3
PLANNED_AT_TRADE_DATE,T08,DUTY:L1,CUSTOMS_DUTY_DIFFERENTIAL,CUSTOMS_DUTY_DIFFERENTIAL,PNL,INR,2022-06-08,2022-08-05,2022-08-05,2022-08-05,-11916.33,1.0,n/a (INR flow),-11916.33,-11916.33,roll following on the LME panel calendar,DIRECT,,-dAV x bcd x (1 + sws) on (P_final - P_provisional),,P3
PLANNED_AT_TRADE_DATE,T08,PURCHASE:L1,PURCHASE_FINAL,PURCHASE_FINAL,PNL,USD,2022-06-08,2022-08-02,2022-08-05,2022-08-05,-96506.47,78.1507,CIP forward to the settle date,-7542049.08,-7542049.08,roll following on the LME panel calendar,DIRECT,,-(q_acc x (factor x A_P + premium) x (1 - disc) - provisional),,P3
PLANNED_AT_TRADE_DATE,T08,DUTY:L2,CUSTOMS_DUTY,CUSTOMS_DUTY,PNL,INR,2022-06-08,2022-08-09,2022-08-09,2022-08-09,-3936433.81,1.0,n/a (INR flow),-3936433.81,-3936433.81,roll following on the LME panel calendar,DIRECT,,-assessable_inr x bcd_scrap_hs7602 x (1 + sws_rate_on_bcd),,P3
PLANNED_AT_TRADE_DATE,T08,DUTY:L2,CUSTOMS_DUTY_DIFFERENTIAL,CUSTOMS_DUTY_DIFFERENTIAL,PNL,INR,2022-06-08,2022-08-09,2022-08-09,2022-08-09,-8405.91,1.0,n/a (INR flow),-8405.91,-8405.91,roll following on the LME panel calendar,DIRECT,,-dAV x bcd x (1 + sws) on (P_final - P_provisional),,P3
PLANNED_AT_TRADE_DATE,T08,IGST:L2,IGST_IMPORT,IGST_IMPORT,BS,INR,2022-06-08,2022-08-09,2022-08-09,2022-08-09,-26474306.64,1.0,n/a (INR flow),-26474306.64,-26474306.64,roll following on the LME panel calendar,DIRECT,,-(assessable + duty) x igst_rate_hs7602,,P3
PLANNED_AT_TRADE_DATE,T08,PURCHASE:L2,PURCHASE_FINAL,PURCHASE_FINAL,PNL,USD,2022-06-08,2022-08-09,2022-08-09,2022-08-09,-94963.33,78.1835,CIP forward to the settle date,-7424568.19,-7424568.19,roll following on the LME panel calendar,DIRECT,,-(q_acc x (factor x A_P + premium) x (1 - disc) - provisional),,P3
PLANNED_AT_TRADE_DATE,T08,PORT:L1,PORT_CHARGES,PORT_CHARGES,PNL,INR,2022-06-08,,2022-08-11,2022-08-11,-2226000.0,1.0,n/a (INR flow),-2226000.0,-2226000.0,roll following on the LME panel calendar,ASSUMPTION,,-port_cf_charges_inr_t x base_payload x cleared boxes,,P3
PLANNED_AT_TRADE_DATE,T08,PORT:L2,PORT_CHARGES,PORT_CHARGES,PNL,INR,2022-06-08,,2022-08-18,2022-08-18,-2226000.0,1.0,n/a (INR flow),-2226000.0,-2226000.0,roll following on the LME panel calendar,ASSUMPTION,,-port_cf_charges_inr_t x base_payload x cleared boxes,,P3
PLANNED_AT_TRADE_DATE,T08,IGST:L1,IGST_CREDIT,IGST_CREDIT,BS,INR,2022-06-08,2022-08-02,2022-09-16,2022-09-16,26450697.45,1.0,n/a (INR flow),26450697.45,26450697.45,roll following on the LME panel calendar,DIRECT,,+(assessable + duty) x igst_rate at igst_credit_lag_days,,P3
PLANNED_AT_TRADE_DATE,T08,IGST:L2,IGST_CREDIT,IGST_CREDIT,BS,INR,2022-06-08,2022-08-09,2022-09-23,2022-09-23,26474306.64,1.0,n/a (INR flow),26474306.64,26474306.64,roll following on the LME panel calendar,DIRECT,,+(assessable + duty) x igst_rate at igst_credit_lag_days,,P3
PLANNED_AT_TRADE_DATE,T09,MCX:T09-MCX-1,MCX_INITIAL_MARGIN,MCX_INITIAL_MARGIN,BS,INR,2022-08-03,2022-08-03,2022-08-03,2022-08-03,-16226828.33,1.0,n/a (INR flow),-16226828.33,-16226828.33,roll following on the LME panel calendar,PROXY,,-d(lots x lot_kg x F(s) x mcx_al_margin_used_frac),,P3
PLANNED_AT_TRADE_DATE,T09,MCX:T09-MCX-1,MCX_SLIPPAGE,MCX_SLIPPAGE,PNL,INR,2022-08-03,,2022-08-03,2022-08-03,-78500.0,1.0,n/a (INR flow),-78500.0,-78500.0,roll following on the LME panel calendar,ASSUMPTION,,-lots x lot_kg x mcx_slippage_ticks x tick,,P3
PLANNED_AT_TRADE_DATE,T09,MCX:T09-MCX-1,MCX_TRANSACTION_COST,MCX_TRANSACTION_COST,PNL,INR,2022-08-03,2022-08-03,2022-08-03,2022-08-03,-48656.93,1.0,n/a (INR flow),-48656.93,-48656.93,roll following on the LME panel calendar,ASSUMPTION,,-lots x lot_kg x fill x mcx_txn_cost_frac,,P3
PLANNED_AT_TRADE_DATE,T09,MCX:T09-MCX-1,MCX_VARIATION_MARGIN,MCX_VARIATION_MARGIN,PNL,INR,2022-08-03,2022-08-03,2022-08-03,2022-08-03,-0.0,1.0,n/a (INR flow),-0.0,-0.0,roll following on the LME panel calendar,PROXY,,direction x lots x lot_kg x (F(entry) - entry settle) = 0 by construction,,P3
PLANNED_AT_TRADE_DATE,T09,MCX:T09-MCX-1,MCX_INITIAL_MARGIN,MCX_INITIAL_MARGIN,BS,INR,2022-08-03,2022-08-04,2022-08-04,2022-08-04,-0.0,1.0,n/a (INR flow),-0.0,-0.0,roll following on the LME panel calendar,PROXY,,-d(lots x lot_kg x F(s) x mcx_al_margin_used_frac),,P3
PLANNED_AT_TRADE_DATE,T09,MCX:T09-MCX-1,MCX_VARIATION_MARGIN,MCX_VARIATION_MARGIN,PNL,INR,2022-08-03,2022-08-04,2022-08-04,2022-08-04,-0.0,1.0,n/a (INR flow),-0.0,-0.0,roll following on the LME panel calendar,PROXY,,direction x lots x lot_kg x (F(s) - F(s-1)),,P3
PLANNED_AT_TRADE_DATE,T09,MCX:T09-MCX-1,MCX_INITIAL_MARGIN,MCX_INITIAL_MARGIN,BS,INR,2022-08-03,2022-08-05,2022-08-05,2022-08-05,-0.0,1.0,n/a (INR flow),-0.0,-0.0,roll following on the LME panel calendar,PROXY,,-d(lots x lot_kg x F(s) x mcx_al_margin_used_frac),,P3
PLANNED_AT_TRADE_DATE,T09,MCX:T09-MCX-1,MCX_VARIATION_MARGIN,MCX_VARIATION_MARGIN,PNL,INR,2022-08-03,2022-08-05,2022-08-05,2022-08-05,-0.0,1.0,n/a (INR flow),-0.0,-0.0,roll following on the LME panel calendar,PROXY,,direction x lots x lot_kg x (F(s) - F(s-1)),,P3
PLANNED_AT_TRADE_DATE,T09,MCX:T09-MCX-1,MCX_INITIAL_MARGIN,MCX_INITIAL_MARGIN,BS,INR,2022-08-03,2022-08-08,2022-08-08,2022-08-08,-0.0,1.0,n/a (INR flow),-0.0,-0.0,roll following on the LME panel calendar,PROXY,,-d(lots x lot_kg x F(s) x mcx_al_margin_used_frac),,P3
PLANNED_AT_TRADE_DATE,T09,MCX:T09-MCX-1,MCX_VARIATION_MARGIN,MCX_VARIATION_MARGIN,PNL,INR,2022-08-03,2022-08-08,2022-08-08,2022-08-08,-0.0,1.0,n/a (INR flow),-0.0,-0.0,roll following on the LME panel calendar,PROXY,,direction x lots x lot_kg x (F(s) - F(s-1)),,P3
PLANNED_AT_TRADE_DATE,T09,MCX:T09-MCX-1,MCX_INITIAL_MARGIN,MCX_INITIAL_MARGIN,BS,INR,2022-08-03,2022-08-09,2022-08-09,2022-08-09,-0.0,1.0,n/a (INR flow),-0.0,-0.0,roll following on the LME panel calendar,PROXY,,-d(lots x lot_kg x F(s) x mcx_al_margin_used_frac),,P3
PLANNED_AT_TRADE_DATE,T09,MCX:T09-MCX-1,MCX_VARIATION_MARGIN,MCX_VARIATION_MARGIN,PNL,INR,2022-08-03,2022-08-09,2022-08-09,2022-08-09,-0.0,1.0,n/a (INR flow),-0.0,-0.0,roll following on the LME panel calendar,PROXY,,direction x lots x lot_kg x (F(s) - F(s-1)),,P3
PLANNED_AT_TRADE_DATE,T09,MCX:T09-MCX-1,MCX_INITIAL_MARGIN,MCX_INITIAL_MARGIN,BS,INR,2022-08-03,2022-08-10,2022-08-10,2022-08-10,-0.0,1.0,n/a (INR flow),-0.0,-0.0,roll following on the LME panel calendar,PROXY,,-d(lots x lot_kg x F(s) x mcx_al_margin_used_frac),,P3
PLANNED_AT_TRADE_DATE,T09,MCX:T09-MCX-1,MCX_VARIATION_MARGIN,MCX_VARIATION_MARGIN,PNL,INR,2022-08-03,2022-08-10,2022-08-10,2022-08-10,-0.0,1.0,n/a (INR flow),-0.0,-0.0,roll following on the LME panel calendar,PROXY,,direction x lots x lot_kg x (F(s) - F(s-1)),,P3
PLANNED_AT_TRADE_DATE,T09,MCX:T09-MCX-1,MCX_INITIAL_MARGIN,MCX_INITIAL_MARGIN,BS,INR,2022-08-03,2022-08-11,2022-08-11,2022-08-11,-0.0,1.0,n/a (INR flow),-0.0,-0.0,roll following on the LME panel calendar,PROXY,,-d(lots x lot_kg x F(s) x mcx_al_margin_used_frac),,P3
PLANNED_AT_TRADE_DATE,T09,MCX:T09-MCX-1,MCX_VARIATION_MARGIN,MCX_VARIATION_MARGIN,PNL,INR,2022-08-03,2022-08-11,2022-08-11,2022-08-11,-0.0,1.0,n/a (INR flow),-0.0,-0.0,roll following on the LME panel calendar,PROXY,,direction x lots x lot_kg x (F(s) - F(s-1)),,P3
PLANNED_AT_TRADE_DATE,T09,MCX:T09-MCX-1,MCX_INITIAL_MARGIN,MCX_INITIAL_MARGIN,BS,INR,2022-08-03,2022-08-12,2022-08-12,2022-08-12,-0.0,1.0,n/a (INR flow),-0.0,-0.0,roll following on the LME panel calendar,PROXY,,-d(lots x lot_kg x F(s) x mcx_al_margin_used_frac),,P3
PLANNED_AT_TRADE_DATE,T09,MCX:T09-MCX-1,MCX_VARIATION_MARGIN,MCX_VARIATION_MARGIN,PNL,INR,2022-08-03,2022-08-12,2022-08-12,2022-08-12,-0.0,1.0,n/a (INR flow),-0.0,-0.0,roll following on the LME panel calendar,PROXY,,direction x lots x lot_kg x (F(s) - F(s-1)),,P3
PLANNED_AT_TRADE_DATE,T09,MCX:T09-MCX-1,MCX_INITIAL_MARGIN,MCX_INITIAL_MARGIN,BS,INR,2022-08-03,2022-08-15,2022-08-15,2022-08-15,-0.0,1.0,n/a (INR flow),-0.0,-0.0,roll following on the LME panel calendar,PROXY,,-d(lots x lot_kg x F(s) x mcx_al_margin_used_frac),,P3
PLANNED_AT_TRADE_DATE,T09,MCX:T09-MCX-1,MCX_VARIATION_MARGIN,MCX_VARIATION_MARGIN,PNL,INR,2022-08-03,2022-08-15,2022-08-15,2022-08-15,-0.0,1.0,n/a (INR flow),-0.0,-0.0,roll following on the LME panel calendar,PROXY,,direction x lots x lot_kg x (F(s) - F(s-1)),,P3
PLANNED_AT_TRADE_DATE,T09,MCX:T09-MCX-1,MCX_INITIAL_MARGIN,MCX_INITIAL_MARGIN,BS,INR,2022-08-03,2022-08-16,2022-08-16,2022-08-16,-0.0,1.0,n/a (INR flow),-0.0,-0.0,roll following on the LME panel calendar,PROXY,,-d(lots x lot_kg x F(s) x mcx_al_margin_used_frac),,P3
PLANNED_AT_TRADE_DATE,T09,MCX:T09-MCX-1,MCX_VARIATION_MARGIN,MCX_VARIATION_MARGIN,PNL,INR,2022-08-03,2022-08-16,2022-08-16,2022-08-16,-0.0,1.0,n/a (INR flow),-0.0,-0.0,roll following on the LME panel calendar,PROXY,,direction x lots x lot_kg x (F(s) - F(s-1)),,P3
PLANNED_AT_TRADE_DATE,T09,INSURANCE:L1,INSURANCE,INSURANCE,PNL,USD,2022-08-03,2022-08-17,2022-08-17,2022-08-17,-1205.82,79.2344,CIP forward to the settle date,-95542.38,-95542.38,roll following on the LME panel calendar,ASSUMPTION,,-insurance_rate x insured_value_uplift x cfr_value_usd,,P3
PLANNED_AT_TRADE_DATE,T09,MCX:T09-MCX-1,MCX_INITIAL_MARGIN,MCX_INITIAL_MARGIN,BS,INR,2022-08-03,2022-08-17,2022-08-17,2022-08-17,-0.0,1.0,n/a (INR flow),-0.0,-0.0,roll following on the LME panel calendar,PROXY,,-d(lots x lot_kg x F(s) x mcx_al_margin_used_frac),,P3
PLANNED_AT_TRADE_DATE,T09,MCX:T09-MCX-1,MCX_VARIATION_MARGIN,MCX_VARIATION_MARGIN,PNL,INR,2022-08-03,2022-08-17,2022-08-17,2022-08-17,-0.0,1.0,n/a (INR flow),-0.0,-0.0,roll following on the LME panel calendar,PROXY,,direction x lots x lot_kg x (F(s) - F(s-1)),,P3
PLANNED_AT_TRADE_DATE,T09,PSIC:L1,PSIC,PSIC,PNL,USD,2022-08-03,2022-08-17,2022-08-17,2022-08-17,-960.0,79.2344,CIP forward to the settle date,-76064.99,-76064.99,roll following on the LME panel calendar,ASSUMPTION,,-psic_cost_usd_per_box x boxes,,P3
PLANNED_AT_TRADE_DATE,T09,MCX:T09-MCX-1,MCX_INITIAL_MARGIN,MCX_INITIAL_MARGIN,BS,INR,2022-08-03,2022-08-18,2022-08-18,2022-08-18,16226828.33,1.0,n/a (INR flow),16226828.33,16226828.33,roll following on the LME panel calendar,PROXY,,-d(lots x lot_kg x F(s) x mcx_al_margin_used_frac),,P3
PLANNED_AT_TRADE_DATE,T09,MCX:T09-MCX-1,MCX_VARIATION_MARGIN,MCX_VARIATION_MARGIN,PNL,INR,2022-08-03,2022-08-18,2022-08-18,2022-08-18,-0.0,1.0,n/a (INR flow),-0.0,-0.0,roll following on the LME panel calendar,PROXY,,direction x lots x lot_kg x (F(s) - F(s-1)),,P3
PLANNED_AT_TRADE_DATE,T09,DUTY:L1,CUSTOMS_DUTY,CUSTOMS_DUTY,PNL,INR,2022-08-03,2022-08-23,2022-08-23,2022-08-23,-2442962.53,1.0,n/a (INR flow),-2442962.53,-2442962.53,roll following on the LME panel calendar,DIRECT,,-assessable_inr x bcd_scrap_hs7602 x (1 + sws_rate_on_bcd),,P3
PLANNED_AT_TRADE_DATE,T09,IGST:L1,IGST_IMPORT,IGST_IMPORT,BS,INR,2022-08-03,2022-08-23,2022-08-23,2022-08-23,-16430033.46,1.0,n/a (INR flow),-16430033.46,-16430033.46,roll following on the LME panel calendar,DIRECT,,-(assessable + duty) x igst_rate_hs7602,,P3
PLANNED_AT_TRADE_DATE,T09,INSURANCE:L2,INSURANCE,INSURANCE,PNL,USD,2022-08-03,2022-08-24,2022-08-24,2022-08-24,-1205.82,79.2745,CIP forward to the settle date,-95590.82,-95590.82,roll following on the LME panel calendar,ASSUMPTION,,-insurance_rate x insured_value_uplift x cfr_value_usd,,P3
PLANNED_AT_TRADE_DATE,T09,LC_USANCE_FEE:L1,LC_USANCE_FEE,LC_USANCE_FEE,PNL,USD,2022-08-03,2022-08-24,2022-08-24,2022-08-24,-1534.68,79.2745,CIP forward to the settle date,-121661.05,-121661.05,roll following on the LME panel calendar,DIRECT,,-lc_usance_fee_frac_per_month x ceil(usance/30) x bill_usd,,P3
PLANNED_AT_TRADE_DATE,T09,PSIC:L2,PSIC,PSIC,PNL,USD,2022-08-03,2022-08-24,2022-08-24,2022-08-24,-960.0,79.2745,CIP forward to the settle date,-76103.56,-76103.56,roll following on the LME panel calendar,ASSUMPTION,,-psic_cost_usd_per_box x boxes,,P3
PLANNED_AT_TRADE_DATE,T09,DUTY:L2,CUSTOMS_DUTY,CUSTOMS_DUTY,PNL,INR,2022-08-03,2022-08-30,2022-08-30,2022-08-30,-2442962.53,1.0,n/a (INR flow),-2442962.53,-2442962.53,roll following on the LME panel calendar,DIRECT,,-assessable_inr x bcd_scrap_hs7602 x (1 + sws_rate_on_bcd),,P3
PLANNED_AT_TRADE_DATE,T09,IGST:L2,IGST_IMPORT,IGST_IMPORT,BS,INR,2022-08-03,2022-08-30,2022-08-30,2022-08-30,-16430033.46,1.0,n/a (INR flow),-16430033.46,-16430033.46,roll following on the LME panel calendar,DIRECT,,-(assessable + duty) x igst_rate_hs7602,,P3
PLANNED_AT_TRADE_DATE,T09,LC_USANCE_FEE:L2,LC_USANCE_FEE,LC_USANCE_FEE,PNL,USD,2022-08-03,2022-08-31,2022-08-31,2022-08-31,-1534.68,79.3147,CIP forward to the settle date,-121722.64,-121722.64,roll following on the LME panel calendar,DIRECT,,-lc_usance_fee_frac_per_month x ceil(usance/30) x bill_usd,,P3
PLANNED_AT_TRADE_DATE,T09,PORT:L1,PORT_CHARGES,PORT_CHARGES,PNL,INR,2022-08-03,,2022-09-01,2022-09-01,-960000.0,1.0,n/a (INR flow),-960000.0,-960000.0,roll following on the LME panel calendar,ASSUMPTION,,-port_cf_charges_inr_t x base_payload x cleared boxes,,P3
PLANNED_AT_TRADE_DATE,T09,PORT:L2,PORT_CHARGES,PORT_CHARGES,PNL,INR,2022-08-03,,2022-09-08,2022-09-08,-960000.0,1.0,n/a (INR flow),-960000.0,-960000.0,roll following on the LME panel calendar,ASSUMPTION,,-port_cf_charges_inr_t x base_payload x cleared boxes,,P3
PLANNED_AT_TRADE_DATE,T09,IGST:L1,IGST_CREDIT,IGST_CREDIT,BS,INR,2022-08-03,2022-08-23,2022-10-07,2022-10-07,16430033.46,1.0,n/a (INR flow),16430033.46,16430033.46,roll following on the LME panel calendar,DIRECT,,+(assessable + duty) x igst_rate at igst_credit_lag_days,,P3
PLANNED_AT_TRADE_DATE,T09,IGST:L2,IGST_CREDIT,IGST_CREDIT,BS,INR,2022-08-03,2022-08-30,2022-10-14,2022-10-14,16430033.46,1.0,n/a (INR flow),16430033.46,16430033.46,roll following on the LME panel calendar,DIRECT,,+(assessable + duty) x igst_rate at igst_credit_lag_days,,P3
PLANNED_AT_TRADE_DATE,T09,BILL_COMMISSION:L1,IMPORT_BILL_COMMISSION,IMPORT_BILL_COMMISSION,PNL,USD,2022-08-03,2022-10-17,2022-10-17,2022-10-17,-1315.44,79.5832,CIP forward to the settle date,-104686.88,-104686.88,roll following on the LME panel calendar,DIRECT,,-import_bill_commission_frac x bill_usd,,P3
PLANNED_AT_TRADE_DATE,T09,FX:T09-FX-1,FX_FORWARD,FX_FORWARD,PNL,INR,2022-08-03,2022-10-17,2022-10-17,2022-10-17,-109620.0,1.0,n/a (INR flow),-109620.0,-109620.0,roll following on the LME panel calendar,PROXY,,"sign x notional x (X(tau, value_date) - K)",,P3
PLANNED_AT_TRADE_DATE,T09,PURCHASE:L1,PURCHASE_INVOICE,PURCHASE_INVOICE,PNL,USD,2022-08-03,,2022-10-17,2022-10-17,-1096200.0,79.5832,CIP forward to the settle date,-87239067.39,-87239067.39,roll following on the LME panel calendar,SIM,,-q_bl x price_usd_t,,P3
PLANNED_AT_TRADE_DATE,T09,USANCE_INTEREST:L1,USANCE_INTEREST,USANCE_INTEREST,PNL,USD,2022-08-03,2022-08-24,2022-10-17,2022-10-17,-7227.43,79.5832,CIP forward to the settle date,-575181.71,-575181.71,roll following on the LME panel calendar,PROXY,,-bill_usd x (usd_rate_3m_pa@acceptance + usance_interest_spread_pa) x days/360,,P3
PLANNED_AT_TRADE_DATE,T09,BILL_COMMISSION:L2,IMPORT_BILL_COMMISSION,IMPORT_BILL_COMMISSION,PNL,USD,2022-08-03,2022-10-24,2022-10-24,2022-10-24,-1315.44,79.623,CIP forward to the settle date,-104739.29,-104739.29,roll following on the LME panel calendar,DIRECT,,-import_bill_commission_frac x bill_usd,,P3
PLANNED_AT_TRADE_DATE,T09,FX:T09-FX-2,FX_FORWARD,FX_FORWARD,PNL,INR,2022-08-03,2022-10-24,2022-10-24,2022-10-24,-109620.0,1.0,n/a (INR flow),-109620.0,-109620.0,roll following on the LME panel calendar,PROXY,,"sign x notional x (X(tau, value_date) - K)",,P3
PLANNED_AT_TRADE_DATE,T09,PURCHASE:L2,PURCHASE_INVOICE,PURCHASE_INVOICE,PNL,USD,2022-08-03,,2022-10-24,2022-10-24,-1096200.0,79.623,CIP forward to the settle date,-87282742.21,-87282742.21,roll following on the LME panel calendar,SIM,,-q_bl x price_usd_t,,P3
PLANNED_AT_TRADE_DATE,T09,USANCE_INTEREST:L2,USANCE_INTEREST,USANCE_INTEREST,PNL,USD,2022-08-03,2022-08-31,2022-10-24,2022-10-24,-7227.43,79.623,CIP forward to the settle date,-575469.67,-575469.67,roll following on the LME panel calendar,PROXY,,-bill_usd x (usd_rate_3m_pa@acceptance + usance_interest_spread_pa) x days/360,,P3
REALISED,T01,MCX:T01-MCX-1,MCX_INITIAL_MARGIN,MCX_INITIAL_MARGIN,BS,INR,2022-03-09,2022-03-09,2022-03-09,2022-03-09,-29440498.35,1.0,n/a (INR flow),-29440498.35,,roll following on the LME panel calendar,PROXY,,-d(lots x lot_kg x F(s) x mcx_al_margin_used_frac),,P3
REALISED,T01,MCX:T01-MCX-1,MCX_SLIPPAGE,MCX_SLIPPAGE,PNL,INR,2022-03-09,,2022-03-09,2022-03-09,-100000.0,1.0,n/a (INR flow),-100000.0,,roll following on the LME panel calendar,ASSUMPTION,,-lots x lot_kg x mcx_slippage_ticks x tick,,P3
REALISED,T01,MCX:T01-MCX-1,MCX_TRANSACTION_COST,MCX_TRANSACTION_COST,PNL,INR,2022-03-09,2022-03-09,2022-03-09,2022-03-09,-88291.5,1.0,n/a (INR flow),-88291.5,,roll following on the LME panel calendar,ASSUMPTION,,-lots x lot_kg x fill x mcx_txn_cost_frac,,P3
REALISED,T01,MCX:T01-MCX-1,MCX_VARIATION_MARGIN,MCX_VARIATION_MARGIN,PNL,INR,2022-03-09,2022-03-09,2022-03-09,2022-03-09,-0.0,1.0,n/a (INR flow),-0.0,,roll following on the LME panel calendar,PROXY,,direction x lots x lot_kg x (F(entry) - entry settle) = 0 by construction,,P3
REALISED,T01,MCX:T01-MCX-2,MCX_INITIAL_MARGIN,MCX_INITIAL_MARGIN,BS,INR,2022-03-09,2022-03-09,2022-03-09,2022-03-09,-14720249.17,1.0,n/a (INR flow),-14720249.17,,roll following on the LME panel calendar,PROXY,,-d(lots x lot_kg x F(s) x mcx_al_margin_used_frac),,P3
REALISED,T01,MCX:T01-MCX-2,MCX_SLIPPAGE,MCX_SLIPPAGE,PNL,INR,2022-03-09,,2022-03-09,2022-03-09,-50000.0,1.0,n/a (INR flow),-50000.0,,roll following on the LME panel calendar,ASSUMPTION,,-lots x lot_kg x mcx_slippage_ticks x tick,,P3
REALISED,T01,MCX:T01-MCX-2,MCX_TRANSACTION_COST,MCX_TRANSACTION_COST,PNL,INR,2022-03-09,2022-03-09,2022-03-09,2022-03-09,-44145.75,1.0,n/a (INR flow),-44145.75,,roll following on the LME panel calendar,ASSUMPTION,,-lots x lot_kg x fill x mcx_txn_cost_frac,,P3
REALISED,T01,MCX:T01-MCX-2,MCX_VARIATION_MARGIN,MCX_VARIATION_MARGIN,PNL,INR,2022-03-09,2022-03-09,2022-03-09,2022-03-09,-0.0,1.0,n/a (INR flow),-0.0,,roll following on the LME panel calendar,PROXY,,direction x lots x lot_kg x (F(entry) - entry settle) = 0 by construction,,P3
REALISED,T01,MCX:T01-MCX-1,MCX_INITIAL_MARGIN,MCX_INITIAL_MARGIN,BS,INR,2022-03-09,2022-03-10,2022-03-10,2022-03-10,79537.06,1.0,n/a (INR flow),79537.06,,roll following on the LME panel calendar,PROXY,,-d(lots x lot_kg x F(s) x mcx_al_margin_used_frac),,P3
REALISED,T01,MCX:T01-MCX-1,MCX_VARIATION_MARGIN,MCX_VARIATION_MARGIN,PNL,INR,2022-03-09,2022-03-10,2022-03-10,2022-03-10,795370.63,1.0,n/a (INR flow),795370.63,,roll following on the LME panel calendar,PROXY,,direction x lots x lot_kg x (F(s) - F(s-1)),,P3
REALISED,T01,MCX:T01-MCX-2,MCX_INITIAL_MARGIN,MCX_INITIAL_MARGIN,BS,INR,2022-03-09,2022-03-10,2022-03-10,2022-03-10,39768.53,1.0,n/a (INR flow),39768.53,,roll following on the LME panel calendar,PROXY,,-d(lots x lot_kg x F(s) x mcx_al_margin_used_frac),,P3
REALISED,T01,MCX:T01-MCX-2,MCX_VARIATION_MARGIN,MCX_VARIATION_MARGIN,PNL,INR,2022-03-09,2022-03-10,2022-03-10,2022-03-10,397685.31,1.0,n/a (INR flow),397685.31,,roll following on the LME panel calendar,PROXY,,direction x lots x lot_kg x (F(s) - F(s-1)),,P3
REALISED,T01,MCX:T01-MCX-1,MCX_INITIAL_MARGIN,MCX_INITIAL_MARGIN,BS,INR,2022-03-09,2022-03-11,2022-03-11,2022-03-11,492577.97,1.0,n/a (INR flow),492577.97,,roll following on the LME panel calendar,PROXY,,-d(lots x lot_kg x F(s) x mcx_al_margin_used_frac),,P3
REALISED,T01,MCX:T01-MCX-1,MCX_VARIATION_MARGIN,MCX_VARIATION_MARGIN,PNL,INR,2022-03-09,2022-03-11,2022-03-11,2022-03-11,4925779.69,1.0,n/a (INR flow),4925779.69,,roll following on the LME panel calendar,PROXY,,direction x lots x lot_kg x (F(s) - F(s-1)),,P3
REALISED,T01,MCX:T01-MCX-2,MCX_INITIAL_MARGIN,MCX_INITIAL_MARGIN,BS,INR,2022-03-09,2022-03-11,2022-03-11,2022-03-11,246288.98,1.0,n/a (INR flow),246288.98,,roll following on the LME panel calendar,PROXY,,-d(lots x lot_kg x F(s) x mcx_al_margin_used_frac),,P3
REALISED,T01,MCX:T01-MCX-2,MCX_VARIATION_MARGIN,MCX_VARIATION_MARGIN,PNL,INR,2022-03-09,2022-03-11,2022-03-11,2022-03-11,2462889.85,1.0,n/a (INR flow),2462889.85,,roll following on the LME panel calendar,PROXY,,direction x lots x lot_kg x (F(s) - F(s-1)),,P3
REALISED,T01,LC_FEES,LC_CONFIRMATION_FEE,LC_CONFIRMATION_FEE,PNL,USD,2022-03-08,2022-03-14,2022-03-14,2022-03-14,-3955.77,76.5794,spot at settlement,-302930.49,,roll following on the LME panel calendar,PROXY,,-lc_confirmation_fee_pa x lc_value_usd x (validity + usance)/360,,P3
REALISED,T01,LC_FEES,LC_OPENING_FEE,LC_OPENING_FEE,PNL,USD,2022-03-08,2022-03-14,2022-03-14,2022-03-14,-9906.62,76.5794,spot at settlement,-758643.32,,roll following on the LME panel calendar,DIRECT,,-lc_opening_fee_frac_per_month x ceil(validity/30) x lc_value_usd,,P3
REALISED,T01,MCX:T01-MCX-1,MCX_INITIAL_MARGIN,MCX_INITIAL_MARGIN,BS,INR,2022-03-09,2022-03-14,2022-03-14,2022-03-14,557402.52,1.0,n/a (INR flow),557402.52,,roll following on the LME panel calendar,PROXY,,-d(lots x lot_kg x F(s) x mcx_al_margin_used_frac),,P3
REALISED,T01,MCX:T01-MCX-1,MCX_VARIATION_MARGIN,MCX_VARIATION_MARGIN,PNL,INR,2022-03-09,2022-03-14,2022-03-14,2022-03-14,5574025.23,1.0,n/a (INR flow),5574025.23,,roll following on the LME panel calendar,PROXY,,direction x lots x lot_kg x (F(s) - F(s-1)),,P3
REALISED,T01,MCX:T01-MCX-2,MCX_INITIAL_MARGIN,MCX_INITIAL_MARGIN,BS,INR,2022-03-09,2022-03-14,2022-03-14,2022-03-14,278701.26,1.0,n/a (INR flow),278701.26,,roll following on the LME panel calendar,PROXY,,-d(lots x lot_kg x F(s) x mcx_al_margin_used_frac),,P3
REALISED,T01,MCX:T01-MCX-2,MCX_VARIATION_MARGIN,MCX_VARIATION_MARGIN,PNL,INR,2022-03-09,2022-03-14,2022-03-14,2022-03-14,2787012.62,1.0,n/a (INR flow),2787012.62,,roll following on the LME panel calendar,PROXY,,direction x lots x lot_kg x (F(s) - F(s-1)),,P3
REALISED,T01,MCX:T01-MCX-1,MCX_INITIAL_MARGIN,MCX_INITIAL_MARGIN,BS,INR,2022-03-09,2022-03-15,2022-03-15,2022-03-15,1582292.48,1.0,n/a (INR flow),1582292.48,,roll following on the LME panel calendar,PROXY,,-d(lots x lot_kg x F(s) x mcx_al_margin_used_frac),,P3
REALISED,T01,MCX:T01-MCX-1,MCX_VARIATION_MARGIN,MCX_VARIATION_MARGIN,PNL,INR,2022-03-09,2022-03-15,2022-03-15,2022-03-15,15822924.77,1.0,n/a (INR flow),15822924.77,,roll following on the LME panel calendar,PROXY,,direction x lots x lot_kg x (F(s) - F(s-1)),,P3
REALISED,T01,MCX:T01-MCX-2,MCX_INITIAL_MARGIN,MCX_INITIAL_MARGIN,BS,INR,2022-03-09,2022-03-15,2022-03-15,2022-03-15,791146.24,1.0,n/a (INR flow),791146.24,,roll following on the LME panel calendar,PROXY,,-d(lots x lot_kg x F(s) x mcx_al_margin_used_frac),,P3
REALISED,T01,MCX:T01-MCX-2,MCX_VARIATION_MARGIN,MCX_VARIATION_MARGIN,PNL,INR,2022-03-09,2022-03-15,2022-03-15,2022-03-15,7911462.39,1.0,n/a (INR flow),7911462.39,,roll following on the LME panel calendar,PROXY,,direction x lots x lot_kg x (F(s) - F(s-1)),,P3
REALISED,T01,MCX:T01-MCX-1,MCX_INITIAL_MARGIN,MCX_INITIAL_MARGIN,BS,INR,2022-03-09,2022-03-16,2022-03-16,2022-03-16,-667652.9,1.0,n/a (INR flow),-667652.9,,roll following on the LME panel calendar,PROXY,,-d(lots x lot_kg x F(s) x mcx_al_margin_used_frac),,P3
REALISED,T01,MCX:T01-MCX-1,MCX_VARIATION_MARGIN,MCX_VARIATION_MARGIN,PNL,INR,2022-03-09,2022-03-16,2022-03-16,2022-03-16,-6676529.02,1.0,n/a (INR flow),-6676529.02,,roll following on the LME panel calendar,PROXY,,direction x lots x lot_kg x (F(s) - F(s-1)),,P3
REALISED,T01,MCX:T01-MCX-2,MCX_INITIAL_MARGIN,MCX_INITIAL_MARGIN,BS,INR,2022-03-09,2022-03-16,2022-03-16,2022-03-16,-333826.45,1.0,n/a (INR flow),-333826.45,,roll following on the LME panel calendar,PROXY,,-d(lots x lot_kg x F(s) x mcx_al_margin_used_frac),,P3
REALISED,T01,MCX:T01-MCX-2,MCX_VARIATION_MARGIN,MCX_VARIATION_MARGIN,PNL,INR,2022-03-09,2022-03-16,2022-03-16,2022-03-16,-3338264.51,1.0,n/a (INR flow),-3338264.51,,roll following on the LME panel calendar,PROXY,,direction x lots x lot_kg x (F(s) - F(s-1)),,P3
REALISED,T01,MCX:T01-MCX-1,MCX_INITIAL_MARGIN,MCX_INITIAL_MARGIN,BS,INR,2022-03-09,2022-03-17,2022-03-17,2022-03-17,272131.61,1.0,n/a (INR flow),272131.61,,roll following on the LME panel calendar,PROXY,,-d(lots x lot_kg x F(s) x mcx_al_margin_used_frac),,P3
REALISED,T01,MCX:T01-MCX-1,MCX_VARIATION_MARGIN,MCX_VARIATION_MARGIN,PNL,INR,2022-03-09,2022-03-17,2022-03-17,2022-03-17,2721316.14,1.0,n/a (INR flow),2721316.14,,roll following on the LME panel calendar,PROXY,,direction x lots x lot_kg x (F(s) - F(s-1)),,P3
REALISED,T01,MCX:T01-MCX-2,MCX_INITIAL_MARGIN,MCX_INITIAL_MARGIN,BS,INR,2022-03-09,2022-03-17,2022-03-17,2022-03-17,136065.81,1.0,n/a (INR flow),136065.81,,roll following on the LME panel calendar,PROXY,,-d(lots x lot_kg x F(s) x mcx_al_margin_used_frac),,P3
REALISED,T01,MCX:T01-MCX-2,MCX_VARIATION_MARGIN,MCX_VARIATION_MARGIN,PNL,INR,2022-03-09,2022-03-17,2022-03-17,2022-03-17,1360658.07,1.0,n/a (INR flow),1360658.07,,roll following on the LME panel calendar,PROXY,,direction x lots x lot_kg x (F(s) - F(s-1)),,P3
REALISED,T01,MCX:T01-MCX-1,MCX_INITIAL_MARGIN,MCX_INITIAL_MARGIN,BS,INR,2022-03-09,2022-03-18,2022-03-18,2022-03-18,-848774.44,1.0,n/a (INR flow),-848774.44,,roll following on the LME panel calendar,PROXY,,-d(lots x lot_kg x F(s) x mcx_al_margin_used_frac),,P3
REALISED,T01,MCX:T01-MCX-1,MCX_VARIATION_MARGIN,MCX_VARIATION_MARGIN,PNL,INR,2022-03-09,2022-03-18,2022-03-18,2022-03-18,-8487744.39,1.0,n/a (INR flow),-8487744.39,,roll following on the LME panel calendar,PROXY,,direction x lots x lot_kg x (F(s) - F(s-1)),,P3
REALISED,T01,MCX:T01-MCX-2,MCX_INITIAL_MARGIN,MCX_INITIAL_MARGIN,BS,INR,2022-03-09,2022-03-18,2022-03-18,2022-03-18,-424387.22,1.0,n/a (INR flow),-424387.22,,roll following on the LME panel calendar,PROXY,,-d(lots x lot_kg x F(s) x mcx_al_margin_used_frac),,P3
REALISED,T01,MCX:T01-MCX-2,MCX_VARIATION_MARGIN,MCX_VARIATION_MARGIN,PNL,INR,2022-03-09,2022-03-18,2022-03-18,2022-03-18,-4243872.19,1.0,n/a (INR flow),-4243872.19,,roll following on the LME panel calendar,PROXY,,direction x lots x lot_kg x (F(s) - F(s-1)),,P3
REALISED,T01,MCX:T01-MCX-1,MCX_INITIAL_MARGIN,MCX_INITIAL_MARGIN,BS,INR,2022-03-09,2022-03-21,2022-03-21,2022-03-21,-1188582.63,1.0,n/a (INR flow),-1188582.63,,roll following on the LME panel calendar,PROXY,,-d(lots x lot_kg x F(s) x mcx_al_margin_used_frac),,P3
REALISED,T01,MCX:T01-MCX-1,MCX_VARIATION_MARGIN,MCX_VARIATION_MARGIN,PNL,INR,2022-03-09,2022-03-21,2022-03-21,2022-03-21,-11885826.29,1.0,n/a (INR flow),-11885826.29,,roll following on the LME panel calendar,PROXY,,direction x lots x lot_kg x (F(s) - F(s-1)),,P3
REALISED,T01,MCX:T01-MCX-2,MCX_INITIAL_MARGIN,MCX_INITIAL_MARGIN,BS,INR,2022-03-09,2022-03-21,2022-03-21,2022-03-21,-594291.31,1.0,n/a (INR flow),-594291.31,,roll following on the LME panel calendar,PROXY,,-d(lots x lot_kg x F(s) x mcx_al_margin_used_frac),,P3
REALISED,T01,MCX:T01-MCX-2,MCX_VARIATION_MARGIN,MCX_VARIATION_MARGIN,PNL,INR,2022-03-09,2022-03-21,2022-03-21,2022-03-21,-5942913.15,1.0,n/a (INR flow),-5942913.15,,roll following on the LME panel calendar,PROXY,,direction x lots x lot_kg x (F(s) - F(s-1)),,P3
REALISED,T01,MCX:T01-MCX-1,MCX_INITIAL_MARGIN,MCX_INITIAL_MARGIN,BS,INR,2022-03-09,2022-03-22,2022-03-22,2022-03-22,-209567.27,1.0,n/a (INR flow),-209567.27,,roll following on the LME panel calendar,PROXY,,-d(lots x lot_kg x F(s) x mcx_al_margin_used_frac),,P3
REALISED,T01,MCX:T01-MCX-1,MCX_VARIATION_MARGIN,MCX_VARIATION_MARGIN,PNL,INR,2022-03-09,2022-03-22,2022-03-22,2022-03-22,-2095672.72,1.0,n/a (INR flow),-2095672.72,,roll following on the LME panel calendar,PROXY,,direction x lots x lot_kg x (F(s) - F(s-1)),,P3
REALISED,T01,MCX:T01-MCX-2,MCX_INITIAL_MARGIN,MCX_INITIAL_MARGIN,BS,INR,2022-03-09,2022-03-22,2022-03-22,2022-03-22,-104783.64,1.0,n/a (INR flow),-104783.64,,roll following on the LME panel calendar,PROXY,,-d(lots x lot_kg x F(s) x mcx_al_margin_used_frac),,P3
REALISED,T01,MCX:T01-MCX-2,MCX_VARIATION_MARGIN,MCX_VARIATION_MARGIN,PNL,INR,2022-03-09,2022-03-22,2022-03-22,2022-03-22,-1047836.36,1.0,n/a (INR flow),-1047836.36,,roll following on the LME panel calendar,PROXY,,direction x lots x lot_kg x (F(s) - F(s-1)),,P3
REALISED,T01,MCX:T01-MCX-1,MCX_INITIAL_MARGIN,MCX_INITIAL_MARGIN,BS,INR,2022-03-09,2022-03-23,2022-03-23,2022-03-23,-198760.63,1.0,n/a (INR flow),-198760.63,,roll following on the LME panel calendar,PROXY,,-d(lots x lot_kg x F(s) x mcx_al_margin_used_frac),,P3
REALISED,T01,MCX:T01-MCX-1,MCX_VARIATION_MARGIN,MCX_VARIATION_MARGIN,PNL,INR,2022-03-09,2022-03-23,2022-03-23,2022-03-23,-1987606.28,1.0,n/a (INR flow),-1987606.28,,roll following on the LME panel calendar,PROXY,,direction x lots x lot_kg x (F(s) - F(s-1)),,P3
REALISED,T01,MCX:T01-MCX-2,MCX_INITIAL_MARGIN,MCX_INITIAL_MARGIN,BS,INR,2022-03-09,2022-03-23,2022-03-23,2022-03-23,-99380.31,1.0,n/a (INR flow),-99380.31,,roll following on the LME panel calendar,PROXY,,-d(lots x lot_kg x F(s) x mcx_al_margin_used_frac),,P3
REALISED,T01,MCX:T01-MCX-2,MCX_VARIATION_MARGIN,MCX_VARIATION_MARGIN,PNL,INR,2022-03-09,2022-03-23,2022-03-23,2022-03-23,-993803.14,1.0,n/a (INR flow),-993803.14,,roll following on the LME panel calendar,PROXY,,direction x lots x lot_kg x (F(s) - F(s-1)),,P3
REALISED,T01,MCX:T01-MCX-1,MCX_INITIAL_MARGIN,MCX_INITIAL_MARGIN,BS,INR,2022-03-09,2022-03-24,2022-03-24,2022-03-24,-848000.44,1.0,n/a (INR flow),-848000.44,,roll following on the LME panel calendar,PROXY,,-d(lots x lot_kg x F(s) x mcx_al_margin_used_frac),,P3
REALISED,T01,MCX:T01-MCX-1,MCX_VARIATION_MARGIN,MCX_VARIATION_MARGIN,PNL,INR,2022-03-09,2022-03-24,2022-03-24,2022-03-24,-8480004.44,1.0,n/a (INR flow),-8480004.44,,roll following on the LME panel calendar,PROXY,,direction x lots x lot_kg x (F(s) - F(s-1)),,P3
REALISED,T01,MCX:T01-MCX-2,MCX_INITIAL_MARGIN,MCX_INITIAL_MARGIN,BS,INR,2022-03-09,2022-03-24,2022-03-24,2022-03-24,-424000.22,1.0,n/a (INR flow),-424000.22,,roll following on the LME panel calendar,PROXY,,-d(lots x lot_kg x F(s) x mcx_al_margin_used_frac),,P3
REALISED,T01,MCX:T01-MCX-2,MCX_VARIATION_MARGIN,MCX_VARIATION_MARGIN,PNL,INR,2022-03-09,2022-03-24,2022-03-24,2022-03-24,-4240002.22,1.0,n/a (INR flow),-4240002.22,,roll following on the LME panel calendar,PROXY,,direction x lots x lot_kg x (F(s) - F(s-1)),,P3
REALISED,T01,MCX:T01-MCX-1,MCX_INITIAL_MARGIN,MCX_INITIAL_MARGIN,BS,INR,2022-03-09,2022-03-25,2022-03-25,2022-03-25,760026.44,1.0,n/a (INR flow),760026.44,,roll following on the LME panel calendar,PROXY,,-d(lots x lot_kg x F(s) x mcx_al_margin_used_frac),,P3
REALISED,T01,MCX:T01-MCX-1,MCX_VARIATION_MARGIN,MCX_VARIATION_MARGIN,PNL,INR,2022-03-09,2022-03-25,2022-03-25,2022-03-25,7600264.38,1.0,n/a (INR flow),7600264.38,,roll following on the LME panel calendar,PROXY,,direction x lots x lot_kg x (F(s) - F(s-1)),,P3
REALISED,T01,MCX:T01-MCX-2,MCX_INITIAL_MARGIN,MCX_INITIAL_MARGIN,BS,INR,2022-03-09,2022-03-25,2022-03-25,2022-03-25,380013.22,1.0,n/a (INR flow),380013.22,,roll following on the LME panel calendar,PROXY,,-d(lots x lot_kg x F(s) x mcx_al_margin_used_frac),,P3
REALISED,T01,MCX:T01-MCX-2,MCX_VARIATION_MARGIN,MCX_VARIATION_MARGIN,PNL,INR,2022-03-09,2022-03-25,2022-03-25,2022-03-25,3800132.19,1.0,n/a (INR flow),3800132.19,,roll following on the LME panel calendar,PROXY,,direction x lots x lot_kg x (F(s) - F(s-1)),,P3
REALISED,T01,MCX:T01-MCX-1,MCX_INITIAL_MARGIN,MCX_INITIAL_MARGIN,BS,INR,2022-03-09,2022-03-28,2022-03-28,2022-03-28,-157328.52,1.0,n/a (INR flow),-157328.52,,roll following on the LME panel calendar,PROXY,,-d(lots x lot_kg x F(s) x mcx_al_margin_used_frac),,P3
REALISED,T01,MCX:T01-MCX-1,MCX_VARIATION_MARGIN,MCX_VARIATION_MARGIN,PNL,INR,2022-03-09,2022-03-28,2022-03-28,2022-03-28,-1573285.24,1.0,n/a (INR flow),-1573285.24,,roll following on the LME panel calendar,PROXY,,direction x lots x lot_kg x (F(s) - F(s-1)),,P3
REALISED,T01,MCX:T01-MCX-2,MCX_INITIAL_MARGIN,MCX_INITIAL_MARGIN,BS,INR,2022-03-09,2022-03-28,2022-03-28,2022-03-28,-78664.26,1.0,n/a (INR flow),-78664.26,,roll following on the LME panel calendar,PROXY,,-d(lots x lot_kg x F(s) x mcx_al_margin_used_frac),,P3
REALISED,T01,MCX:T01-MCX-2,MCX_VARIATION_MARGIN,MCX_VARIATION_MARGIN,PNL,INR,2022-03-09,2022-03-28,2022-03-28,2022-03-28,-786642.62,1.0,n/a (INR flow),-786642.62,,roll following on the LME panel calendar,PROXY,,direction x lots x lot_kg x (F(s) - F(s-1)),,P3
REALISED,T01,INSURANCE:L1,INSURANCE,INSURANCE,PNL,USD,2022-03-08,2022-03-29,2022-03-29,2022-03-29,-2257.64,75.7497,spot at settlement,-171015.55,,roll following on the LME panel calendar,ASSUMPTION,,-insurance_rate x insured_value_uplift x cfr_value_usd,,P3
REALISED,T01,MCX:T01-MCX-1,MCX_INITIAL_MARGIN,MCX_INITIAL_MARGIN,BS,INR,2022-03-09,2022-03-29,2022-03-29,2022-03-29,340619.68,1.0,n/a (INR flow),340619.68,,roll following on the LME panel calendar,PROXY,,-d(lots x lot_kg x F(s) x mcx_al_margin_used_frac),,P3
REALISED,T01,MCX:T01-MCX-1,MCX_VARIATION_MARGIN,MCX_VARIATION_MARGIN,PNL,INR,2022-03-09,2022-03-29,2022-03-29,2022-03-29,3406196.81,1.0,n/a (INR flow),3406196.81,,roll following on the LME panel calendar,PROXY,,direction x lots x lot_kg x (F(s) - F(s-1)),,P3
REALISED,T01,MCX:T01-MCX-2,MCX_INITIAL_MARGIN,MCX_INITIAL_MARGIN,BS,INR,2022-03-09,2022-03-29,2022-03-29,2022-03-29,170309.84,1.0,n/a (INR flow),170309.84,,roll following on the LME panel calendar,PROXY,,-d(lots x lot_kg x F(s) x mcx_al_margin_used_frac),,P3
REALISED,T01,MCX:T01-MCX-2,MCX_VARIATION_MARGIN,MCX_VARIATION_MARGIN,PNL,INR,2022-03-09,2022-03-29,2022-03-29,2022-03-29,1703098.4,1.0,n/a (INR flow),1703098.4,,roll following on the LME panel calendar,PROXY,,direction x lots x lot_kg x (F(s) - F(s-1)),,P3
REALISED,T01,MCX:T01-MCX-1,MCX_INITIAL_MARGIN,MCX_INITIAL_MARGIN,BS,INR,2022-03-09,2022-03-30,2022-03-30,2022-03-30,585396.46,1.0,n/a (INR flow),585396.46,,roll following on the LME panel calendar,PROXY,,-d(lots x lot_kg x F(s) x mcx_al_margin_used_frac),,P3
REALISED,T01,MCX:T01-MCX-1,MCX_VARIATION_MARGIN,MCX_VARIATION_MARGIN,PNL,INR,2022-03-09,2022-03-30,2022-03-30,2022-03-30,5853964.62,1.0,n/a (INR flow),5853964.62,,roll following on the LME panel calendar,PROXY,,direction x lots x lot_kg x (F(s) - F(s-1)),,P3
REALISED,T01,MCX:T01-MCX-2,MCX_INITIAL_MARGIN,MCX_INITIAL_MARGIN,BS,INR,2022-03-09,2022-03-30,2022-03-30,2022-03-30,292698.23,1.0,n/a (INR flow),292698.23,,roll following on the LME panel calendar,PROXY,,-d(lots x lot_kg x F(s) x mcx_al_margin_used_frac),,P3
REALISED,T01,MCX:T01-MCX-2,MCX_VARIATION_MARGIN,MCX_VARIATION_MARGIN,PNL,INR,2022-03-09,2022-03-30,2022-03-30,2022-03-30,2926982.31,1.0,n/a (INR flow),2926982.31,,roll following on the LME panel calendar,PROXY,,direction x lots x lot_kg x (F(s) - F(s-1)),,P3
REALISED,T01,MCX:T01-MCX-1,MCX_INITIAL_MARGIN,MCX_INITIAL_MARGIN,BS,INR,2022-03-09,2022-03-31,2022-03-31,2022-03-31,63475.48,1.0,n/a (INR flow),63475.48,,roll following on the LME panel calendar,PROXY,,-d(lots x lot_kg x F(s) x mcx_al_margin_used_frac),,P3
REALISED,T01,MCX:T01-MCX-1,MCX_VARIATION_MARGIN,MCX_VARIATION_MARGIN,PNL,INR,2022-03-09,2022-03-31,2022-03-31,2022-03-31,634754.76,1.0,n/a (INR flow),634754.76,,roll following on the LME panel calendar,PROXY,,direction x lots x lot_kg x (F(s) - F(s-1)),,P3
REALISED,T01,MCX:T01-MCX-2,MCX_INITIAL_MARGIN,MCX_INITIAL_MARGIN,BS,INR,2022-03-09,2022-03-31,2022-03-31,2022-03-31,31737.74,1.0,n/a (INR flow),31737.74,,roll following on the LME panel calendar,PROXY,,-d(lots x lot_kg x F(s) x mcx_al_margin_used_frac),,P3
REALISED,T01,MCX:T01-MCX-2,MCX_VARIATION_MARGIN,MCX_VARIATION_MARGIN,PNL,INR,2022-03-09,2022-03-31,2022-03-31,2022-03-31,317377.38,1.0,n/a (INR flow),317377.38,,roll following on the LME panel calendar,PROXY,,direction x lots x lot_kg x (F(s) - F(s-1)),,P3
REALISED,T01,MCX:T01-MCX-1,MCX_INITIAL_MARGIN,MCX_INITIAL_MARGIN,BS,INR,2022-03-09,2022-04-01,2022-04-01,2022-04-01,88368.16,1.0,n/a (INR flow),88368.16,,roll following on the LME panel calendar,PROXY,,-d(lots x lot_kg x F(s) x mcx_al_margin_used_frac),,P3
REALISED,T01,MCX:T01-MCX-1,MCX_VARIATION_MARGIN,MCX_VARIATION_MARGIN,PNL,INR,2022-03-09,2022-04-01,2022-04-01,2022-04-01,883681.63,1.0,n/a (INR flow),883681.63,,roll following on the LME panel calendar,PROXY,,direction x lots x lot_kg x (F(s) - F(s-1)),,P3
REALISED,T01,MCX:T01-MCX-2,MCX_INITIAL_MARGIN,MCX_INITIAL_MARGIN,BS,INR,2022-03-09,2022-04-01,2022-04-01,2022-04-01,44184.08,1.0,n/a (INR flow),44184.08,,roll following on the LME panel calendar,PROXY,,-d(lots x lot_kg x F(s) x mcx_al_margin_used_frac),,P3
REALISED,T01,MCX:T01-MCX-2,MCX_VARIATION_MARGIN,MCX_VARIATION_MARGIN,PNL,INR,2022-03-09,2022-04-01,2022-04-01,2022-04-01,441840.81,1.0,n/a (INR flow),441840.81,,roll following on the LME panel calendar,PROXY,,direction x lots x lot_kg x (F(s) - F(s-1)),,P3
REALISED,T01,INSURANCE:L2,INSURANCE,INSURANCE,PNL,USD,2022-03-08,2022-04-04,2022-04-04,2022-04-04,-2257.64,75.5275,spot at settlement,-170513.91,,roll following on the LME panel calendar,ASSUMPTION,,-insurance_rate x insured_value_uplift x cfr_value_usd,,P3
REALISED,T01,MCX:T01-MCX-1,MCX_INITIAL_MARGIN,MCX_INITIAL_MARGIN,BS,INR,2022-03-09,2022-04-04,2022-04-04,2022-04-04,503996.07,1.0,n/a (INR flow),503996.07,,roll following on the LME panel calendar,PROXY,,-d(lots x lot_kg x F(s) x mcx_al_margin_used_frac),,P3
REALISED,T01,MCX:T01-MCX-1,MCX_VARIATION_MARGIN,MCX_VARIATION_MARGIN,PNL,INR,2022-03-09,2022-04-04,2022-04-04,2022-04-04,5039960.72,1.0,n/a (INR flow),5039960.72,,roll following on the LME panel calendar,PROXY,,direction x lots x lot_kg x (F(s) - F(s-1)),,P3
REALISED,T01,MCX:T01-MCX-2,MCX_INITIAL_MARGIN,MCX_INITIAL_MARGIN,BS,INR,2022-03-09,2022-04-04,2022-04-04,2022-04-04,251998.04,1.0,n/a (INR flow),251998.04,,roll following on the LME panel calendar,PROXY,,-d(lots x lot_kg x F(s) x mcx_al_margin_used_frac),,P3
REALISED,T01,MCX:T01-MCX-2,MCX_VARIATION_MARGIN,MCX_VARIATION_MARGIN,PNL,INR,2022-03-09,2022-04-04,2022-04-04,2022-04-04,2519980.36,1.0,n/a (INR flow),2519980.36,,roll following on the LME panel calendar,PROXY,,direction x lots x lot_kg x (F(s) - F(s-1)),,P3
REALISED,T01,BILL_COMMISSION:L1,IMPORT_BILL_COMMISSION,IMPORT_BILL_COMMISSION,PNL,USD,2022-03-08,2022-04-05,2022-04-05,2022-04-05,-2358.72,75.335,spot at settlement,-177694.17,,roll following on the LME panel calendar,DIRECT,,-import_bill_commission_frac x bill_usd,,P3
REALISED,T01,FX:T01-FX-1,FX_FORWARD,FX_FORWARD,PNL,INR,2022-03-08,2022-04-05,2022-04-05,2022-04-05,-3965578.06,1.0,n/a (INR flow),-3965578.06,,roll following on the LME panel calendar,PROXY,,"sign x notional x (X(tau, value_date) - K)",,P3
REALISED,T01,MCX:T01-MCX-1,MCX_INITIAL_MARGIN,MCX_INITIAL_MARGIN,BS,INR,2022-03-09,2022-04-05,2022-04-05,2022-04-05,312085.87,1.0,n/a (INR flow),312085.87,,roll following on the LME panel calendar,PROXY,,-d(lots x lot_kg x F(s) x mcx_al_margin_used_frac),,P3
REALISED,T01,MCX:T01-MCX-1,MCX_VARIATION_MARGIN,MCX_VARIATION_MARGIN,PNL,INR,2022-03-09,2022-04-05,2022-04-05,2022-04-05,3120858.67,1.0,n/a (INR flow),3120858.67,,roll following on the LME panel calendar,PROXY,,direction x lots x lot_kg x (F(s) - F(s-1)),,P3
REALISED,T01,MCX:T01-MCX-2,MCX_INITIAL_MARGIN,MCX_INITIAL_MARGIN,BS,INR,2022-03-09,2022-04-05,2022-04-05,2022-04-05,156042.93,1.0,n/a (INR flow),156042.93,,roll following on the LME panel calendar,PROXY,,-d(lots x lot_kg x F(s) x mcx_al_margin_used_frac),,P3
REALISED,T01,MCX:T01-MCX-2,MCX_VARIATION_MARGIN,MCX_VARIATION_MARGIN,PNL,INR,2022-03-09,2022-04-05,2022-04-05,2022-04-05,1560429.34,1.0,n/a (INR flow),1560429.34,,roll following on the LME panel calendar,PROXY,,direction x lots x lot_kg x (F(s) - F(s-1)),,P3
REALISED,T01,PURCHASE:L1,PURCHASE_INVOICE,PURCHASE_INVOICE,PNL,USD,2022-03-08,,2022-04-05,2022-04-05,-1965600.0,75.335,spot at settlement,-148078476.0,,roll following on the LME panel calendar,SIM,,-q_bl x price_usd_t,,P3
REALISED,T01,MCX:T01-MCX-1,MCX_INITIAL_MARGIN,MCX_INITIAL_MARGIN,BS,INR,2022-03-09,2022-04-06,2022-04-06,2022-04-06,-416763.39,1.0,n/a (INR flow),-416763.39,,roll following on the LME panel calendar,PROXY,,-d(lots x lot_kg x F(s) x mcx_al_margin_used_frac),,P3
REALISED,T01,MCX:T01-MCX-1,MCX_VARIATION_MARGIN,MCX_VARIATION_MARGIN,PNL,INR,2022-03-09,2022-04-06,2022-04-06,2022-04-06,-4167633.89,1.0,n/a (INR flow),-4167633.89,,roll following on the LME panel calendar,PROXY,,direction x lots x lot_kg x (F(s) - F(s-1)),,P3
REALISED,T01,MCX:T01-MCX-2,MCX_INITIAL_MARGIN,MCX_INITIAL_MARGIN,BS,INR,2022-03-09,2022-04-06,2022-04-06,2022-04-06,-208381.69,1.0,n/a (INR flow),-208381.69,,roll following on the LME panel calendar,PROXY,,-d(lots x lot_kg x F(s) x mcx_al_margin_used_frac),,P3
REALISED,T01,MCX:T01-MCX-2,MCX_VARIATION_MARGIN,MCX_VARIATION_MARGIN,PNL,INR,2022-03-09,2022-04-06,2022-04-06,2022-04-06,-2083816.94,1.0,n/a (INR flow),-2083816.94,,roll following on the LME panel calendar,PROXY,,direction x lots x lot_kg x (F(s) - F(s-1)),,P3
REALISED,T01,INSURANCE:L3,INSURANCE,INSURANCE,PNL,USD,2022-03-08,2022-04-07,2022-04-07,2022-04-07,-2257.64,75.9903,spot at settlement,-171558.74,,roll following on the LME panel calendar,ASSUMPTION,,-insurance_rate x insured_value_uplift x cfr_value_usd,,P3
REALISED,T01,MCX:T01-MCX-1,MCX_INITIAL_MARGIN,MCX_INITIAL_MARGIN,BS,INR,2022-03-09,2022-04-07,2022-04-07,2022-04-07,748866.79,1.0,n/a (INR flow),748866.79,,roll following on the LME panel calendar,PROXY,,-d(lots x lot_kg x F(s) x mcx_al_margin_used_frac),,P3
REALISED,T01,MCX:T01-MCX-1,MCX_VARIATION_MARGIN,MCX_VARIATION_MARGIN,PNL,INR,2022-03-09,2022-04-07,2022-04-07,2022-04-07,7488667.94,1.0,n/a (INR flow),7488667.94,,roll following on the LME panel calendar,PROXY,,direction x lots x lot_kg x (F(s) - F(s-1)),,P3
REALISED,T01,MCX:T01-MCX-2,MCX_INITIAL_MARGIN,MCX_INITIAL_MARGIN,BS,INR,2022-03-09,2022-04-07,2022-04-07,2022-04-07,374433.4,1.0,n/a (INR flow),374433.4,,roll following on the LME panel calendar,PROXY,,-d(lots x lot_kg x F(s) x mcx_al_margin_used_frac),,P3
REALISED,T01,MCX:T01-MCX-2,MCX_VARIATION_MARGIN,MCX_VARIATION_MARGIN,PNL,INR,2022-03-09,2022-04-07,2022-04-07,2022-04-07,3744333.97,1.0,n/a (INR flow),3744333.97,,roll following on the LME panel calendar,PROXY,,direction x lots x lot_kg x (F(s) - F(s-1)),,P3
REALISED,T01,MCX:T01-MCX-1,MCX_INITIAL_MARGIN,MCX_INITIAL_MARGIN,BS,INR,2022-03-09,2022-04-08,2022-04-08,2022-04-08,-352180.01,1.0,n/a (INR flow),-352180.01,,roll following on the LME panel calendar,PROXY,,-d(lots x lot_kg x F(s) x mcx_al_margin_used_frac),,P3
REALISED,T01,MCX:T01-MCX-1,MCX_VARIATION_MARGIN,MCX_VARIATION_MARGIN,PNL,INR,2022-03-09,2022-04-08,2022-04-08,2022-04-08,-3521800.15,1.0,n/a (INR flow),-3521800.15,,roll following on the LME panel calendar,PROXY,,direction x lots x lot_kg x (F(s) - F(s-1)),,P3
REALISED,T01,MCX:T01-MCX-2,MCX_INITIAL_MARGIN,MCX_INITIAL_MARGIN,BS,INR,2022-03-09,2022-04-08,2022-04-08,2022-04-08,-176090.01,1.0,n/a (INR flow),-176090.01,,roll following on the LME panel calendar,PROXY,,-d(lots x lot_kg x F(s) x mcx_al_margin_used_frac),,P3
REALISED,T01,MCX:T01-MCX-2,MCX_VARIATION_MARGIN,MCX_VARIATION_MARGIN,PNL,INR,2022-03-09,2022-04-08,2022-04-08,2022-04-08,-1760900.07,1.0,n/a (INR flow),-1760900.07,,roll following on the LME panel calendar,PROXY,,direction x lots x lot_kg x (F(s) - F(s-1)),,P3
REALISED,T01,BILL_COMMISSION:L2,IMPORT_BILL_COMMISSION,IMPORT_BILL_COMMISSION,PNL,USD,2022-03-08,2022-04-11,2022-04-11,2022-04-11,-2358.72,75.8794,spot at settlement,-178978.26,,roll following on the LME panel calendar,DIRECT,,-import_bill_commission_frac x bill_usd,,P3
REALISED,T01,FX:T01-FX-2,FX_FORWARD,FX_FORWARD,PNL,INR,2022-03-08,2022-04-11,2022-04-11,2022-04-11,-2980343.71,1.0,n/a (INR flow),-2980343.71,,roll following on the LME panel calendar,PROXY,,"sign x notional x (X(tau, value_date) - K)",,P3
REALISED,T01,MCX:T01-MCX-1,MCX_INITIAL_MARGIN,MCX_INITIAL_MARGIN,BS,INR,2022-03-09,2022-04-11,2022-04-11,2022-04-11,1321894.71,1.0,n/a (INR flow),1321894.71,,roll following on the LME panel calendar,PROXY,,-d(lots x lot_kg x F(s) x mcx_al_margin_used_frac),,P3
REALISED,T01,MCX:T01-MCX-1,MCX_VARIATION_MARGIN,MCX_VARIATION_MARGIN,PNL,INR,2022-03-09,2022-04-11,2022-04-11,2022-04-11,13218947.08,1.0,n/a (INR flow),13218947.08,,roll following on the LME panel calendar,PROXY,,direction x lots x lot_kg x (F(s) - F(s-1)),,P3
REALISED,T01,MCX:T01-MCX-2,MCX_INITIAL_MARGIN,MCX_INITIAL_MARGIN,BS,INR,2022-03-09,2022-04-11,2022-04-11,2022-04-11,660947.35,1.0,n/a (INR flow),660947.35,,roll following on the LME panel calendar,PROXY,,-d(lots x lot_kg x F(s) x mcx_al_margin_used_frac),,P3
REALISED,T01,MCX:T01-MCX-2,MCX_VARIATION_MARGIN,MCX_VARIATION_MARGIN,PNL,INR,2022-03-09,2022-04-11,2022-04-11,2022-04-11,6609473.54,1.0,n/a (INR flow),6609473.54,,roll following on the LME panel calendar,PROXY,,direction x lots x lot_kg x (F(s) - F(s-1)),,P3
REALISED,T01,PURCHASE:L2,PURCHASE_INVOICE,PURCHASE_INVOICE,PNL,USD,2022-03-08,,2022-04-11,2022-04-11,-1965600.0,75.8794,spot at settlement,-149148548.64,,roll following on the LME panel calendar,SIM,,-q_bl x price_usd_t,,P3
REALISED,T01,MCX:T01-MCX-1,MCX_INITIAL_MARGIN,MCX_INITIAL_MARGIN,BS,INR,2022-03-09,2022-04-12,2022-04-12,2022-04-12,66062.02,1.0,n/a (INR flow),66062.02,,roll following on the LME panel calendar,PROXY,,-d(lots x lot_kg x F(s) x mcx_al_margin_used_frac),,P3
REALISED,T01,MCX:T01-MCX-1,MCX_VARIATION_MARGIN,MCX_VARIATION_MARGIN,PNL,INR,2022-03-09,2022-04-12,2022-04-12,2022-04-12,660620.16,1.0,n/a (INR flow),660620.16,,roll following on the LME panel calendar,PROXY,,direction x lots x lot_kg x (F(s) - F(s-1)),,P3
REALISED,T01,MCX:T01-MCX-2,MCX_INITIAL_MARGIN,MCX_INITIAL_MARGIN,BS,INR,2022-03-09,2022-04-12,2022-04-12,2022-04-12,33031.01,1.0,n/a (INR flow),33031.01,,roll following on the LME panel calendar,PROXY,,-d(lots x lot_kg x F(s) x mcx_al_margin_used_frac),,P3
REALISED,T01,MCX:T01-MCX-2,MCX_VARIATION_MARGIN,MCX_VARIATION_MARGIN,PNL,INR,2022-03-09,2022-04-12,2022-04-12,2022-04-12,330310.08,1.0,n/a (INR flow),330310.08,,roll following on the LME panel calendar,PROXY,,direction x lots x lot_kg x (F(s) - F(s-1)),,P3
REALISED,T01,MCX:T01-MCX-1,MCX_INITIAL_MARGIN,MCX_INITIAL_MARGIN,BS,INR,2022-03-09,2022-04-13,2022-04-13,2022-04-13,59616.09,1.0,n/a (INR flow),59616.09,,roll following on the LME panel calendar,PROXY,,-d(lots x lot_kg x F(s) x mcx_al_margin_used_frac),,P3
REALISED,T01,MCX:T01-MCX-1,MCX_VARIATION_MARGIN,MCX_VARIATION_MARGIN,PNL,INR,2022-03-09,2022-04-13,2022-04-13,2022-04-13,596160.92,1.0,n/a (INR flow),596160.92,,roll following on the LME panel calendar,PROXY,,direction x lots x lot_kg x (F(s) - F(s-1)),,P3
REALISED,T01,MCX:T01-MCX-2,MCX_INITIAL_MARGIN,MCX_INITIAL_MARGIN,BS,INR,2022-03-09,2022-04-13,2022-04-13,2022-04-13,29808.05,1.0,n/a (INR flow),29808.05,,roll following on the LME panel calendar,PROXY,,-d(lots x lot_kg x F(s) x mcx_al_margin_used_frac),,P3
REALISED,T01,MCX:T01-MCX-2,MCX_VARIATION_MARGIN,MCX_VARIATION_MARGIN,PNL,INR,2022-03-09,2022-04-13,2022-04-13,2022-04-13,298080.46,1.0,n/a (INR flow),298080.46,,roll following on the LME panel calendar,PROXY,,direction x lots x lot_kg x (F(s) - F(s-1)),,P3
REALISED,T01,BILL_COMMISSION:L3,IMPORT_BILL_COMMISSION,IMPORT_BILL_COMMISSION,PNL,USD,2022-03-08,2022-04-14,2022-04-14,2022-04-14,-2358.72,76.1298,spot at settlement,-179568.88,,roll following on the LME panel calendar,DIRECT,,-import_bill_commission_frac x bill_usd,,P3
REALISED,T01,FX:T01-FX-3,FX_FORWARD,FX_FORWARD,PNL,INR,2022-03-08,2022-04-14,2022-04-14,2022-04-14,-2530572.74,1.0,n/a (INR flow),-2530572.74,,roll following on the LME panel calendar,PROXY,,"sign x notional x (X(tau, value_date) - K)",,P3
REALISED,T01,MCX:T01-MCX-1,MCX_INITIAL_MARGIN,MCX_INITIAL_MARGIN,BS,INR,2022-03-09,2022-04-14,2022-04-14,2022-04-14,-229684.29,1.0,n/a (INR flow),-229684.29,,roll following on the LME panel calendar,PROXY,,-d(lots x lot_kg x F(s) x mcx_al_margin_used_frac),,P3
REALISED,T01,MCX:T01-MCX-1,MCX_VARIATION_MARGIN,MCX_VARIATION_MARGIN,PNL,INR,2022-03-09,2022-04-14,2022-04-14,2022-04-14,-2296842.88,1.0,n/a (INR flow),-2296842.88,,roll following on the LME panel calendar,PROXY,,direction x lots x lot_kg x (F(s) - F(s-1)),,P3
REALISED,T01,MCX:T01-MCX-2,MCX_INITIAL_MARGIN,MCX_INITIAL_MARGIN,BS,INR,2022-03-09,2022-04-14,2022-04-14,2022-04-14,-114842.14,1.0,n/a (INR flow),-114842.14,,roll following on the LME panel calendar,PROXY,,-d(lots x lot_kg x F(s) x mcx_al_margin_used_frac),,P3
REALISED,T01,MCX:T01-MCX-2,MCX_VARIATION_MARGIN,MCX_VARIATION_MARGIN,PNL,INR,2022-03-09,2022-04-14,2022-04-14,2022-04-14,-1148421.44,1.0,n/a (INR flow),-1148421.44,,roll following on the LME panel calendar,PROXY,,direction x lots x lot_kg x (F(s) - F(s-1)),,P3
REALISED,T01,PURCHASE:L3,PURCHASE_INVOICE,PURCHASE_INVOICE,PNL,USD,2022-03-08,,2022-04-14,2022-04-14,-1965600.0,76.1298,spot at settlement,-149640734.88,,roll following on the LME panel calendar,SIM,,-q_bl x price_usd_t,,P3
REALISED,T01,MCX:T01-MCX-1,MCX_INITIAL_MARGIN,MCX_INITIAL_MARGIN,BS,INR,2022-03-09,2022-04-19,2022-04-19,2022-04-19,-720147.28,1.0,n/a (INR flow),-720147.28,,roll following on the LME panel calendar,PROXY,,-d(lots x lot_kg x F(s) x mcx_al_margin_used_frac),,P3
REALISED,T01,MCX:T01-MCX-1,MCX_VARIATION_MARGIN,MCX_VARIATION_MARGIN,PNL,INR,2022-03-09,2022-04-19,2022-04-19,2022-04-19,-7201472.77,1.0,n/a (INR flow),-7201472.77,,roll following on the LME panel calendar,PROXY,,direction x lots x lot_kg x (F(s) - F(s-1)),,P3
REALISED,T01,MCX:T01-MCX-2,MCX_INITIAL_MARGIN,MCX_INITIAL_MARGIN,BS,INR,2022-03-09,2022-04-19,2022-04-19,2022-04-19,-360073.64,1.0,n/a (INR flow),-360073.64,,roll following on the LME panel calendar,PROXY,,-d(lots x lot_kg x F(s) x mcx_al_margin_used_frac),,P3
REALISED,T01,MCX:T01-MCX-2,MCX_VARIATION_MARGIN,MCX_VARIATION_MARGIN,PNL,INR,2022-03-09,2022-04-19,2022-04-19,2022-04-19,-3600736.39,1.0,n/a (INR flow),-3600736.39,,roll following on the LME panel calendar,PROXY,,direction x lots x lot_kg x (F(s) - F(s-1)),,P3
REALISED,T01,MCX:T01-MCX-1,MCX_INITIAL_MARGIN,MCX_INITIAL_MARGIN,BS,INR,2022-03-09,2022-04-20,2022-04-20,2022-04-20,27443590.74,1.0,n/a (INR flow),27443590.74,,roll following on the LME panel calendar,PROXY,,-d(lots x lot_kg x F(s) x mcx_al_margin_used_frac),,P3
REALISED,T01,MCX:T01-MCX-1,MCX_SLIPPAGE,MCX_SLIPPAGE,PNL,INR,2022-04-20,,2022-04-20,2022-04-20,-100000.0,1.0,n/a (INR flow),-100000.0,,roll following on the LME panel calendar,ASSUMPTION,,-lots x lot_kg x mcx_slippage_ticks x tick,,P3
REALISED,T01,MCX:T01-MCX-1,MCX_TRANSACTION_COST,MCX_TRANSACTION_COST,PNL,INR,2022-04-20,2022-04-20,2022-04-20,2022-04-20,-80391.7,1.0,n/a (INR flow),-80391.7,,roll following on the LME panel calendar,ASSUMPTION,,-lots x lot_kg x fill x mcx_txn_cost_frac,,P3
REALISED,T01,MCX:T01-MCX-1,MCX_VARIATION_MARGIN,MCX_VARIATION_MARGIN,PNL,INR,2022-03-09,2022-04-20,2022-04-20,2022-04-20,6563572.92,1.0,n/a (INR flow),6563572.92,,roll following on the LME panel calendar,PROXY,,direction x lots x lot_kg x (F(s) - F(s-1)),,P3
REALISED,T01,MCX:T01-MCX-2,MCX_INITIAL_MARGIN,MCX_INITIAL_MARGIN,BS,INR,2022-03-09,2022-04-20,2022-04-20,2022-04-20,13721795.37,1.0,n/a (INR flow),13721795.37,,roll following on the LME panel calendar,PROXY,,-d(lots x lot_kg x F(s) x mcx_al_margin_used_frac),,P3
REALISED,T01,MCX:T01-MCX-2,MCX_SLIPPAGE,MCX_SLIPPAGE,PNL,INR,2022-04-20,,2022-04-20,2022-04-20,-50000.0,1.0,n/a (INR flow),-50000.0,,roll following on the LME panel calendar,ASSUMPTION,,-lots x lot_kg x mcx_slippage_ticks x tick,,P3
REALISED,T01,MCX:T01-MCX-2,MCX_TRANSACTION_COST,MCX_TRANSACTION_COST,PNL,INR,2022-04-20,2022-04-20,2022-04-20,2022-04-20,-40195.85,1.0,n/a (INR flow),-40195.85,,roll following on the LME panel calendar,ASSUMPTION,,-lots x lot_kg x fill x mcx_txn_cost_frac,,P3
REALISED,T01,MCX:T01-MCX-2,MCX_VARIATION_MARGIN,MCX_VARIATION_MARGIN,PNL,INR,2022-03-09,2022-04-20,2022-04-20,2022-04-20,3281786.46,1.0,n/a (INR flow),3281786.46,,roll following on the LME panel calendar,PROXY,,direction x lots x lot_kg x (F(s) - F(s-1)),,P3
REALISED,T01,MCX:T01-MCX-3,MCX_INITIAL_MARGIN,MCX_INITIAL_MARGIN,BS,INR,2022-04-20,2022-04-20,2022-04-20,2022-04-20,-26879333.48,1.0,n/a (INR flow),-26879333.48,,roll following on the LME panel calendar,PROXY,,-d(lots x lot_kg x F(s) x mcx_al_margin_used_frac),,P3
REALISED,T01,MCX:T01-MCX-3,MCX_SLIPPAGE,MCX_SLIPPAGE,PNL,INR,2022-04-20,,2022-04-20,2022-04-20,-100000.0,1.0,n/a (INR flow),-100000.0,,roll following on the LME panel calendar,ASSUMPTION,,-lots x lot_kg x mcx_slippage_ticks x tick,,P3
REALISED,T01,MCX:T01-MCX-3,MCX_TRANSACTION_COST,MCX_TRANSACTION_COST,PNL,INR,2022-04-20,2022-04-20,2022-04-20,2022-04-20,-80608.0,1.0,n/a (INR flow),-80608.0,,roll following on the LME panel calendar,ASSUMPTION,,-lots x lot_kg x fill x mcx_txn_cost_frac,,P3
REALISED,T01,MCX:T01-MCX-3,MCX_VARIATION_MARGIN,MCX_VARIATION_MARGIN,PNL,INR,2022-04-20,2022-04-20,2022-04-20,2022-04-20,-0.0,1.0,n/a (INR flow),-0.0,,roll following on the LME panel calendar,PROXY,,direction x lots x lot_kg x (F(entry) - entry settle) = 0 by construction,,P3
REALISED,T01,MCX:T01-MCX-4,MCX_INITIAL_MARGIN,MCX_INITIAL_MARGIN,BS,INR,2022-04-20,2022-04-20,2022-04-20,2022-04-20,-13439666.74,1.0,n/a (INR flow),-13439666.74,,roll following on the LME panel calendar,PROXY,,-d(lots x lot_kg x F(s) x mcx_al_margin_used_frac),,P3
REALISED,T01,MCX:T01-MCX-4,MCX_SLIPPAGE,MCX_SLIPPAGE,PNL,INR,2022-04-20,,2022-04-20,2022-04-20,-50000.0,1.0,n/a (INR flow),-50000.0,,roll following on the LME panel calendar,ASSUMPTION,,-lots x lot_kg x mcx_slippage_ticks x tick,,P3
REALISED,T01,MCX:T01-MCX-4,MCX_TRANSACTION_COST,MCX_TRANSACTION_COST,PNL,INR,2022-04-20,2022-04-20,2022-04-20,2022-04-20,-40304.0,1.0,n/a (INR flow),-40304.0,,roll following on the LME panel calendar,ASSUMPTION,,-lots x lot_kg x fill x mcx_txn_cost_frac,,P3
REALISED,T01,MCX:T01-MCX-4,MCX_VARIATION_MARGIN,MCX_VARIATION_MARGIN,PNL,INR,2022-04-20,2022-04-20,2022-04-20,2022-04-20,-0.0,1.0,n/a (INR flow),-0.0,,roll following on the LME panel calendar,PROXY,,direction x lots x lot_kg x (F(entry) - entry settle) = 0 by construction,,P3
REALISED,T01,MCX:T01-MCX-3,MCX_INITIAL_MARGIN,MCX_INITIAL_MARGIN,BS,INR,2022-04-20,2022-04-21,2022-04-21,2022-04-21,-145500.86,1.0,n/a (INR flow),-145500.86,,roll following on the LME panel calendar,PROXY,,-d(lots x lot_kg x F(s) x mcx_al_margin_used_frac),,P3
REALISED,T01,MCX:T01-MCX-3,MCX_VARIATION_MARGIN,MCX_VARIATION_MARGIN,PNL,INR,2022-04-20,2022-04-21,2022-04-21,2022-04-21,-1455008.64,1.0,n/a (INR flow),-1455008.64,,roll following on the LME panel calendar,PROXY,,direction x lots x lot_kg x (F(s) - F(s-1)),,P3
REALISED,T01,MCX:T01-MCX-4,MCX_INITIAL_MARGIN,MCX_INITIAL_MARGIN,BS,INR,2022-04-20,2022-04-21,2022-04-21,2022-04-21,-72750.43,1.0,n/a (INR flow),-72750.43,,roll following on the LME panel calendar,PROXY,,-d(lots x lot_kg x F(s) x mcx_al_margin_used_frac),,P3
REALISED,T01,MCX:T01-MCX-4,MCX_VARIATION_MARGIN,MCX_VARIATION_MARGIN,PNL,INR,2022-04-20,2022-04-21,2022-04-21,2022-04-21,-727504.32,1.0,n/a (INR flow),-727504.32,,roll following on the LME panel calendar,PROXY,,direction x lots x lot_kg x (F(s) - F(s-1)),,P3
REALISED,T01,MCX:T01-MCX-3,MCX_INITIAL_MARGIN,MCX_INITIAL_MARGIN,BS,INR,2022-04-20,2022-04-22,2022-04-22,2022-04-22,66348.17,1.0,n/a (INR flow),66348.17,,roll following on the LME panel calendar,PROXY,,-d(lots x lot_kg x F(s) x mcx_al_margin_used_frac),,P3
REALISED,T01,MCX:T01-MCX-3,MCX_VARIATION_MARGIN,MCX_VARIATION_MARGIN,PNL,INR,2022-04-20,2022-04-22,2022-04-22,2022-04-22,663481.73,1.0,n/a (INR flow),663481.73,,roll following on the LME panel calendar,PROXY,,direction x lots x lot_kg x (F(s) - F(s-1)),,P3
REALISED,T01,MCX:T01-MCX-4,MCX_INITIAL_MARGIN,MCX_INITIAL_MARGIN,BS,INR,2022-04-20,2022-04-22,2022-04-22,2022-04-22,33174.09,1.0,n/a (INR flow),33174.09,,roll following on the LME panel calendar,PROXY,,-d(lots x lot_kg x F(s) x mcx_al_margin_used_frac),,P3
REALISED,T01,MCX:T01-MCX-4,MCX_VARIATION_MARGIN,MCX_VARIATION_MARGIN,PNL,INR,2022-04-20,2022-04-22,2022-04-22,2022-04-22,331740.87,1.0,n/a (INR flow),331740.87,,roll following on the LME panel calendar,PROXY,,direction x lots x lot_kg x (F(s) - F(s-1)),,P3
REALISED,T01,MCX:T01-MCX-3,MCX_INITIAL_MARGIN,MCX_INITIAL_MARGIN,BS,INR,2022-04-20,2022-04-25,2022-04-25,2022-04-25,26958486.17,1.0,n/a (INR flow),26958486.17,,roll following on the LME panel calendar,PROXY,,-d(lots x lot_kg x F(s) x mcx_al_margin_used_frac),,P3
REALISED,T01,MCX:T01-MCX-3,MCX_SLIPPAGE,MCX_SLIPPAGE,PNL,INR,2022-04-25,,2022-04-25,2022-04-25,-100000.0,1.0,n/a (INR flow),-100000.0,,roll following on the LME panel calendar,ASSUMPTION,,-lots x lot_kg x mcx_slippage_ticks x tick,,P3
REALISED,T01,MCX:T01-MCX-3,MCX_TRANSACTION_COST,MCX_TRANSACTION_COST,PNL,INR,2022-04-25,2022-04-25,2022-04-25,2022-04-25,-77200.23,1.0,n/a (INR flow),-77200.23,,roll following on the LME panel calendar,ASSUMPTION,,-lots x lot_kg x fill x mcx_txn_cost_frac,,P3
REALISED,T01,MCX:T01-MCX-3,MCX_VARIATION_MARGIN,MCX_VARIATION_MARGIN,PNL,INR,2022-04-20,2022-04-25,2022-04-25,2022-04-25,12350769.42,1.0,n/a (INR flow),12350769.42,,roll following on the LME panel calendar,PROXY,,direction x lots x lot_kg x (F(s) - F(s-1)),,P3
REALISED,T01,MCX:T01-MCX-4,MCX_INITIAL_MARGIN,MCX_INITIAL_MARGIN,BS,INR,2022-04-20,2022-04-25,2022-04-25,2022-04-25,617538.47,1.0,n/a (INR flow),617538.47,,roll following on the LME panel calendar,PROXY,,-d(lots x lot_kg x F(s) x mcx_al_margin_used_frac),,P3
REALISED,T01,MCX:T01-MCX-4,MCX_VARIATION_MARGIN,MCX_VARIATION_MARGIN,PNL,INR,2022-04-20,2022-04-25,2022-04-25,2022-04-25,6175384.71,1.0,n/a (INR flow),6175384.71,,roll following on the LME panel calendar,PROXY,,direction x lots x lot_kg x (F(s) - F(s-1)),,P3
REALISED,T01,MCX:T01-MCX-4,MCX_INITIAL_MARGIN,MCX_INITIAL_MARGIN,BS,INR,2022-04-20,2022-04-26,2022-04-26,2022-04-26,-43870.15,1.0,n/a (INR flow),-43870.15,,roll following on the LME panel calendar,PROXY,,-d(lots x lot_kg x F(s) x mcx_al_margin_used_frac),,P3
REALISED,T01,MCX:T01-MCX-4,MCX_VARIATION_MARGIN,MCX_VARIATION_MARGIN,PNL,INR,2022-04-20,2022-04-26,2022-04-26,2022-04-26,-438701.53,1.0,n/a (INR flow),-438701.53,,roll following on the LME panel calendar,PROXY,,direction x lots x lot_kg x (F(s) - F(s-1)),,P3
REALISED,T01,MCX:T01-MCX-4,MCX_INITIAL_MARGIN,MCX_INITIAL_MARGIN,BS,INR,2022-04-20,2022-04-27,2022-04-27,2022-04-27,5297.54,1.0,n/a (INR flow),5297.54,,roll following on the LME panel calendar,PROXY,,-d(lots x lot_kg x F(s) x mcx_al_margin_used_frac),,P3
REALISED,T01,MCX:T01-MCX-4,MCX_VARIATION_MARGIN,MCX_VARIATION_MARGIN,PNL,INR,2022-04-20,2022-04-27,2022-04-27,2022-04-27,52975.44,1.0,n/a (INR flow),52975.44,,roll following on the LME panel calendar,PROXY,,direction x lots x lot_kg x (F(s) - F(s-1)),,P3
REALISED,T01,MCX:T01-MCX-4,MCX_INITIAL_MARGIN,MCX_INITIAL_MARGIN,BS,INR,2022-04-20,2022-04-28,2022-04-28,2022-04-28,137441.65,1.0,n/a (INR flow),137441.65,,roll following on the LME panel calendar,PROXY,,-d(lots x lot_kg x F(s) x mcx_al_margin_used_frac),,P3
REALISED,T01,MCX:T01-MCX-4,MCX_VARIATION_MARGIN,MCX_VARIATION_MARGIN,PNL,INR,2022-04-20,2022-04-28,2022-04-28,2022-04-28,1374416.53,1.0,n/a (INR flow),1374416.53,,roll following on the LME panel calendar,PROXY,,direction x lots x lot_kg x (F(s) - F(s-1)),,P3
REALISED,T01,MCX:T01-MCX-4,MCX_INITIAL_MARGIN,MCX_INITIAL_MARGIN,BS,INR,2022-04-20,2022-04-29,2022-04-29,2022-04-29,135271.38,1.0,n/a (INR flow),135271.38,,roll following on the LME panel calendar,PROXY,,-d(lots x lot_kg x F(s) x mcx_al_margin_used_frac),,P3
REALISED,T01,MCX:T01-MCX-4,MCX_VARIATION_MARGIN,MCX_VARIATION_MARGIN,PNL,INR,2022-04-20,2022-04-29,2022-04-29,2022-04-29,1352713.83,1.0,n/a (INR flow),1352713.83,,roll following on the LME panel calendar,PROXY,,direction x lots x lot_kg x (F(s) - F(s-1)),,P3
REALISED,T01,MCX:T01-MCX-4,MCX_INITIAL_MARGIN,MCX_INITIAL_MARGIN,BS,INR,2022-04-20,2022-05-03,2022-05-03,2022-05-03,518968.13,1.0,n/a (INR flow),518968.13,,roll following on the LME panel calendar,PROXY,,-d(lots x lot_kg x F(s) x mcx_al_margin_used_frac),,P3
REALISED,T01,MCX:T01-MCX-4,MCX_VARIATION_MARGIN,MCX_VARIATION_MARGIN,PNL,INR,2022-04-20,2022-05-03,2022-05-03,2022-05-03,5189681.29,1.0,n/a (INR flow),5189681.29,,roll following on the LME panel calendar,PROXY,,direction x lots x lot_kg x (F(s) - F(s-1)),,P3
REALISED,T01,MCX:T01-MCX-4,MCX_INITIAL_MARGIN,MCX_INITIAL_MARGIN,BS,INR,2022-04-20,2022-05-04,2022-05-04,2022-05-04,-37609.31,1.0,n/a (INR flow),-37609.31,,roll following on the LME panel calendar,PROXY,,-d(lots x lot_kg x F(s) x mcx_al_margin_used_frac),,P3
REALISED,T01,MCX:T01-MCX-4,MCX_VARIATION_MARGIN,MCX_VARIATION_MARGIN,PNL,INR,2022-04-20,2022-05-04,2022-05-04,2022-05-04,-376093.05,1.0,n/a (INR flow),-376093.05,,roll following on the LME panel calendar,PROXY,,direction x lots x lot_kg x (F(s) - F(s-1)),,P3
REALISED,T01,MCX:T01-MCX-4,MCX_INITIAL_MARGIN,MCX_INITIAL_MARGIN,BS,INR,2022-04-20,2022-05-05,2022-05-05,2022-05-05,61432.93,1.0,n/a (INR flow),61432.93,,roll following on the LME panel calendar,PROXY,,-d(lots x lot_kg x F(s) x mcx_al_margin_used_frac),,P3
REALISED,T01,MCX:T01-MCX-4,MCX_VARIATION_MARGIN,MCX_VARIATION_MARGIN,PNL,INR,2022-04-20,2022-05-05,2022-05-05,2022-05-05,614329.32,1.0,n/a (INR flow),614329.32,,roll following on the LME panel calendar,PROXY,,direction x lots x lot_kg x (F(s) - F(s-1)),,P3
REALISED,T01,MCX:T01-MCX-4,MCX_INITIAL_MARGIN,MCX_INITIAL_MARGIN,BS,INR,2022-04-20,2022-05-06,2022-05-06,2022-05-06,254938.26,1.0,n/a (INR flow),254938.26,,roll following on the LME panel calendar,PROXY,,-d(lots x lot_kg x F(s) x mcx_al_margin_used_frac),,P3
REALISED,T01,MCX:T01-MCX-4,MCX_VARIATION_MARGIN,MCX_VARIATION_MARGIN,PNL,INR,2022-04-20,2022-05-06,2022-05-06,2022-05-06,2549382.56,1.0,n/a (INR flow),2549382.56,,roll following on the LME panel calendar,PROXY,,direction x lots x lot_kg x (F(s) - F(s-1)),,P3
REALISED,T01,DUTY:L1,CUSTOMS_DUTY,CUSTOMS_DUTY,PNL,INR,2022-03-08,2022-05-09,2022-05-09,2022-05-09,-4353562.71,1.0,n/a (INR flow),-4353562.71,,roll following on the LME panel calendar,DIRECT,,-assessable_inr x bcd_scrap_hs7602 x (1 + sws_rate_on_bcd),,P3
REALISED,T01,FREIGHT:L1,FREIGHT,FREIGHT,PNL,USD,2022-03-08,2022-03-18,2022-05-09,2022-05-09,-86800.0,77.4141,spot at settlement,-6719543.88,,roll following on the LME panel calendar,ASSUMPTION,,"-boxes x (fixture rate once booked, else market box rate)",,P3
REALISED,T01,IGST:L1,IGST_IMPORT,IGST_IMPORT,BS,INR,2022-03-08,2022-05-09,2022-05-09,2022-05-09,-29279688.1,1.0,n/a (INR flow),-29279688.1,,roll following on the LME panel calendar,DIRECT,,-(assessable + duty) x igst_rate_hs7602,,P3
REALISED,T01,MCX:T01-MCX-4,MCX_INITIAL_MARGIN,MCX_INITIAL_MARGIN,BS,INR,2022-04-20,2022-05-09,2022-05-09,2022-05-09,11829834.18,1.0,n/a (INR flow),11829834.18,,roll following on the LME panel calendar,PROXY,,-d(lots x lot_kg x F(s) x mcx_al_margin_used_frac),,P3
REALISED,T01,MCX:T01-MCX-4,MCX_SLIPPAGE,MCX_SLIPPAGE,PNL,INR,2022-05-09,,2022-05-09,2022-05-09,-50000.0,1.0,n/a (INR flow),-50000.0,,roll following on the LME panel calendar,ASSUMPTION,,-lots x lot_kg x mcx_slippage_ticks x tick,,P3
REALISED,T01,MCX:T01-MCX-4,MCX_TRANSACTION_COST,MCX_TRANSACTION_COST,PNL,INR,2022-05-09,2022-05-09,2022-05-09,2022-05-09,-34152.0,1.0,n/a (INR flow),-34152.0,,roll following on the LME panel calendar,ASSUMPTION,,-lots x lot_kg x fill x mcx_txn_cost_frac,,P3
REALISED,T01,MCX:T01-MCX-4,MCX_VARIATION_MARGIN,MCX_VARIATION_MARGIN,PNL,INR,2022-04-20,2022-05-09,2022-05-09,2022-05-09,4508326.69,1.0,n/a (INR flow),4508326.69,,roll following on the LME panel calendar,PROXY,,direction x lots x lot_kg x (F(s) - F(s-1)),,P3
REALISED,T01,DUTY:L2,CUSTOMS_DUTY,CUSTOMS_DUTY,PNL,INR,2022-03-08,2022-05-16,2022-05-16,2022-05-16,-4353562.71,1.0,n/a (INR flow),-4353562.71,,roll following on the LME panel calendar,DIRECT,,-assessable_inr x bcd_scrap_hs7602 x (1 + sws_rate_on_bcd),,P3
REALISED,T01,FREIGHT:L2,FREIGHT,FREIGHT,PNL,USD,2022-03-08,2022-03-18,2022-05-16,2022-05-16,-86800.0,77.7979,spot at settlement,-6752857.72,,roll following on the LME panel calendar,ASSUMPTION,,"-boxes x (fixture rate once booked, else market box rate)",,P3
REALISED,T01,FX:T01-FX-4,FX_FORWARD,FX_FORWARD,PNL,INR,2022-03-18,2022-05-16,2022-05-16,2022-05-16,305768.14,1.0,n/a (INR flow),305768.14,,roll following on the LME panel calendar,PROXY,,"sign x notional x (X(tau, value_date) - K)",,P3
REALISED,T01,IGST:L2,IGST_IMPORT,IGST_IMPORT,BS,INR,2022-03-08,2022-05-16,2022-05-16,2022-05-16,-29279688.1,1.0,n/a (INR flow),-29279688.1,,roll following on the LME panel calendar,DIRECT,,-(assessable + duty) x igst_rate_hs7602,,P3
REALISED,T01,FREIGHT:L3,FREIGHT,FREIGHT,PNL,USD,2022-03-08,2022-03-18,2022-05-17,2022-05-17,-86800.0,77.4609,spot at settlement,-6723606.12,,roll following on the LME panel calendar,ASSUMPTION,,"-boxes x (fixture rate once booked, else market box rate)",,P3
REALISED,T01,DUTY:L3,CUSTOMS_DUTY,CUSTOMS_DUTY,PNL,INR,2022-03-08,2022-05-18,2022-05-18,2022-05-18,-4353562.71,1.0,n/a (INR flow),-4353562.71,,roll following on the LME panel calendar,DIRECT,,-assessable_inr x bcd_scrap_hs7602 x (1 + sws_rate_on_bcd),,P3
REALISED,T01,IGST:L3,IGST_IMPORT,IGST_IMPORT,BS,INR,2022-03-08,2022-05-18,2022-05-18,2022-05-18,-29279688.1,1.0,n/a (INR flow),-29279688.1,,roll following on the LME panel calendar,DIRECT,,-(assessable + duty) x igst_rate_hs7602,,P3
REALISED,T01,PORT:L1,PORT_CHARGES,PORT_CHARGES,PNL,INR,2022-03-08,,2022-05-18,2022-05-18,-2226000.0,1.0,n/a (INR flow),-2226000.0,,roll following on the LME panel calendar,ASSUMPTION,,-port_cf_charges_inr_t x base_payload x cleared boxes,,P3
REALISED,T01,SALE:S1,SALE_ADVANCE,SALE_ADVANCE,PNL,INR,2022-04-25,2022-05-20,2022-06-23,2022-05-20,169260000.0,1.0,n/a (INR flow),169260000.0,,roll following on the LME panel calendar,SIM,,+advance_frac x q_plan x P_sale,,P3
REALISED,T01,PORT:L2,PORT_CHARGES,PORT_CHARGES,PNL,INR,2022-03-08,,2022-05-24,2022-05-24,-2226000.0,1.0,n/a (INR flow),-2226000.0,,roll following on the LME panel calendar,ASSUMPTION,,-port_cf_charges_inr_t x base_payload x cleared boxes,,P3
REALISED,T01,SALE:S2,SALE_ADVANCE,SALE_ADVANCE,PNL,INR,2022-05-09,2022-05-24,2022-05-27,2022-05-24,152460000.0,1.0,n/a (INR flow),152460000.0,,roll following on the LME panel calendar,SIM,,+advance_frac x q_plan x P_sale,,P3
REALISED,T01,PORT:L3,PORT_CHARGES,PORT_CHARGES,PNL,INR,2022-03-08,,2022-05-27,2022-05-27,-2226000.0,1.0,n/a (INR flow),-2226000.0,,roll following on the LME panel calendar,ASSUMPTION,,-port_cf_charges_inr_t x base_payload x cleared boxes,,P3
REALISED,T01,SALE:S2,SALE_BALANCE,SALE_BALANCE,PNL,INR,2022-05-09,2022-05-18,2022-05-27,2022-05-27,0.0,1.0,n/a (INR flow),0.0,,roll following on the LME panel calendar,SIM,,+q_acc x P_sale x (1 - disc passthrough) - advance,,P3
REALISED,T01,IGST:L1,IGST_CREDIT,IGST_CREDIT,BS,INR,2022-03-08,2022-05-09,2022-06-23,2022-06-23,29279688.1,1.0,n/a (INR flow),29279688.1,,roll following on the LME panel calendar,DIRECT,,+(assessable + duty) x igst_rate at igst_credit_lag_days,,P3
REALISED,T01,SALE:S1,SALE_BALANCE,SALE_BALANCE,PNL,INR,2022-04-25,2022-05-16,2022-06-23,2022-06-23,169260000.0,1.0,n/a (INR flow),169260000.0,,roll following on the LME panel calendar,SIM,,+q_acc x P_sale x (1 - disc passthrough) - advance,,P3
REALISED,T01,IGST:L2,IGST_CREDIT,IGST_CREDIT,BS,INR,2022-03-08,2022-05-16,2022-06-29,2022-06-29,29279688.1,1.0,n/a (INR flow),29279688.1,,roll following on the LME panel calendar,DIRECT,,+(assessable + duty) x igst_rate at igst_credit_lag_days,,P3
REALISED,T01,IGST:L3,IGST_CREDIT,IGST_CREDIT,BS,INR,2022-03-08,2022-05-18,2022-07-04,2022-07-04,29279688.1,1.0,n/a (INR flow),29279688.1,,roll following on the LME panel calendar,DIRECT,,+(assessable + duty) x igst_rate at igst_credit_lag_days,,P3
REALISED,T02,MCX:T02-MCX-1,MCX_INITIAL_MARGIN,MCX_INITIAL_MARGIN,BS,INR,2022-03-11,2022-03-11,2022-03-11,2022-03-11,-10649386.45,1.0,n/a (INR flow),-10649386.45,,roll following on the LME panel calendar,PROXY,,-d(lots x lot_kg x F(s) x mcx_al_margin_used_frac),,P3
REALISED,T02,MCX:T02-MCX-1,MCX_SLIPPAGE,MCX_SLIPPAGE,PNL,INR,2022-03-11,,2022-03-11,2022-03-11,-37000.0,1.0,n/a (INR flow),-37000.0,,roll following on the LME panel calendar,ASSUMPTION,,-lots x lot_kg x mcx_slippage_ticks x tick,,P3
REALISED,T02,MCX:T02-MCX-1,MCX_TRANSACTION_COST,MCX_TRANSACTION_COST,PNL,INR,2022-03-11,2022-03-11,2022-03-11,2022-03-11,-31937.06,1.0,n/a (INR flow),-31937.06,,roll following on the LME panel calendar,ASSUMPTION,,-lots x lot_kg x fill x mcx_txn_cost_frac,,P3
REALISED,T02,MCX:T02-MCX-1,MCX_VARIATION_MARGIN,MCX_VARIATION_MARGIN,PNL,INR,2022-03-11,2022-03-11,2022-03-11,2022-03-11,-0.0,1.0,n/a (INR flow),-0.0,,roll following on the LME panel calendar,PROXY,,direction x lots x lot_kg x (F(entry) - entry settle) = 0 by construction,,P3
REALISED,T02,MCX:T02-MCX-1,MCX_INITIAL_MARGIN,MCX_INITIAL_MARGIN,BS,INR,2022-03-11,2022-03-14,2022-03-14,2022-03-14,205632.38,1.0,n/a (INR flow),205632.38,,roll following on the LME panel calendar,PROXY,,-d(lots x lot_kg x F(s) x mcx_al_margin_used_frac),,P3
REALISED,T02,MCX:T02-MCX-1,MCX_VARIATION_MARGIN,MCX_VARIATION_MARGIN,PNL,INR,2022-03-11,2022-03-14,2022-03-14,2022-03-14,2056323.76,1.0,n/a (INR flow),2056323.76,,roll following on the LME panel calendar,PROXY,,direction x lots x lot_kg x (F(s) - F(s-1)),,P3
REALISED,T02,MCX:T02-MCX-1,MCX_INITIAL_MARGIN,MCX_INITIAL_MARGIN,BS,INR,2022-03-11,2022-03-15,2022-03-15,2022-03-15,583701.42,1.0,n/a (INR flow),583701.42,,roll following on the LME panel calendar,PROXY,,-d(lots x lot_kg x F(s) x mcx_al_margin_used_frac),,P3
REALISED,T02,MCX:T02-MCX-1,MCX_VARIATION_MARGIN,MCX_VARIATION_MARGIN,PNL,INR,2022-03-11,2022-03-15,2022-03-15,2022-03-15,5837014.22,1.0,n/a (INR flow),5837014.22,,roll following on the LME panel calendar,PROXY,,direction x lots x lot_kg x (F(s) - F(s-1)),,P3
REALISED,T02,MCX:T02-MCX-1,MCX_INITIAL_MARGIN,MCX_INITIAL_MARGIN,BS,INR,2022-03-11,2022-03-16,2022-03-16,2022-03-16,-246290.02,1.0,n/a (INR flow),-246290.02,,roll following on the LME panel calendar,PROXY,,-d(lots x lot_kg x F(s) x mcx_al_margin_used_frac),,P3
REALISED,T02,MCX:T02-MCX-1,MCX_VARIATION_MARGIN,MCX_VARIATION_MARGIN,PNL,INR,2022-03-11,2022-03-16,2022-03-16,2022-03-16,-2462900.24,1.0,n/a (INR flow),-2462900.24,,roll following on the LME panel calendar,PROXY,,direction x lots x lot_kg x (F(s) - F(s-1)),,P3
REALISED,T02,MCX:T02-MCX-1,MCX_INITIAL_MARGIN,MCX_INITIAL_MARGIN,BS,INR,2022-03-11,2022-03-17,2022-03-17,2022-03-17,100390.78,1.0,n/a (INR flow),100390.78,,roll following on the LME panel calendar,PROXY,,-d(lots x lot_kg x F(s) x mcx_al_margin_used_frac),,P3
REALISED,T02,MCX:T02-MCX-1,MCX_VARIATION_MARGIN,MCX_VARIATION_MARGIN,PNL,INR,2022-03-11,2022-03-17,2022-03-17,2022-03-17,1003907.81,1.0,n/a (INR flow),1003907.81,,roll following on the LME panel calendar,PROXY,,direction x lots x lot_kg x (F(s) - F(s-1)),,P3
REALISED,T02,MCX:T02-MCX-1,MCX_INITIAL_MARGIN,MCX_INITIAL_MARGIN,BS,INR,2022-03-11,2022-03-18,2022-03-18,2022-03-18,-313104.41,1.0,n/a (INR flow),-313104.41,,roll following on the LME panel calendar,PROXY,,-d(lots x lot_kg x F(s) x mcx_al_margin_used_frac),,P3
REALISED,T02,MCX:T02-MCX-1,MCX_VARIATION_MARGIN,MCX_VARIATION_MARGIN,PNL,INR,2022-03-11,2022-03-18,2022-03-18,2022-03-18,-3131044.11,1.0,n/a (INR flow),-3131044.11,,roll following on the LME panel calendar,PROXY,,direction x lots x lot_kg x (F(s) - F(s-1)),,P3
REALISED,T02,LC_FEES,LC_OPENING_FEE,LC_OPENING_FEE,PNL,USD,2022-03-11,2022-03-21,2022-03-21,2022-03-21,-4741.89,76.267,spot at settlement,-361649.58,,roll following on the LME panel calendar,DIRECT,,-lc_opening_fee_frac_per_month x ceil(validity/30) x lc_value_usd,,P3
REALISED,T02,MCX:T02-MCX-1,MCX_INITIAL_MARGIN,MCX_INITIAL_MARGIN,BS,INR,2022-03-11,2022-03-21,2022-03-21,2022-03-21,-438450.61,1.0,n/a (INR flow),-438450.61,,roll following on the LME panel calendar,PROXY,,-d(lots x lot_kg x F(s) x mcx_al_margin_used_frac),,P3
REALISED,T02,MCX:T02-MCX-1,MCX_VARIATION_MARGIN,MCX_VARIATION_MARGIN,PNL,INR,2022-03-11,2022-03-21,2022-03-21,2022-03-21,-4384506.07,1.0,n/a (INR flow),-4384506.07,,roll following on the LME panel calendar,PROXY,,direction x lots x lot_kg x (F(s) - F(s-1)),,P3
REALISED,T02,MCX:T02-MCX-1,MCX_INITIAL_MARGIN,MCX_INITIAL_MARGIN,BS,INR,2022-03-11,2022-03-22,2022-03-22,2022-03-22,10757506.91,1.0,n/a (INR flow),10757506.91,,roll following on the LME panel calendar,PROXY,,-d(lots x lot_kg x F(s) x mcx_al_margin_used_frac),,P3
REALISED,T02,MCX:T02-MCX-1,MCX_SLIPPAGE,MCX_SLIPPAGE,PNL,INR,2022-03-22,,2022-03-22,2022-03-22,-37000.0,1.0,n/a (INR flow),-37000.0,,roll following on the LME panel calendar,ASSUMPTION,,-lots x lot_kg x mcx_slippage_ticks x tick,,P3
REALISED,T02,MCX:T02-MCX-1,MCX_TRANSACTION_COST,MCX_TRANSACTION_COST,PNL,INR,2022-03-22,2022-03-22,2022-03-22,2022-03-22,-32515.53,1.0,n/a (INR flow),-32515.53,,roll following on the LME panel calendar,ASSUMPTION,,-lots x lot_kg x fill x mcx_txn_cost_frac,,P3
REALISED,T02,MCX:T02-MCX-1,MCX_VARIATION_MARGIN,MCX_VARIATION_MARGIN,PNL,INR,2022-03-11,2022-03-22,2022-03-22,2022-03-22,-773046.12,1.0,n/a (INR flow),-773046.12,,roll following on the LME panel calendar,PROXY,,direction x lots x lot_kg x (F(s) - F(s-1)),,P3
REALISED,T02,MCX:T02-MCX-2,MCX_INITIAL_MARGIN,MCX_INITIAL_MARGIN,BS,INR,2022-03-22,2022-03-22,2022-03-22,2022-03-22,-10867319.56,1.0,n/a (INR flow),-10867319.56,,roll following on the LME panel calendar,PROXY,,-d(lots x lot_kg x F(s) x mcx_al_margin_used_frac),,P3
REALISED,T02,MCX:T02-MCX-2,MCX_SLIPPAGE,MCX_SLIPPAGE,PNL,INR,2022-03-22,,2022-03-22,2022-03-22,-37000.0,1.0,n/a (INR flow),-37000.0,,roll following on the LME panel calendar,ASSUMPTION,,-lots x lot_kg x mcx_slippage_ticks x tick,,P3
REALISED,T02,MCX:T02-MCX-2,MCX_TRANSACTION_COST,MCX_TRANSACTION_COST,PNL,INR,2022-03-22,2022-03-22,2022-03-22,2022-03-22,-32590.86,1.0,n/a (INR flow),-32590.86,,roll following on the LME panel calendar,ASSUMPTION,,-lots x lot_kg x fill x mcx_txn_cost_frac,,P3
REALISED,T02,MCX:T02-MCX-2,MCX_VARIATION_MARGIN,MCX_VARIATION_MARGIN,PNL,INR,2022-03-22,2022-03-22,2022-03-22,2022-03-22,-0.0,1.0,n/a (INR flow),-0.0,,roll following on the LME panel calendar,PROXY,,direction x lots x lot_kg x (F(entry) - entry settle) = 0 by construction,,P3
REALISED,T02,MCX:T02-MCX-2,MCX_INITIAL_MARGIN,MCX_INITIAL_MARGIN,BS,INR,2022-03-22,2022-03-23,2022-03-23,2022-03-23,-73541.43,1.0,n/a (INR flow),-73541.43,,roll following on the LME panel calendar,PROXY,,-d(lots x lot_kg x F(s) x mcx_al_margin_used_frac),,P3
REALISED,T02,MCX:T02-MCX-2,MCX_VARIATION_MARGIN,MCX_VARIATION_MARGIN,PNL,INR,2022-03-22,2022-03-23,2022-03-23,2022-03-23,-735414.33,1.0,n/a (INR flow),-735414.33,,roll following on the LME panel calendar,PROXY,,direction x lots x lot_kg x (F(s) - F(s-1)),,P3
REALISED,T02,MCX:T02-MCX-2,MCX_INITIAL_MARGIN,MCX_INITIAL_MARGIN,BS,INR,2022-03-22,2022-03-24,2022-03-24,2022-03-24,-313760.16,1.0,n/a (INR flow),-313760.16,,roll following on the LME panel calendar,PROXY,,-d(lots x lot_kg x F(s) x mcx_al_margin_used_frac),,P3
REALISED,T02,MCX:T02-MCX-2,MCX_VARIATION_MARGIN,MCX_VARIATION_MARGIN,PNL,INR,2022-03-22,2022-03-24,2022-03-24,2022-03-24,-3137601.64,1.0,n/a (INR flow),-3137601.64,,roll following on the LME panel calendar,PROXY,,direction x lots x lot_kg x (F(s) - F(s-1)),,P3
REALISED,T02,MCX:T02-MCX-2,MCX_INITIAL_MARGIN,MCX_INITIAL_MARGIN,BS,INR,2022-03-22,2022-03-25,2022-03-25,2022-03-25,281209.78,1.0,n/a (INR flow),281209.78,,roll following on the LME panel calendar,PROXY,,-d(lots x lot_kg x F(s) x mcx_al_margin_used_frac),,P3
REALISED,T02,MCX:T02-MCX-2,MCX_VARIATION_MARGIN,MCX_VARIATION_MARGIN,PNL,INR,2022-03-22,2022-03-25,2022-03-25,2022-03-25,2812097.82,1.0,n/a (INR flow),2812097.82,,roll following on the LME panel calendar,PROXY,,direction x lots x lot_kg x (F(s) - F(s-1)),,P3
REALISED,T02,MCX:T02-MCX-2,MCX_INITIAL_MARGIN,MCX_INITIAL_MARGIN,BS,INR,2022-03-22,2022-03-28,2022-03-28,2022-03-28,-58211.55,1.0,n/a (INR flow),-58211.55,,roll following on the LME panel calendar,PROXY,,-d(lots x lot_kg x F(s) x mcx_al_margin_used_frac),,P3
REALISED,T02,MCX:T02-MCX-2,MCX_VARIATION_MARGIN,MCX_VARIATION_MARGIN,PNL,INR,2022-03-22,2022-03-28,2022-03-28,2022-03-28,-582115.54,1.0,n/a (INR flow),-582115.54,,roll following on the LME panel calendar,PROXY,,direction x lots x lot_kg x (F(s) - F(s-1)),,P3
REALISED,T02,MCX:T02-MCX-2,MCX_INITIAL_MARGIN,MCX_INITIAL_MARGIN,BS,INR,2022-03-22,2022-03-29,2022-03-29,2022-03-29,126029.28,1.0,n/a (INR flow),126029.28,,roll following on the LME panel calendar,PROXY,,-d(lots x lot_kg x F(s) x mcx_al_margin_used_frac),,P3
REALISED,T02,MCX:T02-MCX-2,MCX_VARIATION_MARGIN,MCX_VARIATION_MARGIN,PNL,INR,2022-03-22,2022-03-29,2022-03-29,2022-03-29,1260292.82,1.0,n/a (INR flow),1260292.82,,roll following on the LME panel calendar,PROXY,,direction x lots x lot_kg x (F(s) - F(s-1)),,P3
REALISED,T02,MCX:T02-MCX-2,MCX_INITIAL_MARGIN,MCX_INITIAL_MARGIN,BS,INR,2022-03-22,2022-03-30,2022-03-30,2022-03-30,216596.69,1.0,n/a (INR flow),216596.69,,roll following on the LME panel calendar,PROXY,,-d(lots x lot_kg x F(s) x mcx_al_margin_used_frac),,P3
REALISED,T02,MCX:T02-MCX-2,MCX_VARIATION_MARGIN,MCX_VARIATION_MARGIN,PNL,INR,2022-03-22,2022-03-30,2022-03-30,2022-03-30,2165966.91,1.0,n/a (INR flow),2165966.91,,roll following on the LME panel calendar,PROXY,,direction x lots x lot_kg x (F(s) - F(s-1)),,P3
REALISED,T02,MCX:T02-MCX-2,MCX_INITIAL_MARGIN,MCX_INITIAL_MARGIN,BS,INR,2022-03-22,2022-03-31,2022-03-31,2022-03-31,23485.93,1.0,n/a (INR flow),23485.93,,roll following on the LME panel calendar,PROXY,,-d(lots x lot_kg x F(s) x mcx_al_margin_used_frac),,P3
REALISED,T02,MCX:T02-MCX-2,MCX_VARIATION_MARGIN,MCX_VARIATION_MARGIN,PNL,INR,2022-03-22,2022-03-31,2022-03-31,2022-03-31,234859.26,1.0,n/a (INR flow),234859.26,,roll following on the LME panel calendar,PROXY,,direction x lots x lot_kg x (F(s) - F(s-1)),,P3
REALISED,T02,MCX:T02-MCX-2,MCX_INITIAL_MARGIN,MCX_INITIAL_MARGIN,BS,INR,2022-03-22,2022-04-01,2022-04-01,2022-04-01,32696.22,1.0,n/a (INR flow),32696.22,,roll following on the LME panel calendar,PROXY,,-d(lots x lot_kg x F(s) x mcx_al_margin_used_frac),,P3
REALISED,T02,MCX:T02-MCX-2,MCX_VARIATION_MARGIN,MCX_VARIATION_MARGIN,PNL,INR,2022-03-22,2022-04-01,2022-04-01,2022-04-01,326962.2,1.0,n/a (INR flow),326962.2,,roll following on the LME panel calendar,PROXY,,direction x lots x lot_kg x (F(s) - F(s-1)),,P3
REALISED,T02,MCX:T02-MCX-2,MCX_INITIAL_MARGIN,MCX_INITIAL_MARGIN,BS,INR,2022-03-22,2022-04-04,2022-04-04,2022-04-04,186478.55,1.0,n/a (INR flow),186478.55,,roll following on the LME panel calendar,PROXY,,-d(lots x lot_kg x F(s) x mcx_al_margin_used_frac),,P3
REALISED,T02,MCX:T02-MCX-2,MCX_VARIATION_MARGIN,MCX_VARIATION_MARGIN,PNL,INR,2022-03-22,2022-04-04,2022-04-04,2022-04-04,1864785.47,1.0,n/a (INR flow),1864785.47,,roll following on the LME panel calendar,PROXY,,direction x lots x lot_kg x (F(s) - F(s-1)),,P3
REALISED,T02,INSURANCE:L1,INSURANCE,INSURANCE,PNL,USD,2022-03-11,2022-04-05,2022-04-05,2022-04-05,-1437.99,75.335,spot at settlement,-108330.84,,roll following on the LME panel calendar,ASSUMPTION,,-insurance_rate x insured_value_uplift x cfr_value_usd,,P3
REALISED,T02,MCX:T02-MCX-2,MCX_INITIAL_MARGIN,MCX_INITIAL_MARGIN,BS,INR,2022-03-22,2022-04-05,2022-04-05,2022-04-05,115471.77,1.0,n/a (INR flow),115471.77,,roll following on the LME panel calendar,PROXY,,-d(lots x lot_kg x F(s) x mcx_al_margin_used_frac),,P3
REALISED,T02,MCX:T02-MCX-2,MCX_VARIATION_MARGIN,MCX_VARIATION_MARGIN,PNL,INR,2022-03-22,2022-04-05,2022-04-05,2022-04-05,1154717.71,1.0,n/a (INR flow),1154717.71,,roll following on the LME panel calendar,PROXY,,direction x lots x lot_kg x (F(s) - F(s-1)),,P3
REALISED,T02,PSIC:L1,PSIC,PSIC,PNL,USD,2022-03-11,2022-04-05,2022-04-05,2022-04-05,-960.0,75.335,spot at settlement,-72321.6,,roll following on the LME panel calendar,ASSUMPTION,,-psic_cost_usd_per_box x boxes,,P3
REALISED,T02,MCX:T02-MCX-2,MCX_INITIAL_MARGIN,MCX_INITIAL_MARGIN,BS,INR,2022-03-22,2022-04-06,2022-04-06,2022-04-06,-154202.45,1.0,n/a (INR flow),-154202.45,,roll following on the LME panel calendar,PROXY,,-d(lots x lot_kg x F(s) x mcx_al_margin_used_frac),,P3
REALISED,T02,MCX:T02-MCX-2,MCX_VARIATION_MARGIN,MCX_VARIATION_MARGIN,PNL,INR,2022-03-22,2022-04-06,2022-04-06,2022-04-06,-1542024.54,1.0,n/a (INR flow),-1542024.54,,roll following on the LME panel calendar,PROXY,,direction x lots x lot_kg x (F(s) - F(s-1)),,P3
REALISED,T02,MCX:T02-MCX-2,MCX_INITIAL_MARGIN,MCX_INITIAL_MARGIN,BS,INR,2022-03-22,2022-04-07,2022-04-07,2022-04-07,277080.71,1.0,n/a (INR flow),277080.71,,roll following on the LME panel calendar,PROXY,,-d(lots x lot_kg x F(s) x mcx_al_margin_used_frac),,P3
REALISED,T02,MCX:T02-MCX-2,MCX_VARIATION_MARGIN,MCX_VARIATION_MARGIN,PNL,INR,2022-03-22,2022-04-07,2022-04-07,2022-04-07,2770807.14,1.0,n/a (INR flow),2770807.14,,roll following on the LME panel calendar,PROXY,,direction x lots x lot_kg x (F(s) - F(s-1)),,P3
REALISED,T02,MCX:T02-MCX-2,MCX_INITIAL_MARGIN,MCX_INITIAL_MARGIN,BS,INR,2022-03-22,2022-04-08,2022-04-08,2022-04-08,-130306.61,1.0,n/a (INR flow),-130306.61,,roll following on the LME panel calendar,PROXY,,-d(lots x lot_kg x F(s) x mcx_al_margin_used_frac),,P3
REALISED,T02,MCX:T02-MCX-2,MCX_VARIATION_MARGIN,MCX_VARIATION_MARGIN,PNL,INR,2022-03-22,2022-04-08,2022-04-08,2022-04-08,-1303066.06,1.0,n/a (INR flow),-1303066.06,,roll following on the LME panel calendar,PROXY,,direction x lots x lot_kg x (F(s) - F(s-1)),,P3
REALISED,T02,DUTY:L1,CUSTOMS_DUTY,CUSTOMS_DUTY,PNL,INR,2022-03-11,2022-04-11,2022-04-11,2022-04-11,-2763974.38,1.0,n/a (INR flow),-2763974.38,,roll following on the LME panel calendar,DIRECT,,-assessable_inr x bcd_scrap_hs7602 x (1 + sws_rate_on_bcd),,P3
REALISED,T02,IGST:L1,IGST_IMPORT,IGST_IMPORT,BS,INR,2022-03-11,2022-04-11,2022-04-11,2022-04-11,-18588984.02,1.0,n/a (INR flow),-18588984.02,,roll following on the LME panel calendar,DIRECT,,-(assessable + duty) x igst_rate_hs7602,,P3
REALISED,T02,MCX:T02-MCX-2,MCX_INITIAL_MARGIN,MCX_INITIAL_MARGIN,BS,INR,2022-03-22,2022-04-11,2022-04-11,2022-04-11,489101.04,1.0,n/a (INR flow),489101.04,,roll following on the LME panel calendar,PROXY,,-d(lots x lot_kg x F(s) x mcx_al_margin_used_frac),,P3
REALISED,T02,MCX:T02-MCX-2,MCX_VARIATION_MARGIN,MCX_VARIATION_MARGIN,PNL,INR,2022-03-22,2022-04-11,2022-04-11,2022-04-11,4891010.42,1.0,n/a (INR flow),4891010.42,,roll following on the LME panel calendar,PROXY,,direction x lots x lot_kg x (F(s) - F(s-1)),,P3
REALISED,T02,LC_USANCE_FEE:L1,LC_USANCE_FEE,LC_USANCE_FEE,PNL,USD,2022-03-11,2022-04-12,2022-04-12,2022-04-12,-2607.99,76.1702,spot at settlement,-198650.94,,roll following on the LME panel calendar,DIRECT,,-lc_usance_fee_frac_per_month x ceil(usance/30) x bill_usd,,P3
REALISED,T02,MCX:T02-MCX-2,MCX_INITIAL_MARGIN,MCX_INITIAL_MARGIN,BS,INR,2022-03-22,2022-04-12,2022-04-12,2022-04-12,24442.95,1.0,n/a (INR flow),24442.95,,roll following on the LME panel calendar,PROXY,,-d(lots x lot_kg x F(s) x mcx_al_margin_used_frac),,P3
REALISED,T02,MCX:T02-MCX-2,MCX_VARIATION_MARGIN,MCX_VARIATION_MARGIN,PNL,INR,2022-03-22,2022-04-12,2022-04-12,2022-04-12,244429.46,1.0,n/a (INR flow),244429.46,,roll following on the LME panel calendar,PROXY,,direction x lots x lot_kg x (F(s) - F(s-1)),,P3
REALISED,T02,INSURANCE:L2,INSURANCE,INSURANCE,PNL,USD,2022-03-11,2022-04-13,2022-04-13,2022-04-13,-1350.4,76.1851,spot at settlement,-102880.63,,roll following on the LME panel calendar,ASSUMPTION,,-insurance_rate x insured_value_uplift x cfr_value_usd,,P3
REALISED,T02,MCX:T02-MCX-2,MCX_INITIAL_MARGIN,MCX_INITIAL_MARGIN,BS,INR,2022-03-22,2022-04-13,2022-04-13,2022-04-13,22057.95,1.0,n/a (INR flow),22057.95,,roll following on the LME panel calendar,PROXY,,-d(lots x lot_kg x F(s) x mcx_al_margin_used_frac),,P3
REALISED,T02,MCX:T02-MCX-2,MCX_VARIATION_MARGIN,MCX_VARIATION_MARGIN,PNL,INR,2022-03-22,2022-04-13,2022-04-13,2022-04-13,220579.54,1.0,n/a (INR flow),220579.54,,roll following on the LME panel calendar,PROXY,,direction x lots x lot_kg x (F(s) - F(s-1)),,P3
REALISED,T02,PSIC:L2,PSIC,PSIC,PNL,USD,2022-03-11,2022-04-13,2022-04-13,2022-04-13,-960.0,76.1851,spot at settlement,-73137.7,,roll following on the LME panel calendar,ASSUMPTION,,-psic_cost_usd_per_box x boxes,,P3
REALISED,T02,MCX:T02-MCX-2,MCX_INITIAL_MARGIN,MCX_INITIAL_MARGIN,BS,INR,2022-03-22,2022-04-14,2022-04-14,2022-04-14,-84983.19,1.0,n/a (INR flow),-84983.19,,roll following on the LME panel calendar,PROXY,,-d(lots x lot_kg x F(s) x mcx_al_margin_used_frac),,P3
REALISED,T02,MCX:T02-MCX-2,MCX_VARIATION_MARGIN,MCX_VARIATION_MARGIN,PNL,INR,2022-03-22,2022-04-14,2022-04-14,2022-04-14,-849831.87,1.0,n/a (INR flow),-849831.87,,roll following on the LME panel calendar,PROXY,,direction x lots x lot_kg x (F(s) - F(s-1)),,P3
REALISED,T02,DUTY:L2,CUSTOMS_DUTY,CUSTOMS_DUTY,PNL,INR,2022-03-11,2022-04-19,2022-04-19,2022-04-19,-2595626.89,1.0,n/a (INR flow),-2595626.89,,roll following on the LME panel calendar,DIRECT,,-assessable_inr x bcd_scrap_hs7602 x (1 + sws_rate_on_bcd),,P3
REALISED,T02,IGST:L2,IGST_IMPORT,IGST_IMPORT,BS,INR,2022-03-11,2022-04-19,2022-04-19,2022-04-19,-17456770.65,1.0,n/a (INR flow),-17456770.65,,roll following on the LME panel calendar,DIRECT,,-(assessable + duty) x igst_rate_hs7602,,P3
REALISED,T02,MCX:T02-MCX-2,MCX_INITIAL_MARGIN,MCX_INITIAL_MARGIN,BS,INR,2022-03-22,2022-04-19,2022-04-19,2022-04-19,-266454.49,1.0,n/a (INR flow),-266454.49,,roll following on the LME panel calendar,PROXY,,-d(lots x lot_kg x F(s) x mcx_al_margin_used_frac),,P3
REALISED,T02,MCX:T02-MCX-2,MCX_VARIATION_MARGIN,MCX_VARIATION_MARGIN,PNL,INR,2022-03-22,2022-04-19,2022-04-19,2022-04-19,-2664544.93,1.0,n/a (INR flow),-2664544.93,,roll following on the LME panel calendar,PROXY,,direction x lots x lot_kg x (F(s) - F(s-1)),,P3
REALISED,T02,LC_USANCE_FEE:L2,LC_USANCE_FEE,LC_USANCE_FEE,PNL,USD,2022-03-11,2022-04-20,2022-04-20,2022-04-20,-2449.14,76.3018,spot at settlement,-186873.87,,roll following on the LME panel calendar,DIRECT,,-lc_usance_fee_frac_per_month x ceil(usance/30) x bill_usd,,P3
REALISED,T02,MCX:T02-MCX-2,MCX_INITIAL_MARGIN,MCX_INITIAL_MARGIN,BS,INR,2022-03-22,2022-04-20,2022-04-20,2022-04-20,10154128.57,1.0,n/a (INR flow),10154128.57,,roll following on the LME panel calendar,PROXY,,-d(lots x lot_kg x F(s) x mcx_al_margin_used_frac),,P3
REALISED,T02,MCX:T02-MCX-2,MCX_SLIPPAGE,MCX_SLIPPAGE,PNL,INR,2022-04-20,,2022-04-20,2022-04-20,-37000.0,1.0,n/a (INR flow),-37000.0,,roll following on the LME panel calendar,ASSUMPTION,,-lots x lot_kg x mcx_slippage_ticks x tick,,P3
REALISED,T02,MCX:T02-MCX-2,MCX_TRANSACTION_COST,MCX_TRANSACTION_COST,PNL,INR,2022-04-20,2022-04-20,2022-04-20,2022-04-20,-29744.93,1.0,n/a (INR flow),-29744.93,,roll following on the LME panel calendar,ASSUMPTION,,-lots x lot_kg x fill x mcx_txn_cost_frac,,P3
REALISED,T02,MCX:T02-MCX-2,MCX_VARIATION_MARGIN,MCX_VARIATION_MARGIN,PNL,INR,2022-03-22,2022-04-20,2022-04-20,2022-04-20,2428521.98,1.0,n/a (INR flow),2428521.98,,roll following on the LME panel calendar,PROXY,,direction x lots x lot_kg x (F(s) - F(s-1)),,P3
REALISED,T02,MCX:T02-MCX-3,MCX_INITIAL_MARGIN,MCX_INITIAL_MARGIN,BS,INR,2022-04-20,2022-04-20,2022-04-20,2022-04-20,-9945353.39,1.0,n/a (INR flow),-9945353.39,,roll following on the LME panel calendar,PROXY,,-d(lots x lot_kg x F(s) x mcx_al_margin_used_frac),,P3
REALISED,T02,MCX:T02-MCX-3,MCX_SLIPPAGE,MCX_SLIPPAGE,PNL,INR,2022-04-20,,2022-04-20,2022-04-20,-37000.0,1.0,n/a (INR flow),-37000.0,,roll following on the LME panel calendar,ASSUMPTION,,-lots x lot_kg x mcx_slippage_ticks x tick,,P3
REALISED,T02,MCX:T02-MCX-3,MCX_TRANSACTION_COST,MCX_TRANSACTION_COST,PNL,INR,2022-04-20,2022-04-20,2022-04-20,2022-04-20,-29824.96,1.0,n/a (INR flow),-29824.96,,roll following on the LME panel calendar,ASSUMPTION,,-lots x lot_kg x fill x mcx_txn_cost_frac,,P3
REALISED,T02,MCX:T02-MCX-3,MCX_VARIATION_MARGIN,MCX_VARIATION_MARGIN,PNL,INR,2022-04-20,2022-04-20,2022-04-20,2022-04-20,-0.0,1.0,n/a (INR flow),-0.0,,roll following on the LME panel calendar,PROXY,,direction x lots x lot_kg x (F(entry) - entry settle) = 0 by construction,,P3
REALISED,T02,PORT:L1,PORT_CHARGES,PORT_CHARGES,PNL,INR,2022-03-11,,2022-04-20,2022-04-20,-960000.0,1.0,n/a (INR flow),-960000.0,,roll following on the LME panel calendar,ASSUMPTION,,-port_cf_charges_inr_t x base_payload x cleared boxes,,P3
REALISED,T02,MCX:T02-MCX-3,MCX_INITIAL_MARGIN,MCX_INITIAL_MARGIN,BS,INR,2022-04-20,2022-04-21,2022-04-21,2022-04-21,-53835.32,1.0,n/a (INR flow),-53835.32,,roll following on the LME panel calendar,PROXY,,-d(lots x lot_kg x F(s) x mcx_al_margin_used_frac),,P3
REALISED,T02,MCX:T02-MCX-3,MCX_VARIATION_MARGIN,MCX_VARIATION_MARGIN,PNL,INR,2022-04-20,2022-04-21,2022-04-21,2022-04-21,-538353.2,1.0,n/a (INR flow),-538353.2,,roll following on the LME panel calendar,PROXY,,direction x lots x lot_kg x (F(s) - F(s-1)),,P3
REALISED,T02,MCX:T02-MCX-3,MCX_INITIAL_MARGIN,MCX_INITIAL_MARGIN,BS,INR,2022-04-20,2022-04-22,2022-04-22,2022-04-22,24548.82,1.0,n/a (INR flow),24548.82,,roll following on the LME panel calendar,PROXY,,-d(lots x lot_kg x F(s) x mcx_al_margin_used_frac),,P3
REALISED,T02,MCX:T02-MCX-3,MCX_VARIATION_MARGIN,MCX_VARIATION_MARGIN,PNL,INR,2022-04-20,2022-04-22,2022-04-22,2022-04-22,245488.24,1.0,n/a (INR flow),245488.24,,roll following on the LME panel calendar,PROXY,,direction x lots x lot_kg x (F(s) - F(s-1)),,P3
REALISED,T02,MCX:T02-MCX-3,MCX_INITIAL_MARGIN,MCX_INITIAL_MARGIN,BS,INR,2022-04-20,2022-04-25,2022-04-25,2022-04-25,9974639.88,1.0,n/a (INR flow),9974639.88,,roll following on the LME panel calendar,PROXY,,-d(lots x lot_kg x F(s) x mcx_al_margin_used_frac),,P3
REALISED,T02,MCX:T02-MCX-3,MCX_SLIPPAGE,MCX_SLIPPAGE,PNL,INR,2022-04-25,,2022-04-25,2022-04-25,-37000.0,1.0,n/a (INR flow),-37000.0,,roll following on the LME panel calendar,ASSUMPTION,,-lots x lot_kg x mcx_slippage_ticks x tick,,P3
REALISED,T02,MCX:T02-MCX-3,MCX_TRANSACTION_COST,MCX_TRANSACTION_COST,PNL,INR,2022-04-25,2022-04-25,2022-04-25,2022-04-25,-28564.08,1.0,n/a (INR flow),-28564.08,,roll following on the LME panel calendar,ASSUMPTION,,-lots x lot_kg x fill x mcx_txn_cost_frac,,P3
REALISED,T02,MCX:T02-MCX-3,MCX_VARIATION_MARGIN,MCX_VARIATION_MARGIN,PNL,INR,2022-04-20,2022-04-25,2022-04-25,2022-04-25,4569784.68,1.0,n/a (INR flow),4569784.68,,roll following on the LME panel calendar,PROXY,,direction x lots x lot_kg x (F(s) - F(s-1)),,P3
REALISED,T02,MCX:T02-MCX-4,MCX_INITIAL_MARGIN,MCX_INITIAL_MARGIN,BS,INR,2022-04-25,2022-04-25,2022-04-25,2022-04-25,-18649471.69,1.0,n/a (INR flow),-18649471.69,,roll following on the LME panel calendar,PROXY,,-d(lots x lot_kg x F(s) x mcx_al_margin_used_frac),,P3
REALISED,T02,MCX:T02-MCX-4,MCX_SLIPPAGE,MCX_SLIPPAGE,PNL,INR,2022-04-25,,2022-04-25,2022-04-25,-72500.0,1.0,n/a (INR flow),-72500.0,,roll following on the LME panel calendar,ASSUMPTION,,-lots x lot_kg x mcx_slippage_ticks x tick,,P3
REALISED,T02,MCX:T02-MCX-4,MCX_TRANSACTION_COST,MCX_TRANSACTION_COST,PNL,INR,2022-04-25,2022-04-25,2022-04-25,2022-04-25,-55970.17,1.0,n/a (INR flow),-55970.17,,roll following on the LME panel calendar,ASSUMPTION,,-lots x lot_kg x fill x mcx_txn_cost_frac,,P3
REALISED,T02,MCX:T02-MCX-4,MCX_VARIATION_MARGIN,MCX_VARIATION_MARGIN,PNL,INR,2022-04-25,2022-04-25,2022-04-25,2022-04-25,0.0,1.0,n/a (INR flow),0.0,,roll following on the LME panel calendar,PROXY,,direction x lots x lot_kg x (F(entry) - entry settle) = 0 by construction,,P3
REALISED,T02,MCX:T02-MCX-4,MCX_INITIAL_MARGIN,MCX_INITIAL_MARGIN,BS,INR,2022-04-25,2022-04-26,2022-04-26,2022-04-26,-63611.72,1.0,n/a (INR flow),-63611.72,,roll following on the LME panel calendar,PROXY,,-d(lots x lot_kg x F(s) x mcx_al_margin_used_frac),,P3
REALISED,T02,MCX:T02-MCX-4,MCX_VARIATION_MARGIN,MCX_VARIATION_MARGIN,PNL,INR,2022-04-25,2022-04-26,2022-04-26,2022-04-26,636117.22,1.0,n/a (INR flow),636117.22,,roll following on the LME panel calendar,PROXY,,direction x lots x lot_kg x (F(s) - F(s-1)),,P3
REALISED,T02,MCX:T02-MCX-4,MCX_INITIAL_MARGIN,MCX_INITIAL_MARGIN,BS,INR,2022-04-25,2022-04-27,2022-04-27,2022-04-27,7681.44,1.0,n/a (INR flow),7681.44,,roll following on the LME panel calendar,PROXY,,-d(lots x lot_kg x F(s) x mcx_al_margin_used_frac),,P3
REALISED,T02,MCX:T02-MCX-4,MCX_VARIATION_MARGIN,MCX_VARIATION_MARGIN,PNL,INR,2022-04-25,2022-04-27,2022-04-27,2022-04-27,-76814.39,1.0,n/a (INR flow),-76814.39,,roll following on the LME panel calendar,PROXY,,direction x lots x lot_kg x (F(s) - F(s-1)),,P3
REALISED,T02,MCX:T02-MCX-4,MCX_INITIAL_MARGIN,MCX_INITIAL_MARGIN,BS,INR,2022-04-25,2022-04-28,2022-04-28,2022-04-28,199290.4,1.0,n/a (INR flow),199290.4,,roll following on the LME panel calendar,PROXY,,-d(lots x lot_kg x F(s) x mcx_al_margin_used_frac),,P3
REALISED,T02,MCX:T02-MCX-4,MCX_VARIATION_MARGIN,MCX_VARIATION_MARGIN,PNL,INR,2022-04-25,2022-04-28,2022-04-28,2022-04-28,-1992903.98,1.0,n/a (INR flow),-1992903.98,,roll following on the LME panel calendar,PROXY,,direction x lots x lot_kg x (F(s) - F(s-1)),,P3
REALISED,T02,PORT:L2,PORT_CHARGES,PORT_CHARGES,PNL,INR,2022-03-11,,2022-04-28,2022-04-28,-960000.0,1.0,n/a (INR flow),-960000.0,,roll following on the LME panel calendar,ASSUMPTION,,-port_cf_charges_inr_t x base_payload x cleared boxes,,P3
REALISED,T02,MCX:T02-MCX-4,MCX_INITIAL_MARGIN,MCX_INITIAL_MARGIN,BS,INR,2022-04-25,2022-04-29,2022-04-29,2022-04-29,196143.51,1.0,n/a (INR flow),196143.51,,roll following on the LME panel calendar,PROXY,,-d(lots x lot_kg x F(s) x mcx_al_margin_used_frac),,P3
REALISED,T02,MCX:T02-MCX-4,MCX_VARIATION_MARGIN,MCX_VARIATION_MARGIN,PNL,INR,2022-04-25,2022-04-29,2022-04-29,2022-04-29,-1961435.06,1.0,n/a (INR flow),-1961435.06,,roll following on the LME panel calendar,PROXY,,direction x lots x lot_kg x (F(s) - F(s-1)),,P3
REALISED,T02,MCX:T02-MCX-4,MCX_INITIAL_MARGIN,MCX_INITIAL_MARGIN,BS,INR,2022-04-25,2022-05-03,2022-05-03,2022-05-03,752503.79,1.0,n/a (INR flow),752503.79,,roll following on the LME panel calendar,PROXY,,-d(lots x lot_kg x F(s) x mcx_al_margin_used_frac),,P3
REALISED,T02,MCX:T02-MCX-4,MCX_VARIATION_MARGIN,MCX_VARIATION_MARGIN,PNL,INR,2022-04-25,2022-05-03,2022-05-03,2022-05-03,-7525037.86,1.0,n/a (INR flow),-7525037.86,,roll following on the LME panel calendar,PROXY,,direction x lots x lot_kg x (F(s) - F(s-1)),,P3
REALISED,T02,MCX:T02-MCX-4,MCX_INITIAL_MARGIN,MCX_INITIAL_MARGIN,BS,INR,2022-04-25,2022-05-04,2022-05-04,2022-05-04,-54533.49,1.0,n/a (INR flow),-54533.49,,roll following on the LME panel calendar,PROXY,,-d(lots x lot_kg x F(s) x mcx_al_margin_used_frac),,P3
REALISED,T02,MCX:T02-MCX-4,MCX_VARIATION_MARGIN,MCX_VARIATION_MARGIN,PNL,INR,2022-04-25,2022-05-04,2022-05-04,2022-05-04,545334.93,1.0,n/a (INR flow),545334.93,,roll following on the LME panel calendar,PROXY,,direction x lots x lot_kg x (F(s) - F(s-1)),,P3
REALISED,T02,MCX:T02-MCX-4,MCX_INITIAL_MARGIN,MCX_INITIAL_MARGIN,BS,INR,2022-04-25,2022-05-05,2022-05-05,2022-05-05,89077.75,1.0,n/a (INR flow),89077.75,,roll following on the LME panel calendar,PROXY,,-d(lots x lot_kg x F(s) x mcx_al_margin_used_frac),,P3
REALISED,T02,MCX:T02-MCX-4,MCX_VARIATION_MARGIN,MCX_VARIATION_MARGIN,PNL,INR,2022-04-25,2022-05-05,2022-05-05,2022-05-05,-890777.51,1.0,n/a (INR flow),-890777.51,,roll following on the LME panel calendar,PROXY,,direction x lots x lot_kg x (F(s) - F(s-1)),,P3
REALISED,T02,MCX:T02-MCX-4,MCX_INITIAL_MARGIN,MCX_INITIAL_MARGIN,BS,INR,2022-04-25,2022-05-06,2022-05-06,2022-05-06,369660.47,1.0,n/a (INR flow),369660.47,,roll following on the LME panel calendar,PROXY,,-d(lots x lot_kg x F(s) x mcx_al_margin_used_frac),,P3
REALISED,T02,MCX:T02-MCX-4,MCX_VARIATION_MARGIN,MCX_VARIATION_MARGIN,PNL,INR,2022-04-25,2022-05-06,2022-05-06,2022-05-06,-3696604.72,1.0,n/a (INR flow),-3696604.72,,roll following on the LME panel calendar,PROXY,,direction x lots x lot_kg x (F(s) - F(s-1)),,P3
REALISED,T02,MCX:T02-MCX-4,MCX_INITIAL_MARGIN,MCX_INITIAL_MARGIN,BS,INR,2022-04-25,2022-05-09,2022-05-09,2022-05-09,653707.37,1.0,n/a (INR flow),653707.37,,roll following on the LME panel calendar,PROXY,,-d(lots x lot_kg x F(s) x mcx_al_margin_used_frac),,P3
REALISED,T02,MCX:T02-MCX-4,MCX_VARIATION_MARGIN,MCX_VARIATION_MARGIN,PNL,INR,2022-04-25,2022-05-09,2022-05-09,2022-05-09,-6537073.7,1.0,n/a (INR flow),-6537073.7,,roll following on the LME panel calendar,PROXY,,direction x lots x lot_kg x (F(s) - F(s-1)),,P3
REALISED,T02,MCX:T02-MCX-4,MCX_INITIAL_MARGIN,MCX_INITIAL_MARGIN,BS,INR,2022-04-25,2022-05-10,2022-05-10,2022-05-10,222989.5,1.0,n/a (INR flow),222989.5,,roll following on the LME panel calendar,PROXY,,-d(lots x lot_kg x F(s) x mcx_al_margin_used_frac),,P3
REALISED,T02,MCX:T02-MCX-4,MCX_VARIATION_MARGIN,MCX_VARIATION_MARGIN,PNL,INR,2022-04-25,2022-05-10,2022-05-10,2022-05-10,-2229894.98,1.0,n/a (INR flow),-2229894.98,,roll following on the LME panel calendar,PROXY,,direction x lots x lot_kg x (F(s) - F(s-1)),,P3
REALISED,T02,MCX:T02-MCX-4,MCX_INITIAL_MARGIN,MCX_INITIAL_MARGIN,BS,INR,2022-04-25,2022-05-11,2022-05-11,2022-05-11,-354235.8,1.0,n/a (INR flow),-354235.8,,roll following on the LME panel calendar,PROXY,,-d(lots x lot_kg x F(s) x mcx_al_margin_used_frac),,P3
REALISED,T02,MCX:T02-MCX-4,MCX_VARIATION_MARGIN,MCX_VARIATION_MARGIN,PNL,INR,2022-04-25,2022-05-11,2022-05-11,2022-05-11,3542357.97,1.0,n/a (INR flow),3542357.97,,roll following on the LME panel calendar,PROXY,,direction x lots x lot_kg x (F(s) - F(s-1)),,P3
REALISED,T02,MCX:T02-MCX-4,MCX_INITIAL_MARGIN,MCX_INITIAL_MARGIN,BS,INR,2022-04-25,2022-05-12,2022-05-12,2022-05-12,240277.9,1.0,n/a (INR flow),240277.9,,roll following on the LME panel calendar,PROXY,,-d(lots x lot_kg x F(s) x mcx_al_margin_used_frac),,P3
REALISED,T02,MCX:T02-MCX-4,MCX_VARIATION_MARGIN,MCX_VARIATION_MARGIN,PNL,INR,2022-04-25,2022-05-12,2022-05-12,2022-05-12,-2402779.0,1.0,n/a (INR flow),-2402779.0,,roll following on the LME panel calendar,PROXY,,direction x lots x lot_kg x (F(s) - F(s-1)),,P3
REALISED,T02,MCX:T02-MCX-4,MCX_INITIAL_MARGIN,MCX_INITIAL_MARGIN,BS,INR,2022-04-25,2022-05-13,2022-05-13,2022-05-13,-199467.28,1.0,n/a (INR flow),-199467.28,,roll following on the LME panel calendar,PROXY,,-d(lots x lot_kg x F(s) x mcx_al_margin_used_frac),,P3
REALISED,T02,MCX:T02-MCX-4,MCX_VARIATION_MARGIN,MCX_VARIATION_MARGIN,PNL,INR,2022-04-25,2022-05-13,2022-05-13,2022-05-13,1994672.8,1.0,n/a (INR flow),1994672.8,,roll following on the LME panel calendar,PROXY,,direction x lots x lot_kg x (F(s) - F(s-1)),,P3
REALISED,T02,MCX:T02-MCX-4,MCX_INITIAL_MARGIN,MCX_INITIAL_MARGIN,BS,INR,2022-04-25,2022-05-16,2022-05-16,2022-05-16,-484109.98,1.0,n/a (INR flow),-484109.98,,roll following on the LME panel calendar,PROXY,,-d(lots x lot_kg x F(s) x mcx_al_margin_used_frac),,P3
REALISED,T02,MCX:T02-MCX-4,MCX_VARIATION_MARGIN,MCX_VARIATION_MARGIN,PNL,INR,2022-04-25,2022-05-16,2022-05-16,2022-05-16,4841099.8,1.0,n/a (INR flow),4841099.8,,roll following on the LME panel calendar,PROXY,,direction x lots x lot_kg x (F(s) - F(s-1)),,P3
REALISED,T02,MCX:T02-MCX-4,MCX_INITIAL_MARGIN,MCX_INITIAL_MARGIN,BS,INR,2022-04-25,2022-05-17,2022-05-17,2022-05-17,17074097.85,1.0,n/a (INR flow),17074097.85,,roll following on the LME panel calendar,PROXY,,-d(lots x lot_kg x F(s) x mcx_al_margin_used_frac),,P3
REALISED,T02,MCX:T02-MCX-4,MCX_SLIPPAGE,MCX_SLIPPAGE,PNL,INR,2022-05-17,,2022-05-17,2022-05-17,-72500.0,1.0,n/a (INR flow),-72500.0,,roll following on the LME panel calendar,ASSUMPTION,,-lots x lot_kg x mcx_slippage_ticks x tick,,P3
REALISED,T02,MCX:T02-MCX-4,MCX_TRANSACTION_COST,MCX_TRANSACTION_COST,PNL,INR,2022-05-17,2022-05-17,2022-05-17,2022-05-17,-51794.25,1.0,n/a (INR flow),-51794.25,,roll following on the LME panel calendar,ASSUMPTION,,-lots x lot_kg x fill x mcx_txn_cost_frac,,P3
REALISED,T02,MCX:T02-MCX-4,MCX_VARIATION_MARGIN,MCX_VARIATION_MARGIN,PNL,INR,2022-04-25,2022-05-17,2022-05-17,2022-05-17,1979007.93,1.0,n/a (INR flow),1979007.93,,roll following on the LME panel calendar,PROXY,,direction x lots x lot_kg x (F(s) - F(s-1)),,P3
REALISED,T02,IGST:L1,IGST_CREDIT,IGST_CREDIT,BS,INR,2022-03-11,2022-04-11,2022-05-26,2022-05-26,18588984.02,1.0,n/a (INR flow),18588984.02,,roll following on the LME panel calendar,DIRECT,,+(assessable + duty) x igst_rate at igst_credit_lag_days,,P3
REALISED,T02,SALE:S1,SALE_BALANCE,SALE_BALANCE,PNL,INR,2022-03-11,2022-04-29,2022-05-30,2022-05-30,225595288.67,1.0,n/a (INR flow),225595288.67,,roll following on the LME panel calendar,SIM,,+q_acc x P_sale x (1 - disc passthrough) - advance,,P3
REALISED,T02,IGST:L2,IGST_CREDIT,IGST_CREDIT,BS,INR,2022-03-11,2022-04-19,2022-06-06,2022-06-06,17456770.65,1.0,n/a (INR flow),17456770.65,,roll following on the LME panel calendar,DIRECT,,+(assessable + duty) x igst_rate at igst_credit_lag_days,,P3
REALISED,T02,DUTY:L1,CUSTOMS_DUTY_DIFFERENTIAL,CUSTOMS_DUTY_DIFFERENTIAL,PNL,INR,2022-03-11,2022-06-09,2022-06-09,2022-06-09,476425.7,1.0,n/a (INR flow),476425.7,,roll following on the LME panel calendar,DIRECT,,-dAV x bcd x (1 + sws) on (P_final - P_provisional),,P3
REALISED,T02,DUTY:L2,CUSTOMS_DUTY_DIFFERENTIAL,CUSTOMS_DUTY_DIFFERENTIAL,PNL,INR,2022-03-11,2022-06-09,2022-06-09,2022-06-09,308078.21,1.0,n/a (INR flow),308078.21,,roll following on the LME panel calendar,DIRECT,,-dAV x bcd x (1 + sws) on (P_final - P_provisional),,P3
REALISED,T02,PURCHASE:L1,PURCHASE_FINAL,PURCHASE_FINAL,PNL,USD,2022-03-11,2022-05-31,2022-06-09,2022-06-09,159969.39,77.7492,spot at settlement,12437491.76,,roll following on the LME panel calendar,DIRECT,,-(q_acc x (factor x A_P + premium) x (1 - disc) - provisional),,P3
REALISED,T02,PURCHASE:L2,PURCHASE_FINAL,PURCHASE_FINAL,PNL,USD,2022-03-11,2022-05-31,2022-06-09,2022-06-09,84328.11,77.7492,spot at settlement,6556442.76,,roll following on the LME panel calendar,DIRECT,,-(q_acc x (factor x A_P + premium) x (1 - disc) - provisional),,P3
REALISED,T02,BILL_COMMISSION:L1,IMPORT_BILL_COMMISSION,IMPORT_BILL_COMMISSION,PNL,USD,2022-03-11,2022-07-04,2022-07-04,2022-07-04,-1490.28,78.916,spot at settlement,-117606.83,,roll following on the LME panel calendar,DIRECT,,-import_bill_commission_frac x bill_usd,,P3
REALISED,T02,FX:T02-FX-1,FX_FORWARD,FX_FORWARD,PNL,INR,2022-04-05,2022-07-04,2022-07-04,2022-07-04,3570961.9,1.0,n/a (INR flow),3570961.9,,roll following on the LME panel calendar,PROXY,,"sign x notional x (X(tau, value_date) - K)",,P3
REALISED,T02,FX:T02-FX-3,FX_FORWARD,FX_FORWARD,PNL,INR,2022-06-01,2022-07-04,2022-07-04,2022-07-04,-297612.86,1.0,n/a (INR flow),-297612.86,,roll following on the LME panel calendar,PROXY,,"sign x notional x (X(tau, value_date) - K)",,P3
REALISED,T02,PURCHASE:L1,PURCHASE_PROVISIONAL,PURCHASE_PROVISIONAL,PNL,USD,2022-03-11,2022-04-05,2022-07-04,2022-07-04,-1241898.9,78.916,spot at settlement,-98005693.59,,roll following on the LME panel calendar,DIRECT,,-provisional_frac x q_bl x (factor x cash(bl) + premium),,P3
REALISED,T02,USANCE_INTEREST:L1,USANCE_INTEREST,USANCE_INTEREST,PNL,USD,2022-03-11,2022-04-12,2022-07-04,2022-07-04,-6953.7,78.916,spot at settlement,-548758.38,,roll following on the LME panel calendar,PROXY,,-bill_usd x (usd_rate_3m_pa@acceptance + usance_interest_spread_pa) x days/360,,P3
REALISED,T02,BILL_COMMISSION:L2,IMPORT_BILL_COMMISSION,IMPORT_BILL_COMMISSION,PNL,USD,2022-03-11,2022-07-12,2022-07-12,2022-07-12,-1399.51,79.5623,spot at settlement,-111348.17,,roll following on the LME panel calendar,DIRECT,,-import_bill_commission_frac x bill_usd,,P3
REALISED,T02,FX:T02-FX-2,FX_FORWARD,FX_FORWARD,PNL,INR,2022-04-13,2022-07-12,2022-07-12,2022-07-12,3129151.73,1.0,n/a (INR flow),3129151.73,,roll following on the LME panel calendar,PROXY,,"sign x notional x (X(tau, value_date) - K)",,P3
REALISED,T02,PURCHASE:L2,PURCHASE_PROVISIONAL,PURCHASE_PROVISIONAL,PNL,USD,2022-03-11,2022-04-13,2022-07-12,2022-07-12,-1166257.62,79.5623,spot at settlement,-92790138.64,,roll following on the LME panel calendar,DIRECT,,-provisional_frac x q_bl x (factor x cash(bl) + premium),,P3
REALISED,T02,USANCE_INTEREST:L2,USANCE_INTEREST,USANCE_INTEREST,PNL,USD,2022-03-11,2022-04-20,2022-07-12,2022-07-12,-6760.21,79.5623,spot at settlement,-537858.04,,roll following on the LME panel calendar,PROXY,,-bill_usd x (usd_rate_3m_pa@acceptance + usance_interest_spread_pa) x days/360,,P3
REALISED,T03,MCX:T03-MCX-1,MCX_INITIAL_MARGIN,MCX_INITIAL_MARGIN,BS,INR,2022-03-23,2022-03-23,2022-03-23,2022-03-23,-21142474.62,1.0,n/a (INR flow),-21142474.62,,roll following on the LME panel calendar,PROXY,,-d(lots x lot_kg x F(s) x mcx_al_margin_used_frac),,P3
REALISED,T03,MCX:T03-MCX-1,MCX_SLIPPAGE,MCX_SLIPPAGE,PNL,INR,2022-03-23,,2022-03-23,2022-03-23,-71500.0,1.0,n/a (INR flow),-71500.0,,roll following on the LME panel calendar,ASSUMPTION,,-lots x lot_kg x mcx_slippage_ticks x tick,,P3
REALISED,T03,MCX:T03-MCX-1,MCX_TRANSACTION_COST,MCX_TRANSACTION_COST,PNL,INR,2022-03-23,2022-03-23,2022-03-23,2022-03-23,-63405.97,1.0,n/a (INR flow),-63405.97,,roll following on the LME panel calendar,ASSUMPTION,,-lots x lot_kg x fill x mcx_txn_cost_frac,,P3
REALISED,T03,MCX:T03-MCX-1,MCX_VARIATION_MARGIN,MCX_VARIATION_MARGIN,PNL,INR,2022-03-23,2022-03-23,2022-03-23,2022-03-23,-0.0,1.0,n/a (INR flow),-0.0,,roll following on the LME panel calendar,PROXY,,direction x lots x lot_kg x (F(entry) - entry settle) = 0 by construction,,P3
REALISED,T03,MCX:T03-MCX-1,MCX_INITIAL_MARGIN,MCX_INITIAL_MARGIN,BS,INR,2022-03-23,2022-03-24,2022-03-24,2022-03-24,-606320.32,1.0,n/a (INR flow),-606320.32,,roll following on the LME panel calendar,PROXY,,-d(lots x lot_kg x F(s) x mcx_al_margin_used_frac),,P3
REALISED,T03,MCX:T03-MCX-1,MCX_VARIATION_MARGIN,MCX_VARIATION_MARGIN,PNL,INR,2022-03-23,2022-03-24,2022-03-24,2022-03-24,-6063203.17,1.0,n/a (INR flow),-6063203.17,,roll following on the LME panel calendar,PROXY,,direction x lots x lot_kg x (F(s) - F(s-1)),,P3
REALISED,T03,MCX:T03-MCX-1,MCX_INITIAL_MARGIN,MCX_INITIAL_MARGIN,BS,INR,2022-03-23,2022-03-25,2022-03-25,2022-03-25,543418.9,1.0,n/a (INR flow),543418.9,,roll following on the LME panel calendar,PROXY,,-d(lots x lot_kg x F(s) x mcx_al_margin_used_frac),,P3
REALISED,T03,MCX:T03-MCX-1,MCX_VARIATION_MARGIN,MCX_VARIATION_MARGIN,PNL,INR,2022-03-23,2022-03-25,2022-03-25,2022-03-25,5434189.03,1.0,n/a (INR flow),5434189.03,,roll following on the LME panel calendar,PROXY,,direction x lots x lot_kg x (F(s) - F(s-1)),,P3
REALISED,T03,MCX:T03-MCX-1,MCX_INITIAL_MARGIN,MCX_INITIAL_MARGIN,BS,INR,2022-03-23,2022-03-28,2022-03-28,2022-03-28,-112489.89,1.0,n/a (INR flow),-112489.89,,roll following on the LME panel calendar,PROXY,,-d(lots x lot_kg x F(s) x mcx_al_margin_used_frac),,P3
REALISED,T03,MCX:T03-MCX-1,MCX_VARIATION_MARGIN,MCX_VARIATION_MARGIN,PNL,INR,2022-03-23,2022-03-28,2022-03-28,2022-03-28,-1124898.95,1.0,n/a (INR flow),-1124898.95,,roll following on the LME panel calendar,PROXY,,direction x lots x lot_kg x (F(s) - F(s-1)),,P3
REALISED,T03,MCX:T03-MCX-1,MCX_INITIAL_MARGIN,MCX_INITIAL_MARGIN,BS,INR,2022-03-23,2022-03-29,2022-03-29,2022-03-29,243543.07,1.0,n/a (INR flow),243543.07,,roll following on the LME panel calendar,PROXY,,-d(lots x lot_kg x F(s) x mcx_al_margin_used_frac),,P3
REALISED,T03,MCX:T03-MCX-1,MCX_VARIATION_MARGIN,MCX_VARIATION_MARGIN,PNL,INR,2022-03-23,2022-03-29,2022-03-29,2022-03-29,2435430.72,1.0,n/a (INR flow),2435430.72,,roll following on the LME panel calendar,PROXY,,direction x lots x lot_kg x (F(s) - F(s-1)),,P3
REALISED,T03,LC_FEES,LC_OPENING_FEE,LC_OPENING_FEE,PNL,USD,2022-03-23,2022-03-30,2022-03-30,2022-03-30,-4979.52,75.8404,spot at settlement,-377648.79,,roll following on the LME panel calendar,DIRECT,,-lc_opening_fee_frac_per_month x ceil(validity/30) x lc_value_usd,,P3
REALISED,T03,MCX:T03-MCX-1,MCX_INITIAL_MARGIN,MCX_INITIAL_MARGIN,BS,INR,2022-03-23,2022-03-30,2022-03-30,2022-03-30,418558.47,1.0,n/a (INR flow),418558.47,,roll following on the LME panel calendar,PROXY,,-d(lots x lot_kg x F(s) x mcx_al_margin_used_frac),,P3
REALISED,T03,MCX:T03-MCX-1,MCX_VARIATION_MARGIN,MCX_VARIATION_MARGIN,PNL,INR,2022-03-23,2022-03-30,2022-03-30,2022-03-30,4185584.71,1.0,n/a (INR flow),4185584.71,,roll following on the LME panel calendar,PROXY,,direction x lots x lot_kg x (F(s) - F(s-1)),,P3
REALISED,T03,MCX:T03-MCX-1,MCX_INITIAL_MARGIN,MCX_INITIAL_MARGIN,BS,INR,2022-03-23,2022-03-31,2022-03-31,2022-03-31,45384.97,1.0,n/a (INR flow),45384.97,,roll following on the LME panel calendar,PROXY,,-d(lots x lot_kg x F(s) x mcx_al_margin_used_frac),,P3
REALISED,T03,MCX:T03-MCX-1,MCX_VARIATION_MARGIN,MCX_VARIATION_MARGIN,PNL,INR,2022-03-23,2022-03-31,2022-03-31,2022-03-31,453849.65,1.0,n/a (INR flow),453849.65,,roll following on the LME panel calendar,PROXY,,direction x lots x lot_kg x (F(s) - F(s-1)),,P3
REALISED,T03,MCX:T03-MCX-1,MCX_INITIAL_MARGIN,MCX_INITIAL_MARGIN,BS,INR,2022-03-23,2022-04-01,2022-04-01,2022-04-01,63183.24,1.0,n/a (INR flow),63183.24,,roll following on the LME panel calendar,PROXY,,-d(lots x lot_kg x F(s) x mcx_al_margin_used_frac),,P3
REALISED,T03,MCX:T03-MCX-1,MCX_VARIATION_MARGIN,MCX_VARIATION_MARGIN,PNL,INR,2022-03-23,2022-04-01,2022-04-01,2022-04-01,631832.36,1.0,n/a (INR flow),631832.36,,roll following on the LME panel calendar,PROXY,,direction x lots x lot_kg x (F(s) - F(s-1)),,P3
REALISED,T03,MCX:T03-MCX-1,MCX_INITIAL_MARGIN,MCX_INITIAL_MARGIN,BS,INR,2022-03-23,2022-04-04,2022-04-04,2022-04-04,360357.19,1.0,n/a (INR flow),360357.19,,roll following on the LME panel calendar,PROXY,,-d(lots x lot_kg x F(s) x mcx_al_margin_used_frac),,P3
REALISED,T03,MCX:T03-MCX-1,MCX_VARIATION_MARGIN,MCX_VARIATION_MARGIN,PNL,INR,2022-03-23,2022-04-04,2022-04-04,2022-04-04,3603571.91,1.0,n/a (INR flow),3603571.91,,roll following on the LME panel calendar,PROXY,,direction x lots x lot_kg x (F(s) - F(s-1)),,P3
REALISED,T03,MCX:T03-MCX-1,MCX_INITIAL_MARGIN,MCX_INITIAL_MARGIN,BS,INR,2022-03-23,2022-04-05,2022-04-05,2022-04-05,223141.4,1.0,n/a (INR flow),223141.4,,roll following on the LME panel calendar,PROXY,,-d(lots x lot_kg x F(s) x mcx_al_margin_used_frac),,P3
REALISED,T03,MCX:T03-MCX-1,MCX_VARIATION_MARGIN,MCX_VARIATION_MARGIN,PNL,INR,2022-03-23,2022-04-05,2022-04-05,2022-04-05,2231413.95,1.0,n/a (INR flow),2231413.95,,roll following on the LME panel calendar,PROXY,,direction x lots x lot_kg x (F(s) - F(s-1)),,P3
REALISED,T03,MCX:T03-MCX-1,MCX_INITIAL_MARGIN,MCX_INITIAL_MARGIN,BS,INR,2022-03-23,2022-04-06,2022-04-06,2022-04-06,-297985.82,1.0,n/a (INR flow),-297985.82,,roll following on the LME panel calendar,PROXY,,-d(lots x lot_kg x F(s) x mcx_al_margin_used_frac),,P3
REALISED,T03,MCX:T03-MCX-1,MCX_VARIATION_MARGIN,MCX_VARIATION_MARGIN,PNL,INR,2022-03-23,2022-04-06,2022-04-06,2022-04-06,-2979858.23,1.0,n/a (INR flow),-2979858.23,,roll following on the LME panel calendar,PROXY,,direction x lots x lot_kg x (F(s) - F(s-1)),,P3
REALISED,T03,MCX:T03-MCX-1,MCX_INITIAL_MARGIN,MCX_INITIAL_MARGIN,BS,INR,2022-03-23,2022-04-07,2022-04-07,2022-04-07,535439.76,1.0,n/a (INR flow),535439.76,,roll following on the LME panel calendar,PROXY,,-d(lots x lot_kg x F(s) x mcx_al_margin_used_frac),,P3
REALISED,T03,MCX:T03-MCX-1,MCX_VARIATION_MARGIN,MCX_VARIATION_MARGIN,PNL,INR,2022-03-23,2022-04-07,2022-04-07,2022-04-07,5354397.58,1.0,n/a (INR flow),5354397.58,,roll following on the LME panel calendar,PROXY,,direction x lots x lot_kg x (F(s) - F(s-1)),,P3
REALISED,T03,MCX:T03-MCX-1,MCX_INITIAL_MARGIN,MCX_INITIAL_MARGIN,BS,INR,2022-03-23,2022-04-08,2022-04-08,2022-04-08,-251808.71,1.0,n/a (INR flow),-251808.71,,roll following on the LME panel calendar,PROXY,,-d(lots x lot_kg x F(s) x mcx_al_margin_used_frac),,P3
REALISED,T03,MCX:T03-MCX-1,MCX_VARIATION_MARGIN,MCX_VARIATION_MARGIN,PNL,INR,2022-03-23,2022-04-08,2022-04-08,2022-04-08,-2518087.11,1.0,n/a (INR flow),-2518087.11,,roll following on the LME panel calendar,PROXY,,direction x lots x lot_kg x (F(s) - F(s-1)),,P3
REALISED,T03,MCX:T03-MCX-1,MCX_INITIAL_MARGIN,MCX_INITIAL_MARGIN,BS,INR,2022-03-23,2022-04-11,2022-04-11,2022-04-11,945154.72,1.0,n/a (INR flow),945154.72,,roll following on the LME panel calendar,PROXY,,-d(lots x lot_kg x F(s) x mcx_al_margin_used_frac),,P3
REALISED,T03,MCX:T03-MCX-1,MCX_VARIATION_MARGIN,MCX_VARIATION_MARGIN,PNL,INR,2022-03-23,2022-04-11,2022-04-11,2022-04-11,9451547.16,1.0,n/a (INR flow),9451547.16,,roll following on the LME panel calendar,PROXY,,direction x lots x lot_kg x (F(s) - F(s-1)),,P3
REALISED,T03,MCX:T03-MCX-1,MCX_INITIAL_MARGIN,MCX_INITIAL_MARGIN,BS,INR,2022-03-23,2022-04-12,2022-04-12,2022-04-12,47234.34,1.0,n/a (INR flow),47234.34,,roll following on the LME panel calendar,PROXY,,-d(lots x lot_kg x F(s) x mcx_al_margin_used_frac),,P3
REALISED,T03,MCX:T03-MCX-1,MCX_VARIATION_MARGIN,MCX_VARIATION_MARGIN,PNL,INR,2022-03-23,2022-04-12,2022-04-12,2022-04-12,472343.41,1.0,n/a (INR flow),472343.41,,roll following on the LME panel calendar,PROXY,,direction x lots x lot_kg x (F(s) - F(s-1)),,P3
REALISED,T03,INSURANCE:L1,INSURANCE,INSURANCE,PNL,USD,2022-03-23,2022-04-13,2022-04-13,2022-04-13,-1630.2,76.1851,spot at settlement,-124196.95,,roll following on the LME panel calendar,ASSUMPTION,,-insurance_rate x insured_value_uplift x cfr_value_usd,,P3
REALISED,T03,MCX:T03-MCX-1,MCX_INITIAL_MARGIN,MCX_INITIAL_MARGIN,BS,INR,2022-03-23,2022-04-13,2022-04-13,2022-04-13,42625.51,1.0,n/a (INR flow),42625.51,,roll following on the LME panel calendar,PROXY,,-d(lots x lot_kg x F(s) x mcx_al_margin_used_frac),,P3
REALISED,T03,MCX:T03-MCX-1,MCX_VARIATION_MARGIN,MCX_VARIATION_MARGIN,PNL,INR,2022-03-23,2022-04-13,2022-04-13,2022-04-13,426255.06,1.0,n/a (INR flow),426255.06,,roll following on the LME panel calendar,PROXY,,direction x lots x lot_kg x (F(s) - F(s-1)),,P3
REALISED,T03,PSIC:L1,PSIC,PSIC,PNL,USD,2022-03-23,2022-04-13,2022-04-13,2022-04-13,-1200.0,76.1851,spot at settlement,-91422.12,,roll following on the LME panel calendar,ASSUMPTION,,-psic_cost_usd_per_box x boxes,,P3
REALISED,T03,MCX:T03-MCX-1,MCX_INITIAL_MARGIN,MCX_INITIAL_MARGIN,BS,INR,2022-03-23,2022-04-14,2022-04-14,2022-04-14,-164224.27,1.0,n/a (INR flow),-164224.27,,roll following on the LME panel calendar,PROXY,,-d(lots x lot_kg x F(s) x mcx_al_margin_used_frac),,P3
REALISED,T03,MCX:T03-MCX-1,MCX_VARIATION_MARGIN,MCX_VARIATION_MARGIN,PNL,INR,2022-03-23,2022-04-14,2022-04-14,2022-04-14,-1642242.66,1.0,n/a (INR flow),-1642242.66,,roll following on the LME panel calendar,PROXY,,direction x lots x lot_kg x (F(s) - F(s-1)),,P3
REALISED,T03,DUTY:L1,CUSTOMS_DUTY,CUSTOMS_DUTY,PNL,INR,2022-03-23,2022-04-19,2022-04-19,2022-04-19,-3133426.98,1.0,n/a (INR flow),-3133426.98,,roll following on the LME panel calendar,DIRECT,,-assessable_inr x bcd_scrap_hs7602 x (1 + sws_rate_on_bcd),,P3
REALISED,T03,IGST:L1,IGST_IMPORT,IGST_IMPORT,BS,INR,2022-03-23,2022-04-19,2022-04-19,2022-04-19,-21073720.74,1.0,n/a (INR flow),-21073720.74,,roll following on the LME panel calendar,DIRECT,,-(assessable + duty) x igst_rate_hs7602,,P3
REALISED,T03,MCX:T03-MCX-1,MCX_INITIAL_MARGIN,MCX_INITIAL_MARGIN,BS,INR,2022-03-23,2022-04-19,2022-04-19,2022-04-19,-514905.3,1.0,n/a (INR flow),-514905.3,,roll following on the LME panel calendar,PROXY,,-d(lots x lot_kg x F(s) x mcx_al_margin_used_frac),,P3
REALISED,T03,MCX:T03-MCX-1,MCX_VARIATION_MARGIN,MCX_VARIATION_MARGIN,PNL,INR,2022-03-23,2022-04-19,2022-04-19,2022-04-19,-5149053.03,1.0,n/a (INR flow),-5149053.03,,roll following on the LME panel calendar,PROXY,,direction x lots x lot_kg x (F(s) - F(s-1)),,P3
REALISED,T03,BILL_COMMISSION:L1,IMPORT_BILL_COMMISSION,IMPORT_BILL_COMMISSION,PNL,USD,2022-03-23,2022-04-20,2022-04-20,2022-04-20,-1778.4,76.3018,spot at settlement,-135695.12,,roll following on the LME panel calendar,DIRECT,,-import_bill_commission_frac x bill_usd,,P3
REALISED,T03,FX:T03-FX-1,FX_FORWARD,FX_FORWARD,PNL,INR,2022-03-23,2022-04-20,2022-04-20,2022-04-20,-634531.72,1.0,n/a (INR flow),-634531.72,,roll following on the LME panel calendar,PROXY,,"sign x notional x (X(tau, value_date) - K)",,P3
REALISED,T03,MCX:T03-MCX-1,MCX_INITIAL_MARGIN,MCX_INITIAL_MARGIN,BS,INR,2022-03-23,2022-04-20,2022-04-20,2022-04-20,19622167.38,1.0,n/a (INR flow),19622167.38,,roll following on the LME panel calendar,PROXY,,-d(lots x lot_kg x F(s) x mcx_al_margin_used_frac),,P3
REALISED,T03,MCX:T03-MCX-1,MCX_SLIPPAGE,MCX_SLIPPAGE,PNL,INR,2022-04-20,,2022-04-20,2022-04-20,-71500.0,1.0,n/a (INR flow),-71500.0,,roll following on the LME panel calendar,ASSUMPTION,,-lots x lot_kg x mcx_slippage_ticks x tick,,P3
REALISED,T03,MCX:T03-MCX-1,MCX_TRANSACTION_COST,MCX_TRANSACTION_COST,PNL,INR,2022-04-20,2022-04-20,2022-04-20,2022-04-20,-57480.07,1.0,n/a (INR flow),-57480.07,,roll following on the LME panel calendar,ASSUMPTION,,-lots x lot_kg x fill x mcx_txn_cost_frac,,P3
REALISED,T03,MCX:T03-MCX-1,MCX_VARIATION_MARGIN,MCX_VARIATION_MARGIN,PNL,INR,2022-03-23,2022-04-20,2022-04-20,2022-04-20,4692954.64,1.0,n/a (INR flow),4692954.64,,roll following on the LME panel calendar,PROXY,,direction x lots x lot_kg x (F(s) - F(s-1)),,P3
REALISED,T03,MCX:T03-MCX-2,MCX_INITIAL_MARGIN,MCX_INITIAL_MARGIN,BS,INR,2022-04-20,2022-04-20,2022-04-20,2022-04-20,-19218723.44,1.0,n/a (INR flow),-19218723.44,,roll following on the LME panel calendar,PROXY,,-d(lots x lot_kg x F(s) x mcx_al_margin_used_frac),,P3
REALISED,T03,MCX:T03-MCX-2,MCX_SLIPPAGE,MCX_SLIPPAGE,PNL,INR,2022-04-20,,2022-04-20,2022-04-20,-71500.0,1.0,n/a (INR flow),-71500.0,,roll following on the LME panel calendar,ASSUMPTION,,-lots x lot_kg x mcx_slippage_ticks x tick,,P3
REALISED,T03,MCX:T03-MCX-2,MCX_TRANSACTION_COST,MCX_TRANSACTION_COST,PNL,INR,2022-04-20,2022-04-20,2022-04-20,2022-04-20,-57634.72,1.0,n/a (INR flow),-57634.72,,roll following on the LME panel calendar,ASSUMPTION,,-lots x lot_kg x fill x mcx_txn_cost_frac,,P3
REALISED,T03,MCX:T03-MCX-2,MCX_VARIATION_MARGIN,MCX_VARIATION_MARGIN,PNL,INR,2022-04-20,2022-04-20,2022-04-20,2022-04-20,-0.0,1.0,n/a (INR flow),-0.0,,roll following on the LME panel calendar,PROXY,,direction x lots x lot_kg x (F(entry) - entry settle) = 0 by construction,,P3
REALISED,T03,PURCHASE:L1,PURCHASE_INVOICE,PURCHASE_INVOICE,PNL,USD,2022-03-23,,2022-04-20,2022-04-20,-1482000.0,76.3018,spot at settlement,-113079267.6,,roll following on the LME panel calendar,SIM,,-q_bl x price_usd_t,,P3
REALISED,T03,MCX:T03-MCX-2,MCX_INITIAL_MARGIN,MCX_INITIAL_MARGIN,BS,INR,2022-04-20,2022-04-21,2022-04-21,2022-04-21,-104033.12,1.0,n/a (INR flow),-104033.12,,roll following on the LME panel calendar,PROXY,,-d(lots x lot_kg x F(s) x mcx_al_margin_used_frac),,P3
REALISED,T03,MCX:T03-MCX-2,MCX_VARIATION_MARGIN,MCX_VARIATION_MARGIN,PNL,INR,2022-04-20,2022-04-21,2022-04-21,2022-04-21,-1040331.18,1.0,n/a (INR flow),-1040331.18,,roll following on the LME panel calendar,PROXY,,direction x lots x lot_kg x (F(s) - F(s-1)),,P3
REALISED,T03,INSURANCE:L2,INSURANCE,INSURANCE,PNL,USD,2022-03-23,2022-04-22,2022-04-22,2022-04-22,-1630.2,76.4485,spot at settlement,-124626.34,,roll following on the LME panel calendar,ASSUMPTION,,-insurance_rate x insured_value_uplift x cfr_value_usd,,P3
REALISED,T03,MCX:T03-MCX-2,MCX_INITIAL_MARGIN,MCX_INITIAL_MARGIN,BS,INR,2022-04-20,2022-04-22,2022-04-22,2022-04-22,47438.94,1.0,n/a (INR flow),47438.94,,roll following on the LME panel calendar,PROXY,,-d(lots x lot_kg x F(s) x mcx_al_margin_used_frac),,P3
REALISED,T03,MCX:T03-MCX-2,MCX_VARIATION_MARGIN,MCX_VARIATION_MARGIN,PNL,INR,2022-04-20,2022-04-22,2022-04-22,2022-04-22,474389.44,1.0,n/a (INR flow),474389.44,,roll following on the LME panel calendar,PROXY,,direction x lots x lot_kg x (F(s) - F(s-1)),,P3
REALISED,T03,PSIC:L2,PSIC,PSIC,PNL,USD,2022-03-23,2022-04-22,2022-04-22,2022-04-22,-1200.0,76.4485,spot at settlement,-91738.2,,roll following on the LME panel calendar,ASSUMPTION,,-psic_cost_usd_per_box x boxes,,P3
REALISED,T03,MCX:T03-MCX-2,MCX_INITIAL_MARGIN,MCX_INITIAL_MARGIN,BS,INR,2022-04-20,2022-04-25,2022-04-25,2022-04-25,883080.01,1.0,n/a (INR flow),883080.01,,roll following on the LME panel calendar,PROXY,,-d(lots x lot_kg x F(s) x mcx_al_margin_used_frac),,P3
REALISED,T03,MCX:T03-MCX-2,MCX_VARIATION_MARGIN,MCX_VARIATION_MARGIN,PNL,INR,2022-04-20,2022-04-25,2022-04-25,2022-04-25,8830800.13,1.0,n/a (INR flow),8830800.13,,roll following on the LME panel calendar,PROXY,,direction x lots x lot_kg x (F(s) - F(s-1)),,P3
REALISED,T03,MCX:T03-MCX-2,MCX_INITIAL_MARGIN,MCX_INITIAL_MARGIN,BS,INR,2022-04-20,2022-04-26,2022-04-26,2022-04-26,18392237.6,1.0,n/a (INR flow),18392237.6,,roll following on the LME panel calendar,PROXY,,-d(lots x lot_kg x F(s) x mcx_al_margin_used_frac),,P3
REALISED,T03,MCX:T03-MCX-2,MCX_SLIPPAGE,MCX_SLIPPAGE,PNL,INR,2022-04-26,,2022-04-26,2022-04-26,-71500.0,1.0,n/a (INR flow),-71500.0,,roll following on the LME panel calendar,ASSUMPTION,,-lots x lot_kg x mcx_slippage_ticks x tick,,P3
REALISED,T03,MCX:T03-MCX-2,MCX_TRANSACTION_COST,MCX_TRANSACTION_COST,PNL,INR,2022-04-26,2022-04-26,2022-04-26,2022-04-26,-55386.37,1.0,n/a (INR flow),-55386.37,,roll following on the LME panel calendar,ASSUMPTION,,-lots x lot_kg x fill x mcx_txn_cost_frac,,P3
REALISED,T03,MCX:T03-MCX-2,MCX_VARIATION_MARGIN,MCX_VARIATION_MARGIN,PNL,INR,2022-04-20,2022-04-26,2022-04-26,2022-04-26,-627343.19,1.0,n/a (INR flow),-627343.19,,roll following on the LME panel calendar,PROXY,,direction x lots x lot_kg x (F(s) - F(s-1)),,P3
REALISED,T03,DUTY:L2,CUSTOMS_DUTY,CUSTOMS_DUTY,PNL,INR,2022-03-23,2022-04-28,2022-04-28,2022-04-28,-3147706.92,1.0,n/a (INR flow),-3147706.92,,roll following on the LME panel calendar,DIRECT,,-assessable_inr x bcd_scrap_hs7602 x (1 + sws_rate_on_bcd),,P3
REALISED,T03,IGST:L2,IGST_IMPORT,IGST_IMPORT,BS,INR,2022-03-23,2022-04-28,2022-04-28,2022-04-28,-21169759.83,1.0,n/a (INR flow),-21169759.83,,roll following on the LME panel calendar,DIRECT,,-(assessable + duty) x igst_rate_hs7602,,P3
REALISED,T03,PORT:L1,PORT_CHARGES,PORT_CHARGES,PNL,INR,2022-03-23,,2022-04-28,2022-04-28,-1200000.0,1.0,n/a (INR flow),-1200000.0,,roll following on the LME panel calendar,ASSUMPTION,,-port_cf_charges_inr_t x base_payload x cleared boxes,,P3
REALISED,T03,BILL_COMMISSION:L2,IMPORT_BILL_COMMISSION,IMPORT_BILL_COMMISSION,PNL,USD,2022-03-23,2022-04-29,2022-04-29,2022-04-29,-1778.4,76.5066,spot at settlement,-136059.34,,roll following on the LME panel calendar,DIRECT,,-import_bill_commission_frac x bill_usd,,P3
REALISED,T03,FX:T03-FX-2,FX_FORWARD,FX_FORWARD,PNL,INR,2022-03-23,2022-04-29,2022-04-29,2022-04-29,-422269.11,1.0,n/a (INR flow),-422269.11,,roll following on the LME panel calendar,PROXY,,"sign x notional x (X(tau, value_date) - K)",,P3
REALISED,T03,PURCHASE:L2,PURCHASE_INVOICE,PURCHASE_INVOICE,PNL,USD,2022-03-23,,2022-04-29,2022-04-29,-1482000.0,76.5066,spot at settlement,-113382781.2,,roll following on the LME panel calendar,SIM,,-q_bl x price_usd_t,,P3
REALISED,T03,PORT:L2,PORT_CHARGES,PORT_CHARGES,PNL,INR,2022-03-23,,2022-05-09,2022-05-09,-1200000.0,1.0,n/a (INR flow),-1200000.0,,roll following on the LME panel calendar,ASSUMPTION,,-port_cf_charges_inr_t x base_payload x cleared boxes,,P3
REALISED,T03,IGST:L1,IGST_CREDIT,IGST_CREDIT,BS,INR,2022-03-23,2022-04-19,2022-06-06,2022-06-06,21073720.74,1.0,n/a (INR flow),21073720.74,,roll following on the LME panel calendar,DIRECT,,+(assessable + duty) x igst_rate at igst_credit_lag_days,,P3
REALISED,T03,SALE:S1,SALE_BALANCE,SALE_BALANCE,PNL,INR,2022-04-26,2022-04-28,2022-06-08,2022-06-08,241500000.0,1.0,n/a (INR flow),241500000.0,,roll following on the LME panel calendar,SIM,,+q_acc x P_sale x (1 - disc passthrough) - advance,,P3
REALISED,T03,IGST:L2,IGST_CREDIT,IGST_CREDIT,BS,INR,2022-03-23,2022-04-28,2022-06-13,2022-06-13,21169759.83,1.0,n/a (INR flow),21169759.83,,roll following on the LME panel calendar,DIRECT,,+(assessable + duty) x igst_rate at igst_credit_lag_days,,P3
REALISED,T04,MCX:T04-MCX-1,MCX_INITIAL_MARGIN,MCX_INITIAL_MARGIN,BS,INR,2022-04-06,2022-04-06,2022-04-06,2022-04-06,-12327038.17,1.0,n/a (INR flow),-12327038.17,,roll following on the LME panel calendar,PROXY,,-d(lots x lot_kg x F(s) x mcx_al_margin_used_frac),,P3
REALISED,T04,MCX:T04-MCX-1,MCX_SLIPPAGE,MCX_SLIPPAGE,PNL,INR,2022-04-06,,2022-04-06,2022-04-06,-43500.0,1.0,n/a (INR flow),-43500.0,,roll following on the LME panel calendar,ASSUMPTION,,-lots x lot_kg x mcx_slippage_ticks x tick,,P3
REALISED,T04,MCX:T04-MCX-1,MCX_TRANSACTION_COST,MCX_TRANSACTION_COST,PNL,INR,2022-04-06,2022-04-06,2022-04-06,2022-04-06,-36968.06,1.0,n/a (INR flow),-36968.06,,roll following on the LME panel calendar,ASSUMPTION,,-lots x lot_kg x fill x mcx_txn_cost_frac,,P3
REALISED,T04,MCX:T04-MCX-1,MCX_VARIATION_MARGIN,MCX_VARIATION_MARGIN,PNL,INR,2022-04-06,2022-04-06,2022-04-06,2022-04-06,-0.0,1.0,n/a (INR flow),-0.0,,roll following on the LME panel calendar,PROXY,,direction x lots x lot_kg x (F(entry) - entry settle) = 0 by construction,,P3
REALISED,T04,MCX:T04-MCX-1,MCX_INITIAL_MARGIN,MCX_INITIAL_MARGIN,BS,INR,2022-04-06,2022-04-07,2022-04-07,2022-04-07,325757.06,1.0,n/a (INR flow),325757.06,,roll following on the LME panel calendar,PROXY,,-d(lots x lot_kg x F(s) x mcx_al_margin_used_frac),,P3
REALISED,T04,MCX:T04-MCX-1,MCX_VARIATION_MARGIN,MCX_VARIATION_MARGIN,PNL,INR,2022-04-06,2022-04-07,2022-04-07,2022-04-07,3257570.55,1.0,n/a (INR flow),3257570.55,,roll following on the LME panel calendar,PROXY,,direction x lots x lot_kg x (F(s) - F(s-1)),,P3
REALISED,T04,MCX:T04-MCX-1,MCX_INITIAL_MARGIN,MCX_INITIAL_MARGIN,BS,INR,2022-04-06,2022-04-08,2022-04-08,2022-04-08,-153198.31,1.0,n/a (INR flow),-153198.31,,roll following on the LME panel calendar,PROXY,,-d(lots x lot_kg x F(s) x mcx_al_margin_used_frac),,P3
REALISED,T04,MCX:T04-MCX-1,MCX_VARIATION_MARGIN,MCX_VARIATION_MARGIN,PNL,INR,2022-04-06,2022-04-08,2022-04-08,2022-04-08,-1531983.06,1.0,n/a (INR flow),-1531983.06,,roll following on the LME panel calendar,PROXY,,direction x lots x lot_kg x (F(s) - F(s-1)),,P3
REALISED,T04,MCX:T04-MCX-1,MCX_INITIAL_MARGIN,MCX_INITIAL_MARGIN,BS,INR,2022-04-06,2022-04-11,2022-04-11,2022-04-11,575024.2,1.0,n/a (INR flow),575024.2,,roll following on the LME panel calendar,PROXY,,-d(lots x lot_kg x F(s) x mcx_al_margin_used_frac),,P3
REALISED,T04,MCX:T04-MCX-1,MCX_VARIATION_MARGIN,MCX_VARIATION_MARGIN,PNL,INR,2022-04-06,2022-04-11,2022-04-11,2022-04-11,5750241.98,1.0,n/a (INR flow),5750241.98,,roll following on the LME panel calendar,PROXY,,direction x lots x lot_kg x (F(s) - F(s-1)),,P3
REALISED,T04,LC_FEES,LC_OPENING_FEE,LC_OPENING_FEE,PNL,USD,2022-04-06,2022-04-12,2022-04-12,2022-04-12,-5344.42,76.1702,spot at settlement,-407085.24,,roll following on the LME panel calendar,DIRECT,,-lc_opening_fee_frac_per_month x ceil(validity/30) x lc_value_usd,,P3
REALISED,T04,MCX:T04-MCX-1,MCX_INITIAL_MARGIN,MCX_INITIAL_MARGIN,BS,INR,2022-04-06,2022-04-12,2022-04-12,2022-04-12,28736.98,1.0,n/a (INR flow),28736.98,,roll following on the LME panel calendar,PROXY,,-d(lots x lot_kg x F(s) x mcx_al_margin_used_frac),,P3
REALISED,T04,MCX:T04-MCX-1,MCX_VARIATION_MARGIN,MCX_VARIATION_MARGIN,PNL,INR,2022-04-06,2022-04-12,2022-04-12,2022-04-12,287369.77,1.0,n/a (INR flow),287369.77,,roll following on the LME panel calendar,PROXY,,direction x lots x lot_kg x (F(s) - F(s-1)),,P3
REALISED,T04,MCX:T04-MCX-1,MCX_INITIAL_MARGIN,MCX_INITIAL_MARGIN,BS,INR,2022-04-06,2022-04-13,2022-04-13,2022-04-13,25933.0,1.0,n/a (INR flow),25933.0,,roll following on the LME panel calendar,PROXY,,-d(lots x lot_kg x F(s) x mcx_al_margin_used_frac),,P3
REALISED,T04,MCX:T04-MCX-1,MCX_VARIATION_MARGIN,MCX_VARIATION_MARGIN,PNL,INR,2022-04-06,2022-04-13,2022-04-13,2022-04-13,259330.0,1.0,n/a (INR flow),259330.0,,roll following on the LME panel calendar,PROXY,,direction x lots x lot_kg x (F(s) - F(s-1)),,P3
REALISED,T04,MCX:T04-MCX-1,MCX_INITIAL_MARGIN,MCX_INITIAL_MARGIN,BS,INR,2022-04-06,2022-04-14,2022-04-14,2022-04-14,-99912.67,1.0,n/a (INR flow),-99912.67,,roll following on the LME panel calendar,PROXY,,-d(lots x lot_kg x F(s) x mcx_al_margin_used_frac),,P3
REALISED,T04,MCX:T04-MCX-1,MCX_VARIATION_MARGIN,MCX_VARIATION_MARGIN,PNL,INR,2022-04-06,2022-04-14,2022-04-14,2022-04-14,-999126.65,1.0,n/a (INR flow),-999126.65,,roll following on the LME panel calendar,PROXY,,direction x lots x lot_kg x (F(s) - F(s-1)),,P3
REALISED,T04,MCX:T04-MCX-1,MCX_INITIAL_MARGIN,MCX_INITIAL_MARGIN,BS,INR,2022-04-06,2022-04-19,2022-04-19,2022-04-19,-313264.07,1.0,n/a (INR flow),-313264.07,,roll following on the LME panel calendar,PROXY,,-d(lots x lot_kg x F(s) x mcx_al_margin_used_frac),,P3
REALISED,T04,MCX:T04-MCX-1,MCX_VARIATION_MARGIN,MCX_VARIATION_MARGIN,PNL,INR,2022-04-06,2022-04-19,2022-04-19,2022-04-19,-3132640.66,1.0,n/a (INR flow),-3132640.66,,roll following on the LME panel calendar,PROXY,,direction x lots x lot_kg x (F(s) - F(s-1)),,P3
REALISED,T04,MCX:T04-MCX-1,MCX_INITIAL_MARGIN,MCX_INITIAL_MARGIN,BS,INR,2022-04-06,2022-04-20,2022-04-20,2022-04-20,11937961.97,1.0,n/a (INR flow),11937961.97,,roll following on the LME panel calendar,PROXY,,-d(lots x lot_kg x F(s) x mcx_al_margin_used_frac),,P3
REALISED,T04,MCX:T04-MCX-1,MCX_SLIPPAGE,MCX_SLIPPAGE,PNL,INR,2022-04-20,,2022-04-20,2022-04-20,-43500.0,1.0,n/a (INR flow),-43500.0,,roll following on the LME panel calendar,ASSUMPTION,,-lots x lot_kg x mcx_slippage_ticks x tick,,P3
REALISED,T04,MCX:T04-MCX-1,MCX_TRANSACTION_COST,MCX_TRANSACTION_COST,PNL,INR,2022-04-20,2022-04-20,2022-04-20,2022-04-20,-34970.39,1.0,n/a (INR flow),-34970.39,,roll following on the LME panel calendar,ASSUMPTION,,-lots x lot_kg x fill x mcx_txn_cost_frac,,P3
REALISED,T04,MCX:T04-MCX-1,MCX_VARIATION_MARGIN,MCX_VARIATION_MARGIN,PNL,INR,2022-04-06,2022-04-20,2022-04-20,2022-04-20,2855154.22,1.0,n/a (INR flow),2855154.22,,roll following on the LME panel calendar,PROXY,,direction x lots x lot_kg x (F(s) - F(s-1)),,P3
REALISED,T04,MCX:T04-MCX-2,MCX_INITIAL_MARGIN,MCX_INITIAL_MARGIN,BS,INR,2022-04-20,2022-04-20,2022-04-20,2022-04-20,-11692510.07,1.0,n/a (INR flow),-11692510.07,,roll following on the LME panel calendar,PROXY,,-d(lots x lot_kg x F(s) x mcx_al_margin_used_frac),,P3
REALISED,T04,MCX:T04-MCX-2,MCX_SLIPPAGE,MCX_SLIPPAGE,PNL,INR,2022-04-20,,2022-04-20,2022-04-20,-43500.0,1.0,n/a (INR flow),-43500.0,,roll following on the LME panel calendar,ASSUMPTION,,-lots x lot_kg x mcx_slippage_ticks x tick,,P3
REALISED,T04,MCX:T04-MCX-2,MCX_TRANSACTION_COST,MCX_TRANSACTION_COST,PNL,INR,2022-04-20,2022-04-20,2022-04-20,2022-04-20,-35064.48,1.0,n/a (INR flow),-35064.48,,roll following on the LME panel calendar,ASSUMPTION,,-lots x lot_kg x fill x mcx_txn_cost_frac,,P3
REALISED,T04,MCX:T04-MCX-2,MCX_VARIATION_MARGIN,MCX_VARIATION_MARGIN,PNL,INR,2022-04-20,2022-04-20,2022-04-20,2022-04-20,-0.0,1.0,n/a (INR flow),-0.0,,roll following on the LME panel calendar,PROXY,,direction x lots x lot_kg x (F(entry) - entry settle) = 0 by construction,,P3
REALISED,T04,MCX:T04-MCX-2,MCX_INITIAL_MARGIN,MCX_INITIAL_MARGIN,BS,INR,2022-04-20,2022-04-21,2022-04-21,2022-04-21,-63292.88,1.0,n/a (INR flow),-63292.88,,roll following on the LME panel calendar,PROXY,,-d(lots x lot_kg x F(s) x mcx_al_margin_used_frac),,P3
REALISED,T04,MCX:T04-MCX-2,MCX_VARIATION_MARGIN,MCX_VARIATION_MARGIN,PNL,INR,2022-04-20,2022-04-21,2022-04-21,2022-04-21,-632928.76,1.0,n/a (INR flow),-632928.76,,roll following on the LME panel calendar,PROXY,,direction x lots x lot_kg x (F(s) - F(s-1)),,P3
REALISED,T04,MCX:T04-MCX-2,MCX_INITIAL_MARGIN,MCX_INITIAL_MARGIN,BS,INR,2022-04-20,2022-04-22,2022-04-22,2022-04-22,28861.46,1.0,n/a (INR flow),28861.46,,roll following on the LME panel calendar,PROXY,,-d(lots x lot_kg x F(s) x mcx_al_margin_used_frac),,P3
REALISED,T04,MCX:T04-MCX-2,MCX_VARIATION_MARGIN,MCX_VARIATION_MARGIN,PNL,INR,2022-04-20,2022-04-22,2022-04-22,2022-04-22,288614.55,1.0,n/a (INR flow),288614.55,,roll following on the LME panel calendar,PROXY,,direction x lots x lot_kg x (F(s) - F(s-1)),,P3
REALISED,T04,MCX:T04-MCX-2,MCX_INITIAL_MARGIN,MCX_INITIAL_MARGIN,BS,INR,2022-04-20,2022-04-25,2022-04-25,2022-04-25,537258.47,1.0,n/a (INR flow),537258.47,,roll following on the LME panel calendar,PROXY,,-d(lots x lot_kg x F(s) x mcx_al_margin_used_frac),,P3
REALISED,T04,MCX:T04-MCX-2,MCX_VARIATION_MARGIN,MCX_VARIATION_MARGIN,PNL,INR,2022-04-20,2022-04-25,2022-04-25,2022-04-25,5372584.7,1.0,n/a (INR flow),5372584.7,,roll following on the LME panel calendar,PROXY,,direction x lots x lot_kg x (F(s) - F(s-1)),,P3
REALISED,T04,MCX:T04-MCX-2,MCX_INITIAL_MARGIN,MCX_INITIAL_MARGIN,BS,INR,2022-04-20,2022-04-26,2022-04-26,2022-04-26,-38167.03,1.0,n/a (INR flow),-38167.03,,roll following on the LME panel calendar,PROXY,,-d(lots x lot_kg x F(s) x mcx_al_margin_used_frac),,P3
REALISED,T04,MCX:T04-MCX-2,MCX_VARIATION_MARGIN,MCX_VARIATION_MARGIN,PNL,INR,2022-04-20,2022-04-26,2022-04-26,2022-04-26,-381670.33,1.0,n/a (INR flow),-381670.33,,roll following on the LME panel calendar,PROXY,,direction x lots x lot_kg x (F(s) - F(s-1)),,P3
REALISED,T04,FREIGHT:L1,FREIGHT,FREIGHT,PNL,USD,2022-04-06,2022-04-14,2022-04-27,2022-04-27,-60150.0,76.6045,spot at settlement,-4607760.68,,roll following on the LME panel calendar,ASSUMPTION,,"-boxes x (fixture rate once booked, else market box rate)",,P3
REALISED,T04,INSURANCE:L1,INSURANCE,INSURANCE,PNL,USD,2022-04-06,2022-04-27,2022-04-27,2022-04-27,-1736.3,76.6045,spot at settlement,-133008.01,,roll following on the LME panel calendar,ASSUMPTION,,-insurance_rate x insured_value_uplift x cfr_value_usd,,P3
REALISED,T04,MCX:T04-MCX-2,MCX_INITIAL_MARGIN,MCX_INITIAL_MARGIN,BS,INR,2022-04-20,2022-04-27,2022-04-27,2022-04-27,4608.86,1.0,n/a (INR flow),4608.86,,roll following on the LME panel calendar,PROXY,,-d(lots x lot_kg x F(s) x mcx_al_margin_used_frac),,P3
REALISED,T04,MCX:T04-MCX-2,MCX_VARIATION_MARGIN,MCX_VARIATION_MARGIN,PNL,INR,2022-04-20,2022-04-27,2022-04-27,2022-04-27,46088.63,1.0,n/a (INR flow),46088.63,,roll following on the LME panel calendar,PROXY,,direction x lots x lot_kg x (F(s) - F(s-1)),,P3
REALISED,T04,MCX:T04-MCX-2,MCX_INITIAL_MARGIN,MCX_INITIAL_MARGIN,BS,INR,2022-04-20,2022-04-28,2022-04-28,2022-04-28,119574.24,1.0,n/a (INR flow),119574.24,,roll following on the LME panel calendar,PROXY,,-d(lots x lot_kg x F(s) x mcx_al_margin_used_frac),,P3
REALISED,T04,MCX:T04-MCX-2,MCX_VARIATION_MARGIN,MCX_VARIATION_MARGIN,PNL,INR,2022-04-20,2022-04-28,2022-04-28,2022-04-28,1195742.39,1.0,n/a (INR flow),1195742.39,,roll following on the LME panel calendar,PROXY,,direction x lots x lot_kg x (F(s) - F(s-1)),,P3
REALISED,T04,MCX:T04-MCX-2,MCX_INITIAL_MARGIN,MCX_INITIAL_MARGIN,BS,INR,2022-04-20,2022-04-29,2022-04-29,2022-04-29,117686.1,1.0,n/a (INR flow),117686.1,,roll following on the LME panel calendar,PROXY,,-d(lots x lot_kg x F(s) x mcx_al_margin_used_frac),,P3
REALISED,T04,MCX:T04-MCX-2,MCX_VARIATION_MARGIN,MCX_VARIATION_MARGIN,PNL,INR,2022-04-20,2022-04-29,2022-04-29,2022-04-29,1176861.03,1.0,n/a (INR flow),1176861.03,,roll following on the LME panel calendar,PROXY,,direction x lots x lot_kg x (F(s) - F(s-1)),,P3
REALISED,T04,MCX:T04-MCX-2,MCX_INITIAL_MARGIN,MCX_INITIAL_MARGIN,BS,INR,2022-04-20,2022-05-03,2022-05-03,2022-05-03,451502.27,1.0,n/a (INR flow),451502.27,,roll following on the LME panel calendar,PROXY,,-d(lots x lot_kg x F(s) x mcx_al_margin_used_frac),,P3
REALISED,T04,MCX:T04-MCX-2,MCX_VARIATION_MARGIN,MCX_VARIATION_MARGIN,PNL,INR,2022-04-20,2022-05-03,2022-05-03,2022-05-03,4515022.72,1.0,n/a (INR flow),4515022.72,,roll following on the LME panel calendar,PROXY,,direction x lots x lot_kg x (F(s) - F(s-1)),,P3
REALISED,T04,BILL_COMMISSION:L1,IMPORT_BILL_COMMISSION,IMPORT_BILL_COMMISSION,PNL,USD,2022-04-06,2022-05-04,2022-05-04,2022-05-04,-1821.96,76.3493,spot at settlement,-139105.37,,roll following on the LME panel calendar,DIRECT,,-import_bill_commission_frac x bill_usd,,P3
REALISED,T04,FREIGHT:L2,FREIGHT,FREIGHT,PNL,USD,2022-04-06,2022-04-14,2022-05-04,2022-05-04,-60150.0,76.3493,spot at settlement,-4592410.39,,roll following on the LME panel calendar,ASSUMPTION,,"-boxes x (fixture rate once booked, else market box rate)",,P3
REALISED,T04,FX:T04-FX-1,FX_FORWARD,FX_FORWARD,PNL,INR,2022-04-06,2022-05-04,2022-05-04,2022-05-04,342822.32,1.0,n/a (INR flow),342822.32,,roll following on the LME panel calendar,PROXY,,"sign x notional x (X(tau, value_date) - K)",,P3
REALISED,T04,FX:T04-FX-3,FX_FORWARD,FX_FORWARD,PNL,INR,2022-04-14,2022-05-04,2022-05-04,2022-05-04,-1352.14,1.0,n/a (INR flow),-1352.14,,roll following on the LME panel calendar,PROXY,,"sign x notional x (X(tau, value_date) - K)",,P3
REALISED,T04,INSURANCE:L2,INSURANCE,INSURANCE,PNL,USD,2022-04-06,2022-05-04,2022-05-04,2022-05-04,-1736.3,76.3493,spot at settlement,-132564.91,,roll following on the LME panel calendar,ASSUMPTION,,-insurance_rate x insured_value_uplift x cfr_value_usd,,P3
REALISED,T04,MCX:T04-MCX-2,MCX_INITIAL_MARGIN,MCX_INITIAL_MARGIN,BS,INR,2022-04-20,2022-05-04,2022-05-04,2022-05-04,-32720.1,1.0,n/a (INR flow),-32720.1,,roll following on the LME panel calendar,PROXY,,-d(lots x lot_kg x F(s) x mcx_al_margin_used_frac),,P3
REALISED,T04,MCX:T04-MCX-2,MCX_VARIATION_MARGIN,MCX_VARIATION_MARGIN,PNL,INR,2022-04-20,2022-05-04,2022-05-04,2022-05-04,-327200.96,1.0,n/a (INR flow),-327200.96,,roll following on the LME panel calendar,PROXY,,direction x lots x lot_kg x (F(s) - F(s-1)),,P3
REALISED,T04,PURCHASE:L1,PURCHASE_INVOICE,PURCHASE_INVOICE,PNL,USD,2022-04-06,,2022-05-04,2022-05-04,-1518300.0,76.3493,spot at settlement,-115921142.19,,roll following on the LME panel calendar,SIM,,-q_bl x price_usd_t,,P3
REALISED,T04,MCX:T04-MCX-2,MCX_INITIAL_MARGIN,MCX_INITIAL_MARGIN,BS,INR,2022-04-20,2022-05-05,2022-05-05,2022-05-05,53446.65,1.0,n/a (INR flow),53446.65,,roll following on the LME panel calendar,PROXY,,-d(lots x lot_kg x F(s) x mcx_al_margin_used_frac),,P3
REALISED,T04,MCX:T04-MCX-2,MCX_VARIATION_MARGIN,MCX_VARIATION_MARGIN,PNL,INR,2022-04-20,2022-05-05,2022-05-05,2022-05-05,534466.51,1.0,n/a (INR flow),534466.51,,roll following on the LME panel calendar,PROXY,,direction x lots x lot_kg x (F(s) - F(s-1)),,P3
REALISED,T04,MCX:T04-MCX-2,MCX_INITIAL_MARGIN,MCX_INITIAL_MARGIN,BS,INR,2022-04-20,2022-05-06,2022-05-06,2022-05-06,221796.28,1.0,n/a (INR flow),221796.28,,roll following on the LME panel calendar,PROXY,,-d(lots x lot_kg x F(s) x mcx_al_margin_used_frac),,P3
REALISED,T04,MCX:T04-MCX-2,MCX_VARIATION_MARGIN,MCX_VARIATION_MARGIN,PNL,INR,2022-04-20,2022-05-06,2022-05-06,2022-05-06,2217962.83,1.0,n/a (INR flow),2217962.83,,roll following on the LME panel calendar,PROXY,,direction x lots x lot_kg x (F(s) - F(s-1)),,P3
REALISED,T04,MCX:T04-MCX-2,MCX_INITIAL_MARGIN,MCX_INITIAL_MARGIN,BS,INR,2022-04-20,2022-05-09,2022-05-09,2022-05-09,392224.42,1.0,n/a (INR flow),392224.42,,roll following on the LME panel calendar,PROXY,,-d(lots x lot_kg x F(s) x mcx_al_margin_used_frac),,P3
REALISED,T04,MCX:T04-MCX-2,MCX_VARIATION_MARGIN,MCX_VARIATION_MARGIN,PNL,INR,2022-04-20,2022-05-09,2022-05-09,2022-05-09,3922244.22,1.0,n/a (INR flow),3922244.22,,roll following on the LME panel calendar,PROXY,,direction x lots x lot_kg x (F(s) - F(s-1)),,P3
REALISED,T04,MCX:T04-MCX-2,MCX_INITIAL_MARGIN,MCX_INITIAL_MARGIN,BS,INR,2022-04-20,2022-05-10,2022-05-10,2022-05-10,133793.7,1.0,n/a (INR flow),133793.7,,roll following on the LME panel calendar,PROXY,,-d(lots x lot_kg x F(s) x mcx_al_margin_used_frac),,P3
REALISED,T04,MCX:T04-MCX-2,MCX_VARIATION_MARGIN,MCX_VARIATION_MARGIN,PNL,INR,2022-04-20,2022-05-10,2022-05-10,2022-05-10,1337936.99,1.0,n/a (INR flow),1337936.99,,roll following on the LME panel calendar,PROXY,,direction x lots x lot_kg x (F(s) - F(s-1)),,P3
REALISED,T04,BILL_COMMISSION:L2,IMPORT_BILL_COMMISSION,IMPORT_BILL_COMMISSION,PNL,USD,2022-04-06,2022-05-11,2022-05-11,2022-05-11,-1821.96,77.2231,spot at settlement,-140697.4,,roll following on the LME panel calendar,DIRECT,,-import_bill_commission_frac x bill_usd,,P3
REALISED,T04,FX:T04-FX-2,FX_FORWARD,FX_FORWARD,PNL,INR,2022-04-06,2022-05-11,2022-05-11,2022-05-11,1597931.28,1.0,n/a (INR flow),1597931.28,,roll following on the LME panel calendar,PROXY,,"sign x notional x (X(tau, value_date) - K)",,P3
REALISED,T04,MCX:T04-MCX-2,MCX_INITIAL_MARGIN,MCX_INITIAL_MARGIN,BS,INR,2022-04-20,2022-05-11,2022-05-11,2022-05-11,-212541.48,1.0,n/a (INR flow),-212541.48,,roll following on the LME panel calendar,PROXY,,-d(lots x lot_kg x F(s) x mcx_al_margin_used_frac),,P3
REALISED,T04,MCX:T04-MCX-2,MCX_VARIATION_MARGIN,MCX_VARIATION_MARGIN,PNL,INR,2022-04-20,2022-05-11,2022-05-11,2022-05-11,-2125414.78,1.0,n/a (INR flow),-2125414.78,,roll following on the LME panel calendar,PROXY,,direction x lots x lot_kg x (F(s) - F(s-1)),,P3
REALISED,T04,PURCHASE:L2,PURCHASE_INVOICE,PURCHASE_INVOICE,PNL,USD,2022-04-06,,2022-05-11,2022-05-11,-1518300.0,77.2231,spot at settlement,-117247832.73,,roll following on the LME panel calendar,SIM,,-q_bl x price_usd_t,,P3
REALISED,T04,MCX:T04-MCX-2,MCX_INITIAL_MARGIN,MCX_INITIAL_MARGIN,BS,INR,2022-04-20,2022-05-12,2022-05-12,2022-05-12,144166.74,1.0,n/a (INR flow),144166.74,,roll following on the LME panel calendar,PROXY,,-d(lots x lot_kg x F(s) x mcx_al_margin_used_frac),,P3
REALISED,T04,MCX:T04-MCX-2,MCX_VARIATION_MARGIN,MCX_VARIATION_MARGIN,PNL,INR,2022-04-20,2022-05-12,2022-05-12,2022-05-12,1441667.4,1.0,n/a (INR flow),1441667.4,,roll following on the LME panel calendar,PROXY,,direction x lots x lot_kg x (F(s) - F(s-1)),,P3
REALISED,T04,MCX:T04-MCX-2,MCX_INITIAL_MARGIN,MCX_INITIAL_MARGIN,BS,INR,2022-04-20,2022-05-13,2022-05-13,2022-05-13,-119680.37,1.0,n/a (INR flow),-119680.37,,roll following on the LME panel calendar,PROXY,,-d(lots x lot_kg x F(s) x mcx_al_margin_used_frac),,P3
REALISED,T04,MCX:T04-MCX-2,MCX_VARIATION_MARGIN,MCX_VARIATION_MARGIN,PNL,INR,2022-04-20,2022-05-13,2022-05-13,2022-05-13,-1196803.68,1.0,n/a (INR flow),-1196803.68,,roll following on the LME panel calendar,PROXY,,direction x lots x lot_kg x (F(s) - F(s-1)),,P3
REALISED,T04,MCX:T04-MCX-2,MCX_INITIAL_MARGIN,MCX_INITIAL_MARGIN,BS,INR,2022-04-20,2022-05-16,2022-05-16,2022-05-16,-290465.99,1.0,n/a (INR flow),-290465.99,,roll following on the LME panel calendar,PROXY,,-d(lots x lot_kg x F(s) x mcx_al_margin_used_frac),,P3
REALISED,T04,MCX:T04-MCX-2,MCX_VARIATION_MARGIN,MCX_VARIATION_MARGIN,PNL,INR,2022-04-20,2022-05-16,2022-05-16,2022-05-16,-2904659.88,1.0,n/a (INR flow),-2904659.88,,roll following on the LME panel calendar,PROXY,,direction x lots x lot_kg x (F(s) - F(s-1)),,P3
REALISED,T04,MCX:T04-MCX-2,MCX_INITIAL_MARGIN,MCX_INITIAL_MARGIN,BS,INR,2022-04-20,2022-05-17,2022-05-17,2022-05-17,-118740.48,1.0,n/a (INR flow),-118740.48,,roll following on the LME panel calendar,PROXY,,-d(lots x lot_kg x F(s) x mcx_al_margin_used_frac),,P3
REALISED,T04,MCX:T04-MCX-2,MCX_VARIATION_MARGIN,MCX_VARIATION_MARGIN,PNL,INR,2022-04-20,2022-05-17,2022-05-17,2022-05-17,-1187404.76,1.0,n/a (INR flow),-1187404.76,,roll following on the LME panel calendar,PROXY,,direction x lots x lot_kg x (F(s) - F(s-1)),,P3
REALISED,T04,MCX:T04-MCX-2,MCX_INITIAL_MARGIN,MCX_INITIAL_MARGIN,BS,INR,2022-04-20,2022-05-18,2022-05-18,2022-05-18,-48557.17,1.0,n/a (INR flow),-48557.17,,roll following on the LME panel calendar,PROXY,,-d(lots x lot_kg x F(s) x mcx_al_margin_used_frac),,P3
REALISED,T04,MCX:T04-MCX-2,MCX_VARIATION_MARGIN,MCX_VARIATION_MARGIN,PNL,INR,2022-04-20,2022-05-18,2022-05-18,2022-05-18,-485571.67,1.0,n/a (INR flow),-485571.67,,roll following on the LME panel calendar,PROXY,,direction x lots x lot_kg x (F(s) - F(s-1)),,P3
REALISED,T04,MCX:T04-MCX-2,MCX_INITIAL_MARGIN,MCX_INITIAL_MARGIN,BS,INR,2022-04-20,2022-05-19,2022-05-19,2022-05-19,64488.79,1.0,n/a (INR flow),64488.79,,roll following on the LME panel calendar,PROXY,,-d(lots x lot_kg x F(s) x mcx_al_margin_used_frac),,P3
REALISED,T04,MCX:T04-MCX-2,MCX_VARIATION_MARGIN,MCX_VARIATION_MARGIN,PNL,INR,2022-04-20,2022-05-19,2022-05-19,2022-05-19,644887.88,1.0,n/a (INR flow),644887.88,,roll following on the LME panel calendar,PROXY,,direction x lots x lot_kg x (F(s) - F(s-1)),,P3
REALISED,T04,MCX:T04-MCX-2,MCX_INITIAL_MARGIN,MCX_INITIAL_MARGIN,BS,INR,2022-04-20,2022-05-20,2022-05-20,2022-05-20,10347267.56,1.0,n/a (INR flow),10347267.56,,roll following on the LME panel calendar,PROXY,,-d(lots x lot_kg x F(s) x mcx_al_margin_used_frac),,P3
REALISED,T04,MCX:T04-MCX-2,MCX_SLIPPAGE,MCX_SLIPPAGE,PNL,INR,2022-05-20,,2022-05-20,2022-05-20,-43500.0,1.0,n/a (INR flow),-43500.0,,roll following on the LME panel calendar,ASSUMPTION,,-lots x lot_kg x mcx_slippage_ticks x tick,,P3
REALISED,T04,MCX:T04-MCX-2,MCX_TRANSACTION_COST,MCX_TRANSACTION_COST,PNL,INR,2022-05-20,2022-05-20,2022-05-20,2022-05-20,-32222.29,1.0,n/a (INR flow),-32222.29,,roll following on the LME panel calendar,ASSUMPTION,,-lots x lot_kg x fill x mcx_txn_cost_frac,,P3
REALISED,T04,MCX:T04-MCX-2,MCX_VARIATION_MARGIN,MCX_VARIATION_MARGIN,PNL,INR,2022-04-20,2022-05-20,2022-05-20,2022-05-20,-3891442.2,1.0,n/a (INR flow),-3891442.2,,roll following on the LME panel calendar,PROXY,,direction x lots x lot_kg x (F(s) - F(s-1)),,P3
REALISED,T04,MCX:T04-MCX-3,MCX_INITIAL_MARGIN,MCX_INITIAL_MARGIN,BS,INR,2022-05-20,2022-05-20,2022-05-20,2022-05-20,-10778129.85,1.0,n/a (INR flow),-10778129.85,,roll following on the LME panel calendar,PROXY,,-d(lots x lot_kg x F(s) x mcx_al_margin_used_frac),,P3
REALISED,T04,MCX:T04-MCX-3,MCX_SLIPPAGE,MCX_SLIPPAGE,PNL,INR,2022-05-20,,2022-05-20,2022-05-20,-43500.0,1.0,n/a (INR flow),-43500.0,,roll following on the LME panel calendar,ASSUMPTION,,-lots x lot_kg x mcx_slippage_ticks x tick,,P3
REALISED,T04,MCX:T04-MCX-3,MCX_TRANSACTION_COST,MCX_TRANSACTION_COST,PNL,INR,2022-05-20,2022-05-20,2022-05-20,2022-05-20,-32321.34,1.0,n/a (INR flow),-32321.34,,roll following on the LME panel calendar,ASSUMPTION,,-lots x lot_kg x fill x mcx_txn_cost_frac,,P3
REALISED,T04,MCX:T04-MCX-3,MCX_VARIATION_MARGIN,MCX_VARIATION_MARGIN,PNL,INR,2022-05-20,2022-05-20,2022-05-20,2022-05-20,-0.0,1.0,n/a (INR flow),-0.0,,roll following on the LME panel calendar,PROXY,,direction x lots x lot_kg x (F(entry) - entry settle) = 0 by construction,,P3
REALISED,T04,MCX:T04-MCX-3,MCX_INITIAL_MARGIN,MCX_INITIAL_MARGIN,BS,INR,2022-05-20,2022-05-23,2022-05-23,2022-05-23,-97780.19,1.0,n/a (INR flow),-97780.19,,roll following on the LME panel calendar,PROXY,,-d(lots x lot_kg x F(s) x mcx_al_margin_used_frac),,P3
REALISED,T04,MCX:T04-MCX-3,MCX_VARIATION_MARGIN,MCX_VARIATION_MARGIN,PNL,INR,2022-05-20,2022-05-23,2022-05-23,2022-05-23,-977801.85,1.0,n/a (INR flow),-977801.85,,roll following on the LME panel calendar,PROXY,,direction x lots x lot_kg x (F(s) - F(s-1)),,P3
REALISED,T04,MCX:T04-MCX-3,MCX_INITIAL_MARGIN,MCX_INITIAL_MARGIN,BS,INR,2022-05-20,2022-05-24,2022-05-24,2022-05-24,10875910.03,1.0,n/a (INR flow),10875910.03,,roll following on the LME panel calendar,PROXY,,-d(lots x lot_kg x F(s) x mcx_al_margin_used_frac),,P3
REALISED,T04,MCX:T04-MCX-3,MCX_SLIPPAGE,MCX_SLIPPAGE,PNL,INR,2022-05-24,,2022-05-24,2022-05-24,-43500.0,1.0,n/a (INR flow),-43500.0,,roll following on the LME panel calendar,ASSUMPTION,,-lots x lot_kg x mcx_slippage_ticks x tick,,P3
REALISED,T04,MCX:T04-MCX-3,MCX_TRANSACTION_COST,MCX_TRANSACTION_COST,PNL,INR,2022-05-24,2022-05-24,2022-05-24,2022-05-24,-31746.03,1.0,n/a (INR flow),-31746.03,,roll following on the LME panel calendar,ASSUMPTION,,-lots x lot_kg x fill x mcx_txn_cost_frac,,P3
REALISED,T04,MCX:T04-MCX-3,MCX_VARIATION_MARGIN,MCX_VARIATION_MARGIN,PNL,INR,2022-05-20,2022-05-24,2022-05-24,2022-05-24,2982489.16,1.0,n/a (INR flow),2982489.16,,roll following on the LME panel calendar,PROXY,,direction x lots x lot_kg x (F(s) - F(s-1)),,P3
REALISED,T04,DUTY:L1,CUSTOMS_DUTY,CUSTOMS_DUTY,PNL,INR,2022-04-06,2022-06-07,2022-06-07,2022-06-07,-3411227.16,1.0,n/a (INR flow),-3411227.16,,roll following on the LME panel calendar,DIRECT,,-assessable_inr x bcd_scrap_hs7602 x (1 + sws_rate_on_bcd),,P3
REALISED,T04,IGST:L1,IGST_IMPORT,IGST_IMPORT,BS,INR,2022-04-06,2022-06-07,2022-06-07,2022-06-07,-22942053.24,1.0,n/a (INR flow),-22942053.24,,roll following on the LME panel calendar,DIRECT,,-(assessable + duty) x igst_rate_hs7602,,P3
REALISED,T04,DUTY:L2,CUSTOMS_DUTY,CUSTOMS_DUTY,PNL,INR,2022-04-06,2022-06-14,2022-06-14,2022-06-14,-3411227.16,1.0,n/a (INR flow),-3411227.16,,roll following on the LME panel calendar,DIRECT,,-assessable_inr x bcd_scrap_hs7602 x (1 + sws_rate_on_bcd),,P3
REALISED,T04,IGST:L2,IGST_IMPORT,IGST_IMPORT,BS,INR,2022-04-06,2022-06-14,2022-06-14,2022-06-14,-22942053.24,1.0,n/a (INR flow),-22942053.24,,roll following on the LME panel calendar,DIRECT,,-(assessable + duty) x igst_rate_hs7602,,P3
REALISED,T04,SALE:S1,SALE_ADVANCE,SALE_ADVANCE,PNL,INR,2022-05-24,2022-06-14,2022-07-25,2022-06-14,184747500.0,1.0,n/a (INR flow),184747500.0,,roll following on the LME panel calendar,SIM,,+advance_frac x q_plan x P_sale,,P3
REALISED,T04,PORT:L1,PORT_CHARGES,PORT_CHARGES,PNL,INR,2022-04-06,,2022-06-16,2022-06-16,-1669500.0,1.0,n/a (INR flow),-1669500.0,,roll following on the LME panel calendar,ASSUMPTION,,-port_cf_charges_inr_t x base_payload x cleared boxes,,P3
REALISED,T04,PORT:L2,PORT_CHARGES,PORT_CHARGES,PNL,INR,2022-04-06,,2022-06-23,2022-06-23,-1669500.0,1.0,n/a (INR flow),-1669500.0,,roll following on the LME panel calendar,ASSUMPTION,,-port_cf_charges_inr_t x base_payload x cleared boxes,,P3
REALISED,T04,IGST:L1,IGST_CREDIT,IGST_CREDIT,BS,INR,2022-04-06,2022-06-07,2022-07-22,2022-07-22,22942053.24,1.0,n/a (INR flow),22942053.24,,roll following on the LME panel calendar,DIRECT,,+(assessable + duty) x igst_rate at igst_credit_lag_days,,P3
REALISED,T04,SALE:S1,SALE_BALANCE,SALE_BALANCE,PNL,INR,2022-05-24,2022-06-14,2022-07-25,2022-07-25,61582500.0,1.0,n/a (INR flow),61582500.0,,roll following on the LME panel calendar,SIM,,+q_acc x P_sale x (1 - disc passthrough) - advance,,P3
REALISED,T04,IGST:L2,IGST_CREDIT,IGST_CREDIT,BS,INR,2022-04-06,2022-06-14,2022-07-29,2022-07-29,22942053.24,1.0,n/a (INR flow),22942053.24,,roll following on the LME panel calendar,DIRECT,,+(assessable + duty) x igst_rate at igst_credit_lag_days,,P3
REALISED,T05,MCX:T05-MCX-1,MCX_INITIAL_MARGIN,MCX_INITIAL_MARGIN,BS,INR,2022-04-21,2022-04-21,2022-04-21,2022-04-21,-14188038.03,1.0,n/a (INR flow),-14188038.03,,roll following on the LME panel calendar,PROXY,,-d(lots x lot_kg x F(s) x mcx_al_margin_used_frac),,P3
REALISED,T05,MCX:T05-MCX-1,MCX_SLIPPAGE,MCX_SLIPPAGE,PNL,INR,2022-04-21,,2022-04-21,2022-04-21,-52500.0,1.0,n/a (INR flow),-52500.0,,roll following on the LME panel calendar,ASSUMPTION,,-lots x lot_kg x mcx_slippage_ticks x tick,,P3
REALISED,T05,MCX:T05-MCX-1,MCX_TRANSACTION_COST,MCX_TRANSACTION_COST,PNL,INR,2022-04-21,2022-04-21,2022-04-21,2022-04-21,-42548.36,1.0,n/a (INR flow),-42548.36,,roll following on the LME panel calendar,ASSUMPTION,,-lots x lot_kg x fill x mcx_txn_cost_frac,,P3
REALISED,T05,MCX:T05-MCX-1,MCX_VARIATION_MARGIN,MCX_VARIATION_MARGIN,PNL,INR,2022-04-21,2022-04-21,2022-04-21,2022-04-21,-0.0,1.0,n/a (INR flow),-0.0,,roll following on the LME panel calendar,PROXY,,direction x lots x lot_kg x (F(entry) - entry settle) = 0 by construction,,P3
REALISED,T05,MCX:T05-MCX-1,MCX_INITIAL_MARGIN,MCX_INITIAL_MARGIN,BS,INR,2022-04-21,2022-04-22,2022-04-22,2022-04-22,34832.79,1.0,n/a (INR flow),34832.79,,roll following on the LME panel calendar,PROXY,,-d(lots x lot_kg x F(s) x mcx_al_margin_used_frac),,P3
REALISED,T05,MCX:T05-MCX-1,MCX_VARIATION_MARGIN,MCX_VARIATION_MARGIN,PNL,INR,2022-04-21,2022-04-22,2022-04-22,2022-04-22,348327.91,1.0,n/a (INR flow),348327.91,,roll following on the LME panel calendar,PROXY,,direction x lots x lot_kg x (F(s) - F(s-1)),,P3
REALISED,T05,MCX:T05-MCX-1,MCX_INITIAL_MARGIN,MCX_INITIAL_MARGIN,BS,INR,2022-04-21,2022-04-25,2022-04-25,2022-04-25,648415.39,1.0,n/a (INR flow),648415.39,,roll following on the LME panel calendar,PROXY,,-d(lots x lot_kg x F(s) x mcx_al_margin_used_frac),,P3
REALISED,T05,MCX:T05-MCX-1,MCX_VARIATION_MARGIN,MCX_VARIATION_MARGIN,PNL,INR,2022-04-21,2022-04-25,2022-04-25,2022-04-25,6484153.94,1.0,n/a (INR flow),6484153.94,,roll following on the LME panel calendar,PROXY,,direction x lots x lot_kg x (F(s) - F(s-1)),,P3
REALISED,T05,MCX:T05-MCX-1,MCX_INITIAL_MARGIN,MCX_INITIAL_MARGIN,BS,INR,2022-04-21,2022-04-26,2022-04-26,2022-04-26,-46063.66,1.0,n/a (INR flow),-46063.66,,roll following on the LME panel calendar,PROXY,,-d(lots x lot_kg x F(s) x mcx_al_margin_used_frac),,P3
REALISED,T05,MCX:T05-MCX-1,MCX_VARIATION_MARGIN,MCX_VARIATION_MARGIN,PNL,INR,2022-04-21,2022-04-26,2022-04-26,2022-04-26,-460636.61,1.0,n/a (INR flow),-460636.61,,roll following on the LME panel calendar,PROXY,,direction x lots x lot_kg x (F(s) - F(s-1)),,P3
REALISED,T05,MCX:T05-MCX-1,MCX_INITIAL_MARGIN,MCX_INITIAL_MARGIN,BS,INR,2022-04-21,2022-04-27,2022-04-27,2022-04-27,5562.42,1.0,n/a (INR flow),5562.42,,roll following on the LME panel calendar,PROXY,,-d(lots x lot_kg x F(s) x mcx_al_margin_used_frac),,P3
REALISED,T05,MCX:T05-MCX-1,MCX_VARIATION_MARGIN,MCX_VARIATION_MARGIN,PNL,INR,2022-04-21,2022-04-27,2022-04-27,2022-04-27,55624.21,1.0,n/a (INR flow),55624.21,,roll following on the LME panel calendar,PROXY,,direction x lots x lot_kg x (F(s) - F(s-1)),,P3
REALISED,T05,LC_FEES,LC_CONFIRMATION_FEE,LC_CONFIRMATION_FEE,PNL,USD,2022-04-21,2022-04-28,2022-04-28,2022-04-28,-7600.58,76.6495,spot at settlement,-582580.67,,roll following on the LME panel calendar,PROXY,,-lc_confirmation_fee_pa x lc_value_usd x (validity + usance)/360,,P3
REALISED,T05,LC_FEES,LC_OPENING_FEE,LC_OPENING_FEE,PNL,USD,2022-04-21,2022-04-28,2022-04-28,2022-04-28,-7959.88,76.6495,spot at settlement,-610120.85,,roll following on the LME panel calendar,DIRECT,,-lc_opening_fee_frac_per_month x ceil(validity/30) x lc_value_usd,,P3
REALISED,T05,MCX:T05-MCX-1,MCX_INITIAL_MARGIN,MCX_INITIAL_MARGIN,BS,INR,2022-04-21,2022-04-28,2022-04-28,2022-04-28,144313.74,1.0,n/a (INR flow),144313.74,,roll following on the LME panel calendar,PROXY,,-d(lots x lot_kg x F(s) x mcx_al_margin_used_frac),,P3
REALISED,T05,MCX:T05-MCX-1,MCX_VARIATION_MARGIN,MCX_VARIATION_MARGIN,PNL,INR,2022-04-21,2022-04-28,2022-04-28,2022-04-28,1443137.36,1.0,n/a (INR flow),1443137.36,,roll following on the LME panel calendar,PROXY,,direction x lots x lot_kg x (F(s) - F(s-1)),,P3
REALISED,T05,MCX:T05-MCX-1,MCX_INITIAL_MARGIN,MCX_INITIAL_MARGIN,BS,INR,2022-04-21,2022-04-29,2022-04-29,2022-04-29,142034.95,1.0,n/a (INR flow),142034.95,,roll following on the LME panel calendar,PROXY,,-d(lots x lot_kg x F(s) x mcx_al_margin_used_frac),,P3
REALISED,T05,MCX:T05-MCX-1,MCX_VARIATION_MARGIN,MCX_VARIATION_MARGIN,PNL,INR,2022-04-21,2022-04-29,2022-04-29,2022-04-29,1420349.52,1.0,n/a (INR flow),1420349.52,,roll following on the LME panel calendar,PROXY,,direction x lots x lot_kg x (F(s) - F(s-1)),,P3
REALISED,T05,MCX:T05-MCX-1,MCX_INITIAL_MARGIN,MCX_INITIAL_MARGIN,BS,INR,2022-04-21,2022-05-03,2022-05-03,2022-05-03,544916.54,1.0,n/a (INR flow),544916.54,,roll following on the LME panel calendar,PROXY,,-d(lots x lot_kg x F(s) x mcx_al_margin_used_frac),,P3
REALISED,T05,MCX:T05-MCX-1,MCX_VARIATION_MARGIN,MCX_VARIATION_MARGIN,PNL,INR,2022-04-21,2022-05-03,2022-05-03,2022-05-03,5449165.35,1.0,n/a (INR flow),5449165.35,,roll following on the LME panel calendar,PROXY,,direction x lots x lot_kg x (F(s) - F(s-1)),,P3
REALISED,T05,MCX:T05-MCX-1,MCX_INITIAL_MARGIN,MCX_INITIAL_MARGIN,BS,INR,2022-04-21,2022-05-04,2022-05-04,2022-05-04,-39489.77,1.0,n/a (INR flow),-39489.77,,roll following on the LME panel calendar,PROXY,,-d(lots x lot_kg x F(s) x mcx_al_margin_used_frac),,P3
REALISED,T05,MCX:T05-MCX-1,MCX_VARIATION_MARGIN,MCX_VARIATION_MARGIN,PNL,INR,2022-04-21,2022-05-04,2022-05-04,2022-05-04,-394897.7,1.0,n/a (INR flow),-394897.7,,roll following on the LME panel calendar,PROXY,,direction x lots x lot_kg x (F(s) - F(s-1)),,P3
REALISED,T05,MCX:T05-MCX-1,MCX_INITIAL_MARGIN,MCX_INITIAL_MARGIN,BS,INR,2022-04-21,2022-05-05,2022-05-05,2022-05-05,64504.58,1.0,n/a (INR flow),64504.58,,roll following on the LME panel calendar,PROXY,,-d(lots x lot_kg x F(s) x mcx_al_margin_used_frac),,P3
REALISED,T05,MCX:T05-MCX-1,MCX_VARIATION_MARGIN,MCX_VARIATION_MARGIN,PNL,INR,2022-04-21,2022-05-05,2022-05-05,2022-05-05,645045.78,1.0,n/a (INR flow),645045.78,,roll following on the LME panel calendar,PROXY,,direction x lots x lot_kg x (F(s) - F(s-1)),,P3
REALISED,T05,MCX:T05-MCX-1,MCX_INITIAL_MARGIN,MCX_INITIAL_MARGIN,BS,INR,2022-04-21,2022-05-06,2022-05-06,2022-05-06,267685.17,1.0,n/a (INR flow),267685.17,,roll following on the LME panel calendar,PROXY,,-d(lots x lot_kg x F(s) x mcx_al_margin_used_frac),,P3
REALISED,T05,MCX:T05-MCX-1,MCX_VARIATION_MARGIN,MCX_VARIATION_MARGIN,PNL,INR,2022-04-21,2022-05-06,2022-05-06,2022-05-06,2676851.69,1.0,n/a (INR flow),2676851.69,,roll following on the LME panel calendar,PROXY,,direction x lots x lot_kg x (F(s) - F(s-1)),,P3
REALISED,T05,MCX:T05-MCX-1,MCX_INITIAL_MARGIN,MCX_INITIAL_MARGIN,BS,INR,2022-04-21,2022-05-09,2022-05-09,2022-05-09,473374.3,1.0,n/a (INR flow),473374.3,,roll following on the LME panel calendar,PROXY,,-d(lots x lot_kg x F(s) x mcx_al_margin_used_frac),,P3
REALISED,T05,MCX:T05-MCX-1,MCX_VARIATION_MARGIN,MCX_VARIATION_MARGIN,PNL,INR,2022-04-21,2022-05-09,2022-05-09,2022-05-09,4733743.02,1.0,n/a (INR flow),4733743.02,,roll following on the LME panel calendar,PROXY,,direction x lots x lot_kg x (F(s) - F(s-1)),,P3
REALISED,T05,INSURANCE:L1,INSURANCE,INSURANCE,PNL,USD,2022-04-21,2022-05-10,2022-05-10,2022-05-10,-2170.54,77.2622,spot at settlement,-167700.57,,roll following on the LME panel calendar,ASSUMPTION,,-insurance_rate x insured_value_uplift x cfr_value_usd,,P3
REALISED,T05,MCX:T05-MCX-1,MCX_INITIAL_MARGIN,MCX_INITIAL_MARGIN,BS,INR,2022-04-21,2022-05-10,2022-05-10,2022-05-10,161475.15,1.0,n/a (INR flow),161475.15,,roll following on the LME panel calendar,PROXY,,-d(lots x lot_kg x F(s) x mcx_al_margin_used_frac),,P3
REALISED,T05,MCX:T05-MCX-1,MCX_VARIATION_MARGIN,MCX_VARIATION_MARGIN,PNL,INR,2022-04-21,2022-05-10,2022-05-10,2022-05-10,1614751.53,1.0,n/a (INR flow),1614751.53,,roll following on the LME panel calendar,PROXY,,direction x lots x lot_kg x (F(s) - F(s-1)),,P3
REALISED,T05,MCX:T05-MCX-1,MCX_INITIAL_MARGIN,MCX_INITIAL_MARGIN,BS,INR,2022-04-21,2022-05-11,2022-05-11,2022-05-11,-256515.58,1.0,n/a (INR flow),-256515.58,,roll following on the LME panel calendar,PROXY,,-d(lots x lot_kg x F(s) x mcx_al_margin_used_frac),,P3
REALISED,T05,MCX:T05-MCX-1,MCX_VARIATION_MARGIN,MCX_VARIATION_MARGIN,PNL,INR,2022-04-21,2022-05-11,2022-05-11,2022-05-11,-2565155.77,1.0,n/a (INR flow),-2565155.77,,roll following on the LME panel calendar,PROXY,,direction x lots x lot_kg x (F(s) - F(s-1)),,P3
REALISED,T05,MCX:T05-MCX-1,MCX_INITIAL_MARGIN,MCX_INITIAL_MARGIN,BS,INR,2022-04-21,2022-05-12,2022-05-12,2022-05-12,173994.34,1.0,n/a (INR flow),173994.34,,roll following on the LME panel calendar,PROXY,,-d(lots x lot_kg x F(s) x mcx_al_margin_used_frac),,P3
REALISED,T05,MCX:T05-MCX-1,MCX_VARIATION_MARGIN,MCX_VARIATION_MARGIN,PNL,INR,2022-04-21,2022-05-12,2022-05-12,2022-05-12,1739943.41,1.0,n/a (INR flow),1739943.41,,roll following on the LME panel calendar,PROXY,,direction x lots x lot_kg x (F(s) - F(s-1)),,P3
REALISED,T05,MCX:T05-MCX-1,MCX_INITIAL_MARGIN,MCX_INITIAL_MARGIN,BS,INR,2022-04-21,2022-05-13,2022-05-13,2022-05-13,-144441.82,1.0,n/a (INR flow),-144441.82,,roll following on the LME panel calendar,PROXY,,-d(lots x lot_kg x F(s) x mcx_al_margin_used_frac),,P3
REALISED,T05,MCX:T05-MCX-1,MCX_VARIATION_MARGIN,MCX_VARIATION_MARGIN,PNL,INR,2022-04-21,2022-05-13,2022-05-13,2022-05-13,-1444418.24,1.0,n/a (INR flow),-1444418.24,,roll following on the LME panel calendar,PROXY,,direction x lots x lot_kg x (F(s) - F(s-1)),,P3
REALISED,T05,MCX:T05-MCX-1,MCX_INITIAL_MARGIN,MCX_INITIAL_MARGIN,BS,INR,2022-04-21,2022-05-16,2022-05-16,2022-05-16,-350562.4,1.0,n/a (INR flow),-350562.4,,roll following on the LME panel calendar,PROXY,,-d(lots x lot_kg x F(s) x mcx_al_margin_used_frac),,P3
REALISED,T05,MCX:T05-MCX-1,MCX_VARIATION_MARGIN,MCX_VARIATION_MARGIN,PNL,INR,2022-04-21,2022-05-16,2022-05-16,2022-05-16,-3505623.99,1.0,n/a (INR flow),-3505623.99,,roll following on the LME panel calendar,PROXY,,direction x lots x lot_kg x (F(s) - F(s-1)),,P3
REALISED,T05,LC_USANCE_FEE:L1,LC_USANCE_FEE,LC_USANCE_FEE,PNL,USD,2022-04-21,2022-05-17,2022-05-17,2022-05-17,-2624.38,77.4609,spot at settlement,-203286.7,,roll following on the LME panel calendar,DIRECT,,-lc_usance_fee_frac_per_month x ceil(usance/30) x bill_usd,,P3
REALISED,T05,MCX:T05-MCX-1,MCX_INITIAL_MARGIN,MCX_INITIAL_MARGIN,BS,INR,2022-04-21,2022-05-17,2022-05-17,2022-05-17,-143307.47,1.0,n/a (INR flow),-143307.47,,roll following on the LME panel calendar,PROXY,,-d(lots x lot_kg x F(s) x mcx_al_margin_used_frac),,P3
REALISED,T05,MCX:T05-MCX-1,MCX_VARIATION_MARGIN,MCX_VARIATION_MARGIN,PNL,INR,2022-04-21,2022-05-17,2022-05-17,2022-05-17,-1433074.71,1.0,n/a (INR flow),-1433074.71,,roll following on the LME panel calendar,PROXY,,direction x lots x lot_kg x (F(s) - F(s-1)),,P3
REALISED,T05,INSURANCE:L2,INSURANCE,INSURANCE,PNL,USD,2022-04-21,2022-05-18,2022-05-18,2022-05-18,-2306.75,77.5877,spot at settlement,-178975.77,,roll following on the LME panel calendar,ASSUMPTION,,-insurance_rate x insured_value_uplift x cfr_value_usd,,P3
REALISED,T05,MCX:T05-MCX-1,MCX_INITIAL_MARGIN,MCX_INITIAL_MARGIN,BS,INR,2022-04-21,2022-05-18,2022-05-18,2022-05-18,-58603.48,1.0,n/a (INR flow),-58603.48,,roll following on the LME panel calendar,PROXY,,-d(lots x lot_kg x F(s) x mcx_al_margin_used_frac),,P3
REALISED,T05,MCX:T05-MCX-1,MCX_VARIATION_MARGIN,MCX_VARIATION_MARGIN,PNL,INR,2022-04-21,2022-05-18,2022-05-18,2022-05-18,-586034.77,1.0,n/a (INR flow),-586034.77,,roll following on the LME panel calendar,PROXY,,direction x lots x lot_kg x (F(s) - F(s-1)),,P3
REALISED,T05,MCX:T05-MCX-1,MCX_INITIAL_MARGIN,MCX_INITIAL_MARGIN,BS,INR,2022-04-21,2022-05-19,2022-05-19,2022-05-19,77831.3,1.0,n/a (INR flow),77831.3,,roll following on the LME panel calendar,PROXY,,-d(lots x lot_kg x F(s) x mcx_al_margin_used_frac),,P3
REALISED,T05,MCX:T05-MCX-1,MCX_VARIATION_MARGIN,MCX_VARIATION_MARGIN,PNL,INR,2022-04-21,2022-05-19,2022-05-19,2022-05-19,778312.96,1.0,n/a (INR flow),778312.96,,roll following on the LME panel calendar,PROXY,,direction x lots x lot_kg x (F(s) - F(s-1)),,P3
REALISED,T05,MCX:T05-MCX-1,MCX_INITIAL_MARGIN,MCX_INITIAL_MARGIN,BS,INR,2022-04-21,2022-05-20,2022-05-20,2022-05-20,12488081.54,1.0,n/a (INR flow),12488081.54,,roll following on the LME panel calendar,PROXY,,-d(lots x lot_kg x F(s) x mcx_al_margin_used_frac),,P3
REALISED,T05,MCX:T05-MCX-1,MCX_SLIPPAGE,MCX_SLIPPAGE,PNL,INR,2022-05-20,,2022-05-20,2022-05-20,-52500.0,1.0,n/a (INR flow),-52500.0,,roll following on the LME panel calendar,ASSUMPTION,,-lots x lot_kg x mcx_slippage_ticks x tick,,P3
REALISED,T05,MCX:T05-MCX-1,MCX_TRANSACTION_COST,MCX_TRANSACTION_COST,PNL,INR,2022-05-20,2022-05-20,2022-05-20,2022-05-20,-38888.97,1.0,n/a (INR flow),-38888.97,,roll following on the LME panel calendar,ASSUMPTION,,-lots x lot_kg x fill x mcx_txn_cost_frac,,P3
REALISED,T05,MCX:T05-MCX-1,MCX_VARIATION_MARGIN,MCX_VARIATION_MARGIN,PNL,INR,2022-04-21,2022-05-20,2022-05-20,2022-05-20,-4696568.17,1.0,n/a (INR flow),-4696568.17,,roll following on the LME panel calendar,PROXY,,direction x lots x lot_kg x (F(s) - F(s-1)),,P3
REALISED,T05,MCX:T05-MCX-2,MCX_INITIAL_MARGIN,MCX_INITIAL_MARGIN,BS,INR,2022-05-20,2022-05-20,2022-05-20,2022-05-20,-13008087.74,1.0,n/a (INR flow),-13008087.74,,roll following on the LME panel calendar,PROXY,,-d(lots x lot_kg x F(s) x mcx_al_margin_used_frac),,P3
REALISED,T05,MCX:T05-MCX-2,MCX_SLIPPAGE,MCX_SLIPPAGE,PNL,INR,2022-05-20,,2022-05-20,2022-05-20,-52500.0,1.0,n/a (INR flow),-52500.0,,roll following on the LME panel calendar,ASSUMPTION,,-lots x lot_kg x mcx_slippage_ticks x tick,,P3
REALISED,T05,MCX:T05-MCX-2,MCX_TRANSACTION_COST,MCX_TRANSACTION_COST,PNL,INR,2022-05-20,2022-05-20,2022-05-20,2022-05-20,-39008.51,1.0,n/a (INR flow),-39008.51,,roll following on the LME panel calendar,ASSUMPTION,,-lots x lot_kg x fill x mcx_txn_cost_frac,,P3
REALISED,T05,MCX:T05-MCX-2,MCX_VARIATION_MARGIN,MCX_VARIATION_MARGIN,PNL,INR,2022-05-20,2022-05-20,2022-05-20,2022-05-20,-0.0,1.0,n/a (INR flow),-0.0,,roll following on the LME panel calendar,PROXY,,direction x lots x lot_kg x (F(entry) - entry settle) = 0 by construction,,P3
REALISED,T05,MCX:T05-MCX-2,MCX_INITIAL_MARGIN,MCX_INITIAL_MARGIN,BS,INR,2022-05-20,2022-05-23,2022-05-23,2022-05-23,-118010.57,1.0,n/a (INR flow),-118010.57,,roll following on the LME panel calendar,PROXY,,-d(lots x lot_kg x F(s) x mcx_al_margin_used_frac),,P3
REALISED,T05,MCX:T05-MCX-2,MCX_VARIATION_MARGIN,MCX_VARIATION_MARGIN,PNL,INR,2022-05-20,2022-05-23,2022-05-23,2022-05-23,-1180105.68,1.0,n/a (INR flow),-1180105.68,,roll following on the LME panel calendar,PROXY,,direction x lots x lot_kg x (F(s) - F(s-1)),,P3
REALISED,T05,MCX:T05-MCX-2,MCX_INITIAL_MARGIN,MCX_INITIAL_MARGIN,BS,INR,2022-05-20,2022-05-24,2022-05-24,2022-05-24,359955.59,1.0,n/a (INR flow),359955.59,,roll following on the LME panel calendar,PROXY,,-d(lots x lot_kg x F(s) x mcx_al_margin_used_frac),,P3
REALISED,T05,MCX:T05-MCX-2,MCX_VARIATION_MARGIN,MCX_VARIATION_MARGIN,PNL,INR,2022-05-20,2022-05-24,2022-05-24,2022-05-24,3599555.89,1.0,n/a (INR flow),3599555.89,,roll following on the LME panel calendar,PROXY,,direction x lots x lot_kg x (F(s) - F(s-1)),,P3
REALISED,T05,LC_USANCE_FEE:L2,LC_USANCE_FEE,LC_USANCE_FEE,PNL,USD,2022-04-21,2022-05-25,2022-05-25,2022-05-25,-2789.08,77.5775,spot at settlement,-216369.53,,roll following on the LME panel calendar,DIRECT,,-lc_usance_fee_frac_per_month x ceil(usance/30) x bill_usd,,P3
REALISED,T05,MCX:T05-MCX-2,MCX_INITIAL_MARGIN,MCX_INITIAL_MARGIN,BS,INR,2022-05-20,2022-05-25,2022-05-25,2022-05-25,233118.43,1.0,n/a (INR flow),233118.43,,roll following on the LME panel calendar,PROXY,,-d(lots x lot_kg x F(s) x mcx_al_margin_used_frac),,P3
REALISED,T05,MCX:T05-MCX-2,MCX_VARIATION_MARGIN,MCX_VARIATION_MARGIN,PNL,INR,2022-05-20,2022-05-25,2022-05-25,2022-05-25,2331184.26,1.0,n/a (INR flow),2331184.26,,roll following on the LME panel calendar,PROXY,,direction x lots x lot_kg x (F(s) - F(s-1)),,P3
REALISED,T05,MCX:T05-MCX-2,MCX_INITIAL_MARGIN,MCX_INITIAL_MARGIN,BS,INR,2022-05-20,2022-05-26,2022-05-26,2022-05-26,16042.79,1.0,n/a (INR flow),16042.79,,roll following on the LME panel calendar,PROXY,,-d(lots x lot_kg x F(s) x mcx_al_margin_used_frac),,P3
REALISED,T05,MCX:T05-MCX-2,MCX_VARIATION_MARGIN,MCX_VARIATION_MARGIN,PNL,INR,2022-05-20,2022-05-26,2022-05-26,2022-05-26,160427.93,1.0,n/a (INR flow),160427.93,,roll following on the LME panel calendar,PROXY,,direction x lots x lot_kg x (F(s) - F(s-1)),,P3
REALISED,T05,MCX:T05-MCX-2,MCX_INITIAL_MARGIN,MCX_INITIAL_MARGIN,BS,INR,2022-05-20,2022-05-27,2022-05-27,2022-05-27,14043.38,1.0,n/a (INR flow),14043.38,,roll following on the LME panel calendar,PROXY,,-d(lots x lot_kg x F(s) x mcx_al_margin_used_frac),,P3
REALISED,T05,MCX:T05-MCX-2,MCX_VARIATION_MARGIN,MCX_VARIATION_MARGIN,PNL,INR,2022-05-20,2022-05-27,2022-05-27,2022-05-27,140433.8,1.0,n/a (INR flow),140433.8,,roll following on the LME panel calendar,PROXY,,direction x lots x lot_kg x (F(s) - F(s-1)),,P3
REALISED,T05,MCX:T05-MCX-2,MCX_INITIAL_MARGIN,MCX_INITIAL_MARGIN,BS,INR,2022-05-20,2022-05-30,2022-05-30,2022-05-30,-165825.62,1.0,n/a (INR flow),-165825.62,,roll following on the LME panel calendar,PROXY,,-d(lots x lot_kg x F(s) x mcx_al_margin_used_frac),,P3
REALISED,T05,MCX:T05-MCX-2,MCX_VARIATION_MARGIN,MCX_VARIATION_MARGIN,PNL,INR,2022-05-20,2022-05-30,2022-05-30,2022-05-30,-1658256.21,1.0,n/a (INR flow),-1658256.21,,roll following on the LME panel calendar,PROXY,,direction x lots x lot_kg x (F(s) - F(s-1)),,P3
REALISED,T05,MCX:T05-MCX-2,MCX_INITIAL_MARGIN,MCX_INITIAL_MARGIN,BS,INR,2022-05-20,2022-05-31,2022-05-31,2022-05-31,184651.09,1.0,n/a (INR flow),184651.09,,roll following on the LME panel calendar,PROXY,,-d(lots x lot_kg x F(s) x mcx_al_margin_used_frac),,P3
REALISED,T05,MCX:T05-MCX-2,MCX_VARIATION_MARGIN,MCX_VARIATION_MARGIN,PNL,INR,2022-05-20,2022-05-31,2022-05-31,2022-05-31,1846510.88,1.0,n/a (INR flow),1846510.88,,roll following on the LME panel calendar,PROXY,,direction x lots x lot_kg x (F(s) - F(s-1)),,P3
REALISED,T05,MCX:T05-MCX-2,MCX_INITIAL_MARGIN,MCX_INITIAL_MARGIN,BS,INR,2022-05-20,2022-06-01,2022-06-01,2022-06-01,536947.42,1.0,n/a (INR flow),536947.42,,roll following on the LME panel calendar,PROXY,,-d(lots x lot_kg x F(s) x mcx_al_margin_used_frac),,P3
REALISED,T05,MCX:T05-MCX-2,MCX_VARIATION_MARGIN,MCX_VARIATION_MARGIN,PNL,INR,2022-05-20,2022-06-01,2022-06-01,2022-06-01,5369474.21,1.0,n/a (INR flow),5369474.21,,roll following on the LME panel calendar,PROXY,,direction x lots x lot_kg x (F(s) - F(s-1)),,P3
REALISED,T05,MCX:T05-MCX-2,MCX_INITIAL_MARGIN,MCX_INITIAL_MARGIN,BS,INR,2022-05-20,2022-06-06,2022-06-06,2022-06-06,-183884.8,1.0,n/a (INR flow),-183884.8,,roll following on the LME panel calendar,PROXY,,-d(lots x lot_kg x F(s) x mcx_al_margin_used_frac),,P3
REALISED,T05,MCX:T05-MCX-2,MCX_VARIATION_MARGIN,MCX_VARIATION_MARGIN,PNL,INR,2022-05-20,2022-06-06,2022-06-06,2022-06-06,-1838847.95,1.0,n/a (INR flow),-1838847.95,,roll following on the LME panel calendar,PROXY,,direction x lots x lot_kg x (F(s) - F(s-1)),,P3
REALISED,T05,MCX:T05-MCX-2,MCX_INITIAL_MARGIN,MCX_INITIAL_MARGIN,BS,INR,2022-05-20,2022-06-07,2022-06-07,2022-06-07,102884.91,1.0,n/a (INR flow),102884.91,,roll following on the LME panel calendar,PROXY,,-d(lots x lot_kg x F(s) x mcx_al_margin_used_frac),,P3
REALISED,T05,MCX:T05-MCX-2,MCX_VARIATION_MARGIN,MCX_VARIATION_MARGIN,PNL,INR,2022-05-20,2022-06-07,2022-06-07,2022-06-07,1028849.07,1.0,n/a (INR flow),1028849.07,,roll following on the LME panel calendar,PROXY,,direction x lots x lot_kg x (F(s) - F(s-1)),,P3
REALISED,T05,MCX:T05-MCX-2,MCX_INITIAL_MARGIN,MCX_INITIAL_MARGIN,BS,INR,2022-05-20,2022-06-08,2022-06-08,2022-06-08,-217422.15,1.0,n/a (INR flow),-217422.15,,roll following on the LME panel calendar,PROXY,,-d(lots x lot_kg x F(s) x mcx_al_margin_used_frac),,P3
REALISED,T05,MCX:T05-MCX-2,MCX_VARIATION_MARGIN,MCX_VARIATION_MARGIN,PNL,INR,2022-05-20,2022-06-08,2022-06-08,2022-06-08,-2174221.46,1.0,n/a (INR flow),-2174221.46,,roll following on the LME panel calendar,PROXY,,direction x lots x lot_kg x (F(s) - F(s-1)),,P3
REALISED,T05,MCX:T05-MCX-2,MCX_INITIAL_MARGIN,MCX_INITIAL_MARGIN,BS,INR,2022-05-20,2022-06-09,2022-06-09,2022-06-09,47461.25,1.0,n/a (INR flow),47461.25,,roll following on the LME panel calendar,PROXY,,-d(lots x lot_kg x F(s) x mcx_al_margin_used_frac),,P3
REALISED,T05,MCX:T05-MCX-2,MCX_VARIATION_MARGIN,MCX_VARIATION_MARGIN,PNL,INR,2022-05-20,2022-06-09,2022-06-09,2022-06-09,474612.5,1.0,n/a (INR flow),474612.5,,roll following on the LME panel calendar,PROXY,,direction x lots x lot_kg x (F(s) - F(s-1)),,P3
REALISED,T05,MCX:T05-MCX-2,MCX_INITIAL_MARGIN,MCX_INITIAL_MARGIN,BS,INR,2022-05-20,2022-06-10,2022-06-10,2022-06-10,243088.73,1.0,n/a (INR flow),243088.73,,roll following on the LME panel calendar,PROXY,,-d(lots x lot_kg x F(s) x mcx_al_margin_used_frac),,P3
REALISED,T05,MCX:T05-MCX-2,MCX_VARIATION_MARGIN,MCX_VARIATION_MARGIN,PNL,INR,2022-05-20,2022-06-10,2022-06-10,2022-06-10,2430887.32,1.0,n/a (INR flow),2430887.32,,roll following on the LME panel calendar,PROXY,,direction x lots x lot_kg x (F(s) - F(s-1)),,P3
REALISED,T05,MCX:T05-MCX-2,MCX_INITIAL_MARGIN,MCX_INITIAL_MARGIN,BS,INR,2022-05-20,2022-06-13,2022-06-13,2022-06-13,440680.09,1.0,n/a (INR flow),440680.09,,roll following on the LME panel calendar,PROXY,,-d(lots x lot_kg x F(s) x mcx_al_margin_used_frac),,P3
REALISED,T05,MCX:T05-MCX-2,MCX_VARIATION_MARGIN,MCX_VARIATION_MARGIN,PNL,INR,2022-05-20,2022-06-13,2022-06-13,2022-06-13,4406800.9,1.0,n/a (INR flow),4406800.9,,roll following on the LME panel calendar,PROXY,,direction x lots x lot_kg x (F(s) - F(s-1)),,P3
REALISED,T05,MCX:T05-MCX-2,MCX_INITIAL_MARGIN,MCX_INITIAL_MARGIN,BS,INR,2022-05-20,2022-06-14,2022-06-14,2022-06-14,11603.52,1.0,n/a (INR flow),11603.52,,roll following on the LME panel calendar,PROXY,,-d(lots x lot_kg x F(s) x mcx_al_margin_used_frac),,P3
REALISED,T05,MCX:T05-MCX-2,MCX_VARIATION_MARGIN,MCX_VARIATION_MARGIN,PNL,INR,2022-05-20,2022-06-14,2022-06-14,2022-06-14,116035.22,1.0,n/a (INR flow),116035.22,,roll following on the LME panel calendar,PROXY,,direction x lots x lot_kg x (F(s) - F(s-1)),,P3
REALISED,T05,MCX:T05-MCX-2,MCX_INITIAL_MARGIN,MCX_INITIAL_MARGIN,BS,INR,2022-05-20,2022-06-15,2022-06-15,2022-06-15,20403.47,1.0,n/a (INR flow),20403.47,,roll following on the LME panel calendar,PROXY,,-d(lots x lot_kg x F(s) x mcx_al_margin_used_frac),,P3
REALISED,T05,MCX:T05-MCX-2,MCX_VARIATION_MARGIN,MCX_VARIATION_MARGIN,PNL,INR,2022-05-20,2022-06-15,2022-06-15,2022-06-15,204034.67,1.0,n/a (INR flow),204034.67,,roll following on the LME panel calendar,PROXY,,direction x lots x lot_kg x (F(s) - F(s-1)),,P3
REALISED,T05,MCX:T05-MCX-2,MCX_INITIAL_MARGIN,MCX_INITIAL_MARGIN,BS,INR,2022-05-20,2022-06-16,2022-06-16,2022-06-16,365988.53,1.0,n/a (INR flow),365988.53,,roll following on the LME panel calendar,PROXY,,-d(lots x lot_kg x F(s) x mcx_al_margin_used_frac),,P3
REALISED,T05,MCX:T05-MCX-2,MCX_VARIATION_MARGIN,MCX_VARIATION_MARGIN,PNL,INR,2022-05-20,2022-06-16,2022-06-16,2022-06-16,3659885.3,1.0,n/a (INR flow),3659885.3,,roll following on the LME panel calendar,PROXY,,direction x lots x lot_kg x (F(s) - F(s-1)),,P3
REALISED,T05,MCX:T05-MCX-3,MCX_INITIAL_MARGIN,MCX_INITIAL_MARGIN,BS,INR,2022-06-16,2022-06-16,2022-06-16,2022-06-16,-29658172.08,1.0,n/a (INR flow),-29658172.08,,roll following on the LME panel calendar,PROXY,,-d(lots x lot_kg x F(s) x mcx_al_margin_used_frac),,P3
REALISED,T05,MCX:T05-MCX-3,MCX_SLIPPAGE,MCX_SLIPPAGE,PNL,INR,2022-06-16,,2022-06-16,2022-06-16,-139500.0,1.0,n/a (INR flow),-139500.0,,roll following on the LME panel calendar,ASSUMPTION,,-lots x lot_kg x mcx_slippage_ticks x tick,,P3
REALISED,T05,MCX:T05-MCX-3,MCX_TRANSACTION_COST,MCX_TRANSACTION_COST,PNL,INR,2022-06-16,2022-06-16,2022-06-16,2022-06-16,-88932.67,1.0,n/a (INR flow),-88932.67,,roll following on the LME panel calendar,ASSUMPTION,,-lots x lot_kg x fill x mcx_txn_cost_frac,,P3
REALISED,T05,MCX:T05-MCX-3,MCX_VARIATION_MARGIN,MCX_VARIATION_MARGIN,PNL,INR,2022-06-16,2022-06-16,2022-06-16,2022-06-16,-0.0,1.0,n/a (INR flow),-0.0,,roll following on the LME panel calendar,PROXY,,direction x lots x lot_kg x (F(entry) - entry settle) = 0 by construction,,P3
REALISED,T05,MCX:T05-MCX-2,MCX_INITIAL_MARGIN,MCX_INITIAL_MARGIN,BS,INR,2022-05-20,2022-06-17,2022-06-17,2022-06-17,118665.73,1.0,n/a (INR flow),118665.73,,roll following on the LME panel calendar,PROXY,,-d(lots x lot_kg x F(s) x mcx_al_margin_used_frac),,P3
REALISED,T05,MCX:T05-MCX-2,MCX_VARIATION_MARGIN,MCX_VARIATION_MARGIN,PNL,INR,2022-05-20,2022-06-17,2022-06-17,2022-06-17,1186657.28,1.0,n/a (INR flow),1186657.28,,roll following on the LME panel calendar,PROXY,,direction x lots x lot_kg x (F(s) - F(s-1)),,P3
REALISED,T05,MCX:T05-MCX-3,MCX_INITIAL_MARGIN,MCX_INITIAL_MARGIN,BS,INR,2022-06-16,2022-06-17,2022-06-17,2022-06-17,316580.42,1.0,n/a (INR flow),316580.42,,roll following on the LME panel calendar,PROXY,,-d(lots x lot_kg x F(s) x mcx_al_margin_used_frac),,P3
REALISED,T05,MCX:T05-MCX-3,MCX_VARIATION_MARGIN,MCX_VARIATION_MARGIN,PNL,INR,2022-06-16,2022-06-17,2022-06-17,2022-06-17,3165804.15,1.0,n/a (INR flow),3165804.15,,roll following on the LME panel calendar,PROXY,,direction x lots x lot_kg x (F(s) - F(s-1)),,P3
REALISED,T05,DUTY:L1,CUSTOMS_DUTY,CUSTOMS_DUTY,PNL,INR,2022-04-21,2022-06-20,2022-06-20,2022-06-20,-4288812.62,1.0,n/a (INR flow),-4288812.62,,roll following on the LME panel calendar,DIRECT,,-assessable_inr x bcd_scrap_hs7602 x (1 + sws_rate_on_bcd),,P3
REALISED,T05,IGST:L1,IGST_IMPORT,IGST_IMPORT,BS,INR,2022-04-21,2022-06-20,2022-06-20,2022-06-20,-28844214.32,1.0,n/a (INR flow),-28844214.32,,roll following on the LME panel calendar,DIRECT,,-(assessable + duty) x igst_rate_hs7602,,P3
REALISED,T05,MCX:T05-MCX-2,MCX_INITIAL_MARGIN,MCX_INITIAL_MARGIN,BS,INR,2022-05-20,2022-06-20,2022-06-20,2022-06-20,73820.77,1.0,n/a (INR flow),73820.77,,roll following on the LME panel calendar,PROXY,,-d(lots x lot_kg x F(s) x mcx_al_margin_used_frac),,P3
REALISED,T05,MCX:T05-MCX-2,MCX_VARIATION_MARGIN,MCX_VARIATION_MARGIN,PNL,INR,2022-05-20,2022-06-20,2022-06-20,2022-06-20,738207.74,1.0,n/a (INR flow),738207.74,,roll following on the LME panel calendar,PROXY,,direction x lots x lot_kg x (F(s) - F(s-1)),,P3
REALISED,T05,MCX:T05-MCX-3,MCX_INITIAL_MARGIN,MCX_INITIAL_MARGIN,BS,INR,2022-06-16,2022-06-20,2022-06-20,2022-06-20,196902.14,1.0,n/a (INR flow),196902.14,,roll following on the LME panel calendar,PROXY,,-d(lots x lot_kg x F(s) x mcx_al_margin_used_frac),,P3
REALISED,T05,MCX:T05-MCX-3,MCX_VARIATION_MARGIN,MCX_VARIATION_MARGIN,PNL,INR,2022-06-16,2022-06-20,2022-06-20,2022-06-20,1969021.37,1.0,n/a (INR flow),1969021.37,,roll following on the LME panel calendar,PROXY,,direction x lots x lot_kg x (F(s) - F(s-1)),,P3
REALISED,T05,MCX:T05-MCX-2,MCX_INITIAL_MARGIN,MCX_INITIAL_MARGIN,BS,INR,2022-05-20,2022-06-21,2022-06-21,2022-06-21,10923875.18,1.0,n/a (INR flow),10923875.18,,roll following on the LME panel calendar,PROXY,,-d(lots x lot_kg x F(s) x mcx_al_margin_used_frac),,P3
REALISED,T05,MCX:T05-MCX-2,MCX_SLIPPAGE,MCX_SLIPPAGE,PNL,INR,2022-06-21,,2022-06-21,2022-06-21,-52500.0,1.0,n/a (INR flow),-52500.0,,roll following on the LME panel calendar,ASSUMPTION,,-lots x lot_kg x mcx_slippage_ticks x tick,,P3
REALISED,T05,MCX:T05-MCX-2,MCX_TRANSACTION_COST,MCX_TRANSACTION_COST,PNL,INR,2022-06-21,2022-06-21,2022-06-21,2022-06-21,-33618.06,1.0,n/a (INR flow),-33618.06,,roll following on the LME panel calendar,ASSUMPTION,,-lots x lot_kg x fill x mcx_txn_cost_frac,,P3
REALISED,T05,MCX:T05-MCX-2,MCX_VARIATION_MARGIN,MCX_VARIATION_MARGIN,PNL,INR,2022-05-20,2022-06-21,2022-06-21,2022-06-21,-2768950.35,1.0,n/a (INR flow),-2768950.35,,roll following on the LME panel calendar,PROXY,,direction x lots x lot_kg x (F(s) - F(s-1)),,P3
REALISED,T05,MCX:T05-MCX-3,MCX_INITIAL_MARGIN,MCX_INITIAL_MARGIN,BS,INR,2022-06-16,2022-06-21,2022-06-21,2022-06-21,-738767.72,1.0,n/a (INR flow),-738767.72,,roll following on the LME panel calendar,PROXY,,-d(lots x lot_kg x F(s) x mcx_al_margin_used_frac),,P3
REALISED,T05,MCX:T05-MCX-3,MCX_VARIATION_MARGIN,MCX_VARIATION_MARGIN,PNL,INR,2022-06-16,2022-06-21,2022-06-21,2022-06-21,-7387677.21,1.0,n/a (INR flow),-7387677.21,,roll following on the LME panel calendar,PROXY,,direction x lots x lot_kg x (F(s) - F(s-1)),,P3
REALISED,T05,MCX:T05-MCX-4,MCX_INITIAL_MARGIN,MCX_INITIAL_MARGIN,BS,INR,2022-06-21,2022-06-21,2022-06-21,2022-06-21,-11246462.41,1.0,n/a (INR flow),-11246462.41,,roll following on the LME panel calendar,PROXY,,-d(lots x lot_kg x F(s) x mcx_al_margin_used_frac),,P3
REALISED,T05,MCX:T05-MCX-4,MCX_SLIPPAGE,MCX_SLIPPAGE,PNL,INR,2022-06-21,,2022-06-21,2022-06-21,-52500.0,1.0,n/a (INR flow),-52500.0,,roll following on the LME panel calendar,ASSUMPTION,,-lots x lot_kg x mcx_slippage_ticks x tick,,P3
REALISED,T05,MCX:T05-MCX-4,MCX_TRANSACTION_COST,MCX_TRANSACTION_COST,PNL,INR,2022-06-21,2022-06-21,2022-06-21,2022-06-21,-33723.64,1.0,n/a (INR flow),-33723.64,,roll following on the LME panel calendar,ASSUMPTION,,-lots x lot_kg x fill x mcx_txn_cost_frac,,P3
REALISED,T05,MCX:T05-MCX-4,MCX_VARIATION_MARGIN,MCX_VARIATION_MARGIN,PNL,INR,2022-06-21,2022-06-21,2022-06-21,2022-06-21,-0.0,1.0,n/a (INR flow),-0.0,,roll following on the LME panel calendar,PROXY,,direction x lots x lot_kg x (F(entry) - entry settle) = 0 by construction,,P3
REALISED,T05,MCX:T05-MCX-3,MCX_INITIAL_MARGIN,MCX_INITIAL_MARGIN,BS,INR,2022-06-16,2022-06-22,2022-06-22,2022-06-22,688405.28,1.0,n/a (INR flow),688405.28,,roll following on the LME panel calendar,PROXY,,-d(lots x lot_kg x F(s) x mcx_al_margin_used_frac),,P3
REALISED,T05,MCX:T05-MCX-3,MCX_VARIATION_MARGIN,MCX_VARIATION_MARGIN,PNL,INR,2022-06-16,2022-06-22,2022-06-22,2022-06-22,6884052.77,1.0,n/a (INR flow),6884052.77,,roll following on the LME panel calendar,PROXY,,direction x lots x lot_kg x (F(s) - F(s-1)),,P3
REALISED,T05,MCX:T05-MCX-4,MCX_INITIAL_MARGIN,MCX_INITIAL_MARGIN,BS,INR,2022-06-21,2022-06-22,2022-06-22,2022-06-22,259077.25,1.0,n/a (INR flow),259077.25,,roll following on the LME panel calendar,PROXY,,-d(lots x lot_kg x F(s) x mcx_al_margin_used_frac),,P3
REALISED,T05,MCX:T05-MCX-4,MCX_VARIATION_MARGIN,MCX_VARIATION_MARGIN,PNL,INR,2022-06-21,2022-06-22,2022-06-22,2022-06-22,2590772.55,1.0,n/a (INR flow),2590772.55,,roll following on the LME panel calendar,PROXY,,direction x lots x lot_kg x (F(s) - F(s-1)),,P3
REALISED,T05,MCX:T05-MCX-3,MCX_INITIAL_MARGIN,MCX_INITIAL_MARGIN,BS,INR,2022-06-16,2022-06-23,2022-06-23,2022-06-23,-273050.05,1.0,n/a (INR flow),-273050.05,,roll following on the LME panel calendar,PROXY,,-d(lots x lot_kg x F(s) x mcx_al_margin_used_frac),,P3
REALISED,T05,MCX:T05-MCX-3,MCX_VARIATION_MARGIN,MCX_VARIATION_MARGIN,PNL,INR,2022-06-16,2022-06-23,2022-06-23,2022-06-23,-2730500.46,1.0,n/a (INR flow),-2730500.46,,roll following on the LME panel calendar,PROXY,,direction x lots x lot_kg x (F(s) - F(s-1)),,P3
REALISED,T05,MCX:T05-MCX-4,MCX_INITIAL_MARGIN,MCX_INITIAL_MARGIN,BS,INR,2022-06-21,2022-06-23,2022-06-23,2022-06-23,-102760.77,1.0,n/a (INR flow),-102760.77,,roll following on the LME panel calendar,PROXY,,-d(lots x lot_kg x F(s) x mcx_al_margin_used_frac),,P3
REALISED,T05,MCX:T05-MCX-4,MCX_VARIATION_MARGIN,MCX_VARIATION_MARGIN,PNL,INR,2022-06-21,2022-06-23,2022-06-23,2022-06-23,-1027607.7,1.0,n/a (INR flow),-1027607.7,,roll following on the LME panel calendar,PROXY,,direction x lots x lot_kg x (F(s) - F(s-1)),,P3
REALISED,T05,MCX:T05-MCX-3,MCX_INITIAL_MARGIN,MCX_INITIAL_MARGIN,BS,INR,2022-06-16,2022-06-24,2022-06-24,2022-06-24,524437.61,1.0,n/a (INR flow),524437.61,,roll following on the LME panel calendar,PROXY,,-d(lots x lot_kg x F(s) x mcx_al_margin_used_frac),,P3
REALISED,T05,MCX:T05-MCX-3,MCX_VARIATION_MARGIN,MCX_VARIATION_MARGIN,PNL,INR,2022-06-16,2022-06-24,2022-06-24,2022-06-24,5244376.15,1.0,n/a (INR flow),5244376.15,,roll following on the LME panel calendar,PROXY,,direction x lots x lot_kg x (F(s) - F(s-1)),,P3
REALISED,T05,MCX:T05-MCX-4,MCX_INITIAL_MARGIN,MCX_INITIAL_MARGIN,BS,INR,2022-06-21,2022-06-24,2022-06-24,2022-06-24,197368.99,1.0,n/a (INR flow),197368.99,,roll following on the LME panel calendar,PROXY,,-d(lots x lot_kg x F(s) x mcx_al_margin_used_frac),,P3
REALISED,T05,MCX:T05-MCX-4,MCX_VARIATION_MARGIN,MCX_VARIATION_MARGIN,PNL,INR,2022-06-21,2022-06-24,2022-06-24,2022-06-24,1973689.95,1.0,n/a (INR flow),1973689.95,,roll following on the LME panel calendar,PROXY,,direction x lots x lot_kg x (F(s) - F(s-1)),,P3
REALISED,T05,MCX:T05-MCX-3,MCX_INITIAL_MARGIN,MCX_INITIAL_MARGIN,BS,INR,2022-06-16,2022-06-27,2022-06-27,2022-06-27,-245398.28,1.0,n/a (INR flow),-245398.28,,roll following on the LME panel calendar,PROXY,,-d(lots x lot_kg x F(s) x mcx_al_margin_used_frac),,P3
REALISED,T05,MCX:T05-MCX-3,MCX_VARIATION_MARGIN,MCX_VARIATION_MARGIN,PNL,INR,2022-06-16,2022-06-27,2022-06-27,2022-06-27,-2453982.84,1.0,n/a (INR flow),-2453982.84,,roll following on the LME panel calendar,PROXY,,direction x lots x lot_kg x (F(s) - F(s-1)),,P3
REALISED,T05,MCX:T05-MCX-4,MCX_INITIAL_MARGIN,MCX_INITIAL_MARGIN,BS,INR,2022-06-21,2022-06-27,2022-06-27,2022-06-27,-92354.19,1.0,n/a (INR flow),-92354.19,,roll following on the LME panel calendar,PROXY,,-d(lots x lot_kg x F(s) x mcx_al_margin_used_frac),,P3
REALISED,T05,MCX:T05-MCX-4,MCX_VARIATION_MARGIN,MCX_VARIATION_MARGIN,PNL,INR,2022-06-21,2022-06-27,2022-06-27,2022-06-27,-923541.93,1.0,n/a (INR flow),-923541.93,,roll following on the LME panel calendar,PROXY,,direction x lots x lot_kg x (F(s) - F(s-1)),,P3
REALISED,T05,DUTY:L2,CUSTOMS_DUTY,CUSTOMS_DUTY,PNL,INR,2022-04-21,2022-06-28,2022-06-28,2022-06-28,-4557964.85,1.0,n/a (INR flow),-4557964.85,,roll following on the LME panel calendar,DIRECT,,-assessable_inr x bcd_scrap_hs7602 x (1 + sws_rate_on_bcd),,P3
REALISED,T05,IGST:L2,IGST_IMPORT,IGST_IMPORT,BS,INR,2022-04-21,2022-06-28,2022-06-28,2022-06-28,-30654385.4,1.0,n/a (INR flow),-30654385.4,,roll following on the LME panel calendar,DIRECT,,-(assessable + duty) x igst_rate_hs7602,,P3
REALISED,T05,MCX:T05-MCX-3,MCX_INITIAL_MARGIN,MCX_INITIAL_MARGIN,BS,INR,2022-06-16,2022-06-28,2022-06-28,2022-06-28,-756816.04,1.0,n/a (INR flow),-756816.04,,roll following on the LME panel calendar,PROXY,,-d(lots x lot_kg x F(s) x mcx_al_margin_used_frac),,P3
REALISED,T05,MCX:T05-MCX-3,MCX_VARIATION_MARGIN,MCX_VARIATION_MARGIN,PNL,INR,2022-06-16,2022-06-28,2022-06-28,2022-06-28,-7568160.39,1.0,n/a (INR flow),-7568160.39,,roll following on the LME panel calendar,PROXY,,direction x lots x lot_kg x (F(s) - F(s-1)),,P3
REALISED,T05,MCX:T05-MCX-4,MCX_INITIAL_MARGIN,MCX_INITIAL_MARGIN,BS,INR,2022-06-21,2022-06-28,2022-06-28,2022-06-28,-284823.24,1.0,n/a (INR flow),-284823.24,,roll following on the LME panel calendar,PROXY,,-d(lots x lot_kg x F(s) x mcx_al_margin_used_frac),,P3
REALISED,T05,MCX:T05-MCX-4,MCX_VARIATION_MARGIN,MCX_VARIATION_MARGIN,PNL,INR,2022-06-21,2022-06-28,2022-06-28,2022-06-28,-2848232.4,1.0,n/a (INR flow),-2848232.4,,roll following on the LME panel calendar,PROXY,,direction x lots x lot_kg x (F(s) - F(s-1)),,P3
REALISED,T05,MCX:T05-MCX-3,MCX_INITIAL_MARGIN,MCX_INITIAL_MARGIN,BS,INR,2022-06-16,2022-06-29,2022-06-29,2022-06-29,587408.85,1.0,n/a (INR flow),587408.85,,roll following on the LME panel calendar,PROXY,,-d(lots x lot_kg x F(s) x mcx_al_margin_used_frac),,P3
REALISED,T05,MCX:T05-MCX-3,MCX_VARIATION_MARGIN,MCX_VARIATION_MARGIN,PNL,INR,2022-06-16,2022-06-29,2022-06-29,2022-06-29,5874088.52,1.0,n/a (INR flow),5874088.52,,roll following on the LME panel calendar,PROXY,,direction x lots x lot_kg x (F(s) - F(s-1)),,P3
REALISED,T05,MCX:T05-MCX-4,MCX_INITIAL_MARGIN,MCX_INITIAL_MARGIN,BS,INR,2022-06-21,2022-06-29,2022-06-29,2022-06-29,221067.85,1.0,n/a (INR flow),221067.85,,roll following on the LME panel calendar,PROXY,,-d(lots x lot_kg x F(s) x mcx_al_margin_used_frac),,P3
REALISED,T05,MCX:T05-MCX-4,MCX_VARIATION_MARGIN,MCX_VARIATION_MARGIN,PNL,INR,2022-06-21,2022-06-29,2022-06-29,2022-06-29,2210678.48,1.0,n/a (INR flow),2210678.48,,roll following on the LME panel calendar,PROXY,,direction x lots x lot_kg x (F(s) - F(s-1)),,P3
REALISED,T05,PORT:L1,PORT_CHARGES,PORT_CHARGES,PNL,INR,2022-04-21,,2022-06-29,2022-06-29,-2782500.0,1.0,n/a (INR flow),-2782500.0,,roll following on the LME panel calendar,ASSUMPTION,,-port_cf_charges_inr_t x base_payload x cleared boxes,,P3
REALISED,T05,MCX:T05-MCX-3,MCX_INITIAL_MARGIN,MCX_INITIAL_MARGIN,BS,INR,2022-06-16,2022-06-30,2022-06-30,2022-06-30,626719.58,1.0,n/a (INR flow),626719.58,,roll following on the LME panel calendar,PROXY,,-d(lots x lot_kg x F(s) x mcx_al_margin_used_frac),,P3
REALISED,T05,MCX:T05-MCX-3,MCX_VARIATION_MARGIN,MCX_VARIATION_MARGIN,PNL,INR,2022-06-16,2022-06-30,2022-06-30,2022-06-30,6267195.75,1.0,n/a (INR flow),6267195.75,,roll following on the LME panel calendar,PROXY,,direction x lots x lot_kg x (F(s) - F(s-1)),,P3
REALISED,T05,MCX:T05-MCX-4,MCX_INITIAL_MARGIN,MCX_INITIAL_MARGIN,BS,INR,2022-06-21,2022-06-30,2022-06-30,2022-06-30,235862.21,1.0,n/a (INR flow),235862.21,,roll following on the LME panel calendar,PROXY,,-d(lots x lot_kg x F(s) x mcx_al_margin_used_frac),,P3
REALISED,T05,MCX:T05-MCX-4,MCX_VARIATION_MARGIN,MCX_VARIATION_MARGIN,PNL,INR,2022-06-21,2022-06-30,2022-06-30,2022-06-30,2358622.06,1.0,n/a (INR flow),2358622.06,,roll following on the LME panel calendar,PROXY,,direction x lots x lot_kg x (F(s) - F(s-1)),,P3
REALISED,T05,FX:T05-FX-3,FX_FORWARD,FX_FORWARD,PNL,INR,2022-04-21,2022-07-01,2022-07-01,2022-07-01,455298.59,1.0,n/a (INR flow),455298.59,,roll following on the LME panel calendar,PROXY,,"sign x notional x (X(tau, value_date) - K)",,P3
REALISED,T05,MCX:T05-MCX-3,MCX_INITIAL_MARGIN,MCX_INITIAL_MARGIN,BS,INR,2022-06-16,2022-07-01,2022-07-01,2022-07-01,169508.68,1.0,n/a (INR flow),169508.68,,roll following on the LME panel calendar,PROXY,,-d(lots x lot_kg x F(s) x mcx_al_margin_used_frac),,P3
REALISED,T05,MCX:T05-MCX-3,MCX_VARIATION_MARGIN,MCX_VARIATION_MARGIN,PNL,INR,2022-06-16,2022-07-01,2022-07-01,2022-07-01,1695086.81,1.0,n/a (INR flow),1695086.81,,roll following on the LME panel calendar,PROXY,,direction x lots x lot_kg x (F(s) - F(s-1)),,P3
REALISED,T05,MCX:T05-MCX-4,MCX_INITIAL_MARGIN,MCX_INITIAL_MARGIN,BS,INR,2022-06-21,2022-07-01,2022-07-01,2022-07-01,63793.59,1.0,n/a (INR flow),63793.59,,roll following on the LME panel calendar,PROXY,,-d(lots x lot_kg x F(s) x mcx_al_margin_used_frac),,P3
REALISED,T05,MCX:T05-MCX-4,MCX_VARIATION_MARGIN,MCX_VARIATION_MARGIN,PNL,INR,2022-06-21,2022-07-01,2022-07-01,2022-07-01,637935.9,1.0,n/a (INR flow),637935.9,,roll following on the LME panel calendar,PROXY,,direction x lots x lot_kg x (F(s) - F(s-1)),,P3
REALISED,T05,MCX:T05-MCX-3,MCX_INITIAL_MARGIN,MCX_INITIAL_MARGIN,BS,INR,2022-06-16,2022-07-04,2022-07-04,2022-07-04,28562241.62,1.0,n/a (INR flow),28562241.62,,roll following on the LME panel calendar,PROXY,,-d(lots x lot_kg x F(s) x mcx_al_margin_used_frac),,P3
REALISED,T05,MCX:T05-MCX-3,MCX_SLIPPAGE,MCX_SLIPPAGE,PNL,INR,2022-07-04,,2022-07-04,2022-07-04,-139500.0,1.0,n/a (INR flow),-139500.0,,roll following on the LME panel calendar,ASSUMPTION,,-lots x lot_kg x mcx_slippage_ticks x tick,,P3
REALISED,T05,MCX:T05-MCX-3,MCX_TRANSACTION_COST,MCX_TRANSACTION_COST,PNL,INR,2022-07-04,2022-07-04,2022-07-04,2022-07-04,-87286.73,1.0,n/a (INR flow),-87286.73,,roll following on the LME panel calendar,ASSUMPTION,,-lots x lot_kg x fill x mcx_txn_cost_frac,,P3
REALISED,T05,MCX:T05-MCX-3,MCX_VARIATION_MARGIN,MCX_VARIATION_MARGIN,PNL,INR,2022-06-16,2022-07-04,2022-07-04,2022-07-04,-5193854.6,1.0,n/a (INR flow),-5193854.6,,roll following on the LME panel calendar,PROXY,,direction x lots x lot_kg x (F(s) - F(s-1)),,P3
REALISED,T05,MCX:T05-MCX-4,MCX_INITIAL_MARGIN,MCX_INITIAL_MARGIN,BS,INR,2022-06-21,2022-07-04,2022-07-04,2022-07-04,10749230.72,1.0,n/a (INR flow),10749230.72,,roll following on the LME panel calendar,PROXY,,-d(lots x lot_kg x F(s) x mcx_al_margin_used_frac),,P3
REALISED,T05,MCX:T05-MCX-4,MCX_SLIPPAGE,MCX_SLIPPAGE,PNL,INR,2022-07-04,,2022-07-04,2022-07-04,-52500.0,1.0,n/a (INR flow),-52500.0,,roll following on the LME panel calendar,ASSUMPTION,,-lots x lot_kg x mcx_slippage_ticks x tick,,P3
REALISED,T05,MCX:T05-MCX-4,MCX_TRANSACTION_COST,MCX_TRANSACTION_COST,PNL,INR,2022-07-04,2022-07-04,2022-07-04,2022-07-04,-32849.85,1.0,n/a (INR flow),-32849.85,,roll following on the LME panel calendar,ASSUMPTION,,-lots x lot_kg x fill x mcx_txn_cost_frac,,P3
REALISED,T05,MCX:T05-MCX-4,MCX_VARIATION_MARGIN,MCX_VARIATION_MARGIN,PNL,INR,2022-06-21,2022-07-04,2022-07-04,2022-07-04,-1954676.46,1.0,n/a (INR flow),-1954676.46,,roll following on the LME panel calendar,PROXY,,direction x lots x lot_kg x (F(s) - F(s-1)),,P3
REALISED,T05,DUTY:L1,CUSTOMS_DUTY_DIFFERENTIAL,CUSTOMS_DUTY_DIFFERENTIAL,PNL,INR,2022-04-21,2022-07-07,2022-07-07,2022-07-07,182759.17,1.0,n/a (INR flow),182759.17,,roll following on the LME panel calendar,DIRECT,,-dAV x bcd x (1 + sws) on (P_final - P_provisional),,P3
REALISED,T05,DUTY:L2,CUSTOMS_DUTY_DIFFERENTIAL,CUSTOMS_DUTY_DIFFERENTIAL,PNL,INR,2022-04-21,2022-07-07,2022-07-07,2022-07-07,451911.4,1.0,n/a (INR flow),451911.4,,roll following on the LME panel calendar,DIRECT,,-dAV x bcd x (1 + sws) on (P_final - P_provisional),,P3
REALISED,T05,PORT:L2,PORT_CHARGES,PORT_CHARGES,PNL,INR,2022-04-21,,2022-07-07,2022-07-07,-2782500.0,1.0,n/a (INR flow),-2782500.0,,roll following on the LME panel calendar,ASSUMPTION,,-port_cf_charges_inr_t x base_payload x cleared boxes,,P3
REALISED,T05,PURCHASE:L1,PURCHASE_FINAL,PURCHASE_FINAL,PNL,USD,2022-04-21,2022-06-30,2022-07-07,2022-07-07,-14576.15,79.1749,spot at settlement,-1154065.42,,roll following on the LME panel calendar,DIRECT,,-(q_acc x (factor x A_P + premium) x (1 - disc) - provisional),,P3
REALISED,T05,PURCHASE:L2,PURCHASE_FINAL,PURCHASE_FINAL,PNL,USD,2022-04-21,2022-06-30,2022-07-07,2022-07-07,103065.01,79.1749,spot at settlement,8160161.66,,roll following on the LME panel calendar,DIRECT,,-(q_acc x (factor x A_P + premium) x (1 - disc) - provisional),,P3
REALISED,T05,BILL_COMMISSION:L1,IMPORT_BILL_COMMISSION,IMPORT_BILL_COMMISSION,PNL,USD,2022-04-21,2022-07-11,2022-07-11,2022-07-11,-2249.47,79.4647,spot at settlement,-178753.22,,roll following on the LME panel calendar,DIRECT,,-import_bill_commission_frac x bill_usd,,P3
REALISED,T05,FX:T05-FX-1,FX_FORWARD,FX_FORWARD,PNL,INR,2022-05-10,2022-07-11,2022-07-11,2022-07-11,2999310.25,1.0,n/a (INR flow),2999310.25,,roll following on the LME panel calendar,PROXY,,"sign x notional x (X(tau, value_date) - K)",,P3
REALISED,T05,PURCHASE:L1,PURCHASE_PROVISIONAL,PURCHASE_PROVISIONAL,PNL,USD,2022-04-21,2022-05-10,2022-07-11,2022-07-11,-1874555.86,79.4647,spot at settlement,-148961019.45,,roll following on the LME panel calendar,DIRECT,,-provisional_frac x q_bl x (factor x cash(bl) + premium),,P3
REALISED,T05,USANCE_INTEREST:L1,USANCE_INTEREST,USANCE_INTEREST,PNL,USD,2022-04-21,2022-05-17,2022-07-11,2022-07-11,-8014.35,79.4647,spot at settlement,-636858.01,,roll following on the LME panel calendar,PROXY,,-bill_usd x (usd_rate_3m_pa@acceptance + usance_interest_spread_pa) x days/360,,P3
REALISED,T05,BILL_COMMISSION:L2,IMPORT_BILL_COMMISSION,IMPORT_BILL_COMMISSION,PNL,USD,2022-04-21,2022-07-18,2022-07-18,2022-07-18,-2390.64,79.9862,spot at settlement,-191217.92,,roll following on the LME panel calendar,DIRECT,,-import_bill_commission_frac x bill_usd,,P3
REALISED,T05,FX:T05-FX-2,FX_FORWARD,FX_FORWARD,PNL,INR,2022-05-18,2022-07-18,2022-07-18,2022-07-18,3626417.75,1.0,n/a (INR flow),3626417.75,,roll following on the LME panel calendar,PROXY,,"sign x notional x (X(tau, value_date) - K)",,P3
REALISED,T05,PURCHASE:L2,PURCHASE_PROVISIONAL,PURCHASE_PROVISIONAL,PNL,USD,2022-04-21,2022-05-18,2022-07-18,2022-07-18,-1992197.02,79.9862,spot at settlement,-159348269.68,,roll following on the LME panel calendar,DIRECT,,-provisional_frac x q_bl x (factor x cash(bl) + premium),,P3
REALISED,T05,USANCE_INTEREST:L2,USANCE_INTEREST,USANCE_INTEREST,PNL,USD,2022-04-21,2022-05-25,2022-07-18,2022-07-18,-8484.44,79.9862,spot at settlement,-678637.72,,roll following on the LME panel calendar,PROXY,,-bill_usd x (usd_rate_3m_pa@acceptance + usance_interest_spread_pa) x days/360,,P3
REALISED,T05,IGST:L1,IGST_CREDIT,IGST_CREDIT,BS,INR,2022-04-21,2022-06-20,2022-08-04,2022-08-04,28844214.32,1.0,n/a (INR flow),28844214.32,,roll following on the LME panel calendar,DIRECT,,+(assessable + duty) x igst_rate at igst_credit_lag_days,,P3
REALISED,T05,SALE:S1,SALE_BALANCE,SALE_BALANCE,PNL,INR,2022-04-21,2022-07-08,2022-08-08,2022-08-08,310123937.67,1.0,n/a (INR flow),310123937.67,,roll following on the LME panel calendar,SIM,,+q_acc x P_sale x (1 - disc passthrough) - advance,,P3
REALISED,T05,IGST:L2,IGST_CREDIT,IGST_CREDIT,BS,INR,2022-04-21,2022-06-28,2022-08-12,2022-08-12,30654385.4,1.0,n/a (INR flow),30654385.4,,roll following on the LME panel calendar,DIRECT,,+(assessable + duty) x igst_rate at igst_credit_lag_days,,P3
REALISED,T06,MCX:T06-MCX-1,MCX_INITIAL_MARGIN,MCX_INITIAL_MARGIN,BS,INR,2022-05-10,2022-05-10,2022-05-10,2022-05-10,-19756379.54,1.0,n/a (INR flow),-19756379.54,,roll following on the LME panel calendar,PROXY,,-d(lots x lot_kg x F(s) x mcx_al_margin_used_frac),,P3
REALISED,T06,MCX:T06-MCX-1,MCX_SLIPPAGE,MCX_SLIPPAGE,PNL,INR,2022-05-10,,2022-05-10,2022-05-10,-88000.0,1.0,n/a (INR flow),-88000.0,,roll following on the LME panel calendar,ASSUMPTION,,-lots x lot_kg x mcx_slippage_ticks x tick,,P3
REALISED,T06,MCX:T06-MCX-1,MCX_TRANSACTION_COST,MCX_TRANSACTION_COST,PNL,INR,2022-05-10,2022-05-10,2022-05-10,2022-05-10,-59242.74,1.0,n/a (INR flow),-59242.74,,roll following on the LME panel calendar,ASSUMPTION,,-lots x lot_kg x fill x mcx_txn_cost_frac,,P3
REALISED,T06,MCX:T06-MCX-1,MCX_VARIATION_MARGIN,MCX_VARIATION_MARGIN,PNL,INR,2022-05-10,2022-05-10,2022-05-10,2022-05-10,-0.0,1.0,n/a (INR flow),-0.0,,roll following on the LME panel calendar,PROXY,,direction x lots x lot_kg x (F(entry) - entry settle) = 0 by construction,,P3
REALISED,T06,MCX:T06-MCX-1,MCX_INITIAL_MARGIN,MCX_INITIAL_MARGIN,BS,INR,2022-05-10,2022-05-11,2022-05-11,2022-05-11,-429968.97,1.0,n/a (INR flow),-429968.97,,roll following on the LME panel calendar,PROXY,,-d(lots x lot_kg x F(s) x mcx_al_margin_used_frac),,P3
REALISED,T06,MCX:T06-MCX-1,MCX_VARIATION_MARGIN,MCX_VARIATION_MARGIN,PNL,INR,2022-05-10,2022-05-11,2022-05-11,2022-05-11,-4299689.67,1.0,n/a (INR flow),-4299689.67,,roll following on the LME panel calendar,PROXY,,direction x lots x lot_kg x (F(s) - F(s-1)),,P3
REALISED,T06,MCX:T06-MCX-1,MCX_INITIAL_MARGIN,MCX_INITIAL_MARGIN,BS,INR,2022-05-10,2022-05-12,2022-05-12,2022-05-12,291647.66,1.0,n/a (INR flow),291647.66,,roll following on the LME panel calendar,PROXY,,-d(lots x lot_kg x F(s) x mcx_al_margin_used_frac),,P3
REALISED,T06,MCX:T06-MCX-1,MCX_VARIATION_MARGIN,MCX_VARIATION_MARGIN,PNL,INR,2022-05-10,2022-05-12,2022-05-12,2022-05-12,2916476.58,1.0,n/a (INR flow),2916476.58,,roll following on the LME panel calendar,PROXY,,direction x lots x lot_kg x (F(s) - F(s-1)),,P3
REALISED,T06,MCX:T06-MCX-1,MCX_INITIAL_MARGIN,MCX_INITIAL_MARGIN,BS,INR,2022-05-10,2022-05-13,2022-05-13,2022-05-13,-242112.01,1.0,n/a (INR flow),-242112.01,,roll following on the LME panel calendar,PROXY,,-d(lots x lot_kg x F(s) x mcx_al_margin_used_frac),,P3
REALISED,T06,MCX:T06-MCX-1,MCX_VARIATION_MARGIN,MCX_VARIATION_MARGIN,PNL,INR,2022-05-10,2022-05-13,2022-05-13,2022-05-13,-2421120.09,1.0,n/a (INR flow),-2421120.09,,roll following on the LME panel calendar,PROXY,,direction x lots x lot_kg x (F(s) - F(s-1)),,P3
REALISED,T06,MCX:T06-MCX-1,MCX_INITIAL_MARGIN,MCX_INITIAL_MARGIN,BS,INR,2022-05-10,2022-05-16,2022-05-16,2022-05-16,-587609.35,1.0,n/a (INR flow),-587609.35,,roll following on the LME panel calendar,PROXY,,-d(lots x lot_kg x F(s) x mcx_al_margin_used_frac),,P3
REALISED,T06,MCX:T06-MCX-1,MCX_VARIATION_MARGIN,MCX_VARIATION_MARGIN,PNL,INR,2022-05-10,2022-05-16,2022-05-16,2022-05-16,-5876093.55,1.0,n/a (INR flow),-5876093.55,,roll following on the LME panel calendar,PROXY,,direction x lots x lot_kg x (F(s) - F(s-1)),,P3
REALISED,T06,LC_FEES,LC_OPENING_FEE,LC_OPENING_FEE,PNL,USD,2022-05-10,2022-05-17,2022-05-17,2022-05-17,-4891.74,77.4609,spot at settlement,-378918.89,,roll following on the LME panel calendar,DIRECT,,-lc_opening_fee_frac_per_month x ceil(validity/30) x lc_value_usd,,P3
REALISED,T06,MCX:T06-MCX-1,MCX_INITIAL_MARGIN,MCX_INITIAL_MARGIN,BS,INR,2022-05-10,2022-05-17,2022-05-17,2022-05-17,-240210.62,1.0,n/a (INR flow),-240210.62,,roll following on the LME panel calendar,PROXY,,-d(lots x lot_kg x F(s) x mcx_al_margin_used_frac),,P3
REALISED,T06,MCX:T06-MCX-1,MCX_VARIATION_MARGIN,MCX_VARIATION_MARGIN,PNL,INR,2022-05-10,2022-05-17,2022-05-17,2022-05-17,-2402106.18,1.0,n/a (INR flow),-2402106.18,,roll following on the LME panel calendar,PROXY,,direction x lots x lot_kg x (F(s) - F(s-1)),,P3
REALISED,T06,MCX:T06-MCX-1,MCX_INITIAL_MARGIN,MCX_INITIAL_MARGIN,BS,INR,2022-05-10,2022-05-18,2022-05-18,2022-05-18,-98230.59,1.0,n/a (INR flow),-98230.59,,roll following on the LME panel calendar,PROXY,,-d(lots x lot_kg x F(s) x mcx_al_margin_used_frac),,P3
REALISED,T06,MCX:T06-MCX-1,MCX_VARIATION_MARGIN,MCX_VARIATION_MARGIN,PNL,INR,2022-05-10,2022-05-18,2022-05-18,2022-05-18,-982305.9,1.0,n/a (INR flow),-982305.9,,roll following on the LME panel calendar,PROXY,,direction x lots x lot_kg x (F(s) - F(s-1)),,P3
REALISED,T06,MCX:T06-MCX-1,MCX_INITIAL_MARGIN,MCX_INITIAL_MARGIN,BS,INR,2022-05-10,2022-05-19,2022-05-19,2022-05-19,130460.08,1.0,n/a (INR flow),130460.08,,roll following on the LME panel calendar,PROXY,,-d(lots x lot_kg x F(s) x mcx_al_margin_used_frac),,P3
REALISED,T06,MCX:T06-MCX-1,MCX_VARIATION_MARGIN,MCX_VARIATION_MARGIN,PNL,INR,2022-05-10,2022-05-19,2022-05-19,2022-05-19,1304600.77,1.0,n/a (INR flow),1304600.77,,roll following on the LME panel calendar,PROXY,,direction x lots x lot_kg x (F(s) - F(s-1)),,P3
REALISED,T06,MCX:T06-MCX-1,MCX_INITIAL_MARGIN,MCX_INITIAL_MARGIN,BS,INR,2022-05-10,2022-05-20,2022-05-20,2022-05-20,20932403.35,1.0,n/a (INR flow),20932403.35,,roll following on the LME panel calendar,PROXY,,-d(lots x lot_kg x F(s) x mcx_al_margin_used_frac),,P3
REALISED,T06,MCX:T06-MCX-1,MCX_SLIPPAGE,MCX_SLIPPAGE,PNL,INR,2022-05-20,,2022-05-20,2022-05-20,-88000.0,1.0,n/a (INR flow),-88000.0,,roll following on the LME panel calendar,ASSUMPTION,,-lots x lot_kg x mcx_slippage_ticks x tick,,P3
REALISED,T06,MCX:T06-MCX-1,MCX_TRANSACTION_COST,MCX_TRANSACTION_COST,PNL,INR,2022-05-20,2022-05-20,2022-05-20,2022-05-20,-65185.31,1.0,n/a (INR flow),-65185.31,,roll following on the LME panel calendar,ASSUMPTION,,-lots x lot_kg x fill x mcx_txn_cost_frac,,P3
REALISED,T06,MCX:T06-MCX-1,MCX_VARIATION_MARGIN,MCX_VARIATION_MARGIN,PNL,INR,2022-05-10,2022-05-20,2022-05-20,2022-05-20,-7872342.84,1.0,n/a (INR flow),-7872342.84,,roll following on the LME panel calendar,PROXY,,direction x lots x lot_kg x (F(s) - F(s-1)),,P3
REALISED,T06,MCX:T06-MCX-2,MCX_INITIAL_MARGIN,MCX_INITIAL_MARGIN,BS,INR,2022-05-20,2022-05-20,2022-05-20,2022-05-20,-21804032.79,1.0,n/a (INR flow),-21804032.79,,roll following on the LME panel calendar,PROXY,,-d(lots x lot_kg x F(s) x mcx_al_margin_used_frac),,P3
REALISED,T06,MCX:T06-MCX-2,MCX_SLIPPAGE,MCX_SLIPPAGE,PNL,INR,2022-05-20,,2022-05-20,2022-05-20,-88000.0,1.0,n/a (INR flow),-88000.0,,roll following on the LME panel calendar,ASSUMPTION,,-lots x lot_kg x mcx_slippage_ticks x tick,,P3
REALISED,T06,MCX:T06-MCX-2,MCX_TRANSACTION_COST,MCX_TRANSACTION_COST,PNL,INR,2022-05-20,2022-05-20,2022-05-20,2022-05-20,-65385.7,1.0,n/a (INR flow),-65385.7,,roll following on the LME panel calendar,ASSUMPTION,,-lots x lot_kg x fill x mcx_txn_cost_frac,,P3
REALISED,T06,MCX:T06-MCX-2,MCX_VARIATION_MARGIN,MCX_VARIATION_MARGIN,PNL,INR,2022-05-20,2022-05-20,2022-05-20,2022-05-20,-0.0,1.0,n/a (INR flow),-0.0,,roll following on the LME panel calendar,PROXY,,direction x lots x lot_kg x (F(entry) - entry settle) = 0 by construction,,P3
REALISED,T06,MCX:T06-MCX-2,MCX_INITIAL_MARGIN,MCX_INITIAL_MARGIN,BS,INR,2022-05-20,2022-05-23,2022-05-23,2022-05-23,-197808.19,1.0,n/a (INR flow),-197808.19,,roll following on the LME panel calendar,PROXY,,-d(lots x lot_kg x F(s) x mcx_al_margin_used_frac),,P3
REALISED,T06,MCX:T06-MCX-2,MCX_VARIATION_MARGIN,MCX_VARIATION_MARGIN,PNL,INR,2022-05-20,2022-05-23,2022-05-23,2022-05-23,-1978081.91,1.0,n/a (INR flow),-1978081.91,,roll following on the LME panel calendar,PROXY,,direction x lots x lot_kg x (F(s) - F(s-1)),,P3
REALISED,T06,MCX:T06-MCX-2,MCX_INITIAL_MARGIN,MCX_INITIAL_MARGIN,BS,INR,2022-05-20,2022-05-24,2022-05-24,2022-05-24,603354.13,1.0,n/a (INR flow),603354.13,,roll following on the LME panel calendar,PROXY,,-d(lots x lot_kg x F(s) x mcx_al_margin_used_frac),,P3
REALISED,T06,MCX:T06-MCX-2,MCX_VARIATION_MARGIN,MCX_VARIATION_MARGIN,PNL,INR,2022-05-20,2022-05-24,2022-05-24,2022-05-24,6033541.29,1.0,n/a (INR flow),6033541.29,,roll following on the LME panel calendar,PROXY,,direction x lots x lot_kg x (F(s) - F(s-1)),,P3
REALISED,T06,INSURANCE:L1,INSURANCE,INSURANCE,PNL,USD,2022-05-10,2022-05-25,2022-05-25,2022-05-25,-1528.67,77.5775,spot at settlement,-118590.4,,roll following on the LME panel calendar,ASSUMPTION,,-insurance_rate x insured_value_uplift x cfr_value_usd,,P3
REALISED,T06,MCX:T06-MCX-2,MCX_INITIAL_MARGIN,MCX_INITIAL_MARGIN,BS,INR,2022-05-20,2022-05-25,2022-05-25,2022-05-25,390750.89,1.0,n/a (INR flow),390750.89,,roll following on the LME panel calendar,PROXY,,-d(lots x lot_kg x F(s) x mcx_al_margin_used_frac),,P3
REALISED,T06,MCX:T06-MCX-2,MCX_VARIATION_MARGIN,MCX_VARIATION_MARGIN,PNL,INR,2022-05-20,2022-05-25,2022-05-25,2022-05-25,3907508.86,1.0,n/a (INR flow),3907508.86,,roll following on the LME panel calendar,PROXY,,direction x lots x lot_kg x (F(s) - F(s-1)),,P3
REALISED,T06,PSIC:L1,PSIC,PSIC,PNL,USD,2022-05-10,2022-05-25,2022-05-25,2022-05-25,-1000.0,77.5775,spot at settlement,-77577.5,,roll following on the LME panel calendar,ASSUMPTION,,-psic_cost_usd_per_box x boxes,,P3
REALISED,T06,MCX:T06-MCX-2,MCX_INITIAL_MARGIN,MCX_INITIAL_MARGIN,BS,INR,2022-05-20,2022-05-26,2022-05-26,2022-05-26,26890.78,1.0,n/a (INR flow),26890.78,,roll following on the LME panel calendar,PROXY,,-d(lots x lot_kg x F(s) x mcx_al_margin_used_frac),,P3
REALISED,T06,MCX:T06-MCX-2,MCX_VARIATION_MARGIN,MCX_VARIATION_MARGIN,PNL,INR,2022-05-20,2022-05-26,2022-05-26,2022-05-26,268907.76,1.0,n/a (INR flow),268907.76,,roll following on the LME panel calendar,PROXY,,direction x lots x lot_kg x (F(s) - F(s-1)),,P3
REALISED,T06,MCX:T06-MCX-2,MCX_INITIAL_MARGIN,MCX_INITIAL_MARGIN,BS,INR,2022-05-20,2022-05-27,2022-05-27,2022-05-27,23539.38,1.0,n/a (INR flow),23539.38,,roll following on the LME panel calendar,PROXY,,-d(lots x lot_kg x F(s) x mcx_al_margin_used_frac),,P3
REALISED,T06,MCX:T06-MCX-2,MCX_VARIATION_MARGIN,MCX_VARIATION_MARGIN,PNL,INR,2022-05-20,2022-05-27,2022-05-27,2022-05-27,235393.79,1.0,n/a (INR flow),235393.79,,roll following on the LME panel calendar,PROXY,,direction x lots x lot_kg x (F(s) - F(s-1)),,P3
REALISED,T06,MCX:T06-MCX-2,MCX_INITIAL_MARGIN,MCX_INITIAL_MARGIN,BS,INR,2022-05-20,2022-05-30,2022-05-30,2022-05-30,-277955.33,1.0,n/a (INR flow),-277955.33,,roll following on the LME panel calendar,PROXY,,-d(lots x lot_kg x F(s) x mcx_al_margin_used_frac),,P3
REALISED,T06,MCX:T06-MCX-2,MCX_VARIATION_MARGIN,MCX_VARIATION_MARGIN,PNL,INR,2022-05-20,2022-05-30,2022-05-30,2022-05-30,-2779553.27,1.0,n/a (INR flow),-2779553.27,,roll following on the LME panel calendar,PROXY,,direction x lots x lot_kg x (F(s) - F(s-1)),,P3
REALISED,T06,DUTY:L1,CUSTOMS_DUTY,CUSTOMS_DUTY,PNL,INR,2022-05-10,2022-05-31,2022-05-31,2022-05-31,-3007140.77,1.0,n/a (INR flow),-3007140.77,,roll following on the LME panel calendar,DIRECT,,-assessable_inr x bcd_scrap_hs7602 x (1 + sws_rate_on_bcd),,P3
REALISED,T06,IGST:L1,IGST_IMPORT,IGST_IMPORT,BS,INR,2022-05-10,2022-05-31,2022-05-31,2022-05-31,-20224388.56,1.0,n/a (INR flow),-20224388.56,,roll following on the LME panel calendar,DIRECT,,-(assessable + duty) x igst_rate_hs7602,,P3
REALISED,T06,MCX:T06-MCX-2,MCX_INITIAL_MARGIN,MCX_INITIAL_MARGIN,BS,INR,2022-05-20,2022-05-31,2022-05-31,2022-05-31,309510.4,1.0,n/a (INR flow),309510.4,,roll following on the LME panel calendar,PROXY,,-d(lots x lot_kg x F(s) x mcx_al_margin_used_frac),,P3
REALISED,T06,MCX:T06-MCX-2,MCX_VARIATION_MARGIN,MCX_VARIATION_MARGIN,PNL,INR,2022-05-20,2022-05-31,2022-05-31,2022-05-31,3095103.95,1.0,n/a (INR flow),3095103.95,,roll following on the LME panel calendar,PROXY,,direction x lots x lot_kg x (F(s) - F(s-1)),,P3
REALISED,T06,BILL_COMMISSION:L1,IMPORT_BILL_COMMISSION,IMPORT_BILL_COMMISSION,PNL,USD,2022-05-10,2022-06-01,2022-06-01,2022-06-01,-1667.64,77.5308,spot at settlement,-129293.46,,roll following on the LME panel calendar,DIRECT,,-import_bill_commission_frac x bill_usd,,P3
REALISED,T06,FX:T06-FX-1,FX_FORWARD,FX_FORWARD,PNL,INR,2022-05-10,2022-06-01,2022-06-01,2022-06-01,-8222.38,1.0,n/a (INR flow),-8222.38,,roll following on the LME panel calendar,PROXY,,"sign x notional x (X(tau, value_date) - K)",,P3
REALISED,T06,MCX:T06-MCX-2,MCX_INITIAL_MARGIN,MCX_INITIAL_MARGIN,BS,INR,2022-05-20,2022-06-01,2022-06-01,2022-06-01,20925750.74,1.0,n/a (INR flow),20925750.74,,roll following on the LME panel calendar,PROXY,,-d(lots x lot_kg x F(s) x mcx_al_margin_used_frac),,P3
REALISED,T06,MCX:T06-MCX-2,MCX_SLIPPAGE,MCX_SLIPPAGE,PNL,INR,2022-06-01,,2022-06-01,2022-06-01,-88000.0,1.0,n/a (INR flow),-88000.0,,roll following on the LME panel calendar,ASSUMPTION,,-lots x lot_kg x mcx_slippage_ticks x tick,,P3
REALISED,T06,MCX:T06-MCX-2,MCX_TRANSACTION_COST,MCX_TRANSACTION_COST,PNL,INR,2022-06-01,2022-06-01,2022-06-01,2022-06-01,-60103.57,1.0,n/a (INR flow),-60103.57,,roll following on the LME panel calendar,ASSUMPTION,,-lots x lot_kg x fill x mcx_txn_cost_frac,,P3
REALISED,T06,MCX:T06-MCX-2,MCX_VARIATION_MARGIN,MCX_VARIATION_MARGIN,PNL,INR,2022-05-20,2022-06-01,2022-06-01,2022-06-01,9000261.54,1.0,n/a (INR flow),9000261.54,,roll following on the LME panel calendar,PROXY,,direction x lots x lot_kg x (F(s) - F(s-1)),,P3
REALISED,T06,PURCHASE:L1,PURCHASE_INVOICE,PURCHASE_INVOICE,PNL,USD,2022-05-10,,2022-06-01,2022-06-01,-1389700.0,77.5308,spot at settlement,-107744552.76,,roll following on the LME panel calendar,SIM,,-q_bl x price_usd_t,,P3
REALISED,T06,INSURANCE:L2,INSURANCE,INSURANCE,PNL,USD,2022-05-10,2022-06-07,2022-06-07,2022-06-07,-1528.67,77.7274,spot at settlement,-118819.54,,roll following on the LME panel calendar,ASSUMPTION,,-insurance_rate x insured_value_uplift x cfr_value_usd,,P3
REALISED,T06,PSIC:L2,PSIC,PSIC,PNL,USD,2022-05-10,2022-06-07,2022-06-07,2022-06-07,-1000.0,77.7274,spot at settlement,-77727.4,,roll following on the LME panel calendar,ASSUMPTION,,-psic_cost_usd_per_box x boxes,,P3
REALISED,T06,PORT:L1,PORT_CHARGES,PORT_CHARGES,PNL,INR,2022-05-10,,2022-06-09,2022-06-09,-1000000.0,1.0,n/a (INR flow),-1000000.0,,roll following on the LME panel calendar,ASSUMPTION,,-port_cf_charges_inr_t x base_payload x cleared boxes,,P3
REALISED,T06,DUTY:L2,CUSTOMS_DUTY,CUSTOMS_DUTY,PNL,INR,2022-05-10,2022-06-13,2022-06-13,2022-06-13,-3003314.89,1.0,n/a (INR flow),-3003314.89,,roll following on the LME panel calendar,DIRECT,,-assessable_inr x bcd_scrap_hs7602 x (1 + sws_rate_on_bcd),,P3
REALISED,T06,IGST:L2,IGST_IMPORT,IGST_IMPORT,BS,INR,2022-05-10,2022-06-13,2022-06-13,2022-06-13,-20198657.79,1.0,n/a (INR flow),-20198657.79,,roll following on the LME panel calendar,DIRECT,,-(assessable + duty) x igst_rate_hs7602,,P3
REALISED,T06,BILL_COMMISSION:L2,IMPORT_BILL_COMMISSION,IMPORT_BILL_COMMISSION,PNL,USD,2022-05-10,2022-06-14,2022-06-14,2022-06-14,-1667.64,78.032,spot at settlement,-130129.28,,roll following on the LME panel calendar,DIRECT,,-import_bill_commission_frac x bill_usd,,P3
REALISED,T06,FX:T06-FX-2,FX_FORWARD,FX_FORWARD,PNL,INR,2022-05-10,2022-06-14,2022-06-14,2022-06-14,321826.1,1.0,n/a (INR flow),321826.1,,roll following on the LME panel calendar,PROXY,,"sign x notional x (X(tau, value_date) - K)",,P3
REALISED,T06,PURCHASE:L2,PURCHASE_INVOICE,PURCHASE_INVOICE,PNL,USD,2022-05-10,,2022-06-14,2022-06-14,-1389700.0,78.032,spot at settlement,-108441070.4,,roll following on the LME panel calendar,SIM,,-q_bl x price_usd_t,,P3
REALISED,T06,PORT:L2,PORT_CHARGES,PORT_CHARGES,PNL,INR,2022-05-10,,2022-06-22,2022-06-22,-1000000.0,1.0,n/a (INR flow),-1000000.0,,roll following on the LME panel calendar,ASSUMPTION,,-port_cf_charges_inr_t x base_payload x cleared boxes,,P3
REALISED,T06,IGST:L1,IGST_CREDIT,IGST_CREDIT,BS,INR,2022-05-10,2022-05-31,2022-07-15,2022-07-15,20224388.56,1.0,n/a (INR flow),20224388.56,,roll following on the LME panel calendar,DIRECT,,+(assessable + duty) x igst_rate at igst_credit_lag_days,,P3
REALISED,T06,IGST:L2,IGST_CREDIT,IGST_CREDIT,BS,INR,2022-05-10,2022-06-13,2022-07-28,2022-07-28,20198657.79,1.0,n/a (INR flow),20198657.79,,roll following on the LME panel calendar,DIRECT,,+(assessable + duty) x igst_rate at igst_credit_lag_days,,P3
REALISED,T06,SALE:S1,SALE_BALANCE,SALE_BALANCE,PNL,INR,2022-06-01,2022-06-13,2022-08-08,2022-08-08,240500000.0,1.0,n/a (INR flow),240500000.0,,roll following on the LME panel calendar,SIM,,+q_acc x P_sale x (1 - disc passthrough) - advance,,P3
REALISED,T07,MCX:T07-MCX-1,MCX_INITIAL_MARGIN,MCX_INITIAL_MARGIN,BS,INR,2022-05-25,2022-05-25,2022-05-25,2022-05-25,-29482447.63,1.0,n/a (INR flow),-29482447.63,,roll following on the LME panel calendar,PROXY,,-d(lots x lot_kg x F(s) x mcx_al_margin_used_frac),,P3
REALISED,T07,MCX:T07-MCX-1,MCX_SLIPPAGE,MCX_SLIPPAGE,PNL,INR,2022-05-25,,2022-05-25,2022-05-25,-123500.0,1.0,n/a (INR flow),-123500.0,,roll following on the LME panel calendar,ASSUMPTION,,-lots x lot_kg x mcx_slippage_ticks x tick,,P3
REALISED,T07,MCX:T07-MCX-1,MCX_TRANSACTION_COST,MCX_TRANSACTION_COST,PNL,INR,2022-05-25,2022-05-25,2022-05-25,2022-05-25,-88410.29,1.0,n/a (INR flow),-88410.29,,roll following on the LME panel calendar,ASSUMPTION,,-lots x lot_kg x fill x mcx_txn_cost_frac,,P3
REALISED,T07,MCX:T07-MCX-1,MCX_VARIATION_MARGIN,MCX_VARIATION_MARGIN,PNL,INR,2022-05-25,2022-05-25,2022-05-25,2022-05-25,-0.0,1.0,n/a (INR flow),-0.0,,roll following on the LME panel calendar,PROXY,,direction x lots x lot_kg x (F(entry) - entry settle) = 0 by construction,,P3
REALISED,T07,MCX:T07-MCX-1,MCX_INITIAL_MARGIN,MCX_INITIAL_MARGIN,BS,INR,2022-05-25,2022-05-26,2022-05-26,2022-05-26,37738.76,1.0,n/a (INR flow),37738.76,,roll following on the LME panel calendar,PROXY,,-d(lots x lot_kg x F(s) x mcx_al_margin_used_frac),,P3
REALISED,T07,MCX:T07-MCX-1,MCX_VARIATION_MARGIN,MCX_VARIATION_MARGIN,PNL,INR,2022-05-25,2022-05-26,2022-05-26,2022-05-26,377387.6,1.0,n/a (INR flow),377387.6,,roll following on the LME panel calendar,PROXY,,direction x lots x lot_kg x (F(s) - F(s-1)),,P3
REALISED,T07,MCX:T07-MCX-1,MCX_INITIAL_MARGIN,MCX_INITIAL_MARGIN,BS,INR,2022-05-25,2022-05-27,2022-05-27,2022-05-27,33035.38,1.0,n/a (INR flow),33035.38,,roll following on the LME panel calendar,PROXY,,-d(lots x lot_kg x F(s) x mcx_al_margin_used_frac),,P3
REALISED,T07,MCX:T07-MCX-1,MCX_VARIATION_MARGIN,MCX_VARIATION_MARGIN,PNL,INR,2022-05-25,2022-05-27,2022-05-27,2022-05-27,330353.79,1.0,n/a (INR flow),330353.79,,roll following on the LME panel calendar,PROXY,,direction x lots x lot_kg x (F(s) - F(s-1)),,P3
REALISED,T07,MCX:T07-MCX-1,MCX_INITIAL_MARGIN,MCX_INITIAL_MARGIN,BS,INR,2022-05-25,2022-05-30,2022-05-30,2022-05-30,-390085.03,1.0,n/a (INR flow),-390085.03,,roll following on the LME panel calendar,PROXY,,-d(lots x lot_kg x F(s) x mcx_al_margin_used_frac),,P3
REALISED,T07,MCX:T07-MCX-1,MCX_VARIATION_MARGIN,MCX_VARIATION_MARGIN,PNL,INR,2022-05-25,2022-05-30,2022-05-30,2022-05-30,-3900850.33,1.0,n/a (INR flow),-3900850.33,,roll following on the LME panel calendar,PROXY,,direction x lots x lot_kg x (F(s) - F(s-1)),,P3
REALISED,T07,MCX:T07-MCX-1,MCX_INITIAL_MARGIN,MCX_INITIAL_MARGIN,BS,INR,2022-05-25,2022-05-31,2022-05-31,2022-05-31,434369.7,1.0,n/a (INR flow),434369.7,,roll following on the LME panel calendar,PROXY,,-d(lots x lot_kg x F(s) x mcx_al_margin_used_frac),,P3
REALISED,T07,MCX:T07-MCX-1,MCX_VARIATION_MARGIN,MCX_VARIATION_MARGIN,PNL,INR,2022-05-25,2022-05-31,2022-05-31,2022-05-31,4343697.02,1.0,n/a (INR flow),4343697.02,,roll following on the LME panel calendar,PROXY,,direction x lots x lot_kg x (F(s) - F(s-1)),,P3
REALISED,T07,LC_FEES,LC_OPENING_FEE,LC_OPENING_FEE,PNL,USD,2022-05-25,2022-06-01,2022-06-01,2022-06-01,-6938.87,77.5308,spot at settlement,-537976.17,,roll following on the LME panel calendar,DIRECT,,-lc_opening_fee_frac_per_month x ceil(validity/30) x lc_value_usd,,P3
REALISED,T07,MCX:T07-MCX-1,MCX_INITIAL_MARGIN,MCX_INITIAL_MARGIN,BS,INR,2022-05-25,2022-06-01,2022-06-01,2022-06-01,1263104.89,1.0,n/a (INR flow),1263104.89,,roll following on the LME panel calendar,PROXY,,-d(lots x lot_kg x F(s) x mcx_al_margin_used_frac),,P3
REALISED,T07,MCX:T07-MCX-1,MCX_VARIATION_MARGIN,MCX_VARIATION_MARGIN,PNL,INR,2022-05-25,2022-06-01,2022-06-01,2022-06-01,12631048.86,1.0,n/a (INR flow),12631048.86,,roll following on the LME panel calendar,PROXY,,direction x lots x lot_kg x (F(s) - F(s-1)),,P3
REALISED,T07,MCX:T07-MCX-1,MCX_INITIAL_MARGIN,MCX_INITIAL_MARGIN,BS,INR,2022-05-25,2022-06-06,2022-06-06,2022-06-06,-432567.09,1.0,n/a (INR flow),-432567.09,,roll following on the LME panel calendar,PROXY,,-d(lots x lot_kg x F(s) x mcx_al_margin_used_frac),,P3
REALISED,T07,MCX:T07-MCX-1,MCX_VARIATION_MARGIN,MCX_VARIATION_MARGIN,PNL,INR,2022-05-25,2022-06-06,2022-06-06,2022-06-06,-4325670.89,1.0,n/a (INR flow),-4325670.89,,roll following on the LME panel calendar,PROXY,,direction x lots x lot_kg x (F(s) - F(s-1)),,P3
REALISED,T07,MCX:T07-MCX-1,MCX_INITIAL_MARGIN,MCX_INITIAL_MARGIN,BS,INR,2022-05-25,2022-06-07,2022-06-07,2022-06-07,242024.5,1.0,n/a (INR flow),242024.5,,roll following on the LME panel calendar,PROXY,,-d(lots x lot_kg x F(s) x mcx_al_margin_used_frac),,P3
REALISED,T07,MCX:T07-MCX-1,MCX_VARIATION_MARGIN,MCX_VARIATION_MARGIN,PNL,INR,2022-05-25,2022-06-07,2022-06-07,2022-06-07,2420244.95,1.0,n/a (INR flow),2420244.95,,roll following on the LME panel calendar,PROXY,,direction x lots x lot_kg x (F(s) - F(s-1)),,P3
REALISED,T07,FREIGHT:L1,FREIGHT,FREIGHT,PNL,USD,2022-05-25,2022-05-27,2022-06-08,2022-06-08,-85500.0,77.6739,spot at settlement,-6641118.45,,roll following on the LME panel calendar,ASSUMPTION,,"-boxes x (fixture rate once booked, else market box rate)",,P3
REALISED,T07,INSURANCE:L1,INSURANCE,INSURANCE,PNL,USD,2022-05-25,2022-06-08,2022-06-08,2022-06-08,-2262.45,77.6739,spot at settlement,-175733.08,,roll following on the LME panel calendar,ASSUMPTION,,-insurance_rate x insured_value_uplift x cfr_value_usd,,P3
REALISED,T07,MCX:T07-MCX-1,MCX_INITIAL_MARGIN,MCX_INITIAL_MARGIN,BS,INR,2022-05-25,2022-06-08,2022-06-08,2022-06-08,-511459.72,1.0,n/a (INR flow),-511459.72,,roll following on the LME panel calendar,PROXY,,-d(lots x lot_kg x F(s) x mcx_al_margin_used_frac),,P3
REALISED,T07,MCX:T07-MCX-1,MCX_VARIATION_MARGIN,MCX_VARIATION_MARGIN,PNL,INR,2022-05-25,2022-06-08,2022-06-08,2022-06-08,-5114597.16,1.0,n/a (INR flow),-5114597.16,,roll following on the LME panel calendar,PROXY,,direction x lots x lot_kg x (F(s) - F(s-1)),,P3
REALISED,T07,MCX:T07-MCX-1,MCX_INITIAL_MARGIN,MCX_INITIAL_MARGIN,BS,INR,2022-05-25,2022-06-09,2022-06-09,2022-06-09,111646.94,1.0,n/a (INR flow),111646.94,,roll following on the LME panel calendar,PROXY,,-d(lots x lot_kg x F(s) x mcx_al_margin_used_frac),,P3
REALISED,T07,MCX:T07-MCX-1,MCX_VARIATION_MARGIN,MCX_VARIATION_MARGIN,PNL,INR,2022-05-25,2022-06-09,2022-06-09,2022-06-09,1116469.39,1.0,n/a (INR flow),1116469.39,,roll following on the LME panel calendar,PROXY,,direction x lots x lot_kg x (F(s) - F(s-1)),,P3
REALISED,T07,MCX:T07-MCX-1,MCX_INITIAL_MARGIN,MCX_INITIAL_MARGIN,BS,INR,2022-05-25,2022-06-10,2022-06-10,2022-06-10,571837.3,1.0,n/a (INR flow),571837.3,,roll following on the LME panel calendar,PROXY,,-d(lots x lot_kg x F(s) x mcx_al_margin_used_frac),,P3
REALISED,T07,MCX:T07-MCX-1,MCX_VARIATION_MARGIN,MCX_VARIATION_MARGIN,PNL,INR,2022-05-25,2022-06-10,2022-06-10,2022-06-10,5718373.03,1.0,n/a (INR flow),5718373.03,,roll following on the LME panel calendar,PROXY,,direction x lots x lot_kg x (F(s) - F(s-1)),,P3
REALISED,T07,MCX:T07-MCX-1,MCX_INITIAL_MARGIN,MCX_INITIAL_MARGIN,BS,INR,2022-05-25,2022-06-13,2022-06-13,2022-06-13,1036647.45,1.0,n/a (INR flow),1036647.45,,roll following on the LME panel calendar,PROXY,,-d(lots x lot_kg x F(s) x mcx_al_margin_used_frac),,P3
REALISED,T07,MCX:T07-MCX-1,MCX_VARIATION_MARGIN,MCX_VARIATION_MARGIN,PNL,INR,2022-05-25,2022-06-13,2022-06-13,2022-06-13,10366474.51,1.0,n/a (INR flow),10366474.51,,roll following on the LME panel calendar,PROXY,,direction x lots x lot_kg x (F(s) - F(s-1)),,P3
REALISED,T07,MCX:T07-MCX-1,MCX_INITIAL_MARGIN,MCX_INITIAL_MARGIN,BS,INR,2022-05-25,2022-06-14,2022-06-14,2022-06-14,27295.9,1.0,n/a (INR flow),27295.9,,roll following on the LME panel calendar,PROXY,,-d(lots x lot_kg x F(s) x mcx_al_margin_used_frac),,P3
REALISED,T07,MCX:T07-MCX-1,MCX_VARIATION_MARGIN,MCX_VARIATION_MARGIN,PNL,INR,2022-05-25,2022-06-14,2022-06-14,2022-06-14,272959.05,1.0,n/a (INR flow),272959.05,,roll following on the LME panel calendar,PROXY,,direction x lots x lot_kg x (F(s) - F(s-1)),,P3
REALISED,T07,BILL_COMMISSION:L1,IMPORT_BILL_COMMISSION,IMPORT_BILL_COMMISSION,PNL,USD,2022-05-25,2022-06-15,2022-06-15,2022-06-15,-2365.52,78.1461,spot at settlement,-184856.48,,roll following on the LME panel calendar,DIRECT,,-import_bill_commission_frac x bill_usd,,P3
REALISED,T07,FREIGHT:L2,FREIGHT,FREIGHT,PNL,USD,2022-05-25,2022-05-27,2022-06-15,2022-06-15,-85500.0,78.1461,spot at settlement,-6681491.55,,roll following on the LME panel calendar,ASSUMPTION,,"-boxes x (fixture rate once booked, else market box rate)",,P3
REALISED,T07,FX:T07-FX-1,FX_FORWARD,FX_FORWARD,PNL,INR,2022-05-25,2022-06-15,2022-06-15,2022-06-15,601537.64,1.0,n/a (INR flow),601537.64,,roll following on the LME panel calendar,PROXY,,"sign x notional x (X(tau, value_date) - K)",,P3
REALISED,T07,FX:T07-FX-3,FX_FORWARD,FX_FORWARD,PNL,INR,2022-05-27,2022-06-15,2022-06-15,2022-06-15,52854.22,1.0,n/a (INR flow),52854.22,,roll following on the LME panel calendar,PROXY,,"sign x notional x (X(tau, value_date) - K)",,P3
REALISED,T07,INSURANCE:L2,INSURANCE,INSURANCE,PNL,USD,2022-05-25,2022-06-15,2022-06-15,2022-06-15,-2262.45,78.1461,spot at settlement,-176801.41,,roll following on the LME panel calendar,ASSUMPTION,,-insurance_rate x insured_value_uplift x cfr_value_usd,,P3
REALISED,T07,MCX:T07-MCX-1,MCX_INITIAL_MARGIN,MCX_INITIAL_MARGIN,BS,INR,2022-05-25,2022-06-15,2022-06-15,2022-06-15,47996.73,1.0,n/a (INR flow),47996.73,,roll following on the LME panel calendar,PROXY,,-d(lots x lot_kg x F(s) x mcx_al_margin_used_frac),,P3
REALISED,T07,MCX:T07-MCX-1,MCX_VARIATION_MARGIN,MCX_VARIATION_MARGIN,PNL,INR,2022-05-25,2022-06-15,2022-06-15,2022-06-15,479967.28,1.0,n/a (INR flow),479967.28,,roll following on the LME panel calendar,PROXY,,direction x lots x lot_kg x (F(s) - F(s-1)),,P3
REALISED,T07,PURCHASE:L1,PURCHASE_INVOICE,PURCHASE_INVOICE,PNL,USD,2022-05-25,,2022-06-15,2022-06-15,-1971270.0,78.1461,spot at settlement,-154047062.55,,roll following on the LME panel calendar,SIM,,-q_bl x price_usd_t,,P3
REALISED,T07,MCX:T07-MCX-1,MCX_INITIAL_MARGIN,MCX_INITIAL_MARGIN,BS,INR,2022-05-25,2022-06-16,2022-06-16,2022-06-16,860944.45,1.0,n/a (INR flow),860944.45,,roll following on the LME panel calendar,PROXY,,-d(lots x lot_kg x F(s) x mcx_al_margin_used_frac),,P3
REALISED,T07,MCX:T07-MCX-1,MCX_VARIATION_MARGIN,MCX_VARIATION_MARGIN,PNL,INR,2022-05-25,2022-06-16,2022-06-16,2022-06-16,8609444.46,1.0,n/a (INR flow),8609444.46,,roll following on the LME panel calendar,PROXY,,direction x lots x lot_kg x (F(s) - F(s-1)),,P3
REALISED,T07,MCX:T07-MCX-1,MCX_INITIAL_MARGIN,MCX_INITIAL_MARGIN,BS,INR,2022-05-25,2022-06-17,2022-06-17,2022-06-17,279147.0,1.0,n/a (INR flow),279147.0,,roll following on the LME panel calendar,PROXY,,-d(lots x lot_kg x F(s) x mcx_al_margin_used_frac),,P3
REALISED,T07,MCX:T07-MCX-1,MCX_VARIATION_MARGIN,MCX_VARIATION_MARGIN,PNL,INR,2022-05-25,2022-06-17,2022-06-17,2022-06-17,2791469.97,1.0,n/a (INR flow),2791469.97,,roll following on the LME panel calendar,PROXY,,direction x lots x lot_kg x (F(s) - F(s-1)),,P3
REALISED,T07,MCX:T07-MCX-1,MCX_INITIAL_MARGIN,MCX_INITIAL_MARGIN,BS,INR,2022-05-25,2022-06-20,2022-06-20,2022-06-20,173654.58,1.0,n/a (INR flow),173654.58,,roll following on the LME panel calendar,PROXY,,-d(lots x lot_kg x F(s) x mcx_al_margin_used_frac),,P3
REALISED,T07,MCX:T07-MCX-1,MCX_VARIATION_MARGIN,MCX_VARIATION_MARGIN,PNL,INR,2022-05-25,2022-06-20,2022-06-20,2022-06-20,1736545.82,1.0,n/a (INR flow),1736545.82,,roll following on the LME panel calendar,PROXY,,direction x lots x lot_kg x (F(s) - F(s-1)),,P3
REALISED,T07,MCX:T07-MCX-1,MCX_INITIAL_MARGIN,MCX_INITIAL_MARGIN,BS,INR,2022-05-25,2022-06-21,2022-06-21,2022-06-21,25697115.9,1.0,n/a (INR flow),25697115.9,,roll following on the LME panel calendar,PROXY,,-d(lots x lot_kg x F(s) x mcx_al_margin_used_frac),,P3
REALISED,T07,MCX:T07-MCX-1,MCX_SLIPPAGE,MCX_SLIPPAGE,PNL,INR,2022-06-21,,2022-06-21,2022-06-21,-123500.0,1.0,n/a (INR flow),-123500.0,,roll following on the LME panel calendar,ASSUMPTION,,-lots x lot_kg x mcx_slippage_ticks x tick,,P3
REALISED,T07,MCX:T07-MCX-1,MCX_TRANSACTION_COST,MCX_TRANSACTION_COST,PNL,INR,2022-06-21,2022-06-21,2022-06-21,2022-06-21,-79082.49,1.0,n/a (INR flow),-79082.49,,roll following on the LME panel calendar,ASSUMPTION,,-lots x lot_kg x fill x mcx_txn_cost_frac,,P3
REALISED,T07,MCX:T07-MCX-1,MCX_VARIATION_MARGIN,MCX_VARIATION_MARGIN,PNL,INR,2022-05-25,2022-06-21,2022-06-21,2022-06-21,-6513626.07,1.0,n/a (INR flow),-6513626.07,,roll following on the LME panel calendar,PROXY,,direction x lots x lot_kg x (F(s) - F(s-1)),,P3
REALISED,T07,MCX:T07-MCX-2,MCX_INITIAL_MARGIN,MCX_INITIAL_MARGIN,BS,INR,2022-06-21,2022-06-21,2022-06-21,2022-06-21,-26455963.95,1.0,n/a (INR flow),-26455963.95,,roll following on the LME panel calendar,PROXY,,-d(lots x lot_kg x F(s) x mcx_al_margin_used_frac),,P3
REALISED,T07,MCX:T07-MCX-2,MCX_SLIPPAGE,MCX_SLIPPAGE,PNL,INR,2022-06-21,,2022-06-21,2022-06-21,-123500.0,1.0,n/a (INR flow),-123500.0,,roll following on the LME panel calendar,ASSUMPTION,,-lots x lot_kg x mcx_slippage_ticks x tick,,P3
REALISED,T07,MCX:T07-MCX-2,MCX_TRANSACTION_COST,MCX_TRANSACTION_COST,PNL,INR,2022-06-21,2022-06-21,2022-06-21,2022-06-21,-79330.84,1.0,n/a (INR flow),-79330.84,,roll following on the LME panel calendar,ASSUMPTION,,-lots x lot_kg x fill x mcx_txn_cost_frac,,P3
REALISED,T07,MCX:T07-MCX-2,MCX_VARIATION_MARGIN,MCX_VARIATION_MARGIN,PNL,INR,2022-06-21,2022-06-21,2022-06-21,2022-06-21,-0.0,1.0,n/a (INR flow),-0.0,,roll following on the LME panel calendar,PROXY,,direction x lots x lot_kg x (F(entry) - entry settle) = 0 by construction,,P3
REALISED,T07,BILL_COMMISSION:L2,IMPORT_BILL_COMMISSION,IMPORT_BILL_COMMISSION,PNL,USD,2022-05-25,2022-06-22,2022-06-22,2022-06-22,-2365.52,78.3267,spot at settlement,-185283.69,,roll following on the LME panel calendar,DIRECT,,-import_bill_commission_frac x bill_usd,,P3
REALISED,T07,FX:T07-FX-2,FX_FORWARD,FX_FORWARD,PNL,INR,2022-05-25,2022-06-22,2022-06-22,2022-06-22,850237.99,1.0,n/a (INR flow),850237.99,,roll following on the LME panel calendar,PROXY,,"sign x notional x (X(tau, value_date) - K)",,P3
REALISED,T07,MCX:T07-MCX-2,MCX_INITIAL_MARGIN,MCX_INITIAL_MARGIN,BS,INR,2022-06-21,2022-06-22,2022-06-22,2022-06-22,609448.4,1.0,n/a (INR flow),609448.4,,roll following on the LME panel calendar,PROXY,,-d(lots x lot_kg x F(s) x mcx_al_margin_used_frac),,P3
REALISED,T07,MCX:T07-MCX-2,MCX_VARIATION_MARGIN,MCX_VARIATION_MARGIN,PNL,INR,2022-06-21,2022-06-22,2022-06-22,2022-06-22,6094484.0,1.0,n/a (INR flow),6094484.0,,roll following on the LME panel calendar,PROXY,,direction x lots x lot_kg x (F(s) - F(s-1)),,P3
REALISED,T07,PURCHASE:L2,PURCHASE_INVOICE,PURCHASE_INVOICE,PNL,USD,2022-05-25,,2022-06-22,2022-06-22,-1971270.0,78.3267,spot at settlement,-154403073.91,,roll following on the LME panel calendar,SIM,,-q_bl x price_usd_t,,P3
REALISED,T07,MCX:T07-MCX-2,MCX_INITIAL_MARGIN,MCX_INITIAL_MARGIN,BS,INR,2022-06-21,2022-06-23,2022-06-23,2022-06-23,-241732.48,1.0,n/a (INR flow),-241732.48,,roll following on the LME panel calendar,PROXY,,-d(lots x lot_kg x F(s) x mcx_al_margin_used_frac),,P3
REALISED,T07,MCX:T07-MCX-2,MCX_VARIATION_MARGIN,MCX_VARIATION_MARGIN,PNL,INR,2022-06-21,2022-06-23,2022-06-23,2022-06-23,-2417324.78,1.0,n/a (INR flow),-2417324.78,,roll following on the LME panel calendar,PROXY,,direction x lots x lot_kg x (F(s) - F(s-1)),,P3
REALISED,T07,MCX:T07-MCX-2,MCX_INITIAL_MARGIN,MCX_INITIAL_MARGIN,BS,INR,2022-06-21,2022-06-24,2022-06-24,2022-06-24,464287.06,1.0,n/a (INR flow),464287.06,,roll following on the LME panel calendar,PROXY,,-d(lots x lot_kg x F(s) x mcx_al_margin_used_frac),,P3
REALISED,T07,MCX:T07-MCX-2,MCX_VARIATION_MARGIN,MCX_VARIATION_MARGIN,PNL,INR,2022-06-21,2022-06-24,2022-06-24,2022-06-24,4642870.64,1.0,n/a (INR flow),4642870.64,,roll following on the LME panel calendar,PROXY,,direction x lots x lot_kg x (F(s) - F(s-1)),,P3
REALISED,T07,MCX:T07-MCX-2,MCX_INITIAL_MARGIN,MCX_INITIAL_MARGIN,BS,INR,2022-06-21,2022-06-27,2022-06-27,2022-06-27,-217252.24,1.0,n/a (INR flow),-217252.24,,roll following on the LME panel calendar,PROXY,,-d(lots x lot_kg x F(s) x mcx_al_margin_used_frac),,P3
REALISED,T07,MCX:T07-MCX-2,MCX_VARIATION_MARGIN,MCX_VARIATION_MARGIN,PNL,INR,2022-06-21,2022-06-27,2022-06-27,2022-06-27,-2172522.44,1.0,n/a (INR flow),-2172522.44,,roll following on the LME panel calendar,PROXY,,direction x lots x lot_kg x (F(s) - F(s-1)),,P3
REALISED,T07,MCX:T07-MCX-2,MCX_INITIAL_MARGIN,MCX_INITIAL_MARGIN,BS,INR,2022-06-21,2022-06-28,2022-06-28,2022-06-28,-670012.77,1.0,n/a (INR flow),-670012.77,,roll following on the LME panel calendar,PROXY,,-d(lots x lot_kg x F(s) x mcx_al_margin_used_frac),,P3
REALISED,T07,MCX:T07-MCX-2,MCX_VARIATION_MARGIN,MCX_VARIATION_MARGIN,PNL,INR,2022-06-21,2022-06-28,2022-06-28,2022-06-28,-6700127.66,1.0,n/a (INR flow),-6700127.66,,roll following on the LME panel calendar,PROXY,,direction x lots x lot_kg x (F(s) - F(s-1)),,P3
REALISED,T07,MCX:T07-MCX-2,MCX_INITIAL_MARGIN,MCX_INITIAL_MARGIN,BS,INR,2022-06-21,2022-06-29,2022-06-29,2022-06-29,520035.79,1.0,n/a (INR flow),520035.79,,roll following on the LME panel calendar,PROXY,,-d(lots x lot_kg x F(s) x mcx_al_margin_used_frac),,P3
REALISED,T07,MCX:T07-MCX-2,MCX_VARIATION_MARGIN,MCX_VARIATION_MARGIN,PNL,INR,2022-06-21,2022-06-29,2022-06-29,2022-06-29,5200357.94,1.0,n/a (INR flow),5200357.94,,roll following on the LME panel calendar,PROXY,,direction x lots x lot_kg x (F(s) - F(s-1)),,P3
REALISED,T07,MCX:T07-MCX-2,MCX_INITIAL_MARGIN,MCX_INITIAL_MARGIN,BS,INR,2022-06-21,2022-06-30,2022-06-30,2022-06-30,554837.76,1.0,n/a (INR flow),554837.76,,roll following on the LME panel calendar,PROXY,,-d(lots x lot_kg x F(s) x mcx_al_margin_used_frac),,P3
REALISED,T07,MCX:T07-MCX-2,MCX_VARIATION_MARGIN,MCX_VARIATION_MARGIN,PNL,INR,2022-06-21,2022-06-30,2022-06-30,2022-06-30,5548377.6,1.0,n/a (INR flow),5548377.6,,roll following on the LME panel calendar,PROXY,,direction x lots x lot_kg x (F(s) - F(s-1)),,P3
REALISED,T07,MCX:T07-MCX-2,MCX_INITIAL_MARGIN,MCX_INITIAL_MARGIN,BS,INR,2022-06-21,2022-07-01,2022-07-01,2022-07-01,150066.82,1.0,n/a (INR flow),150066.82,,roll following on the LME panel calendar,PROXY,,-d(lots x lot_kg x F(s) x mcx_al_margin_used_frac),,P3
REALISED,T07,MCX:T07-MCX-2,MCX_VARIATION_MARGIN,MCX_VARIATION_MARGIN,PNL,INR,2022-06-21,2022-07-01,2022-07-01,2022-07-01,1500668.25,1.0,n/a (INR flow),1500668.25,,roll following on the LME panel calendar,PROXY,,direction x lots x lot_kg x (F(s) - F(s-1)),,P3
REALISED,T07,MCX:T07-MCX-2,MCX_INITIAL_MARGIN,MCX_INITIAL_MARGIN,BS,INR,2022-06-21,2022-07-04,2022-07-04,2022-07-04,-459814.37,1.0,n/a (INR flow),-459814.37,,roll following on the LME panel calendar,PROXY,,-d(lots x lot_kg x F(s) x mcx_al_margin_used_frac),,P3
REALISED,T07,MCX:T07-MCX-2,MCX_VARIATION_MARGIN,MCX_VARIATION_MARGIN,PNL,INR,2022-06-21,2022-07-04,2022-07-04,2022-07-04,-4598143.68,1.0,n/a (INR flow),-4598143.68,,roll following on the LME panel calendar,PROXY,,direction x lots x lot_kg x (F(s) - F(s-1)),,P3
REALISED,T07,MCX:T07-MCX-2,MCX_INITIAL_MARGIN,MCX_INITIAL_MARGIN,BS,INR,2022-06-21,2022-07-05,2022-07-05,2022-07-05,467513.0,1.0,n/a (INR flow),467513.0,,roll following on the LME panel calendar,PROXY,,-d(lots x lot_kg x F(s) x mcx_al_margin_used_frac),,P3
REALISED,T07,MCX:T07-MCX-2,MCX_VARIATION_MARGIN,MCX_VARIATION_MARGIN,PNL,INR,2022-06-21,2022-07-05,2022-07-05,2022-07-05,4675129.95,1.0,n/a (INR flow),4675129.95,,roll following on the LME panel calendar,PROXY,,direction x lots x lot_kg x (F(s) - F(s-1)),,P3
REALISED,T07,MCX:T07-MCX-2,MCX_INITIAL_MARGIN,MCX_INITIAL_MARGIN,BS,INR,2022-06-21,2022-07-06,2022-07-06,2022-07-06,249826.47,1.0,n/a (INR flow),249826.47,,roll following on the LME panel calendar,PROXY,,-d(lots x lot_kg x F(s) x mcx_al_margin_used_frac),,P3
REALISED,T07,MCX:T07-MCX-2,MCX_VARIATION_MARGIN,MCX_VARIATION_MARGIN,PNL,INR,2022-06-21,2022-07-06,2022-07-06,2022-07-06,2498264.66,1.0,n/a (INR flow),2498264.66,,roll following on the LME panel calendar,PROXY,,direction x lots x lot_kg x (F(s) - F(s-1)),,P3
REALISED,T07,MCX:T07-MCX-2,MCX_INITIAL_MARGIN,MCX_INITIAL_MARGIN,BS,INR,2022-06-21,2022-07-07,2022-07-07,2022-07-07,-641906.4,1.0,n/a (INR flow),-641906.4,,roll following on the LME panel calendar,PROXY,,-d(lots x lot_kg x F(s) x mcx_al_margin_used_frac),,P3
REALISED,T07,MCX:T07-MCX-2,MCX_VARIATION_MARGIN,MCX_VARIATION_MARGIN,PNL,INR,2022-06-21,2022-07-07,2022-07-07,2022-07-07,-6419064.04,1.0,n/a (INR flow),-6419064.04,,roll following on the LME panel calendar,PROXY,,direction x lots x lot_kg x (F(s) - F(s-1)),,P3
REALISED,T07,MCX:T07-MCX-2,MCX_INITIAL_MARGIN,MCX_INITIAL_MARGIN,BS,INR,2022-06-21,2022-07-08,2022-07-08,2022-07-08,175043.97,1.0,n/a (INR flow),175043.97,,roll following on the LME panel calendar,PROXY,,-d(lots x lot_kg x F(s) x mcx_al_margin_used_frac),,P3
REALISED,T07,MCX:T07-MCX-2,MCX_VARIATION_MARGIN,MCX_VARIATION_MARGIN,PNL,INR,2022-06-21,2022-07-08,2022-07-08,2022-07-08,1750439.66,1.0,n/a (INR flow),1750439.66,,roll following on the LME panel calendar,PROXY,,direction x lots x lot_kg x (F(s) - F(s-1)),,P3
REALISED,T07,MCX:T07-MCX-2,MCX_INITIAL_MARGIN,MCX_INITIAL_MARGIN,BS,INR,2022-06-21,2022-07-11,2022-07-11,2022-07-11,-248728.69,1.0,n/a (INR flow),-248728.69,,roll following on the LME panel calendar,PROXY,,-d(lots x lot_kg x F(s) x mcx_al_margin_used_frac),,P3
REALISED,T07,MCX:T07-MCX-2,MCX_VARIATION_MARGIN,MCX_VARIATION_MARGIN,PNL,INR,2022-06-21,2022-07-11,2022-07-11,2022-07-11,-2487286.91,1.0,n/a (INR flow),-2487286.91,,roll following on the LME panel calendar,PROXY,,direction x lots x lot_kg x (F(s) - F(s-1)),,P3
REALISED,T07,MCX:T07-MCX-2,MCX_INITIAL_MARGIN,MCX_INITIAL_MARGIN,BS,INR,2022-06-21,2022-07-12,2022-07-12,2022-07-12,601232.91,1.0,n/a (INR flow),601232.91,,roll following on the LME panel calendar,PROXY,,-d(lots x lot_kg x F(s) x mcx_al_margin_used_frac),,P3
REALISED,T07,MCX:T07-MCX-2,MCX_VARIATION_MARGIN,MCX_VARIATION_MARGIN,PNL,INR,2022-06-21,2022-07-12,2022-07-12,2022-07-12,6012329.14,1.0,n/a (INR flow),6012329.14,,roll following on the LME panel calendar,PROXY,,direction x lots x lot_kg x (F(s) - F(s-1)),,P3
REALISED,T07,MCX:T07-MCX-2,MCX_INITIAL_MARGIN,MCX_INITIAL_MARGIN,BS,INR,2022-06-21,2022-07-13,2022-07-13,2022-07-13,153241.08,1.0,n/a (INR flow),153241.08,,roll following on the LME panel calendar,PROXY,,-d(lots x lot_kg x F(s) x mcx_al_margin_used_frac),,P3
REALISED,T07,MCX:T07-MCX-2,MCX_VARIATION_MARGIN,MCX_VARIATION_MARGIN,PNL,INR,2022-06-21,2022-07-13,2022-07-13,2022-07-13,1532410.84,1.0,n/a (INR flow),1532410.84,,roll following on the LME panel calendar,PROXY,,direction x lots x lot_kg x (F(s) - F(s-1)),,P3
REALISED,T07,MCX:T07-MCX-2,MCX_INITIAL_MARGIN,MCX_INITIAL_MARGIN,BS,INR,2022-06-21,2022-07-14,2022-07-14,2022-07-14,15629.45,1.0,n/a (INR flow),15629.45,,roll following on the LME panel calendar,PROXY,,-d(lots x lot_kg x F(s) x mcx_al_margin_used_frac),,P3
REALISED,T07,MCX:T07-MCX-2,MCX_VARIATION_MARGIN,MCX_VARIATION_MARGIN,PNL,INR,2022-06-21,2022-07-14,2022-07-14,2022-07-14,156294.51,1.0,n/a (INR flow),156294.51,,roll following on the LME panel calendar,PROXY,,direction x lots x lot_kg x (F(s) - F(s-1)),,P3
REALISED,T07,MCX:T07-MCX-2,MCX_INITIAL_MARGIN,MCX_INITIAL_MARGIN,BS,INR,2022-06-21,2022-07-15,2022-07-15,2022-07-15,153916.4,1.0,n/a (INR flow),153916.4,,roll following on the LME panel calendar,PROXY,,-d(lots x lot_kg x F(s) x mcx_al_margin_used_frac),,P3
REALISED,T07,MCX:T07-MCX-2,MCX_VARIATION_MARGIN,MCX_VARIATION_MARGIN,PNL,INR,2022-06-21,2022-07-15,2022-07-15,2022-07-15,1539163.99,1.0,n/a (INR flow),1539163.99,,roll following on the LME panel calendar,PROXY,,direction x lots x lot_kg x (F(s) - F(s-1)),,P3
REALISED,T07,MCX:T07-MCX-2,MCX_INITIAL_MARGIN,MCX_INITIAL_MARGIN,BS,INR,2022-06-21,2022-07-18,2022-07-18,2022-07-18,-643581.64,1.0,n/a (INR flow),-643581.64,,roll following on the LME panel calendar,PROXY,,-d(lots x lot_kg x F(s) x mcx_al_margin_used_frac),,P3
REALISED,T07,MCX:T07-MCX-2,MCX_VARIATION_MARGIN,MCX_VARIATION_MARGIN,PNL,INR,2022-06-21,2022-07-18,2022-07-18,2022-07-18,-6435816.4,1.0,n/a (INR flow),-6435816.4,,roll following on the LME panel calendar,PROXY,,direction x lots x lot_kg x (F(s) - F(s-1)),,P3
REALISED,T07,DUTY:L1,CUSTOMS_DUTY,CUSTOMS_DUTY,PNL,INR,2022-05-25,2022-07-19,2022-07-19,2022-07-19,-4524209.04,1.0,n/a (INR flow),-4524209.04,,roll following on the LME panel calendar,DIRECT,,-assessable_inr x bcd_scrap_hs7602 x (1 + sws_rate_on_bcd),,P3
REALISED,T07,IGST:L1,IGST_IMPORT,IGST_IMPORT,BS,INR,2022-05-25,2022-07-19,2022-07-19,2022-07-19,-30427362.28,1.0,n/a (INR flow),-30427362.28,,roll following on the LME panel calendar,DIRECT,,-(assessable + duty) x igst_rate_hs7602,,P3
REALISED,T07,MCX:T07-MCX-2,MCX_INITIAL_MARGIN,MCX_INITIAL_MARGIN,BS,INR,2022-06-21,2022-07-19,2022-07-19,2022-07-19,-350673.58,1.0,n/a (INR flow),-350673.58,,roll following on the LME panel calendar,PROXY,,-d(lots x lot_kg x F(s) x mcx_al_margin_used_frac),,P3
REALISED,T07,MCX:T07-MCX-2,MCX_VARIATION_MARGIN,MCX_VARIATION_MARGIN,PNL,INR,2022-06-21,2022-07-19,2022-07-19,2022-07-19,-3506735.84,1.0,n/a (INR flow),-3506735.84,,roll following on the LME panel calendar,PROXY,,direction x lots x lot_kg x (F(s) - F(s-1)),,P3
REALISED,T07,MCX:T07-MCX-2,MCX_INITIAL_MARGIN,MCX_INITIAL_MARGIN,BS,INR,2022-06-21,2022-07-20,2022-07-20,2022-07-20,25814587.0,1.0,n/a (INR flow),25814587.0,,roll following on the LME panel calendar,PROXY,,-d(lots x lot_kg x F(s) x mcx_al_margin_used_frac),,P3
REALISED,T07,MCX:T07-MCX-2,MCX_SLIPPAGE,MCX_SLIPPAGE,PNL,INR,2022-07-20,,2022-07-20,2022-07-20,-123500.0,1.0,n/a (INR flow),-123500.0,,roll following on the LME panel calendar,ASSUMPTION,,-lots x lot_kg x mcx_slippage_ticks x tick,,P3
REALISED,T07,MCX:T07-MCX-2,MCX_TRANSACTION_COST,MCX_TRANSACTION_COST,PNL,INR,2022-07-20,2022-07-20,2022-07-20,2022-07-20,-78964.63,1.0,n/a (INR flow),-78964.63,,roll following on the LME panel calendar,ASSUMPTION,,-lots x lot_kg x fill x mcx_txn_cost_frac,,P3
REALISED,T07,MCX:T07-MCX-2,MCX_VARIATION_MARGIN,MCX_VARIATION_MARGIN,PNL,INR,2022-06-21,2022-07-20,2022-07-20,2022-07-20,-4946070.72,1.0,n/a (INR flow),-4946070.72,,roll following on the LME panel calendar,PROXY,,direction x lots x lot_kg x (F(s) - F(s-1)),,P3
REALISED,T07,MCX:T07-MCX-3,MCX_INITIAL_MARGIN,MCX_INITIAL_MARGIN,BS,INR,2022-07-20,2022-07-20,2022-07-20,2022-07-20,-26435382.12,1.0,n/a (INR flow),-26435382.12,,roll following on the LME panel calendar,PROXY,,-d(lots x lot_kg x F(s) x mcx_al_margin_used_frac),,P3
REALISED,T07,MCX:T07-MCX-3,MCX_SLIPPAGE,MCX_SLIPPAGE,PNL,INR,2022-07-20,,2022-07-20,2022-07-20,-123500.0,1.0,n/a (INR flow),-123500.0,,roll following on the LME panel calendar,ASSUMPTION,,-lots x lot_kg x mcx_slippage_ticks x tick,,P3
REALISED,T07,MCX:T07-MCX-3,MCX_TRANSACTION_COST,MCX_TRANSACTION_COST,PNL,INR,2022-07-20,2022-07-20,2022-07-20,2022-07-20,-79269.1,1.0,n/a (INR flow),-79269.1,,roll following on the LME panel calendar,ASSUMPTION,,-lots x lot_kg x fill x mcx_txn_cost_frac,,P3
REALISED,T07,MCX:T07-MCX-3,MCX_VARIATION_MARGIN,MCX_VARIATION_MARGIN,PNL,INR,2022-07-20,2022-07-20,2022-07-20,2022-07-20,-0.0,1.0,n/a (INR flow),-0.0,,roll following on the LME panel calendar,PROXY,,direction x lots x lot_kg x (F(entry) - entry settle) = 0 by construction,,P3
REALISED,T07,MCX:T07-MCX-3,MCX_INITIAL_MARGIN,MCX_INITIAL_MARGIN,BS,INR,2022-07-20,2022-07-21,2022-07-21,2022-07-21,379340.07,1.0,n/a (INR flow),379340.07,,roll following on the LME panel calendar,PROXY,,-d(lots x lot_kg x F(s) x mcx_al_margin_used_frac),,P3
REALISED,T07,MCX:T07-MCX-3,MCX_VARIATION_MARGIN,MCX_VARIATION_MARGIN,PNL,INR,2022-07-20,2022-07-21,2022-07-21,2022-07-21,3793400.68,1.0,n/a (INR flow),3793400.68,,roll following on the LME panel calendar,PROXY,,direction x lots x lot_kg x (F(s) - F(s-1)),,P3
REALISED,T07,MCX:T07-MCX-3,MCX_INITIAL_MARGIN,MCX_INITIAL_MARGIN,BS,INR,2022-07-20,2022-07-22,2022-07-22,2022-07-22,-362903.56,1.0,n/a (INR flow),-362903.56,,roll following on the LME panel calendar,PROXY,,-d(lots x lot_kg x F(s) x mcx_al_margin_used_frac),,P3
REALISED,T07,MCX:T07-MCX-3,MCX_VARIATION_MARGIN,MCX_VARIATION_MARGIN,PNL,INR,2022-07-20,2022-07-22,2022-07-22,2022-07-22,-3629035.65,1.0,n/a (INR flow),-3629035.65,,roll following on the LME panel calendar,PROXY,,direction x lots x lot_kg x (F(s) - F(s-1)),,P3
REALISED,T07,MCX:T07-MCX-3,MCX_INITIAL_MARGIN,MCX_INITIAL_MARGIN,BS,INR,2022-07-20,2022-07-25,2022-07-25,2022-07-25,344174.23,1.0,n/a (INR flow),344174.23,,roll following on the LME panel calendar,PROXY,,-d(lots x lot_kg x F(s) x mcx_al_margin_used_frac),,P3
REALISED,T07,MCX:T07-MCX-3,MCX_VARIATION_MARGIN,MCX_VARIATION_MARGIN,PNL,INR,2022-07-20,2022-07-25,2022-07-25,2022-07-25,3441742.32,1.0,n/a (INR flow),3441742.32,,roll following on the LME panel calendar,PROXY,,direction x lots x lot_kg x (F(s) - F(s-1)),,P3
REALISED,T07,DUTY:L2,CUSTOMS_DUTY,CUSTOMS_DUTY,PNL,INR,2022-05-25,2022-07-26,2022-07-26,2022-07-26,-4583663.61,1.0,n/a (INR flow),-4583663.61,,roll following on the LME panel calendar,DIRECT,,-assessable_inr x bcd_scrap_hs7602 x (1 + sws_rate_on_bcd),,P3
REALISED,T07,IGST:L2,IGST_IMPORT,IGST_IMPORT,BS,INR,2022-05-25,2022-07-26,2022-07-26,2022-07-26,-30827221.23,1.0,n/a (INR flow),-30827221.23,,roll following on the LME panel calendar,DIRECT,,-(assessable + duty) x igst_rate_hs7602,,P3
REALISED,T07,MCX:T07-MCX-3,MCX_INITIAL_MARGIN,MCX_INITIAL_MARGIN,BS,INR,2022-07-20,2022-07-26,2022-07-26,2022-07-26,26074771.39,1.0,n/a (INR flow),26074771.39,,roll following on the LME panel calendar,PROXY,,-d(lots x lot_kg x F(s) x mcx_al_margin_used_frac),,P3
REALISED,T07,MCX:T07-MCX-3,MCX_SLIPPAGE,MCX_SLIPPAGE,PNL,INR,2022-07-26,,2022-07-26,2022-07-26,-123500.0,1.0,n/a (INR flow),-123500.0,,roll following on the LME panel calendar,ASSUMPTION,,-lots x lot_kg x mcx_slippage_ticks x tick,,P3
REALISED,T07,MCX:T07-MCX-3,MCX_TRANSACTION_COST,MCX_TRANSACTION_COST,PNL,INR,2022-07-26,2022-07-26,2022-07-26,2022-07-26,-78457.12,1.0,n/a (INR flow),-78457.12,,roll following on the LME panel calendar,ASSUMPTION,,-lots x lot_kg x fill x mcx_txn_cost_frac,,P3
REALISED,T07,MCX:T07-MCX-3,MCX_VARIATION_MARGIN,MCX_VARIATION_MARGIN,PNL,INR,2022-07-20,2022-07-26,2022-07-26,2022-07-26,-652520.26,1.0,n/a (INR flow),-652520.26,,roll following on the LME panel calendar,PROXY,,direction x lots x lot_kg x (F(s) - F(s-1)),,P3
REALISED,T07,DEMURRAGE:L1,DEMURRAGE,DEMURRAGE,PNL,USD,2022-05-25,,2022-08-03,2022-08-03,-3150.0,79.1539,spot at settlement,-249334.78,,roll following on the LME panel calendar,SIM,T07-LOG-1,"-cleared boxes x max(0, dwell - detention_free_days) x demurrage_usd_per_box_day",,P3
REALISED,T07,PORT:L1,PORT_CHARGES,PORT_CHARGES,PNL,INR,2022-05-25,,2022-08-03,2022-08-03,-2504250.0,1.0,n/a (INR flow),-2504250.0,,roll following on the LME panel calendar,ASSUMPTION,,-port_cf_charges_inr_t x base_payload x cleared boxes,,P3
REALISED,T07,SALE:S1,SALE_ADVANCE,SALE_ADVANCE,PNL,INR,2022-07-26,2022-08-12,2022-09-15,2022-08-12,220279500.0,1.0,n/a (INR flow),220279500.0,,roll following on the LME panel calendar,SIM,,+advance_frac x q_plan x P_sale,,P3
REALISED,T07,DEMURRAGE:L2,DEMURRAGE,DEMURRAGE,PNL,USD,2022-05-25,,2022-08-16,2022-08-16,-12600.0,79.3352,spot at settlement,-999623.52,,roll following on the LME panel calendar,SIM,T07-LOG-2,"-cleared boxes x max(0, dwell - detention_free_days) x demurrage_usd_per_box_day",,P3
REALISED,T07,PORT:L2,PORT_CHARGES,PORT_CHARGES,PNL,INR,2022-05-25,,2022-08-16,2022-08-16,-2504250.0,1.0,n/a (INR flow),-2504250.0,,roll following on the LME panel calendar,ASSUMPTION,,-port_cf_charges_inr_t x base_payload x cleared boxes,,P3
REALISED,T07,CLAIM:L1,QUALITY_CLAIM,QUALITY_CLAIM,PNL,USD,2022-05-25,2022-07-19,2022-08-18,2022-08-18,59668.37,79.6247,spot at settlement,4751076.19,,roll following on the LME panel calendar,SIM,QUALITY:L1,+recovery x price x (q_rej + q_clr x ratio x m_ex + q_acc x disc),,P3
REALISED,T07,IGST:L1,IGST_CREDIT,IGST_CREDIT,BS,INR,2022-05-25,2022-07-19,2022-09-02,2022-09-02,30427362.28,1.0,n/a (INR flow),30427362.28,,roll following on the LME panel calendar,DIRECT,,+(assessable + duty) x igst_rate at igst_credit_lag_days,,P3
REALISED,T07,IGST:L2,IGST_CREDIT,IGST_CREDIT,BS,INR,2022-05-25,2022-07-26,2022-09-09,2022-09-09,30827221.23,1.0,n/a (INR flow),30827221.23,,roll following on the LME panel calendar,DIRECT,,+(assessable + duty) x igst_rate at igst_credit_lag_days,,P3
REALISED,T07,SALE:S1,SALE_BALANCE,SALE_BALANCE,PNL,INR,2022-07-26,2022-07-26,2022-09-15,2022-10-11,89642899.87,1.0,n/a (INR flow),89642899.87,,roll following on the LME panel calendar,SIM,T07-PAY-1,+q_acc x P_sale x (1 - disc passthrough) - advance,,P3
REALISED,T08,LC_FEES,LC_OPENING_FEE,LC_OPENING_FEE,PNL,USD,2022-06-08,2022-06-14,2022-06-14,2022-06-14,-5988.64,78.032,spot at settlement,-467305.84,,roll following on the LME panel calendar,DIRECT,,-lc_opening_fee_frac_per_month x ceil(validity/30) x lc_value_usd,,P3
REALISED,T08,INSURANCE:L1,INSURANCE,INSURANCE,PNL,USD,2022-06-08,2022-06-22,2022-06-22,2022-06-22,-1774.27,78.3267,spot at settlement,-138972.38,,roll following on the LME panel calendar,ASSUMPTION,,-insurance_rate x insured_value_uplift x cfr_value_usd,,P3
REALISED,T08,BILL_COMMISSION:L1,IMPORT_BILL_COMMISSION,IMPORT_BILL_COMMISSION,PNL,USD,2022-06-08,2022-06-29,2022-06-29,2022-06-29,-1838.78,78.955,spot at settlement,-145181.23,,roll following on the LME panel calendar,DIRECT,,-import_bill_commission_frac x bill_usd,,P3
REALISED,T08,FX:T08-FX-1,FX_FORWARD,FX_FORWARD,PNL,INR,2022-06-22,2022-06-29,2022-06-29,2022-06-29,728036.72,1.0,n/a (INR flow),728036.72,,roll following on the LME panel calendar,PROXY,,"sign x notional x (X(tau, value_date) - K)",,P3
REALISED,T08,INSURANCE:L2,INSURANCE,INSURANCE,PNL,USD,2022-06-08,2022-06-29,2022-06-29,2022-06-29,-1771.74,78.955,spot at settlement,-139887.47,,roll following on the LME panel calendar,ASSUMPTION,,-insurance_rate x insured_value_uplift x cfr_value_usd,,P3
REALISED,T08,PURCHASE:L1,PURCHASE_PROVISIONAL,PURCHASE_PROVISIONAL,PNL,USD,2022-06-08,2022-06-22,2022-06-29,2022-06-29,-1532320.4,78.955,spot at settlement,-120984357.02,,roll following on the LME panel calendar,DIRECT,,-provisional_frac x q_bl x (factor x cash(bl) + premium),,P3
REALISED,T08,BILL_COMMISSION:L2,IMPORT_BILL_COMMISSION,IMPORT_BILL_COMMISSION,PNL,USD,2022-06-08,2022-07-06,2022-07-06,2022-07-06,-1836.16,79.1315,spot at settlement,-145298.37,,roll following on the LME panel calendar,DIRECT,,-import_bill_commission_frac x bill_usd,,P3
REALISED,T08,FX:T08-FX-2,FX_FORWARD,FX_FORWARD,PNL,INR,2022-06-29,2022-07-06,2022-07-06,2022-07-06,38747.71,1.0,n/a (INR flow),38747.71,,roll following on the LME panel calendar,PROXY,,"sign x notional x (X(tau, value_date) - K)",,P3
REALISED,T08,PURCHASE:L2,PURCHASE_PROVISIONAL,PURCHASE_PROVISIONAL,PNL,USD,2022-06-08,2022-06-29,2022-07-06,2022-07-06,-1530136.27,79.1315,spot at settlement,-121081978.41,,roll following on the LME panel calendar,DIRECT,,-provisional_frac x q_bl x (factor x cash(bl) + premium),,P3
REALISED,T08,MCX:T08-MCX-1,MCX_INITIAL_MARGIN,MCX_INITIAL_MARGIN,BS,INR,2022-07-15,2022-07-15,2022-07-15,2022-07-15,-23222822.77,1.0,n/a (INR flow),-23222822.77,,roll following on the LME panel calendar,PROXY,,-d(lots x lot_kg x F(s) x mcx_al_margin_used_frac),,P3
REALISED,T08,MCX:T08-MCX-1,MCX_SLIPPAGE,MCX_SLIPPAGE,PNL,INR,2022-07-15,,2022-07-15,2022-07-15,-115000.0,1.0,n/a (INR flow),-115000.0,,roll following on the LME panel calendar,ASSUMPTION,,-lots x lot_kg x mcx_slippage_ticks x tick,,P3
REALISED,T08,MCX:T08-MCX-1,MCX_TRANSACTION_COST,MCX_TRANSACTION_COST,PNL,INR,2022-07-15,2022-07-15,2022-07-15,2022-07-15,-69633.97,1.0,n/a (INR flow),-69633.97,,roll following on the LME panel calendar,ASSUMPTION,,-lots x lot_kg x fill x mcx_txn_cost_frac,,P3
REALISED,T08,MCX:T08-MCX-1,MCX_VARIATION_MARGIN,MCX_VARIATION_MARGIN,PNL,INR,2022-07-15,2022-07-15,2022-07-15,2022-07-15,-0.0,1.0,n/a (INR flow),-0.0,,roll following on the LME panel calendar,PROXY,,direction x lots x lot_kg x (F(entry) - entry settle) = 0 by construction,,P3
REALISED,T08,MCX:T08-MCX-1,MCX_INITIAL_MARGIN,MCX_INITIAL_MARGIN,BS,INR,2022-07-15,2022-07-18,2022-07-18,2022-07-18,-602208.39,1.0,n/a (INR flow),-602208.39,,roll following on the LME panel calendar,PROXY,,-d(lots x lot_kg x F(s) x mcx_al_margin_used_frac),,P3
REALISED,T08,MCX:T08-MCX-1,MCX_VARIATION_MARGIN,MCX_VARIATION_MARGIN,PNL,INR,2022-07-15,2022-07-18,2022-07-18,2022-07-18,-6022083.85,1.0,n/a (INR flow),-6022083.85,,roll following on the LME panel calendar,PROXY,,direction x lots x lot_kg x (F(s) - F(s-1)),,P3
REALISED,T08,MCX:T08-MCX-1,MCX_INITIAL_MARGIN,MCX_INITIAL_MARGIN,BS,INR,2022-07-15,2022-07-19,2022-07-19,2022-07-19,-328120.64,1.0,n/a (INR flow),-328120.64,,roll following on the LME panel calendar,PROXY,,-d(lots x lot_kg x F(s) x mcx_al_margin_used_frac),,P3
REALISED,T08,MCX:T08-MCX-1,MCX_VARIATION_MARGIN,MCX_VARIATION_MARGIN,PNL,INR,2022-07-15,2022-07-19,2022-07-19,2022-07-19,-3281206.4,1.0,n/a (INR flow),-3281206.4,,roll following on the LME panel calendar,PROXY,,direction x lots x lot_kg x (F(s) - F(s-1)),,P3
REALISED,T08,MCX:T08-MCX-1,MCX_INITIAL_MARGIN,MCX_INITIAL_MARGIN,BS,INR,2022-07-15,2022-07-20,2022-07-20,2022-07-20,-462791.08,1.0,n/a (INR flow),-462791.08,,roll following on the LME panel calendar,PROXY,,-d(lots x lot_kg x F(s) x mcx_al_margin_used_frac),,P3
REALISED,T08,MCX:T08-MCX-1,MCX_VARIATION_MARGIN,MCX_VARIATION_MARGIN,PNL,INR,2022-07-15,2022-07-20,2022-07-20,2022-07-20,-4627910.76,1.0,n/a (INR flow),-4627910.76,,roll following on the LME panel calendar,PROXY,,direction x lots x lot_kg x (F(s) - F(s-1)),,P3
REALISED,T08,MCX:T08-MCX-1,MCX_INITIAL_MARGIN,MCX_INITIAL_MARGIN,BS,INR,2022-07-15,2022-07-21,2022-07-21,2022-07-21,353231.64,1.0,n/a (INR flow),353231.64,,roll following on the LME panel calendar,PROXY,,-d(lots x lot_kg x F(s) x mcx_al_margin_used_frac),,P3
REALISED,T08,MCX:T08-MCX-1,MCX_VARIATION_MARGIN,MCX_VARIATION_MARGIN,PNL,INR,2022-07-15,2022-07-21,2022-07-21,2022-07-21,3532316.42,1.0,n/a (INR flow),3532316.42,,roll following on the LME panel calendar,PROXY,,direction x lots x lot_kg x (F(s) - F(s-1)),,P3
REALISED,T08,MCX:T08-MCX-1,MCX_INITIAL_MARGIN,MCX_INITIAL_MARGIN,BS,INR,2022-07-15,2022-07-22,2022-07-22,2022-07-22,-337926.4,1.0,n/a (INR flow),-337926.4,,roll following on the LME panel calendar,PROXY,,-d(lots x lot_kg x F(s) x mcx_al_margin_used_frac),,P3
REALISED,T08,MCX:T08-MCX-1,MCX_VARIATION_MARGIN,MCX_VARIATION_MARGIN,PNL,INR,2022-07-15,2022-07-22,2022-07-22,2022-07-22,-3379263.96,1.0,n/a (INR flow),-3379263.96,,roll following on the LME panel calendar,PROXY,,direction x lots x lot_kg x (F(s) - F(s-1)),,P3
REALISED,T08,MCX:T08-MCX-1,MCX_INITIAL_MARGIN,MCX_INITIAL_MARGIN,BS,INR,2022-07-15,2022-07-25,2022-07-25,2022-07-25,320486.13,1.0,n/a (INR flow),320486.13,,roll following on the LME panel calendar,PROXY,,-d(lots x lot_kg x F(s) x mcx_al_margin_used_frac),,P3
REALISED,T08,MCX:T08-MCX-1,MCX_VARIATION_MARGIN,MCX_VARIATION_MARGIN,PNL,INR,2022-07-15,2022-07-25,2022-07-25,2022-07-25,3204861.27,1.0,n/a (INR flow),3204861.27,,roll following on the LME panel calendar,PROXY,,direction x lots x lot_kg x (F(s) - F(s-1)),,P3
REALISED,T08,MCX:T08-MCX-1,MCX_INITIAL_MARGIN,MCX_INITIAL_MARGIN,BS,INR,2022-07-15,2022-07-26,2022-07-26,2022-07-26,-60761.0,1.0,n/a (INR flow),-60761.0,,roll following on the LME panel calendar,PROXY,,-d(lots x lot_kg x F(s) x mcx_al_margin_used_frac),,P3
REALISED,T08,MCX:T08-MCX-1,MCX_VARIATION_MARGIN,MCX_VARIATION_MARGIN,PNL,INR,2022-07-15,2022-07-26,2022-07-26,2022-07-26,-607609.96,1.0,n/a (INR flow),-607609.96,,roll following on the LME panel calendar,PROXY,,direction x lots x lot_kg x (F(s) - F(s-1)),,P3
REALISED,T08,MCX:T08-MCX-1,MCX_INITIAL_MARGIN,MCX_INITIAL_MARGIN,BS,INR,2022-07-15,2022-07-27,2022-07-27,2022-07-27,436525.79,1.0,n/a (INR flow),436525.79,,roll following on the LME panel calendar,PROXY,,-d(lots x lot_kg x F(s) x mcx_al_margin_used_frac),,P3
REALISED,T08,MCX:T08-MCX-1,MCX_VARIATION_MARGIN,MCX_VARIATION_MARGIN,PNL,INR,2022-07-15,2022-07-27,2022-07-27,2022-07-27,4365257.94,1.0,n/a (INR flow),4365257.94,,roll following on the LME panel calendar,PROXY,,direction x lots x lot_kg x (F(s) - F(s-1)),,P3
REALISED,T08,MCX:T08-MCX-1,MCX_INITIAL_MARGIN,MCX_INITIAL_MARGIN,BS,INR,2022-07-15,2022-07-28,2022-07-28,2022-07-28,-597991.63,1.0,n/a (INR flow),-597991.63,,roll following on the LME panel calendar,PROXY,,-d(lots x lot_kg x F(s) x mcx_al_margin_used_frac),,P3
REALISED,T08,MCX:T08-MCX-1,MCX_VARIATION_MARGIN,MCX_VARIATION_MARGIN,PNL,INR,2022-07-15,2022-07-28,2022-07-28,2022-07-28,-5979916.28,1.0,n/a (INR flow),-5979916.28,,roll following on the LME panel calendar,PROXY,,direction x lots x lot_kg x (F(s) - F(s-1)),,P3
REALISED,T08,MCX:T08-MCX-1,MCX_INITIAL_MARGIN,MCX_INITIAL_MARGIN,BS,INR,2022-07-15,2022-07-29,2022-07-29,2022-07-29,176771.35,1.0,n/a (INR flow),176771.35,,roll following on the LME panel calendar,PROXY,,-d(lots x lot_kg x F(s) x mcx_al_margin_used_frac),,P3
REALISED,T08,MCX:T08-MCX-1,MCX_VARIATION_MARGIN,MCX_VARIATION_MARGIN,PNL,INR,2022-07-15,2022-07-29,2022-07-29,2022-07-29,1767713.47,1.0,n/a (INR flow),1767713.47,,roll following on the LME panel calendar,PROXY,,direction x lots x lot_kg x (F(s) - F(s-1)),,P3
REALISED,T08,MCX:T08-MCX-1,MCX_INITIAL_MARGIN,MCX_INITIAL_MARGIN,BS,INR,2022-07-15,2022-08-01,2022-08-01,2022-08-01,-91379.98,1.0,n/a (INR flow),-91379.98,,roll following on the LME panel calendar,PROXY,,-d(lots x lot_kg x F(s) x mcx_al_margin_used_frac),,P3
REALISED,T08,MCX:T08-MCX-1,MCX_VARIATION_MARGIN,MCX_VARIATION_MARGIN,PNL,INR,2022-07-15,2022-08-01,2022-08-01,2022-08-01,-913799.81,1.0,n/a (INR flow),-913799.81,,roll following on the LME panel calendar,PROXY,,direction x lots x lot_kg x (F(s) - F(s-1)),,P3
REALISED,T08,DUTY:L1,CUSTOMS_DUTY,CUSTOMS_DUTY,PNL,INR,2022-06-08,2022-08-02,2022-08-02,2022-08-02,-3594620.0,1.0,n/a (INR flow),-3594620.0,,roll following on the LME panel calendar,DIRECT,,-assessable_inr x bcd_scrap_hs7602 x (1 + sws_rate_on_bcd),,P3
REALISED,T08,IGST:L1,IGST_IMPORT,IGST_IMPORT,BS,INR,2022-06-08,2022-08-02,2022-08-02,2022-08-02,-24175453.39,1.0,n/a (INR flow),-24175453.39,,roll following on the LME panel calendar,DIRECT,,-(assessable + duty) x igst_rate_hs7602,,P3
REALISED,T08,MCX:T08-MCX-1,MCX_INITIAL_MARGIN,MCX_INITIAL_MARGIN,BS,INR,2022-07-15,2022-08-02,2022-08-02,2022-08-02,372077.7,1.0,n/a (INR flow),372077.7,,roll following on the LME panel calendar,PROXY,,-d(lots x lot_kg x F(s) x mcx_al_margin_used_frac),,P3
REALISED,T08,MCX:T08-MCX-1,MCX_VARIATION_MARGIN,MCX_VARIATION_MARGIN,PNL,INR,2022-07-15,2022-08-02,2022-08-02,2022-08-02,3720776.99,1.0,n/a (INR flow),3720776.99,,roll following on the LME panel calendar,PROXY,,direction x lots x lot_kg x (F(s) - F(s-1)),,P3
REALISED,T08,MCX:T08-MCX-1,MCX_INITIAL_MARGIN,MCX_INITIAL_MARGIN,BS,INR,2022-07-15,2022-08-03,2022-08-03,2022-08-03,273122.54,1.0,n/a (INR flow),273122.54,,roll following on the LME panel calendar,PROXY,,-d(lots x lot_kg x F(s) x mcx_al_margin_used_frac),,P3
REALISED,T08,MCX:T08-MCX-1,MCX_VARIATION_MARGIN,MCX_VARIATION_MARGIN,PNL,INR,2022-07-15,2022-08-03,2022-08-03,2022-08-03,2731225.38,1.0,n/a (INR flow),2731225.38,,roll following on the LME panel calendar,PROXY,,direction x lots x lot_kg x (F(s) - F(s-1)),,P3
REALISED,T08,MCX:T08-MCX-1,MCX_INITIAL_MARGIN,MCX_INITIAL_MARGIN,BS,INR,2022-07-15,2022-08-04,2022-08-04,2022-08-04,236306.78,1.0,n/a (INR flow),236306.78,,roll following on the LME panel calendar,PROXY,,-d(lots x lot_kg x F(s) x mcx_al_margin_used_frac),,P3
REALISED,T08,MCX:T08-MCX-1,MCX_VARIATION_MARGIN,MCX_VARIATION_MARGIN,PNL,INR,2022-07-15,2022-08-04,2022-08-04,2022-08-04,2363067.83,1.0,n/a (INR flow),2363067.83,,roll following on the LME panel calendar,PROXY,,direction x lots x lot_kg x (F(s) - F(s-1)),,P3
REALISED,T08,DUTY:L1,CUSTOMS_DUTY_DIFFERENTIAL,CUSTOMS_DUTY_DIFFERENTIAL,PNL,INR,2022-06-08,2022-08-05,2022-08-05,2022-08-05,78946.33,1.0,n/a (INR flow),78946.33,,roll following on the LME panel calendar,DIRECT,,-dAV x bcd x (1 + sws) on (P_final - P_provisional),,P3
REALISED,T08,FX:T08-FX-3,FX_FORWARD,FX_FORWARD,PNL,INR,2022-08-01,2022-08-05,2022-08-05,2022-08-05,-1065.64,1.0,n/a (INR flow),-1065.64,,roll following on the LME panel calendar,PROXY,,"sign x notional x (X(tau, value_date) - K)",,P3
REALISED,T08,MCX:T08-MCX-1,MCX_INITIAL_MARGIN,MCX_INITIAL_MARGIN,BS,INR,2022-07-15,2022-08-05,2022-08-05,2022-08-05,-692879.77,1.0,n/a (INR flow),-692879.77,,roll following on the LME panel calendar,PROXY,,-d(lots x lot_kg x F(s) x mcx_al_margin_used_frac),,P3
REALISED,T08,MCX:T08-MCX-1,MCX_VARIATION_MARGIN,MCX_VARIATION_MARGIN,PNL,INR,2022-07-15,2022-08-05,2022-08-05,2022-08-05,-6928797.71,1.0,n/a (INR flow),-6928797.71,,roll following on the LME panel calendar,PROXY,,direction x lots x lot_kg x (F(s) - F(s-1)),,P3
REALISED,T08,PURCHASE:L1,PURCHASE_FINAL,PURCHASE_FINAL,PNL,USD,2022-06-08,2022-08-02,2022-08-05,2022-08-05,-45223.84,79.2015,spot at settlement,-3581796.12,,roll following on the LME panel calendar,DIRECT,,-(q_acc x (factor x A_P + premium) x (1 - disc) - provisional),,P3
REALISED,T08,MCX:T08-MCX-1,MCX_INITIAL_MARGIN,MCX_INITIAL_MARGIN,BS,INR,2022-07-15,2022-08-08,2022-08-08,2022-08-08,14062.77,1.0,n/a (INR flow),14062.77,,roll following on the LME panel calendar,PROXY,,-d(lots x lot_kg x F(s) x mcx_al_margin_used_frac),,P3
REALISED,T08,MCX:T08-MCX-1,MCX_VARIATION_MARGIN,MCX_VARIATION_MARGIN,PNL,INR,2022-07-15,2022-08-08,2022-08-08,2022-08-08,140627.73,1.0,n/a (INR flow),140627.73,,roll following on the LME panel calendar,PROXY,,direction x lots x lot_kg x (F(s) - F(s-1)),,P3
REALISED,T08,DUTY:L2,CUSTOMS_DUTY,CUSTOMS_DUTY,PNL,INR,2022-06-08,2022-08-09,2022-08-09,2022-08-09,-3469495.41,1.0,n/a (INR flow),-3469495.41,,roll following on the LME panel calendar,DIRECT,,-assessable_inr x bcd_scrap_hs7602 x (1 + sws_rate_on_bcd),,P3
REALISED,T08,DUTY:L2,CUSTOMS_DUTY_DIFFERENTIAL,CUSTOMS_DUTY_DIFFERENTIAL,PNL,INR,2022-06-08,2022-08-09,2022-08-09,2022-08-09,71211.98,1.0,n/a (INR flow),71211.98,,roll following on the LME panel calendar,DIRECT,,-dAV x bcd x (1 + sws) on (P_final - P_provisional),,P3
REALISED,T08,IGST:L2,IGST_IMPORT,IGST_IMPORT,BS,INR,2022-06-08,2022-08-09,2022-08-09,2022-08-09,-23333933.66,1.0,n/a (INR flow),-23333933.66,,roll following on the LME panel calendar,DIRECT,,-(assessable + duty) x igst_rate_hs7602,,P3
REALISED,T08,MCX:T08-MCX-1,MCX_INITIAL_MARGIN,MCX_INITIAL_MARGIN,BS,INR,2022-07-15,2022-08-09,2022-08-09,2022-08-09,-506471.11,1.0,n/a (INR flow),-506471.11,,roll following on the LME panel calendar,PROXY,,-d(lots x lot_kg x F(s) x mcx_al_margin_used_frac),,P3
REALISED,T08,MCX:T08-MCX-1,MCX_VARIATION_MARGIN,MCX_VARIATION_MARGIN,PNL,INR,2022-07-15,2022-08-09,2022-08-09,2022-08-09,-5064711.1,1.0,n/a (INR flow),-5064711.1,,roll following on the LME panel calendar,PROXY,,direction x lots x lot_kg x (F(s) - F(s-1)),,P3
REALISED,T08,PURCHASE:L2,PURCHASE_FINAL,PURCHASE_FINAL,PNL,USD,2022-06-08,2022-08-09,2022-08-09,2022-08-09,4317.03,79.5447,spot at settlement,343396.52,,roll following on the LME panel calendar,DIRECT,,-(q_acc x (factor x A_P + premium) x (1 - disc) - provisional),,P3
REALISED,T08,MCX:T08-MCX-1,MCX_INITIAL_MARGIN,MCX_INITIAL_MARGIN,BS,INR,2022-07-15,2022-08-10,2022-08-10,2022-08-10,281495.39,1.0,n/a (INR flow),281495.39,,roll following on the LME panel calendar,PROXY,,-d(lots x lot_kg x F(s) x mcx_al_margin_used_frac),,P3
REALISED,T08,MCX:T08-MCX-1,MCX_VARIATION_MARGIN,MCX_VARIATION_MARGIN,PNL,INR,2022-07-15,2022-08-10,2022-08-10,2022-08-10,2814953.91,1.0,n/a (INR flow),2814953.91,,roll following on the LME panel calendar,PROXY,,direction x lots x lot_kg x (F(s) - F(s-1)),,P3
REALISED,T08,MCX:T08-MCX-1,MCX_INITIAL_MARGIN,MCX_INITIAL_MARGIN,BS,INR,2022-07-15,2022-08-11,2022-08-11,2022-08-11,-388647.75,1.0,n/a (INR flow),-388647.75,,roll following on the LME panel calendar,PROXY,,-d(lots x lot_kg x F(s) x mcx_al_margin_used_frac),,P3
REALISED,T08,MCX:T08-MCX-1,MCX_VARIATION_MARGIN,MCX_VARIATION_MARGIN,PNL,INR,2022-07-15,2022-08-11,2022-08-11,2022-08-11,-3886477.55,1.0,n/a (INR flow),-3886477.55,,roll following on the LME panel calendar,PROXY,,direction x lots x lot_kg x (F(s) - F(s-1)),,P3
REALISED,T08,PORT:L1,PORT_CHARGES,PORT_CHARGES,PNL,INR,2022-06-08,,2022-08-11,2022-08-11,-2226000.0,1.0,n/a (INR flow),-2226000.0,,roll following on the LME panel calendar,ASSUMPTION,,-port_cf_charges_inr_t x base_payload x cleared boxes,,P3
REALISED,T08,MCX:T08-MCX-1,MCX_INITIAL_MARGIN,MCX_INITIAL_MARGIN,BS,INR,2022-07-15,2022-08-12,2022-08-12,2022-08-12,257782.29,1.0,n/a (INR flow),257782.29,,roll following on the LME panel calendar,PROXY,,-d(lots x lot_kg x F(s) x mcx_al_margin_used_frac),,P3
REALISED,T08,MCX:T08-MCX-1,MCX_VARIATION_MARGIN,MCX_VARIATION_MARGIN,PNL,INR,2022-07-15,2022-08-12,2022-08-12,2022-08-12,2577822.88,1.0,n/a (INR flow),2577822.88,,roll following on the LME panel calendar,PROXY,,direction x lots x lot_kg x (F(s) - F(s-1)),,P3
REALISED,T08,MCX:T08-MCX-1,MCX_INITIAL_MARGIN,MCX_INITIAL_MARGIN,BS,INR,2022-07-15,2022-08-15,2022-08-15,2022-08-15,860212.58,1.0,n/a (INR flow),860212.58,,roll following on the LME panel calendar,PROXY,,-d(lots x lot_kg x F(s) x mcx_al_margin_used_frac),,P3
REALISED,T08,MCX:T08-MCX-1,MCX_VARIATION_MARGIN,MCX_VARIATION_MARGIN,PNL,INR,2022-07-15,2022-08-15,2022-08-15,2022-08-15,8602125.79,1.0,n/a (INR flow),8602125.79,,roll following on the LME panel calendar,PROXY,,direction x lots x lot_kg x (F(s) - F(s-1)),,P3
REALISED,T08,MCX:T08-MCX-1,MCX_INITIAL_MARGIN,MCX_INITIAL_MARGIN,BS,INR,2022-07-15,2022-08-16,2022-08-16,2022-08-16,23709925.54,1.0,n/a (INR flow),23709925.54,,roll following on the LME panel calendar,PROXY,,-d(lots x lot_kg x F(s) x mcx_al_margin_used_frac),,P3
REALISED,T08,MCX:T08-MCX-1,MCX_SLIPPAGE,MCX_SLIPPAGE,PNL,INR,2022-08-16,,2022-08-16,2022-08-16,-115000.0,1.0,n/a (INR flow),-115000.0,,roll following on the LME panel calendar,ASSUMPTION,,-lots x lot_kg x mcx_slippage_ticks x tick,,P3
REALISED,T08,MCX:T08-MCX-1,MCX_TRANSACTION_COST,MCX_TRANSACTION_COST,PNL,INR,2022-08-16,2022-08-16,2022-08-16,2022-08-16,-72555.62,1.0,n/a (INR flow),-72555.62,,roll following on the LME panel calendar,ASSUMPTION,,-lots x lot_kg x fill x mcx_txn_cost_frac,,P3
REALISED,T08,MCX:T08-MCX-1,MCX_VARIATION_MARGIN,MCX_VARIATION_MARGIN,PNL,INR,2022-07-15,2022-08-16,2022-08-16,2022-08-16,-4637824.13,1.0,n/a (INR flow),-4637824.13,,roll following on the LME panel calendar,PROXY,,direction x lots x lot_kg x (F(s) - F(s-1)),,P3
REALISED,T08,PORT:L2,PORT_CHARGES,PORT_CHARGES,PNL,INR,2022-06-08,,2022-08-18,2022-08-18,-2170350.0,1.0,n/a (INR flow),-2170350.0,,roll following on the LME panel calendar,ASSUMPTION,,-port_cf_charges_inr_t x base_payload x cleared boxes,,P3
REALISED,T08,IGST:L1,IGST_CREDIT,IGST_CREDIT,BS,INR,2022-06-08,2022-08-02,2022-09-16,2022-09-16,24175453.39,1.0,n/a (INR flow),24175453.39,,roll following on the LME panel calendar,DIRECT,,+(assessable + duty) x igst_rate at igst_credit_lag_days,,P3
REALISED,T08,SALE:S1,SALE_BALANCE,SALE_BALANCE,PNL,INR,2022-08-09,2022-08-22,2022-09-21,2022-09-21,266516870.92,1.0,n/a (INR flow),266516870.92,,roll following on the LME panel calendar,SIM,,+q_acc x P_sale x (1 - disc passthrough) - advance,,P3
REALISED,T08,IGST:L2,IGST_CREDIT,IGST_CREDIT,BS,INR,2022-06-08,2022-08-09,2022-09-23,2022-09-23,23333933.66,1.0,n/a (INR flow),23333933.66,,roll following on the LME panel calendar,DIRECT,,+(assessable + duty) x igst_rate at igst_credit_lag_days,,P3
REALISED,T09,MCX:T09-MCX-1,MCX_INITIAL_MARGIN,MCX_INITIAL_MARGIN,BS,INR,2022-08-03,2022-08-03,2022-08-03,2022-08-03,-16226828.33,1.0,n/a (INR flow),-16226828.33,,roll following on the LME panel calendar,PROXY,,-d(lots x lot_kg x F(s) x mcx_al_margin_used_frac),,P3
REALISED,T09,MCX:T09-MCX-1,MCX_SLIPPAGE,MCX_SLIPPAGE,PNL,INR,2022-08-03,,2022-08-03,2022-08-03,-78500.0,1.0,n/a (INR flow),-78500.0,,roll following on the LME panel calendar,ASSUMPTION,,-lots x lot_kg x mcx_slippage_ticks x tick,,P3
REALISED,T09,MCX:T09-MCX-1,MCX_TRANSACTION_COST,MCX_TRANSACTION_COST,PNL,INR,2022-08-03,2022-08-03,2022-08-03,2022-08-03,-48656.93,1.0,n/a (INR flow),-48656.93,,roll following on the LME panel calendar,ASSUMPTION,,-lots x lot_kg x fill x mcx_txn_cost_frac,,P3
REALISED,T09,MCX:T09-MCX-1,MCX_VARIATION_MARGIN,MCX_VARIATION_MARGIN,PNL,INR,2022-08-03,2022-08-03,2022-08-03,2022-08-03,-0.0,1.0,n/a (INR flow),-0.0,,roll following on the LME panel calendar,PROXY,,direction x lots x lot_kg x (F(entry) - entry settle) = 0 by construction,,P3
REALISED,T09,MCX:T09-MCX-1,MCX_INITIAL_MARGIN,MCX_INITIAL_MARGIN,BS,INR,2022-08-03,2022-08-04,2022-08-04,2022-08-04,161305.07,1.0,n/a (INR flow),161305.07,,roll following on the LME panel calendar,PROXY,,-d(lots x lot_kg x F(s) x mcx_al_margin_used_frac),,P3
REALISED,T09,MCX:T09-MCX-1,MCX_VARIATION_MARGIN,MCX_VARIATION_MARGIN,PNL,INR,2022-08-03,2022-08-04,2022-08-04,2022-08-04,1613050.65,1.0,n/a (INR flow),1613050.65,,roll following on the LME panel calendar,PROXY,,direction x lots x lot_kg x (F(s) - F(s-1)),,P3
REALISED,T09,MCX:T09-MCX-1,MCX_INITIAL_MARGIN,MCX_INITIAL_MARGIN,BS,INR,2022-08-03,2022-08-05,2022-08-05,2022-08-05,-472965.76,1.0,n/a (INR flow),-472965.76,,roll following on the LME panel calendar,PROXY,,-d(lots x lot_kg x F(s) x mcx_al_margin_used_frac),,P3
REALISED,T09,MCX:T09-MCX-1,MCX_VARIATION_MARGIN,MCX_VARIATION_MARGIN,PNL,INR,2022-08-03,2022-08-05,2022-08-05,2022-08-05,-4729657.56,1.0,n/a (INR flow),-4729657.56,,roll following on the LME panel calendar,PROXY,,direction x lots x lot_kg x (F(s) - F(s-1)),,P3
REALISED,T09,MCX:T09-MCX-1,MCX_INITIAL_MARGIN,MCX_INITIAL_MARGIN,BS,INR,2022-08-03,2022-08-08,2022-08-08,2022-08-08,9599.37,1.0,n/a (INR flow),9599.37,,roll following on the LME panel calendar,PROXY,,-d(lots x lot_kg x F(s) x mcx_al_margin_used_frac),,P3
REALISED,T09,MCX:T09-MCX-1,MCX_VARIATION_MARGIN,MCX_VARIATION_MARGIN,PNL,INR,2022-08-03,2022-08-08,2022-08-08,2022-08-08,95993.71,1.0,n/a (INR flow),95993.71,,roll following on the LME panel calendar,PROXY,,direction x lots x lot_kg x (F(s) - F(s-1)),,P3
REALISED,T09,MCX:T09-MCX-1,MCX_INITIAL_MARGIN,MCX_INITIAL_MARGIN,BS,INR,2022-08-03,2022-08-09,2022-08-09,2022-08-09,-345721.58,1.0,n/a (INR flow),-345721.58,,roll following on the LME panel calendar,PROXY,,-d(lots x lot_kg x F(s) x mcx_al_margin_used_frac),,P3
REALISED,T09,MCX:T09-MCX-1,MCX_VARIATION_MARGIN,MCX_VARIATION_MARGIN,PNL,INR,2022-08-03,2022-08-09,2022-08-09,2022-08-09,-3457215.84,1.0,n/a (INR flow),-3457215.84,,roll following on the LME panel calendar,PROXY,,direction x lots x lot_kg x (F(s) - F(s-1)),,P3
REALISED,T09,LC_FEES,LC_OPENING_FEE,LC_OPENING_FEE,PNL,USD,2022-08-03,2022-08-10,2022-08-10,2022-08-10,-3858.62,79.4655,spot at settlement,-306627.49,,roll following on the LME panel calendar,DIRECT,,-lc_opening_fee_frac_per_month x ceil(validity/30) x lc_value_usd,,P3
REALISED,T09,MCX:T09-MCX-1,MCX_INITIAL_MARGIN,MCX_INITIAL_MARGIN,BS,INR,2022-08-03,2022-08-10,2022-08-10,2022-08-10,192151.2,1.0,n/a (INR flow),192151.2,,roll following on the LME panel calendar,PROXY,,-d(lots x lot_kg x F(s) x mcx_al_margin_used_frac),,P3
REALISED,T09,MCX:T09-MCX-1,MCX_VARIATION_MARGIN,MCX_VARIATION_MARGIN,PNL,INR,2022-08-03,2022-08-10,2022-08-10,2022-08-10,1921512.02,1.0,n/a (INR flow),1921512.02,,roll following on the LME panel calendar,PROXY,,direction x lots x lot_kg x (F(s) - F(s-1)),,P3
REALISED,T09,MCX:T09-MCX-1,MCX_INITIAL_MARGIN,MCX_INITIAL_MARGIN,BS,INR,2022-08-03,2022-08-11,2022-08-11,2022-08-11,-265294.34,1.0,n/a (INR flow),-265294.34,,roll following on the LME panel calendar,PROXY,,-d(lots x lot_kg x F(s) x mcx_al_margin_used_frac),,P3
REALISED,T09,MCX:T09-MCX-1,MCX_VARIATION_MARGIN,MCX_VARIATION_MARGIN,PNL,INR,2022-08-03,2022-08-11,2022-08-11,2022-08-11,-2652943.37,1.0,n/a (INR flow),-2652943.37,,roll following on the LME panel calendar,PROXY,,direction x lots x lot_kg x (F(s) - F(s-1)),,P3
REALISED,T09,MCX:T09-MCX-1,MCX_INITIAL_MARGIN,MCX_INITIAL_MARGIN,BS,INR,2022-08-03,2022-08-12,2022-08-12,2022-08-12,175964.43,1.0,n/a (INR flow),175964.43,,roll following on the LME panel calendar,PROXY,,-d(lots x lot_kg x F(s) x mcx_al_margin_used_frac),,P3
REALISED,T09,MCX:T09-MCX-1,MCX_VARIATION_MARGIN,MCX_VARIATION_MARGIN,PNL,INR,2022-08-03,2022-08-12,2022-08-12,2022-08-12,1759644.31,1.0,n/a (INR flow),1759644.31,,roll following on the LME panel calendar,PROXY,,direction x lots x lot_kg x (F(s) - F(s-1)),,P3
REALISED,T09,MCX:T09-MCX-1,MCX_INITIAL_MARGIN,MCX_INITIAL_MARGIN,BS,INR,2022-08-03,2022-08-15,2022-08-15,2022-08-15,587188.59,1.0,n/a (INR flow),587188.59,,roll following on the LME panel calendar,PROXY,,-d(lots x lot_kg x F(s) x mcx_al_margin_used_frac),,P3
REALISED,T09,MCX:T09-MCX-1,MCX_VARIATION_MARGIN,MCX_VARIATION_MARGIN,PNL,INR,2022-08-03,2022-08-15,2022-08-15,2022-08-15,5871885.86,1.0,n/a (INR flow),5871885.86,,roll following on the LME panel calendar,PROXY,,direction x lots x lot_kg x (F(s) - F(s-1)),,P3
REALISED,T09,MCX:T09-MCX-1,MCX_INITIAL_MARGIN,MCX_INITIAL_MARGIN,BS,INR,2022-08-03,2022-08-16,2022-08-16,2022-08-16,-316581.91,1.0,n/a (INR flow),-316581.91,,roll following on the LME panel calendar,PROXY,,-d(lots x lot_kg x F(s) x mcx_al_margin_used_frac),,P3
REALISED,T09,MCX:T09-MCX-1,MCX_VARIATION_MARGIN,MCX_VARIATION_MARGIN,PNL,INR,2022-08-03,2022-08-16,2022-08-16,2022-08-16,-3165819.08,1.0,n/a (INR flow),-3165819.08,,roll following on the LME panel calendar,PROXY,,direction x lots x lot_kg x (F(s) - F(s-1)),,P3
REALISED,T09,INSURANCE:L1,INSURANCE,INSURANCE,PNL,USD,2022-08-03,2022-08-17,2022-08-17,2022-08-17,-1205.82,79.4525,spot at settlement,-95805.41,,roll following on the LME panel calendar,ASSUMPTION,,-insurance_rate x insured_value_uplift x cfr_value_usd,,P3
REALISED,T09,MCX:T09-MCX-1,MCX_INITIAL_MARGIN,MCX_INITIAL_MARGIN,BS,INR,2022-08-03,2022-08-17,2022-08-17,2022-08-17,167604.57,1.0,n/a (INR flow),167604.57,,roll following on the LME panel calendar,PROXY,,-d(lots x lot_kg x F(s) x mcx_al_margin_used_frac),,P3
REALISED,T09,MCX:T09-MCX-1,MCX_VARIATION_MARGIN,MCX_VARIATION_MARGIN,PNL,INR,2022-08-03,2022-08-17,2022-08-17,2022-08-17,1676045.69,1.0,n/a (INR flow),1676045.69,,roll following on the LME panel calendar,PROXY,,direction x lots x lot_kg x (F(s) - F(s-1)),,P3
REALISED,T09,PSIC:L1,PSIC,PSIC,PNL,USD,2022-08-03,2022-08-17,2022-08-17,2022-08-17,-960.0,79.4525,spot at settlement,-76274.4,,roll following on the LME panel calendar,ASSUMPTION,,-psic_cost_usd_per_box x boxes,,P3
REALISED,T09,MCX:T09-MCX-1,MCX_INITIAL_MARGIN,MCX_INITIAL_MARGIN,BS,INR,2022-08-03,2022-08-18,2022-08-18,2022-08-18,16333578.69,1.0,n/a (INR flow),16333578.69,,roll following on the LME panel calendar,PROXY,,-d(lots x lot_kg x F(s) x mcx_al_margin_used_frac),,P3
REALISED,T09,MCX:T09-MCX-1,MCX_SLIPPAGE,MCX_SLIPPAGE,PNL,INR,2022-08-18,,2022-08-18,2022-08-18,-78500.0,1.0,n/a (INR flow),-78500.0,,roll following on the LME panel calendar,ASSUMPTION,,-lots x lot_kg x mcx_slippage_ticks x tick,,P3
REALISED,T09,MCX:T09-MCX-1,MCX_TRANSACTION_COST,MCX_TRANSACTION_COST,PNL,INR,2022-08-18,2022-08-18,2022-08-18,2022-08-18,-49082.23,1.0,n/a (INR flow),-49082.23,,roll following on the LME panel calendar,ASSUMPTION,,-lots x lot_kg x fill x mcx_txn_cost_frac,,P3
REALISED,T09,MCX:T09-MCX-1,MCX_VARIATION_MARGIN,MCX_VARIATION_MARGIN,PNL,INR,2022-08-03,2022-08-18,2022-08-18,2022-08-18,-193155.51,1.0,n/a (INR flow),-193155.51,,roll following on the LME panel calendar,PROXY,,direction x lots x lot_kg x (F(s) - F(s-1)),,P3
REALISED,T09,MCX:T09-MCX-2,MCX_INITIAL_MARGIN,MCX_INITIAL_MARGIN,BS,INR,2022-08-18,2022-08-18,2022-08-18,2022-08-18,-16428585.5,1.0,n/a (INR flow),-16428585.5,,roll following on the LME panel calendar,PROXY,,-d(lots x lot_kg x F(s) x mcx_al_margin_used_frac),,P3
REALISED,T09,MCX:T09-MCX-2,MCX_SLIPPAGE,MCX_SLIPPAGE,PNL,INR,2022-08-18,,2022-08-18,2022-08-18,-78500.0,1.0,n/a (INR flow),-78500.0,,roll following on the LME panel calendar,ASSUMPTION,,-lots x lot_kg x mcx_slippage_ticks x tick,,P3
REALISED,T09,MCX:T09-MCX-2,MCX_TRANSACTION_COST,MCX_TRANSACTION_COST,PNL,INR,2022-08-18,2022-08-18,2022-08-18,2022-08-18,-49262.21,1.0,n/a (INR flow),-49262.21,,roll following on the LME panel calendar,ASSUMPTION,,-lots x lot_kg x fill x mcx_txn_cost_frac,,P3
REALISED,T09,MCX:T09-MCX-2,MCX_VARIATION_MARGIN,MCX_VARIATION_MARGIN,PNL,INR,2022-08-18,2022-08-18,2022-08-18,2022-08-18,-0.0,1.0,n/a (INR flow),-0.0,,roll following on the LME panel calendar,PROXY,,direction x lots x lot_kg x (F(entry) - entry settle) = 0 by construction,,P3
REALISED,T09,MCX:T09-MCX-2,MCX_INITIAL_MARGIN,MCX_INITIAL_MARGIN,BS,INR,2022-08-18,2022-08-19,2022-08-19,2022-08-19,198347.66,1.0,n/a (INR flow),198347.66,,roll following on the LME panel calendar,PROXY,,-d(lots x lot_kg x F(s) x mcx_al_margin_used_frac),,P3
REALISED,T09,MCX:T09-MCX-2,MCX_VARIATION_MARGIN,MCX_VARIATION_MARGIN,PNL,INR,2022-08-18,2022-08-19,2022-08-19,2022-08-19,1983476.61,1.0,n/a (INR flow),1983476.61,,roll following on the LME panel calendar,PROXY,,direction x lots x lot_kg x (F(s) - F(s-1)),,P3
REALISED,T09,MCX:T09-MCX-2,MCX_INITIAL_MARGIN,MCX_INITIAL_MARGIN,BS,INR,2022-08-18,2022-08-22,2022-08-22,2022-08-22,-68182.9,1.0,n/a (INR flow),-68182.9,,roll following on the LME panel calendar,PROXY,,-d(lots x lot_kg x F(s) x mcx_al_margin_used_frac),,P3
REALISED,T09,MCX:T09-MCX-2,MCX_VARIATION_MARGIN,MCX_VARIATION_MARGIN,PNL,INR,2022-08-18,2022-08-22,2022-08-22,2022-08-22,-681829.0,1.0,n/a (INR flow),-681829.0,,roll following on the LME panel calendar,PROXY,,direction x lots x lot_kg x (F(s) - F(s-1)),,P3
REALISED,T09,DUTY:L1,CUSTOMS_DUTY,CUSTOMS_DUTY,PNL,INR,2022-08-03,2022-08-23,2022-08-23,2022-08-23,-2429382.13,1.0,n/a (INR flow),-2429382.13,,roll following on the LME panel calendar,DIRECT,,-assessable_inr x bcd_scrap_hs7602 x (1 + sws_rate_on_bcd),,P3
REALISED,T09,IGST:L1,IGST_IMPORT,IGST_IMPORT,BS,INR,2022-08-03,2022-08-23,2022-08-23,2022-08-23,-16338699.12,1.0,n/a (INR flow),-16338699.12,,roll following on the LME panel calendar,DIRECT,,-(assessable + duty) x igst_rate_hs7602,,P3
REALISED,T09,MCX:T09-MCX-2,MCX_INITIAL_MARGIN,MCX_INITIAL_MARGIN,BS,INR,2022-08-18,2022-08-23,2022-08-23,2022-08-23,-347680.97,1.0,n/a (INR flow),-347680.97,,roll following on the LME panel calendar,PROXY,,-d(lots x lot_kg x F(s) x mcx_al_margin_used_frac),,P3
REALISED,T09,MCX:T09-MCX-2,MCX_VARIATION_MARGIN,MCX_VARIATION_MARGIN,PNL,INR,2022-08-18,2022-08-23,2022-08-23,2022-08-23,-3476809.74,1.0,n/a (INR flow),-3476809.74,,roll following on the LME panel calendar,PROXY,,direction x lots x lot_kg x (F(s) - F(s-1)),,P3
REALISED,T09,INSURANCE:L2,INSURANCE,INSURANCE,PNL,USD,2022-08-03,2022-08-24,2022-08-24,2022-08-24,-1205.82,79.8275,spot at settlement,-96257.6,,roll following on the LME panel calendar,ASSUMPTION,,-insurance_rate x insured_value_uplift x cfr_value_usd,,P3
REALISED,T09,LC_USANCE_FEE:L1,LC_USANCE_FEE,LC_USANCE_FEE,PNL,USD,2022-08-03,2022-08-24,2022-08-24,2022-08-24,-1534.68,79.8275,spot at settlement,-122509.67,,roll following on the LME panel calendar,DIRECT,,-lc_usance_fee_frac_per_month x ceil(usance/30) x bill_usd,,P3
REALISED,T09,MCX:T09-MCX-2,MCX_INITIAL_MARGIN,MCX_INITIAL_MARGIN,BS,INR,2022-08-18,2022-08-24,2022-08-24,2022-08-24,122627.83,1.0,n/a (INR flow),122627.83,,roll following on the LME panel calendar,PROXY,,-d(lots x lot_kg x F(s) x mcx_al_margin_used_frac),,P3
REALISED,T09,MCX:T09-MCX-2,MCX_VARIATION_MARGIN,MCX_VARIATION_MARGIN,PNL,INR,2022-08-18,2022-08-24,2022-08-24,2022-08-24,1226278.26,1.0,n/a (INR flow),1226278.26,,roll following on the LME panel calendar,PROXY,,direction x lots x lot_kg x (F(s) - F(s-1)),,P3
REALISED,T09,PSIC:L2,PSIC,PSIC,PNL,USD,2022-08-03,2022-08-24,2022-08-24,2022-08-24,-960.0,79.8275,spot at settlement,-76634.4,,roll following on the LME panel calendar,ASSUMPTION,,-psic_cost_usd_per_box x boxes,,P3
REALISED,T09,MCX:T09-MCX-2,MCX_INITIAL_MARGIN,MCX_INITIAL_MARGIN,BS,INR,2022-08-18,2022-08-25,2022-08-25,2022-08-25,-151424.18,1.0,n/a (INR flow),-151424.18,,roll following on the LME panel calendar,PROXY,,-d(lots x lot_kg x F(s) x mcx_al_margin_used_frac),,P3
REALISED,T09,MCX:T09-MCX-2,MCX_VARIATION_MARGIN,MCX_VARIATION_MARGIN,PNL,INR,2022-08-18,2022-08-25,2022-08-25,2022-08-25,-1514241.82,1.0,n/a (INR flow),-1514241.82,,roll following on the LME panel calendar,PROXY,,direction x lots x lot_kg x (F(s) - F(s-1)),,P3
REALISED,T09,MCX:T09-MCX-2,MCX_INITIAL_MARGIN,MCX_INITIAL_MARGIN,BS,INR,2022-08-18,2022-08-26,2022-08-26,2022-08-26,16674898.06,1.0,n/a (INR flow),16674898.06,,roll following on the LME panel calendar,PROXY,,-d(lots x lot_kg x F(s) x mcx_al_margin_used_frac),,P3
REALISED,T09,MCX:T09-MCX-2,MCX_SLIPPAGE,MCX_SLIPPAGE,PNL,INR,2022-08-26,,2022-08-26,2022-08-26,-78500.0,1.0,n/a (INR flow),-78500.0,,roll following on the LME panel calendar,ASSUMPTION,,-lots x lot_kg x mcx_slippage_ticks x tick,,P3
REALISED,T09,MCX:T09-MCX-2,MCX_TRANSACTION_COST,MCX_TRANSACTION_COST,PNL,INR,2022-08-26,2022-08-26,2022-08-26,2022-08-26,-51084.56,1.0,n/a (INR flow),-51084.56,,roll following on the LME panel calendar,ASSUMPTION,,-lots x lot_kg x fill x mcx_txn_cost_frac,,P3
REALISED,T09,MCX:T09-MCX-2,MCX_VARIATION_MARGIN,MCX_VARIATION_MARGIN,PNL,INR,2022-08-18,2022-08-26,2022-08-26,2022-08-26,-3454379.89,1.0,n/a (INR flow),-3454379.89,,roll following on the LME panel calendar,PROXY,,direction x lots x lot_kg x (F(s) - F(s-1)),,P3
REALISED,T09,DUTY:L2,CUSTOMS_DUTY,CUSTOMS_DUTY,PNL,INR,2022-08-03,2022-08-30,2022-08-30,2022-08-30,-2429382.13,1.0,n/a (INR flow),-2429382.13,,roll following on the LME panel calendar,DIRECT,,-assessable_inr x bcd_scrap_hs7602 x (1 + sws_rate_on_bcd),,P3
REALISED,T09,IGST:L2,IGST_IMPORT,IGST_IMPORT,BS,INR,2022-08-03,2022-08-30,2022-08-30,2022-08-30,-16338699.12,1.0,n/a (INR flow),-16338699.12,,roll following on the LME panel calendar,DIRECT,,-(assessable + duty) x igst_rate_hs7602,,P3
REALISED,T09,LC_USANCE_FEE:L2,LC_USANCE_FEE,LC_USANCE_FEE,PNL,USD,2022-08-03,2022-08-31,2022-08-31,2022-08-31,-1534.68,79.5465,spot at settlement,-122078.42,,roll following on the LME panel calendar,DIRECT,,-lc_usance_fee_frac_per_month x ceil(usance/30) x bill_usd,,P3
REALISED,T09,SALE:S1,SALE_ADVANCE,SALE_ADVANCE,PNL,INR,2022-08-26,2022-08-31,2022-10-10,2022-08-31,50625000.0,1.0,n/a (INR flow),50625000.0,,roll following on the LME panel calendar,SIM,,+advance_frac x q_plan x P_sale,,P3
REALISED,T09,PORT:L1,PORT_CHARGES,PORT_CHARGES,PNL,INR,2022-08-03,,2022-09-01,2022-09-01,-960000.0,1.0,n/a (INR flow),-960000.0,,roll following on the LME panel calendar,ASSUMPTION,,-port_cf_charges_inr_t x base_payload x cleared boxes,,P3
REALISED,T09,PORT:L2,PORT_CHARGES,PORT_CHARGES,PNL,INR,2022-08-03,,2022-09-08,2022-09-08,-960000.0,1.0,n/a (INR flow),-960000.0,,roll following on the LME panel calendar,ASSUMPTION,,-port_cf_charges_inr_t x base_payload x cleared boxes,,P3
REALISED,T09,IGST:L1,IGST_CREDIT,IGST_CREDIT,BS,INR,2022-08-03,2022-08-23,2022-10-07,2022-10-07,16338699.12,1.0,n/a (INR flow),16338699.12,,roll following on the LME panel calendar,DIRECT,,+(assessable + duty) x igst_rate at igst_credit_lag_days,,P3
REALISED,T09,SALE:S1,SALE_BALANCE,SALE_BALANCE,PNL,INR,2022-08-26,2022-08-30,2022-10-10,2022-10-10,151875000.0,1.0,n/a (INR flow),151875000.0,,roll following on the LME panel calendar,SIM,,+q_acc x P_sale x (1 - disc passthrough) - advance,,P3
REALISED,T09,IGST:L2,IGST_CREDIT,IGST_CREDIT,BS,INR,2022-08-03,2022-08-30,2022-10-14,2022-10-14,16338699.12,1.0,n/a (INR flow),16338699.12,,roll following on the LME panel calendar,DIRECT,,+(assessable + duty) x igst_rate at igst_credit_lag_days,,P3
REALISED,T09,BILL_COMMISSION:L1,IMPORT_BILL_COMMISSION,IMPORT_BILL_COMMISSION,PNL,USD,2022-08-03,2022-10-17,2022-10-17,2022-10-17,-1315.44,82.2754,spot at settlement,-108228.35,,roll following on the LME panel calendar,DIRECT,,-import_bill_commission_frac x bill_usd,,P3
REALISED,T09,FX:T09-FX-1,FX_FORWARD,FX_FORWARD,PNL,INR,2022-08-03,2022-10-17,2022-10-17,2022-10-17,2841606.09,1.0,n/a (INR flow),2841606.09,,roll following on the LME panel calendar,PROXY,,"sign x notional x (X(tau, value_date) - K)",,P3
REALISED,T09,PURCHASE:L1,PURCHASE_INVOICE,PURCHASE_INVOICE,PNL,USD,2022-08-03,,2022-10-17,2022-10-17,-1096200.0,82.2754,spot at settlement,-90190293.48,,roll following on the LME panel calendar,SIM,,-q_bl x price_usd_t,,P3
REALISED,T09,USANCE_INTEREST:L1,USANCE_INTEREST,USANCE_INTEREST,PNL,USD,2022-08-03,2022-08-24,2022-10-17,2022-10-17,-7768.04,82.2754,spot at settlement,-639118.48,,roll following on the LME panel calendar,PROXY,,-bill_usd x (usd_rate_3m_pa@acceptance + usance_interest_spread_pa) x days/360,,P3
REALISED,T09,BILL_COMMISSION:L2,IMPORT_BILL_COMMISSION,IMPORT_BILL_COMMISSION,PNL,USD,2022-08-03,2022-10-24,2022-10-24,2022-10-24,-1315.44,82.7785,spot at settlement,-108890.15,,roll following on the LME panel calendar,DIRECT,,-import_bill_commission_frac x bill_usd,,P3
REALISED,T09,FX:T09-FX-2,FX_FORWARD,FX_FORWARD,PNL,INR,2022-08-03,2022-10-24,2022-10-24,2022-10-24,3349429.49,1.0,n/a (INR flow),3349429.49,,roll following on the LME panel calendar,PROXY,,"sign x notional x (X(tau, value_date) - K)",,P3
REALISED,T09,PURCHASE:L2,PURCHASE_INVOICE,PURCHASE_INVOICE,PNL,USD,2022-08-03,,2022-10-24,2022-10-24,-1096200.0,82.7785,spot at settlement,-90741791.7,,roll following on the LME panel calendar,SIM,,-q_bl x price_usd_t,,P3
REALISED,T09,USANCE_INTEREST:L2,USANCE_INTEREST,USANCE_INTEREST,PNL,USD,2022-08-03,2022-08-31,2022-10-24,2022-10-24,-8020.35,82.7785,spot at settlement,-663912.32,,roll following on the LME panel calendar,PROXY,,-bill_usd x (usd_rate_3m_pa@acceptance + usance_interest_spread_pa) x days/360,,P3
