week_end,published_utc,source,title,link,query
2022-02-25,2022-02-19T08:00:00Z,Recycling Today,A preference for local scrap,https://news.google.com/rss/articles/CBMinAFBVV95cUxOZl9nVlVaWWxldm4zNldoQkx6cHdkekNoTjZsOVhOOGMydWI1R1AyaHNyem1Lcl85dW5HeUFSMzlPSUtMZC0xb294aWVXVHBralE4ZGRvdlNtOWtHSWtGYl9XSS03U091MFZxRUV1VUdMY09RSEJkTDAtYzlKRGk4Z0VkUnJON2JFVThvWlJUNF8zZmhDbS1iYjhkSDI?oc=5,en-IN:aluminum prices
2022-02-25,2022-02-19T08:00:00Z,Livemint,Is the Rolex Daytona Steel worth the wait?,https://news.google.com/rss/articles/CBMiqAFBVV95cUxNZGlIRnJtT0VTQzEyZ2Y4elo1UjBONzk1VkxFWEJWbzh0TFA0VExaVFg3Z1dYRTVnTkg1dm84aHpUbWljWGN4UTBEYWhJajhodkJ5YU5sdDhvcVZ5Q3prT3lxVGN4c2hEbTVQTG9KVHlNMC1fa2JyLTZjVjlCbTRVUzdfaEUxb1FMTXlLS3hOM2tsQU9GNE1NdnYxZ0pMTThicDloQmQwUFM?oc=5,en-IN:steel prices India
2022-02-25,2022-02-20T08:00:00Z,Crude Oil Prices Today | OilPrice.com,High Energy Costs Are Pushing Zinc Smelters To The Brink,https://news.google.com/rss/articles/CBMiowFBVV95cUxPSmF6Yy1wTjY0UENsSlk5d25LZjF6alpZU0IxbEtCTUtnWV90V2tGVHB1MEhScXljTjE5V1lEeUtuSmlhNGJ0Tjl3cG05MTB6UTFZY0FMTVBHejBIbmR2dFo3ekdZVWtxWEtqeEFIdW83VG5TVzA1NkxVaktCT2pjcEFWTmFaZTVyMkp6eGh6N3hGV3RLTC1IbU1PYzlidHNXZzlF0gGoAUFVX3lxTFBQTTJNZHJycEctY0RWVU9jT1dOcVkwOW4tSU5XakxVbnVBakthLWp4a2dZRU9lcWNrSWUtVXhfbER2VlJNUEtTVkoyTjM5Z0F0d1ZmQU9LZDRkQVlEZjBncW1Ia00tNW4xQzkxcWR3WmhPTkV3LVU1aUZCMXJQVFprYl96RkJHTnd1WnJNUldnU0dSY0NuUTMxalVaaWFkbHdyN21mMXp0WA?oc=5,en-IN:base metals
2022-02-25,2022-02-21T08:00:00Z,The Maritime Executive,Containerized Aluminum-Air Batteries Could Power Coastal Vessels,https://news.google.com/rss/articles/CBMiqgFBVV95cUxPMDFHemZCSFpQemFnVnUxYVE4cjBqR1JYTTRJTEpVZy1lOXo4SFloMGgtNWxXbi1sVEhkLXk2djVkZlJwTkN1OTZ2c1hMNy1ZOUFiODBlT0gtWkY1bkZGVUxySDBUOHJEQ09JRk9NVjljcGhMd2tpVkRDdEd0aDNKRDd4Z3hIb1phbEFyR2lNSElwWUxKc1Mwc1NzRjFQUnY3MHZqbFhFZjRjUQ?oc=5,en-IN:aluminium price
2022-02-25,2022-02-21T08:00:00Z,Business Today,Tata Steel goes inclusive; hires 12 LGBTQ+ employees at Kalinganagar plant,https://news.google.com/rss/articles/CBMi2gFBVV95cUxOWFhQcVViM3dzeWNIaW5XNkQwZWZvVXVtSGNma082TWxqRm1xOS1LNW05d2l4NlIzY1M4OW8tbkZGTHZXbi1LaDl6QnBuQUp3VnZxektJVG1KLVlwS0hlcXNncVNhZUMwVEdfdnlqQ2dvYnhRNUVuWHpDUWN4TkJxdW04U1hjXzNEMHRfWHgzOVlJSF9tY1M3bjlEQ284cm1xZ2RzYkRDbTQ5SWZOTzR4V2l5OTZJRzZhRE9zRk13a0xLbC1Uc24wTlRjNjduQ0pxRk1mODRpNFV2UdIB3wFBVV95cUxPclZFdHRpTTdwOHFMNm1sSW9vOU13aUlEM3Z0SnhsV3BTWngwTUttRllETVVRVXpPcUduNFZfRjBOMmh6dlZDNmRMcEVWYUZhT2JjQWdjVTdXVEFxOGsxaUVvMjJmejROYndHcFpfNmRPcUVZWHRzRjRMelRYcjNyWnI3cmlLZUlLUGRjTkRtMWROYlpwNERTMzN4MERQamtyZkNJTWsyY3BUQl9LNFVhTl9LcDlfTzVNWHRjdXVxUFRLOFRzU3NueTA2QWYxNUplVllXdXV5MUJ2Ni1aMjJr?oc=5,en-IN:steel prices India
2022-02-25,2022-02-22T08:00:00Z,Nokiamob,Nokia G21 and G11 disassembly shows aluminum body inside,https://news.google.com/rss/articles/CBMikwFBVV95cUxPVjlHVkN5MlNNdUNqaFZnc2Z0QUg4MEdsZ0pVVTk1MExfVHhObmxGSG9Qa2NfUGdoV0FuNEFMakx4RkRqeGdCLTl0Z09MdWFrdHpXWFhPTUkyaHJpb3JmVnZtbHJCV05lZEtNRmc1RmdLUTRkUEx6bzhHdVh0aVRidGxzd2VGem5jaEEzZTV5QnNKLUk?oc=5,en-IN:aluminium price
2022-02-25,2022-02-22T08:00:00Z,African Manager,Tunisia: TPR increases its sales prices on all aluminum profiles by 15%.,https://news.google.com/rss/articles/CBMiogFBVV95cUxNU0pnMG1NTzY4czV1U0FWVWE2V3k4c1FERWxfNFRIYUdCR2QwUV9uaDBmbkphbUkyR1MzQUQ1VDB2V3ItbUcyUTlIS2lfSUY1MTdab3NZT2FHc2gtdE1OUlY5V3hYZVVIZG1TWF90V2FTd09oc1BEOEhVZXozTWFBY3pFUG9UV1FqLWlUZEVmMU5kYmM3RnN1WTdISVpIVVVLanc?oc=5,en-IN:aluminium price
2022-02-25,2022-02-22T08:00:00Z,Selfwealth by Syfe,"How to Invest in Battery Metals, Base Metals and Agriculture via ETFs",https://news.google.com/rss/articles/CBMipgFBVV95cUxONHFxYkpoZXdCbFpWNEZIZlA2X3EzaHRUNUNYbHFEM2J5dnFjaXFBaURtcWI1M3hodW8xclpKb0ltWi00a2xHMnhwTHlaLW9aOW52aHZ4S09CSWhuOFd2XzNSc3NoUjlXUURBNmF1MkFIbVktdk1ZZXI5QndvOTJ0LTIwWW5YbUVWS0FnMDllYVJEQWpLdHBrUkJIYk5zcHZfTWxDOUVR?oc=5,en-IN:base metals
2022-02-25,2022-02-22T08:00:00Z,Moneycontrol.com,Steel Authority of India Ltd: Operating profitability to remain under pressure,https://news.google.com/rss/articles/CBMi6wFBVV95cUxPS0h5dk1samxnU21WZ3MzVEhiZjVManZuS2lwM2xMT3AweWt4WHdWMkx5aEQ4WHcyZHE4WG16ZmZwWGZmYVlkdlhqeW5BcVN4TllCNEJMb3JuUWxrX2RjaUZtSExQN1BSNHg3OG80Sk5wUXRIUzNvOEdSMzUyLUp5WnY4SWtXcGZVYThNUnpWYmQ2MVNZVXNiSm16QmV0cS1aVW42YmU1Uk9qdExhWm4yVDR5VlEtRjdtQkk2eVUyc0NqR2dnQUhvdkpIZ1ZQdmcwODk4b3JlODhISjdyWWctTFJmNjJiV2xRYlpZ0gHwAUFVX3lxTE5vcl9qbVh1bmVjdGVTeGE0clpubnBDdk5HbmNqMEl5WDBSZU5JN1Z3RzRYN3FuanEzOGtqVGoxNkhDUUZQQ0JOY3R4SWF0Z1JvY3ItMU4waVh1VFFVU05OVVJnY210bi11b1dVVUh4RDFZUFhQaGpGN19SaDFLdkJyWng5VlJ4RWNnUkNQY0kxNUVtLW9GNmhUR0tPUVp6ZDFyNkU3UzhzV2RncEZRVks4V2VLb2IwU0tqSDRiSlU4em1fcmdNSGJzbGhlN1FlaWhKLU1aY0FIMFB4M2hsN09YSXplQWpnV004dnNJcUwzSQ?oc=5,en-IN:steel prices India
2022-02-25,2022-02-23T08:00:00Z,The Guardian,Prospect of sanctions hits Russian part-owner of Queensland alumina refinery,https://news.google.com/rss/articles/CBMiywFBVV95cUxPQzV5TmtsbXV1MHUwcF83bkxfTlNLY2dhZVMwdE10NFFTVnFxLUVMNkdnSjNGZzhuUlBlYlZTQUp3RGJUYVZzZkpOaFA2ckRReUJfa1lzZEx6bFVEcmZhdDI3dlV3RUZMUFJVYTJ4al9SNTV6bkFyMlpJWTQ3eUpTYXV5VFRRelk5cEdHTFMxeFpCZmh3aDgyLTZiNVNXdkllWFhBazFoMl9VaFlhNUtTVnM5NVR2QmtJTkNZYmVIWk1iS25rOVE0MXhkbw?oc=5,en-IN:aluminium price
2022-02-25,2022-02-24T08:00:00Z,Business Standard,"Vedanta Aluminium launches low carbon aluminium, unveils two product lines",https://news.google.com/rss/articles/CBMi3gFBVV95cUxQOUZGXzg5Q2s2S0FUbElLRWdUVktIS1dGQnNuSzFZR191OFVWMTgtZ3lfQld4aHdQNXVtclVjeG95b1ZLbGtRdUFDcm9oaHhZNTJ1ZnlNbm1Jd2QzWVpUU2c2cWdzOFNmdkE3SklDcWo5WFd1T2pfaEQ1ZjFIUC00UHc4Q1VKdU9EaTIzREdMOVRQX1REdXNITHdlNV9PMlNWTkJBVkc3YTU3ZWowbFRqRmEyOFpKQnBmNWtjUEpXaWtFc2dkSHV5V3ZQel9pNUh6c2ZoNTRXX3FnV3Byb1HSAeMBQVVfeXFMTzdBUkVETlBPMmRucWJzM3dsdk5odW9uUm5tSkQ5UDJRNDY4b3RoRFh5S2E2bWY4dC13QkF0Zi1HZC1OWjAzdVNieldSOUxhcWdDUWZsR0p1WGlMdWxuc0t3NktLQTRZMHc2MUU4OUMxckt0RWF4dC1WOVpOeTZ5MjYwUE13VlVTRHV6TGdnMl9vTk00MjBrNlpRUDN3SjVYOVI1cXJ5cHp0bDl2TWhxTUhWS2JfVnpfYkdjMGtmam01WmV1Z21YdHJubHZiVGpoeHpwZnJSY3p0NDlWOHJzN3VSTTA?oc=5,en-IN:aluminium price
2022-02-25,2022-02-24T08:00:00Z,Bloomberg.com,Biden Team to Hold Off on Sanctions Hitting Aluminum From Russia,https://news.google.com/rss/articles/CBMisgFBVV95cUxQbkVYaklmbE0wMy1jcjJ6YkN2aFhlVUxtNnppQnJrUnIweTA0Q05lb1RmeXVOdkY5MVl0VFNJT05ibE5RRG1zaW1GVHAyVUthRmREN0k4Y29HUGJyXzVGeVFqUDlGT3RwZ19hc0xjZjYtLXZFS3laVXp6dDlBWE5EVDNUVE9XUVBHTUFYOWtuMWhjZHBXRWtxbFE0ZUJTd3BqXzRJSUZrdVJoZzBzOFZhYjhR?oc=5,en-IN:aluminium price
2022-02-25,2022-02-24T08:00:00Z,Reuters,"Oil tops $105, gas, grains, metals spike as Russia invades Ukraine",https://news.google.com/rss/articles/CBMisAFBVV95cUxQVEZSZ2Z2ZGJjeHduSVpTQXhiNDc2RExTTVZ3eXV5aDhGR2hQZUV2UGsxNHNnRG5Xekl2Mk5GVmNSX0FxTGlmeVEwTVVQMHRwUXpzdkltRGplNUswRkRsdlhPRnRRY3RnUjhpTldkc0owQWpTdmJjV3pkNk9xbGR0bHhYUWRfdmhhUVh2WjhqenNsUGRzejAzSlZIaF8xWHJseFhEZjRQZ09oVXo3Ylk2Sw?oc=5,en-IN:metal prices
2022-02-25,2022-02-25T08:00:00Z,Aluminium International Today,"Aluminium price surges to new record high, driven by Ukrainian-Russian conflict",https://news.google.com/rss/articles/CBMirwFBVV95cUxPelFtY0pUS01yend5alhCTlRRci1rZWpTVUJabk9NRjBLcThhMV9uNVRNZ0hwMjNKU1piWGNpU01OZzVvY2FWcC1qMUw1SjE2ai1BbWg2OTdQbUQ5T2JNMlhCRXdYUEpCQTdGMGJyV0hkamlQZm5zMjkxUmxzdTJhNndwVGRNWDlPZUxoN1ZuSGtmNHZJdlVOd0RWVFBGM3d3ek1sYUdFYmMxWVN5dDVV?oc=5,en-IN:aluminium LME
2022-02-25,2022-02-25T08:00:00Z,CSIS | Center for Strategic and International Studies,Decarbonizing Aluminum: Rolling Out a More Sustainable Sector,https://news.google.com/rss/articles/CBMikgFBVV95cUxPTGh5S3lmWjBXMHIxbkJxTHFxWFAtLUJpTUxWY3QyOTRBNFhxb1ZDZHNtdkRFMUg0UUNrZ253VTZncEF1N29OWmtHRERRYW1SMjlDeE9iUUs0SUdVa0lRaEJNWXQ4c0NidnprUzFPT0daQkUxZzhHV1M3WmRSR2ZyV18xazVhdm4wLWpoNUw4Y2lzdw?oc=5,en-IN:aluminium price
2022-02-25,2022-02-25T08:00:00Z,Hagerty,When a trip down memory lane ends at the scrapyard,https://news.google.com/rss/articles/CBMipAFBVV95cUxOOTltdEg3UFZmSmFzN1BSa3R5TEJmN0hRVFFvMWxnbVBZYk9mdW92ejJrRTc4WnNLQkdqZk1kNE9qbE94WkZhUGI4VXAzeFVwVnN5TkV1dlNHODB4YVQzcjFGM3JjbU5MSDY3R3pFRFlpX05NSlRUUlhKbXlZTGs1bXNQckE5ZnpXUnpDV1BaZGhNbkxOTlB1Mk5UbzIzX2VrblVtVg?oc=5,en-IN:aluminum scrap
2022-02-25,2022-02-25T08:00:00Z,ET Auto,"Nippon Steel says can find alternatives for raw material it buys from Ukraine, Russia",https://news.google.com/rss/articles/CBMi7AFBVV95cUxNd1dLbHZMRDVsMGV0VnVtX0ctMDEyZHhkblFLS005QTlxWGlLcEVCQmZHMlA1NmhzQmZ4b1RrWkFTZXFBNk5qeTB2QVl4NjlseC1OSVpyUlVJVlhxTnp3ZU9hTTRFWElia280RXJtb1RFa0w3bTRSMWVMTkZrVG1HX1F4c084SFZhMmZTZ0lsSkxuU1NoQm0xb0JRdDdsblVBRWhRbWxKYU9kT05jYzhLLU9USWxfcklFRXJlMDVEU2FnVWkyd1A3N2FYVjlralUtcVFDT0V3bXV5SndkRkxDVkRVQVhTOTJMRUZUeNIB8gFBVV95cUxOVTd6WXM1bUxJWkF3RFMtdXBPWE1UREtaUVFVaEttUExjOExjRmRXUG4xMDFLemNOcVNaMmFoVHBjekJnNGV2TjVSNlNnOUNpS3N5S2dKY0JNd05LYjRGcUJxXzVTQ2hHOHJrNl9yRnpLMlY0QjNhT283Y3ZGcGV6TmpybVFvYm1KYjB5a1Y0UVZwb2lReWtDZ1RvOGJqV1NsRG8yQ3FnbFZvV3VYQ2tZcjFkd0JqMHl1aWdnOVdValVrNm1DNEw1QWs0eFBkdnlFcTJudzdJTmpjc0s1MlFEVGdnLUM5dEEwa0d4TnRfcEdUdw?oc=5,en-IN:steel prices India
2022-03-04,2022-02-27T08:00:00Z,KSBY News,Aluminum shortage affecting local businesses,https://news.google.com/rss/articles/CBMiiAFBVV95cUxPOWNpNlEtaW0tcnhybkFCV2p4ZGI3ejBhTlBiWkhTelhtOXZCdUxSeFFIYzczYXYybVdGejhmeVdJN1hacVg3VVl2VjhDYkRRUlE1Q3JTODFQRFhoOHhrX1Rra1pUMlZEcExiMWk1QzVyZnlmQnlBc3ItUE5POGpYOU15Q01aZGhZ?oc=5,en-IN:aluminium price
2022-03-04,2022-02-27T08:00:00Z,gizchina.com,Russia - Ukraine war pushes up the prices of nickel and aluminum,https://news.google.com/rss/articles/CBMilwFBVV95cUxPT1hQVHZwendqZjA5Y19uZzdTZWg3Sl9ZYXhFaVc4U2JaN1pPRkg4T3IyNzR2NlNjX25GWXlPaDdDaTY5RUxkdlZkbGpMSXpZUU1CQ190eGRXdlNrd193THlFZHhYd2ZnYVp2X3B2MFNkMGt5dkhCZEVsVnQxTTNmeVpKSjdIU2VjTmFCRFJVWDNWREMtVVdZ?oc=5,en-IN:aluminium price
2022-03-04,2022-02-28T08:00:00Z,mining.com,Rusal halts alumina shipments from Ukraine,https://news.google.com/rss/articles/CBMidEFVX3lxTFBVSDN4RmFTeFZLUHVnVDB1bjV6QmpEeFVtWjNEeFZIbEU1Y0djT3I1TE5MdnJIZDNfN1pUaVNrTmtDVU1mU3k2eGhYeEp1QXQyV3NsX2pMT1BDaDZ5RXVsS0tsQVIxcTBXRm9RUE9yazZsV2FT?oc=5,en-IN:aluminum prices
2022-03-04,2022-02-28T08:00:00Z,Recycling Today,Aluminum scrap squeeze reshapes but continues,https://news.google.com/rss/articles/CBMijgFBVV95cUxQc1BxX2diYUt5M1R5VU1QWEt0eEZSQ3RsT21vTUpVXzdmZHRkU1FMcVRLZ05pSm8tMVFiOGU2VTJFMWMwczh2eFBIdVppTWFvNTU5TllNTk1hS3RqdEE5MzYwcmxRWlhXYTRaZTRXbnJBazBBRW5sX3BtaENRRndtcW92VnRPTGZNTm56Q2JB?oc=5,en-IN:aluminium scrap
2022-03-04,2022-02-28T08:00:00Z,HUB-4.COM,"Material handler instead of excavator in metal recycling: greater performance, efficiency and safety for metal recycler in Japan | Hub-4",https://news.google.com/rss/articles/CBMi4wFBVV95cUxOLUhISk5OaVAtYTRsNzFaNzlnWDZhSzFoX1hRT20tbTNDTWV3Tk9Fb285TmNTLS0wVFhxT19CTEhoXzQtSVpXcURNVkpVREszVWNsZi1Hb0JIRWVIemNERnFnOWhsVTltdkloWWJiYnhqa05aMGJkenI2ekVfeU1HTF9FTWNLVmxXdHAwQTFJWUdvTERUNEZrWVREZDMzSmxjR3NKZVI3c2xzRE5wRjlFT3Jub0xJVThHSE94bE1uZlpxb3NBZExmQ0daM09UVFJfeEVWWVRJM2VEQWEtbk56VmIxTQ?oc=5,en-IN:aluminum scrap
2022-03-04,2022-02-28T08:00:00Z,mining.com,Russian metal exports slide as sanctions hit commodity financing,https://news.google.com/rss/articles/CBMilwFBVV95cUxOak42XzNQZW4wRUNyTmhNbjNZNzA3M1pfS0NwT0NhQWN6QzJ3a3RVQWlfdkpSek9CZWlOYmxwc3JRTDFibmpJMS1DNk1VdVE5U2hzTENBdE1VdTZLS2plc0lPbVhDQVZyWWZwWFFrb0xyaDhHeVRET21EN2VLX1pHNXdYWXM2cUpOc29qclQwOXRvNWhWaldN?oc=5,en-IN:LME metals
2022-03-04,2022-03-01T08:00:00Z,Moneycontrol.com,Man of steel: Here’s how TV Narendran turned Tata Steel around,https://news.google.com/rss/articles/CBMitwFBVV95cUxNTlFTVGxJM3E3NE40M3JLYTNLbUdRR3ZHWGI4QnJXUHJZZDd1THVYcDJpYndPblZEd2Q0d2czTEJkZHEySk5BQW41Z2VaRjM1ZUVKb0RJVER6T2NYNGc4LVEzejZ1TC1HNlptWTBiN0k5QVZhTGU5WDkxaEZBV1kzOUlycEhDMnk0Wk94alNSSUJrYnluNnBHZU1XMS1kRFRmYUVORGlhRXRPYVpRamhlek5SUXE5TknSAbwBQVVfeXFMTVlxbjV2VmFTNHNtaGxmeGI1dm1ITFBvY1BJUVJlSVBpNHRrcDE5bFBDS3hZNkxlRnNQZ0ZRRGZVdmhocVFzd0lKRzhKM1ZPRHU1SE9CR1VSSFdHNnkzYkdyb1ZEcnlqVUc5cFhaWGVudF9fOGZzZnVBZnVWOHpMN0JHN2J5NktITWo5bXBocUNmUWxfVVljUVVJU0NwSWF4THd4VnhVUnd2RWswSnFhT1NwQWpvWVUzUVBkYzA?oc=5,en-IN:metal prices
2022-03-04,2022-03-02T08:00:00Z,Al Jazeera,"Heavy metal: Aluminum hits record, nickel jumps to 11-year high",https://news.google.com/rss/articles/CBMipwFBVV95cUxOYUhvc2hUOUtOcjd5WEx4VnJobmtJQmpXalByb0lEVWk5SXdlamZ0ejJtX1ZGQ3o3VWt0T2lVMXJnTDlPR3ZIbzRuSnpBa2JiLUVRT3pXTmtKWFNFT1UteU5SeWR4RGIwUHYzeE43ZVhIaUMxN0RiS19udTlsQ0ZuaVlwT2x0eVFuUjlKQXBQZ0F3aFUzbUZLamtka1RSdGdiaVFBWVZtTdIBrAFBVV95cUxNM0hCSWt5Z3EzS2EycXpDOHppcVhGdlJQVnhpMW9wZ3doQUR3QTFLUlBRVjlPWTZNSmhhc01DVEpuT0ZPM0N5X3JmanBoemdHa2VDTWU1bnBuS1piRXV2aFA5eERvVVlWby1XUDVMOGQyQ2pGQjJudldmTGxEbVk1REN0OGRDX04wU0hOS3pRZ25JclRBQnFFektmamFBOGRlVE96ZlhZNC10OHRy?oc=5,en-IN:aluminium LME
2022-03-04,2022-03-03T08:00:00Z,Moneycontrol.com,Nalco: Aluminium price rally a boon; what next for investors?,https://news.google.com/rss/articles/CBMiqAFBVV95cUxPQzhaQmtJSXlodmRMQTE1d3BWWS1VTTZpSjJiTXp6eE9QRjNuMXh1SGF1MmEtQndGc2hvcU5BbEpDS0x0eHlaSDdFMzNndW40VHdQU2l6M1V3TXEzTHdHVkh3eV9NdDZIdkFCZVZNRlJEckpjdVctcG9yMHBqSWZodXdDYnJXRFJpNVhSOS1OS1VzTHNFY21yakJWa0duUmhZUUFSd3pzN1fSAa4BQVVfeXFMTWZjYURzTnFzMDA0YjY4ZEVXSWJIZjFIVVEwX1p0MjVJN1ZaSVlwaUg5dGVjUS1TbngxVVFJMjdfSnVOVkRka2pWX1hRdkxHaHI5VzV4N2JWZ0kzNTNYcDMta1AwQ2cxMmY5VGQwVmpOVXpsRVZNM3p3dFVyS2RfTGp4bWw5RTZVRVE3VnY0YlJxVFJ6VXB1a1hoaEVkdDlaRDljcHItNGtkQ2hsYVJR?oc=5,en-IN:aluminium price
2022-03-04,2022-03-03T08:00:00Z,BikeRadar,"Orbea's latest mountain bike, the Onna, is a budget aluminium hardtail starting from £629 / $799",https://news.google.com/rss/articles/CBMiWkFVX3lxTE85bUFOUkhybXhsQVZFWmNWZEVDNUNjM3FvbjlBdERKRmx1Mk1IcEQzSEt5M0gwQ2M4NG9mN3g1OE9WMXR0V0hjeUpqSldISG0xYjllanV5Skp0Zw?oc=5,en-IN:aluminium price
2022-03-04,2022-03-03T08:00:00Z,thehitavada.com,"Steel prices hit all time high of Rs 66,500/tonne",https://news.google.com/rss/articles/CBMingFBVV95cUxNMWx6aW8tbC01NC0tcV9IQk1vb2xqSExYQl9fQjBpOGw1SG9PNmRCMVEwb1V0NUMzWS1iS2tINnZTVTN4YUFtQlRnaDk0MDlqQWpKNjFTTWdZNEhnYjBTU01JZEtVYmh1emNhS1pPM1ViTTF1ck9lVnRnczA3el9JN1NyY2h2RlI2MUZWQWZWNnk3c1lic21sQmVLYml5d9IBowFBVV95cUxNMXNXdVQ4UUxTZUFZX0tKR3k3MFJDYjI1TU9WTUQ0Yl9HT2pnaFN2R0lXR1dMdkFmUzNtX0w0aFZjYUwxTlp5VEF3X3MxRHg5NVVvYjVFbW5WVHg4N2RLR3RBbjFSOFdyUWsxbnF3aXY3QnZYNlJTYUxiUDB4d3hJdnFRY1BjMlJmTGcxYnpJRW1UX0pRMkdaakN5Rmt2YVc5b3NZ?oc=5,en-IN:metal prices
2022-03-04,2022-03-04T08:00:00Z,Packaging News,Ball starts construction of UK’s largest aluminium packaging plant,https://news.google.com/rss/articles/CBMixAFBVV95cUxPdzNsOGxIeGhHeWRJWFVPNW1IalRPbF9VUWZnZmVwNGw3QmpWT0NXVHotY1ZfRkVoZTN0MmRCZDFoTld0SXhBOVdRX25FRFdkS2oySWNFY2tNakJiTExweGRnbEc3a0p1OTJOcS1ReUNUdUVWVXRQMlI3QzNqMHRSTm0tTUt1QVhjN0dHWnYzWlozTFVyaHViT1VscGVEOHZ6SjVZZXlzM0dlcEIxejU2OHZnWHF4VUhzNGNjbTZQOW1zVVh2?oc=5,en-IN:aluminium price
2022-03-04,2022-03-04T08:00:00Z,Axios,Metal prices soar after Russia's invasion of Ukraine,https://news.google.com/rss/articles/CBMieEFVX3lxTFBhWVJCYUxibzg0TGh4UzdxSXlVRzhsSzBJVFhLczNCZFh3ZlQ0aE1PSVg4eVhhR3ZBUnA5MVZKZ282azRZODlOemNmaVZ4MlpYMjROb3B3NDM4T2dTQTlVdXozaEZ0bzRMNUFHallLc29vZmxTUlQ4Qg?oc=5,en-IN:aluminum prices
2022-03-04,2022-03-04T08:00:00Z,Mmegi Online,Rising prices anchor local base metal bounce-back,https://news.google.com/rss/articles/CBMijAFBVV95cUxQSVo4RmU1NkM2R0tsME1RUzFrbi1vN0szRXZwSnZRRE1PMlZwWDR0cDhHQWl2cEF4RURRelN2Vm9lMXpydzRvWC11T2Vwa3VOUkw4SklLemJLUDVvUEU1VVBtUlBDUnY5NDJwaVhjTjgzSEZlc2FFY2lPOEVDSTJncWxXQjJIMGVTVGNRS9IBT0FVX3lxTE5kTTh0dGEzeUh0cUdqQVRqakNkWnFGYzd0SFFQSDB1d2FwMFNvb1JHM3VVMEtLLVF2YkdYY3k1X0JCX1kxT05RTEhBOTBTYWs?oc=5,en-IN:base metals
2022-03-04,2022-03-04T08:00:00Z,Hindustan Times,Skyrocketing steel prices put Punjab industry in tight spot | Hindustan Times,https://news.google.com/rss/articles/CBMizwFBVV95cUxPWktIVllrWG9Wd1ZralI2VDIySmQ5SUhtRkxFX1kyWW9fSWZxNnJaVy1mTXdpbjFJQVNuZUp0Q0Ffc2JTZ1dlS2NFR0V6eDYtSG5CX3FsaU9IajBwSlpHbzNyNWloTllwT3ZBZEZvcnpmdktRcW5Cai11ODVvZjdMamlOOGVMazNfTzhKZThPaUt5WWhpdzFmZU5oUkxLNUtKUTdQMU9aOXZFQnNETUI2eEdJZlpIUS1oeC1hLVVYZ2pzVXFFdEZ4TTRXZ1ZwVmvSAdQBQVVfeXFMTXZvZWVnSERlWEFjV3oxa09WTVlIbEs1OFQwbmdqX052ZVE1NGpHZGFvRnNzdG1nczJYb3N4UkxVNDVnWUs4cGZQZWEtNDltM2c1blE2M3NnZDRjSFVuazNDTktvcGhvY21TTnhRNVBHdEZyYkZIZzh2RnlMN0JNeXc2TmNDb1pvUkhhc3RBclJ1X1E1clhpMXh6Skd6Vm9yeFdTM3otOEEtZVE0YU5LTWU4bGV3bktSX3NFeXdUcEZlWURSbHBpXy1mc25xSDAyWUxnZlc?oc=5,en-IN:metal prices
2022-03-04,2022-03-04T08:00:00Z,The Hindu,Steel prices jump as Russia-Ukraine conflict hits supply chains,https://news.google.com/rss/articles/CBMiwwFBVV95cUxOSFlRWFRWeTg0cEFrQlk5V2ZaMzVSb09SUFhKOTc5TmdVMTc1WWNKSFpKaXpnTU5KWlZudGFILVJyNTl2dzV2bVZMX3FwMUtkRzdJTlJ1WUZfZmZERVdtMGdQVUpBamdKUHRzdnRITklFZU1YT25NTzNyOTE1RC1nZFlJbml6VWZISkpUaEtzRU1NWmRPcS1GRHhUdkdPdWdzSVF2UmZxUmxhTE03bGxzZEdNa3g3XzN3ZTVvT3FuMVIxM3fSAcoBQVVfeXFMTU1hWDZBQjZQSVYwZ1VwRHZZQ3ZfS05DeXVKT0ZTY1FtVVd4QnNxUTM5YjY4RVlFNzN3TGFkd3F2d2pKaTM1a256SGZxdUc3bXVkU2lfTG4tdnRqcDY0Q0o1MzV4ZzZvNTIwMlRZLVdCdVVzUS02VXlsbjZRNjBwMnJTaU5YcXFmU1piNmttajJJbVR4SFNURnMxTDRLMlQzR2d5c1JLZjIxalpuV05HVGZleWlpU1BuVVFCb0k0MGpERHVxU2NRRmtTdw?oc=5,en-IN:metal prices
2022-03-11,2022-03-06T08:00:00Z,The Economic Times,Costlier crude oil pushing up raw material prices: Jindal Steel & Power MD,https://news.google.com/rss/articles/CBMi6gFBVV95cUxOejhwNVUtb0V6ZEMwU21RS3dMYlhVZi1aaGs3cHJCNEJ1d3MtMEY5eDVQX1pJN3B2SmNiWVhBeXA2WFBjV0w3VnhrTWhRTEhlQUgtUXJ3VlVoWkxvWlRULVlLNXdyQS1lWFVzWGhUNnVVek5lNnl6Zm5oeDhMQVBXb0ZSaVl5blEycTJnMU50REJMemVsa2lpT2dJTkw3V2tfQkFhX19odXh6S01DQ3BxZXhRNUp5VDJmQmMwU1diVkxQWGFZWUpxTXAyR01NUTZJZV9jdUJYZlRObWwwcmM0aUhBTHhfbjV4M2fSAe8BQVVfeXFMTS1ZMWg4ZmJiSFJFVHhXTkFpaXhPWTZGbXFLVlh5akNaaTVtOFQwSG1jbDVmM2NGQkphNTZUMkRmanI5Qi1OLW84ZF9wSVdwUTdQQUJFc3hpNlRYaXBmZkNBQ0FOMzN0aUZybmJRM0NrX3R5UERIRy04dlF6RE9LVVJEemc5SzZrMWduUWpSdTJnRkRFVExHcktNY1JzREhBV2lkekg3aVJ2WEU0UEF2bU91UUhqVWpZd3lTQ3Fsb3VsbDkyQXhsMEV3bGIzU3NZVnVBYy1yaEhoR1FxZ2huMmluYlhoS3BISjBxV2xmSjQ?oc=5,en-IN:metal prices
2022-03-11,2022-03-07T08:00:00Z,Reuters,LME nickel soars by a record 30% on Russia supply concerns,https://news.google.com/rss/articles/CBMitAFBVV95cUxOUFRfU1RNS3d6YUF5TUpYNlFra3VISnlTRlpWQUQwQVA0Q1lZRkYzdlotREdlRDVrZG1vV0FWMjFjbVJWZDBTbks1YlZrRVdGRmd5MnlGeHotY2JzQ25ERk9uMjM3WF8yWlp0RzBCQzA5UXdpTVlYS3VWb3pJYjhUYkJpTGgzazc2R2hnMHU4eUNOOWxNNnhBMjJwNVdoWlFkM1VrN1RZa3l2UjRDRjFyY1JUU3Q?oc=5,en-IN:aluminium LME
2022-03-11,2022-03-07T08:00:00Z,AL Circle,Ball Corporation begins to construct UK’s largest aluminium can production facility in Kettering,https://news.google.com/rss/articles/CBMiywFBVV95cUxORWtkVEZaTDZuX1RjTFI5LVMtS0lpQ1hYcGRtOXV4RFdBeFRadkFYWnpWQTRvNXJmYVExaExNS0lUc2ltMlhSYmFzWlA0aU8tekM4UjNmSGR0ZmQtZGI4VU55QmhpWDJwV091SzYyZndYSi14a3VBa1NwdFl4V0ZXb1N6ejNBLXVPNFprR2dXTm1saWdYLTU0MkYyR0RPWEx6ZGRvSmNXZnBWX25wcTNlUGpjbDV4ci1GMHNxYlB6bWNmTnlRMmFmYk5QYw?oc=5,en-IN:aluminium price
2022-03-11,2022-03-07T08:00:00Z,Treehugger,How Russia's War on Ukraine Affects 'Green' Aluminum,https://news.google.com/rss/articles/CBMiggFBVV95cUxQblZtWlR3WEFSc0xQUEE0alQ4NVhNTU1PbzZpWkVjRG9ZeWYwMXItVFNOMlpNekoxUXpqRzhaUzdRZXlmVTN1d3Q1RE5QRnRiSld3dm5kVXpnMTdoNTVIRGNFQnNoYnI3ckZuYkxNRnplbUVYaDBaMDRjaHF4X1A1a1ZB?oc=5,en-IN:aluminium price
2022-03-11,2022-03-07T08:00:00Z,EUROMETAL,"Stainless steel prices likely to see increases on higher demand, lower supply",https://news.google.com/rss/articles/CBMioAFBVV95cUxOZ1ZxNktOX2l5eG1tZHBDQnA0RTdzUEdKZlJweHZSbFpHaTM3a2pkbUJ4VThjcllNUEdnd2ZFbFlleE9Pck9vMGd5LXR1a1RhOEwydDBnNTloWDlPcktIWVNiam00LUNZckU5RktWUHBfakRVaVN2V0RUeUJoX1A4WEF4T1kyZ1NtN0VtQTBNY2JNb2VNSFphUjhQQ0NxLTJx?oc=5,en-IN:metal prices
2022-03-11,2022-03-07T08:00:00Z,Bloomberg.com,EU Steel Prices Surge on Hit to Supply From Ukraine and Russia,https://news.google.com/rss/articles/CBMiswFBVV95cUxPd1NDTUxQYWdCVUgtNWRrTXppZzNWeVhUcDktUV9UemtMYmNsR1ViMHF2b1JQNXNLX21SdGZQSG1ZUG1rT3ZJRnR2NXl2TEdROFNIU1JVT1RpYjFCWEZzSVk3dmwzV2VvMDNXdmdXcXBFVm1jOV8yQVF1RXdVNXV2ZXI2U1M5aUczYnRVVm82d2FUV1ZfMG1tY29DMjhuMWxlak1rVnE4VnoxNmo3MTI2YnNOYw?oc=5,en-IN:metal prices
2022-03-11,2022-03-07T08:00:00Z,barrons.com,U.S. Steel Stock Surges on Upgrade. Russia-Ukraine Conflict Is Set to Help Steel Prices.,https://news.google.com/rss/articles/CBMikAFBVV95cUxPNUpoMEQ1M1MwdHNHT3daMGNXYjl2alhnSmxLclJ1R00zMEJ0VGhLS2N3UDNJY19BQ1BvdV9ZY0VudXBLU3UyekN1SmRzeHdWblJzYWRHR0pYeENrM0c5MEdrRlFyLXRRYUtpVmw4ek1VUVRlZUMtZWpKRkRJUkJCeXU5a1ZkNmNkZGpMVkdNYUc?oc=5,en-IN:metal prices
2022-03-11,2022-03-07T08:00:00Z,Philstar.com,Philex Mining profits up in 2021 on higher metal prices,https://news.google.com/rss/articles/CBMioAFBVV95cUxNTHc1NnpBUnV6ZTR0VVpkalpUYlBqVzBZNkpUcG5NcTVFdnBQaVRlNXlheTlsakstMjVFWm94MURzNGlVamFLVVN6RDhXNk5ldmc4Y2ludVIzV3hSeUR0NEdESlhFenhyckg5YUYxNkRSRWRsa2VBWlF4VjYwNmptSHFJN1RiaE1ZSlp4N01PNTYya2NlczhLUTdKblJfODNS0gGnAUFVX3lxTE1DaGFWYVNKZlYxREUxbG5KRkNEb19FbDYxUk5xUVdzZnRtZ1ZvMzlPRzBzSjhBbTJYVTFfR3NZVG1xODYybkg2STVBa2Y2cU14dXFIVklkVVlqbXlmSHBmR3hsTmdjNlZHSHJsMlNXdjVOb0RmT05qcmMzWVpuZ1Z5SVpPLWlIZGc1MjlzU19JbGlQYTRLNTc0VTBBLWx3a09SdFZtQlhj?oc=5,en-IN:metal prices
2022-03-11,2022-03-07T08:00:00Z,news.pindula.co.zw,ZIF Urges Govt To Ban Scrap Metal Exports,https://news.google.com/rss/articles/CBMihwFBVV95cUxOclNZdlJPcnp4cXFCRW9SZ2FmLXdmdkVRY05FZF9mTzRjN3doUXhNNlFrRXhVbTlxQjZTcXlnRGJuRWs2Z2wzRktDdjQ0NlFCM2s1ZzFOREhPeHlXamJBRnZfdW9RekN6YWVnSGd6MnlHekF3TU91U2o2RDQ3elZmTG02LTdHUkHSAY8BQVVfeXFMTzItVlpzV1BDYTZGa0doYlBITEZXaWhrX1ExakdvLVp3VXRLNHJ1V1MyX2hQakhJYkdLNE84aEFqdnZSSVhuLXBwQ1Q4eXptc010eU1ZY201WFFoQ3FKYkQtTDFqTldaV2tHWVpOMnViRUdtRjhPbldqSXlGMF9FU1pqc2lRVnhmZlF2bm9UaWc?oc=5,en-IN:metal prices
2022-03-11,2022-03-08T08:00:00Z,Reuters,"LME forced to halt nickel trading, cancel deals, after prices top $100,000",https://news.google.com/rss/articles/CBMipwFBVV95cUxQZW9rQW5KcGdBaWxsOGJsc2ZtVlRrYV8teGZLR0Z2NmtXZEdTUFktWEFNWEc0NXM0SWxsNzROWGhjS0hnS1R6Y1JqVkN4NU9xbmhxWEU2cDk1YlpLYTBoa1RSNkFYOVFHZWtCVVQwaUg1clAyd0dDMXJDVWZKM2U0ellDbW1HeVd2Ql9IX1QwR3E3WTd2MVBwZV9RYzVRdWFMZ3AwWG00TQ?oc=5,en-IN:LME metals
2022-03-11,2022-03-08T08:00:00Z,Reuters,London Metal Exchange cancels nickel trades after price doubles,https://news.google.com/rss/articles/CBMirAFBVV95cUxOWWdjMndVbXU1eFZZdEhRMkVnMXd4SmdYWk1nZFp4VklnNldpNG9YOS0wU0FiVlVRZmZIZnVGLVdkRXN5cjlqMDdyOS1qc0UyUEFsSTU0OUNQUmkwUEFtWkowMG1uZFd0R2pQVzZfbks4MFRfZGloa0pGV19na2QxcVplX0tCTV85ZlZ6LWlkTWptLWJ1Ym9uV3dfWU51cldNRjgzY1h4Nk5XYm9h?oc=5,en-IN:LME metals
2022-03-11,2022-03-08T08:00:00Z,The i Paper,What is nickel used for? Products that could be affected by metal's sharp price rise and why it,https://news.google.com/rss/articles/CBMinwFBVV95cUxOWTJTalFqblNCeExiN29XNWxfTktPTzdzZmNVZWRxV2FXZG1pN3BJeUpjMXJCVFZLeWw4LXJLUjRzeHNjUENoNWQ5UXdjRWViUjRHRzF0ZWdvUWhfM3Nhd2pJem5pQmtBaF9BSkF2UzBZeDlIRi1nTjN5Wk5CQjdwcjVDdW4xeHhiMEdZVUN5akVfUlJWSXZ4YTQ2cUlLV3c?oc=5,en-IN:LME metals
2022-03-11,2022-03-08T08:00:00Z,barrons.com,"Tesla Has Inflation Problems, Too. Metals Prices Are Soaring.",https://news.google.com/rss/articles/CBMijgFBVV95cUxPaHY1NVZyaFRvUkQxMlMtMkpRaFNYa2JRRnZPNU1RUkk0OE9MMUJ3TmtnSnpQV3dMeGppVUt2dlZ0WkxkTEJTUWhoNlFXNi1fUmNuaDFjSkFiWTlWa0dGNlZkWHBSZFBVcklHRURpMHVqV3JIc1c5aFUtTzVBRHpKWU9aQmVJQS0zVXRfV213?oc=5,en-IN:base metals
2022-03-11,2022-03-08T08:00:00Z,mining-technology.com,London Metals Exchange suspends nickel trading as prices explode,https://news.google.com/rss/articles/CBMikAFBVV95cUxNbVo4ODNPX2FYTFRZTGRzVHhzd0FVWk9pdHcxZldnOFZTZ0VyODdHWDE2cHhQMGVrOG5jT05jODIxc2ZxWWtwNXVMdmxRRDg3aXA5RXMwVGFuQmtpai1ZWWVoMmRqX1hCaG4tNTF6ZFh6ZVc3aklsZmc2S01nOGM1VzdHdFdtNkFuSWRWY3VOUC0?oc=5,en-IN:metal prices
2022-03-11,2022-03-08T08:00:00Z,Bloomberg.com,LME Halts Nickel Trading After Unprecedented 250% Spike,https://news.google.com/rss/articles/CBMirwFBVV95cUxPMEdPWkMtUXNONmhZdHV1YmlfZV83R3RtUmRfN1ltMXJ0bDNHUGZDS29Ld3VpNnN5c04yNkVsUTVONWxZcEtUYWZDVEZqQXA2aUlld1dRQ3ptQU00NV9NQmlYY2tIbVdhVy05VF9LZHdGekktMkp6ZEhDR1RMbEVwVkhZN1hJRl9SeVFVUl9wMFRiMnByeXRQV3UwTjhEVjd2bGlpTEI4Z2JCU1RRVHE0?oc=5,en-IN:metal prices
2022-03-11,2022-03-08T08:00:00Z,Business Recorder,Steel prices soar on rising raw material cost,https://news.google.com/rss/articles/CBMijgFBVV95cUxNNkFrd0RVd3FtOTZQZG9XSkVRNHBrLU90Z19zRDJLRW54OFFzbG1ZLXlWYjBJc043M1NwbDljaDFCamYzdkFPd2JhR1BreVhaaHlrUDc1eVlscG9vSDZpU2QteDRaME04WXYtOUFIM3l2YWJhUEJiM1hYTTkwaW45LVRYbnl5NUxTTjQ5MHdn0gFWQVVfeXFMT3prN0NEUmFjMVBGWGM5Z084WFNpR2oyUTZxVW5UbE81ay1TMTdqd3lMMU1DYV8wNFhVU1VnWFJaUnMzTlNXN0NTdld2Q3laczEyQ1Y4eGc?oc=5,en-IN:metal prices
2022-03-11,2022-03-08T08:00:00Z,The MediTelegraph,"With eye on metal prices, U.S. cautious on possible sanctions of Usmanov companies",https://news.google.com/rss/articles/CBMi5gFBVV95cUxNbWk5dE9XZTNkMDNQRk8xZmxKaXd2YVBxS0ZCbXVkUjdIVTVDQmFScWd5V2JHd3VIWEdodFFUSFF4S2tBNG9oRE8tMDUya2R2NXc2RWxKVFdtN1BJZGwtbHZsNDF2bjA4U0VGWDlndXNZeE90RlkwX3dOUU9XX3N2UWNGRmo1TWh4UkJqOEVqbU82WE92RTJTV0hKRHQ0SkZsenZBaE9OcnpUTk8tTXBycjNlSEhONmEtQ3ZhWEwtZlZxMWw4SGF2blZVU2hudWswVHRwZzVKdm1OQjByal8xXzNwMW9fQdIB5wFBVV95cUxNc0pCd3F2YlNuT2c5YlR0Ry16WkhLNERDckVyeFNCS2NuVjdoeDhMM1JnY1NBY1B3enFXS3dfUVhLXzU2WVRobWtLZVlQSkpzM0d2NGw2a2VBNHNtQktjWW02NG4tejNVOVNaVmNDT3I1YjB1NGRpUEdwU2RaYW9uOGc4SlIzX05XN0E4dUtiLXljWXJjUGVvNW1Oemp6bzFWN1hCSm4zUEtEZEZuWE93RjdaM2VNdGhSTFFiY3NEVm1fclVmQ1hDMjRXRUx4SlhBZDY1bXBSNE4xbHlzYzlsc2R1MzZNOWs?oc=5,en-IN:metal prices
2022-03-11,2022-03-09T08:00:00Z,Construction World,"Steel costs surge to Rs 5,000 per tonne amid Russia-Ukraine conflict",https://news.google.com/rss/articles/CBMiuwFBVV95cUxORU9FX3JUc1FiN1JqY25LbHBkYXhwc0d2MDJ3cXVNOGVGN05OUVVwUElxdHRzTUNsMjVOaldiS1Q1YWlHc1o0bmJFTGhlWXRQbHYtTU5pMTNXQVI3dzcwUUMtN0haUDRlRkFjZW1ZRHBsSXZBa3VoOVdtMDRBWnNFZDh0UDVmYUZSNmdMdEhCaVhKcXRHc3FERlBWQ25KeC1ZNWNRRjR2anVDZ2xHRmg4cWRkb21KdUk0NWRJ?oc=5,en-IN:aluminium price
2022-03-11,2022-03-09T08:00:00Z,mining-turkey.com,Metal Prices Surge Due the Increased Uncertainty,https://news.google.com/rss/articles/CBMihgFBVV95cUxQYVBVY3FYdk02blB6QVYyUXpNMlZpUWpIRTV3VUl2Qi1SVHR4Z3UwSlJCczUyUGJGN3pERjQzTllaQWhNR2ZiRjdTNnRrcUEyenZfY0N4V2FJUFpfZ1dGVHlTcy1FMjQ3RVZOODJlamh2MmhxVVFSMDktbjBtb3p0eno5OEFyQQ?oc=5,en-IN:aluminum prices
2022-03-11,2022-03-09T08:00:00Z,Republic-Times,"Ralph’s Recycling in Red Bud reimagines recycling, scrapping",https://news.google.com/rss/articles/CBMikwFBVV95cUxNRHFRMm1aRVNEVWUxOWNzYzdmZTVlUmdYUG1BQ0NxMGwxanNuTk5LdlNxbm8yTjhVcVFBUi1IWWZPS2pENExWZFVDc3ZsazExdHhCRzlZYjZxNnN0UVZEMkFYbDlKelJyZ2o5ZHFSYkxXMFczZVNpOEZ4TEVBY1NyTGk0Y3g4eFBKSkthOTlFcHE2cHM?oc=5,en-IN:aluminum prices
2022-03-11,2022-03-09T08:00:00Z,WSJ,Nickel Market Crisis Sends London Metal Exchange Scrambling to Prevent Damage,https://news.google.com/rss/articles/CBMi0wFBVV95cUxOZ0FKR0d1VHRMR0hOY3lzYmVYNkNYZVFybFcxb0kxSEtnMGk4MVdfYjZ2UUJEYmJNZ1JhWW9aTE9IbDg0YzZXZmFfcGgxOU1ZNVQ0X050LTh5MG9DWW5UYVpuX0R6ZHNISnlkSC14TTRGV0NoTXRZOXJPc1hNaEU5bmNKM3dUQzBEOW9jLVF1amhMbnpJOWxsVEZKS0E3TFJKMjBHX0NMQkpsbFR6bXpJbktVdWRzRHpoM0pKYnpiS0x1V2ozZkpvV0FRSG1qNWRuOThR?oc=5,en-IN:LME metals
2022-03-11,2022-03-09T08:00:00Z,mining.com,Nickel trade falls silent in throwback to LME’s darkest days,https://news.google.com/rss/articles/CBMikAFBVV95cUxONU1vakkzeTY4QTgzc0g1ZXN3VXJhbW53d2UtbjZ0Sy1CbE5EYVpSeGNKSGtvclFxdDFkb2EyZ09NOE9ycERXb1JPb3BIVFV5MFp3MjdPYUs1XzRWWWUxRmZvbG12cVByNEhuRU5kWHJ6OVB0MEU5ZEhVb19sUWJnVl9PMVNNTHcxQndhdU9SbHU?oc=5,en-IN:LME metals
2022-03-11,2022-03-09T08:00:00Z,barrons.com,"How Much Is a Nickel Coin Worth? More Than a Dime, Thanks to a Surge in Metals Prices.",https://news.google.com/rss/articles/CBMixwFBVV95cUxOOTczU1BqbW84R2N3amI4NXVjd29pbGVCOUFLVC1OT2N2eV9HYzB5cmFzUW1PRk9ITTVlNjlHcUxZZUFvU3FtQ2ZXNjZhSng5cHlhWnZBQ0gzWkktTmwzRm9XenNQUkg5THBTNVhlTjhYNmZKSU02QkRzc2xXTl9VQVFpZGgtV3lJVWxJWjVNNjFka01EUjRPd3JDeDZxa2xVd25MalNaS1pNOXdtZUlOSWxBVmwyOVFlb0x4TW83cWp5VW5ONWE4?oc=5,en-IN:base metals
2022-03-11,2022-03-09T08:00:00Z,WATE 6 On Your Side,"Buc-ee’s in Tennessee construction ongoing amid rising gas, metal prices",https://news.google.com/rss/articles/CBMirAFBVV95cUxPNUI1MjVhUTJaTU5qc2tzVmxmcUxYUWpRbU94d2JSenZYSkdHZHhHRkhzTWVlSEtha3dFTjhnc3BxZXhIS3BsXy0wS2RWUldYVTFGOEFFTmtuTHNpS3ZJekh3QU9FWjhYNGlGUWtCa25lUFVjLW1hVkNBYmk5U25RWXBmU090enNicml6UUQtZXdDTWRyTkljeVFhQXg0Qk4tdmV0bzVONFo2X2Rj0gGyAUFVX3lxTE55eDBiNVAyTGt5WDd6ejRJRlVnWUVnWFdJM1pBWmFSY0prbGRESzhKTS1mc3owRUQ3aUhzN2NrMXpYTnQ3QzBiOS1HRlUxNHpPNGw1dVRiRzJBX0ptWGd0WDExZWpsSEFvM2R3TW51dXRLeWtzRU9PVU9zb2dheUUxUDZLQ21CTC1ndHlIa0Nua1A3SW45OUM5NE5yY1RoM3dlRXhJak1vVjd2VG9nZEZTTkE?oc=5,en-IN:metal prices
2022-03-11,2022-03-09T08:00:00Z,The Economic Times,India's Jindal Steel expects Europe exports boost due to Ukraine,https://news.google.com/rss/articles/CBMi3wFBVV95cUxNYkJ5MGpleXpRX3NNRjBkQW1LdS05T25aWTk5NGl3UnBMTlh0NzlKZnE2RnVQejk0QmNWZzJESEM0Z194ZnNHQlF3TUJwZUVPQzJ2WUlqSGxKdFBjQUZHaGNVTmt0TzJRR3pIWWJ4elZ1T0FTQ0tpdEdHamZJeldxT2hmX1l6MHdoMnM2Q1M1YThFSXFvX01yY3Njd2xBRWdZMHQyZGNhUUlLSkRic0FEbHhsNHJha2RxSjgya2xlSXVFQVhqRk1ESThuLV91Uk9aT2hBRlZDQXhsUWRUUTVv0gHkAUFVX3lxTE02emUzeDgySGJXWHZ0OFU1Wkp4YWV4cDJ1c1ZldjVuTEo4SjJGVGZqSG4xcDBqS0JXcFFTVEJwOE1td1hFOEdELUJ1T2VtdjlaTkJtb1NFdHVtVFEtVVNreHdiUVluUk9hWmJncUdnZkF5NWhxVzlEUHBQY2F4Ri1iX0VRdnpLak5MRUp4UjdwbzhPMmRzLUp3YmpwSnlBSkZMVHhBbTExOFpaNHJSWXZFR0JEQWZlcUw3U29lSEdSUDBNLXNRRzFVU1cyaHZKT1NEOXhQVFpsSGFxT1VyXzB1TllxYg?oc=5,en-IN:steel prices India
2022-03-11,2022-03-10T08:00:00Z,Brujulabike.com,Orbea Terra drops in price with its new aluminium version,https://news.google.com/rss/articles/CBMihAFBVV95cUxQZXpEbmduUU1BdEVsOWx2ZTR5QTByUFRiM0k4dXU2T3ljZ0M4Xy1UejFtZW5iOWVxTDJJWXBpcVczWWVncmhQMVBhNklYM0pJS2NfUGtnd2JUYU5fX1JzQ3Nmby1FZjhBM1hNSDJMWXNKLS1CNlFvZWpMUzdtWDVMa0NGTGE?oc=5,en-IN:aluminium price
2022-03-11,2022-03-10T08:00:00Z,CBS News,Soaring metal costs could push new car prices even higher,https://news.google.com/rss/articles/CBMie0FVX3lxTFBQQVJlVEdxVWx1VlhhbnEwQm9XX1BqckFOeGpBRUlvMy1MME8tVjc1a3ZWRWJ2VGFPWWJzVVVUM1p2RlBCNUNvSTJFR1dwTHdwS29UdWRKNVNfVFJSWU1tYlJ4WUVPeGRPcDlLaXVSLTBQQm53YTBQTkhJc9IBgAFBVV95cUxQaTNGcFU0Z05KX2VmYmJQbFpsSlUwMU9wVXNCRktjOGU1d21aejlGNGlqUVRNR0JFazhIZHRya0ptaHhLMWZSZkN1YVdQQW51cWIxNldzLU5VQS1JMU1rUDRoaWE3Q1hBWldSc1VHWVBEbWhkdDlTR0lpb2dHZGRmbg?oc=5,en-IN:aluminium price
2022-03-11,2022-03-10T08:00:00Z,Fox Business,"Metal prices hit record highs, costs of consumer goods to rise",https://news.google.com/rss/articles/CBMi2gFBVV95cUxQdjNTWF9INkxBMFQzQjduci05eHdka0JxejdVWHRiMTRNV0pESEtobVBKLXllWVlqOEVNV2dVU0tnNXV4dUMtWkdHVzcyTEFQY09obHVhcHAtSVd5eVZNNmQ5WEhfUDhNNmdsbnFtcWpYUjNldWxLRjA1LWdjUWRJN2FtVms4OGtpeUJXbFhyb19pN1F0eDZ2M0dMUF9UaXFkUGh0MmZjdGN4a3VabWVFd1M4RmFseFp1OXVoZjM0YmE5eDUwMld1R3NZVDl3VFJtY2c5Q2xrbHVPUdIB3wFBVV95cUxPU3loNU5oWDVVcllSVTVXNnh0VXRNSkN1SHhvemgwZlFBQ0o4bHphZkg3Wm0zcEpDcTFFTXgtTHBFTzluV2FacmdaNzBTV3ppZjFsc19xb2cweS1QblhGZXd6RG0yZW5rWjBncXhSY0J1dnJuSHFJNE1CQU84NFM4VWRoUHZId2RxVGRWS1NRQlNnazBlSTNPSnc2cERmSi1HTjEwQlJLd1dlV2FBQU8yVXk4NDBBd0UtZVNoR1lqSnNyYUZhTnViUVpjaUVkRlg1QzBzNDlNNEgwMVZxd0Fv?oc=5,en-IN:aluminium price
2022-03-11,2022-03-10T08:00:00Z,BikeRadar,Orbea launches Terra Hydro aluminium gravel bike,https://news.google.com/rss/articles/CBMiY0FVX3lxTE93djEtbGJhekJldG5TSFVHdmxkRzczU2xlel90NWMtcUhrRndESkh5cVhsWGNSdkJIZHVpM0tfa1RJRERVMk9vUWdoQjRkVnJ1T2NPdEdUY1h6ODFCS3F0cTR4NA?oc=5,en-IN:aluminium price
2022-03-11,2022-03-10T08:00:00Z,cyclist.co.uk,Orbea Terra H: Handsome aluminium gravel bike offers mounts and versatility,https://news.google.com/rss/articles/CBMiiAFBVV95cUxNckRpc0NEZ2xBdVI2N25jZzdGaEFOeC04VElKeUdsTFdxWHhHeUxuQVhnT0dLQTBTVFdSemhUajVUeEhZR1JyME5xZnZxSkRhTGE4QnJYZFVoTG1YZEdqT2s0czdtOUxmeTd0eWJ5NkZCc1hpU0doS1JVRXpwSlNCdDZTaGRtSVBI?oc=5,en-IN:aluminium price
2022-03-11,2022-03-10T08:00:00Z,Irish Mirror,Billionaire owner of Limerick aluminium plant sanctioned by UK government,https://news.google.com/rss/articles/CBMilgFBVV95cUxPN3pvZXdTZklnREVUVTA0M2JjbTBCU1RELU1KMERLWGJvZHJTV0ZuV3V5M0NVZWN0azJPZUt0UmRWMms2cEFHbDdZTWQ4TXlHRjVuTnhVczVoTUtpNzVra1E5RUFndU1lTHp2UEl1N2QtLVJEaFl3OGJYZ0JsMFczbVk2S2JOeXJ4STFVNGN3a2VXdXJZX1HSAZsBQVVfeXFMT3piWlpES0ZuNl83M1BlQnhGU05YeEt0ZVZfeWMyN0E0UVp0dHlsVHlQeEVEQWdHN2lXX1hyR0pvZ2pwcFA3aFBWdF85NC1NZmVNZ0tma3lZSWliYktrY1YtTVV6dF9hbE1mR21rWDlyQ01iWmVyWXhQb3prVHJZSEYzcmd2bUtITERFZzI1MDRZN256cGtTalNfa1U?oc=5,en-IN:aluminium price
2022-03-11,2022-03-10T08:00:00Z,Innovation News Network,The Ivigtût project: Mining for green energy metals,https://news.google.com/rss/articles/CBMimwFBVV95cUxPZDE3Yk9Ec1dmU0RodExhSWxPbGxvb2VQaXd1aTlTZXhaSldxbWMyQVQtRXU3OFA4YVZybFlpcElzb2tBRXRoSGpPR3F3V1JFazZEZjczbWlYNWVTNWpEb1NvM3h6WTJyM0FJZ0c3N2E3azNVT2pJUmZ4YVIxN3VseEpIWU9PcmF5WlNMb296anJWT1dSbzVlcVNiMA?oc=5,en-IN:base metals
2022-03-11,2022-03-10T08:00:00Z,Business Standard,ESL Steel - Multibagger in Russia Ukraine War,https://news.google.com/rss/articles/CBMiwgFBVV95cUxQUkg5VG5kUEQ2c1hLMVRiSjNCenYwZlBHaDVHUHJtTzhNdUNOM0hodExyb1Nwbkl3ODE4WjdCNkVWc28ySU5LQzM2NjBzel9IdXNaY0ZvdTBEc1Y2NXpXY0p6ZDNQS2lSREFJeXZvN29lLTEwSVJqTW83bkRQc0JEWlhFckFXaWxhS0pxZnZiVmtWUTQwYlJsRXVJYm9CWlpsSE4ycjN6WWJvQXJYdmN3dWw4Q3VPMzd3QUNBSFFmbVMtUdIBxwFBVV95cUxQLW5hYnY2RWtOc1FSXzNiOE16YklqZGNMWmFvUEZuZU5RQzZwTVRwdmhPZjdHR05XYUR6dll6WDdBVUhVdWQtMXMxWHNCdEppckVkMkVPWmR2ckdma0ZZU1VDRFlDZzVEMnZjZVZ6ckU0X3BsTHVpQTRmZ1l1S1M5NVFMSDYxWEFRa181MDYta3RwWmw5SlVwb3I3bHVjWWVrQW1NNnlPbkNsZkE2d0JMWUp0RVRENnk1QURTN3pBd2oxSVU4U2Q0?oc=5,en-IN:metal prices
2022-03-11,2022-03-10T08:00:00Z,Equitymaster,Tata Steel vs JSW Steel: Which Steel Stock is Better?,https://news.google.com/rss/articles/CBMivgFBVV95cUxNX3NRVHZyNTdMNXFpbjJzQ2FESERpY1pla0xFOXRLbFhKQ1pMd0U2QzZ4WkpDdjU2c09udEI4VHpxeGF4aklTazJ4SXpJUGp5LXZNQVpQX2pXOWctX0FpRW9zUU9XOTVaNWNwT3NWaDF1cUN3MFdRT3Yxckp4UzE0czBYSEJHWlBYazRTMXJZODNkTFdBZlUyd1RlcXh4cXFSenNPazRvdk0xeDhQSFQzYjBUMWcyX0ZtdjU1ZXpB?oc=5,en-IN:steel prices India
2022-03-11,2022-03-11T08:00:00Z,Interior Design Magazine,Dedalèo Cofounders Reimagine the Kitchen With Tubular-Steel Modules,https://news.google.com/rss/articles/CBMipwFBVV95cUxNQlFDaExpNW5ENkpOUFJZa3VUVHhJSWxPSUI2cTZacHFHY28zRmlqb0EwaGgtbGE1V3Etc0xWM3UzMEZDSGtRRDM5TFQxLV9rY0ZrOEJyLUw3RXdqLTVNTmpFU2diRi1KTmhlUDlHMTNTT0VvNFhnNEtoT1F0R0xRaXFia2ZTN3FNblZDZVdydW9qZHQxR1J6VUFISVRCRjd6TnlHSHRrTQ?oc=5,en-IN:aluminum scrap
2022-03-11,2022-03-11T08:00:00Z,Reuters,"COMMENTARY: Nickel, the devil's metal with a history of bad behaviour",https://news.google.com/rss/articles/CBMipAFBVV95cUxOaFcyWWNsZUZwUnlZcVpGVThITDcyTFRlSEE5TUlfWEczZXNzYTBhQU9qTEJSOVFaZlBkNlYtQ2FGNllNdEdBdE84VC1wVUhiVmtLM1YwTDJaR3ViWDhiY1lFZXBDSjh5OEQ1ZUVwYTN5YXVxcDNVcHd5LTd0ZTdrOXhKd29lazFSNmJ1MHcyY0lMX3ZmejFleFZvX19hLWRXYzlicQ?oc=5,en-IN:LME metals
2022-03-11,2022-03-11T08:00:00Z,Fortune,"Meet the nickel king of China, who froze a 145-year-old metals exchange",https://news.google.com/rss/articles/CBMiowFBVV95cUxQeXVUWWdIYzZramdUMVQxWV9mQ0R3NGQxeEx0Vk5BWVdycUdQdVFVcWZ1Y3V2TXpwRTU1Y2ZFZ2pfWFRBOG90dFBCdTBBeUF6bk1JeDBwMzludllJelB3SExDeUN0WHY0eU5xN0Z3dXNVM2UtX3FmX1Zfb3JGU2FyTUpWcS1ETEs0UkFHQlRuT1BoNEhCQ3R4bHpxN0FDZnVlOFNz?oc=5,en-IN:metal prices
2022-03-11,2022-03-11T08:00:00Z,Philstar.com,Metal output grows to P160.9 billion in 2021,https://news.google.com/rss/articles/CBMilAFBVV95cUxNV2lyMG5Yc3hxa18yVWhkbk1NaGpsd1RpVk1fX3J6NExrZHY3MFJEbEx3VkJMWUpTZndpTVQ5SjFKOWNWREVkYkVHcnBjbERZdm1Ld1A2RTVucGc1M3VNUWhhOUVVT0NQS0MyQzVMZXozM2pjbXZOMjBSWjU4dU84eTFMTWoxNG5MTE8ycDRmWEJJNG440gGbAUFVX3lxTE03YkxwRTYyYjE4RzlyVVhPUldXeng0aUlURHZ0OEVVeXlzSlRpVjNOWmxHSFdUZ2paRTFzN2gzMVJ0aXpnaF9RXzlBV25lVVhUbzE3c2VPWm55b1dadHZ1NzZNd3Fsc3B1ZVAxc0FyX2Q1SVBqcllJZF96S0lOb1NFTV9EM2FWcFlQQ1FtWXVxQVNUOVVpUUpkOXZj?oc=5,en-IN:metal prices
2022-03-11,2022-03-11T08:00:00Z,Equitymaster,Top 5 Steel Stocks to Add to Your Watchlist,https://news.google.com/rss/articles/CBMiswFBVV95cUxPdVZpVGxCVElJTXR0VVVjNVlYSF9SeGpwd2JZWEQtY21FMTU2S2ZseTk1RjJBNzVjdDlMYkFMMHY1VmVUSkN1Vm5iNXRzVnEwb3h5ZFFZZXZ0elNMSGQwLVJyV19MVHhSNlRKVmJvQlZwRndiSFlsMXFLX1gwVWc1WDlYdTkzQlIzUlBtWGZ2Slh4T2IyVDRvTnhVbTJmSFNVbEVaaERmd1V2MTl4UXdpcGMwZw?oc=5,en-IN:steel prices India
2022-03-18,2022-03-12T08:00:00Z,ET Auto,Reprocessing scrap will boost India's steel production: Minister Ram Singh,https://news.google.com/rss/articles/CBMi3AFBVV95cUxQT3hSVUhnOFpZTVpHUUZGZVp3eG9nSF9BMHFCX0ItN1djZGp2aS1VUmN4SFZ1RHFOV2dnUXptWmhLYXlFTUhyeVdZYkl2amJGZWFldGVUQm5uZlNHWnFId0YxOG5EMEV0Nm9mOFFyYmZBc3dzcGExRUhqbm11Smo4b2tzcVFGOEItYVVRSWJpMEk2Q3pSeTRjazJ0TTVES01tSnZhTmtPcU03Mm9hTXF3eXBFY1ZIWExRZ0QwdU9NalY3UGNVa1llSDJKM1ZZM1A2X3ZpRUhiYzAybU1q0gHiAUFVX3lxTE9JeFZJUVhsaG9oSjhQQ2lVbnJxQnJBZHc5SlFrRll2UkpHSElSTFJjNlFwMHIwejJwdTVoWHZ4Q3FSXzFJdXBLaWxQVWdGUWlRZEdrckFpMzAtZTZaYkFxLUNUcnZBTXlqVWFQS1ZDTUJteXZHM2JzZ3BZbU45Z25XNGRGVXRlZ2tnc1c3N2hRbEtpRXlRSkROSW9TRGRBeWZyempUYnhTeTI3NEtHV3NDQ3lzM3pScXZZeDN4ME1EZG1Zc2VqaWRRS2VCQmh6VXdxYlFSYnRLNk1DOGdMUTdMbmc?oc=5,en-IN:steel prices India
2022-03-18,2022-03-13T08:00:00Z,Dawn,"Fresh hike tosses steel above Rs208,000",https://news.google.com/rss/articles/CBMiSEFVX3lxTE9JX2xZR1hva1N1NF8zQTRtRUZJaDhudk12X05ORmIwS3QxcHFKWkFrM1JzUVhDWkdRbmtDbVl6NnhPRVpTUzM0cdIBTkFVX3lxTFB3Y1F3UmtCazNVdEtEWV80RURPcVZ6MWZ4enE4WVlfeUxHY1cyaTIybUIwOVYtbEJNb0pVWmtydngzLW8xU0FJc1RVaU80dw?oc=5,en-IN:aluminum prices
2022-03-18,2022-03-14T07:00:00Z,Reuters,COMMENTARY: Ukraine crisis rocks the London Metal Exchange,https://news.google.com/rss/articles/CBMinwFBVV95cUxObV9HSUwyc282VGtURnFKcnJLSHBIMjFVVWpQRnhRMUY1czU4RnVLU0NYMDR4V3JKN2xyV2JyUHhaZ1l5bEJubDF2THd4dGViQVVUOWlNYmR4Q2dHbkxfdi13clhuOWtsem84b2pyWHE3dVVFNnBJWmdFcWNrc0lJZ2Q1QTh2bUViLU5hYjF2UzJjSDdFRmFkdmRNN0pQT0k?oc=5,en-IN:aluminium LME
2022-03-18,2022-03-14T07:00:00Z,marketplace.org,Craft brewers scramble to find aluminum cans,https://news.google.com/rss/articles/CBMikwFBVV95cUxNa19VN0pJR3ZhUXp6VFhpMnNfaHp4MVVEM1FjVGk1Sk9YZTlSSzByc2NWZG85d3pCR0N1TEYxYWZ4Z0JrNk8zWmNldzJEWVl4M0ZjSE5yWGktZldPTjZ1LUt3MGsxQW9uMXlZTS10WUt5bXJjMUJUZXBadjY2UjJXcS1TTzVEcUpLVFUwYjJZUk1EdEE?oc=5,en-IN:aluminium price
2022-03-18,2022-03-14T07:00:00Z,ABC News & Headlines – Australian Broadcasting Corporation,'Too big to fail': How a billionaire's short bet on nickel shut down the London Metal Exchange,https://news.google.com/rss/articles/CBMipwFBVV95cUxNck96NV9uRzRsVHFwTEhDR25yVzFJZTlOYnJKY0ZXVVRrOEZRdDJrYkNDd0lUUmR1UVZhaVBZOG5XRVF5d0l4dDdsWFpGbGNEajZnRWdSTnYwWGF4cUFEV1Bwamt0RzhCR3ZZbU1yVnF0Mm5PVHh5S09HNGtlc0RXNU1qWkNyNy1YOERRUi1SSWZiQV9jTkRCUTJES0RsNFBfSVpCZDRSQQ?oc=5,en-IN:LME metals
2022-03-18,2022-03-14T07:00:00Z,thefabricator.com,War in Ukraine sends steel prices skyrocketing again,https://news.google.com/rss/articles/CBMiuAFBVV95cUxONnp6RmZLRHNTZkFtSnhoZXhUQnBfamozNUFqX21sTE1HQzRMWjV2R212MjQyU3BkRFBOTmhSaTNXQjJkNTZNVDA4SDk3ekJOMFFxalp1UF81bENVU19vOV9IZk5SMzE2X2VSRFQ3WEJvZ2lxWHBFMDliZFFTWlVzN1Q0VlpoX0lBZDZXUUotTld0MWttMzBQaktYRDNzUDFNQW15Ty1ZRlliV19qOU9yUXBWRF9SS3dD?oc=5,en-IN:metal prices
2022-03-18,2022-03-15T07:00:00Z,mining.com,Aluminum price leads metals lower as China lockdowns threaten economy,https://news.google.com/rss/articles/CBMingFBVV95cUxPTTRSaUhJT2htYUJGSktnS3BXaVNXTDNiNjJITW9mSDVFRlJjUHk2VWZ2dWR5Mmp5YmEwRTZ2Z1JOYVZpUVpJaU14aUFQNTRUNDhsd2pjZzlJTm1XSlliTkJFUVo4bVppYU1uT1UxSXRxSW5KOEFmWGN2VmhxU29ZTGV0Uno3azJJbi1rXzhRaU81WUxaSjk5RVRkTWVwUQ?oc=5,en-IN:aluminium LME
2022-03-18,2022-03-15T07:00:00Z,Resource Recycling,Curbside aluminum and plastic values jump sharply,https://news.google.com/rss/articles/CBMipAFBVV95cUxORVNkVlVFR0tNck85RDNJS0ZNaEJHQ1o5QUxxOG56R041VVRRSzhLTmpfUWZ2Q3lzSW5QNEJJdXpfR0lVR2FxTGNGZ0NBa0RpdEkta1ZOU0p3Ykd5VE1Tbk5idnBUR1ZqTjQ2ekVORE5maEtSUHVBb1FNamV4Y2ZKNHQzc3Fvend5YkRCQmprSzBTdW03Zjc1OTRxTVZCd01HV0NvTg?oc=5,en-IN:aluminium price
2022-03-18,2022-03-15T07:00:00Z,"County of Union, New Jersey","Union County Offers First Scrap Metal Recycling Events of 2022 on Thursday, April 7 and Saturday, April 16",https://news.google.com/rss/articles/CBMi8gFBVV95cUxOSWY4d05YUjdmNGV3bnplNlhuMmpRaHo4WG81YXBuNDJzVG5vbUpoR21VbTBRanBHWWxRU2NPNmNBaXdIMmlaLWpqZExMT1hXX29XSlpFYmlhV1RwOG56eGhidEppaTJ3UDFjMTB0VFB4MmdzYTZNQTl2VDJFaFZuem5yaTVjYXhlQkJsQzBBUEZLbDdzMjhpeG5odHNlTm91dW1iY3prUE5TakN5SW9KS3FKWkxaY3dxSVBUS3JUajFNUjEwQnBNVnF5Y2ZOdWRFY0szTjZnQWtrRHloQVdjeTY4ZXJ1QnZ4T3VxTGpPMlAzZw?oc=5,en-IN:aluminum scrap
2022-03-18,2022-03-15T07:00:00Z,The Hans India,"Rajamahendravaram: Builders look downcast as cement, steel prices rise",https://news.google.com/rss/articles/CBMiuwFBVV95cUxNTUZ1cmhPOWJYSVI5ME5FUzBFUEFSNWxvSkxXeDhFa1hwYUN6bE9yNUw3cVNfWF9mYmhNR0ZYX29GQUFESVVsc0owckt5bFMzVHhpSVZmbUdXUlQxOGZyN0ZucUJsQ0hoblZRVVdJSlFHRDUwOUZyVDJzb1dSaG5KXzUyeGR5c3ZTbzdwQmJLT2dLSFdwV2U4UnZGdU5QdGl0N0U3cDh3RGNLZ0NHbnRobGI0OGhJZ1QtbGgw?oc=5,en-IN:metal prices
2022-03-18,2022-03-15T07:00:00Z,The Indian Express,"Indices snap 5-day winning streak, Sensex tumbles 709 points weighed by metal and IT stocks",https://news.google.com/rss/articles/CBMi-gFBVV95cUxPR0Y4bThGRS1RT2E2c1JocXQ0VDZMc2JsTmJ4YzN2T3VIaDMxSVVDdV9mLUxQMDJDaEV3Z3BULVMySFhjQUNCYzAwRUI2ejJPdFl2Yk9YTXFxdVRJdnRQSjd6R2ZJa0FDaGVMS3V4eWhoaEpQbXJKVmF3Wlh3NHlmb01Ua3RGZ0d4R3FRVGhnUjlmR0hfb00xdHdZcGtXWThxTTdDRkdMNWdvdTVTSlFwY0ljbHBrQk1yamZKeXFLU2NZQzBLYjZiV0p2ZGVJQkc1Q0luYlRzWUc1OC04THlIYmNkWG5VSEtkRW1iRXJtb21lOFlyUFY2YkVR0gGAAkFVX3lxTFBsOWJQcWNBZDlkVXY3SUxkc2NjdTdMb3V5eWFpZ2U2VnB0bjFySGh5Ni1YWjFtMEdTZm5GaXRZWTZHaUVEZWFXdTFYVVZvT2NpYmpBUGZsNm5ldV9RSS1lVXhaajU5WmI4WHRmU3NXeFNrOTUzczN2R1p6U3ZZMWRwTkZmNGluWWctb3ZuVGptTklXUkNQaE9Qdzk5cnZ2THl1Vi1vUlRVMXVqcFQwYnhHV1JacVdMWllwckZFa2VjSVFVeXZicTJrRFBwUHZsUEJ4NXI0dnp3Z3N2QUs2Yl8zR1lkQlJpT2lUOFRhQnVSbmFZbjhVWnRKakxNNUJ6ZTE?oc=5,en-IN:steel prices India
2022-03-18,2022-03-15T07:00:00Z,Gulf News,Steel giants ArcelorMittal-Nippon Steel launch ‘hypermart’ concept in Dubai,https://news.google.com/rss/articles/CBMivgFBVV95cUxNOU5vU254bUVPWGFJTjZoZzlreTNYeU1xU0Vic2kwR1RENi1HMTB6RE9RTm52YWZLdk5RUWF4Z3VTVUFlZjRRMVJjcHNabVdTeTRpd2ZlRzU3azgxNC1ITEI4cV81YzNCbFRhdzhNY3BKM3A3SDVnbUwzNXVsZGd1VXV2YTVWZzRBUzI0akpkdEsxVmNHNGxPTGpUckFpa2xQOWhta3F5MkZUcmVuaWNpWERVTTh1NmlMUlpKZWZ30gHQAUFVX3lxTE9MNW5MNW02VHlpNEEzZVNXTjEyNXQ0WmtTMTZvdTc2aWJWbnNhREx4V3ZKQ3h0V3pzcUdtSzVlZDJCQ3JhUFNtRl9EQWpWa0dNVnFTYkhiQ2RyQnJSWDk0cVdEV2VLWVYtNndYemMyNnRjQWczN1JoQUl3bk1FVWY3WGUyd0hBUDhZOXEzWDBjMDVhR053d3drUEFMOHJPVjYyZlA0X0RLX0cyb252UmlWSFdMQUQ2UmNrMkNJa1JSVzlGcDZPMEdqSDZZV2dtdjE?oc=5,en-IN:steel prices India
2022-03-18,2022-03-15T07:00:00Z,Business Today,How T.V. Narendran Took the Inorganic Route to Grow Tata Steel,https://news.google.com/rss/articles/CBMizAFBVV95cUxPQUVqRDEtNEFIdzJZbnZuMnIxRldwTUFjOHpXb0lxWVRYNWpKUGo1b0tXcWk1SkRJYUtXWThxb2FsS2RtNmpjdnNmRmNhWkZBdHFvMTNpRTVHMUJKdjBaQ3JUWENWYktRVElwUmJKb0pJenNWQi1RUlZHUUFMbE1JUTVtMXIxeEQzclRjZVk4NVZGUUJaZU5JbGZ5UlNRSGR0aXhwRlJhTGNIWHFZQkRxbl9zN1dpbWhsWFFhQy1SVXpFTG5LTlFPeFZIZzfSAdIBQVVfeXFMTmlPWWVUTXV0YWFoc3kzQ29QVHZCVTZISXpyYm9fdUthUmNXT2xvNWRfbkYzRHpMT25JekdDSC1qUGFKb2wxSEY4NGxNNkk2WVJxdHVEenNiSWtKa0Q2LUVQQ0NUT0dWbTRnbUtraWdKVmp1ZEpvTFVvdTlZWUhqdWNwWEFPQmNLbXNPdjg0MEI0NHlxaVRxcEpMQ0s3SklBN2tQZENNX0JjU0pjeHpJbVFMWHlNYmhJYllGdm1adzFQY2NEX2d2SDFmQU9kbG1uRnRR?oc=5,en-IN:steel prices India
2022-03-18,2022-03-16T07:00:00Z,Business Recorder,LME official prices,https://news.google.com/rss/articles/CBMiUEFVX3lxTE0xZEdJUzF6YWRYMXRudVlvaktERjZncjBPdnhQRjVOc2swQ0lwNkh4aHBIVDZuVDBfMDd5MkJWajJZalhnOGNRN29lbUl2SUNH0gFWQVVfeXFMTXFTdEdjM1BFM2Zua3VZOWNmTGhCZFRfODlIRDIwdEtNTmdPNGhzT1Vrc255Z1ZEUkNLdzhQeGFfdjIxMGUtSzRqQlhCcHV1VlVSZ2I2Z1E?oc=5,en-IN:aluminium LME
2022-03-18,2022-03-16T07:00:00Z,Recycling Today,IAI study touts aluminum can recyclability,https://news.google.com/rss/articles/CBMihgFBVV95cUxQNTJfeEFjVnBnWFU4MnlqV3Y1a0xYeVhyeG03LXg1UXhEc3JnUGtJNi1NaVlmN2xWVHN2NFpVUkxQUVhlQ3JJWTlQcm5Mc1hXZkJITGNRT2cxOHd1eXNVaVZtcThReTJZLVNuYnluYUdXWlR3bmFUbzJhSzlWa013SkZHMlNLUQ?oc=5,en-IN:aluminum scrap
2022-03-18,2022-03-16T07:00:00Z,CNBC,Systems error triggers fresh chaos as LME suspends nickel trading once again,https://news.google.com/rss/articles/CBMioAFBVV95cUxNaXdEWFI2YW8xTDVvSnlLUmhQYnUxUVg0ajhtb2xXei1CdDVwd2s0N3V3SGppQjBRbHVOY3JNYlNHWHVnQ3Y5Ri1rdnNaR1M4aUY3SUVuLWtCLUlhc2FfWWVZQVJZMXBiYzhpVUJkTXJLaDduaTRfUl9HbVd4b2FBUWI1bTVzenp2QmlwT1huVnp4WmJFWFEzX09LM19RT0pf0gGmAUFVX3lxTE4xMU1XNjVIUW91YkVoTE5jdENjeHBSYVNjeFFFUEZKcUtNbktSZUQwekpwRWJCYmk2MXZCam02Nm5JWXdzU0dSTzlWRGZtdWdsZ0xTUDRkUGxBZWZ4NFJndTdfd1plWDU3ZWpvd1RSMTE0QWZFUDhBOTdvbS1BSUJKLV9vdnVJdnM2MERRTFpwMHZMUzNoYUxMMXByQmxhVEFwMnBzUVE?oc=5,en-IN:LME metals
2022-03-18,2022-03-16T07:00:00Z,markets.businessinsider.com,Nickel plunges 5% and London Metal Exchange halts trading once again as chaos continues,https://news.google.com/rss/articles/CBMiygFBVV95cUxPbVNQaGtmVHZZZ2ktTVAtNDlfNmI1amdodG9jOGJXVGRISlN0d2R0MTdCR3czQTdCWjZHdF92aHlSMU12b3A1ZW1wb1kxR2VRa2hMbWp4UmZPUGFxSDBMcjkxZHNqZTMxTUtld3kwYUp4Qk5jejBKVklyLWR5TFM1TFFPcnZTSk1lMVFJa0lPZ09zMEdLeHJHOW1YZUdxdmVFRnprSWRnM1NtVkdvSGZWZElJUktqMEtvMUhkUEJPcldGM1paU1RmZm9R?oc=5,en-IN:LME metals
2022-03-18,2022-03-16T07:00:00Z,mining.com,"Nickel price chaos continues – LME trading halted after only 1,236 tonnes change hands",https://news.google.com/rss/articles/CBMilwFBVV95cUxOZXg4SlM2OWRNQ01kWE9TRjUtSllhUDl2UFpnVHRoUDFmZDVIeVdtWW11Z29CQVhMQ2RVZ2g3MzVSSEhNZ2dGNm1VS3VuQ1BhWmx0RFhCRHhzSENNdzBUeUYwTEk2ZlJTTldycWZvX2JpSUlaVmxUcEY2ZTh2b0tmbEhIaUVJSlBiZnR2S1NpZzdMaG5SWnpr?oc=5,en-IN:LME metals
2022-03-18,2022-03-16T07:00:00Z,Eye On Housing,"Building Materials Prices Increase Slightly, Held in Check by Metal, Gypsum, and Concrete Products",https://news.google.com/rss/articles/CBMiyAFBVV95cUxQV19UMXdyQTlRczAtODBOaU5VVUlhTllVQy1tMkhCWVhxR1FrdlVWd3U5d1VrQ1QzakUxQjM3OTVTUUhoVmVacXVJa2xCemg0RzBGNktYNWtkcVdhdDNneUxCeFBDV0piMnFuLXo1WnFPZUFMeG12NkV1VzVWRkUyTTBmR09pX1ZEbm4wU1FDckJzWWYxNnhOUm5WSkE5c0o4WXF5c0NxdGxuUmVIaDNPSEIyTTFkVkpIWl9HMU50T1R3eTlvLVBYbA?oc=5,en-IN:metal prices
2022-03-18,2022-03-16T07:00:00Z,afr.com,LME: The 18 minutes of trading chaos that broke the nickel market,https://news.google.com/rss/articles/CBMitwFBVV95cUxNMlVWTVNmODY0YkhPUG9KY0NPaEd5Ry13akhmVnF6Sk1Uc0dYZGFTWjlPdmZUcWNEX0xReXY4THBKWDR1ZG9WLW5aRlp1VTluRUF6V1p6QUdvZU9LTnZtZmpRUzZFUWNHMHhKa21uWmhGZjJIQmczYUY1alhZZGc4T1YyTlZsbjg1YUlQVDZlTEJ0VmJlQkNrSE1XQ2pCS3FpaThoeWNaX0dYR3M1dXRYaEZsUGdoMUk?oc=5,en-IN:metal prices
2022-03-18,2022-03-17T07:00:00Z,RideApart.com,"Voge Valico 500DS And DSX To Include Aluminum Luggage Until April 30, 2022",https://news.google.com/rss/articles/CBMigwFBVV95cUxPbHNnNVQ4NGZJQlJmaG9kVUpOSTUwSGU4TEk2OWh1cGMxSl9iZ2NrUmVCckhDRnNqN25QWWJEekpVaFozVnJ6bkttU1ZIelJYTlF3U0RLbFA1NW1xTzNsc1Zham9GeE40SkREUVJvcXJFTXl2VGR3SnhBQU8zSDJfY0dLVQ?oc=5,en-IN:aluminum prices
2022-03-18,2022-03-17T07:00:00Z,Recycling Product News,New research shows aluminum cans better support circular economy than PET and glass containers,https://news.google.com/rss/articles/CBMi3gFBVV95cUxOR04xYTJUeFRpaGc3c2VSQTBCaFpEUFhEbFp0RzFjVlVFWEtqVkJQUnhBTEhuQVBSek1NZHREQ2RBUWFreEM5YVU5T1c1N19OVC14T0ZVMUxfTnBLOXNUaHdUSDVaOXNIVThIV0I3X3JDVzhPNUhzdlJXRlRZX0VIN1p6R2U5NEpPM21LSm1OQktONEhTZ1p3bS10dFRzMGRzVmx4bDhlMzdoWTFvelU5dXBoOWtiNmM5LUNRMkJBUHNOVkRVOXZqTTRZMHR6bXZ0VGJoZF9ySFNHRnlFb3c?oc=5,en-IN:aluminium scrap
2022-03-18,2022-03-17T07:00:00Z,South China Morning Post,"LME resumes nickel trading after delayed opening, sets new price limits",https://news.google.com/rss/articles/CBMiuwFBVV95cUxQRzFPdE1meDdHblV0NmUtMFBaS203NE02ZUFuay12X1RBdFZ1UktyRXVFaGxvdkZuOHlEdHJLa0cxbXI4Z01WdWw3a1hoaFQ0OFBWVGxNUVp5MFd2YkRudlBPRlRkYjR5YXNqTGNpRllKd3l6MDdMd294WG9VdmozcGdBUk1mdjVPeVE2UFNEcU9zVkh2c25nMEVLTkhUTU9HZTcwYXUzemRubUZCTUkxam1tR0U0UDJYQzVZ0gG7AUFVX3lxTFBfQ1V3bXFmOHdkcUVhcFB4anpydmZ0b3ZwbkM2TXpSLWV3bS1MUXdFSG1fMlVzM2U2SUVfYWw3cG5ma2dsVHhZNldpTnhRcHlzQXJNVzY1blZTbnAzN2tkWW5PTWZKamxRcVJoYW1RWmNxU2VpZDk1VXBQRlBZajRNOGJsZHdtSE5xVTVVLXRMQjBnVzBpbUFQLTdsMW5LZ0J2bE5WRGRXLVJRbzVvVWNyUFFFR3dISndQc3M?oc=5,en-IN:LME metals
2022-03-18,2022-03-17T07:00:00Z,mining.com,LME rips up its free-market rule-book to tame wild metals,https://news.google.com/rss/articles/CBMijgFBVV95cUxQRW5reU03Wkcyc1hkVlpmeDA3UkJaLWJpRWVaaWxNN2pDRkpJWV9pT2dhNkFsOW84SVl2TFdnMFd0MTBvek5FQnBGMDNRdGRHSVA2cFdZN1kxbGRLQ1BxUVBvQWNzN1pqNkxrUEU5OFBiOFBTU1hJMEZlUU5IVU9sazZHdENlLS1FRjVHT0dB?oc=5,en-IN:LME metals
2022-03-18,2022-03-17T07:00:00Z,Reuters,Nickel slides as LME glitches fuel more market mayhem,https://news.google.com/rss/articles/CBMioAFBVV95cUxOSFVPQXNvMjg3N0V0cXZ5cEdoM3VEZGxUUlBYWC1ROTZETWFFNDVzOHlmcm1lUUx4TDZ4ckRBWkJ3Y09tN3Jya05yZmhreU5DOWtKMG84TFhvNmNHOGdjV1ZaVUJTY0NCckM4bm9HYzd6MEdZRVJGb1prT0NCcnNSTWRpOWd0MzhJT1p6cVMtUjg5VndXTGotczcwSzZ4TGpj?oc=5,en-IN:LME metals
2022-03-18,2022-03-17T07:00:00Z,CNBC,Nickel falls 8% to hit limit down in chaotic trade on London Metal Exchange,https://news.google.com/rss/articles/CBMiugFBVV95cUxPNDRVLWVHcjZiTmhPTXdjbHVRWDVhT040TTB4ODZWZE5KRDBJakV0Vk9QeUNzUG51TUd0LWVScUFndmVGOGJTNkFDc0IyNzV5ZFpSTWI0M0VZRVk4azRRRVVmNm5xN1B0RTE2alZKNVg3cFZfbmZpNkpXSzhSVFZpV280WWpmRWRkMTB6bjdNUWJFVHA1M0l3UzlOblp3bTQ2YWtsREY5NjI4QXkzVUY5RWxHdVd0bkVxTHfSAb8BQVVfeXFMUGdwVUdhMzBLTDNBRUtKWkJlR2VtZTNOc3VwTDBqV0QwY2tmOWFpUkU2TXVjR0hvRmlNSkhOcXNLYm1vN09jeWVWUy1JQ3M4NG5aSTZ1V0t0N3A5NDdqOTRlanEwZENHd2pFR1BTNmpMVkVYNHY3TkNvNDlRRzBuZXJhX0l1eU9DNHg1cUpmb2xTZTV0Vkt1dmlIelgwamp0eTZpLTBPczluOUVtdTVvRXpkdExxaExhZ005TERScVU?oc=5,en-IN:LME metals
2022-03-18,2022-03-17T07:00:00Z,Business Wire,Metals Acquisition Corp. to Acquire the CSA Copper Mine from Glencore,https://news.google.com/rss/articles/CBMixAFBVV95cUxOZHo3UTFLMDdlNS1obmxWQU5jWlhzV21iR0tyWHVyMFgxdUxzUk1KdENGcG92SVJYZ1lpRGpKM2Y1d1JtXy01TXJVT2F3S1Y2dnN5MWZqaEoteXlwVkxVVEtqWExFdkxMM0FRb01qZzhUY3VodmtFbGNQRmRFTTB6Ul9BalZTTXh4dXhYR2xSRjd2Q2xRZzZid2QwTGVpRFpTQzIwdlU4TTQtb3plLUg4R0wwbW5BbGZjSzlNckpGekR0WE41?oc=5,en-IN:base metals
2022-03-18,2022-03-17T07:00:00Z,Fort Worth Inc.,Fort Worth's Metals Acquisition Corp. To Acquire CSA Copper Mine in Australia,https://news.google.com/rss/articles/CBMilgFBVV95cUxQZEd4QzNMSmdQX2lzZDZaWGd5Tk55T05BcmtpMGtRdVVDcFJHS2ZYN3d6Nl9zc3RkLWNZSjI1SS1hQjVyLU83WTV2amc5Z2dleDl0cFZJSmR5dTg4Sk0wZ0l0NmZqdkdXY3BQMU9VMHVtYnR0R1hVNE5JTXVLUDhmcjBLSGttcFIta04yQ09rQzI3N0tvbnc?oc=5,en-IN:base metals
2022-03-18,2022-03-17T07:00:00Z,ETF Trends,Capitalize on Rising Prices in Rare Earth Metals With This ETF,https://news.google.com/rss/articles/CBMitwFBVV95cUxNWHc2VTFaNDN0Rk1kZkJlX1NfN0c3am13OTc5WDJsSnlRODZpNUJNTFJEanBMemkzZTh3Y0tydGpOQXEtWThPVVM5bDZsUFBVVTFnbHM2ejNPOXlZbmVsRmRQc004UUdBa05JNjF2NFEzMlhMSUZvSFJLSUVTeDMwT2FHTTQySEVFMGl4aEE1RFdJQnRPUE9RWWJCWTBYWHJ5T0laQmJpZl9SMEVuRktqdWsxVUM2YVnSAcIBQVVfeXFMUFVTOTNZNktKLVpoWlA2dnhWd3gzOVlBZWRTVXAxZm1YMkZ0a1FIMkp6TWg2OXhkZV9CM1V1b0RxdHA1dVdKel9CTXU5bHUxckZaNEdqOUVNMU9yWlp5UDFuSDdfbFdSRjFFVXVIaktXcHhRQ05aM0lDZXFZcnZ4TktYY2pNTERuY3dtYVJCaDFQQ09fdGR2V1RKdDJQNEJCMkxRMm1QaDE0UmM3bHhxOUpaRVdDdjVVd0dSUDNEUnM3QXc?oc=5,en-IN:metal prices
2022-03-18,2022-03-17T13:57:37Z,MarketsandMarkets,Rare Earth Metals Recycling Market Size & Forecast [Latest],https://news.google.com/rss/articles/CBMinwFBVV95cUxOVmtRZ0N1OUFpSHZZek1vNjJmTFQyZFNMelFfRVVHMGhKbkQ0aVFNTzFxeWU5T1BWVjFzQURCdEpqQUhmUkFEY1hjMm1GOVdNWC15RFVPZlNyN0FoWnhMZzBzR29CSTZJZ004Z3R3TUdqQmhiQWdrblpUeFJxTVNwOGd0c2gtYkxMb0x6MjQ0TzdwY3lIcTFCMEozQ0hCNk0?oc=5,en-IN:metal prices
2022-03-18,2022-03-18T07:00:00Z,Boatsales,Boat maker hit with huge jump in aluminium prices,https://news.google.com/rss/articles/CBMipwFBVV95cUxNWUktYVR2dGlyTTQ1ajJTSXF6dGdCeV9DQUtTTm9zRW5fc1FJR2V5cVVkOWh4NHZTTW5jQUY3bDdNel80Y0dBMlAwVVdTcEJqWElXdHI3ZzZyc2xQcEVueUJBVm54aS1lWnBsS0s4aWJNSHMwMmpCaE01UnJGR0lYQXJVRFNLV194UzA0SHROZWVnSDM2MXA0S3pmTTdHN01VbE9ocUNHWQ?oc=5,en-IN:aluminium price
2022-03-18,2022-03-18T07:00:00Z,thefirearmblog.com,Strike Industries Releases NEW Aluminum EMP For G19,https://news.google.com/rss/articles/CBMiigFBVV95cUxQYVlSS05USXJaS1dMa3FtYmtkazBDdWstWm1aaXJaZkRlcnJRcThqd2UzTWtoM0dCaGd3QkM3VXQ4THpjdS1BQUp1MzkzN2I0eUlvSmhIaGVGOWMwRzBvbVNDYzVIVUs3eEYxbF9rb2ZBUzJwbEtCd3JVRWVhY2xEV2tUYzl1MTktWlE?oc=5,en-IN:aluminum prices
2022-03-18,2022-03-18T07:00:00Z,MetalMiner,Nickel prices have topsy-turvy week on the LME,https://news.google.com/rss/articles/CBMigAFBVV95cUxQMWI1YjNjdW9hUFA3elFCOVFwckFWdFBVN1MyNUV4YWNUSnEyUHVRTlN1VHVTV0E5MmZqSDVtSHVvVERiREhRT1RIclpIdDVDZjFOLXo1Y05qQnRLcHZDZnNYQzIzLUsyZTBOeTRlMy1FV3ZLcnBwM3J6TkZpUjJqcg?oc=5,en-IN:metal prices
2022-03-18,2022-03-18T07:00:00Z,Bloomberg.com,U.S. Steel’s (X) Earnings Forecast Disappoints as Prices Fall From Last Year,https://news.google.com/rss/articles/CBMirwFBVV95cUxOSnhnM2VObG44UzJHOU16aThtNFo1dnk1M1U1Mld1eTYybHVnVWdfc2QwZDFoa1N2LWV1d0lHeTA0UnAtZW1KQU94STZEczlMaU51Z0xRaXdjVHFSTHdNMk9xUEk3R0xxcFRFZ0RvMmdVSzlwYno2M05mdGVyOEt1LXNrZ05jNDZ4UUhWSHkzaG9Pa2JZc3Z3UkppWWg4WlNiczR3UFB5MjdKX25fUTRz?oc=5,en-IN:metal prices
2022-03-25,2022-03-19T07:00:00Z,The Guardian,Australia bans exports of aluminium ores to Russia over ‘illegal’ aggression towards Ukraine,https://news.google.com/rss/articles/CBMi0wFBVV95cUxQcXVWQlpEMUI4Vml3Q0hvTllyaVFaSklOS2ZfTVpBUl9yOFVxM1NwSzNhQ25TWmthaDdRTmRfS0FFY3BLVU1ieXBOaGc1NURaTkstNmJuUDBqd0NNSmF5RFRVQVhaQk5ZYjdJYU5HUk5JVUlnc0NZNjBhU1gtdXQ5Wk51OVk1S2tGTHQxLS1UN3NCSnNSbnNQTVJHdkRtbk5yd0lYbjZhVmxpMkdFM2JGSjVNY3hYM01PWHpZOVhZZDVjTXI2R3Q5eXBwWmxqQ0NYT19j?oc=5,en-IN:aluminium price
2022-03-25,2022-03-19T07:00:00Z,BangShift.com,Building A Lightweight Flatbed Out Of ALUMINUM! MIG Welding The Whole Thing Without A Spool Gun,https://news.google.com/rss/articles/CBMi6gFBVV95cUxOeVBiQzA5Z2hraUFDZEg0a1BsQ3RKUGVUZFhOcVhDYzhna0pRWmdXX1RId2VKaXhJVGFadzZkWVdjRWpObS1FMENzNEVRRFAtZXNNZmY5a01kX21TTXZxNUprT091WVdfNVdYR29hYzM3aGlFQ2lYd0dVTVZOdDVxa0hIVHQtT04wMklVTzVTM01zMGd2aFdPcHA3aGhWaHJYSVpLRE1Fc3F2UlFSemVlM1NFQjVweEI3T3BNbVlfWTVqeWFaSUpDZkF3QVRNQVlFVUJQbU04UWp6TW4tZVY3SHNVb1BPeWtYVnc?oc=5,en-IN:aluminium price
2022-03-25,2022-03-19T07:00:00Z,tradechronicle.com,Two steel players – ASTL and MUGHAL promising decent earnings CAGR,https://news.google.com/rss/articles/CBMilwFBVV95cUxPZWczQS0wekVaOGIxZWpkVGVHR0RaZjNGRmtpd2hHSUlZcXo5czIyblZFWDB5bUZDUTEtUkYtaXhRSU1qZ2tYejN5aXc1SGppeGJQdmswc0pSXzk2eUNTdmFpQVg2VkE2bVYyUXRvZlc3TE5EQXROU2lwQkZseDhoYmhZbnNsbndmaURrcjFuV24wQTRreGZj?oc=5,en-IN:aluminum scrap
2022-03-25,2022-03-19T07:00:00Z,South China Morning Post,LME boss says banks are partly to blame for nickel short squeeze,https://news.google.com/rss/articles/CBMisAFBVV95cUxOZk5mUUtsZ3o4N0hhd3FrTXYycXExRHhGVFNnNExvZnRLN0hhc1JZaS1EOUk3RFNHUnduTmFJakJNcllxSE9HRHNUTmhpU2tndDZ1Vk54bV9uNm1YQVp3S2p6WHJpeFRMWnlfTmwxR3pNOEhERHpic0k5VlpyYjRKaWNUalRBdlozYmc5NGgySUlGdFh0c0VIaGxtZ19DSUdQS2h1WDJLTHRRRm9lbDAwVNIBsAFBVV95cUxQZlY3SElDNElndUp1b3UwMHVRQWgzekExUmF2NjdtX193ZW84WjVhMkktTHBWT1hNcnlYVFgxLVJUT3NaN3h5aVJEV2xTQnBDLVRyYzRuUW9PcUVaSEdQajAtVFhBS2FuREZQbFpGZDdlbmI2QjJKakplWDBKV2NiTTZIZ2h0MVVndVloc0ZRc2I5QlRvbDZRQ0g3OC0zRERiR0NCSi1VckkzaFlSQ3hJSg?oc=5,en-IN:LME metals
2022-03-25,2022-03-20T07:00:00Z,Bloomberg.com,Nickel Squeeze Threatens London’s Place at Heart of Metals Trade,https://news.google.com/rss/articles/CBMitgFBVV95cUxQd3BJbmg3NmtyS2hUVGFfeFBkemR1QmpzY3hNbXZMWVk4UHluNUVLWUk5RFpROUZTMS16QmUxRnlMbldpVlZrdzVYcGlkRk1CNGVUOGxEX2J5cjRBTjQyVVZpTlhOVXJLMnRhZWlmV0tRMGd5aFhZelcxbVUwQXdrSktnelNjSUVnczRZR09WV3pnbFhWVVRiM3FEQWJMcXRSYkQ0MU55V21FRnlCUXozekQ2cUJ2dw?oc=5,en-IN:LME metals
2022-03-25,2022-03-20T07:00:00Z,Daily Nation,"Real estate jobs at stake as cement, metal prices rise",https://news.google.com/rss/articles/CBMilwFBVV95cUxPS01LbDNOR1dvM3drRWxlVHFvSHp4OS1iYjJBclR5dDR3aGpsR0lyeHduaUlHNzFnOG9yNFJJZng1cWxCMzhtYkRLMURtSkMwNG5nZy1MeFZ1V29CUzVrTllwUW9RMkRtTmNLY2taNmNSb1NDVTVaNGxUTndOU01YWGtvd3RDNWU1RDhxc0w2YUFmUnFRZVhN?oc=5,en-IN:metal prices
2022-03-25,2022-03-21T07:00:00Z,spglobal.com,High energy prices turn metals supply chain into global inflation engine,https://news.google.com/rss/articles/CBMi8AFBVV95cUxNUUZ6NDN6ZzRRdjhnQnlnckNPNmFfU01leW45RFY2cXRrVTQyVE9BdnJzSWNpSDdid1hmQnJ5X29vc1YzT0hISGlaaDh4YTVuTVVETExKWm9xVTNpbWhQTm1xY0FVY21KLXFGY1pZQTA0dDM5M2FpSUNNN0RfUkRWNUZhVUhKS1ZLSTBhcWY5RERycmtkSWxNbExOYXRXTHo2N2hfWm5CM1M1bXVuUjFZeTRQbDlHM0pkUnFYWHcyQWhDTjU0MjFNWlAtQTRHMGRuamoyWVdyY1pHTE5tZUJuZXNIeWVETlFsVUNEcUlQcnQ?oc=5,en-IN:aluminum prices
2022-03-25,2022-03-21T07:00:00Z,Irish Examiner,Australia ban on alumina exports to Russia increases uncertainty for Aughinish in Limerick,https://news.google.com/rss/articles/CBMidkFVX3lxTFBaN2RCald4My1kZnhTTmEwUFI1NjdadHgxZFMyUDMwU3l5TERHSGRIWkxndGhIUV9fZVAwMVNxOEFzQ0VuWWdoaDhOUlhaRlN5bmJrNWtRcjNxT3hZR0F6dW9rOXJ2dkNKclpCUkFuQlplRFlzMlE?oc=5,en-IN:aluminum prices
2022-03-25,2022-03-21T07:00:00Z,The Economic Times,Shri Jagannath Steels & Power CMD optimistic that India will have a massive demand for long steel,https://news.google.com/rss/articles/CBMi-gFBVV95cUxQZ3g5XzBNOE4zZWRGVHdmZjR6Nk9rNEsxejJhaDk3RzFUU24yaF9YWmFpTkF6WlRHZHZkZC1CZFVodVc2RHNLd2ZwMEZzRzF4Wms1dUZnUE9MUkprNmpLd29aY2puTzc1c1VJdkJVTTg2RHM0dFlMakxxY3dTVUV5S0VBWFA2Vm55aGxJSFFYMlVUb20tUk53Y2RjdTBMdXpxLWQwUkM3MHVtVktyZlp5dy14YzFJZkUxVzdJRGdQNHVMX1ZyXzRuZ2dBV1VrRmZpMnFWZktFNmdXWHpYQkF0RG1Ka0RlcFV0d0kzUEV6MGQxdGMyc1IzNmZ30gH_AUFVX3lxTE5zalVHZUJBQVBrVXZPMmdoUDJtNlh3MUEwWjRTVDVPa29RTk5wMkF3dDVDeWRrajMyb3dfcTk5QkE0ZHMtMWdlRHN6SjZlMXUwVkc1YXlwaUttZWlEbkZoMmdCVkZ1dm9HQXE0am9VT2FjaVdscHBaQVJtUGNpZE9QSEIzZk1KNDNmTmh0b05RNlBNeF94OUZtSTdlWGdYMngyLVE3NlR6dEJtaXRKNkdEUmdCcWJDLTlkVmFsN2hmZUlfa1o1Nl9fYmZ4b2h3U2NHekc0SmJYYmx3QnkyLXJLUVhvdnV5OWpxQl9pVVZMOWY2WkNqX2Y1N0VMbmI4dw?oc=5,en-IN:steel prices India
2022-03-25,2022-03-22T07:00:00Z,Reuters,COMMENTARY: Australian alumina ban will squeeze Rusal and aluminium,https://news.google.com/rss/articles/CBMiqwFBVV95cUxNeVRQY1Fzc21ZRC1YZHBmd0htTzkzZ1ktQWRaNlRESmVPOEVnWHdxLWdPbldsd09GZmFlZ25NUzB5U1ZTRkZONk5WYVgyTnJTa2ZyX1Nxd01Wd0xBanF6R05RNUxEN1V3UlVPWWpRSUlfNGRlaUJiVVR4SUpPcVNTSDVWeTYwdlYxUVlnYkdGRzliZXRWeXN5Z3lGWnNtQjB0U0dLNUxYUmRRb0E?oc=5,en-IN:aluminium LME
2022-03-25,2022-03-22T07:00:00Z,Reuters,Chalco's net profit hits 14-year high after surge in metals prices,https://news.google.com/rss/articles/CBMirwFBVV95cUxQN2toRjFkdC1RVDFfRTRtcURxQlBZNnlranlwNW9aWFk4MUhscEtoOEs2b0l6b1VaZFRKOFRJWTNjdVZKRDk0cVgtd3F0UmlQajVzUWhiNnB3a095MkMxSmlfdmNTN29MdXdWTHNHZTN1c2owLWhKX25TZlNXdHlxQ2RPQ1Y3RjVEYkN4NGJzaXZkOG9EbG45RlRXT2NfRVB5QjNVYnVVWC1IeHF5dzlZ?oc=5,en-IN:aluminium LME
2022-03-25,2022-03-22T07:00:00Z,foundry-planet.com,GER – Germany's largest aluminium producer has to halve production,https://news.google.com/rss/articles/CBMimAFBVV95cUxOLTAwZ0xCbzF5TkQ3T2pmb1RIakdmdDdGMFJDN09pSHplSDBUM2FLMlVRaEJ6N05DOW1JVV9UWUx6RGhZM2VYZk9QV0tZS21zS2ZTNkU3RGIzVG9uanFiQUNzNWJHLTZ0Zjh5a1dCajlSaDB1cDZxUTNxSUcxYXVLZlRtZ0hMblUxWTNDMURrdjZZZFNOT2ptNA?oc=5,en-IN:aluminium price
2022-03-25,2022-03-22T07:00:00Z,Livemint,Why higher steel prices don’t help the bottomline,https://news.google.com/rss/articles/CBMiswFBVV95cUxPU05GVUowcVRGYmVRUXFnTmNqb19HUXNMVzNDbVdIWUNYSENfTzloVkNpSERPSk8wNlY5WG1GV0tqZ3Z3cHJWRFNDZWM5WUhrTl9pZ2hRV242MGpYbWptUjM2eFl5aWpuZVdVbkNxdnlUeV9Fbm0zLUEwLUJUU3M0bXRzMnBncjYyTlE1NUZJTW1Od2hpczBzbFEyYWVKTnZVUEQ2WU96aDN1bTVBclllOTBWRdIBuAFBVV95cUxPZlJ6U2premplX05aODluS1ZUaHpxS2hDOUVqcmdyVXlwZmE1ME5qWTlpR0o0eExQTWhxOFlUZzFyeC1WTHhaUjBzNVBBX2t2cndrZV9RYWtNN2pVY0NldEdGYUFQejN5Skp4bUhsT3RLSDZ2TVhrTDVZclFSY1Z5MWZXUGJMRnV0QnUwYkx0cXUyUE1Qb0pleHVhckFOcHpKOWpWUDJoUDdndTZiQng1MjVrNUIyUUt3?oc=5,en-IN:aluminium price
2022-03-25,2022-03-22T07:00:00Z,GOV.UK,UK-US Joint Statement on steel and aluminium,https://news.google.com/rss/articles/CBMihAFBVV95cUxPQXU1LVJqZXFoLWktM09BemFVRDhaRGhlX0Jra2tOSFUxcF82Wm1vaDBnSDNmUTA4dkx4SjVGS1dkU3NpTy0tYWt3UW93OU96X3YxS29YTldNZXF6YnRUcjJwV1hoak91Y3lhQmxid2Fhckt4bWtacmw0bnB6TFd6dTlaeEM?oc=5,en-IN:aluminium price
2022-03-25,2022-03-22T07:00:00Z,Outside Magazine,Aluminum never went away: Specialized Allez Sprint,https://news.google.com/rss/articles/CBMinAFBVV95cUxQeEZBenk5dk1SdDlpdzJ5a193UkJ6T2NhZGd4dUpLY1U2UnhsT1FUdHVsemowaXZvQjVfWHBOeDZnUXVHYy1DM19LSkNSVzgtVDE2UTdGdG4tX21TNm83aWZjR2lsd2JCdzE5UDBEMm8yNjNacF82dTFhQkkxb0dJS0lHbE5TXzkxRWk4VkRLMGNOZE5HNENkb3NBOTg?oc=5,en-IN:aluminum prices
2022-03-25,2022-03-22T07:00:00Z,kawarthaNOW,Turn your scrap metal into cash at AIM Recycling Peterborough,https://news.google.com/rss/articles/CBMingFBVV95cUxPUEMyRWpST0RFVVk0SWd6SDB3N0xXRVJOblo1RjIyYktpX2VUZHRzVkFKTGxKRHB4Q2tMdk00a1RrQnlHUE1DSnFkM3BVYmJRZVdmcFU0ODNiYUJKem9jb0tia0RFRngtM1A4WXJFY2hBZ0FKVFA2ajBzS09JRXM0aVRXYTk3dEZFTTZtZW9zc0wtS0FuMXdGeHhVN1Q4dw?oc=5,en-IN:aluminum scrap
2022-03-25,2022-03-22T07:00:00Z,Jamaica Observer,Skyrocketing steel prices,https://news.google.com/rss/articles/CBMieEFVX3lxTE5fd3FLdEttRFEwU21WVWI2Q05jdS1SQ2tmWUMyaTE0UHo0YWU5cEZ0T2pWQ2djNjcwamR6M2lUUEdwaU56X2pSMGFfQ0FlbHRNMXRCOHJ1NWJ3bjRBeXc5LVp0UHpKOTJkZldQX3hydXlwZElSNXZKNg?oc=5,en-IN:metal prices
2022-03-25,2022-03-23T07:00:00Z,MetalMiner,Aluminum prices back on the rise as Australia bans alumina exports to Russia,https://news.google.com/rss/articles/CBMiswFBVV95cUxOb1NrWVpJc1FHNmNtM3BRd1BraGl5NmpfZVdQWF8zenBRNmdOdGRCYW81S1dWQnRtS3hnU2x1U0g1Y00wbmFwTXlta3RnOFdYSlc4dlM4SU1PajIxa2xuV1RQSFFpcGoxTThuaTlEaFE4QW9SU3d2WG1xOE94WXc3OU0yUm9ETVBndmJLYnZkZ2hGVmpMVmhENUNMcFpJbDF4MW9pTjFLT2p6ZGo4VWZLcUFiQQ?oc=5,en-IN:aluminium LME
2022-03-25,2022-03-23T07:00:00Z,Mining.com.au,Eclipse Metals identifies anomalous lithium at historic Ivittuut mine in Greenland,https://news.google.com/rss/articles/CBMiqAFBVV95cUxNUXd0VGhTX0JCTVdBRjNKNDUweE5UMFpQeEJSZ1V0WnViZmhNdUtDSWppWFU5c2R2cDJBSER5c1Zjak1NWFM2MVNidzZwbExPT1NzUzNGM1ZWeTFsZGNmLTV4eVVPM05GYW53YWhZYVlnUWlsSTBUUGkydnlJVmVMeHRRRXBQUHg5MDIzN2JENHdzUHN0MWtNTjQ3MDVqdXpZVkJ1cnBISkM?oc=5,en-IN:base metals
2022-03-25,2022-03-24T07:00:00Z,Business Insider,"Commodity Price Outlook: 3 Scenarios for Oil, Gas, Metals From BofA",https://news.google.com/rss/articles/CBMiqAFBVV95cUxOX0RqWkQtMlpOUWxmaVdXRVZUS2ZaRmFsRUhCUHVwb0RBb3ZSS0NLdU9TeHdjSi1qVWdHNmV6RlU1VkV2MS1CVkV0eHkyc1Vla1h5Y2Q3SktEZ29nZXd2X2dpRTZzRE1hRVpjSWtyV05uTThtanVTY21qOVVWN3U3TmpDN3l0bzExUEUzbUdBNTFNSHFpeWtpUm9lU2c5WWx3WmgwQl81NFk?oc=5,en-IN:aluminum prices
2022-03-25,2022-03-25T07:00:00Z,ArchDaily,Colored Aluminium Struts for Paris’s Newest Skyscraper,https://news.google.com/rss/articles/CBMijwFBVV95cUxOOEozQkRFdHA2ai1OaDFJRTFieWYyZnRUcTB0TnQ5N0tjVUFPVHVFWXROMnIzU2FPYkxrR2hKd0F5cGo3M3RzeGdsNVZDRkltYnFKRm92MGJpQUN2QTJ4VEFFTDhyWl9LaWtJa05ZYjJkbU1HMUZkcHBIVUpJWFB2OUdQZ2hDRDZCazBGZTJFUQ?oc=5,en-IN:aluminium price
2022-03-25,2022-03-25T07:00:00Z,BusinessDesk | NZ,Tiwai smelter loses $60m-plus carbon subsidy,https://news.google.com/rss/articles/CBMijgFBVV95cUxNbEpLU1NHUThLbnVnaFVJVVFkb1NSRlVrMlp1RGpNTVF6QzVHSHF1bXF3cy0wSmRvaFNkTjVKR3JwdnZucXRWNERCdEtEZ20zSWpIM0U1cVMwV3RyR2hfbG90TFFJVUlPeElnbEtZeTRraThjX3B3OFBuYTF2aXROMkxka0R3RmhIUzRqZWV3?oc=5,en-IN:aluminium price
2022-03-25,2022-03-25T07:00:00Z,Newsroom,Smelter's carbon credit subsidy slashed,https://news.google.com/rss/articles/CBMifkFVX3lxTE1XVTRPMm1NdjFWc2lpTnVkUm04N1UwampVYUFJYi10NnE0VFpZX0R5NFdOcVdsRnJxR3RKUE9uWWRKSVh6aWtzeFRmakxUcFRlNXotTWdyaklsZVp2bUxMcHJfRmd4X3RiX05rRFVENjVDVnRRWHV5a05oWGIwdw?oc=5,en-IN:aluminium price
2022-03-25,2022-03-25T07:00:00Z,Bloomberg.com,London Metal Exchange Sees Trader Exodus as Open Interest Slides,https://news.google.com/rss/articles/CBMitgFBVV95cUxNOHlFY3lreFlEUFRsN0NxSFJzcnRacmVLakZNd0JsSHFCQlZFbTM5Mk5QVDluQXM0TERQVlJkdnNlcWp2T0Q3MklzZk9mSlA2RWlBNWlDNFNYalh4ZFVlak5yc1N1YnVVRTdfRlp6NW9XX3lNX1I0ZVBEcWt3Y3d4NzRma1FvVDlPYndXNnNHUFpoWUZDZFIwOUcxc0Z4R2FqN0V3T3Z2WE9BdGs1Y0V4Rkc3RFpRUQ?oc=5,en-IN:LME metals
2022-03-25,2022-03-25T07:00:00Z,Reuters,European steel prices to extend rally as Ukraine conflict cuts supply,https://news.google.com/rss/articles/CBMisgFBVV95cUxOMDdnRlRoaWlYTWdPNkNodTNna0dtbi1FMnB3UzRRai1FYlZxcVhvdy1zeXU3R25oUUNCRUtCaTZ6Y01wQVdhb1kwM0E1d2d5V1dzVHc4UDBLdDl2eFZMYVR3V3JCYWtCeTBuLWoxYXNTVnloQ1FNdGxPOEttM080eFk1RC1ELWl3UnJudmRReXVnVUpPOEtpc2V4WVhRX21XYV81Vk94YVlKd2o0SHpRSEZR?oc=5,en-IN:metal prices
2022-03-25,2022-03-25T07:00:00Z,Startup Story,"SMW Ispat, a steel producer, is being acquired by OfBusiness | Startup Story",https://news.google.com/rss/articles/CBMikwFBVV95cUxNQ21MMzlYejdpREcycDFQOFVGYnNlbzJqbG9RU1VTS0NmcmVfV0hxbEM3TlAtR2psN2xHSUVzQW9jUS11Smk3UFhxcUlGOWs2ZmN1d0NOUEZMU3ktZGNoOWl1b05RQUNCY29WV2s0NTRqaUxpUE03V3hjLWlvLVJWZ1E0MWUyUmRfV1Noa2FhY1NUbm_SAZsBQVVfeXFMUE1SSDJPY3Z1UEIzbnFrWUdEY0xBdGV2OV9JNEdEMmp0TXVrS3VRcDUzR1RodXNMcVU5SjhsQzd4OGFtV2xGdFdwLVVBQ1dwSmlkWU5xNFdTd1VBXzRnNldoc3V1Uml4elFiMVFxUE5XakdGS0lrQUpZQy11d214S2pRM1JIaVBEX1NhSlYzT2lRWjhjYk1wQnhsdUU?oc=5,en-IN:steel prices India
2022-04-01,2022-03-26T07:00:00Z,WSJ,"Aluminum Makers Seek Old Cans, Shredded Cars to Fuel New Plants",https://news.google.com/rss/articles/CBMipgFBVV95cUxOYjV1eEhZcDZTM2xFNkRRbUhjWFBSdU5fRDJFNXhUSWZZa3hjLTdEMnkxRzhRM2RKVFMyZVhzWXJtdjc2LXBBY1pzeUtBT0xaTGYyTVRZZ2FLYnc4MmVzMkg1YWl4amJMbXIxOE1PemdLcmtSaGMwdktCVjFCSEJpNUVhYUxFZ293UXlmeDdtVFZHY2VveDg1dDdEbXdyLTNUVDFSOUVn?oc=5,en-IN:aluminum prices
2022-04-01,2022-03-28T07:00:00Z,news24.com,Hulamin sitting pretty as aluminium's popularity grows amid climate change concerns,https://news.google.com/rss/articles/CBMizgFBVV95cUxPS0pFbkJSQUk5anlSWnlMdWJoU3NYMldyNWRKQllRU3lDeE42dUUxdzhvbk56UjlMTERvbE03UDBIZDRBRlVCZkdIaE1lZzZqOTQ4akZlWjgyR2dIeXhpbE1aSzUxeXNnbWd1VmdOUy1SaldzejlwVXFrYlJUdlpxUTZ6RkRWbGx0MC0zTnZhanNxemEzTUI2UDhlZHRYOElmWUxJMExiT1RlUDgxSFRoVjk0OU9EVnBtRW5FdGcwaTBZaFFJZW5NXy1JTEJsUQ?oc=5,en-IN:aluminium price
2022-04-01,2022-03-28T07:00:00Z,Reuters,COMMENTARY: LME nickel limps back but tensions are not going away,https://news.google.com/rss/articles/CBMiqAFBVV95cUxNSlYyVzUwX3NSbDhuMU50TFFUXzVLZVZHQjRiX1JxazZhcUlrdXJaRFFGdVo2SXFFb1hFOFF3Qzg1aDVYQk5sZWRMb21VN3lPZWFCdElDSUJHWHMyY0Z0ZkU0clNpRFdiY1RmY0xEMGZrdjBlRVh6RmN0YTlscWhTY0dNMUlYVDVxcmFFeVlxSks5VmN5Ujk5bzAyWFZWWGQwQzFPWlNvVUg?oc=5,en-IN:LME metals
2022-04-01,2022-03-29T07:00:00Z,The Witness | Your compass in the community,Profits up for Pietermaritzburg-based aluminium giant Hulamin,https://news.google.com/rss/articles/CBMirAFBVV95cUxNZktrbWpMbTdpdWNIRzhMQWpsMXk5Z21tRE9zWHIzNElhcGpDLUZsSDRRZTVCbmtuUEVBTkVoelhVSEp5Z3h4MWZraFdZcDhDZ2NvY085NjlUU0o4eC1fS0ZwQVhId2xQUkxiYW91MVhDWUp4OE9QejgtdExvYlQwWGJQSnVXY2xCUXlzNjJCUXBfeE5LTFNnMGtJRWQ2V3Z4bGV2eE9UbkpHcWs0?oc=5,en-IN:aluminium price
2022-04-01,2022-03-29T07:00:00Z,Mongabay India,Parliament panel asks government to ensure faster green clearances for aluminium sector,https://news.google.com/rss/articles/CBMiwAFBVV95cUxObGVIY1I4QW5ESFFwWUk3VzBaQmdsNWxMMnJjLXlTRk1EZklJRGUtSVMwV1JiUEJIVlJtLVlqTEU0a1ZGeTc4U2xWN0RnMzNqMlpUMHVFU0pqakhaaUJtSDRURWdIWW00NnU5ZEEzLVR0a1pBV2lHTXpKU24zM1J1alFFNTdDY3hVdjFBelJHaDNxbnN4eGVYMk9uSmdRUEhTeEN0dUFRdDVHVFE4clZNM3dQWXpIeDByMDdZM21wMU4?oc=5,en-IN:aluminium scrap
2022-04-01,2022-03-29T07:00:00Z,investingnews.com,"GCM Mining Corp. Acquires 3,430,000 Common Shares in Denarius Metals Corp. and Files Early Warning Report",https://news.google.com/rss/articles/CBMixwFBVV95cUxNTVBOUmdraTY2Y0Fmbld5SEdzbU9OaUxmV09fV291eUNwalNKdWFDamtLeTdRd2pZXzRFaU1vN3JWSG1NLWVfcGduLTdHam5ESWdYSmpvd3ZlUVYzNDFaQkpqeHpRMS1yMXBIdWNORkhMNEdYc3EtQ0NDWmZJbktpbXlUQV9wMi1hVkFkTnY3Z0lLVHZ0a2N2LU9adldhYUNnbEFHOWdHRGFhX1U2SEVaWnJEcEthT0xGRE9XZlRsUjBicjhkT24w?oc=5,en-IN:base metals
2022-04-01,2022-03-29T07:00:00Z,Share Talk,Power Metal (AIM:POW) Ditau Project – Rare-Earth Element Drill Targets,https://news.google.com/rss/articles/CBMimAFBVV95cUxOcnctTkNZNlBUQ3pzRmNuaElqVGdCNXFfQ0NDam5OTkllVGhkY2RkeDlBbDVRdHRSMVM2N09rdkNfYnAwWTctRUN4RmZmVmdUU1pwWFhmRkxDaWs3akVRSkppd25UVTlQanJKei1KRHVWRlIxSVQxOVJ0MjNueEtablZCU1RWcGxVXzNyeW5QSTZXamlMSFZaMg?oc=5,en-IN:base metals
2022-04-01,2022-03-29T07:00:00Z,The Times of India,"Cost of construction up 10-12% YoY; surging cement, steel prices likely to push up real estate prices",https://news.google.com/rss/articles/CBMikAJBVV95cUxQaGhUci04enprVVVoWjFBU3J4SGVoMENfdklKMnZjRnJvc2N3NURiMkhzOGhmbUJXMGY0VU1wUUhYaWQ3eXNXaFpuWEFvRjhjby1fYVRIWUhGOUNaTXRZNWVtOVpta29pV3k4Tm9XLW40Tm9ORFZodk1yNFBVVF9aaVRMam8wNEhqNWFuU05nV0xGRkZ0N3pjZWk5WDZrMlhoQWd5Nm9wblhITDJOS3ZPd3A3UzJPNG9oVHJIVmhRY2g3RmFmNk56cDRLT1d1eTNNYXNZNGQ1VjRyNEszR1VVSWhiZjR5RTJ1MzA3Xzg1ZFJFU2gwLUFOVFBJeVpsbW1RWGYwTU1qck81dW1MNGJpcdIBlgJBVV95cUxNejZ2V0k5ZnBDb1EyM0NVSndpZDVEZExvTHZUR3dmOExVTXJSQldQbXRaejdRSWhXa0FRYlVHSnk4QWMtaFJ3Rm9aMUNDbVBMZmtOVjZvYnMxamxFVEpFRG0tM3NOcGlqeDVQY0tQbUY1Mjg1VWczdnRQSk1vLVJUT3lKSTdROE1oWldNNE5mODlVZ0RILXlPU2tJSTd4Z0loQ0gzczlZUVBEMGNPa05wMmM3dHZNM2JEU2lQamFOOFlJeGRyM0lFNGhwamkwOFBRWUFQazBLVG1SM0FWSGlYcU9PMkE0QnVMQTlpN3d0b2FfdzRwZkx5VS13bVhVRTN5THc5UC1yVVRJT1ZOZDQySDlXQ3M2UQ?oc=5,en-IN:metal prices
2022-04-01,2022-03-29T07:00:00Z,The Times of India,Tata Steel appoints Noel Tata as vice chairman,https://news.google.com/rss/articles/CBMiywFBVV95cUxNYnhSeE1BZE1qYjVGci1lZUwyOGpuRFRvdy1BM3lXSHlxbXoyQndCZUJkQWJrb0NfQTN4VnBIc0k2VkE1dTJMNHVEb3JHNHo1Z3h2S3VmNnh1alNJZU5kbDFEd2JOU0gybHhxVGFXdXpSSVl2b1NTRHF4ZEdMUnN2S1Rac0Z3SjQzSGQxSW1XWldnUXVEbjh4NDlEdlhGQ3VWbUc0ZWJBOW84UUlFalZsdEUxb2t5aHZDeTZxVk15Mm5VSzBfYTd4Sk1pSdIB0AFBVV95cUxNWjdid3NmNmg2RWFLaEFmTW1Nb1o0alFLNlBJZXFoYVlGZXdUdlB1OE9hdEkyUFBQc1dFV2pFZF9FcU1zWWhXQ196cDRzNk4zS0NiUGhSeHBUT0lvbmVIS2xLSnpiWU1tZFc3dlNMaUdyMndGWEoyYWVUSk9oYkFBMlBic2JxZFZzMjJDaFdUUUdkSFkxbmhfcVdkVmFvNXhRd3RpZXBjZ2JSbXRZbTZ1RV9yYmlaWWNuSS1Ua0cxSy12NG1YVlhfVHZnRURqUTJC?oc=5,en-IN:steel prices India
2022-04-01,2022-03-29T07:00:00Z,The Economic Times,Tata Steel appoints Noel Naval Tata as additional director,https://news.google.com/rss/articles/CBMi2AFBVV95cUxNU0U5RnBLQVZGYUJxU1dHMENzamdRbzByS0FVOF80NXhmb0FhXzZFcGlFeG9kOHFxTmhWRnQ3Q1AtX081c1oxM1l6dnBfc3FNREtvRnBRT1hHLWpMbEM0dkIxMFJPLWxkMWl4QkMzcTZhbmRZT292dm51ZE9XZC1yZkxDY0ZWLWNxMTdicXFXanR6emNZeC1EZmpGWWxFenZLQWtCQm9yejJoUklETG44S05odU5TZ0VhZDN3NUxpeWlET1BCdURUbWFuUHJFdlF6MmEyS2NKc27SAd4BQVVfeXFMT1gzeXY5d3gtZ1BzbzQwYkV4N0c3MXBjWFZOcTlRU00tYnJzekVfM2c1bXkyV3RVWnl1blh5RFZjZnIwTVNHTTFvQ2N1TEJnMUJlWThpcW5YTDYyaHlSMFllcXdKWHc3NExLYjRONEEyYVh4RVlhM1NvdEJkc1F0QWxTWkliV2VKeDAwZzBNTVVNWnM5cmNEZjIySVk1VnAwX1VoWVhLbVR1RTE1emtyUGVCQ2RSdk5ZT01KNDdwM3R2ZW85angzWjFzTHNubGxXdHRzbXZQeWR3b245NUJB?oc=5,en-IN:steel prices India
2022-04-01,2022-03-30T07:00:00Z,Scroll.in,A parliamentary panel has recommended faster environmental clearances for bauxite mining,https://news.google.com/rss/articles/CBMivwFBVV95cUxNS25CTmh0eU83cllEUVUweW9sMDJJdkNVbTJJRlNFWUNLTGdVWWdUVENpclRGWkExSXFWZDh4Tlc4Tnd4SmFQNmthWDNvT1ZnaV93WlBTaWgyNndWbVljc2hRazRSZ3ZmRjRVWnVOX05mNldvLUNteTlJTmlIYmU1ZkNnTDNoTUxMTlNUanpqbk5JcDlYd0puUWp5QUh2QnAyUG9WM0NDS3lrRW1lN1BXNTc3dXh1clljSmRwZ2s3WdIBxAFBVV95cUxPcU5PX2lOOVRlcVZEZnRQaFdIdkRLbkFIZkpHelBESVBtbWtVcVpweHc0a1BJWlpRUlFQQ1JZc2NEYkowOVowT3dHTFJ1eHZnR2tQQUtIZkhNdGRpWEo1UlRCUjlqYXJ3Zi1PajY0cVNvRENnbmxIWkUyTmdKUUdsaENEdFpNZEtBNWtVa3Q2LWdRTjBuWW9qSkVNNVVDdUM2VHBnTFVmdDdmYVI3WXFYYWxucXI5azJHNkNVa2tmQ2VERkFa?oc=5,en-IN:aluminium scrap
2022-04-01,2022-03-30T07:00:00Z,AZoM,The Effect of the Nickel Market on Corrosion Resistant Metal Supply and Cost,https://news.google.com/rss/articles/CBMiXkFVX3lxTE4yQnJPU0Z1WGY4NE5EcXFSU01HYUFBaFVaNHlNYjB4dTJLS2pmdHZEMzNVY1ZSTURpTmZ6LWVVQ0VWekdneVdxenhheTV4c2Q2d1F2X241dEY3WHZTV2c?oc=5,en-IN:LME metals
2022-04-01,2022-03-30T07:00:00Z,Business Today,"Who is Noel Naval Tata, Tata Steel’s new vice chairman?",https://news.google.com/rss/articles/CBMivwFBVV95cUxOSHhRaVV1ZjZNS1hMX2R5eno5d1JLYmQzaXRvbXhYQkkzZHdZMjFGSEotVnRDLUp2SHBmQ1hucTBVRDFaaXFfdnFoOXk1U2JWUnFxVDBlQ21EdTBZQXRIVVdTWnlQNWJiLWhkY3BMMGdBYXNTMFh3RHUyVFJ0UjcweU9SMzdhMDhLaDJSbVEwbm5pVnNtdGZ5aFhPeVlTVmVXbmVPMklmUjdJTnpKMy1RYWFWUDZla0syRXQxYXktb9IBxAFBVV95cUxPVXhrSHJ1QmcyNmFjVWVOdzRwdlJVN1RmeHlKR3U3R3QyQUVTXzRMY212UWNZenh1bEN5Z0U1clhlcERQUFZXcUN3OW9LeWdmQ3haX0picUl0WXEzV2dsSUZWY0I2NHVnMVF3MGczd293bWdfNDdudUxhckxtLXNPRHBrRXFUUGNpdmtPQnVVTF9CSm1jUmFyaGpibXlnM1o5X1FxU01TSXRpbVJVOEt0NTJ3OC1wcmFQWk1xakFPWjJLc1l2?oc=5,en-IN:steel prices India
2022-04-01,2022-03-30T18:21:54Z,ball.com,Recycling Aluminum Cans Is Good Business,https://news.google.com/rss/articles/CBMingFBVV95cUxOdnlDNEwtZzRsTFo4T1FlMXNBSkMtMmIxcTZVZW9xTGhZSEFQNG5qbDNqLVIwYWJfbFExVkFTX21pNzFsR2hyZjN5TG5FdkItajA1Z05KUTBwbXM0bk5GVjdGeEJ2d2pRSjYxX3dVeC1LNkNpZmZ2YkJWR25VLUlTTmNmT25Pdmdmcm5rWGtJV1g3dHdJTWtEV1oxTTM4dw?oc=5,en-IN:aluminum scrap
2022-04-01,2022-03-31T07:00:00Z,BusinessDesk | NZ,Korean steel's duty without duty,https://news.google.com/rss/articles/CBMigAFBVV95cUxOT1Vpc2FUOF9LTW5fbHUyY3pFSjVjdmZzY0dlV3Z3WTgwMGZfVFo5LWpZYUxiSDlrbkhPanJXOURWdGdTd3BPV2ljUHNtT1g5bHN5a0tsRlJRWldnckVFd2JWLUo2MGkxdjJfMElZcHcyaExpZnNVcnpGdDR1N0hOYQ?oc=5,en-IN:metal prices
2022-04-01,2022-04-01T07:00:00Z,Reuters,London Metal Exchange bans some Russian metal from British warehouses,https://news.google.com/rss/articles/CBMisgFBVV95cUxNX0oyNWUyR1VIeVkwQ09FWmNtU01RNWVTcllxQVNqdVpFdHdXcFlQVUNlTVNJM0pNRUVTVFNLUEs0QmJHcTJQOV8xaVRPeVdZTmNJMDJtVVhnYWgxYnpxQ2lZb19nc3UxUmgtcjNZSGFjS1otSEZjUUl2SDZIeEd6cDlTTUZFS0tzUXdqTVBYcUI1aFZHV3h2VEU5R0p3WUhKQi1zQ0swVWtLeEs5VmNGOU9R?oc=5,en-IN:aluminium LME
2022-04-01,2022-04-01T07:00:00Z,Northwest News Network,"'Green’ aluminum inches closer in Northwest, if only they can power the last remaining smelter",https://news.google.com/rss/articles/CBMi2wFBVV95cUxNOVl2MzhrbTEzUFhUNmxpRFJaakpqR1l0VjV6WmxWMlJfWTV4UENMWlQzTFRwX3V2RG1iTzVIRzI5UksySW5tbnVhbjV5c3VqSThYXzQyVEpTVExuRGlQSHM4aGFvc05qU3htNGxFZmhkQ01PQUtiX3hwUVB5QWFubkRtMUtfWi1VbGYtM2VKUk9NaUFXQk5yQnpRaldHeU5PN0tQdzJraVlKbTVFZ255WWJPVExvanBEUF9nS1lMMl9uNWtJQWpHbTRDREllU3BXcGtjWXNvS042NVk?oc=5,en-IN:aluminium price
2022-04-01,2022-04-01T07:00:00Z,AL Circle,Sansera Engineering in the vicinity to secure aluminium forging components supply deal from BMW Motorrad,https://news.google.com/rss/articles/CBMi1wFBVV95cUxQSVAzd25Hd2RzSzlNeHZIbzdwWkhfQk5GdnczaDU5NGozaVdxVDZzcm9PaEN2NzdueDN6VFJRcENWMDNFQnlVeDJDR3pjSmZsckF5XzJNTENVNEFqWW5GaFEzZ1dtV0pVd3JFT2hiUDEyaTY2b2MyWFBCUVZFSUdnV3JwcTBmNl81UW5JaHZFX3Q3d1d4VDkydmcwLUJoT2Q1R1JzeVVxS1V5ZkZYUFRtaF80M0JRNzgyT3FLZUg2djNDMkcyMzNmemdFekI2Y0N6dm1MdzlNcw?oc=5,en-IN:aluminium scrap
2022-04-01,2022-04-01T07:00:00Z,The Economic Times,JSPL plans largest & greenest steel plant in Odisha,https://news.google.com/rss/articles/CBMizAFBVV95cUxOT3hUZ2o2dkotVEFBN3hWNm1IWnI5MV9EbDZvUFNTeVIzWjhialUtSkR1bXhfOTBjbmstdVdyZ0IzTXlIWHhOdDBfaVc2b1RlM2pVcmVLcnQtM2o5cm5KdHd1d2hXQUJJc2VCU3hVV3hBNldhMlNXX0I0SFlnM3h5RUk4OU9yZTVOVHNXSkFiaG5pTVFVbEZiTklqbXZKNkRvMlZ4aWxBY1FiRzZfbTVCX1BKRG5PS3B6NlVmTUFZRzZuYm05U2NZRlM0aWHSAdIBQVVfeXFMTWt1MTRpVGx5aDFlR1NMZDRqUWpfU09iZ29IeEpFcDdiS0hkRjd4ZlV0YlZ2ZGlUTWhNbm9meVNkX0gzeWxZTnVRRENFV0QyN0tUV0N5NjdHcEhDVjVhUVFETFNLWUtjUGdtaExjT0pMWXNreHV3b2licTgzQmN2N202cHBIUHZic1BuZHZtSWsyMlNSYXIzWGJWaXU3Y0kwbjYtcVUwSjhlbXdXdG9rczFLYUlSS1FEVFd6TGp5UWVhXzhiRlo0X3cxbjNLUEctMTFB?oc=5,en-IN:steel prices India
2022-04-08,2022-04-02T07:00:00Z,Agriland,‘Price of steel has increased over 100% in cases’,https://news.google.com/rss/articles/CBMijAFBVV95cUxQRFV0TFNvZVowRlA3cldkZUlmRmxob2xTUzJmeVZ6YzJGQVN2ZVExSFJLTktqUWxid0g3cHZqbHJzNlFXS2R4c1lVbGJTTngxRzVWLVRZSDYwMklCRkdxT3VRem5oT09ZaFBIaFdaWHFUeTVjZmhkekJ6c1k4WENtX0J5bXR6VDUxWkxWdw?oc=5,en-IN:metal prices
2022-04-08,2022-04-04T07:00:00Z,Reuters,COMMENTARY: China lifts aluminium exports as Western production slides,https://news.google.com/rss/articles/CBMisAFBVV95cUxOdUk5N0llaF9NRVdJRDlXYW1VWEVLVEl5d0JuUE1wX18zSjNqODZZblV1Tm1faUJnSW1pTDlMa1VrVngtN0RHS2dTUjlobXcxdjNvakpYVUVEcmdUbkgybTFwRFpEQ3F6WF9xXzM5S3liQ3c5VEZnNUhxYUNJdWd6QkVHRURYb0pIX3lwVkt1emtoNWhtSUh2bTdkMGE0SGh0NE9WakpZR24tVV9OUzF6OA?oc=5,en-IN:aluminium LME
2022-04-08,2022-04-04T07:00:00Z,AL Circle,Ball announces to scale down operations at 3 aluminium beverage can manufacturing plants in Russia,https://news.google.com/rss/articles/CBMizwFBVV95cUxPdEc2RGZFd1Fwc0p6ZkZZdGJJWXM2RC1DV3BETVk4RW1SZ09JYVc3SzV3RDFIbDdtTkRrSzFRVHllQkNRb3Z4WUZaU2dadWtLMldMTnVybS1scFJkRFJ1WTg1cjJLRTZaNXh5cUZUQ2lIV2R1TjVLLWNCLV93MkxCYko2cWZoN2RqUzE5RW5SVVBuTzVTOHZNanNGRGlpY0dpeS1XcWhNd1dpaHZudDQ1WTJQb01NRHdZOUNKM1lpNWV5RmJfakVxY3VzbmZzOVk?oc=5,en-IN:aluminium price
2022-04-08,2022-04-04T07:00:00Z,groww.in,Analysis of Metals and Mining Sector Future in India,https://news.google.com/rss/articles/CBMiZkFVX3lxTFB2THNQUS1xcFIyTjF1NmEzQVVuOHRNSWdTT3lGUEZrd3ZrUWpkbzBTZUxBeFNISjdGVUJFTklJU3A2X1hOLU9ka2gtVmhXdWtoanpsTk9JMzJKWVlCWUhRMzRnb2p2QQ?oc=5,en-IN:aluminium price
2022-04-08,2022-04-04T07:00:00Z,zeebiz.com,"Stocks in Focus on April 4: Auto Stocks, HDFC, Power Stocks, PVR, Aluminium-related stocks and many more",https://news.google.com/rss/articles/CBMi3wFBVV95cUxOZFVsWFBtbGtpZXdFMXNVTUZ6c3NBRmdFc0tIbUFXWEJ3OEVaLW9uUFRVM1l1cUlFb1pwaHBhZWd4cDZjSU1uSDVUNzFDZ0lESW5za0VXeHJhVnVfbUwwZkdQQWVNaEtGTjIzaElpQVpYSVZRLWZYdDJqN1EzTmlvcnZ0ZnczV1A5NVU4MUptT2xURndxTHhlWEw4WUR2TWJvRmpxeDA5SUtpb1dLckZWUGhlR1RuQ2p3NHlGdG1VWUdOLWxyY0ZzR1Y5MjkzajRXd0U0VzRmb0xaM2ZiaVdR?oc=5,en-IN:aluminium price
2022-04-08,2022-04-04T07:00:00Z,mining.com,Metals world agonizes over war but keeps buying from Russia,https://news.google.com/rss/articles/CBMikAFBVV95cUxONXF1ejNxSlU3NkFUOF83S0M1TERnZFBoeHcxeGI5Vi1EdWpDM1pzOERqQXNHcE1PZGdOcGVrZzhRWXk4Q19vQmdUY2lQalE2TlprOXFxTHJMSmRyeDNfRGdRWWRmV2U0NnhkVEM0NzVjc3JHY1V3R3oyQS0tR1pKTXlCUmdjVzV2M2hZM1FiNlA?oc=5,en-IN:aluminum prices
2022-04-08,2022-04-04T07:00:00Z,The Guardian,London Metal Exchange faces review over nickel trading chaos,https://news.google.com/rss/articles/CBMisgFBVV95cUxQb0FhRkNCUU9OMlQwdVhoMjNoY1BGOW1TdkQwZ1FOMHRlblpuLWJLTDNRUTZKYWhJelh2dU5zWHdFYlhuZjZiLURWa19CXzQydFhsY0pRVHZodmpmS0E3ckF2S0pKU1pQQ29mSF9iUzRjbEtCTmFKVlE5T1k4MTBJWElFQnQ4dFU3Zjh3dUVzclB3R2p6LWZURGpETzFORkhnV0U1LWFhclpOWkU3S3pmU0J3?oc=5,en-IN:LME metals
2022-04-08,2022-04-04T07:00:00Z,CNN,London Metal Exchange probed over chaotic nickel market,https://news.google.com/rss/articles/CBMifkFVX3lxTFBYYWRnV1poZ0MwdnlCUUdHSzlYM2k1WXJuMlBxMFBQd21ETVJFY3I5Q3JGcVdyR292Q0hxOVlTcTh6NHFaQnVJcksxTVAwblAySFVOQzN6cFlkdlQ1LWFZQVk4Y0hKTkpGRjdQcDl3R2Z0QVpLZ3M2NzREYmN4QQ?oc=5,en-IN:LME metals
2022-04-08,2022-04-04T07:00:00Z,South China Morning Post,UK financial regulators to review LME’s handling of nickel suspension,https://news.google.com/rss/articles/CBMiswFBVV95cUxNU1BFQ2x3ZWpET0cxdzYxdXJYSXRYUk1BS2VPcnRCVURKeXB4UjUwQWUzLTJXRm9YTDJvX01ZZkZ0WWFDU3dyVFRNWUZtN1dXMEVaaGtlSzBwV0Nqc1U5dlpNWnduN2ZDemMxNmtRam9sNGtsdjNqb2piVVMxb0tIaXVxMWQ5NldqOEY1cUlab2g0UnluM185QVBMaXN1X1hCV2thRU9TV1dTOTNWbVBNYjE0QdIBswFBVV95cUxOak5HX3NybXFlU2FBdkEwSXJkOHdOVEp5Y3JpMGFuUkJEWmQ5NEdZR2pGN2hTeTRNT3hnMFRNU2VoeFVxMGZSdXVMNV9pTHR0WWI3R2otS1I3ME5vMkZvRHlZbVAwTEQ4RkUyQmdzVl9wcEU0dmpLVTVoZllVdER5WURIdjlCYl9qYlFGZHVYdm5FRWpEdDVzYm9JTlgwMlc2MTRNV0FSNmQ5R1FJSWZOWVRDbw?oc=5,en-IN:LME metals
2022-04-08,2022-04-04T07:00:00Z,Reuters,UK regulators probe LME's halt to chaotic nickel trading,https://news.google.com/rss/articles/CBMilwFBVV95cUxNZTh1RV8zd0Vham9wTkUtWllzRkhEUm9vVzBYYU9hTXZqNDVUNlVOSzNBNEg5M1ZpZzZSYUNpZDkzUFlscHg3bE83VGFaVnE0NG1ySTcyaFJRSkRUMktsS0h3RXFsWG96NkM4UlJmczdYQ2ZUTUl3eEpBb0o2cWZOdW51VVV6XzFzWDJRMDBDTDgxRjZUdG44?oc=5,en-IN:LME metals
2022-04-08,2022-04-04T07:00:00Z,EUROMETAL,"Europe HRC steel spread surges in March on offers, raw materials costs spike",https://news.google.com/rss/articles/CBMinwFBVV95cUxNQzFIU2xZWFE3OXNVY3F1b2JfeG1SWHluNXlHYml2UGVnbmZKemJwRnd5REVkMWtsTnE3SUJrSkNtMU9EYVZFTWFaTTlXVmk1QWxzekZJSWw4VnpyUms2T1FNUVIzYTRtT1BiWWk5MTlkRzZ3THp1QTZlRGtOWTc2R2lnbnF3aUl0Q0hRUVJtbEFLQzliSTJLT0U4c2kxTVk?oc=5,en-IN:metal prices
2022-04-08,2022-04-04T07:00:00Z,The Economic Times,"ArcelorMittal Nippon Steel India to set up new cold roll mill at Hazira as part of Rs 8,500-crore expansio",https://news.google.com/rss/articles/CBMinwJBVV95cUxQemt1TU5CS0FPdVJrd0h0TXU3UDMxWkZhSlFIMTQxNGRiU0NqUEExb2ZzRVc3QUFoclljODVWcFhzOTR0VjE4ZVl4Ym5nOXEtZEhYSjFvM1I4LVJFUldaV3NZS3BmVVNhR3NXNlM3MjEwTE5RbS1YellDNXQwU1hfYkZWRHhZblhLTXBvMVlaZTZnYlItWnpHbXF6ckdZd3hvQUtRMEs3R0Z6WmpMLXVXbF9WcTVCeThxOFAwc2RueU40Wl9NOXlSR3hGdC05QUtKbjlOTlJZWDM4SmQ3bnUxWHpIbWNoaVJTWFNyLWl6X202dzktZG54R0hTaG0yN0hWREE4R3VVUnpZaUlCMmw2Uzl2QkVBSEpxVzVhdWdLa9IBpAJBVV95cUxNZlRURFNpSmpyX1FOV0h5RDZfa0JBZ19tdllLcFBoR0stQW0xNlZUbmcwRVp3RUliYmdFYnZxbGZ4R1F4V0ZlRzZKUDB5dllSWW8wWU9xSHVhMlN0MHdtY1I1NkdvVWQtaXM0RUFZY2RsTUhWMVcyV1A2YlNhYl9pZGVraUZobE9zVjJhRUNTeVhoNDA2OHpYaUVLSjVOTFVYbi1HaFRUS3dhMDNDa1JLS1JPMHI2dDA4ZmJadkVjbmdiUTRrYmJoN2cyX2lfTllicXpLVXdUcjFjRFNQTi1qX1VZZlh2cE9WUC1VY1Z1MWdPbDd3RG5mUXlXanlPdFByWVljMGY3Z2lNY1BIeFp5MUhveGxITTJLdlI2Vk0yN2RDbndH?oc=5,en-IN:steel prices India
2022-04-08,2022-04-05T07:00:00Z,ABC30 Fresno,"Aluminum shortage affecting pet food, beer supply",https://news.google.com/rss/articles/CBMidkFVX3lxTFBPc2xFY1RjY2k2N2dtTml2c0tJc0k4RldkSEhaZzkxWTluTWlXWEN5OW4wdEotTTgtWlQtdXRCYjZObG9qdTQySUcyZmxfX0FRZGdUbmdMNlZuR0NtX2h6S0hjcnJxclNYMTlmQUt4ZUFnMUZpelHSAXtBVV95cUxPTkY0MGtla3pjZ2dYcEthaEZOSk12b2dRQnNhWTJiOTlzLW5TckNCeEVwUkpRWGtzU28zR2JIVmtsY1lrZjBMT0J1TVZjUHhwWTBXVndiMlVmRVdUNWNRY1dqRS1hREdWdDhjQXA1MjdMRVVNSHp3VVBlVXc?oc=5,en-IN:aluminium price
2022-04-08,2022-04-05T07:00:00Z,Mining Weekly,Sovereign Metals discovers largest natural rutile deposit in Malawi,https://news.google.com/rss/articles/CBMitgFBVV95cUxQZE1VUUNfMW5mbWo3WGt5TklsazlhXzU1VE5USUxlT1pFLWM4RU9YQUxTRzR5RU8zSmV3cC1yTFVmUXlHYVVkUVdMVHpycHhQTnQ3T2NWZkZLTXpJeGE4YjNZa0w0Y05wZk44Zkc4X09ZSDZNT21qbW9TRFNGV1RSTFJKcFpESkhKMXZHZWN2RHJyTVM0Qm51Q0t4VFB2RUFxUUNJa3phTzR4WHc4dVg2TS01d2NXZw?oc=5,en-IN:base metals
2022-04-08,2022-04-05T07:00:00Z,Business Standard,Rising raw material cost pushes steel prices to fresh record highs,https://news.google.com/rss/articles/CBMi1gFBVV95cUxQWDZ3LUs2ZDdoYXFlal9ZUWF5cXBqdzk1WG5kRGtpOHhwaFkyR3ZBQ1hrZnQydjhEWldDanlOQ3Y5YWVNazFmSDZ3ZFViN1BBV2NMdVQyeFNFX1JrNVJ2RnNjVndrakhUODZVTGN6Ym5LNENkVWJWakZzOHpSVGduN2NWZ1hWa0wzcF91YzBsTHZtT200MEJzNlpKUURmMVh5RVZ0SnFkSzQxSXNrTm4wVlIzTkszWmN0cVpmTUs5NnNuMzhEN3MwVHhMRjJJQ01aem0xVk1B0gHbAUFVX3lxTE9CdjBEcHU5bVBUSzZfemRvUkNVYmN2QTJUak1tU094R2hiN3A4R1FkVUt2c1Zrd1gwRWFWZUlmb0lhX3VkRjh4b1hLM0pxWEZJVU1vMDNFb1hUeWlrRHpiWk1zYndhUHktSUdocDgtTFRubUtkQmtsNjVkRXVqemJ1NEVWb0N1Q0owVFJPWVAxZmx2cWJrQmtfQkZGeW5QR3djbzRNYVZyQkRSSXBvYU45UE1aZWlEWDdWQlJidUx1cWk4cVhoSS1zZmFON1V5MGVpWGx5VlZWSk53RQ?oc=5,en-IN:metal prices
2022-04-08,2022-04-05T07:00:00Z,Daily Nation,"Why prices of cement, steel have doubled",https://news.google.com/rss/articles/CBMijgFBVV95cUxORVh6TnRoVGZ4RFZkd0p2RzQ0X1pHRUdWVEhoeUY4SXR2UEg4Ynp1dm0xS1J6czVuOHlCSUpiYmpVMEJlS1RrMy1hQVdxSUpPdEhFM2JQb0NzRVBqSnNXX1BuQjZDTWdxYURuYkJwQVp0V3BfXzJTYUtidzRVVkx6eEZWc21qUklkc3poV1hR?oc=5,en-IN:metal prices
2022-04-08,2022-04-05T07:00:00Z,The Economic Times,Tata Steel output falls 3% to 7.57 MT in Q4; sales jump 4% to 7.82 MT,https://news.google.com/rss/articles/CBMi4wFBVV95cUxQVjEzdzBxT0VMTUJKUG5sNUVidzhvZ25FSkR0YkpfT2JOc3Z5MW0wLTFBWWpyUXpCME1LSk5iVk9SR2htYm81SU95cTNJb3U1YWN1UzFudVUzQTIwZGRyZUdxaHVjcHJDdzRjSWZ5SmxmcUV1ZU5DVWlZRDlwOVB0Mi0zS2pfQjlyWVVuTHRyNWxQZ2YzU3NlNDdTTEJGRE90Zm9SemlvUF9CbHNlVFQzcENLMHRXTFd2TFlLTndua0ZDeS1Temo2eS1aX19vdHdHOEwtd0FMbDdQTG12X1JyNmlQY9IB6AFBVV95cUxPWmpvRDVWVXBxemIwMVhScTJNeDV6R253eVQtWlhlOWRGclFhS3ljazI0Nlczd1daQUprbklWcmdxeDJWU2s2ZS1acWNhM0ZvQnlraWNzYklkNFNiZXVHSmpRamJDbHk0RmNQdUctMWx0U2NjaHRLTXQ4aGlMcFdvWDV5UGM3NFhZdlpDLVpMUmRERnhhbDdPWW80RmxodWlYbzdENEtPZm1kVTRqRHVLWnBHMTNqc0hSSmJKQ2NTODd1SVExX3BjYXpVUjJsVTc5M1J2YUw2Z0xJeDZtdTA3Sm1seVBXTDk2?oc=5,en-IN:steel prices India
2022-04-08,2022-04-06T07:00:00Z,pv magazine Global,Aluminum-nickel molten salt battery for seasonal renewables storage,https://news.google.com/rss/articles/CBMiqwFBVV95cUxPa25nNk9sSk5EdXJ4bExpTUlrYUdwWW01UmhORFZENTdJM2JOSjBTQjZMZjRoU2RZejJFUHd3cG81SUJLUFdhRmVrOGdWZUh0WWFiRnVaU3AtSlUwc3Y1d3NFU29LWnBSZkF3TjJhdWZzRFpWZXB6WlJKQUpiQVlpeUdJVzkwUWdQdlZUUzBFbE41RndQVTFfZGN1Y3F0dTFPZ0xGLVJ5UVJlUU0?oc=5,en-IN:aluminium price
2022-04-08,2022-04-06T07:00:00Z,The Australian Workers' Union,Tomago to recycle aluminium in new partnership,https://news.google.com/rss/articles/CBMimgFBVV95cUxPSkVjWGJGdFBvTndYdFpDeHcweDh3SURvSXl4d0NiV05OUF80cjUzZ1pvcm1aVWN5NGt6V3lmUGV6NjhFUjlxWVpvLUdhX2wwQTNnSlhWdWhabFdQT3YxcXNoa2pHTnZ3aXU5czhOM0hlaXJxdnhsOFItLS11MHZsZF9FWW1DeGRlYVZpN1RDOFZ1RjRJMVNQWVhR?oc=5,en-IN:aluminium price
2022-04-08,2022-04-06T07:00:00Z,Construction Week India,"Key building materials like steel, cement, and labour are facing inflationary pressures: JLL",https://news.google.com/rss/articles/CBMi0gFBVV95cUxQakJBZWEtMjRyeWhsb3UtQkhRdVBVSlR6TU1VaGJGekUxRWJLTWh0bmVOalExZWxBa0RmeTJlX3lfQzloOW9iMDZuZExRQmVfWU05MDZBUFRndTlaN3R1M3FPNFpYVmxDWHZqa0NQdFctNzNPQkl6bmxjdGdfSjFGUkY2SDJ0MDdENzJHVW9aRWQ0Ukg3NU9QSVkyeHlOT0VOMUM0TUZWOWxuWDB0UlRuTnNaNnprRUNKUFk1empPUnBkREllNG1DYk5FdW9fN2kwOWc?oc=5,en-IN:aluminum prices
2022-04-08,2022-04-06T07:00:00Z,The Economic Times,Nithia Capital acquires Crest Steel & Power for Rs 600 crore,https://news.google.com/rss/articles/CBMi2AFBVV95cUxPbmtQNzFmWWF0Y2I0MXZTbjN4MlF2ZlhJdmVITE1SQnZoeHJfQUlqNzMwT1NtV2Jqc1lLQ1ZYbV8ya0U1eGxHOFhucVlNWjVQZkVDaE9Cd19Pak1KaHVYSVFJUnJaVzVMemdobkJrZTdmV3U4MXpLTXczbUhta2U4YnVrTDRxQVFYSFB6b25fNzM0QXhKaDM4aFREcWpaMzNvYV91UmFFNC0xUnFFS1AyOGxNVVhGaWt4eWswdmZxOHcyZTlhNTJ2UmNzZ3FuanptMnhPOFlOMTHSAd4BQVVfeXFMTW1Od190V2NBck1CUVdHOWg5R3hQcE96SHA5c1lzVVVVSjhNMTFudkM3SnMzWWFIYnJvZ0FBcnJab09pSk5rdl92Qi1ULUZLRHJveUJZeXVJMFB6aWNVVGV5b055cnBtTW5vbEgwUDhLWkl3UVIySTdlUTREU1I1RGFVTmxkMVo3Uk96emNXeDZsejZURC1lUkp5MG90ZWJvM0NCRVduMDl1UlNNdURYUlVzWTl0T0xOTmsyNGlnRkpwcGZaTjkzYlFBaU0xNTlsamc2NXVaQ0VHYkhyZ0FR?oc=5,en-IN:steel prices India
2022-04-08,2022-04-07T07:00:00Z,mining.com,LME risks more squeezes as metal stockpiles hit lowest in decades,https://news.google.com/rss/articles/CBMimAFBVV95cUxQcm16dmxfWHRTQ242SjdjMWdNQS1rYmlmUHdIdXk0aXNpSFRUVWkyTWZ6ZjhudHNXM1JTQmFmMWJvQ0VPS2RORkctUktNaW1UM3ZHckhYNllmdlRDZWVjVTRHTnBhV3dDejFZR1JNSW82ZVFRc1kzUmNSYzNjWlY2c1gtSnBQMXhMMVI2VGFOdERFZHdBLVB2WQ?oc=5,en-IN:aluminium LME
2022-04-08,2022-04-08T07:00:00Z,standardmedia.co.ke,Scrap metal ban: Box prices spike as artisans transfer pain to parents,https://news.google.com/rss/articles/CBMivAFBVV95cUxNT09mWmNEMG9JQTFrcGhQNFphMWExTzNkR25DUXJJVW03aXVXenRRUF8tY002M3FSNTlkelpPYzVyWG1nSVh6aG8yLVhpV1k3a0ZmcV9RNFVkNnVWaGpLeDVTd1VFWldoOC1OQ1R2ancwVUFGZm5mZUk2ZzBzSk9NTzNZSUsyb2xiZW1JeUFXWWxqdzRxQ3doSmNwZHdWblk1ckxaOXdmTWlzS0dqcXg0VmlEQUFFbldjcjV1TQ?oc=5,en-IN:metal prices
2022-04-15,2022-04-09T07:00:00Z,Daily Trust,Why more Nigerians take to scrap metal business,https://news.google.com/rss/articles/CBMie0FVX3lxTE5zOW1odHNBOG83RWxUUHBxNWpDcERQbzN3TEh3NHBxUWEyeWJIMzkwbjJiOHlDOExROV9LWkdjVHBrZ2hVY1g3MWhOckFvMklvT1pzLXBtWFFLSFV4cmNWWmJ3ejZWcXpzREppVEZ5dHNuME1BSjY5V28zbw?oc=5,en-IN:aluminium price
2022-04-15,2022-04-09T07:00:00Z,The Express Tribune,Steel prices rise for second time in April,https://news.google.com/rss/articles/CBMihgFBVV95cUxOM05sdThMQlRZejNzcXZmcE9kM1VjTkhQclJjWEtxRURXSjREdW9yTTNIM0ZXMl9jaWhnU1pWRkptRWtBbEFnNzJoUjNBd1FoWjQ0WHlOclNoQmd0ZFJpMTZnaEIwejFKYlo4YWtMV0J3cmFaYWdibTdJZnhRRGxydmgzN1ZTUQ?oc=5,en-IN:metal prices
2022-04-15,2022-04-10T07:00:00Z,SOFREP,The Patriotic Act of Collecting Scrap Materials to Help in the War Effort,https://news.google.com/rss/articles/CBMinwFBVV95cUxQWU5VWENwNExHSWpUVnFXRVdRV0tYLTE1dXZfY05XVDVKQy1YQU9mWG1qcmVwYWU5YVlGYWFhWWhoRGs2MWM5WlE0bTRtY3dOMjE5dTdyV1MwQUk5TnFzZXcxNU9wdlExYjV6LTZwR2pzZ25uT3ZxbEUtOUlEVlAxaVBCVFpJLVN1ZDJrTEs5OVRTemNqVmYxN1llOC0tVVk?oc=5,en-IN:aluminum scrap
2022-04-15,2022-04-11T07:00:00Z,Miningmx,Guinea sets May deadline for investors seeking to build alumina refineries,https://news.google.com/rss/articles/CBMiwAFBVV95cUxPUFdTS2t2WVNHOXFQbk5DUWFXRHU0Rm5UeHlMS1RxdnF6NUFnZ24ydjlSY1JXRnBUelU4Tlp1SUV6YlBLSGROWnBwSS1EQVRLUWk3MnhhV0d1LUVGSmRFYkZfd1JDbXV3S3RXaG5oRUZRTlR5LTJiVkxvQXdYLWc4SVkwbHlMVWt2ZGl0M1NzM3lYQnlzcml5SkJSNHlic2JUeFRTc0VfMDRJQV82OXFjX0RHRUFFWUdPR1pwQ01WeGs?oc=5,en-IN:aluminium price
2022-04-15,2022-04-11T07:00:00Z,MoneyPantry.com,10 Most Profitable Items to Scrap for Cash (Found Around Your House!),https://news.google.com/rss/articles/CBMiY0FVX3lxTFBfUFpWNDRsYkZVdEdrT3VFblZXdUdNVmdLelZjVkh1b3BNWmtYS1VyWi1lUGhiYktEUFBzd3NRaDhwendXVnluX0xwYVJpc2lDR3Rtb1lfaHBJMFFiRDZxeVYzVQ?oc=5,en-IN:aluminium price
2022-04-15,2022-04-11T07:00:00Z,Bloomberg.com,Nickel Drama Spurs Chicago Bourse Bid to Grab Trade From LME (1),https://news.google.com/rss/articles/CBMitgFBVV95cUxNSzNYSXI5S0w4M1hBLURPaDNUeWpwdHRKRUNIOVVGOXpBdDlLTXBLUUprbnhoWW1CR184TXAtZU5fUmQ5OEpsdTdmS1dqNG1FTTZvb3k5d19Ec25fWDZWWGFzZGZ3Yzk5cU9KbDk4M2xPZ3lVdld2ZVdtMWpmaXNuUUV4ZkVtTlEwSjZzR2V4ckZ2a29YanVNWndNSHYyc04wXzFHMTE1eDhHSDRNTFRUZEd4NHdFQQ?oc=5,en-IN:LME metals
2022-04-15,2022-04-11T07:00:00Z,Sportskeeda,5 best metal spawn locations in ARK: Lost Island,https://news.google.com/rss/articles/CBMihwFBVV95cUxNbHlobG9YeXowS3JhMTRMUHNLRVdzc25DV1V3YS1odW5OOWVHQjZNWnUyNVE3bkcwUlZ4Zl9fcTI3ZXI4WGtWTll3TFFrYS1QZFBVY2JUaG1ZdVhVTXlHemFCT1NlaGxBUnhuTTFRQWlDc3d1RW03YW1zSFd0Rlp2V2RBcGlGVkU?oc=5,en-IN:base metals
2022-04-15,2022-04-11T07:00:00Z,KITV,Some Hawaii mechanics say rising metal costs affecting car part prices,https://news.google.com/rss/articles/CBMi6wFBVV95cUxPUkhSR2dGeGZjR0NjVkxXS0FzYlpKeHEzTk5SdU9uR2JDcml1WVdDeTJDTU1xTzVUdjZnTGl2cmhhUlI0THNxWVdaS29Ybjd1SkhuVEdiOVFUOTliaEtrcHh1V3FJQUVWa3ZOb0hpM3liM2wwVnlyOVdnOWZGUE1WMjcxcUl1aWdPaEJHdWZGdk94OHNIMUtWbE1vUDRPMzJlaHRHTl94b092UjZqS1lwVFF6V2lpYWY2dW9DdkR2OG1BUzlhb0dFODZEZjcwZDVFRko4Rzc3OTUzNWdYb003T3U5QVFzZV9wc0ZV?oc=5,en-IN:metal prices
2022-04-15,2022-04-11T07:00:00Z,The Economic Times,JSW Utkal Steel receives environmental clearance,https://news.google.com/rss/articles/CBMiywFBVV95cUxOWVd1YXlwSl9rNkEzZjROMTh4LWxyNXp0YnhuVWJxaWtOQmYyNURhSmltbU9GcWE1NWJSVV9uWWxUbEFwSjk3a1Mtejd2cHNSRFVOY19zeHZ4Y1VDeE0zY3BXbjdaRnI4clE4S181S3l5dzVGVzlFcnctUzg1RENxNUltSDNTdDZpcUNlQzdfUmpFUUU0b3FMclE3S0s0S28wX0d1cGNYMjlSR2RYZEYwc2RPS05TYlZmRkJZRERCWkh2dnBUbWJ6UkhLc9IB0AFBVV95cUxOcXl6UnNSVUxBRURuRU5JSjdkMnNvQWJOekdxMTM1Y250Z1pmbXYtNzdzZm5Uakhzc1o3UTFvLTY1R3NZM2gycHQyc0d0emd5YUdLbjE2Z2N5ajlpVVEweDRvZEpoVWJXNFlmNXFoTnlXRDBYVUNNWUluRHBVUmthN3pqUXhNSnlDT2ZpcHIwQ01saUtxOUtENU56NS1zMWllOWFTd2ZqQXBBY1M3UTNHbjI3TDVseVdtSk8xMTZjQWJVaDFTY2VlRV96Y3RyX3hw?oc=5,en-IN:steel prices India
2022-04-15,2022-04-12T07:00:00Z,Ukrinform,"Ukrainian Army turns 5,000 Russian military vehicles into scrap - Forbes",https://news.google.com/rss/articles/CBMiwAFBVV95cUxOakZ6X2RvWlRDV2ZZaGxFd3AxbEppVGh5Vk1HTUxkT2p4MVFDT3A3bHNEbG90c2s5aVI4bDRQSXdFMWlINXEwV1hBNlhkQURQeG52b08zUEs5eU85Y2otbFprT1VzV0dIazV3YUpVVElURFh0cXJXMzBza0dJd2ZQQUQzbVNlckVBZnl3d1cwRFc1SmRwUHR5bTR6S1Z4RjdGaHV1TjFaa294V3pxeENSR3Mxemp3ODhFYXlpeFUxVTfSAcYBQVVfeXFMUFRvMm9GUGFidWF3aVBRU2dZVlBhV0VtY0JHQVpnY1hSVlRNOW9lTkF3U1NvTTFwbVkxZllmWDJ0QkVwVU1QVlBxWlBqX2tNRkQyVVQ3LU1JQWRidWl6WEZpRzU3T1dXZ1NCcUFIN2hnRDhoQUZQOGg3N2x4a2RHNFlZRXVrQ0VVZ19qenVjLTJqT0Z5VlhvYU5COGJLampzcGpyUE9DbElRNTg1TmhuN28wd2RhZ2tGUW1ZdEwzMExVZ2VLb3h3?oc=5,en-IN:aluminum scrap
2022-04-15,2022-04-12T07:00:00Z,ET EnergyWorld,Mayhem for steel companies: 36 per cent jump in raw material costs within a quarter,https://news.google.com/rss/articles/CBMi3gFBVV95cUxQTzVSUE40YkNwMEJ0ZTBNMi1NQU95d3d5YkJHcEM3bGNVLWlPUmUtM1BqS3R4aUpCc3lnZlZmTXMwbGNiaTNqYkU5NE9WT2xoc05ReUNUb290U1JRNzJpZnc2QWdUejVyUnN3X1duNlg1eWtPT2tsSkJrcWRNQ3JTQzZSeWF4NmxzbGxEdU5wNFBUemRKb1ZLUHZFYVRCbUMwQlN5Qy0yTlRPalZGYlBoLTB3LVM4ZG16TGpidUVqek5TeGtCN2xidHFnQ1YxS3hkWVU5TmM4WE5uY2hzV0HSAeMBQVVfeXFMUGpQOEpPYmFoaUJOd0VMMFdjb3dwcVNXai1ibXJpVGFkTURYV3dadFVRbVRTRm90el9WY1ZfNXZSX2VWYnk2eEQ3NmdtZDgxeWxsQ25CaXd0TUY4aWM0R1NjRllKTlZCNHQ5dWFJX0R3WE9HOGZWY3RSbWdxeXF1MG00V3VSMnM1MTBNZjhEUG4xcWVfSDdDaXBfT3R3TFQzbXQ1RVdjcFFqSHJyZzhuZDF5VzFtcUNwWjFvRWstci12YXV6UkgydEJnbk9mNmp2ZVAwTTU4eFVkdk5qaHhvSHR0d0U?oc=5,en-IN:metal prices
2022-04-15,2022-04-12T07:00:00Z,ETF Trends,Steel ETFs Have Been Outperforming,https://news.google.com/rss/articles/CBMimAFBVV95cUxOYWVYcVA5R25xZDJRLTh0WkhpY0NTbHNmeDlUWEN5bkZlUGN6WExBYURoM1JBMmdFcl9nR0JnOG5WZnVuRndTa0NsbUtIUnpoenh4WDcxT0VhNzVHZkNpOC1FM3dSaHZ5X2hRM09WYmgzZWJPWVFIVUZReHVOYXE3azl5THozX1hhSENNUHNETC1ONDdreDZyY9IBngFBVV95cUxNSHBiTXVyZmdWM1R0SHoycXYyQU9iM3FsZDIwVFJ1TEVnQ2ZDTWZKcUJNSDVqbDBRT1JhRUdnS0VHekowdjZ4bnNnVXBabzEyb0NHNmpNZHVya2xwVS1uXzMwQ0tVckRwQjRmUjN3dGxsTG92WlVUMV9qWjk5bklnSEt6UHpDM0hOMXJrN3NyU3dNMlZFOWQ0UTNNZk9YZw?oc=5,en-IN:metal prices
2022-04-15,2022-04-12T10:36:53Z,UNSW Sydney,Best hope yet for aluminium-ion batteries,https://news.google.com/rss/articles/CBMi0wFBVV95cUxQU1ZrbDFndEl6STdXUXdNbGlhWmNVYkZ2dWlpZ2RYV0VFUVpUTzFzVkYwUVN5OHFvMGtUUkw1cFRWbUozUndtX3prc1pldTY5bnh6MTRUbzJZU3ZYV0ozcmZOeVZ0MWlRdDRtSVdOUHQ0ZTZmdmFwTjRLZWJqWmZScFNPVFB2cERhSGhIQklIUncwc05aV0lNaDFNdFFKQ0dHQlNIa3VLYmdaLVVzUXVWWDBvVG9QV0FyYUhvc00tTkN2NTlTM3ZSWFpIdFlzaUFka0Mw?oc=5,en-IN:aluminium price
2022-04-15,2022-04-13T07:00:00Z,Reuters,COMMENTARY: Vanishing LME shadow stocks add to metals market turmoil,https://news.google.com/rss/articles/CBMirgFBVV95cUxOcTFFbnBGR2pWMVdXUlh3ZzZGUTlXdEhQNHlXbUNkRFJ5eWxBQXdmWC1KWm1iQnhnQVFlRVE3bG9aOFdvb2JUUnkwS09pQ0ZlcE1fQjBFVV9mVktIMy1IVmZkZjFNY2lGc3JaQUtFbkVURm9vbnBsdU5oS2lTckFMcDZLaUdIWmxyR0JhejdUYURNaE1kS2tZellUQXpFUXpUUGdzcHIzS2FzdmNUdWc?oc=5,en-IN:aluminium LME
2022-04-15,2022-04-13T07:00:00Z,The Drive,This NASA Crew Transport Vehicle Concept Was a Masterpiece in Aluminium,https://news.google.com/rss/articles/CBMioAFBVV95cUxQZll4ZWprNk10Ym85dVR1dWVDdktsdVJ6YXdVQ3JJTG52MUEyRVhpSXE3UVJWY3FOczAxYzFOaGxpd1VVdGdlVy02YjkxY2JRTVpNU3EyTm1obDNDUFVaZTJ2LTNTNzN3b3h2bWo2MnRPM2NGUzBaMlNEMDNMR3dONUphZGxPZjlpRnBfNEZSSmlITmRkem14bnJpTF91VWNh?oc=5,en-IN:aluminium price
2022-04-15,2022-04-13T07:00:00Z,sportscollectorsdaily.com,"1997-98 Skybox Metal Universe was Intergalactic, Planetary with Out of This World Inserts",https://news.google.com/rss/articles/CBMijgFBVV95cUxPdnhsQ3JsYkp6dUY3b191M0xrMzI3WFR3MDk1bDkwN1pRcU1kLWZXc3N0SEJ3NEZUNTViRUFpNU1RZlh0dFE3ckYtVjZXYl96bGRjdkF3U3VPOWx6bE91R1llZWtpWlFnRzhuSkYyOHBkNFVlY2VabXh6VE1CY0twbjNsRE1TN1hXaGdzeTNR?oc=5,en-IN:base metals
2022-04-15,2022-04-13T07:00:00Z,China Daily Global Edition,Steel sector to see limited impact from external woes,https://news.google.com/rss/articles/CBMiggFBVV95cUxOWkxxajgwMlg3aHNWdUF4RWpLaE5rNnc5cm54M0FKNnI4aTZIZm44QnJ3MEdoV09lSlVGNm4tb3lwRTdYRjZMZTlWNWR4THdhODlIUUFJY3ZaWGZHTHhic1NRZDJlMjlwLTNRVUNwdTFKT21CSzNwdDAteDhQa2FvZkhB?oc=5,en-IN:metal prices
2022-04-22,2022-04-16T07:00:00Z,The Economic Times,Mahindra & Mahindra to sell entire stake in Mahindra Sanyo Special Steel for Rs 212 crore,https://news.google.com/rss/articles/CBMi_wFBVV95cUxQYWQtbF9ESHhBdHg0M1dUSHpYN1NaSGVjYTBzQmF6RmZWd1VNWk5hVlFBdERCOTNkbkdtMlE0SjBaUmxISzc5Zi1VUnhBWHY5UC1mT2VkR3ZWVFNCUHNzRjhwQmhoV3plTlBRZWFQZkVWWFZxSld5VEtkY0pSRzBZR0FUWl8wbzAzQjlrQWJUZWxqQjFlSWNMc0VhTk1wa181c0JHR0wtSllYRTRYOVJTRWtZeXFwbTNET0I4UmFpb0pIUmtiSWZpS3FaYlRQdk5iTjRSeWRNbERQWTlEdXhWRnhGdEFBVTU3bUExNGdkZlV3cGVmMWhzRjFPTUl2SnPSAYQCQVVfeXFMUFdDQkxiZ0xQSzlXdFNka1lZYldpYW9NWEU5bkJUTmNycnpOOFhfc2V3WVpzUEFFbWpCU0hLdl9CTk5lVHNITDJ5U3gyUmYwWE9uRVYwbHVCSnBycE9OREkyR2tNYUp3cjg2aVhqa3h5d1E2MXk3c0tPOWYwMDExSnZ4bTBrNERjb0c2bVNleWFrXzlMYzRkV0F2T2hQMG5DQnpwT2dDcE1rbUVLeVFrZThXdE9lV2hBMlZiTjgxbWc3LWVSNkNtMnU5dDc3OUhhWWNGc2MzaXcyQUVsS2dLa1VUWUw2ZEJ5V0QzVzV6TFprT3B1TUdVVmVKYmJzQzJhc21uNXM?oc=5,en-IN:steel prices India
2022-04-22,2022-04-18T07:00:00Z,The Economic Times,Commodity course: Buy this metal future to generate up to 14% returns,https://news.google.com/rss/articles/CBMi3gFBVV95cUxOX3pIWUFQanVEdTZFcU84cjkyeDlQNlQ2angxV0dxTk5tUTZzbV9NaGdUaFAtLUFzLTJHM1AyYzMtWmJwZXdkZW5lR3lKelVQQTd2a1luWm1BUFBEUjRUcllLNFZyeFVhSm1keVZTWnlxbTdQUm14SmVtcW53ZVdVUUVBRGkyYi0zTGgxUzVuOW9JQllYNm13YWNZRElGU2hlZld3WGNNTGl5WHRLOWJTN3J2c3NBc0U3ekhmMVExOFdjX3I1V05qSHFnbU85R184UFQ2blg3WWc1MjRsbFHSAeMBQVVfeXFMTkFUZEFJMF9PUTZ6aDZ2dEJxMFAzR3lFMW4yMng4Vnp1VTJMUEx0OTRPN0ZoVVB2cThTUlRTRERFT25CYXd5RTFmSjRBa2tkenM3TFZJWmlxVEpUdEs0WllrVFY1THozMS10OEZZUF8tczVmZUVCUUJtYy1KQ2RNSV9RVmJvelVBbDhfOUkwSFVPWDJIeGFZVU9QOTNsSHJSU3Z4S2h0anRLZ2c5em8xSUNTSVZmU1dvOWhhYmk1akdTT24zN3ZrZi13T1N4OXhvWGRBWmliT05wbm1peExjOWtsNFk?oc=5,en-IN:LME metals
2022-04-22,2022-04-18T07:00:00Z,thefabricator.com,Steel prices stall as demand from manufacturers begins to soften again,https://news.google.com/rss/articles/CBMi0AFBVV95cUxNLUZMTWNHeHNZb0xnYWxBTkNGS3Q0WDg1azdjNTA1ZTI0SEFUb1Z5TlJwbDdodWxxZVR1WWlLUmwwU0VBZ1o0dUI1bk5JamhYaGRscHFSbHVoNk9mU0hGZ0pwV3d0enhKMzV6YVVnLXNNZTNXUXA4X01FM1FHUjNjREYxZlVoRUJmMmpPcFB6bmdlRU84Y1hwcmNpMGlRaGNxMmFiWFVJQllQdUVYdXFDcnRaQ0ZuNzJmdFgweV84RnR0a2c4RUNveVdfNkxubU5N?oc=5,en-IN:metal prices
2022-04-22,2022-04-18T07:00:00Z,The Economic Times,JSPL's steel production rises in March quarter,https://news.google.com/rss/articles/CBMixwFBVV95cUxPbnVlMWtub09lUnVXb3A1NXU4c2I5d2Z5VEpaQW5mLVRxRUNtczJ4Z0N3dnZQNzVOcDMxUmtDT2p4TkVEZ3BxYlVqamtELTNUcVZHNVRQb2dyellTMWVxbEhVRU9sV05BYzZVRk1hQXpFQVVCM1EzRFZzM0ZCdWRDMXk3RWVveURHY2o5c3hpRWx5QV9JU3hnRmtZTlhYTXhrdnFzRHRRV1gxYnJrcF9kN3M2c0NjMWFTSGhqSW85Xy1za1lvaXdR0gHMAUFVX3lxTE5qMURncXlYNG92UWJWTnJIVjh0SmgzVDdCQ1BuMUluNENoalpabmk4a3VLRFp5OW9IdE94TlotMkVSSEdpbWk4enh1aW1qWFVCNEl2SXFjenV1UGRDRTlCY0pjYWVaY1haSEh4WVh0SmhDSGlpbU9YMlYtdDlkZXVVWURLbWx6d096bXNTTk03NFpjSHdSbVM1aVRhTkkyTnVHVy1vUG1xeUVBcGVZazJmMlVvbGZ3Z0p4Yjd6ajhiSHkta3BVbnNEZlBpeA?oc=5,en-IN:steel prices India
2022-04-22,2022-04-18T07:00:00Z,financialexpress.com,Tata Steel to consider stock split at May 3 board meet,https://news.google.com/rss/articles/CBMitAFBVV95cUxPNldyZXJyS1NJc01pZ1JDbXl0aHF3OUZBR3poMWJGSmRJM21CTzlpQU5LV1lla2tETEZaTFBWR0hFSjRJeFJtSWVhWWRQbnB2ak1aR3RYdXlJcFhEY2c0R2c1NHdsWk9SZXRSUVAtTmltbmNRYXRCYll0SUhvWER1NWxKbmtCLXRhWE9TRUpCS3lyNzJrOGV6elRxSTFwZVY1T3lKSXJBYUFGcWZYWVFRZkJJT3TSAbsBQVVfeXFMTmI1LUd5X0w3ZnhPWW93NUpZbU1QeVNzQ08tZUxtWHNKMnhudFliRnJTWFJDVEZxQWxwQTdMb0ZoMXR5djMyQWNqYUVPVVI1X2VVSkJHano2ZUV0clRNejJ1bVZ2ek54bk9INUUwc3AyTmtUNWozSDVJc2l0MWRpZjctOU00dGxUeDEtbHZSMjJrZzNtcDh2Ui12QlJKYllKQ1lvZnBiN2hFZnIwS0RNWjBYSFh2YUtURWpmSQ?oc=5,en-IN:steel prices India
2022-04-22,2022-04-19T07:00:00Z,Recycling Today,5 sectors driving the demand for metal recycling,https://news.google.com/rss/articles/CBMijAFBVV95cUxPQXZVT0pqZEVXVjZ0d0loLXAxbXYtV2ZLc3p4Ymt3NXJWSVlWNGZNOURWQk5SQmhieEloUkZyQlZKOTFxbkhfVl9hTUgwVXZjN3pIdjZFOVVOSUZyNU92Ul9jczJQQmtzZGtuNlZFdFNCWGUzNHgyUXlPU3o0VjJTaXVSak9seGVGZlZxUQ?oc=5,en-IN:aluminum prices
2022-04-22,2022-04-19T07:00:00Z,Reuters,China's March alumina exports to Russia soar as sanctions over Ukraine bite,https://news.google.com/rss/articles/CBMitwFBVV95cUxQeWxoNWYxdUU1XzQ1bi1HTEpmSnd0SThucU82eFgzZFJCQ0R3OTJncUpmdmpFS0NqR0gwa21tY3FnQnhrS3VFa0QyN0tDVGV0cGJvQ2kzc19zWUxTdXBQV3djNm81OWtDTjVscFNuTlh5cWYxb1hDZmFzckhLY3pRSHU0dVB5NW1pVTR3ay04b3ZOSDQzVFJOOEJMMFF2ckM1OV94em1SQ3RxcmNMd05kdlN1OWdEZzg?oc=5,en-IN:aluminium scrap
2022-04-22,2022-04-19T07:00:00Z,ETF Trends,Trade Increasing Demand for Earth Metals With This Leveraged ETF,https://news.google.com/rss/articles/CBMiuAFBVV95cUxNc2hlcGQxRDJjdkVmeFB5cXByQ2hsVmtkVkdXOWM4bVFUMFdWSGk1eGlNdk5xdm92SzdhdkpfVmlLeVVXSXNQZGVhUl9abjNoaTFkcjRxcl9fMDFEbW9LamxkUDJQekNXMzBHM1Z4b21jTElnbDBXNXpHYkhHdHdQV3JqYkRtVWJNWDZHRmRwX1NBZ2RXX3ROYnRwNEo5bDJZaHpQaUJxTUQzeWh6WWt0ZHNiWXd6WUZj0gHDAUFVX3lxTFBkaF9xZDRnVnhpQ0t1U2FwR3htZE9OV1JMdzZXSGxudXE0NnJYa0VDcUdXamtkN1ZNMmNvdk55R0RoRGlxbTh2V2RKa2FUTW5UcHczaEpqWWZLanM4cVp4ckhVQTY2MEdZeFdIOHcxWFNMYWM4U2lkSXNOTDJYYUZkbVZ5UFhfbXkyNUpCWG5jRGpLZlQySzRZTW1zbVczWWs4VkljN1hPM0dDNlpIQjNRVjYtRTVPWjRuRFJ5U0hFcmRqMA?oc=5,en-IN:metal prices
2022-04-22,2022-04-20T07:00:00Z,WSBT,Construction of aluminum recycling plant breaks ground in Cassopolis,https://news.google.com/rss/articles/CBMikwFBVV95cUxQZG1CME9rTE0weloydHl4TEJRSnNpODNDU0E4SEVXY2lGZkppcGhUaTd2SnF0TXJRckNrb1hHaE41LVBxMXBqZkJFYl9feW95MnlCZ2doTUN5MmwzdTk3ZHlBVEJtSm12RkZpWTlwZW9HUjI1OXlBRnBTNGJuZVB3Q2ZDY2s3TUxUTlV0b0ZrQ0gteHc?oc=5,en-IN:aluminum scrap
2022-04-22,2022-04-20T07:00:00Z,investingnews.com,"Latin Metals Discovers High-Grade Copper Mineralization, Auquis Project, Peru",https://news.google.com/rss/articles/CBMipAFBVV95cUxPSDBVYzVWaXYwSHNrRkVUbHNQc2lxZzNRamFWcnBtZTRNb19ZRjdZaEE0Qnc4ZDF1b25LTWM4VURoSVJ2MDVlMHVEQ3BQV1Y4bGJRMHU1QkpwN3UzWWd0TWFwVnlXS0ZfLVc2d2JpVHlGZXdSX3dTMnUzMHFXX2hpUFQwUkk2QUNHczdkTEN4c3FGaVJINFF6UmZwcDVXek5FMjJLbA?oc=5,en-IN:base metals
2022-04-22,2022-04-20T07:00:00Z,statista.com,Forecast global steel price 2023,https://news.google.com/rss/articles/CBMib0FVX3lxTE16RFFFN0RDa1kybkdCbENRVjJEdFBMa0RfZy0wY3pFWndNZmdXREh2RGQyUEFJdGptTk9hUXYzaGlfa2g1cEduVGFDSVplTUY3VjFPLWRfTWEwVTNhaXFpdV96QzJhY2YtSVdSektyRQ?oc=5,en-IN:metal prices
2022-04-22,2022-04-20T07:00:00Z,Reuters,"COMMENTARY: China steel market walks high wire between cutting output, boosting growth",https://news.google.com/rss/articles/CBMiyAFBVV95cUxQQzdoTU5JMW5MVGFfMzg5MHVBOWgyaTkyc2s4YzQ1NGVOdi1zdmxHdjVoakJtMm1ydEp3T3p4VW5ETWd5ang4dHhITVR3VU40R3pDRHhXX0xiVERNV1ZxSmoyVUlyNjc5NHhzcGJDUTMwamFBQmpWR2xIdmJNaUhPTGRKeHlEc0xPZWRqYlNxUDZiWlc4NjNKcnFnVnNRY0s5UFNDR3ppWHBqY1RWVWY2YUc0c09fM2t0SXdCS09MbW5qU0xma0ZEcA?oc=5,en-IN:metal prices
2022-04-22,2022-04-20T07:00:00Z,Recycling Today,Shredded scrap value breaks $600 per ton barrier,https://news.google.com/rss/articles/CBMingFBVV95cUxNZzZoQ0VrcDZETG9uNWdRZlFwRzFSaVRsZS1waWR6aUp5WUxiaEFldGE0WmEyZU5XZ2hzVlhCb2NndUlZQXJocnBpakltcjFDamQ4N1psZThhZHJGeV9sdHI2NHBPX2llcTdQVE9LZTg1VGs3eHdiWXVjVUNRdE9sUjlxU3VpU1JtUUcxWDNGNy1MT2o4eTNwWlVkWEpPQQ?oc=5,en-IN:metal prices
2022-04-22,2022-04-20T07:00:00Z,The Economic Times,India's Tata Steel to stop doing business with Russia,https://news.google.com/rss/articles/CBMi0AFBVV95cUxQUUx2NUd5ZGx6cEVTSGw1MmxpRS1zVUlMTW5Na0JlVFNWU1l3b0tDcUV2UXhRMkRrdHdMa0xTRTZzdFJncHM2R0tNaC1KZEpSMnZVRTRxd3VqNWhmR2NVbllOeDk2UnhTaUtHWDREQVVabUdISVNzMmQ2cFZ6UWwzWkt2Q0V4NlNjbU5oMmFKNkZBeWUyeXljUGo1ZVRqZXdDcmJZa3VXQkFaTGNSYl9mV19MUGpBSE1QV0ZMM0h6WFU2SDFsbVJPWms4cnVpMEtM0gHWAUFVX3lxTE84VzRUMTJRVkR4Q3d1VkFUbTBhdHZIMzQteVJnM1NYb3RsamFjUjB3TEFGbHpaT2Rjem5qZE9sMmVPQ2F3dEVPMjFuUXc2aFVBYzU2VTVtQy1hR2hBSnpWWVVfT2RVemlkUlFscXIxSTNTTjBxaVlUSnBJRUZmNk10VWFLcm1oenRNVzI3SUFnMHpNbmMzbF9xZXNTQnJ6RDVwVVZ5cEVmSXBKOXZEMUpETjBXdlVkV3pLZmdpVFI2TWVjSVBTMWE1NVhoZHY3amJYLXhVUFE?oc=5,en-IN:steel prices India
2022-04-22,2022-04-21T07:00:00Z,The World Economic Forum,Decarbonizing the electricity supply for aluminium production,https://news.google.com/rss/articles/CBMitAFBVV95cUxOLWY1UFo0TW9uVVQwR043ZDNuVXlFMUNmb3l5ZEZQbkdoMDZMbGhjVkMzZFZHTEVjcUs3eDFueDV3bmF1aVRYQmdUbkFoR0swY0tWU2kwd2VQSGlLbGtISjBNUXhfRjJNc1AwLUpwblp2ejdGZU5OVzRwN3YzTjhCYS14SzZlUmpTRlBGajdqUS1wd3MtS1VSaXpTczVtNk9NN0VWWDZWc0lRSnJmUUhVajV1S0M?oc=5,en-IN:aluminium price
2022-04-22,2022-04-21T07:00:00Z,AL Circle,Aluminium recycling company Real Alloy records zero safety incidents for one whole year,https://news.google.com/rss/articles/CBMiwAFBVV95cUxQRDlCTERKTkFHb1hKelhNS0hka1IxTWg2dFRZN2xsV1lxWFR6TDA5SFNVVExpd25lSWxJQmNOd2FQdGRBTDRwUWhXalk0cktEaWowMVRkUVBqYjg4MWs1VU52eTFnOU8yS1E4M1JoVWlrLWhlZHh5Rm16eC1OeGxVUjVMcC1NTXlpb0dvTVB5bHhNRW15QXdacnN3bjZiSndHRGZBajVjNXlpVVRXcXJYUzQyeUpWSkgzalRTNDZyQlU?oc=5,en-IN:aluminium price
2022-04-22,2022-04-21T07:00:00Z,YouTube,इंटरनेशनल मेटल बाजार में बढ़त || आज के मेटल का रेट || SCRAP METAL PRICES || NewsMarkets24,https://news.google.com/rss/articles/CBMiQkFVX3lxTE5qaDJ5S2dlam1Dc2FrVVM1R1VIYVlhTVUtMjFhMVNodnlJQ2wyVFJnXzVHUmh1eVFROFczVnFNcnhiUQ?oc=5,en-IN:aluminium price
2022-04-22,2022-04-21T07:00:00Z,Bloomberg.com,Alcoa (AA) Stock Sinks as Aluminum Shipments Fall in Sign of Waning Demand,https://news.google.com/rss/articles/CBMirwFBVV95cUxQTDBIT2ZyQXVqZWwzWko3MERsTXZiRGxIQndEYnBfckJxRjlLWTlCZ01JcFNSZWxkQlpwTW41NTZtdVl5Y3pWeDNNWFlVcDlTeUtyUV9DVzFyN2xIWW5BdUQtREd2b21sNmZ0THJ0TFZxbG1JMjlqTmlqejRXVC1rMVozZ2o1YVlYbXg3dGJoQkFxYUtiNXh2bHRzRjF4UGdKNnNTcXZjQXB4YVJOeHow?oc=5,en-IN:aluminum prices
2022-04-22,2022-04-21T07:00:00Z,Aluminium International Today,Novelis expands production capacity for growing aluminium coffee capsule market,https://news.google.com/rss/articles/CBMisAFBVV95cUxQOFZWVWc3LTFpY1k4MlVkeDQ2NzZYdUZBNWltanNmUU9YUUtYcFZ1b0FNcHBaZ1JKc2hvQ29SNUFpSUpUVmY4bjJ5RDJwMEtvNm52TDJxRUE4RmNEM0ZneU90d1pYN1pUTUtSLURUQUdjRm42Y25vTXdQeUhmVXJmSmI0YU1jR3dOcmI2b3RacGE2UTVVRW5SMXJ3aU1LSU1mdFlhVU5zem54Y05TZzAzWA?oc=5,en-IN:aluminium scrap
2022-04-22,2022-04-21T07:00:00Z,letsrecycle.com,EMR opens metals facility at Glasgow docks,https://news.google.com/rss/articles/CBMiggFBVV95cUxNczcyRzI0WlF6TE1JS2tTaUtIaHI1WXdZMkJUWFA0cmhtUUF3R1FPR3VyT1NfNXY4NDk0bGE5Tk5DZGhXQU8wblFYMUg1S3ZaZjAtMXlWM2UyclRaa05LRDl5UkZuWXZLMzZSNnZGQjRHdVNmMXFpS2pTWVc0ZnZkdUtB?oc=5,en-IN:aluminium scrap
2022-04-22,2022-04-21T07:00:00Z,Recycling Today,Fire rocks Ohio secondary aluminum producer,https://news.google.com/rss/articles/CBMikwFBVV95cUxQRE4zTDJNVllyZ2otYmFROHFWem9TQzZsZFdzcEo5WEw2R05GRjduYlhYSmRzWC1IQ3lmVF9ObVlHbWlIWHo2Z0syZkRyU1huVjM2bnNhMEZaRjRsdzVOUm1VUGY2UHZpQWJ3aUREcUduRlBVV0hzSXM4NUlTU05HOTFiYlM3YmtITEhhN0RjeHJEdUE?oc=5,en-IN:aluminum scrap
2022-04-22,2022-04-21T07:00:00Z,Bloomberg.com,Top LME Broker Marex Urges Exchange to Keep Focus on Metals Users,https://news.google.com/rss/articles/CBMitgFBVV95cUxQMGY2NTVwZTdXTXlnNkhqSUVCX3ZkWlFOcmhOVWNVNmxfSWdCTEpIczFYWm01X1ZKd01EVlluOFk1ZVNXTUpveTRoeHZDRTVhbXZkTzRNTnBIakxTVmp4cVQ4V1k1X0xGZjZXZloxQlJBdmlfVE1OS2hpbDNWckEzUUhhbHdNZzlILU82SExaWmtqS0lHekdxS2dJbDF1VkNxQnAzWlpDTmFQZ1QxTVVzSEtQV29mZw?oc=5,en-IN:LME metals
2022-04-22,2022-04-21T07:00:00Z,EUROMETAL,Tata Steel closes Russian business ties,https://news.google.com/rss/articles/CBMib0FVX3lxTE5QbHYzeFluZTZjQ2dkLV83SzJZd2liRlhoNTZObHJaZ3JsaFBtZnBfNFVSdmxWMXRVUWoxSkh0cndYY25ZaGtxM1ZvYmxQdWJ0Umxuc0NnRkxLYVFHNklCb201ZEcxN2VsNFA1Rk5zMA?oc=5,en-IN:steel prices India
2022-04-22,2022-04-21T07:42:16Z,Syfe,"Self-driving Cars, Rare Earth Metals, ESG Activism: New ETFs On Syfe",https://news.google.com/rss/articles/CBMinAFBVV95cUxOWG1OUHhNMm8yWjBFZXUwTVZuWUlQM0stdndRZVh3MHRsUTF5eUNuaWdCNXpvelhQVm96eVN6MGczcGoxTW1WdXJKQkx2MGxkY21aajNLb1ViLW5kekpITDJYcVJjY0ltREthSHVJMjB3djUzejRjY0N1dW9YSmo0TDFUVS0wS1FoMVN0WVhVMURXU25QbGIxeTFOTWk?oc=5,en-IN:base metals
2022-04-22,2022-04-22T07:00:00Z,AL Circle,NALCO grows aluminium ingot price by INR2100/t on April 21 in response to three back-to-back hikes in LME,https://news.google.com/rss/articles/CBMi2AFBVV95cUxQcmdOaHNtSmhpTzRjRVdnTTBLNFhtZFRlVWJPTURwVUV6ODhRUngtb3FZd1ExNnZPTlR4WVJsOGVlODhCdUh5TUJlT1FZWWVZeHA3eXlzb2gtRmdzbFFJa1hsOUlOVE01TU5XeGJELTRfQy1lNmNGeEpJN2lVXzlSbWxkZU53Zk9lQzZIazZRZHp6UUdUVjdVbWQxVGlrVHFfTWhSMUo4RGVPOTJmWEJFQi1EOFVvaVJHcFpleWlVMEJxQkcwUGNYbWdfMVdEU3pIYjJjRE1TbVA?oc=5,en-IN:aluminium LME
2022-04-22,2022-04-22T07:00:00Z,PR Newswire,"Aluminum Market: 74% of Growth to Originate from APAC | By End-user (transportation, construction, packaging, electrical engineering, and others), Production Process, and Geography | Global Opportunity Analysis and Industry Forecast, 2020-2024",https://news.google.com/rss/articles/CBMiigNBVV95cUxORGh0NjJBdWRXeVJadmczYlNPeGZOQnp1RUhLZDZwWVVaeE9aeG1pcS13UTF0UEJxanIxQ1lKVEh6UnRET3p1TThFVmh3eWE5LVdOTnlJdVhiSWF1cFR2Z2xUVVM1SWFPVVo2cTV4ZnNqalhaa1VEaFBvbjJ1eGZha1V6SVFvYVlRNzRPMm13NWphSi14ejZLT0hQYndSTUpLQ01oTnV6YzMyam1BUjRvQkNiR0pQZG1JRU5KMFkydXhnRlpuUXVaWGM5Z3ZUcWRLRGFQTFM0RTNoaUtCQlp2cE9VNUllOUx6eU12TE92MGJkekduRnlPbW5OVWszM3ZnY0U0TURyaldWRzliVkxtZGN4R3p0UV9DQmhvNEdEQnh6Rm1NX0FVSlc5WkpWQWliSzh2dFlBZThBWmh2MVIzcWVUZkt4ZWN3QWhOYnNyMnRQQ0hjNHVvYVhsX0Rld20wcDluZGVVd0FJWmhBNWdwLTVyWlFNN0p3UlhJNVc2SlpwQVdTZUJXSm9R?oc=5,en-IN:aluminium LME
2022-04-22,2022-04-22T07:00:00Z,WCPO 9 Cincinnati,Milford's Roundbottom Recycling offering more for aluminum cans to honor Earth Day,https://news.google.com/rss/articles/CBMiugFBVV95cUxNY1VaZmhhZzdhTW1CeFprb2N4SFIxUncxS19FSjNJa2xORkY0NnJwY09DZnRBWmRHdHV6ajBSUlMwWWJWVWF3SndEQnRncFBvNm9rWnN2bXVEejlaMXJxR3RjWkV0SUxrN0dpMjVMbVF5cVZ4bXg1UUhOYkpyNUY2Q09wbjN1NEZUQWFRVGhOVVdQdXhjbjFSR0tZeHZSSkh5VnJuSmZodThzN21DVTBIS2FqeG1iM214dlE?oc=5,en-IN:aluminium price
2022-04-22,2022-04-22T07:00:00Z,Bloomberg.com,LME to End Gold and Silver Contracts After 5 Years on Low Volume,https://news.google.com/rss/articles/CBMitgFBVV95cUxQUU8zMFRNc09mSUF2QzJmVkVMa2d6MVZlX2ZybmY0MUY0V09hWElNRm9nMDJBQU9xSFdyVENVZzRUWUJZNU1wZFE1NjZEd3FTNmx6Rm1zNkFJUEdVaG9XWmVYd1FRMnZsVFZKTUprM0JJc3pkUjZzX0prOGJ5RUllWHVNOTItbkViU2Flbjd1cnhac3FOdE9QblN3YWZXYlJaVVdCZG5meHVNTmxSdm9hYTF6U0QyZw?oc=5,en-IN:LME metals
2022-04-22,2022-04-22T07:00:00Z,mining.com,‘Mr. Lithium’ warns there’s not enough battery metal to go around,https://news.google.com/rss/articles/CBMikwFBVV95cUxOSzJzMjFYQWVnbHJyZV9xNmczVU5BekxCS2xVRmNDbEpCeE83T2RITUhGeUpsNUN6RmNKbEx4RU53V2xvMVVmSFhvaDJ3SklJaHhDTTQ3dFByRnA5WHJNMEl6eDlDWDdUS0NhZkFVVUdYRFVaX2E3d2EzUGdhT25MN0FES3NqNEJKaTd2RXNYSUwzdGc?oc=5,en-IN:metal prices
2022-04-29,2022-04-23T07:00:00Z,The Wire Science,India’s Push for New Steel Risks Livelihoods and Betrays Climate Commitments,https://news.google.com/rss/articles/CBMilwFBVV95cUxNUmFUaWg4cWszWE1DN013cjZpaUtJR1p0dzlCX3pzYzVUcmhCc05BWHNZTHFJS2JUMzY5TFk5S2w1MEtlNDlpTE1PYWIyTDlhRWVJRHZnNndySHBBaS1wUmtvbDUtem1fZnhhMjNHdXRqVVg1Y2w4Y1pRUXNTOWd0NVJZZFZQTlI2Wi1BR0NYaEtuT2w5YVVv?oc=5,en-IN:steel prices India
2022-04-29,2022-04-24T07:00:00Z,The Australian,Time’s right for Portland smelter sale,https://news.google.com/rss/articles/CBMi8AFBVV95cUxOdFJsdl93MTJNS05TT1UyT0ZqZkFtRFZVZGpjWVJkZWR2V19vN2tZbjhSUlF4clRKanB3bnNhRGxBeDJUUENrZVFpVUxzR2xQZTFIYXF5TUFiUTZRMDd4VHVSUk1ja1lqQ3BGQzZqR054aHRHT3hWanV4STB1UkZKU3VWV3Bqc1RNT2ZwbU5ueFJraWVEYkMyclN3QkFXSG9ISE5vVEtZZnduTU40QW1Pb2ZlUXdCLXFIOGx1bG03T1VUQkJRVHpxbFhMUXFqbl8xdlBxWmNyZ3BBaTBONGNLV2ZuMFJmZVBfdHpDejV6cHjSAfYBQVVfeXFMUGFDeDhzeTgwVU10dWY0M0JwTWgwLWNIek1jLXpaWXJ1Tlk5eGs0R0ExaGVxUHFKSE1GWGc1cEtFNWpRQ081Sl9VQ3dvZ2h0TEs3NVZHbTRsTnNjb2xJYmJKeDlQdFhLbnhMZk40eFp2Wlc3NVppOG1YNUNFZ1FjZHl0NEIySEVuWnN5RFEtY2JRaHhIaTluQ2dIaEt4bWxwUnZJeF9GbV9qYnZyNzA2YmE2Mi1VNXJKOEk3Tld2ZnRfMmVpZ2c0a2hGcVdBUWpIVzVWaHRYRHFwT3NYQXgtMEdEZEhOOUs1RGlURGdWeXJaajBwRk13?oc=5,en-IN:aluminium price
2022-04-29,2022-04-24T07:00:00Z,WWMT,Hydro Aluminum Metal brings 70 jobs with new plant in Cassopolis,https://news.google.com/rss/articles/CBMioAFBVV95cUxOcVBhNzRzSXdVbzhNcjhYQ1NZNHd6bUVxbkhkMTVNTkpuLWFuenVDQkg5eVNzSDhUdkRjeFhVMDRHUURudkZqRnRRUWp1WFRveXZsakJaODZFNGpIZzJkUkNub1pKdFl4eGltb2ZOYjE2Y0ZtSnk3Q3p6dTNtZnk3cVA4SFprSWRZYWUwRkhkem1pZ2dsNTU0d1otZ29SdkpZ?oc=5,en-IN:aluminum scrap
2022-04-29,2022-04-24T07:00:00Z,barrons.com,What Is a Nickel Worth? The Metal Value Is More Than the Cost to Produce.,https://news.google.com/rss/articles/CBMif0FVX3lxTE9KdC12LWg3YURwR3NMM0I2N2hMV243UGljMXhlYU9sYUotT2M3azJMSDhDRnA1VVQydnFCX184OUJqNnNPQTJmX3RXelJud2hMM3VCVTZnRmhyMmZ1TDNmUkp6V1RHenRQZTRXNEQ0NDhaemNlTHdOU0FpWm84WE0?oc=5,en-IN:base metals
2022-04-29,2022-04-25T07:00:00Z,Recycling Today,SDI works to increase shredded scrap use,https://news.google.com/rss/articles/CBMihAFBVV95cUxOM181cTd0REZHSE1SOGZ2N0RMd3hqemlVV0JWQjJHT3NUYW95VWpSXzBlRnVZWkdXRlBOQ1NVX3JfVGF1RVlLNUpXakhfQURncC1RNk9DUVRUb2FfSXg0YjdJbVFsbzNkb2liQUM0cENsOUZCbmR6RENXX2dlVEJXTkY5MGk?oc=5,en-IN:metal prices
2022-04-29,2022-04-25T07:00:00Z,Reuters,S.Korea POSCO Holdings sees record Q1 profit as Ukraine crisis drives up steel prices,https://news.google.com/rss/articles/CBMiowFBVV95cUxOU3Rrd2NYOUhIcXA2VVlpZ0NfM0tRRDBRUVpFVEJ3dzNjZ05aR2s0Z0o4WVg5QUUwNG9vU3lDVEFHa05fWjRhVWU5WUljbDdHT1owV0daR1I2VS1PcjBRX0JkYUtMMDE4WGxuemZCZl94aThBMkctYWlXODdYcGxQWWd3SnF0V0M5VFVON01YVl9JMHBzdWo3b1JleGRfLWNOakQw?oc=5,en-IN:metal prices
2022-04-29,2022-04-25T07:00:00Z,Construction Enquirer,Rise in reclaimed structural steel prompts new rules,https://news.google.com/rss/articles/CBMiowFBVV95cUxQVnBvQkxFTkpkZ2J5TUhlaGNEQXJaZ1hpb0VkUU1BaldkUGk4eVFhMXRTMGExOWl5V2RmQ19hUTJnbTlJUnlXdVJMMWxLaUNGWkk2S193cE5QNTNrUHF1dkJ3cFY0UmNXdVJhQTFKNnY3Tk9WUm0wQ1B4WXM4cnN4SG9UdXBoOURDeC1sck5Jbk5kdnBLV0k2TVNNMkF2ZDZOUGV3?oc=5,en-IN:metal prices
2022-04-29,2022-04-25T07:00:00Z,Business Today,"Baseless, has no substance: JSW Steel on report of bidding for Pawan Hans",https://news.google.com/rss/articles/CBMi2AFBVV95cUxOYlhwSG9oZWtSUmttaTBNV0o5dVFEM3ZETjdyU1FjWDJhNlZCRFBUY3BraGxMaGdGSXFtcjl4UFJ4QUdldFR5ZGx3YXBhN0VqVWRiZUQwZFRuaG9TeWpYVXVGdzBYdlpKRnQzRmNXMkhNc1pnTjk5Q0ZvM19KRDNmbk5vdUJ1SnZNTG9SenB5MlowT1hRcE1pTUg1eV8wSlJLa0g3Ni1nVjZVT2NHVmRPZEVDUm5XREJHeU1tRWw3NllUc3NzQ0lNMVpKSmVweHZfeWtyQ0lXWETSAd4BQVVfeXFMUG5BbGZmOWd4T3N6eXFrR3A2Y3g3czVSQ0l5MW5iWmhvUEdZV2pVY0tIMGpGUklBRGs0c18tYV9jMjdIcVNyRzVtYzA3OUZFMFVOXzMtTlU3YnNldmRTeHpidlQ2Y1pxX3lWamRWQW0xUDNPN0J4dUN5VUljYUVxcXhTRG5OTFVFWVR3cC1CNXVTY21vMFRCTXVxbWNOVDhudTlmZHVVUGF0TE9IQkN0c29WRDEyUW15c0dFY2ZRVWN0VnRNTEZ6Q0VyR1NiQXNqMGY1dTVvM2pham5HbW5R?oc=5,en-IN:steel prices India
2022-04-29,2022-04-26T07:00:00Z,AL Circle,Vedanta continues to reduce aluminium wire rod & billet prices by INR11250/t with effect from April 26,https://news.google.com/rss/articles/CBMi0gFBVV95cUxQajZ0M3g5Y241WXZabkREZkpPSy1OTHpkRGwxaFExUW5Tb085Ym5nc0VCRDd5QURJSkZQTUd2R09tTThwRzRwVmFWaHVSRUdoQWQzaGwxQW1XbFM2d1diM05WbktJSWNXd25IdXp0T3JtcHFlaGFWUlhSTUVSejdkcHE2cEFOeUNrRUJ2cV9GQ3ZGVzZ2eTJCRjRBdUMtVjJXdEJVZEw4R0NsME9NU2J1NVlWaDhGQ1BZZzFnaFhWR3JjYUVkNmNEVVJSbVVWdWJ3TVE?oc=5,en-IN:aluminium LME
2022-04-29,2022-04-26T07:00:00Z,Yachting World,First look: Ovnicat 48 aluminium multihull,https://news.google.com/rss/articles/CBMimgFBVV95cUxOa2xIVVhJU25vNldiMW1RdmRIUU85bDhuRnFsM0UyeGxDMnV5bDh1ZWczcVJ5Y094OG5FMVhvZW82ZjNTM3FQS2ZXcmRpSmtuV1VXRFBibmZGRHJOaWxMTFUtZGxfQmloTURLSjlkcmF2RUJna3Q3SUpXbHJhM0w0WGpERXlNanlWMXctaEE5NnhLMUpZeUNSbGZ3?oc=5,en-IN:aluminium price
2022-04-29,2022-04-26T07:00:00Z,newswire.ca,Megawatt Lithium and Battery Metals Corp. to List Shares on OTCQB,https://news.google.com/rss/articles/CBMiuAFBVV95cUxQaDdUSklpdFZPMEptRVdmVWFyeExVdWoycnBXUzl2RHFFTmMyMXR6OWNwWmNmU2dUWGZ5LXJxcGhvSnhpMXM3NXlWM1BOelpqNzJEMFlWV01vSzdTQVdtYzQtSUF6Uk1ib1hxbVVWc3NDeUh2aEsxYWdOLUhEamNLR1hfYXlobUVOUEZ0NkxzU2lEQ0hPeGtZZVpuRU9kbDRKYURaVGt0Y3hHVTM5ZzhwNHZzQ0EtVXZK?oc=5,en-IN:base metals
2022-04-29,2022-04-27T07:00:00Z,Architecture & Design,Aluminium Cladding: 5 Best Aluminium Façade Systems Available in Australia,https://news.google.com/rss/articles/CBMirAFBVV95cUxObFYwZUgzcWlTZ2NMYmhkekxEOEdqMFNmaTlBek9JTXg3REp1R1gxVjBRcW9lVjhoUTRsUkhwbGtwUjBWeHZiWXNkNnE4SWlEYjZiRW9NczhSMHBLV01nQ0xtWkwxeG9fZTdEY1V4cXlXTDgtY1dheWNLdnFhbkQtc1NHNkR0TnNMWEgyYnpCZ0pKRnIteU9uenZpWWtsTnJyT2RBMEVPU0VpTXlV?oc=5,en-IN:aluminium price
2022-04-29,2022-04-27T07:00:00Z,WSJ,Exclusive | Invesco Launches Electric-Vehicle Metals ETF Amid Price Surge,https://news.google.com/rss/articles/CBMivgFBVV95cUxQNkhnZjhDSXV2b3kwZTdralJHb1phMU5lR3BrTEZEcHY5Y0E0UExxT0s0akhUUW05SlVrWHptWGYxN1FqTy15ODUxaTMwNlZaaWlibzk4LXZMOGpaSDRUanNYSGQ0VG9oXy1CQV84Unl5NHRiTm9kaC1KRDU4WkQ4U0ZfWmlMbXVYclJWdmc3NkdqNksxSHNNR2NEeXFDeGtDeVgtUHdCTGoyck1Kcktac21aaFZrQm5EY1pzS253?oc=5,en-IN:aluminum prices
2022-04-29,2022-04-27T07:00:00Z,South China Morning Post,LME CEO to stay as bourse recovers from nickel chaos,https://news.google.com/rss/articles/CBMiuAFBVV95cUxNMTFKUmctZDAwcFAxN2ZWLVBFSUpaNEJtNGZwaTFqclF1TW14SDM3b2gwV1BNSllZMW8zMGdyR2k2bE9PLVFXWjlUTGR5a2JsT0J6X3dnak9xOXp0VXUwQ3JUSFNWMWpMWTBiSU5uaWdlQVFoTUdTSU9pVnh1ZWtHd00tWm52V3VjOWVoZXp6OEU1ZkpYZVg4dml4UlZ0TzFXa3M5clJHb0N0OEludGZ3QWRoLTFMdXF20gG4AUFVX3lxTFBpSllqLXJoRDNSZk5Jb2tfaWgzR1ZSRWtHY3NTblNid3BxTlFRc1R3VFgtNy1tSlNjMWpHS0dQUVZoc3BYX1RtcGxJV2w1d1R0czVQTTV5X2pfTGFGUXV0SVR0MF9hTnJxVHJEaVdSQUZuTVNRR0s5V3h3dU1ab2thOWEyVktxTENkVG8tWks3NmdrdEdnZHlmZHlQQWltaEhLamdlamx5LWNWQ3BXLWhRQkpwb1lqMlM?oc=5,en-IN:LME metals
2022-04-29,2022-04-27T07:00:00Z,The Block,Incoming Komainu CEO to stay at London Metal Exchange following nickel squeeze,https://news.google.com/rss/articles/CBMizwFBVV95cUxOaVN6VG9tczRrc1RGeDluekE1OXBkN19raUtEMUdoUDdfOTRGUFduSUl4Q1Y1eFMxLXdVdXdPRU9zOUp6WTZudEFDdTlrRnZVZU9mcFViQUpqbFdQRDZ5VHRNVGJkTVBHeHljSUE4WnVTYzFkSU5EVW90U0RsNHl5ZzgwZk9TaG8wb2FMWVQ2Qng4QUJqT2IyeG5Fa2dRQ2hXa2NTTWYxZnVmelZwQmYtY2RiMlBhODQxakxVQU5ObDBTd3M4NjFPOXlWTDc5c28?oc=5,en-IN:LME metals
2022-04-29,2022-04-27T07:00:00Z,fnlondon.com,"In shock U-turn, London Metal Exchange says CEO Chamberlain to remain in post",https://news.google.com/rss/articles/CBMipgFBVV95cUxQdllQbFhpUTlhSndzd1RIbnJhUlBTb0FBbUphTmlKeFpud0tQdVc2Q2Z5bTRMTGZWMVBKVVdidFVEQW9YRF9VNXM0ZXk2UW41eUg4QTdieFFuazQybm1RNTRlaVVnTUx2WmxoaVBQNWFvMWxhcmdzRFNqbmdWRm9tNmUzSG1FTmlrZ0gyajNiX1RTMUZYaTZkX2FUOEk0enJXUVZNcGZB?oc=5,en-IN:LME metals
2022-04-29,2022-04-27T07:00:00Z,Bloomberg.com,LME CEO Backtracks on Exit Plan After Nickel Market Chaos,https://news.google.com/rss/articles/CBMirAFBVV95cUxQVDRGMXVZUnZBRXhyRGVtMjJ4Mk1SSWVpVjhFeUJROXp1a3VkcHNBSVRjdWxQVkR5aDFqanFrb2hWVGl3TmhLWjlrRjh6Umt4OXM0MlJUakJWb1NDVUF3QktFWmNSUjVTaWtSRThLcHlkUkZyZTVseWZDdUFfdzVWXy1YS0pMUWZLek9JOVhhQVd0MTI4MFFYZXRvZEFaVHhqdUZ0STk1aGpaTjc4?oc=5,en-IN:LME metals
2022-04-29,2022-04-27T07:00:00Z,CNBC,"Invesco launches ETF focused on metals required for electric vehicles, energy transition",https://news.google.com/rss/articles/CBMiwgFBVV95cUxQcTZEamc0bEROVkVsbXZVOUpQYXlQTE5DZV8xaWxsLU90VHRfRWFCZWVLVklQN2tuWFM4Sjc3RHZHRk9SX2hKSXA4Z2lUU1BPUGIwSjVqUDlQbHgyU1RCTzltcWFfRWs4VWlDajhmalRBVXBBT0I4QnVTbzlyQzc2WXJ4QkJCTmZ5TTJORmRZSG1WakRCVDlvS0NkeGZINVY1M2Q0ekQ4RGlFc2s4RW1BUjhjaTBsWlZUanhpdGVJM1BHZ9IBxwFBVV95cUxORjBzV080eW9icHVjZmx5UGdHN3ZxVS1HT2pQZDg1ejg2RlNKMzIzemhzQmI0ZG5Lc1NkTDFXSi1VOFZfOTFPNXhWQ3VheEQxcnZ0QTNDZ3ZKWGpaQkpVQlZWcTA0QWZYUlg3UmdhdDhib0U3Qk5ucTUweVRtNnIzcDE3bWE1V01FdW5ySWpNZEwzNFlMQkw0aWVyOWFtLUxMVGhoal9Scll1dmR5Vm1TWHNXSHY5MDF0NGpKbFg4VzlFRXRYMHY0?oc=5,en-IN:base metals
2022-04-29,2022-04-28T07:00:00Z,AL Circle,Crown Holdings plans to build a high-speed aluminium line at its Spanish beverage-can facility,https://news.google.com/rss/articles/CBMiygFBVV95cUxNUmZ3UXEyMF81US1BYU9xT01oYUJxZzZZamRRUlRya3MyVzkxa0JHNmFWU29LWXd6ZkZwQ3pIUDliRl9IZ3l0Y2NfWGgyN2Z1ZXNzdkZfX2lOR3d4TVhGajhucDNONEZucENSN0wwcDVlRTJKVm1XbHBXT1gxLWxneUx3SVROTEJfR1Q2Wm1ZWFkxdzNSYXNGZlJFdlhoU0Mzc1UtNUlPQXZ1RERzT0h4VUhTN2ZBQlJrVG8wTGNmUnlXTXR2dVJ6dm5R?oc=5,en-IN:aluminium price
2022-04-29,2022-04-28T07:00:00Z,bikerumor.com,2022 YT Capra Core 2 brings affordable aluminum to 165mm enduro bike,https://news.google.com/rss/articles/CBMiVkFVX3lxTFBobF91UVN0bkQ3MHhkaFN1ZlhDSGhYb3ZMeGFkMmVfZEppZF9nRnl5MDE2anpoSDlIZUoxZWROMHB2ZkVHam4xOWdZVjlYXzlycTBtU29R?oc=5,en-IN:aluminium price
2022-04-29,2022-04-28T07:00:00Z,Reuters,COMMENTARY: Automakers go back to the future to secure battery metals,https://news.google.com/rss/articles/CBMipgFBVV95cUxPY0lIYkxjYjZPSHQ3SEJPOVo1Q2dfblB0cU45WFBaYm9NWGRDaHpqVWlXblBrY1psYzNxOVoyV29Ea19oeU82TDlwaUNpZG1ZWUwtbVN5MWVOZUk2ckVXY0JmdVduYUpKOThwYzdKOUx0eXV0NHZKRXZZQnhhODk0T2xPM3pydmtudmxxeVRmRUViajRmLTJZYVoxVERVcTBpSGNLcDR3?oc=5,en-IN:LME metals
2022-04-29,2022-04-28T07:00:00Z,GamesRadar+,The fastest way to grow Mother Base in Metal Gear Solid 5 The Phantom Pain,https://news.google.com/rss/articles/CBMib0FVX3lxTE50bVQ1N3hOOWpBTHJsQVVmcWV4SmpKR0pFSTI2TVlaRktRNlpmdHZfYi1QdVVsVVRwSnNFclpHd0NFaDR5RkcyZFQ0MHRqRVREUFVQdk5uZ0JjTzFjS3NlcXBBdTBpZDRaOWw0emZsUQ?oc=5,en-IN:base metals
2022-04-29,2022-04-29T07:00:00Z,Recycling Today,Alcoa boosts scrap presence in Norway,https://news.google.com/rss/articles/CBMiqgFBVV95cUxOZW11ZXJjVE5sMW9kZ3l1TE5JcUQ0QkdxdVRRUWdSRkVDU2N3QzU4cHV3dU9qQW05RXR3S1NMa2hnX0wwMmF0Z1kydFdJdG15cnZ0Q0xnTGdCcG5xMk9fVko4d3R6LUlrcDlsa2hoZUlxRVZHYjJleXNaendRa0hkcER3d3NGQ3BIMEp6NW5KbVBDQVFaMmJLTmh6VE9Xc2pTZmR4RGUwZTRuZw?oc=5,en-IN:aluminium scrap
2022-04-29,2022-04-29T07:00:00Z,theinvestmentobserver.co.uk,Sovereign Metals reports 10-year high rutile prices in positive update,https://news.google.com/rss/articles/CBMizAFBVV95cUxNeG9tMEE1WEVYOE9abEk2S1JKTGRCMnRvODRWYkl4bnBXU1dWWlJjRl9jWkdJd1l4V2xrZWlUVTd5Z3A2UC1hTjBVQ0F3UFVmc2FxV1hIeTlCQThvTTZlZ0c1ODFTNFBFalg4TWFwN0Q1MFRIX1B4cWRIMEJMUUZDcXdoSWFJbHdlTUlsYkE0LTk5Tnk3bkQzYTFsQjBGZXlMTk5nbFI4VVU0bVItU3ZFekI1YVJfTXM1aTRuNmt1TDNNZ0lkRjRfNjdfYUg?oc=5,en-IN:metal prices
2022-04-29,2022-04-29T07:00:00Z,crainsdetroit.com,"As steel prices rise, Ferndale bladesmith battles realities of tough economy",https://news.google.com/rss/articles/CBMitwFBVV95cUxQckRnTVh5WHVhUURDRVhkem1zdFcyR3RBWTBTYnpkQTE4S1pDcnJvRU9nNGRXbFhNa3pXZ2pUdmJfZ0pTeVBjemJOd2V4QTRCRlYzN0Nwbm5CNlJIWWdxU3puallaWjFVNDQxSmwxcFRfZHB3QmgxV3NtTC1Fa0hRakFOR2pPR1hJOU11aW02SUlzVjVCQ29KNm9zZG0wM29VTlN3V2drbmVVWGJwRGRRenlSVlI5NDA?oc=5,en-IN:metal prices
2022-05-06,2022-04-30T07:00:00Z,Railway Supply,Ukraine has already accumulated $45 million worth of Russian military scrap metal,https://news.google.com/rss/articles/CBMirAFBVV95cUxQTlR4VHY4cWtBaS1UVVRIeE85RndjbTFMX3ZITGZPYUlTYWMxQ180SDE3UHFvT3g2RlpRQUVucWt5NjZmOHM2MWRveEE3cVZaN1BQcmI4amdCTGllRXR4YTJQVXcwakY2R3oyUkk3TXNCMzBGejBRWmdqOW9CNV9TNVdlMHJ1ajFJaXg5V2VmZ185UFkzV1Q3VzRjN0VGSW5POVp5NnYwSkFLX3Bw?oc=5,en-IN:aluminum scrap
2022-05-06,2022-05-02T07:00:00Z,Nokiamob,Entry level Nokia C100 also has an aluminium frame,https://news.google.com/rss/articles/CBMiiwFBVV95cUxOTVd0SzNUQlVoOHVmVlN0ZzYtRDM0R3dHcHBNaWtqY0JiN2E4dzIyQkZGZHFhVW4xaWY5TlJyQWFrcC0wNFR3RFRpRVd3UjBrT1J2cVNBNTBmbjNNZFdvVXlGTWhQd1NneXpSMHNqWXBBNzYyM3NycmZteEtaLXpMa1ZFOW9kUHotT2JV?oc=5,en-IN:aluminium price
2022-05-06,2022-05-02T07:00:00Z,PricePedia,The price of lithium did not follow the sharp increases recorded by the prices of non-ferrous metals,https://news.google.com/rss/articles/CBMi7wFBVV95cUxPYUdlQ2s0U3Ayc0VyRGI4Y2NsLXR1RVdfS3Jhc2RZVTRROHBjdVZ0b1BDRzJweUxlT1Nwc0FxSkhOY3p1Y3Jid0JQYUlRV3NIX211S1Zpc2Zhd3JWVV90RGswbTU1Qi1yUTVJLWZKTENaaDJqdjNLSFRydHdQUGRsRG9ZRDBsNTZxS19DN3VFa2puT1dabURZMzFIcTNFYXFzak9zOU1TQ203RWV4elpGVlEta3dGTlBBY3IxTnFHTnJoeUpfYjN2MmhfdmZNM3FrT1hHRjV6eFlaQ09lTlc0THo0NnMxamJVRDFMQmdoNA?oc=5,en-IN:aluminum prices
2022-05-06,2022-05-02T07:00:00Z,mining.com,South32 boosts Brazil green aluminum supply with bauxite mine buy,https://news.google.com/rss/articles/CBMikwFBVV95cUxPampqdDB4T0FjcjZweVRPd0xmd3k2Uzg0cVNOMVV4SkdSenlvWEJvWTBfVk4xejZCdURuOFNfMkNhOU04cEpQOVA2M0VVYmcyb3JSRVNsYXB2V2NrXzAxM2p1bWxaNllxMnZfSE1mc0JKRVFQdHJaMEJSclZzbHJjVE5na0EtNF9JREJCQm1kbVlULWc?oc=5,en-IN:aluminum prices
2022-05-06,2022-05-03T07:00:00Z,Reuters,Aluminium maker Hydro warns of rising costs after record Q1 profit,https://news.google.com/rss/articles/CBMimwFBVV95cUxQOGFoWHZyLXgwUm1MclFpX1EybTBZS1JsRG50b3poTXJRRjJLd0I3OHluOEZiOHVMdTRyX0t5UUFxMXRSSURHSENNMWotczBveDUxX2NNWG04QWh6S2xwLUdqVjU3c2M2VGdPVXlkN002ZWVIek1TelI1UmJXaTJlZkF0aHZrQWs0WTBONGZGNnFMcVRIYXMwYkJOdw?oc=5,en-IN:aluminum prices
2022-05-06,2022-05-03T07:00:00Z,Recycling Today,Wieland acquires Illinois scrap processor,https://news.google.com/rss/articles/CBMigwFBVV95cUxOZ2duVEVnUXJ1U196eWJYcFlQcW1wT2Q4WlpUMGVXU0xodzI4YmpkUWFaY2o5a3Fkcl84OG5sb2RPeksyNF9qYWlpTWRDZUJOODJ2b3hQVTVoMGs0S3ljMUNkbUtZN2RVRDEwRTBOWWY2NTZWRE01YzNGd0ZHcmw5WlJEUQ?oc=5,en-IN:aluminium scrap
2022-05-06,2022-05-03T07:00:00Z,industriall-union,Fighting privatization of steel in India,https://news.google.com/rss/articles/CBMigAFBVV95cUxOa1c5TnZBakhCN3FieThEMWdfY0tjQ1ZrbVVDaWh3QWthaFZ5QldaV1VPWE9PdVJJTzg4Ml84aDVmX3JnUXhqV0hjcTNzZHRTTDRCVThiYUc5OEY3TjFhekRadDl6dHNfODVaNUZUSFpTS01yQmNkcmJLZVJocmtEVw?oc=5,en-IN:base metals
2022-05-06,2022-05-03T07:00:00Z,The Economic Times,"Tata Steel Q4 Results: Profit surges 47% YoY to Rs 9,756 crore; company announces 10:1 stock split",https://news.google.com/rss/articles/CBMi-AFBVV95cUxPSXo4TVlTeVA0UEFsWEVWQkRzWnpCZlp2a0tXTUU5eF9LVndFc3MwU09qRzF4NTNpbWYzUVkwNDZYaXpoZkJJcXJYWXJYRkJpZzN4UHhCU2VIWXNIbUk0MnQ3bDBqc1pmRDZ4NS02Z0NWS1FEaUdnZUVLMDd0clEtaGd4RXRSTXhfVmpmYzlNYUp5VTdhUmpuWWhPTi1rMTc5TGc4emxRR1E3ajFzNEE5cmp0SVVsSGJQY1RFU2JEd0kyN3NENG5pMXFrWlV2MFJnQUxlUHEwUjhTcUlfZkRIZjgyZVZ5eXpEMzBwS08wWF94cGZURkdBStIB_gFBVV95cUxORHk1RU5tVTVTeWh3eFV0ZEphaVJPWEl5d3Z0dnlWNWF2cExxMUdLSzc4MWZGOW1uQTdNQmlveFl3aUV1Y2ZiMHJuM21SanlBaG9Dekh2cXZkbmxadFhPNlg0ODZVYnFqWndCQXNtYTJad3dJVXNmLUF3Rk42MmJPUTMybTdJdXlubGZSV1JvRU5HRjU4bFo1MXBfZmgtMzV1OF9oMFA3NGJCU19RbXRKSHBNWlFwU1JtTFZlNzd1VEZ0YVZXZEFBbm9jei1PVzNYWXdKbFh1UWZGekpQd1YtbzhtSWh2cUpfamFMTU1HVkdUQUpIYmJrQXVCaGZZUQ?oc=5,en-IN:steel prices India
2022-05-06,2022-05-04T07:00:00Z,singletracks.com,"Gear Watch: 3D Tech for Your Butt, Aluminum YT Capra Builds, and Onza Tire Sealant",https://news.google.com/rss/articles/CBMiugFBVV95cUxOM3RhYUZyTVZrTUM2LV9PMlVHVEZNczhjTFZ2cEpRWXhEMW80ZlFBOE5Hd0RjQXlVWmhDV0pidWZ1eUlkUndQWXZRQnpkRmR3Mm5TaUFBNTNKY2tRMGNock1MdHlQWjBZOVZEa09XZ2hQXzZaR2JaNEpBcVVzMlZyeUgxOFFTajQwbVUtclVrc0Fod2l3NzhNaUQ3dzFDV3FOY0toVzFLTXpOWXd0cm1UOVBJeHpsaEJoYkE?oc=5,en-IN:aluminium price
2022-05-06,2022-05-04T07:00:00Z,Recycling Today,"Scrap in, profits out",https://news.google.com/rss/articles/CBMitgFBVV95cUxNSG8yV2lvaVgxRGZPTXJJTmV5LWRib2NzZV9mRG9wR2xyOVZienNzY3hMLXl2QzFkWEJTNVp3MFhWZ2VoVVpGWUladnpuS1BteTJaMG9ncWdRSi1zQmFSN2VtWmJjQWVKR19XNkk1dml1NVRPUXUwbHFmbmptUTRGb0N5ZUdNZDRSWFlxZVVVOVJXb0VGanI4N3FuU05XbXVkZFNVbkw2QXVGZlhEZ2hPbUhXQ05fdw?oc=5,en-IN:aluminum scrap
2022-05-06,2022-05-04T07:00:00Z,The Times of India,"With Rs 41,749 crore FY22 net, Tata Steel pips TCS as most profitable Tata company",https://news.google.com/rss/articles/CBMi8gFBVV95cUxQZWVsR2tOSDFZdEx1WXY5MnpIM1htSkN6VXM3MHg3M2RQVDFOcmE0cnFnV0k1X3E3VGRpVGRiYTNFMHVpQTZMdHhRcDFkdVM5WjVVT1NXY2dhcURHSjE5dlRSenJEd0g0R2plSGhlRHFfWjFreF9JMHVHcVpJM1RKT3ZxOEo3R1NZTXd0emhfUG5YVW9vU0t1SUdNUEs3LTd6Vml1Y2tWak9RQ25oRmQtQ0luYzV6NVphaTE2MHhkcE1uSjZDenRKM01pNzNYbWlneGx4ZUtqcV91ODdHUHUtQjk1S1VmRUFmTldIc2gxQ0JvUdIB9wFBVV95cUxPcVRqNFFjT0FHb3NmRTNIMWd0Q3dOU1ZNVHRvZ0pZbVpNbDdMMGptZ1hGdnBoUzR5YlRsN2tBTDV0UXVEdnRJbzJEQTJnVlY4UUhHXzNrRHpGbXEyV1RoSVJvZmdXSW5Sb3ZPSUhxOUI5U2NBZjJmSXJ2Rmx3MVZDQTFnbmt1SUpDQVJYQlNmQ2NjbWZGVnYwckJYTlpTMU5yRG1fcmowYUlDcWpfT0Q0clROMUVOeDZlcUh4N2Ntd2JERXdwRXFmTmZKdEp1N2FwdWJGS2h0MGx6LURQSEJMQnJwVmNRc3I2SWd2QTVhM0NzQnVSWXVv?oc=5,en-IN:steel prices India
2022-05-06,2022-05-04T07:00:00Z,Fortune India,Tata Steel overtakes TCS as most profitable Tata Group company,https://news.google.com/rss/articles/CBMirgFBVV95cUxOWWxxajlQSnBLYVZHWWo2TDd1UUV4M0l0Um04X3V2NnVTSHI3M19UQlNKVnltb0IyRGdKdEdWVDRUYzZCd3JfS3A5NktsU09vMmpjRDNxR2NnVnlvVHBhU3hpR0VlRjI0Y0tsNTlkQ0VJeTRrYXY1bjl3eVlQelFqSWNaR1AyTTc3LXk2SktGT3lvODhLYVR2SmpDZi10NjExT0VvaE85T3ktb3gyOFHSAbsBQVVfeXFMT0tKZnpJTFZ2NS1qZVlzQ1VEd2Vra294eG9yY3o3OElLMHZvNVJKV01EbkhtR1NSOVZzWThNVVlmeUhqMzhMTURyRXA2T0lpREVmVkI4T2pLSWtJYkEzRlptNXVIeDRsVVZES1JNWE9Na21CTGZhM1dWcGtkMENVdWhTLWczNVF5bndybUFpTmtkbzlzbmF3bVYwMjltQjBoVGJyODFiek11MDRYbGhlOTl2WWZsemJtWnp0aw?oc=5,en-IN:steel prices India
2022-05-06,2022-05-05T07:00:00Z,Finport.am,In Q1 2022 more than 8 thousand tons of aluminum foil were produced in Armenia,https://news.google.com/rss/articles/CBMiXEFVX3lxTE5Kak9Rd0ZROTVsMjMwMzdLelpobWZzX1JoQWQ5a0d1eHpCRHdOVkR3dW5fOWRZSmplQy1jQ3dYcS05RC1IemplUWw4MDNPWTdxcjBjUmxFYy1GRjdi?oc=5,en-IN:aluminum prices
2022-05-06,2022-05-05T07:00:00Z,White & Case LLP,From trash to treasure: Green metals from recycling,https://news.google.com/rss/articles/CBMijAFBVV95cUxQREJWN015aUpLa1NOUVpwN0FwcDRTSzl0QkFoWEZadE9lR3F2M05rdVFZY2ZkQjRONXk4TkRERmY2UjV1SHBsMlZXS0lBc3cyV3RqYjR5bzZ1YWVJX0JmWFN6emZtay03ZkpsbkJvUUtTcHduWUpUOWExeWQ0UmhVdFZ4UGdobVp4bnFRXw?oc=5,en-IN:aluminium scrap
2022-05-06,2022-05-05T07:00:00Z,247wallst.com,5 Metal Mining Stocks That Pay Dazzling Dividends,https://news.google.com/rss/articles/CBMikwFBVV95cUxNVmhZN1ZVWXo5cDVIb0xNNHpVMlRSZjlfOHdreDBwVmRFT3g1VVBfcFkweFJsQ0daV2twOTl4cEV5cWtfaFY0WWdfZlJSeWdGb2x6Z1kzTlJBYmdRdmI4cDJabWx0UGFhUmlwVGpkbG0xR2Vabzhtc0VJTVlZUVRPbUZURXZyOGlBLXlwME1oR1JFVkU?oc=5,en-IN:base metals
2022-05-06,2022-05-05T07:00:00Z,Construction News,Steel and timber prices ratchet up as Ukraine war takes hold,https://news.google.com/rss/articles/CBMivAFBVV95cUxPTm1OajYzR3F3el9uaGRrdnI5SndCVFE4RlQ1NU5ZNXFnYV9ZRVV6TlVaMExfbC1KM2lVQWFpdlJqWng5N1pYVUZEVWJaSXA3cUJnR2I2RDU3cGpaemFQaGZiVENxbm9XN3BHN3J3N2gxazg4ZjBnbDg4NmNzdEttU2xDdHJrdDlSZ2s3N0VucVAzUnFjdGFralIwTVhKS2FpQjRwSk5lSWVMWTA3M1JyX05jcmxOZEQzZjlDTQ?oc=5,en-IN:metal prices
2022-05-06,2022-05-05T07:00:00Z,Luxembourg Times,ArcelorMittal sees global steel demand drop on Ukraine war,https://news.google.com/rss/articles/CBMitAFBVV95cUxQMEpiZlVVSVl3eTEtRHBZSTVPZU1abHJsZjdSZ21TT0NsNm1ZeEtSQkp3SXZBZWlvcWVXMzFnNko3MUZ6NHRCV2FkZnlYaWcyVGdXWUo2dFc0cm9uWl9rekV1cTZEejY5NHdHNXhTX2NqcEY2RDhfMF92cXREN3drbnZUMHZuVkNURnV6QXRqaTRFeTZIaEtuQ1Zna1BxWU5CdWc3bm1YbGFvXzJUQnRmZ3lXWjI?oc=5,en-IN:steel prices India
2022-05-06,2022-05-06T07:00:00Z,AsiaOne,"Best aluminium-free deodorants that are safe for pregnancy, Lifestyle News",https://news.google.com/rss/articles/CBMiiwFBVV95cUxQdTU2Skd6VG5KRVB5NnlLWkZnV2I2eENMNkF1MENkQXhiamEwT2FZaHpUTG9tZUg1cjVrclFVUWx3c1l6NVE4Y2ZaTERKTEd1WXJOTUdGRUhFa0NMbnR1QTJYek4zdWxvcTk0Y19IZlpWT2VPOGlMZVVKWF9PTXlOM1c5emdKX3ROd3M0?oc=5,en-IN:aluminium price
2022-05-13,2022-05-08T07:00:00Z,Reuters,CME explores nickel contract after LME trade chaos,https://news.google.com/rss/articles/CBMipgFBVV95cUxQZU4zTFZIZ2pqanhmNFp1MS1DY2pieUJmb25ncFg1Y1ZFWUUzRnF6TjdBeTZGcnBNNDJtSG80MzdsR1RMOWQ1SVBpcUVNWWpmblZCVHF4YUVnMF9Fd0UwRU1MSEdPSV9ta1d6SElEcjVIZU1yeWV6WFJlZlVNOXJlZjU0bEc2YWVWbFNtMjFScW5xb0R0MW1RMXgzN3FFdDlWY05lME9B?oc=5,en-IN:aluminium LME
2022-05-13,2022-05-09T07:00:00Z,ablogtowatch.com,Bulgari Unveils Limited-Run Aluminium Chronograph Ducati Special-Edition Watch,https://news.google.com/rss/articles/CBMirAFBVV95cUxPSWota0xxRndpejNpcnZiRk5KQzY0UWE5eHpvLTRPYXBPdnRZeW5Pd2xBWHlQTmsxZXE3ZllTdHFxVFFWYWFmWGFPMWtLYjR4UlcyNlZVbjZRUGhITl9Kb3gtMHE5bkE3X0FUUWluTVBielJTTDU1QlExSTVOVmduMFdWVEhvSFl6Slg1LUVrWjdBM3ZNVWUwSW5pRVlhQUtlSGh4djlYLU5ObDVs?oc=5,en-IN:aluminium price
2022-05-13,2022-05-09T07:00:00Z,AL Circle,Top ten countries with the highest bauxite production in 2021,https://news.google.com/rss/articles/CBMingFBVV95cUxOSjFMNlBHVDY2aC14cjVqZHAwWTdUczJMai0wVEhhSW1PRlFuRWVHMGFaY2dCTm1WeGpUeUVsNFBPR0tZYjBESzY4T3pBMGNEMDRwaFZDQ3RsV0lCeEtleDQ5bTY0U1hnQ0E0WUlPYlgtTWNwc1k3cWtuZTNhZlNHTl9VSE5jYkdTR1VnZU1jbU5RcUYyb1NIZ2RSQW9IUQ?oc=5,en-IN:aluminium scrap
2022-05-13,2022-05-09T07:00:00Z,ET Infra,"Indian Railways 90,000 wagon purchase plan hit by soaring steel and wheel set prices",https://news.google.com/rss/articles/CBMi4wFBVV95cUxPM21QZ1FIWWw0SFhUM3F3R29zQWxhNjgwUzN2Nk92UE5qVi1JaDNld2VqaXpyZGdmVXZUMDE0dGpEZl9wLWJseVBZd1lycmhzb1JxNXpPam5fTnNRbzVmMEVlNEZlT3dqMkhGd3FGSUd4aW8yblVUMjlESHVOWHcyZHVMMllBRlhMZU8tVEVnVi1GSEZYLVZSNnZDa3AyUTVkbmNCYUFIYWVYWWlCM0dQR2FOal9XTWVSU2RRRmVXTm5HYW9hMVFaZjd5RTRaSFljNHpQV1NWclZENVNYWnBUWm92Z9IB6AFBVV95cUxQaWc4Y003eGhuNXBqRjBZYmpqUUVqZXJUd2ZZMHQ2bklsRU9ZZ2VLWHZCazEzY0VTYVFiUzhVT3A2bHlPQ1dYMWgyY042YUUxenNEYU5EOTA2RXo1Zk9zZkhRVTFvYXVneWlFc0R4cWpSaURfV0ZPaHViZF8teUo5VlZjUEZPVnZ5RG5abkxIWWE4MzNJOFZ5OEk2bko5dmhRSHdCLTVid2xjODFLaG9BRlJubGQtTEs3RlNXWEVyVnNNS1ktTWJFUWI1Tlp3akJLVkk2VFAtQ3ZueHVzZTlYbU5tczFWRXdK?oc=5,en-IN:metal prices
2022-05-13,2022-05-09T07:00:00Z,Daily Nation,Prices of metal to remain sky high during this year,https://news.google.com/rss/articles/CBMinAFBVV95cUxNbU5jaVJYVC1kT2UteVhFWVdwVjF0c1N3REFSOFE4MVEzVU1WWHRXQlNwSjJfM20wTk55cTA4QzhQOU1ZUjBGNEZlYmZPOVpVd0hHc3E2QzhGeTJqZkdiSWxaUnMwTUhMaEhOWDJQcXBiUnlHR3R5ZFBiT0ZvckZZZEx6VHlXVGhrRW5zSFdycHhpbFBJVFJwekFnbGI?oc=5,en-IN:metal prices
2022-05-13,2022-05-09T07:00:00Z,ET Infra,"Tata steel to grow organically, new acquisitions unlikely this decade: MD",https://news.google.com/rss/articles/CBMi1AFBVV95cUxNbXpGdk5sUkc5MlN2RnhmR0M4SEhJbU1fQVRZOTNqMGtDbmc5SUpTSE0ydDc4ZGxwVjRreHd6QWNKdWN4dlg2cEFDd0EwTXJ6S0ZMdVFTZ281N0VaMTdDXzBZdDVEdVhsMVBUOTFTU3ptQ0FDWE5HMFBoRFBTVm5yaEJWQklxMWFDM051ZDJwNGctM2Zmb0NmQjFMZkg2c3JYU3B0cW5YUHM1eDhNU29jaUwyTEFfRkxmcUM4WVJwcHVGNHkwejdZWG9HV2daRjhLS0RaddIB2gFBVV95cUxNdExFWTNYWWVDR3l3UkxrakFQSlhVT25xQ0ZQTWY4LWpGWjRiZ3JFZVBtZFk1TW9vTUV4N0EzeHFoclV6NUViNmtpREtwaEFuVkxtdV9TVlAtcDRybU9pc3FBbjgxUTZPd2tYVllJLTRSbE5fRFpYQTlFd01FU19wdWpnNWhJZUUwcnV0N3pIbGU4VjM5RDBxX1l2bmwtTlE4RmowQkhZLTZNNThGdl9JUTJPVktsUHFOLWVQOXAzRmItaDg0U0d1d2dwWjBSdjVHSm9KdTFYZzdwdw?oc=5,en-IN:steel prices India
2022-05-13,2022-05-10T07:00:00Z,Boston Consulting Group,What’s Holding Back Aluminum Recycling in the US?,https://news.google.com/rss/articles/CBMijgFBVV95cUxOYl9uZXNyOThlc1VpVF9aYTFybFh2MTVERFQ2bklxOG1iVFhVUmt6LUp4YUxtRG83U3hMWURRTWg2NWlFaWhGMGRyN3RucEdpVEcyaV9EUnRsamhickpEUEItVnBXT3c2Y1c5OEwycEJta25IZVVtR3RKQ0E5LXpobjVrM1ladk8zVTVoY05n?oc=5,en-IN:aluminium price
2022-05-13,2022-05-10T07:00:00Z,MetalMiner,Aluminum MMI: Global Aluminum Prices Drop Alongside Other Base Metals,https://news.google.com/rss/articles/CBMiqAFBVV95cUxQdXBlMjFDSEFUMVM2LUNRY1NRZC1RQnpyMkpNcnI1RHYzdzF4OHFHMlhtbjdtUWVBZDdsY05nNU85VXVkYTFBZjRycG9aV2w4UmFub2VEekZraDE4eE9ZQ2xuRU9MSEpLbjd2QS1NUmNRb2RnT0g1ZVN2RnZnUUhpRGNIQmx2NDB2OWFtSGY2dHY0Q3hDa3o2djF1a1E2REltZG82T1dESlk?oc=5,en-IN:aluminium price
2022-05-13,2022-05-11T07:00:00Z,Livemint,Novelis plans new aluminum plant to meet demand for cans,https://news.google.com/rss/articles/CBMiwgFBVV95cUxNX2g4RG1LZENVbno5X2xnYmFTUUNld1phNXExOEwtZ0l6X3l5NDY5bEtFS0Zkam45MHBKYTFKX0RvbEhYUUZFZWdpVFUzVHpER2IzdXR4LVZjWHoyaUtwdHZsd0FWZmI3T3dqRTlHM0ZXSG1rN25LMHFxVDY5enJ6V0V1UGtoeWRpbnNXb2JnYWFFdlRSZzBHdnBJYUJ2V1Q0VlJRWkQxUnNzUnMyTWFsRXZZU3VnNVVkZUN1bnFwYzBQUdIBxwFBVV95cUxNZlp5YWRzeng1YkNHNXpIUGk5emZRdWptcXVsZzlJQjYzdE9URWNzX3NtN0dpTWZnbC1ReFEtMngyZ0pjWFByTWZIYW9PelZzQzdfNkxrUWl1QTVsOVp1N2dzTjZORlZiNnJZQ1Y3TVBzUkVZdjRQc21WaXdoaDBfOXdTWGdOWmVHa3ZDRmNBeFE1MENNNUxUZGNtS2pjVDYtakNPOGozbHVQVXUtYmtPbHpLS293clcxNzRnYlRvWE85bDNzTmxF?oc=5,en-IN:aluminum scrap
2022-05-13,2022-05-11T07:00:00Z,Recycling Today,Novelis to build $2.5B low-carbon aluminum recycling and rolling plant,https://news.google.com/rss/articles/CBMiqAFBVV95cUxQakxoS3NWdHVQTEhxZjZ3Q3Z5TW9QRHgtMmMxdjRmOTVidDUwekhZTDFPWDBmbUpGLU1EdTg3dHcxZW00ZEk3aXVmREJsMGNBcFI4cnpPLWlpdnFTRkZaX3pyZUg0MnVYb25kMU8tYy1fWURiQnZOY192cmRiSlN1X1JEWU1SLTlSU0twcUFBanFXQnYwTm1idjdmRnpMVFhfRGNhMkdNRHc?oc=5,en-IN:aluminum scrap
2022-05-13,2022-05-11T07:00:00Z,Crux Investor,Transition Metals (XTM) - Sustainable Prospect Generator,https://news.google.com/rss/articles/CBMikAFBVV95cUxQTnBPTGZjRUxPa0xkQ2JKNm1WdEFEemZSbUZVTEtRa2NkUUtzckVxSFc1X0ZLdXV2bnlEUGM1dVFnaXU3cHhGTHpRY1FZMDZCWDJmVVplODVNMnYwa2NNQnRmOTM5c1h3NFNmMzNzUjBiZTRxSGxRNVAteWRYcHBieF9wdllJY0lVZHF2TDQ4V0o?oc=5,en-IN:base metals
2022-05-13,2022-05-12T07:00:00Z,Reuters,COMMENTARY: China lifts metals exports as Western supply chains buckle: Andy Home,https://news.google.com/rss/articles/CBMisAFBVV95cUxNcHBDNFJhcHFjYXJ5cFg2VS1JS3VRRm9wTHZWWlhwMXpZUjJIZjNkQkdhQ3BfdGYxSi0wZjlHUzg3SUtpQWs2RGVqbS1SS1JpY1dQeUFabS15RjNPeGRfc295Y2tXS1pKLW9TMmpMLUZsS3AtUkowd3gxS0xJaHNKb0hib3ZfTTFrVmQ0NjF1SzVxeUdJeExOT2JYazY1T045OHpoSlhTNEY5bXZmVzBCMg?oc=5,en-IN:aluminium LME
2022-05-13,2022-05-12T07:00:00Z,AL Circle,Bulgari teams up with Ducati to launch a limited edition watch based on its sporty aluminium chronograph,https://news.google.com/rss/articles/CBMi1wFBVV95cUxPNGlfWVc4NTVnZVRBbVJyRDlmX3VtaHFQQ1M1c2ZoZ1B2Y0kzam5qTmRuZkRFWnFPRU00WndTMXduckdVZTl4N2lSUmR4UHFXY0FOMWE4TW9XUnJnR2lST09FU3l6M1ZrUklCRU5MaEhVTlBqaUwtdzMzaWR0R3pSeU9qNnNuRmJ0X0NFUlRBbXQ4blRUZEhvakVqR2lQYzJlVi1ocGJLWXROMWJyWTV4MHoxLUphaHRra1dRQXpwRDVTYXVlRlZZRVN2VmZlZUJua2JnSWZidw?oc=5,en-IN:aluminium scrap
2022-05-13,2022-05-13T07:00:00Z,Livemint,Aluminium price fall takes the sheen out of Hindalco,https://news.google.com/rss/articles/CBMisgFBVV95cUxQdENZWDRSdllLQTVrUUpkS3REV05UVnFma05tdGV5b1JsR3NGZTRFYmtiVXVhWVBhQ3dyWnppdS1vMUJKd05rbnRISEExcjlkdXppN3FtV2xUa2c3UVVnbDhfYjluc3lMRkxOUnNQREF3N0RmMU1KaERHVjd3ekVtNHE2ZHY1eEVNMXREUzE0XzFXY2MwdjBlVldqSGFBT1RLYU4tSjIwMTJKeE1YSmVxcXNB0gG3AUFVX3lxTFBBWGtpdW1RYVVQaUtOTTBRZUFmV2k4T2ZfakF2ZFlsNnlNNFptdVVBazdsNXpVcHZBQll2RGtVUHl5VzU2NDNzd1VFWVlEUzR6ZjZrNkgwOUF5cHFLeWZZVEpzdEFSTUZQVUdINTFwSklFd1VDeEpzQ3NGd3hvMXhIcVhRdWdnZmZWRDRyOG5DY0NyQkFmSlI5Ym4yOUZfcG5STlhVSU1jeXBLLWszb1Foa3Zib3dndw?oc=5,en-IN:aluminium LME
2022-05-13,2022-05-13T07:00:00Z,South China Morning Post,LME seeks to require OTC position reporting after March nickel chaos,https://news.google.com/rss/articles/CBMiugFBVV95cUxPbTFfT0xQb2V0cjBqTmxqdEc4WXJEc2tVVFpvaFVOZWdvTmlkblJwcjd0M25XVnZ5aGhLRWpDeFZyeGd5WV9EZmJ2blpVOEwzR1ZYTnhUNEw0ZlhjSEZjRTZBNW5sUklfdkpFZ0hGcjI2WHZBb3cyTlJNalR6Qk1EanRHYUdHdVZfcThDbjdWYmUzTnB2dTI0NnlyakdUYlBRNS0zZUFpeUFGX2d4Q2ZKaE10MDhVdC00UWfSAboBQVVfeXFMTnY3QmFUWGY5QnBHTG1vQWItckJFckhfd19LdXl4cVM5NnJwU0RmWGV1MkV1VEY0OHhibmpidW5uWmtDM09hZXBOWkJJc25aOEFfMGkzSEluS21KN0J5ZXp1SHVQQ25qelkwM0FWdmh5cmNmU1VVT0p2TE5SRTI3azNLeWN1TUttLUlmUGtrUUhmZnRNLUh4M1hkOHpTcDcwZnNRVzl2Q240TEtPSlVhMUpyMEJpU3E1QWR3?oc=5,en-IN:aluminium LME
2022-05-13,2022-05-13T07:00:00Z,bbc.co.uk,Why the volatile price of aluminium matters,https://news.google.com/rss/articles/CBMiV0FVX3lxTE9UbTlZeFhFTl9wcjIyUG91b3pDSU9xQUdZVlhpdWdmUzd5LU1fX0o4OVdHYXZSVkp0VmIwbmx4TmRWcWhsWkd0WmhhUmQ0QUlQQk4wa015Yw?oc=5,en-IN:aluminium price
2022-05-13,2022-05-13T07:00:00Z,Bloomberg.com,LME Aluminum Inventories Hit a Record Low and Bears Didn’t Blink,https://news.google.com/rss/articles/CBMitgFBVV95cUxQelQ5em1sUTVoZGRuS1M0LVZReUZleDBuOTFON2dwRjN3dmFTS3ZKUEhSYkFobFZvS05kcUF5SG5kNi03a1VXdUg4cDRBd0thV1ZZMnhTYkpZZUxqVS1QdG9GR3RqWW44U3RBRDlhQWU2cEVOTzlGdTRzd2pZVld6emhVV1hXSlYxYTgyYXRuTWpwaDZCaXduVzIydmZia2FGN1hlcnIxRm9SSk1sX0N2c0FzdlZEQQ?oc=5,en-IN:aluminum prices
2022-05-20,2022-05-15T07:00:00Z,Valor International,"Alcoa is back to aluminum mining, production in Brazil",https://news.google.com/rss/articles/CBMivgFBVV95cUxPZHlhYm51aEdpZV9iVHBXay1id2dESFN3NkJFSXRVMkJBUXVPOEVxcDVvUUJhSTVWZGx0dnZSZkpweEsxWnZYdENtTDkwTjR2UDhiUzFDU0c2TTZQZzV1XzBLQnllSzc1NmUwQzgwcWZsc29KTGpQZjJTc1FwMmlaT3V1LXh3RU5vSHpEQkJtc05EYlBuZWVZb01uQVV3Vk9HTUFiQ25CSnVzZzNQQWR1bHBMLXFKWHA5TmhVUkhn0gHMAUFVX3lxTE5scTBpUGdTaDVldzdjOVZaMkZLZlg2Zkk0WW9fNTdSYnoxbFBkYl9fZHBYU3UxaEVKU2hlU1FCVV9GVHFGMk15LWttRG1qbm45OXg3R2FhTW8zdlRaMFJ1RUlLZ2k4elRzVURFdkdKbWowQzJ5UUtRWmRwWW9BLUdoRkFzbDUzaEZxZHhuS3ZTalRNR2VYNkxDTndmTkZjUVY0SVdObHB3UlJfbi1Za3VDTzhxelBUQkp5eDd1NEJ1ZjZtWG8tTzJnYjF4Xw?oc=5,en-IN:aluminum prices
2022-05-20,2022-05-16T07:00:00Z,financialexpress.com,Sharp fall in metal prices may spur consumption; Producers’ margins to be hit,https://news.google.com/rss/articles/CBMi0AFBVV95cUxPbGhZblBHMWVDS1Q3R3FCUk1sUzNSNHc0SjZmRDlBRk5TV25sLTREN3lEUk1mNUpuUTc0ekZHSjlMMmE3M0p0OG1DeUNQS3hNVHJmUE9GaFFBcXJGeUItQ0FQMkRDZ0lNY2ZLS19vRkYyZDZ3WDQtT0hLWHZYaGllTkRFbmNjQlF5a0F5Q3FFR2x4ZDNNbk94S1hsYnlpOVA5SXNEQTlUTkoyS0tzRWcyUUdmaEh0cDZMYjE1eENjRHZQOEpPVkxTdUItVG93VjJ50gHXAUFVX3lxTE55SFJyRXp0cXdROU40dG5xUVhKeHVQR2Z2eU5kelBBNXVaZlp2R2JES19FMkZTNHc5ejBLc2h1cEF3d0FvZXYwc1hBcnJ3V3dVX091aE5sb2JVd09XRUcxeWFJb3h0NkozTWw1bE9hLXBPZVYwdnpFTnVScHBPWE9aNzF5MThocG83U1J4QjVCZVY1YkVyVS1hbGh5RFdCVWI2N1N5Z1RkRG9sdFhLNGRPX2RxRnV4RG5RWUJzRWlYNlNRNGMxRi1kM3dNaVRpQm81MDBtM200?oc=5,en-IN:aluminium LME
2022-05-20,2022-05-17T07:00:00Z,The Indian Express,End of road for sturdy roadster? Shooting steel rates put brakes on poor man’s ride,https://news.google.com/rss/articles/CBMi2gFBVV95cUxOX3ZCU1V0cDNqUFNsNUxrUmtQMXFqOXF2TmYwbWV5UWtoT1laZVFBN0FyenE2N1lZeGJiWXVFeWNIZjg2Vk85VUc0SGpRbmkyUDF2RnRUMkJNZ0lUY3IxOTB5QnF3X2F3ak9wV2NPV3VHeUk0MTBOMlBWUHdlZGRWNDVMT0ctZFNIdy1lUldfRE1SeGNsaHJRNDFocWZkZGlaTk9FSzZIR0ptUVo2VWFnT1E5bFp4ejBKZmlvbjVHVmdnV09aS0htVHFBMzJ5enBfOUFKZzJLLUJsd9IB4AFBVV95cUxPTFFycnV2QkQxRU1xLS1aOE9sX2o1VE5wRHdpdkFMVUZrbGllTDIzOGhwNzI1R09GNHRDMGdUc2NBNTljUkNkTXN1aUVYMWxXVU4ydm1Kc0JHbnl5a0JfV0NFMWx3NXhndC00YjdjQk4yQy1OVU9WWUN6eU0xU0ptNE91RDNpQURIX2RuX3RuQ0FPRHl6R0MwRzNSVF9aX05sMzllY3VmZFR6cndJRWlxejVETm52UDVLU3FxdmVkVk15QkZZTWkwUUhFdVNsYS1mejctMU9RVDZPQ1hKbU5Ebw?oc=5,en-IN:metal prices
2022-05-20,2022-05-17T07:00:00Z,building.co.uk,Steel materials prices surge as impact of Ukraine war bites,https://news.google.com/rss/articles/CBMiqwFBVV95cUxQQTlkQXJycUo2eEs4LTBBWlVnaXpHSDRVWGVuTEY5Zm5XNlZvX2RjOFJ6QzlFMmRNbDNyRjB4WWhsX1hpbVdjWjVEVlp3UmYwNzV2THd3VDBneE04dkFyRzRrbllLSWJCR3JsdjhPUElTazBTc0ZnZnlRWUtKRmhNOE1yWTBHa3g0WUJMQVdKRDdGY2lnY1V4ODFKcUtTSG5YTWR6Y085TjVZN0E?oc=5,en-IN:metal prices
2022-05-20,2022-05-18T07:00:00Z,tathya.in,428 Cr For Aluminium Park,https://news.google.com/rss/articles/CBMiV0FVX3lxTE5XR0hhZG1JaGhBQ2lrQmhJZ19IU1dFcm5zYnV1WkIzZ1JhWHZpTHZWS0drNDhlQzRnMjdxMjRqRldBbVdiNXRobzNYZmw1YmY0N1pzTC04dw?oc=5,en-IN:aluminium price
2022-05-20,2022-05-18T07:00:00Z,NST Online,Another record-breaking results by Press Metal?,https://news.google.com/rss/articles/CBMilAFBVV95cUxQZHg2RW9Dd2VldTRzUXFheldTZzlNZzdTUGJVMFFZYWVfdENHdDFhdDJTUWVOb1lWTWluTm5ZZU9pRWpJbVo2TVlSNnRFdU5TYkdkeE5XZzJWOHdSRi1qUkswd1VhM2RpV3ZlNC1sWDhyd1pRWEFXaGV0dkY3NXNHYjdiZ2hjVE9FeE9CdnctTTlPWEV4?oc=5,en-IN:aluminium price
2022-05-20,2022-05-18T07:00:00Z,Notebookcheck,Acer Chromebook Spin 714 launches as a top-end device with Alder Lake CPUs and an aluminum 2-in-1 build,https://news.google.com/rss/articles/CBMi4AFBVV95cUxQSFJwdVBXV2hFV0hkTUN6eHdMNUd1NWFtM1E5bHdJTzBpb1VpMkx5Qm1BczhjVTJfVjl3OWdNZ1Z4SW9vUUFoZ0FNY2oyeUp0c3owVHdibl9NYk45ZzNERERlZ05ka19GWDFJZDgwOEZFSlY5bWVERHB3dDR4VnBaVGFkV253NG5Ec1NmOWlvZGNJWnhvLXhKRXRuYlJoT180dm5CRGhhM2VUdTRYTFZaNDllaEtTWFhTSEljRTg2TlZSSHgtSW1Udk5YZmRRSktWcmVtMHNma0o1SVEzYktqeA?oc=5,en-IN:aluminum prices
2022-05-20,2022-05-18T07:00:00Z,GMK Center,"Azovstal and Ilyich Iron and Steel Works damage cost $11 billion, SCM says",https://news.google.com/rss/articles/CBMiogFBVV95cUxQZGZIelI4MkpfRTBhbkVEOHRidFZuNmxVcWN6RXEtdENMZjdQWG40VWdGQ3REbXozZWtGNVFpNE1velNQSkZzVkVWSF9BcFR6cTVBbXNYMmxRQlhXN1BZZ0FodGl0ZUgwOEVCZlJkck5DOXpfVlRnMzVzY1FyY3Y1ZDlnWnJUQzI1V1h5Ri1jRklvTDFqcVA1blpZZUNVSUpRM2fSAacBQVVfeXFMT0hsb2pwR3J3bHkySWZ6MGE4VnpOakJYTVNWWXpvWG9LWGlSdXJ2NXNnaHcxaW1lemhjLVIxUUlHYmkwZk5MWVd4aUpIcVl6dTg4T01GbmJzS1d1RlFIcTVmUEZMeGVqM2VfQWgyYmxBZnpQQmlFRFItMm5rOTBHTnJreHBnaEJscHRzMnVQQnBkR1RIT2NUaENaOTBnM3dsZUJQX3BueGs?oc=5,en-IN:metal prices
2022-05-20,2022-05-18T07:00:00Z,3D Printing Industry,Digital Metal launches new DMP/PRO 3D printer – technical specifications and pricing,https://news.google.com/rss/articles/CBMixAFBVV95cUxONHVxYWFydHZQd1dtdHN4YnhfWWl0Ti1VZklrMjg1U2pXcGwzdktHczJ6OVJpeFpUT3RGc2V4STZER1pVa2V1TUxxOHc4NWNmbk1OVmZpeWZyQndvRTF0TTlOenZfQlFQT05zZy1rVmtEdmd3eThJanNMcTdqb0lPTjBJYXBpdDR4dXJkZWV6Q3J2UDhqdnhtWkIzakdBSENEWGFLeXZyMmNNNjZMZHJzUXk5aUd2c2pYcE5PbjhBS2tBRTdk?oc=5,en-IN:metal prices
2022-05-20,2022-05-19T07:00:00Z,The New Indian Express,Odisha government to provide Rs 428.95 crore to develop mega aluminium park,https://news.google.com/rss/articles/CBMi3wFBVV95cUxQXzAzQTlsc290RGFXUVI2SlpKc3dvMjJKMVhxVWpTUVNseTVHekN2NDVlUWhvN0Y5RUxpWTVudjQ2WTMwVUtMQUxfR2JkU0g1NGk3TDllbGlUOExic0dYdVk5MHdqRUNNNGlDakNQTnE2dGk0d3FJR3UyVHcydHdPU1p1UElGbDdrNC1oYXhxYV93dmg3LXBCRDFEWll5R0NzN1d0bW5wMnNYY3V1WlZjb2tac2Fnd19iNWp5dll4eVZaY0FDMVpWVVlNZFA3SzJCeGRjZEpqLUpJVF95MUpN0gHsAUFVX3lxTFA1SzJCdW5JQUJ2UEp0cnhwcjJYTnkxQU9XUERySFhLVWJraDg5NDdLLXlUQlYwenFSWlhScGFJNjR5Y3BqOXNRaHBfNVhGeVB6U0RDQUNnVHpXVXBwbVozcjh6elBXM3JuWU1TZEhHSFFjbGZRek1MNmt1MHpFWUpvMm1JcEVqcFBkNVNUQ0h5UmF0OVdGcHoxc0JQdjVPemM0SGl4UWF0TFlMa25aTnJNbDdCWFctblFvemxlYnpwMmdxSmVVd2NLM0VQWjBybmtvNlAwLTFNZUxHTkd5dVRRc2lubUVPY2NkQ2I3?oc=5,en-IN:aluminium price
2022-05-20,2022-05-19T07:00:00Z,World Socialist Web Site,Outraged Arconic aluminum workers speak out against USW’s contract proposal: “It’s a bad deal!”,https://news.google.com/rss/articles/CBMiaEFVX3lxTE4wOHc5T0hBbk9raEdfR01zTE9VaS1pbm4tMWt0UjJtV1RpTThTUl9HalZUSXRyaDZ4QTBndHRja1VYa29kb0lQTUlXcUFMSEp6Q0tkYU9SdlVHYzh3cWpMdlprd1Z0VGMy?oc=5,en-IN:aluminium price
2022-05-20,2022-05-19T07:00:00Z,thefabricator.com,Steel prices are back on a downward trend,https://news.google.com/rss/articles/CBMiqgFBVV95cUxOeDVFc281cWxOUE5fRlpaOE44MkNOc3A0VXJHdzhEdlBmRjBXMTFaYWtvbjRRdHA3N0IzWVgtRS1jV09xLUx1MDE5TUNSR2dFc0NYMXRHQ28ya005dE5mVTRoNFZjOEQ5amxCeFZ3dFNtN1NQMTFNX2RsS3FKQkNFVTZwVGR6ZUUydkxnQV9yeW9xd3FTZ3BlSjF3ZDRxVjctYkVYSFdDQ1VUUQ?oc=5,en-IN:metal prices
2022-05-20,2022-05-20T07:00:00Z,Reuters,UK may impose duties of up to 29% on Chinese aluminium extrusions,https://news.google.com/rss/articles/CBMisAFBVV95cUxPV2NvMFdxWGNGMUhDRzhPcGhDcVQtaF9YMHZjYzQ5NzNTYVhhSDI1aXVZMWJmazVTQ0YzQTdiNmdOdjRtaFpBTXd2RjFkcUFZM3NvbHVNdDhEc1hXbGw1ZTFSclkwS2FhVzZWODJZVFFlNHBrLVJ4dU5yR1lwZkNNUHRtOXZtMDJibVF1cXRJb3lXa3FSOXExUU1GWU1CUGRmUFlUNTZXcWxLSWNBQkhBMg?oc=5,en-IN:aluminium price
2022-05-20,2022-05-20T07:00:00Z,Hackaday,"Square Cuts On Aluminum Extrusion, No Mill Required",https://news.google.com/rss/articles/CBMiiwFBVV95cUxPbzFmX2RMODVrUEpVS2JzT1d3Y3YyNjQ2X3JpN05TU1lMWGZwbmppU2hpb2U5Q001eERabk12VjBxSm9jbE0wbXhkQngzZlJCTElpOThpVUtSZDJHUXJWMXVMWjMtSVh2bkVpZ20xdEplUHFFdFJncjBydi1tcFFPdlhHUHMtdWRCaHlB?oc=5,en-IN:aluminium price
2022-05-27,2022-05-21T07:00:00Z,equitymaster.com,Why Tata Steel Share Price is Falling,https://news.google.com/rss/articles/CBMiqwFBVV95cUxOY2tDa1RmVldxZF9rWk5GcEl6SktQWmRJZ3YyWEREbGpja0hFSDdCQXZ5N1NxdFlVYks2djJiLUZJWVJQNzVaYkVDX0RTeHdMVE5yLXhrVEdDYlhJX2MwMkRrNWZqcnBDSXl3TU1FOGxZMkxMUWRxb0p2ZEt1SUNkZ2pwNHBzODNIclpHWVBxd0RGZk9oMDM4bi15VGlaRnY3R1JnckduVVpTUFE?oc=5,en-IN:metal prices
2022-05-27,2022-05-21T07:00:00Z,The New Indian Express,"Government waives import duty for steel industry, export duty on iron ore hiked up to 50 per cent",https://news.google.com/rss/articles/CBMi9gFBVV95cUxNTEhmb0VOV0ZNVnBpdDRZMTQxTDE1TmsyeG0xMlV0ZjVsRXkydjNDMkVsOWhsclBVUXo4UzhXS3lyanhpYWRHbHBnQ1JfX0lUeXd6S3ZmWVBSWHhyN3hXblZUMkJ5TGVMdEJnTXdmTG1TcGp5RjVZTms5N3Nrd1ZjUHVIS21wZS1lUVhGTUtaQnlJbUxiWnI3X1dNY29QNE56aC1pbWgwNk1ScFI1VWRGVGM2bGgxZVJpcFZBbzVLRVIxV3hlb29xT2RURGNhOUpaS2Y2YkpKQ1BaWlNvNmhvblg5azlocHZva29rcWZockZHNnF6QVHSAYMCQVVfeXFMTmlvVm9mWFo3c3B0WVR5aWdNWUFSejFsbXVZSUR4ZVpqQVQ4bjNpRHViRVl2VmpoTjVnbWppTmtlRURKVlYtMmphUFFZc1RFXzIzWk96WXFCT3NGYTBxWVJmN3A5M2g1bjBGdV90ZVJLQlhJSzZOQ095MlBCN2pLdzFYWWY4cWFpazBiQ203amtEbHkzQmdEbmpDUUJSTGJrdWo1QlRzWVZ4M2plVXhpWWdncmI5eDNsN3U2dnl3V0hGZWpxeVR0Z3ZiS21PbHl5Y1Z5U01kQjF5eU5yZzJVcWkzbHp2LXhjaWlxMmV3eHFhdTk3R3FWQnl2TlJvdHBEVmN0VQ?oc=5,en-IN:steel prices India
2022-05-27,2022-05-21T07:00:00Z,The Economic Times,"​Tata Steel | Profit: Rs 41,100.16 crore - FY22 earnings report card: Here are top 10 most profitable companies in India",https://news.google.com/rss/articles/CBMi9gFBVV95cUxOdmtCaHlaWjExbVRmQ3hTMDFSaHo4M1E3aEVBU0xjUWZfMnhoZmxlcmM1RWZLTDk1ZTVsZUwzX2VnU3JQMUNxOEltNDFnU2RQLU9IZHhRdTU5RHRZRGJSdXhoaXh5N2FmOGdKZW9zZjVWSkRpYkV2WG5oa3F5cmdsY2ppMzlDX0hSdXlMMzNpU1IzMFlZVmFJTEZPdzZQVmhWcFZ6RW53WXJpRjh4R2ZNU2RoVHV2TlBDS1NOU00wa0lRckFlSVdLODRQLTBFMEFrVGlGbkF5ZEhaSnByajY5cGlSLVhaanRIZEsxcDVyUnprVG12M0E?oc=5,en-IN:steel prices India
2022-05-27,2022-05-23T07:00:00Z,AL Circle,"Rolls-Royce unfolds single aluminium sheet body ‘Boat Tail’ range at Concorso d’Eleganza, Italy",https://news.google.com/rss/articles/CBMixgFBVV95cUxPWk92R1Nmal9lU3JheHRNR0V3X0RMTl9jWnNRaUZmV0ZVVmJ5SkEwdUZHTVVIQWNsSVpUQTBRYUpieUk0QTZNSmY3V29BSXFmYVctb2tRX3RnRDQwdnA3dzdtOHc1TFJkcUpzMFhhdjdKQ1Z5X2FYSnRVV0VoTFdrdkY2aVJWMjI0ZWk4Uktkb2lkUXRHQjc3ajRsY3FWN3lsQ0FfNUFGeldTUWMtSG42SWFVNGVWaVN0WHNLOElTRS1MSDE5Z3c?oc=5,en-IN:aluminium price
2022-05-27,2022-05-23T07:00:00Z,AL Circle,Benelli TRK 502X models replace steel with aluminium alloy for lighter swingarm in China,https://news.google.com/rss/articles/CBMiwgFBVV95cUxPdlU3SW1NV0s0eVR0NVpTLXFIMVFwRkZsNFBrd0U3MEwybWo2SDVzajRybmpsMFZHOEg2cTBjenV5Wk9rR0pJNThXcDk5TGJGb1VqdkxnSXJpZEFUWkwzeEdvTmxHb2p2Z2RrY0w4d1ozaE5MZjJQMlRIc2JPcTd4RElBQWlrcThBdFVwdTI2OVUyUTR4WGdvQThNMFIzNFhzQ3owMExFZmZjVDJxeF92SGV6enRHeE90Tk12S2RyZ3Z3UQ?oc=5,en-IN:aluminium price
2022-05-27,2022-05-23T07:00:00Z,Designboom,this rare shelby cobra CSX4000 features a handcrafted aluminum body,https://news.google.com/rss/articles/CBMiowFBVV95cUxPZlVlbWZ3VWxTel9WZFRsNXE3ZW5BcF9xQzFScXNJdEJmZ0RpZlZHbUtpaHVDTndhNmZlSDcwaW14RnlPYUVoSi1qX2ttUmJnaFdJdjhYUl9NS3FKbmJ1dWg3M01WZHVGcWg5dnBuXzl5dVBKMUFHS3BpNlcxTDVwdEU0aHVqdmRCNjNCSV9uZlc4MUdRU0ZBYkVjcENFbmxCNlJn?oc=5,en-IN:aluminium price
2022-05-27,2022-05-23T07:00:00Z,Recycling Today,MetalX acquires Indiana aluminum furnace operator,https://news.google.com/rss/articles/CBMilwFBVV95cUxQaFZjR0pYNHlkaGdXQThrbHVuNXRaRVotLWNnVW52TTZoXzQwcjN6U0FoYmRQXzY2bHdMY09pYVY2RDJDS3o3WHFDQnh3LUZuQVU0SFMtTlFhRnQwV3FQNmUwTHNhVDZBUjd5TnpMY3ZSaWFvUVRpYVlsT0dubUNUZ0ZJUXdFZUlQdWw3MnhYRHVUR0pXeUxn?oc=5,en-IN:aluminum scrap
2022-05-27,2022-05-23T07:00:00Z,Moneycontrol.com,Higher cost impact on infra said to have led to moves to rein in steel prices,https://news.google.com/rss/articles/CBMizgFBVV95cUxPZ3p4dFF3dW9aOV9DVEdZcnlqMzVCRWdjZTBhcThpd21fVl9fMHdXMHRubERnSnJsdHRYLWdhQm5CWF91ZUstQ0EweXVKai0zVHJYLTBSUVBZQS05MDVVeEhfQ2EwNjRUNkJHMkNDT2tVWWw5MnlXNjI3eHhaOC1UWnJMVExaWm5KU0pqUnNVZGVyZzJmUUVTczROVG02aUhyQVVuUS1aUGRvVDlPMjlrX0Eza0JIVU9kN04wZWpaM3RERzU0MEctOUtNMVJWZ9IB0wFBVV95cUxNQnpQcHFrSm9GZWxUWGRnSGlobHFUcDlvYXJPYXRhaHNyNGZqY3hlNy1qT3BNQ2ZTRlBXTC0tSGd1bjRqTlJsY2lQZEQ3RndMTENtVHdOZ1J2MlQwbk1OcGUzQi1PaC1qZ05LdDg3RjlWeWtrX3JxVHlKMnNnNjhNUXZuRHRBU19LcERvUUJ6d2N3ZUItMFVZUmtsV0pyTDVvOEVqZ3RRNmNJQVpDMEJvd1V2cU9LRWptc0hxVmx0cmpTMW85UEpkTUFsaDQxeEllX0E4?oc=5,en-IN:metal prices
2022-05-27,2022-05-23T07:00:00Z,GMK Center,India introduced an export duty of 15% on 11 types of metal products,https://news.google.com/rss/articles/CBMimwFBVV95cUxNLVFuQnAwVFFFbEdrR3lEX3Faa3EyMmtnM2d0OExlSWp3MWZVRHRadXdBYUdPSkhkU21hcUwwVmNmZFJPYWQ5ZEVKSEkzdHVPRXBzUTR0MHJXTThCTldJMjFQZ3J0dnJGZnNLRzA4OGVHYW1WQmdVOF80LVV4WnNMVGQ4V3B1UUlVcHF3RjFLRUZNc050MTZ5UWtLSdIBoAFBVV95cUxQb0g2eV8zWmZ1dnVRS1NRUmpGejFYczRPVGNtOGQ0TGRzM2pyZjd0Y0tITmVjbzN1TnBub2lXeTdXSUxVcFIxYzNiMEJZMnZfdEh6TFJWbURpaHdTZGQtRXpPbV84TkpDZmFRZTdQc3I3aUs2cHhURXVfTlZlRFB3MjBiUlVYQ3Z0WGhSVmNCNWdyeWwzekExTUxGV1c3R1dO?oc=5,en-IN:metal prices
2022-05-27,2022-05-23T07:00:00Z,Livemint,Steel industry hit as govt imposes export duty to check elevated prices: ICRA,https://news.google.com/rss/articles/CBMiygFBVV95cUxNMnlWNUhQUkl3cEFkY3RJOVREcWJyNGxNNVJ4bVBJeW96amN0RUZxZGRMOThuQ3V4Rl9vTW5iRHpabHYyRmtFU1hMUTFqVXFUcm0wYkZtRFVXeVhqVVBCZ1Vjd2xKdjZsSmJpZHFWb1IydnlHYkdfS2FGZUsyQmYzekFWbjN5MEd3R3VnT2RKRk90bkI5am9PNjVtVWUtdWs1ZV9WWGxjMm94YmpWaUVWeEExbXhNZG9PT1N4REI0enFSTFhqcFlvSHVn0gHPAUFVX3lxTE9lQ3hwc004U3JvZmxMRWVxLUMwcm5Nb3RhaGFaNlAySWwwdXdjSUwwVHdUc095SVpoZXBqRnpMa2xmYWd0TGk0cUw5TkVsbE8xZkdtYWF5dkkzV0hDSERUSkdWSVRNejZSTnRtUFlLTW85Zi0zQm5kTHF1Zjhrc0piSFBpWlJXaUFyWTdhV1U1NmxiUVp1MTdxV3hUMnNiTkZWSWYxb0l2X3lzdS1FM0hHZXo0X19EVTZ2V1dnOV9aN3h6YVhVRDVWQ0tMS2hNVQ?oc=5,en-IN:metal prices
2022-05-27,2022-05-23T07:00:00Z,The Indian Express,"Stock Market Today: Indices end a tad lower post volatile session, Nifty slips 51 points; Metals drag",https://news.google.com/rss/articles/CBMi3AFBVV95cUxQc0ZJRG1DeVdBQm1oX005aWt1OEtvWDdRNXY3U3BNNG1aTksyQ1dpT3Mwc0dHOE9MeUlGa0pPZjJwb25xYkw3TzFQM1NvMFMyLUJXLTFseUVaYjRIWFRzeE1HTTMwYUR3YjdQN05Ec1p2b3FrMG02ZDlXYWh3ampyRUEtWDlDVHJWc3RaU3JoSndvMjlnRngwaS03enFLUnM0bUNSbU1sdzZzSE1mUnRVcG5xSnZXWGxHenFUdTN3amg1Q2xjVXcyTWtzMFR1MXQzeWdhelRRYUphU3Bp0gHjAUFVX3lxTE5HTG1BYm5aeFNyRVFWVDBEOWFkMXoxMVZ5VUJWWlcta3RjakFEc0lMRUxqUWwtU0FUcXYyclROaDBCQ1JKM0xNZlhoRzdPTC1RVzB0UEM3NlhycHBWOTRmcTdRdEhYZmJodUI3RmwyR1lrM2NKU0RFbmF1RUVrWUQ3ZlphWndfLXo1Z3pjRS1oeDRyeU1jNWpZZUJOaXoyNFNsSWMyb1FTc05aMkFkYzFaWUV4OFVza3pwWU90RTVtX244RXRhR05ybmROUDJtVGZBMmxPb2RjREI1LVBDd3ZJMDBR?oc=5,en-IN:metal prices
2022-05-27,2022-05-23T07:00:00Z,Reuters,"India's top mining, steel groups warn of adverse impact from export duty hikes",https://news.google.com/rss/articles/CBMiwwFBVV95cUxNUVlIRHJqclJ1M185U2FlaFA1SzZoVmh0Y3F4Zk4xV1N6dlFFaHdzamNlWkppaFc0TXNzQllhOHh0all0b0J5WUcwWWZCdENqSkhZdzl6cFRZNFFiT180Qnh0Wk1tVVdHNWV2bkd4eWY4cWhKVHktcmxXTjJnX0ZCRmYxZGJQbUNFcWlmLWFYSkpCY2dVQ2oxX2pPN1lrcWlMNlJQYXlnYURiVUtRb092bEtTY2FZaldBWTdzMV9fQV9PZ2M?oc=5,en-IN:steel prices India
2022-05-27,2022-05-23T07:00:00Z,The Economic Times,"ArcelorMittal Nippon Steel India CEO says duty hike to hit about 90,000 tonnes of exports per month",https://news.google.com/rss/articles/CBMijgJBVV95cUxQdl83bkEzUTRKTlVjdjMwZ081Y0N4REwxTDhBSjRaSGN6aENuVkxsWDRaMFFGWTZhOGM2TzZlWkp4eVRQcFNIak13dzFsUmJfZnphVGRCNnJlWF9HTno2bm9qSktXWXdFYmgzUU1wdDczMm1IMFNHQXJyT1NGRjg0cDlON1o1NHBmVDYzQnZtYXNQcWJoZHlKYW5tckZUVE1tZm93T1N6Qnk2UkhTS0FsNllkNno5dWZZLVhIWlZRX3R6YjhvdW9vbEEwUFFiazA3U09ENzdpVTh2WjV3T2JSNDllcEk1Rnl2OG0xaHFCTGhZNmpMY2xkMGQ2UlYweVk2eDlJdWcycUNaOS1mZmfSAZMCQVVfeXFMUEJ0MkFiSlNCQWoyQU9kSU03amlXMnFENmNxTFJkOGRlWmVDbWdkYTB0dzZMckxCR0w1a0dlUEZ2LXpsdS1vX0Jzc0lsc3ctWDNwQktmWmFhMm5QX3lGSHNCRk9ZOGpLMTRISFkzcDhDTEluMnF4eFZnWlVjenBnTFZfdWlQRWh5WnhrTE1zLXE4VGZtS2RSNVN2SFpiZEtRcnkwMC12ZlRSX2xEWmNPaVE3eVJrYVBKdnZrRDUzUnh4dWtZRVhRd0xlQWxfRXVyVVRqX1lJTGxEZnJucE9Kb1NFRkc4Tmk4aXFrRjFaRHp5VEk3Y3R5YXFuNWVta2liVHhZX1FVazdSQVY1bkxnZDBxeDQ?oc=5,en-IN:steel prices India
2022-05-27,2022-05-24T07:00:00Z,repairerdrivennews.com,Case study shows steel bumper beams have advantage in sustainability,https://news.google.com/rss/articles/CBMitgFBVV95cUxQLTBZLVVobnMtRm9SRm90SV9FTS1kX2tZZm1fbUpjMVNRemszeUk5Q3Z0cGlLSXVEaURsZmxuRnVXSTBmcmppTU9BSnRSdHJDRnhHWDZjbHdidHB2NFJDMG9NejZLeFF1YW5SLWV2aEp3UWthQW5UREZuUTVfbjBmVURSM0Z2UnhOMzJXQ21kWDBMZzg3U09mOUM1bHU0MUNLdGF1N014M0hwck1oay04LW55TGF3QQ?oc=5,en-IN:aluminum prices
2022-05-27,2022-05-24T07:00:00Z,"County of Union, New Jersey","Free Scrap Metal Recycling for Union County Residents, June 2 and 18",https://news.google.com/rss/articles/CBMiwAFBVV95cUxNQ3hPV0VMcm9ha25VbFkxWDhBQkxMQVNuX3pkQlBUcWMzQktuV0k5Wi14UVI1VXNMb20zMzRoUk1qZHFLZFVRU2dCekEtVTJTem1qUm9LTzU0VHVWWEdCUUlldDVYQ2dkN2RoYVc0NEVRTHNNQ1B1SmZuX1dIamptb3N5WDJ5T21UX1J0aFo2VThtYk4tQ19YYy1ONXlURXRGQ18yVXJYY3JiaWNDM0NzM1NTYW54dG8yT3ExR3NMZ1Q?oc=5,en-IN:aluminum scrap
2022-05-27,2022-05-24T07:00:00Z,African Mining Market,Demand for steel alloys grows as the energy transition gains momentum,https://news.google.com/rss/articles/CBMirAFBVV95cUxOV21YRWZmRy1ZUnNMdEdSNmVwcEtHSUFjNmJEejVwZTBIenAzZHpwTk1NZ0JZZ1V0NnZaVUUzdkdlRHpVZ2x2SXcwUjkzU1dLX0tXU29OTWZaREhSVDhvcTlvZTlDMDg1TDBqQnczQkdjb3VEQnpidXNZbjJYZFVFeEZ4b3FZeVI5REw0QU5qMkVBanExWE1UMGFzYVpvYm00M3RpbmRWcjB2TC1m?oc=5,en-IN:base metals
2022-05-27,2022-05-24T07:00:00Z,groww.in,SAIL(Steel Authority of India) Q4 Results - Net Profit Down by 29% to Rs. 2479 Cr Y-o-Y,https://news.google.com/rss/articles/CBMiVEFVX3lxTE5VU00tWG9hbWNYYUU0TDJ0ZFFLMVZtV05ndk1DbjU2ZTE2aXpBV0ZoU2YxNktvVjljSzJ2bE4tWGQ3bzJVb3N5WHBFOS1Nbi1ITjFzbw?oc=5,en-IN:steel prices India
2022-05-27,2022-05-24T07:00:00Z,The Indian Express,"Stock Market Today: Sensex falls 236 points, Nifty ends at 16,125; IT, pharma, metals drag",https://news.google.com/rss/articles/CBMi3AFBVV95cUxNTXRTODlyQVRCR0drUnFnNnpkNWgwUHp4UmtJT2VFVU0xQVB5TDYxdnFwVVNRakdmV0VFcUlKTG13UTJEU25LYUZlWFpQeGpRenFCMWdHLU83dVgteUZZNk5UbC16Y2tHNWhRYjlMbl94NV9zcTZnbzZIZG1wNTdNVEZVZzZjOW1MdUxRdDVHRkh1TmFSNHpTakJiazV3cnRacHI0Vk95VWZuOFhZT09jaHZTcU02NmR4cEp4b3N1dldlTnd2Ql9hOVVxS3NpLXIyTEQ5MFotdGUtUjA00gHjAUFVX3lxTE9FTjZxTjlOZEoxd2Z6Mm5GWDhMWVhvWDZVdnRoai1hTTVacHAtN2k3Ql8tZUNTWEFYdGh0VmRPTVRodk5TM0ZEYno1ZTllTEVjekhraW5kUkJVVWtUYmdHeXhYTnhxS3kzTS1kdnQ5a0pFZHpJdllESEpwZjRJMzc1SklDTVZnU1pqNE92TXZKNk1VcGhMMGZ2a0M4M3RzSmtnd25qaHdFbDZLdzZrRzlZeFpsSGhsWmJTSVZEU3BPX01CSkdTSW5wbzBfOS1JMUZTZlBPbDAzTlE2dFdPcE1nQTFv?oc=5,en-IN:steel prices India
2022-05-27,2022-05-25T06:51:41Z,reverb.com,"Baguley Aluminum Bass Guitar Neck - Polished Finish, Ghost Inlays - Fast Free Shipping in U.S.!",https://news.google.com/rss/articles/CBMivgFBVV95cUxPV29NaEpEeGZEYTFDYjdLMURnUjgydlNvSDZQM2VrVE1zTTJVZzQ4NE8zRTZXTmsyQ2pDZXZaY0lNRzJXcHQ4SENFa2Y3M1FlX1U5MWtGVHlabzNkQkt1UURIUFZxUTRuclluRUZFTlRyNUNvZ2x4ckNiWjJJdGVXc3JQWWppeTFCSFhuMkg2UVBvbWVnaU8zOG5ld19sdmdNZ0RZWEphQ0tobEFveFFOemJCVGQxaDJLM1g1cUtR?oc=5,en-IN:aluminum prices
2022-05-27,2022-05-25T07:00:00Z,Reuters,COMMENTARY: Europe's aluminium output slides as energy crunch bites,https://news.google.com/rss/articles/CBMiqwFBVV95cUxOZHVvZ2E2amxDV1czSm5yLVJVYTR5ZWMyamZpRUpMYlEzWWNHdFN2eTd1OUlTMkM4WjJRV3ZDaVlaT2JKVUF2RlFLZHM0STJ5ZE53Ynl0NWVHSXBkZTNfUDhwdE40TUlSZGxHTzRKckhVMlpIVFV2ZlVNaGdmVFVZSmpjczN3c0ZyVUVmVGVJdWpBa2JaQ0pzODlrbll3ekZ1aXNKYVptdWRyTmc?oc=5,en-IN:aluminium LME
2022-05-27,2022-05-25T07:00:00Z,IOM3,Tetra Pak test fibre-based barrier to replace aluminium layer,https://news.google.com/rss/articles/CBMingFBVV95cUxPa1NOUzRaSUNWV1p5dFhEOHBWZU9aM2RseDN6MThsRDBUbERTUG1IdnlaejF3eFFnUUtPQ2FNcTR5Y3pWUldFN3QyVFFJRXZ4SHNsSXZSMW9KbW0tYi1hcm9oQ2h3cVRDRmtlampOSU9xbU85VGVUWER6OFNwVVI1R1hRcy1oMTR3QWRnSlJ2dEw4SzJ4aHRRV1BuZ0Fidw?oc=5,en-IN:aluminium price
2022-05-27,2022-05-25T07:00:00Z,Perfect Daily Grind,What’s the difference between plastic and metal coffee pods?,https://news.google.com/rss/articles/CBMidkFVX3lxTE04YVVYRkIwYk9OQnpxWWM5WW5ZN25VOUg0TGh4OG1rSVhaUVhlQzN4Vy0tai04OVVhRnJlTW14aWR6VERVZk5leGtCcEhheEFDR3FZWGZlS3JYUjRWVVRPOG1wNkZJNXpHMWN5ZFo3RnhPREJ0R2c?oc=5,en-IN:aluminium price
2022-05-27,2022-05-25T07:00:00Z,AUC,AUC Professor Amal Esawi: The First to Specialize in Nanotubes As Reinforcements in Aluminum in Egypt,https://news.google.com/rss/articles/CBMivgFBVV95cUxQWW9wUjE4Mkl1ZFRlVFMyaUgzbXBjdFB3cHprNEtwOE5PT3V3Y2hueHRnVVJ3QlNDVG5YZy01LWZQWFdwUGh5dTJBVG5KZHZpWXlrT0FZWW1qNDlEZmlIbzZpMEJjczI2RXgzOUhrY0h6ZTJsaUFMNHpROUJoUUN5X0ZaeDdoMXZPY0MzZU5Ba0JBR3d0M0k1SS1fVnlMS01VaWl1M3hKaUtFeWRlaFRnSk1aZnJHdWtvUWFGLXZ3?oc=5,en-IN:aluminum prices
2022-05-27,2022-05-25T07:00:00Z,The Avenue Mail,"Jamshedpur CSIR-NML MoU with Recy Energy Pvt Ltd for recycling scrap, used LIB",https://news.google.com/rss/articles/CBMiogFBVV95cUxQQzNEZElqRWR4dDlXN3VzZ1Z4WE5rY3dNZkdTVXlfRGxKX0taeFgwZ3lja1dnSXR3V3Z0a1ZDaXoxazJ6cm5KTkMxbjQyWnRDclJrb1Q2cFBwUDg3Si1hdldpS0RSV0RLRGZKTXo2Sjl3VEo4YTlqbUhSbTBQcVNzNG5xeGhhX00ycTBjd0hHOU5DdUMtblM1a3Y2RjJkWkZoT3c?oc=5,en-IN:aluminium scrap
2022-05-27,2022-05-25T07:00:00Z,cdrecycler.com,Demand for aluminum grows,https://news.google.com/rss/articles/CBMiZEFVX3lxTE1fZ2lEckRhai0xSlo4eDAzSHRvSE5oSy02eV8wOTNTRTNodldHOHQ0c3JjRUxLVkdNUkg0YzZGZTdRTm40cGxwZzM2QWV4X2pQOFJIbWRXYU5YekRHSnJiV2dvRE0?oc=5,en-IN:aluminum scrap
2022-05-27,2022-05-25T07:00:00Z,Resource Recycling,The strategy behind Exurban’s US smelter project,https://news.google.com/rss/articles/CBMinwFBVV95cUxPT1dkUnhmbWdaNXBJdVpPcUdTSXVEYzBBRlpwSmFXYkd1alVJemFUZVJIY3gwaU83bkZNaFhERjlrUHZ4VHlGQWZFdXpwT0o1cWV4QjhIcGNjY1pLU0N0aVVGQVJCQzRDTmJlMkNJY3kyOXdRUUoyZ2lFcS1ZUVczelNjYTZ1SS0yeGxTeDk2REgwa01HZVlTRVFDQlVJUGs?oc=5,en-IN:base metals
2022-05-27,2022-05-26T07:00:00Z,The Times of India,Guess the price of Kareena Kapoor Khan's 100% aluminium dress,https://news.google.com/rss/articles/CBMi5gFBVV95cUxNRFVxcFlCaGZRSXlqaVZibVQ3dWdKcF9YbHRmMkZBR3NETmNnNnk3RjFZY3B4M25mQWFwRExXWmx4Z0NacEgwLVJQR2JXdUJyOWhrbmtkakxvZUltN2xOYnF5MVg5cWZfaTlBclNNZ1BCZjNDVHRUNnB3SmtpbEU1SUdCcHZ1VjlObUpNV1ZZc0ZuVUxzM0E2Vmw3MnJheUR3SVdtY1JpUE9OTHctdEFleUJXSVhvWXZ0cU5NLXdLUFlSem9rajhZV1R5UUlDUjVzemZTS1dEZW5HYzNmNGJzOTRhdDZUZ9IB6wFBVV95cUxQS09RdEJxaFg1U2xja2VLR0YydEk4bV9vM1N0SFE2bjA1U2xxMGtEY243RUtPSWJUUFU3cHhHT1lKUmJwMC00SFNDeHRZZ1FNMWEtVTlVY2RSNmJ4SmIxOU1nZlpGQWl0VFVFMzFyYnBGd3RUR1RMUUdpbjl2M1NOQ3JTTGpXcUpQdXVpWE0zYVJOWUdnNTE4cFIwQTlpLXZzV2xaUk84dkdhbmk3QjZrQk56QTJlZmwxSHFXUzFoVGRRMHhFeVljX1NfTml4OHFHTGdSRUY1ZENlUTlCUnFZWmN2YUc2UzJkNkJ3?oc=5,en-IN:aluminium price
2022-05-27,2022-05-26T07:00:00Z,BusinessDesk | NZ,Soaring aluminium prices earn Tiwai's owners $1b in revenue,https://news.google.com/rss/articles/CBMiogFBVV95cUxPT1VTRVJYcFk0UmFjZ1JicU5Xa09FLXZDTDFuRlZpNElDeTZzZFZZUEFfblZpOEx1QU5oSkVFdG5GelIxc3YtYWVNYktSZkdoUmJ0Q0Z4OUlNYndVWVNsTVpFaVNRblJxcVE0UjJMbFNWU0hBVHZ4SWN6em1VRTBqTkt5QW9uNURILTFmN0xPN1lRZndsaXdRU3dWRExJZ0txakE?oc=5,en-IN:aluminium price
2022-05-27,2022-05-26T07:00:00Z,Time+Tide Watches,HANDS-ON: The Bulgari x Ducati Aluminium Chronograph Ducati Special Edition,https://news.google.com/rss/articles/CBMiqgFBVV95cUxQMmRGV3plUmRyc1hSUTdzMEllYlZuTC1DN096MjQtUFUzYmpUdkt4MjJwc0ptQWlZSHBsamtVaU4zMGphMllrSFF4OHZBYVpHU250Wm5nUURocy1PRXdhdFk0NkJBTWQ0alJ6WHdQVWZraXlXcXpTTjhNU1lHbU9VeHkxWDNJUW5UZGg5VmdhVUNxRUVwbGFTNmtmZlFaajdYM2U0VmRCenJjQQ?oc=5,en-IN:aluminium price
2022-05-27,2022-05-26T07:00:00Z,The Australian,Manufacturers scrap for survival,https://news.google.com/rss/articles/CBMi7AFBVV95cUxQVmcwM09QNXBZOGY3eUtWUjBqNzRvcXVxYmRXSUVGZHJDOU81NVI4Y21pQzFnaWhnQm1SU3BQQlZkYlRDMGJyU0ZfS1NrWUFyUE9fLUtiUlREZVZWbFpFLTJyQTRTc0g2UDRESkRZdy1zNnVaLU9WMHltU3JLZFZuMk4xSENBTUNYb0RuS3AyVWxRazUzcDlNNXptQkkyYVIxR2N2Mm54M2hOQ0ZNQWowS21nYWFTTk1WTHFxVGlDZUg0RGNXYkFXNEQwZU96TG1aVXBXeVlqTXJ2cllITHpVdS1TMEkyWnJZTEt4TdIB8gFBVV95cUxOT1pqYUhpSXo5YzhSQTZnUGliSHhXcER5aklYR180TEhyU1lqNm1ZWkFoaWMzMGduckJoX2FNOHlJcXpmNW1GYzFaSmZKZldSLWVuMEN0dTVjT0QtdnEybmFsSVhFTmNlcV9PdHRNRDM0eFo3bV9zS2Q4NU5kYzktRS02MkxSbWtoWkNtQjE3Rk5STjlXXzhXSHZqR2RFS1FRbU84ZzFtUXk0VjAwRHI5d19Qak5seTBsOVJpeVFEemxQRFlXMG01X1FPNWpGSGRtc19veVJ4VDNzZGpUaTRRMktkVmprY3RibFcwOEVIU29sUQ?oc=5,en-IN:metal prices
2022-05-27,2022-05-27T07:00:00Z,The Japan Times,Japan steel giant warns more hikes coming for cars and appliances,https://news.google.com/rss/articles/CBMinwFBVV95cUxOb0xNMlo0ek5QOXpwWWwwTmstR0pfNWczYnBlVU93cC13VFl0MkFsbVpqcVlpWk0ya2tQUHlZVnZYWjhLd0RieEk5VGpjMGxPeTVWc1JQZUduNEJuY0RuaWhkbC1NaDloLXRiMTJHVFpTdU9KOVhUemg0WDN1S3dLM05BdlRhOUlfLUdMTmVDTXVnYmFfUFN2dlVWWllPYlE?oc=5,en-IN:metal prices
2022-06-03,2022-05-28T07:00:00Z,GMK Center,EU reimposes antidumping duties on rolled aluminum from China,https://news.google.com/rss/articles/CBMikAFBVV95cUxONmg2eEkzbjA3OE0xZDBCSnZ2WmVBZjRLUHA5R2k0NHRiSjJld241NXByMXBqLVlMMGRxRzNSS2Q4M0JYTFZGdERiemUxa3p0NHh1R2V5aDN5YlNBeVFmdFJmSjlkX1E2T2pMQzBPSWRpZkROQzlGYV9TVWU5RjRZc2tvUXJkSkJMc2tqMF8yZXDSAZYBQVVfeXFMTzNVTEtVNks1NHZsWUZpQUI2ZXV3YzBHTDdyZm51R29QRXBlMlJ1RHZaMUdyVTBzNDRpN3lvQVZDQ2ZUM280WGx1SUZQMGhuYVpKbEphTHhhVlVEVU5PMG0zLTZiaEFxZmpvaWdaZkZuUUdCeWUwVTI4ek1EZVJsZHlEeHpNVXFfaEVKZkJxbE1hQndYSUNR?oc=5,en-IN:aluminum prices
2022-06-03,2022-05-28T07:00:00Z,The Economic Times,India's longest steel bridge Mahatma Gandhi Setu to be fully functional by June 7th,https://news.google.com/rss/articles/CBMi5wFBVV95cUxNZWhIWU5FV0UxRnRXYm5wSDk3RHFmekpwYjgwYVVQelkta1pXMWtqZC1FamFOdzVLWVlpMmRtYXRJUENnYllUZVByd0xST19DWDNKc2pIUkVwVm5GRk9tbktkcHM4em9vZGlqRlF4ZlNHQWIwTEZ1bl9jTDJSTE44dUk2UTlLMm5mNFhSRzlLQVNfUU5GSzY2RjZHREw0WU1zOVk2SkI3aVE4WUFkTDhBU0RPYUtpNkhXcUl3N2JpT1NJRUhiemw4cDV1TmoxQUJsS3c3MmpjNFM0UmhaakVYamQ5eWxCMTDSAewBQVVfeXFMT0dqOUs0WXNzenU0Q1VFNF93YnZPekhpZG9GeVVobDdMNjFzRTJRUmthM0RTYTBFZklMWTJpMkNVN0EyWDFtbGxrVTgzYXA1LUZnOWFhV21CRkg0UVUxZ0hSSzJLSjZhM0VTX0plTUFPYXQ0RC14MWZsQW5CcE9wWGZpUWxqOE9GVV9hRlZfbVk5ZHNpYlNDcjJXdXBNMjk0ZFVMUHkwbE1yVngweDFkXzhUZEFoRGJPWHFZUEc0cFRPM2s5TlJ0eVRaNlAyMXJYTHVrWkwwX2lUWUFPUHltWnB4RWpTblNmR3hsQU0?oc=5,en-IN:steel prices India
2022-06-03,2022-05-29T07:00:00Z,theherald.co.za,Young entrepreneur starts exciting new chapter in aluminium business,https://news.google.com/rss/articles/CBMizwFBVV95cUxNa3lZNXZFb0tWV0NsX09nbkswUzJnNDB4SURIYTRnZG52YVNFeEt5b1IzckhTSG5WV0RUWVRfdEd2QVpmRG5SRFd1enF2aFpaSUl2eWIybFlrdlE3ZDlRQzZqS0R2UUhqTl80SnVCNFhBM3h4MjMzMjlPX2VaMnprMmw2Q2xHRkw4ZmFHVXhkTkpCcXBpbFBsYk9weGpRc2x4bEtpMXRRWU5iTUJhc0szYTNoUm9RSXBwM1c5bmNFRTdSTWt6VVctRkhlRnNTZ1k?oc=5,en-IN:aluminium scrap
2022-06-03,2022-05-29T07:00:00Z,Free Malaysia Today,Sun sets on 120-year-old smelting plant but tin’s future looks bright,https://news.google.com/rss/articles/CBMiywFBVV95cUxOa0IxcXlVUm10V2pkUWtVRTNLNm14c3JHUHJQX2hNa2dkeTBkdWNtQmF2dzNEVWNKRDZQODRJNmNLaVN4TG11ak0xQzNtSmVGWEV3cEdZVUNEeV9BMk9NeVR0TlVzZi1GSDFYWm5UY2xKcjRpeDJxZDlyYkhBSmlmZUFhNEJSSnNxZ3lIdGtQZnNSMURhUmhGdERCVkZDZHNYWWY2NlhVLVNoVnRnY0NXSWdlWEhvNGpDUUdnU21IMVdlOTlaUjFQV3FvRQ?oc=5,en-IN:LME metals
2022-06-03,2022-05-29T07:00:00Z,Moneycontrol.com,"JSW Steel earmarks Rs 20,000cr capex in FY'23, hopes export duty to be short-lived",https://news.google.com/rss/articles/CBMi0AFBVV95cUxPS2FveUZLejVPN200SlFNQXVnR3JRczhFQkdTWEx4U1dzcEdhSm1ROHg3aTVsYi1YUmU3VUQ4RXBtam14RDVsQ3pQRUpOMm5yY2FPaUtQRlhuTHU5VFFZRk1ieUxMR3R4YjhFeTJYZnA3UWNxbXhCRjJYc2lEQTlQMnZqN1AyUkxRbDl6ampCZFdpLXpoS2Q0a1hhZGZKaktJcFphVVhSVlJ0UjI0YnVNOW1pTndnQWV0amZfUEk1YTIzVkcxd05KSll2bkUtbmIy0gHWAUFVX3lxTE8zZEpHTkNoR29naTZVMlhmMTFXWWpqS1VTdUVXUXlmV0ZqN29jcFRHWVcxQUFRSy04NmRsZ1NZckVqLUoza1o3Skw0NlNnakRwRkIzQ3UwRmpOc01NOVp0SWxfdnI2Q3k0VENGa0JlbjVKLWRyM0twMHBleGx5NW81WlhJZjZVVE10NlA3RjNhQWxid1luaF9BTm5LbWhJWDRPSzdHUHNpR3dnMl9iUE51TFhHYVdGSjh3Ti1GbUcxeDJDZzBibGsyRThiNmlsc2l0OFJ6Mmc?oc=5,en-IN:metal prices
2022-06-03,2022-05-30T07:00:00Z,The Malaysian Reserve,"Press Metal Aluminium 1Q earnings rise on higher prices, production",https://news.google.com/rss/articles/CBMirwFBVV95cUxQN2puV1plZ3VUMDM5S0FQbk84YTlHMEJtd0FCdDBsMzFZWFhKaEpVRnhIbXVwc2hJX2V4UzRhUEtleEFSU3VfT2pWdEVFTDZUMmFiNkM2RVdxZnZTVEtZbnczcGtVaVFaTl9HZnpCTWgwbk9oQm85cGxIclFHdmNzc1c4VXJLNVZjRzFOelFvbG9yYmJvVkM3WW9XVVZRRjE2cmtWbEhVNHE2UTVKNFZR?oc=5,en-IN:aluminium price
2022-06-03,2022-05-30T07:00:00Z,NST Online,Press Metal Aluminium net profit rose 104.66pc to RM421.02mil in Q1 due to higher aluminium prices,https://news.google.com/rss/articles/CBMiuAFBVV95cUxNdWhKQW9hQXJMLWRTT3JvNm9tYjJsQ3dYNmdKXzB6b3Jab1pyZ2JDWDBEb2llY2JSQk8yYkNtQ0RnOE5YOW5WY1NWbWxqcktkaEtPckVkU3huNkktY0Q0Zl83Q21uOFhfSWNQTjg2Xy1WaVlfcTltdjhCdWNGQXp3NUJ6YkdGeURib0dLZXlwRnE4ak1TT0JXaFhXaFVhU3A0YXdSVWxxZ0QwcTVwaFVrNFdkOGN2cWY1?oc=5,en-IN:aluminium price
2022-06-03,2022-05-30T07:00:00Z,Livemint,JSW Steel to maintain shipments to Europe without passing on cost of export tax,https://news.google.com/rss/articles/CBMi1gFBVV95cUxNQVZzdUJGeVBaa0FjNk50SHRjb2hJMVRZaXdvYTZaUGZHZnBXdWktNWFMS28yVEh5WVVzVmpDZDloYmtSajdIVmxfczcyX2VveXFQT1ZiLUZZOEw2ZGpKTFJUNVBRYUg4V3E4WFZVTkFvZm5hd0s0ZXFScXFXOTVkcEVPdnJDSy1xdUxWd2JtNkN2SUpZSDRPZ1JqQllncVdYdmZCN3ozZTJSdzVqN012aU13NVBOeENWeWJCeDFaXzU0ZHRwWk5qcmpheTRqZWVDWUFqbG1n0gHbAUFVX3lxTE1XODVIcEZBMnotMUdva2s0aUhkX2ZaSDAtYk9taTBUVTFOY1R3YkZGWlFvSWRkb2thTWM1cWdZaDJZNXd0S2kyU1NtakNJbzY4T0VETWNaRGM3VzRERTVjNmFZZXRFVkNvR3B2bHZzaFpnTHVsdjhlaGpWSllYQkkzdWpHZEN3OFNOV0tMa2xvaGFCY3hPUDhCaXd0VC1INFE3WHhiTnV1STJvNmNqZ29RbXNNbmtsYzV3aVJOZExMZnE1OWg2LWluTXJPOWJiQkdfQVZhbjdhNHZEbw?oc=5,en-IN:metal prices
2022-06-03,2022-05-30T07:00:00Z,ANI News,"Jindal Steel & Power posts Rs 1,527 crore consolidated net profit in Q4",https://news.google.com/rss/articles/CBMiwAFBVV95cUxOMXNOOWlQSVZWTHVMb2lmV3YyT0QyWU44TFE2NHJqUlItV0FrOXR4LUpXVG9iV3RPWlV2ZzNqZVNKcWxkTnA1WkZZWXNqazlhYzdGT1FBVUVIaDA1ckgwTE5NUFpaZWNtaE96U19qQ0RZUC1XRTJweTJrOVpQWmtkZmFwd2VWSUJxd1FFQ3lweXg4WmV0cmNKZ2VqaDdsQ3ZWV2RWLWZQcWVhZmtIY2dzNkdRMFI3Q1FIT2ZNZ0w1LWY?oc=5,en-IN:steel prices India
2022-06-03,2022-05-31T07:00:00Z,Reuters,China's metals traders offload stockpiles as bleak demand outlook bites,https://news.google.com/rss/articles/CBMiwAFBVV95cUxPbU9uYmFpTnJpM3FxZTF5Z3ZQdV9Fa2xXWHJYaHJtdHM2TXVnZjF5dWdKbEVUcjNzdFdsdWNTX0o1c1hxcEdLYmw4d0d5MFpCNndQXzdWUm80RWdOVFFudW5FeXVmUTVrb19OWWExdFBMLThmSVRETTdld084RjlnTndLSjA2a3FBdjRUbkNUZm5Fa0NmbzBqRGdCTDNhUE4teDBmUmJtMWFsOUQxeDIxaUp6QW9FLTg2N2FZdlZXSkM?oc=5,en-IN:aluminium price
2022-06-03,2022-05-31T07:00:00Z,tour-magazin.de,4 aluminium gravel bikes from 1699 euros on test,https://news.google.com/rss/articles/CBMilwFBVV95cUxOMEQzMTN3d21HV1ZJX2RWb0wwMzZMNXJqcDZMMmE0TzJOc3p2S3czX01rU1pSTFJCRXYxak5scHdwRXFEM0lXbzZSYmJybHJ4YUl6RlZLSjRpenJWSkh0cGNhLUdVWGdfNUtHak5wbkJJaXJsUXlaYU1HTXVTWG9FOWRjMXBpYkQwX2tuMHdaM1U0VU5fNDRR?oc=5,en-IN:aluminium price
2022-06-03,2022-05-31T07:00:00Z,Recycling Product News,Davis Index sets up scrap metal recyclers for success,https://news.google.com/rss/articles/CBMipwFBVV95cUxQQjNUbHFiQWhwLU1qYklNOHNTdVBfLS1GbDZSelpwNjFQdDZ5TjRDV3dGUk9mLW44V1I3V09adXNkMGIydDI4ZW1KMWJKYzhqZ1YyUi1rcmVnc2ZZNmdtdmZKbTZlVklRYjVtdndFTkVSRzVZV3ZtX3dYRUZmS0FvM2ZHWkRqc2RUX3pRbkhCd0o3WERnMEZzXzRDdkJCQlptQi1DTm5OWQ?oc=5,en-IN:aluminum prices
2022-06-03,2022-05-31T07:00:00Z,Free Malaysia Today,Malaysia Smelting Corp set to boost output as tin ‘finds balance’,https://news.google.com/rss/articles/CBMixgFBVV95cUxORVMzSmdneG51bTN3M1J5SmhjTU84MUlRS1dXdWVqN1U2ZnBTT04tUHdhV2J6b3FDTlZucXdiYXNOcC00cl8yNTJsZUd1WDZ2TGpFSkM3OG5TRHZkcEpERXNiLXNnUEJsZnF1Q3pQZ1J0eUFZbUtnbTZiVnFVdFV2N3ltM3A0Rmg3OHNCbHJ1T3NmRUg3RktPbWdiYVhvaVZ1X0lGVk5jcm8yNTZEX25oVUlhcy1ZV0hxT25JQWNhTDhhd0FsWnc?oc=5,en-IN:base metals
2022-06-03,2022-05-31T07:00:00Z,BusinessLine,Indian Metals and Ferro Alloys expects to maintain margins at 25 per cent in H1FY23,https://news.google.com/rss/articles/CBMiwgFBVV95cUxNcV96TWg4dkRBLXc0NExMRC00Z3pwZ3QtYVpSR0h4R1ZmUUtzZ2hqY0Z0aXRCTEkyak5lYnJmdERpZGVsOUVVVUM3WU5xNEQ2LVdRVXBLZjc0ZkE4Yld6a1VPVjZnR3NrcGxrOW1zWmEzNE9HRUUyRVdlekZVZFprVG9Jb3puVUd1M3lJV0NOdVhzSXFfWW01UE5EYUFvaXgxRnNLQ3lPZzB1UkxmbmdzUElHN25BNHA4VEJaOWpqWk9Bd9IByAFBVV95cUxOLTRHcTdiSkotTEhKdnNEbXhIU0stdWF4dFR4WXI4TkVsMzZ5cGxDbHF6bi0tVExHOWhzM2E4RFJGODRUUzlvSGpFMk5aVXJ5Njc2VXpHaHg0SFAyQV9ub0RHaTRKT1hRYV9ueU9SR3FfY2dMdlZJYzVnNHBWazZ3OVFWYi1jbnQ3aC1OSVhrWUs2NWxQQzZrSXpBUldJS1RsSlRfZFNGRGRWelQtaTdaU0hwcDd4SXB1a180N1liSnZzT0Qxc0VsVA?oc=5,en-IN:steel prices India
2022-06-03,2022-05-31T07:00:00Z,The Hans India,India's 2nd stainless steel FOB commissioned at Srikakulam,https://news.google.com/rss/articles/CBMipAFBVV95cUxOc3lyb0pLY3BFS2hPcmkwMGpJYkVaejJORnB5cWdSaWxWYUx1SjRnQ2tOUE1iOXIzSndnVTJBQTVOcDZlcTg0bld4blAweDM0aG1jcDVUa2llWkw4cEMyWmJJQjBidEZ4NERrR1hVUHBfWHlrOUN5UzQwZjlGOXcwOHFqN3RVSERwdHJObVJfOUNsUmY0d2V0QVdXNWZZTzVuVGdjMNIBqgFBVV95cUxOLTVSNlpONmtuMkMtVjkxMDZhOXY5X0FrZk1wcTNuY2xTYXBWWnZIMzVXamt0eUpGZnhTMzNWTHlUSERxV2YtVWs4eDdyQ19yU21KMXA1TDZhWU1TdFNvbXVhQzNqQlVxMGtSdURTUDV1TnJoaURDb3B2czdRVVR1WXdqWlgxcnB3T2M4ZWY4YjRIRTNrSHVqQlZHbFAtZWZyZ2lQMkNpazdlUQ?oc=5,en-IN:steel prices India
2022-06-03,2022-06-01T07:00:00Z,AL Circle,Vedanta heightens its aluminium ingot price by INR2750/t or 1% with effect from May 31,https://news.google.com/rss/articles/CBMivgFBVV95cUxOMHk0aWo1N0lsRFlhODJkS2YzTW02RWpkSWJScW56VEhZRnJVZTcwQlV4ekFGU0h0UU1oa2FBakdNS0d3ZmxRbUpMQUJhM2g3Y0VPMHZoRDRab3dJaUdLclJUaXZ3RVU3VVc4b3p4S3BNZlMxcUx3SDFwc0VkRnMwUGVTeWg5UGZqZXQzdHM0TDZhU2tuWlFNbVVzR3dQcXZvT19mVFhaREZkaVJEaTdoVTlQZkUwRFczMVd1dVNB?oc=5,en-IN:aluminium LME
2022-06-03,2022-06-01T07:00:00Z,World Bank Blogs,Global metal markets: Weakening demand amid constrained supply?,https://news.google.com/rss/articles/CBMiowFBVV95cUxNOV9CTG00SmxaU2kzY3hHb2J4cmV1SGtlY09zdUJQRGUyS0xpMHpiUU1jbzg3SEdRT0RpNlVJSFduVkhsQTFjcmdtTS1OQjVqV2E0eUJKbW1yOTBuNk9YNHZ2OFVETEF2NjRNd3NONlQxa29hR2hSc0cwTU5qODFLeWVYbGM3SE1fVzhpSzZaMkJyRTc4b29nSnJFbjZucms4a0I4?oc=5,en-IN:aluminium price
2022-06-03,2022-06-01T07:00:00Z,CLUB OF MOZAMBIQUE,South32 completes acquisition of additional shareholding in Mozal Aluminium,https://news.google.com/rss/articles/CBMirwFBVV95cUxNWGh3ZUlNVEQyT1BNaWduMXJqcFN0VUU4UnZVNjZPNlkyZ0RwMmNNZlp4c0laZXRnLTdGcjNnazVUajY1WWF4bGstOHMwVHFUQnJWMG9pdFVCMFdhZE81ZExzdzdVbF8tSzRNLXZ6b2Jhd0JRc0lGbHQ4cjN4NG9JS0RyelNSaFc0d2VQY3E1Vy1aNXBheS1GTWU2bEdiY0NTVkFQSkMyVmllTmtIT2dZ?oc=5,en-IN:aluminum prices
2022-06-03,2022-06-01T07:00:00Z,ET EnergyWorld,Bigger battery metal costs could keep electric cars expensive,https://news.google.com/rss/articles/CBMiwwFBVV95cUxPV1FaQUlyUUFReGZxR1ZNNS1XU1lmcGZReXFHb3RocEItVXQ4TmcycDZlZHFfTl9nbzVkMVFySHZaYkczTXhGQ2V2LUg2WnM2YzVjNUhaa2FmM25VbXo0ZXFnYU45SlhwZDJhMXlBbFc4empCV2xzNFFxTi1BZU1YekxKeGxjUzFsLURtSHI3LVVYc28wY1R2X3V5SS1IcXIxYmxaTm5BLUZ0eHlUdTBLMDdGRkZSaFE2VjdVemsyQUktM2c?oc=5,en-IN:metal prices
2022-06-03,2022-06-01T07:00:00Z,Business Standard,Steel industry: From sprint to jog as export duty hike plays speed breaker,https://news.google.com/rss/articles/CBMi5AFBVV95cUxOOXRCeFpwS0xUY1UtNDNXM3BpVWd2MFgza2I2VkRWT2hvOEQ5MldIb3hsNW83N001NWpvSThjZjhxd0szc3ZJQldXRFk1OTdDYWtWQ3FKSWJ3WmZKLXR4Q19RSmdaXzZxUXhPRkh4amxsQi1YNk1XeW5zMnFqb2ZxbzdPV1FCeWdxNVlyb1pybzAzcHBoNGZTUEtHU192VGp1VjV0Y3BTRDZWSVMtcGtqWUZpM2ZjdGpyM1dhaDMzd0pxLTdCTFNiVnNpd21uNmVkaXQ4Q3lGRWgtLVhKdVE2SVJRakXSAeoBQVVfeXFMUFVNRHFjMmhrellrTzFrZFk3cnRCaTFQSDRrZmVLSkZObUJZWC12akZjaXpsaTB1bEZ3a2VYOU5aRmlmSFpfZllNS1d3WGxtN2NoLVI2aDNEc3pwSXc0RkFNZjR1TGVnNHNxZVkwS2hacVRNeEFDMTN4QWplTmxJZ3d5UVZUR3JTMnkta3dyVGtXdXZBUGFzMTFGYlQzWmZYSG9zQ3FpUU14M3pvVzNZbTVpMWpUNFpLc2J3eE5heXQxMmY0cm50WkJKUlA3WFJleVo4RUFTM2J2RDdMTl83bDBHMUg0SG44VmFB?oc=5,en-IN:metal prices
2022-06-03,2022-06-01T07:00:00Z,Value Research,ONGC trumps Tata Steel and TCS,https://news.google.com/rss/articles/CBMiiAFBVV95cUxNRjB2bUpyczBrXzRoVTI3d1lHZjVoMFZzMktRVk5KRGJ4MVVHTnZ5MEVxS3R6S2VhcXlYZURMUkpVYWZnMEZ1aDhSaTRYNGRnQnZIS0pmTXY5dnppc3lib3ZBQUpqcHh5LTNfX3p4dE02dG1WZWstZzlzcHcybF9NZEw3c2VZUmxT?oc=5,en-IN:steel prices India
2022-06-03,2022-06-02T07:00:00Z,Quill & Pad,Bulgari Aluminium Ducati Special Edition Chronograph And Riding The Ducati Streetfighter V2: Italian Icons Photofest!,https://news.google.com/rss/articles/CBMi5gFBVV95cUxOOTJMeVRQcnBUQmp1alVZWUpJVTZYVHRudkdYT0xwUlJGYWM0TmctVEMwVkZvWHFMa1QxVWswNGdsY05oNUgya3gzNXVhaW1OYlk0RFM4Ul9DVUNIdmEtQndrSFQxQllFdE81UFRHalR5U0h1OGpqWG1KZkV3NTdYa1ZoN2h6d3M0NzNHeEl4VkZIdWVSZ0lQUjBNelI5WUhsZHhaS0R5S0NJOWM0QWpHOEVzRXh2TGhTaF9RdjNGZk96S2swZ3NES1UyTm5BdlQyd1luN1FwN09xY2Zwak1aWjl2aGxtdw?oc=5,en-IN:aluminium price
2022-06-03,2022-06-02T07:00:00Z,Australian Mining,Mozal move boosts South32’s green aluminium output,https://news.google.com/rss/articles/CBMijwFBVV95cUxPeGFWdzZMN2NfZmdWMENXZ2FIeUZaTlVBbmRHRXhCV19mSWNDRGdzYmxjLU05Z2k2dXJDTVdHNFdZV1dlYmx0bzBvNHo4YmhNZmhLVnd2OGpZcVVHbTVCOEZXdF81VUIzd2JvakV6YUw0bkM2aXNETnNLc2lxbGVCUnR3MjNTZ1dfeVN2Z0dBSQ?oc=5,en-IN:aluminum prices
2022-06-03,2022-06-02T07:00:00Z,bizjournals.com,"Alcoa CEO Roy Harvey discusses company's innovations, including a carbon free smelting process",https://news.google.com/rss/articles/CBMiqgFBVV95cUxNdlFPMk9kSTE4MWxUdzhoZEd1WjVlR29VVFdUUlRoZ2F1NUIwUGdqSTFRbU85TGVFUkNVNVIySFpZUW9WRTJiQ3pLVWFCTnNGNld6bWZsckpnRE1NZ1BRVTV4a3k4bVdjQWg0M2s3ZWpodzVLNHN3QUw5RlV5aGZSb25ZZHNzeHVnZ2cwYjRVWGJacHFveUtOQm5MUGozVk5mVWlGdUZ1WllMUQ?oc=5,en-IN:aluminum prices
2022-06-03,2022-06-03T07:00:00Z,CarWale,Skoda Slavia prices hiked; Carbon Steel colour temporarily discontinued,https://news.google.com/rss/articles/CBMiogFBVV95cUxPbWxFNXhtSG8zcjFXVGx3SGlLTlZkbWV1V2doQWprMEl3cFFuM1dHZ1YzLW5qZms4dWxxX3RpbGpZOVpzTkR2RXJoazhJSG14TEVVdGJuR1lwT2doWFFpNWM5N3FWc1NCb0hMYVZrMGJkZWttUlJMZC1WcDVISmVQR1pSNmRFZmFUY3NBaDhXM09mWktxRC1OaV9fWGNpZmt4QkE?oc=5,en-IN:steel prices India
2022-06-10,2022-06-06T07:00:00Z,Reuters,Hedge fund Elliott sues LME for $456 million over nickel trading halt,https://news.google.com/rss/articles/CBMivgFBVV95cUxPem0tTDhweUdadkV6MGZ4M2hDdTdMdXlQbDNzN3NtdkZsc0tuX19xRGNWZm9NdzhkZW56RjhnSkowbFVDOG9jNlY0RXdIQmVzWkxGOEtiQ0dBVDNoVFpaSlJScnhqNEhpcmpvdnpxRkFNVGw1dGphZ181Mko0Vks3Ulh5UDhsT0ltUnU2T2s3QVgyM2tPR1l1MUhGSFl5QUlFemp3RTc5SW1xYkNVX0VfUTlFNTd4V2NWMF9qQlBn?oc=5,en-IN:aluminium LME
2022-06-10,2022-06-06T07:00:00Z,news24.com,Hulamin shares crash after takeover bid is scrapped,https://news.google.com/rss/articles/CBMipAFBVV95cUxNVlctdXZnN19KdFlFc2pQTWxFMlZpRGZ3N0ZNcWpxTnRPR294ZGhJSXE3cGVxMHNkaEZZQnR4WFNNOGtHV3R2RWU0M2psN3pTTUlfblBtUTlOVTd3LWpyV0xrSWxUMTM5SGRGMUZIbWIxTDJjU19SZ3l5VkFlb3FWLU9zMUZONHc4MjVqR3BaYUVtMnBJSjdROTJwTTAzbWhQcXZ6aA?oc=5,en-IN:aluminium price
2022-06-10,2022-06-06T07:00:00Z,The Japan Times,‘Fake’ aluminum stocks put perils of China’s commodities funding in spotlight,https://news.google.com/rss/articles/CBMiqgFBVV95cUxONWl0cnlnY3dPU25IbFkzM1FJOUNER3kxWXVEcUNQT09BNGFyalI3QXFfXzlBdTVXV0tTdUdKdXQ2TE1SVUtGdWNPNW0xYmlUQjZ2dXVzQVJqRVdhVXpoRHoydFFhWElDMHN4eTlrbFA4Szl1LW56bnp4eDVUNGFsZzJFM0N1a3RDTlp3OUtnTS1Zak0wT0xCdWtaNDUxc2xEcmMyR1VnM2dnUQ?oc=5,en-IN:aluminium price
2022-06-10,2022-06-06T07:00:00Z,MetalMiner,"Nickel Prices: LME Nickel Contract Continues to Lack Liquidity, Harming Price Discovery",https://news.google.com/rss/articles/CBMivwFBVV95cUxQRURHb0xpTHRiNHRSdW9DOVlBZU0yNWN3VUloQzRmcC1wczFoclh4N1hTNE11SHUwOU9kc2wzWjJvT19sYUl3bzE5RVlvNFI4QjByMzByZkg0U0pMVmozMWxYR2hweXNEN1pxQVRENC1Vd2FrS1dNNTk5cS10N25qa3BncnJGMmhpcXViSjlKMEFFaTJvMXZNVHp2TDRadEdlNlZFc0hfVnlKV2dJRU9IZHd2Y3hBR3NvaGgzZjRnWQ?oc=5,en-IN:aluminum prices
2022-06-10,2022-06-06T07:00:00Z,Recycling International,"Behind the scenes of the Jacob Metal Group: quality players, not volume players",https://news.google.com/rss/articles/CBMi6AFBVV95cUxOVWFOOGdYNU0zT0tvRzB3VkxRWEVpRVFDVTlHcWFpV2pucXBiQ1pJUDd0ZlpEZXhaU0tWdF9ET1Z1eklNQ2wzSUg1QVliMGpnbVFVamM0cHpvblpBOWpKWnJGOXBrUVd3eFFQNFhaVmFIQnZlY3FTYnRXeGM3b2lsWHZ1ckQ5TjFQOUlDLW9MVzJ1Zm5nb3cyX1VILWtSanJpV1dkajBlRWpkWU54WjJmbzRhVFJna3NfMjJORjhtTkNVOVJibHJST21CbVVMblI0RTJJVnpkcldwQ3hjYzVNTGFaM2l4Vld1?oc=5,en-IN:aluminium scrap
2022-06-10,2022-06-06T07:00:00Z,statista.com,Aluminum production Malaysia 2012-2021,https://news.google.com/rss/articles/CBMifkFVX3lxTFB1clY2LTJyOTc3WEc1bDR4cVlWVFF5TGRCb2ZXVkxuSnpVOElyZ3dlRnhxc3BySUhUTS02bmJhOXlicV85TEZWenJKU2dlRGE4ZU0wUk5ZeG1hTGNnQ2tSS0tSUlk0M2RiM3FPdE0xdE5TaXFtMm9xUHRfMW9hQQ?oc=5,en-IN:aluminum scrap
2022-06-10,2022-06-06T07:00:00Z,statista.com,Aluminum production Indonesia 2012-2021,https://news.google.com/rss/articles/CBMif0FVX3lxTE1DZ1ZOS2NjY2w4MmEtVVRwTkZDSURYT3ZUekxaRm9WbFRLdWVkQlo5RVNoTXhTX3VydVJBa01mT0x5V1JOeVZwS3RGTm9wQTFleTNfVURRekpMWVdORmRHUVEwMmZIUnpwTWxrc1h4cVBlWkdvbTlSdVhveVQxQjQ?oc=5,en-IN:aluminum scrap
2022-06-10,2022-06-06T07:00:00Z,BBC,London Metal Exchange sued for $456m over cancelled nickel trades,https://news.google.com/rss/articles/CBMiVEFVX3lxTE00b2ZpN1g5SmthaTREWjBFZlQzMG00WU1aNzlFeEgyS2lKMzhSazU5dlBxRTJ3UHhoeElmWDFfeXdDSDBYdm9pMzMxVVFVQ2hERmwxMg?oc=5,en-IN:LME metals
2022-06-10,2022-06-06T07:00:00Z,Reuters,LME nickel volumes tumble as funds and other users retreat,https://news.google.com/rss/articles/CBMiqwFBVV95cUxOZ2YtS2JtWFRIZVZJcDdrY0Q0VHctTlF0NXBFclQtOW9TNzgtZnQzd09MRTlMQ19wOGV5T09MSDJoSzBTSTJoTkd0RUNmbG9HQnl0WnlmZFFWZnBCR1VNb3dtNDNNcExEblYtNk14SFIyM0dYVWxURGRfNjJxdDEyUVBIWUg4akhhamotQmF0a1oxQXRxN2xRMUcwZVhBcWxZMXhsQTdPLXFub3M?oc=5,en-IN:LME metals
2022-06-10,2022-06-06T07:00:00Z,Plano Magazine,Metal artist Leif Price sculpts his future from a life-long love of motorcycles,https://news.google.com/rss/articles/CBMiX0FVX3lxTE16NlZseWxXSXU5czZFV3RFUzBzMUFRd3JKa05WcVNvaUgyS0FwMkIxN3hCNC1wb2xNTnFETFBsWHBNNU1uLVNFUEtveEI5SUR1Q25MVTVMLXpOVmxjRlhN?oc=5,en-IN:metal prices
2022-06-10,2022-06-06T07:00:00Z,The Economic Times,"NMDC shareholders, creditors to discuss Nagarnar Steel Plant demerger on Tuesday",https://news.google.com/rss/articles/CBMi5AFBVV95cUxNcFJGU3RCcHJFZmJka0g2VlhLanJvRnFhc052NTBDNXc3bFdxOVdhcURhbk5sSUtHTlNMbEctanRXcjhwdHpUT1BxZEJrdTNyT2hpZ3hJRVFBNG05NnhOYzVUd2FjVk1KdVp5T3hWTGluSjRORDNzTklmdzlyUFlVMUYtaEdWOHlXZVdHdjBHMlFxdGs0MnducHI4Vzl1S1hFYlR0NU5DTGRFcUF1R21rTXJCc1FOd0UtQV9EdEpoeXhnd1VpNnN5MWdrc0Vnekc5dktCM1c4Y3Q2ZHBTNVVaUTQ0Y1_SAeoBQVVfeXFMTmJlQTJ6NVVqU3IwTkU1UUVVNThBMFpBQ250NUZncFJUT25Ed3h2dXNDUWxqdTFTZ1dneEdlcGU1TzRQU0R4Q3R3dC1TWjFQNlZEOXRmZWZVa202OWdBUUFrLVc0UkRXbEtCR1JWcHBXU1UwQ3RFb1pWSTFiSlNPcXpCZDhHNDNpaXQ3a3lKUUg1MS1OdDRDM3BTTGEyU0c1WC1YMXJGY2lFRTRLa21iMlhINjctUUhZcGFvZjdIcmI2UjhtUWdqVS1xZVFhOEUzRlZKR2d4WjdvdFlKOFNaMm9Vb21LdHg2Z1pn?oc=5,en-IN:steel prices India
2022-06-10,2022-06-07T07:00:00Z,AL Circle,Hindalco's alumina production grows by 20% in FY22 following a capacity expansion at its Utkal refinery,https://news.google.com/rss/articles/CBMi1AFBVV95cUxNX0JWQS1iaW94LVA2bVlGWDY1SWpTT01ueG1BOVlkUWpLV1Fuek5XSk53MG9hRlEtTHRFWlloMkxZNkNEVmFQSHZHaVk1LWxHMVU4WXg3T3J0ZmpwSTR5VVpBVkZmSHZaTE44ckYxcTNGaFhiS0hlQTNKcTVzNWpsMnFkc0paUldQaXE2R2c5REdmV0I2d0JrNHlKSnU5NGZpaWhQNGtzdHNCd0R6dWQwaUZyT0NDQTRMU2wyeVdua3VIb0xXOXpIX1VwU3BDZlhCanN1Vg?oc=5,en-IN:aluminium price
2022-06-10,2022-06-07T07:00:00Z,washingtonpost.com,A factory wants to reopen making ‘green’ aluminum. Now it just needs clean energy.,https://news.google.com/rss/articles/CBMimAFBVV95cUxPOXpjd0hTcFFveXpsYW1GaHMzTG1TRjNhamdvVVNKWDN6SENRYm1CRTcwZnBvajlVVU1lcGhhVU83RzJQRDFuTjc2UDIydlAzVzN6aHRBN2ZuZDVQLWh5SUJHSzZXdXdtdS0zRlRNa2Q3NXpHN1lvb3hQdXBNZzJKcGpMQm9pU3d6RGV0MHJ4VHFzX2xZY2ptMQ?oc=5,en-IN:aluminium price
2022-06-10,2022-06-07T07:00:00Z,CNBC,London Metal Exchange hit with two U.S. lawsuits over nickel trading chaos,https://news.google.com/rss/articles/CBMirgFBVV95cUxPbEtnejVBWkw1cjlNMU9uQ09TSC1oMEFjdkFKVGRjOEZ0cWoxV2VaRUwxakNiMWg3MDRrSk5rMFpkMTNFenNTM0xxT0d2Vi02NDR0YjNhdDNvV1hLdkZUVHhoWUJZdWM0UXduY3J5Nkh2Xy1fT1dXdHdDZ2JUR1ZiTFotRXJ6UXpIMHNkMjdMaFo2YTdzZFZZTE83cDd2QWZhamdTR0s2UFQxT2pYYmfSAbMBQVVfeXFMTldHWXhRR3ZPV1RtSDdpOWR0Y3hXaFNuakx2ZlBEQzZxdy14X0R3clFERHlQc0FYQmhfUERIZkJEVUE4b3gtTzdTYmVIdVl4cjVObjk2TzhjVkhGRGlZaUN4ckJoMnJPaE1lRHdDdnhGdzVyMUM2di1OTkRHUzNhaE1KUGxYYmF4VnNXaVpTWEF6dXJSWUxmZ0hYQTlxWjQ3c0ZOMUx4c29sNTVnS2xNaWp5MFk?oc=5,en-IN:LME metals
2022-06-10,2022-06-07T07:00:00Z,mining-technology.com,US traders sue London Metals Exchange over nickel market disruption,https://news.google.com/rss/articles/CBMikAFBVV95cUxPWUVrV2I3eS10SFN1czlnMXlsbm9XcldwN0tyNGx2ZEVWSFh6eWVISU9XRU5oUDJaRlRfYUV1OFhkbkRITUxUU2FUeTdxUW1wTUduNXlNQndHS0MxWkV4VkV5VkdJUE1NWVVRSlRneWxpbVRWNC1oQl9BOWt5VWdxak9vM01XbGhRU1hlZEN3SGc?oc=5,en-IN:LME metals
2022-06-10,2022-06-07T07:00:00Z,India.com,MG Setu: Why India’s Longest Steel Bridge Connecting Patna To Hajipur Matters To Bihar | Photos,https://news.google.com/rss/articles/CBMivgFBVV95cUxNMHpyVGpZVXlwZC1qRTM2cnJRS1I1WDNCYTBsUkJ3RjdRTElGOGZjcDdmTi1ndXBSMWNVZWlYRjNSMVhFRVZFanJtakgxUng0amRIb2ZRMWVEV0NWcjNGRzl3b2VhWnhWbzBmRERyOThtWEJEVERiRFgzdGJUUmFhSm90N2piQS11VUg5MzVTb3h1UmZndi1VT3dsd2c0YXNjeXVjdHM0eklTeHN4SlhBa2tqc1hMWHpDU0poZ1Rn0gHDAUFVX3lxTFBnQUxqeEpIaDA5WUdFUEFjMUh6eXdfWmxLajRjUHMxZndIemd2MU0yN3g1Q1VLZkFfSW10YmFNRjM1U01VZVFZQzhEOElnV0w2RTJBMTNoTXExdmtJUmI5dzRINEFOVjY5bTZma0FsdmtqVHFsVE5qSWxqd3VoNGtVYVkyNW9VOEZpUnRBWS1TRHExbFl6a1J5YkVaM2pmTlRNaUZsc3VXMjU5SzFnbHkxZlplQ3p2cUw1UGEyUkp4UEI2aw?oc=5,en-IN:steel prices India
2022-06-10,2022-06-07T07:00:00Z,The Economic Times,Jindal Stainless Steel emerges highest bidder for Mittal Corp,https://news.google.com/rss/articles/CBMizwFBVV95cUxQeUZLWFB2akJCZnNkMnJxTlFvUjFoNEpId3dBcEhacEdJSktESEtLTzRlUlZ6V3RSR21rVHNQckU5eGZ0aG1HQjIwOUdkWkxoUFNqd2ZTaTVJcDdOajVid2dUTkNidURUY05PSFFHQy1QU3FjUmJLN3lCWkp5MHdHd29fc1puOUJQejRQdmZxbFd0THNXaVhzRGVCcXZ3Ujk4M0RQb0w1NnhoX3BrSkxZeTQ4MnM2MllvM3lPMzVvSmNCbzlBanJxYy1VenpqNU3SAdQBQVVfeXFMTnloRXlRbE9SZ0NaNzBuQ3RMVjRWZlBJcWNVUGFmN3hEM2F2bmtHR2tLaUxTMWlITWdtVzdBa053YTJNYTRjeTdndnNUZjhJUnN6M29nWXQxSmJuQ0VISGRqRjJhdHFzcURlcHlWX3k1Z0FZMTFYWXYxaW9fSUE2ME9kZXNNRE5UVDRPemVhWjlrTjlWRG1sUGtCUUl2Zmh5RXRsYUMzSXVHR0FleHZuX2t5Vk14UmVsekhEdUZyYld6MUV3VUd1OU8tQWtKckRtT0JmeVY?oc=5,en-IN:steel prices India
2022-06-10,2022-06-08T07:00:00Z,NH Business Review,Nashua aluminum can plant hailed as meeting need of region’s beverage makers,https://news.google.com/rss/articles/CBMingFBVV95cUxNVnhwUXBfZGtwQ2NBczVDMVJnVldIc0pzbmxNVjM4RXhneV9ZdFpUYUZpY29FTG4yaG15V1dURGVhUmVIY285RURHeUFINVhINjgtaHlkc3B6SUhqbGtYTm9CcjB4TTFQMTVKb0hLU0R1TWtOMFVHaU1fMXJ0Z2p2NmtJX2k3LXc2ZFN2UlFacGJDMFRqRUZjWW9ibGxuZw?oc=5,en-IN:aluminum prices
2022-06-10,2022-06-08T07:00:00Z,mining.com,Britannia Global Markets to quit as clearing member of the LME,https://news.google.com/rss/articles/CBMilAFBVV95cUxOUU9oLXhna2hPX2M2VzNOMjVoVzFDLTlSdTFEd0NvOUYxcTgzZzBjYmxNZFZlbUZvcHY0Wl8wV3BQUzBHQ0xOWW9IdkVpOHpwejdnZF9mQm5XNFhYSnRRRC1qS3NZZFFkUjAyQXZVQ2lHRjN1VjdLRkFrUnlaY01JQkVPR0U5TFVuaWwtN1M2c0UyMzZl?oc=5,en-IN:LME metals
2022-06-10,2022-06-08T07:00:00Z,GMK Center,"In May, prices on steel bars, beams, corners and hot-rolled sheets fell",https://news.google.com/rss/articles/CBMiqwFBVV95cUxPQnMwLXN1ZHkyV19oeHNlYUlLb21JcGlpbWJaNXhHMVY1UG1RU0RtM1hlWldKOVM3UEkxMm1xclJXUTFGSk0zWjkwZC1Uam4zNnVHZUZEWDE4LUpJZ2gtR3M1bUp4d0JxaE50dTRVeUpsTWIxUW5XTHJhNEljclBvM0lUYTgxaFRqNUxkRDBCblpMZnZUVVBIVW1nYWNMOHdEZklNSHh5OERxdknSAbABQVVfeXFMTlJiSmlFc3loVGxjZHoxOUNBcTQxcmpxYkZ2dDNBdEF2VjF6ZjFRdV9wTFhPTHBDNVJLc29RQnE5WTlwU0FfMVRhWWVCNmlNdHhwZXNrX2ZuTXBpVEhaN24yYUMtV3VGaDhFVHQ4MW02c3U1bm43QnhQaVQ4UzFOWURZdE83Y1BVT0E5MEFDMGtTa2M4dUFjZUZiV2JpVnZ0SlhlTHN5OGR5MWxmRTlrSlg?oc=5,en-IN:metal prices
2022-06-10,2022-06-09T07:00:00Z,Reuters,Britannia Global Markets to give up LME membership on June 20,https://news.google.com/rss/articles/CBMisAFBVV95cUxPLVZDaHNxVE96cktSaHNPNGFyME14Vy1OOHhRTjNuSTdrbzdER3dsSWd1TjlodlJQSlQ1OWRLNWkyYXdDUXJWcHRieEtMazFOZlZYR3BCTWI5a3N6bERoMDBOSWlwUW9hdmhXc2tfd0RUTXh3QmM3TTZhZVdHeEJDUng4a3I3bVVIeDdMeU90TG1HNWQ5ZEhubnJqaWF1R2NHaE1mTDh6X1ZVbkZjX0RuOA?oc=5,en-IN:aluminium LME
2022-06-10,2022-06-09T07:00:00Z,Fastmarkets,Production cost rise is a concern for alumina refining in China as downturn deepens,https://news.google.com/rss/articles/CBMivgFBVV95cUxONTR0aWRoUE1LMHg1TnQ1blhoZ01ia0ZyZWVSeWVURUR4cmhVcW1jbFBaVHlRMGx2TnJSRy1sNXI2bEpjTUUxOV94cFZaTVZ2aFVlUkVfMjRlaFAwMGEtMWQyQktXRmtGWHdpVkxoS2cyWlFqSXpiazRvY2hEMkpmelQ1Y2pmclJaa21GT3lmNThhc1dWWThTcnFrS0NUUjRVemp6OGhLdVExdVhGeTl6WV9fUll5UElFcmR5R3hB?oc=5,en-IN:aluminium price
2022-06-10,2022-06-09T07:00:00Z,AllOutdoor.com,New Cerakote Billet Aluminum Shooting Glasses Frames from Gatorz,https://news.google.com/rss/articles/CBMid0FVX3lxTFBzdG52UDNSV0x1NXM4dVpTUmxBTWVpM0k1amFnYnZlWTlycXkxUktQZW9hMmotZ1Z6UjJMUGtjWS00WHpMMUI4eEtEaDdQbnNKblNNYXJPQW0wcVpBNEpFdEM3NXhrOGU5V0RZZmloeW1nUGM2Nmpv?oc=5,en-IN:aluminium price
2022-06-10,2022-06-09T07:00:00Z,IBEF,Export Attractiveness of India’s Steel Sector,https://news.google.com/rss/articles/CBMifEFVX3lxTE5JNE45UkRHbTdoRExxb19GV0ZrSlR1NkVfaXpXLWlUWTRrTjVCR3dBeFQ2VnV0VXpYZFdfUEttcTRoSm44Yk1oMkVmckllUUdXOU1tbUl0YmRUOGVoUU0tUEJGLXpEd3JSRndib1B2QU9WZmE2eVJVLTg1ZEo?oc=5,en-IN:steel prices India
2022-06-10,2022-06-10T07:00:00Z,Oman Observer,Sohar Aluminium achieves ‘highest financial performance’ in 2021,https://news.google.com/rss/articles/CBMiwAFBVV95cUxPSXVONU92Rk0wRlZYbUVpZ3M4SnRodk0zbDBiV2N4M2FFdlVlbFJsU2pYX0VlRHh1NDZwa09LNG9POEI0T3pIRTB3UXlxclQxZzZsUXJSWk9lcHNRUzBCM1ZCUnROOERYYWdERkl1djNEQzhRY2RKWk1vM1U1eGY0czZab3VSSWowM19wbWpKX1hxMEgwVzRMdDY4YTRpRnlqWWp3LUNfeUVIV0ZtNmpfWFJnQUNWS1B4STk3Vm0zcUfSAVpBVV95cUxNUHRWM0x6TDVNYVRsNmhBbDJuZFFtWjBSdERUX3RPZ2NUYTdhNnZEcWtZT0VZLXZkUVNXYl9WTGF2YWlVM0x5SENsVlFIUmZFTzItbTVwemRZSmc?oc=5,en-IN:aluminium LME
2022-06-10,2022-06-10T07:00:00Z,WBEZ Chicago,Scouring Chicago alleys for scrap metal is a tough way to earn a living,https://news.google.com/rss/articles/CBMikwFBVV95cUxOOG1BWXBaSGNsVFA5dzFCTEFBNEY3cWRPcHgtV0xXSjF3QzBJRGhqOHY5bE94M0MtV1RrNXZzd216RHNtX2RJV256UzZ1OXp4Rk05cG9WNHIxb1htX2dCSWxLWk1DZzhTbTBVRHRCQl9fM3RhY2dHMEQ3OFVPZl9PNkdtVjhGMGhnSWsyYmpjeXpEdkU?oc=5,en-IN:aluminum scrap
2022-06-17,2022-06-12T07:00:00Z,The Economic Times,Steel industry seeks government intervention to check coking coal price,https://news.google.com/rss/articles/CBMi6gFBVV95cUxNQS1sbW9SUUpzZHFGNklDNGlTNHdHdGFtamRrYTd5Mmd3c2txZHR1Mm05dVJXT1BmSXNwcVkwNThRYVpaajUzLTZfOEE5TlJaTGV4RFJwdXRvYXc5ajFkWmdPSEhORDlLYmoyU20teGtKelJ6M3FYNXMxb1ZRY281dmJWaG5OZWxsTENzQjM3NlZ2T2o4dXpmUW8wZjFsYzUySXFuVXJxeVZuYjFUdVBMN2ZvaU9jVGNYdERZSzZqTXhLdzFVYnRYWHJaUloxVkNOYjBneER1NTRhYi1tZE4yZjcxdGd5THJCMFHSAe8BQVVfeXFMTkpLQzRGb2VsZUd2Sm84S3dKTl8zeE5FZUtKYktrVmlaaTZXZjBwU29WM1NCYUFoRUxIdlZ2Z3BLYWtBM2FLdkxMNVdHRVdBVm1VSkVhbDVrNGFBRk1GNkZZY3JBNzB3YWpHSmFnOWZjSjVvRjNYN3hZd3M5VG84VFFYbGVoR3hqQldxRF95TEhZMVJzOGVqWlNwY3ZxZUJtMzFNUk9OdTRfMVY2SmpPXzc1Z3RtQXJTWV9Zb0R6WjkxQUNQYUNHcTU4YjFyaFlLZnJrOWNuaW1HYzJGSmt3ZGE4MVNMWTQ0YnFwazc2V1k?oc=5,en-IN:metal prices
2022-06-17,2022-06-12T07:00:00Z,Orange County Register,Californians deserve relief from high gas prices: Michelle Steel,https://news.google.com/rss/articles/CBMivAFBVV95cUxQMFJCVGZTMmdfbHRjLU4wWl9rQWIwVG1tTWZsNm5acG5LNnIyVFBseFQ4QlBRMUhBNHR6TjdLRFRFQzZvUUZYQTNXZW13aDFjX1IwSUFzakstazBBQzZXYVhtWkgwWWVDRVV3UEhGbzRpeDdkZW16S1h0NDFpaGsxaXZ5YlJmQW8zM0lMcXJOYm9VQmxEMWFmWkZTTjlQUTZmVmpLU3VpOUV5OHFCaDBBSXJkR0JDNFpJTWdGbg?oc=5,en-IN:metal prices
2022-06-17,2022-06-13T07:00:00Z,Recycling International,Dutch scrap metal omnivore,https://news.google.com/rss/articles/CBMijAFBVV95cUxQV0dLcDlGZUVXaEVVNXAzUWVZX2Z3Y29HVm1aZktqZmFaLUJnam1QSk9aMFJTY0l2UnAwRnRhekRJOERCZndZTGxGc2JwZ1dNdVp5ems4U3g5X215YnRSYkRRWVR4b1Q0SUZyam9wUl9kOW1FcHk3ODVRTU50dHJlWV9QU3ZPWkkyMEY0Ug?oc=5,en-IN:base metals
2022-06-17,2022-06-13T07:00:00Z,Livemint,"Jindal Steel eyes ₹15,000 cr in one of the largest corporate loan deals",https://news.google.com/rss/articles/CBMiuwFBVV95cUxPTEJqeXg0VFRfVjlLcU5wY0FHQVF1YThxdTBvNVktR0Qxem5ZaU5BUGQxU0o2WjdIVEVmcm5fNE92aFB5UjdFQ3EyZ05aM200T1RwZkFFVmthOGNDZlRqb3ZsS2ZtZnU5U1hROG01cHVjQjF3ZGZ1Ni1nb3E4VS1jdXZBLUFMQkNWcmc2THNaWlNRNmpKXzRQZ2hrSm1CVmhTZ3lJUVVsQUJmUDI1TFl5S09RU2R2b0FkLWRV0gHAAUFVX3lxTE5HWGk4R19jSFpMVWJtWUphNVRfUUFkTlRzSUw4SUlpbjJhdTR4YnV6YU41Y01mU3FKNDNZOUdyT191Yk5uOUJuUjVKY0VUcERLZDdPakRselUxWndWcDBGRzk1enh4QWdFTk1wb0F2NlF3YzhrM0pKckJjcUhOM1doUDBFSWJBUkU0cUllOTlURmRVcW41Z3k5N2MxQUY3eWpGRDd3NUJQdFAyX01Ya3FtNUwxUEFxWnlIaVdJbkEwWA?oc=5,en-IN:steel prices India
2022-06-17,2022-06-14T07:00:00Z,South China Morning Post,HKEX eyed ‘super-connector’ gold with LME deal. What went wrong?,https://news.google.com/rss/articles/CBMitgFBVV95cUxNalB3TDdpTHFHMHRNV0pwaXdkUVNaLUo3cEJlYXdLU0FwSmktNnVtTmR6LTNkTmpZUmxTTE1vRDBnTlJzOS1tV2ctY0oySWlsemxReG03aHFaSnlZMTBPWjZtYndQWmhpc1FySlp3Y0hVbFNKbDhLdW1jSlJabDR0YWJmM0paS19lbHJDaGUyc2NRSlYtSEpWXzZyZnA0RFVCREE4V0t4OTFNb2lNZENtVXM5aWtVd9IBtgFBVV95cUxOU1NoWkE5SXVGM3BMVV90NEdudzRFNlEzdkxTZUJ4SW1nekt2YVdTT3hOckdYNzYwOUZ2Tjh2Q1piTzQxSi1wNDJLQ0JwRHBBdF94R3lCbVpUYWVoSmpRSkZONUQ1RUFsN0Y2akFBSEtLam1MSzJZNkczRnRNSHZPN0Z5eUFaQ2RYSVV2djU4V0RQZHowSTh0WXptY0t2TnktOGZKSE9BRDU5YkdhZ3RPOVNvdzBFUQ?oc=5,en-IN:aluminium LME
2022-06-17,2022-06-14T07:00:00Z,Global Trade Review (GTR),China aluminium fraud allegations suggest lessons not learned from Qingdao,https://news.google.com/rss/articles/CBMirwFBVV95cUxOMjNKd2hFQV9MRTRDOHJkVzRRbmxDTHZjSFQyb1BQUTQxWmxydGMxa1hUSzlNODJYdkhlS3ppb3F2d1BzanlKUi1hcUx0MTczMWZPdy1RUl9BandIY3NRb2tfR0ZoakJTR2dQLUU0VWxQdDl0LWJKWHpDU1pLU0xXNHlRWlo3NGxKVXVWUHA1MXNKdzY3cGlyRTVUVWE3MDIxUTdCeE1HcjZsQ1JKMGo4?oc=5,en-IN:aluminium price
2022-06-17,2022-06-14T07:00:00Z,investingnews.com,Metallum signs Negotiation Agreement with the Pays Plat First Nation,https://news.google.com/rss/articles/CBMimwFBVV95cUxPNXNtQ0s4d0pVZGtnS1JFZlpWbXdCR3M3UTd3cFpQdUNNb2JCd2hPVjhyTFpPSGhqYVlVSEs4aWYyeUF6U2xtTWFmMndzeGdTaVg3OUpxc1BtODl1ZHdrRWlhZTlMclVvWVJmZWMxUTBGT2o4VnB5QnJ6NnlFMU9sSmxCTnZvTy0waF9EZTFwWmhsbTFISVFwRkJpRQ?oc=5,en-IN:base metals
2022-06-17,2022-06-14T07:00:00Z,Fortune India,"Global rout to hit Sensex, Nifty; Delta Corp, Torrent Power, Tata Steel, Embassy REIT shares eyed",https://news.google.com/rss/articles/CBMi1AFBVV95cUxNTGdBSTU0WnBCcGhLUlJDZVp0N0s2ZnZFQ2IyZXNpRDhvSW85RFBlT1JoN09idHcxZTEtdldmWDlwaC1qS3c5Z20ycnppdEFWNHZsX1BSMGY5VUpUOFlEbzV2cXlSY0VmbmpWeF9STjlUNEhDeE1jajFoaWFaQVZXdkNMdGdkdHhzRDVNcTV6azBRVHpRS2hnY3k1Zjl5M2JJLUxyQ0xpWGc5WW9RSlhObW81LWk3VVR0YWs4Tnh2NkF1QUdhVFhHN1g4M05nZ1pxSjdlaNIB4gFBVV95cUxPMktHYnBKTi1BVWFVYi14N0hqN0xEeXVZdFMtd1pIYVJyWVVyZHRfTjMzdnNuOFRGcVlJa2FaRXhYaXc2SkFfdkx5bDVaaWhkQVVaWmFLbVpoNl9CTFVJSWJkWkxScmhnRU9MSHlkUUFDbEtHS0FDSGdKeU16eFdnZC1DT2tncFRXdlAwUzVQbk1yaE1KSG9UZnU0YnppQkZoVTlqbmJ4REZfZHkzR01BOXJEWXFiam4ydWdBb1FUNE5VcmtYNlpDNEdPYU01bUpvdVdiVUt6dmNSSEhjYXFyNDZ3?oc=5,en-IN:steel prices India
2022-06-17,2022-06-15T07:00:00Z,CME Group,Case Study: How one auto maker protected profits and cut aluminum storage costs,https://news.google.com/rss/articles/CBMigwFBVV95cUxNb3dxa1ZlSXJucFd2LThxM1l3ZUpmaEhJSWg4QVJ3Sl9NbTF0bHEwMU5uOWc4eWVIZ0lJQVlSTDZselBGQXhhdUFqWHpiZHlhb21mV2x5QTZDMXQ3SmF3QzdKUm1kWW52V1ZqcXdlVjRDZ0VKR2cwTkdkdnVSaE03SHY0Zw?oc=5,en-IN:aluminium price
2022-06-17,2022-06-15T07:00:00Z,Monochrome Watches,Introducing - Bulgari Aluminium GMT Amerigo Vespucci Limited Edition,https://news.google.com/rss/articles/CBMirwFBVV95cUxQek1kNFVEU3NsUEpFUkpGWkdWbHNKWWVxXzNCUHpFVDl6QlFsLWVpcklUc3Z1cjBsNHJQSUVqT3hybzczRUE1dHlTZUVCVHhJaEdmam55LTdZR3N3ZkNNdFIyRVFFR1M4aHR6eHJEaGw3TEVjT2ltOWEwTlJDZEs3a3lVM3BBdk9OaUpaUlUxMHI3ak00dlJNTERDVzNCRlVyV0JkZXpkWGFTbzg0V2Y4?oc=5,en-IN:aluminium price
2022-06-17,2022-06-15T07:00:00Z,TERI,Rethinking Packaging: Aluminium as Sustainable Packaging Solutionns in India - A Comparative Life Cycle Assessment Study,https://news.google.com/rss/articles/CBMitgFBVV95cUxOSUk2M0ZOT1o0VlhRWGI4NFRLU2ZzcjM3eUFobkJJa0tkRW81TnFMeDFHMmlfTWcyUWxsUVdRTk1sVzdLcFpaRzBoTFFmUnVpbnhDdkRveUJSZXpDaURzMTY4S0V5dDQ1RE1fcFltMVFIYzY4czRkOFZWRUhRaDdsR3pONkpTN3pVNEJ1aVpGZ01yZm5fNW9HaGRDSTdiQm9VV1prWmN3QjlTMXJqd1V5R0V4VTJkdw?oc=5,en-IN:aluminium price
2022-06-17,2022-06-15T07:00:00Z,Motor Boat & Yachting,Vanquish VQ115: Dutch yard building world’s fastest 30m aluminium superyacht,https://news.google.com/rss/articles/CBMilAFBVV95cUxPSjdJSEItcXVyUW1EX2Jzd3NyYV9ZXzYtMFExcGFHdVRublJpWGhnS1I5SFMtOHRwTFhPZGx2dWgwcDNzUEhxdi1zZzBqY255LTRoOGhqZUtwOUE1XzdQMnZXVWEwaWNRY09taW9yT3RGSktDMWpYQzJ2OUlvRlkxTG9Mcm5icGYxMnRMMTI3aU9QUnZf?oc=5,en-IN:aluminium price
2022-06-17,2022-06-15T07:00:00Z,thefabricator.com,Steel prices tumbling back to levels before the war in Ukraine,https://news.google.com/rss/articles/CBMixgFBVV95cUxPMUswenNxWl9qczNIM0V2YkZHejZLRHNRZVJSZXdxR0MxdFNIeWhPWUNQVXJwVU50TGlNNXlhVnlfN3BndHo5TzNaQ25TdkNtVGNtSFA0WWRpLXJVX1ByRTQ5QjV1MTJxZ0FZLVBBX0FERVFRTGNubzF5RnlBYUQ0UDAwakNtdkhkV05VblZYVUY0MGtCWEJmMnIwWTBKMG5SYUg4ang1UVIxZnN3LTMyUXhkbjZ2VGNTT3NEbHU1THA2YVRERWc?oc=5,en-IN:metal prices
2022-06-17,2022-06-15T07:00:00Z,Cruise Hive,Global Dream’s Sister Ship to Be Sold as Scrap,https://news.google.com/rss/articles/CBMihAFBVV95cUxQMkpGVXQwMUs3WUdzWkdPbnJER1pmZVozWWQwSmlaVFdnLU01LVl2V2NhVGxxeTZva1IxaElMTDQ3aVRLSW1TWTRuRTNXZHQtQXVZd0IxcFpkbHgta016MEMwSlRHY0lWOVQ5X3JTaHFBd3h6M05ra24zQ3NNY1NLTm1YXzc?oc=5,en-IN:metal prices
2022-06-17,2022-06-16T07:00:00Z,Packaging Digest,"Tetra Pak to Aluminum: The Future Called, and You’re Not In It",https://news.google.com/rss/articles/CBMiqwFBVV95cUxQYmFNUmlzaG1jVmZRYkhYTGl2QzNDcF90UEx2RlZtRHZIQXVrcVdCV2R4YTg1Y2ZFdXFUUW9ZaXV5SVk5a1FXaVVTWEh4X2NYRjhRNWNsT21wVkJ6dEJlWUo0dHF2RDhQbDVLVmY2OWJJZmlnN1ZoNW1tblRDR2RTRGlLZTFLUVFpdkxPVmhsWldJSm9abE5yY0RlUzhZdTN0bFhQVkFKQXJfLVk?oc=5,en-IN:aluminium price
2022-06-17,2022-06-16T07:00:00Z,Recycling Today,AIP takes ownership of Belgian aluminum mill,https://news.google.com/rss/articles/CBMilAFBVV95cUxQTnpSS0NtUExIdlFscVZJTC1RcE00LTZoWTRNMTBzLXdzQzZhNXBmWTIxVlh1QkszLVFqeDFkZ1E5dkloTjlGbGJ5QzNPbE55YjVjV25KdGdMS1h5SVItOUxkREVEaFlWVEE5cEpEdUk2YlEtRzh5Wmo4Q2hQVHgzMTJTUjl4dnVReGlpT1ZheDlFcmdF?oc=5,en-IN:aluminum scrap
2022-06-17,2022-06-16T07:00:00Z,proactiveinvestors.co.uk,Sovereign Metals fields “exceptional” expanded scoping study; confirms Kasiya as industry-leading rutile source,https://news.google.com/rss/articles/CBMiiwJBVV95cUxPUVFkeW8yc1hidmdHQVI2eEZ3NW5mbEtGa0pQckk3TVp2SWhDR29qV3pxc1M1UHJkRThNa0dZX1BOeUpRaHdvRnAyQXdkWVdlUE16QWFiZTNCVENkRGFPX09SR25oMVFSSFcwNFg2TkZGYlR3clVtNzV1cENVT1pxaDlFNTNfOW45Wmd0Ul9OZmlKdWpvLXlobDk0TGRnZWdyTG9xYmdyYWl5OXM0V3U5ZHhhUVRwX2VEaTR6LV9KR0dJT01jdEgybjh2cExDX0M5cmVnUEpXQ19pMjg0ZG5TT0kyTTJtREZrUEtpdDdjb1FlRkQ4MFhob1lZcjB6SGo1aHA0bGdzcUlLbzQ?oc=5,en-IN:base metals
2022-06-17,2022-06-16T07:00:00Z,Times Now,Steel prices fall 20% from peak- Here are the reasons & what experts have to stay on the way ahead!,https://news.google.com/rss/articles/CBMi-AFBVV95cUxPQmUzTHNQYlpSZTVTdW9zMTN2bU9halhFdHlGakk1dUdoN211bXlFTHJMTXU2U2JzTTB4dEYwTUxtdjUweWhlNjBwdjRZM1ZsemRQUFBvZmxXSFlCdHIzYndCU1dUZWFHMEhpZHRFNUluVXhJRm1qQ1cxZWNUWWpQcUNNZTdFd1RhZ2VDTWlvdEd4c3JmQWNkenlKNkRQeU5FMnByQmdCZ1RLVkpkMDFheVhkYmhjeWZ1bGw3RzF6T2dyUEc4T2Y4bWlDOHlvaEk1eGxyYXREenVfeWhLdDE5Tnl4N0FQU25LMXNNRnZCeU0tbS16LXQyadIB_gFBVV95cUxPWW5VT20tXzhSRUtMUFlielV2ckdKcWVZZUl5aVoxQmhsM3EyaWhMNU8wUDVvWmFweGhxaE1xVlpEUkZRVElZeUpNSjhmeGk4Y19zQmFvRjRXbmo1aDZsRU0tOWVUdGVLNE5zZjdjcTJkVDdkWUVVMzNRbzdkVFlIUmRwcFk1RkthNGNLSTk2NFJrS0Y2N19OaGpyTkljTV9iMzBDSFFUaEJObklyd0xhRTJkZXYzVVhKRHB5OGF1VTdsbUlNRFFLbFZyRWZjbnpoa0xuQmxOUjhuX3kzMWpMXzJtbmZJajBCVEZCT3kwUlZLM0VfQTJBVUo0dXFOZw?oc=5,en-IN:metal prices
2022-06-17,2022-06-16T07:00:00Z,The Economic Times,"Big Movers on D-St: What should investors do with Tata Steel, Tata Communications, and Affle India?",https://news.google.com/rss/articles/CBMi_AFBVV95cUxQWnJjT00yRXlIeG5IS2hVbmJEMUppSTU1WkRZOHQ0cndPNE5VUENsaUFEY190TWxrQXpVRkw3T2NYWGFob3ZEcVdrdk9DOTFxdkI1UEdIZlBvLTZhSWQzLXcyc0NUV0ZVaXVSSDhhbWZ6RFpkT2VqRWNwUF85MTlnU1dvb3hwenV3V3A0czV4OU9FWGJ6VGk1bG5lYW5vWEV0Z25vaGQ0UlYyeE5MWmFjU2xoM0tYYi1BdzQ2cktBeXI4TjNVb3dUdGFjMmJZN2lOWHZzQzkyb05nTTIyRE9PeXptWEE0QTFIZEUybDJ2ZDVIOXF3NTZTRFFoQmTSAYICQVVfeXFMTVNubVpYMUFidzRJUFpJWnBVVW0xcFF4WTBwcE9FeFJRM3JndjNLNzdsaGpYV19MeDM2Qml6ZDB6aVlxZXhGV0k1VFVJYi1RZmVJXzJjUmtKUHJITWkxeDVJQzVNV00zRG5tT09ld3U2MURCWURPYjdyOFBBZVRiRjVBeUFqeUZsMlJ6b2ktNzktdE5yazBCWTFrVlFvSjdUYmw4NXd3QUotYVlfc1pDQURJODA0U0lCUFlIWFloSkpKbGNqdDlHdlRiLU9DT04zYzlZMGNiQUxCZENJZkxFN3N6eVN3QTlLejc0ek9OSzM2Y005VDRqT1d0VlhqLTNCV0ln?oc=5,en-IN:steel prices India
2022-06-17,2022-06-17T07:00:00Z,Reuters,LME launches reporting of OTC positions after nickel chaos,https://news.google.com/rss/articles/CBMisAFBVV95cUxOVE1MaktPekVkRFF3dW9VdUJFMV8ydlM4dlB5dnJURms1a05qVWwzTE9XWkNZaHRxYUpSQ2JwdUN0S0VOMmhSQ0NQRGhPYUhFZlBjVjc2RU5abU1mTHROTmNLc21vLWJiZ2FIcld3Y3BnU3JHNW9fWlBQeFVyUHlfNUw0QjBJVEhMTy1pcy1wZVI4NXBrd0N5Zldndml1LTJYRGdDZlhROExSd0Jrbm5hWA?oc=5,en-IN:aluminium LME
2022-06-17,2022-06-17T07:00:00Z,ablogtowatch.com,Hands-On: Bulgari Aluminium GMT Amerigo Vespucci Special Edition Watch,https://news.google.com/rss/articles/CBMioAFBVV95cUxOV2gwT25xWDYtNEpWV2RzMFRaU1JEeWs3Y3FMN1VoMkFnVTE2YU5seVJyVldtMmd5QmxLN1FHdVBmX3l3TDJoalRQR05sN0ZyYWlGZFM5cmRWcTRIWFpXTUU2VnI4OU5PdjFhUUFFRkkycmlJdE83Y29CbHh3RUtndlBWY2lON240bmRaWkZhcGJqQTBFTy00UkhPbUlraUQx?oc=5,en-IN:aluminium price
2022-06-17,2022-06-17T07:00:00Z,High North News,"Alcoa Invests NOK 0.5 bn in Aluminum Plant in Mosjøen, Norway",https://news.google.com/rss/articles/CBMipwFBVV95cUxNSjdPM0FGMmVqaHJjMVhQVk9uc1RuMXJUdXBfREdnMk12MjZJcHFSQlJwVnFJdHc4NUhYaWxnLTNfLUpaNkYwbUtnVGIwM2MydzQ0Ukt4WXJMOFE4djhoNWNvaXBwZXhJWjhNNGVaejZOa1JyeUpfYnRrTlZtUzB6d0dEc1NoSWVrT21WZGlIeVRhQURYMWxHbW9ZcVRVbDFDR3ZGWmg5Yw?oc=5,en-IN:aluminum prices
2022-06-17,2022-06-17T07:00:00Z,mining.com,Iron ore price hits six-month low on plunging China steel margins,https://news.google.com/rss/articles/CBMiiwFBVV95cUxOTWtxSVo0Z0hjZDVobldTWnlsUTNMRFlhaEZnckZscXZ0LWJWUW83b1BEbGxnMnZBSlcwQ3B1ampHSThSRDNzQ0VKMS12dWlBbjh0ZUplbFdkUDZfc2paZ0x3eTN5T3hoNU9hN0lOU3MxaVIwaWRWazlHN29WMlZDLXZ6M013MlliTFNB?oc=5,en-IN:metal prices
2022-06-17,2022-06-17T07:00:00Z,Houston Chronicle,"Triple-S Steel rides tide of economic growth, higher prices",https://news.google.com/rss/articles/CBMiqwFBVV95cUxQSU9IcEJiWDdPb1RfTGxQOTdwSndPWjFyOGp2SmRteUVZbG9jbWNqYVBSVExEUHFleFFXRmRjNG1mcVpOWFl6ajJEUUpYR2sxRDdaSllwMGM0RXhzRkxsQVZxc1J3RmtpdmNTeTI5NXFabU0xSUtkU3h5d2lod0x2amtkeHYtUU52b2preVdhZFVLMzExZHR1Y2ozLUQzRTVvS0FULTA2REhJb00?oc=5,en-IN:metal prices
2022-06-24,2022-06-20T07:00:00Z,Eastern Daily Press,Revealed: Every Norfolk village where metal thieves have struck,https://news.google.com/rss/articles/CBMinAFBVV95cUxQOGhSd1E0NVVhejNkV2FCNnRZcnlRY0dOMU9NWF9WRTF1UDFleWhiUWlSV204Y2hpWFB0b2FBT25RaWF6SlM0cWhJWFd0eVp0dW00cVJhMGJveUxHS3ZxdllOMmZqaFVEbVpJTHJLdnpHeWZRcGlFaEw5VzgzaWoydVdpSEhwV095Snd4cGJ3d1RJSUpFeWtPdmlqcDc?oc=5,en-IN:metal prices
2022-06-24,2022-06-20T07:00:00Z,Reuters,"Exclusive: India's Tata Steel bought 75,000 tonnes of Russian coal in May",https://news.google.com/rss/articles/CBMivAFBVV95cUxQSGJEVEg4VGR6STh6TERpVXVEaElmVURyQ1pERmo0UTRRNHppaDhhU21YSU0tX2ZmUmFia1VHQjJEUDZBSG9IZmoyeVRSMC1FdjVWRjJ0MGFWMklXVTk3LUR6QlFta0F0TXFaRjRKTkdBY284MVdKSkZ4dnAyZEZrY1RFUzhJWEhEekh5VE5BblR5ZkhhVGJaU3ptbnUwZnRXc3VoVDJWaWJKTGJITWo2UFpEOV9xbXJzWTFvaQ?oc=5,en-IN:steel prices India
2022-06-24,2022-06-21T07:00:00Z,repairerdrivennews.com,Need for sufficient ‘green energy’ poses challenge to aluminum industry,https://news.google.com/rss/articles/CBMitwFBVV95cUxQUDB0aGI1WjZyaEhDeU1TajV2ZDU2WGh1eUtwSDFlcUFjMTJWOWh6TUR1Wm01NjJ0eFpKTWJjX0JTbmRTWW1vN3I5bG53UC1CU0dKX1Ntb1pYTGxERFR2NUloVXh3UHhCV21IS2lCd1hfaHZzUmx0ZTg3TmZDcHdJRU1MQzMwWEhtMWNrUzNKaFBvN3JYSkVkdnZfM2xQazhoRU1pZ0JTRXRyRW5mRlZ1UnFKOWlyMTA?oc=5,en-IN:aluminum prices
2022-06-24,2022-06-21T07:00:00Z,"County of Union, New Jersey","Union County Offers Next Scrap Metal Recycling Events of 2022 on Thursday, July 7 and Saturday, July 16",https://news.google.com/rss/articles/CBMi7gFBVV95cUxPekI4eHY3elNpalpkR2NlS0ozZ3d0aXpfdzdyc0pXYmVHOENyLVlCTGtkVUprcmU3NDljVmdQaXppVkpIUjgyMkxhRHUwY1lSeHFHdTROdkQzUTNSV3RkS1pjOF9KYURBMFNfQTlSdlMxQllwaFJJSUdycVBPaG93d3lkMVdYQm1KWllLMENDOU5FNW1reWZjeGxpWkdSOUVLb1IwM01PUVlKRlh5UFp5amVXWEJVMnh2MC1mTHNqc3ZDMVlZbE5yVWphZjN4Qjhhckk2MDdUdU9QaGZiVlBCRDBKTkcwSWVxejJXemdn?oc=5,en-IN:aluminum scrap
2022-06-24,2022-06-21T07:00:00Z,investingnews.com,Fireweed to Rebrand as 'Fireweed Metals Corp.' to Reflect Its Emergence as a Leading Critical Minerals Company,https://news.google.com/rss/articles/CBMizwFBVV95cUxOU2pHS3FLWWhmV3dRbHdSTDBqdW81Uy0zRV82YU1NdE56ZFFwdnEyd08xN3lOQnNPY3ZBUkoxR2VvRWNyOTdsZHAzUEhHb2lTcHVmdUx2WVZRZVNCazZ3ZmdXbkJIMmQ2ek1uTmY4Zl82Qk1lLWN3R0lIenZFc3BwbjZhQ2c0OXFuMVlrY1p2WTRMeFhxdnFhU01fMTVLOW5LemdXZFZhb3FVdGJtY2VpQTJKVU01SEZLb01ZRlZsZ0NMWjM3TlZSZVdMU3BZOTQ?oc=5,en-IN:base metals
2022-06-24,2022-06-21T07:00:00Z,The Japan Times,Surging energy prices force Japanese steel giant to revisit coal,https://news.google.com/rss/articles/CBMipAFBVV95cUxOY2RKaUVvMjU5WnBHUUk2RDNiZGRPSGpEOGlXeEE3RDBvNGltQXJtZ2hlVHdoMF9PMmhCSG9jN1hRQmwzWExldlRydWxUYmh4WGQyMHk2Q2RKeFRBdlloZE0wUUh1bV9oNXV3TWg1bXNiZjNrR05CN09kamhmUVhEYl9QaVlacVJ1NlR6V2FVRjlIeHdWOXlRMW8tRll0MW5Sem1NYQ?oc=5,en-IN:metal prices
2022-06-24,2022-06-22T07:00:00Z,Reuters,COMMENTARY: Global aluminium production pendulum swings back to China,https://news.google.com/rss/articles/CBMirwFBVV95cUxOUmRuOVM1NmNaeGlUdkp2blBiZjRUaTQ5N1lZQXJ1MEJNdF9Yd25JVGU4ZlZyczlKUmxBMFBiVHhiWWN4NUlCQW04ckNjWnRKMTQyWEo2LTNWVzJPcDVlX2pJUVFEaWQ2dEdtYUZ4Q3hmcWVRNFc4cWNaczU4MUdNWUpYZHJKTEJ0VURRWDQtX3kxQkVRS29UenAxSDR2c3pmZmNENkUzMVM5eXV0b1hB?oc=5,en-IN:aluminium price
2022-06-24,2022-06-22T07:00:00Z,14 News,Century Aluminum stopping operations in Hawesville for 9 to 12 months,https://news.google.com/rss/articles/CBMilAFBVV95cUxOdEQ2TlI1c21PeFd4NlA0SUI1OGtIMUZoaFNHV0hESmNyOF9ONDZWYkgwUlBkYzVjNy15dnJYRzM0bjEwNFFCR3JaWEt0LURobWJhU3kta0hpMkEzbHUxM0J6SS1Ma0R1dzdyYXdLUVhrd0xibDg5WGRyTWNDLWphS3dtX3E3RzRPOEpYMFZOcFNjUEQ10gGoAUFVX3lxTE9Zc0tzVFNwYTFGVFpLODVDSldQTUtNaEtFVGR0bGNIcE9xVmlBd01HMXI5U3BGV1NreUF6c0Frc2hqVmdwUWFsdTNqblk4bmVBR0pCOTlKWUJ3djNyV2R0WVotVV83UE1nVmw4NEF2SVdER0c2Yjc1Z1lkNWFaMTFiSUdZTnFZOHpDZVFwN1gySVBWWUVzUVFaeGVKSzNwRUo1Z295TWw4YQ?oc=5,en-IN:aluminum prices
2022-06-24,2022-06-22T07:00:00Z,spglobal.com,Direct-reduced iron becomes steel decarbonization winner,https://news.google.com/rss/articles/CBMiswFBVV95cUxNRGloRXZZcERaZWFvRHpjMjV1eU8xZElDS3FBaE5ZTVNXRHhzdzZHS2hrd3pMX2Vaa1JSalBPeFo1VGIxZkZjY1lDajZKRU1yZDBXNFdsamdhTW9ZclNTUlVTT0hkVzJscUZkUnY5VlJvaWFkNHliNnUyNEo5NjBqc1U5b0FqQUdQWGNkM0VFS3dRQ1FXMkxKV3JVXzVMYmN4UWxpNkJSTlBlUUJfTDViN3BqNA?oc=5,en-IN:steel prices India
2022-06-24,2022-06-23T07:00:00Z,Business Recorder,Steel sector: Amended finance bill may restore turnover tax adjustment,https://news.google.com/rss/articles/CBMirgFBVV95cUxPU0FwX1BsXzluZ2E1YmhQZjM0UU5uVmUxM2JaVmR0UmFTTzNWVXNDSXNJMGtYQU11ajZfNDJ4WnBVOThZQ2R3VS1UY0tGYjhQTWNHNi03UDVZcXlDVFlSVHJLRlBaX3JxZV9JVVdLMFdnZkZwSmEybll6WDFEVmd5MDYtd3NOeUJ1ejl6andxcEJuYmlNaXR0Nm1OQVlXN2NqQWJhS05EYjJuOV9qWnfSAVZBVV95cUxPQjJMME1Yalc0NEJRbGppWVVidFdCVm9icGQxQWJ6NkFxS0MtY2o3TVVKdnJaZWN4S2U2SENfUE1ZdlFORy1BZWRFaWdwVjROa0VhVUR3UQ?oc=5,en-IN:metal prices
2022-06-24,2022-06-23T07:00:00Z,EUROMETAL,Global steel production down 3.5% on year in May: worldsteel,https://news.google.com/rss/articles/CBMiiAFBVV95cUxQbVM2TkRuSmREZWdUMkNfa0JnWmdXWmdZMkQ1QWhWSFFheG82ZkJNck9vVmhhT2djRkh6STI3d2FkeEpMU0tFckpIc1A2YjYtV3NWMWlMYmQ3cElnRE9MdmVOM0FEWUZnbmI3dEk1cDQxTUtSeWM1ZXJRaHhaYjI4ck1kODFuZy13?oc=5,en-IN:steel prices India
2022-06-24,2022-06-24T07:00:00Z,theweek.in,Domestic Steel prices expected to fall further in the near term,https://news.google.com/rss/articles/CBMitwFBVV95cUxPQTJrOFBKbEJheDVJNUQtM3J1ODM3T3l1VVExUEN4cWxLTUh5Ulg3Xzk4cnhDZzBuN2g5LUJudENSbVd6UENPVkdDOHFURGNxeTR1Rmptc0VxYnVBMHBabkVrOHpJWHdRN3F1dnI4RE80TkNGT1o0Rk1NVE5YdkVHZ3FfOEs3Rm5wTG80Y0hrZENtajY0bFEzdEgtY3dIcFRwMUg3S0dDWHgtVmdmOUlMVEM0cmlzWHPSAbwBQVVfeXFMTzhwVVVNQ2c2UWNBbEROX3FBS2hPWEM0cmFOa2plS1FOSXJXQ3poQy1hNWFHSTJVR3RGOTJnRTZPUFJER2NCVVZHUUZsdm5NcnNOU0pjQXp5UW1OblJRMkM3Y3lmNmdXMXhIWFJKNTZVeEJZaG5MWHZEbFpSenY5MFNmT1I3MHdST1Fvd3VXVm5pZmxKRnlGOGFENHNSNzVLSjYzMldiQWtvYjZiQnJoNGM5VmNmNmtobnVsQzI?oc=5,en-IN:metal prices
2022-07-01,2022-06-26T07:00:00Z,mining.com,Metals haven’t crashed this hard since the Great Recession,https://news.google.com/rss/articles/CBMijgFBVV95cUxOaXBlc1dtQzVzUzMwdzk5RDlxUHJGaFg3enNxOGFEWUFYYzQzYm9WWEhMYllrZWZET3RVSkVUYklqOW51b1l0VDB6VVpTTjhPVXlmOFJnWlhzVUlHZHlMZEtBSG4tNkxaY3BCY1ZVMTlQYXdidGs2dnFlelA4VWdiWFlBZy1iTUhic3hoWUVn?oc=5,en-IN:aluminum prices
2022-07-01,2022-06-27T07:00:00Z,Consultancy.uk,London Metal Exchange hires Oliver Wyman to review nickel trading,https://news.google.com/rss/articles/CBMipgFBVV95cUxNN24yczQ1TXdIUVNIVDR3QWVoU3ZDYjBnVW04aEVBam5RMldPNENoMk4xUTFuNElxdUJHUFhjaGlPcWQyVmVZa0VDNTJLRFRNZUpvZG4xZkVONURxYjFncG9oYm1xc3N0alpDakh0TldoS0ViNWpsc013bXREY2hxUExnRWMwbHVHQjREZ3Zhb0NjaXh3OTNtbjhuZHVRVmJ6NmQ2N2x30gGrAUFVX3lxTE9QNjhsZzVVR0Z0eXo5QzlJclJ1UGZEcXVXSUF5ZUEzM19qazZUcWxYZkU0Q1ZDSWswdllmM1p5YlFFVHhZYW1XWTd0S3BlRWVZTFBTLXZCMnIwbzFfNnFWQkI3MUVQaVBLdXBWVURSUEdPajZZV2dhZC1EcXlwNDFwM0xpNktGc0tJQjJOQmhkdEpTV2FCWGF1U1Zld0FHT3BzcmJ0LVBQX2VKYw?oc=5,en-IN:aluminium LME
2022-07-01,2022-06-27T07:00:00Z,bicycling.com,Quit Picking On Aluminum!,https://news.google.com/rss/articles/CBMic0FVX3lxTE1jUkZuQzR2cm5YRGg0dHIzaWRZYWNDYjhrb0Q4b1Q3a29ZWkRpcU5BTFZvY0FfSGZxOERFa2x2bEQ1c2wtbUNmbC1Lb0lGMmZXTmNQYjM1RU1zS09VR29GVVJxMjhMaEwyQ1EtQ0VNcVd0ZFU?oc=5,en-IN:aluminum prices
2022-07-01,2022-06-27T07:00:00Z,International Mining,Draslovka eyes base metal leaching prize with MPS glycine technology,https://news.google.com/rss/articles/CBMipAFBVV95cUxPcUtLMS1HNEtvOXE3OUI5TVNDRVJKVFhPN3BMRC1TaGxwOUtkZ1Jhamgta2R5Qm1lWGtJb0RyUGxCOHVLalhvRFRvajNoSXA1LTlfdTloclM3NFdOSHNsZDVxOHFuV0Z3ZE5va05XRlQ5b2w2VFBwckQ1S01TYmdTZlBUdjM1YlprMVhnMy1BOWVlc291VmJkZnZaek5WMXg1VEZYeg?oc=5,en-IN:base metals
2022-07-01,2022-06-27T07:00:00Z,Moneycontrol.com,"Taking Stock | Market ends higher for third day; positive global cues, IT and metal stocks lift sentiment",https://news.google.com/rss/articles/CBMi-AFBVV95cUxNdWJXbVNJWUhoVlh3eWkzYnRIc1FUWUtDVmQzTC1GM2VGVFEzM01KNW9zbHRMVjZmU2s0UDljRXdfNGRSQ3VoOU9ORzl2UXIzWjNlaXZCRkVEUXpoLURDQ0VfdjJZdWNjaDJxTHhaOC1xQzQzMVhWclplSGV3Yi12cVlpekt4Q05BMENJNG5FeC1tWkp4NUxDcFo2a1M5Y19mVjdzWURJSzhnaHdxalBIOFNzRnZjNTVvcHZrREM4UFNiVnhKT3lwWmlxTnFvSlkzWU1RZ05iTnlHQXpHZG1GclNhRkIzdnFZUS0yN0tMaXdXYUJmMWpfb9IB_gFBVV95cUxOZnhNQlpWTVVfU3V6QVRhaGxKQnRqV0FlT3VtQm05QnFyd0xiUVRfVG1yWEQtalZMSFVBb3NFdzF5TlNsQzNrc2xOLTNUZXdfOWhaV1UzRGFmWjVxazBZY1FNVnBpZGV3Ymk4WWZzYWlGY25saU1ZbHJSZXFvZnhLdUp1dG40Y2VvMmNwRWFETldyUnMzTGpkTy1DYnd3R0MzamJzdWdLdnZ0bTNwSzRFMjVKZklhTWNlbmhxTXYwejdnckZjd0Q0dkIxZzZ2M3ZKT1M4bndDa0hOMi1SVmtJeTFwckQwTC1ZTHVudmhtSEVJWTVOcDdlVEVRTVdFdw?oc=5,en-IN:metal prices
2022-07-01,2022-06-27T07:00:00Z,financialexpress.com,NMDC’s Chhattisgarh steel plant to be operational in September,https://news.google.com/rss/articles/CBMivgFBVV95cUxNSmdpMUVoSTBzd2RkZGxZSjI5MGZHczRXQkd2cElIcHJQdlBIX3A5d3hJSnVFX3VSdmV6MGlmN3ZzckNoQnVNMnROaW9oU1hZbWt5MmRwS1F0TmtyVUZYVWFMN3JVNk1LMVB0bmpIdXJCUk9DaTM1TWFqUFZkN0ZXTUx5dkVZMmRPOHh6dHphMkphWTZtVXl4dVgyMklXUTZ5cTd0NmRHMS16RTU1ZWtTZlRIOGdUa0JMcy02V1J30gHEAUFVX3lxTE1HZHpFekYxcTAxYklSdlU0VTh1X194ZUp6OGtsUVNELUE1cTh3TnR4X3Ewdi1Ueks0NUJ1UHJQNkszN2hsSmhBaGpqR3ZOZkN1c3NYcDBHY21zQ0hONkl4RHE3R3hDYlYyNEFhWnpOak4xT2V4aURlZkJRSXpoN19nRkRrcEN4RlR1cEtkbUozU3NDcjh2OHBnNkN4NWw5Z2F3QkFHbmdRVlZFNzNWMWZrTEQydlRmX0dBZUlmVWRQcGVGX2g?oc=5,en-IN:steel prices India
2022-07-01,2022-06-28T07:00:00Z,Deployant :,New: Bvlgari Aluminium GMT Amerigo Vespucci Special Edition :,https://news.google.com/rss/articles/CBMiiAFBVV95cUxPM2lyZkxIRUFIOVg4TUxvMG5CaS04YU4wTHY3cjRwUXhIV1NVZ0c2T2J1Y3BYVVhUXzUxZTJsaURMVVpYc05BQVp2SXVuekxNOFVMMmlTR0x6dVpRazRnVTA4WklvV3R1N2Myd3l1WnZDblFTMnI4ZFNnbjdBQWlER0x1M1B3RWpM?oc=5,en-IN:aluminium price
2022-07-01,2022-06-28T07:00:00Z,Resource Recycling,Aluminum industry rolls out new model to bolster MRFs,https://news.google.com/rss/articles/CBMiqgFBVV95cUxOUGtFeC11Vl9OUlVtYjR2UDBRaEVqUmtjUFFJS3N2N1FfQWxaMjVEbHFWVW9WT2o2Unl0LW9MazRfNlFnWkJzOEF1cE1ncVBKRnktaFdlQnNQdE5qZEFubXVuM1FtODc2Z0ZOVndIYm93cml6NWJnVTBScVlER2dZUzdMbk4xMkVWYmlFNjR4aFA3NlJFMGxNX0JlaG9GMFJadHdIc053cDVLUQ?oc=5,en-IN:aluminum prices
2022-07-01,2022-06-28T07:00:00Z,kbbreview,Quooker puts pedal to metal in new sustainability drive,https://news.google.com/rss/articles/CBMimAFBVV95cUxNS2tsSHVyQ21pdEdMaU1IanNpQzFSM3FLdGpXRVBfdlYteGZMV0ZUekFZQUQtRnQtSHlLc2lydUt1T3h6Y2dVVFpKVHBKTlRDWklJalpGdjBKdTR6NFJ5Tlg5UXQwcW5Qc2JkS1VId3JJM2ZyUG9VMFppYVBuM29fYnlNdFBLa1c3RTVpdVREWENRaEJzSWZUVQ?oc=5,en-IN:aluminium scrap
2022-07-01,2022-06-28T07:00:00Z,spglobal.com,Nickel sulfate vs metal: Is the market shifting towards new pricing mechanisms?,https://news.google.com/rss/articles/CBMisAFBVV95cUxQS29WRXdmdmhyOWVBRnhaRlRCMlZvY1gxX1g3d2d6MElOUFF6RlM2Tml0alpnNHZ3aDJUTE0wRGtUOVlZUnl6RVI0dndRX3d2ZFQ1YlkyeFJOeUd5UGRnVzNTbE9jYk9iT0JYN2VCRFNYUXN6ZFpxSi1sa0RmdTdaWlZKeFkxcHFTY3d4ZDJaY25KVlplSnBJSU1BVlhfdkI1YjNhRzFVSDV0LWptZ1BQdg?oc=5,en-IN:LME metals
2022-07-01,2022-06-28T07:00:00Z,Mining Review Africa,Copper tailings reclamation in Zambia: Jubilee Metals’ advantage,https://news.google.com/rss/articles/CBMipwFBVV95cUxNVEhXaW1Ya2J4ZS1MckwwVDlFSGhGYjJTTERfS2ZqUlNfTWdWU1huTU8tbmd5VHdHWnN3dnpZRG1jNWE0VDdidFNlVi05UHh1NFZ4OTlXV0NwZUMtN0o3SDBfLWlFc2FuVlhjVUE0eUV6ai1wajl3NDI4SEQ0UjM2aG82bHFOcFUtY0JPWmk4d1NoYkE0a3BYbGhSSFNLMkZVWXhjSVZDSdIBrwFBVV95cUxPZW05b3NUallZdFNVcUtTQnhocVJDZnhPZUVnUzNVdzJIUWExSERISUJYVDdBc19ka2hPZEJtNzlueEdIODhEMFYyNmtRY0h1SGFkaVBXZGp0aVlmNHdjNXA1azdVS0pBMDNjQmdKUi1EX0trV0lLeDFvemhMd2hfODBoMWtVYWc2ZkJHYnVndVFXcFNrYkxHclNoZi1OVkpucmFDeklnZU9vLXVlaG9R?oc=5,en-IN:base metals
2022-07-01,2022-06-28T07:00:00Z,BusinessToday Malaysia,Leon Fuat To Continue To Monitor Steel Prices And Foreign Currencies,https://news.google.com/rss/articles/CBMiswFBVV95cUxNSngyU2VNYXRXLVFYazVqMUlqX2YwM2FxZWYxMW5hOXZjVFZYR181V3JEWUI3YV95eVFycldyZlVwZnRkYXZPTDNSOTNrZldLWnpGaGlzNEpMUERsZXBIUjVBdWd6bzFMVFRUQ2dJT1FZQ2hJcGNHbkRlOUV2aTJKNEU2Y1dHNGtFOV9jNC04MnVoU2tIbEV4aWp5QzhZSnRGbGFvODEwd1Q4ZGxGR0YwSjh3SQ?oc=5,en-IN:metal prices
2022-07-01,2022-06-28T07:00:00Z,Moneycontrol.com,"Tata Steel to pare debt by $1 billion a year, expansion to be India centric",https://news.google.com/rss/articles/CBMi-gFBVV95cUxQdGI0RFBjdzhJeTlzbVBOM2xhVlVlZS1RczN0RjFqOUx6QzdKMlhvN1MtUk1FTXRxWndZOEFIeWNoUXVLV3FNc2o5VjJRWHVHQTA3RE1wLUdhSVpkLWFLemdldlBJSHNnOGRnZHpPMHFmUlJTT2lESG56Y1VQbmZYLTAwX25SN0tQU25aYXNVSFZ2REpsWUxEVTNBTW5xdmV0SlpZd1UwWkd0d1kzWDhheHc3TkUzbXJEa01yTTRrT29Cc1JZemkwU0RCYkFGblhzU3ZfOEFKM0ptMEtBdzhnZ3h2dW80TnlBNzJPb29LTFdGV2tYcTBrT0lB0gH_AUFVX3lxTE9UcUY3WFFSSkFqOXE5RmxicmNNbkNLN2FWeGN5MTFjUVRhTXlVSXg5OEU4dWFNTU0tem5jZ0dLeFJwQjFwQk16emFXbTZvNUZhNXJuRUxvcmlWZHpVN2FaMkxraTc2MnFzOERMWHFVNHdpZ3FSYU5JQUdIT2E1OU9XOUtNRTZjbDkyM1BpeE1sREdjWUxVck9BRUtqcGhGU09wXy05aV83NFA0VEdqOXBQTEt0YWJybmdVdGs3bnlyeEpxR2hOX0ljc2R3TTE2UFhjaHFuXzhWeGtCYktINlUyaWk3X2VxT3c0MC00T3ktdjNQQmtyb2RUMDk1WmdKaw?oc=5,en-IN:steel prices India
2022-07-01,2022-06-28T07:00:00Z,financialexpress.com,Domestic steel majors cut production as demand falls,https://news.google.com/rss/articles/CBMisgFBVV95cUxNcmxpdGxfNm1VeWRXa3VuQ3VRc1Zua0pJZDBXbHpMbjc1eWtiSWhTYkNIVFBOamctazJZM3BiaDF4UGF0ckVSU1V2UzRUcUkzWnk4akx3Vk9OTkowZ2Rod3o3RjRHeklid0FCcG5aVnd6dU40d2VDUWdGVExnTzdfV0xJTTZFaWo2ellwSDlRbU50MlJpMWpITGl0QTlicGpTOUhFeEVSMkx6X3hEMVhaeTVR0gG4AUFVX3lxTE5LTjFROW9XMkVtQmg0Um9OQjBnaHU2NUNBczZvOTI3RjJ6V0ZwbVpmVC10NHA5Q0hWLUhHaEZkbFV1d3JuSVVJMDFKaHRfeFRUTXRJODJ4VDhmem1OcWRRWkFCTDBlTERNbjk1OUtxUlR6ZnN3QXlFN1l2NHdqZ3hVV1lRZHBabENRZ2VwZnV2aXdRNUtzNnVoT01pTV9wWmhRLVZncWhidVdhYU9aT2ZlM3pBTXdvN0Q?oc=5,en-IN:steel prices India
2022-07-01,2022-06-29T07:00:00Z,AL Circle,Vedanta Lanjigarh alumina unit bags Kalinga Environment Excellence Award 2021 for unwavering commitment to environmental sustainability,https://news.google.com/rss/articles/CBMigAJBVV95cUxORldhVThTb1c3OUpKN0xMQXFCR00zRm1Cbng0ZmpFQWJ1S1dsZ2g3eERtWjVsckJMVkdvRUxVb28tTjZ3SVF6TDl6MlVENUlfRF9aWTVZTnc4aWJPZkpRNXhQb3htRjg4X2EzMjV5THdJdXJwUElESzFYcGFBN2gxSm5pTzJ5TkVVOHR4bzdsdWRoU0xtaFZrOUVhWHNQRHY4MkJmWG9sV09fdWtwMkJiSFdJVnVNRERpOWZsM1pnRjNuWkVEN2FuSnRsV1dDRzBxMzR6OUVzOG9NX2FmOVpDMUo4RWVRckJpd1FLOWp5UjNBQk1SamNQNDBubFF2VzR5?oc=5,en-IN:aluminium price
2022-07-01,2022-06-29T07:00:00Z,Sneaker Bar Detroit,Official Photos of the Air Jordan 1 Low “Aluminum”,https://news.google.com/rss/articles/CBMie0FVX3lxTE8wQ2hFSXgycjZKdXJKSWFFYzZNREdwXzJSUF91QWdfOHJKNFl1UzQwdF9GSU1HTWpNdUV1N1J1SWZPelAxUmJ2aHhlR2pIcjhVUkNKSEZ6M2pIMXpUUUFOVjRWaDBxNTM3RWNNVDA2R21OWlVSZVVHLUtWMA?oc=5,en-IN:aluminium price
2022-07-01,2022-06-29T07:00:00Z,Livemint,Steel prices may rise from 1 July amid high input costs: JSPL MD,https://news.google.com/rss/articles/CBMiuwFBVV95cUxNano4V3pqSFJlWUJhWm5Pa1l2TlQ2NnVLalVxRlA5LTBHMzlGaFV6cWJ1U3F6ZmVldFRyYUQtMFVJWldWSkoxUlFpT2VUb2xfQkx0VDAxMFNGRlVablRUc1NqREoxV3VzTU51alRGSzBuY0M2VkZ5UnlQdkNMdFkyTENKV0c2cHV2QXFHMHJnZGN1Wnl5ZDNmNjM4dUliYlpKZ1VyR3FYdllDd2FtTWFuX0p0VWx2ME8zOXZN0gHAAUFVX3lxTE5aSy1Pb2JuQkJ6bTVGejNPb2phS213T0pVejR0eWlfVVc2eDBNNDN4bUtTU3BhWTlwM0IzUUxSRDFLWHl3NGlWN3BhNWUxcFB6XzdZN0hjWjc3LUZSN0s2Mm1nV3NhcTJLdlBOeTJpMV9zUm5jZ1Zxem1LUVB5RFVZSWZkNVoxVE5fUHpNbnZDT2QyT3MyaFRSNEJXWkljcEFNb0tfU1ZsR3g2cU9UMnBuNG9Tc3dQd1Q1blNRcF9LRA?oc=5,en-IN:metal prices
2022-07-01,2022-06-29T07:00:00Z,Telegraph India,Tata Group to pitch for steel exports from India to tackle inflation,https://news.google.com/rss/articles/CBMivAFBVV95cUxPRVcwUU93ekdwa1Nwc2QwRndaRW9JX1B1b213bkRyTkpsY2Rpd09ZaHJoNHV6ZDdKaGJqOEdEMGRHSGdyNHhWbjVDellkdW02a2J0RlNOeFB1STR5dklMd1V1cFNrLXFrMWtUMlNwZEpCRFAxMk1FTjNOb25Zb3pXLU5kQ2JwNFVIN1dENG04MmpOZEZSVkhYQ0N0aUlRNVdSOVJrY1FpRXl0QVVTMFgtaEEyX1RBTlcxXzh5d9IBwgFBVV95cUxPRHBrUThuelE1eXNwTXhVZ3cyRnRsNmM1ZTBGeDNJZXcyeDJ6M3dCRGs5Y2xaSHlHX2lFdDlvUmRBMVBkQVJiaWxYRGVRcXNsWDFyb3piSmNGT3ZvbXptTFhVdmQ3bm5TbmZCV1d0UU1SWURGVGdGa0tmWUlfRGQ1YmJOY1hrSWhVUi04bjl3OXd3a0dZTktlYlo4YUoySlBrVTZwT0FfX3JQb0FvRTNXODNSZzRURUZGYXRWMWdCXzgzQQ?oc=5,en-IN:steel prices India
2022-07-01,2022-06-29T07:00:00Z,The Economic Times,"Tata Steel to spend Rs 1,200 crore on new technology development over 4 years, non-steel materials in focu",https://news.google.com/rss/articles/CBMilwJBVV95cUxOU3B3VS1XNkl4dFpfUkVEU1lqbkt4XzdRVnhsTkIyQTJwYWItalg3UXlhYk5BdlNxVjNnWktxbTZJb2FObzhNZkVCZUJPdmdKbGFVREFLaFZKcGljaUhiTE5RWVVCLWFkaC1qMjF2UHVqQWp2MlhyYjhfMnhXbkIwMzRyMWtMYXcxUE9oM2pqR2ZfNDZfTDZUelhyX0lZTG5mYkV1SW95SFFuWVRjU1p6bEdNOGN6TWhpRy1tSDZjWDVYUGlWblotT1lvOEl3WngyNU9zZ09yLTNFN0gtcGI1bm5sU2MyMUZwWmJGU1VocU85ZnVmNHA4NXRRYjA3bDlQLWttT2ppaDNkTVpJMjZ1WHhTQW9LbmvSAZwCQVVfeXFMTnJFOWtNVkxQQWxxX0hRbjdLVENFU21XaElIMEZab2JsS2xCX1Y3Um9jcldoRHZZTmhLUXVDMTdEdnBzRGdfTE1tYVdqcGllLTJNalk2Yk5RamZXUEw5MUpFU3VuRnlHaWQyNV9Kdjh4SENzTlhtWEp0dFVLbmp3QXp3cGJMaWVKR2hmOVNrcUdIVnkxZ2QtcTRXanNFaUE4dmo4M2thWXhXWE9teXZ2QnR5Qi1pVFk0X05BN3lzMFZfR2ZxQzNtWm1xRi05dVZWeVVqRWpIUXVaYTZ5SnB4X05yWUt1Vmp5YVBKSElTRUhOdjk0NG1OalQ0OHU4czVRbHA5eTY5RTRSYUE0cUkyR2VyRklqN01hTjRkQnY?oc=5,en-IN:steel prices India
2022-07-01,2022-06-29T07:00:00Z,Moneycontrol.com,"JSW Steel earmarks Rs 10,000cr for carbon emission reduction initiatives",https://news.google.com/rss/articles/CBMixgFBVV95cUxPYUQtUm11SEdNMVBVMmhpd3lmaHlOczRsdTdJRS1JNklSZVN6eTl6RmhjUHBYT0JNMFY2Q2F5QkF2eWRtR01qR05wb3JsOVF3eDRrb082cE1nOTlrekRRWjE1Z0VyTU90T3RpdjUyZ0pBVWxnN0dadFdXY19HN2N0SEVaR2VkWW9KS3o0U1hnbi01eUlmTHJON0lXZFg3bnZtSG9yekFnS25zX1kyUUVYcmlfcGJENUgzQkx3SVRsWFZ3SlBTV1HSAcsBQVVfeXFMT0FyczhuLXpXOG4yeG1lWTVGa0VZRnZpNXB1YTdHRkU0eWdCT3pYem40WHRYbFpDblBfX1dUaWdaNEp4S2pVcDJyV0lEVi04VDllc2VEQ1ViWHd5eWhFa3gwajJFdkdfR1RPSEc0a1FBaWVXbTNGMEt2OTFxQWtaQjlPdTJveGY2NVZTdEdlZUF4RmM1eXQxZEd4dDBvZkpwM0lBRktMOWRYMmNMNm9YY2hFeFpxeHNwc25jcHlmSXFQekFGUUdnaDRxR0k?oc=5,en-IN:steel prices India
2022-07-01,2022-06-30T07:00:00Z,GameWatcher,The Cycle: Frontier Aluminum Scrap Locations Guide,https://news.google.com/rss/articles/CBMie0FVX3lxTE9IaURHeG5Ld0x1UWlrRjFVN2dVS0x2LVVVTU5MSFFnYXdTZmFRdTlyVkhxVmFXMmFFSmtVZlByV0s3bUg4N0tpbWxDVGxaR05NUlhjaDg3X3NkTUVyLTd6WkpxdDBuZ2hNRVNyNjBFU3IyMldpYlNtZHBIbw?oc=5,en-IN:aluminium scrap
2022-07-01,2022-06-30T18:42:40Z,Hackster.io,The ArrowPad Is a Hefty Aluminum Gamepad for Classic MSX Machines — Mimicking the Keyboard,https://news.google.com/rss/articles/CBMiygFBVV95cUxPcWNsQ0N0dzRad3lfQ1RrYjktMUo3RGdYRkRsdDRrdnJPSGF2NVVOR1ljM2lyUVlYenBlTmhlU0lrUmctV3I1bHp4ODRhNGNvZkFhNl95b3NrSXByUjlqZDlZZm9FSnFVZFJhbS10b3h6emJ5TmQ5aFREcEhsVHBvSEpWY0hHWEYxX1B3cGtKbFAyWDlxeFgwYnpqMlMzemhIakhFalhwUV9Lc0FxYTU5YmRwcDY4UHFkMHNJSTJVM2RSeHdWbjNuWWt30gHPAUFVX3lxTE5sZHR6RldQLVRrN0lBZkJoaG5NS0dlQWduX25hMlpucnBCeGxHZFF6cGRpTWVEUWVET283SDRzeElMRmwtOXpwVUl0MkpZeEgtRHNFY1lrMmZPMmNXV01nZWhHeTVsMWNoM3duQVNnWlE1S0Itb0JDSWJ1U2NZM01lVEtXdDEtcFNHd01oUnBlR3g5VFVsV2ZiUWx5cHhVQkNKYkkzVTdRUXdKOWhCR1NwcTZtOXI0VHpOZERDb3N3VkRTTmxFX09Bb0Q3eEJRNA?oc=5,en-IN:aluminum prices
2022-07-01,2022-07-01T07:00:00Z,AL Circle,Vedanta deducts INR4750/t from its aluminium ingot price with effect from July 1,https://news.google.com/rss/articles/CBMitwFBVV95cUxOVXU5TERvd1N6aV8yT1hISi1zbnZpbllzUF9lbHJKaDhDdTBMRWxWV3lZTGdyQ1JLYU9YOHA4S3N0T2pxcFVvejhmN093M2pjcE5MTURBXzMtV2diNm5aZmo1aXh1R2JSMUtESzliXzdEWTI2ZlBIeUdrc05CU3hUM0hHZ3BQTmttcENUVWlLSnRoaF9zMUNtQVh1amc4aFpxYWpxekVBVlp6aERGcUJqUGZTV2hDMEU?oc=5,en-IN:aluminium LME
2022-07-01,2022-07-01T07:00:00Z,Reuters,Why sentiment in industrial metals has been crumbling,https://news.google.com/rss/articles/CBMiqgFBVV95cUxNRllLRGVsaFJ2SGdxX0VmTkNURXlIRjRUWFpHQ0UtSGlHcktMUkZzLVpoMnlaMG8tNjdlNVRWU1ZwSDF2UlVYVEJUeTk3ejVXVk9TTmZweEFsaklPeVJyRFIwSUw4Y1pwWU0wLThUSWNINHk1cmZZNkg1WWZyV0JueXRBV1puZ1VENHVCbS1KZjd5OVRUTm1Wdm9ac2VteFV2X19pVmd0azRRdw?oc=5,en-IN:aluminium LME
2022-07-08,2022-07-03T07:00:00Z,BIKE - das Mountainbike Magazin,Old vs new: YT Capra Aluminium vs YT Capra Carbon,https://news.google.com/rss/articles/CBMimAFBVV95cUxPZ29oc1JaUjNGWmdnNU9BVEJBZmFrQW50WENKcmVKWDBMRnFWQWVkSG1leUgxcVFTVUtrWFk4Q0xLVmg1RGxXdnRnYmhjREhSN3VjTTREXzdIb1pKeldVUERzWGxteVZvS2otcGdGcUlsS0tyWmxBTFBzZXZseFRNem9yVm9qZjN6WEVWdTlWcGl6OWRDeXMtLQ?oc=5,en-IN:aluminium price
2022-07-08,2022-07-03T07:00:00Z,Recycling Today,Rio Tinto markets low-emissions aluminum can,https://news.google.com/rss/articles/CBMikwFBVV95cUxQWW0takVFZzFBZ3RBUGs3UnZOZnNPR1lyZGJacURFZnJ2VTZ2ZTFpQ3JxZDZBbXMxUkFHLVh0UW1Xb2NIRldacVdYblVpblB2R2tTNXFDOVBSVUNDWkVRQk11QlpzNENLa1ZoX09OMVpBQjFraGxtMjN5T2YyemhrbHI1OWU0M2RKbl95U0FoNGlCQ00?oc=5,en-IN:aluminum scrap
2022-07-08,2022-07-03T07:00:00Z,Moneycontrol.com,"JSW Steel to invest Rs 10,000 crore to replace thermal power, reduce carbon footprint",https://news.google.com/rss/articles/CBMivgFBVV95cUxNTFNpdi1EdVdRUllpdl9YTGlqTTBueTBiNHdMdm1nTFhldkV4UlM3OUZjX0ZPeXg0QU9aX1JNdDdqT1NEUTBvTU1fSnRTS3VMNDkzSkdzd01tX1dMQ0hPd0l4VUVlSE04NDUzQ2w4cnhDSmx3aHFjRmdabDN4LTZBWlh4ZGlQemg1S2JrUmZXZGlyVDIzcWRSaGhTSmQ5NkltREdiREJJNlE3bmpjUUZZdjY3TUhLaGRvdVctREp30gHDAUFVX3lxTE5sRHBqaXlrMl9NNFVGSWg2bklZSGdzUHV3N3g3aWFaVUFiM2ZULXEwb2NhMlFXNUd4VnUzNVFMejdPaGpYakxkWVNJZEVTWmlKVWNzaDEzMDRsdjdITWYzWXROTzlzMnZQWk1oX2NhYUlPakVqRkpSOXJTQTBBeHZlV3hiT0dvamdxRnRoV29SMDRvaTJWSU11dVVFczJYYmY3bF9EQXNndUZTOHFUNy01OXNveXpZYjdIZkl1YS1JNk16OA?oc=5,en-IN:steel prices India
2022-07-08,2022-07-04T07:00:00Z,AL Circle,Alcoa idles one of the three potlines at Warrick aluminium smelter in Indiana,https://news.google.com/rss/articles/CBMiswFBVV95cUxObmpjQXlZdTA0WnFCUkVRX2NZRFl5ZEhyZThhaU16OEFRVjZkb1I1Qmd0YnpvNUxDZmRGZVFxR25MT3hKdExMT2xVb2NZQVgyWERJWlNWWG1uX2dCYUltQzVpNXBEeFdMSmp6aUVvTG03aHAxb3JwNGpxZW9xNS1KNGZBbU1YTFByZXMyaUZLbmZubXpndm10RTBRNU9TZ05kYWMxVXV5Qk1vR241V01PenBnTQ?oc=5,en-IN:aluminium LME
2022-07-08,2022-07-04T07:00:00Z,Business Standard,"Vedanta aluminium output rises by 3% to 565,000 tonnes in Apr-Jun",https://news.google.com/rss/articles/CBMi0gFBVV95cUxONnJhZU54YlFJcTN2ZVc2dkNzSWJ1VWFqamRSdFRWbm1vZlB0UVlGd3BCVXZpa1lsM1F2VDdPLTRwTFJxYjIxR0JlTEEwVV8yZ0o1UVFfZ2xBN3RGWHJYNDFyeVhIMlA5akhwRE4ySnlBZGdvc1A5ZGhCSU15R3RsLU55dnA0YkUyblA0MXZTV1Y5YVhJSWpoY0ZKa0tHZXpmUUJ5WE9tT0RGUHRjTTN6TnRzcWRDcVlweXhER2J3TmNJWDBKbFQ4MHFLSXZMRHZmU2fSAdcBQVVfeXFMUEIyOFNpVlRoMG81d2gtOGQ0RzFFSWdNME91QTQ2bGREUU96QjNqZjVyel92eGVoTTVPX1lNdDBtVVdUbFRQR3h1V3hjNElCb2VfbXBWTFFFUU1yOGlYS29ia0pUUWlqWU1YWmQtUE01UFZxY003RjcxSUFXVDZrZFdCTHI2cVFBRHBGLWJzRDdNX0lqOFd2VjBtSVhsODlPNmx2Z0R2djhRMElyMkljSXpYY2tQT1Y0SjNTaTVGZU9jYmR3Mmx1ajZpZFRuUk5xalRqYTZDMU0?oc=5,en-IN:aluminium price
2022-07-08,2022-07-04T07:00:00Z,thecse.com,Eureka Metals Corp.,https://news.google.com/rss/articles/CBMiW0FVX3lxTFBrZHpVYjQxZHBha19iR1dSTU92cm40MUpubVM1aVN4MzBQN0ZlTl95ZGlHeUU4MUVONjZHMlFPWW5WMnVic2pEcE4yRE53cXhGYkg4Z1ZQUjBuZnM?oc=5,en-IN:metal prices
2022-07-08,2022-07-04T07:00:00Z,Mining.com,Metals melt down as recession fears overwhelm supply woes,https://news.google.com/rss/articles/CBMilwFBVV95cUxPRy1Dck9vWFV1aVRBSWVQdjk4R3VqbEkxeDVLaklxeGsxVjBkakxsdFdvc0VZaFZtRWZ6aUwxZkVRVWhwRGM4WkJwWEs2VXZWREkzQktOR3RONGdIUGoyZm96OFdSVHVCZUZRS2R5UGFEU185RmtSc0Y1NUl2ZG50eFlRRkJLQkEybXdwanJOZTB5aVp3RF9j?oc=5,en-US:LME metals
2022-07-08,2022-07-05T07:00:00Z,Reuters,COMMENTARY: Metals melt down as recession fears overwhelm supply woes,https://news.google.com/rss/articles/CBMirwFBVV95cUxORVMtRlBEejE2eVNoMEs5N3Zza1hXWklBSV9OLURvWV9LYTRUN0p1RUh3RlQ5R20tN25KX1VtMkZucnBrVVpWcUJaeldHRHI2Z0hqbExvSzdQR1hyclMxaFNrZ0dZZWwtbDB3Z0RLQUZVaE9vZGVXbjVPeTdOSl9QMjh0VHRkNWo2Uk5nU2dKZHNOaE9hSDZ1VGM3OVJ3WVA0T3JDODhNbkdCNEFjREpn?oc=5,en-IN:aluminium LME
2022-07-08,2022-07-05T07:00:00Z,Reuters,Russia's Potanin weighs $60 billion metals merger as defence against sanctions,https://news.google.com/rss/articles/CBMivwFBVV95cUxNc0plM2diM0VYdzM5N2NxTlVtU29FMFNTLWEzTUUtcFZ6NXE0RFJhbk5CLWI5NlhvQzI0TUdiQTRNZzNOeENMaERNenJEdEZqa1JzT1NYckZHendTeThLVlFfcm1WdHFNdkxRbVhNM1dMemVZWkt6M3FWVHlFZzJNUU1uSHlxcjR6TTlsMlhRbjdoWUh6T1U0dlhRSktaUVFXY004WG1VRERxUDNXcTNFcjNTLXdHWGtuaDBaTDEtcw?oc=5,en-IN:aluminium price
2022-07-08,2022-07-05T07:00:00Z,Reuters,Consumer belt tightening hobbles demand for solder metal tin,https://news.google.com/rss/articles/CBMisgFBVV95cUxPOGk2MjgxeGR2RmZuNmxySmJQVkhFTU9Kc3p2SzZaT1NmajEycnljTWZ6NFdvd3dYWlRDdlllZlJNTzU4dTk5RjFGbU9aNTRpRTNjUV9zZ0tUYUJQaVloS1NvTU1oWkhaWUs2QkwzYXBrckJqZFNwZkxFaWZWaTlRVjRjNEp2akhydWVDQWQwR3hpbVQwUnY0LU9KdF9ucW9iRmRUZ20ydnBDTWxpX0I4RmpR?oc=5,en-IN:LME metals
2022-07-08,2022-07-05T07:00:00Z,auto.economictimes.indiatimes.com,Improved economic activity to support demand for steel in India: Fitch,https://news.google.com/rss/articles/CBMi2AFBVV95cUxNMk5Gb2xlT3RFMFBySWVQTjZsTVU4NzVTeU1wNUdsV0FGVUkwMml3d3I1Smw3SnBuRFNCdDRGQlNvTzNtTDZmdkRnLWotckRSVk5GVWhKUWo0eDVxNTJ4aTdGV2s2UmUzbEFxenBxZGVlOUstc2diMjhNYWwwNWh3dHRzTUNkQUNIZktqT2pXdWI5OVp0LWNDWGFsY2twZUM3S2ljTGZDbFo1NS1OZzZ1a0tmZm1zTXVZQmtNOWVuYXZZNEVORENKT00tbmRSU1VLOGNCNi1vNVrSAd4BQVVfeXFMUGRPOHpNbWVVenJpclBVVU1zdC1HcV9ZMmtLUGt3dXpSaUMzWjFWTVZiWDBFS05aRHkzSkwtbjBGdlhEYXVOdl82RXdtSERGa2lCdkY3YWU3bHVxUUd4aHJqZklQZWVZYVhnWjRYdnNpcGVaTWg0Z0RnZzQzSjc5R0dhdzJpUGVvaXl1QUluVVljakpQaUoyUW9abFdzcFc3SHB0Rmo3YXdrXzg0MWF6TWNuWTdXLV9IZS1ya3hmVmZnUmMzNkdkVzBlbzZoTEVUb0Q3NHFlWXpUN3N5NDVR?oc=5,en-IN:metal prices
2022-07-08,2022-07-05T07:00:00Z,Daily Express,Warrington success story! Family behind scrap metal firm posts sales of £4.7bn,https://news.google.com/rss/articles/CBMiqwFBVV95cUxPRTNHeTNoLVRXc2hTZDEwWWk3YjViSkFTZ3RYekNId2MyRlRJZnVWbjlpcVZfQms4ZVAyZTliaFdHVzNXSWo4NmRXRXVUQy1sLU1PMFd1MHJfV2xlZXE2Ti1JckRRZFdwOTMxMTYwTHkzY0tKVGxJSUp6eTZWYl9aUjJKMVRGa29nMHluOEFpRTNCaXRHb244ODdOWWFtMUMtNzkya2F5dDRDZTjSAbABQVVfeXFMTjVFVXFlVTlRTVFqRTlHM2Qxc3hLQWFXbXo2YzVwY1FTMFVEVkFRUWtVWXFSWkVjNTZlZ3pybk9WODFYZ1RpRWt5amZsbUM2QjU4Y2x3SENyc3FfM2hLdDlDOGVSRDZUZUE3eUJ6RUNHTmpqa1BHVzc0V3FJbF9JZk9EeHVyeFlDeFdpeWs0SnozdlNSM2kxLWE3aE9FWU1GeTlaMHZ1cDYxQUlzLVpZUTY?oc=5,en-IN:metal prices
2022-07-08,2022-07-05T07:00:00Z,Times Now,"Stocks to track in trade for July 5: HDFC Bank, Tata Motors, Vedanta, Tata Steel, Cipla, Marico, RBL Bank",https://news.google.com/rss/articles/CBMi_gFBVV95cUxQcWZOR3JYRXVsNFJNOEVHYXFsdTY4aVdyaV9CXzk4X1ZYUGtDODVIX0tLTm1NWkF3OHp1b2FsNjBDQ21heS1OQm1aVnk1SnpyQjJKbzFQc3B6b0pYb21Cd1J2T21pd21YUC1ONXlMdVVmcTduVmdkQkJqdkFNakg2ZDJObHViLURiMmR0X19QTVlOMm93eGxnSVpwUUc1NFJ4Z1FGenZ5STNCQmlDbzhLc2xhaTNTMGVyX2ZSc2g3a3hhRHdtOTZ0RkdiS09oZnBVUE14dHBoYUw5OFZxaFZsSWtNN1YyQW9nQkZqS1NWS19IdllpT3VnOGFwbjdQUdIBgwJBVV95cUxQYlhkWXhFOVRhV05sRGVpRmZUcWVYVUloM1VIa0ctMFRWSHhzVUNfMThlVE5NUHMxdmkzcWZEaEJTVnBrSzVQamlxLVhQMlIzYXpwVVdRck1mMWdpRGNncmdDUzhIWnd1c2trSzI1Z3BzSmNhNzJDa0FSaTRMVHEzbXJwdWNBejg5ei1scVAwc2xpSmdfUFotdUlHZHZDWENBQXNnYTFyVUtlNllveVhWQVJrcnh0UUU4REtrNjVtci0waUlNSU1YZU9maUgxQ3Y5LWhfbnUwTlNHb1o5Rk5XZmpXcXVRS3l1am1KLTZwWlBCcDBpZjhiTTAxU1N0Yi14RVZz?oc=5,en-IN:steel prices India
2022-07-08,2022-07-06T07:00:00Z,Bloomberg.com,White-Hot Metal Market Cools in Warning for Global Economy,https://news.google.com/rss/articles/CBMirgFBVV95cUxQTkVpMkItX3JGN1RWOGdxNWpVWllsYXFuVFFKM2JvMGwzSkp1NG5LbjJkNUxpZlI1ak43Rm13MVZhZWZ4MEttOE5OZjRSa1hCSWh4TWptVXBhWnRlQ2hQX0pITnhQM3YtUndJaEoxbXBPSzRRT0Fpd3pweUhnWHRIQlE0Z2JzWk1aR01FMm5DOGw1YWRmU1Q1SzlfRkpRWnJhal9LQV9MeVVoLTV0Smc?oc=5,en-IN:aluminum prices
2022-07-08,2022-07-06T07:00:00Z,pv magazine Global,Waterproof all-aluminum solar carport from China,https://news.google.com/rss/articles/CBMikgFBVV95cUxPanpHaXFJMENDV29MZ2ppb0dVWk9Sem85dktOU3lOaFNOMkJHM21Xd0JwNnpTTVhzOElPTnVta2NOZWx5bG5UQWpEbndEUC01WUZtelNHR0RCc3VfaWJEcGM5NGxyV3hjUFNaSVFjMXpNeXBhSlZhOHJUd1NLWjRxT1U2VTV3d2REUFhNMjZ3Z0xXdw?oc=5,en-IN:aluminum prices
2022-07-08,2022-07-07T07:00:00Z,Business Insider,Bill Gates just poured more money into a car-metal-recycling startup. Here's an exclusive look at the 12-slide pitch deck that won over him and investors at Assembly Ventures.,https://news.google.com/rss/articles/CBMitgFBVV95cUxPRG44Uk9xTGJ2bVZJM1lqdm85MTJsa3VidmtWaGdmd1gxRUpqUHNZdmZQcUY2M0JpRHJfOFdDcjU3QXV0RnhadWRhckdiR2tRaGtCM0pxRkJnYm9OSXNOYlVfblRDOWN4a25BZXZLUnBhLS00RTlCN2wwWEFPLVVqQTRrSU1JLVpzOFhRcEFsMEJab19xR0pEakFQSW9SMW0xa0xmNURIUkxjMEdodUtabHRFM1RPZw?oc=5,en-IN:aluminium scrap
2022-07-08,2022-07-07T07:00:00Z,Cision News,The Plus - The world's most environmentally friendly furniture factory using low carbon aluminium facades,https://news.google.com/rss/articles/CBMi2gFBVV95cUxNUjQzb1I3UVZjQ2hGMGhEbnFpcHp6MlJ5R1VyS2dhVDRfYWlaTVAwaHNvNmo2OXFya0NWNlpEYTlrVEpsRmItUUx1cnFPNEh0LVNGWF9BZTFzOUw0NmlBY05CU1ZzRlo1YlZmUnRQdlg2YkVjeHlpMUktWnFNdGVxUWVWR3lPLWJETmtzUTVpcklsTE1GR3JVU21SZjNka1VXQ2lzTV9rc2xBTXFfV2FjeXBDaU9FbVRfcVVSNmNZWXhOaTJnZlZWc3MzUDZSbE5JOU8xVEUtSkstdw?oc=5,en-IN:aluminium scrap
2022-07-08,2022-07-07T07:00:00Z,Recycling Today,Hydro expands German aluminum recycling plant,https://news.google.com/rss/articles/CBMijAFBVV95cUxPRTZPVEF6NUVXM2JnUjhoOUNPa0dGZzZYQm12R3F0X01hWkE4SV9YUHFPTmZuZkZRRXQzS3lFdzNvWkZPUzExTlNmclVuNWtNY1YtZV9wT1p4X2VFbUN6RDlWR2xCYV9uYWpiSXZ2TjF6Wkd0dktVd09UQzZweERnWWtWRFEyTHJkNmlYNw?oc=5,en-IN:aluminum scrap
2022-07-08,2022-07-07T07:00:00Z,Livemint,This Indian metal stock sees growing interest from FIIs. Do you own?,https://news.google.com/rss/articles/CBMi-gFBVV95cUxPT0x0M21UWkdOM05VVEowaElEUlpENjk5VU5qb1lZeVllYThQNlRtakk3ZjczaFZ0VEVwQ1lUbWdXRWozWXVNdm5KN1NzVmNPTGdJZWZWT0RxSlFMV0gyazNKWTBSSXhvb0Z6SEI5UWpON2xqazl6dG1HdFR2YTM0WUpnVUxxa0lRcUF5LU94QmV2MUFkWGZRQTczQ0RzLU9KaWQ1dEFwdzdfQ3V2bk1CVENfN3hoRlJXYkNSeVlSYlFJX053N1Q2RkZIS1B5cjZydEotQmtkOHVfNzB6MFN6NngyRjNUakpablUtbjNmcHVDYk1uNng2Z25R0gH_AUFVX3lxTE91SEhQRk45b1AzWk05YVdQd0FsT0xaRVhPdmR0eTZxekVhT2hmaF9zMlR5NExlZVpyYmpoT2lDVUJleFliTzRQTHZaTzM3Wi1oRmc2Q1A1ckRJVk5IMHhBVTcyUV9YSndEdjhkTUdfUDBuNnpkUE93SXJpTlNYVFRqSjhIaU9qT1RFSGZrbmZRcUNnVEhVSXIzZHlHeEtrMEFNME9aTER4LVUzdTNueTEwVEhhc3BZS010Q05PQ25vN2pzNy1VRVVGVDlRWDdzZENKN2lhSVhLcXJkTkVsVUJkcWtaMlhzSzRkc1p3OW13WF96dDliTGJ0SjdYMm5Vaw?oc=5,en-IN:metal prices
2022-07-08,2022-07-07T07:00:00Z,thestar.com.my,DoSM: Average price of steel bar up 15.9% in June,https://news.google.com/rss/articles/CBMiqwFBVV95cUxPTFhXRV9Falh0T0xzSV9hOEU5X1p2c1NTcUR3S3pVQmZtZ3B5MEFwVlpydWJucVVfc2JBRHJXZkdTX0gxQmMxMFZURWQxazNkSW5qUklKOVNYeUhZeFN0TV8yNUhtNXlpODd2aDM5R1hISmlKdFlzY2tCTjJsZnRVcWxRV3c0YmxwVGZyamVxUGpwRVd6V203R0taandTODI4bW9JMDNLWkJPRm8?oc=5,en-IN:metal prices
2022-07-08,2022-07-08T07:00:00Z,AL Circle,Vedanta’s aluminium business to reap benefits from its investment in Athena power plant,https://news.google.com/rss/articles/CBMivwFBVV95cUxNYk53NENqNjF4a0V6UktubjI3Q0wxbVBQbVpUYnpwMmRkZ09lTmtBS0NLam9kTVVtMG14alN6WHVwSFlfYkFLcWRPTHh4cWxvQ0VabFJlcUVHSmYzX1B6T21ITHRzcUZpbVkyamtYV3RMcVNQcXFJRjBQOUpLVnpGeFg5ZGtxa0d0b2RDeHdZakJ5VG9UNHRPZ2NBNzU2Q1JGTkF4SWRQNzVud3duTU5wbnlVazBhakJ0THIyU2VxRQ?oc=5,en-IN:aluminium LME
2022-07-08,2022-07-08T07:00:00Z,Swarajya,Vedanta To Acquire Athena Chhattisgarh Power For Rs 564 Crore To Fulfil Energy Requirements Of Its Aluminium Business,https://news.google.com/rss/articles/CBMi5AFBVV95cUxPNVB0eWNoYmN4WHFRaXVCNS1VVWlpY0MyX25YNjlIRzN6b3NBNzk2eTdiejJlaTZtTmxHeHAycXFtaE9HdWE5YlVoWEg2Q0V3OEZOTnFBdkZ3cE5CZG9fZXBZVlFFRVBaeUdOWW15Zjd3SEVRcW1nTkdaWmZlSlpBcHZTS0NCOEpSU0lFNmlYVFlLcGtMNHpMMUtpUzRuQ1MtdEc5YmU0LXNnSTlCVE5VRjZjOVplWmNSQTNjS0tacHRMRXFQTE1TMEtMZjBlS1ZJbFNXaWo2WmJkMV9reGRiWnJJZU7SAfQBQVVfeXFMTnRUYnNJZ2NieTlvR1BTck1fVVczaXBFTmhMMGlyc3VBcjJaMEtjcWtWSDhnLWh3Y1oxSV9Vd0hGSGV1ZXhZU09LQzUyRGpvZXF2ZWVFNUZxZHdxX0gwWFVJS0JGejRiN0tIVWxJWExfVlpHVXRpcTNuanZkVDlMNWllNnRackhkdDZmQkNHSDJ1N3NoV2VwVHc5d1NuX3A0NkR0SmpNMTRDYV9oSDVDRVVvNFRvM1VaSE15cUF1bmdVeWRVN2FIeDVXRFRLU3dnYWg1STlaa3VQV1JhOHFIeVJKcENZTldSeGxDREFiTnNnWFkwTg?oc=5,en-IN:aluminium price
2022-07-08,2022-07-08T07:00:00Z,ANI News,Hafele introduces its latest State-of-the-art Aluminium Kitchen Profiles-Profin and Prodoor,https://news.google.com/rss/articles/CBMi5gFBVV95cUxPOW9JX1ROWjZXTnV2dWl2LWM0Mm10Q2R0WW04RkhTS2Y5dlhPMHFiMkpnWDBLQkI5SkhTcGFoek5ZclV0eXJMVzRUQkRvVjA5S1RBQnF2MzQ4eWxKb3laTkRsY3FORFg0MnV1dmZhZVhXMTJaMkJFbThwUU9md1F4bXRMdHJFQllsemFud3paVXpWcmEyNE9sSzlCQWxPNXNKMk9EZUFFbjlISE5SXzBaSzFvWHA5bWRBandGLUlsTzY0emh0Z3cxb2RCTVp2cUM5Z2REV2prX0w2cklwblNNTUVScE9oZw?oc=5,en-IN:aluminium price
2022-07-08,2022-07-08T07:00:00Z,The Economic Times,India to double steel production in eight years to 240 MT: Union Steel Minister Jyotiraditya Scindia,https://news.google.com/rss/articles/CBMijwJBVV95cUxOVzhTMFVxbjU5dGo5bkF3R3RDTGpCNDNzV0JBNW9YN3pQQWEtdDR6ZmM2Um1wZ1JGbWEtcWlpTVEwUm9KOVR6TV9BUVE3a0xDYmZHOXpBakVjdTdUcG4tZEZkM1FscjRXNEt5SFZMbno2elFBbF95UFpoeDdNWE9ZV2FGQm9lX0tZTksxVDBHYWtiT0Y5MkFGQmxyQ0RpNWxwdGFCUVRLakRvOXp0WWVMZWEzTWtaaWpOYWExSE1UZ2J4X1otQTk1R0c0dWV3Qk9kR0lmNVRKU2I2UFh6dDFPQTI1RDVpTkYwV0owZEZFdG1PRTlMUllDQzZEbFVNcnZ1bGtJX2ppWHhYNWVHbzVB0gGUAkFVX3lxTFA1Yy01OV90Ry10TWNvdDRvQVUwLVRJLS1QWUVQZjBBWmFMd2JremNzajBBOENnRTlZM3VBOXBic2xpNVhOekdVWXZFQUk3NGQ0YnQycUxXZjBlRkZfQXZpOXd6eFZta0pWeHRvSE9nT2dzNFZmLXBTbHpGUVVQXzlNOExEZHBlOHN1UEU1SlBTdFpvcFhERGZmQ09mb1V1dUxQSV9WSmd1d1hZUEUxck9neDNQVS1UZlNjVEVQRTAzUG01NnJ6VkNhY2o4bS1UVVVmTFlCcFlBb3JwRUhXUUpaZGJEeDFmaFJobGF2TGdvT3FqSFFORWZrQkROYWlGa1ZPYlkzUldzbV9LcnhCdGFpMUpSTA?oc=5,en-IN:steel prices India
2022-07-15,2022-07-11T07:00:00Z,letsrecycle.com,Ward acquires York scrap metal firm L Clancey & Sons,https://news.google.com/rss/articles/CBMijAFBVV95cUxNQUNZZUNoYnd6RU1wdklQYWdDQnlFTjctUU9LdGwyMFZqWmZhaVBqbF9EejhVWHduYnRaZ0FXNVdNeERWS1JKdXBaOUM1TkIxTVpYa01LbEtEOVpZRGtCLTE1dEp1MWJmazctWkJRV2lHdGRuc29vaU5YRDJDZTcwOWd5eFUzelJfbWIxNw?oc=5,en-IN:aluminium scrap
2022-07-15,2022-07-11T07:00:00Z,auto.economictimes.indiatimes.com,Indian shares pare losses to end flat after reports of export tax on steel ending,https://news.google.com/rss/articles/CBMi6AFBVV95cUxOVEJrMW9OVlJlWXpLbjZ6ekNXOU9tak1EcDVXZWdNZHZpZHJKdEk5eUlnOHhqTjNHZ2JibGhlVldUcXpWbHBTV1RXUXdzaUZaVGZFTU5ycnY4N2FIT3hsczJNMDJBWC1MUjhNR1N6aTRNQWVSUG95ajVpT3BpR1pja0RHcWdvQkJHLWhzemQ1bHYxY2RyU01zY2dfM1NTYXpFMExWYTREMTItU1RmdlllQ2dDb1FHVnZ3c0Vramg2dVdNMTRzLVpXd1ZFdndCcUt2eWMxSDd3ZXV6bUYzeFpTekhOOGFTdUJE0gHuAUFVX3lxTFA3SkxXbWJyczBoQTJ1Mm1KSFhIUTVjeFM5dGxrV3hvM1k5S0EwZXlLb0JKMUVXODRVMDJHczRpc1p4RURGb2FyWjV5RGVsbUJUeVgwaG5CU0JCQWZNcnMtUUhMY2xZQVBuNDMwd2F5aDdmQXRkZlhLeEozQzA2Uk53S1QyUWdPcmJ4Qk92RnlETEd5V0FOOXNzSXJGdTVNQ29SVUpZSTkyUVRaWE55N2JJZEhTXzBVMVY0SFM1WVFHTGd1LTBfUDFjc2h4Nnc2X0JUTTUyM2dPcjlXSzRLNGxHVktrdndvZWtBQWV0bkE?oc=5,en-IN:steel prices India
2022-07-15,2022-07-12T07:00:00Z,AL Circle,Irish canned water brand ‘Well’ signs aluminium can recycling deal with Every Can Counts,https://news.google.com/rss/articles/CBMivwFBVV95cUxPWjFkR05fUENUeElDd2J2VEN4bnlrZVdzbEx2WnVzN1BNcEhvSm1Ld1c1YUZHbjRVbWZkcjNXMlZyMWxVc2RXUnVKblJfTGFmOGFVYWtvalNqdGdxdURMV1k3eWpFcml1Sm1FdWEwa3Via0lnbHNfMEtKYjAtaWFuUzlnazVXVEpZLTBpRDJ0MFlyRnl1UWx2U1VuRHcwNldoR1lMSWFiNFdKLUs4bWhkd2NXZENiWVBlaEpWMHNrcw?oc=5,en-IN:aluminium price
2022-07-15,2022-07-12T07:00:00Z,NBC Bay Area,"Ongoing Can Shortage, Aluminum Pricing Leave Breweries In a Pinch",https://news.google.com/rss/articles/CBMiggFBVV95cUxOTVBFVlJUS1ZQRkxNU0NmU2QxRGlJY3pLemV5ZS1LUTg3VDVBS3hJQmJnT1B6YzVWM053dWVJVmVWczFrX3Jna0Uzb3NhOUdsT2Zmakw1V1NiMUJheHFUNGNaa3EzaUVpRWpiMlpUY1M2OThJUGI4Z2J6d05LdVBqUVJB0gGKAUFVX3lxTE5VRlMxSXhIXzlRSDl3aWNTV3NQSzlSazYyVXh4ZGFXa0JEMGVjOHdfT2FFWnU4blczWlByT1dWS1Z5bmVaWjd0LUFuVmt3LUoxZ25sd3dBc0h4bTJaNjJnNkhtNVlBbUxzRjJMZlNVcVo5dlVjSGt0aW9laVZPd1h2RDFndEgzMGRiQQ?oc=5,en-IN:aluminium price
2022-07-15,2022-07-12T07:00:00Z,Core77,B&O/Balenciaga Portable Speaker is Milled From a Single Block of Aluminum,https://news.google.com/rss/articles/CBMirAFBVV95cUxQX21obDNvSHAwLTZ1Y1pTQXQtQVRtbkM2cUFZTmdtY0FZbFY4bkY4Yk1LMXRMYjY0c3BkNnExdUNsT3NRSFp0UTk1OXNRMjlXMGs4SVRSdks3MTllbENxbndLazU5SG5UbDNvdzg1d2xiVWpNS1RGLTZySnp2dFMxNXlNQnBZNVhfaUN3elRmRFpsbGRLNjc4dEt0Y3piMFdncktVeDNNS1Z5Y0tO?oc=5,en-IN:aluminium price
2022-07-15,2022-07-12T07:00:00Z,The Twelfth Magpie,Cornish Metals’ share price keeps falling! Is now the time to buy?,https://news.google.com/rss/articles/CBMiqAFBVV95cUxPb3JZMGs4MVFmcmptWllPMF9yT0xrSkFfRFV1RWI5UWxxa3VQa3FTTkR6YXBfTXRPU0doeW9VdFNHNFByZWpXSVpZdlRUeS1BNTVibWJXdzdqcTdnOFRPNURCaE0yY3pFREJ3czV4SHFFR0lWZHViUW1mdGtFbDE4RnllcEJWdEpnME9QUjg1cnphbmlYbTNxR2tvaHlEaXdKMDdvLUN2eHc?oc=5,en-IN:base metals
2022-07-15,2022-07-12T07:00:00Z,The Northern Miner,"Weak steel demand puts pressure on iron ore prices, BofA says",https://news.google.com/rss/articles/CBMiqwFBVV95cUxQS3RQcGMyUXRQaTNIZzQtTTh6VXBqVW92anJac0I0aVRUOFNoZXFmNkVGdFdrdlJ1Q3F1b2NQbUp0b0xUUmV0Y0QyOGtLdGM3Wm50TU01c3gycXF2XzduenhQSUJZX0hkVlVsc2FDRXZ5cDNjVVpxRjA2cjZHci1wSlZKS2ZHczI0N2czLWlTWFBZbmIzNTV4NEFGRlN0eGtKRlF1Q0NUYzBxaDA?oc=5,en-IN:metal prices
2022-07-15,2022-07-13T07:00:00Z,AL Circle,Bangladesh's aluminium utensil industry in the Talora port region might face extinction due to gas crisis and higher fuel costs,https://news.google.com/rss/articles/CBMi9gFBVV95cUxOQTVhRTBmZkhackRqLUxkOERZbUdUVWxPbXRSQVZ1U0xMand0SmNJeXlnMFE2cE1PU0hLcXZIMUpPcTV1bEY0X1lhbFBlRTFxODhNbUxWTVY4WlE0Z2gxeFFwVEcweHpFck1zcXNzWmxqcE80RS03RU1vUnZYQkc1XzJoMmpaSnZfY1BMcEczQmhEaVpHMThRMHVHSmt5ck5adXhPMVVuLXFnVlZaTVZ4ZUdNTTN3ejRpZFR1VmtnV3I5azNYcnpZZTRtLTN4UkhGeHJtQndaclJPa3FPTEk2RV91WlA2THN4WkdoSEJBNnE5ZEhSOVE?oc=5,en-IN:aluminium price
2022-07-15,2022-07-13T07:00:00Z,AL Circle,Cannondale’s Topstone Alloy gravel bike will feature an advanced aluminium structure,https://news.google.com/rss/articles/CBMiuwFBVV95cUxPYkM1Vk43SDdYQ0RSbjZXWVBOUGRSOE05dVZRa04zMUhmSFZ6VUJuZ3MxcFJIOE1wWE16LTc4blJCY29SLU0wTlRwQV9vNC1nNzJ2b2V2ckpGelk5cVlJNGl1Q0VCTy1FcE1SLUlOdWpCSUdIMWdWREhpUDhIOFhMTWFKWV83b2dVbDc1V1JDTzJsemJhYmxULVFqYWdwYTg4bFRrQnVuc1NUbzFCaFg2VGNibzluQjZkcGhR?oc=5,en-IN:aluminium price
2022-07-15,2022-07-13T07:00:00Z,Bloomberg.com,London’s Place at Heart of Metals Trade Is Still at Risk,https://news.google.com/rss/articles/CBMiwAFBVV95cUxPc3h0c21ZZHVUX1VyckY4ejk2UmQzdUVybnNJVU04ZUxWc09CeUFsVW52MGFzQWRPVTRGYVBNMFVoVFdLQkxYLWJfbzdnaXk3M0dtdF84OERmVnpYWHNsbEJ5QmhxR1VMWVY1UU5UazQ1UXBwOTRmRHMwUnBqVzQwNEd3ZDFpMlVuTnc3S2JvOENkTlk2ZDluSnMxd1FTNDlvQmlCRHdTTFVzM3VjQ2xGaWJxa0hyN2pGd1hsMko1V3U?oc=5,en-IN:LME metals
2022-07-15,2022-07-13T07:00:00Z,Business Today,Tata Steel stock down 41% from 52-week high: Good time to buy?,https://news.google.com/rss/articles/CBMi2gFBVV95cUxOWHQ5VGxFTXdIN2xkRjIyQ2IxNXBvMWxlSm90M3dSOEtWT3lscllxVHBULVJ2TURXR01aWFR5OGlBMHgtRngxZTRrSmdlZDcwb216VjhkcWdINGRteDJNdDBzZHBNT0dXemREZlVTVDN4S1Zwd0VXeEhfZnNldU13NnFaWEtqVmdpZW1QVHMwdzdfb0dnajl1aFBKSjRnSFRWOXZDaG5vWDlobGZ0cjFvcEc2YjhIeUNpUU1Pd0xaQlNuVzFCVFVpMGNGT19ReHlpSVh1WkhLUU9hd9IB3wFBVV95cUxPWms1M0p0a2NGWjZxUmZFaHVLc0FGY3hGWFB0RTA5UDg4aWRZYkl6Ni1seXVIN3kyNmZ2aGxtQzFWSXFpSnBQY1NjLVJYRUltLUNadmZHNnBqWk9ZTXptZXZfUXFrS3d5c0FxNjFGa1VYVG5laTFGOVdtN2dUU3ByQW1uaXoxdEI4cWplakV5UWVZNHlMZC1UaVZidDF6b3NZanlnd1VmZ2hWWmNzYkNEYjRNazhlX0JHYWRXZ3M5dE9qX2RDUDRPZERGN3p0Wm9VaV9RRVhNNjdBeTIxRkI0?oc=5,en-IN:metal prices
2022-07-15,2022-07-13T07:00:00Z,The Economic Times,Bankruptcy court okays Orissa Metaliks’ revival plan for MSP Metallics,https://news.google.com/rss/articles/CBMi8gFBVV95cUxQUzRYZmZwYW15cEV2NmFzcGlhYXU1SlU1blNibmIteGxudXJGSVRSYWpCaDNRdlBXeWx0MDl1bm5vVGpVNXRabnBzeGlvMWlHU044Zk9iWGprc1NCV1h3cWtsVFFtZGtFV0FXQnRYSEI3UGVCNV8wMUdPeWdSWjVSMmY5TG04VWZGVHY1WERwLVIyT1RSTU50V1VRN2dBajRFTWVwWFlKWjBnMVVBZy1vVldzeGdtX2NJMTh6dlBEUmpOa0Y1NGhLc2Z5SVBieFlNQU96S1h1eWRMZmg4UDBiTjZCZExQU3l1cnRuMUp4Ri1xd9IB9wFBVV95cUxOLTFWdHRSa2VfOG5FaXA1M05rT0NyR3lqZDdReWYyVjUtQUlfQkY2eWpmWkl4MUk1aUxSM0JzRkcxZHhNQjJQaU9BSldUTFdaanJza0gzS1FmNlVDUl8zNnZjZ0xYbHR5a2trR1VTbVNYZFh6TF9iVWkyNi1iY2w4Q1RheTBHaG92ZzJ3bFViLXMtWEhuZlJiU0xMMGh5Tk1pdlo1UkJUYWVqcTNlSjNKS0h5U0J0U19WLTRUMDJ3aXNkU0tGSmpaZTZLRlZxXzB2UWRpcmVVRk5RcFc5RWI2WVRDT1ZXSzRla0lFdWdpSXpCaUR5ZU9R?oc=5,en-IN:steel prices India
2022-07-15,2022-07-14T07:00:00Z,Reuters,COMMENTARY: Collapsing metal inventories clash with plunging prices,https://news.google.com/rss/articles/CBMisAFBVV95cUxOOUV3QzFMcGlmbXNodWZaSy1VSXc0YU4yTTJEYXJBOHh3cXZWRFVYeE12djdvdV9YS3MyczE5X1RxSVBsZUZEX056WkV3SUFIakEwRnpvdFBNZGRDeWt5QkdQZDJLMEtjRzNiU1F4NER6eG5ZaU1HNnJDZlBDT1ZJazJIQzBxWUVzRTNHZVY3YkdieFhMUlBxeUZmbnA0azJDQUxPSmJXSTBhRkd3a3NMcQ?oc=5,en-IN:aluminium LME
2022-07-15,2022-07-14T07:00:00Z,Recycling Today,Rio Tinto investment expands aluminum billet production,https://news.google.com/rss/articles/CBMilwFBVV95cUxNX2tiaDlJanhiMXhVenROREZHZXhmYzVpYm9LaVdFUFJLLW5QVmJDQUpCVEM3Tmk0U0ViYWZ4ZXAtLUNsQTZqSGppOFF5dEhESVRJZ3llMXA2UUlwODgyR1ZHNDlYMUkxdmxXOUVNYWgtZWI0SzlsbnlJd19VaVRFU20yVDZjM0VQT0FhZENPdjdNOUFkQzJR?oc=5,en-IN:aluminum scrap
2022-07-15,2022-07-14T07:00:00Z,Reuters,"Hedge fund Elliott, Jane Street invoke Human Rights in LME nickel lawsuit",https://news.google.com/rss/articles/CBMivAFBVV95cUxNQzJIMDZvTWRIaFRqdFYxQmpkamJCQ2lLSEtsQS1MTlZFa0NiSDNMRDFfTFh0V3ZyQVlwTk5RbzM3UWI0MzY5R1pZU0RLMlAtbE5wWG15MDh6ZUQwcEZFUWZyOHlfeEE3bWV3ckMxS0NJOFg3WU5YUENob3ZaWTRTcFFwQXYyRlJxdGd3Z25rRXJrZXFhV1FkMEc3ellielhVbXFQdG91SmNpTUNfRFVCT2hTdzdIVFFpNGpZUA?oc=5,en-IN:LME metals
2022-07-22,2022-07-16T07:00:00Z,rollingstockworld.com,"Aluminum in freight car building: the USA, China and Russia experience",https://news.google.com/rss/articles/CBMisgFBVV95cUxPb2RFNjdxcUN0eFVlYVZrMUpGRDJmOWJhZF9ScWVORWdWLTNvMHh2VENKc0c3ZG5Ic24xSXpna0tiWTBLTjFzY1gxMUdmdlZreHZnMEZfNjJ4anhIZHhnS3lDalJZYkt5R3FEWE5mNnI3Q1lhejFNTUdSc0U5S3laN0RaQVNQUFFFbXFkM3NvZlVuZENVbHFkV2hVOFQ5NWd0TF8yVUZnN0ZkYkVNVDZ0ckFn?oc=5,en-IN:aluminium price
2022-07-22,2022-07-16T07:00:00Z,Daily FT,Alumex first in Sri Lanka to commit to Aluminium Stewardship Initiative for sustainable society,https://news.google.com/rss/articles/CBMizAFBVV95cUxOc1hiajlaMTJXQkhTS2VoVERtTXdnUlYtWUVrV1l2dkxjVGpKQkplOGdybzJyLVBlMzNFbG5HTzFfVXhuNUp4UEJpRUNTcGtWQ21ILWtsQVN5eE1pbE8yRDZnWHJSenJabko3ZnIzbzhuYngxVEgxT1lnVmpZdk1Zc0wwVXI3d29HZldhaWx6UmFWZ1JBMWkzTEY5Q1l4c3lhRVc4Ri0zNDgtbm1XNDZrQTFqeFFGQ2ROWUNIR0xVN2IxWDl3bE9rM3l5aTg?oc=5,en-IN:aluminium scrap
2022-07-22,2022-07-16T07:00:00Z,EUWID Recycling and Waste Management,Unchecked downward trend: Copper scrap prices take another significant tumble,https://news.google.com/rss/articles/CBMiyAFBVV95cUxOYlJxb3VlQUxwV3JXX1E2U3F3amlISHFWaExlSUlsd1dFbUh3MDZqVGozWWJUSWVZVjlwSUhWWGUtRjZmRzVZWm9TanFzOXpOSG9NMkRVZWlqRWQ0SnE5ZWxZWG5nS3lGTjhzdnBtNEY0ZXljMHlXZ0xIYjlUN01NUV9mdGdLbi1kWEZoMGV6RWpCU3lmeVh0SDZhcXE1N3QySDZRbW9nMUJQbE9IQ3A5NzlzeW5TSXlnRS03V1M5LWJXMEpkeE40Vw?oc=5,en-IN:LME metals
2022-07-22,2022-07-17T19:13:57Z,E & MJ,Metal Prices Give Up Ground in June,https://news.google.com/rss/articles/CBMigwFBVV95cUxQdHdkRmtRaTB5MFo2MjdjaGZrZ0VxaHA1Q0F6VkxETjZlUm5iOXNsOWRhZFppSmRVQmhrZ21zd1hzMGJ2cjJNcmh6NFFMVzlqbXJPX1pLSUN5ckVFVmlWenBnWkNHSmMxc2JmazhicGtsMWJ2ampUSnlncEpGRXB1MnYwUQ?oc=5,en-IN:aluminum prices
2022-07-22,2022-07-18T07:00:00Z,Vedanta Aluminium Metal Limited,Growing Usage of Aluminium in the Auto Industry bolsters Sustainability & Safety.,https://news.google.com/rss/articles/CBMizwFBVV95cUxNU1ptZjVTdmxZclpCbnJJNEJPR3N1UDN3OFI3N3ZoNVJmeXR3c2FLUVRKRWVKckdOVGV3ZHMzelZTWmg0VXlNNzNHSnZOVXRRMW1ZY1dDT3l3T2RNMWlMbXNYYmVCeDVLeWI0MmNrSFhoQmJHNEVYeXZBUVVNeFoxZWRqR09mTlF0LUdqdF9wNU11YnBHdEFhS2pOTTZmMXZ3OVdvUXJLMk9NWmlybDB5UGVodEpmM2dWNWtfcGVmMTQ3NXZSN3FwRmViV2FVTmc?oc=5,en-IN:aluminium price
2022-07-22,2022-07-18T07:00:00Z,My London,How a 68p roll of aluminium foil could keep your house cool during the heatwave,https://news.google.com/rss/articles/CBMiekFVX3lxTE10XzJzdk1HNmM4R3pvN3pnbzdoVmpleUk4QU1sMXgxY2FmSTQ2RXZTdk52czFvQ2poNVBFUlZXV3JuOHFCS05SYkdpa0FyLUZ3Z095dTZud0RCMmYwM0tmZ1FlaVJEWDNLaVUtVXU2S0Y0NjM5YS0yVEJ30gF_QVVfeXFMT0tHbzFZaGs0b2duazRBanpuTDNuMzluN0gzblRJbmtQb1htZm54TDN3ZGx3amkydUk3RVRGR2Y1bmtMTzY5eDhwbENuZXo4aDJHWWFldTVhOWJJS0M0NFpIQjVRdW5obHBsRWphRUtEd2ZrdjJERXlDM2V2WjU3UQ?oc=5,en-IN:aluminium price
2022-07-22,2022-07-18T07:00:00Z,Manchester Evening News,How a 68p roll of aluminium foil could keep your house cool during a heatwave,https://news.google.com/rss/articles/CBMikwFBVV95cUxNTndtbTdQZGhUS2c5cTN0dDZOR3ZmMUNjcHk4NC04UHMtb2dVREM5STNBSUgxcU50aHFOV1hOZXVfV3FhaGJvaG9ucDZfejRUeVdiOTUxOF9nV3l3NFVYRk5fMU1SeHJkUE53cHoxRWZxQW9FSGdDSGVDWV8tZjl4dTVnb3RBTGRjeHR1QXE0V1RoSUHSAZgBQVVfeXFMTzMzWEphNFRjaFNicW1ndU44MzVrSGxOamFfdDZWS0ZhWFZrOHJtcko3RUtFanZ0NnBVZmFvYVBQSkpSZ3cxcFBIdU9DUTNLQUlFRGZEbXpXQkpZSTNBYmlsTFh5TjY3SVZnVU5zRFE3eTVDYUI0UnlLbXVUcFVLSElQQjFOc3BfWTVMdmZBN2J1UkdvUlc5SGw?oc=5,en-IN:aluminium price
2022-07-22,2022-07-18T07:00:00Z,CBC,New scrap metal rules take aim at catalytic converter theft in Manitoba,https://news.google.com/rss/articles/CBMihAFBVV95cUxQS1EzRFFDUkw5c0tlRHZhMFQzZ09kVk81NS1MTFYxcDZzTXVIeVJsZzMyMGIycllzcG9wMUN2MzQzWTFxRHNXVnR3QVVvRHN3bzVZaHJBRWhhQUJkRGtjTHZqcU96Y2hnTURWdzRwOXJ1OXpfZk9NX2xJeXNaaTY3cEZCdEQ?oc=5,en-IN:aluminum scrap
2022-07-22,2022-07-18T07:00:00Z,ET EnergyWorld,"Green hydrogen demand in steel, mobility, natural gas sectors to require $78-bn funding in India",https://news.google.com/rss/articles/CBMi8wFBVV95cUxPbUpxako4dnAzUU5SSHRldmtJaWFFNDhIcXNlbEV2ZXZYVURlUlpNZ2k3OGxOaEF3c1pxSncxT1hWUlhHSWo5Qmt5V2ZaRmd2VGFMSGZDRk10X3RhT0I0Smo0cEwzWmxpS21jODNGdUtHQWxrR01FZHlkaE9GZUNCUDhPUnVRb29PUjFsTDEzNGpSc1RXY1M5NGtDMFlSdWh3YWxOWEJseVM4NkJMb196bjRZcTRTTUdVOXlZVm9nX29lNXdhcllRTTRidTc2eHBVSTRJTWdhbVk2NnRMbzJMQnRmTEN0NEl0M2puOHloeE9CNVHSAfgBQVVfeXFMTkYzX1N5VUlhQzRJbTVkYTd3ZXlaNFVTRkMzR0QycGx4eFhhSWZMTFIzZlRfaTJ2dkdqSGlLQ0g2aERocmNpMXE3WDdLdHZOT0dRZS1uenA0SFRsSmJzTUp1eEx1bTE3dW5LeGpWcWlKN1NjdUZyRElmSHAyWUZBUEZmMDJlZ1AzSkMzVk96N2drMllLQ0taUTlYZVBWWmtOYzduR3Ruc3p3UEFhMGx2emhUMU9FTkFiN1hmRWhSMFpUTk9YR29KdUswd0dUaHJqU2FxZm1FWlg1MEN3VVZramJUM3Ruc1hnVVYwYi1NSkVCdG1YRklVTzk?oc=5,en-IN:steel prices India
2022-07-22,2022-07-19T07:00:00Z,thefabricator.com,The end of the steel price decline might be near,https://news.google.com/rss/articles/CBMiswFBVV95cUxOUjNpVjNvWXkxY092Sk1RNkVGSGlRMWZvUkxlbVNIM0E2NkxZWV9JY2xCeDViWTk1S1pQUk8xdkt0eHNmcGg0NjRpb0VSeDJRbm1aOGN4dUswdi1LOTNFSGQ5U19lUU4xQVJjWktCRnREZzRmQUlsM05ySHJGT0RhQzRZbmhlXzU0amtpLVBNNDdLOElTRmNPbDNucVpsWDNaWDI1c3lGb1dERUhIWWI4RFVVbw?oc=5,en-IN:metal prices
2022-07-22,2022-07-19T07:00:00Z,GMK Center,Steelmakers around the world are shutting down capacity due to falling demand,https://news.google.com/rss/articles/CBMiqgFBVV95cUxOejU3YmVNU29QWlBwRFlveVFUaXNob0hkMzRWRzV2QXZTWVFzcVJSVFdFYUFBRjRKczVQZjZxWHQ4enlTLTRFNjRwNmtxcTZVemtpTGdyZ1pwR2hMY3hCTklsLVp4X05lTWJyd3BUdWxEV3gyYWFIS0t1bEtuOVN1eWgwX3dTekZxT2VDcmRKYWl3Z2l2c3hOSVJJdjhGanhmNEhSQUc5QTRXUdIBrwFBVV95cUxOYU1MOTE1TXYwTzlOR0JSRUtTZTFtYVEteXZDZl90Q1loR05RZGtwM3hPdTZncVdEMVlRV1psOFFwd2NiYXJFMTVjZmZqOExacEhJdGZoem5lbzNXNko3c2hnMDFZWGVXNkRfWGllVUIxVlQzWkZtZUNiVTlzbGhuN0lBT3RFMnJwZlRVSmRqdUhkbTNtVURoXzZ1MFpmcUcyQk9ncXczdE9FTDlTVXZN?oc=5,en-IN:metal prices
2022-07-22,2022-07-19T07:00:00Z,Business Today,Tata Steel’s Big Bet on India,https://news.google.com/rss/articles/CBMimgFBVV95cUxOZmRnUmFsU3FnTW0ycU53YUdURlhxNmRhd1JvajVrQmRuMk5lNGw4SHNwUTNDZkk0aEdKZmtPV004WW9SWXJFcndtT3dFM2F3WTRoeXFYVk1qYld1OURTelFVdkp3SzlYamZJWVk0VUc4OXhxZXRJTEdqODhUWXZ3OXl2MDl1bENOVmVpN2psYUJmMTlrdFg0VmRR?oc=5,en-IN:steel prices India
2022-07-22,2022-07-20T07:00:00Z,Fastmarkets,Why history provides a cautionary tale for aluminium | Hotter on metals,https://news.google.com/rss/articles/CBMiqwFBVV95cUxQSklJeHQ5SjJDWUpmTDBhWFBPbDNkV1dwZmozNGVYNGtrOWR0a0x3SS12dlFaS0pDSXI3SFhmRVhKOTZPZXFvWVFnN0I3VlRSdlI2REpWeEdhT25kTi1CdklOYnZZZ2FxdFl6MjhndF9SNUNrX3ZnV0lfTnhQRmJmcW5HSzY3U21ySnBqNDExdDBncWVZbmpGMVJSUGg1QXZvRXRBbk5rd09hSTg?oc=5,en-IN:aluminium price
2022-07-22,2022-07-20T07:00:00Z,The World Economic Forum,Why China must use decarbonization technology for aluminium,https://news.google.com/rss/articles/CBMikgFBVV95cUxNVHh6bzNocFFlVTRmdFpGZVZkZHdJcjlHZzhBanNYeEZUdmJ0Y09FM2haX1hZVHFwd1BpU3YwZmdLTHQ2djM2bFpSa0J5RllwTG9NTHU4LVBTM3Y1aUVQNHZLaGNpcjNQQWtyajRNaEhMQ2pGUlhyZVhHN21pNGRvNG5pdUE0cnE3ZVNfaWtGRUJ6dw?oc=5,en-IN:aluminium price
2022-07-22,2022-07-21T07:00:00Z,Salish Current,Intalco restart: can ‘green’ aluminum get ‘clean’ power?,https://news.google.com/rss/articles/CBMikwFBVV95cUxQQ1pJQ0xPMXpYQXgzcm1SMFJ0ZWdEdWJNc3FOOHh0S05uWWNGT1VUSUFxWGRCR0doRGFnX0NEOTlYLW1PVUhId0JrNzZGaG5zaTdsOGZfVkIwa0xqQTN5NWhDN1N0amhyWTRFaGlBcmlzci1yUHp1LTBGQXhlaFNWWnVuQVBIRXNXMzFSZnQxTmxZVEk?oc=5,en-IN:aluminium price
2022-07-22,2022-07-21T07:00:00Z,Caliber.Az,Azerbaijan's aluminum industry ready-to-go: Export-oriented JV in Ganja,https://news.google.com/rss/articles/CBMingFBVV95cUxPUE50TU9VQV9ybmxNdEJWNXdCQ2F0ODB1MndpX19WMXJyWGo4Rm9LZV9Rb3c3eVl5bTRrUElUQ0NxVWF1WjJxS1RfVGtEcGZ6MGxmVVd0N0FlYXZMOWdEVldsZFFqbV9sb3g1LWt4N09SSmZjWnFIcVFqUXpQWXFXSXhWVXpDT1QyYzNBcWZrWjBJY3VJNzZwVVlJWnR1dw?oc=5,en-IN:aluminium price
2022-07-22,2022-07-21T07:00:00Z,Irish Examiner,Limerick's Aughinish Alumina under energy cost pressures,https://news.google.com/rss/articles/CBMidkFVX3lxTE5vNmtsSmc3YmpOZEdPb1JkLUhVRUtwS1JZLXkwYmd4NC05cEZQWXdmZUVMTlpLd3dkQ2VjWVhQa1kzS1ZGTmVURUpBNTJUVGFqbS1Od1BCU2NDWDFzdWp3S0E4M0RkbmYxZFVuN3NpV0VTSi02R3c?oc=5,en-IN:aluminium price
2022-07-22,2022-07-21T07:00:00Z,"County of Union, New Jersey",Free Scrap Metal Recycling for Union County Residents,https://news.google.com/rss/articles/CBMirgFBVV95cUxPaVR6SjZ4eFdBbkpiZVRxM0V1ekx1eHprc3lXS09QbDZvSXdEeVk3Njg3c1V2TEtCNjFCRHJiOUhXX2pqVmVtUnVlb1FQdUZ3U1FTNF9zS3pfS3JJNU5vbGxmR2ZaZUYxM3lmQWRsZHRYcUpxV0hMX2ladlFLZXlGRFdfLUZyYVhjaFFxcG5jUEI0b19YVUR4dDNwZDEzMzIxZkI5bUtsRktGdktfcmc?oc=5,en-IN:aluminum scrap
2022-07-22,2022-07-21T07:00:00Z,GMK Center,World scrap metal prices are falling due to reduced steel production,https://news.google.com/rss/articles/CBMingFBVV95cUxPbTc0Y1ZJaTRUVFE2b0RUMzRUWFkyLUNPOTFOTm1PVThVc04zdW1rUGFTLUpKYWVHWDRjb1JGeVMySVBCVmYtN3R6MWNzT1luWXI0Z2UyRHNJRmVyd09mYk5GV2xfUjB1blBwV2VURlBXUENoVXlDNl9rRWNjaVVBaEx1NUQ0NmY3Ml9OUnpIakRxN0l5VjhWemN2eEpaUdIBowFBVV95cUxQZ19VbXhSeXBGODR2aXdPd2hjd19peWtRNWZqYS1tTDUwRGstcnJlNjRNd0ZPZFB4cDdkMGVxa194WFVKTTFIcHVlOHlLUHBHMFBHN19CVTRyRTZEbXNXV201eUxJbWdpWkJEb1FhREF1REpIbVM5SWFJMVhhak1uOGhLazNWdUpUTW8tOUlqaURmY1Z2emRRbFIxN2FmbHRZcGxB?oc=5,en-IN:metal prices
2022-07-22,2022-07-21T07:00:00Z,Moneycontrol.com,Rama Steel Tubes gains on bagging Rs 26.4-crore orders from Himachal government,https://news.google.com/rss/articles/CBMi2gFBVV95cUxNcXNyN1FGMl94Vk5GN2xoQmhzTUpUWHRiS1h5OGVFREhwWTY2MUtXUTVHdUpvX3N6M0VLV0cySkVGblF4MWk0SEZ4YkViZlJid011dnA2Q05zd21NX1dhcjNoOTgyOWhXdHp0UDJ1eXpaZExPMGJsSkNLX2Jydnhyam9oQmJlVjNQNjhtS2dLalVFY0duR2NJS1lnZXNjZmVoTmVxQU9SeFVfYTZWbnZEZ093WDdOeTUxVjNxSi15VEZuMWc3bTlRTFZWTS05T1pSOEhueUJ6SXB4QdIB3wFBVV95cUxPU1ZOeDRjU18zd2hLenBRU2tDN2VDWW9PNzNncXJOYlFRMW5HRFMycDZuMXEwS1FzTlI1ZTJjMks5MElyV1ppZG9ZcWJOenhFWjBNbkppV2JNVjZtaDZqSm9hWjJxeWRSdmtKUlJJOHNjNHVVU2tnMWJwTkNjM0xMc0xQN1JuY09OYjRPSnBjSVJJZDgyWk11YXRlbERhRFlEWTJKRHUyd3Bhd2dJeGVZTzBpbmExd1VPbTFsZ3FwUWpRNGdQaUp5NmtKaUFPQlBTZllDdXdzWHI3Mmhyc1Vn?oc=5,en-IN:steel prices India
2022-07-22,2022-07-22T07:00:00Z,mining.com,Europe’s energy crisis risks slashing aluminum production further,https://news.google.com/rss/articles/CBMilwFBVV95cUxPWFdnV21TYWRDQS1yTFlxRlhFMVBMalM1M09xeFpEMm0wSjd4dDhVNVhyTUVFTE1ibFRGOHpuWXRpdGZ1Rk5rQWl5YVF1MFhrbXhGNjZ5TTM3VFF2NGRjeXI2ZlpicDQ3NDRYU3phZlgyZllyRHVUVk5CMV9jSjdnODlGd0hkdC1tUHNxZElTdlNDbmtsRUhR?oc=5,en-IN:aluminium price
2022-07-22,2022-07-22T07:00:00Z,AFR,Vulcan Steel taps into greener push with $149m aluminium buy,https://news.google.com/rss/articles/CBMivAFBVV95cUxPV3N6T3RXZ3Y0TjdiUGRYdHljcTZqX2xGdlE3c0dSUTZSdHFRTzZWcWlUZGJmZmlCYnVIaWRfTE9zZndmTVlBem13UEgtQ1J6dzNJQXlhY3o1dE9RNFVXY0huanQxVW94anM3S056Q0duTGxsSHNXUDdNUy1rRTRWQ08wdUNJZmxIUkFfM3NRcm9yWEIxMWZWNmltSHlhUUd1WUdyVEZoRnpzSzZtazc2Zm9NODJ3cm1yUXNIRQ?oc=5,en-IN:aluminium price
2022-07-22,2022-07-22T07:00:00Z,National Business Review,"Vulcan fulfils long-term ambition, acquires Ullrich Aluminium",https://news.google.com/rss/articles/CBMiWkFVX3lxTE9ldFdWd3RZaWFsTDZiNXpTb2RMXzNrSlF4czVZMDE0amdacjlUU1V6QTN5SDZjSHl0eXRrN3BndElFc2pRZWtNRDQtbWFWeEF5SmgwUzQ5bmtJZw?oc=5,en-IN:aluminium price
2022-07-22,2022-07-22T07:00:00Z,WSJ,SSAB 2Q Earnings Beat Forecasts on Higher Steel Prices,https://news.google.com/rss/articles/CBMipwFBVV95cUxNa09hbGgyMkRjTWFCVU1GWHY4YlhyOFB5UDJGd1dIUERkbzcxM1NmenJEUV9VbXFJaUJHQWZ3U1dRUHJiQjVScEtvVFZYaFI2UnljMGR3RTZ5M01XNFcwd05wR0pjZkFFVTEtYkdKaVNObGdDSTZ6LU9URngzZHZhSjVjbVp3TzEzc0d3aWNGWFU1ekoxWGJCWXZvT0hFSTNMSldZSG01TQ?oc=5,en-IN:metal prices
2022-07-22,2022-07-22T07:00:00Z,Coalition For A Prosperous America,How Steel Tariffs Are Helping US Workers,https://news.google.com/rss/articles/CBMie0FVX3lxTE5wQXo3WldELS1kQy1kSmp2UGdsZm9FOXZQcmY0cjV3WTRfQVZhMHROb3ZsR25pZEFDRjZsVWV1R3hKRW1JczY4aTNkMmR2ek82cHMtMEo0c0wyMVY3X1RuS01nZEdFMFZTTU1nV25JYkhxZ2p4RU8wUV9sdw?oc=5,en-IN:metal prices
2022-07-22,2022-07-22T07:00:00Z,Livemint,"JSW Steel Q1 results: PAT declines 86% to ₹838 cr, revenue up 32%",https://news.google.com/rss/articles/CBMizwFBVV95cUxQNW90UVdNQXFMalhkdFFmS0lXWlBTNmVNcEhaamUySEI2T0x2T1YySmktak1qSWdXc0pBZE9iNmxSeFB2U3NwYmo4aEdrY3JYemdzSk0ydE9LWmNDZVRURjdyVW9LTWFGeTRfeWtsOHFtVk1ZWjlSRVVaSVVyVVZlNjZ6enVIai1yLWlSU2ExS1d0ZkJyVkUxU0ItdG1FYlBXc2MzZjdkbUtkUmNsc2FUN1dwSFNNU2pBU05hSDhndFZ6QmJTNDlmeWpGS3QxRjjSAdQBQVVfeXFMTnl6SlpKeXFiYm04Q0xYdTFDMV9ZT19vVHY2dTFFMjVsWl9GQjVqMGtfRjdYNWJBVi1nRC1pZFk5WkROVExWWkNtVW1ab3dFSG9XQ0RnOUphZXF0Mjg1UmxVTExvbXY5MTNadHl6NUZGTXl4OG40MlVPaE92akRXUW5CUFFBcTJXYzF2VFBSMjFZX1pPZlBZODI1alZHR1BSTi1kby1ldU9ZZm13T3ZMMWg2OUEzRnlVMWJZOUVVazFGMklBd3psekFaaFkxWDd3RGxya2c?oc=5,en-IN:steel prices India
2022-07-29,2022-07-23T07:00:00Z,The i Paper,Threat to Port Talbot steel jobs decried as ‘eco-blackmail’ as Tata seeks £1.5bn in subsidies,https://news.google.com/rss/articles/CBMiqgFBVV95cUxPbjdHaWROV2tHbUFXUy1xekVEU0tlOFI1bU50U2ZOZ1lNalE1Z0VxeF95WWN6QnVNNDVWam10bjhEd3JJODRDQ0o1Y0RTTUxRQ3BoZlBGVmxoYzZGS2RkMXZ1cVJkSTNfRy04LUJsMjJGVFRBTzZHMnpuUXRTcENIZlZicnZJM1pkS1Fid3I4TU56aTZNaFYtcFhQVzAyRGdaWkZWRm01R3pXZw?oc=5,en-IN:steel prices India
2022-07-29,2022-07-24T07:00:00Z,WSJ,Aluminum Corp. of China Shares Rise After Latest Acquisition,https://news.google.com/rss/articles/CBMiogFBVV95cUxQdTcxeURrTnloMjBJZTNDVXFwWXVmWGlMYTBwT2lPNjVvbXZhQlVWSWFBZkR4TUdxekloREFCenlwaHFkSlV3WEdZZm9xdkhPSkFLYVFQbTlRZFloTUU1b3RsVHE2LWxzSVhXVEpPOGV6QndtVzJPM3RvdDVwcW81V0tmRjROM3c0aTVmX1RDVHczU1RXMXRqd3ExUS1BWkF2YWc?oc=5,en-IN:aluminum prices
2022-07-29,2022-07-24T07:00:00Z,news24.com,Scores of small steel firms close down,https://news.google.com/rss/articles/CBMikwFBVV95cUxQWHJyTUN5R2VxV2hMY0Z2TVdNVGF5aENEcFhIQllqVGxHWENRaktZendJXzFfNWpYdHFTUTVUZGZzZnVIN3g5b3ZmM0RFek83X0ZrcVN4SHNzSzgtR0x6eDNELTU4dkhiSDdtVkdueEotNkZSZ19jNVRhQ1JtVDdfN0dxNmNoRnhKWlFLUjA4T2wwRmM?oc=5,en-IN:metal prices
2022-07-29,2022-07-25T07:00:00Z,Caixin Global,Chalco’s Takeover of Peer Could Make It World’s Largest Listed Aluminum-Maker,https://news.google.com/rss/articles/CBMiygFBVV95cUxNbUFGTTdySFFOSG01dlplaHB1OGozdHNJMnpVXzEtemhNaUVYdzNtSXF2aW50eFFaTDIyTEhlZ3BuM3FWLVpoeTRZVmRBaEdJSXByamdINTVIS2FTZkdlaUcwUXRiN1NUdVBua2FpTmZiOUpqTWhXblpCUUwxdFBtajlKZjJuZ2NDSTQ1U2VzcFNCNjNWT0tZZmZXZ1p0ZGhGbTBjallMTnRkWWdpOVJYNmpjMDNFXzhGdFREMlI0RnJEaW5tbFNBNTBR?oc=5,en-IN:aluminium price
2022-07-29,2022-07-25T07:00:00Z,Monochrome Watches,Hands-On Bulgari Aluminium GMT Amerigo Vespucci Limited Edition,https://news.google.com/rss/articles/CBMirAFBVV95cUxOazlFdmdZYTdFSzlFWHltQV9tRzhHRzBRMEdNcWF1RzhjVHM0NXptR1RleVBxVDdlZkNIRFJxZUlXU3RSQmxONVFsNVY2LWtEa0RmNm9VcVlpdk1oSDBTUnRBN01sUWxLN1NRcV9HSHBsV3YxQ3JCTzQ5OXBBT2xER2tiY0xNaFRkTVozc284LTZEZG16X0RwWEVwSWNtS19VR3licjJMX0lDMU9B?oc=5,en-IN:aluminium price
2022-07-29,2022-07-25T07:00:00Z,CoinWeek,The Story of the 1973/74 Aluminum Lincoln Penny,https://news.google.com/rss/articles/CBMiYkFVX3lxTE5la1A0b053My1XcHpTc2dyT2RvVEdVUHNwMF9HUnlGYlQzYVBYUmxLT1lWZ1VDU2g2UElQc2c4VDlkZ2lQaUhpc3kxYXJ4NG1jSlV0NXpiN1FFaWZoSEROXzVn?oc=5,en-IN:aluminium price
2022-07-29,2022-07-25T07:00:00Z,Times Now,Tata Steel Q1FY23 Results: Here's What To Expect | ET Now,https://news.google.com/rss/articles/CBMiyAFBVV95cUxQck50ZC04V0N1bHVLZUJZWGZhbkFCcmNTMHpDUUFUMVBWQW1YZXVUdVJPek0zTWd0N2xPTVNKNlo1Tktobk9WMUphb2Iyc2JfTnVQbmJnazZTb1hmOHlFTzRpSTNKZHFWT1d4eXZ4TnhxNHJXWUhEaGJGR1AwdXdvMUtyZk42RkVTQXQzbWFXcjV1cFFTaDFUTFhUcFhidTROUlZ3d3Jrb0xIXzBFRFhkT0gxVFJfZDd1R2dGLVpiTXNyMFJRWTJvMtIBzgFBVV95cUxPUXFtMWRJNW0zMVNJOW8zMW9pVTk3cmxiUE9FUFhEWVloUWZ5ZnFUSWFHbmo5ajhXa1ZObXQ4Q0wtU3JuaGJSOWFsR3JqMFhaSlNHRm11eEFuV20wX1M5MDM0cDJDV0RteTZmbV9FVnFZWVFURFRGTWxPTWxfLXV3SzEwek4xRjEyNnpXMmZHeEhmWFkzRXhfRDlmNkluWGN5LTl5a3QwYWJfcm1VQjdHSC1rMktlTFBHTEZzTm5zQnVfVUtBa3IyeUtONk94QQ?oc=5,en-IN:steel prices India
2022-07-29,2022-07-25T23:30:54Z,fuelcarmagazine,Box Logo Supreme Retail Prices Supreme Drop Price List KRSEC Aluminum Alloy Bike Frame Racing Dirt Jump Set,https://news.google.com/rss/articles/CBMipgFBVV95cUxPdGd5VFhnc3BqS0FjVlBZaGdpcHhieU1EcFBNb2VweUZoME1xMVlvX05vVEVoRG5YRFptUWxBOXpGWDZzaVkySDZ5SDl2al9keHpSV3dGcE50SHRpWFBWMXNRQkdrUmxsTzVrWHV3MkFPUkNMYXQ0ZzRBbVFoOU9Db3VsSWhLaEdiUkpWYnBPemVEOHd1bnA2ZjRhdUt4WF9WY1NjR29R?oc=5,en-IN:aluminium price
2022-07-29,2022-07-26T07:00:00Z,Resource Recycling,Steel Dynamics to build $2.2B aluminum recycling complex,https://news.google.com/rss/articles/CBMirAFBVV95cUxPTzJWY3dkRW5LUTJTeWhLMWhvTnVyRkY5Qkhlb3R0WGRPVUtfUmx5bVZveVVnaVNZTVVkOXN5amxEaWZsdzFGRTdSdUotMWZaN1hOMDdPU3BSM25sNUcyU1N0LWVKNG9JTVRvWUdncHo4MWxUemwtM2NtcmlLVEs1SDBwVkJ0ZF9sQ3ZkckJoWUFiWFN6UHpWWFlSa2VkLTlUODdvU2pkRDZscHg5?oc=5,en-IN:aluminium price
2022-07-29,2022-07-26T07:00:00Z,Hypebeast,You Can Now Buy the TUMI Aluminum Briefcase from 'Bullet Train',https://news.google.com/rss/articles/CBMihwFBVV95cUxONnRyVGhrSS1zS2VURy13dUE4U3FkejNkdGZmQjFUNXNnTDJRNUdueTE4WHBtRllRVmtVQUs4TldzNVV1S2N6NnFlaVRidHBHMFlGNWZKY1JNc1VzdlNzNEZpMkJzS3MyS3puR3hrUHFHOWdHNTJsbWI0UU5QTDZNZ0JnV0lYUGc?oc=5,en-IN:aluminium price
2022-07-29,2022-07-26T07:00:00Z,GMK Center,India plans to build 12 steel plants with a capacity of 60 million tons per year,https://news.google.com/rss/articles/CBMirAFBVV95cUxQTWNmRDJpa2c4SUNlWEV2NXppUVNmQ2M0ekd0bWlKa0dZeEhtMlNkOTFtdm5qeV85SHRzNHlYOGJjcEhZMzM1cnlHN3MzaTF1RWhCT0RHLXpNTXBha2E4U3JkU1NLbldOaFRfLWRVY3VQM3Jpb1ZEbnJyRXREWjRoWDhWbHBqMV93RTI2b3oweURXWEgtbGFsRDJSMEJ6bHA1QkYtQlVRTDRDR3ly0gGyAUFVX3lxTE1lTE95X0g2WUZzb0trdUR6bFRyamlGM0txY2pmN3BjbVlGYll2M0MxQ3RmbGlnSXhaeW1jcmRyVU52VnBkZzI5bHA4elhKX3ptbHg2cXRWWGd5bjFzdEduUGhGUDB0TlZ3ajlQeU96SEFiTkRwOE1LRDFDeHMxM2poN18yTHR0ZG5hdmZsRVRrY0tLdGpUZFgxRHZXVUZ6V1VDeWRLQzJsYkpsajREeFphRVE?oc=5,en-IN:aluminium scrap
2022-07-29,2022-07-26T07:00:00Z,One Equity Partners,"One Equity Partners Agrees to Acquire Precision Metals, Polymers & Composites Maker Clayens Group",https://news.google.com/rss/articles/CBMixAFBVV95cUxNeHRQQkJMNGdiZTNvQXlSSjZncGNGb2VZUXg1X1NUN2lNWVNlMEFCclZxRGQyTXgzRE01azN0ckE0QWRwUjBqY2d3SjdmalhrU3AxRDVXUjNweDM2Q3BuTFY0R2NNaUVGSzRtdTlaV0o1N21tSHMtdnp5aVpTQVhOT1FNVmRyajQ3VmVwbHZaaHNUMUVuSm5UeGJwb2ZsXzBmRnJuQWw4Z2JuMFFDQTJuN1FSYzZYdW81U2xJQXdMZkE5OWpH?oc=5,en-IN:base metals
2022-07-29,2022-07-26T07:00:00Z,EIN Presswire,Tide Rock Holdings Acquires Fabcon - Leading US-Based Contract Manufacturing Company to Grow Metals Division,https://news.google.com/rss/articles/CBMi6AFBVV95cUxORnI0dmJSZTU1QlZmYUs4Z3lObjg5Q3VjMXNhSUNHUERQS3o2M0VialkzdEt6RHFOc0xFYnNsTGdFaEVLT1ZWTUxWeWRGOE5hclNzZ3FxR0pRWnlMYW5UcVRTeDhEcWNsQjB0VGNwNUY5UTVkekVJV0R2Z0pBQXctdTNuU0lqUVRjMzJIZEp2b3NaOWZ2MzgzQWhDb1VFbG5GNmJ3akJqbFZfcWpPLXN0WnVFTlpaa0NBOGNLYWh2a1haYkdQN2o2S1hfWU92d1QtR1VhUXhiUEwwQ0d3MEJLXzJLbUx4WHNz?oc=5,en-IN:base metals
2022-07-29,2022-07-27T07:00:00Z,BusinessToday Malaysia,Press Metal’s Prospect Remains Bright in the Age of Decarbonisation: RHB Research,https://news.google.com/rss/articles/CBMiwgFBVV95cUxPbXpfSEhkeDVDbzRZai00bElLTlprVTNCMVRGd09LZzRYem5DNlllS3NNMWJTRFpVVVhBdHY0N1ctVG5CRkJ4QXVqV0pYRVpsMVBZRHJDNVVkQVk1clhMN3FlTy1sa2NsZzNDZVJvT0FkSl9jMUYyQW5sWDNvSk1YWWNDRnh3NjhWampqRk13YU11dlNzc3Vka0h5X1JlanRZVlZvQlRsekxBcHl6TFRVZHRDa29oY0otZWFwS29NSHJJZw?oc=5,en-IN:aluminium LME
2022-07-29,2022-07-27T07:00:00Z,Recycling Product News,Steel Dynamics to build new recycled aluminum flat-rolled mill,https://news.google.com/rss/articles/CBMizwFBVV95cUxPWU1JcGl6ekVyOVlsbW8xYWdnWkJBUHZ4OGdPMm9UR2h2OW1FRC00Wmh0MnNhUlkwcGxLSmRhRkd6ajV3YmVaM2FsUEVJTXhlVFJHRUFvQXIwenBpQjVQLS1CdS1tQ0wtbDZfV3M4UmsyblVMbGU4SXlzQXQ0STlBbkZVY2JYZ3A4WlllMy1yMEtEMFZpeE85VlNfRXBhcXh3MERUMldSMm5mMjVYNTdIUWFVMG55OTh5SHdCb1UzWkVGd2dCMTFLb2ZzakFsY3c?oc=5,en-IN:aluminum prices
2022-07-29,2022-07-27T07:00:00Z,Moneycontrol.com,Tata Steel: A likely fall in September quarter operating performance,https://news.google.com/rss/articles/CBMi3gFBVV95cUxNX1V5SThrTDZ5UXhKX2V1bl96TG84Y3ZmRGVpcmxFRUxXYWNWWk5aWjU3YXIxSmZYdTJFRW9EUENHdjdQSGZLbkQxbEg4VW1GS01oRldSYWg1dllkZVZvT2xRdDNCdnJpNmxjTW11dEtzUmhseFc2NUJZcnY2OF9HMzFVbkpCVnlGUm1aM2JlZzBzMEFiWmlQaU9VZTJ3MUo2eTY2NlpMN1A2M1NURm53MEhzRWhQcEpKNjJSZG9fOGtfSzlvalpPcngxZXg5Vmp2ajdtSkp6MElXZlljSkHSAeMBQVVfeXFMTVlpYnFyVFNWQ1BrMHVWbm5GWVRuS292UVlDb2tsSldBNTk0UlQ5Vllqbll2N0U3c1N0eUVFOC1mR0Z2THNEelExMTJIc3NpUzB3M1Z6YVRPOVdZejlqS3NLenJTNU9xaERCYkJobzQ0OGZCTzQzcjZmTXlJZDliWkdHbkxjV29fVkU0eW9MSldMWUtTS1Z6SldpZGJVdTkxUzZEbjlkYmtINEdrTjF1Z1NodjYwMTU4elVCNUQwNzRzOXFLV2paenVlY2NPc01Sa2Jad29OMVk2VVVhbGUybGhwbHc?oc=5,en-IN:steel prices India
2022-07-29,2022-07-28T07:00:00Z,AL Circle,Alumina production in Africa & Asia (ex-China) edges 6.6% higher at 3.53 million tonnes in 2Q2022,https://news.google.com/rss/articles/CBMixwFBVV95cUxQSWMycUMxdWVXRzBkaWlhcjNQOTFBdkhheDlaVWtiRDY1VjcyTmdaUXo5VkdjZUt0VlB4X3VjbkQxd0hGYzdRaEM3UjlPdDJnSWEzRXg4YnExZkF2SlJTUXZ4QzZ3bVBzYk9XazVwWm8yR2pRN0t4eVdTODRQb0M1WXkyT3IxY1Zzd1BEcmlvTVFiX1RPTUJxaTJOb1BYcnZ2OEN1VE1ub0hLek9GQXFILUp0cGVrLXZ0b1poa1FMUU9nYnBsSmZZ?oc=5,en-IN:aluminium price
2022-07-29,2022-07-28T07:00:00Z,RNZ,Tiwai Point aluminium smelter begins talks to continue operating after 2024,https://news.google.com/rss/articles/CBMiugFBVV95cUxNYlFoR3R2Q3hHVG10elJDSXlmNlF4RHdhTzN4emVjNFdoczlaaXNFN0FmVHo2VlgwZ3psWGZEXy1XOTQ3ai1XMUtjVkh1NjE0ek9RYUk2VTloaDZDWjJYdmE4YmxOZzA0SkFCRGV2NmQzWTNLZVd4VS16cjJPR0t4RV9XRTFzbTAyU1lXOFRzNnhkTjBZSEE4UDBaYzl2bkdIYWdmTmM4cFdlSlVtcURQUzVPWGJCSGpQWlE?oc=5,en-IN:aluminium price
2022-07-29,2022-07-28T07:00:00Z,Fijivillage,Prasad asks if allocation for purchasing aluminium boats is vote buying while AG calls him an ‘obtuse human being’,https://news.google.com/rss/articles/CBMi7AFBVV95cUxOWEp1dG1YXzFoeVc5LUszNVhVZGJfS2hlck0wRlZfQVFkaVRWTDViYXdQUllULVpkTV9KRE9XQWlsbXV6WFVlNzY0bllQOG8zSEM0NnpRWmdfbGUwUFpCOEMwM1o5aGxkd0Qxc2JPeF9HMDBYRHpvZmI5NzM0R2JFZXIwYS1hbVJCVThtNVI1UGVaMnJfSXItV2ZfYzJKZGRyNEs3ckljRDJ0TVJOREdGalFLNXFyUE1KY0J0WjhGVEVwN25RM2pkNkFBM2JNempnZ2xkR2U2SkpFM0JHcVFuVlhDeTVlU2NKVGdpWQ?oc=5,en-IN:aluminium price
2022-07-29,2022-07-28T07:00:00Z,GMK Center,Nippon Steel signed a record coal supply contract with Glencore,https://news.google.com/rss/articles/CBMilgFBVV95cUxQc2xpZmhhdzhvTF90eTMzN0lOV2JoN2FLd211aklvWDVFcWZrMnpzWUFoclVseWFkWmRqejRIVkxzQWlmNkFqaFc3bXFUWF9FQjVOQ2wxZ0NNblVKazdFRzJMSjBwVjJsNzRjSmtYSlEzbW5uRnVZQ0x6VkFPTGxVVnkxQTRhZ2REcFRjbmdham43dG12bkHSAZsBQVVfeXFMTzFQYjVObC1tWWtxamZDbDBNMXFhRDRSWUp0cjVHVUdVSDJyZUREQXBaUXpCa2ZQU2RuRHVjSnpXNDQ3bFNqWXhIRGMtU2RtR2lSb19odTRkV2IwMktxMkZzZzRacFQyeDNrek5EeUpBSkxhTmEtd3lwbmxHNmFOZkJUTHNucHc5T1ZyYTQ4ZUhHSVB3am9uRDRhRVE?oc=5,en-IN:metal prices
2022-07-29,2022-07-28T07:00:00Z,Livemint,"Tata steel shares: Should you buy, sell or hold after stock split",https://news.google.com/rss/articles/CBMiygFBVV95cUxQTnQwWUZndUxBX1d3anE0NTV2aWdLVjZnNmtjS1JaWnJWeUJWclZHU2FwMlhqRVY5QTY5Tnl5VGZEY0dHbGtYWnp4T185QnVUcTVkS016Yi1FSlpFb0NlWVppdXBjVU5NdHpNTFQweThLX3A1TkFLX1N3WVVJNzBGenFaRnkzN2c3bzZBZEs5U2RJYTZtNl9neVoyb09Cd1pYNWRlSnRWQkN1eWJhQjZkVEhRdjhjNWFlLTY5c3BkQ3BWcTFXaGROOXJ30gHPAUFVX3lxTE9BbWNwU20zTFM0VDEzcTh0d004OUxmWHNseWNsNWxzRVdSMUdxQ1NsUDhWdXFjSzBFREpLNm1SSEJ2aUJHT1NWRzJ2WDdJVm9nWTZrMGpObXkybzBqSVBrcnhjYV91TG0zdlRkQWFxQ1hMNWs4dTlITkMwcFMwNkRrbnZqOEpIRUFSNGRZaGdyOVZTd0VSVDJrNVBQdGpmaXlzUW9FQURpeU5IaGtBaWp5SnV0TWQwRXI0SmgzRTRlWENhSV9CZlREYXBpOC1kdw?oc=5,en-IN:metal prices
2022-07-29,2022-07-28T07:00:00Z,Luxembourg Times,High steel prices drive strong quarter for ArcelorMittal,https://news.google.com/rss/articles/CBMisgFBVV95cUxNWkFBTEY2dmlxTEdHQ2MyaUZpOG9PQ21sQVotT3p5MDJwNFBNaHpheXNFbjZuT2d4SWRYbG9Ka0pHUHZ5R1M3dUc4YktQVVdTM1pBVFZiSVFMWjVSc0JNczZ6WmdDazBlRzlBUnM3Y1ptdzZ5TEdCbWxCZmxkNVRPSTBSaUFSYkZHeTR2ODRSVm5NVDc0T3k5RUI5MzNBWmxneGpuZjJNbTdueEVNQmE5M1V3?oc=5,en-IN:metal prices
2022-07-29,2022-07-28T07:00:00Z,Forbes,The Metal Structure Sazabi From ‘Gundam: Char’s Counterattack’ Looks Astonishing But Has An Eye-Watering Price Tag,https://news.google.com/rss/articles/CBMi9gFBVV95cUxNOS1Kem51VVJkZG1iQUF6OUl0aWdTN1AzRHRkWTY3eDA2QnJaY0pEeWZNZzlYNXJ2YWlfbU1INEVPU1ZhMVhIc1AzeDZPOVI2VExvY2k3UnhNQmNzeVc2NkpHdm9jSHRKdThVWXJKR0x5OFZvbWFLT1g1NXFHcmFDZEo3aUtFUFNPVUZLQ2plb2VLLUFPSDQxc3paM0o4NmgxcmFMbmIyNVRwWGFvV3NSMGRxN0ZNUndHd3N2RUVONTlHbU9RaVNnNExfdUVON01ibENUQzczYVNfbWVpWU42QmFmdUFPTkxZY0wyV3BaVW1FZk01VkE?oc=5,en-IN:metal prices
2022-07-29,2022-07-29T07:00:00Z,PolitiFact,"Evidence doesn’t support link between Alzheimer’s, aluminum",https://news.google.com/rss/articles/CBMisAFBVV95cUxNOXNyYlNMMms4a0ZiQ2p4QmtjdXVPaUczcWNSQWk3TVk5bVZLTjhLTE9tR3JqY2R4US1DWVBqMzZnekhaQXpyZlhUV21tY3ltRXJIWFBFRGkwZ2Z6Y2pPdWtfdDJXdzBrSklrTnQ3azM5MC1EMWROQnpUNEZsNGE5bndnb0hsZVBzUXprZDRpU043RFgzN0dPbEZaUDJFbTlKN2YzdkVsM2FyUU5RNFhUWQ?oc=5,en-IN:aluminium price
2022-07-29,2022-07-29T07:00:00Z,Only Natural Diamonds,Moksh Is Turning Airplane Scraps Into Sustainable Luxury Jewels,https://news.google.com/rss/articles/CBMiwAFBVV95cUxPdVVHRUVULWJvV1ppYVVvcEFleklxbkJ4TENVRExQeFBvNHRrWTVVdVNweWFvNmN1NXJQcW1saVY5dTg1LXRUa1FHeURiZ2FneVppZF9pSDdUTEZyd05ncVFyY1VzY09ZQWhCSzRUaUpJdXpWbWpVZWM3Y3VZTW5Nd2lZQXJ0YTBBakk0UEdicTNRQ1NGbTJRLVh1blFlT1p2amlUM19YMWhCWnpkQkh5OTExcjA1YXJISXQ0cUZNUkw?oc=5,en-IN:aluminium scrap
2022-07-29,2022-07-29T07:00:00Z,Deployant :,Casio G-SHOCK drops new full metal GM-B2100 CasiOak :,https://news.google.com/rss/articles/CBMif0FVX3lxTE1vc1c2cVA3U1J0TGdRUmZPM2FmVU9qNGIxeXczRXdLaVpoSDFZc3VKUjZKNFlMS1FRc0V5UW5NWDdCWUh2REpTcjJaRTlmRmFGbDBGZ2JvLVkzZlVRWHFlN191eC1UY29QTGJ3YVZVTjNydkwwaGx5M2J2M1FPNkE?oc=5,en-IN:metal prices
2022-07-29,2022-07-29T07:00:00Z,Livemint,China may have gained from Indian export duty hikes on steel products,https://news.google.com/rss/articles/CBMiyAFBVV95cUxPZHc5eHNibGZvSW42VXJnc2trdXBNSmxnUEl1Nkpfbk1kemVVdXlBMVB3VkY5VS1Wd3RHRjBucGZfc29XSkh1UFFSWGI3YTBzOFpaT3lxR1hGaEJPbmJMdXhic0RsckxhZnFRdkdjS2ppR1dXNnJKaHMxV2ZEY0hZc2lKTVhVMElLZ1ZCNmJfYlVYTFJLLWF2bDdyS2dhOVloZ3RsdVVjRkdaR3BtQkw3U1piOGcxZzhJbHpmTmRfd25hX0htZDVXQ9IBzgFBVV95cUxOc1JGNExadURUMzRVTEY2UEFIX05iWG45QVhmbEo0cFNGbzEzNnktZ1FIVnFxMmZtYUJPNHNCY0F6bEFFRVNBUHhobU1DNElLdU5SSjA0UTBpTTZHLUNsYU1ycU5RczgzMzlWTXdod1FtRnBfQkNTa0FTM3luRkNDTWJzS0FoVlA2TjNGRVZ6SUtST3JtUnBzZ0l0Wi1TWG1jLS02Rmp3TzI1N09OM0I2dVFjNUJWWkFJUTBHaW5NVHB5YmpVU0ZsTVd3NmZBZw?oc=5,en-IN:metal prices
2022-08-05,2022-07-30T07:00:00Z,autoevolution,The Steel and Aluminum Raptor Hunter 3X Is All That Stands Between You and a Wild World,https://news.google.com/rss/articles/CBMizwFBVV95cUxQZXNXcDdGa01ONTRMZ3FzTDdGREQ4Qk1wcFU4c2Q2eXF1bkZqTXpBUUJJc1h5cnpSN09UUWdZNzlLT2l6dURmOXRrX2FRRFNGUzRVOEhyYXVDTUZPLUNLZkJTM08yMmlPMEdObjNvdVdxcFZhRmsxS2hRT002czZjNV9vYWpfRVpidGttZVBnX2l0dng4LU5QN2t0eFZta0xhZnRhcnpGT09na19hbUFmWGhOSzhaZVY4X1JaSHdRaDBvai1RdEUzUUNBSE04M00?oc=5,en-US:aluminum
2022-08-05,2022-07-31T07:00:00Z,Recycling Today,Nemak joins Aluminium Stewardship Initiative,https://news.google.com/rss/articles/CBMimAFBVV95cUxOOFdrcjd0aGJyYWJRVkFZYVBZdjRmZ3lDWEFJVDRDM1ZSaE1OTWkwa205bi1UN2pqdy1JSnZrNEVVTWM0ZV9QRzRBN1ZFMWJIS1NibHFMdnNEckpJVHFrcWRCbE8zaEhUZnpPbnJMS2pfQW5pVi1qN3owaHI4cklJZVR0NDZldmpzdngtVUViV0JjRkFZNDJtUA?oc=5,en-IN:aluminum scrap
2022-08-05,2022-08-01T07:00:00Z,Reuters,COMMENTARY: China's exports smooth aluminium supply-chain disruption,https://news.google.com/rss/articles/CBMisAFBVV95cUxPb3dJNGFRTENsVWgyVC03SnZuZGloeXBBRFRoYmFBaFI2cWRKaDFfM19VVjlLNXV3WlV4U3g0NzhKQ25zUUlMejVmU1F1UTczWlJmekQ1SU1sN0FIQnVFdnpidDhhRjFNRnIyeVBTeHlOWW9VMjZtelBjN2NEZ2hTanBHSkVFVmJtRzlqR19nckJLVnNfcUtnb1ZZS2tRalpHVFBVWko1djV0WGxya1JRdw?oc=5,en-IN:aluminium price
2022-08-05,2022-08-01T07:00:00Z,Mining.com.au,MetalsGrove uncovers ‘large’ conductor zone at Woodie Woodie North,https://news.google.com/rss/articles/CBMikAFBVV95cUxPRUJBYXo1Z0ZPb2hPNXMwdzZ5VC1IX2pSM295czlicExXMi1aaEhYQU1XaE83OTdoY1VkalRDS2NJODhHWFcwYndPcEl1aDh5dllVOE1ENm95X2Z2aGFiNlU5cl9oVUhia3VxOHp6NTU4aG9TbUVWMHhmSzh3N2VSMWlNSDliTkpBRHV4dXFYelc?oc=5,en-IN:base metals
2022-08-05,2022-08-01T07:00:00Z,GMK Center,The rolled metal market during the war and in post-war recovery,https://news.google.com/rss/articles/CBMimgFBVV95cUxNY21HeUF6UHYwT0hvWkNLSzFEdU5BemZ5V3JJTE1IUTB3ZEJaY3I3aUN3TXhZdXZtT0FfbXEtYUJKTy1Obkc4cjVEdE5mRWdESlZYQWIwYTI0SmZYT1R4M282NkVMYThiYnkzb3RSNURtSzZwQzZRbTVVbDRMWm5RTjVIcG1VdjNhX1Vna3Z6SU00RzlNSVFzY2h30gGfAUFVX3lxTE5LTzdqQnRNVmdVUlZ4LUlVOUVQVGhKT19HNjdQdHlRdS1TcXcxbVg0ejIzUlFnWUlGTjBnM01wQ1ZDNzc1NHZiaFdoaExzSkN4N1BrdWRmUlZLcEd4WGhETXJEbWVJWldYOWxqNEZOZ2RYVlRzWWVfeW9TVGdmMWM4RVYtTnJDaFFhWUgwaGJ4bGRaSDZ5bWJab2FMNU1QUQ?oc=5,en-IN:metal prices
2022-08-05,2022-08-01T07:00:00Z,Invest India,What a ‘Steel’: India and its Steel Sector,https://news.google.com/rss/articles/CBMijgFBVV95cUxPelB4WlY0RlctM0FLVy01cnJEU25TUmEwMEdxeEE0UVExSzFZZEM0enU1SHVOVmQ3b0xhSEdtTDQyLUkxMW1aSWlueXpZLUVnSkVpVG50SkZ6ZGJYdEpKVFpqZHZZalBEX3NBdUc2dXo1aDRGODA2SFQ5T3duMlZGYk5wdUpacXRnSFFhS2tR?oc=5,en-IN:steel prices India
2022-08-05,2022-08-01T07:00:00Z,Cosmopolitan,The 16 Best Aluminum-Free Deodorants That Actually Work,https://news.google.com/rss/articles/CBMikwNBVV95cUxOV3RDTFJHcnpPYWZnYTBnbnlkRzdzTXVwQlk5aXo4TjY1MGFCMHlTRWkxUUkyVDcyWGJUNnkyUjFPczVUMWZNVkN6dnZ1WHZ1RGxIakJ1Q0k1M3FPVGUyMjB2U3lLeHFQRGh3blVSaHhWTXpMc2x3RGlvTS0yU1ZVVVBVSDZ6eEt5S0swN3k2QVVNczdDdGhzbkVzT1FNLXdHR2JlX3JPT2prVTl4RnkxQURNamhqMDNkUVhWaUtRWDk5SkF2bmZydktEYkJPc3UtMU55NG9NTEZjbHc1M0ZVS19oVGZXdWd4TDNJbUtTRTVLOXZyS2F1MGJyckMtYVd6bEtRcXNKT18tNWpYMWdVb216bkhDVlFjN1pxcTlBU294U0FKQUdrSGJNMkcwWDI0OFlUUWFISEF4b1hLR3pjZy01YmU0RTRqV2x6dkt3TVRVSV9NSkVPWEZSSlZZMVlBM1lUT2lvZWJ2eVdtcXk5eU5kUWNQV3J3VXJuWHgtVVpvdV9wRnFDWmgzNmRaTnh3ckpV?oc=5,en-US:aluminum
2022-08-05,2022-08-01T07:00:00Z,Archinect,"Pulling influence from Oscar Niemeyer, Brazilian firm designs residential building with distinct v-shaped pillar and aluminum facade",https://news.google.com/rss/articles/CBMihwJBVV95cUxPb2RRZmI4bnRvbWFSMmZTN2o2bGJOTEtwdzR3Vy1uWjhNWFJqVl9YVUtiN1FlcEQzMm14eXgxMWdqZU1Nd3FfTXFWWU5VMkpFVWV6MlV4eFlrdUVoTHh1aG9iVnQ4dXFhbHg2MThUbHdsZGNyS3N4N25PSEktUjZFZzY5RC1XM05Mal95TlctRm04ZnA0TENvN0NaWUFoUjl1aEFXLVBDTmpMODAzOWdrZGUwa1pTbjhqV085d01POTU5TU1YMWpaUFBoS1o0dWtaOU90LUFQYURSeFJtcXAxZVhBMXdySGdObWlaMGRlTWxYQS1RTEZwWmV3TktXem12WVlkdS1RMA?oc=5,en-US:aluminum
2022-08-05,2022-08-01T07:00:00Z,GMK Center,EU decreased steel production by 6.8% y/y in May 2022,https://news.google.com/rss/articles/CBMikAFBVV95cUxNNFl6SFllZzRxRm55ZzNfUk5XaE9MdC1Uc2NDYTAyTTN1YVJuck1qeHNzUmphZGhGaXA0clpaTW5VRm82Qm5Md09iUUQ5NFo0LUtIN3VEUXhZYk9zMHo5U3dCWVQwZHlUcHVqUTZwVjBXQzJfM0ZjUl91MlU1Y2ZNOHRhVU9iUXdlN0VjMHpaWXDSAZYBQVVfeXFMTXZKZ004NFRndExVVUUxZ1d5OGNHMWpCQXJMV21VMGlYTHNNN0pXSi1YR3BnWjczdkFxUzRNX185aDZmSkY5NGpvbEhucTI1dWpWU3BCM0xCbkpKeFVuaVpjcVpTdzY4V1c0aTRvM0QtTmxhNG16NHpnYU9ESDY5U0p1QUFRQVdaLXRPUFFiUWFENmNacGtR?oc=5,en-IN:steel prices
2022-08-05,2022-08-01T07:00:00Z,McKinsey & Company,The steel sector’s net-zero transition: Pioneering new production methods,https://news.google.com/rss/articles/CBMi8gFBVV95cUxQUnRVS0JobWx0UE95N2J1SEdHQmJaX2ZOMlRiMkVUMzlOTUVkTDAzaXBYR0pwNmpQamViMVpGRHNiWnVpUUowRUFDNV8tWElPTkcydF8zb3VFS0l5V1dMeWxxSFJkLUFESXZ2XzRPYU41SzAtQTBXNXRpRnJSOE1LUkFaTGFMX2dBMXZ6YkNpR2EyMWxVcEtFQzk3M3FCcVFHdkhpbXpEQUJTTTVrYWxhS2x2ZDVsaS0xVXBfMG9aeEZhbFpRamF5bUZYS2ExenJNWW1FcEpoM0FRd21IMWJzVlZVRDZ0M3NVaEEtTG8tTFlQZw?oc=5,en-IN:steel prices
2022-08-05,2022-08-01T07:00:00Z,Businesskorea,"Samsung Heavy Industries: 2Q22 Review: Earnings Hampered by Sanctions on Russia, Steel Prices",https://news.google.com/rss/articles/CBMic0FVX3lxTFBSa2xXa042czluNW80ZUV1RWhUNXN3VWV5RUJBMnlpTXlWeDR3OWpPbjdHUFhvWVJLamZkZFUtSHF6QnRSMkkyR3BxWDZhcDB1X1l0Wi12cTFuWkwzUi11LS1zY2FnVDRhWXlQLXZZV1FLTVk?oc=5,en-IN:steel prices
2022-08-05,2022-08-02T00:59:45Z,AutoIndustriya,"Toyota PH adds FX, Cargo Aluminum Van variants of all-new Lite Ace",https://news.google.com/rss/articles/CBMivgFBVV95cUxNQzJfZUQwdXBCZ1NHZG9EdnlIbDVwX0IzcDl6R253QmZWVzhlOTFQM0J4dXJnMEJSR05VZzhOdUt4MFlsWVg1QjZMMmxnSF83WEVSaFVZUWVPOXJXVDRuWTlUMTRGaUdmY1dCTnBBM3lfUHMwVzVUZFZ3WC1IR2Y3NjhETUpMSjZaekpjT1RtcV9qb1FhcTE4ZmhGaHU1UGV2RDduQ25odEt5YnVPSURQMEZTWFMyMW9uX19EVzFn?oc=5,en-IN:aluminium price
2022-08-05,2022-08-02T07:00:00Z,Vedanta Aluminium Metal Limited,"World Breastfeeding Week: Vedanta Aluminium steps up to protect, promote and support breastfeeding in Odisha",https://news.google.com/rss/articles/CBMi9AFBVV95cUxNRTBEUHBEQ2haa29SSzNQTkkyeTJNVnlIMUJXdHF2c0ZYRV8ya1hSOC1XYXFWRjVGajF1elE0WlU3WU5ra2lZRnZETUhVRDV3bmhjSGJMVmM4V0RwdHczeEdLTFZFS2dPMjYxbjNOVV9pZi1FYzNGU2loR0Fab3h3LUlYRS0wOGdjUGNnX2VhZlRucHNrMU52VURJMnV3UE8ydjZRYU9Wb2xIckNZeUk5RkhIU2V2VkZxRzZ5a2wwWHJNQVJsUEFkUDhXU1Bnc2p3R1EtTU84alN6dUNIUTVIbHhVLWo0cGM4ckEyRHBydjFpSEE5?oc=5,en-IN:aluminium
2022-08-05,2022-08-02T07:00:00Z,Cosmetics Business,Colep Packaging gains 40% stake in aluminium aerosol maker ALM,https://news.google.com/rss/articles/CBMioAFBVV95cUxOMzN3YlNYR1pOa2ZpUUdDNVYzZ05tWjhaejBvbmhSWVdmeXE5TUlMeHgxUDYxS0R2NVMtV0UwN1F2d2o3MkNqdzd6VThNOTQ0ZlRzel9weEpzXzQxMThOMmRUbHg0eWs1ZmdCQVhteV9JQkVUaWwtZjZ4LS15aWVNc2NOY2NDN1NMQ09rV2pHakU0a1JmRkRtdFhVS0c4RWtQ?oc=5,en-IN:aluminium
2022-08-05,2022-08-02T07:00:00Z,Gizmodo,Can You Recycle Aluminum Foil?,https://news.google.com/rss/articles/CBMibEFVX3lxTE1UMEVpR3Z5enZQTXpaV183SFFyUmUzVWE4NTRFRV9iQW1BN2FUMFlNOWJ4NFFoWWlIblpReEpyM2JSOVZMT0owdUN0bVZ4am81ZTM5SHhtVDV1VmFnbGtzQjZqdmhKSDloWVFqdg?oc=5,en-US:aluminum
2022-08-05,2022-08-02T07:00:00Z,Tasting Table,Why You Should Never Store A Hot Baked Potato In Aluminum Foil,https://news.google.com/rss/articles/CBMioAFBVV95cUxNSkxWZnVoUDRQM2pkcnQzWW1qcFhNNlJKRkxocF9Dc2h6SDFVTU9EUk1EVEN0WmFNMkFmeTlHVDlnTy1pYU4xMWxIdFJQVGI0NVlwMGQ5WG1kQXREaXVvSS1LWWVhZEFFdjJaX1N6Yl82dXQzc2twZWVfOENaVGhRU01ZaE5RSUwxZEo3TnlPMEhTcDJNSFFxejRsYmxkXzZp?oc=5,en-US:aluminum
2022-08-05,2022-08-02T07:00:00Z,EUROMETAL,Turkey’s Akcelik starts building new steel service center,https://news.google.com/rss/articles/CBMihgFBVV95cUxOcnlVMFN6VURKNl9rZjNJOTJVMkhwSlZCcXFReWU2aE8ySS1hYTRTVjJTb29rN3RoNTN4VUNReUl0MVotUGl6N29pRzcyV1JIalNxNklMODZQNjRwc3VHNmVQUmEzelhQOUhxMWhiUlBFc2Y4UGtucDNvZDlCeTVteDJ6d2htZw?oc=5,en-IN:steel prices
2022-08-05,2022-08-03T07:00:00Z,ELLE India,Is Aluminium The Problem Ingredient In Deodorants And Antiperspirants? Experts Weigh In,https://news.google.com/rss/articles/CBMicEFVX3lxTE9CMTRpUEc5cGlPTU96cnNoN0RuZW45TVdiZzlxazlpU3pkQ1VORk1YYlNydjQ5ZXEzZ1JibVNwSEpzbTFEVkg0LTlhQ2h2emU1dzZhX2Vkc2diRmRxTGxMVXFlaU1aLXJFQ1FySldQYjM?oc=5,en-IN:aluminium
2022-08-05,2022-08-03T07:00:00Z,Barche a Motore,"The aluminium, (8m) 50-knot SUV of the sea: XO DFNDR 8",https://news.google.com/rss/articles/CBMiXkFVX3lxTE1wdFFpOS0zenp0Q3RXYTBkSExlQ09GU1FaekJyWC1Rc1dzUXJOOE1ILXZMSC16cWRQb29ESXQ0VEpER09zdTluSHc3SlhzOFZmZzBJMlM1WHVOdnRGMFE?oc=5,en-IN:aluminium
2022-08-05,2022-08-03T07:00:00Z,Designboom,perforated red aluminum skin envelops gisele borges' pyramidal residential building in brazil,https://news.google.com/rss/articles/CBMivwFBVV95cUxOT1BmOWNsOXFVY3g5WlRIMDhGVHc1UkJhR0tzNER0ZVBDbUtfQzNwRnNrLWxkUHhSZWxaQmM2SUtEUUVrLTZ3djdkRmp5Y0NCb1o0NjhLUU5PeDNfY0FiWFZEWEpocHI5M3ROZVdqYzNzYURjdWJwbV9mOEJUZTBkLVEtY1hESHN1V19wN2NrcFdvdTJpcE5fcF81VFFVUWl1MzQyRy1KeThsRndtd0xyaldUd245NmQzdElOTG9hcw?oc=5,en-US:aluminum
2022-08-05,2022-08-03T07:00:00Z,American Council on Science and Health,Metallurgical Irony: Tin Foil Hats Want You to Avoid Using Aluminum,https://news.google.com/rss/articles/CBMiqgFBVV95cUxNYTdtWGZXQTZReFQxeHotZmc2R3pFOUNSc2dtVW92SXFiaG5rSld6endKclhNSll6RDhCVlJSU1ZMZzhlSmpQWGc0Mi1wd3NVcWtEZUdtNnRhbXBkWG9veGlOY3JxMHlPNnVuTGthTGt1TjFGNXJnMzJiQnNENkZDZE43NDV0M2NmT2FSa0dQR2tVSVlDcUg2UjRXbGFVWlpHazhDZHhUeFBfdw?oc=5,en-US:aluminum
2022-08-05,2022-08-04T07:00:00Z,eskom.co.za,Three convicted for stealing more than 564 kg of Eskom’s aluminium overhead conductor,https://news.google.com/rss/articles/CBMirgFBVV95cUxOWFZQbFZZNlhfM0I2OWQxNXhsa2ROVkRYXzJpekpXUWI2eWN3eXpaWkswbk8tTkYzT19Jel9fMUZ6aFk1S00wenEwXzNxdEZGclFCdGtodV91aVdrRnBfYU9vRUFFbEhCeEwwaldSay14Q0JNeGZqTWs0MDNuMWFqMHZfSDZmLXpHeVhYX19XV2FrVFF3Rk1OSG9kYWVBWnIzd2pGWlNuT251OUk5ZHc?oc=5,en-IN:aluminium scrap
2022-08-05,2022-08-04T07:00:00Z,Recycling International,Demand ‘explosion’ for US aluminium rolling mills,https://news.google.com/rss/articles/CBMiygFBVV95cUxOdkFOa1RXZ2hQQ3lJc3hpRVVtenYtNE5iWkxVMElucHdTenNwNUZyM05ady1oZmUycXpiNE9YVUdPeHVYaWs4eFhCdWlwdXNEQnFnX1NBQWtfbjVvSjlvcEtxZFJFN2F2SnpBa3ZYUk83dWgtREM3WmZKbGpzOXpsWGVLMVZMYi0yY3VPSkVFMkVmT0lCOVRwRGp1SU90cExBamE3S1dZeUZLYWJNWmNsNU5hWnNsUTJJa2ZjQ19xYVRyN2l6aU0xLW9n?oc=5,en-IN:aluminum scrap
2022-08-05,2022-08-04T07:00:00Z,gofugyourself.com,Gwendoline Christie Is Perhaps Modeling a Formal Aluminum Blanket,https://news.google.com/rss/articles/CBMipgFBVV95cUxQTE5LY3YtWC05WndtbEt2dEZJRExXQlk4eGUzcW1TNVF1YWJhdTNabE41bzJSdG1YSjRadVFtTms0c0NwaWZDNjl0SXgwdEg4MXAzdDJCeWRKN2kzYjkzYnh1WjZXZnh1VDUxZ21xZlpXdFZrcHlkV2lVbWZOWVlFRXNwOUNJUy0ySS0zcVp4UFp0cVJmRXpnaU84Z0FkWTg2RG5HV0ln?oc=5,en-US:aluminum
2022-08-05,2022-08-04T07:00:00Z,EUROMETAL,Steel plate prices flatten in Italy despite pressure from buyers,https://news.google.com/rss/articles/CBMikAFBVV95cUxNLU52blNvTmpwdjUxWWhZdXNsb1ZNY3dUZGdDR25sLTA3ZG8zTWFQTWtYSnZxV0djcGcyWmNicTdLSl91dDBVR2xEUmlHRjA4NVRWUTN6b3BXYU5rMXBMeDUxeWxtUUl3RnBEZk5HMFMwbVlEMkJCLTdjXy1qa0FQU1luNnhjX2FSa1dYM0p0Zlo?oc=5,en-IN:steel prices
2022-08-05,2022-08-05T07:00:00Z,Graphic Online,GIADEC makes significant progress towards developing an Integrated Aluminium Industry,https://news.google.com/rss/articles/CBMi1wFBVV95cUxOM1R4bWlFR3czV25PYnBsLVNSQ3NzeTVGYlhkWHRzQXIzcEpxX1NwQlNrQ1lqZ1JGSFhka3RrSXJ5cFU2d0dkYjdUNGgxV0ZnWW1hWTRkaXJReGV0SHVHYV83MVEtMC1adDQ0dF9YdWN3T2ZBRHBUVEFjRDFvazlvU2l5eTlRZEZoeTdPSlptMGk2RE1FOTJ4cnFUbFA3LTBMa3Jhb2UyLS0yQ3lDQmowYkVHTlVnNk5IX1U2bGFvQVNoNmNmaWRRM1dhSlQwVnBLSXZ5NWNzQQ?oc=5,en-IN:aluminium
2022-08-05,2022-08-05T07:00:00Z,Finport.am,Production of aluminum foil in Armeniaincreased by 8% in June 2022,https://news.google.com/rss/articles/CBMiXEFVX3lxTE9ZSFdlTENHRDBLQWdVUktZdDdQeEx0dFdNQVV5YTVVOWVmSllOQTNHdklmNjFYN0lsRS1vMFp4Nmc2dHBwVmYyd2wzbWMzV2pQODNEWnBvRXFPQTFO?oc=5,en-US:aluminum
2022-08-05,2022-08-05T07:00:00Z,EUROMETAL,"Steel rebar prices in Italy, Spain stable on maintenance closures, weak demand",https://news.google.com/rss/articles/CBMioAFBVV95cUxPNmQ5ZUEtcFdpTHNzU2hhM3k2WVB0MkxhNjZqMnFpVF96OHprOEpXbW12dU5jSGFKZmY3TmRnNVppd0owRTNCY0JtUW84YlVPUVdrY1ZUMzd4WHpsc2p2Q0Nfd09aREdBVnJuLXZnc2JxVnoyemtNQ0p3MjBGY2tnb1ZKay1VUTBKWERrWFBZbXZKeUZjcnZLbzhaTWV1OTZQ?oc=5,en-IN:steel prices
2022-08-05,2022-08-05T07:00:00Z,The Worldfolio,Takahashi Metal: Making unique products for diverse business needs,https://news.google.com/rss/articles/CBMidkFVX3lxTE5xbE9oZm0tZkZVYXU2ZFpVVXRHcGRsMVJnVWVHc1FDYXZfWW1qU0FZNkNDeDRHTW8zeTNlQVlodHB0QVhWNF9oVk5YNVYyMFNjZDdSNHpqWVMzVDY0RjRRdWU0LVU2Mmx2cXJna2d0TFpTbHhtYnc?oc=5,en-IN:non-ferrous metals
2022-08-12,2022-08-07T07:00:00Z,BusinessLine,FinMin to consider reviewing export duty once Steel Ministry sends a formal proposal,https://news.google.com/rss/articles/CBMi4wFBVV95cUxQX0RURlF5aGdvN3BYc1VPdWFpY2pnMVRlUHhsY0xhMlRRbUFBQk1TM1NyeUdmLTJPMDZFZDZEaGlkS2xZYWYtVTEyQm96aFZyX2FDdmFUYmx5OGVxUllkeTVHNV9DVUFIOExRWklSREc1Q3VBWUpvMmxLbDYxV2UzZEdPc2V0Um80TEUyOXkyVVpobkNJdXVXNzNZX3BES011QXp2ZE5TSEZXMFBweEdqZUtyLUNVWVBuZjB6RXZXRnA2WDlTaXVsMXR0ckVILW45bmZEMXYzdWROYmxpUkt5NkJQRdIB6gFBVV95cUxPaXhIVDVzSjQ3SU4tSS0yeWx2ZVhqMnhKZnIxcVo3ZTlsV1hKcVZXMGpZaWNJM0UxNXZfWEJZMndzS01OREgwbHd3U3RGRGpTRGVxeE1ZYjhrTVdfdTFQcTFwem9PMVZpRFB1VFp4dW9pU2h0RVNsTGxsSHRZdE42V0I5RnBvc2ctaElmWFdtM2pqWDJrWHlOeFEzcy1aalE2MmJjRDNoQjNRM1ZfeHhhZFVtQ0tRZW5GRDNyNUV0UWZ0NThnNklGd2tLazVScnZpZ3NLUEpMVE8zakozaXZsQVRiRGE4MzZWVlE?oc=5,en-IN:steel prices India
2022-08-12,2022-08-08T07:00:00Z,Solar Power World,Steel is being considered as an alternative to aluminum solar panel frames,https://news.google.com/rss/articles/CBMiywFBVV95cUxNcHBJc3FZRTdHQVhfV0VzVHhqb0J0dGxnVi1MdmZXYnNoRXBFRTZqR2VuMWNXWFhza3lSaG1tOEIzQ1RqaVh5cXRheTJyZk9aM09XTmpHaXBzYXpxTXFyMnYtZFBVOTY2RnVrMjZlTzlSREdrRzRqenFmVzZqZHQ5VXRST3lPVUxMX190T3NqSU0tN1dJdDQtSzJaM0NobFg3Z2I5RlBvQTVxc0NyR3JtMXgzaHg0bmg1T1pFRGNuU0JseDdYQU5ZMzdQYw?oc=5,en-IN:aluminium price
2022-08-12,2022-08-08T07:00:00Z,proactiveinvestors.com.au,Altech Chemicals closes in on project financing for Malaysian high purity alumina project,https://news.google.com/rss/articles/CBMi8wFBVV95cUxNMFdubERwMUlacldMTDFhY0dKenBvSmhOSDdBNnNUUF9ZbEJkWC1TanQwM0xkZGlkV2w5Zmxaa1BEdFc0UjR2Wm5zOXlGdnJ6UzZKMC1HZjltcG5MTmcyNU90Rm9temhyMWhKbW9sbC1kbUp1S0dvR0t1TzNxRTdTdGRPTUhwUENSc3NnM05yOWhXYWdzSVV4cVN3d0FsNVJ0YXJPZF9hV3BSYngtZlh5clNLYkpjUGx0ZUh3QkU2YmMtbjlxVGF5cHNXc0F5TW5HQksyR0JMeDdMUnFUUE53SWZnekpCc3Z4QjhZOTVmV1ZzT0U?oc=5,en-IN:base metals
2022-08-12,2022-08-08T07:00:00Z,holloman.af.mil,49th EMS metals technology maintains readiness for Holloman fleet,https://news.google.com/rss/articles/CBMiwAFBVV95cUxOeUdIb01UTExiUml3ME56X2pZYWM0a01GMFgwSy1ENHN5dDBaUzZFdFk3cW9JWWVzVXBTWEU4N0VxZHl2TlV2MjFEWHBwa2JuX3B6UktvUXJOcjFXanVrY29tdTVQYWpPTEQxQVBPWmRhOWxRVFYyRjdUaWo2OS1mUEFWd3p2R3BYUndZNjUzWVUxeWZWNm1NQ1ZVQV9vOUJOQUNIMm5LTnQ0V3BYS1pWVGo0M2hWdE5OaEE5aVVnRlE?oc=5,en-IN:base metals
2022-08-12,2022-08-08T07:00:00Z,The Economic Times,"Satish Gupta, known for Essar Steel resolution, appointed as RP for Bombay Rayon",https://news.google.com/rss/articles/CBMihAJBVV95cUxOenkxRWVaWXlYckdKX0otR0dLQkdwTHh2NU1hZTBhV251TEdNbjlQYTdrU2I5SzlJbG1sak04S040TDZNa1RiWHF2dlFJbjUycUR3MGNNenlIY0NJWU5aNUFKYXhWMDFUeE1vOW5HT1M2TWtXRkhQUGRDNTZTSHc2eDBzQTZlYTd5SnZQYnNldnRpWVNjWjlYN0ZYX0hPOWRXUS1xVnUyY0Jjb2NRTUpwdjhldFR4aGJoWlNjWDJBdGw1T3prb0ZCQXF5TXNqNVZyYWplekxlbURTUG81M2NVOVBLdGlXdEVsaFFrM3JCcFVscmFTdlVDMnVuLXVZVnlNX1JiVdIBigJBVV95cUxPamZDVGwzXzJnMXpndVNHVnJIMkpnV2NqTHRQUW83MzFocTRGVkxxbEpkVkV0SWhmZF9td3RYVjJMRW44cFBvbHNVNlEzS0FPYm9WbWhETU91VU5hS1EyeEJVV04tNGJGWDJnS2ZDMmluMVJCN1hRS1R6djAycUIxOFdKbGtzU29ZMDVGdzdMY0dKWmxTNGxJME1IVWVNaWdVUEVadzBDd1gxOURyOUhFWjhDbXEwME1xRmFTTXpFcTZfQS1BT1ZaWEtaaHJRMVBtOUZmUVkwUXBTUHE0N0h1eTNYWkgwRE1rd0oxTkpFamVkcy1yd1kzVjJBS2lmNl85dmFGSTJkdm1qdw?oc=5,en-IN:steel prices India
2022-08-12,2022-08-08T21:35:22Z,The Economic Times,"Modison Metals Balance Sheets, Financial Statements",https://news.google.com/rss/articles/CBMihwFBVV95cUxOLXd0Z2VlbU5UaUladWdTYnJlQnpLSWVEaGJhbTZGd3p4OVFNci1UdS1tZjc5elUzS1pkQ2VnOFpkSGFFT0phREdZUXJncUZjTDljSFMzM1BYZ0swNWJVaDVFRWVIMDlYSmozZkVzLThacnN5VUR4VWw4VzZPbUZnaUVDTGhOdU0?oc=5,en-IN:metal prices
2022-08-12,2022-08-09T07:00:00Z,DrivingLine,Aluminum Or Iron Duramax Heads?,https://news.google.com/rss/articles/CBMid0FVX3lxTE1HV2liQVlkNGdYcW5lN1N3dmxTRkt4X1VhZk5VRzAtSlBBdW9xV3ppOENtYnp0TEU1SFdLanc3STlyWl9sencyUWFUc0FfTVZQanBUazVQWmxObE1ReVg3UXU5eVhNR3Q3eUM1LVo2bVdEWkJfc2Qw?oc=5,en-IN:aluminium price
2022-08-12,2022-08-09T07:00:00Z,tradebrains.in,"Tata Steel Vs SAIL - Profitability, Future Prospects & More!",https://news.google.com/rss/articles/CBMiVEFVX3lxTE10bWlFSXdsYjg4MjlwbmdiNDFIODJFYTBfOTd3R3NrWVREaUtzaG5wT25JcldOSmo1b21fSHNIUGsyb2FmWmZHX1lnUDJSVmJicS1HVw?oc=5,en-IN:metal prices
2022-08-12,2022-08-09T07:00:00Z,Scottish Daily Express,More concerns raised about future of Sanjeev Gupta's Lochaber smelter as owners post £4m loss,https://news.google.com/rss/articles/CBMingFBVV95cUxPa1pkbmhXTGtrcDFRdzZvM1JQdXRMTmlwUWt3Y3Y1YlRmbTZjdVpxb29tNU1wNzM0a0sxUWJFd3pvTXNJR1d5dkJINDQ0RWhZMzhKU3JELXljODd6Y2NKYm1MVklBeEhXSHAtc1JOeDZNTFEwdmxyRTZWTkh3azZ4anBGa1hMbmYzb1FHbUt3dUVlSjl6bElzNUY2QkcyQdIBowFBVV95cUxQdDFIWE5FbmpZNFk0UkNaYVJzeDNqMWVHcXFmcWV4NWVLRVhPUUxCemo4aVRUX1VPbm5FQk9kMmptZEJFa0RaQjdzdHIxLVF1VnN5VElad3hodTdwY2dFZVFXX3dWOWhvUkpHa01NOWZqa3JpbFM1T0t5OVJPcE5DU01xa0hQdEVIcjFpLXgwSnp0bWRfcnVwckx4OGhFOHdjSTE0?oc=5,en-IN:metal prices
2022-08-12,2022-08-09T07:00:00Z,GMK Center,India became steel net importer in July,https://news.google.com/rss/articles/CBMidkFVX3lxTE1QM1NHZ2Z2aTMyME1LVXZKLUZfYnhtV3lhY0ZYLWVyUlVLYnI4d3N4TXl5ZzU3OTdKQWlFZWsxYklkYzlncEVFZ3o2OWZCYkpTX0Fxel9vemo5LUNHQ01KRk5SdmZ5SVZBdnhBdnZ4WWFWeHQ4ZUHSAXtBVV95cUxOamNJWVhtcEIzNXZMNGQ0Y2d0MGJPSFV0ckRVSGpXZXlfbVFDUDVxQW5QZTBPTzhPN2dINmg5cW9qTzM0amFWV0RhUERMb3FWWG4zMUJ4bS1sRlFZMnBHV1VhOTBJeldWaC1zamN6Q1k0cGI3NVNST283ZkE?oc=5,en-IN:steel prices India
2022-08-12,2022-08-10T07:00:00Z,PV Tech,Origami’s steel solar panel frame surpasses aluminium in independent testing,https://news.google.com/rss/articles/CBMiogFBVV95cUxNOGVqZ3RKaGhBbVNKeE84YnFicGhWN2JCZlAwWnNtZ1VicGZpYi1sRzFvLWtYTTA1VzVXOF9TcnJUMGRsQlNUbGRIR21Rci03aU9yalptUE9lQmNLRkczbHJsclFVYUtSeFo4aDg1bk4zOGJrZnRqNkp6dVowVHZiaXl1elJFU0wtU2N1Y1lCY2Z6R0ZkQ0JRMkI4OVhKQTZEc2c?oc=5,en-IN:aluminium price
2022-08-12,2022-08-10T07:00:00Z,UrbanBike.News,Limited Edition: the VanMoof S3 Aluminum,https://news.google.com/rss/articles/CBMidEFVX3lxTE9YeklHR2VMT1lndmI0ZURTalFaVlhEYUtJWURRTWtQLU5nTktnaVA1bWFwR2kwd0VQNGV3S3FrdHJvUHhWRmtrRE1IX2RFQ0hacXY0aE10RDlkTFV2R1ZydmR6VTl2ZG00SUJQNXJvd3FyUWFV?oc=5,en-IN:aluminium price
2022-08-12,2022-08-11T07:00:00Z,financialexpress.com,"Hindalco ‘cautiously optimistic’ on global markets, aluminium upstream to be tough in Q2",https://news.google.com/rss/articles/CBMi3gFBVV95cUxQN2ZoR2dFMngxV0o0UUUyVFM1allFN29QbTdCYUV0RFVwbHUwQjFMNHZZaEV4UzdzTjBqX2FzalA5TEdYMjZwaTVwZkNkN2x4eVFtNmF3dTBnU0NsRDJWVklEVWZGbVlpWGtQT0QydXJZM1RoNEE4WjJfaGs3RGxQXzhWVzV6THpwbE92NEE0VlA0dlJQMHFpZEtZVFMtSTFqMW9xNFBkNFBDZ3cxQTBpNjBrNWdOZEdxakRQbm5ERjVFaThKZkhNbFJEMzl6Nl8wbjNjbW9uUUJJdmNwS3fSAeQBQVVfeXFMTXFFNUgxUEF6bXVvUGwyYmljRXZzWGNkV05Ncm1HNTlkQU9ETGxBaFpnSzdIdXpwYU13NllSRUtzSWJqdHhDUkRFNUI4TnFhV3V0M2xWWDRXUkNlU3MxY3I0ZWg3X3F5Q2VSTmdLekRTenpaVkhtb0x6YVc3dk1rTnBUMVNUV3dfbVY1RDlFRDA5RjE4RWtjSXJIcUQyTXV2M3huVHNzWElZTWswVElXVjA0YUlKZHFTQTBNaHpNcUI4eUZoajdCNHlFdE5xZER1ZElrd1NOeEo2SXhyZXJLdVozWGMy?oc=5,en-IN:aluminium LME
2022-08-12,2022-08-11T07:00:00Z,autoevolution,VanMoof Introduces Limited-Edition S3 Aluminum e-Bike: Celebrate Beauty in Simplicity,https://news.google.com/rss/articles/CBMiywFBVV95cUxOUEpobE03cEFDcndIWmUwbXBndDhaVnBMS3ZJdXRCTXZJcnhycGcwSGVJLXdXRmFLVl90ekl1LXFxYlBkYjc0WDR6clowV0xROS1rYzlFNFRTQnBELUtQcXRZM3ZkSHA3dXRBR05JTS1vWG1CVERzMld0SkVQSmwyZERjVzFXUFFmQ1hYckpUX25pM0NUbkRDY0V2ZVdsT29aSm1KNVpGbmR4VGVMYVdLc1hibFgwdUFXYXJfYUtwQ1dJb0Q1V2NYcGJiRQ?oc=5,en-IN:aluminium price
2022-08-12,2022-08-11T07:00:00Z,Business Journal Daily,Southside Recycling Stands Apart for Scrap,https://news.google.com/rss/articles/CBMijAFBVV95cUxOUV8xVGQwbDgyNUNWRjMwMm03ZjhYRUJPYjc4MnVMVTZYSWo2OFB5MFIwMXJ5OVF5MXN2a0VCVEE0SzR1MXFlR3JmUkhlcGhmR0loNW1VUVpjTEl4UnhlZThxTWU1dllPdnlZT3JVLXhlN3ZRamh2MUI4bEFlVVk5RHFQczJBUE9QcWJNMA?oc=5,en-IN:aluminum scrap
2022-08-12,2022-08-11T07:00:00Z,The Korea Times,"Hyundai Steel, 10 other steelmakers fined for price fixing",https://news.google.com/rss/articles/CBMitAFBVV95cUxOOEpiM1VfMzdEY25LYXprd1BlX2pJMVRKZnZZM01LaW9kcEl5aXRmT3U5NEVBSzFYZU5USEdla192MEU1Umx3empreENUV2Raa3kzOUJ3bXFxSkJubTRpbVVCelpLZUxVNWxvOTJWX1ZQOTl1WWtyX1huMmNYZWc5bVRUeFRnelYtVXd0NG1sYk9hbDBHVDNOczZEVWJHb2EzZjJnekJCQ0Zwc0UtYWhsZUJiQ0rSAboBQVVfeXFMTmp0LTFwd1pRaEQ5dmpnUHUwMGt0TFlpd2xRVjhZSm9rSEJES1ZQVmlyak4xUm5USjNoaEp3ZkZqT25NRVZOR3M4X3N2a2paUjd3VE1VWm9FX2hBZDA5cExMV2tuNS1ycUNmaU8wV3dXUXBzMEdBRGZKR1V0VDI5SVFXRGgxVm5UeldyTlpOR2hUNklsaUFnak41U0N0WFB1SUUtMVp4T1lQSmZ2VndaSlhCTHd0VlB6Unp3?oc=5,en-IN:metal prices
2022-08-12,2022-08-11T07:00:00Z,GMK Center,India approves six new steel projects in Odisha,https://news.google.com/rss/articles/CBMigAFBVV95cUxOdDRmWldWVmF3MFhRckc4RDBUenI5U2RGY3FrRlFQQ2xUTDc4LXd2dEJLcU1BUmhacFBRdzc4enFGQVk4dzNNeWhxN0c1NmNZZlFEYVRDcnB6R2ViM3pSMzhpR3FxZHpGRE93OHNMcWlIV3k1RFNrVWIwZ1YyR3EwddIBhgFBVV95cUxQeF81YURJSUhfUHZiOE1QMUd4NlVmNVBocWhyaEhBcFFUMk1zdjNNakhRcm02RUtRWWlxMHFKOHlPQzY1dkhfZWZFRzg5V0M0STN2T3BCRWFGTGxjdjlxUzh6c3V2NHQzcXRHSml5TElPNmFvU3B1SllDNjhmYm9pOG9LTll0Zw?oc=5,en-IN:steel prices India
2022-08-12,2022-08-11T07:00:00Z,The Economic Times,Gautam Adani's metal foray: Group to invest $5.2 billion to set up alumina refinery in Odisha,https://news.google.com/rss/articles/CBMi5gFBVV95cUxQSkdLTS1MNHNGRnpOaThFbVR1TDZxR3ZqMExpUlN2bWVqT3hXU3QwZEdmYkRnQ2g0VnByQk5rV3RaWXU2ckZ5azRaV0h3ckh3VU1PR1IwSW5hZHlXUHR2RDV5bmViNlZRQzN1bVVNcXUxd3I4LTBMSUVkVW9GWVBVSG1PRXhOOFNjTHFNLUxxbWpRWGlKOWFKSDgyTHVMU3NVWVFUZVBQYm1lc0pxWTFobVFmMjQ3VkhGT3VmdDU1QU9uYjZmQk9MRko1RmZfM2duOHJNdUxtM0xRVTlsUnZmaDVrMElMd9IB6wFBVV95cUxNb25icWNwNFZaQ0J1RzE0eVYwcWk2QU51Z1dsejVjcDVpcHE4MDktdTdqRmxFajVYRVRWMHEyWG5SeVpTSWg5ZERoa085QmNZUmZ1ejViWWluaGplUi03NXNXdmp1U3pHc184MTFvZGVsWlpNb3owU1ZMaUV1Uk4yV01reHhzVHpYcDVJcDMzTmVOY1JoZVpjcFU3SmxyRXlWLWZOMHZSdlNwVDdRM2g5R3Fxc0o2cjc1a05CTkFJd21kWi1uY1NEMDJTTGdIR1RZNDBOVHRweUlqTmw3ZzRMUXlPMWR3ZkxicWdR?oc=5,en-IN:steel prices India
2022-08-12,2022-08-12T07:00:00Z,Reuters,Sky-high energy costs to fan fire under aluminium and zinc prices,https://news.google.com/rss/articles/CBMitAFBVV95cUxPZWZhLUI0V2prczJSRm40ZUJMQl9rTVZVblM2Q2FZbkozR0o0NUd1U0RCLUpjU29PRk83ZFJtRGVpdURPNGVpbS1Od3NxRDRxTjdjaXF2cnBzNXVqSjJGRXAyQ3R2UW5HSW90NmdYLWpXMGllQUdPNUQxYkduakFVWjhJU1h0bW5RNHN5OVdBS2ttbGF0TkZROWhzVktGVFpJY3dKZXRiamd4WHpvbEloSzFER0k?oc=5,en-IN:aluminium LME
2022-08-12,2022-08-12T07:00:00Z,The Architect’s Newspaper,Leroy Street Studio works with students to design a metal facade,https://news.google.com/rss/articles/CBMisgFBVV95cUxOTXFXbmQ1RmNROGZFWFpJSFJrU05RV25ycDNjdGMwakJtS3puQUVyajFVUTc3aVEzNkN5TkZVVHVtdTlXYjBzZEYwcVRkNHJSMXlPVGZsVXRlZGs1OVdOQ2ZkWG9hSVQyZlNHR0JBeGNnTFRiWHpEOFNQWDlZMlBWSFNxdE1WdVRuYVJyWGJzeTJpTlphN3JJYWFtSzdPMXZ5bFhqdGJvbGc2VTFmcV9qV3dR?oc=5,en-US:aluminum prices
2022-08-19,2022-08-14T07:00:00Z,Reuters,COMMENTARY: Scarcity changes the LME warehousing game,https://news.google.com/rss/articles/CBMipgFBVV95cUxQSzhxb1dnenZmUFZFcGJDZDVSWm5SMTBOOURKRHJtbHV2YXNzaFlrdHJQaDBGTEtDN1BacTRZSTR0MkhRcGpzNGhTajlaRUVoWXcxS2ZpY2t5MUw4ZXo0cUdNdV84N2xteGllN3JIeXRGZVF4OGViR0I2aTM2c3FGS0NGLXhPT0MySFQyMUJ1OV9iMHRlTnUtOTc3ZGNhaVI2aXp4OF9R?oc=5,en-IN:aluminium LME
2022-08-19,2022-08-14T07:00:00Z,AL Circle,Mahindra to launch Scorpio Classic with all-aluminium engine block sheds 55 kg,https://news.google.com/rss/articles/CBMitAFBVV95cUxPbGc0akh5WWdhcVIwX2NESVVXYzlBZ2Vlc3J1ekd4ckRPMHpOMUY5UkxhVGQ4VXIzQTgzR0IwMmwyeTg4MUVFYndOQUQtS0pBTVM1RUNMZk83OW5WY0ZCdFR0VF9uckhVWUlCSTEyNlVWZTJnTm9vMEs4aDY0YmlKR0R0R3VtQzctRHRUS1c3Nm5KUVhYMkZJazYxeFY2Y1dKZGY1X1VUSEh1YWFuQnd2M190SEs?oc=5,en-IN:aluminium price
2022-08-19,2022-08-14T07:00:00Z,Designboom,"bowlus launches its first all-electric aluminum travel trailer, 'volterra'",https://news.google.com/rss/articles/CBMinwFBVV95cUxQc2w0MVBPaGQ1alNubWt5VzZPanRzRGtxUzc3RUd0b0hySHBUTTBzVWQ2OVlXeGxvMEh0c01PWHdyQk5sUG1wdndmQjhwdkZqRS1QYzJLY3dsWFNIaEp4NnNFaElFVlh6TEo5Z0tpbFVNT2VFTDZIY3d2Y0hfSFZGRndlR1BtQzBhMGkyazVlejhDMW01VjJtZkhOUHZPR0k?oc=5,en-IN:aluminium price
2022-08-19,2022-08-15T07:00:00Z,CME Group,CME Group Aluminum 2022 in Review,https://news.google.com/rss/articles/CBMigwFBVV95cUxPWkFFRDNacV83Y2x4VGNoQmx2cVpqSEdtcXN4TzRJWDZQMmhBejV3ZUdydVJDb2kyVXQ5aWp1cnlVbFBkaVJzWUY4Z3A1Rjl1MTBvSTBzMTJOdEd4eDE1WU83MzAtaVRzUXVvVXhKSU1RclBFOXhZMV8yWFpqcTFScDJsNA?oc=5,en-IN:aluminium price
2022-08-19,2022-08-15T07:00:00Z,EUWID Recycling and Waste Management,The non-ferrous scrap metals market in Germany,https://news.google.com/rss/articles/CBMioAFBVV95cUxOenp1Rmx5Q1JJYlc0MHB5MVYwcU9kNzBCRUl4cndGa0txajVKWEFaSTdBWWdndmx3d0lmeUk3b2RJUGs5bXBEb1RQdE1PeElzeVNfUU92WVlMOFJnMU9FSzg4b2J6Vlc0SVp3R3FuZnZFVU1lbi0wMEhONmNYSFB6ZGw0cnNnamprWjVmRFljQlByZ2xCVEpFa19CZDJpT1FD?oc=5,en-IN:LME metals
2022-08-19,2022-08-15T07:00:00Z,Renew Economy,Australian steel giant cashes in on energy price windfall from solar farm contract,https://news.google.com/rss/articles/CBMisAFBVV95cUxOTHpCNXNVT0VmdmN6MER5MmdIbzAxemxMRFdNQ1Ntd3NfQno0eVJkdFk3Q3NDMDgyXzN5MEtYeDRJWlNLSGJ4NzJaYng4NnVLQTgtWEVtZ3VOaEZ4Q3dOdFJLelVsTktmYUx6dmdZTjdDUmhWUlF1VWQ5ak9HZ3NDWHR0d2pHY1N1dkF1OGIxaXZyWEFyUFZjMUtPWENmenY2SmpmNUtkQW4yVWpJaEpiM9IBtgFBVV95cUxQQ2U4LWhESnNfUUwzWGptNW13Yk53bDczY25faF8wQkxZcXhJa2NkN3lHal9tQ0JUUUtMR3Nkci1NTEdGMlpiWTZ5X01IOHpzZlM2dVZFRFA3OUhaY1dwcW1RQl9tNU1fOEhiQ3J3blVoMGRFY0hnOV9IeGtRRV92SnZoVndGYWJjMzN5NWJITGhsQm5paVVHbE13MGNxY1FzdldzOXdUZklnV3YzYklLMFlmRS1GUQ?oc=5,en-IN:metal prices
2022-08-19,2022-08-16T07:00:00Z,Khaleej Times,London Metal Exchange suspends Russian nickel from UK warehouses,https://news.google.com/rss/articles/CBMipAFBVV95cUxPdWVWcUVHMFJhYkdienMwbHlJYlczQksxWHB4VmI2dXoxWXdSUVRhSW44bWFiM096NXp3UWlnRTVoVDlaN2M0bmhlSHd1VFBZYzZvZ1N0SGNTS2ZVR2swNVF5Wk5iaVdNTjVUSG5ubGY1Smk5V2lHVjNBWmhKcHY3ZHo5T1U1SW1kWVp4OUV4cDZ6c05KOFh0MkwwS0tZNUJPVm9KbtIBrAFBVV95cUxOUEVxR3RjMHZoWDJGOHppN2ktMi1sT3JxdUp1TjZLSS1NcGhnV3UtUnlpU1MtQjhCS0VhcjJBN1VDZmZDWGFmeklEX21QZWlSTkoxa3NoMDZMTnB1cjZQLTMxZHhBNklfdzZVOGo5cTZERUY3eU9IT3llTmpCakdkbFRYWEhTb2Q1RDFxRVpWVFhBVFVRaUc4dmticmF0U01oMzRQWkZYY2c3eWVB?oc=5,en-IN:aluminium LME
2022-08-19,2022-08-16T07:00:00Z,Trinidad and Tobago Newsday,Gopee-Scoon: Clear need to improve scrap-iron law,https://news.google.com/rss/articles/CBMiigFBVV95cUxNWUtlbjlsbFZUVWR6VTZjMFdlS2RuZXQzcVlnTGt2QktzUUQ1RXA2dlVjcTVNU05oTVRPZms1RU4wbFVjdkpIY1JLMkZpZXRBRVdjM0kxd2hyQ3FOTFlKMEVoem8xNWdqWVVnOXJFSXpWY01ha0tfdnN3ZmhsUl9zekdSQlRST201RWc?oc=5,en-IN:aluminium scrap
2022-08-19,2022-08-16T07:00:00Z,Firstpost,A brief introduction to the world of Fullmetal Alchemist,https://news.google.com/rss/articles/CBMirwFBVV95cUxOWVAtOUNYd1RTemxhV3JmcUpkc0xqMFhvYmdqRnBjajY2bjRzOVRhSWRPckFPSG1Bc3Q2TUVyTnZZSkcxX0k2VWoxR2c1OXZ5QmFjOHo4dlpveW9uaHJDOEE1MjJoRVYySXlHMzN0MTNFU0NWbG5DU3hDVVg5aklGNGlJSXc2RWlyV0tHNjYxZlNEa09keElWUURHRGxjVUZGLWFkUzJrY0Z5SnJvd3BB?oc=5,en-IN:base metals
2022-08-19,2022-08-16T07:00:00Z,ETF.com,"Steel, Commodity Price Trends Support SLX",https://news.google.com/rss/articles/CBMif0FVX3lxTE5zMVA0UHBZN3AycV9kR2dHNkZ4bEt0a3JTNDN5eU9NR1REdW9ZdFBSMERXR1U2MnRKclZoZjAzLXNlWjJ2UTdjMmx6R0NSYkRyem1TUFJZWVFiVm1rbGIxdzBJYV9ZRW4yN1dMQ1VmeDVUeUpJVHFCYlIyX2VpMFk?oc=5,en-IN:metal prices
2022-08-19,2022-08-17T07:00:00Z,AL Circle,BALCO achieves a name as India’s iconic aluminium producer through a 58-year journey of dedication & commitment,https://news.google.com/rss/articles/CBMi3AFBVV95cUxNM25zR0s4YkNsal9zbWQ2OE41OUg1dVI3N3ZOcXNuMWUyalN5M2tUUEZBVzFIeUhLVUpzZ2FHUnJHSjRGZGd0WDNkLVRVdHczZUhMeTBROHYyS285NzFNYm9BZ0lsQ3Z1MlFjTXFtUHpYOEI1SWR4bHFiWnpoNTJmSFBHcmdkQ2cwUU80RUpfT2tnVHpFLUlxelRaZXJzT2w1SkI1NFl4S3l3WVNqaC1lLTMyWWt5V3BzWUNrUV96VUg5R21RQmVFblFGM1Btb052WkVWM0tBRzEwS1BO?oc=5,en-IN:aluminium LME
2022-08-19,2022-08-17T07:00:00Z,Business Standard,Norsk Hydro shuts aluminum plant in Slovakia as Europe's power woes deepen,https://news.google.com/rss/articles/CBMi5AFBVV95cUxNWmRCbUJKZTcyVGNHNk9DX3gtNmV2dXN0bTNwV012b212bkZCakpPczZTOVhpQWxVNHV4NHFBNXlRRTZNWUZyNzB2VlBaN3VEbjQ5SlpuYmJyMU1YUDgydXJ4SDlDMENmeVNjcVBsa2lzdWJMc3NYUmVQblVuQ2tIQ3R2QzNhYUE3V3drRks4Y2gteW9SLXRsbVNBTmFXYjdVQzlaUFlnUU4yUTN2cXNaN0t1NkpJaE5MYnM1ejVXUHU3bU5sM2FDLUtYa3c5MEhqeFJ2U1pHSjlBOVZBZm5HYjZKZDLSAeoBQVVfeXFMT3RzVEdPOTBZYUFMaXJoRkdHTm9PUVdBb3ZpMU9tc0RVRkNXNjZiZFo1N09BYUJ5QTY2QVR0eWthY1F1YmlZNnljNHI0dWJYMXhoSHBzT3owcm1WemRyeG1uenFlTF9relVhVkNYa18xRmNMLUNiVWIwRThjdHdQYVB4WWtIdDlrdDdlZ09QdXdGWndCeG9RSnpxN2MzakhzZU5ickh2VmRIUENGUm9uY3NSNHlfOFBPR2U5VVM5Z3BwQjVzM0hTZDFyRHRHa3MyN1JwZG0wWlQ0ZHpQNm9SM05rSTdrdENWTlNn?oc=5,en-IN:aluminium LME
2022-08-19,2022-08-17T07:00:00Z,NTB Kommunikasjon,Norsk Hydro: Slovalco will stop primary aluminium production,https://news.google.com/rss/articles/CBMiywFBVV95cUxOUDh1c1A3LVozbjlGRzV3a3JxeDVWMTdOcVNKQVhrMFV3X3hrTVBtbFF4RWhrbEM5UVhBY0l2cDJYLU9MdXhERE5tejNyVUFBTkpQWUk3NkFKNDYzWWEyY185UklZNGh0dDdOWUY3QVR1S1RhT1IxZmhIc2J3MVREMjFWRm9adl80MFFEbV9ONy1BaUpyeWJIRVRxVGw2dk9MRGg5VUtmcmllN3otS19SbTFKWXFMMC1LRndNcnRTaTYwdmttWXd2ZmhkZw?oc=5,en-IN:aluminium price
2022-08-19,2022-08-17T07:00:00Z,The Seattle Times,Back from the dead? Could a WA aluminum plant reopen thanks to federal climate legislation?,https://news.google.com/rss/articles/CBMisAFBVV95cUxQSm5NVllqajFwa3hWcUVWRFc0dWlmZVE5MkZiakZwT2RRWDY1STNOalltekZ5ZVpmVVN6OENQVklhT2F3OEVmM1IxRVhORGR3bmtNN09MdGVHUXdyOVNSdHFYVmNmNDVqTTRHUHhYeWYyWk9iYVRzQjVzQUxmalo4SUU2aHlsTDlmU3VQUS1HdElQSjN4cXhSNDBFdDYzWVE2SjA0SkwtT1RZU0Z5SDhOQg?oc=5,en-IN:aluminium price
2022-08-19,2022-08-17T07:00:00Z,Times of Oman,Scrap intended for export seized in Oman,https://news.google.com/rss/articles/CBMihgFBVV95cUxPbHF0Z0RFMnNBd085eXJUX2VmSG1qT0oteXdaMU1ZNG9iWlhFcHBNOW1PVmE5bGN3VDBkYk0xcFNWWHROZUZreGlzZnZkbm1SeFpOdmhUd3JxbHNadGVrVVZndUROYkJBOVVCTlpKUm14YmV1Vm1Hbjg5bUY4SUpfakNPQlRtdw?oc=5,en-IN:aluminum scrap
2022-08-19,2022-08-17T07:00:00Z,Daily Mirror - Sri Lanka,"Customs Intelligence thwarts attempt to smuggle copper, aluminum to India",https://news.google.com/rss/articles/CBMixwFBVV95cUxPU2p1cXR4VzVTS0k3cHFwSFFKa2h3RkRMcTJxY0lYalg2LUxUbzlNQlp3M1hUR3hwZjluc0ZSaTJOM2p4bVVRSjFpZDA2cFg4YXJQUmpJS1lwYWt0NHJXVVk1RmdLaGtHSm5UZFZRV2NGaXZYN0d0YXVGMkJYcVZYX21JaUVsYm5jVjFlUzhUdGxmX1M1SDhsU095bFJyWTZCMFFZTHpRUFZZbE5LelZEZ09YbXljaDVhelpLM3o0cllVMVp6SnlF?oc=5,en-IN:aluminum scrap
2022-08-19,2022-08-17T07:00:00Z,Business Standard,"Adani Group plans to step up aluminium play, may go for production",https://news.google.com/rss/articles/CBMi0wFBVV95cUxNb2hPU3M4TkZMbzR2MXFmU0JFdVQ1cTFrcmFDdWVFeDAyZHZPeERrOEhJQzJXXzJsWTFWOGhNeHoxdWtHR0VHLTNLMnpJeDBrTkdvUFVIb1hvclpXd2x4b29lcEx6RXJTbnBHQU5TQnRpQmhybGlDUjVjZDVIbGJBQjRMUmI1OXZJMi1zR0dpUF80Y2JUVGdNTms3N041UEp5UlNHb0NNdkE1bVptSS1IV1dsRVNqRURUb0t2c3JTelF5b2pja1pLR19vc1dYY2p5VU9z0gHYAUFVX3lxTFB3TEw0SWQtTmlCLUQyajdIZVVPcVVVaDY4ZUJhdGRpaFd1N2hhaVNURXkxSlJBVGpPWDN2UTFMR21CMVZ1UHdxcElTVmd6NjhIcENsX21uTmlvX2ljRzZKMVowbEJKSVRaRGpOZlNGSDVrUmpRNlVsZVZLeklMeFM5ekJsVEFZYkdIX2hiLU9ZYnQzOXplT2lXM29WdHNMZ3JuWUt6bDhLbEh0eWFtdzBnVHFDZ1QtWXBTTS0yemlQMkRBZlVKRnhqLXZvNnk2YllVVnJIZWRMcQ?oc=5,en-IN:base metals
2022-08-19,2022-08-18T07:00:00Z,Daily Mirror - Sri Lanka,"Customs thwart attempt to smuggle copper, aluminium to India",https://news.google.com/rss/articles/CBMitAFBVV95cUxQNTJnWl9mNVl2QVhaQW56M09rdjZyaFVkVjZLZkJBaTJhZjRqeHQxZmd4aEZNUkkyakhDVVlNVFB0eW9kMWRJSEdvdXZEaTFlMGp4REpMRXZJYnp5dl92Nlo0STJRQnkxOGw3RGQ3SkJ2RExic29kdmJUU3M3bjktNXhYb2w4Tno2WUgwUlV2Q0stMkxWZGl2UnJ3UURLU0FrRFk0aWlpRC1PRW9tb2t5N0JNWkk?oc=5,en-IN:aluminium scrap
2022-08-19,2022-08-18T07:00:00Z,Innovation News Network,Rambler Canada’s billion-pound copper mine about to show its metal,https://news.google.com/rss/articles/CBMirwFBVV95cUxONUpPSURleFhGMzloek5xNHFKMlZHWE5EOHZYN1d4VEhSY2RJR1NjazlIMUVJY1pNd1AwcGdKbGxTRDhPT19SYTBmQ3VNMTlOUHZXMGJudGJRaGlpcEtfcDhKWjFYdWVIREd0ODRCQi0xQ25sNEkxSHdnUzl2clNGY1BpUWVSaThLNzFPREJidkQ5X05FejNVUHBCYlgtb0I1NDFZMFk0bnVFS1gzZWtN?oc=5,en-IN:base metals
2022-08-19,2022-08-19T07:00:00Z,Reuters,COMMENTARY: Power is the big new problem for industrial metals supply,https://news.google.com/rss/articles/CBMitgFBVV95cUxPelFKOUlzOS1jaUd4RlZ0OHY1MlJNT2ZlVFFoU1FhUzN1UDJNU0NMVTkyVVQ4M3cxc1FCclI2RFF5QWZKVE5GYWpPcjFkUXBjckVuaVF6YVFDaGNpdkdyNHhvbmtDcVE0bmRkalUtSjczZ3JkWFRzRjlFa1RFOTNyT2ZqY1o1c183X09xY0F3amJJUktVLUtSVjFCVGFsNWxGaEl2Wi04QXhOQS1uQUNOdktKTmZQdw?oc=5,en-IN:aluminium LME
2022-08-19,2022-08-19T07:00:00Z,intellinews.com,Norsk Hydro to shutter Slovalco aluminium plant in Slovakia as energy prices soar,https://news.google.com/rss/articles/CBMiuAFBVV95cUxQc0lCYnJZejRHRmpMdk1mcUFIUDNYbUdaem9OSEVhRk9RMWR3aW1TS3ZUdzdrTjV4OTc0bGhUbFh1UWJEckZVUE5Ic2hNbmU5R0tJVXg0eVV1ZW52aWVVNGM0djFUM1NZcjQtY1VYT2tMZjBTSnB1QkxLX0lRdlgtUmpqTnNIWkdsOVVLcWp1dmotUlJLMEFqZ08yUDNCa0ZteUp1OFdzRFdvOHNNeldzaGtDQmczTDZi?oc=5,en-IN:aluminium price
2022-08-19,2022-08-19T07:00:00Z,InsideEVs,VanMoof’s S3 Aluminum Edition Commuter E-Bike Hits The European Market,https://news.google.com/rss/articles/CBMid0FVX3lxTE1nUjNXLTdtcHdta1dqRWhZZjE2QThIc3hVLVFlQTV6bmFBbGpXQW9xdTNLMV9zVkpjOGhOa191cHJBS3BVZnQtWjRjSHdETFFHLWtjTEpWbVp4Z0RCTVFmVl9KUU5GZmtGVjNHQkF1aVp2Uk41ai1R?oc=5,en-IN:aluminium price
2022-08-19,2022-08-19T07:00:00Z,AL Circle,"Corex aluminium honeycomb, a core element for designing the train interiors",https://news.google.com/rss/articles/CBMirwFBVV95cUxNa0VadmlOQjRNeWFOSjdOcU40X3oxZmpjbHk5ZjFGVFdBUEZvTDFWN2RqTVI4cm5YakVvYjVVZkR0X2NWczB3VVhUUHhyUUE4Qm9uNFlxVDlJV1BtN2tKel85dDlnekRCd3EzT3pnbkhzSkdOY3ZmVDZ4UXI4UE9IZGJTUFRBUm05a0VzcGxFd3I3Y2NPcmo5U19xc292Qlp2YVhjZjJhb29HU2RvSTcw?oc=5,en-IN:aluminium scrap
2022-08-19,2022-08-19T07:00:00Z,Innovation News Network,Eclipse Metals: Harnessing Greenland’s rare earth elements potential,https://news.google.com/rss/articles/CBMisAFBVV95cUxOLURhblNCbHljcVhsZnl6RUwtU1hhSzhVdEVYdDZlSjhFT3BfRHVQWG44T1BmMjZadURFZktlSEpCV1BRUlNFRGt4amtJbkdDWHFVMzh5cFZmNEZuWVJCZ3g0Y1kzMnRXbC1TeXpqTVFleTJfZDJlQ1ZXM3pXYUFGcGpnWTM5NlVuZjE5WlFiYTdMbVczRGh2bDBIaEFmbGxZNFFJajIxeVlrQXN4T1hBRQ?oc=5,en-IN:base metals
2022-08-19,2022-08-19T07:00:00Z,Inquirer.net,Strong world market prices sustain PH metal production,https://news.google.com/rss/articles/CBMijAFBVV95cUxPWGdIVmR4akFxYktoZ0NZT1VFVXQ4dEZLcmwzTEFQYmEzeW95MUhKME9QWWRzSlNQMXhOMFY4NEtGZFJLMFJhNzlDUkUzY2JONHMtRmFQcVlaeEZPcWFxd3UyTFY2YzBVaUE4UlNIZ2wxV0NyQWx3U3lpcEtIRHJTTHJNOG53TG1TWGZxR9IBkgFBVV95cUxPRGlKVllJbkx1RXU0NzBQdE1IbXZqT09wLXpDZ25UX01SQnVTcklpZmViZ21SOGNLMUNaTmNxSFhSaVQ0Z1N6X29WcnFESGRKM0ZWRVVyTXh6QlhiS0ppR0Ytc2l0S2tKcTh3MGJTVmI5bDVxQzlLaEEwUXE1dEI4UU90aUhDSjFjWkJhOV9FRjM4UQ?oc=5,en-IN:metal prices
2022-08-26,2022-08-20T07:00:00Z,Armenpress,LME. Prices for non-ferrous and minor metals - 19-08-22,https://news.google.com/rss/articles/CBMiUkFVX3lxTFBGeVZHdlVCRTN5REw5a2JfRDZDWXVVM1V4by1uZE12SkkwNE8yTnI2OXZMTWpabElENUczQk5DUEtrMXdpNTZCWmFJWm9mVHNXYnfSAVdBVV95cUxQTEwxaWtPS2FPajZwLUowQVdqX2tJVlBYa0FZbTYwX3JMOGFyNlNMckdCX3hLNGw1ektFQm0yUjdhN0hNaEJPaWVNRkZRclk5REdLT0VrR0E?oc=5,en-IN:aluminum prices
2022-08-26,2022-08-21T07:00:00Z,autoevolution,Afreda's S6 Pro Is a Crazy Hunk of Aluminum That Works Wonders for Your Mobility Game,https://news.google.com/rss/articles/CBMizAFBVV95cUxQSC1XcEhCVU56RXQ4Y1cyYkdrWkk4UXQ4VldscnhHOWlmZElGckw1eHd1bHhGYVNtRHQtdG5OaHVRaTZ4ZmZXcE1icXg5QWlCcml5MFU5dzVmaTdhSHM0T0lrR3BxSDFOZ3NmZjRuOFZHS0x1MlFCeXlZWjNoRjRGTUJPMHRYS2lvc09KNGtlOFFlWUNhUkJZeUZjZHRHTGRGOEdGcmw4cFRhVkpyMVFUYzQ0eFU1RXduMkZ4S3VKV0JTYXl6emdBYktKX28?oc=5,en-IN:aluminum prices
2022-08-26,2022-08-22T07:00:00Z,statista.com,Aluminum Production Slows Amidst Energy Crisis,https://news.google.com/rss/articles/CBMidkFVX3lxTE9vRnYteWUzZnlyc3p2clJnRlIzeEI3RjdMZ2ZaNHdtVTNseFFCcmU2Y2Z1RGw5MXo3Rnc1S3ByVGswdUhOaW9tUEhyR21EcHNfX2lYQmhSSjlPZ1NYYVJzQ1V3Ym5KMm9UTF9nOG5pcGVwLUVWd1HSAXtBVV95cUxNcWwzQkRiUEpYdGFraVgydldFY21WbkdmM2pLZjRTSnQ5SWNTZWM1UkZaZ3BsUVVHRGlibmx6c002elVub3ZJOWZPY3NkeVRfZ0hESmdEOFJoOFpYaW1pUFZnTzE2azkxQTBITmdXYnVWNDlzTzgwTmxGdkU?oc=5,en-IN:aluminium price
2022-08-26,2022-08-22T07:00:00Z,Hackaday,Magic Mirror Isn’t Transparent Metal,https://news.google.com/rss/articles/CBMid0FVX3lxTFBLbWpVVmc4dHpuekJrY2ZYdTJ5QkVQT3FBZFo2bzdOSnZadnBCY1RPbndwbWljUElDWTctQmVLcFh4Z3JjQ3VTMkI5elUwaks2M0NnZlVZYkM0U3hNWmtZcG1fenRueDU4VXJrWXZUcXNBeDdrRWRV?oc=5,en-IN:base metals
2022-08-26,2022-08-22T07:00:00Z,MetalMiner,UPI Closure to Have Limited Impact on Steel Prices,https://news.google.com/rss/articles/CBMikAFBVV95cUxQeW9JUW90MnNaVVNMdE1ITjRYbFFGMW8yMG9LZzFpZ2M4SjNnaWVRMzIxR0hFSk5Gd25OQWpaMlg0M2MyOVRnLTF2V1o1ME5FWkhIUV9PYzg4eDJSNW5NTVg5LXBqQ25Zckl0VG5OVm5Bb1Y5N19GaV9lY0lXY3FPSVBFMGgzTVJJWjFGMnR4MGs?oc=5,en-IN:metal prices
2022-08-26,2022-08-23T07:00:00Z,euractiv.com,Leading Slovak aluminium factory shuts down amid record electricity prices,https://news.google.com/rss/articles/CBMiqAFBVV95cUxPZ1ctT19kY1h4Q0d6bDVYbHp6VFhhS3l0cXVmSlVQQzY1NTM2aUJONnpHUThIeVktNEFsNVZrZDRZeHNJTlQzZHRhWk5GMEx1S0xUbFFCYl9zRm0xSzhfQ1VvQURHTHpUTXd3ei1UUmYwb09CN3FsSUIwYXp1dlJhT1VTb0FSZXNIeHZRVzJsTTRzcExLbGRhZ0xjOHdtcGIycHZGXzdmZ1U?oc=5,en-IN:aluminium price
2022-08-26,2022-08-23T07:00:00Z,Al Arabiya English,Emirates Global Aluminium’s first half profit surges nearly 250 pct to $1.6 bln,https://news.google.com/rss/articles/CBMi0gFBVV95cUxQUlhPUFhpV2l3b1FqTVRYQWt6bEZfX0VMWm5kNGFIaTUxS1lZQWdRRFZWMjZNMTZpTkwyZVo2QnBPN194dmFFamxYclFVRmVIRDBGRUo4R0Nzb0hLY1NMYVdMRVRzX2hQbE04bkhKRWpCTUJoc0RLNDlSVnFkNk5fd25nUno3ZlhJbm5UZlJvZWtSLUFzcklORXB0a2xjX0RnN2dZVllEdWR4dFV6WjRrSVFnODJzd09xTG14cFJLVGpRU0xNNTJCT05lWXFNNTRPSGfSAdcBQVVfeXFMTzdwS3FuV0t6c185VzFaZ0YzdkpDWWdLRnVOMzJhaU95SzF1Zm1STXIza0tDc2kwTmNwSXE4XzNGUG5QZzYtYVA1NjBsVF9WRmRaVHZXVDRwdG9FRG9MMWt6cC1HOUk2NkZCc2Npa0gzbElRd2F3bzg2dTFnUG9EMUVIMHRuQTVGbG45SFpYZk9LaXNDamVpR0d4NjQ4OFUtNWNRa1poNkRpbm84MkVIZ0hRTU1wVGJlWVNDeklweFFMTDNMeUo1Y0lxMm9aV0JDY3VKck1acWs?oc=5,en-IN:aluminium price
2022-08-26,2022-08-23T07:00:00Z,Engineering News,Scrap metal export ban to buy time for SA to build systems to tackle illegal activity,https://news.google.com/rss/articles/CBMi1AFBVV95cUxNVjBWSmFoN21VN1JaaVZMenhVR2RncDNtbGhPMndmajB4SGJUU0Rlb2VVRG9IMXozNXRGdDJMMVlwZlR4QTJCQ0M5Sl9NVm05ZUR0ejAxa2JLc2ExS256MUlFTmg4Z21tQmUtOVd4U1ZITW9pYWwwRkRGQnlqZktNUENEMzBuVFBHRDJTVVczaHRiSjM4RWE3NEFaeTRzZk1sWF9xWDlSWXdfX29nZHFybE9VeU1PRzZkSlZmdkJad3dEbVVNVWlBY2JjZFpTUzZCRkFwYg?oc=5,en-IN:aluminium scrap
2022-08-26,2022-08-23T07:00:00Z,news24.com,"Govt will make it harder to sell scrap metal, not ban trade outright - Patel",https://news.google.com/rss/articles/CBMivwFBVV95cUxNWGFvVGEzRTRjX053My04MWsyUjd3bDZsNDFwYkZ1SXFiX2xiRW9lNVM0WjFmNlNUbGZndnJyaXdFWXd5b05RMi1HNzQwMjMwYkVBUjRjNzZ0Mlc1QXRyMFIwTnFLWmdMNWloZEdOcWdWdlVVbkRTdkozUS1pQ1VSU3ozMlItWUhXbU9zNHdvQURPMWxrREh6dWRuODFjeFN1ZWRmaTVSX3ctSTJXSXQwWjJBaGVaeUhGTEwtcVU1UQ?oc=5,en-IN:aluminium scrap
2022-08-26,2022-08-23T07:00:00Z,Bloomberg.com,Steel Prices: CEO Who Dubbed Market a Falling Knife Is Calling a Bottom,https://news.google.com/rss/articles/CBMitAFBVV95cUxPSkpGTFdfMUJVRDFpV25aa3Nyc0c3eTg2a3RkVGZETGJiQ0xtaG14aEQwZXM2aTR4eHV1YjhnRFJNT04taW9sdUIzbUhtZ1JDUFdTNkpMRDlWZG9pcTdYbTR2Q3Y0THhKQl9lX0o0bUZWd2E5Zk5JNnFaN2Y1UEpjS2otaENXNkxZZkpqMUxXOTE1UnM1WlkycjVrQWIxa1JuWmpRdGdhMVJBN2E3SzRkcUFVVmY?oc=5,en-IN:metal prices
2022-08-26,2022-08-23T07:00:00Z,Tricontinental: Institute for Social Research,The People’s Steel Plant and the Fight Against Privatisation in Visakhapatnam,https://news.google.com/rss/articles/CBMidkFVX3lxTE5DWDIxd2NjVGhfVFFMZmF1aTI1eEJTN1lCdGticFREOGhKZDFUYzlzYVd5dllDUHJ2OFAtaERhTmZwLXNUWEU4YVc1TVVQRXlvT3VJODFVVTRwN2ZhNEhHbG0wVldVY0IzOFVKRWlFVmk4WFJwYmc?oc=5,en-IN:steel prices India
2022-08-26,2022-08-24T07:00:00Z,GMK Center,Emirates Global Aluminum’s half-year profit grew by 250%,https://news.google.com/rss/articles/CBMiigFBVV95cUxOY0lCZFVvN3JtSC1YWHZnSjV3c082X2x1Z3RQenlwbWxZeFVqd2N0WVc0WTBQYVlxa1VlazFDcmctVUxfVmdsVklab1ktWXNTc3NyOHFPSVpkR3dxTlp1R0oyTTJ1a3BVRG9iclc2dldXT09mQi0zMkJMUWNRRGtaN3Q3NDNZdDI0X2fSAY8BQVVfeXFMUDJTRE1jem44SVpVMElXMmg4R0dsSzE5NGlTcmdCWG82TUdwT3NEbnJtY0VhTkh3VFlGTy12b1A0dFI3WVE2aFM5c0xDcnJRZmQ0XzhRd1JfalFqVmlCOFZldGR5Z1pCbkpMMUZsV0xCOUU1YVR4QXh4Nlh3eERMcjlUTDFQcU9ZNk5ZN25xc00?oc=5,en-IN:aluminium price
2022-08-26,2022-08-24T07:00:00Z,The Autopian,This Bizarro Universe Airstream Competitor Is An Aluminum Camper Bolted To A Truck,https://news.google.com/rss/articles/CBMisAFBVV95cUxNeS1MLVhsdkZCLVpKcW5RUVJrUVFYUEFMSG9YQXI0NFFsZ0ZxLVc2UHNkODdlM3hDQU03eGE4c2xmMXdvT3ZHZ0NTTVVhTE5veTYtbnF3U0w0RVYyQVZydWNzbFdrY252UmE4LTVCUmlkZEY1RnZES0U3Z2swM2hnMk9FbS1JVWhycHU2eWVjbHVxaWFRQ1U0T2VQMW5hM0k5WThtX2puSzRDLXNJYjF4bQ?oc=5,en-IN:aluminium price
2022-08-26,2022-08-24T07:00:00Z,AL Circle,"Hindalco builds India’s first all-aluminium railway rake, says Kumar Mangalam in 63rd AGM",https://news.google.com/rss/articles/CBMiwAFBVV95cUxQMC1qckdROG8yOXBOaThfb2xuNmJEdzhLX2UwOFVGTnhmejljWGhvN2hFNkVvZ0Q0dWdyWlZDbzYydU9SMUpGMzQyS1o0LXYza2VEMWU3ZGZtYjJTa011cWExSThheUdEd3k4Z2VhbVM5Tm9Rano3dGhzcDd1QUNBY29JOGs2YVNsYXhkc1UwQi03NnlydVRzbkQ4LXVXckNmcFh6SXVHTmhZQXZEUktvOE1zbFZvR1ZyVDkxUDV3Z2E?oc=5,en-IN:aluminium scrap
2022-08-26,2022-08-24T07:00:00Z,Junior Mining Network,Vital Battery Metals Acquires Sting Copper Project in Western Newfoundland,https://news.google.com/rss/articles/CBMi_AFBVV95cUxNRjdSZThJcmdfdU56NUt2MDR0TmY1VjlLNHM1SE1mMUk3U2ZsdWJ0UmIyNU5HNERhd2FuYTNfTGpEVDB5WjE5RmxBMHZRTm9UaG1KRGRVSTFGRDJMcmktX2JYRUtPbWFvRkZsMUhUWG1tMl9fUW9jRE92UFpKU202aUVIdWdIZGlZaWRyLWthdTRuczFEdnZUZjRndWVkUDZiWDhHUGZISFpSTU1oNWV2VXVuX25UM3E5NzBJQVR2aTViU1gyZjVadmVrRUw0YWVYWVp0WE51M2tpWDlqWGw4QlEtWUxnazFuSk91Rk5KOXNxTHhoTVlBOWFTUG4?oc=5,en-IN:base metals
2022-08-26,2022-08-24T07:00:00Z,zeebiz.com,Margins of steel companies may witness pressure during July-September quarter – Zee Business decodes why?,https://news.google.com/rss/articles/CBMi4AFBVV95cUxOaExIVWlpMkhONWkzVFpDcHA2TVpzZWI3MnJuWEpRNFV5Wm53eWNtRWVFbGw3UVlxaHVTLWhiRFFwbUl1TE9JTF8tYmJkX1JQSU1kNXcwRWM1RS1OWGktcFdVOEZjTnIwX213YmhtTUtxR2p6eFhHMXd3aGJ0bjhEY29LTU5qY0stVzZtbFo0RVVnMXdNZ0p5VURueXliX1IxVi1vTHo0VjB2bVBOU0hkZEFwM3gwTkY1ZlAwZUNsa1pyMElKWm1oLUw2RFVxbVUwSUJWdzVWQUx5S2VOUnRZdA?oc=5,en-IN:metal prices
2022-08-26,2022-08-25T07:00:00Z,Rediff,Stakes rise for bauxite blocks in Odisha on Adani Group's entry,https://news.google.com/rss/articles/CBMitAFBVV95cUxPQ2F5Ym9oQnFRaGthb21jRzNNd3RLR09SbzVBWUFYYjNqcGwzckFYN3hRVGN1WXFtRXJrTGF6WXpsd1JHNkpvdVNVLTJTQXE0R3A4SE1vMGtJRlp0NVFMcG83WWNfRTByeS15a3Z2M3VRS2lIa1VTLWVfNG55cFY5Z0swTnRiX3RoNUZMMnhraU5Da2w3ZXVUaUZUSFFWNkdsVU1qQVNUVVZTWm12S2h0SnhJcF_SAbcBQVVfeXFMTXFaM3FOZHFXTGZyYzRfZmZUeUdrZm8tcjBzbHhqQnliRzBRN1hEcFJ2RFN3Njd4RUY0TVUzNE1VQ2cxRkxuLTFnMDdMM090WmROeGk2aDM4a04xRF9aWWhBcnNzTEdwc20tRDFYc1prYk1sVWZhdU1LMkhlOWl6Vngyb2Z1QTAxanowUkgwM2xSUENFcGFyVW55Tl9sRGZncWJkSW1nTmVHSWFlV3loY1hfTUxBOHpJ?oc=5,en-IN:aluminium price
2022-08-26,2022-08-25T07:00:00Z,The Northern Miner,"Clean Air Metals advances Thunder Bay North towards resource update, prefeasibility",https://news.google.com/rss/articles/CBMi1wFBVV95cUxNcVBRSTlSRUV6ZHRqelhHc3ZRalMtVjk1VGdkVWcwUnBmaGt2OHF4bERfdnFqVGFQZnhfNjg0VU51RmM0MGZuNzA4Ti03cDQyTDhOYVZWcVJ6N2RMS2d3WTNXRzRhenBoaHZKZzBsWFVCWlRWY0dkOHFTQ1pMVmVLS0lUUFVKOWdEUWNna3B5SXNhcHB5NFJ3RjUzOVAtcFpIMW1tT0FodFlZN09pZE1ERmk3QlFiMFBrU0pRNUVCZ3h6ZU1FRUJreHdCRDlzaW5KQ1pZNmx4TQ?oc=5,en-IN:base metals
2022-08-26,2022-08-25T07:00:00Z,EUROMETAL,Six months of war: How has it changed the global steel market?,https://news.google.com/rss/articles/CBMiiwFBVV95cUxQVnp6dHB1MmVXalJ6YWZUNllxV0otcFcyMjQwOTRZakIwemtQT20yLVVxWXJSMThOa3EwYnVVbndtNHR4Y1FHWElZTVkzSFRsVWxpNVBoOGRSZU9naWdWTERjamhtemY1V0ZuQ2t6SnhtYU1HWXZZTGlLYUJoZDU1cmpaazF4UnFtZTZv?oc=5,en-IN:metal prices
2022-08-26,2022-08-25T07:00:00Z,mining.com,Tesla’s battery metals bill balloons to $100 billion,https://news.google.com/rss/articles/CBMif0FVX3lxTE5LbTVNSElid3ljZEVXcVBIVUlPeHpUM3VuYzBNQS1wTGl4cGNJTERJOTdacVBORG5MR3Iyb1JmUGRWY2toOWtfVGlqVjZiUVlKTFYtMTl5c1lqckdEZi1nWTI3bk5sbklZNV8xRWcwclA0MEJrSXhpdVZlbllidDA?oc=5,en-IN:metal prices
2022-08-26,2022-08-26T07:00:00Z,AL Circle,Nalco's Panchpatmali bauxite mine took home the prestigious 'Greentech Quality and Innovation Awards 2022',https://news.google.com/rss/articles/CBMi1wFBVV95cUxQUjZXY2N1Y1BwVkVhaUtGbEpuelR4cmM4VW5lQWE1ZVo4cHZBYmdnUnN1WUVqWjFYMWxlbnJKckRMeGhhREloMkNmNHJpaG5rN1BWUGVHZzdLUFBIU2w4ckRuRi1kWVhtNVZHRTkwdWYzdTdidzFlTVFVVXRJSW1hLVNicU1YbHltWHlFdTVrenE0UHJBWmliQ0xBemF4VXFJUjRMQ1VyVlpGWXM3T0x6b0E4VkxDQ1BCZVdNRjFUai0wbkJtU3R2eGR0RnI5RjRUWllwVHgtVQ?oc=5,en-IN:aluminium price
2022-08-26,2022-08-26T07:00:00Z,ZME Science,New aluminum batteries could be the dirt cheap alternative to lithium-ion that we've all been waiting for,https://news.google.com/rss/articles/CBMi6AFBVV95cUxPNWNXcWR0ckxTX0x3d1M2WHlodXRSVURwMnJaa3FTZkRqVjFxWTBsNHY0eGJIMGt5TE9USWtMcXRxdFlUNy1hZGhYUnBWRzJ3MllnUlo5MldIX1pZcHpsdzFabmhDOVlidGEwT2lCQzVTWTNTay0xOVFQcjRFRXc1QXR1VXpaVGgxVWtXcVF4bHZnZ1l1VUt6cFRYVldrdjlaZzd4ZThkcmRxQ3NvQnZxOW91bTZnajJQMWp0c015NTRQM3o2NHF6WnNWb180VVFRdUZRNF9NQjBhRVBtdS1ra3lVWjlLMGc4?oc=5,en-IN:aluminium price
2022-08-26,2022-08-26T07:00:00Z,GMK Center,Slovenia’s Talum has cut aluminum production to 20% due to energy costs,https://news.google.com/rss/articles/CBMingFBVV95cUxQMG44clQxNy16MEZIMW9oVzVYUHF6Y0VDSS1QV2M0Vl9mUk1VeVFmU3dJVS1lWFd2bm9SbnZQVzlaWVAyRGdNRVBRVWo4TF9GWlEwaTNmckZZTjRvQjNCQS1kaXpJbVQwM085ZUtKemd2T0Nxd3Nya0lBZjRKTHBlME1pd09SNllyMUNBQlVKQnB2RGZZMTYyZTFnR0JtZ9IBowFBVV95cUxPZXpLeDhhZXFpWjBDSHRSQkFZOTFONjN6emxEZmtuTTNqR3hvVTk3bllVT2pwTEdTSlM2N1NOTmtqemhhaC0wTy1zbjRwQlZtbkdFR2ZZYThjcnRnUDRKLTRjY3FvUmdHTHBseW9SbUxpNDBubVZIdnlJRDJiaHVnTUxuVVVDZXJTVWRWTW8xdGFxOXZqM05PYWNuakswRjBpRGFn?oc=5,en-IN:aluminium price
2022-08-26,2022-08-26T07:00:00Z,WSBT,New aluminum manufacturing plant coming to Cassopolis,https://news.google.com/rss/articles/CBMiiAFBVV95cUxQeWwwV0V4RzR0d0FSQnhzS20yWG9lak02azhFaGNfbWhVS2RwMmRpQUR4QjctaUVQNnBKUE50TTRqOTBzSnBpbW4zeU93d3lja2ZqZjMzbnRKVXBKeDlrV3EwZ1Ria010dWJrMnhBVFE2XzI1dG5yS080MnB4em9meklXUG0xVElY?oc=5,en-IN:aluminum scrap
2022-08-26,2022-08-26T07:00:00Z,KLSE Screener,CSC Steel’s 2Q earnings up 11% on stronger sales and higher prices,https://news.google.com/rss/articles/CBMitgFBVV95cUxORDFka2JZa3Rla2Z6OVp6TEVGS1N3dXhQd0JyNjU1ZnpSbVZtRWdDRUZobXNNNm1hVTdGUF92U1lDb0RmNHZZZGhZWWloa3JQZXBmeW96NW1zdkZLbGRTRjRSV0VmeFphMVU3OE5CWFdvWm5uN0k4UXVzcC1QQURiN1MtMEdaNXh1bDg2cGxqTGVjWmJPdlV1T0pJOHJOOUdXeW5zNXR4WWkwMzU1LUlTYVl1Mm5MUQ?oc=5,en-IN:metal prices
2022-09-02,2022-08-27T07:00:00Z,The Times of India,Arcelor-Nippon JV to acquire Essar’s steel infrastructure for $2.4 billion,https://news.google.com/rss/articles/CBMi7gFBVV95cUxQMmJFSmtRSWpKXzJ1SndxYzRzeDQ0RG50cE5GQ0djNHpXY0J0MnVhRTNZcFR4a1FWcnA1SDhObWxrS19fUUQ0T1UyQ240YjIxQUtwRmwyNWh5aWRIeHk5akNWdFJBUTNnR2xGVl9ucTZzVFJybjlWS0p6MzlPS1U1WWVqSUNST1JkS3haSlZtYmszMDBrV2pEN0QtM0pRT2s3Z1VUajFaQkZmYkJaSlBrNFVfclJXenZocWMxTEozMWMxbnZTX2dxNmIwSVRhT0NfNmg5RTZPZXRMTHgxcnhDUUhWMkdxcldUckxPZWxB?oc=5,en-IN:steel prices India
2022-09-02,2022-08-29T07:00:00Z,Recycling Today,Rio Tinto to construct aluminum recycling facility at its Arvida plant,https://news.google.com/rss/articles/CBMihAFBVV95cUxNMHBZUGkxRFZNNjNTbGtCam5kVUxUMVliVUZEUkYtQlJ4eGJqOU9sOXFvdG4tbk5naWtKUDY2U01IYmZDYXB2dHVaUlZBYzJ3OUxnNE5kbTVmRGlEenJUbUpLRE9lN1JoelBfRGE0OUgzbmVyRFpqZUNDMFRuWHMybU9UNGI?oc=5,en-IN:aluminium scrap
2022-09-02,2022-08-30T07:00:00Z,Livemint,Why aluminium prices are unlikely to fall,https://news.google.com/rss/articles/CBMixwFBVV95cUxPenZxbGJraHlJdmZ1SmJzY0R4TkpYMGNYSFZkanA0emI3NkpvS3FlcndFZ1B3MmtKXzVHb3JCYnU4WlBLSHEycWFYc0tjVy05dFNlSlljVGxydWFQd2hQT2VCdDM3cy1yWC0xak5mdlNvLTdYc1RTYm0wUGh6TUVieXNCb21MUG5qaVN2U2ZaUUJ2ZW9TbFJVYWNfSndabXh1bFNXU1R2UFpSZk10UGVGZWEwTlhVNWlpM21oQ2pfN0NLZU5sa1Y00gHMAUFVX3lxTE1zdV9RZlpZM0pUUUVNS1BiSkd2YklvbHRLaTdUeWdtZjdwaWhueURUSTBZd1V1cEh2TUlaTm9FNGpqVU9wam5sVTZpUk55aG9Sb1RXZ3JYZDFSN25fSkNfN1FDMl9HZ1hkbGlCN21tTXFCTkRGbTFPQjVLOVdIWEdVY1lKeXJnVFE1QlhqQmUtZjFQLTBHaUYwSFZfTlRqQUxZTUtiUlVWNE0wbDI0RmRjNTJQLUpERFZDWEJPQUpIeTlLSTBuN1lxMzBxbg?oc=5,en-IN:aluminium LME
2022-09-02,2022-08-30T07:00:00Z,Monochrome Watches,The Car-Inspired Bulgari Aluminium Sorayama Special Edition (Live Pics & Price),https://news.google.com/rss/articles/CBMimwFBVV95cUxQQmF4UjkzN3BKd002LXZWN0ZWcW5tWS1OVkViVlluU09SSTR1VC1WalNsRC1yVTRzNVVNRGQ5aWQyUVBITE9jZ3N0S0RzNUNrVTEyOEQzUnQzOEkwLU9lQm9wUHZSbmw3V3lBbjRHRVY1bkM1cktET1ZVc3JSWVl1U2RVWHg1QjVYcVZVaUtRYVdfbWR6a0Q0SEZJTQ?oc=5,en-IN:aluminium price
2022-09-02,2022-08-30T07:00:00Z,Hodinkee,Introducing: Shine On You Crazy Bulgari Aluminium Sorayama Special Edition,https://news.google.com/rss/articles/CBMimwFBVV95cUxQMXdwQXk5cFU4YzNCbjNoaXdVYnhiQ2NuVWFNU0hsYTlmZktXNE11RHdoUkNoOE5sa0xkZkVPUFlsN1dSbjZmeWFNeDFhbFVhcGtmdWNVUEZuUTVwUFNnYVVIQVM5VW5QakZoMG0xLVp2OW1ldTJsclJaWm4zd3dHLUFSS01WT3NoaDhTcmhZQWtjc05SeER6VXhWcw?oc=5,en-IN:aluminium price
2022-09-02,2022-08-30T07:00:00Z,The Truth About Guns,Smith & Wesson Rolls Out the New Aluminum-Framed M&P9 M2.0 METAL,https://news.google.com/rss/articles/CBMinAFBVV95cUxQN0ZDY24yRjFSRVlBMm1MdktrNndCSG9BYzVERGg1dWtsdW5EQnRKSzRtdHl5VTRlNHVQSm9fOHZVS3YySk1YbTVRU3AzdFczcmVUTEZpUGVtNzdxbVEtb25vbEFnV3YzcGU4dlp4YXFVaWpYcEpLMmtwYWRPcVc2Y3ZLMUNmQ2U2UWM4S090VG5PQllkUlNJYzZqSHo?oc=5,en-IN:aluminum prices
2022-09-02,2022-08-30T07:00:00Z,GMK Center,Italian long steel companies to stop production due to the energy crisis,https://news.google.com/rss/articles/CBMiogFBVV95cUxNZFR6R2ZWSk5PY2pweHNudUN3ZGZqQXhPVkp2aXBNdlZxclRNdWdTVXdyOVF5cGpsbzF4X054c2FXbk5PcE81RXZDS19IVzlkWUhPVmJaejFpWVVITnFpSUM4bzI5b3l2VmczbFF0YXVBZF9IelluaGN2WldUeWN1SkxYRFR4bXFTQ1JZb1B4bGNOTm8wUnp5MlhONFIyS094R3fSAacBQVVfeXFMTjhYaW5XV2QxWThnVVB4SzIwUWQ5OVlkR2gwSnVYR0FzMFhYdmEwNUpId0k0cm93c2xDQkhhYWhnZm54ZmcydlZjOW1MZ0I5SGc2NFhITUdaeUdEenRscjZZZ2ZhZ25UYlczYktuQVljT2Y4UTIwT191YWN1czVDc29lMG5xOS1zQUFzZkdjZ2c5U0hQeDVOZFJocDZDeVZUaDl1TERQRDQ?oc=5,en-IN:metal prices
2022-09-02,2022-08-31T07:00:00Z,Pinkbike,Field Test: Contra MC - The Steel Steamroller,https://news.google.com/rss/articles/CBMigwFBVV95cUxPQW5UeGJHR2xPcF9GeFdfbFhZRzZWRmNXbGNFcDExaU13aVNPNjFwM2oxYlVHdll1aFJ5clhBWXVVLXlDR3lvSjV1ZUxDX2xEZ1ZmOUwybmxPMFRCblp6TElpY0xjUjYyU085RmUxUTcxRzJhYVFRTlhoazJmZE1qdGhIWQ?oc=5,en-IN:aluminum prices
2022-09-02,2022-08-31T07:00:00Z,Bloomberg.com,ArcelorMittal Raises European Steel Prices as Energy Costs Surge,https://news.google.com/rss/articles/CBMitgFBVV95cUxPSlF1T0hWTVZHQmFTbXNZVVhpX3JWbDVUc2psNExsQjkwcFBFQjVralJGVzh2X2I2UVZTSE45WWlvcUQzQng5bFM4V0RZbEFIemJ6Y1FFa0xmMEFXM0l3NnhMekZLMlBKR0tNQ0JwZUVqekswZkIya1FnRVBHdzB1QzBuTlFtUS04clMyaWRYSlZ0bHY2bll0ZkxRWVA1M3lmX0huTmVjaGJ5RnJQQ3VfNWx6WDVwQQ?oc=5,en-IN:metal prices
2022-09-02,2022-08-31T07:00:00Z,Indian Retailer,Shyam Steel Eyes to Undertake Major Retail Expansion Across North India,https://news.google.com/rss/articles/CBMirwFBVV95cUxPZndxMUMzOGFsemJVQnRwRlM3cDNENnBvZW9VeXc0YThwLWdzTXJmb3puWGozLXMzSEpBdWZTd2wyUlFKbEZTazRqU3RvZGlubm1COUhxSzN6WTFzQzNZcGhQXzZ6b2Rvd0pYZXNreGFxbUFHZEIyN3FXS25nRUFWN09WSzdvZDM4ZjFhclk4aDJ5VlZuZWV2NkpvZm1QMVduMnhfaFVtLUpyQ3d2ZHZr?oc=5,en-IN:steel prices India
2022-09-02,2022-09-01T07:00:00Z,Reuters,COMMENTARY: European smelter closures fracture aluminium pricing,https://news.google.com/rss/articles/CBMiugFBVV95cUxQbjdwelo4aW5CNlVOYUdUN0hhOWI3MjZPTTdrVGJqTzNCMGtSOGY4aDA0cjBRZXE3XzBxZWc2Wjk3VEVvenJzMTFaZFhpRkltQlp3NzRmTEw0Qno3VlB4QldXRURoWDc0LVJGMGw1VTJiR19XSnllbnBHWTU5MWd0bndSNXdnLUtzVjU2YXhsaFJhVFRQNm1WNkhUT2ZDZ09zRnl4WFpzd21hcVRRNTNrT1hKQ1pZa0JvMFE?oc=5,en-IN:aluminium LME
2022-09-02,2022-09-01T07:00:00Z,AL Circle,Kerala gains new Linke Hofmann Busch aluminium coaches running on Indian Railway line,https://news.google.com/rss/articles/CBMivgFBVV95cUxNX0xaZVNSSnFJNmY5aDlsWm1tVHZNQnJ1eGRDa2dvaEM1TUlXX3JzNlpGSWhKN2d1eURiV1dhMUZ6elpQdkJ0Q3k2OHUzcjBhY2N3bU9nbURZZFhzel9mdFZMLW82d2ZJTlk4MjB0U29HZ2YzVWpkLUczLXZkNjkyYl9ZREliR3dIdlpTd25WaGNqZ3lqem9BTGFQMDZKX1ZIUkhNWlpCb1RnS1VKaVJIMkRKb3BLNzhtNzNlOTln?oc=5,en-IN:aluminium price
2022-09-02,2022-09-01T07:00:00Z,New Atlas,Aluminum-gallium powder bubbles hydrogen out of dirty water,https://news.google.com/rss/articles/CBMibkFVX3lxTFBNU0lmdjRPRTF0SzNodUVzZHpmU3pUb3VTVlpNQ2NtalYyYjItRlhKTVVxRDRGeDdZMDlBNFpiUXBqbkJkQS1RSVVoQTAyTk1RaVd3S2F1YU4zUFRBTzRXTEYzMHBOLUFCQVQwUFN3?oc=5,en-IN:aluminium scrap
2022-09-02,2022-09-01T07:00:00Z,Industrial Distribution,Alro Steel to Acquire Access Metals,https://news.google.com/rss/articles/CBMimgFBVV95cUxOZmVvZC0tQkxJNUVCS0RPTm9QZVFKY3plOWFTMGs4SFR3RmVwc0xOQnpKZHRxRk8wWlNza2pfVE1tUFRmN0pSTkx5SVV5TnNrVk5IM0RYcFhqZTBkM3doSXI5d0N5eFZsblNBTDVZN0RFVGVkOUJVSjBKZkFaX3Y3Q1liSnNiUDJDc0pQN2FLU3RLSGNPc0t1WkJn?oc=5,en-IN:base metals
2022-09-02,2022-09-01T07:00:00Z,Moneycontrol.com,Rebound in coking coal prices: What does it mean for the steel industry?,https://news.google.com/rss/articles/CBMiwAFBVV95cUxNRVBENnJ1NzhUd3djMzAzOUVVa0xpVXRfeDVpUlZNS2ttbjJTc2pwNldNYktUQmxwbDRaWnlIaUJvOUM1WTFZQTU1eXM4YnFMc1JEbEF2QkdPRDZwSllyd0pmRHBPaE04ZnVoYkxOUWduVVhyVGhSNGoyWFJOTkVCeXdXVy1xWkF4Q2E0MWhzNG8wOVBGWjhhQU1UVk1kRDVFNkVuTGVma2lpZ2pfOXhER1pDQy1RdG5rUWVmckwtdjPSAcYBQVVfeXFMUGg0NnN2ZDR6czExTDNkYUdldE42SXVvc2ZzZHZTa0NTRTVWTjdSTDBybkk3XzNnaW1iZ2gxTjVnUkc0UDdycUVaOXVQUnhUWkFUVFFKSDVuU3c3MGdqWFgwY2hkaE9vRVBFaGZzVGNkVTZOa21jLWhQcmVBM1VQekFQS2taOEpsRUJfeExZcGhDTkYweWNaSDNfTGlUQnFNcGo4djZybkJvYi1EYnROV0FtUjFLWG1hVk5EZE9sQXpIaW42azh3?oc=5,en-IN:metal prices
2022-09-02,2022-09-01T07:00:00Z,Just Auto,Nippon Steel raises Toyota steel prices,https://news.google.com/rss/articles/CBMieEFVX3lxTFBwNnBzS0hTd3JLel9ydE5WOFJJc1V1MUNpZkZoTkFWc1hHSkVWNWV6S1NhNUN5S1ZqWXc4OS1TZGpzSU5GQzlmZ1hwYS1RNE53LXpaV1BSWlJOUnZtdExQdGw5WTc1dXdQU3BKaS1VclUtbWJTM2U2Zw?oc=5,en-IN:metal prices
2022-09-02,2022-09-01T07:00:00Z,news24.com,Implats profits plunge as metal prices retreat from record levels,https://news.google.com/rss/articles/CBMitwFBVV95cUxORzlZZFJSWjhIVVFld0FPaHVDNlpidmJxUVZ4cXlaWmFFQzV3d2tRbFVFUlIydjJBX2NOSzNuOUtrTjVqcjZERURmS2RZTG82bnc2UHNqLVhzREFvLWFCRWpNaV9TeDEycjNkMmJ1anpwQ012d09wbjhFN0NlcXVlZkFaX2xiOUVmeFJGT3BVd0VYTTdXRXZvbmNQdmdlWW5keS1SZEN2WnhsZUtPQTNhMmlzSW9vYzA?oc=5,en-IN:metal prices
2022-09-02,2022-09-02T07:00:00Z,GMK Center,European Novelis plants to refuse Russian aluminum,https://news.google.com/rss/articles/CBMihwFBVV95cUxQSWVvNkxYTE5CcXY5TFZBUGF2RTFJQllxN1ZFMWdmZ0dsbGJoU0xaM1d5dzBPbHZZaWNjdTZvTHNPeVNGVDZ1ekZnckxuMVItMHR6TGd3M21YY3BoX3h4MzlpcXFSTExPTkVUT08zUm1xLXhmTVZQUEhNR3hKZWFCLTVEM0FIMXPSAYwBQVVfeXFMUE5nSzNDT3F2SVYyWjk3VVI4ZXJycVNmV3RJS282RUs3RXU2YXhvVjJSUjRTd2ZjVzgwUml5UHlHc1lwekVxcE9Id3V3dHVSOUxZRXVnYzlqOG1ocy1ZZ3k3MFd6Zm1CcGk3UVRDaU5QTjhhWWlrZVZtbExkZmlvS1BKTzNGdWdCUDRfbTg?oc=5,en-IN:aluminium price
2022-09-02,2022-09-02T07:00:00Z,Discover HubPages,"Trash Money: The Art of Collecting Aluminum Cans, Plastic, and Glass",https://news.google.com/rss/articles/CBMipwFBVV95cUxPYWRsMjFWRVJJMGVSSkl2SXRieHRZR2FFc0kyd1A4S2IwNXgxT0FoMGpqWjlzRUxhS3BZSEtKNDFxQWk1NkpXRHRxSF9SRGZKakxNLXNiZ2lRcGt1ZFJYQzVYaUxWS3hRajhKZWRRV1VZWm9USjJTcTZEOVB6OHAwMmktbE5GbVo0U3JoSlNRanBLQU9Tdm9HVnZtWkRsZXFsbVhZS2VXMA?oc=5,en-IN:aluminium scrap
2022-09-02,2022-09-02T07:00:00Z,MetalMiner,"Stainless Steel in a ""Commodity Standoff""",https://news.google.com/rss/articles/CBMiggFBVV95cUxPMTNDczFkM21IeHJ5cXJla1k2dGppNWZvYzNReWh0YUlfemxlbF9PbUpOS1ZmQVc3VmQ1eWE1MjdoQVdRSTNBcXBGZlQxbWNrQnFLNDhUYndMcTJhd1d6bHBzaWxSZnIyR3VLcUJIM3MteE9WU3lvckNJMm81Q21oM1hB?oc=5,en-IN:metal prices
2022-09-02,2022-09-02T07:00:00Z,朝日新聞,"Toyota, Nippon Steel agree to major rise in price for steel",https://news.google.com/rss/articles/CBMiVkFVX3lxTFAyZ1BZYnJ6MDhoWl9UUWxkLTZfTVg0bDNYZ1lOVmlhdEd3T1NjZVpqRU5uMTRBVHVtcTA1SWdzcC15U3ZqTl9WeWYtVGJ4RW94enlzRG1R?oc=5,en-IN:metal prices
2022-09-02,2022-09-02T07:00:00Z,Livemint,Nippon Steel plans to almost double Indian unit's output capacity,https://news.google.com/rss/articles/CBMiwwFBVV95cUxObTM1a3dJVzZXdkpxREZGWXNhbkpzejJJNm5rb1JBeHJMaU1sWTdBNTJfYzR2NThETDFGcnZhT2xJSm5UV2I0RWlOZDZ5cFdHeV80QjNiMkdPZ2pYbHQxVnMzTkNfQ3lINUVPbFZvV0d1dTFGZGZXWVctN0x0TmZkWk1jZzR0OU9GMXVOU001bDdNazBsbmZybjlCLTZzQXVWei1GNEtrdEViR2ZxOTM0RzllWDV5UlJ6NnJHWXpXeXpEU2vSAcgBQVVfeXFMT2NIb2tEdGo1R2ZnUThNWVdtZ0wwT2RycWtMZTc2Wm1CYUZVM1VkS0FaT1RCRmtIS2lKenZ6YlZ3V2VBV3RNVjFzU2MxMDdNSXluLVNfczZWUkt2YVI5NXZ3ZEVKZ2pDZTE2aFVCeFZoMzhXWUs5NDYwQ1UxSmJGVFhRLW1JZHJWTXg0eEtJX1d6bTdNUDhtUE83ZGRvYnN1MmRHZUNzM0dUZ0Z6cVlaVzVPSVNGQktfRHhRcHU2SUdEWE5UcmwzZUU?oc=5,en-IN:steel prices India
