date,in_window,lme_cash_usd_t,lme_3m_usd_t,lme_cash_3m_spread_usd_t,lme_stock_mt,usdinr,usdinr_filled,usdinr_src,rbi_repo_pa,fed_funds_upper_pa,inr_rate_3m_pa,usd_rate_3m_pa,usd_rate_3m_filled,rates_src,fwd_premium_3m_pa,usdinr_fwd_1m,usdinr_fwd_3m,mcx_al_spot_inr_kg,mcx_al_m1_inr_kg,mcx_al_m2_inr_kg,mcx_m1_expiry,mcx_m2_expiry,mcx_src,freight_jea_nsa_usd_t,freight_usec_mun_usd_t,freight_filled,freight_src
2018-01-02,False,2256.0,2268.0,-12.0,1101375,63.4898,False,ECB_CROSS,0.06,0.015,0.063356,0.014203,False,USD:UST13W|INR:OECD_IR3TIB,0.048783,63.7535,64.2535,155.0497,155.8302,156.5838,2018-01-31,2018-02-28,PROXY_IMPORT_PARITY,,,False,NO_FREIGHT_DATA
2018-01-03,False,2241.0,2251.5,-10.5,1101800,63.4995,False,ECB_CROSS,0.06,0.015,0.063356,0.013907,False,USD:UST13W|INR:OECD_IR3TIB,0.049085,63.7649,64.2681,154.0423,154.791,155.5397,2018-01-31,2018-02-28,PROXY_IMPORT_PARITY,,,False,NO_FREIGHT_DATA
2018-01-04,False,2230.0,2245.0,-15.0,1101325,63.4049,False,ECB_CROSS,0.06,0.015,0.063356,0.013907,False,USD:UST13W|INR:OECD_IR3TIB,0.049085,63.6698,64.1723,153.0578,153.7752,154.5191,2018-01-31,2018-02-28,PROXY_IMPORT_PARITY,,,False,NO_FREIGHT_DATA
2018-01-05,False,2205.5,2225.0,-19.5,1099475,63.3699,False,ECB_CROSS,0.06,0.015,0.063356,0.01371,False,USD:UST13W|INR:OECD_IR3TIB,0.049287,63.6357,64.14,151.2927,151.9755,152.7108,2018-01-31,2018-02-28,PROXY_IMPORT_PARITY,,,False,NO_FREIGHT_DATA
2018-01-08,False,2177.5,2194.0,-16.5,1095875,63.5075,False,ECB_CROSS,0.06,0.015,0.063356,0.0144,False,USD:UST13W|INR:OECD_IR3TIB,0.048581,63.7701,64.2682,149.6963,150.2939,151.0215,2018-01-31,2018-02-28,PROXY_IMPORT_PARITY,,,False,NO_FREIGHT_DATA
2018-01-09,False,2143.5,2162.0,-18.5,1092850,63.7123,False,ECB_CROSS,0.06,0.015,0.063356,0.014203,False,USD:UST13W|INR:OECD_IR3TIB,0.048783,63.9769,64.4787,147.8341,148.3987,149.1172,2018-01-31,2018-02-28,PROXY_IMPORT_PARITY,,,False,NO_FREIGHT_DATA
2018-01-10,False,2159.0,2173.0,-14.0,1090525,63.5949,False,ECB_CROSS,0.06,0.015,0.063356,0.014005,False,USD:UST13W|INR:OECD_IR3TIB,0.048984,63.8601,64.363,148.6288,149.1705,149.8929,2018-01-31,2018-02-28,PROXY_IMPORT_PARITY,,,False,NO_FREIGHT_DATA
2018-01-11,False,2179.0,2191.0,-12.0,1088325,63.6877,False,ECB_CROSS,0.06,0.015,0.063356,0.014104,False,USD:UST13W|INR:OECD_IR3TIB,0.048884,63.9527,64.4554,150.2245,150.746,151.4761,2018-01-31,2018-02-28,PROXY_IMPORT_PARITY,,,False,NO_FREIGHT_DATA
2018-01-12,False,2215.0,2223.0,-8.0,1086875,63.6001,False,ECB_CROSS,0.06,0.015,0.063356,0.014104,False,USD:UST13W|INR:OECD_IR3TIB,0.048884,63.8648,64.3668,152.4963,152.9993,153.7404,2018-01-31,2018-02-28,PROXY_IMPORT_PARITY,,,False,NO_FREIGHT_DATA
2018-01-15,False,2227.5,2231.5,-4.0,1084450,63.5176,False,ECB_CROSS,0.06,0.015,0.063356,0.014104,True,USD:UST13W|INR:OECD_IR3TIB,0.048884,63.7819,64.2832,153.158,153.5834,154.3277,2018-01-31,2018-02-28,PROXY_IMPORT_PARITY,,,False,NO_FREIGHT_DATA
2018-01-16,False,2172.0,2181.5,-9.5,1083800,64.0474,False,ECB_CROSS,0.06,0.015,0.063356,0.0144,False,USD:UST13W|INR:OECD_IR3TIB,0.048581,64.3123,64.8146,150.5876,150.9797,151.7116,2018-01-31,2018-02-28,PROXY_IMPORT_PARITY,,,False,NO_FREIGHT_DATA
2018-01-17,False,2187.0,2194.0,-7.0,1088725,63.9277,False,ECB_CROSS,0.06,0.015,0.063356,0.014203,False,USD:UST13W|INR:OECD_IR3TIB,0.048783,64.1932,64.6967,151.3442,151.712,152.4475,2018-01-31,2018-02-28,PROXY_IMPORT_PARITY,,,False,NO_FREIGHT_DATA
2018-01-18,False,2225.0,2218.5,6.5,1090875,63.8504,False,ECB_CROSS,0.06,0.015,0.063356,0.0144,False,USD:UST13W|INR:OECD_IR3TIB,0.048581,64.1145,64.6153,153.7877,154.1347,154.8821,2018-01-31,2018-02-28,PROXY_IMPORT_PARITY,,,False,NO_FREIGHT_DATA
2018-01-19,False,2256.0,2254.0,2.0,1091850,63.8425,False,ECB_CROSS,0.06,0.015,0.063356,0.014203,False,USD:UST13W|INR:OECD_IR3TIB,0.048783,64.1076,64.6105,155.911,156.2358,156.9936,2018-01-31,2018-02-28,PROXY_IMPORT_PARITY,,,False,NO_FREIGHT_DATA
2018-01-22,False,2235.0,2239.0,-4.0,1088425,63.9125,False,ECB_CROSS,0.06,0.015,0.063356,0.0144,False,USD:UST13W|INR:OECD_IR3TIB,0.048581,64.1768,64.6781,154.6291,154.8707,155.6222,2018-01-31,2018-02-28,PROXY_IMPORT_PARITY,,,False,NO_FREIGHT_DATA
2018-01-23,False,2213.5,2218.0,-4.5,1086200,63.775,False,ECB_CROSS,0.06,0.015,0.063356,0.014203,False,USD:UST13W|INR:OECD_IR3TIB,0.048783,64.0398,64.5421,152.8122,153.0244,153.767,2018-01-31,2018-02-28,PROXY_IMPORT_PARITY,,,False,NO_FREIGHT_DATA
2018-01-24,False,2216.0,2221.0,-5.0,1087850,63.6925,False,ECB_CROSS,0.06,0.015,0.063356,0.014104,False,USD:UST13W|INR:OECD_IR3TIB,0.048884,63.9576,64.4602,152.7868,152.9725,153.7151,2018-01-31,2018-02-28,PROXY_IMPORT_PARITY,,,False,NO_FREIGHT_DATA
2018-01-25,False,2237.5,2240.5,-3.0,1086575,63.5649,False,ECB_CROSS,0.06,0.015,0.063356,0.014005,False,USD:UST13W|INR:OECD_IR3TIB,0.048984,63.83,64.3327,153.9601,154.1205,154.8688,2018-01-31,2018-02-28,PROXY_IMPORT_PARITY,,,False,NO_FREIGHT_DATA
2018-01-26,False,2238.0,2240.5,-2.5,1081425,63.6101,False,ECB_CROSS,0.06,0.015,0.063356,0.013907,False,USD:UST13W|INR:OECD_IR3TIB,0.049085,63.8759,64.38,154.1041,154.2378,154.9868,2018-01-31,2018-02-28,PROXY_IMPORT_PARITY,,,False,NO_FREIGHT_DATA
2018-01-29,False,2251.5,2258.0,-6.5,1085475,63.5799,False,ECB_CROSS,0.06,0.015,0.063356,0.0144,False,USD:UST13W|INR:OECD_IR3TIB,0.048581,63.8343,64.3415,154.96,155.0138,155.767,2018-01-31,2018-02-28,PROXY_IMPORT_PARITY,,,False,NO_FREIGHT_DATA
2018-01-30,False,2229.0,2226.0,3.0,1084875,63.6479,False,ECB_CROSS,0.06,0.015,0.063356,0.014203,False,USD:UST13W|INR:OECD_IR3TIB,0.048783,63.8951,64.4135,153.5755,153.6022,154.3486,2018-01-31,2018-02-28,PROXY_IMPORT_PARITY,,,False,NO_FREIGHT_DATA
2018-01-31,False,2224.5,2222.0,2.5,1081475,63.5627,False,ECB_CROSS,0.06,0.015,0.063356,0.014499,False,USD:UST13W|INR:OECD_IR3TIB,0.048482,63.7996,64.3141,153.0603,153.0603,153.8042,2018-01-31,2018-02-28,PROXY_IMPORT_PARITY,,,False,NO_FREIGHT_DATA
2018-02-01,False,2218.0,2215.5,2.5,1080550,64.0228,False,ECB_CROSS,0.06,0.015,0.063779,0.014696,False,USD:UST13W|INR:OECD_IR3TIB,0.048702,64.2626,64.7831,153.7178,154.443,155.222,2018-02-28,2018-03-29,PROXY_IMPORT_PARITY,,,False,NO_FREIGHT_DATA
2018-02-02,False,2228.0,2227.0,1.0,1077650,64.0574,False,ECB_CROSS,0.06,0.015,0.063779,0.014696,False,USD:UST13W|INR:OECD_IR3TIB,0.048702,64.2973,64.8181,154.4943,155.1962,155.9791,2018-02-28,2018-03-29,PROXY_IMPORT_PARITY,,,False,NO_FREIGHT_DATA
2018-02-05,False,2202.0,2203.0,-1.0,1075050,64.1025,False,ECB_CROSS,0.06,0.015,0.063779,0.014992,False,USD:UST13W|INR:OECD_IR3TIB,0.0484,64.3411,64.859,152.7989,153.413,154.1873,2018-02-28,2018-03-29,PROXY_IMPORT_PARITY,,,False,NO_FREIGHT_DATA
2018-02-06,False,2196.0,2195.0,1.0,1066225,64.2724,False,ECB_CROSS,0.06,0.015,0.063779,0.01509,False,USD:UST13W|INR:OECD_IR3TIB,0.048299,64.5112,65.0294,152.7864,153.3738,154.148,2018-02-28,2018-03-29,PROXY_IMPORT_PARITY,,,False,NO_FREIGHT_DATA
2018-02-07,False,2181.5,2179.0,2.5,1059875,64.245,False,ECB_CROSS,0.06,0.015,0.063779,0.015386,False,USD:UST13W|INR:OECD_IR3TIB,0.047997,64.4822,64.9969,151.7129,152.2696,153.0384,2018-02-28,2018-03-29,PROXY_IMPORT_PARITY,,,False,NO_FREIGHT_DATA
2018-02-08,False,2168.0,2163.0,5.0,1058175,64.2928,False,ECB_CROSS,0.06,0.015,0.063779,0.015386,False,USD:UST13W|INR:OECD_IR3TIB,0.047997,64.5301,65.0452,150.8862,151.4135,152.1781,2018-02-28,2018-03-29,PROXY_IMPORT_PARITY,,,False,NO_FREIGHT_DATA
2018-02-09,False,2142.0,2144.0,-2.0,1097100,64.3726,False,ECB_CROSS,0.06,0.015,0.063779,0.015386,False,USD:UST13W|INR:OECD_IR3TIB,0.047997,64.6102,65.126,149.2617,149.7573,150.5136,2018-02-28,2018-03-29,PROXY_IMPORT_PARITY,,,False,NO_FREIGHT_DATA
2018-02-12,False,2129.5,2130.0,-0.5,1116575,64.335,False,ECB_CROSS,0.06,0.015,0.063779,0.016175,False,USD:UST13W|INR:OECD_IR3TIB,0.047191,64.5685,65.0753,148.304,148.7186,149.4701,2018-02-28,2018-03-29,PROXY_IMPORT_PARITY,,,False,NO_FREIGHT_DATA
2018-02-13,False,2123.5,2133.5,-10.0,1275500,64.2771,False,ECB_CROSS,0.06,0.015,0.063779,0.015781,False,USD:UST13W|INR:OECD_IR3TIB,0.047594,64.5124,65.0231,147.753,148.1403,148.889,2018-02-28,2018-03-29,PROXY_IMPORT_PARITY,,,False,NO_FREIGHT_DATA
2018-02-14,False,2138.0,2141.0,-3.0,1272550,64.0723,False,ECB_CROSS,0.06,0.015,0.063779,0.015682,False,USD:UST13W|INR:OECD_IR3TIB,0.047694,64.3074,64.8175,148.288,148.6507,149.4022,2018-02-28,2018-03-29,PROXY_IMPORT_PARITY,,,False,NO_FREIGHT_DATA
2018-02-15,False,2164.0,2165.0,-1.0,1303825,63.915,False,ECB_CROSS,0.06,0.015,0.063779,0.015682,False,USD:UST13W|INR:OECD_IR3TIB,0.047694,64.1495,64.6583,149.7228,150.0629,150.8216,2018-02-28,2018-03-29,PROXY_IMPORT_PARITY,,,False,NO_FREIGHT_DATA
2018-02-16,False,2189.5,2180.5,9.0,1296450,64.2202,False,ECB_CROSS,0.06,0.015,0.063779,0.015978,False,USD:UST13W|INR:OECD_IR3TIB,0.047392,64.4543,64.9623,152.2105,152.5296,153.3009,2018-02-28,2018-03-29,PROXY_IMPORT_PARITY,,,False,NO_FREIGHT_DATA
2018-02-19,False,2266.0,2225.0,41.0,1295425,64.2526,False,ECB_CROSS,0.06,0.015,0.063779,0.015978,True,USD:UST13W|INR:OECD_IR3TIB,0.047392,64.4868,64.9951,157.6081,157.856,158.6546,2018-02-28,2018-03-29,PROXY_IMPORT_PARITY,,,False,NO_FREIGHT_DATA
2018-02-20,False,2239.0,2206.0,33.0,1308525,64.8323,False,ECB_CROSS,0.06,0.015,0.063779,0.016471,False,USD:UST13W|INR:OECD_IR3TIB,0.046888,65.0661,65.5735,157.1352,157.3548,158.1511,2018-02-28,2018-03-29,PROXY_IMPORT_PARITY,,,False,NO_FREIGHT_DATA
2018-02-21,False,2190.0,2176.0,14.0,1314500,64.7576,False,ECB_CROSS,0.06,0.015,0.063779,0.016274,False,USD:UST13W|INR:OECD_IR3TIB,0.04709,64.9921,65.5011,153.5192,153.707,154.4849,2018-02-28,2018-03-29,PROXY_IMPORT_PARITY,,,False,NO_FREIGHT_DATA
2018-02-22,False,2194.0,2182.0,12.0,1314225,65.0778,False,ECB_CROSS,0.06,0.015,0.063779,0.016175,False,USD:UST13W|INR:OECD_IR3TIB,0.047191,65.314,65.8266,154.5601,154.7221,155.5054,2018-02-28,2018-03-29,PROXY_IMPORT_PARITY,,,False,NO_FREIGHT_DATA
2018-02-23,False,2210.0,2165.5,44.5,1330875,64.7626,False,ECB_CROSS,0.06,0.015,0.063779,0.016175,False,USD:UST13W|INR:OECD_IR3TIB,0.047191,64.9977,65.5078,154.9332,155.0685,155.8537,2018-02-28,2018-03-29,PROXY_IMPORT_PARITY,,,False,NO_FREIGHT_DATA
2018-02-26,False,2188.5,2160.5,28.0,1326825,64.7752,False,ECB_CROSS,0.06,0.015,0.063779,0.01657,False,USD:UST13W|INR:OECD_IR3TIB,0.046788,65.0083,65.5141,153.4558,153.5094,154.287,2018-02-28,2018-03-29,PROXY_IMPORT_PARITY,,,False,NO_FREIGHT_DATA
2018-02-27,False,2172.5,2147.0,25.5,1318375,64.8752,False,ECB_CROSS,0.06,0.015,0.063779,0.016471,False,USD:UST13W|INR:OECD_IR3TIB,0.046888,65.1092,65.6169,152.569,152.5957,153.3688,2018-02-28,2018-03-29,PROXY_IMPORT_PARITY,,,False,NO_FREIGHT_DATA
2018-02-28,False,2158.5,2138.0,20.5,1324475,65.1899,False,ECB_CROSS,0.06,0.015,0.063779,0.016373,False,USD:UST13W|INR:OECD_IR3TIB,0.046989,65.4256,65.9369,152.3212,152.3212,153.093,2018-02-28,2018-03-29,PROXY_IMPORT_PARITY,,,False,NO_FREIGHT_DATA
2018-03-01,False,2143.0,2138.0,5.0,1322150,65.175,False,ECB_CROSS,0.06,0.015,0.062322,0.016077,False,USD:UST13W|INR:OECD_IR3TIB,0.045834,65.4294,65.9279,151.1928,151.9156,152.7417,2018-03-29,2018-04-30,PROXY_IMPORT_PARITY,,,False,NO_FREIGHT_DATA
2018-03-02,False,2144.0,2151.5,-7.5,1323050,65.2376,False,ECB_CROSS,0.06,0.015,0.062322,0.016274,False,USD:UST13W|INR:OECD_IR3TIB,0.045632,65.4911,65.9879,151.4086,152.1067,152.9339,2018-03-29,2018-04-30,PROXY_IMPORT_PARITY,,,False,NO_FREIGHT_DATA
2018-03-05,False,2135.0,2140.5,-5.5,1322575,65.1073,False,ECB_CROSS,0.06,0.015,0.062322,0.016767,False,USD:UST13W|INR:OECD_IR3TIB,0.045129,65.3575,65.8478,150.4719,151.0885,151.9107,2018-03-29,2018-04-30,PROXY_IMPORT_PARITY,,,False,NO_FREIGHT_DATA
2018-03-06,False,2136.0,2155.0,-19.0,1320700,64.9299,False,ECB_CROSS,0.06,0.015,0.062322,0.01657,False,USD:UST13W|INR:OECD_IR3TIB,0.04533,65.1806,65.6718,150.1322,150.7218,151.5421,2018-03-29,2018-04-30,PROXY_IMPORT_PARITY,,,False,NO_FREIGHT_DATA
2018-03-07,False,2112.5,2132.0,-19.5,1319300,64.8933,False,ECB_CROSS,0.06,0.015,0.062322,0.01657,False,USD:UST13W|INR:OECD_IR3TIB,0.04533,65.1438,65.6347,148.3968,148.9542,149.765,2018-03-29,2018-04-30,PROXY_IMPORT_PARITY,,,False,NO_FREIGHT_DATA
2018-03-08,False,2082.5,2104.0,-21.5,1315500,65.13,False,ECB_CROSS,0.06,0.015,0.062322,0.016471,False,USD:UST13W|INR:OECD_IR3TIB,0.045431,65.382,65.8758,146.823,147.3494,148.1516,2018-03-29,2018-04-30,PROXY_IMPORT_PARITY,,,False,NO_FREIGHT_DATA
2018-03-09,False,2078.5,2099.0,-20.5,1311725,65.1953,False,ECB_CROSS,0.06,0.015,0.062322,0.016471,False,USD:UST13W|INR:OECD_IR3TIB,0.045431,65.4475,65.9418,146.6879,147.1888,147.9903,2018-03-29,2018-04-30,PROXY_IMPORT_PARITY,,,False,NO_FREIGHT_DATA
2018-03-12,False,2097.0,2118.0,-21.0,1306400,65.0126,False,ECB_CROSS,0.06,0.015,0.062322,0.016866,False,USD:UST13W|INR:OECD_IR3TIB,0.045028,65.2619,65.7505,147.5788,148.0071,148.8135,2018-03-29,2018-04-30,PROXY_IMPORT_PARITY,,,False,NO_FREIGHT_DATA
2018-03-13,False,2080.0,2101.0,-21.0,1301700,64.8602,False,ECB_CROSS,0.06,0.015,0.062322,0.017063,False,USD:UST13W|INR:OECD_IR3TIB,0.044827,65.1079,65.5931,146.0392,146.4382,147.2361,2018-03-29,2018-04-30,PROXY_IMPORT_PARITY,,,False,NO_FREIGHT_DATA
2018-03-14,False,2096.0,2117.0,-21.0,1295625,64.8375,False,ECB_CROSS,0.06,0.015,0.062322,0.017359,False,USD:UST13W|INR:OECD_IR3TIB,0.044524,65.0834,65.5651,147.1111,147.4879,148.2917,2018-03-29,2018-04-30,PROXY_IMPORT_PARITY,,,False,NO_FREIGHT_DATA
2018-03-15,False,2062.5,2086.0,-23.5,1311900,64.9502,False,ECB_CROSS,0.06,0.015,0.062322,0.017458,False,USD:UST13W|INR:OECD_IR3TIB,0.044424,65.1959,65.6774,145.0115,145.3581,146.1504,2018-03-29,2018-04-30,PROXY_IMPORT_PARITY,,,False,NO_FREIGHT_DATA
2018-03-16,False,2069.0,2088.5,-19.5,1306150,64.9272,False,ECB_CROSS,0.06,0.015,0.062322,0.017556,False,USD:UST13W|INR:OECD_IR3TIB,0.044323,65.1724,65.6526,145.417,145.7397,146.5343,2018-03-29,2018-04-30,PROXY_IMPORT_PARITY,,,False,NO_FREIGHT_DATA
2018-03-19,False,2070.5,2092.0,-21.5,1293900,65.1925,False,ECB_CROSS,0.06,0.015,0.062322,0.017753,False,USD:UST13W|INR:OECD_IR3TIB,0.044122,65.4376,65.9176,146.117,146.3665,147.1649,2018-03-29,2018-04-30,PROXY_IMPORT_PARITY,,,False,NO_FREIGHT_DATA
2018-03-20,False,2073.0,2093.5,-20.5,1288675,65.1979,False,ECB_CROSS,0.06,0.015,0.062322,0.017852,False,USD:UST13W|INR:OECD_IR3TIB,0.044021,65.4424,65.9214,146.3056,146.5304,147.3298,2018-03-29,2018-04-30,PROXY_IMPORT_PARITY,,,False,NO_FREIGHT_DATA
2018-03-21,False,2056.5,2079.0,-22.5,1283025,65.21,False,ECB_CROSS,0.06,0.015,0.062322,0.017162,False,USD:UST13W|INR:OECD_IR3TIB,0.044726,65.4584,65.9451,145.168,145.3663,146.1594,2018-03-29,2018-04-30,PROXY_IMPORT_PARITY,,,False,NO_FREIGHT_DATA
2018-03-22,False,2059.0,2079.0,-20.0,1279025,65.1047,False,ECB_CROSS,0.06,0.0175,0.062322,0.016964,False,USD:UST13W|INR:OECD_IR3TIB,0.044927,65.3539,65.842,145.1097,145.2832,146.076,2018-03-29,2018-04-30,PROXY_IMPORT_PARITY,,,False,NO_FREIGHT_DATA
2018-03-23,False,2049.0,2072.0,-23.0,1276375,65.0049,False,ECB_CROSS,0.06,0.0175,0.062322,0.017162,False,USD:UST13W|INR:OECD_IR3TIB,0.044726,65.2525,65.7377,144.1836,144.3313,145.1191,2018-03-29,2018-04-30,PROXY_IMPORT_PARITY,,,False,NO_FREIGHT_DATA
2018-03-26,False,2022.0,2048.0,-26.0,1273150,64.8703,False,ECB_CROSS,0.06,0.0175,0.062322,0.017655,False,USD:UST13W|INR:OECD_IR3TIB,0.044222,65.1146,65.5934,141.9891,142.0618,142.8376,2018-03-29,2018-04-30,PROXY_IMPORT_PARITY,,,False,NO_FREIGHT_DATA
2018-03-27,False,2035.0,2056.0,-21.0,1268175,64.975,False,ECB_CROSS,0.06,0.0175,0.062322,0.017458,False,USD:UST13W|INR:OECD_IR3TIB,0.044424,65.2208,65.7025,143.1326,143.1815,143.9635,2018-03-29,2018-04-30,PROXY_IMPORT_PARITY,,,False,NO_FREIGHT_DATA
2018-03-28,False,2009.0,2029.0,-20.0,1261625,65.1722,False,ECB_CROSS,0.06,0.0175,0.062322,0.017063,False,USD:UST13W|INR:OECD_IR3TIB,0.044827,65.421,65.9086,141.7328,141.757,142.5314,2018-03-29,2018-04-30,PROXY_IMPORT_PARITY,,,False,NO_FREIGHT_DATA
2018-03-29,False,1997.0,2014.0,-17.0,1286300,65.17,False,ECB_CROSS,0.06,0.0175,0.062322,0.017063,False,USD:UST13W|INR:OECD_IR3TIB,0.044827,65.4189,65.9064,140.8814,140.8814,141.6512,2018-03-29,2018-04-30,PROXY_IMPORT_PARITY,,,False,NO_FREIGHT_DATA
2018-04-03,False,2010.0,2027.0,-17.0,1281475,65.0097,False,ECB_CROSS,0.06,0.0175,0.061288,0.01726,False,USD:UST13W|INR:OECD_IR3TIB,0.043598,65.2434,65.7164,141.4497,142.091,142.8273,2018-04-30,2018-05-31,PROXY_IMPORT_PARITY,,,False,NO_FREIGHT_DATA
2018-04-04,False,1972.0,1990.0,-18.0,1270350,65.1303,False,ECB_CROSS,0.06,0.0175,0.061288,0.016866,False,USD:UST13W|INR:OECD_IR3TIB,0.044,65.3665,65.8448,139.033,139.64,140.3637,2018-04-30,2018-05-31,PROXY_IMPORT_PARITY,,,False,NO_FREIGHT_DATA
2018-04-05,False,1969.0,1990.0,-21.0,1265350,64.9274,False,ECB_CROSS,0.06,0.0175,0.061288,0.016964,False,USD:UST13W|INR:OECD_IR3TIB,0.043899,65.1623,65.638,138.389,138.97,139.6903,2018-04-30,2018-05-31,PROXY_IMPORT_PARITY,,,False,NO_FREIGHT_DATA
2018-04-06,False,1967.0,1988.0,-21.0,1260900,64.9673,False,ECB_CROSS,0.06,0.0175,0.061288,0.017063,False,USD:UST13W|INR:OECD_IR3TIB,0.043799,65.2019,65.6767,138.3334,138.8909,139.6109,2018-04-30,2018-05-31,PROXY_IMPORT_PARITY,,,False,NO_FREIGHT_DATA
2018-04-09,False,2113.0,2122.0,-9.0,1254125,64.9825,False,ECB_CROSS,0.06,0.0175,0.061288,0.017359,False,USD:UST13W|INR:OECD_IR3TIB,0.043497,65.2155,65.6872,148.6359,149.16,149.9337,2018-04-30,2018-05-31,PROXY_IMPORT_PARITY,,,False,NO_FREIGHT_DATA
2018-04-10,False,2171.5,2175.0,-3.5,1249575,64.9927,False,ECB_CROSS,0.06,0.0175,0.061288,0.017162,False,USD:UST13W|INR:OECD_IR3TIB,0.043698,65.2268,65.7008,152.775,153.2881,154.0833,2018-04-30,2018-05-31,PROXY_IMPORT_PARITY,,,False,NO_FREIGHT_DATA
2018-04-11,False,2253.0,2245.0,8.0,1250775,65.3048,False,ECB_CROSS,0.06,0.0175,0.061288,0.017063,False,USD:UST13W|INR:OECD_IR3TIB,0.043799,65.5406,66.0179,159.2701,159.7782,160.6073,2018-04-30,2018-05-31,PROXY_IMPORT_PARITY,,,False,NO_FREIGHT_DATA
2018-04-12,False,2220.5,2212.0,8.5,1345225,65.2576,False,ECB_CROSS,0.06,0.0175,0.061288,0.01726,False,USD:UST13W|INR:OECD_IR3TIB,0.043598,65.4922,65.967,156.8591,157.3332,158.1497,2018-04-30,2018-05-31,PROXY_IMPORT_PARITY,,,False,NO_FREIGHT_DATA
2018-04-13,False,2325.0,2303.5,21.5,1345175,65.2074,False,ECB_CROSS,0.06,0.0175,0.061288,0.017359,False,USD:UST13W|INR:OECD_IR3TIB,0.043497,65.4412,65.9146,164.1148,164.5833,165.4375,2018-04-30,2018-05-31,PROXY_IMPORT_PARITY,,,False,NO_FREIGHT_DATA
2018-04-16,False,2358.5,2349.0,9.5,1360275,65.4951,False,ECB_CROSS,0.06,0.0175,0.061288,0.017655,False,USD:UST13W|INR:OECD_IR3TIB,0.043195,65.7284,66.2005,167.214,167.6071,168.4775,2018-04-30,2018-05-31,PROXY_IMPORT_PARITY,,,False,NO_FREIGHT_DATA
2018-04-17,False,2375.5,2372.0,3.5,1412400,65.6373,False,ECB_CROSS,0.06,0.0175,0.061288,0.017753,False,USD:UST13W|INR:OECD_IR3TIB,0.043094,65.8705,66.3425,168.7849,169.1534,170.0319,2018-04-30,2018-05-31,PROXY_IMPORT_PARITY,,,False,NO_FREIGHT_DATA
2018-04-18,False,2528.5,2523.0,5.5,1412500,65.6652,False,ECB_CROSS,0.06,0.0175,0.061288,0.017852,False,USD:UST13W|INR:OECD_IR3TIB,0.042994,65.8979,66.369,179.7323,180.0945,181.03,2018-04-30,2018-05-31,PROXY_IMPORT_PARITY,,,False,NO_FREIGHT_DATA
2018-04-19,False,2602.5,2587.0,15.5,1404350,65.7874,False,ECB_CROSS,0.06,0.0175,0.061288,0.017951,False,USD:UST13W|INR:OECD_IR3TIB,0.042893,66.0201,66.491,185.3367,185.679,186.6437,2018-04-30,2018-05-31,PROXY_IMPORT_PARITY,,,False,NO_FREIGHT_DATA
2018-04-20,False,2463.0,2450.0,13.0,1395550,66.1223,False,ECB_CROSS,0.06,0.0175,0.061288,0.017852,False,USD:UST13W|INR:OECD_IR3TIB,0.042994,66.3567,66.8311,176.2951,176.5911,177.5088,2018-04-30,2018-05-31,PROXY_IMPORT_PARITY,,,False,NO_FREIGHT_DATA
2018-04-23,False,2452.0,2439.0,13.0,1385025,66.4198,False,ECB_CROSS,0.06,0.0175,0.061288,0.018444,False,USD:UST13W|INR:OECD_IR3TIB,0.04239,66.6519,67.1217,176.2974,176.5046,177.4223,2018-04-30,2018-05-31,PROXY_IMPORT_PARITY,,,False,NO_FREIGHT_DATA
2018-04-24,False,2222.0,2223.0,-1.0,1378350,66.3854,False,ECB_CROSS,0.06,0.0175,0.061288,0.018444,False,USD:UST13W|INR:OECD_IR3TIB,0.04239,66.6174,67.087,159.6778,159.8387,160.6698,2018-04-30,2018-05-31,PROXY_IMPORT_PARITY,,,False,NO_FREIGHT_DATA
2018-04-25,False,2248.0,2239.0,9.0,1372500,66.9754,False,ECB_CROSS,0.06,0.0175,0.061288,0.018247,False,USD:UST13W|INR:OECD_IR3TIB,0.042591,67.2106,67.6866,162.982,163.1188,163.9672,2018-04-30,2018-05-31,PROXY_IMPORT_PARITY,,,False,NO_FREIGHT_DATA
2018-04-26,False,2204.0,2206.0,-2.0,1362750,66.7521,False,ECB_CROSS,0.06,0.0175,0.061288,0.017951,False,USD:UST13W|INR:OECD_IR3TIB,0.042893,66.9882,67.466,159.2592,159.3661,160.1951,2018-04-30,2018-05-31,PROXY_IMPORT_PARITY,,,False,NO_FREIGHT_DATA
2018-04-27,False,2249.0,2248.0,1.0,1349950,66.6649,False,ECB_CROSS,0.06,0.0175,0.061288,0.017852,False,USD:UST13W|INR:OECD_IR3TIB,0.042994,66.9012,67.3795,162.2985,162.3803,163.2251,2018-04-30,2018-05-31,PROXY_IMPORT_PARITY,,,False,NO_FREIGHT_DATA
2018-04-30,False,2224.0,2226.0,-2.0,1341375,66.3701,False,ECB_CROSS,0.06,0.0175,0.061288,0.018444,False,USD:UST13W|INR:OECD_IR3TIB,0.04239,66.6021,67.0716,159.7847,159.7847,160.6164,2018-04-30,2018-05-31,PROXY_IMPORT_PARITY,,,False,NO_FREIGHT_DATA
2018-05-01,False,2258.0,2238.0,20.0,1325725,66.3701,True,ECB_CROSS,0.06,0.0175,0.061288,0.018444,True,USD:UST13W|INR:OECD_IR3TIB,0.04239,66.6021,67.0716,162.2274,163.0446,163.8346,2018-05-31,2018-06-29,PROXY_IMPORT_PARITY,,,False,NO_FREIGHT_DATA
2018-05-02,False,2269.0,2270.0,-1.0,1323425,66.6657,False,ECB_CROSS,0.06,0.0175,0.063046,0.018148,False,USD:UST13W|INR:OECD_IR3TIB,0.04444,66.9181,67.4124,163.7438,164.564,165.3842,2018-05-31,2018-06-29,PROXY_IMPORT_PARITY,,,False,NO_FREIGHT_DATA
2018-05-03,False,2349.0,2342.0,7.0,1319300,66.6248,False,ECB_CROSS,0.06,0.0175,0.063046,0.018049,False,USD:UST13W|INR:OECD_IR3TIB,0.04454,66.8776,67.3728,169.413,170.2324,171.081,2018-05-31,2018-06-29,PROXY_IMPORT_PARITY,,,False,NO_FREIGHT_DATA
2018-05-04,False,2316.0,2307.0,9.0,1310650,66.8619,False,ECB_CROSS,0.06,0.0175,0.063046,0.018049,False,USD:UST13W|INR:OECD_IR3TIB,0.04454,67.1156,67.6125,167.6275,168.4092,169.2489,2018-05-31,2018-06-29,PROXY_IMPORT_PARITY,,,False,NO_FREIGHT_DATA
2018-05-08,False,2384.0,2363.0,21.0,1297550,67.0851,False,ECB_CROSS,0.06,0.0175,0.063046,0.018444,False,USD:UST13W|INR:OECD_IR3TIB,0.044138,67.3374,67.8314,173.1252,173.813,174.6802,2018-05-31,2018-06-29,PROXY_IMPORT_PARITY,,,False,NO_FREIGHT_DATA
2018-05-09,False,2295.0,2281.0,14.0,1276450,67.2624,False,ECB_CROSS,0.06,0.0175,0.063046,0.018542,False,USD:UST13W|INR:OECD_IR3TIB,0.044037,67.5148,68.009,167.1025,167.7375,168.5745,2018-05-31,2018-06-29,PROXY_IMPORT_PARITY,,,False,NO_FREIGHT_DATA
2018-05-10,False,2327.0,2325.5,1.5,1265175,67.2592,False,ECB_CROSS,0.06,0.0175,0.063046,0.018641,False,USD:UST13W|INR:OECD_IR3TIB,0.043936,67.511,68.0041,169.4244,170.039,170.8876,2018-05-31,2018-06-29,PROXY_IMPORT_PARITY,,,False,NO_FREIGHT_DATA
2018-05-11,False,2273.5,2275.0,-1.5,1264250,67.337,False,ECB_CROSS,0.06,0.0175,0.063046,0.018838,False,USD:UST13W|INR:OECD_IR3TIB,0.043735,67.5879,68.0793,165.7206,166.2931,167.1233,2018-05-31,2018-06-29,PROXY_IMPORT_PARITY,,,False,NO_FREIGHT_DATA
2018-05-14,False,2285.5,2296.0,-10.5,1259300,67.5296,False,ECB_CROSS,0.06,0.0175,0.063046,0.019134,False,USD:UST13W|INR:OECD_IR3TIB,0.043433,67.7795,68.2689,167.0719,167.5624,168.3993,2018-05-31,2018-06-29,PROXY_IMPORT_PARITY,,,False,NO_FREIGHT_DATA
2018-05-15,False,2313.0,2310.5,2.5,1247100,68.0569,False,ECB_CROSS,0.06,0.0175,0.063046,0.019036,False,USD:UST13W|INR:OECD_IR3TIB,0.043534,68.3093,68.8037,170.4024,170.8733,171.7269,2018-05-31,2018-06-29,PROXY_IMPORT_PARITY,,,False,NO_FREIGHT_DATA
2018-05-16,False,2319.5,2312.5,7.0,1243175,67.7974,False,ECB_CROSS,0.06,0.0175,0.063046,0.018937,False,USD:UST13W|INR:OECD_IR3TIB,0.043635,68.0495,68.5431,170.2297,170.6707,171.5235,2018-05-31,2018-06-29,PROXY_IMPORT_PARITY,,,False,NO_FREIGHT_DATA
2018-05-17,False,2280.0,2260.5,19.5,1249450,67.7378,False,ECB_CROSS,0.06,0.0175,0.063046,0.018937,False,USD:UST13W|INR:OECD_IR3TIB,0.043635,67.9897,68.4828,167.1837,167.5879,168.4254,2018-05-31,2018-06-29,PROXY_IMPORT_PARITY,,,False,NO_FREIGHT_DATA
2018-05-18,False,2297.0,2293.5,3.5,1243850,68.0006,False,ECB_CROSS,0.06,0.0175,0.063046,0.01874,False,USD:UST13W|INR:OECD_IR3TIB,0.043836,68.2546,68.7519,169.0837,169.4633,170.3103,2018-05-31,2018-06-29,PROXY_IMPORT_PARITY,,,False,NO_FREIGHT_DATA
2018-05-21,False,2278.5,2280.0,-1.5,1234575,68.1418,False,ECB_CROSS,0.06,0.0175,0.063046,0.019134,False,USD:UST13W|INR:OECD_IR3TIB,0.043433,68.394,68.8878,168.0701,168.3604,169.2023,2018-05-31,2018-06-29,PROXY_IMPORT_PARITY,,,False,NO_FREIGHT_DATA
2018-05-22,False,2265.5,2274.0,-8.5,1232775,68.0096,False,ECB_CROSS,0.06,0.0175,0.063046,0.019134,False,USD:UST13W|INR:OECD_IR3TIB,0.043433,68.2613,68.7541,166.787,167.0463,167.8817,2018-05-31,2018-06-29,PROXY_IMPORT_PARITY,,,False,NO_FREIGHT_DATA
2018-05-23,False,2227.0,2240.5,-13.5,1231000,68.4195,False,ECB_CROSS,0.06,0.0175,0.063046,0.018937,False,USD:UST13W|INR:OECD_IR3TIB,0.043635,68.6738,69.172,164.9408,165.1687,165.9949,2018-05-31,2018-06-29,PROXY_IMPORT_PARITY,,,False,NO_FREIGHT_DATA
2018-05-24,False,2271.0,2271.0,0.0,1227900,68.3774,False,ECB_CROSS,0.06,0.0175,0.063046,0.01874,False,USD:UST13W|INR:OECD_IR3TIB,0.043836,68.6328,69.1329,168.0961,168.2993,169.1414,2018-05-31,2018-06-29,PROXY_IMPORT_PARITY,,,False,NO_FREIGHT_DATA
2018-05-25,False,2282.0,2285.0,-3.0,1222850,67.7949,False,ECB_CROSS,0.06,0.0175,0.063046,0.018641,False,USD:UST13W|INR:OECD_IR3TIB,0.043936,68.0486,68.5456,167.4714,167.6449,168.4838,2018-05-31,2018-06-29,PROXY_IMPORT_PARITY,,,False,NO_FREIGHT_DATA
2018-05-29,False,2260.0,2263.0,-3.0,1219250,67.837,False,ECB_CROSS,0.06,0.0175,0.063046,0.019134,False,USD:UST13W|INR:OECD_IR3TIB,0.043433,68.088,68.5796,165.9598,166.0172,166.8485,2018-05-31,2018-06-29,PROXY_IMPORT_PARITY,,,False,NO_FREIGHT_DATA
2018-05-30,False,2265.5,2272.5,-7.0,1210300,67.39,False,ECB_CROSS,0.06,0.0175,0.063046,0.019134,False,USD:UST13W|INR:OECD_IR3TIB,0.043433,67.6394,68.1277,165.2675,165.296,166.1239,2018-05-31,2018-06-29,PROXY_IMPORT_PARITY,,,False,NO_FREIGHT_DATA
2018-05-31,False,2285.5,2286.0,-0.5,1205875,67.3579,False,ECB_CROSS,0.06,0.0175,0.063046,0.019036,False,USD:UST13W|INR:OECD_IR3TIB,0.043534,67.5997,68.097,166.6471,166.6471,167.4818,2018-05-31,2018-06-29,PROXY_IMPORT_PARITY,,,False,NO_FREIGHT_DATA
2018-06-01,False,2271.0,2271.0,0.0,1206375,67.1129,False,ECB_CROSS,0.06,0.0175,0.062804,0.018838,False,USD:UST13W|INR:OECD_IR3TIB,0.043495,67.3536,67.8486,164.9875,165.7824,166.6908,2018-06-29,2018-07-31,PROXY_IMPORT_PARITY,,,False,NO_FREIGHT_DATA
2018-06-04,False,2324.5,2321.0,3.5,1199150,67.0631,False,ECB_CROSS,0.06,0.0175,0.062804,0.019233,False,USD:UST13W|INR:OECD_IR3TIB,0.043093,67.3014,67.7916,168.749,169.4748,170.404,2018-06-29,2018-07-31,PROXY_IMPORT_PARITY,,,False,NO_FREIGHT_DATA
2018-06-05,False,2314.5,2315.5,-1.0,1192100,67.1499,False,ECB_CROSS,0.06,0.0175,0.062804,0.019233,False,USD:UST13W|INR:OECD_IR3TIB,0.043093,67.3885,67.8793,168.2405,168.9352,169.8616,2018-06-29,2018-07-31,PROXY_IMPORT_PARITY,,,False,NO_FREIGHT_DATA
2018-06-06,False,2317.5,2323.0,-5.5,1186350,66.9197,False,ECB_CROSS,0.0625,0.0175,0.065304,0.019233,False,USD:UST13W|INR:OECD_IR3TIB,0.04558,67.1712,67.6885,167.881,168.5719,169.533,2018-06-29,2018-07-31,PROXY_IMPORT_PARITY,,,False,NO_FREIGHT_DATA
2018-06-07,False,2331.0,2337.0,-6.0,1180175,67.1156,False,ECB_CROSS,0.0625,0.0175,0.065304,0.019134,False,USD:UST13W|INR:OECD_IR3TIB,0.045681,67.3684,67.8884,169.3533,170.0199,170.9895,2018-06-29,2018-07-31,PROXY_IMPORT_PARITY,,,False,NO_FREIGHT_DATA
2018-06-08,False,2287.5,2299.5,-12.0,1175225,67.5021,False,ECB_CROSS,0.0625,0.0175,0.065304,0.019036,False,USD:UST13W|INR:OECD_IR3TIB,0.045782,67.757,68.2811,167.15,167.778,168.735,2018-06-29,2018-07-31,PROXY_IMPORT_PARITY,,,False,NO_FREIGHT_DATA
2018-06-11,False,2300.0,2297.0,3.0,1168975,67.4283,False,ECB_CROSS,0.0625,0.0175,0.065304,0.019233,False,USD:UST13W|INR:OECD_IR3TIB,0.04558,67.6818,68.203,167.8796,168.4203,169.3814,2018-06-29,2018-07-31,PROXY_IMPORT_PARITY,,,False,NO_FREIGHT_DATA
2018-06-12,False,2309.0,2310.5,-1.5,1162650,67.4427,False,ECB_CROSS,0.0625,0.0175,0.065304,0.019036,False,USD:UST13W|INR:OECD_IR3TIB,0.045782,67.6973,68.221,168.5725,169.0852,170.0504,2018-06-29,2018-07-31,PROXY_IMPORT_PARITY,,,False,NO_FREIGHT_DATA
2018-06-13,False,2278.0,2276.0,2.0,1153875,67.608,False,ECB_CROSS,0.0625,0.0175,0.065304,0.019134,False,USD:UST13W|INR:OECD_IR3TIB,0.045681,67.8626,68.3864,166.7169,167.1942,168.1487,2018-06-29,2018-07-31,PROXY_IMPORT_PARITY,,,False,NO_FREIGHT_DATA
2018-06-14,False,2277.5,2266.5,11.0,1148000,67.598,False,ECB_CROSS,0.0625,0.02,0.065304,0.019134,False,USD:UST13W|INR:OECD_IR3TIB,0.045681,67.8527,68.3764,166.6557,167.1029,168.0571,2018-06-29,2018-07-31,PROXY_IMPORT_PARITY,,,False,NO_FREIGHT_DATA
2018-06-15,False,2239.5,2233.0,6.5,1142600,68.0153,False,ECB_CROSS,0.0625,0.02,0.065304,0.019134,False,USD:UST13W|INR:OECD_IR3TIB,0.045681,68.2715,68.7984,164.8867,165.2997,166.2437,2018-06-29,2018-07-31,PROXY_IMPORT_PARITY,,,False,NO_FREIGHT_DATA
2018-06-18,False,2220.5,2215.5,5.0,1139575,68.0397,False,ECB_CROSS,0.0625,0.02,0.065304,0.019233,False,USD:UST13W|INR:OECD_IR3TIB,0.04558,68.2954,68.8214,163.5464,163.8683,164.8047,2018-06-29,2018-07-31,PROXY_IMPORT_PARITY,,,False,NO_FREIGHT_DATA
2018-06-19,False,2179.0,2179.0,0.0,1136925,68.3778,False,ECB_CROSS,0.0625,0.02,0.065304,0.019233,False,USD:UST13W|INR:OECD_IR3TIB,0.04558,68.6349,69.1634,161.2873,161.5759,162.4993,2018-06-29,2018-07-31,PROXY_IMPORT_PARITY,,,False,NO_FREIGHT_DATA
2018-06-20,False,2179.0,2176.5,2.5,1132475,68.1119,False,ECB_CROSS,0.0625,0.02,0.065304,0.019134,False,USD:UST13W|INR:OECD_IR3TIB,0.045681,68.3685,68.8962,160.6601,160.9188,161.8387,2018-06-29,2018-07-31,PROXY_IMPORT_PARITY,,,False,NO_FREIGHT_DATA
2018-06-21,False,2167.0,2166.0,1.0,1131100,67.962,False,ECB_CROSS,0.0625,0.02,0.065304,0.019134,False,USD:UST13W|INR:OECD_IR3TIB,0.045681,68.218,68.7445,159.4237,159.6519,160.5647,2018-06-29,2018-07-31,PROXY_IMPORT_PARITY,,,False,NO_FREIGHT_DATA
2018-06-22,False,2166.0,2172.0,-6.0,1128325,67.8486,False,ECB_CROSS,0.0625,0.02,0.065304,0.019036,False,USD:UST13W|INR:OECD_IR3TIB,0.045782,68.1047,68.6315,159.0843,159.2835,160.1943,2018-06-29,2018-07-31,PROXY_IMPORT_PARITY,,,False,NO_FREIGHT_DATA
2018-06-25,False,2172.0,2167.0,5.0,1123700,68.0726,False,ECB_CROSS,0.0625,0.02,0.065304,0.019134,False,USD:UST13W|INR:OECD_IR3TIB,0.045681,68.3291,68.8564,160.0516,160.1662,161.0825,2018-06-29,2018-07-31,PROXY_IMPORT_PARITY,,,False,NO_FREIGHT_DATA
2018-06-26,False,2152.0,2143.0,9.0,1122425,68.2912,False,ECB_CROSS,0.0625,0.02,0.065304,0.019134,False,USD:UST13W|INR:OECD_IR3TIB,0.045681,68.5485,69.0775,159.0871,159.1725,160.0833,2018-06-29,2018-07-31,PROXY_IMPORT_PARITY,,,False,NO_FREIGHT_DATA
2018-06-27,False,2204.5,2198.0,6.5,1117475,68.6071,False,ECB_CROSS,0.0625,0.02,0.065304,0.019036,False,USD:UST13W|INR:OECD_IR3TIB,0.045782,68.8661,69.3988,163.722,163.7806,164.718,2018-06-29,2018-07-31,PROXY_IMPORT_PARITY,,,False,NO_FREIGHT_DATA
2018-06-28,False,2173.0,2155.0,18.0,1112025,68.7931,False,ECB_CROSS,0.0625,0.02,0.065304,0.019036,False,USD:UST13W|INR:OECD_IR3TIB,0.045782,69.0528,69.5869,161.8201,161.8491,162.7755,2018-06-29,2018-07-31,PROXY_IMPORT_PARITY,,,False,NO_FREIGHT_DATA
2018-06-29,False,2183.0,2160.0,23.0,1114125,68.462,False,ECB_CROSS,0.0625,0.02,0.065304,0.019036,False,USD:UST13W|INR:OECD_IR3TIB,0.045782,68.7205,69.252,161.7824,161.7824,162.7086,2018-06-29,2018-07-31,PROXY_IMPORT_PARITY,,,False,NO_FREIGHT_DATA
2018-07-02,False,2153.0,2129.5,23.5,1107400,68.795,False,ECB_CROSS,0.0625,0.02,0.06553,0.019627,False,USD:UST13W|INR:OECD_IR3TIB,0.045402,69.0612,69.5823,160.3352,161.17,162.0623,2018-07-31,2018-08-31,PROXY_IMPORT_PARITY,,,False,NO_FREIGHT_DATA
2018-07-03,False,2165.0,2133.0,32.0,1108900,68.5221,False,ECB_CROSS,0.0625,0.02,0.06553,0.019529,False,USD:UST13W|INR:OECD_IR3TIB,0.045503,68.7878,69.308,160.5893,161.3965,162.2903,2018-07-31,2018-08-31,PROXY_IMPORT_PARITY,,,False,NO_FREIGHT_DATA
2018-07-04,False,2120.5,2100.0,20.5,1104600,68.7399,False,ECB_CROSS,0.0625,0.02,0.06553,0.019529,True,USD:UST13W|INR:OECD_IR3TIB,0.045503,69.0064,69.5283,157.7884,158.5533,159.4315,2018-07-31,2018-08-31,PROXY_IMPORT_PARITY,,,False,NO_FREIGHT_DATA
2018-07-05,False,2127.0,2101.0,26.0,1106600,68.947,False,ECB_CROSS,0.0625,0.02,0.06553,0.019332,False,USD:UST13W|INR:OECD_IR3TIB,0.045704,69.2155,69.7412,158.7489,159.4899,160.3735,2018-07-31,2018-08-31,PROXY_IMPORT_PARITY,,,False,NO_FREIGHT_DATA
2018-07-06,False,2098.5,2072.0,26.5,1105975,68.8724,False,ECB_CROSS,0.0625,0.02,0.06553,0.01943,False,USD:UST13W|INR:OECD_IR3TIB,0.045604,69.14,69.6641,156.4524,157.1546,158.0253,2018-07-31,2018-08-31,PROXY_IMPORT_PARITY,,,False,NO_FREIGHT_DATA
2018-07-09,False,2135.5,2106.0,29.5,1115250,68.6729,False,ECB_CROSS,0.0625,0.02,0.06553,0.019627,False,USD:UST13W|INR:OECD_IR3TIB,0.045402,68.9386,69.4588,158.7497,159.3767,160.2602,2018-07-31,2018-08-31,PROXY_IMPORT_PARITY,,,False,NO_FREIGHT_DATA
2018-07-10,False,2140.5,2109.5,31.0,1116550,68.8269,False,ECB_CROSS,0.0625,0.02,0.06553,0.019627,False,USD:UST13W|INR:OECD_IR3TIB,0.045402,69.0932,69.6146,159.4782,160.0795,160.9671,2018-07-31,2018-08-31,PROXY_IMPORT_PARITY,,,False,NO_FREIGHT_DATA
2018-07-11,False,2120.5,2079.0,41.5,1120525,68.7725,False,ECB_CROSS,0.0625,0.02,0.06553,0.01943,False,USD:UST13W|INR:OECD_IR3TIB,0.045604,69.0397,69.563,157.8632,158.4301,159.3087,2018-07-31,2018-08-31,PROXY_IMPORT_PARITY,,,False,NO_FREIGHT_DATA
2018-07-12,False,2104.5,2057.0,47.5,1134600,68.5199,False,ECB_CROSS,0.0625,0.02,0.06553,0.019529,False,USD:UST13W|INR:OECD_IR3TIB,0.045503,68.7856,69.3058,156.0966,156.6291,157.4979,2018-07-31,2018-08-31,PROXY_IMPORT_PARITY,,,False,NO_FREIGHT_DATA
2018-07-13,False,2102.0,2051.5,50.5,1144700,68.4806,False,ECB_CROSS,0.0625,0.02,0.06553,0.019529,False,USD:UST13W|INR:OECD_IR3TIB,0.045503,68.7462,69.2661,155.8218,156.3253,157.1926,2018-07-31,2018-08-31,PROXY_IMPORT_PARITY,,,False,NO_FREIGHT_DATA
2018-07-16,False,2130.0,2062.0,68.0,1155700,68.5593,False,ECB_CROSS,0.0625,0.02,0.06553,0.019923,False,USD:UST13W|INR:OECD_IR3TIB,0.0451,68.8228,69.3387,158.0789,158.5046,159.3844,2018-07-31,2018-08-31,PROXY_IMPORT_PARITY,,,False,NO_FREIGHT_DATA
2018-07-17,False,2110.0,2065.0,45.0,1175075,68.4552,False,ECB_CROSS,0.0625,0.02,0.06553,0.019923,False,USD:UST13W|INR:OECD_IR3TIB,0.0451,68.7183,69.2334,156.3568,156.7498,157.62,2018-07-31,2018-08-31,PROXY_IMPORT_PARITY,,,False,NO_FREIGHT_DATA
2018-07-18,False,2040.0,2025.0,15.0,1198875,68.628,False,ECB_CROSS,0.0625,0.02,0.06553,0.019726,False,USD:UST13W|INR:OECD_IR3TIB,0.045302,68.893,69.4117,151.5512,151.9049,152.7484,2018-07-31,2018-08-31,PROXY_IMPORT_PARITY,,,False,NO_FREIGHT_DATA
2018-07-19,False,2062.0,2025.0,37.0,1203975,69.0503,False,ECB_CROSS,0.0625,0.02,0.06553,0.019726,False,USD:UST13W|INR:OECD_IR3TIB,0.045302,69.3169,69.8388,154.1282,154.4603,155.3181,2018-07-31,2018-08-31,PROXY_IMPORT_PARITY,,,False,NO_FREIGHT_DATA
2018-07-20,False,2075.0,2031.0,44.0,1208400,68.8269,False,ECB_CROSS,0.0625,0.02,0.06553,0.019627,False,USD:UST13W|INR:OECD_IR3TIB,0.045402,69.0932,69.6146,154.5981,154.9034,155.7639,2018-07-31,2018-08-31,PROXY_IMPORT_PARITY,,,False,NO_FREIGHT_DATA
2018-07-23,False,2130.0,2077.0,53.0,1209275,68.8571,False,ECB_CROSS,0.0625,0.02,0.06553,0.019726,False,USD:UST13W|INR:OECD_IR3TIB,0.045302,69.1229,69.6434,158.7655,158.9936,159.8772,2018-07-31,2018-08-31,PROXY_IMPORT_PARITY,,,False,NO_FREIGHT_DATA
2018-07-24,False,2082.0,2097.0,-15.0,1212125,68.9475,False,ECB_CROSS,0.0625,0.02,0.06553,0.019923,False,USD:UST13W|INR:OECD_IR3TIB,0.0451,69.2125,69.7313,155.3915,155.5867,156.4516,2018-07-31,2018-08-31,PROXY_IMPORT_PARITY,,,False,NO_FREIGHT_DATA
2018-07-25,False,2056.5,2074.0,-17.5,1209225,68.7459,False,ECB_CROSS,0.0625,0.02,0.06553,0.019825,False,USD:UST13W|INR:OECD_IR3TIB,0.045201,69.0107,69.5292,153.0395,153.2043,154.0561,2018-07-31,2018-08-31,PROXY_IMPORT_PARITY,,,False,NO_FREIGHT_DATA
2018-07-26,False,2054.0,2065.5,-11.5,1207600,68.6651,False,ECB_CROSS,0.0625,0.02,0.06553,0.019627,False,USD:UST13W|INR:OECD_IR3TIB,0.045402,68.9307,69.4509,152.6738,152.8108,153.6605,2018-07-31,2018-08-31,PROXY_IMPORT_PARITY,,,False,NO_FREIGHT_DATA
2018-07-27,False,2055.0,2069.0,-14.0,1200025,68.6852,False,ECB_CROSS,0.0625,0.02,0.06553,0.019726,False,USD:UST13W|INR:OECD_IR3TIB,0.045302,68.9503,69.4694,152.7928,152.9025,153.7529,2018-07-31,2018-08-31,PROXY_IMPORT_PARITY,,,False,NO_FREIGHT_DATA
2018-07-30,False,2054.0,2074.0,-20.0,1198250,68.6379,False,ECB_CROSS,0.0625,0.02,0.06553,0.020219,False,USD:UST13W|INR:OECD_IR3TIB,0.044799,68.8999,69.4129,152.6133,152.6407,153.4901,2018-07-31,2018-08-31,PROXY_IMPORT_PARITY,,,False,NO_FREIGHT_DATA
2018-07-31,False,2061.0,2076.0,-15.0,1196300,68.5451,False,ECB_CROSS,0.0625,0.02,0.06553,0.020022,False,USD:UST13W|INR:OECD_IR3TIB,0.045,68.8079,69.3225,152.9263,152.9263,153.7775,2018-07-31,2018-08-31,PROXY_IMPORT_PARITY,,,False,NO_FREIGHT_DATA
2018-08-01,False,2036.0,2057.5,-21.5,1195150,68.3742,False,ECB_CROSS,0.065,0.02,0.067623,0.020022,False,USD:UST13W|INR:OECD_IR3TIB,0.047082,68.6486,69.1857,150.6947,151.5323,152.314,2018-08-31,2018-09-28,PROXY_IMPORT_PARITY,,,False,NO_FREIGHT_DATA
2018-08-02,False,2023.0,2047.0,-24.0,1192075,68.6851,False,ECB_CROSS,0.065,0.02,0.067623,0.019923,False,USD:UST13W|INR:OECD_IR3TIB,0.047183,68.9613,69.502,150.4133,151.2215,152.0017,2018-08-31,2018-09-28,PROXY_IMPORT_PARITY,,,False,NO_FREIGHT_DATA
2018-08-03,False,2016.0,2041.0,-25.0,1185275,68.6158,False,ECB_CROSS,0.065,0.02,0.067623,0.019825,False,USD:UST13W|INR:OECD_IR3TIB,0.047284,68.8923,69.4336,149.7416,150.5184,151.2952,2018-08-31,2018-09-28,PROXY_IMPORT_PARITY,,,False,NO_FREIGHT_DATA
2018-08-06,False,2000.5,2028.0,-27.5,1177550,68.8642,False,ECB_CROSS,0.065,0.02,0.067623,0.020318,False,USD:UST13W|INR:OECD_IR3TIB,0.046781,69.1388,69.6762,149.1283,149.819,150.5926,2018-08-31,2018-09-28,PROXY_IMPORT_PARITY,,,False,NO_FREIGHT_DATA
2018-08-07,False,2026.5,2053.0,-26.5,1170300,68.6821,False,ECB_CROSS,0.065,0.02,0.067623,0.020318,False,USD:UST13W|INR:OECD_IR3TIB,0.046781,68.9559,69.492,150.667,151.3369,152.1185,2018-08-31,2018-09-28,PROXY_IMPORT_PARITY,,,False,NO_FREIGHT_DATA
2018-08-08,False,2022.0,2045.0,-23.0,1162750,68.625,False,ECB_CROSS,0.065,0.02,0.067623,0.020318,False,USD:UST13W|INR:OECD_IR3TIB,0.046781,68.8986,69.4342,150.2074,150.8475,151.6267,2018-08-31,2018-09-28,PROXY_IMPORT_PARITY,,,False,NO_FREIGHT_DATA
2018-08-09,False,2118.0,2138.0,-20.0,1154050,68.647,False,ECB_CROSS,0.065,0.02,0.067623,0.020318,False,USD:UST13W|INR:OECD_IR3TIB,0.046781,68.9207,69.4565,157.3894,158.0309,158.8473,2018-08-31,2018-09-28,PROXY_IMPORT_PARITY,,,False,NO_FREIGHT_DATA
2018-08-10,False,2039.0,2061.0,-22.0,1149825,68.8303,False,ECB_CROSS,0.065,0.02,0.067623,0.020219,False,USD:UST13W|INR:OECD_IR3TIB,0.046881,69.1053,69.6436,151.9234,152.5145,153.3026,2018-08-31,2018-09-28,PROXY_IMPORT_PARITY,,,False,NO_FREIGHT_DATA
2018-08-13,False,2052.0,2077.0,-25.0,1140900,70.0171,False,ECB_CROSS,0.065,0.02,0.067623,0.020416,False,USD:UST13W|INR:OECD_IR3TIB,0.04668,70.2956,70.8409,155.5283,156.0469,156.8538,2018-08-31,2018-09-28,PROXY_IMPORT_PARITY,,,False,NO_FREIGHT_DATA
2018-08-14,False,2038.0,2064.0,-26.0,1135925,69.9031,False,ECB_CROSS,0.065,0.02,0.067623,0.020515,False,USD:UST13W|INR:OECD_IR3TIB,0.046579,70.1806,70.7238,154.2157,154.7014,155.5014,2018-08-31,2018-09-28,PROXY_IMPORT_PARITY,,,False,NO_FREIGHT_DATA
2018-08-15,False,1994.5,2023.0,-28.5,1131275,69.9262,False,ECB_CROSS,0.065,0.02,0.067623,0.020416,False,USD:UST13W|INR:OECD_IR3TIB,0.04668,70.2044,70.749,150.9739,151.4214,152.2046,2018-08-31,2018-09-28,PROXY_IMPORT_PARITY,,,False,NO_FREIGHT_DATA
2018-08-16,False,1998.0,2024.0,-26.0,1124150,70.1909,False,ECB_CROSS,0.065,0.02,0.067623,0.020416,False,USD:UST13W|INR:OECD_IR3TIB,0.04668,70.4701,71.0167,151.8113,152.2332,153.0207,2018-08-31,2018-09-28,PROXY_IMPORT_PARITY,,,False,NO_FREIGHT_DATA
2018-08-17,False,1999.0,2026.0,-27.0,1120250,70.1602,False,ECB_CROSS,0.065,0.02,0.067623,0.020219,False,USD:UST13W|INR:OECD_IR3TIB,0.046881,70.4405,70.9893,151.8209,152.2147,153.0022,2018-08-31,2018-09-28,PROXY_IMPORT_PARITY,,,False,NO_FREIGHT_DATA
2018-08-20,False,2033.0,2065.5,-32.5,1115725,69.8249,False,ECB_CROSS,0.065,0.02,0.067623,0.020416,False,USD:UST13W|INR:OECD_IR3TIB,0.04668,70.1027,70.6464,153.6652,153.9784,154.7755,2018-08-31,2018-09-28,PROXY_IMPORT_PARITY,,,False,NO_FREIGHT_DATA
2018-08-21,False,2040.5,2065.0,-24.5,1108525,69.8152,False,ECB_CROSS,0.065,0.02,0.067623,0.020515,False,USD:UST13W|INR:OECD_IR3TIB,0.046579,70.0924,70.6349,154.2107,154.4964,155.2964,2018-08-31,2018-09-28,PROXY_IMPORT_PARITY,,,False,NO_FREIGHT_DATA
2018-08-22,False,2038.5,2063.5,-25.0,1102450,69.895,False,ECB_CROSS,0.065,0.02,0.067623,0.020614,False,USD:UST13W|INR:OECD_IR3TIB,0.046479,70.1718,70.7138,154.2356,154.4928,155.2929,2018-08-31,2018-09-28,PROXY_IMPORT_PARITY,,,False,NO_FREIGHT_DATA
2018-08-23,False,2021.5,2044.0,-22.5,1099975,70.111,False,ECB_CROSS,0.065,0.02,0.067623,0.020515,False,USD:UST13W|INR:OECD_IR3TIB,0.046579,70.3893,70.9341,153.4221,153.6495,154.4453,2018-08-31,2018-09-28,PROXY_IMPORT_PARITY,,,False,NO_FREIGHT_DATA
2018-08-24,False,2062.0,2085.5,-23.5,1095125,69.9098,False,ECB_CROSS,0.065,0.02,0.067623,0.020614,False,USD:UST13W|INR:OECD_IR3TIB,0.046479,70.1868,70.7288,156.0467,156.2491,157.0586,2018-08-31,2018-09-28,PROXY_IMPORT_PARITY,,,False,NO_FREIGHT_DATA
2018-08-28,False,2088.0,2115.0,-27.0,1089275,70.108,False,ECB_CROSS,0.065,0.02,0.067623,0.021008,False,USD:UST13W|INR:OECD_IR3TIB,0.046076,70.3834,70.9222,158.4623,158.5504,159.3724,2018-08-31,2018-09-28,PROXY_IMPORT_PARITY,,,False,NO_FREIGHT_DATA
2018-08-29,False,2116.0,2142.0,-26.0,1075750,70.6179,False,ECB_CROSS,0.065,0.02,0.067623,0.021008,False,USD:UST13W|INR:OECD_IR3TIB,0.046076,70.8953,71.4381,161.7552,161.8152,162.6543,2018-08-31,2018-09-28,PROXY_IMPORT_PARITY,,,False,NO_FREIGHT_DATA
2018-08-30,False,2127.0,2149.0,-22.0,1073050,70.745,False,ECB_CROSS,0.065,0.02,0.067623,0.020811,False,USD:UST13W|INR:OECD_IR3TIB,0.046277,71.024,71.5702,162.8888,162.9189,163.7639,2018-08-31,2018-09-28,PROXY_IMPORT_PARITY,,,False,NO_FREIGHT_DATA
2018-08-31,False,2112.0,2139.0,-27.0,1070750,71.0021,False,ECB_CROSS,0.065,0.02,0.067623,0.020811,False,USD:UST13W|INR:OECD_IR3TIB,0.04628,71.2731,71.8213,162.3278,162.3278,163.1699,2018-08-31,2018-09-28,PROXY_IMPORT_PARITY,,,False,NO_FREIGHT_DATA
2018-09-03,False,2083.5,2110.0,-26.5,1068675,71.215,False,ECB_CROSS,0.065,0.02,0.070197,0.020811,True,USD:UST13W|INR:OECD_IR3TIB,0.04884,71.5019,72.0822,160.6175,161.3898,162.4091,2018-09-28,2018-10-31,PROXY_IMPORT_PARITY,,,False,NO_FREIGHT_DATA
2018-09-04,False,2040.0,2070.0,-30.0,1067075,71.5849,False,ECB_CROSS,0.065,0.02,0.070197,0.021008,False,USD:UST13W|INR:OECD_IR3TIB,0.048638,71.8721,72.453,158.0809,158.8106,159.8139,2018-09-28,2018-10-31,PROXY_IMPORT_PARITY,,,False,NO_FREIGHT_DATA
2018-09-05,False,2046.0,2077.0,-31.0,1064450,71.7523,False,ECB_CROSS,0.065,0.02,0.070197,0.021107,False,USD:UST13W|INR:OECD_IR3TIB,0.048538,72.0396,72.6206,158.9166,159.6196,160.6282,2018-09-28,2018-10-31,PROXY_IMPORT_PARITY,,,False,NO_FREIGHT_DATA
2018-09-06,False,2030.5,2062.5,-32.0,1062700,71.9593,False,ECB_CROSS,0.065,0.02,0.070197,0.021008,False,USD:UST13W|INR:OECD_IR3TIB,0.048638,72.248,72.8319,158.1677,158.8369,159.8408,2018-09-28,2018-10-31,PROXY_IMPORT_PARITY,,,False,NO_FREIGHT_DATA
2018-09-07,False,2030.0,2065.5,-35.5,1061575,71.7348,False,ECB_CROSS,0.065,0.02,0.070197,0.021107,False,USD:UST13W|INR:OECD_IR3TIB,0.048538,72.022,72.6029,157.6354,158.2721,159.2725,2018-09-28,2018-10-31,PROXY_IMPORT_PARITY,,,False,NO_FREIGHT_DATA
2018-09-10,False,2000.0,2036.5,-36.5,1059825,72.4548,False,ECB_CROSS,0.065,0.02,0.070197,0.021205,False,USD:UST13W|INR:OECD_IR3TIB,0.048437,72.7443,73.3298,156.8646,157.4077,158.4032,2018-09-28,2018-10-31,PROXY_IMPORT_PARITY,,,False,NO_FREIGHT_DATA
2018-09-11,False,2035.0,2074.0,-39.0,1054525,72.6598,False,ECB_CROSS,0.065,0.02,0.070197,0.021205,False,USD:UST13W|INR:OECD_IR3TIB,0.048437,72.9501,73.5373,160.0614,160.5847,161.6005,2018-09-28,2018-10-31,PROXY_IMPORT_PARITY,,,False,NO_FREIGHT_DATA
2018-09-12,False,1981.5,2023.0,-41.5,1052975,72.2231,False,ECB_CROSS,0.065,0.02,0.070197,0.021304,False,USD:UST13W|INR:OECD_IR3TIB,0.048336,72.5111,73.0935,154.9167,155.3934,156.3765,2018-09-28,2018-10-31,PROXY_IMPORT_PARITY,,,False,NO_FREIGHT_DATA
2018-09-13,False,2014.5,2051.0,-36.5,1051200,72.031,False,ECB_CROSS,0.065,0.02,0.070197,0.021205,False,USD:UST13W|INR:OECD_IR3TIB,0.048437,72.3188,72.9008,157.0777,157.5309,158.5278,2018-09-28,2018-10-31,PROXY_IMPORT_PARITY,,,False,NO_FREIGHT_DATA
2018-09-14,False,2015.5,2054.0,-38.5,1046700,71.8162,False,ECB_CROSS,0.065,0.02,0.070197,0.021304,False,USD:UST13W|INR:OECD_IR3TIB,0.048336,72.1026,72.6817,156.6871,157.1089,158.1034,2018-09-28,2018-10-31,PROXY_IMPORT_PARITY,,,False,NO_FREIGHT_DATA
2018-09-17,False,1985.0,2017.5,-32.5,1041025,72.5178,False,ECB_CROSS,0.065,0.02,0.070197,0.021403,False,USD:UST13W|INR:OECD_IR3TIB,0.048236,72.8063,73.3899,155.8235,156.1532,157.1421,2018-09-28,2018-10-31,PROXY_IMPORT_PARITY,,,False,NO_FREIGHT_DATA
2018-09-18,False,2012.0,2041.0,-29.0,1035275,72.9768,False,ECB_CROSS,0.065,0.02,0.070197,0.021403,False,USD:UST13W|INR:OECD_IR3TIB,0.048236,73.2672,73.8544,158.9427,159.2484,160.2572,2018-09-28,2018-10-31,PROXY_IMPORT_PARITY,,,False,NO_FREIGHT_DATA
2018-09-19,False,1981.0,2020.0,-39.0,1034625,72.3849,False,ECB_CROSS,0.065,0.02,0.070197,0.021304,False,USD:UST13W|INR:OECD_IR3TIB,0.048336,72.6735,73.2572,155.2245,155.4932,156.4784,2018-09-28,2018-10-31,PROXY_IMPORT_PARITY,,,False,NO_FREIGHT_DATA
2018-09-20,False,2018.5,2048.0,-29.5,1030200,72.0121,False,ECB_CROSS,0.065,0.02,0.070197,0.021403,False,USD:UST13W|INR:OECD_IR3TIB,0.048236,72.2986,72.8781,157.3483,157.5904,158.589,2018-09-28,2018-10-31,PROXY_IMPORT_PARITY,,,False,NO_FREIGHT_DATA
2018-09-21,False,2034.0,2067.0,-33.0,1022450,72.1919,False,ECB_CROSS,0.065,0.02,0.070197,0.021501,False,USD:UST13W|INR:OECD_IR3TIB,0.048135,72.4786,73.0583,158.9525,159.1665,160.1753,2018-09-28,2018-10-31,PROXY_IMPORT_PARITY,,,False,NO_FREIGHT_DATA
2018-09-24,False,2035.0,2066.0,-31.0,1013050,72.6803,False,ECB_CROSS,0.065,0.02,0.070197,0.021896,False,USD:UST13W|INR:OECD_IR3TIB,0.047733,72.9665,73.5452,160.1065,160.2297,161.2458,2018-09-28,2018-10-31,PROXY_IMPORT_PARITY,,,False,NO_FREIGHT_DATA
2018-09-25,False,2020.0,2054.5,-34.5,1006775,72.6947,False,ECB_CROSS,0.065,0.02,0.070197,0.021797,False,USD:UST13W|INR:OECD_IR3TIB,0.047833,72.9815,73.5616,158.9579,159.0496,160.0584,2018-09-28,2018-10-31,PROXY_IMPORT_PARITY,,,False,NO_FREIGHT_DATA
2018-09-26,False,2056.5,2081.0,-24.5,999925,72.6071,False,ECB_CROSS,0.065,0.02,0.070197,0.021699,False,USD:UST13W|INR:OECD_IR3TIB,0.047934,72.8942,73.4748,161.6351,161.6973,162.7231,2018-09-28,2018-10-31,PROXY_IMPORT_PARITY,,,False,NO_FREIGHT_DATA
2018-09-27,False,2030.0,2051.5,-21.5,994625,72.5916,False,ECB_CROSS,0.065,0.0225,0.070197,0.021501,False,USD:UST13W|INR:OECD_IR3TIB,0.048135,72.8799,73.4628,159.5182,159.5489,160.5613,2018-09-28,2018-10-31,PROXY_IMPORT_PARITY,,,False,NO_FREIGHT_DATA
2018-09-28,False,2011.5,2034.0,-22.5,990550,72.4914,False,ECB_CROSS,0.065,0.0225,0.070197,0.0216,False,USD:UST13W|INR:OECD_IR3TIB,0.048034,72.7786,73.3595,157.8463,157.8463,158.8481,2018-09-28,2018-10-31,PROXY_IMPORT_PARITY,,,False,NO_FREIGHT_DATA
2018-10-01,False,2047.5,2064.0,-16.5,987800,72.9119,False,ECB_CROSS,0.065,0.0225,0.069885,0.021995,False,USD:UST13W|INR:OECD_IR3TIB,0.047319,73.206,73.7815,161.6033,162.5315,163.4598,2018-10-31,2018-11-30,PROXY_IMPORT_PARITY,,,False,NO_FREIGHT_DATA
2018-10-02,False,2080.0,2093.0,-13.0,983250,73.3778,False,ECB_CROSS,0.065,0.0225,0.069885,0.021995,False,USD:UST13W|INR:OECD_IR3TIB,0.047319,73.6738,74.253,165.2175,166.1348,167.0838,2018-10-31,2018-11-30,PROXY_IMPORT_PARITY,,,False,NO_FREIGHT_DATA
2018-10-03,False,2166.5,2176.0,-9.5,979800,73.3608,False,ECB_CROSS,0.065,0.0225,0.069885,0.021995,False,USD:UST13W|INR:OECD_IR3TIB,0.047319,73.6567,74.2357,172.0484,172.9708,173.959,2018-10-31,2018-11-30,PROXY_IMPORT_PARITY,,,False,NO_FREIGHT_DATA
2018-10-04,False,2243.5,2251.0,-7.5,974075,73.5768,False,ECB_CROSS,0.065,0.0225,0.069885,0.021896,False,USD:UST13W|INR:OECD_IR3TIB,0.04742,73.8742,74.4562,178.6878,179.6115,180.6379,2018-10-31,2018-11-30,PROXY_IMPORT_PARITY,,,False,NO_FREIGHT_DATA
2018-10-05,False,2140.0,2150.5,-10.5,966900,73.7732,False,ECB_CROSS,0.065,0.0225,0.069885,0.021896,False,USD:UST13W|INR:OECD_IR3TIB,0.04742,74.0715,74.655,170.8993,171.7501,172.7317,2018-10-31,2018-11-30,PROXY_IMPORT_PARITY,,,False,NO_FREIGHT_DATA
2018-10-08,False,2073.5,2078.5,-5.0,963350,74.0617,False,ECB_CROSS,0.065,0.0225,0.069885,0.021896,True,USD:UST13W|INR:OECD_IR3TIB,0.04742,74.3611,74.9469,166.2362,166.9683,167.9231,2018-10-31,2018-11-30,PROXY_IMPORT_PARITY,,,False,NO_FREIGHT_DATA
2018-10-09,False,2031.5,2041.0,-9.5,955950,74.4066,False,ECB_CROSS,0.065,0.0225,0.069885,0.022192,False,USD:UST13W|INR:OECD_IR3TIB,0.047118,74.7055,75.2903,163.6275,164.3167,165.2566,2018-10-31,2018-11-30,PROXY_IMPORT_PARITY,,,False,NO_FREIGHT_DATA
2018-10-10,False,2029.0,2038.0,-9.0,948425,74.2265,False,ECB_CROSS,0.065,0.0225,0.069885,0.022389,False,USD:UST13W|INR:OECD_IR3TIB,0.046917,74.5234,75.1043,163.0305,163.686,164.6225,2018-10-31,2018-11-30,PROXY_IMPORT_PARITY,,,False,NO_FREIGHT_DATA
2018-10-11,False,2024.0,2028.5,-4.5,941500,74.092,False,ECB_CROSS,0.065,0.0225,0.069885,0.02229,False,USD:UST13W|INR:OECD_IR3TIB,0.047017,74.389,74.9701,162.3341,162.9557,163.8882,2018-10-31,2018-11-30,PROXY_IMPORT_PARITY,,,False,NO_FREIGHT_DATA
2018-10-12,False,2045.0,2048.0,-3.0,933500,73.5653,False,ECB_CROSS,0.065,0.0225,0.069885,0.022389,False,USD:UST13W|INR:OECD_IR3TIB,0.046917,73.8596,74.4353,162.8524,163.4449,164.3803,2018-10-31,2018-11-30,PROXY_IMPORT_PARITY,,,False,NO_FREIGHT_DATA
2018-10-15,False,2028.0,2031.0,-3.0,926100,73.8049,False,ECB_CROSS,0.065,0.0225,0.069885,0.022784,False,USD:UST13W|INR:OECD_IR3TIB,0.046514,74.0976,74.6702,162.0246,162.521,163.4517,2018-10-31,2018-11-30,PROXY_IMPORT_PARITY,,,False,NO_FREIGHT_DATA
2018-10-16,False,2022.0,2024.0,-2.0,996875,73.4616,False,ECB_CROSS,0.065,0.0225,0.069885,0.022685,False,USD:UST13W|INR:OECD_IR3TIB,0.046615,73.7536,74.3248,160.7939,161.2556,162.1792,2018-10-31,2018-11-30,PROXY_IMPORT_PARITY,,,False,NO_FREIGHT_DATA
2018-10-17,False,2018.0,2023.5,-5.5,1082600,73.6266,False,ECB_CROSS,0.065,0.0225,0.069885,0.022784,False,USD:UST13W|INR:OECD_IR3TIB,0.046514,73.9186,74.4898,160.8362,161.2673,162.1912,2018-10-31,2018-11-30,PROXY_IMPORT_PARITY,,,False,NO_FREIGHT_DATA
2018-10-18,False,2007.5,2012.5,-5.0,1072950,73.6071,False,ECB_CROSS,0.065,0.0225,0.069885,0.022784,False,USD:UST13W|INR:OECD_IR3TIB,0.046514,73.899,74.4701,159.957,160.3551,161.2739,2018-10-31,2018-11-30,PROXY_IMPORT_PARITY,,,False,NO_FREIGHT_DATA
2018-10-19,False,2022.5,2024.0,-1.5,1066725,73.3418,False,ECB_CROSS,0.065,0.0225,0.069885,0.022685,False,USD:UST13W|INR:OECD_IR3TIB,0.046615,73.6332,74.2035,160.5713,160.9403,161.8626,2018-10-31,2018-11-30,PROXY_IMPORT_PARITY,,,False,NO_FREIGHT_DATA
2018-10-22,False,2002.5,2013.0,-10.5,1062350,73.5566,False,ECB_CROSS,0.065,0.0225,0.069885,0.023178,False,USD:UST13W|INR:OECD_IR3TIB,0.046112,73.8458,74.4116,159.4491,159.7239,160.6397,2018-10-31,2018-11-30,PROXY_IMPORT_PARITY,,,False,NO_FREIGHT_DATA
2018-10-23,False,1997.0,2016.0,-19.0,1056700,73.5699,False,ECB_CROSS,0.065,0.0225,0.069885,0.023079,False,USD:UST13W|INR:OECD_IR3TIB,0.046213,73.8598,74.4268,159.0399,159.2835,160.197,2018-10-31,2018-11-30,PROXY_IMPORT_PARITY,,,False,NO_FREIGHT_DATA
2018-10-24,False,1987.5,2005.0,-17.5,1052025,73.1631,False,ECB_CROSS,0.065,0.0225,0.069885,0.023079,False,USD:UST13W|INR:OECD_IR3TIB,0.046213,73.4514,74.0154,157.4081,157.6191,158.5232,2018-10-31,2018-11-30,PROXY_IMPORT_PARITY,,,False,NO_FREIGHT_DATA
2018-10-25,False,1981.0,1998.5,-17.5,1049525,73.2765,False,ECB_CROSS,0.065,0.0225,0.069885,0.023079,False,USD:UST13W|INR:OECD_IR3TIB,0.046213,73.5653,74.1301,157.1365,157.317,158.2196,2018-10-31,2018-11-30,PROXY_IMPORT_PARITY,,,False,NO_FREIGHT_DATA
2018-10-26,False,1961.0,1978.0,-17.0,1049175,73.4597,False,ECB_CROSS,0.065,0.0225,0.069885,0.022882,False,USD:UST13W|INR:OECD_IR3TIB,0.046414,73.7504,74.3191,155.939,156.0883,156.984,2018-10-31,2018-11-30,PROXY_IMPORT_PARITY,,,False,NO_FREIGHT_DATA
2018-10-29,False,1980.5,2000.5,-20.0,1048625,73.4202,False,ECB_CROSS,0.065,0.0225,0.069885,0.023178,False,USD:UST13W|INR:OECD_IR3TIB,0.046112,73.7088,74.2735,157.4049,157.4652,158.3693,2018-10-31,2018-11-30,PROXY_IMPORT_PARITY,,,False,NO_FREIGHT_DATA
2018-10-30,False,1952.0,1972.5,-20.5,1048825,73.6265,False,ECB_CROSS,0.065,0.0225,0.069885,0.023079,False,USD:UST13W|INR:OECD_IR3TIB,0.046213,73.9166,74.4841,155.5757,155.6055,156.4991,2018-10-31,2018-11-30,PROXY_IMPORT_PARITY,,,False,NO_FREIGHT_DATA
2018-10-31,False,1946.0,1966.5,-20.5,1047950,73.9799,False,ECB_CROSS,0.065,0.0225,0.069885,0.023079,False,USD:UST13W|INR:OECD_IR3TIB,0.046213,74.2621,74.8417,155.842,155.842,156.7371,2018-10-31,2018-11-30,PROXY_IMPORT_PARITY,,,False,NO_FREIGHT_DATA
2018-11-01,False,1961.0,1978.0,-17.0,1047325,73.4486,False,ECB_CROSS,0.065,0.0225,0.068702,0.022784,False,USD:UST13W|INR:OECD_IR3TIB,0.045338,73.7234,74.288,155.9154,156.7665,157.6762,2018-11-30,2018-12-31,PROXY_IMPORT_PARITY,,,False,NO_FREIGHT_DATA
2018-11-02,False,1967.0,1985.0,-18.0,1051425,72.4433,False,ECB_CROSS,0.065,0.0225,0.068702,0.022882,False,USD:UST13W|INR:OECD_IR3TIB,0.045237,72.7137,73.2693,154.2519,155.0648,155.9649,2018-11-30,2018-12-31,PROXY_IMPORT_PARITY,,,False,NO_FREIGHT_DATA
2018-11-05,False,1959.0,1971.0,-12.0,1050475,73.08,False,ECB_CROSS,0.065,0.0225,0.068702,0.023375,False,USD:UST13W|INR:OECD_IR3TIB,0.044735,73.3498,73.9041,154.9747,155.704,156.6083,2018-11-30,2018-12-31,PROXY_IMPORT_PARITY,,,False,NO_FREIGHT_DATA
2018-11-06,False,1950.0,1969.0,-19.0,1049700,72.9598,False,ECB_CROSS,0.065,0.0225,0.068702,0.023277,False,USD:UST13W|INR:OECD_IR3TIB,0.044835,73.2298,73.7844,154.009,154.7047,155.6034,2018-11-30,2018-12-31,PROXY_IMPORT_PARITY,,,False,NO_FREIGHT_DATA
2018-11-07,False,1951.5,1963.0,-11.5,1053675,72.4993,False,ECB_CROSS,0.065,0.0225,0.068702,0.023375,False,USD:UST13W|INR:OECD_IR3TIB,0.044735,72.767,73.3168,153.1547,153.8177,154.7114,2018-11-30,2018-12-31,PROXY_IMPORT_PARITY,,,False,NO_FREIGHT_DATA
2018-11-08,False,1977.0,1982.0,-5.0,1055025,72.4085,False,ECB_CROSS,0.065,0.0225,0.068702,0.023178,False,USD:UST13W|INR:OECD_IR3TIB,0.044936,72.677,73.2286,154.9616,155.6033,156.5075,2018-11-30,2018-12-31,PROXY_IMPORT_PARITY,,,False,NO_FREIGHT_DATA
2018-11-09,False,1964.5,1971.5,-7.0,1055550,72.5048,False,ECB_CROSS,0.065,0.0225,0.068702,0.023277,False,USD:UST13W|INR:OECD_IR3TIB,0.044835,72.7731,73.3242,154.1866,154.7961,155.6958,2018-11-30,2018-12-31,PROXY_IMPORT_PARITY,,,False,NO_FREIGHT_DATA
2018-11-12,False,1934.0,1942.5,-8.5,1056450,72.89,False,ECB_CROSS,0.065,0.0225,0.068702,0.023277,True,USD:UST13W|INR:OECD_IR3TIB,0.044835,73.1597,73.7137,152.5992,153.1162,154.0066,2018-11-30,2018-12-31,PROXY_IMPORT_PARITY,,,False,NO_FREIGHT_DATA
2018-11-13,False,1925.0,1938.0,-13.0,1056150,72.6747,False,ECB_CROSS,0.065,0.0225,0.068702,0.023573,False,USD:UST13W|INR:OECD_IR3TIB,0.044534,72.9418,73.4905,151.4404,151.925,152.8087,2018-11-30,2018-12-31,PROXY_IMPORT_PARITY,,,False,NO_FREIGHT_DATA
2018-11-14,False,1931.0,1944.5,-13.5,1057450,72.3035,False,ECB_CROSS,0.065,0.0225,0.068702,0.023474,False,USD:UST13W|INR:OECD_IR3TIB,0.044634,72.5698,73.1169,151.1365,151.5917,152.4736,2018-11-30,2018-12-31,PROXY_IMPORT_PARITY,,,False,NO_FREIGHT_DATA
2018-11-15,False,1917.0,1940.5,-23.5,1058125,71.977,False,ECB_CROSS,0.065,0.0225,0.068702,0.023375,False,USD:UST13W|INR:OECD_IR3TIB,0.044735,72.2427,72.7886,149.3633,149.785,150.6565,2018-11-30,2018-12-31,PROXY_IMPORT_PARITY,,,False,NO_FREIGHT_DATA
2018-11-16,False,1914.0,1931.5,-17.5,1066350,71.8963,False,ECB_CROSS,0.065,0.0225,0.068702,0.023277,False,USD:UST13W|INR:OECD_IR3TIB,0.044835,72.1623,72.7088,148.9623,149.3548,150.224,2018-11-30,2018-12-31,PROXY_IMPORT_PARITY,,,False,NO_FREIGHT_DATA
2018-11-19,False,1918.0,1941.0,-23.0,1070925,71.657,False,ECB_CROSS,0.065,0.0225,0.068702,0.023573,False,USD:UST13W|INR:OECD_IR3TIB,0.044534,71.9204,72.4614,148.7768,149.0848,149.9529,2018-11-30,2018-12-31,PROXY_IMPORT_PARITY,,,False,NO_FREIGHT_DATA
2018-11-20,False,1927.0,1940.5,-13.5,1073050,71.4911,False,ECB_CROSS,0.065,0.0225,0.068702,0.023573,False,USD:UST13W|INR:OECD_IR3TIB,0.044534,71.7539,72.2936,149.1288,149.4095,150.2797,2018-11-30,2018-12-31,PROXY_IMPORT_PARITY,,,False,NO_FREIGHT_DATA
2018-11-21,False,1945.0,1953.5,-8.5,1072525,71.3051,False,ECB_CROSS,0.065,0.0225,0.068702,0.02377,False,USD:UST13W|INR:OECD_IR3TIB,0.044333,71.566,72.1019,150.1302,150.3845,151.2605,2018-11-30,2018-12-31,PROXY_IMPORT_PARITY,,,False,NO_FREIGHT_DATA
2018-11-22,False,1941.5,1953.5,-12.0,1070400,70.6871,False,ECB_CROSS,0.065,0.0225,0.068702,0.02377,True,USD:UST13W|INR:OECD_IR3TIB,0.044333,70.9457,71.477,148.5612,148.7849,149.6518,2018-11-30,2018-12-31,PROXY_IMPORT_PARITY,,,False,NO_FREIGHT_DATA
2018-11-23,False,1922.5,1934.5,-12.0,1067000,70.6519,False,ECB_CROSS,0.065,0.0225,0.068702,0.02377,False,USD:UST13W|INR:OECD_IR3TIB,0.044333,70.9104,71.4414,147.0341,147.2278,148.0858,2018-11-30,2018-12-31,PROXY_IMPORT_PARITY,,,False,NO_FREIGHT_DATA
2018-11-26,False,1920.0,1930.0,-10.0,1064975,70.8778,False,ECB_CROSS,0.065,0.0225,0.068702,0.023868,False,USD:UST13W|INR:OECD_IR3TIB,0.044232,71.1366,71.6681,147.3124,147.4233,148.2829,2018-11-30,2018-12-31,PROXY_IMPORT_PARITY,,,False,NO_FREIGHT_DATA
2018-11-27,False,1925.0,1935.5,-10.5,1061700,70.7645,False,ECB_CROSS,0.065,0.0225,0.068702,0.02377,False,USD:UST13W|INR:OECD_IR3TIB,0.044333,71.0234,71.5552,147.4599,147.5432,148.4036,2018-11-30,2018-12-31,PROXY_IMPORT_PARITY,,,False,NO_FREIGHT_DATA
2018-11-28,False,1912.5,1924.0,-11.5,1057875,70.5805,False,ECB_CROSS,0.065,0.0225,0.068702,0.023671,False,USD:UST13W|INR:OECD_IR3TIB,0.044433,70.8393,71.3709,146.1215,146.1765,147.0291,2018-11-30,2018-12-31,PROXY_IMPORT_PARITY,,,False,NO_FREIGHT_DATA
2018-11-29,False,1933.0,1933.0,0.0,1055275,69.849,False,ECB_CROSS,0.065,0.0225,0.068702,0.023375,False,USD:UST13W|INR:OECD_IR3TIB,0.044738,70.1068,70.628,146.1571,146.1846,147.0374,2018-11-30,2018-12-31,PROXY_IMPORT_PARITY,,,False,NO_FREIGHT_DATA
2018-11-30,False,1935.0,1938.5,-3.5,1052450,69.6201,False,ECB_CROSS,0.065,0.0225,0.068702,0.023375,False,USD:UST13W|INR:OECD_IR3TIB,0.044741,69.8771,70.3882,145.8289,145.8289,146.6798,2018-11-30,2018-12-31,PROXY_IMPORT_PARITY,,,False,NO_FREIGHT_DATA
2018-12-03,False,1982.5,1979.5,3.0,1048025,70.4121,False,ECB_CROSS,0.065,0.0225,0.06667,0.023573,False,USD:UST13W|INR:OECD_IR3TIB,0.042519,70.6674,71.1503,151.1083,151.8812,152.7368,2018-12-31,2019-01-31,PROXY_IMPORT_PARITY,,,False,NO_FREIGHT_DATA
2018-12-04,False,1985.0,1980.5,4.5,1046275,70.5338,False,ECB_CROSS,0.065,0.0225,0.06667,0.023967,False,USD:UST13W|INR:OECD_IR3TIB,0.042117,70.7871,71.2663,151.5604,152.3078,153.166,2018-12-31,2019-01-31,PROXY_IMPORT_PARITY,,,False,NO_FREIGHT_DATA
2018-12-05,False,1966.5,1970.5,-4.0,1045250,70.5179,False,ECB_CROSS,0.065,0.0225,0.06667,0.023967,True,USD:UST13W|INR:OECD_IR3TIB,0.042117,70.7711,71.2502,150.114,150.8269,151.6769,2018-12-31,2019-01-31,PROXY_IMPORT_PARITY,,,False,NO_FREIGHT_DATA
2018-12-06,False,1945.0,1941.5,3.5,1043775,70.9145,False,ECB_CROSS,0.065,0.0225,0.06667,0.02377,False,USD:UST13W|INR:OECD_IR3TIB,0.042318,71.1703,71.6544,149.3078,149.9896,150.8351,2018-12-31,2019-01-31,PROXY_IMPORT_PARITY,,,False,NO_FREIGHT_DATA
2018-12-07,False,1962.0,1958.5,3.5,1042900,70.802,False,ECB_CROSS,0.065,0.0225,0.06667,0.023671,False,USD:UST13W|INR:OECD_IR3TIB,0.042419,71.0581,71.5426,150.3739,151.0331,151.8846,2018-12-31,2019-01-31,PROXY_IMPORT_PARITY,,,False,NO_FREIGHT_DATA
2018-12-10,False,1951.0,1951.0,0.0,1040975,72.41,False,ECB_CROSS,0.065,0.0225,0.06667,0.023868,False,USD:UST13W|INR:OECD_IR3TIB,0.042218,72.6706,73.1638,152.9268,153.5134,154.3794,2018-12-31,2019-01-31,PROXY_IMPORT_PARITY,,,False,NO_FREIGHT_DATA
2018-12-11,False,1949.5,1957.5,-8.0,1072450,71.9057,False,ECB_CROSS,0.065,0.0225,0.06667,0.023868,False,USD:UST13W|INR:OECD_IR3TIB,0.042218,72.1645,72.6542,151.745,152.2994,153.1586,2018-12-31,2019-01-31,PROXY_IMPORT_PARITY,,,False,NO_FREIGHT_DATA
2018-12-12,False,1928.0,1937.0,-9.0,1071425,71.9989,False,ECB_CROSS,0.065,0.0225,0.06667,0.024066,False,USD:UST13W|INR:OECD_IR3TIB,0.042017,72.2569,72.7449,150.266,150.7875,151.6384,2018-12-31,2019-01-31,PROXY_IMPORT_PARITY,,,False,NO_FREIGHT_DATA
2018-12-13,False,1924.0,1932.0,-8.0,1094925,71.6102,False,ECB_CROSS,0.065,0.0225,0.06667,0.023967,False,USD:UST13W|INR:OECD_IR3TIB,0.042117,71.8674,72.3539,149.1447,149.6351,150.4796,2018-12-31,2019-01-31,PROXY_IMPORT_PARITY,,,False,NO_FREIGHT_DATA
2018-12-14,False,1908.0,1921.0,-13.0,1150100,71.9761,False,ECB_CROSS,0.065,0.0225,0.06667,0.023868,False,USD:UST13W|INR:OECD_IR3TIB,0.042218,72.2352,72.7253,148.6602,149.1218,149.9635,2018-12-31,2019-01-31,PROXY_IMPORT_PARITY,,,False,NO_FREIGHT_DATA
2018-12-17,False,1937.5,1925.0,12.5,1169625,71.6101,False,ECB_CROSS,0.065,0.0225,0.06667,0.02377,False,USD:UST13W|INR:OECD_IR3TIB,0.042318,71.8685,72.3573,150.191,150.5751,151.4255,2018-12-31,2019-01-31,PROXY_IMPORT_PARITY,,,False,NO_FREIGHT_DATA
2018-12-18,False,1940.0,1942.0,-2.0,1227325,70.5397,False,ECB_CROSS,0.065,0.0225,0.06667,0.023573,False,USD:UST13W|INR:OECD_IR3TIB,0.042519,70.7954,71.2792,148.1369,148.4887,149.3275,2018-12-31,2019-01-31,PROXY_IMPORT_PARITY,,,False,NO_FREIGHT_DATA
2018-12-19,False,1928.0,1929.0,-1.0,1255925,70.2464,False,ECB_CROSS,0.065,0.0225,0.06667,0.023671,False,USD:UST13W|INR:OECD_IR3TIB,0.042419,70.5004,70.9811,146.6085,146.9298,147.76,2018-12-31,2019-01-31,PROXY_IMPORT_PARITY,,,False,NO_FREIGHT_DATA
2018-12-20,False,1923.5,1923.5,0.0,1254125,69.8184,False,ECB_CROSS,0.065,0.025,0.06667,0.023573,False,USD:UST13W|INR:OECD_IR3TIB,0.042519,70.0715,70.5503,145.3751,145.6672,146.4903,2018-12-31,2019-01-31,PROXY_IMPORT_PARITY,,,False,NO_FREIGHT_DATA
2018-12-21,False,1920.0,1912.0,8.0,1265250,70.1244,False,ECB_CROSS,0.065,0.025,0.06667,0.023573,False,USD:UST13W|INR:OECD_IR3TIB,0.042519,70.3786,70.8596,145.7466,146.0128,146.838,2018-12-31,2019-01-31,PROXY_IMPORT_PARITY,,,False,NO_FREIGHT_DATA
2018-12-24,False,1898.5,1899.0,-0.5,1266575,70.1429,False,ECB_CROSS,0.065,0.025,0.06667,0.024263,False,USD:UST13W|INR:OECD_IR3TIB,0.041816,70.393,70.8661,144.1525,144.3368,145.1531,2018-12-31,2019-01-31,PROXY_IMPORT_PARITY,,,False,NO_FREIGHT_DATA
2018-12-27,False,1898.0,1881.5,16.5,1266550,70.2685,False,ECB_CROSS,0.065,0.025,0.06667,0.02377,False,USD:UST13W|INR:OECD_IR3TIB,0.042318,70.5221,71.0018,144.3726,144.4781,145.2956,2018-12-31,2019-01-31,PROXY_IMPORT_PARITY,,,False,NO_FREIGHT_DATA
2018-12-28,False,1881.0,1857.0,24.0,1267125,70.0415,False,ECB_CROSS,0.065,0.025,0.06667,0.023671,False,USD:UST13W|INR:OECD_IR3TIB,0.042419,70.2948,70.7741,142.6173,142.6954,143.503,2018-12-31,2019-01-31,PROXY_IMPORT_PARITY,,,False,NO_FREIGHT_DATA
2018-12-31,False,1869.5,1846.0,23.5,1271200,69.633,False,ECB_CROSS,0.065,0.025,0.06667,0.024164,False,USD:UST13W|INR:OECD_IR3TIB,0.041917,69.8819,70.3527,140.9187,140.9187,141.7166,2018-12-31,2019-01-31,PROXY_IMPORT_PARITY,,,False,NO_FREIGHT_DATA
2019-01-02,False,1858.0,1846.5,11.5,1273125,70.1812,False,ECB_CROSS,0.065,0.025,0.066358,0.023868,False,USD:UST13W|INR:OECD_IR3TIB,0.041908,70.432,70.9064,141.1544,141.8986,142.6171,2019-01-31,2019-02-28,PROXY_IMPORT_PARITY,,,False,NO_FREIGHT_DATA
2019-01-03,False,1825.5,1820.5,5.0,1272925,70.1516,False,ECB_CROSS,0.065,0.025,0.066358,0.02377,False,USD:UST13W|INR:OECD_IR3TIB,0.042009,70.4028,70.8782,138.6268,139.3325,140.0382,2019-01-31,2019-02-28,PROXY_IMPORT_PARITY,,,False,NO_FREIGHT_DATA
2019-01-04,False,1879.0,1862.0,17.0,1278500,69.6584,False,ECB_CROSS,0.065,0.025,0.066358,0.023868,False,USD:UST13W|INR:OECD_IR3TIB,0.041908,69.9073,70.3782,141.6864,142.3819,143.1031,2019-01-31,2019-02-28,PROXY_IMPORT_PARITY,,,False,NO_FREIGHT_DATA
2019-01-07,False,1858.0,1874.0,-16.0,1276050,69.6282,False,ECB_CROSS,0.065,0.025,0.066358,0.024263,False,USD:UST13W|INR:OECD_IR3TIB,0.041507,69.8747,70.3408,140.0422,140.6532,141.3661,2019-01-31,2019-02-28,PROXY_IMPORT_PARITY,,,False,NO_FREIGHT_DATA
2019-01-08,False,1837.0,1859.0,-22.0,1283500,70.1442,False,ECB_CROSS,0.065,0.025,0.066358,0.024263,False,USD:UST13W|INR:OECD_IR3TIB,0.041507,70.3925,70.8621,139.4854,140.0687,140.7787,2019-01-31,2019-02-28,PROXY_IMPORT_PARITY,,,False,NO_FREIGHT_DATA
2019-01-09,False,1842.0,1862.5,-20.5,1281400,70.3942,False,ECB_CROSS,0.065,0.025,0.066358,0.024164,False,USD:UST13W|INR:OECD_IR3TIB,0.041607,70.6439,71.1163,140.3636,140.925,141.6395,2019-01-31,2019-02-28,PROXY_IMPORT_PARITY,,,False,NO_FREIGHT_DATA
2019-01-10,False,1844.0,1857.0,-13.0,1286050,70.3949,False,ECB_CROSS,0.065,0.025,0.066358,0.023967,False,USD:UST13W|INR:OECD_IR3TIB,0.041808,70.6458,71.1206,140.5174,141.0538,141.7691,2019-01-31,2019-02-28,PROXY_IMPORT_PARITY,,,False,NO_FREIGHT_DATA
2019-01-11,False,1816.0,1840.5,-24.5,1284725,70.5346,False,ECB_CROSS,0.065,0.025,0.066358,0.023967,False,USD:UST13W|INR:OECD_IR3TIB,0.041808,70.786,71.2617,138.6583,139.1625,139.8683,2019-01-31,2019-02-28,PROXY_IMPORT_PARITY,,,False,NO_FREIGHT_DATA
2019-01-14,False,1775.5,1814.0,-38.5,1294050,70.8289,False,ECB_CROSS,0.065,0.025,0.066358,0.024164,False,USD:UST13W|INR:OECD_IR3TIB,0.041607,71.0802,71.5556,136.1316,136.5524,137.2454,2019-01-31,2019-02-28,PROXY_IMPORT_PARITY,,,False,NO_FREIGHT_DATA
2019-01-15,False,1810.5,1836.5,-26.0,1295750,71.1056,False,ECB_CROSS,0.065,0.025,0.066358,0.024164,False,USD:UST13W|INR:OECD_IR3TIB,0.041607,71.3578,71.8351,139.3575,139.7628,140.4722,2019-01-31,2019-02-28,PROXY_IMPORT_PARITY,,,False,NO_FREIGHT_DATA
2019-01-16,False,1839.5,1867.0,-27.5,1303150,71.1261,False,ECB_CROSS,0.065,0.025,0.066358,0.023967,False,USD:UST13W|INR:OECD_IR3TIB,0.041808,71.3796,71.8593,141.6305,142.0167,142.7377,2019-01-31,2019-02-28,PROXY_IMPORT_PARITY,,,False,NO_FREIGHT_DATA
2019-01-17,False,1804.0,1828.0,-24.0,1304000,71.0569,False,ECB_CROSS,0.065,0.025,0.066358,0.023868,False,USD:UST13W|INR:OECD_IR3TIB,0.041908,71.3109,71.7912,138.762,139.1152,139.8216,2019-01-31,2019-02-28,PROXY_IMPORT_PARITY,,,False,NO_FREIGHT_DATA
2019-01-18,False,1851.0,1858.0,-7.0,1303475,71.1169,False,ECB_CROSS,0.065,0.025,0.066358,0.02377,False,USD:UST13W|INR:OECD_IR3TIB,0.042009,71.3716,71.8536,142.4975,142.8342,143.5596,2019-01-31,2019-02-28,PROXY_IMPORT_PARITY,,,False,NO_FREIGHT_DATA
2019-01-21,False,1842.5,1856.0,-13.5,1301650,71.2317,False,ECB_CROSS,0.065,0.025,0.066358,0.02377,True,USD:UST13W|INR:OECD_IR3TIB,0.042009,71.4869,71.9696,142.0721,142.3304,143.0536,2019-01-31,2019-02-28,PROXY_IMPORT_PARITY,,,False,NO_FREIGHT_DATA
2019-01-22,False,1867.5,1868.0,-0.5,1301625,71.381,False,ECB_CROSS,0.065,0.025,0.066358,0.023967,False,USD:UST13W|INR:OECD_IR3TIB,0.041808,71.6355,72.1169,144.3016,144.5377,145.2723,2019-01-31,2019-02-28,PROXY_IMPORT_PARITY,,,False,NO_FREIGHT_DATA
2019-01-23,False,1877.5,1892.0,-14.5,1301825,71.306,False,ECB_CROSS,0.065,0.025,0.066358,0.02377,False,USD:UST13W|INR:OECD_IR3TIB,0.042009,71.5614,72.0446,144.9219,145.1326,145.8704,2019-01-31,2019-02-28,PROXY_IMPORT_PARITY,,,False,NO_FREIGHT_DATA
2019-01-24,False,1851.0,1871.0,-20.0,1301350,71.1189,False,ECB_CROSS,0.065,0.025,0.066358,0.023375,False,USD:UST13W|INR:OECD_IR3TIB,0.042411,71.3761,71.8627,142.5015,142.6828,143.4082,2019-01-31,2019-02-28,PROXY_IMPORT_PARITY,,,False,NO_FREIGHT_DATA
2019-01-25,False,1866.5,1887.0,-20.5,1301100,71.0682,False,ECB_CROSS,0.065,0.025,0.066358,0.023573,False,USD:UST13W|INR:OECD_IR3TIB,0.04221,71.324,71.8079,143.5923,143.749,144.4799,2019-01-31,2019-02-28,PROXY_IMPORT_PARITY,,,False,NO_FREIGHT_DATA
2019-01-28,False,1860.0,1885.0,-25.0,1300000,71.1438,False,ECB_CROSS,0.065,0.025,0.066358,0.023868,False,USD:UST13W|INR:OECD_IR3TIB,0.041908,71.398,71.879,143.2445,143.3226,144.0518,2019-01-31,2019-02-28,PROXY_IMPORT_PARITY,,,False,NO_FREIGHT_DATA
2019-01-29,False,1853.0,1875.5,-22.5,1296125,71.1837,False,ECB_CROSS,0.065,0.025,0.066358,0.023868,False,USD:UST13W|INR:OECD_IR3TIB,0.041908,71.4298,71.9193,142.7854,142.8373,143.5642,2019-01-31,2019-02-28,PROXY_IMPORT_PARITY,,,False,NO_FREIGHT_DATA
2019-01-30,False,1871.0,1890.0,-19.0,1289775,71.1795,False,ECB_CROSS,0.065,0.025,0.066358,0.023868,False,USD:UST13W|INR:OECD_IR3TIB,0.041908,71.4174,71.915,144.1639,144.1901,144.924,2019-01-31,2019-02-28,PROXY_IMPORT_PARITY,,,False,NO_FREIGHT_DATA
2019-01-31,False,1880.5,1904.0,-23.5,1287425,71.1055,False,ECB_CROSS,0.065,0.025,0.066358,0.02377,False,USD:UST13W|INR:OECD_IR3TIB,0.042012,71.3356,71.8339,144.7453,144.7453,145.4821,2019-01-31,2019-02-28,PROXY_IMPORT_PARITY,,,False,NO_FREIGHT_DATA
2019-02-01,False,1872.5,1893.0,-20.5,1284125,71.285,False,ECB_CROSS,0.065,0.025,0.06677,0.023671,False,USD:UST13W|INR:OECD_IR3TIB,0.042521,71.5184,72.0241,144.4934,145.207,145.9736,2019-02-28,2019-03-29,PROXY_IMPORT_PARITY,,,False,NO_FREIGHT_DATA
2019-02-04,False,1840.0,1868.5,-28.5,1297150,71.8135,False,ECB_CROSS,0.065,0.025,0.06677,0.023868,False,USD:UST13W|INR:OECD_IR3TIB,0.04232,72.0475,72.5545,143.0381,143.6661,144.4249,2019-02-28,2019-03-29,PROXY_IMPORT_PARITY,,,False,NO_FREIGHT_DATA
2019-02-05,False,1896.5,1923.0,-26.5,1298150,71.6445,False,ECB_CROSS,0.065,0.025,0.06677,0.023868,False,USD:UST13W|INR:OECD_IR3TIB,0.04232,71.878,72.3838,147.0834,147.7022,148.4825,2019-02-28,2019-03-29,PROXY_IMPORT_PARITY,,,False,NO_FREIGHT_DATA
2019-02-06,False,1886.5,1912.5,-26.0,1292175,71.5758,False,ECB_CROSS,0.065,0.025,0.06677,0.023868,False,USD:UST13W|INR:OECD_IR3TIB,0.04232,71.8091,72.3144,146.1675,146.7558,147.5312,2019-02-28,2019-03-29,PROXY_IMPORT_PARITY,,,False,NO_FREIGHT_DATA
2019-02-07,False,1862.5,1891.0,-28.5,1291800,71.4725,False,ECB_CROSS,0.0625,0.025,0.06427,0.023868,False,USD:UST13W|INR:OECD_IR3TIB,0.039835,71.6917,72.1667,144.0997,144.6326,145.3684,2019-02-28,2019-03-29,PROXY_IMPORT_PARITY,,,False,NO_FREIGHT_DATA
2019-02-08,False,1865.0,1889.5,-24.5,1296800,71.2723,False,ECB_CROSS,0.0625,0.025,0.06427,0.023967,False,USD:UST13W|INR:OECD_IR3TIB,0.039734,71.4904,71.9628,143.889,144.3957,145.1305,2019-02-28,2019-03-29,PROXY_IMPORT_PARITY,,,False,NO_FREIGHT_DATA
2019-02-11,False,1848.0,1869.5,-21.5,1292175,71.1363,False,ECB_CROSS,0.0625,0.025,0.06427,0.024164,False,USD:UST13W|INR:OECD_IR3TIB,0.039534,71.3529,71.822,142.3053,142.7313,143.458,2019-02-28,2019-03-29,PROXY_IMPORT_PARITY,,,False,NO_FREIGHT_DATA
2019-02-12,False,1840.5,1866.0,-25.5,1286025,70.6454,False,ECB_CROSS,0.0625,0.025,0.06427,0.023967,False,USD:UST13W|INR:OECD_IR3TIB,0.039734,70.8616,71.3298,140.7497,141.1463,141.865,2019-02-28,2019-03-29,PROXY_IMPORT_PARITY,,,False,NO_FREIGHT_DATA
2019-02-13,False,1840.0,1865.0,-25.0,1280875,70.8235,False,ECB_CROSS,0.0625,0.025,0.06427,0.024066,False,USD:UST13W|INR:OECD_IR3TIB,0.039634,71.0397,71.508,141.0662,141.4388,142.1592,2019-02-28,2019-03-29,PROXY_IMPORT_PARITY,,,False,NO_FREIGHT_DATA
2019-02-14,False,1829.0,1851.0,-22.0,1273500,71.1777,False,ECB_CROSS,0.0625,0.025,0.06427,0.023967,False,USD:UST13W|INR:OECD_IR3TIB,0.039734,71.3955,71.8673,140.9242,141.2716,141.9912,2019-02-28,2019-03-29,PROXY_IMPORT_PARITY,,,False,NO_FREIGHT_DATA
2019-02-15,False,1828.5,1863.0,-34.5,1266600,71.3686,False,ECB_CROSS,0.0625,0.025,0.06427,0.023967,False,USD:UST13W|INR:OECD_IR3TIB,0.039734,71.587,72.06,141.2635,141.5869,142.3082,2019-02-28,2019-03-29,PROXY_IMPORT_PARITY,,,False,NO_FREIGHT_DATA
2019-02-18,False,1822.5,1854.0,-31.5,1260325,71.4014,False,ECB_CROSS,0.0625,0.025,0.06427,0.023967,True,USD:UST13W|INR:OECD_IR3TIB,0.039734,71.6199,72.0932,140.8647,141.1127,141.832,2019-02-28,2019-03-29,PROXY_IMPORT_PARITY,,,False,NO_FREIGHT_DATA
2019-02-19,False,1833.5,1862.0,-28.5,1255725,71.4525,False,ECB_CROSS,0.0625,0.025,0.06427,0.024263,False,USD:UST13W|INR:OECD_IR3TIB,0.039433,71.6696,72.1396,141.8163,142.0411,142.7652,2019-02-28,2019-03-29,PROXY_IMPORT_PARITY,,,False,NO_FREIGHT_DATA
2019-02-20,False,1829.5,1856.0,-26.5,1250000,71.1546,False,ECB_CROSS,0.0625,0.025,0.06427,0.024164,False,USD:UST13W|INR:OECD_IR3TIB,0.039534,71.3712,71.8405,140.917,141.1155,141.8351,2019-02-28,2019-03-29,PROXY_IMPORT_PARITY,,,False,NO_FREIGHT_DATA
2019-02-21,False,1858.5,1877.0,-18.5,1244050,71.1146,False,ECB_CROSS,0.0625,0.025,0.06427,0.024164,False,USD:UST13W|INR:OECD_IR3TIB,0.039534,71.3311,71.8001,143.0702,143.2466,143.9771,2019-02-28,2019-03-29,PROXY_IMPORT_PARITY,,,False,NO_FREIGHT_DATA
2019-02-22,False,1890.5,1911.5,-21.0,1239800,71.1285,False,ECB_CROSS,0.0625,0.025,0.06427,0.024263,False,USD:UST13W|INR:OECD_IR3TIB,0.039433,71.3445,71.8124,145.5621,145.7159,146.4592,2019-02-28,2019-03-29,PROXY_IMPORT_PARITY,,,False,NO_FREIGHT_DATA
2019-02-25,False,1886.0,1912.0,-26.0,1235100,70.9216,False,ECB_CROSS,0.0625,0.025,0.06427,0.024362,False,USD:UST13W|INR:OECD_IR3TIB,0.039333,71.1365,71.6018,144.7932,144.8697,145.609,2019-02-28,2019-03-29,PROXY_IMPORT_PARITY,,,False,NO_FREIGHT_DATA
2019-02-26,False,1870.0,1899.0,-29.0,1228475,71.1672,False,ECB_CROSS,0.0625,0.025,0.06427,0.024164,False,USD:UST13W|INR:OECD_IR3TIB,0.039534,71.3839,71.8532,144.062,144.1127,144.8484,2019-02-28,2019-03-29,PROXY_IMPORT_PARITY,,,False,NO_FREIGHT_DATA
2019-02-27,False,1898.5,1921.5,-23.0,1224075,71.2792,False,ECB_CROSS,0.0625,0.025,0.06427,0.024164,False,USD:UST13W|INR:OECD_IR3TIB,0.039534,71.4963,71.9663,146.4878,146.5135,147.2616,2019-02-28,2019-03-29,PROXY_IMPORT_PARITY,,,False,NO_FREIGHT_DATA
2019-02-28,False,1893.0,1916.0,-23.0,1219700,70.858,False,ECB_CROSS,0.0625,0.025,0.06427,0.024164,False,USD:UST13W|INR:OECD_IR3TIB,0.039534,71.0738,71.5411,145.2003,145.2003,145.9417,2019-02-28,2019-03-29,PROXY_IMPORT_PARITY,,,False,NO_FREIGHT_DATA
2019-03-01,False,1890.5,1910.5,-20.0,1232950,70.8908,False,ECB_CROSS,0.0625,0.025,0.063563,0.024066,False,USD:UST13W|INR:OECD_IR3TIB,0.038924,71.1261,71.5863,145.0756,145.783,146.5915,2019-03-29,2019-04-30,PROXY_IMPORT_PARITY,,,False,NO_FREIGHT_DATA
2019-03-04,False,1859.5,1878.5,-19.0,1230225,70.8856,False,ECB_CROSS,0.0625,0.025,0.063563,0.024362,False,USD:UST13W|INR:OECD_IR3TIB,0.038623,71.1191,71.5757,142.6862,143.3074,144.1026,2019-03-29,2019-04-30,PROXY_IMPORT_PARITY,,,False,NO_FREIGHT_DATA
2019-03-05,False,1868.5,1890.0,-21.5,1233150,70.5587,False,ECB_CROSS,0.0625,0.025,0.063563,0.024362,False,USD:UST13W|INR:OECD_IR3TIB,0.038623,70.7911,71.2456,142.7156,143.3121,144.1074,2019-03-29,2019-04-30,PROXY_IMPORT_PARITY,,,False,NO_FREIGHT_DATA
2019-03-06,False,1846.0,1868.5,-22.5,1234900,70.2627,False,ECB_CROSS,0.0625,0.025,0.063563,0.024362,False,USD:UST13W|INR:OECD_IR3TIB,0.038623,70.4941,70.9467,140.4056,140.968,141.7504,2019-03-29,2019-04-30,PROXY_IMPORT_PARITY,,,False,NO_FREIGHT_DATA
2019-03-07,False,1841.0,1864.0,-23.0,1229000,69.9885,False,ECB_CROSS,0.0625,0.025,0.063563,0.024164,False,USD:UST13W|INR:OECD_IR3TIB,0.038823,70.2202,70.6733,139.4789,140.0132,140.7905,2019-03-29,2019-04-30,PROXY_IMPORT_PARITY,,,False,NO_FREIGHT_DATA
2019-03-08,False,1848.0,1872.0,-24.0,1221375,70.1595,False,ECB_CROSS,0.0625,0.025,0.063563,0.024263,False,USD:UST13W|INR:OECD_IR3TIB,0.038723,70.3912,70.8443,140.3513,140.8645,141.6467,2019-03-29,2019-04-30,PROXY_IMPORT_PARITY,,,False,NO_FREIGHT_DATA
2019-03-11,False,1830.0,1858.0,-28.0,1213125,69.8568,False,ECB_CROSS,0.0625,0.025,0.063563,0.024362,False,USD:UST13W|INR:OECD_IR3TIB,0.038623,70.0869,70.5369,138.3846,138.8184,139.5895,2019-03-29,2019-04-30,PROXY_IMPORT_PARITY,,,False,NO_FREIGHT_DATA
2019-03-12,False,1851.0,1878.0,-27.0,1205725,69.6386,False,ECB_CROSS,0.0625,0.025,0.063563,0.024362,False,USD:UST13W|INR:OECD_IR3TIB,0.038623,69.868,70.3165,139.5354,139.9485,140.7261,2019-03-29,2019-04-30,PROXY_IMPORT_PARITY,,,False,NO_FREIGHT_DATA
2019-03-13,False,1873.0,1897.0,-24.0,1198375,69.5939,False,ECB_CROSS,0.0625,0.025,0.063563,0.024164,False,USD:UST13W|INR:OECD_IR3TIB,0.038823,69.8243,70.2749,141.1032,141.4964,142.2827,2019-03-29,2019-04-30,PROXY_IMPORT_PARITY,,,False,NO_FREIGHT_DATA
2019-03-14,False,1873.5,1898.0,-24.5,1189025,69.4759,False,ECB_CROSS,0.0625,0.025,0.063563,0.024164,False,USD:UST13W|INR:OECD_IR3TIB,0.038823,69.7059,70.1557,140.9016,141.2696,142.0548,2019-03-29,2019-04-30,PROXY_IMPORT_PARITY,,,False,NO_FREIGHT_DATA
2019-03-15,False,1868.0,1892.0,-24.0,1182850,69.0432,False,ECB_CROSS,0.0625,0.025,0.063563,0.024164,False,USD:UST13W|INR:OECD_IR3TIB,0.038823,69.2717,69.7188,139.6129,139.9533,140.7313,2019-03-29,2019-04-30,PROXY_IMPORT_PARITY,,,False,NO_FREIGHT_DATA
2019-03-18,False,1879.0,1899.0,-20.0,1175650,68.5356,False,ECB_CROSS,0.0625,0.025,0.063563,0.024066,False,USD:UST13W|INR:OECD_IR3TIB,0.038924,68.763,69.2079,139.4026,139.6696,140.4465,2019-03-29,2019-04-30,PROXY_IMPORT_PARITY,,,False,NO_FREIGHT_DATA
2019-03-19,False,1907.5,1935.0,-27.5,1178375,68.9831,False,ECB_CROSS,0.0625,0.025,0.063563,0.024362,False,USD:UST13W|INR:OECD_IR3TIB,0.038623,69.2103,69.6546,142.441,142.6891,143.4829,2019-03-29,2019-04-30,PROXY_IMPORT_PARITY,,,False,NO_FREIGHT_DATA
2019-03-20,False,1923.0,1944.5,-21.5,1172100,68.818,False,ECB_CROSS,0.0625,0.025,0.063563,0.02446,False,USD:UST13W|INR:OECD_IR3TIB,0.038522,69.0441,69.4862,143.2548,143.4793,144.2777,2019-03-29,2019-04-30,PROXY_IMPORT_PARITY,,,False,NO_FREIGHT_DATA
2019-03-21,False,1891.0,1920.0,-29.0,1166100,68.562,False,ECB_CROSS,0.0625,0.025,0.063563,0.024559,False,USD:UST13W|INR:OECD_IR3TIB,0.038422,68.7866,69.2259,140.3469,140.5425,141.3246,2019-03-29,2019-04-30,PROXY_IMPORT_PARITY,,,False,NO_FREIGHT_DATA
2019-03-22,False,1867.0,1893.5,-26.5,1160275,68.9772,False,ECB_CROSS,0.0625,0.025,0.063563,0.024263,False,USD:UST13W|INR:OECD_IR3TIB,0.038723,69.205,69.6504,139.4048,139.5748,140.3516,2019-03-29,2019-04-30,PROXY_IMPORT_PARITY,,,False,NO_FREIGHT_DATA
2019-03-25,False,1856.0,1887.0,-31.0,1155450,68.9148,False,ECB_CROSS,0.0625,0.025,0.063563,0.024362,False,USD:UST13W|INR:OECD_IR3TIB,0.038623,69.1418,69.5857,138.4581,138.5546,139.3261,2019-03-29,2019-04-30,PROXY_IMPORT_PARITY,,,False,NO_FREIGHT_DATA
2019-03-26,False,1849.5,1876.0,-26.5,1149725,68.865,False,ECB_CROSS,0.0625,0.025,0.063563,0.024362,False,USD:UST13W|INR:OECD_IR3TIB,0.038623,69.0919,69.5354,137.8735,137.9455,138.7138,2019-03-29,2019-04-30,PROXY_IMPORT_PARITY,,,False,NO_FREIGHT_DATA
2019-03-27,False,1898.5,1914.5,-16.0,1142725,69.1413,False,ECB_CROSS,0.0625,0.025,0.063563,0.024066,False,USD:UST13W|INR:OECD_IR3TIB,0.038924,69.3708,69.8196,142.0941,142.1436,142.9354,2019-03-29,2019-04-30,PROXY_IMPORT_PARITY,,,False,NO_FREIGHT_DATA
2019-03-28,False,1896.5,1912.0,-15.5,1134950,69.3319,False,ECB_CROSS,0.0625,0.025,0.063563,0.023967,False,USD:UST13W|INR:OECD_IR3TIB,0.039024,69.5626,70.0138,142.3357,142.3605,143.1537,2019-03-29,2019-04-30,PROXY_IMPORT_PARITY,,,False,NO_FREIGHT_DATA
2019-03-29,False,1900.0,1914.0,-14.0,1129175,69.1758,False,ECB_CROSS,0.0625,0.025,0.063563,0.023671,False,USD:UST13W|INR:OECD_IR3TIB,0.039325,69.4078,69.8615,142.2773,142.2773,143.0702,2019-03-29,2019-04-30,PROXY_IMPORT_PARITY,,,False,NO_FREIGHT_DATA
2019-04-01,False,1888.0,1913.0,-25.0,1122825,69.3205,False,ECB_CROSS,0.0625,0.025,0.065296,0.023967,False,USD:UST13W|INR:OECD_IR3TIB,0.040749,69.5536,70.0247,141.6745,142.4095,143.1951,2019-04-30,2019-05-31,PROXY_IMPORT_PARITY,,,False,NO_FREIGHT_DATA
2019-04-02,False,1858.0,1884.0,-26.0,1115000,68.7531,False,ECB_CROSS,0.0625,0.025,0.065296,0.023868,False,USD:UST13W|INR:OECD_IR3TIB,0.040849,68.9849,69.4533,138.2821,138.9747,139.7416,2019-04-30,2019-05-31,PROXY_IMPORT_PARITY,,,False,NO_FREIGHT_DATA
2019-04-03,False,1865.0,1894.0,-29.0,1108825,68.4252,False,ECB_CROSS,0.0625,0.025,0.065296,0.024066,False,USD:UST13W|INR:OECD_IR3TIB,0.040648,68.6548,69.1187,138.1411,138.8083,139.5744,2019-04-30,2019-05-31,PROXY_IMPORT_PARITY,,,False,NO_FREIGHT_DATA
2019-04-04,False,1872.0,1892.5,-20.5,1110275,69.1621,False,ECB_CROSS,0.06,0.025,0.062796,0.024066,False,USD:UST13W|INR:OECD_IR3TIB,0.038164,69.38,69.8202,140.1528,140.7798,141.5273,2019-04-30,2019-05-31,PROXY_IMPORT_PARITY,,,False,NO_FREIGHT_DATA
2019-04-05,False,1864.0,1886.5,-22.5,1104525,69.2486,False,ECB_CROSS,0.06,0.025,0.062796,0.024066,False,USD:UST13W|INR:OECD_IR3TIB,0.038164,69.4667,69.9075,139.7284,140.3294,141.0746,2019-04-30,2019-05-31,PROXY_IMPORT_PARITY,,,False,NO_FREIGHT_DATA
2019-04-08,False,1858.5,1883.0,-24.5,1098925,69.6439,False,ECB_CROSS,0.06,0.025,0.062796,0.023967,False,USD:UST13W|INR:OECD_IR3TIB,0.038264,69.8638,70.3083,140.1114,140.6417,141.389,2019-04-30,2019-05-31,PROXY_IMPORT_PARITY,,,False,NO_FREIGHT_DATA
2019-04-09,False,1851.0,1876.5,-25.5,1094600,69.334,False,ECB_CROSS,0.06,0.025,0.062796,0.023868,False,USD:UST13W|INR:OECD_IR3TIB,0.038364,69.5536,69.9972,138.9251,139.427,140.1679,2019-04-30,2019-05-31,PROXY_IMPORT_PARITY,,,False,NO_FREIGHT_DATA
2019-04-10,False,1852.0,1876.0,-24.0,1090625,69.1502,False,ECB_CROSS,0.06,0.025,0.062796,0.023967,False,USD:UST13W|INR:OECD_IR3TIB,0.038264,69.3685,69.8099,138.6316,139.1086,139.848,2019-04-30,2019-05-31,PROXY_IMPORT_PARITY,,,False,NO_FREIGHT_DATA
2019-04-11,False,1847.5,1863.5,-16.0,1086075,68.968,False,ECB_CROSS,0.06,0.025,0.062796,0.023967,False,USD:UST13W|INR:OECD_IR3TIB,0.038264,69.1857,69.6259,137.9304,138.3813,139.1169,2019-04-30,2019-05-31,PROXY_IMPORT_PARITY,,,False,NO_FREIGHT_DATA
2019-04-12,False,1843.5,1865.0,-21.5,1081975,69.156,False,ECB_CROSS,0.06,0.025,0.062796,0.024066,False,USD:UST13W|INR:OECD_IR3TIB,0.038164,69.3738,69.814,138.0069,138.4343,139.1704,2019-04-30,2019-05-31,PROXY_IMPORT_PARITY,,,False,NO_FREIGHT_DATA
2019-04-15,False,1843.5,1860.0,-16.5,1074450,69.425,False,ECB_CROSS,0.06,0.025,0.062796,0.023967,False,USD:UST13W|INR:OECD_IR3TIB,0.038264,69.6442,70.0873,138.5437,138.9013,139.6402,2019-04-30,2019-05-31,PROXY_IMPORT_PARITY,,,False,NO_FREIGHT_DATA
2019-04-16,False,1839.0,1856.0,-17.0,1068325,69.5661,False,ECB_CROSS,0.06,0.025,0.062796,0.023967,False,USD:UST13W|INR:OECD_IR3TIB,0.038264,69.7858,70.2298,138.4865,138.82,139.5586,2019-04-30,2019-05-31,PROXY_IMPORT_PARITY,,,False,NO_FREIGHT_DATA
2019-04-17,False,1840.5,1858.0,-17.5,1060800,69.4248,False,ECB_CROSS,0.06,0.025,0.062796,0.024066,False,USD:UST13W|INR:OECD_IR3TIB,0.038164,69.6435,70.0854,138.3179,138.6273,139.3649,2019-04-30,2019-05-31,PROXY_IMPORT_PARITY,,,False,NO_FREIGHT_DATA
2019-04-18,False,1839.0,1854.5,-15.5,1053925,69.3938,False,ECB_CROSS,0.06,0.025,0.062796,0.023868,False,USD:UST13W|INR:OECD_IR3TIB,0.038364,69.6135,70.0575,138.1435,138.4287,139.1654,2019-04-30,2019-05-31,PROXY_IMPORT_PARITY,,,False,NO_FREIGHT_DATA
2019-04-23,False,1855.0,1871.0,-16.0,1047100,69.6421,False,ECB_CROSS,0.06,0.025,0.062796,0.024164,False,USD:UST13W|INR:OECD_IR3TIB,0.038063,69.8608,70.3029,139.8439,140.0124,140.7582,2019-04-30,2019-05-31,PROXY_IMPORT_PARITY,,,False,NO_FREIGHT_DATA
2019-04-24,False,1854.0,1872.0,-18.0,1032925,69.8501,False,ECB_CROSS,0.06,0.025,0.062796,0.024066,False,USD:UST13W|INR:OECD_IR3TIB,0.038164,70.0701,70.5147,140.186,140.3307,141.0784,2019-04-30,2019-05-31,PROXY_IMPORT_PARITY,,,False,NO_FREIGHT_DATA
2019-04-25,False,1852.0,1862.0,-10.0,1027800,70.2859,False,ECB_CROSS,0.06,0.025,0.062796,0.023967,False,USD:UST13W|INR:OECD_IR3TIB,0.038264,70.5078,70.9564,140.9085,141.0297,141.7812,2019-04-30,2019-05-31,PROXY_IMPORT_PARITY,,,False,NO_FREIGHT_DATA
2019-04-26,False,1832.0,1849.0,-17.0,1020875,70.0166,False,ECB_CROSS,0.06,0.025,0.062796,0.023868,False,USD:UST13W|INR:OECD_IR3TIB,0.038364,70.2383,70.6863,138.8527,138.9483,139.6888,2019-04-30,2019-05-31,PROXY_IMPORT_PARITY,,,False,NO_FREIGHT_DATA
2019-04-29,False,1816.0,1831.5,-15.5,1069075,69.8327,False,ECB_CROSS,0.06,0.025,0.062796,0.024066,False,USD:UST13W|INR:OECD_IR3TIB,0.038164,70.0527,70.4972,137.2785,137.3021,138.0343,2019-04-30,2019-05-31,PROXY_IMPORT_PARITY,,,False,NO_FREIGHT_DATA
2019-04-30,False,1809.0,1817.5,-8.5,1074650,69.5859,False,ECB_CROSS,0.06,0.025,0.062796,0.023967,False,USD:UST13W|INR:OECD_IR3TIB,0.038264,69.8057,70.2498,136.2661,136.2661,136.9928,2019-04-30,2019-05-31,PROXY_IMPORT_PARITY,,,False,NO_FREIGHT_DATA
2019-05-01,False,1775.5,1789.0,-13.5,1135300,69.5859,True,ECB_CROSS,0.06,0.025,0.062796,0.023967,True,USD:UST13W|INR:OECD_IR3TIB,0.038264,69.8057,70.2498,133.7426,134.4329,135.0772,2019-05-31,2019-06-28,PROXY_IMPORT_PARITY,,,False,NO_FREIGHT_DATA
2019-05-02,False,1800.5,1817.5,-17.0,1227650,69.3739,False,ECB_CROSS,0.06,0.025,0.063729,0.024362,False,USD:UST13W|INR:OECD_IR3TIB,0.038787,69.6034,70.0521,135.2126,135.8972,136.5583,2019-05-31,2019-06-28,PROXY_IMPORT_PARITY,,,False,NO_FREIGHT_DATA
2019-05-03,False,1783.5,1811.0,-27.5,1250250,69.2595,False,ECB_CROSS,0.06,0.025,0.063729,0.023967,False,USD:UST13W|INR:OECD_IR3TIB,0.039189,69.491,69.9437,133.7151,134.3688,135.0225,2019-05-31,2019-06-28,PROXY_IMPORT_PARITY,,,False,NO_FREIGHT_DATA
2019-05-07,False,1767.0,1798.5,-31.5,1263400,69.4144,False,ECB_CROSS,0.06,0.025,0.063729,0.023967,False,USD:UST13W|INR:OECD_IR3TIB,0.039189,69.6464,70.1001,132.7743,133.3307,133.9798,2019-05-31,2019-06-28,PROXY_IMPORT_PARITY,,,False,NO_FREIGHT_DATA
2019-05-08,False,1761.0,1800.0,-39.0,1275200,69.7023,False,ECB_CROSS,0.06,0.025,0.063729,0.023967,False,USD:UST13W|INR:OECD_IR3TIB,0.039189,69.9352,70.3908,132.8723,133.4059,134.0554,2019-05-31,2019-06-28,PROXY_IMPORT_PARITY,,,False,NO_FREIGHT_DATA
2019-05-09,False,1766.5,1799.0,-32.5,1274450,69.9933,False,ECB_CROSS,0.06,0.025,0.063729,0.023967,False,USD:UST13W|INR:OECD_IR3TIB,0.039189,70.2272,70.6847,133.8437,134.3578,135.0122,2019-05-31,2019-06-28,PROXY_IMPORT_PARITY,,,False,NO_FREIGHT_DATA
2019-05-10,False,1765.0,1800.5,-35.5,1266575,69.9978,False,ECB_CROSS,0.06,0.025,0.063729,0.023967,False,USD:UST13W|INR:OECD_IR3TIB,0.039189,70.2317,70.6892,133.7387,134.229,134.8829,2019-05-31,2019-06-28,PROXY_IMPORT_PARITY,,,False,NO_FREIGHT_DATA
2019-05-13,False,1765.5,1801.0,-35.5,1261450,70.5576,False,ECB_CROSS,0.06,0.025,0.063729,0.02377,False,USD:UST13W|INR:OECD_IR3TIB,0.03939,70.7946,71.2581,134.8464,135.2702,135.9295,2019-05-31,2019-06-28,PROXY_IMPORT_PARITY,,,False,NO_FREIGHT_DATA
2019-05-14,False,1792.0,1823.0,-31.0,1255450,70.4058,False,ECB_CROSS,0.06,0.025,0.063729,0.02377,False,USD:UST13W|INR:OECD_IR3TIB,0.03939,70.6422,71.1048,136.576,136.9814,137.6491,2019-05-31,2019-06-28,PROXY_IMPORT_PARITY,,,False,NO_FREIGHT_DATA
2019-05-15,False,1802.0,1832.0,-30.0,1250250,70.3555,False,ECB_CROSS,0.06,0.025,0.063729,0.023868,False,USD:UST13W|INR:OECD_IR3TIB,0.039289,70.5912,71.0522,137.24,137.6234,138.2943,2019-05-31,2019-06-28,PROXY_IMPORT_PARITY,,,False,NO_FREIGHT_DATA
2019-05-16,False,1832.0,1862.0,-30.0,1244850,70.0428,False,ECB_CROSS,0.06,0.025,0.063729,0.023671,False,USD:UST13W|INR:OECD_IR3TIB,0.03949,70.2787,70.74,138.9047,139.2685,139.9475,2019-05-31,2019-06-28,PROXY_IMPORT_PARITY,,,False,NO_FREIGHT_DATA
2019-05-17,False,1805.0,1835.0,-30.0,1239975,70.205,False,ECB_CROSS,0.06,0.025,0.063729,0.023573,False,USD:UST13W|INR:OECD_IR3TIB,0.03959,70.442,70.9055,137.1744,137.5097,138.1804,2019-05-31,2019-06-28,PROXY_IMPORT_PARITY,,,False,NO_FREIGHT_DATA
2019-05-20,False,1786.0,1819.5,-33.5,1231200,69.657,False,ECB_CROSS,0.06,0.025,0.063729,0.023573,False,USD:UST13W|INR:OECD_IR3TIB,0.03959,69.8922,70.3521,134.671,134.9297,135.588,2019-05-31,2019-06-28,PROXY_IMPORT_PARITY,,,False,NO_FREIGHT_DATA
2019-05-21,False,1766.0,1805.0,-39.0,1225400,69.6918,False,ECB_CROSS,0.06,0.025,0.063729,0.023573,False,USD:UST13W|INR:OECD_IR3TIB,0.03959,69.9271,70.3872,133.2295,133.4621,134.1134,2019-05-31,2019-06-28,PROXY_IMPORT_PARITY,,,False,NO_FREIGHT_DATA
2019-05-22,False,1747.0,1781.5,-34.5,1222625,69.6983,False,ECB_CROSS,0.06,0.025,0.063729,0.023474,False,USD:UST13W|INR:OECD_IR3TIB,0.039691,69.9342,70.3956,131.8084,132.0155,132.6599,2019-05-31,2019-06-28,PROXY_IMPORT_PARITY,,,False,NO_FREIGHT_DATA
2019-05-23,False,1740.0,1770.5,-30.5,1214025,69.9479,False,ECB_CROSS,0.06,0.025,0.063729,0.023375,False,USD:UST13W|INR:OECD_IR3TIB,0.039791,70.1853,70.6495,131.7504,131.9344,132.5785,2019-05-31,2019-06-28,PROXY_IMPORT_PARITY,,,False,NO_FREIGHT_DATA
2019-05-24,False,1761.5,1795.0,-33.5,1208900,69.545,False,ECB_CROSS,0.06,0.025,0.063729,0.023178,False,USD:UST13W|INR:OECD_IR3TIB,0.039992,69.7821,70.246,132.6101,132.7721,133.4204,2019-05-31,2019-06-28,PROXY_IMPORT_PARITY,,,False,NO_FREIGHT_DATA
2019-05-28,False,1773.0,1804.0,-31.0,1200800,69.6055,False,ECB_CROSS,0.06,0.025,0.063729,0.023375,False,USD:UST13W|INR:OECD_IR3TIB,0.039791,69.8417,70.3036,133.5919,133.6619,134.315,2019-05-31,2019-06-28,PROXY_IMPORT_PARITY,,,False,NO_FREIGHT_DATA
2019-05-29,False,1770.0,1797.0,-27.0,1177250,69.8212,False,ECB_CROSS,0.06,0.025,0.063729,0.023375,False,USD:UST13W|INR:OECD_IR3TIB,0.039791,70.0581,70.5214,133.7792,133.8259,134.4799,2019-05-31,2019-06-28,PROXY_IMPORT_PARITY,,,False,NO_FREIGHT_DATA
2019-05-30,False,1762.0,1787.0,-25.0,1164975,69.8864,False,ECB_CROSS,0.06,0.025,0.063729,0.023474,False,USD:UST13W|INR:OECD_IR3TIB,0.039691,70.1229,70.5855,133.2989,133.3221,133.9738,2019-05-31,2019-06-28,PROXY_IMPORT_PARITY,,,False,NO_FREIGHT_DATA
2019-05-31,False,1761.0,1788.5,-27.5,1155025,69.7166,False,ECB_CROSS,0.06,0.025,0.063729,0.023178,False,USD:UST13W|INR:OECD_IR3TIB,0.039992,69.9467,70.4194,132.8995,132.8995,133.5493,2019-05-31,2019-06-28,PROXY_IMPORT_PARITY,,,False,NO_FREIGHT_DATA
2019-06-03,False,1763.5,1788.5,-25.0,1141100,69.2642,False,ECB_CROSS,0.06,0.025,0.062131,0.023178,False,USD:UST13W|INR:OECD_IR3TIB,0.038404,69.4837,69.9347,132.2246,132.7873,133.53,2019-06-28,2019-07-31,PROXY_IMPORT_PARITY,,,False,NO_FREIGHT_DATA
2019-06-04,False,1751.5,1776.0,-24.5,1131900,69.2583,False,ECB_CROSS,0.06,0.025,0.062131,0.023178,False,USD:UST13W|INR:OECD_IR3TIB,0.038404,69.4778,69.9287,131.3137,131.8501,132.5877,2019-06-28,2019-07-31,PROXY_IMPORT_PARITY,,,False,NO_FREIGHT_DATA
2019-06-05,False,1766.0,1794.0,-28.0,1119350,69.3324,False,ECB_CROSS,0.06,0.025,0.062131,0.023178,False,USD:UST13W|INR:OECD_IR3TIB,0.038404,69.5521,70.0035,132.5424,133.0613,133.8059,2019-06-28,2019-07-31,PROXY_IMPORT_PARITY,,,False,NO_FREIGHT_DATA
2019-06-06,False,1742.5,1774.0,-31.5,1114125,69.2508,False,ECB_CROSS,0.0575,0.025,0.059631,0.022981,False,USD:UST13W|INR:OECD_IR3TIB,0.036119,69.4572,69.8813,130.6248,131.0942,131.7985,2019-06-28,2019-07-31,PROXY_IMPORT_PARITY,,,False,NO_FREIGHT_DATA
2019-06-07,False,1733.0,1765.5,-32.5,1111475,69.4864,False,ECB_CROSS,0.0575,0.025,0.059631,0.022488,False,USD:UST13W|INR:OECD_IR3TIB,0.036621,69.6963,70.1278,130.3546,130.8018,131.5046,2019-06-28,2019-07-31,PROXY_IMPORT_PARITY,,,False,NO_FREIGHT_DATA
2019-06-10,False,1720.5,1753.0,-32.5,1105750,69.5907,False,ECB_CROSS,0.0575,0.025,0.059631,0.022586,False,USD:UST13W|INR:OECD_IR3TIB,0.03652,69.8004,70.2313,129.6086,129.9897,130.6885,2019-06-28,2019-07-31,PROXY_IMPORT_PARITY,,,False,NO_FREIGHT_DATA
2019-06-11,False,1754.5,1784.0,-29.5,1096300,69.4483,False,ECB_CROSS,0.0575,0.025,0.059631,0.022389,False,USD:UST13W|INR:OECD_IR3TIB,0.036721,69.6587,70.0911,131.8994,132.2658,132.9769,2019-06-28,2019-07-31,PROXY_IMPORT_PARITY,,,False,NO_FREIGHT_DATA
2019-06-12,False,1753.5,1786.0,-32.5,1085475,69.32,False,ECB_CROSS,0.0575,0.025,0.059631,0.022093,False,USD:UST13W|INR:OECD_IR3TIB,0.037022,69.5317,69.9668,131.5807,131.9247,132.634,2019-06-28,2019-07-31,PROXY_IMPORT_PARITY,,,False,NO_FREIGHT_DATA
2019-06-13,False,1756.0,1788.0,-32.0,1075750,69.5141,False,ECB_CROSS,0.0575,0.025,0.059631,0.0216,False,USD:UST13W|INR:OECD_IR3TIB,0.037524,69.7293,70.1716,132.1373,132.4611,133.1735,2019-06-28,2019-07-31,PROXY_IMPORT_PARITY,,,False,NO_FREIGHT_DATA
2019-06-14,False,1737.5,1771.0,-33.5,1064625,69.7807,False,ECB_CROSS,0.0575,0.025,0.059631,0.021699,False,USD:UST13W|INR:OECD_IR3TIB,0.037424,69.9962,70.439,131.2466,131.5468,132.2544,2019-06-28,2019-07-31,PROXY_IMPORT_PARITY,,,False,NO_FREIGHT_DATA
2019-06-17,False,1719.5,1754.5,-35.0,1055075,69.9457,False,ECB_CROSS,0.0575,0.025,0.059631,0.021995,False,USD:UST13W|INR:OECD_IR3TIB,0.037122,70.1599,70.6002,130.194,130.428,131.1299,2019-06-28,2019-07-31,PROXY_IMPORT_PARITY,,,False,NO_FREIGHT_DATA
2019-06-18,False,1733.0,1763.0,-30.0,1046850,69.7242,False,ECB_CROSS,0.0575,0.025,0.059631,0.021896,False,USD:UST13W|INR:OECD_IR3TIB,0.037223,69.9384,70.3784,130.8007,131.0144,131.7196,2019-06-28,2019-07-31,PROXY_IMPORT_PARITY,,,False,NO_FREIGHT_DATA
2019-06-19,False,1746.5,1776.5,-30.0,1038700,69.6667,False,ECB_CROSS,0.0575,0.025,0.059631,0.021501,False,USD:UST13W|INR:OECD_IR3TIB,0.037624,69.883,70.3274,131.7109,131.9046,132.6147,2019-06-28,2019-07-31,PROXY_IMPORT_PARITY,,,False,NO_FREIGHT_DATA
2019-06-20,False,1778.0,1803.0,-25.0,1031625,69.4318,False,ECB_CROSS,0.0575,0.025,0.059631,0.021107,False,USD:UST13W|INR:OECD_IR3TIB,0.038026,69.6496,70.0972,133.6343,133.809,134.5295,2019-06-28,2019-07-31,PROXY_IMPORT_PARITY,,,False,NO_FREIGHT_DATA
2019-06-21,False,1743.5,1767.5,-24.0,1023450,69.5462,False,ECB_CROSS,0.0575,0.025,0.059631,0.02091,False,USD:UST13W|INR:OECD_IR3TIB,0.038227,69.7655,70.2163,131.2572,131.4073,132.115,2019-06-28,2019-07-31,PROXY_IMPORT_PARITY,,,False,NO_FREIGHT_DATA
2019-06-24,False,1747.5,1773.0,-25.5,1016025,69.4107,False,ECB_CROSS,0.0575,0.025,0.059631,0.021008,False,USD:UST13W|INR:OECD_IR3TIB,0.038126,69.629,70.0777,131.3021,131.3879,132.0957,2019-06-28,2019-07-31,PROXY_IMPORT_PARITY,,,False,NO_FREIGHT_DATA
2019-06-25,False,1776.5,1801.0,-24.5,1007300,69.3471,False,ECB_CROSS,0.0575,0.025,0.059631,0.02091,False,USD:UST13W|INR:OECD_IR3TIB,0.038227,69.5658,70.0153,133.3587,133.4241,134.1431,2019-06-28,2019-07-31,PROXY_IMPORT_PARITY,,,False,NO_FREIGHT_DATA
2019-06-26,False,1803.0,1825.0,-22.0,998600,69.152,False,ECB_CROSS,0.0575,0.025,0.059631,0.021205,False,USD:UST13W|INR:OECD_IR3TIB,0.037926,69.3683,69.813,134.9672,135.0113,135.739,2019-06-28,2019-07-31,PROXY_IMPORT_PARITY,,,False,NO_FREIGHT_DATA
2019-06-27,False,1782.0,1804.0,-22.0,1003750,69.1007,False,ECB_CROSS,0.0575,0.025,0.059631,0.021107,False,USD:UST13W|INR:OECD_IR3TIB,0.038026,69.3175,69.763,133.2963,133.3181,134.0367,2019-06-28,2019-07-31,PROXY_IMPORT_PARITY,,,False,NO_FREIGHT_DATA
2019-06-28,False,1773.5,1793.5,-20.0,996725,69.0018,False,ECB_CROSS,0.0575,0.025,0.059631,0.021008,False,USD:UST13W|INR:OECD_IR3TIB,0.038126,69.2188,69.6649,132.4706,132.4706,133.1848,2019-06-28,2019-07-31,PROXY_IMPORT_PARITY,,,False,NO_FREIGHT_DATA
2019-07-01,False,1778.0,1803.5,-25.5,989125,68.9365,False,ECB_CROSS,0.0575,0.025,0.058293,0.021797,False,USD:UST13W|INR:OECD_IR3TIB,0.035992,69.148,69.5619,132.681,133.3167,133.9525,2019-07-31,2019-08-30,PROXY_IMPORT_PARITY,,,False,NO_FREIGHT_DATA
2019-07-02,False,1755.5,1780.0,-24.5,984450,68.9567,False,ECB_CROSS,0.0575,0.025,0.058293,0.021699,False,USD:UST13W|INR:OECD_IR3TIB,0.036093,69.1689,69.5841,131.0404,131.6473,132.2752,2019-07-31,2019-08-30,PROXY_IMPORT_PARITY,,,False,NO_FREIGHT_DATA
2019-07-03,False,1754.5,1779.0,-24.5,977750,68.8453,False,ECB_CROSS,0.0575,0.025,0.058293,0.021797,False,USD:UST13W|INR:OECD_IR3TIB,0.035992,69.0565,69.4699,130.7542,131.3389,131.9654,2019-07-31,2019-08-30,PROXY_IMPORT_PARITY,,,False,NO_FREIGHT_DATA
2019-07-04,False,1771.5,1794.5,-23.0,971500,68.5095,False,ECB_CROSS,0.0575,0.025,0.058293,0.021797,True,USD:UST13W|INR:OECD_IR3TIB,0.035992,68.7197,69.131,131.3772,131.9437,132.5731,2019-07-31,2019-08-30,PROXY_IMPORT_PARITY,,,False,NO_FREIGHT_DATA
2019-07-05,False,1779.5,1802.0,-22.5,964400,68.4809,False,ECB_CROSS,0.0575,0.025,0.058293,0.021995,False,USD:UST13W|INR:OECD_IR3TIB,0.035792,68.6899,69.0987,131.9154,132.4631,133.0952,2019-07-31,2019-08-30,PROXY_IMPORT_PARITY,,,False,NO_FREIGHT_DATA
2019-07-08,False,1783.0,1800.0,-17.0,956575,68.5649,False,ECB_CROSS,0.0575,0.025,0.058293,0.02229,False,USD:UST13W|INR:OECD_IR3TIB,0.035491,68.7723,69.1782,132.3369,132.823,133.4571,2019-07-31,2019-08-30,PROXY_IMPORT_PARITY,,,False,NO_FREIGHT_DATA
2019-07-09,False,1783.0,1803.0,-20.0,948650,68.5239,False,ECB_CROSS,0.0575,0.025,0.058293,0.02229,False,USD:UST13W|INR:OECD_IR3TIB,0.035491,68.7312,69.1369,132.2578,132.7225,133.3562,2019-07-31,2019-08-30,PROXY_IMPORT_PARITY,,,False,NO_FREIGHT_DATA
2019-07-10,False,1811.5,1832.0,-20.5,941750,68.5838,False,ECB_CROSS,0.0575,0.025,0.058293,0.021699,False,USD:UST13W|INR:OECD_IR3TIB,0.036093,68.7948,69.2077,134.4893,134.9404,135.5847,2019-07-31,2019-08-30,PROXY_IMPORT_PARITY,,,False,NO_FREIGHT_DATA
2019-07-11,False,1807.0,1828.0,-21.0,934500,68.3646,False,ECB_CROSS,0.0575,0.025,0.058293,0.021403,False,USD:UST13W|INR:OECD_IR3TIB,0.036394,68.5767,68.9918,133.7265,134.1536,134.7943,2019-07-31,2019-08-30,PROXY_IMPORT_PARITY,,,False,NO_FREIGHT_DATA
2019-07-12,False,1799.5,1819.5,-20.0,926875,68.6413,False,ECB_CROSS,0.0575,0.025,0.058293,0.021205,False,USD:UST13W|INR:OECD_IR3TIB,0.036594,68.8554,69.2744,133.7104,134.1162,134.7568,2019-07-31,2019-08-30,PROXY_IMPORT_PARITY,,,False,NO_FREIGHT_DATA
2019-07-15,False,1810.0,1830.0,-20.0,945375,68.5247,False,ECB_CROSS,0.0575,0.025,0.058293,0.021304,False,USD:UST13W|INR:OECD_IR3TIB,0.036494,68.7379,69.155,134.2622,134.6052,135.2485,2019-07-31,2019-08-30,PROXY_IMPORT_PARITY,,,False,NO_FREIGHT_DATA
2019-07-16,False,1818.0,1837.0,-19.0,994125,68.6866,False,ECB_CROSS,0.0575,0.025,0.058293,0.021205,False,USD:UST13W|INR:OECD_IR3TIB,0.036594,68.9009,69.3202,135.1742,135.498,136.1457,2019-07-31,2019-08-30,PROXY_IMPORT_PARITY,,,False,NO_FREIGHT_DATA
2019-07-17,False,1819.0,1839.0,-20.0,987275,68.8663,False,ECB_CROSS,0.0575,0.025,0.058293,0.021107,False,USD:UST13W|INR:OECD_IR3TIB,0.036695,69.0816,69.5032,135.6024,135.9056,136.5553,2019-07-31,2019-08-30,PROXY_IMPORT_PARITY,,,False,NO_FREIGHT_DATA
2019-07-18,False,1827.5,1846.0,-18.5,980200,68.8993,False,ECB_CROSS,0.0575,0.025,0.058293,0.020219,False,USD:UST13W|INR:OECD_IR3TIB,0.037598,69.1201,69.5523,136.3013,136.5843,137.2374,2019-07-31,2019-08-30,PROXY_IMPORT_PARITY,,,False,NO_FREIGHT_DATA
2019-07-19,False,1833.0,1856.0,-23.0,974000,68.8175,False,ECB_CROSS,0.0575,0.025,0.058293,0.020318,False,USD:UST13W|INR:OECD_IR3TIB,0.037498,69.0374,69.4679,136.5492,136.8109,137.4652,2019-07-31,2019-08-30,PROXY_IMPORT_PARITY,,,False,NO_FREIGHT_DATA
2019-07-22,False,1808.0,1836.0,-28.0,966600,68.9331,False,ECB_CROSS,0.0575,0.025,0.058293,0.020515,False,USD:UST13W|INR:OECD_IR3TIB,0.037297,69.1522,69.5812,134.9131,135.107,135.7534,2019-07-31,2019-08-30,PROXY_IMPORT_PARITY,,,False,NO_FREIGHT_DATA
2019-07-23,False,1795.0,1821.0,-26.0,960175,68.9296,False,ECB_CROSS,0.0575,0.025,0.058293,0.020318,False,USD:UST13W|INR:OECD_IR3TIB,0.037498,69.1498,69.5811,133.9362,134.1074,134.7491,2019-07-31,2019-08-30,PROXY_IMPORT_PARITY,,,False,NO_FREIGHT_DATA
2019-07-24,False,1795.5,1827.0,-31.5,953500,68.9663,False,ECB_CROSS,0.0575,0.025,0.058293,0.020712,False,USD:UST13W|INR:OECD_IR3TIB,0.037096,69.1844,69.6112,134.0449,134.1947,134.837,2019-07-31,2019-08-30,PROXY_IMPORT_PARITY,,,False,NO_FREIGHT_DATA
2019-07-25,False,1795.5,1825.0,-29.5,987975,68.9834,False,ECB_CROSS,0.0575,0.025,0.058293,0.020811,False,USD:UST13W|INR:OECD_IR3TIB,0.036996,69.2009,69.6266,134.0781,134.2066,134.849,2019-07-31,2019-08-30,PROXY_IMPORT_PARITY,,,False,NO_FREIGHT_DATA
2019-07-26,False,1778.0,1804.5,-26.5,1021325,68.8993,False,ECB_CROSS,0.0575,0.025,0.058293,0.021008,False,USD:UST13W|INR:OECD_IR3TIB,0.036795,69.1153,69.5383,132.6094,132.7153,133.3507,2019-07-31,2019-08-30,PROXY_IMPORT_PARITY,,,False,NO_FREIGHT_DATA
2019-07-29,False,1774.5,1799.0,-24.5,1016800,68.7778,False,ECB_CROSS,0.0575,0.025,0.058293,0.02091,False,USD:UST13W|INR:OECD_IR3TIB,0.036896,68.9941,69.4174,132.115,132.1572,132.7902,2019-07-31,2019-08-30,PROXY_IMPORT_PARITY,,,False,NO_FREIGHT_DATA
2019-07-30,False,1781.5,1806.5,-25.0,1023875,68.8161,False,ECB_CROSS,0.0575,0.025,0.058293,0.020515,False,USD:UST13W|INR:OECD_IR3TIB,0.037297,69.0349,69.4631,132.71,132.7312,133.3671,2019-07-31,2019-08-30,PROXY_IMPORT_PARITY,,,False,NO_FREIGHT_DATA
2019-07-31,False,1776.5,1807.0,-30.5,1028875,68.7799,False,ECB_CROSS,0.0575,0.025,0.058293,0.020515,False,USD:UST13W|INR:OECD_IR3TIB,0.037297,68.9986,69.4265,132.268,132.268,132.9017,2019-07-31,2019-08-30,PROXY_IMPORT_PARITY,,,False,NO_FREIGHT_DATA
2019-08-01,False,1757.0,1785.0,-28.0,1027950,69.1057,False,ECB_CROSS,0.0575,0.0225,0.057712,0.020416,False,USD:UST13W|INR:OECD_IR3TIB,0.03682,69.3226,69.7471,131.4358,132.0384,132.6827,2019-08-30,2019-09-30,PROXY_IMPORT_PARITY,,,False,NO_FREIGHT_DATA
2019-08-02,False,1749.0,1777.5,-28.5,1024200,69.638,False,ECB_CROSS,0.0575,0.0225,0.057712,0.020318,False,USD:UST13W|INR:OECD_IR3TIB,0.03692,69.8571,70.2861,131.8451,132.4288,133.0751,2019-08-30,2019-09-30,PROXY_IMPORT_PARITY,,,False,NO_FREIGHT_DATA
2019-08-05,False,1739.5,1772.0,-32.5,1020000,70.786,False,ECB_CROSS,0.0575,0.0225,0.057712,0.020121,False,USD:UST13W|INR:OECD_IR3TIB,0.037121,71.0099,71.4483,133.2907,133.8175,134.4709,2019-08-30,2019-09-30,PROXY_IMPORT_PARITY,,,False,NO_FREIGHT_DATA
2019-08-06,False,1740.5,1766.5,-26.0,1017700,70.8099,False,ECB_CROSS,0.0575,0.0225,0.057712,0.020219,False,USD:UST13W|INR:OECD_IR3TIB,0.037021,71.0333,71.4706,133.4123,133.9186,134.5725,2019-08-30,2019-09-30,PROXY_IMPORT_PARITY,,,False,NO_FREIGHT_DATA
2019-08-07,False,1728.0,1756.5,-28.5,1009925,70.882,False,ECB_CROSS,0.054,0.0225,0.054212,0.019923,False,USD:UST13W|INR:OECD_IR3TIB,0.03384,71.0864,71.4866,132.589,133.042,133.6525,2019-08-30,2019-09-30,PROXY_IMPORT_PARITY,,,False,NO_FREIGHT_DATA
2019-08-08,False,1737.5,1768.5,-31.0,1004225,70.7362,False,ECB_CROSS,0.054,0.0225,0.054212,0.019923,False,USD:UST13W|INR:OECD_IR3TIB,0.03384,70.9402,71.3395,133.0437,133.4785,134.091,2019-08-30,2019-09-30,PROXY_IMPORT_PARITY,,,False,NO_FREIGHT_DATA
2019-08-09,False,1746.0,1776.5,-30.5,998250,70.8104,False,ECB_CROSS,0.054,0.0225,0.054212,0.019726,False,USD:UST13W|INR:OECD_IR3TIB,0.03404,71.0158,71.418,133.8348,134.2523,134.8685,2019-08-30,2019-09-30,PROXY_IMPORT_PARITY,,,False,NO_FREIGHT_DATA
2019-08-12,False,1743.0,1776.5,-33.5,991525,71.2399,False,ECB_CROSS,0.054,0.0225,0.054212,0.019726,False,USD:UST13W|INR:OECD_IR3TIB,0.03404,71.4466,71.8512,134.4153,134.7746,135.3935,2019-08-30,2019-09-30,PROXY_IMPORT_PARITY,,,False,NO_FREIGHT_DATA
2019-08-13,False,1731.0,1761.5,-30.5,984300,71.4547,False,ECB_CROSS,0.054,0.0225,0.054212,0.019726,False,USD:UST13W|INR:OECD_IR3TIB,0.03404,71.662,72.0678,133.8924,134.2304,134.8469,2019-08-30,2019-09-30,PROXY_IMPORT_PARITY,,,False,NO_FREIGHT_DATA
2019-08-14,False,1741.0,1773.0,-32.0,984250,71.275,False,ECB_CROSS,0.054,0.0225,0.054212,0.019332,False,USD:UST13W|INR:OECD_IR3TIB,0.034442,71.4842,71.8938,134.3272,134.6464,135.2649,2019-08-30,2019-09-30,PROXY_IMPORT_PARITY,,,False,NO_FREIGHT_DATA
2019-08-15,False,1742.5,1777.0,-34.5,976700,71.3188,False,ECB_CROSS,0.054,0.0225,0.054212,0.018838,False,USD:UST13W|INR:OECD_IR3TIB,0.034944,71.5312,71.947,134.5255,134.8252,135.4446,2019-08-30,2019-09-30,PROXY_IMPORT_PARITY,,,False,NO_FREIGHT_DATA
2019-08-16,False,1755.5,1784.0,-28.5,969250,71.1484,False,ECB_CROSS,0.054,0.0225,0.054212,0.018444,False,USD:UST13W|INR:OECD_IR3TIB,0.035345,71.3627,71.7823,135.2054,135.4865,136.109,2019-08-30,2019-09-30,PROXY_IMPORT_PARITY,,,False,NO_FREIGHT_DATA
2019-08-19,False,1762.5,1795.0,-32.5,962350,71.4041,False,ECB_CROSS,0.054,0.0225,0.054212,0.019134,False,USD:UST13W|INR:OECD_IR3TIB,0.034643,71.6149,72.0276,136.2323,136.4549,137.0822,2019-08-30,2019-09-30,PROXY_IMPORT_PARITY,,,False,NO_FREIGHT_DATA
2019-08-20,False,1756.5,1786.0,-29.5,955025,71.7235,False,ECB_CROSS,0.054,0.0225,0.054212,0.019134,False,USD:UST13W|INR:OECD_IR3TIB,0.034643,71.9353,72.3498,136.3759,136.5784,137.2063,2019-08-30,2019-09-30,PROXY_IMPORT_PARITY,,,False,NO_FREIGHT_DATA
2019-08-21,False,1751.0,1781.0,-30.0,947925,71.5648,False,ECB_CROSS,0.054,0.0225,0.054212,0.01943,False,USD:UST13W|INR:OECD_IR3TIB,0.034341,71.7742,72.1842,135.648,135.8294,136.4539,2019-08-30,2019-09-30,PROXY_IMPORT_PARITY,,,False,NO_FREIGHT_DATA
2019-08-22,False,1739.0,1766.5,-27.5,941350,71.8118,False,ECB_CROSS,0.054,0.0225,0.054212,0.019726,False,USD:UST13W|INR:OECD_IR3TIB,0.03404,72.0201,72.4279,135.1834,135.344,135.9664,2019-08-30,2019-09-30,PROXY_IMPORT_PARITY,,,False,NO_FREIGHT_DATA
2019-08-23,False,1746.0,1770.0,-24.0,935200,71.671,False,ECB_CROSS,0.054,0.0225,0.054212,0.01943,False,USD:UST13W|INR:OECD_IR3TIB,0.034341,71.8808,72.2914,135.4614,135.6023,136.226,2019-08-30,2019-09-30,PROXY_IMPORT_PARITY,,,False,NO_FREIGHT_DATA
2019-08-27,False,1744.0,1778.0,-34.0,929125,71.526,False,ECB_CROSS,0.054,0.0225,0.054212,0.019529,False,USD:UST13W|INR:OECD_IR3TIB,0.034241,71.7347,72.1433,135.0325,135.0927,135.7144,2019-08-30,2019-09-30,PROXY_IMPORT_PARITY,,,False,NO_FREIGHT_DATA
2019-08-28,False,1724.0,1758.5,-34.5,936225,71.8131,False,ECB_CROSS,0.054,0.0225,0.054212,0.019627,False,USD:UST13W|INR:OECD_IR3TIB,0.034141,72.0221,72.4311,134.0198,134.0596,134.6766,2019-08-30,2019-09-30,PROXY_IMPORT_PARITY,,,False,NO_FREIGHT_DATA
2019-08-29,False,1713.5,1742.5,-29.0,928275,71.6596,False,ECB_CROSS,0.054,0.0225,0.054212,0.019627,False,USD:UST13W|INR:OECD_IR3TIB,0.034141,71.8681,72.2762,132.9188,132.9385,133.5505,2019-08-30,2019-09-30,PROXY_IMPORT_PARITY,,,False,NO_FREIGHT_DATA
2019-08-30,False,1712.5,1741.5,-29.0,927000,71.4358,False,ECB_CROSS,0.054,0.0225,0.054212,0.019627,False,USD:UST13W|INR:OECD_IR3TIB,0.034141,71.6436,72.0505,132.4263,132.4263,133.0361,2019-08-30,2019-09-30,PROXY_IMPORT_PARITY,,,False,NO_FREIGHT_DATA
2019-09-02,False,1716.5,1745.5,-29.0,919050,71.9292,False,ECB_CROSS,0.054,0.0225,0.053447,0.019627,True,USD:UST13W|INR:OECD_IR3TIB,0.033382,72.1273,72.5279,133.6525,134.2004,134.8071,2019-09-30,2019-10-31,PROXY_IMPORT_PARITY,,,False,NO_FREIGHT_DATA
2019-09-03,False,1714.5,1743.5,-29.0,913925,72.412,False,ECB_CROSS,0.054,0.0225,0.053447,0.019529,False,USD:UST13W|INR:OECD_IR3TIB,0.033482,72.6119,73.0165,134.3928,134.9241,135.5342,2019-09-30,2019-10-31,PROXY_IMPORT_PARITY,,,False,NO_FREIGHT_DATA
2019-09-04,False,1734.5,1764.5,-30.0,922375,72.0539,False,ECB_CROSS,0.054,0.0225,0.053447,0.01943,False,USD:UST13W|INR:OECD_IR3TIB,0.033582,72.2534,72.6572,135.2881,135.8032,136.4173,2019-09-30,2019-10-31,PROXY_IMPORT_PARITY,,,False,NO_FREIGHT_DATA
2019-09-05,False,1754.5,1778.0,-23.5,918925,71.8145,False,ECB_CROSS,0.054,0.0225,0.053447,0.01943,False,USD:UST13W|INR:OECD_IR3TIB,0.033582,72.0134,72.4158,136.3934,136.8927,137.5119,2019-09-30,2019-10-31,PROXY_IMPORT_PARITY,,,False,NO_FREIGHT_DATA
2019-09-06,False,1761.5,1787.5,-26.0,923225,71.7153,False,ECB_CROSS,0.054,0.0225,0.053447,0.019332,False,USD:UST13W|INR:OECD_IR3TIB,0.033683,71.9145,72.3176,136.7484,137.229,137.8498,2019-09-30,2019-10-31,PROXY_IMPORT_PARITY,,,False,NO_FREIGHT_DATA
2019-09-09,False,1769.0,1796.5,-27.5,920000,71.6772,False,ECB_CROSS,0.054,0.0225,0.053447,0.019332,False,USD:UST13W|INR:OECD_IR3TIB,0.033683,71.8763,72.2792,137.2577,137.6798,138.3028,2019-09-30,2019-10-31,PROXY_IMPORT_PARITY,,,False,NO_FREIGHT_DATA
2019-09-10,False,1776.0,1804.0,-28.0,916825,71.9035,False,ECB_CROSS,0.054,0.0225,0.053447,0.019233,False,USD:UST13W|INR:OECD_IR3TIB,0.033783,72.1038,72.5091,138.2359,138.6408,139.2683,2019-09-30,2019-10-31,PROXY_IMPORT_PARITY,,,False,NO_FREIGHT_DATA
2019-09-11,False,1792.5,1823.0,-30.5,916000,71.6823,False,ECB_CROSS,0.054,0.0225,0.053447,0.019332,False,USD:UST13W|INR:OECD_IR3TIB,0.033683,71.8814,72.2842,139.091,139.478,140.1093,2019-09-30,2019-10-31,PROXY_IMPORT_PARITY,,,False,NO_FREIGHT_DATA
2019-09-12,False,1774.0,1809.0,-35.0,913625,71.1466,False,ECB_CROSS,0.054,0.0225,0.053447,0.019233,False,USD:UST13W|INR:OECD_IR3TIB,0.033783,71.3448,71.7458,136.6267,136.9868,137.607,2019-09-30,2019-10-31,PROXY_IMPORT_PARITY,,,False,NO_FREIGHT_DATA
2019-09-13,False,1768.0,1802.0,-34.0,910950,70.9639,False,ECB_CROSS,0.054,0.0225,0.053447,0.019332,False,USD:UST13W|INR:OECD_IR3TIB,0.033683,71.161,71.5598,135.815,136.1531,136.7696,2019-09-30,2019-10-31,PROXY_IMPORT_PARITY,,,False,NO_FREIGHT_DATA
2019-09-16,False,1770.5,1805.0,-34.5,908425,71.6005,False,ECB_CROSS,0.054,0.0225,0.053447,0.019627,False,USD:UST13W|INR:OECD_IR3TIB,0.033382,71.7976,72.1964,137.2271,137.5084,138.1313,2019-09-30,2019-10-31,PROXY_IMPORT_PARITY,,,False,NO_FREIGHT_DATA
2019-09-17,False,1746.5,1779.0,-32.5,905725,71.7822,False,ECB_CROSS,0.054,0.0225,0.053447,0.019627,False,USD:UST13W|INR:OECD_IR3TIB,0.033382,71.9798,72.3796,135.7104,135.9688,136.5848,2019-09-30,2019-10-31,PROXY_IMPORT_PARITY,,,False,NO_FREIGHT_DATA
2019-09-18,False,1751.0,1782.0,-31.0,904175,71.2087,False,ECB_CROSS,0.054,0.0225,0.053447,0.019233,False,USD:UST13W|INR:OECD_IR3TIB,0.033783,71.4071,71.8085,134.9731,135.2102,135.8229,2019-09-30,2019-10-31,PROXY_IMPORT_PARITY,,,False,NO_FREIGHT_DATA
2019-09-19,False,1762.5,1792.0,-29.5,900725,71.3233,False,ECB_CROSS,0.054,0.02,0.053447,0.019036,False,USD:UST13W|INR:OECD_IR3TIB,0.033984,71.5232,71.9276,136.0782,136.2974,136.9151,2019-09-30,2019-10-31,PROXY_IMPORT_PARITY,,,False,NO_FREIGHT_DATA
2019-09-20,False,1766.0,1792.0,-26.0,897900,70.9814,False,ECB_CROSS,0.054,0.02,0.053447,0.018838,False,USD:UST13W|INR:OECD_IR3TIB,0.034184,71.1815,71.5864,135.6948,135.8935,136.5094,2019-09-30,2019-10-31,PROXY_IMPORT_PARITY,,,False,NO_FREIGHT_DATA
2019-09-23,False,1756.0,1778.0,-22.0,895625,70.9518,False,ECB_CROSS,0.054,0.02,0.053447,0.019134,False,USD:UST13W|INR:OECD_IR3TIB,0.033883,71.15,71.5511,134.8701,135.0084,135.6206,2019-09-30,2019-10-31,PROXY_IMPORT_PARITY,,,False,NO_FREIGHT_DATA
2019-09-24,False,1751.5,1772.0,-20.5,899925,70.9475,False,ECB_CROSS,0.054,0.02,0.053447,0.018937,False,USD:UST13W|INR:OECD_IR3TIB,0.034084,71.1469,71.5504,134.5164,134.6346,135.2452,2019-09-30,2019-10-31,PROXY_IMPORT_PARITY,,,False,NO_FREIGHT_DATA
2019-09-25,False,1736.0,1758.5,-22.5,907400,71.0449,False,ECB_CROSS,0.054,0.02,0.053447,0.018641,False,USD:UST13W|INR:OECD_IR3TIB,0.034385,71.2463,71.6539,133.509,133.6067,134.2128,2019-09-30,2019-10-31,PROXY_IMPORT_PARITY,,,False,NO_FREIGHT_DATA
2019-09-26,False,1724.0,1744.0,-20.0,910575,70.9088,False,ECB_CROSS,0.054,0.02,0.053447,0.018049,False,USD:UST13W|INR:OECD_IR3TIB,0.034988,71.1133,71.5273,132.3321,132.4096,133.0103,2019-09-30,2019-10-31,PROXY_IMPORT_PARITY,,,False,NO_FREIGHT_DATA
2019-09-27,False,1713.0,1733.5,-20.5,914725,70.4787,False,ECB_CROSS,0.054,0.02,0.053447,0.017753,False,USD:UST13W|INR:OECD_IR3TIB,0.035289,70.6838,71.0988,130.6902,130.7477,131.3409,2019-09-30,2019-10-31,PROXY_IMPORT_PARITY,,,False,NO_FREIGHT_DATA
2019-09-30,False,1703.5,1722.5,-19.0,927475,70.8619,False,ECB_CROSS,0.054,0.02,0.053447,0.018542,False,USD:UST13W|INR:OECD_IR3TIB,0.034486,71.0634,71.4711,130.6721,130.6721,131.2653,2019-09-30,2019-10-31,PROXY_IMPORT_PARITY,,,False,NO_FREIGHT_DATA
2019-10-01,False,1705.5,1719.5,-14.0,936025,71.1066,False,ECB_CROSS,0.054,0.02,0.054059,0.017951,False,USD:UST13W|INR:OECD_IR3TIB,0.035695,71.3228,71.7464,131.2773,131.8606,132.4244,2019-10-31,2019-11-29,PROXY_IMPORT_PARITY,,,False,NO_FREIGHT_DATA
2019-10-02,False,1697.0,1719.0,-22.0,962350,71.238,False,ECB_CROSS,0.054,0.02,0.054059,0.017655,False,USD:UST13W|INR:OECD_IR3TIB,0.035996,71.4564,71.8843,130.8644,131.4265,131.9885,2019-10-31,2019-11-29,PROXY_IMPORT_PARITY,,,False,NO_FREIGHT_DATA
2019-10-03,False,1697.0,1711.0,-14.0,964275,70.9666,False,ECB_CROSS,0.054,0.02,0.054059,0.016767,False,USD:UST13W|INR:OECD_IR3TIB,0.0369,71.1896,71.6266,130.3658,130.9064,131.4664,2019-10-31,2019-11-29,PROXY_IMPORT_PARITY,,,False,NO_FREIGHT_DATA
2019-10-04,False,1701.5,1715.5,-14.0,966525,70.9004,False,ECB_CROSS,0.0515,0.02,0.051559,0.016866,False,USD:UST13W|INR:OECD_IR3TIB,0.034311,71.1076,71.5135,130.5896,131.0876,131.6226,2019-10-31,2019-11-29,PROXY_IMPORT_PARITY,,,False,NO_FREIGHT_DATA
2019-10-07,False,1713.0,1720.0,-7.0,964225,70.9938,False,ECB_CROSS,0.0515,0.02,0.051559,0.01726,False,USD:UST13W|INR:OECD_IR3TIB,0.033909,71.1989,71.6006,131.6454,132.0917,132.631,2019-10-31,2019-11-29,PROXY_IMPORT_PARITY,,,False,NO_FREIGHT_DATA
2019-10-08,False,1732.0,1738.5,-6.5,965575,71.1305,False,ECB_CROSS,0.0515,0.02,0.051559,0.016964,False,USD:UST13W|INR:OECD_IR3TIB,0.03421,71.3378,71.7439,133.3619,133.7951,134.3415,2019-10-31,2019-11-29,PROXY_IMPORT_PARITY,,,False,NO_FREIGHT_DATA
2019-10-09,False,1729.0,1738.5,-9.5,966125,71.0627,False,ECB_CROSS,0.0515,0.02,0.051559,0.016668,False,USD:UST13W|INR:OECD_IR3TIB,0.034512,71.2716,71.6809,133.004,133.4173,133.9621,2019-10-31,2019-11-29,PROXY_IMPORT_PARITY,,,False,NO_FREIGHT_DATA
2019-10-10,False,1738.0,1743.0,-5.0,968450,71.0385,False,ECB_CROSS,0.0515,0.02,0.051559,0.01657,False,USD:UST13W|INR:OECD_IR3TIB,0.034612,71.2479,71.6583,133.6508,134.0472,134.5947,2019-10-31,2019-11-29,PROXY_IMPORT_PARITY,,,False,NO_FREIGHT_DATA
2019-10-11,False,1721.0,1726.0,-5.0,974200,71.0744,False,ECB_CROSS,0.0515,0.02,0.051559,0.01657,False,USD:UST13W|INR:OECD_IR3TIB,0.034612,71.284,71.6945,132.4104,132.7844,133.3269,2019-10-31,2019-11-29,PROXY_IMPORT_PARITY,,,False,NO_FREIGHT_DATA
2019-10-14,False,1704.5,1716.0,-11.5,983600,71.1853,False,ECB_CROSS,0.0515,0.02,0.051559,0.01657,True,USD:UST13W|INR:OECD_IR3TIB,0.034612,71.3951,71.8063,131.3455,131.6609,132.199,2019-10-31,2019-11-29,PROXY_IMPORT_PARITY,,,False,NO_FREIGHT_DATA
2019-10-15,False,1702.0,1716.0,-14.0,985900,71.4963,False,ECB_CROSS,0.0515,0.02,0.051559,0.016471,False,USD:UST13W|INR:OECD_IR3TIB,0.034712,71.7077,72.1219,131.7259,132.0236,132.5632,2019-10-31,2019-11-29,PROXY_IMPORT_PARITY,,,False,NO_FREIGHT_DATA
2019-10-16,False,1703.5,1715.0,-11.5,983525,71.4449,False,ECB_CROSS,0.0515,0.02,0.051559,0.016373,False,USD:UST13W|INR:OECD_IR3TIB,0.034813,71.6567,72.0718,131.7472,132.0263,132.566,2019-10-31,2019-11-29,PROXY_IMPORT_PARITY,,,False,NO_FREIGHT_DATA
2019-10-17,False,1726.0,1730.0,-4.0,979575,71.1586,False,ECB_CROSS,0.0515,0.02,0.051559,0.016373,False,USD:UST13W|INR:OECD_IR3TIB,0.034813,71.3695,71.783,132.9524,133.2153,133.7599,2019-10-31,2019-11-29,PROXY_IMPORT_PARITY,,,False,NO_FREIGHT_DATA
2019-10-18,False,1729.0,1731.0,-2.0,977125,71.1356,False,ECB_CROSS,0.0515,0.02,0.051559,0.016373,False,USD:UST13W|INR:OECD_IR3TIB,0.034813,71.3465,71.7598,133.1404,133.3849,133.9303,2019-10-31,2019-11-29,PROXY_IMPORT_PARITY,,,False,NO_FREIGHT_DATA
2019-10-21,False,1735.5,1742.0,-6.5,974625,70.8574,False,ECB_CROSS,0.0515,0.02,0.051559,0.016471,False,USD:UST13W|INR:OECD_IR3TIB,0.034712,71.0669,71.4774,133.1183,133.3063,133.8516,2019-10-31,2019-11-29,PROXY_IMPORT_PARITY,,,False,NO_FREIGHT_DATA
2019-10-22,False,1707.5,1717.0,-9.5,972475,70.9115,False,ECB_CROSS,0.0515,0.02,0.051559,0.016274,False,USD:UST13W|INR:OECD_IR3TIB,0.034913,71.1223,71.5355,131.0706,131.2372,131.7742,2019-10-31,2019-11-29,PROXY_IMPORT_PARITY,,,False,NO_FREIGHT_DATA
2019-10-23,False,1712.0,1720.0,-8.0,970425,70.8662,False,ECB_CROSS,0.0515,0.02,0.051559,0.016274,False,USD:UST13W|INR:OECD_IR3TIB,0.034913,71.0769,71.4899,131.3321,131.4805,132.0185,2019-10-31,2019-11-29,PROXY_IMPORT_PARITY,,,False,NO_FREIGHT_DATA
2019-10-24,False,1715.0,1724.0,-9.0,968525,71.0119,False,ECB_CROSS,0.0515,0.02,0.051559,0.016471,False,USD:UST13W|INR:OECD_IR3TIB,0.034712,71.2218,71.6332,131.8327,131.9631,132.5031,2019-10-31,2019-11-29,PROXY_IMPORT_PARITY,,,False,NO_FREIGHT_DATA
2019-10-25,False,1710.5,1720.0,-9.5,966200,70.9026,False,ECB_CROSS,0.0515,0.02,0.051559,0.016373,False,USD:UST13W|INR:OECD_IR3TIB,0.034813,71.1128,71.5247,131.2844,131.3957,131.9335,2019-10-31,2019-11-29,PROXY_IMPORT_PARITY,,,False,NO_FREIGHT_DATA
2019-10-28,False,1727.0,1732.0,-5.0,963825,70.7455,False,ECB_CROSS,0.0515,0.02,0.051559,0.016274,False,USD:UST13W|INR:OECD_IR3TIB,0.034913,70.9558,71.368,132.2571,132.3132,132.855,2019-10-31,2019-11-29,PROXY_IMPORT_PARITY,,,False,NO_FREIGHT_DATA
2019-10-29,False,1737.5,1742.0,-4.5,961650,70.8562,False,ECB_CROSS,0.0515,0.02,0.051559,0.016077,False,USD:UST13W|INR:OECD_IR3TIB,0.035114,71.0681,71.4834,133.2694,133.3071,133.853,2019-10-31,2019-11-29,PROXY_IMPORT_PARITY,,,False,NO_FREIGHT_DATA
2019-10-30,False,1746.5,1751.0,-4.5,961375,70.9261,False,ECB_CROSS,0.0515,0.02,0.051559,0.015978,False,USD:UST13W|INR:OECD_IR3TIB,0.035215,71.1388,71.5556,134.0919,134.1109,134.6602,2019-10-31,2019-11-29,PROXY_IMPORT_PARITY,,,False,NO_FREIGHT_DATA
2019-10-31,False,1742.5,1747.0,-4.5,959050,70.9275,False,ECB_CROSS,0.0515,0.0175,0.051559,0.015189,False,USD:UST13W|INR:OECD_IR3TIB,0.036019,71.138,71.5714,133.7874,133.7874,134.3355,2019-10-31,2019-11-29,PROXY_IMPORT_PARITY,,,False,NO_FREIGHT_DATA
2019-11-01,False,1766.0,1764.0,2.0,956200,70.7568,False,ECB_CROSS,0.0515,0.0175,0.05026,0.014992,False,USD:UST13W|INR:OECD_IR3TIB,0.034926,70.9604,71.3797,135.2654,135.7869,136.383,2019-11-29,2019-12-31,PROXY_IMPORT_PARITY,,,False,NO_FREIGHT_DATA
2019-11-04,False,1787.0,1782.0,5.0,953900,70.73,False,ECB_CROSS,0.0515,0.0175,0.05026,0.01509,False,USD:UST13W|INR:OECD_IR3TIB,0.034825,70.9329,71.3508,136.8221,137.2931,137.8959,2019-11-29,2019-12-31,PROXY_IMPORT_PARITY,,,False,NO_FREIGHT_DATA
2019-11-05,False,1813.5,1811.5,2.0,951275,70.6895,False,ECB_CROSS,0.0515,0.0175,0.05026,0.015386,False,USD:UST13W|INR:OECD_IR3TIB,0.034524,70.8906,71.3047,138.7715,139.2301,139.8416,2019-11-29,2019-12-31,PROXY_IMPORT_PARITY,,,False,NO_FREIGHT_DATA
2019-11-06,False,1817.5,1809.5,8.0,948600,70.9518,False,ECB_CROSS,0.0515,0.0175,0.05026,0.015386,False,USD:UST13W|INR:OECD_IR3TIB,0.034524,71.1536,71.5692,139.5937,140.0358,140.6509,2019-11-29,2019-12-31,PROXY_IMPORT_PARITY,,,False,NO_FREIGHT_DATA
2019-11-07,False,1817.5,1808.0,9.5,945475,70.9118,False,ECB_CROSS,0.0515,0.0175,0.05026,0.015386,False,USD:UST13W|INR:OECD_IR3TIB,0.034524,71.1135,71.5289,139.515,139.9376,140.5524,2019-11-29,2019-12-31,PROXY_IMPORT_PARITY,,,False,NO_FREIGHT_DATA
2019-11-08,False,1827.5,1820.0,7.5,943175,71.2815,False,ECB_CROSS,0.0515,0.0175,0.05026,0.015288,False,USD:UST13W|INR:OECD_IR3TIB,0.034624,71.4849,71.9036,141.014,141.4217,142.0431,2019-11-29,2019-12-31,PROXY_IMPORT_PARITY,,,False,NO_FREIGHT_DATA
2019-11-11,False,1805.0,1805.0,0.0,940500,71.5429,False,ECB_CROSS,0.0515,0.0175,0.05026,0.015288,True,USD:UST13W|INR:OECD_IR3TIB,0.034624,71.747,72.1673,139.7886,140.135,140.751,2019-11-29,2019-12-31,PROXY_IMPORT_PARITY,,,False,NO_FREIGHT_DATA
2019-11-12,False,1765.5,1768.0,-2.5,942125,71.6922,False,ECB_CROSS,0.0515,0.0175,0.05026,0.015682,False,USD:UST13W|INR:OECD_IR3TIB,0.034222,71.8944,72.3107,137.0148,137.3356,137.9393,2019-11-29,2019-12-31,PROXY_IMPORT_PARITY,,,False,NO_FREIGHT_DATA
2019-11-13,False,1768.0,1769.0,-1.0,945900,72.0689,False,ECB_CROSS,0.0515,0.0175,0.05026,0.015485,False,USD:UST13W|INR:OECD_IR3TIB,0.034423,72.2733,72.6942,137.9298,138.2337,138.8414,2019-11-29,2019-12-31,PROXY_IMPORT_PARITY,,,False,NO_FREIGHT_DATA
2019-11-14,False,1756.0,1759.0,-3.0,1020975,71.9287,False,ECB_CROSS,0.0515,0.0175,0.05026,0.015485,False,USD:UST13W|INR:OECD_IR3TIB,0.034423,72.1328,72.5528,136.7271,137.0095,137.612,2019-11-29,2019-12-31,PROXY_IMPORT_PARITY,,,False,NO_FREIGHT_DATA
2019-11-15,False,1741.0,1745.0,-4.0,1065175,71.7446,False,ECB_CROSS,0.0515,0.0175,0.05026,0.015485,False,USD:UST13W|INR:OECD_IR3TIB,0.034423,71.9481,72.3671,135.2122,135.4729,136.0687,2019-11-29,2019-12-31,PROXY_IMPORT_PARITY,,,False,NO_FREIGHT_DATA
2019-11-18,False,1744.0,1746.0,-2.0,1156250,71.8073,False,ECB_CROSS,0.0515,0.0175,0.05026,0.015485,False,USD:UST13W|INR:OECD_IR3TIB,0.034423,72.011,72.4303,135.5636,135.7689,136.3662,2019-11-29,2019-12-31,PROXY_IMPORT_PARITY,,,False,NO_FREIGHT_DATA
2019-11-19,False,1734.5,1734.0,0.5,1158975,71.6778,False,ECB_CROSS,0.0515,0.0175,0.05026,0.015485,False,USD:UST13W|INR:OECD_IR3TIB,0.034423,71.8811,72.2997,134.582,134.7673,135.3603,2019-11-29,2019-12-31,PROXY_IMPORT_PARITY,,,False,NO_FREIGHT_DATA
2019-11-20,False,1748.0,1740.5,7.5,1169525,71.8175,False,ECB_CROSS,0.0515,0.0175,0.05026,0.015485,False,USD:UST13W|INR:OECD_IR3TIB,0.034423,72.0213,72.4407,135.8938,136.0622,136.661,2019-11-29,2019-12-31,PROXY_IMPORT_PARITY,,,False,NO_FREIGHT_DATA
2019-11-21,False,1753.0,1736.0,17.0,1170675,71.7406,False,ECB_CROSS,0.0515,0.0175,0.05026,0.015584,False,USD:UST13W|INR:OECD_IR3TIB,0.034323,71.9435,72.3612,136.1366,136.2865,136.8864,2019-11-29,2019-12-31,PROXY_IMPORT_PARITY,,,False,NO_FREIGHT_DATA
2019-11-22,False,1750.0,1738.5,11.5,1180400,71.6866,False,ECB_CROSS,0.0515,0.0175,0.05026,0.015584,False,USD:UST13W|INR:OECD_IR3TIB,0.034323,71.8893,72.3067,135.8013,135.9322,136.5306,2019-11-29,2019-12-31,PROXY_IMPORT_PARITY,,,False,NO_FREIGHT_DATA
2019-11-25,False,1753.0,1736.5,16.5,1230025,71.7088,False,ECB_CROSS,0.0515,0.0175,0.05026,0.015879,False,USD:UST13W|INR:OECD_IR3TIB,0.034022,71.9098,72.3237,136.0762,136.1512,136.7508,2019-11-29,2019-12-31,PROXY_IMPORT_PARITY,,,False,NO_FREIGHT_DATA
2019-11-26,False,1750.5,1742.5,8.0,1229475,71.5213,False,ECB_CROSS,0.0515,0.0175,0.05026,0.015781,False,USD:UST13W|INR:OECD_IR3TIB,0.034122,71.7225,72.1365,135.5269,135.5829,136.18,2019-11-29,2019-12-31,PROXY_IMPORT_PARITY,,,False,NO_FREIGHT_DATA
2019-11-27,False,1770.5,1761.0,9.5,1228325,71.3503,False,ECB_CROSS,0.0515,0.0175,0.05026,0.015978,False,USD:UST13W|INR:OECD_IR3TIB,0.033921,71.5497,71.9603,136.7476,136.7852,137.3878,2019-11-29,2019-12-31,PROXY_IMPORT_PARITY,,,False,NO_FREIGHT_DATA
2019-11-28,False,1765.0,1756.5,8.5,1230300,71.6124,False,ECB_CROSS,0.0515,0.0175,0.05026,0.015978,True,USD:UST13W|INR:OECD_IR3TIB,0.033921,71.8127,72.2247,136.8235,136.8424,137.4453,2019-11-29,2019-12-31,PROXY_IMPORT_PARITY,,,False,NO_FREIGHT_DATA
2019-11-29,False,1785.5,1761.0,24.5,1271650,71.6513,False,ECB_CROSS,0.0515,0.0175,0.05026,0.015682,False,USD:UST13W|INR:OECD_IR3TIB,0.034222,71.8534,72.2694,138.4879,138.4879,139.0981,2019-11-29,2019-12-31,PROXY_IMPORT_PARITY,,,False,NO_FREIGHT_DATA
2019-12-02,False,1789.5,1769.0,20.5,1273300,71.6488,False,ECB_CROSS,0.0515,0.0175,0.049803,0.015781,False,USD:UST13W|INR:OECD_IR3TIB,0.033669,71.8542,72.2503,138.7933,139.3425,139.9296,2019-12-31,2020-01-31,PROXY_IMPORT_PARITY,,,False,NO_FREIGHT_DATA
2019-12-03,False,1802.0,1788.0,14.0,1277300,71.746,False,ECB_CROSS,0.0515,0.0175,0.049803,0.015485,False,USD:UST13W|INR:OECD_IR3TIB,0.033971,71.9535,72.3536,139.9524,140.4871,141.0791,2019-12-31,2020-01-31,PROXY_IMPORT_PARITY,,,False,NO_FREIGHT_DATA
2019-12-04,False,1771.0,1763.5,7.5,1274850,71.5292,False,ECB_CROSS,0.0515,0.0175,0.049803,0.015288,False,USD:UST13W|INR:OECD_IR3TIB,0.034171,71.7373,72.1386,137.1292,137.6344,138.2144,2019-12-31,2020-01-31,PROXY_IMPORT_PARITY,,,False,NO_FREIGHT_DATA
2019-12-05,False,1756.0,1748.0,8.0,1285275,71.2272,False,ECB_CROSS,0.0515,0.0175,0.049803,0.015189,False,USD:UST13W|INR:OECD_IR3TIB,0.034272,71.4351,71.8358,135.3936,135.874,136.4467,2019-12-31,2020-01-31,PROXY_IMPORT_PARITY,,,False,NO_FREIGHT_DATA
2019-12-06,False,1750.5,1741.0,9.5,1284300,71.2489,False,ECB_CROSS,0.0515,0.0175,0.049803,0.01509,False,USD:UST13W|INR:OECD_IR3TIB,0.034372,71.4574,71.8594,135.0107,135.4712,136.0423,2019-12-31,2020-01-31,PROXY_IMPORT_PARITY,,,False,NO_FREIGHT_DATA
2019-12-09,False,1766.0,1762.0,4.0,1288150,71.0673,False,ECB_CROSS,0.0515,0.0175,0.049803,0.015189,False,USD:UST13W|INR:OECD_IR3TIB,0.034272,71.2747,71.6745,135.859,136.2668,136.8415,2019-12-31,2020-01-31,PROXY_IMPORT_PARITY,,,False,NO_FREIGHT_DATA
2019-12-10,False,1750.0,1752.5,-2.5,1303975,70.9226,False,ECB_CROSS,0.0515,0.0175,0.049803,0.015386,False,USD:UST13W|INR:OECD_IR3TIB,0.034071,71.1284,71.5251,134.354,134.739,135.3073,2019-12-31,2020-01-31,PROXY_IMPORT_PARITY,,,False,NO_FREIGHT_DATA
2019-12-11,False,1751.5,1758.0,-6.5,1330825,70.8005,False,ECB_CROSS,0.0515,0.0175,0.049803,0.015485,False,USD:UST13W|INR:OECD_IR3TIB,0.033971,71.0052,71.4001,134.2377,134.604,135.1718,2019-12-31,2020-01-31,PROXY_IMPORT_PARITY,,,False,NO_FREIGHT_DATA
2019-12-12,False,1755.0,1767.0,-12.0,1343800,70.8768,False,ECB_CROSS,0.0515,0.0175,0.049803,0.015386,False,USD:UST13W|INR:OECD_IR3TIB,0.034071,71.0824,71.4789,134.6509,134.9999,135.5695,2019-12-31,2020-01-31,PROXY_IMPORT_PARITY,,,False,NO_FREIGHT_DATA
2019-12-13,False,1763.5,1774.5,-11.0,1375675,70.7544,False,ECB_CROSS,0.0515,0.0175,0.049803,0.015485,False,USD:UST13W|INR:OECD_IR3TIB,0.033971,70.9591,71.3537,135.0694,135.4011,135.9724,2019-12-31,2020-01-31,PROXY_IMPORT_PARITY,,,False,NO_FREIGHT_DATA
2019-12-16,False,1763.0,1771.0,-8.0,1403075,70.9728,False,ECB_CROSS,0.0515,0.0175,0.049803,0.015485,False,USD:UST13W|INR:OECD_IR3TIB,0.033971,71.1781,71.5739,135.4479,135.7251,136.298,2019-12-31,2020-01-31,PROXY_IMPORT_PARITY,,,False,NO_FREIGHT_DATA
2019-12-17,False,1754.0,1767.0,-13.0,1444300,70.9582,False,ECB_CROSS,0.0515,0.0175,0.049803,0.015386,False,USD:UST13W|INR:OECD_IR3TIB,0.034071,71.164,71.5609,134.7287,134.9861,135.5559,2019-12-31,2020-01-31,PROXY_IMPORT_PARITY,,,False,NO_FREIGHT_DATA
2019-12-18,False,1758.0,1777.0,-19.0,1487775,70.9807,False,ECB_CROSS,0.0515,0.0175,0.049803,0.015386,False,USD:UST13W|INR:OECD_IR3TIB,0.034071,71.1866,71.5836,135.0788,135.3184,135.8897,2019-12-31,2020-01-31,PROXY_IMPORT_PARITY,,,False,NO_FREIGHT_DATA
2019-12-19,False,1765.5,1788.0,-22.5,1487300,71.0911,False,ECB_CROSS,0.0515,0.0175,0.049803,0.015485,False,USD:UST13W|INR:OECD_IR3TIB,0.033971,71.2968,71.6932,135.866,136.0885,136.6632,2019-12-31,2020-01-31,PROXY_IMPORT_PARITY,,,False,NO_FREIGHT_DATA
2019-12-20,False,1770.5,1803.0,-32.5,1486550,71.1936,False,ECB_CROSS,0.0515,0.0175,0.049803,0.015584,False,USD:UST13W|INR:OECD_IR3TIB,0.03387,71.3989,71.7947,136.4473,136.652,137.2292,2019-12-31,2020-01-31,PROXY_IMPORT_PARITY,,,False,NO_FREIGHT_DATA
2019-12-23,False,1771.5,1802.0,-30.5,1485625,71.2826,False,ECB_CROSS,0.0515,0.0175,0.049803,0.015682,False,USD:UST13W|INR:OECD_IR3TIB,0.03377,71.4876,71.8828,136.695,136.8442,137.4224,2019-12-31,2020-01-31,PROXY_IMPORT_PARITY,,,False,NO_FREIGHT_DATA
2019-12-24,False,1790.5,1816.0,-25.5,1484525,71.2568,False,ECB_CROSS,0.0515,0.0175,0.049803,0.015584,False,USD:UST13W|INR:OECD_IR3TIB,0.03387,71.4623,71.8585,138.1111,138.243,138.8272,2019-12-31,2020-01-31,PROXY_IMPORT_PARITY,,,False,NO_FREIGHT_DATA
2019-12-27,False,1789.0,1816.5,-27.5,1483625,71.4041,False,ECB_CROSS,0.0515,0.0175,0.049803,0.015485,False,USD:UST13W|INR:OECD_IR3TIB,0.033971,71.6107,72.0089,138.2806,138.3561,138.941,2019-12-31,2020-01-31,PROXY_IMPORT_PARITY,,,False,NO_FREIGHT_DATA
2019-12-30,False,1791.0,1822.0,-31.0,1477725,71.3308,False,ECB_CROSS,0.0515,0.0175,0.049803,0.015485,False,USD:UST13W|INR:OECD_IR3TIB,0.033971,71.5371,71.9349,138.2931,138.312,138.897,2019-12-31,2020-01-31,PROXY_IMPORT_PARITY,,,False,NO_FREIGHT_DATA
2019-12-31,False,1800.0,1830.0,-30.0,1475025,71.3788,False,ECB_CROSS,0.0515,0.0175,0.049803,0.015288,False,USD:UST13W|INR:OECD_IR3TIB,0.034171,71.5865,71.987,139.0816,139.0816,139.6699,2019-12-31,2020-01-31,PROXY_IMPORT_PARITY,,,False,NO_FREIGHT_DATA
2020-01-02,False,1772.0,1803.5,-31.5,1473025,71.3897,False,ECB_CROSS,0.0515,0.0175,0.050745,0.015189,False,USD:UST13W|INR:OECD_IR3TIB,0.03521,71.6037,72.0164,136.939,137.4911,138.0242,2020-01-31,2020-02-28,PROXY_IMPORT_PARITY,,,False,NO_FREIGHT_DATA
2020-01-03,False,1758.0,1794.0,-36.0,1470925,71.7758,False,ECB_CROSS,0.0515,0.0175,0.050745,0.014992,False,USD:UST13W|INR:OECD_IR3TIB,0.035411,71.9922,72.4095,136.5919,137.1236,137.6553,2020-01-31,2020-02-28,PROXY_IMPORT_PARITY,,,False,NO_FREIGHT_DATA
2020-01-06,False,1791.0,1822.0,-31.0,1463200,71.9292,False,ECB_CROSS,0.0515,0.0175,0.050745,0.015386,False,USD:UST13W|INR:OECD_IR3TIB,0.035009,72.1436,72.557,139.4533,139.938,140.4808,2020-01-31,2020-02-28,PROXY_IMPORT_PARITY,,,False,NO_FREIGHT_DATA
2020-01-07,False,1794.0,1826.5,-32.5,1451575,71.8448,False,ECB_CROSS,0.0515,0.0175,0.050745,0.015189,False,USD:UST13W|INR:OECD_IR3TIB,0.03521,72.0602,72.4755,139.523,139.9885,140.5316,2020-01-31,2020-02-28,PROXY_IMPORT_PARITY,,,False,NO_FREIGHT_DATA
2020-01-08,False,1771.5,1806.0,-34.5,1439300,71.713,False,ECB_CROSS,0.0515,0.0175,0.050745,0.015189,False,USD:UST13W|INR:OECD_IR3TIB,0.03521,71.928,72.3425,137.5203,137.9601,138.4954,2020-01-31,2020-02-28,PROXY_IMPORT_PARITY,,,False,NO_FREIGHT_DATA
2020-01-09,False,1771.0,1799.5,-28.5,1425575,71.2529,False,ECB_CROSS,0.0515,0.0175,0.050745,0.015189,False,USD:UST13W|INR:OECD_IR3TIB,0.03521,71.4665,71.8784,136.5995,137.0173,137.549,2020-01-31,2020-02-28,PROXY_IMPORT_PARITY,,,False,NO_FREIGHT_DATA
2020-01-10,False,1771.5,1798.0,-26.5,1410675,70.9508,False,ECB_CROSS,0.0515,0.0175,0.050745,0.015189,False,USD:UST13W|INR:OECD_IR3TIB,0.03521,71.1635,71.5736,136.0587,136.4559,136.9856,2020-01-31,2020-02-28,PROXY_IMPORT_PARITY,,,False,NO_FREIGHT_DATA
2020-01-13,False,1766.5,1793.0,-26.5,1396550,70.8453,False,ECB_CROSS,0.0515,0.0175,0.050745,0.015485,False,USD:UST13W|INR:OECD_IR3TIB,0.034908,71.0559,71.4619,135.473,135.812,136.3393,2020-01-31,2020-02-28,PROXY_IMPORT_PARITY,,,False,NO_FREIGHT_DATA
2020-01-14,False,1767.5,1797.0,-29.5,1381175,70.8309,False,ECB_CROSS,0.0515,0.0175,0.050745,0.015485,False,USD:UST13W|INR:OECD_IR3TIB,0.034908,71.0414,71.4473,135.5221,135.8424,136.3699,2020-01-31,2020-02-28,PROXY_IMPORT_PARITY,,,False,NO_FREIGHT_DATA
2020-01-15,False,1778.5,1805.5,-27.0,1367875,70.7974,False,ECB_CROSS,0.0515,0.0175,0.050745,0.015485,False,USD:UST13W|INR:OECD_IR3TIB,0.034908,71.0079,71.4136,136.301,136.6042,137.1348,2020-01-31,2020-02-28,PROXY_IMPORT_PARITY,,,False,NO_FREIGHT_DATA
2020-01-16,False,1794.0,1814.0,-20.0,1353875,70.9294,False,ECB_CROSS,0.0515,0.0175,0.050745,0.015288,False,USD:UST13W|INR:OECD_IR3TIB,0.035109,71.1414,71.5502,137.7452,138.0325,138.5687,2020-01-31,2020-02-28,PROXY_IMPORT_PARITY,,,False,NO_FREIGHT_DATA
2020-01-17,False,1796.0,1808.0,-12.0,1340725,71.0809,False,ECB_CROSS,0.0515,0.0175,0.050745,0.015386,False,USD:UST13W|INR:OECD_IR3TIB,0.035009,71.2928,71.7013,138.1934,138.4623,139.0003,2020-01-31,2020-02-28,PROXY_IMPORT_PARITY,,,False,NO_FREIGHT_DATA
2020-01-20,False,1807.0,1814.0,-7.0,1327675,71.0726,False,ECB_CROSS,0.0515,0.0175,0.050745,0.015386,True,USD:UST13W|INR:OECD_IR3TIB,0.035009,71.2845,71.693,139.0235,139.2361,139.7773,2020-01-31,2020-02-28,PROXY_IMPORT_PARITY,,,False,NO_FREIGHT_DATA
2020-01-21,False,1810.5,1818.0,-7.5,1309050,71.1961,False,ECB_CROSS,0.0515,0.0175,0.050745,0.015386,False,USD:UST13W|INR:OECD_IR3TIB,0.035009,71.4084,71.8175,139.5348,139.7288,140.272,2020-01-31,2020-02-28,PROXY_IMPORT_PARITY,,,False,NO_FREIGHT_DATA
2020-01-22,False,1807.5,1819.0,-11.5,1292500,71.1278,False,ECB_CROSS,0.0515,0.0175,0.050745,0.015288,False,USD:UST13W|INR:OECD_IR3TIB,0.035109,71.3404,71.7504,139.17,139.3441,139.8859,2020-01-31,2020-02-28,PROXY_IMPORT_PARITY,,,False,NO_FREIGHT_DATA
2020-01-23,False,1781.5,1794.0,-12.5,1276850,71.3159,False,ECB_CROSS,0.0515,0.0175,0.050745,0.015288,False,USD:UST13W|INR:OECD_IR3TIB,0.035109,71.5291,71.9402,137.5308,137.6838,138.2192,2020-01-31,2020-02-28,PROXY_IMPORT_PARITY,,,False,NO_FREIGHT_DATA
2020-01-24,False,1775.5,1786.0,-10.5,1260150,71.2913,False,ECB_CROSS,0.0515,0.0175,0.050745,0.015189,False,USD:UST13W|INR:OECD_IR3TIB,0.03521,71.5051,71.9172,137.0204,137.1537,137.6871,2020-01-31,2020-02-28,PROXY_IMPORT_PARITY,,,False,NO_FREIGHT_DATA
2020-01-27,False,1755.5,1765.0,-9.5,1248025,71.4218,False,ECB_CROSS,0.0515,0.0175,0.050745,0.015288,False,USD:UST13W|INR:OECD_IR3TIB,0.035109,71.6353,72.0469,135.7249,135.8004,136.3287,2020-01-31,2020-02-28,PROXY_IMPORT_PARITY,,,False,NO_FREIGHT_DATA
2020-01-28,False,1744.5,1759.5,-15.0,1242425,71.2899,False,ECB_CROSS,0.0515,0.0175,0.050745,0.015485,False,USD:UST13W|INR:OECD_IR3TIB,0.034908,71.5018,71.9103,134.6254,134.6815,135.2056,2020-01-31,2020-02-28,PROXY_IMPORT_PARITY,,,False,NO_FREIGHT_DATA
2020-01-29,False,1732.5,1748.0,-15.5,1256350,71.2817,False,ECB_CROSS,0.0515,0.0175,0.050745,0.015386,False,USD:UST13W|INR:OECD_IR3TIB,0.035009,71.4942,71.9039,133.6839,133.7211,134.2415,2020-01-31,2020-02-28,PROXY_IMPORT_PARITY,,,False,NO_FREIGHT_DATA
2020-01-30,False,1722.5,1736.0,-13.5,1274325,71.6393,False,ECB_CROSS,0.0515,0.0175,0.050745,0.015485,False,USD:UST13W|INR:OECD_IR3TIB,0.034908,71.8454,72.2628,133.5791,133.5977,134.1176,2020-01-31,2020-02-28,PROXY_IMPORT_PARITY,,,False,NO_FREIGHT_DATA
2020-01-31,False,1709.5,1724.5,-15.0,1288350,71.3948,False,ECB_CROSS,0.0515,0.0175,0.050745,0.015288,False,USD:UST13W|INR:OECD_IR3TIB,0.035111,71.5945,72.0129,132.1185,132.1185,132.6328,2020-01-31,2020-02-28,PROXY_IMPORT_PARITY,,,False,NO_FREIGHT_DATA
2020-02-03,False,1694.5,1719.0,-24.5,1272525,71.393,False,ECB_CROSS,0.0515,0.0175,0.050875,0.015485,False,USD:UST13W|INR:OECD_IR3TIB,0.035039,71.5923,72.0098,130.9559,131.4122,131.9963,2020-02-28,2020-03-31,PROXY_IMPORT_PARITY,,,False,NO_FREIGHT_DATA
2020-02-04,False,1687.0,1713.0,-26.0,1257950,71.2455,False,ECB_CROSS,0.0515,0.0175,0.050875,0.015485,False,USD:UST13W|INR:OECD_IR3TIB,0.035039,71.4443,71.861,130.1069,130.5422,131.1225,2020-02-28,2020-03-31,PROXY_IMPORT_PARITY,,,False,NO_FREIGHT_DATA
2020-02-05,False,1688.0,1716.0,-28.0,1274550,71.154,False,ECB_CROSS,0.0515,0.0175,0.050875,0.015485,False,USD:UST13W|INR:OECD_IR3TIB,0.035039,71.3526,71.7687,130.0169,130.4337,131.0136,2020-02-28,2020-03-31,PROXY_IMPORT_PARITY,,,False,NO_FREIGHT_DATA
2020-02-06,False,1698.0,1723.5,-25.5,1257750,71.1483,False,ECB_CROSS,0.0515,0.0175,0.050875,0.015485,False,USD:UST13W|INR:OECD_IR3TIB,0.035039,71.3469,71.763,130.7766,131.1776,131.7609,2020-02-28,2020-03-31,PROXY_IMPORT_PARITY,,,False,NO_FREIGHT_DATA
2020-02-07,False,1693.5,1721.0,-27.5,1242950,71.44,False,ECB_CROSS,0.0515,0.0175,0.050875,0.015386,False,USD:UST13W|INR:OECD_IR3TIB,0.03514,71.6399,72.059,130.9648,131.3481,131.9323,2020-02-28,2020-03-31,PROXY_IMPORT_PARITY,,,False,NO_FREIGHT_DATA
2020-02-10,False,1676.0,1705.0,-29.0,1229700,71.3241,False,ECB_CROSS,0.0515,0.0175,0.050875,0.015584,False,USD:UST13W|INR:OECD_IR3TIB,0.034939,71.5226,71.9385,129.4012,129.7258,130.303,2020-02-28,2020-03-31,PROXY_IMPORT_PARITY,,,False,NO_FREIGHT_DATA
2020-02-11,False,1689.5,1717.0,-27.5,1239800,71.2728,False,ECB_CROSS,0.0515,0.0175,0.050875,0.015485,False,USD:UST13W|INR:OECD_IR3TIB,0.035039,71.4718,71.8886,130.3497,130.6585,131.2399,2020-02-28,2020-03-31,PROXY_IMPORT_PARITY,,,False,NO_FREIGHT_DATA
2020-02-12,False,1707.0,1733.0,-26.0,1232200,71.3162,False,ECB_CROSS,0.0515,0.0175,0.050875,0.015584,False,USD:UST13W|INR:OECD_IR3TIB,0.034939,71.5147,71.9306,131.78,132.0739,132.6617,2020-02-28,2020-03-31,PROXY_IMPORT_PARITY,,,False,NO_FREIGHT_DATA
2020-02-13,False,1701.5,1727.5,-26.0,1221000,71.2704,False,ECB_CROSS,0.0515,0.0175,0.050875,0.015682,False,USD:UST13W|INR:OECD_IR3TIB,0.034838,71.4682,71.8826,131.2711,131.5455,132.131,2020-02-28,2020-03-31,PROXY_IMPORT_PARITY,,,False,NO_FREIGHT_DATA
2020-02-14,False,1704.5,1734.0,-29.5,1206450,71.4499,False,ECB_CROSS,0.0515,0.0175,0.050875,0.015584,False,USD:UST13W|INR:OECD_IR3TIB,0.034939,71.6488,72.0655,131.8337,132.091,132.679,2020-02-28,2020-03-31,PROXY_IMPORT_PARITY,,,False,NO_FREIGHT_DATA
2020-02-17,False,1678.5,1712.0,-33.5,1192375,71.3816,False,ECB_CROSS,0.0515,0.0175,0.050875,0.015584,True,USD:UST13W|INR:OECD_IR3TIB,0.034939,71.5803,71.9966,129.6987,129.8975,130.476,2020-02-28,2020-03-31,PROXY_IMPORT_PARITY,,,False,NO_FREIGHT_DATA
2020-02-18,False,1681.0,1708.5,-27.5,1177425,71.5514,False,ECB_CROSS,0.0515,0.0175,0.050875,0.015584,False,USD:UST13W|INR:OECD_IR3TIB,0.034939,71.7506,72.1678,130.2008,130.3823,130.963,2020-02-28,2020-03-31,PROXY_IMPORT_PARITY,,,False,NO_FREIGHT_DATA
2020-02-19,False,1686.0,1712.5,-26.5,1162300,71.5134,False,ECB_CROSS,0.0515,0.0175,0.050875,0.015584,False,USD:UST13W|INR:OECD_IR3TIB,0.034939,71.7125,72.1295,130.5187,130.6825,131.2646,2020-02-28,2020-03-31,PROXY_IMPORT_PARITY,,,False,NO_FREIGHT_DATA
2020-02-20,False,1687.0,1715.0,-28.0,1150775,71.6168,False,ECB_CROSS,0.0515,0.0175,0.050875,0.015584,False,USD:UST13W|INR:OECD_IR3TIB,0.034939,71.8161,72.2338,130.785,130.9308,131.5142,2020-02-28,2020-03-31,PROXY_IMPORT_PARITY,,,False,NO_FREIGHT_DATA
2020-02-21,False,1677.0,1703.0,-26.0,1138975,71.9878,False,ECB_CROSS,0.0515,0.0175,0.050875,0.015386,False,USD:UST13W|INR:OECD_IR3TIB,0.03514,72.1893,72.6115,130.6832,130.8107,131.3936,2020-02-28,2020-03-31,PROXY_IMPORT_PARITY,,,False,NO_FREIGHT_DATA
2020-02-24,False,1672.5,1698.0,-25.5,1127400,71.9417,False,ECB_CROSS,0.0515,0.0175,0.050875,0.01509,False,USD:UST13W|INR:OECD_IR3TIB,0.035441,72.1448,72.5704,130.2491,130.3217,130.9027,2020-02-28,2020-03-31,PROXY_IMPORT_PARITY,,,False,NO_FREIGHT_DATA
2020-02-25,False,1685.0,1705.0,-20.0,1115400,71.7011,False,ECB_CROSS,0.0515,0.0175,0.050875,0.01509,False,USD:UST13W|INR:OECD_IR3TIB,0.035441,71.9035,72.3277,130.7837,130.8384,131.4217,2020-02-28,2020-03-31,PROXY_IMPORT_PARITY,,,False,NO_FREIGHT_DATA
2020-02-26,False,1676.5,1698.0,-21.5,1103575,71.6501,False,ECB_CROSS,0.0515,0.0175,0.050875,0.01509,False,USD:UST13W|INR:OECD_IR3TIB,0.035441,71.8524,72.2763,130.0314,130.0677,130.6476,2020-02-28,2020-03-31,PROXY_IMPORT_PARITY,,,False,NO_FREIGHT_DATA
2020-02-27,False,1671.0,1690.5,-19.5,1092275,71.6326,False,ECB_CROSS,0.0515,0.0175,0.050875,0.014301,False,USD:UST13W|INR:OECD_IR3TIB,0.036245,71.8394,72.2728,129.5732,129.5912,130.1692,2020-02-28,2020-03-31,PROXY_IMPORT_PARITY,,,False,NO_FREIGHT_DATA
2020-02-28,False,1663.0,1680.0,-17.0,1082150,72.2283,False,ECB_CROSS,0.0515,0.0175,0.050875,0.012526,False,USD:UST13W|INR:OECD_IR3TIB,0.038056,72.4471,72.9061,130.0252,130.0252,130.6052,2020-02-28,2020-03-31,PROXY_IMPORT_PARITY,,,False,NO_FREIGHT_DATA
2020-03-02,False,1684.5,1700.0,-15.5,1071875,72.754,False,ECB_CROSS,0.0515,0.0175,0.05105,0.011047,False,USD:UST13W|INR:OECD_IR3TIB,0.039738,73.0,73.4827,132.6648,133.2029,133.7596,2020-03-31,2020-04-30,PROXY_IMPORT_PARITY,,,False,NO_FREIGHT_DATA
2020-03-03,False,1706.0,1722.0,-16.0,1061375,73.2473,False,ECB_CROSS,0.0515,0.0175,0.05105,0.00937,False,USD:UST13W|INR:OECD_IR3TIB,0.041451,73.5056,74.0126,135.2691,135.7988,136.3664,2020-03-31,2020-04-30,PROXY_IMPORT_PARITY,,,False,NO_FREIGHT_DATA
2020-03-04,False,1723.5,1732.0,-8.5,1050750,73.2607,False,ECB_CROSS,0.0515,0.0125,0.05105,0.007101,False,USD:UST13W|INR:OECD_IR3TIB,0.04377,73.5333,74.0689,136.6817,137.1978,137.7713,2020-03-31,2020-04-30,PROXY_IMPORT_PARITY,,,False,NO_FREIGHT_DATA
2020-03-05,False,1715.0,1726.0,-11.0,1040775,73.4361,False,ECB_CROSS,0.0515,0.0125,0.05105,0.006115,False,USD:UST13W|INR:OECD_IR3TIB,0.04478,73.7157,74.265,136.3332,136.829,137.401,2020-03-31,2020-04-30,PROXY_IMPORT_PARITY,,,False,NO_FREIGHT_DATA
2020-03-06,False,1687.0,1709.0,-22.0,1030750,73.735,False,ECB_CROSS,0.0515,0.0125,0.05105,0.004537,False,USD:UST13W|INR:OECD_IR3TIB,0.046396,74.0258,74.5973,134.6532,135.124,135.689,2020-03-31,2020-04-30,PROXY_IMPORT_PARITY,,,False,NO_FREIGHT_DATA
2020-03-09,False,1643.5,1666.5,-23.0,1019950,74.162,False,ECB_CROSS,0.0515,0.0125,0.05105,0.003156,False,USD:UST13W|INR:OECD_IR3TIB,0.047811,74.4633,75.0557,131.9408,132.3468,132.9004,2020-03-31,2020-04-30,PROXY_IMPORT_PARITY,,,False,NO_FREIGHT_DATA
2020-03-10,False,1689.0,1708.5,-19.5,1010025,73.8455,False,ECB_CROSS,0.0515,0.0125,0.05105,0.00434,False,USD:UST13W|INR:OECD_IR3TIB,0.046598,74.1379,74.7128,135.0149,135.4114,135.9779,2020-03-31,2020-04-30,PROXY_IMPORT_PARITY,,,False,NO_FREIGHT_DATA
2020-03-11,False,1670.5,1687.0,-16.5,1002300,73.6781,False,ECB_CROSS,0.0515,0.0125,0.05105,0.004142,False,USD:UST13W|INR:OECD_IR3TIB,0.0468,73.9712,74.5472,133.2333,133.606,134.165,2020-03-31,2020-04-30,PROXY_IMPORT_PARITY,,,False,NO_FREIGHT_DATA
2020-03-12,False,1643.0,1658.0,-15.0,994675,74.2598,False,ECB_CROSS,0.0515,0.0125,0.05105,0.003255,False,USD:UST13W|INR:OECD_IR3TIB,0.04771,74.5609,75.1528,132.0746,132.4256,132.9797,2020-03-31,2020-04-30,PROXY_IMPORT_PARITY,,,False,NO_FREIGHT_DATA
2020-03-13,False,1677.0,1696.0,-19.0,987175,73.736,False,ECB_CROSS,0.0515,0.0125,0.05105,0.002663,False,USD:UST13W|INR:OECD_IR3TIB,0.048317,74.0388,74.634,133.8568,134.1938,134.7555,2020-03-31,2020-04-30,PROXY_IMPORT_PARITY,,,False,NO_FREIGHT_DATA
2020-03-16,False,1640.5,1655.0,-14.5,978450,74.2202,False,ECB_CROSS,0.0515,0.0025,0.05105,0.002367,False,USD:UST13W|INR:OECD_IR3TIB,0.048621,74.5268,75.1298,131.8033,132.0798,132.6328,2020-03-31,2020-04-30,PROXY_IMPORT_PARITY,,,False,NO_FREIGHT_DATA
2020-03-17,False,1628.0,1649.0,-21.0,973050,74.2734,False,ECB_CROSS,0.0515,0.0025,0.05105,0.001874,False,USD:UST13W|INR:OECD_IR3TIB,0.049126,74.5834,75.193,130.8928,131.1491,131.6983,2020-03-31,2020-04-30,PROXY_IMPORT_PARITY,,,False,NO_FREIGHT_DATA
2020-03-18,False,1602.5,1628.0,-25.5,967325,74.2048,False,ECB_CROSS,0.0515,0.0025,0.05105,0.000197,False,USD:UST13W|INR:OECD_IR3TIB,0.050847,74.5252,75.1558,128.7235,128.9576,129.4977,2020-03-31,2020-04-30,PROXY_IMPORT_PARITY,,,False,NO_FREIGHT_DATA
2020-03-19,False,1581.0,1607.0,-26.0,1009100,75.1227,False,ECB_CROSS,0.0515,0.0025,0.05105,0.000395,False,USD:UST13W|INR:OECD_IR3TIB,0.050645,75.4458,76.0816,128.5674,128.7832,129.3227,2020-03-31,2020-04-30,PROXY_IMPORT_PARITY,,,False,NO_FREIGHT_DATA
2020-03-20,False,1580.5,1605.0,-24.5,1069925,75.1518,False,ECB_CROSS,0.0515,0.0025,0.05105,0.000493,False,USD:UST13W|INR:OECD_IR3TIB,0.050544,75.4744,76.1092,128.5766,128.7744,129.3139,2020-03-31,2020-04-30,PROXY_IMPORT_PARITY,,,False,NO_FREIGHT_DATA
2020-03-23,False,1536.0,1568.0,-32.0,1076050,76.162,False,ECB_CROSS,0.0515,0.0025,0.05105,0.000197,False,USD:UST13W|INR:OECD_IR3TIB,0.050847,76.4909,77.1381,126.6361,126.7778,127.3091,2020-03-31,2020-04-30,PROXY_IMPORT_PARITY,,,False,NO_FREIGHT_DATA
2020-03-24,False,1532.5,1567.5,-35.0,1100675,75.955,False,ECB_CROSS,0.0515,0.0025,0.05105,9.9e-05,False,USD:UST13W|INR:OECD_IR3TIB,0.050949,76.2837,76.9304,126.0041,126.1275,126.6562,2020-03-31,2020-04-30,PROXY_IMPORT_PARITY,,,False,NO_FREIGHT_DATA
2020-03-25,False,1507.5,1541.5,-34.0,1098425,76.3822,False,ECB_CROSS,0.0515,0.0025,0.05105,-0.000395,False,USD:UST13W|INR:OECD_IR3TIB,0.051455,76.716,77.3728,124.6457,124.7503,125.2733,2020-03-31,2020-04-30,PROXY_IMPORT_PARITY,,,False,NO_FREIGHT_DATA
2020-03-26,False,1507.5,1539.5,-32.0,1112575,75.1612,False,ECB_CROSS,0.0515,0.0025,0.05105,-0.000493,False,USD:UST13W|INR:OECD_IR3TIB,0.051556,75.4903,76.1379,122.6532,122.739,123.2536,2020-03-31,2020-04-30,PROXY_IMPORT_PARITY,,,False,NO_FREIGHT_DATA
2020-03-27,False,1506.0,1538.5,-32.5,1131675,75.4938,False,ECB_CROSS,0.044,0.0025,0.04355,0.000296,False,USD:UST13W|INR:OECD_IR3TIB,0.043247,75.7711,76.3167,123.0734,123.1321,123.5727,2020-03-31,2020-04-30,PROXY_IMPORT_PARITY,,,False,NO_FREIGHT_DATA
2020-03-30,False,1495.0,1528.0,-33.0,1150775,75.6752,False,ECB_CROSS,0.044,0.0025,0.04355,0.001184,False,USD:UST13W|INR:OECD_IR3TIB,0.042337,75.9473,76.4827,122.468,122.4826,122.921,2020-03-31,2020-04-30,PROXY_IMPORT_PARITY,,,False,NO_FREIGHT_DATA
2020-03-31,False,1489.0,1524.0,-35.0,1148750,75.6649,False,ECB_CROSS,0.044,0.0025,0.04355,0.001085,False,USD:UST13W|INR:OECD_IR3TIB,0.042438,75.9289,76.4655,121.9599,121.9599,122.3965,2020-03-31,2020-04-30,PROXY_IMPORT_PARITY,,,False,NO_FREIGHT_DATA
2020-04-01,False,1463.5,1498.0,-34.5,1164200,76.4451,False,ECB_CROSS,0.044,0.0025,0.041341,0.000888,False,USD:UST13W|INR:OECD_IR3TIB,0.040432,76.6992,77.2157,121.1073,121.5051,121.9029,2020-04-30,2020-05-29,PROXY_IMPORT_PARITY,,,False,NO_FREIGHT_DATA
2020-04-02,False,1448.5,1482.5,-34.0,1210475,76.4038,False,ECB_CROSS,0.044,0.0025,0.041341,0.000888,False,USD:UST13W|INR:OECD_IR3TIB,0.040432,76.6578,77.174,119.8013,120.1812,120.5747,2020-04-30,2020-05-29,PROXY_IMPORT_PARITY,,,False,NO_FREIGHT_DATA
2020-04-03,False,1452.0,1486.0,-34.0,1207925,76.2318,False,ECB_CROSS,0.044,0.0025,0.041341,0.000986,False,USD:UST13W|INR:OECD_IR3TIB,0.040331,76.4845,76.9983,119.8204,120.1868,120.5804,2020-04-30,2020-05-29,PROXY_IMPORT_PARITY,,,False,NO_FREIGHT_DATA
2020-04-06,False,1424.5,1460.5,-36.0,1213400,76.0875,False,ECB_CROSS,0.044,0.0025,0.041341,0.001479,False,USD:UST13W|INR:OECD_IR3TIB,0.039826,76.3366,76.843,117.3285,117.6475,118.0329,2020-04-30,2020-05-29,PROXY_IMPORT_PARITY,,,False,NO_FREIGHT_DATA
2020-04-07,False,1455.5,1491.5,-36.0,1213750,75.5645,False,ECB_CROSS,0.044,0.0025,0.041341,0.001381,False,USD:UST13W|INR:OECD_IR3TIB,0.039927,75.8126,76.3167,119.0578,119.368,119.759,2020-04-30,2020-05-29,PROXY_IMPORT_PARITY,,,False,NO_FREIGHT_DATA
2020-04-08,False,1421.5,1459.5,-38.0,1227450,76.2331,False,ECB_CROSS,0.044,0.0025,0.041341,0.00217,False,USD:UST13W|INR:OECD_IR3TIB,0.03912,76.4783,76.9766,117.3055,117.5978,117.9831,2020-04-30,2020-05-29,PROXY_IMPORT_PARITY,,,False,NO_FREIGHT_DATA
2020-04-09,False,1428.5,1467.0,-38.5,1239700,76.3113,False,ECB_CROSS,0.044,0.0025,0.041341,0.002466,False,USD:UST13W|INR:OECD_IR3TIB,0.038817,76.5549,77.0498,118.0041,118.2847,118.6723,2020-04-30,2020-05-29,PROXY_IMPORT_PARITY,,,False,NO_FREIGHT_DATA
2020-04-14,False,1456.0,1495.5,-39.5,1248000,76.1598,False,ECB_CROSS,0.044,0.0025,0.041341,0.001973,False,USD:UST13W|INR:OECD_IR3TIB,0.039321,76.406,76.9064,120.037,120.2545,120.6488,2020-04-30,2020-05-29,PROXY_IMPORT_PARITY,,,False,NO_FREIGHT_DATA
2020-04-15,False,1469.5,1507.5,-38.0,1261550,76.5055,False,ECB_CROSS,0.044,0.0025,0.041341,0.001381,False,USD:UST13W|INR:OECD_IR3TIB,0.039927,76.7567,77.2671,121.6999,121.9066,122.3064,2020-04-30,2020-05-29,PROXY_IMPORT_PARITY,,,False,NO_FREIGHT_DATA
2020-04-16,False,1476.0,1514.0,-38.0,1261475,76.8782,False,ECB_CROSS,0.044,0.0025,0.041341,0.001381,False,USD:UST13W|INR:OECD_IR3TIB,0.039927,77.1306,77.6435,122.8337,123.0285,123.4319,2020-04-30,2020-05-29,PROXY_IMPORT_PARITY,,,False,NO_FREIGHT_DATA
2020-04-17,False,1482.5,1520.0,-37.5,1259150,76.4793,False,ECB_CROSS,0.044,0.0025,0.041341,0.001184,False,USD:UST13W|INR:OECD_IR3TIB,0.040129,76.7316,77.2444,122.7345,122.9152,123.3183,2020-04-30,2020-05-29,PROXY_IMPORT_PARITY,,,False,NO_FREIGHT_DATA
2020-04-20,False,1451.5,1490.0,-38.5,1300950,76.5594,False,ECB_CROSS,0.044,0.0025,0.041341,0.001184,False,USD:UST13W|INR:OECD_IR3TIB,0.040129,76.812,77.3254,120.2939,120.4301,120.8252,2020-04-30,2020-05-29,PROXY_IMPORT_PARITY,,,False,NO_FREIGHT_DATA
2020-04-21,False,1443.5,1483.5,-40.0,1298225,76.9364,False,ECB_CROSS,0.044,0.0025,0.041341,0.001085,False,USD:UST13W|INR:OECD_IR3TIB,0.04023,77.1909,77.7081,120.22,120.3425,120.7374,2020-04-30,2020-05-29,PROXY_IMPORT_PARITY,,,False,NO_FREIGHT_DATA
2020-04-22,False,1461.5,1501.5,-40.0,1298125,76.5331,False,ECB_CROSS,0.044,0.0025,0.041341,0.001184,False,USD:UST13W|INR:OECD_IR3TIB,0.040129,76.7856,77.2988,121.081,121.1907,121.5884,2020-04-30,2020-05-29,PROXY_IMPORT_PARITY,,,False,NO_FREIGHT_DATA
2020-04-23,False,1473.5,1509.5,-36.0,1307725,76.0676,False,ECB_CROSS,0.044,0.0025,0.041341,0.001085,False,USD:UST13W|INR:OECD_IR3TIB,0.04023,76.3192,76.8305,121.3327,121.4289,121.8274,2020-04-30,2020-05-29,PROXY_IMPORT_PARITY,,,False,NO_FREIGHT_DATA
2020-04-24,False,1473.0,1508.0,-35.0,1317925,76.2648,False,ECB_CROSS,0.044,0.0025,0.041341,0.001184,False,USD:UST13W|INR:OECD_IR3TIB,0.040129,76.5164,77.0278,121.6059,121.6886,122.088,2020-04-30,2020-05-29,PROXY_IMPORT_PARITY,,,False,NO_FREIGHT_DATA
2020-04-27,False,1472.5,1509.5,-37.0,1336775,76.133,False,ECB_CROSS,0.044,0.0025,0.041341,0.001184,False,USD:UST13W|INR:OECD_IR3TIB,0.040129,76.3841,76.8947,121.3546,121.3958,121.7944,2020-04-30,2020-05-29,PROXY_IMPORT_PARITY,,,False,NO_FREIGHT_DATA
2020-04-28,False,1465.0,1503.5,-38.5,1347000,75.8683,False,ECB_CROSS,0.044,0.0025,0.041341,0.001085,False,USD:UST13W|INR:OECD_IR3TIB,0.04023,76.1193,76.6293,120.3167,120.3439,120.7391,2020-04-30,2020-05-29,PROXY_IMPORT_PARITY,,,False,NO_FREIGHT_DATA
2020-04-29,False,1464.0,1504.0,-40.0,1346775,75.6516,False,ECB_CROSS,0.044,0.0025,0.041341,0.000986,False,USD:UST13W|INR:OECD_IR3TIB,0.040331,75.9024,76.4123,119.8911,119.9047,120.2985,2020-04-30,2020-05-29,PROXY_IMPORT_PARITY,,,False,NO_FREIGHT_DATA
2020-04-30,False,1460.5,1498.0,-37.5,1346200,75.0375,False,ECB_CROSS,0.044,0.0025,0.041341,0.000888,False,USD:UST13W|INR:OECD_IR3TIB,0.040432,75.2869,75.7939,118.6336,118.6336,119.0233,2020-04-30,2020-05-29,PROXY_IMPORT_PARITY,,,False,NO_FREIGHT_DATA
2020-05-01,False,1440.0,1477.5,-37.5,1356150,75.0375,True,ECB_CROSS,0.044,0.0025,0.041341,0.000888,True,USD:UST13W|INR:OECD_IR3TIB,0.040432,75.2869,75.7939,116.9685,117.3394,117.7633,2020-05-29,2020-06-30,PROXY_IMPORT_PARITY,,,False,NO_FREIGHT_DATA
2020-05-04,False,1437.0,1477.0,-40.0,1355175,75.6598,False,ECB_CROSS,0.044,0.0025,0.035523,0.001282,False,USD:UST13W|INR:OECD_IR3TIB,0.034212,75.8797,76.3123,117.6928,117.9791,118.3457,2020-05-29,2020-06-30,PROXY_IMPORT_PARITY,,,False,NO_FREIGHT_DATA
2020-05-05,False,1438.5,1479.5,-41.0,1355025,75.7572,False,ECB_CROSS,0.044,0.0025,0.035523,0.001282,False,USD:UST13W|INR:OECD_IR3TIB,0.034212,75.9773,76.4104,117.9673,118.2429,118.6102,2020-05-29,2020-06-30,PROXY_IMPORT_PARITY,,,False,NO_FREIGHT_DATA
2020-05-06,False,1443.0,1481.0,-38.0,1352525,75.8596,False,ECB_CROSS,0.044,0.0025,0.035523,0.001184,False,USD:UST13W|INR:OECD_IR3TIB,0.034312,76.0807,76.5157,118.4963,118.7615,119.1306,2020-05-29,2020-06-30,PROXY_IMPORT_PARITY,,,False,NO_FREIGHT_DATA
2020-05-07,False,1450.0,1486.5,-36.5,1349800,75.8309,False,ECB_CROSS,0.044,0.0025,0.035523,0.001085,False,USD:UST13W|INR:OECD_IR3TIB,0.034413,76.0526,76.4887,119.0261,119.2809,119.6516,2020-05-29,2020-06-30,PROXY_IMPORT_PARITY,,,False,NO_FREIGHT_DATA
2020-05-11,False,1454.5,1490.5,-36.0,1347100,75.8463,False,ECB_CROSS,0.044,0.0025,0.035523,0.001184,False,USD:UST13W|INR:OECD_IR3TIB,0.034312,76.0673,76.5022,119.4197,119.6289,120.0008,2020-05-29,2020-06-30,PROXY_IMPORT_PARITY,,,False,NO_FREIGHT_DATA
2020-05-12,False,1443.0,1482.0,-39.0,1354375,75.1455,False,ECB_CROSS,0.044,0.0025,0.035523,0.001282,False,USD:UST13W|INR:OECD_IR3TIB,0.034212,75.3639,75.7935,117.3808,117.575,117.9406,2020-05-29,2020-06-30,PROXY_IMPORT_PARITY,,,False,NO_FREIGHT_DATA
2020-05-13,False,1439.0,1476.5,-37.5,1351800,75.2943,False,ECB_CROSS,0.044,0.0025,0.035523,0.001282,False,USD:UST13W|INR:OECD_IR3TIB,0.034212,75.5131,75.9435,117.2872,117.4699,117.8352,2020-05-29,2020-06-30,PROXY_IMPORT_PARITY,,,False,NO_FREIGHT_DATA
2020-05-14,False,1433.5,1469.0,-35.5,1361575,75.6042,False,ECB_CROSS,0.044,0.0025,0.035523,0.001184,False,USD:UST13W|INR:OECD_IR3TIB,0.034312,75.8245,76.258,117.3199,117.4911,117.8565,2020-05-29,2020-06-30,PROXY_IMPORT_PARITY,,,False,NO_FREIGHT_DATA
2020-05-15,False,1432.5,1467.0,-34.5,1419675,75.9293,False,ECB_CROSS,0.044,0.0025,0.035523,0.001184,False,USD:UST13W|INR:OECD_IR3TIB,0.034312,76.1507,76.586,117.7421,117.9026,118.2693,2020-05-29,2020-06-30,PROXY_IMPORT_PARITY,,,False,NO_FREIGHT_DATA
2020-05-18,False,1441.5,1476.0,-34.5,1414475,75.8341,False,ECB_CROSS,0.044,0.0025,0.035523,0.001282,False,USD:UST13W|INR:OECD_IR3TIB,0.034212,76.0545,76.488,118.3333,118.46,118.8285,2020-05-29,2020-06-30,PROXY_IMPORT_PARITY,,,False,NO_FREIGHT_DATA
2020-05-19,False,1464.0,1498.0,-34.0,1436575,75.6653,False,ECB_CROSS,0.044,0.0025,0.035523,0.001282,False,USD:UST13W|INR:OECD_IR3TIB,0.034212,75.8852,76.3178,119.9129,120.0296,120.403,2020-05-29,2020-06-30,PROXY_IMPORT_PARITY,,,False,NO_FREIGHT_DATA
2020-05-20,False,1454.0,1486.5,-32.5,1466625,75.6192,False,ECB_CROSS,0.044,0.0025,0.035523,0.001184,False,USD:UST13W|INR:OECD_IR3TIB,0.034312,75.8396,76.2732,119.0212,119.1255,119.4961,2020-05-29,2020-06-30,PROXY_IMPORT_PARITY,,,False,NO_FREIGHT_DATA
2020-05-21,False,1487.0,1514.5,-27.5,1462600,75.5041,False,ECB_CROSS,0.044,0.0025,0.035523,0.001184,False,USD:UST13W|INR:OECD_IR3TIB,0.034312,75.7242,76.1571,121.5373,121.6319,122.0104,2020-05-29,2020-06-30,PROXY_IMPORT_PARITY,,,False,NO_FREIGHT_DATA
2020-05-22,False,1473.0,1498.5,-25.5,1458100,75.868,False,ECB_CROSS,0.04,0.0025,0.031523,0.001184,False,USD:UST13W|INR:OECD_IR3TIB,0.030314,76.0634,76.4477,120.9732,121.0464,121.3807,2020-05-29,2020-06-30,PROXY_IMPORT_PARITY,,,False,NO_FREIGHT_DATA
2020-05-26,False,1486.0,1513.0,-27.0,1479000,75.5599,False,ECB_CROSS,0.04,0.0025,0.031523,0.001381,False,USD:UST13W|INR:OECD_IR3TIB,0.030112,75.7532,76.1334,121.5453,121.5768,121.9127,2020-05-29,2020-06-30,PROXY_IMPORT_PARITY,,,False,NO_FREIGHT_DATA
2020-05-27,False,1504.0,1527.5,-23.5,1493775,75.7392,False,ECB_CROSS,0.04,0.0025,0.031523,0.001479,False,USD:UST13W|INR:OECD_IR3TIB,0.030011,75.9323,76.3122,123.3095,123.3308,123.6716,2020-05-29,2020-06-30,PROXY_IMPORT_PARITY,,,False,NO_FREIGHT_DATA
2020-05-28,False,1500.5,1524.0,-23.5,1493075,75.7657,False,ECB_CROSS,0.04,0.0025,0.031523,0.001479,False,USD:UST13W|INR:OECD_IR3TIB,0.030011,75.9589,76.3388,123.0656,123.0762,123.4163,2020-05-29,2020-06-30,PROXY_IMPORT_PARITY,,,False,NO_FREIGHT_DATA
2020-05-29,False,1515.0,1536.5,-21.5,1500900,75.5231,False,ECB_CROSS,0.04,0.0025,0.031523,0.001381,False,USD:UST13W|INR:OECD_IR3TIB,0.030112,75.7163,76.0963,123.8569,123.8569,124.1992,2020-05-29,2020-06-30,PROXY_IMPORT_PARITY,,,False,NO_FREIGHT_DATA
2020-06-01,False,1511.5,1540.0,-28.5,1496050,75.511,False,ECB_CROSS,0.04,0.0025,0.03311,0.001381,False,USD:UST13W|INR:OECD_IR3TIB,0.031699,75.7078,76.1143,123.551,123.876,124.2235,2020-06-30,2020-07-31,PROXY_IMPORT_PARITY,,,False,NO_FREIGHT_DATA
2020-06-02,False,1499.5,1529.0,-29.5,1505550,75.2094,False,ECB_CROSS,0.04,0.0025,0.03311,0.001479,False,USD:UST13W|INR:OECD_IR3TIB,0.031598,75.4048,75.8084,122.0806,122.3906,122.7339,2020-06-30,2020-07-31,PROXY_IMPORT_PARITY,,,False,NO_FREIGHT_DATA
2020-06-03,False,1526.0,1555.5,-29.5,1500900,75.4918,False,ECB_CROSS,0.04,0.0025,0.03311,0.001578,False,USD:UST13W|INR:OECD_IR3TIB,0.031498,75.6873,76.0911,124.7045,125.01,125.3606,2020-06-30,2020-07-31,PROXY_IMPORT_PARITY,,,False,NO_FREIGHT_DATA
2020-06-04,False,1535.0,1560.5,-25.5,1526250,75.4951,False,ECB_CROSS,0.04,0.0025,0.03311,0.001479,False,USD:UST13W|INR:OECD_IR3TIB,0.031598,75.6912,76.0964,125.4455,125.7414,126.0941,2020-06-30,2020-07-31,PROXY_IMPORT_PARITY,,,False,NO_FREIGHT_DATA
2020-06-05,False,1553.5,1579.0,-25.5,1521325,75.5781,False,ECB_CROSS,0.04,0.0025,0.03311,0.001479,False,USD:UST13W|INR:OECD_IR3TIB,0.031598,75.7744,76.1801,127.097,127.3852,127.7426,2020-06-30,2020-07-31,PROXY_IMPORT_PARITY,,,False,NO_FREIGHT_DATA
2020-06-08,False,1569.5,1596.0,-26.5,1525650,75.5348,False,ECB_CROSS,0.04,0.0025,0.03311,0.001677,False,USD:UST13W|INR:OECD_IR3TIB,0.031397,75.7298,76.1325,128.3324,128.5885,128.9494,2020-06-30,2020-07-31,PROXY_IMPORT_PARITY,,,False,NO_FREIGHT_DATA
2020-06-09,False,1565.5,1592.5,-27.0,1541150,75.5344,False,ECB_CROSS,0.04,0.0025,0.03311,0.001874,False,USD:UST13W|INR:OECD_IR3TIB,0.031195,75.7281,76.1283,128.0047,128.2485,128.6085,2020-06-30,2020-07-31,PROXY_IMPORT_PARITY,,,False,NO_FREIGHT_DATA
2020-06-10,False,1613.5,1638.0,-24.5,1541125,75.5191,False,ECB_CROSS,0.04,0.0025,0.03311,0.001677,False,USD:UST13W|INR:OECD_IR3TIB,0.031397,75.7141,76.1168,131.9027,132.142,132.5129,2020-06-30,2020-07-31,PROXY_IMPORT_PARITY,,,False,NO_FREIGHT_DATA
2020-06-11,False,1582.0,1605.5,-23.5,1535250,75.8345,False,ECB_CROSS,0.04,0.0025,0.03311,0.001677,False,USD:UST13W|INR:OECD_IR3TIB,0.031397,76.0303,76.4346,129.8677,130.0916,130.4567,2020-06-30,2020-07-31,PROXY_IMPORT_PARITY,,,False,NO_FREIGHT_DATA
2020-06-12,False,1560.0,1586.5,-26.5,1548550,75.8913,False,ECB_CROSS,0.04,0.0025,0.03311,0.001578,False,USD:UST13W|INR:OECD_IR3TIB,0.031498,76.0878,76.4938,128.1576,128.3669,128.7273,2020-06-30,2020-07-31,PROXY_IMPORT_PARITY,,,False,NO_FREIGHT_DATA
2020-06-15,False,1546.0,1570.5,-24.5,1577000,76.0042,False,ECB_CROSS,0.04,0.0025,0.03311,0.001775,False,USD:UST13W|INR:OECD_IR3TIB,0.031296,76.1997,76.6037,127.1964,127.3695,127.7272,2020-06-30,2020-07-31,PROXY_IMPORT_PARITY,,,False,NO_FREIGHT_DATA
2020-06-16,False,1573.5,1595.5,-22.0,1616550,76.0948,False,ECB_CROSS,0.04,0.0025,0.03311,0.001677,False,USD:UST13W|INR:OECD_IR3TIB,0.031397,76.2912,76.697,129.6133,129.7779,130.1424,2020-06-30,2020-07-31,PROXY_IMPORT_PARITY,,,False,NO_FREIGHT_DATA
2020-06-17,False,1577.5,1600.0,-22.5,1614975,76.1668,False,ECB_CROSS,0.04,0.0025,0.03311,0.001677,False,USD:UST13W|INR:OECD_IR3TIB,0.031397,76.3634,76.7695,130.0658,130.2191,130.5849,2020-06-30,2020-07-31,PROXY_IMPORT_PARITY,,,False,NO_FREIGHT_DATA
2020-06-18,False,1586.5,1608.0,-21.5,1610300,76.3438,False,ECB_CROSS,0.04,0.0025,0.03311,0.001578,False,USD:UST13W|INR:OECD_IR3TIB,0.031498,76.5415,76.9499,131.1118,131.2545,131.6232,2020-06-30,2020-07-31,PROXY_IMPORT_PARITY,,,False,NO_FREIGHT_DATA
2020-06-19,False,1578.0,1599.0,-21.0,1605625,76.1392,False,ECB_CROSS,0.04,0.0025,0.03311,0.001479,False,USD:UST13W|INR:OECD_IR3TIB,0.031598,76.337,76.7456,130.0598,130.1896,130.5554,2020-06-30,2020-07-31,PROXY_IMPORT_PARITY,,,False,NO_FREIGHT_DATA
2020-06-22,False,1573.0,1590.5,-17.5,1617825,76.0354,False,ECB_CROSS,0.04,0.0025,0.03311,0.001578,False,USD:UST13W|INR:OECD_IR3TIB,0.031498,76.2323,76.6391,129.471,129.5649,129.929,2020-06-30,2020-07-31,PROXY_IMPORT_PARITY,,,False,NO_FREIGHT_DATA
2020-06-23,False,1577.5,1598.0,-20.5,1617550,75.4886,False,ECB_CROSS,0.04,0.0025,0.03311,0.001578,False,USD:UST13W|INR:OECD_IR3TIB,0.031498,75.6841,76.0879,128.9076,128.9895,129.352,2020-06-30,2020-07-31,PROXY_IMPORT_PARITY,,,False,NO_FREIGHT_DATA
2020-06-24,False,1564.0,1586.5,-22.5,1614100,75.6458,False,ECB_CROSS,0.04,0.0025,0.03311,0.001479,False,USD:UST13W|INR:OECD_IR3TIB,0.031598,75.8423,76.2483,128.0706,128.1403,128.5005,2020-06-30,2020-07-31,PROXY_IMPORT_PARITY,,,False,NO_FREIGHT_DATA
2020-06-25,False,1543.5,1563.5,-20.0,1637750,75.6357,False,ECB_CROSS,0.04,0.0025,0.03311,0.001578,False,USD:UST13W|INR:OECD_IR3TIB,0.031498,75.8316,76.2362,126.3751,126.4324,126.7878,2020-06-30,2020-07-31,PROXY_IMPORT_PARITY,,,False,NO_FREIGHT_DATA
2020-06-26,False,1582.0,1597.5,-15.5,1652025,75.6457,False,ECB_CROSS,0.04,0.0025,0.03311,0.001381,False,USD:UST13W|INR:OECD_IR3TIB,0.031699,75.8428,76.2501,129.5444,129.5914,129.9557,2020-06-30,2020-07-31,PROXY_IMPORT_PARITY,,,False,NO_FREIGHT_DATA
2020-06-29,False,1589.0,1607.0,-18.0,1648000,75.4981,False,ECB_CROSS,0.04,0.0025,0.03311,0.001381,False,USD:UST13W|INR:OECD_IR3TIB,0.031699,75.6948,76.1013,129.8637,129.8755,130.2407,2020-06-30,2020-07-31,PROXY_IMPORT_PARITY,,,False,NO_FREIGHT_DATA
2020-06-30,False,1602.0,1621.5,-19.5,1642600,75.5702,False,ECB_CROSS,0.04,0.0025,0.03311,0.001578,False,USD:UST13W|INR:OECD_IR3TIB,0.031498,75.7659,76.1702,131.0512,131.0512,131.4197,2020-06-30,2020-07-31,PROXY_IMPORT_PARITY,,,False,NO_FREIGHT_DATA
2020-07-01,False,1593.5,1614.0,-20.5,1638300,75.5554,False,ECB_CROSS,0.04,0.0025,0.032174,0.001381,False,USD:UST13W|INR:OECD_IR3TIB,0.030763,75.7528,76.1412,130.3303,130.675,130.9967,2020-07-31,2020-08-28,PROXY_IMPORT_PARITY,,,False,NO_FREIGHT_DATA
2020-07-02,False,1601.5,1621.5,-20.0,1633775,74.7422,False,ECB_CROSS,0.04,0.0025,0.032174,0.001381,False,USD:UST13W|INR:OECD_IR3TIB,0.030763,74.9375,75.3217,129.5749,129.9061,130.2259,2020-07-31,2020-08-28,PROXY_IMPORT_PARITY,,,False,NO_FREIGHT_DATA
2020-07-03,False,1581.5,1614.0,-32.5,1629275,74.6801,False,ECB_CROSS,0.04,0.0025,0.032174,0.001381,True,USD:UST13W|INR:OECD_IR3TIB,0.030763,74.8753,75.2592,127.8504,128.1659,128.4815,2020-07-31,2020-08-28,PROXY_IMPORT_PARITY,,,False,NO_FREIGHT_DATA
2020-07-06,False,1593.0,1626.0,-33.0,1629275,74.5726,False,ECB_CROSS,0.04,0.0025,0.032174,0.001479,False,USD:UST13W|INR:OECD_IR3TIB,0.030662,74.7669,75.149,128.5947,128.8781,129.1954,2020-07-31,2020-08-28,PROXY_IMPORT_PARITY,,,False,NO_FREIGHT_DATA
2020-07-07,False,1596.5,1630.0,-33.5,1618025,74.8136,False,ECB_CROSS,0.04,0.0025,0.032174,0.001479,False,USD:UST13W|INR:OECD_IR3TIB,0.030662,75.0084,75.3918,129.2937,129.5672,129.8863,2020-07-31,2020-08-28,PROXY_IMPORT_PARITY,,,False,NO_FREIGHT_DATA
2020-07-08,False,1619.0,1651.0,-32.0,1613050,75.0004,False,ECB_CROSS,0.04,0.0025,0.032174,0.001479,False,USD:UST13W|INR:OECD_IR3TIB,0.030662,75.1958,75.5801,131.4433,131.7098,132.0342,2020-07-31,2020-08-28,PROXY_IMPORT_PARITY,,,False,NO_FREIGHT_DATA
2020-07-09,False,1659.5,1687.0,-27.5,1632675,74.9828,False,ECB_CROSS,0.04,0.0025,0.032174,0.001282,False,USD:UST13W|INR:OECD_IR3TIB,0.030864,75.1794,75.5661,134.6998,134.961,135.2934,2020-07-31,2020-08-28,PROXY_IMPORT_PARITY,,,False,NO_FREIGHT_DATA
2020-07-10,False,1639.5,1669.0,-29.5,1626550,75.2403,False,ECB_CROSS,0.04,0.0025,0.032174,0.001282,False,USD:UST13W|INR:OECD_IR3TIB,0.030864,75.4376,75.8257,133.5334,133.7806,134.1101,2020-07-31,2020-08-28,PROXY_IMPORT_PARITY,,,False,NO_FREIGHT_DATA
2020-07-13,False,1664.5,1695.5,-31.0,1674900,75.2193,False,ECB_CROSS,0.04,0.0025,0.032174,0.001381,False,USD:UST13W|INR:OECD_IR3TIB,0.030763,75.4159,75.8026,135.5317,135.7468,136.0813,2020-07-31,2020-08-28,PROXY_IMPORT_PARITY,,,False,NO_FREIGHT_DATA
2020-07-14,False,1640.0,1675.0,-35.0,1669550,75.4044,False,ECB_CROSS,0.04,0.0025,0.032174,0.001479,False,USD:UST13W|INR:OECD_IR3TIB,0.030662,75.6008,75.9872,133.8654,134.066,134.3964,2020-07-31,2020-08-28,PROXY_IMPORT_PARITY,,,False,NO_FREIGHT_DATA
2020-07-15,False,1651.0,1686.0,-35.0,1663800,75.1232,False,ECB_CROSS,0.04,0.0025,0.032174,0.001578,False,USD:UST13W|INR:OECD_IR3TIB,0.030562,75.3183,75.7019,134.2607,134.4501,134.7815,2020-07-31,2020-08-28,PROXY_IMPORT_PARITY,,,False,NO_FREIGHT_DATA
2020-07-16,False,1627.0,1660.5,-33.5,1668525,75.2195,False,ECB_CROSS,0.04,0.0025,0.032174,0.001085,False,USD:UST13W|INR:OECD_IR3TIB,0.031065,75.418,75.8084,132.4787,132.6538,132.9808,2020-07-31,2020-08-28,PROXY_IMPORT_PARITY,,,False,NO_FREIGHT_DATA
2020-07-17,False,1618.0,1654.5,-36.5,1664400,74.965,False,ECB_CROSS,0.04,0.0025,0.032174,0.001085,False,USD:UST13W|INR:OECD_IR3TIB,0.031065,75.1628,75.552,131.3001,131.4621,131.7862,2020-07-31,2020-08-28,PROXY_IMPORT_PARITY,,,False,NO_FREIGHT_DATA
2020-07-20,False,1621.0,1658.0,-37.0,1658975,74.8039,False,ECB_CROSS,0.04,0.0025,0.032174,0.001282,False,USD:UST13W|INR:OECD_IR3TIB,0.030864,75.0,75.3858,131.2608,131.3881,131.7121,2020-07-31,2020-08-28,PROXY_IMPORT_PARITY,,,False,NO_FREIGHT_DATA
2020-07-21,False,1646.5,1682.5,-36.0,1652200,74.6137,False,ECB_CROSS,0.04,0.0025,0.032174,0.001282,False,USD:UST13W|INR:OECD_IR3TIB,0.030864,74.8094,75.1942,132.9867,133.1039,133.4322,2020-07-31,2020-08-28,PROXY_IMPORT_PARITY,,,False,NO_FREIGHT_DATA
2020-07-22,False,1651.0,1686.5,-35.5,1648225,74.5276,False,ECB_CROSS,0.04,0.0025,0.032174,0.001282,False,USD:UST13W|INR:OECD_IR3TIB,0.030864,74.723,75.1073,133.1963,133.302,133.6307,2020-07-31,2020-08-28,PROXY_IMPORT_PARITY,,,False,NO_FREIGHT_DATA
2020-07-23,False,1661.0,1697.5,-36.5,1640425,74.8353,False,ECB_CROSS,0.04,0.0025,0.032174,0.001184,False,USD:UST13W|INR:OECD_IR3TIB,0.030965,75.0322,75.4194,134.5563,134.6512,134.9833,2020-07-31,2020-08-28,PROXY_IMPORT_PARITY,,,False,NO_FREIGHT_DATA
2020-07-24,False,1654.5,1692.0,-37.5,1649275,74.8329,False,ECB_CROSS,0.04,0.0025,0.032174,0.001085,False,USD:UST13W|INR:OECD_IR3TIB,0.031065,75.0304,75.4188,134.0254,134.1081,134.4389,2020-07-31,2020-08-28,PROXY_IMPORT_PARITY,,,False,NO_FREIGHT_DATA
2020-07-27,False,1661.5,1700.5,-39.0,1668500,74.7321,False,ECB_CROSS,0.04,0.0025,0.032174,0.001085,False,USD:UST13W|INR:OECD_IR3TIB,0.031065,74.9294,75.3173,134.4112,134.4586,134.7903,2020-07-31,2020-08-28,PROXY_IMPORT_PARITY,,,False,NO_FREIGHT_DATA
2020-07-28,False,1671.0,1709.0,-38.0,1658175,74.8605,False,ECB_CROSS,0.04,0.0025,0.032174,0.001085,False,USD:UST13W|INR:OECD_IR3TIB,0.031065,75.058,75.4466,135.412,135.4478,135.782,2020-07-31,2020-08-28,PROXY_IMPORT_PARITY,,,False,NO_FREIGHT_DATA
2020-07-29,False,1687.0,1726.5,-39.5,1648775,74.7923,False,ECB_CROSS,0.04,0.0025,0.032174,0.001085,False,USD:UST13W|INR:OECD_IR3TIB,0.031065,74.9897,75.378,136.584,136.6081,136.9452,2020-07-31,2020-08-28,PROXY_IMPORT_PARITY,,,False,NO_FREIGHT_DATA
2020-07-30,False,1681.5,1719.0,-37.5,1643125,74.8872,False,ECB_CROSS,0.04,0.0025,0.032174,0.000888,False,USD:UST13W|INR:OECD_IR3TIB,0.031267,75.0861,75.4774,136.3115,136.3235,136.6599,2020-07-31,2020-08-28,PROXY_IMPORT_PARITY,,,False,NO_FREIGHT_DATA
2020-07-31,False,1685.5,1722.0,-36.5,1637425,74.8105,False,ECB_CROSS,0.04,0.0025,0.032174,0.000888,False,USD:UST13W|INR:OECD_IR3TIB,0.031267,75.0092,75.4001,136.4958,136.4958,136.8327,2020-07-31,2020-08-28,PROXY_IMPORT_PARITY,,,False,NO_FREIGHT_DATA
2020-08-03,False,1679.5,1718.5,-39.0,1632175,75.2008,False,ECB_CROSS,0.04,0.0025,0.03234,0.000986,False,USD:UST13W|INR:OECD_IR3TIB,0.031333,75.401,75.7947,136.7195,137.0223,137.4221,2020-08-28,2020-09-30,PROXY_IMPORT_PARITY,,,False,NO_FREIGHT_DATA
2020-08-04,False,1709.5,1748.5,-39.0,1642050,75.1215,False,ECB_CROSS,0.04,0.0025,0.03234,0.000888,False,USD:UST13W|INR:OECD_IR3TIB,0.031433,75.3221,75.7167,139.0149,139.3105,139.7169,2020-08-28,2020-09-30,PROXY_IMPORT_PARITY,,,False,NO_FREIGHT_DATA
2020-08-05,False,1739.0,1778.5,-39.5,1637675,74.8347,False,ECB_CROSS,0.04,0.0025,0.03234,0.000986,False,USD:UST13W|INR:OECD_IR3TIB,0.031333,75.0338,75.4257,140.8739,141.161,141.5729,2020-08-28,2020-09-30,PROXY_IMPORT_PARITY,,,False,NO_FREIGHT_DATA
2020-08-06,False,1722.0,1758.5,-36.5,1632325,74.9514,False,ECB_CROSS,0.04,0.0025,0.03234,0.000986,False,USD:UST13W|INR:OECD_IR3TIB,0.031333,75.1509,75.5434,139.7143,139.9866,140.3951,2020-08-28,2020-09-30,PROXY_IMPORT_PARITY,,,False,NO_FREIGHT_DATA
2020-08-07,False,1744.0,1780.0,-36.0,1626850,75.0047,False,ECB_CROSS,0.04,0.0025,0.03234,0.000986,False,USD:UST13W|INR:OECD_IR3TIB,0.031333,75.2043,75.597,141.5999,141.8633,142.2774,2020-08-28,2020-09-30,PROXY_IMPORT_PARITY,,,False,NO_FREIGHT_DATA
2020-08-10,False,1730.0,1766.0,-36.0,1621400,74.9065,False,ECB_CROSS,0.04,0.0025,0.03234,0.001085,False,USD:UST13W|INR:OECD_IR3TIB,0.031232,75.1052,75.4962,140.2793,140.503,140.9132,2020-08-28,2020-09-30,PROXY_IMPORT_PARITY,,,False,NO_FREIGHT_DATA
2020-08-11,False,1749.5,1786.0,-36.5,1617175,74.5667,False,ECB_CROSS,0.04,0.0025,0.03234,0.001085,False,USD:UST13W|INR:OECD_IR3TIB,0.031232,74.7646,75.1537,141.2169,141.4296,141.8425,2020-08-28,2020-09-30,PROXY_IMPORT_PARITY,,,False,NO_FREIGHT_DATA
2020-08-12,False,1754.0,1789.5,-35.5,1606400,74.8033,False,ECB_CROSS,0.04,0.0025,0.03234,0.001085,False,USD:UST13W|INR:OECD_IR3TIB,0.031232,75.0018,75.3922,142.0294,142.2307,142.646,2020-08-28,2020-09-30,PROXY_IMPORT_PARITY,,,False,NO_FREIGHT_DATA
2020-08-13,False,1738.0,1774.0,-36.0,1600525,74.8449,False,ECB_CROSS,0.04,0.0025,0.03234,0.000986,False,USD:UST13W|INR:OECD_IR3TIB,0.031333,75.0441,75.436,140.8121,140.9992,141.4109,2020-08-28,2020-09-30,PROXY_IMPORT_PARITY,,,False,NO_FREIGHT_DATA
2020-08-14,False,1730.0,1766.0,-36.0,1594325,74.8904,False,ECB_CROSS,0.04,0.0025,0.03234,0.000986,False,USD:UST13W|INR:OECD_IR3TIB,0.031333,75.0897,75.4818,140.2491,140.4231,140.8332,2020-08-28,2020-09-30,PROXY_IMPORT_PARITY,,,False,NO_FREIGHT_DATA
2020-08-17,False,1719.5,1757.0,-37.5,1588325,74.8245,False,ECB_CROSS,0.04,0.0025,0.03234,0.000986,False,USD:UST13W|INR:OECD_IR3TIB,0.031333,75.0237,75.4154,139.2752,139.411,139.8182,2020-08-28,2020-09-30,PROXY_IMPORT_PARITY,,,False,NO_FREIGHT_DATA
2020-08-18,False,1733.0,1770.0,-37.0,1590550,74.6506,False,ECB_CROSS,0.04,0.0025,0.03234,0.000888,False,USD:UST13W|INR:OECD_IR3TIB,0.031433,74.8499,75.242,140.0425,140.1666,140.576,2020-08-28,2020-09-30,PROXY_IMPORT_PARITY,,,False,NO_FREIGHT_DATA
2020-08-19,False,1746.5,1783.0,-36.5,1585000,74.8479,False,ECB_CROSS,0.04,0.0025,0.03234,0.001085,False,USD:UST13W|INR:OECD_IR3TIB,0.031232,75.0465,75.4371,141.5064,141.6193,142.033,2020-08-28,2020-09-30,PROXY_IMPORT_PARITY,,,False,NO_FREIGHT_DATA
2020-08-20,False,1755.5,1791.5,-36.0,1578200,75.0987,False,ECB_CROSS,0.04,0.0025,0.03234,0.001085,False,USD:UST13W|INR:OECD_IR3TIB,0.031232,75.298,75.6899,142.7122,142.8134,143.2307,2020-08-28,2020-09-30,PROXY_IMPORT_PARITY,,,False,NO_FREIGHT_DATA
2020-08-21,False,1722.5,1761.5,-39.0,1574100,74.9409,False,ECB_CROSS,0.04,0.0025,0.03234,0.000986,False,USD:UST13W|INR:OECD_IR3TIB,0.031333,75.1404,75.5328,139.7353,139.8219,140.2305,2020-08-28,2020-09-30,PROXY_IMPORT_PARITY,,,False,NO_FREIGHT_DATA
2020-08-24,False,1735.5,1776.0,-40.5,1572950,74.088,False,ECB_CROSS,0.04,0.0025,0.03234,0.001184,False,USD:UST13W|INR:OECD_IR3TIB,0.031131,74.2839,74.6693,139.1876,139.2369,139.6438,2020-08-28,2020-09-30,PROXY_IMPORT_PARITY,,,False,NO_FREIGHT_DATA
2020-08-25,False,1733.0,1773.5,-40.5,1567375,74.2479,False,ECB_CROSS,0.04,0.0025,0.03234,0.001085,False,USD:UST13W|INR:OECD_IR3TIB,0.031232,74.4449,74.8324,139.287,139.324,139.7313,2020-08-28,2020-09-30,PROXY_IMPORT_PARITY,,,False,NO_FREIGHT_DATA
2020-08-26,False,1737.0,1779.0,-42.0,1563300,74.3176,False,ECB_CROSS,0.04,0.0025,0.03234,0.001085,False,USD:UST13W|INR:OECD_IR3TIB,0.031232,74.5148,74.9026,139.7396,139.7643,140.1729,2020-08-28,2020-09-30,PROXY_IMPORT_PARITY,,,False,NO_FREIGHT_DATA
2020-08-27,False,1738.0,1776.5,-38.5,1559300,73.9162,False,ECB_CROSS,0.04,0.0025,0.03234,0.001085,False,USD:UST13W|INR:OECD_IR3TIB,0.031232,74.1123,74.4981,139.0648,139.0772,139.4838,2020-08-28,2020-09-30,PROXY_IMPORT_PARITY,,,False,NO_FREIGHT_DATA
2020-08-28,False,1762.0,1797.5,-35.5,1554375,73.1956,False,ECB_CROSS,0.04,0.0025,0.03234,0.000986,False,USD:UST13W|INR:OECD_IR3TIB,0.031333,73.3904,73.7736,139.6107,139.6107,140.0189,2020-08-28,2020-09-30,PROXY_IMPORT_PARITY,,,False,NO_FREIGHT_DATA
2020-09-01,False,1781.5,1818.0,-36.5,1550225,72.9194,False,ECB_CROSS,0.04,0.0025,0.032752,0.001184,False,USD:UST13W|INR:OECD_IR3TIB,0.031542,73.1085,73.4928,140.6231,140.9891,141.3676,2020-09-30,2020-10-30,PROXY_IMPORT_PARITY,,,False,NO_FREIGHT_DATA
2020-09-02,False,1778.5,1815.0,-36.5,1545575,73.2,False,ECB_CROSS,0.04,0.0025,0.032752,0.001184,False,USD:UST13W|INR:OECD_IR3TIB,0.031542,73.3898,73.7756,140.9266,141.2806,141.66,2020-09-30,2020-10-30,PROXY_IMPORT_PARITY,,,False,NO_FREIGHT_DATA
2020-09-03,False,1743.5,1779.0,-35.5,1541800,73.5304,False,ECB_CROSS,0.04,0.0025,0.032752,0.001085,False,USD:UST13W|INR:OECD_IR3TIB,0.031643,73.7217,74.1105,138.7768,139.113,139.4866,2020-09-30,2020-10-30,PROXY_IMPORT_PARITY,,,False,NO_FREIGHT_DATA
2020-09-04,False,1753.0,1789.0,-36.0,1537675,73.1954,False,ECB_CROSS,0.04,0.0025,0.032752,0.001085,False,USD:UST13W|INR:OECD_IR3TIB,0.031643,73.3858,73.7728,138.8972,139.2213,139.5952,2020-09-30,2020-10-30,PROXY_IMPORT_PARITY,,,False,NO_FREIGHT_DATA
2020-09-07,False,1763.0,1803.5,-40.5,1533625,73.451,False,ECB_CROSS,0.04,0.0025,0.032752,0.001085,True,USD:UST13W|INR:OECD_IR3TIB,0.031643,73.6421,74.0305,140.1774,140.4667,140.844,2020-09-30,2020-10-30,PROXY_IMPORT_PARITY,,,False,NO_FREIGHT_DATA
2020-09-08,False,1744.0,1783.0,-39.0,1529425,73.9126,False,ECB_CROSS,0.04,0.0025,0.032752,0.001282,False,USD:UST13W|INR:OECD_IR3TIB,0.031441,74.1036,74.492,139.5381,139.8136,140.1892,2020-09-30,2020-10-30,PROXY_IMPORT_PARITY,,,False,NO_FREIGHT_DATA
2020-09-09,False,1740.0,1777.5,-37.5,1526575,73.5637,False,ECB_CROSS,0.04,0.0025,0.032752,0.001184,False,USD:UST13W|INR:OECD_IR3TIB,0.031542,73.7544,74.1422,138.5609,138.822,139.195,2020-09-30,2020-10-30,PROXY_IMPORT_PARITY,,,False,NO_FREIGHT_DATA
2020-09-10,False,1743.5,1781.0,-37.5,1524075,73.4526,False,ECB_CROSS,0.04,0.0025,0.032752,0.001184,False,USD:UST13W|INR:OECD_IR3TIB,0.031542,73.6431,74.0302,138.6299,138.8787,139.2519,2020-09-30,2020-10-30,PROXY_IMPORT_PARITY,,,False,NO_FREIGHT_DATA
2020-09-11,False,1746.5,1785.5,-39.0,1520650,73.598,False,ECB_CROSS,0.04,0.0025,0.032752,0.001085,False,USD:UST13W|INR:OECD_IR3TIB,0.031643,73.7895,74.1786,139.1434,139.3806,139.7552,2020-09-30,2020-10-30,PROXY_IMPORT_PARITY,,,False,NO_FREIGHT_DATA
2020-09-14,False,1749.0,1787.5,-38.5,1516500,73.5445,False,ECB_CROSS,0.04,0.0025,0.032752,0.001085,False,USD:UST13W|INR:OECD_IR3TIB,0.031643,73.7359,74.1247,139.2413,139.4412,139.816,2020-09-30,2020-10-30,PROXY_IMPORT_PARITY,,,False,NO_FREIGHT_DATA
2020-09-15,False,1767.0,1806.5,-39.5,1513925,73.5961,False,ECB_CROSS,0.04,0.0025,0.032752,0.001085,False,USD:UST13W|INR:OECD_IR3TIB,0.031643,73.7876,74.1767,140.773,140.9624,141.3414,2020-09-30,2020-10-30,PROXY_IMPORT_PARITY,,,False,NO_FREIGHT_DATA
2020-09-16,False,1759.0,1798.0,-39.0,1510400,73.5247,False,ECB_CROSS,0.04,0.0025,0.032752,0.001184,False,USD:UST13W|INR:OECD_IR3TIB,0.031542,73.7154,74.1029,139.9997,140.1755,140.5524,2020-09-30,2020-10-30,PROXY_IMPORT_PARITY,,,False,NO_FREIGHT_DATA
2020-09-17,False,1743.5,1783.0,-39.5,1506425,73.6297,False,ECB_CROSS,0.04,0.0025,0.032752,0.000888,False,USD:UST13W|INR:OECD_IR3TIB,0.031844,73.8225,74.2143,138.9642,139.1263,139.5004,2020-09-30,2020-10-30,PROXY_IMPORT_PARITY,,,False,NO_FREIGHT_DATA
2020-09-18,False,1745.0,1785.5,-40.5,1504175,73.535,False,ECB_CROSS,0.04,0.0025,0.032752,0.000986,False,USD:UST13W|INR:OECD_IR3TIB,0.031744,73.7269,74.117,138.9049,139.0544,139.4284,2020-09-30,2020-10-30,PROXY_IMPORT_PARITY,,,False,NO_FREIGHT_DATA
2020-09-21,False,1752.5,1793.0,-40.5,1499100,73.5514,False,ECB_CROSS,0.04,0.0025,0.032752,0.000986,False,USD:UST13W|INR:OECD_IR3TIB,0.031744,73.7433,74.1335,139.533,139.6457,140.0213,2020-09-30,2020-10-30,PROXY_IMPORT_PARITY,,,False,NO_FREIGHT_DATA
2020-09-22,False,1744.0,1785.5,-41.5,1493175,73.477,False,ECB_CROSS,0.04,0.0025,0.032752,0.000986,False,USD:UST13W|INR:OECD_IR3TIB,0.031744,73.6687,74.0585,138.7158,138.8153,139.1888,2020-09-30,2020-10-30,PROXY_IMPORT_PARITY,,,False,NO_FREIGHT_DATA
2020-09-23,False,1718.5,1759.0,-40.5,1486175,73.5413,False,ECB_CROSS,0.04,0.0025,0.032752,0.001085,False,USD:UST13W|INR:OECD_IR3TIB,0.031643,73.7326,74.1215,136.8071,136.8931,137.2613,2020-09-30,2020-10-30,PROXY_IMPORT_PARITY,,,False,NO_FREIGHT_DATA
2020-09-24,False,1697.0,1735.0,-38.0,1482225,73.9498,False,ECB_CROSS,0.04,0.0025,0.032752,0.000986,False,USD:UST13W|INR:OECD_IR3TIB,0.031744,74.1427,74.535,135.846,135.9191,136.2848,2020-09-30,2020-10-30,PROXY_IMPORT_PARITY,,,False,NO_FREIGHT_DATA
2020-09-25,False,1708.5,1746.0,-37.5,1477175,73.6784,False,ECB_CROSS,0.04,0.0025,0.032752,0.000986,False,USD:UST13W|INR:OECD_IR3TIB,0.031744,73.8707,74.2615,136.2646,136.3257,136.6926,2020-09-30,2020-10-30,PROXY_IMPORT_PARITY,,,False,NO_FREIGHT_DATA
2020-09-28,False,1737.0,1772.0,-35.0,1473025,73.7151,False,ECB_CROSS,0.04,0.0025,0.032752,0.001085,False,USD:UST13W|INR:OECD_IR3TIB,0.031643,73.9068,74.2966,138.6067,138.6316,139.0047,2020-09-30,2020-10-30,PROXY_IMPORT_PARITY,,,False,NO_FREIGHT_DATA
2020-09-29,False,1746.0,1780.0,-34.0,1466925,73.7267,False,ECB_CROSS,0.04,0.0025,0.032752,0.000888,False,USD:UST13W|INR:OECD_IR3TIB,0.031844,73.9197,74.3121,139.3468,139.3593,139.7344,2020-09-30,2020-10-30,PROXY_IMPORT_PARITY,,,False,NO_FREIGHT_DATA
2020-09-30,False,1737.0,1770.5,-33.5,1458900,73.7094,False,ECB_CROSS,0.04,0.0025,0.032752,0.000986,False,USD:UST13W|INR:OECD_IR3TIB,0.031744,73.9018,74.2928,138.596,138.596,138.9691,2020-09-30,2020-10-30,PROXY_IMPORT_PARITY,,,False,NO_FREIGHT_DATA
2020-10-01,False,1716.0,1754.0,-38.0,1450950,73.0322,False,ECB_CROSS,0.04,0.0025,0.032534,0.000888,False,USD:UST13W|INR:OECD_IR3TIB,0.031627,73.2285,73.6144,135.6624,136.0131,136.388,2020-10-30,2020-11-30,PROXY_IMPORT_PARITY,,,False,NO_FREIGHT_DATA
2020-10-02,False,1705.0,1740.0,-35.0,1444275,73.3483,False,ECB_CROSS,0.04,0.0025,0.032534,0.000888,False,USD:UST13W|INR:OECD_IR3TIB,0.031627,73.5453,73.933,135.3762,135.7141,136.0881,2020-10-30,2020-11-30,PROXY_IMPORT_PARITY,,,False,NO_FREIGHT_DATA
2020-10-05,False,1741.5,1773.0,-31.5,1438925,73.1535,False,ECB_CROSS,0.04,0.0025,0.032534,0.000986,False,USD:UST13W|INR:OECD_IR3TIB,0.031526,73.3494,73.7348,137.9071,138.2144,138.5954,2020-10-30,2020-11-30,PROXY_IMPORT_PARITY,,,False,NO_FREIGHT_DATA
2020-10-06,False,1755.0,1783.0,-28.0,1432650,73.3968,False,ECB_CROSS,0.04,0.0025,0.032534,0.000986,False,USD:UST13W|INR:OECD_IR3TIB,0.031526,73.5933,73.98,139.4383,139.7366,140.1219,2020-10-30,2020-11-30,PROXY_IMPORT_PARITY,,,False,NO_FREIGHT_DATA
2020-10-07,False,1745.5,1772.5,-27.0,1428475,73.2906,False,ECB_CROSS,0.04,0.0025,0.032534,0.000986,False,USD:UST13W|INR:OECD_IR3TIB,0.031526,73.4868,73.873,138.4829,138.7668,139.1494,2020-10-30,2020-11-30,PROXY_IMPORT_PARITY,,,False,NO_FREIGHT_DATA
2020-10-08,False,1786.0,1802.0,-16.0,1423075,73.2563,False,ECB_CROSS,0.04,0.0025,0.032534,0.000888,False,USD:UST13W|INR:OECD_IR3TIB,0.031627,73.4531,73.8402,141.6297,141.9074,142.2988,2020-10-30,2020-11-30,PROXY_IMPORT_PARITY,,,False,NO_FREIGHT_DATA
2020-10-09,False,1805.5,1820.0,-14.5,1416325,73.0805,False,ECB_CROSS,0.04,0.0025,0.032534,0.000986,False,USD:UST13W|INR:OECD_IR3TIB,0.031526,73.2763,73.6613,142.8325,143.0998,143.4945,2020-10-30,2020-11-30,PROXY_IMPORT_PARITY,,,False,NO_FREIGHT_DATA
2020-10-12,False,1829.5,1847.0,-17.5,1422475,73.291,False,ECB_CROSS,0.04,0.0025,0.032534,0.000986,True,USD:UST13W|INR:OECD_IR3TIB,0.031526,73.4872,73.8734,145.148,145.3808,145.7819,2020-10-30,2020-11-30,PROXY_IMPORT_PARITY,,,False,NO_FREIGHT_DATA
2020-10-13,False,1841.0,1854.0,-13.0,1412600,73.3223,False,ECB_CROSS,0.04,0.0025,0.032534,0.001085,False,USD:UST13W|INR:OECD_IR3TIB,0.031425,73.518,73.9031,146.1227,146.3441,146.7479,2020-10-30,2020-11-30,PROXY_IMPORT_PARITY,,,False,NO_FREIGHT_DATA
2020-10-14,False,1836.0,1853.5,-17.5,1412125,73.2762,False,ECB_CROSS,0.04,0.0025,0.032534,0.001184,False,USD:UST13W|INR:OECD_IR3TIB,0.031325,73.4712,73.8547,145.6342,145.8419,146.2444,2020-10-30,2020-11-30,PROXY_IMPORT_PARITY,,,False,NO_FREIGHT_DATA
2020-10-15,False,1824.0,1839.5,-15.5,1407025,73.475,False,ECB_CROSS,0.04,0.0025,0.032534,0.001085,False,USD:UST13W|INR:OECD_IR3TIB,0.031425,73.6711,74.0569,145.0749,145.2689,145.6698,2020-10-30,2020-11-30,PROXY_IMPORT_PARITY,,,False,NO_FREIGHT_DATA
2020-10-16,False,1865.5,1863.5,2.0,1406575,73.3085,False,ECB_CROSS,0.04,0.0025,0.032534,0.001085,False,USD:UST13W|INR:OECD_IR3TIB,0.031425,73.5042,73.8892,148.0395,148.2242,148.6333,2020-10-30,2020-11-30,PROXY_IMPORT_PARITY,,,False,NO_FREIGHT_DATA
2020-10-19,False,1848.0,1859.0,-11.0,1406550,73.3089,False,ECB_CROSS,0.04,0.0025,0.032534,0.001085,False,USD:UST13W|INR:OECD_IR3TIB,0.031425,73.5046,73.8895,146.6515,146.7953,147.2005,2020-10-30,2020-11-30,PROXY_IMPORT_PARITY,,,False,NO_FREIGHT_DATA
2020-10-20,False,1826.0,1844.0,-18.0,1421500,73.5364,False,ECB_CROSS,0.04,0.0025,0.032534,0.000986,False,USD:UST13W|INR:OECD_IR3TIB,0.031526,73.7333,74.1208,145.3554,145.4849,145.8866,2020-10-30,2020-11-30,PROXY_IMPORT_PARITY,,,False,NO_FREIGHT_DATA
2020-10-21,False,1842.5,1854.5,-12.0,1485125,73.7213,False,ECB_CROSS,0.04,0.0025,0.032534,0.000986,False,USD:UST13W|INR:OECD_IR3TIB,0.031526,73.9187,74.3071,147.0376,147.1555,147.5618,2020-10-30,2020-11-30,PROXY_IMPORT_PARITY,,,False,NO_FREIGHT_DATA
2020-10-22,False,1828.0,1840.0,-12.0,1481950,73.6926,False,ECB_CROSS,0.04,0.0025,0.032534,0.000888,False,USD:UST13W|INR:OECD_IR3TIB,0.031627,73.8906,74.28,145.8237,145.9276,146.3306,2020-10-30,2020-11-30,PROXY_IMPORT_PARITY,,,False,NO_FREIGHT_DATA
2020-10-23,False,1829.0,1842.5,-13.5,1479075,73.6543,False,ECB_CROSS,0.04,0.0025,0.032534,0.000986,False,USD:UST13W|INR:OECD_IR3TIB,0.031526,73.8515,74.2395,145.8276,145.9186,146.3215,2020-10-30,2020-11-30,PROXY_IMPORT_PARITY,,,False,NO_FREIGHT_DATA
2020-10-26,False,1822.5,1837.5,-15.0,1473900,74.0744,False,ECB_CROSS,0.04,0.0025,0.032534,0.001085,False,USD:UST13W|INR:OECD_IR3TIB,0.031425,74.2721,74.6611,146.1381,146.1902,146.594,2020-10-30,2020-11-30,PROXY_IMPORT_PARITY,,,False,NO_FREIGHT_DATA
2020-10-27,False,1808.0,1823.0,-15.0,1469000,73.6676,False,ECB_CROSS,0.04,0.0025,0.032534,0.000986,False,USD:UST13W|INR:OECD_IR3TIB,0.031526,73.8649,74.253,144.1793,144.2178,144.6162,2020-10-30,2020-11-30,PROXY_IMPORT_PARITY,,,False,NO_FREIGHT_DATA
2020-10-28,False,1801.0,1815.0,-14.0,1466325,74.0206,False,ECB_CROSS,0.04,0.0025,0.032534,0.000986,False,USD:UST13W|INR:OECD_IR3TIB,0.031526,74.2189,74.6088,144.3093,144.335,144.7337,2020-10-30,2020-11-30,PROXY_IMPORT_PARITY,,,False,NO_FREIGHT_DATA
2020-10-29,False,1786.0,1795.5,-9.5,1462750,74.4075,False,ECB_CROSS,0.04,0.0025,0.032534,0.000888,False,USD:UST13W|INR:OECD_IR3TIB,0.031627,74.6074,75.0006,143.8554,143.8682,144.2657,2020-10-30,2020-11-30,PROXY_IMPORT_PARITY,,,False,NO_FREIGHT_DATA
2020-10-30,False,1820.5,1823.5,-3.0,1462925,74.467,False,ECB_CROSS,0.04,0.0025,0.032534,0.000888,False,USD:UST13W|INR:OECD_IR3TIB,0.031627,74.6671,75.0606,146.7515,146.7515,147.157,2020-10-30,2020-11-30,PROXY_IMPORT_PARITY,,,False,NO_FREIGHT_DATA
2020-11-02,False,1834.5,1839.5,-5.0,1461025,74.4555,False,ECB_CROSS,0.04,0.0025,0.030556,0.000888,False,USD:UST13W|INR:OECD_IR3TIB,0.029649,74.6369,75.0119,147.8572,148.2038,148.5875,2020-11-30,2020-12-31,PROXY_IMPORT_PARITY,,,False,NO_FREIGHT_DATA
2020-11-03,False,1891.0,1891.0,0.0,1456075,74.4057,False,ECB_CROSS,0.04,0.0025,0.030556,0.000986,False,USD:UST13W|INR:OECD_IR3TIB,0.029548,74.5864,74.9598,152.309,152.6533,153.0486,2020-11-30,2020-12-31,PROXY_IMPORT_PARITY,,,False,NO_FREIGHT_DATA
2020-11-04,False,1877.0,1885.5,-8.5,1450025,74.3925,False,ECB_CROSS,0.04,0.0025,0.030556,0.000986,False,USD:UST13W|INR:OECD_IR3TIB,0.029548,74.5732,74.9466,151.1546,151.4836,151.8759,2020-11-30,2020-12-31,PROXY_IMPORT_PARITY,,,False,NO_FREIGHT_DATA
2020-11-05,False,1885.5,1896.5,-11.0,1443950,74.0114,False,ECB_CROSS,0.04,0.0025,0.030556,0.000986,False,USD:UST13W|INR:OECD_IR3TIB,0.029548,74.1912,74.5626,151.0612,151.3774,151.7694,2020-11-30,2020-12-31,PROXY_IMPORT_PARITY,,,False,NO_FREIGHT_DATA
2020-11-06,False,1891.5,1904.0,-12.5,1437675,74.1436,False,ECB_CROSS,0.04,0.0025,0.030556,0.000986,False,USD:UST13W|INR:OECD_IR3TIB,0.029548,74.3237,74.6958,151.8126,152.1177,152.5116,2020-11-30,2020-12-31,PROXY_IMPORT_PARITY,,,False,NO_FREIGHT_DATA
2020-11-09,False,1913.0,1930.0,-17.0,1431575,73.7507,False,ECB_CROSS,0.04,0.0025,0.030556,0.001085,False,USD:UST13W|INR:OECD_IR3TIB,0.029448,73.9293,74.2981,152.7246,152.9931,153.3894,2020-11-30,2020-12-31,PROXY_IMPORT_PARITY,,,False,NO_FREIGHT_DATA
2020-11-10,False,1880.0,1900.0,-20.0,1425450,74.2433,False,ECB_CROSS,0.04,0.0025,0.030556,0.000986,False,USD:UST13W|INR:OECD_IR3TIB,0.029548,74.4236,74.7963,151.0925,151.3455,151.7376,2020-11-30,2020-12-31,PROXY_IMPORT_PARITY,,,False,NO_FREIGHT_DATA
2020-11-11,False,1905.0,1923.5,-18.5,1419225,74.4195,False,ECB_CROSS,0.04,0.0025,0.030556,0.000986,True,USD:UST13W|INR:OECD_IR3TIB,0.029548,74.6003,74.9738,153.4651,153.7092,154.1075,2020-11-30,2020-12-31,PROXY_IMPORT_PARITY,,,False,NO_FREIGHT_DATA
2020-11-12,False,1904.5,1922.5,-18.0,1420100,74.6892,False,ECB_CROSS,0.04,0.0025,0.030556,0.000986,False,USD:UST13W|INR:OECD_IR3TIB,0.029548,74.8706,75.2454,153.9808,154.2129,154.6125,2020-11-30,2020-12-31,PROXY_IMPORT_PARITY,,,False,NO_FREIGHT_DATA
2020-11-13,False,1918.0,1934.5,-16.5,1414675,74.639,False,ECB_CROSS,0.04,0.0025,0.030556,0.000888,False,USD:UST13W|INR:OECD_IR3TIB,0.029649,74.8209,75.1968,154.9681,155.1886,155.5908,2020-11-30,2020-12-31,PROXY_IMPORT_PARITY,,,False,NO_FREIGHT_DATA
2020-11-16,False,1933.0,1946.5,-13.5,1413775,74.4544,False,ECB_CROSS,0.04,0.0025,0.030556,0.000888,False,USD:UST13W|INR:OECD_IR3TIB,0.029649,74.6358,75.0108,155.7938,155.9764,156.3807,2020-11-30,2020-12-31,PROXY_IMPORT_PARITY,,,False,NO_FREIGHT_DATA
2020-11-17,False,1944.5,1961.0,-16.5,1416700,74.4677,False,ECB_CROSS,0.04,0.0025,0.030556,0.000888,False,USD:UST13W|INR:OECD_IR3TIB,0.029649,74.6492,75.0242,156.7486,156.9192,157.326,2020-11-30,2020-12-31,PROXY_IMPORT_PARITY,,,False,NO_FREIGHT_DATA
2020-11-18,False,1978.0,1994.0,-16.0,1409575,74.1582,False,ECB_CROSS,0.04,0.0025,0.030556,0.000888,False,USD:UST13W|INR:OECD_IR3TIB,0.029649,74.339,74.7124,158.7864,158.9459,159.358,2020-11-30,2020-12-31,PROXY_IMPORT_PARITY,,,False,NO_FREIGHT_DATA
2020-11-19,False,1983.0,1994.5,-11.5,1404425,74.203,False,ECB_CROSS,0.04,0.0025,0.030556,0.00069,False,USD:UST13W|INR:OECD_IR3TIB,0.02985,74.3851,74.7613,159.284,159.4307,159.844,2020-11-30,2020-12-31,PROXY_IMPORT_PARITY,,,False,NO_FREIGHT_DATA
2020-11-20,False,1984.0,1995.5,-11.5,1399525,74.1305,False,ECB_CROSS,0.04,0.0025,0.030556,0.00069,False,USD:UST13W|INR:OECD_IR3TIB,0.02985,74.3124,74.6882,159.2086,159.3419,159.755,2020-11-30,2020-12-31,PROXY_IMPORT_PARITY,,,False,NO_FREIGHT_DATA
2020-11-23,False,1969.5,1985.5,-16.0,1395525,74.0308,False,ECB_CROSS,0.04,0.0025,0.030556,0.000789,False,USD:UST13W|INR:OECD_IR3TIB,0.02975,74.2118,74.5859,157.8325,157.925,158.3346,2020-11-30,2020-12-31,PROXY_IMPORT_PARITY,,,False,NO_FREIGHT_DATA
2020-11-24,False,1964.5,1981.0,-16.5,1392250,74.0872,False,ECB_CROSS,0.04,0.0025,0.030556,0.000888,False,USD:UST13W|INR:OECD_IR3TIB,0.029649,74.2678,74.6409,157.5517,157.6308,158.0397,2020-11-30,2020-12-31,PROXY_IMPORT_PARITY,,,False,NO_FREIGHT_DATA
2020-11-25,False,1967.0,1981.5,-14.5,1388250,73.889,False,ECB_CROSS,0.04,0.0025,0.030556,0.000888,False,USD:UST13W|INR:OECD_IR3TIB,0.029649,74.0691,74.4412,157.3302,157.396,157.8043,2020-11-30,2020-12-31,PROXY_IMPORT_PARITY,,,False,NO_FREIGHT_DATA
2020-11-26,False,1961.5,1978.0,-16.5,1383250,73.8366,False,ECB_CROSS,0.04,0.0025,0.030556,0.000888,True,USD:UST13W|INR:OECD_IR3TIB,0.029649,74.0165,74.3883,156.779,156.8315,157.2384,2020-11-30,2020-12-31,PROXY_IMPORT_PARITY,,,False,NO_FREIGHT_DATA
2020-11-27,False,1975.0,1988.5,-13.5,1378025,74.066,False,ECB_CROSS,0.04,0.0025,0.030556,0.000888,False,USD:UST13W|INR:OECD_IR3TIB,0.029649,74.2465,74.6195,158.3485,158.3882,158.7992,2020-11-30,2020-12-31,PROXY_IMPORT_PARITY,,,False,NO_FREIGHT_DATA
2020-11-30,False,2014.5,2022.5,-8.0,1374025,74.0669,False,ECB_CROSS,0.04,0.0025,0.030556,0.000789,False,USD:UST13W|INR:OECD_IR3TIB,0.02975,74.2481,74.6103,161.5174,161.5174,161.9366,2020-11-30,2020-12-31,PROXY_IMPORT_PARITY,,,False,NO_FREIGHT_DATA
2020-12-01,False,2045.5,2052.5,-7.0,1368125,73.6577,False,ECB_CROSS,0.04,0.0025,0.030983,0.000888,False,USD:UST13W|INR:OECD_IR3TIB,0.030076,73.8459,74.2039,163.0968,163.5122,163.9137,2020-12-31,2021-01-29,PROXY_IMPORT_PARITY,,,False,NO_FREIGHT_DATA
2020-12-02,False,2051.5,2062.0,-10.5,1364175,73.7357,False,ECB_CROSS,0.04,0.0025,0.030983,0.000888,False,USD:UST13W|INR:OECD_IR3TIB,0.030076,73.9241,74.2825,163.7485,164.1516,164.5547,2020-12-31,2021-01-29,PROXY_IMPORT_PARITY,,,False,NO_FREIGHT_DATA
2020-12-03,False,2028.0,2039.5,-11.5,1358425,73.8285,False,ECB_CROSS,0.04,0.0025,0.030983,0.000789,False,USD:UST13W|INR:OECD_IR3TIB,0.030177,74.0177,74.3778,162.0764,162.4617,162.8606,2020-12-31,2021-01-29,PROXY_IMPORT_PARITY,,,False,NO_FREIGHT_DATA
2020-12-04,False,2027.5,2040.0,-12.5,1353350,73.7524,False,ECB_CROSS,0.04,0.0025,0.030983,0.000888,False,USD:UST13W|INR:OECD_IR3TIB,0.030076,73.9408,74.2993,161.8695,162.2405,162.6389,2020-12-31,2021-01-29,PROXY_IMPORT_PARITY,,,False,NO_FREIGHT_DATA
2020-12-07,False,2004.0,2018.5,-14.5,1350575,73.9021,False,ECB_CROSS,0.04,0.0025,0.030983,0.000789,False,USD:UST13W|INR:OECD_IR3TIB,0.030177,74.0916,74.452,160.318,160.6446,161.0393,2020-12-31,2021-01-29,PROXY_IMPORT_PARITY,,,False,NO_FREIGHT_DATA
2020-12-08,False,1986.0,2007.0,-21.0,1343950,73.6363,False,ECB_CROSS,0.04,0.0025,0.030983,0.000888,False,USD:UST13W|INR:OECD_IR3TIB,0.030076,73.8244,74.1824,158.3066,158.6157,159.0054,2020-12-31,2021-01-29,PROXY_IMPORT_PARITY,,,False,NO_FREIGHT_DATA
2020-12-09,False,2010.0,2027.5,-17.5,1338575,73.6741,False,ECB_CROSS,0.04,0.0025,0.030983,0.000789,False,USD:UST13W|INR:OECD_IR3TIB,0.030177,73.863,74.2223,160.3019,160.6013,160.9959,2020-12-31,2021-01-29,PROXY_IMPORT_PARITY,,,False,NO_FREIGHT_DATA
2020-12-10,False,2031.0,2042.0,-11.0,1333375,73.6702,False,ECB_CROSS,0.04,0.0025,0.030983,0.000789,False,USD:UST13W|INR:OECD_IR3TIB,0.030177,73.8591,74.2184,161.9682,162.2569,162.6556,2020-12-31,2021-01-29,PROXY_IMPORT_PARITY,,,False,NO_FREIGHT_DATA
2020-12-11,False,2022.0,2034.5,-12.5,1329600,73.7779,False,ECB_CROSS,0.04,0.0025,0.030983,0.000789,False,USD:UST13W|INR:OECD_IR3TIB,0.030177,73.967,74.3269,161.4862,161.7603,162.1579,2020-12-31,2021-01-29,PROXY_IMPORT_PARITY,,,False,NO_FREIGHT_DATA
2020-12-14,False,2042.5,2054.0,-11.5,1357650,73.5492,False,ECB_CROSS,0.04,0.0025,0.030983,0.000888,False,USD:UST13W|INR:OECD_IR3TIB,0.030076,73.7371,74.0946,162.6177,162.8524,163.2527,2020-12-31,2021-01-29,PROXY_IMPORT_PARITY,,,False,NO_FREIGHT_DATA
2020-12-15,False,2022.0,2038.0,-16.0,1357375,73.5914,False,ECB_CROSS,0.04,0.0025,0.030983,0.000789,False,USD:UST13W|INR:OECD_IR3TIB,0.030177,73.7801,74.139,161.078,161.2967,161.6932,2020-12-31,2021-01-29,PROXY_IMPORT_PARITY,,,False,NO_FREIGHT_DATA
2020-12-16,False,2029.0,2045.5,-16.5,1377225,73.6508,False,ECB_CROSS,0.04,0.0025,0.030983,0.000888,False,USD:UST13W|INR:OECD_IR3TIB,0.030076,73.839,74.197,161.7661,161.972,162.3703,2020-12-31,2021-01-29,PROXY_IMPORT_PARITY,,,False,NO_FREIGHT_DATA
2020-12-17,False,2028.0,2041.0,-13.0,1371300,73.5881,False,ECB_CROSS,0.04,0.0025,0.030983,0.000789,False,USD:UST13W|INR:OECD_IR3TIB,0.030177,73.7767,74.1357,161.5487,161.7407,162.1384,2020-12-31,2021-01-29,PROXY_IMPORT_PARITY,,,False,NO_FREIGHT_DATA
2020-12-18,False,2049.0,2059.5,-10.5,1367025,73.5109,False,ECB_CROSS,0.04,0.0025,0.030983,0.000789,False,USD:UST13W|INR:OECD_IR3TIB,0.030177,73.6993,74.0579,163.0503,163.2302,163.6316,2020-12-31,2021-01-29,PROXY_IMPORT_PARITY,,,False,NO_FREIGHT_DATA
2020-12-21,False,2012.5,2023.5,-11.0,1390350,74.044,False,ECB_CROSS,0.04,0.0025,0.030983,0.000888,False,USD:UST13W|INR:OECD_IR3TIB,0.030076,74.2332,74.5931,161.3072,161.4441,161.8412,2020-12-31,2021-01-29,PROXY_IMPORT_PARITY,,,False,NO_FREIGHT_DATA
2020-12-22,False,1993.0,2006.5,-13.5,1383725,73.8602,False,ECB_CROSS,0.04,0.0025,0.030983,0.000888,False,USD:UST13W|INR:OECD_IR3TIB,0.030076,74.0489,74.408,159.3477,159.4694,159.8617,2020-12-31,2021-01-29,PROXY_IMPORT_PARITY,,,False,NO_FREIGHT_DATA
2020-12-23,False,1999.0,2008.5,-9.5,1366000,73.8077,False,ECB_CROSS,0.04,0.0025,0.030983,0.000888,False,USD:UST13W|INR:OECD_IR3TIB,0.030076,73.9963,74.3551,159.7138,159.8222,160.2154,2020-12-31,2021-01-29,PROXY_IMPORT_PARITY,,,False,NO_FREIGHT_DATA
2020-12-24,False,2022.0,2025.5,-3.5,1372350,73.5541,False,ECB_CROSS,0.04,0.0025,0.030983,0.000888,False,USD:UST13W|INR:OECD_IR3TIB,0.030076,73.742,74.0996,160.9963,161.092,161.4883,2020-12-31,2021-01-29,PROXY_IMPORT_PARITY,11.12,49.32,False,WCI_INTERPOLATED|USEC:EXTRAP_PRE|JEA:ASSUMPTION
2020-12-29,False,2000.0,2004.0,-4.0,1366275,73.3681,False,ECB_CROSS,0.04,0.0025,0.030983,0.000986,False,USD:UST13W|INR:OECD_IR3TIB,0.029976,73.555,73.9104,158.8419,158.8689,159.2599,2020-12-31,2021-01-29,PROXY_IMPORT_PARITY,11.12,49.32,True,WCI_INTERPOLATED|USEC:EXTRAP_PRE|JEA:ASSUMPTION
2020-12-30,False,1995.5,1997.0,-1.5,1351250,73.1882,False,ECB_CROSS,0.04,0.0025,0.030983,0.000789,False,USD:UST13W|INR:OECD_IR3TIB,0.030177,73.3758,73.7328,158.0959,158.1094,158.4985,2020-12-31,2021-01-29,PROXY_IMPORT_PARITY,11.12,49.32,True,WCI_INTERPOLATED|USEC:EXTRAP_PRE|JEA:ASSUMPTION
2020-12-31,False,1978.0,1980.5,-2.5,1345800,73.067,False,ECB_CROSS,0.04,0.0025,0.030983,0.000888,False,USD:UST13W|INR:OECD_IR3TIB,0.030076,73.2537,73.6089,156.45,156.45,156.8351,2020-12-31,2021-01-29,PROXY_IMPORT_PARITY,11.27,49.98,False,WCI_DERIVED|USEC:EXTRAP_PRE|JEA:ASSUMPTION
2021-01-04,False,2013.5,2016.0,-2.5,1340525,73.0229,False,ECB_CROSS,0.04,0.0025,0.032135,0.000888,False,USD:UST13W|INR:OECD_IR3TIB,0.031228,73.2166,73.5852,159.1617,159.512,159.9044,2021-01-29,2021-02-26,PROXY_IMPORT_PARITY,11.27,49.98,True,WCI_DERIVED|USEC:EXTRAP_PRE|JEA:ASSUMPTION
2021-01-05,False,2027.5,2032.5,-5.0,1324500,73.2353,False,ECB_CROSS,0.04,0.0025,0.032135,0.000888,False,USD:UST13W|INR:OECD_IR3TIB,0.031228,73.4295,73.7992,160.7345,161.0742,161.4704,2021-01-29,2021-02-26,PROXY_IMPORT_PARITY,11.27,49.98,True,WCI_DERIVED|USEC:EXTRAP_PRE|JEA:ASSUMPTION
2021-01-06,False,2062.5,2068.0,-5.5,1319075,73.1107,False,ECB_CROSS,0.04,0.0025,0.032135,0.000888,False,USD:UST13W|INR:OECD_IR3TIB,0.031228,73.3047,73.6737,163.2311,163.5616,163.964,2021-01-29,2021-02-26,PROXY_IMPORT_PARITY,11.27,49.98,True,WCI_DERIVED|USEC:EXTRAP_PRE|JEA:ASSUMPTION
2021-01-07,False,2008.0,2020.5,-12.5,1313100,73.3508,False,ECB_CROSS,0.04,0.0025,0.032135,0.000888,False,USD:UST13W|INR:OECD_IR3TIB,0.031228,73.5454,73.9157,159.4397,159.7485,160.1416,2021-01-29,2021-02-26,PROXY_IMPORT_PARITY,13.5,59.87,False,WCI_REPORTED|USEC:EXTRAP_PRE|JEA:ASSUMPTION
2021-01-08,False,2029.5,2032.0,-2.5,1309100,73.3041,False,ECB_CROSS,0.04,0.0025,0.032135,0.000789,False,USD:UST13W|INR:OECD_IR3TIB,0.031329,73.4992,73.8704,161.0443,161.342,161.739,2021-01-29,2021-02-26,PROXY_IMPORT_PARITY,13.5,59.87,True,WCI_REPORTED|USEC:EXTRAP_PRE|JEA:ASSUMPTION
2021-01-11,False,2008.0,2008.0,0.0,1305825,73.4572,False,ECB_CROSS,0.04,0.0025,0.032135,0.000789,False,USD:UST13W|INR:OECD_IR3TIB,0.031329,73.6527,74.0247,159.671,159.924,160.3176,2021-01-29,2021-02-26,PROXY_IMPORT_PARITY,13.5,59.87,True,WCI_REPORTED|USEC:EXTRAP_PRE|JEA:ASSUMPTION
2021-01-12,False,2025.5,2025.0,0.5,1298075,73.26,False,ECB_CROSS,0.04,0.0025,0.032135,0.000888,False,USD:UST13W|INR:OECD_IR3TIB,0.031228,73.4543,73.8241,160.6302,160.8706,161.2665,2021-01-29,2021-02-26,PROXY_IMPORT_PARITY,13.5,59.87,True,WCI_REPORTED|USEC:EXTRAP_PRE|JEA:ASSUMPTION
2021-01-13,False,2009.5,2008.5,1.0,1293300,73.1625,False,ECB_CROSS,0.04,0.0025,0.032135,0.000888,False,USD:UST13W|INR:OECD_IR3TIB,0.031228,73.3566,73.7259,159.1492,159.3734,159.7657,2021-01-29,2021-02-26,PROXY_IMPORT_PARITY,13.5,59.87,True,WCI_REPORTED|USEC:EXTRAP_PRE|JEA:ASSUMPTION
2021-01-14,False,2010.5,2009.0,1.5,1285125,73.1297,False,ECB_CROSS,0.04,0.0025,0.032135,0.000888,False,USD:UST13W|INR:OECD_IR3TIB,0.031228,73.3237,73.6929,159.157,159.3672,159.7595,2021-01-29,2021-02-26,PROXY_IMPORT_PARITY,13.54,60.04,False,WCI_DERIVED|USEC:EXTRAP_PRE|JEA:ASSUMPTION
2021-01-15,False,2000.5,1998.5,2.0,1288675,73.1143,False,ECB_CROSS,0.04,0.0025,0.032135,0.000888,False,USD:UST13W|INR:OECD_IR3TIB,0.031228,73.3083,73.6773,158.332,158.5272,158.9175,2021-01-29,2021-02-26,PROXY_IMPORT_PARITY,13.54,60.04,True,WCI_DERIVED|USEC:EXTRAP_PRE|JEA:ASSUMPTION
2021-01-18,False,1979.5,1984.0,-4.5,1397075,73.3061,False,ECB_CROSS,0.04,0.0025,0.032135,0.000888,True,USD:UST13W|INR:OECD_IR3TIB,0.031228,73.5006,73.8706,157.081,157.2331,157.6203,2021-01-29,2021-02-26,PROXY_IMPORT_PARITY,13.54,60.04,True,WCI_DERIVED|USEC:EXTRAP_PRE|JEA:ASSUMPTION
2021-01-19,False,1951.5,1958.5,-7.0,1414675,73.1557,False,ECB_CROSS,0.04,0.0025,0.032135,0.000888,False,USD:UST13W|INR:OECD_IR3TIB,0.031228,73.3498,73.719,154.5413,154.6774,155.0584,2021-01-29,2021-02-26,PROXY_IMPORT_PARITY,13.54,60.04,True,WCI_DERIVED|USEC:EXTRAP_PRE|JEA:ASSUMPTION
2021-01-20,False,1976.0,1977.0,-1.0,1417050,73.0254,False,ECB_CROSS,0.04,0.0025,0.032135,0.000789,False,USD:UST13W|INR:OECD_IR3TIB,0.031329,73.2197,73.5895,156.2028,156.3266,156.7116,2021-01-29,2021-02-26,PROXY_IMPORT_PARITY,13.54,60.04,True,WCI_DERIVED|USEC:EXTRAP_PRE|JEA:ASSUMPTION
2021-01-21,False,1992.5,1994.5,-2.0,1419250,72.9742,False,ECB_CROSS,0.04,0.0025,0.032135,0.000888,False,USD:UST13W|INR:OECD_IR3TIB,0.031228,73.1677,73.5361,157.3967,157.5075,157.8955,2021-01-29,2021-02-26,PROXY_IMPORT_PARITY,13.81,61.24,False,WCI_REPORTED|USEC:EXTRAP_PRE|JEA:ASSUMPTION
2021-01-22,False,1975.5,1976.0,-0.5,1416775,73.0112,False,ECB_CROSS,0.04,0.0025,0.032135,0.000789,False,USD:UST13W|INR:OECD_IR3TIB,0.031329,73.2055,73.5752,156.1329,156.2291,156.614,2021-01-29,2021-02-26,PROXY_IMPORT_PARITY,13.81,61.24,True,WCI_REPORTED|USEC:EXTRAP_PRE|JEA:ASSUMPTION
2021-01-25,False,2011.5,2006.0,5.5,1412925,72.9345,False,ECB_CROSS,0.04,0.0025,0.032135,0.000888,False,USD:UST13W|INR:OECD_IR3TIB,0.031228,73.128,73.4961,158.8111,158.8671,159.2586,2021-01-29,2021-02-26,PROXY_IMPORT_PARITY,13.81,61.24,True,WCI_REPORTED|USEC:EXTRAP_PRE|JEA:ASSUMPTION
2021-01-26,False,2025.0,2018.0,7.0,1419775,72.9272,False,ECB_CROSS,0.04,0.0025,0.032135,0.00069,False,USD:UST13W|INR:OECD_IR3TIB,0.03143,73.1219,73.4924,159.861,159.9032,160.2973,2021-01-29,2021-02-26,PROXY_IMPORT_PARITY,13.81,61.24,True,WCI_REPORTED|USEC:EXTRAP_PRE|JEA:ASSUMPTION
2021-01-27,False,2003.5,2003.5,0.0,1428225,73.0048,False,ECB_CROSS,0.04,0.0025,0.032135,0.000789,False,USD:UST13W|INR:OECD_IR3TIB,0.031329,73.1991,73.5688,158.332,158.3599,158.7502,2021-01-29,2021-02-26,PROXY_IMPORT_PARITY,13.81,61.24,True,WCI_REPORTED|USEC:EXTRAP_PRE|JEA:ASSUMPTION
2021-01-28,False,1979.0,1978.5,0.5,1424175,73.0469,False,ECB_CROSS,0.04,0.0025,0.032135,0.00069,False,USD:UST13W|INR:OECD_IR3TIB,0.03143,73.2419,73.613,156.486,156.4998,156.8855,2021-01-29,2021-02-26,PROXY_IMPORT_PARITY,13.67,60.59,False,WCI_INTERPOLATED|USEC:EXTRAP_PRE|JEA:ASSUMPTION
2021-01-29,False,1987.0,1987.5,-0.5,1431050,72.8675,False,ECB_CROSS,0.04,0.0025,0.032135,0.000592,False,USD:UST13W|INR:OECD_IR3TIB,0.031531,73.0564,73.434,156.7327,156.7327,157.1191,2021-01-29,2021-02-26,PROXY_IMPORT_PARITY,13.67,60.59,True,WCI_INTERPOLATED|USEC:EXTRAP_PRE|JEA:ASSUMPTION
2021-02-01,False,1985.5,1982.5,3.0,1428175,73.1091,False,ECB_CROSS,0.04,0.0025,0.032646,0.00069,False,USD:UST13W|INR:OECD_IR3TIB,0.031941,73.2882,73.6785,157.1337,157.485,157.9488,2021-02-26,2021-03-31,PROXY_IMPORT_PARITY,13.67,60.59,True,WCI_INTERPOLATED|USEC:EXTRAP_PRE|JEA:ASSUMPTION
2021-02-02,False,1958.0,1962.5,-4.5,1421725,72.9874,False,ECB_CROSS,0.04,0.0025,0.032646,0.00069,False,USD:UST13W|INR:OECD_IR3TIB,0.031941,73.1662,73.5558,154.6993,155.0314,155.488,2021-02-26,2021-03-31,PROXY_IMPORT_PARITY,13.67,60.59,True,WCI_INTERPOLATED|USEC:EXTRAP_PRE|JEA:ASSUMPTION
2021-02-03,False,1973.0,1972.0,1.0,1425225,72.9121,False,ECB_CROSS,0.04,0.0025,0.032646,0.000395,False,USD:UST13W|INR:OECD_IR3TIB,0.032243,73.0925,73.4854,155.7237,156.044,156.5036,2021-02-26,2021-03-31,PROXY_IMPORT_PARITY,13.67,60.59,True,WCI_INTERPOLATED|USEC:EXTRAP_PRE|JEA:ASSUMPTION
2021-02-04,False,1979.5,1984.0,-4.5,1415125,72.8864,False,ECB_CROSS,0.04,0.0025,0.032646,0.000395,False,USD:UST13W|INR:OECD_IR3TIB,0.032243,73.0667,73.4594,156.1816,156.4889,156.9499,2021-02-26,2021-03-31,PROXY_IMPORT_PARITY,13.52,59.95,False,WCI_DERIVED|USEC:EXTRAP_PRE|JEA:ASSUMPTION
2021-02-05,False,2007.5,2012.0,-4.5,1406525,72.9091,False,ECB_CROSS,0.04,0.0025,0.032646,0.000296,False,USD:UST13W|INR:OECD_IR3TIB,0.032344,73.09,73.4841,158.4401,158.7377,159.2054,2021-02-26,2021-03-31,PROXY_IMPORT_PARITY,13.52,59.95,True,WCI_DERIVED|USEC:EXTRAP_PRE|JEA:ASSUMPTION
2021-02-08,False,2025.5,2027.5,-2.0,1402625,72.9514,False,ECB_CROSS,0.04,0.0025,0.032646,0.000493,False,USD:UST13W|INR:OECD_IR3TIB,0.032142,73.1312,73.5231,159.9535,160.211,160.6831,2021-02-26,2021-03-31,PROXY_IMPORT_PARITY,13.52,59.95,True,WCI_DERIVED|USEC:EXTRAP_PRE|JEA:ASSUMPTION
2021-02-09,False,2045.5,2052.0,-6.5,1395275,72.9317,False,ECB_CROSS,0.04,0.0025,0.032646,0.000395,False,USD:UST13W|INR:OECD_IR3TIB,0.032243,73.1121,73.5051,161.4893,161.7348,162.2115,2021-02-26,2021-03-31,PROXY_IMPORT_PARITY,13.52,59.95,True,WCI_DERIVED|USEC:EXTRAP_PRE|JEA:ASSUMPTION
2021-02-10,False,2070.5,2073.0,-2.5,1389975,72.828,False,ECB_CROSS,0.04,0.0025,0.032646,0.000493,False,USD:UST13W|INR:OECD_IR3TIB,0.032142,73.0076,73.3988,163.2306,163.4642,163.946,2021-02-26,2021-03-31,PROXY_IMPORT_PARITY,13.52,59.95,True,WCI_DERIVED|USEC:EXTRAP_PRE|JEA:ASSUMPTION
2021-02-11,False,2075.5,2080.5,-5.0,1384625,72.7785,False,ECB_CROSS,0.04,0.0025,0.032646,0.000493,False,USD:UST13W|INR:OECD_IR3TIB,0.032142,72.9579,73.3489,163.5135,163.7329,164.2155,2021-02-26,2021-03-31,PROXY_IMPORT_PARITY,13.43,59.53,False,WCI_REPORTED|USEC:EXTRAP_PRE|JEA:ASSUMPTION
2021-02-12,False,2076.0,2081.0,-5.0,1379975,72.5776,False,ECB_CROSS,0.04,0.0025,0.032646,0.000395,False,USD:UST13W|INR:OECD_IR3TIB,0.032243,72.7572,73.1482,163.1015,163.3057,163.7871,2021-02-26,2021-03-31,PROXY_IMPORT_PARITY,13.43,59.53,True,WCI_REPORTED|USEC:EXTRAP_PRE|JEA:ASSUMPTION
2021-02-15,False,2079.0,2082.5,-3.5,1379325,72.6094,False,ECB_CROSS,0.04,0.0025,0.032646,0.000395,True,USD:UST13W|INR:OECD_IR3TIB,0.032243,72.7891,73.1803,163.4087,163.5695,164.0518,2021-02-26,2021-03-31,PROXY_IMPORT_PARITY,13.43,59.53,True,WCI_REPORTED|USEC:EXTRAP_PRE|JEA:ASSUMPTION
2021-02-16,False,2077.0,2086.0,-9.0,1372475,72.8152,False,ECB_CROSS,0.04,0.0025,0.032646,0.000395,False,USD:UST13W|INR:OECD_IR3TIB,0.032243,72.9953,73.3877,163.7142,163.8607,164.3439,2021-02-26,2021-03-31,PROXY_IMPORT_PARITY,13.43,59.53,True,WCI_REPORTED|USEC:EXTRAP_PRE|JEA:ASSUMPTION
2021-02-17,False,2096.5,2103.5,-7.0,1365375,72.7977,False,ECB_CROSS,0.04,0.0025,0.032646,0.000395,False,USD:UST13W|INR:OECD_IR3TIB,0.032243,72.9778,73.37,165.2116,165.3445,165.8322,2021-02-26,2021-03-31,PROXY_IMPORT_PARITY,13.43,59.53,True,WCI_REPORTED|USEC:EXTRAP_PRE|JEA:ASSUMPTION
2021-02-18,False,2147.0,2161.0,-14.0,1360850,72.5501,False,ECB_CROSS,0.04,0.0025,0.032646,0.000296,False,USD:UST13W|INR:OECD_IR3TIB,0.032344,72.7301,73.1222,168.6157,168.7363,169.234,2021-02-26,2021-03-31,PROXY_IMPORT_PARITY,13.32,59.06,False,WCI_INTERPOLATED|USEC:EXTRAP_PRE|JEA:ASSUMPTION
2021-02-19,False,2135.0,2150.5,-15.5,1354150,72.5056,False,ECB_CROSS,0.04,0.0025,0.032646,0.000395,False,USD:UST13W|INR:OECD_IR3TIB,0.032243,72.6849,73.0756,167.5704,167.6753,168.1699,2021-02-26,2021-03-31,PROXY_IMPORT_PARITY,13.32,59.06,True,WCI_INTERPOLATED|USEC:EXTRAP_PRE|JEA:ASSUMPTION
2021-02-22,False,2153.5,2161.5,-8.0,1349150,72.5064,False,ECB_CROSS,0.04,0.0025,0.032646,0.000296,False,USD:UST13W|INR:OECD_IR3TIB,0.032344,72.6863,73.0782,169.0243,169.0848,169.5836,2021-02-26,2021-03-31,PROXY_IMPORT_PARITY,13.32,59.06,True,WCI_INTERPOLATED|USEC:EXTRAP_PRE|JEA:ASSUMPTION
2021-02-23,False,2136.5,2148.5,-12.0,1343075,72.5171,False,ECB_CROSS,0.04,0.0025,0.032646,0.000395,False,USD:UST13W|INR:OECD_IR3TIB,0.032243,72.6965,73.0872,167.7147,167.7597,168.2548,2021-02-26,2021-03-31,PROXY_IMPORT_PARITY,13.32,59.06,True,WCI_INTERPOLATED|USEC:EXTRAP_PRE|JEA:ASSUMPTION
2021-02-24,False,2145.5,2157.5,-12.0,1337700,72.3497,False,ECB_CROSS,0.04,0.0025,0.032646,0.000296,False,USD:UST13W|INR:OECD_IR3TIB,0.032344,72.5293,72.9203,168.0324,168.0625,168.5585,2021-02-26,2021-03-31,PROXY_IMPORT_PARITY,13.32,59.06,True,WCI_INTERPOLATED|USEC:EXTRAP_PRE|JEA:ASSUMPTION
2021-02-25,False,2223.0,2227.0,-4.0,1332525,72.6331,False,ECB_CROSS,0.04,0.0025,0.032646,0.000395,False,USD:UST13W|INR:OECD_IR3TIB,0.032243,72.8128,73.2042,174.7841,174.7997,175.3156,2021-02-26,2021-03-31,PROXY_IMPORT_PARITY,13.21,58.59,False,WCI_INTERPOLATED|USEC:EXTRAP_PRE|JEA:ASSUMPTION
2021-02-26,False,2202.5,2202.5,0.0,1325875,73.902,False,ECB_CROSS,0.04,0.0025,0.032646,0.000395,False,USD:UST13W|INR:OECD_IR3TIB,0.032243,74.0848,74.483,176.1976,176.1976,176.7177,2021-02-26,2021-03-31,PROXY_IMPORT_PARITY,13.21,58.59,True,WCI_INTERPOLATED|USEC:EXTRAP_PRE|JEA:ASSUMPTION
2021-03-01,False,2154.5,2165.5,-11.0,1316800,73.5638,False,ECB_CROSS,0.04,0.0025,0.032714,0.000493,False,USD:UST13W|INR:OECD_IR3TIB,0.032209,73.7651,74.1611,171.5689,172.0302,172.4915,2021-03-31,2021-04-30,PROXY_IMPORT_PARITY,13.21,58.59,True,WCI_INTERPOLATED|USEC:EXTRAP_PRE|JEA:ASSUMPTION
2021-03-02,False,2176.0,2178.5,-2.5,1307125,73.378,False,ECB_CROSS,0.04,0.0025,0.032714,0.000395,False,USD:UST13W|INR:OECD_IR3TIB,0.03231,73.5793,73.9755,172.8433,173.2926,173.7573,2021-03-31,2021-04-30,PROXY_IMPORT_PARITY,13.21,58.59,True,WCI_INTERPOLATED|USEC:EXTRAP_PRE|JEA:ASSUMPTION
2021-03-03,False,2203.0,2207.0,-4.0,1304075,72.8474,False,ECB_CROSS,0.04,0.0025,0.032714,0.000493,False,USD:UST13W|INR:OECD_IR3TIB,0.032209,73.0467,73.4388,173.7227,174.1586,174.6257,2021-03-31,2021-04-30,PROXY_IMPORT_PARITY,13.21,58.59,True,WCI_INTERPOLATED|USEC:EXTRAP_PRE|JEA:ASSUMPTION
2021-03-04,False,2169.0,2177.5,-8.5,1299775,72.7539,False,ECB_CROSS,0.04,0.0025,0.032714,0.000395,False,USD:UST13W|INR:OECD_IR3TIB,0.03231,72.9535,73.3464,170.822,171.2354,171.6947,2021-03-31,2021-04-30,PROXY_IMPORT_PARITY,13.11,58.13,False,WCI_INTERPOLATED|USEC:EXTRAP_PRE|JEA:ASSUMPTION
2021-03-05,False,2185.0,2176.0,9.0,1299150,73.0696,False,ECB_CROSS,0.04,0.0025,0.032714,0.000395,False,USD:UST13W|INR:OECD_IR3TIB,0.03231,73.2701,73.6647,172.8288,173.2315,173.6962,2021-03-31,2021-04-30,PROXY_IMPORT_PARITY,13.11,58.13,True,WCI_INTERPOLATED|USEC:EXTRAP_PRE|JEA:ASSUMPTION
2021-03-08,False,2152.5,2163.5,-11.0,1293225,73.3588,False,ECB_CROSS,0.04,0.0025,0.032714,0.000493,False,USD:UST13W|INR:OECD_IR3TIB,0.032209,73.5595,73.9543,170.932,171.2843,171.7439,2021-03-31,2021-04-30,PROXY_IMPORT_PARITY,13.11,58.13,True,WCI_INTERPOLATED|USEC:EXTRAP_PRE|JEA:ASSUMPTION
2021-03-09,False,2141.0,2156.5,-15.5,1286825,73.0007,False,ECB_CROSS,0.04,0.0025,0.032714,0.000493,False,USD:UST13W|INR:OECD_IR3TIB,0.032209,73.2004,73.5933,169.1888,169.5224,169.9773,2021-03-31,2021-04-30,PROXY_IMPORT_PARITY,13.11,58.13,True,WCI_INTERPOLATED|USEC:EXTRAP_PRE|JEA:ASSUMPTION
2021-03-10,False,2149.5,2168.5,-19.0,1280575,72.9987,False,ECB_CROSS,0.04,0.0025,0.032714,0.000395,False,USD:UST13W|INR:OECD_IR3TIB,0.03231,73.199,73.5932,169.8558,170.1755,170.6322,2021-03-31,2021-04-30,PROXY_IMPORT_PARITY,13.11,58.13,True,WCI_INTERPOLATED|USEC:EXTRAP_PRE|JEA:ASSUMPTION
2021-03-11,False,2159.0,2181.5,-22.5,1608675,72.5942,False,ECB_CROSS,0.04,0.0025,0.032714,0.000395,False,USD:UST13W|INR:OECD_IR3TIB,0.03231,72.7934,73.1854,169.6612,169.9653,170.4215,2021-03-31,2021-04-30,PROXY_IMPORT_PARITY,13.0,57.66,False,WCI_DERIVED|USEC:EXTRAP_PRE|JEA:ASSUMPTION
2021-03-12,False,2139.0,2166.0,-27.0,1923025,72.6774,False,ECB_CROSS,0.04,0.0025,0.032714,0.000395,False,USD:UST13W|INR:OECD_IR3TIB,0.03231,72.8769,73.2693,168.2822,168.5687,169.0212,2021-03-31,2021-04-30,PROXY_IMPORT_PARITY,13.0,57.66,True,WCI_DERIVED|USEC:EXTRAP_PRE|JEA:ASSUMPTION
2021-03-15,False,2184.5,2210.5,-26.0,1916725,72.5608,False,ECB_CROSS,0.04,0.0025,0.032714,0.000395,False,USD:UST13W|INR:OECD_IR3TIB,0.03231,72.76,73.1518,171.5861,171.8321,172.2935,2021-03-31,2021-04-30,PROXY_IMPORT_PARITY,13.0,57.66,True,WCI_DERIVED|USEC:EXTRAP_PRE|JEA:ASSUMPTION
2021-03-16,False,2174.5,2201.0,-26.5,1910650,72.513,False,ECB_CROSS,0.04,0.0025,0.032714,0.000197,False,USD:UST13W|INR:OECD_IR3TIB,0.032512,72.7132,73.1072,170.6881,170.9176,171.3765,2021-03-31,2021-04-30,PROXY_IMPORT_PARITY,13.0,57.66,True,WCI_DERIVED|USEC:EXTRAP_PRE|JEA:ASSUMPTION
2021-03-17,False,2202.5,2232.5,-30.0,1903625,72.5867,False,ECB_CROSS,0.04,0.0025,0.032714,0.000197,False,USD:UST13W|INR:OECD_IR3TIB,0.032512,72.7872,73.1815,173.0617,173.2788,173.7442,2021-03-31,2021-04-30,PROXY_IMPORT_PARITY,13.0,57.66,True,WCI_DERIVED|USEC:EXTRAP_PRE|JEA:ASSUMPTION
2021-03-18,False,2192.0,2226.5,-34.5,1897300,72.7086,False,ECB_CROSS,0.04,0.0025,0.032714,9.9e-05,False,USD:UST13W|INR:OECD_IR3TIB,0.032613,72.91,73.3063,172.5259,172.7269,173.1908,2021-03-31,2021-04-30,PROXY_IMPORT_PARITY,12.78,56.68,False,WCI_REPORTED|USEC:EXTRAP_PRE|JEA:ASSUMPTION
2021-03-19,False,2188.0,2223.0,-35.0,1967275,72.5048,False,ECB_CROSS,0.04,0.0025,0.032714,9.9e-05,False,USD:UST13W|INR:OECD_IR3TIB,0.032613,72.7057,73.1008,171.7283,171.913,172.3748,2021-03-31,2021-04-30,PROXY_IMPORT_PARITY,12.78,56.68,True,WCI_REPORTED|USEC:EXTRAP_PRE|JEA:ASSUMPTION
2021-03-22,False,2254.0,2282.5,-28.5,1964025,72.3541,False,ECB_CROSS,0.04,0.0025,0.032714,0.000296,False,USD:UST13W|INR:OECD_IR3TIB,0.032411,72.5533,72.9452,176.5407,176.6832,177.1578,2021-03-31,2021-04-30,PROXY_IMPORT_PARITY,12.78,56.68,True,WCI_REPORTED|USEC:EXTRAP_PRE|JEA:ASSUMPTION
2021-03-23,False,2205.0,2234.0,-29.0,1956325,72.4586,False,ECB_CROSS,0.04,0.0025,0.032714,9.9e-05,False,USD:UST13W|INR:OECD_IR3TIB,0.032613,72.6593,73.0542,172.9523,173.0763,173.5414,2021-03-31,2021-04-30,PROXY_IMPORT_PARITY,12.78,56.68,True,WCI_REPORTED|USEC:EXTRAP_PRE|JEA:ASSUMPTION
2021-03-24,False,2220.5,2249.0,-28.5,1946550,72.6076,False,ECB_CROSS,0.04,0.0025,0.032714,0.000197,False,USD:UST13W|INR:OECD_IR3TIB,0.032512,72.8081,73.2026,174.5263,174.6357,175.105,2021-03-31,2021-04-30,PROXY_IMPORT_PARITY,12.78,56.68,True,WCI_REPORTED|USEC:EXTRAP_PRE|JEA:ASSUMPTION
2021-03-25,False,2208.0,2235.5,-27.5,1934425,72.6661,False,ECB_CROSS,0.04,0.0025,0.032714,0.000197,False,USD:UST13W|INR:OECD_IR3TIB,0.032512,72.8667,73.2616,173.6836,173.777,174.244,2021-03-31,2021-04-30,PROXY_IMPORT_PARITY,12.6,55.87,False,WCI_REPORTED|USEC:EXTRAP_PRE|JEA:ASSUMPTION
2021-03-26,False,2260.5,2285.0,-24.5,1926000,72.5552,False,ECB_CROSS,0.04,0.0025,0.032714,0.000197,False,USD:UST13W|INR:OECD_IR3TIB,0.032512,72.7555,73.1497,177.5419,177.6215,178.0989,2021-03-31,2021-04-30,PROXY_IMPORT_PARITY,12.6,55.87,True,WCI_REPORTED|USEC:EXTRAP_PRE|JEA:ASSUMPTION
2021-03-29,False,2255.5,2279.0,-23.5,1917075,72.5592,False,ECB_CROSS,0.04,0.0025,0.032714,0.000296,False,USD:UST13W|INR:OECD_IR3TIB,0.032411,72.759,73.152,177.159,177.1908,177.6671,2021-03-31,2021-04-30,PROXY_IMPORT_PARITY,12.6,55.87,True,WCI_REPORTED|USEC:EXTRAP_PRE|JEA:ASSUMPTION
2021-03-30,False,2220.5,2246.0,-25.5,1905375,73.4639,False,ECB_CROSS,0.04,0.0025,0.032714,0.000197,False,USD:UST13W|INR:OECD_IR3TIB,0.032512,73.6668,74.0659,176.5845,176.6004,177.0752,2021-03-31,2021-04-30,PROXY_IMPORT_PARITY,12.6,55.87,True,WCI_REPORTED|USEC:EXTRAP_PRE|JEA:ASSUMPTION
2021-03-31,False,2212.5,2235.0,-22.5,1897075,73.1881,False,ECB_CROSS,0.04,0.0025,0.032714,0.000296,False,USD:UST13W|INR:OECD_IR3TIB,0.032411,73.383,73.7795,175.2878,175.2878,175.7591,2021-03-31,2021-04-30,PROXY_IMPORT_PARITY,12.6,55.87,True,WCI_REPORTED|USEC:EXTRAP_PRE|JEA:ASSUMPTION
2021-04-01,False,2212.5,2236.5,-24.0,1889400,73.4101,False,ECB_CROSS,0.04,0.0025,0.033349,0.000197,False,USD:UST13W|INR:OECD_IR3TIB,0.033147,73.6101,74.0168,175.8195,176.2853,176.7351,2021-04-30,2021-05-28,PROXY_IMPORT_PARITY,12.65,56.09,False,WCI_INTERPOLATED|USEC:EXTRAP_PRE|JEA:ASSUMPTION
2021-04-06,False,2247.0,2268.5,-21.5,1882275,73.3999,False,ECB_CROSS,0.04,0.0025,0.033349,0.000197,False,USD:UST13W|INR:OECD_IR3TIB,0.033147,73.5999,74.0065,178.5363,178.9278,179.3845,2021-04-30,2021-05-28,PROXY_IMPORT_PARITY,12.65,56.09,True,WCI_INTERPOLATED|USEC:EXTRAP_PRE|JEA:ASSUMPTION
2021-04-07,False,2239.5,2258.5,-19.0,1860125,74.3584,False,ECB_CROSS,0.04,0.0025,0.033349,0.000197,False,USD:UST13W|INR:OECD_IR3TIB,0.033147,74.561,74.9729,180.264,180.6428,181.104,2021-04-30,2021-05-28,PROXY_IMPORT_PARITY,12.65,56.09,True,WCI_INTERPOLATED|USEC:EXTRAP_PRE|JEA:ASSUMPTION
2021-04-08,False,2267.5,2280.0,-12.5,1860850,74.6134,False,ECB_CROSS,0.04,0.0025,0.033349,9.9e-05,False,USD:UST13W|INR:OECD_IR3TIB,0.033248,74.8173,75.2319,183.1437,183.5119,183.9804,2021-04-30,2021-05-28,PROXY_IMPORT_PARITY,12.7,56.31,False,WCI_DERIVED|USEC:EXTRAP_PRE|JEA:ASSUMPTION
2021-04-09,False,2250.0,2267.5,-17.5,1854250,74.7094,False,ECB_CROSS,0.04,0.0025,0.033349,0.000197,False,USD:UST13W|INR:OECD_IR3TIB,0.033147,74.9129,75.3268,181.9641,182.3132,182.7787,2021-04-30,2021-05-28,PROXY_IMPORT_PARITY,12.7,56.31,True,WCI_DERIVED|USEC:EXTRAP_PRE|JEA:ASSUMPTION
2021-04-12,False,2254.0,2268.5,-14.5,1847600,75.0185,False,ECB_CROSS,0.04,0.0025,0.033349,0.000197,False,USD:UST13W|INR:OECD_IR3TIB,0.033147,75.2229,75.6384,183.0418,183.3428,183.8111,2021-04-30,2021-05-28,PROXY_IMPORT_PARITY,12.7,56.31,True,WCI_DERIVED|USEC:EXTRAP_PRE|JEA:ASSUMPTION
2021-04-13,False,2278.0,2293.0,-15.0,1841575,75.4216,False,ECB_CROSS,0.04,0.0025,0.033349,0.000296,False,USD:UST13W|INR:OECD_IR3TIB,0.033046,75.6264,76.043,185.9848,186.2736,186.7494,2021-04-30,2021-05-28,PROXY_IMPORT_PARITY,12.7,56.31,True,WCI_DERIVED|USEC:EXTRAP_PRE|JEA:ASSUMPTION
2021-04-14,False,2297.5,2315.0,-17.5,1833550,75.0861,False,ECB_CROSS,0.04,0.0025,0.033349,0.000197,False,USD:UST13W|INR:OECD_IR3TIB,0.033147,75.2907,75.7066,186.7424,187.0154,187.4931,2021-04-30,2021-05-28,PROXY_IMPORT_PARITY,12.7,56.31,True,WCI_DERIVED|USEC:EXTRAP_PRE|JEA:ASSUMPTION
2021-04-15,False,2328.0,2344.0,-16.0,1829325,75.0217,False,ECB_CROSS,0.04,0.0025,0.033349,0.000197,False,USD:UST13W|INR:OECD_IR3TIB,0.033147,75.2261,75.6417,189.0592,189.3183,189.802,2021-04-30,2021-05-28,PROXY_IMPORT_PARITY,12.69,56.25,False,WCI_REPORTED|USEC:EXTRAP_PRE|JEA:ASSUMPTION
2021-04-16,False,2308.5,2324.5,-16.0,1824250,74.4498,False,ECB_CROSS,0.04,0.0025,0.033349,0.000197,False,USD:UST13W|INR:OECD_IR3TIB,0.033147,74.6526,75.065,186.0464,186.2844,186.7604,2021-04-30,2021-05-28,PROXY_IMPORT_PARITY,12.69,56.25,True,WCI_REPORTED|USEC:EXTRAP_PRE|JEA:ASSUMPTION
2021-04-19,False,2331.0,2342.5,-11.5,1819625,74.838,False,ECB_CROSS,0.04,0.0025,0.033349,0.000197,False,USD:UST13W|INR:OECD_IR3TIB,0.033147,75.0419,75.4564,188.8393,189.0291,189.5122,2021-04-30,2021-05-28,PROXY_IMPORT_PARITY,12.69,56.25,True,WCI_REPORTED|USEC:EXTRAP_PRE|JEA:ASSUMPTION
2021-04-20,False,2324.0,2330.0,-6.0,1812625,75.1373,False,ECB_CROSS,0.04,0.0025,0.033349,0.000296,False,USD:UST13W|INR:OECD_IR3TIB,0.033046,75.3414,75.7564,189.0252,189.1979,189.6814,2021-04-30,2021-05-28,PROXY_IMPORT_PARITY,12.69,56.25,True,WCI_REPORTED|USEC:EXTRAP_PRE|JEA:ASSUMPTION
2021-04-21,False,2344.0,2337.0,7.0,1809250,75.4522,False,ECB_CROSS,0.04,0.0025,0.033349,0.000296,False,USD:UST13W|INR:OECD_IR3TIB,0.033046,75.6572,76.0739,191.4509,191.6083,192.0981,2021-04-30,2021-05-28,PROXY_IMPORT_PARITY,12.69,56.25,True,WCI_REPORTED|USEC:EXTRAP_PRE|JEA:ASSUMPTION
2021-04-22,False,2373.5,2368.5,5.0,1802450,75.0407,False,ECB_CROSS,0.04,0.0025,0.033349,0.000296,False,USD:UST13W|INR:OECD_IR3TIB,0.033046,75.2445,75.6589,192.8031,192.944,193.4373,2021-04-30,2021-05-28,PROXY_IMPORT_PARITY,12.71,56.34,False,WCI_DERIVED|USEC:EXTRAP_PRE|JEA:ASSUMPTION
2021-04-23,False,2373.5,2378.5,-5.0,1796925,74.9805,False,ECB_CROSS,0.04,0.0025,0.033349,0.000296,False,USD:UST13W|INR:OECD_IR3TIB,0.033046,75.1842,75.5983,192.6484,192.7716,193.2645,2021-04-30,2021-05-28,PROXY_IMPORT_PARITY,12.71,56.34,True,WCI_DERIVED|USEC:EXTRAP_PRE|JEA:ASSUMPTION
2021-04-26,False,2388.0,2393.5,-5.5,1793100,74.7853,False,ECB_CROSS,0.04,0.0025,0.033349,0.000296,False,USD:UST13W|INR:OECD_IR3TIB,0.033046,74.9884,75.4014,193.3207,193.3914,193.886,2021-04-30,2021-05-28,PROXY_IMPORT_PARITY,12.71,56.34,True,WCI_DERIVED|USEC:EXTRAP_PRE|JEA:ASSUMPTION
2021-04-27,False,2389.0,2394.0,-5.0,1787525,74.5797,False,ECB_CROSS,0.04,0.0025,0.033349,9.9e-05,False,USD:UST13W|INR:OECD_IR3TIB,0.033248,74.7836,75.198,192.87,192.9229,193.4163,2021-04-30,2021-05-28,PROXY_IMPORT_PARITY,12.71,56.34,True,WCI_DERIVED|USEC:EXTRAP_PRE|JEA:ASSUMPTION
2021-04-28,False,2392.5,2397.5,-5.0,1782600,74.4731,False,ECB_CROSS,0.04,0.0025,0.033349,9.9e-05,False,USD:UST13W|INR:OECD_IR3TIB,0.033248,74.6766,75.0904,192.8765,192.9117,193.4052,2021-04-30,2021-05-28,PROXY_IMPORT_PARITY,12.71,56.34,True,WCI_DERIVED|USEC:EXTRAP_PRE|JEA:ASSUMPTION
2021-04-29,False,2432.0,2429.5,2.5,1838950,74.0824,False,ECB_CROSS,0.04,0.0025,0.033349,9.9e-05,False,USD:UST13W|INR:OECD_IR3TIB,0.033248,74.2848,74.6964,195.0323,195.0501,195.5491,2021-04-30,2021-05-28,PROXY_IMPORT_PARITY,12.89,57.15,False,WCI_REPORTED|USEC:EXTRAP_PRE|JEA:ASSUMPTION
2021-04-30,False,2445.0,2438.0,7.0,1835150,74.0602,False,ECB_CROSS,0.04,0.0025,0.033349,9.9e-05,False,USD:UST13W|INR:OECD_IR3TIB,0.033248,74.2626,74.6741,196.0161,196.0161,196.5175,2021-04-30,2021-05-28,PROXY_IMPORT_PARITY,12.89,57.15,True,WCI_REPORTED|USEC:EXTRAP_PRE|JEA:ASSUMPTION
2021-05-04,False,2434.5,2428.0,6.5,1827800,73.8824,False,ECB_CROSS,0.04,0.0025,0.033706,0.000197,False,USD:UST13W|INR:OECD_IR3TIB,0.033504,74.0926,74.5063,194.7057,195.1372,195.7306,2021-05-28,2021-06-30,PROXY_IMPORT_PARITY,12.89,57.15,True,WCI_REPORTED|USEC:EXTRAP_PRE|JEA:ASSUMPTION
2021-05-05,False,2446.0,2439.5,6.5,1810550,73.8796,False,ECB_CROSS,0.04,0.0025,0.033706,0.000197,False,USD:UST13W|INR:OECD_IR3TIB,0.033504,74.0899,74.5035,195.618,196.0335,196.6296,2021-05-28,2021-06-30,PROXY_IMPORT_PARITY,12.89,57.15,True,WCI_REPORTED|USEC:EXTRAP_PRE|JEA:ASSUMPTION
2021-05-06,False,2476.5,2476.0,0.5,1802175,73.7483,False,ECB_CROSS,0.04,0.0025,0.033706,0.000197,False,USD:UST13W|INR:OECD_IR3TIB,0.033504,73.9582,74.3711,197.7053,198.1069,198.7094,2021-05-28,2021-06-30,PROXY_IMPORT_PARITY,14.15,62.75,False,WCI_REPORTED|USEC:EXTRAP_PRE|JEA:ASSUMPTION
2021-05-07,False,2518.5,2523.5,-5.0,1797100,73.5032,False,ECB_CROSS,0.04,0.0025,0.033706,0.000197,False,USD:UST13W|INR:OECD_IR3TIB,0.033504,73.7124,74.1239,200.39,200.7786,201.3893,2021-05-28,2021-06-30,PROXY_IMPORT_PARITY,14.15,62.75,True,WCI_REPORTED|USEC:EXTRAP_PRE|JEA:ASSUMPTION
2021-05-10,False,2565.0,2577.0,-12.0,1789725,73.3491,False,ECB_CROSS,0.04,0.0025,0.033706,0.000197,False,USD:UST13W|INR:OECD_IR3TIB,0.033504,73.5578,73.9685,203.662,204.0006,204.6212,2021-05-28,2021-06-30,PROXY_IMPORT_PARITY,14.15,62.75,True,WCI_REPORTED|USEC:EXTRAP_PRE|JEA:ASSUMPTION
2021-05-11,False,2549.5,2565.0,-15.5,1780900,73.3681,False,ECB_CROSS,0.04,0.0025,0.033706,9.9e-05,False,USD:UST13W|INR:OECD_IR3TIB,0.033605,73.5775,73.9896,202.4838,202.8016,203.4187,2021-05-28,2021-06-30,PROXY_IMPORT_PARITY,14.15,62.75,True,WCI_REPORTED|USEC:EXTRAP_PRE|JEA:ASSUMPTION
2021-05-12,False,2474.0,2492.5,-18.5,1772700,73.4139,False,ECB_CROSS,0.04,0.0025,0.033706,0.000197,False,USD:UST13W|INR:OECD_IR3TIB,0.033504,73.6228,74.0339,196.6101,196.9006,197.4998,2021-05-28,2021-06-30,PROXY_IMPORT_PARITY,14.15,62.75,True,WCI_REPORTED|USEC:EXTRAP_PRE|JEA:ASSUMPTION
2021-05-13,False,2422.5,2436.0,-13.5,1766025,73.5531,False,ECB_CROSS,0.04,0.0025,0.033706,0.000197,False,USD:UST13W|INR:OECD_IR3TIB,0.033504,73.7624,74.1742,192.8824,193.1496,193.7374,2021-05-28,2021-06-30,PROXY_IMPORT_PARITY,14.81,65.68,False,WCI_REPORTED|USEC:EXTRAP_PRE|JEA:ASSUMPTION
2021-05-14,False,2438.0,2462.5,-24.5,1762525,73.255,False,ECB_CROSS,0.04,0.0025,0.033706,9.9e-05,False,USD:UST13W|INR:OECD_IR3TIB,0.033605,73.464,73.8755,193.3298,193.5798,194.1689,2021-05-28,2021-06-30,PROXY_IMPORT_PARITY,14.81,65.68,True,WCI_REPORTED|USEC:EXTRAP_PRE|JEA:ASSUMPTION
2021-05-17,False,2455.0,2479.0,-24.0,1768375,73.3165,False,ECB_CROSS,0.04,0.0025,0.033706,0.000197,False,USD:UST13W|INR:OECD_IR3TIB,0.033504,73.5251,73.9356,194.8413,195.0393,195.633,2021-05-28,2021-06-30,PROXY_IMPORT_PARITY,14.81,65.68,True,WCI_REPORTED|USEC:EXTRAP_PRE|JEA:ASSUMPTION
2021-05-18,False,2468.0,2498.5,-30.5,1765525,73.0085,False,ECB_CROSS,0.04,0.0025,0.033706,0.000197,False,USD:UST13W|INR:OECD_IR3TIB,0.033504,73.2163,73.6251,195.0502,195.2304,195.8248,2021-05-28,2021-06-30,PROXY_IMPORT_PARITY,14.81,65.68,True,WCI_REPORTED|USEC:EXTRAP_PRE|JEA:ASSUMPTION
2021-05-19,False,2402.5,2432.5,-30.0,1759675,73.1485,False,ECB_CROSS,0.04,0.0025,0.033706,9.9e-05,False,USD:UST13W|INR:OECD_IR3TIB,0.033605,73.3573,73.7681,190.2378,190.3959,190.9756,2021-05-28,2021-06-30,PROXY_IMPORT_PARITY,14.81,65.68,True,WCI_REPORTED|USEC:EXTRAP_PRE|JEA:ASSUMPTION
2021-05-20,False,2392.0,2419.0,-27.0,1757350,73.0665,False,ECB_CROSS,0.04,0.0025,0.033706,9.9e-05,False,USD:UST13W|INR:OECD_IR3TIB,0.033605,73.275,73.6853,189.194,189.3338,189.9103,2021-05-28,2021-06-30,PROXY_IMPORT_PARITY,15.87,70.36,False,WCI_REPORTED|USEC:EXTRAP_PRE|JEA:ASSUMPTION
2021-05-21,False,2403.0,2434.0,-31.0,1750350,72.8602,False,ECB_CROSS,0.04,0.0025,0.033706,9.9e-05,False,USD:UST13W|INR:OECD_IR3TIB,0.033605,73.0681,73.4773,189.5274,189.6499,190.2275,2021-05-28,2021-06-30,PROXY_IMPORT_PARITY,15.87,70.36,True,WCI_REPORTED|USEC:EXTRAP_PRE|JEA:ASSUMPTION
2021-05-24,False,2305.0,2337.0,-32.0,1741825,72.9215,False,ECB_CROSS,0.04,0.0025,0.033706,0.000197,False,USD:UST13W|INR:OECD_IR3TIB,0.033504,73.129,73.5373,181.951,182.0182,182.5727,2021-05-28,2021-06-30,PROXY_IMPORT_PARITY,15.87,70.36,True,WCI_REPORTED|USEC:EXTRAP_PRE|JEA:ASSUMPTION
2021-05-25,False,2341.0,2372.5,-31.5,1733775,72.7626,False,ECB_CROSS,0.04,0.0025,0.033706,0.000197,False,USD:UST13W|INR:OECD_IR3TIB,0.033504,72.9696,73.377,184.3901,184.4412,185.0031,2021-05-28,2021-06-30,PROXY_IMPORT_PARITY,15.87,70.36,True,WCI_REPORTED|USEC:EXTRAP_PRE|JEA:ASSUMPTION
2021-05-26,False,2359.5,2393.0,-33.5,1728375,72.7541,False,ECB_CROSS,0.04,0.0025,0.033706,0.000197,False,USD:UST13W|INR:OECD_IR3TIB,0.033504,72.9611,73.3685,185.8255,185.8598,186.4261,2021-05-28,2021-06-30,PROXY_IMPORT_PARITY,15.87,70.36,True,WCI_REPORTED|USEC:EXTRAP_PRE|JEA:ASSUMPTION
2021-05-27,False,2388.0,2421.0,-33.0,1724075,72.6045,False,ECB_CROSS,0.04,0.0025,0.033706,0.000197,False,USD:UST13W|INR:OECD_IR3TIB,0.033504,72.8111,73.2177,187.6834,187.7007,188.2726,2021-05-28,2021-06-30,PROXY_IMPORT_PARITY,16.18,71.75,False,WCI_REPORTED|USEC:EXTRAP_PRE|JEA:ASSUMPTION
2021-05-28,False,2404.5,2434.0,-29.5,1718300,72.5465,False,ECB_CROSS,0.04,0.0025,0.033706,9.9e-05,False,USD:UST13W|INR:OECD_IR3TIB,0.033605,72.7536,73.161,188.8292,188.8292,189.4046,2021-05-28,2021-06-30,PROXY_IMPORT_PARITY,16.18,71.75,True,WCI_REPORTED|USEC:EXTRAP_PRE|JEA:ASSUMPTION
2021-06-01,False,2461.5,2485.0,-23.5,1707000,72.8961,False,ECB_CROSS,0.04,0.0025,0.034383,0.000197,False,USD:UST13W|INR:OECD_IR3TIB,0.034181,73.1009,73.5242,194.237,194.7677,195.3166,2021-06-30,2021-07-30,PROXY_IMPORT_PARITY,16.18,71.75,True,WCI_REPORTED|USEC:EXTRAP_PRE|JEA:ASSUMPTION
2021-06-02,False,2442.0,2463.0,-21.0,1683675,73.1027,False,ECB_CROSS,0.04,0.0025,0.034383,0.000197,False,USD:UST13W|INR:OECD_IR3TIB,0.034181,73.3081,73.7326,193.2444,193.7541,194.3002,2021-06-30,2021-07-30,PROXY_IMPORT_PARITY,16.18,71.75,True,WCI_REPORTED|USEC:EXTRAP_PRE|JEA:ASSUMPTION
2021-06-03,False,2386.5,2402.5,-16.0,1674475,72.9265,False,ECB_CROSS,0.04,0.0025,0.034383,0.000197,False,USD:UST13W|INR:OECD_IR3TIB,0.034181,73.1314,73.5548,188.3973,188.8765,189.4089,2021-06-30,2021-07-30,PROXY_IMPORT_PARITY,16.72,74.13,False,WCI_DERIVED|USEC:EXTRAP_PRE|JEA:ASSUMPTION
2021-06-04,False,2412.5,2426.5,-14.0,1666375,73.005,False,ECB_CROSS,0.04,0.0025,0.034383,0.000197,False,USD:UST13W|INR:OECD_IR3TIB,0.034181,73.2101,73.634,190.6548,191.1218,191.6606,2021-06-30,2021-07-30,PROXY_IMPORT_PARITY,16.72,74.13,True,WCI_DERIVED|USEC:EXTRAP_PRE|JEA:ASSUMPTION
2021-06-07,False,2417.5,2418.5,-1.0,1666375,72.7927,False,ECB_CROSS,0.04,0.0025,0.034383,0.000197,False,USD:UST13W|INR:OECD_IR3TIB,0.034181,72.9972,73.4199,190.4944,190.9071,191.4455,2021-06-30,2021-07-30,PROXY_IMPORT_PARITY,16.72,74.13,True,WCI_DERIVED|USEC:EXTRAP_PRE|JEA:ASSUMPTION
2021-06-08,False,2439.0,2438.0,1.0,1653175,72.8764,False,ECB_CROSS,0.04,0.0025,0.034383,0.000197,False,USD:UST13W|INR:OECD_IR3TIB,0.034181,73.0811,73.5042,192.4095,192.8083,193.352,2021-06-30,2021-07-30,PROXY_IMPORT_PARITY,16.72,74.13,True,WCI_DERIVED|USEC:EXTRAP_PRE|JEA:ASSUMPTION
2021-06-09,False,2459.0,2448.5,10.5,1649750,72.9479,False,ECB_CROSS,0.04,0.0025,0.034383,0.000296,False,USD:UST13W|INR:OECD_IR3TIB,0.03408,73.1523,73.5746,194.1776,194.5618,195.1105,2021-06-30,2021-07-30,PROXY_IMPORT_PARITY,16.72,74.13,True,WCI_DERIVED|USEC:EXTRAP_PRE|JEA:ASSUMPTION
2021-06-10,False,2470.0,2447.5,22.5,1640500,73.0846,False,ECB_CROSS,0.04,0.0025,0.034383,0.000296,False,USD:UST13W|INR:OECD_IR3TIB,0.03408,73.2893,73.7124,195.4118,195.7799,196.3322,2021-06-30,2021-07-30,PROXY_IMPORT_PARITY,17.4,77.14,False,WCI_REPORTED|USEC:EXTRAP_PRE|JEA:ASSUMPTION
2021-06-11,False,2490.0,2477.5,12.5,1663150,73.1311,False,ECB_CROSS,0.04,0.0025,0.034383,0.000296,False,USD:UST13W|INR:OECD_IR3TIB,0.03408,73.3359,73.7593,197.1194,197.4722,198.0293,2021-06-30,2021-07-30,PROXY_IMPORT_PARITY,17.4,77.14,True,WCI_REPORTED|USEC:EXTRAP_PRE|JEA:ASSUMPTION
2021-06-14,False,2504.0,2478.0,26.0,1652850,73.2344,False,ECB_CROSS,0.04,0.0025,0.034383,0.000296,False,USD:UST13W|INR:OECD_IR3TIB,0.03408,73.4395,73.8635,198.5077,198.8069,199.3679,2021-06-30,2021-07-30,PROXY_IMPORT_PARITY,17.4,77.14,True,WCI_REPORTED|USEC:EXTRAP_PRE|JEA:ASSUMPTION
2021-06-15,False,2458.5,2449.5,9.0,1640200,73.3425,False,ECB_CROSS,0.04,0.0025,0.034383,0.000296,False,USD:UST13W|INR:OECD_IR3TIB,0.03408,73.548,73.9725,195.1883,195.4641,196.0157,2021-06-30,2021-07-30,PROXY_IMPORT_PARITY,17.4,77.14,True,WCI_REPORTED|USEC:EXTRAP_PRE|JEA:ASSUMPTION
2021-06-16,False,2454.5,2452.5,2.0,1627225,73.3087,False,ECB_CROSS,0.04,0.0025,0.034383,0.000395,False,USD:UST13W|INR:OECD_IR3TIB,0.033979,73.5135,73.9366,194.7809,195.0378,195.5883,2021-06-30,2021-07-30,PROXY_IMPORT_PARITY,17.4,77.14,True,WCI_REPORTED|USEC:EXTRAP_PRE|JEA:ASSUMPTION
2021-06-17,False,2427.5,2407.0,20.5,1628800,74.1233,False,ECB_CROSS,0.04,0.0025,0.034383,0.000395,False,USD:UST13W|INR:OECD_IR3TIB,0.033979,74.3303,74.7582,194.7789,195.0174,195.5679,2021-06-30,2021-07-30,PROXY_IMPORT_PARITY,17.99,79.79,False,WCI_REPORTED|USEC:EXTRAP_PRE|JEA:ASSUMPTION
2021-06-18,False,2374.0,2380.0,-6.0,1621325,73.987,False,ECB_CROSS,0.04,0.0025,0.034383,0.000493,False,USD:UST13W|INR:OECD_IR3TIB,0.033878,74.193,74.6188,190.1359,190.3508,190.8881,2021-06-30,2021-07-30,PROXY_IMPORT_PARITY,17.99,79.79,True,WCI_REPORTED|USEC:EXTRAP_PRE|JEA:ASSUMPTION
2021-06-21,False,2353.5,2370.5,-17.0,1612900,74.162,False,ECB_CROSS,0.04,0.0025,0.034383,0.000493,False,USD:UST13W|INR:OECD_IR3TIB,0.033878,74.3685,74.7953,188.9398,189.1,189.634,2021-06-30,2021-07-30,PROXY_IMPORT_PARITY,17.99,79.79,True,WCI_REPORTED|USEC:EXTRAP_PRE|JEA:ASSUMPTION
2021-06-22,False,2375.5,2403.0,-27.5,1623850,74.3009,False,ECB_CROSS,0.04,0.0025,0.034383,0.000395,False,USD:UST13W|INR:OECD_IR3TIB,0.033979,74.5084,74.9373,191.0632,191.2072,191.7471,2021-06-30,2021-07-30,PROXY_IMPORT_PARITY,17.99,79.79,True,WCI_REPORTED|USEC:EXTRAP_PRE|JEA:ASSUMPTION
2021-06-23,False,2386.5,2416.0,-29.5,1616325,74.1759,False,ECB_CROSS,0.04,0.0025,0.034383,0.000493,False,USD:UST13W|INR:OECD_IR3TIB,0.033878,74.3824,74.8093,191.625,191.7514,192.2929,2021-06-30,2021-07-30,PROXY_IMPORT_PARITY,17.99,79.79,True,WCI_REPORTED|USEC:EXTRAP_PRE|JEA:ASSUMPTION
2021-06-24,False,2397.5,2424.0,-26.5,1609100,74.1471,False,ECB_CROSS,0.04,0.0025,0.034383,0.000493,False,USD:UST13W|INR:OECD_IR3TIB,0.033878,74.3536,74.7803,192.4335,192.5423,193.0861,2021-06-30,2021-07-30,PROXY_IMPORT_PARITY,20.85,92.45,False,WCI_REPORTED|USEC:EXTRAP_PRE|JEA:ASSUMPTION
2021-06-25,False,2451.0,2470.0,-19.0,1596450,74.2112,False,ECB_CROSS,0.04,0.0025,0.034383,0.000592,False,USD:UST13W|INR:OECD_IR3TIB,0.033778,74.4173,74.843,196.8977,196.9905,197.5469,2021-06-30,2021-07-30,PROXY_IMPORT_PARITY,20.85,92.45,True,WCI_REPORTED|USEC:EXTRAP_PRE|JEA:ASSUMPTION
2021-06-28,False,2458.0,2477.5,-19.5,1586150,74.3023,False,ECB_CROSS,0.04,0.0025,0.034383,0.000493,False,USD:UST13W|INR:OECD_IR3TIB,0.033878,74.5092,74.9368,197.7024,197.7397,198.2984,2021-06-30,2021-07-30,PROXY_IMPORT_PARITY,20.85,92.45,True,WCI_REPORTED|USEC:EXTRAP_PRE|JEA:ASSUMPTION
2021-06-29,False,2518.5,2533.0,-14.5,1577175,74.2808,False,ECB_CROSS,0.04,0.0025,0.034383,0.000395,False,USD:UST13W|INR:OECD_IR3TIB,0.033979,74.4883,74.917,202.51,202.5291,203.1014,2021-06-30,2021-07-30,PROXY_IMPORT_PARITY,20.85,92.45,True,WCI_REPORTED|USEC:EXTRAP_PRE|JEA:ASSUMPTION
2021-06-30,False,2523.0,2535.0,-12.0,1578075,74.3218,False,ECB_CROSS,0.04,0.0025,0.034383,0.000493,False,USD:UST13W|INR:OECD_IR3TIB,0.033878,74.5287,74.9564,202.9838,202.9838,203.5574,2021-06-30,2021-07-30,PROXY_IMPORT_PARITY,20.85,92.45,True,WCI_REPORTED|USEC:EXTRAP_PRE|JEA:ASSUMPTION
2021-07-01,False,2481.0,2497.5,-16.5,1568900,74.5195,False,ECB_CROSS,0.04,0.0025,0.034259,0.000493,False,USD:UST13W|INR:OECD_IR3TIB,0.033754,74.7332,75.1535,200.1357,200.6805,201.2816,2021-07-30,2021-08-31,PROXY_IMPORT_PARITY,21.72,96.32,False,WCI_REPORTED|USEC:EXTRAP_PRE|JEA:ASSUMPTION
2021-07-02,False,2519.5,2535.0,-15.5,1562950,74.6896,False,ECB_CROSS,0.04,0.0025,0.034259,0.000493,False,USD:UST13W|INR:OECD_IR3TIB,0.033754,74.9037,75.325,203.7053,204.2407,204.8525,2021-07-30,2021-08-31,PROXY_IMPORT_PARITY,21.72,96.32,True,WCI_REPORTED|USEC:EXTRAP_PRE|JEA:ASSUMPTION
2021-07-05,False,2539.5,2558.5,-19.0,1552250,74.2967,False,ECB_CROSS,0.04,0.0025,0.034259,0.000493,True,USD:UST13W|INR:OECD_IR3TIB,0.033754,74.5097,74.9288,204.2423,204.7215,205.335,2021-07-30,2021-08-31,PROXY_IMPORT_PARITY,21.72,96.32,True,WCI_REPORTED|USEC:EXTRAP_PRE|JEA:ASSUMPTION
2021-07-06,False,2529.5,2551.0,-21.5,1538725,74.5165,False,ECB_CROSS,0.04,0.0025,0.034259,0.000493,False,USD:UST13W|INR:OECD_IR3TIB,0.033754,74.7301,75.1505,204.0399,204.4995,205.1123,2021-07-30,2021-08-31,PROXY_IMPORT_PARITY,21.72,96.32,True,WCI_REPORTED|USEC:EXTRAP_PRE|JEA:ASSUMPTION
2021-07-07,False,2508.5,2528.0,-19.5,1526275,74.6196,False,ECB_CROSS,0.04,0.0025,0.034259,0.000493,False,USD:UST13W|INR:OECD_IR3TIB,0.033754,74.8336,75.2545,202.6259,203.0633,203.6719,2021-07-30,2021-08-31,PROXY_IMPORT_PARITY,21.72,96.32,True,WCI_REPORTED|USEC:EXTRAP_PRE|JEA:ASSUMPTION
2021-07-08,False,2435.0,2450.0,-15.0,1517200,74.8499,False,ECB_CROSS,0.04,0.0025,0.034259,0.000592,False,USD:UST13W|INR:OECD_IR3TIB,0.033654,75.0639,75.4848,197.2959,197.7033,198.2959,2021-07-30,2021-08-31,PROXY_IMPORT_PARITY,22.75,100.87,False,WCI_REPORTED|USEC:EXTRAP_PRE|JEA:ASSUMPTION
2021-07-09,False,2470.0,2488.5,-18.5,1506675,74.5244,False,ECB_CROSS,0.04,0.0025,0.034259,0.000592,False,USD:UST13W|INR:OECD_IR3TIB,0.033654,74.7374,75.1565,199.2615,199.6542,200.2527,2021-07-30,2021-08-31,PROXY_IMPORT_PARITY,22.75,100.87,True,WCI_REPORTED|USEC:EXTRAP_PRE|JEA:ASSUMPTION
2021-07-12,False,2449.0,2468.5,-19.5,1496075,74.5958,False,ECB_CROSS,0.04,0.0025,0.034259,0.000493,False,USD:UST13W|INR:OECD_IR3TIB,0.033754,74.8097,75.2305,197.7566,198.0907,198.6847,2021-07-30,2021-08-31,PROXY_IMPORT_PARITY,22.75,100.87,True,WCI_REPORTED|USEC:EXTRAP_PRE|JEA:ASSUMPTION
2021-07-13,False,2478.0,2492.5,-14.5,1480150,74.5423,False,ECB_CROSS,0.04,0.0025,0.034259,0.000493,False,USD:UST13W|INR:OECD_IR3TIB,0.033754,74.756,75.1765,199.9549,200.2739,200.8745,2021-07-30,2021-08-31,PROXY_IMPORT_PARITY,22.75,100.87,True,WCI_REPORTED|USEC:EXTRAP_PRE|JEA:ASSUMPTION
2021-07-14,False,2509.0,2526.5,-17.5,1472800,74.4908,False,ECB_CROSS,0.04,0.0025,0.034259,0.000592,False,USD:UST13W|INR:OECD_IR3TIB,0.033654,74.7037,75.1226,202.3165,202.6203,203.2279,2021-07-30,2021-08-31,PROXY_IMPORT_PARITY,22.75,100.87,True,WCI_REPORTED|USEC:EXTRAP_PRE|JEA:ASSUMPTION
2021-07-15,False,2495.0,2510.5,-15.5,1465775,74.5626,False,ECB_CROSS,0.04,0.0025,0.034259,0.000493,False,USD:UST13W|INR:OECD_IR3TIB,0.033754,74.7764,75.197,201.3815,201.665,202.2698,2021-07-30,2021-08-31,PROXY_IMPORT_PARITY,22.97,101.87,False,WCI_DERIVED|USEC:EXTRAP_PRE|JEA:ASSUMPTION
2021-07-16,False,2493.0,2510.5,-17.5,1457800,74.5899,False,ECB_CROSS,0.04,0.0025,0.034259,0.000493,False,USD:UST13W|INR:OECD_IR3TIB,0.033754,74.8038,75.2245,201.2937,201.5582,202.1628,2021-07-30,2021-08-31,PROXY_IMPORT_PARITY,22.97,101.87,True,WCI_DERIVED|USEC:EXTRAP_PRE|JEA:ASSUMPTION
2021-07-19,False,2425.0,2446.0,-21.0,1449325,74.9839,False,ECB_CROSS,0.04,0.0025,0.034259,0.000493,False,USD:UST13W|INR:OECD_IR3TIB,0.033754,75.1988,75.6218,196.8374,197.0407,197.6319,2021-07-30,2021-08-31,PROXY_IMPORT_PARITY,22.97,101.87,True,WCI_DERIVED|USEC:EXTRAP_PRE|JEA:ASSUMPTION
2021-07-20,False,2424.5,2442.5,-18.0,1440350,74.6675,False,ECB_CROSS,0.04,0.0025,0.034259,0.000493,False,USD:UST13W|INR:OECD_IR3TIB,0.033754,74.8816,75.3028,195.9664,196.1504,196.739,2021-07-30,2021-08-31,PROXY_IMPORT_PARITY,22.97,101.87,True,WCI_DERIVED|USEC:EXTRAP_PRE|JEA:ASSUMPTION
2021-07-21,False,2432.0,2449.0,-17.0,1434125,74.5748,False,ECB_CROSS,0.04,0.0025,0.034259,0.000493,False,USD:UST13W|INR:OECD_IR3TIB,0.033754,74.7886,75.2093,196.3286,196.4944,197.0841,2021-07-30,2021-08-31,PROXY_IMPORT_PARITY,22.97,101.87,True,WCI_DERIVED|USEC:EXTRAP_PRE|JEA:ASSUMPTION
2021-07-22,False,2449.0,2462.5,-13.5,1430200,74.4471,False,ECB_CROSS,0.04,0.0025,0.034259,0.000493,False,USD:UST13W|INR:OECD_IR3TIB,0.033754,74.6606,75.0805,197.3624,197.5106,198.1034,2021-07-30,2021-08-31,PROXY_IMPORT_PARITY,23.24,103.05,False,WCI_REPORTED|USEC:EXTRAP_PRE|JEA:ASSUMPTION
2021-07-23,False,2492.0,2504.0,-12.0,1423525,74.4374,False,ECB_CROSS,0.04,0.0025,0.034259,0.000493,False,USD:UST13W|INR:OECD_IR3TIB,0.033754,74.6508,75.0707,200.8016,200.9335,201.5366,2021-07-30,2021-08-31,PROXY_IMPORT_PARITY,23.24,103.05,True,WCI_REPORTED|USEC:EXTRAP_PRE|JEA:ASSUMPTION
2021-07-26,False,2499.5,2508.5,-9.0,1416775,74.4299,False,ECB_CROSS,0.04,0.0025,0.034259,0.000493,False,USD:UST13W|INR:OECD_IR3TIB,0.033754,74.6433,75.0631,201.3856,201.4612,202.0661,2021-07-30,2021-08-31,PROXY_IMPORT_PARITY,23.24,103.05,True,WCI_REPORTED|USEC:EXTRAP_PRE|JEA:ASSUMPTION
2021-07-27,False,2497.5,2492.0,5.5,1408000,74.4395,False,ECB_CROSS,0.04,0.0025,0.034259,0.000493,False,USD:UST13W|INR:OECD_IR3TIB,0.033754,74.6529,75.0728,201.2504,201.3071,201.9116,2021-07-30,2021-08-31,PROXY_IMPORT_PARITY,23.24,103.05,True,WCI_REPORTED|USEC:EXTRAP_PRE|JEA:ASSUMPTION
2021-07-28,False,2516.0,2504.5,11.5,1401500,74.3906,False,ECB_CROSS,0.04,0.0025,0.034259,0.000493,False,USD:UST13W|INR:OECD_IR3TIB,0.033754,74.6039,75.0235,202.608,202.646,203.2546,2021-07-30,2021-08-31,PROXY_IMPORT_PARITY,23.24,103.05,True,WCI_REPORTED|USEC:EXTRAP_PRE|JEA:ASSUMPTION
2021-07-29,False,2556.5,2545.5,11.0,1395225,74.2588,False,ECB_CROSS,0.04,0.0025,0.034259,0.000592,False,USD:UST13W|INR:OECD_IR3TIB,0.033654,74.4711,74.8887,205.5046,205.5239,206.1412,2021-07-30,2021-08-31,PROXY_IMPORT_PARITY,24.13,107.0,False,WCI_REPORTED|USEC:EXTRAP_PRE|JEA:ASSUMPTION
2021-07-30,False,2624.0,2619.0,5.0,1387800,74.337,False,ECB_CROSS,0.04,0.0025,0.034259,0.000592,False,USD:UST13W|INR:OECD_IR3TIB,0.033654,74.5495,74.9675,211.1528,211.1528,211.787,2021-07-30,2021-08-31,PROXY_IMPORT_PARITY,24.13,107.0,True,WCI_REPORTED|USEC:EXTRAP_PRE|JEA:ASSUMPTION
2021-08-02,False,2635.0,2628.5,6.5,1378575,74.3698,False,ECB_CROSS,0.04,0.0025,0.033486,0.000493,False,USD:UST13W|INR:OECD_IR3TIB,0.032982,74.5782,74.9881,212.1315,212.6959,213.2797,2021-08-31,2021-09-30,PROXY_IMPORT_PARITY,24.13,107.0,True,WCI_REPORTED|USEC:EXTRAP_PRE|JEA:ASSUMPTION
2021-08-03,False,2595.5,2599.5,-4.0,1371150,74.2259,False,ECB_CROSS,0.04,0.0025,0.033486,0.000493,False,USD:UST13W|INR:OECD_IR3TIB,0.032982,74.4339,74.843,208.5472,209.0829,209.6569,2021-08-31,2021-09-30,PROXY_IMPORT_PARITY,24.13,107.0,True,WCI_REPORTED|USEC:EXTRAP_PRE|JEA:ASSUMPTION
2021-08-04,False,2575.5,2580.5,-5.0,1363475,74.1569,False,ECB_CROSS,0.04,0.0025,0.033486,0.000493,False,USD:UST13W|INR:OECD_IR3TIB,0.032982,74.3646,74.7734,206.7479,207.26,207.829,2021-08-31,2021-09-30,PROXY_IMPORT_PARITY,24.13,107.0,True,WCI_REPORTED|USEC:EXTRAP_PRE|JEA:ASSUMPTION
2021-08-05,False,2583.5,2589.0,-5.5,1355600,74.1144,False,ECB_CROSS,0.04,0.0025,0.033486,0.000493,False,USD:UST13W|INR:OECD_IR3TIB,0.032982,74.3221,74.7306,207.2712,207.7656,208.3361,2021-08-31,2021-09-30,PROXY_IMPORT_PARITY,24.24,107.47,False,WCI_REPORTED|USEC:EXTRAP_PRE|JEA:ASSUMPTION
2021-08-06,False,2618.5,2621.5,-3.0,1353050,74.108,False,ECB_CROSS,0.04,0.0025,0.033486,0.000592,False,USD:UST13W|INR:OECD_IR3TIB,0.032881,74.315,74.7222,210.0611,210.5429,211.121,2021-08-31,2021-09-30,PROXY_IMPORT_PARITY,24.24,107.47,True,WCI_REPORTED|USEC:EXTRAP_PRE|JEA:ASSUMPTION
2021-08-09,False,2547.0,2553.0,-6.0,1345850,74.245,False,ECB_CROSS,0.04,0.0025,0.033486,0.000592,False,USD:UST13W|INR:OECD_IR3TIB,0.032881,74.4523,74.8603,204.7029,205.1161,205.6795,2021-08-31,2021-09-30,PROXY_IMPORT_PARITY,24.24,107.47,True,WCI_REPORTED|USEC:EXTRAP_PRE|JEA:ASSUMPTION
2021-08-10,False,2579.0,2585.0,-6.0,1339100,74.3841,False,ECB_CROSS,0.04,0.0025,0.033486,0.000493,False,USD:UST13W|INR:OECD_IR3TIB,0.032982,74.5924,75.0024,207.6631,208.0632,208.6347,2021-08-31,2021-09-30,PROXY_IMPORT_PARITY,24.24,107.47,True,WCI_REPORTED|USEC:EXTRAP_PRE|JEA:ASSUMPTION
2021-08-11,False,2578.0,2577.5,0.5,1340225,74.3817,False,ECB_CROSS,0.04,0.0025,0.033486,0.000493,False,USD:UST13W|INR:OECD_IR3TIB,0.032982,74.5901,75.0001,207.5759,207.9568,208.5281,2021-08-31,2021-09-30,PROXY_IMPORT_PARITY,24.24,107.47,True,WCI_REPORTED|USEC:EXTRAP_PRE|JEA:ASSUMPTION
2021-08-12,False,2602.0,2600.0,2.0,1333575,74.2052,False,ECB_CROSS,0.04,0.0025,0.033486,0.000592,False,USD:UST13W|INR:OECD_IR3TIB,0.032881,74.4125,74.8202,209.0112,209.3755,209.9508,2021-08-31,2021-09-30,PROXY_IMPORT_PARITY,24.37,108.04,False,WCI_REPORTED|USEC:EXTRAP_PRE|JEA:ASSUMPTION
2021-08-13,False,2602.5,2592.0,10.5,1323825,74.266,False,ECB_CROSS,0.04,0.0025,0.033486,0.000592,False,USD:UST13W|INR:OECD_IR3TIB,0.032881,74.4735,74.8816,209.2226,209.5681,210.144,2021-08-31,2021-09-30,PROXY_IMPORT_PARITY,24.37,108.04,True,WCI_REPORTED|USEC:EXTRAP_PRE|JEA:ASSUMPTION
2021-08-16,False,2644.0,2626.0,18.0,1312950,74.2181,False,ECB_CROSS,0.04,0.0025,0.033486,0.000592,False,USD:UST13W|INR:OECD_IR3TIB,0.032881,74.4253,74.8332,212.4219,212.7142,213.2988,2021-08-31,2021-09-30,PROXY_IMPORT_PARITY,24.37,108.04,True,WCI_REPORTED|USEC:EXTRAP_PRE|JEA:ASSUMPTION
2021-08-17,False,2633.0,2618.5,14.5,1322150,74.3087,False,ECB_CROSS,0.04,0.0025,0.033486,0.00069,False,USD:UST13W|INR:OECD_IR3TIB,0.03278,74.5156,74.9226,211.7963,212.0684,212.6513,2021-08-31,2021-09-30,PROXY_IMPORT_PARITY,24.37,108.04,True,WCI_REPORTED|USEC:EXTRAP_PRE|JEA:ASSUMPTION
2021-08-18,False,2589.5,2571.5,18.0,1315125,74.2532,False,ECB_CROSS,0.04,0.0025,0.033486,0.00069,False,USD:UST13W|INR:OECD_IR3TIB,0.03278,74.4599,74.8667,208.1417,208.3899,208.9628,2021-08-31,2021-09-30,PROXY_IMPORT_PARITY,24.37,108.04,True,WCI_REPORTED|USEC:EXTRAP_PRE|JEA:ASSUMPTION
2021-08-19,False,2544.0,2532.0,12.0,1309700,74.3823,False,ECB_CROSS,0.04,0.0025,0.033486,0.000592,False,USD:UST13W|INR:OECD_IR3TIB,0.032881,74.59,74.9987,204.8399,205.0654,205.6292,2021-08-31,2021-09-30,PROXY_IMPORT_PARITY,24.86,110.24,False,WCI_REPORTED|USEC:EXTRAP_PRE|JEA:ASSUMPTION
2021-08-20,False,2569.0,2552.0,17.0,1304950,74.3745,False,ECB_CROSS,0.04,0.0025,0.033486,0.000493,False,USD:UST13W|INR:OECD_IR3TIB,0.032982,74.5829,74.9928,206.8312,207.0399,207.6092,2021-08-31,2021-09-30,PROXY_IMPORT_PARITY,24.86,110.24,True,WCI_REPORTED|USEC:EXTRAP_PRE|JEA:ASSUMPTION
2021-08-23,False,2609.0,2589.0,20.0,1300250,74.1722,False,ECB_CROSS,0.04,0.0025,0.033486,0.000493,False,USD:UST13W|INR:OECD_IR3TIB,0.032982,74.38,74.7888,209.4803,209.634,210.2106,2021-08-31,2021-09-30,PROXY_IMPORT_PARITY,24.86,110.24,True,WCI_REPORTED|USEC:EXTRAP_PRE|JEA:ASSUMPTION
2021-08-24,False,2648.5,2627.0,21.5,1295125,74.1589,False,ECB_CROSS,0.04,0.0025,0.033486,0.000493,False,USD:UST13W|INR:OECD_IR3TIB,0.032982,74.3666,74.7754,212.6137,212.7502,213.3354,2021-08-31,2021-09-30,PROXY_IMPORT_PARITY,24.86,110.24,True,WCI_REPORTED|USEC:EXTRAP_PRE|JEA:ASSUMPTION
2021-08-25,False,2647.5,2630.0,17.5,1292500,74.2604,False,ECB_CROSS,0.04,0.0025,0.033486,0.000592,False,USD:UST13W|INR:OECD_IR3TIB,0.032881,74.4678,74.8759,212.8243,212.9414,213.5272,2021-08-31,2021-09-30,PROXY_IMPORT_PARITY,24.86,110.24,True,WCI_REPORTED|USEC:EXTRAP_PRE|JEA:ASSUMPTION
2021-08-26,False,2635.0,2614.5,20.5,1306950,74.1344,False,ECB_CROSS,0.04,0.0025,0.033486,0.000493,False,USD:UST13W|INR:OECD_IR3TIB,0.032982,74.3421,74.7507,211.46,211.557,212.139,2021-08-31,2021-09-30,PROXY_IMPORT_PARITY,25.39,112.59,False,WCI_REPORTED|USEC:EXTRAP_PRE|JEA:ASSUMPTION
2021-08-27,False,2673.5,2655.5,18.0,1338125,73.7191,False,ECB_CROSS,0.04,0.0025,0.033486,0.000493,False,USD:UST13W|INR:OECD_IR3TIB,0.032982,73.9256,74.3319,213.3478,213.4261,214.0133,2021-08-31,2021-09-30,PROXY_IMPORT_PARITY,25.39,112.59,True,WCI_REPORTED|USEC:EXTRAP_PRE|JEA:ASSUMPTION
2021-08-31,False,2714.0,2696.0,18.0,1334675,72.9973,False,ECB_CROSS,0.04,0.0025,0.033486,0.000395,False,USD:UST13W|INR:OECD_IR3TIB,0.033083,73.1958,73.5994,214.4591,214.4591,215.0494,2021-08-31,2021-09-30,PROXY_IMPORT_PARITY,25.39,112.59,True,WCI_REPORTED|USEC:EXTRAP_PRE|JEA:ASSUMPTION
2021-09-01,False,2667.5,2664.5,3.0,1336850,73.071,False,ECB_CROSS,0.04,0.0025,0.033057,0.000493,False,USD:UST13W|INR:OECD_IR3TIB,0.032553,73.2665,73.664,210.9975,211.5517,212.1059,2021-09-30,2021-10-29,PROXY_IMPORT_PARITY,25.39,112.59,True,WCI_REPORTED|USEC:EXTRAP_PRE|JEA:ASSUMPTION
2021-09-02,False,2694.5,2705.5,-11.0,1335300,73.0377,False,ECB_CROSS,0.04,0.0025,0.033057,0.000493,False,USD:UST13W|INR:OECD_IR3TIB,0.032553,73.2332,73.6305,213.0361,213.5763,214.1359,2021-09-30,2021-10-29,PROXY_IMPORT_PARITY,25.83,114.53,False,WCI_REPORTED|USEC:EXTRAP_PRE|JEA:ASSUMPTION
2021-09-03,False,2696.0,2703.5,-7.5,1343425,73.0328,False,ECB_CROSS,0.04,0.0025,0.033057,0.000493,False,USD:UST13W|INR:OECD_IR3TIB,0.032553,73.2282,73.6255,213.1404,213.6616,214.2214,2021-09-30,2021-10-29,PROXY_IMPORT_PARITY,25.83,114.53,True,WCI_REPORTED|USEC:EXTRAP_PRE|JEA:ASSUMPTION
2021-09-06,False,2745.5,2758.0,-12.5,1341000,73.0896,False,ECB_CROSS,0.04,0.0025,0.033057,0.000493,True,USD:UST13W|INR:OECD_IR3TIB,0.032553,73.2852,73.6828,217.2226,217.6947,218.2652,2021-09-30,2021-10-29,PROXY_IMPORT_PARITY,25.83,114.53,True,WCI_REPORTED|USEC:EXTRAP_PRE|JEA:ASSUMPTION
2021-09-07,False,2740.5,2760.0,-19.5,1333625,73.4701,False,ECB_CROSS,0.04,0.0025,0.033057,0.000493,False,USD:UST13W|INR:OECD_IR3TIB,0.032553,73.6667,74.0663,217.9558,218.4098,218.9822,2021-09-30,2021-10-29,PROXY_IMPORT_PARITY,25.83,114.53,True,WCI_REPORTED|USEC:EXTRAP_PRE|JEA:ASSUMPTION
2021-09-08,False,2775.0,2793.0,-18.0,1334225,73.5694,False,ECB_CROSS,0.04,0.0025,0.033057,0.000493,False,USD:UST13W|INR:OECD_IR3TIB,0.032553,73.7662,74.1665,220.9979,221.4382,222.0187,2021-09-30,2021-10-29,PROXY_IMPORT_PARITY,25.83,114.53,True,WCI_REPORTED|USEC:EXTRAP_PRE|JEA:ASSUMPTION
2021-09-09,False,2817.0,2828.0,-11.0,1325225,73.5517,False,ECB_CROSS,0.04,0.0025,0.033057,0.000395,False,USD:UST13W|INR:OECD_IR3TIB,0.032654,73.7491,74.1505,224.2887,224.7153,225.3044,2021-09-30,2021-10-29,PROXY_IMPORT_PARITY,26.08,115.64,False,WCI_REPORTED|USEC:EXTRAP_PRE|JEA:ASSUMPTION
2021-09-10,False,2896.5,2907.0,-10.5,1317725,73.4287,False,ECB_CROSS,0.04,0.0025,0.033057,0.000493,False,USD:UST13W|INR:OECD_IR3TIB,0.032553,73.6252,74.0246,230.2328,230.6499,231.2546,2021-09-30,2021-10-29,PROXY_IMPORT_PARITY,26.08,115.64,True,WCI_REPORTED|USEC:EXTRAP_PRE|JEA:ASSUMPTION
2021-09-13,False,2950.0,2950.0,0.0,1309450,73.7216,False,ECB_CROSS,0.04,0.0025,0.033057,0.000592,False,USD:UST13W|INR:OECD_IR3TIB,0.032452,73.9182,74.318,235.4207,235.7832,236.4015,2021-09-30,2021-10-29,PROXY_IMPORT_PARITY,26.08,115.64,True,WCI_REPORTED|USEC:EXTRAP_PRE|JEA:ASSUMPTION
2021-09-14,False,2847.0,2858.0,-11.0,1303500,73.6728,False,ECB_CROSS,0.04,0.0025,0.033057,0.000395,False,USD:UST13W|INR:OECD_IR3TIB,0.032654,73.8705,74.2725,227.0505,227.3796,227.9759,2021-09-30,2021-10-29,PROXY_IMPORT_PARITY,26.08,115.64,True,WCI_REPORTED|USEC:EXTRAP_PRE|JEA:ASSUMPTION
2021-09-15,False,2868.0,2888.0,-20.0,1299900,73.4629,False,ECB_CROSS,0.04,0.0025,0.033057,0.000395,False,USD:UST13W|INR:OECD_IR3TIB,0.032654,73.6601,74.0609,228.0737,228.3835,228.9825,2021-09-30,2021-10-29,PROXY_IMPORT_PARITY,26.08,115.64,True,WCI_REPORTED|USEC:EXTRAP_PRE|JEA:ASSUMPTION
2021-09-16,False,2869.0,2893.0,-24.0,1319150,73.5127,False,ECB_CROSS,0.04,0.0025,0.033057,0.000395,False,USD:UST13W|INR:OECD_IR3TIB,0.032654,73.71,74.1112,228.3078,228.5973,229.197,2021-09-30,2021-10-29,PROXY_IMPORT_PARITY,26.83,118.97,False,WCI_REPORTED|USEC:EXTRAP_PRE|JEA:ASSUMPTION
2021-09-17,False,2915.0,2927.0,-12.0,1327725,73.458,False,ECB_CROSS,0.04,0.0025,0.033057,0.000395,False,USD:UST13W|INR:OECD_IR3TIB,0.032654,73.6551,74.056,231.7958,232.0687,232.6775,2021-09-30,2021-10-29,PROXY_IMPORT_PARITY,26.83,118.97,True,WCI_REPORTED|USEC:EXTRAP_PRE|JEA:ASSUMPTION
2021-09-20,False,2847.0,2857.0,-10.0,1326150,73.6675,False,ECB_CROSS,0.04,0.0025,0.033057,0.000395,False,USD:UST13W|INR:OECD_IR3TIB,0.032654,73.8652,74.2672,227.0342,227.2398,227.8361,2021-09-30,2021-10-29,PROXY_IMPORT_PARITY,26.83,118.97,True,WCI_REPORTED|USEC:EXTRAP_PRE|JEA:ASSUMPTION
2021-09-21,False,2864.0,2878.5,-14.5,1315975,73.6833,False,ECB_CROSS,0.04,0.0025,0.033057,0.000296,False,USD:UST13W|INR:OECD_IR3TIB,0.032755,73.8817,74.285,228.4389,228.6251,229.225,2021-09-30,2021-10-29,PROXY_IMPORT_PARITY,26.83,118.97,True,WCI_REPORTED|USEC:EXTRAP_PRE|JEA:ASSUMPTION
2021-09-22,False,2887.0,2906.0,-19.0,1304725,73.8528,False,ECB_CROSS,0.04,0.0025,0.033057,0.000296,False,USD:UST13W|INR:OECD_IR3TIB,0.032755,74.0517,74.4559,230.8031,230.9703,231.5765,2021-09-30,2021-10-29,PROXY_IMPORT_PARITY,26.83,118.97,True,WCI_REPORTED|USEC:EXTRAP_PRE|JEA:ASSUMPTION
2021-09-23,False,2937.0,2951.0,-14.0,1289075,73.7234,False,ECB_CROSS,0.04,0.0025,0.033057,0.000296,False,USD:UST13W|INR:OECD_IR3TIB,0.032755,73.9219,74.3255,234.389,234.5376,235.1532,2021-09-30,2021-10-29,PROXY_IMPORT_PARITY,26.85,119.05,False,WCI_DERIVED|USEC:EXTRAP_PRE|JEA:ASSUMPTION
2021-09-24,False,2905.5,2918.0,-12.5,1281550,73.787,False,ECB_CROSS,0.04,0.0025,0.033057,0.000296,False,USD:UST13W|INR:OECD_IR3TIB,0.032755,73.9857,74.3896,232.0751,232.2013,232.8108,2021-09-30,2021-10-29,PROXY_IMPORT_PARITY,26.85,119.05,True,WCI_DERIVED|USEC:EXTRAP_PRE|JEA:ASSUMPTION
2021-09-27,False,2888.0,2904.0,-16.0,1273750,73.8609,False,ECB_CROSS,0.04,0.0025,0.033057,0.000395,False,USD:UST13W|INR:OECD_IR3TIB,0.032654,74.0592,74.4622,230.9084,230.9711,231.5776,2021-09-30,2021-10-29,PROXY_IMPORT_PARITY,26.85,119.05,True,WCI_DERIVED|USEC:EXTRAP_PRE|JEA:ASSUMPTION
2021-09-28,False,2899.0,2916.0,-17.0,1256450,74.1219,False,ECB_CROSS,0.04,0.0025,0.033057,0.000395,False,USD:UST13W|INR:OECD_IR3TIB,0.032654,74.3208,74.7253,232.6069,232.6491,233.26,2021-09-30,2021-10-29,PROXY_IMPORT_PARITY,26.85,119.05,True,WCI_DERIVED|USEC:EXTRAP_PRE|JEA:ASSUMPTION
2021-09-29,False,2913.0,2930.0,-17.0,1248625,74.1951,False,ECB_CROSS,0.04,0.0025,0.033057,0.000395,False,USD:UST13W|INR:OECD_IR3TIB,0.032654,74.3943,74.7992,233.9611,233.9823,234.5968,2021-09-30,2021-10-29,PROXY_IMPORT_PARITY,26.85,119.05,True,WCI_DERIVED|USEC:EXTRAP_PRE|JEA:ASSUMPTION
2021-09-30,False,2851.0,2867.0,-16.0,1238300,74.3385,False,ECB_CROSS,0.04,0.0025,0.033057,0.000395,False,USD:UST13W|INR:OECD_IR3TIB,0.032654,74.5381,74.9437,229.424,229.424,230.0266,2021-09-30,2021-10-29,PROXY_IMPORT_PARITY,26.8,118.82,False,WCI_REPORTED|USEC:EXTRAP_PRE|JEA:ASSUMPTION
2021-10-01,False,2865.0,2881.0,-16.0,1229700,74.1164,False,ECB_CROSS,0.04,0.0025,0.034662,0.000395,False,USD:UST13W|INR:OECD_IR3TIB,0.034258,74.332,74.7564,229.8618,230.473,231.1715,2021-10-29,2021-11-30,PROXY_IMPORT_PARITY,26.8,118.82,True,WCI_REPORTED|USEC:EXTRAP_PRE|JEA:ASSUMPTION
2021-10-04,False,2889.0,2910.0,-21.0,1218775,74.2545,False,ECB_CROSS,0.04,0.0025,0.034662,0.000395,False,USD:UST13W|INR:OECD_IR3TIB,0.034258,74.4705,74.8957,232.2193,232.7706,233.4762,2021-10-29,2021-11-30,PROXY_IMPORT_PARITY,26.8,118.82,True,WCI_REPORTED|USEC:EXTRAP_PRE|JEA:ASSUMPTION
2021-10-05,False,2894.5,2912.0,-17.5,1211975,74.5458,False,ECB_CROSS,0.04,0.0025,0.034662,0.000395,False,USD:UST13W|INR:OECD_IR3TIB,0.034258,74.7627,75.1895,233.5741,234.1064,234.8162,2021-10-29,2021-11-30,PROXY_IMPORT_PARITY,26.8,118.82,True,WCI_REPORTED|USEC:EXTRAP_PRE|JEA:ASSUMPTION
2021-10-06,False,2880.0,2888.0,-8.0,1198425,74.89,False,ECB_CROSS,0.04,0.0025,0.034662,0.000395,False,USD:UST13W|INR:OECD_IR3TIB,0.034258,75.1079,75.5366,233.4771,233.987,234.6965,2021-10-29,2021-11-30,PROXY_IMPORT_PARITY,26.8,118.82,True,WCI_REPORTED|USEC:EXTRAP_PRE|JEA:ASSUMPTION
2021-10-07,False,2916.0,2929.0,-13.0,1188575,74.7345,False,ECB_CROSS,0.04,0.0025,0.034662,0.000493,False,USD:UST13W|INR:OECD_IR3TIB,0.034157,74.9513,75.3779,235.9047,236.3975,237.1144,2021-10-29,2021-11-30,PROXY_IMPORT_PARITY,26.2,116.16,False,WCI_REPORTED|USEC:EXTRAP_PRE|JEA:ASSUMPTION
2021-10-08,False,2902.0,2922.5,-20.5,1170800,74.9844,False,ECB_CROSS,0.04,0.0025,0.034662,0.000493,False,USD:UST13W|INR:OECD_IR3TIB,0.034157,75.202,75.63,235.5571,236.0269,236.7427,2021-10-29,2021-11-30,PROXY_IMPORT_PARITY,26.2,116.16,True,WCI_REPORTED|USEC:EXTRAP_PRE|JEA:ASSUMPTION
2021-10-11,False,3020.0,3034.0,-14.0,1150225,75.4571,False,ECB_CROSS,0.04,0.0025,0.034662,0.000493,True,USD:UST13W|INR:OECD_IR3TIB,0.034157,75.676,76.1067,246.6806,247.1022,247.8519,2021-10-29,2021-11-30,PROXY_IMPORT_PARITY,26.2,116.16,True,WCI_REPORTED|USEC:EXTRAP_PRE|JEA:ASSUMPTION
2021-10-12,False,3052.0,3073.0,-21.0,1137675,75.5275,False,ECB_CROSS,0.04,0.0025,0.034662,0.000592,False,USD:UST13W|INR:OECD_IR3TIB,0.034056,75.746,76.1758,249.527,249.9298,250.6881,2021-10-29,2021-11-30,PROXY_IMPORT_PARITY,26.2,116.16,True,WCI_REPORTED|USEC:EXTRAP_PRE|JEA:ASSUMPTION
2021-10-13,False,3076.0,3089.0,-13.0,1128500,75.3412,False,ECB_CROSS,0.04,0.0025,0.034662,0.000493,False,USD:UST13W|INR:OECD_IR3TIB,0.034157,75.5598,75.9899,250.8689,251.25,252.0124,2021-10-29,2021-11-30,PROXY_IMPORT_PARITY,26.2,116.16,True,WCI_REPORTED|USEC:EXTRAP_PRE|JEA:ASSUMPTION
2021-10-14,False,3152.0,3172.0,-20.0,1126550,75.2762,False,ECB_CROSS,0.04,0.0025,0.034662,0.000493,False,USD:UST13W|INR:OECD_IR3TIB,0.034157,75.4946,75.9243,256.8454,257.2113,257.9918,2021-10-29,2021-11-30,PROXY_IMPORT_PARITY,25.61,113.53,False,WCI_REPORTED|USEC:EXTRAP_PRE|JEA:ASSUMPTION
2021-10-15,False,3163.0,3185.5,-22.5,1118325,74.9586,False,ECB_CROSS,0.04,0.0025,0.034662,0.000493,False,USD:UST13W|INR:OECD_IR3TIB,0.034157,75.1761,75.604,256.6543,256.9955,257.7755,2021-10-29,2021-11-30,PROXY_IMPORT_PARITY,25.61,113.53,True,WCI_REPORTED|USEC:EXTRAP_PRE|JEA:ASSUMPTION
2021-10-18,False,3180.0,3200.0,-20.0,1111525,75.326,False,ECB_CROSS,0.04,0.0025,0.034662,0.000592,False,USD:UST13W|INR:OECD_IR3TIB,0.034056,75.5439,75.9726,259.2985,259.5693,260.3573,2021-10-29,2021-11-30,PROXY_IMPORT_PARITY,25.61,113.53,True,WCI_REPORTED|USEC:EXTRAP_PRE|JEA:ASSUMPTION
2021-10-19,False,3176.0,3195.0,-19.0,1103275,75.0751,False,ECB_CROSS,0.04,0.0025,0.034662,0.000493,False,USD:UST13W|INR:OECD_IR3TIB,0.034157,75.2929,75.7214,258.1097,258.3548,259.1392,2021-10-29,2021-11-30,PROXY_IMPORT_PARITY,25.61,113.53,True,WCI_REPORTED|USEC:EXTRAP_PRE|JEA:ASSUMPTION
2021-10-20,False,3065.0,3076.0,-11.0,1098300,74.859,False,ECB_CROSS,0.04,0.0025,0.034662,0.000493,False,USD:UST13W|INR:OECD_IR3TIB,0.034157,75.0762,75.5035,248.3719,248.5841,249.3389,2021-10-29,2021-11-30,PROXY_IMPORT_PARITY,25.61,113.53,True,WCI_REPORTED|USEC:EXTRAP_PRE|JEA:ASSUMPTION
2021-10-21,False,3014.0,3023.5,-9.5,1092600,74.8857,False,ECB_CROSS,0.04,0.0025,0.034662,0.000592,False,USD:UST13W|INR:OECD_IR3TIB,0.034056,75.1023,75.5285,244.3262,244.5118,245.2543,2021-10-29,2021-11-30,PROXY_IMPORT_PARITY,25.51,113.13,False,WCI_REPORTED|USEC:EXTRAP_PRE|JEA:ASSUMPTION
2021-10-22,False,2946.0,2957.0,-11.0,1086625,74.8702,False,ECB_CROSS,0.04,0.0025,0.034662,0.000592,False,USD:UST13W|INR:OECD_IR3TIB,0.034056,75.0867,75.5129,238.7644,238.9232,239.6487,2021-10-29,2021-11-30,PROXY_IMPORT_PARITY,25.51,113.13,True,WCI_REPORTED|USEC:EXTRAP_PRE|JEA:ASSUMPTION
2021-10-25,False,2917.0,2925.0,-8.0,1078525,75.1668,False,ECB_CROSS,0.04,0.0025,0.034662,0.000592,False,USD:UST13W|INR:OECD_IR3TIB,0.034056,75.3842,75.812,237.3506,237.4408,238.1621,2021-10-29,2021-11-30,PROXY_IMPORT_PARITY,25.51,113.13,True,WCI_REPORTED|USEC:EXTRAP_PRE|JEA:ASSUMPTION
2021-10-26,False,2831.0,2844.5,-13.5,1064425,74.9544,False,ECB_CROSS,0.04,0.0025,0.034662,0.000592,False,USD:UST13W|INR:OECD_IR3TIB,0.034056,75.1712,75.5978,229.7021,229.7675,230.4655,2021-10-29,2021-11-30,PROXY_IMPORT_PARITY,25.51,113.13,True,WCI_REPORTED|USEC:EXTRAP_PRE|JEA:ASSUMPTION
2021-10-27,False,2704.0,2725.0,-21.0,1055300,75.0633,False,ECB_CROSS,0.04,0.0025,0.034662,0.000592,False,USD:UST13W|INR:OECD_IR3TIB,0.034056,75.2804,75.7076,219.7163,219.758,220.4257,2021-10-29,2021-11-30,PROXY_IMPORT_PARITY,25.51,113.13,True,WCI_REPORTED|USEC:EXTRAP_PRE|JEA:ASSUMPTION
2021-10-28,False,2721.0,2733.0,-12.0,1051350,74.8755,False,ECB_CROSS,0.04,0.0025,0.034662,0.000592,False,USD:UST13W|INR:OECD_IR3TIB,0.034056,75.0921,75.5183,220.5445,220.5654,221.2356,2021-10-29,2021-11-30,PROXY_IMPORT_PARITY,25.01,110.89,False,WCI_REPORTED|USEC:EXTRAP_PRE|JEA:ASSUMPTION
2021-10-29,False,2695.0,2695.0,0.0,1042800,74.8673,False,ECB_CROSS,0.04,0.0025,0.034662,0.000493,False,USD:UST13W|INR:OECD_IR3TIB,0.034157,75.0845,75.5119,218.4132,218.4132,219.0769,2021-10-29,2021-11-30,PROXY_IMPORT_PARITY,25.01,110.89,True,WCI_REPORTED|USEC:EXTRAP_PRE|JEA:ASSUMPTION
2021-11-01,False,2713.0,2730.0,-17.0,1035525,74.9072,False,ECB_CROSS,0.04,0.0025,0.0356,0.000493,False,USD:UST13W|INR:OECD_IR3TIB,0.035096,75.1232,75.5698,219.9892,220.6114,221.2765,2021-11-30,2021-12-31,PROXY_IMPORT_PARITY,25.01,110.89,True,WCI_REPORTED|USEC:EXTRAP_PRE|JEA:ASSUMPTION
2021-11-02,False,2680.0,2698.0,-18.0,1028325,74.6393,False,ECB_CROSS,0.04,0.0025,0.0356,0.000493,False,USD:UST13W|INR:OECD_IR3TIB,0.035096,74.8546,75.2996,216.5361,217.1274,217.7821,2021-11-30,2021-12-31,PROXY_IMPORT_PARITY,25.01,110.89,True,WCI_REPORTED|USEC:EXTRAP_PRE|JEA:ASSUMPTION
2021-11-03,False,2706.0,2724.0,-18.0,1019825,74.4822,False,ECB_CROSS,0.04,0.0025,0.0356,0.000493,False,USD:UST13W|INR:OECD_IR3TIB,0.035096,74.6971,75.1411,218.1766,218.7512,219.4108,2021-11-30,2021-12-31,PROXY_IMPORT_PARITY,25.01,110.89,True,WCI_REPORTED|USEC:EXTRAP_PRE|JEA:ASSUMPTION
2021-11-04,False,2643.0,2666.0,-23.0,1009725,74.4191,False,ECB_CROSS,0.04,0.0025,0.0356,0.000395,False,USD:UST13W|INR:OECD_IR3TIB,0.035196,74.6344,75.0793,212.9166,213.4565,214.1003,2021-11-30,2021-12-31,PROXY_IMPORT_PARITY,23.78,105.45,False,WCI_REPORTED|USEC:EXTRAP_PRE|JEA:ASSUMPTION
2021-11-05,False,2490.5,2522.0,-31.5,1004050,74.2612,False,ECB_CROSS,0.04,0.0025,0.0356,0.000493,False,USD:UST13W|INR:OECD_IR3TIB,0.035096,74.4755,74.9181,200.2057,200.6939,201.2992,2021-11-30,2021-12-31,PROXY_IMPORT_PARITY,23.78,105.45,True,WCI_REPORTED|USEC:EXTRAP_PRE|JEA:ASSUMPTION
2021-11-08,False,2530.5,2558.0,-27.5,1000375,74.1113,False,ECB_CROSS,0.04,0.0025,0.0356,0.000592,False,USD:UST13W|INR:OECD_IR3TIB,0.034995,74.3245,74.765,203.0106,203.4462,204.06,2021-11-30,2021-12-31,PROXY_IMPORT_PARITY,23.78,105.45,True,WCI_REPORTED|USEC:EXTRAP_PRE|JEA:ASSUMPTION
2021-11-09,False,2582.0,2601.0,-19.0,991375,74.1047,False,ECB_CROSS,0.04,0.0025,0.0356,0.000395,False,USD:UST13W|INR:OECD_IR3TIB,0.035196,74.3191,74.7621,207.1237,207.548,208.1742,2021-11-30,2021-12-31,PROXY_IMPORT_PARITY,23.78,105.45,True,WCI_REPORTED|USEC:EXTRAP_PRE|JEA:ASSUMPTION
2021-11-10,False,2554.0,2575.0,-21.0,985275,74.3056,False,ECB_CROSS,0.04,0.0025,0.0356,0.000493,False,USD:UST13W|INR:OECD_IR3TIB,0.035096,74.5199,74.9629,205.4331,205.8338,206.4549,2021-11-30,2021-12-31,PROXY_IMPORT_PARITY,23.78,105.45,True,WCI_REPORTED|USEC:EXTRAP_PRE|JEA:ASSUMPTION
2021-11-11,False,2645.5,2655.5,-10.0,982025,74.4407,False,ECB_CROSS,0.04,0.0025,0.0356,0.000493,True,USD:UST13W|INR:OECD_IR3TIB,0.035096,74.6554,75.0992,213.1798,213.5749,214.2195,2021-11-30,2021-12-31,PROXY_IMPORT_PARITY,23.78,105.42,False,WCI_REPORTED|USEC:EXTRAP_PRE|JEA:ASSUMPTION
2021-11-12,False,2676.0,2679.0,-3.0,974700,74.4174,False,ECB_CROSS,0.04,0.0025,0.0356,0.000493,False,USD:UST13W|INR:OECD_IR3TIB,0.035096,74.632,75.0757,215.5701,215.9486,216.6003,2021-11-30,2021-12-31,PROXY_IMPORT_PARITY,23.78,105.42,True,WCI_REPORTED|USEC:EXTRAP_PRE|JEA:ASSUMPTION
2021-11-15,False,2678.0,2678.0,0.0,968450,74.3997,False,ECB_CROSS,0.04,0.0025,0.0356,0.000493,False,USD:UST13W|INR:OECD_IR3TIB,0.035096,74.6143,75.0578,215.6799,215.9954,216.6476,2021-11-30,2021-12-31,PROXY_IMPORT_PARITY,23.78,105.42,True,WCI_REPORTED|USEC:EXTRAP_PRE|JEA:ASSUMPTION
2021-11-16,False,2628.5,2628.0,0.5,959975,74.367,False,ECB_CROSS,0.04,0.0025,0.0356,0.000493,False,USD:UST13W|INR:OECD_IR3TIB,0.035096,74.5815,75.0248,211.6002,211.8892,212.529,2021-11-30,2021-12-31,PROXY_IMPORT_PARITY,23.78,105.42,True,WCI_REPORTED|USEC:EXTRAP_PRE|JEA:ASSUMPTION
2021-11-17,False,2628.0,2622.5,5.5,956750,74.2577,False,ECB_CROSS,0.04,0.0025,0.0356,0.000493,False,USD:UST13W|INR:OECD_IR3TIB,0.035096,74.4719,74.9146,211.249,211.5169,212.1556,2021-11-30,2021-12-31,PROXY_IMPORT_PARITY,23.78,105.42,True,WCI_REPORTED|USEC:EXTRAP_PRE|JEA:ASSUMPTION
2021-11-18,False,2607.5,2596.0,11.5,952850,74.2336,False,ECB_CROSS,0.04,0.0025,0.0356,0.000493,False,USD:UST13W|INR:OECD_IR3TIB,0.035096,74.4477,74.8903,209.5332,209.7784,210.4119,2021-11-30,2021-12-31,PROXY_IMPORT_PARITY,23.66,104.89,False,WCI_REPORTED|USEC:EXTRAP_PRE|JEA:ASSUMPTION
2021-11-19,False,2661.0,2644.0,17.0,948650,74.253,False,ECB_CROSS,0.04,0.0025,0.0356,0.000493,False,USD:UST13W|INR:OECD_IR3TIB,0.035096,74.4672,74.9098,213.8882,214.1177,214.7644,2021-11-30,2021-12-31,PROXY_IMPORT_PARITY,23.66,104.89,True,WCI_REPORTED|USEC:EXTRAP_PRE|JEA:ASSUMPTION
2021-11-22,False,2653.5,2655.0,-1.5,943125,74.3501,False,ECB_CROSS,0.04,0.0025,0.0356,0.000493,False,USD:UST13W|INR:OECD_IR3TIB,0.035096,74.5645,75.0078,213.5642,213.7309,214.3766,2021-11-30,2021-12-31,PROXY_IMPORT_PARITY,23.66,104.89,True,WCI_REPORTED|USEC:EXTRAP_PRE|JEA:ASSUMPTION
2021-11-23,False,2691.0,2685.0,6.0,935750,74.4644,False,ECB_CROSS,0.04,0.0025,0.0356,0.000592,False,USD:UST13W|INR:OECD_IR3TIB,0.034995,74.6786,75.1212,216.9154,217.0635,217.7193,2021-11-30,2021-12-31,PROXY_IMPORT_PARITY,23.66,104.89,True,WCI_REPORTED|USEC:EXTRAP_PRE|JEA:ASSUMPTION
2021-11-24,False,2699.0,2691.0,8.0,923700,74.4592,False,ECB_CROSS,0.04,0.0025,0.0356,0.000592,False,USD:UST13W|INR:OECD_IR3TIB,0.034995,74.6734,75.116,217.545,217.6723,218.3301,2021-11-30,2021-12-31,PROXY_IMPORT_PARITY,23.66,104.89,True,WCI_REPORTED|USEC:EXTRAP_PRE|JEA:ASSUMPTION
2021-11-25,False,2740.5,2735.0,5.5,919225,74.4965,False,ECB_CROSS,0.04,0.0025,0.0356,0.000592,True,USD:UST13W|INR:OECD_IR3TIB,0.034995,74.7108,75.1536,221.0007,221.1084,221.7766,2021-11-30,2021-12-31,PROXY_IMPORT_PARITY,23.76,105.35,False,WCI_REPORTED|USEC:EXTRAP_PRE|JEA:ASSUMPTION
2021-11-26,False,2618.5,2619.0,-0.5,915850,74.8734,False,ECB_CROSS,0.04,0.0025,0.0356,0.000592,False,USD:UST13W|INR:OECD_IR3TIB,0.034995,75.0887,75.5338,212.2306,212.3134,212.9551,2021-11-30,2021-12-31,PROXY_IMPORT_PARITY,23.76,105.35,True,WCI_REPORTED|USEC:EXTRAP_PRE|JEA:ASSUMPTION
2021-11-29,False,2650.0,2642.5,7.5,909225,75.0829,False,ECB_CROSS,0.04,0.0025,0.0356,0.000592,False,USD:UST13W|INR:OECD_IR3TIB,0.034995,75.2989,75.738,215.3847,215.4057,216.0569,2021-11-30,2021-12-31,PROXY_IMPORT_PARITY,23.76,105.35,True,WCI_REPORTED|USEC:EXTRAP_PRE|JEA:ASSUMPTION
2021-11-30,False,2635.0,2626.0,9.0,900975,75.0923,False,ECB_CROSS,0.04,0.0025,0.0356,0.000493,False,USD:UST13W|INR:OECD_IR3TIB,0.035096,75.3089,75.7421,214.1923,214.1923,214.84,2021-11-30,2021-12-31,PROXY_IMPORT_PARITY,23.76,105.35,True,WCI_REPORTED|USEC:EXTRAP_PRE|JEA:ASSUMPTION
2021-12-01,False,2669.5,2646.5,23.0,893775,74.9059,False,ECB_CROSS,0.04,0.0025,0.035815,0.000592,False,USD:UST13W|INR:OECD_IR3TIB,0.03521,75.1299,75.5562,216.4581,217.0953,217.7537,2021-12-31,2022-01-31,PROXY_IMPORT_PARITY,23.76,105.35,True,WCI_REPORTED|USEC:EXTRAP_PRE|JEA:ASSUMPTION
2021-12-02,False,2655.0,2640.0,15.0,889575,75.0084,False,ECB_CROSS,0.04,0.0025,0.035815,0.000493,False,USD:UST13W|INR:OECD_IR3TIB,0.035311,75.2333,75.6615,215.577,216.1904,216.8461,2021-12-31,2022-01-31,PROXY_IMPORT_PARITY,23.41,103.79,False,WCI_REPORTED|USEC:EXTRAP_PRE|JEA:ASSUMPTION
2021-12-03,False,2648.0,2629.0,19.0,882800,75.1444,False,ECB_CROSS,0.04,0.0025,0.035815,0.000592,False,USD:UST13W|INR:OECD_IR3TIB,0.03521,75.3691,75.7968,215.3984,215.9902,216.6454,2021-12-31,2022-01-31,PROXY_IMPORT_PARITY,23.41,103.79,True,WCI_REPORTED|USEC:EXTRAP_PRE|JEA:ASSUMPTION
2021-12-06,False,2600.5,2586.0,14.5,898450,75.4133,False,ECB_CROSS,0.04,0.0025,0.035815,0.000592,False,USD:UST13W|INR:OECD_IR3TIB,0.03521,75.6388,76.068,212.2916,212.8123,213.4581,2021-12-31,2022-01-31,PROXY_IMPORT_PARITY,23.41,103.79,True,WCI_REPORTED|USEC:EXTRAP_PRE|JEA:ASSUMPTION
2021-12-07,False,2625.0,2620.0,5.0,893650,75.4069,False,ECB_CROSS,0.04,0.0025,0.035815,0.000592,False,USD:UST13W|INR:OECD_IR3TIB,0.03521,75.6324,76.0616,214.2734,214.778,215.4298,2021-12-31,2022-01-31,PROXY_IMPORT_PARITY,23.41,103.79,True,WCI_REPORTED|USEC:EXTRAP_PRE|JEA:ASSUMPTION
2021-12-08,False,2626.0,2627.0,-1.0,894350,75.4354,False,ECB_CROSS,0.04,0.0025,0.035815,0.00069,False,USD:UST13W|INR:OECD_IR3TIB,0.035109,75.6604,76.0885,214.4361,214.92,215.5723,2021-12-31,2022-01-31,PROXY_IMPORT_PARITY,23.41,103.79,True,WCI_REPORTED|USEC:EXTRAP_PRE|JEA:ASSUMPTION
2021-12-09,False,2630.5,2634.0,-3.5,890650,75.5968,False,ECB_CROSS,0.04,0.0025,0.035815,0.000592,False,USD:UST13W|INR:OECD_IR3TIB,0.03521,75.8229,76.2531,215.2631,215.7278,216.3826,2021-12-31,2022-01-31,PROXY_IMPORT_PARITY,23.95,106.21,False,WCI_REPORTED|USEC:EXTRAP_PRE|JEA:ASSUMPTION
2021-12-10,False,2625.0,2619.0,6.0,913200,75.6768,False,ECB_CROSS,0.04,0.0025,0.035815,0.000592,False,USD:UST13W|INR:OECD_IR3TIB,0.03521,75.9032,76.3339,215.0404,215.4835,216.1376,2021-12-31,2022-01-31,PROXY_IMPORT_PARITY,23.95,106.21,True,WCI_REPORTED|USEC:EXTRAP_PRE|JEA:ASSUMPTION
2021-12-13,False,2677.0,2651.0,26.0,909650,75.7426,False,ECB_CROSS,0.04,0.0025,0.035815,0.000493,False,USD:UST13W|INR:OECD_IR3TIB,0.035311,75.9698,76.4021,219.4909,219.8786,220.5462,2021-12-31,2022-01-31,PROXY_IMPORT_PARITY,23.95,106.21,True,WCI_REPORTED|USEC:EXTRAP_PRE|JEA:ASSUMPTION
2021-12-14,False,2636.0,2631.0,5.0,977400,75.9386,False,ECB_CROSS,0.04,0.0025,0.035815,0.000493,False,USD:UST13W|INR:OECD_IR3TIB,0.035311,76.1664,76.5998,216.6885,217.05,217.7091,2021-12-31,2022-01-31,PROXY_IMPORT_PARITY,23.95,106.21,True,WCI_REPORTED|USEC:EXTRAP_PRE|JEA:ASSUMPTION
2021-12-15,False,2597.0,2590.0,7.0,990550,76.3936,False,ECB_CROSS,0.04,0.0025,0.035815,0.000592,False,USD:UST13W|INR:OECD_IR3TIB,0.03521,76.6221,77.0569,214.7617,215.0989,215.7521,2021-12-31,2022-01-31,PROXY_IMPORT_PARITY,23.95,106.21,True,WCI_REPORTED|USEC:EXTRAP_PRE|JEA:ASSUMPTION
2021-12-16,False,2630.0,2645.0,-15.0,984650,76.2178,False,ECB_CROSS,0.04,0.0025,0.035815,0.000493,False,USD:UST13W|INR:OECD_IR3TIB,0.035311,76.4464,76.8814,216.9902,217.3095,217.9696,2021-12-31,2022-01-31,PROXY_IMPORT_PARITY,24.03,106.56,False,WCI_REPORTED|USEC:EXTRAP_PRE|JEA:ASSUMPTION
2021-12-17,False,2694.0,2711.0,-17.0,979600,75.9612,False,ECB_CROSS,0.04,0.0025,0.035815,0.000493,False,USD:UST13W|INR:OECD_IR3TIB,0.035311,76.189,76.6225,221.5222,221.8265,222.5004,2021-12-31,2022-01-31,PROXY_IMPORT_PARITY,24.03,106.56,True,WCI_REPORTED|USEC:EXTRAP_PRE|JEA:ASSUMPTION
2021-12-20,False,2645.5,2675.0,-29.5,975825,75.8472,False,ECB_CROSS,0.04,0.0025,0.035815,0.00069,False,USD:UST13W|INR:OECD_IR3TIB,0.035109,76.0734,76.5038,217.2077,217.4421,218.1029,2021-12-31,2022-01-31,PROXY_IMPORT_PARITY,24.03,106.56,True,WCI_REPORTED|USEC:EXTRAP_PRE|JEA:ASSUMPTION
2021-12-21,False,2696.0,2716.0,-20.0,971600,75.5775,False,ECB_CROSS,0.04,0.0025,0.035815,0.00069,False,USD:UST13W|INR:OECD_IR3TIB,0.035109,75.8029,76.2318,220.5669,220.7833,221.4542,2021-12-31,2022-01-31,PROXY_IMPORT_PARITY,24.03,106.56,True,WCI_REPORTED|USEC:EXTRAP_PRE|JEA:ASSUMPTION
2021-12-22,False,2811.0,2829.0,-18.0,970425,75.5747,False,ECB_CROSS,0.04,0.0025,0.035815,0.000789,False,USD:UST13W|INR:OECD_IR3TIB,0.035008,75.7995,76.2271,229.9668,230.1699,230.8694,2021-12-31,2022-01-31,PROXY_IMPORT_PARITY,24.03,106.56,True,WCI_REPORTED|USEC:EXTRAP_PRE|JEA:ASSUMPTION
2021-12-23,False,2818.0,2830.0,-12.0,968650,75.2233,False,ECB_CROSS,0.04,0.0025,0.035815,0.000789,False,USD:UST13W|INR:OECD_IR3TIB,0.035008,75.4469,75.8726,229.4675,229.6477,230.3457,2021-12-31,2022-01-31,PROXY_IMPORT_PARITY,24.06,106.7,False,WCI_REPORTED|USEC:EXTRAP_PRE|JEA:ASSUMPTION
2021-12-24,False,2848.0,2841.5,6.5,964175,75.0066,False,ECB_CROSS,0.04,0.0025,0.035815,0.000789,True,USD:UST13W|INR:OECD_IR3TIB,0.035008,75.2297,75.6541,231.2423,231.4012,232.1046,2021-12-31,2022-01-31,PROXY_IMPORT_PARITY,24.06,106.7,True,WCI_REPORTED|USEC:EXTRAP_PRE|JEA:ASSUMPTION
2021-12-29,False,2835.0,2818.5,16.5,959700,74.6598,False,ECB_CROSS,0.04,0.0025,0.035815,0.000493,False,USD:UST13W|INR:OECD_IR3TIB,0.035311,74.8837,75.3099,229.1225,229.1675,229.8644,2021-12-31,2022-01-31,PROXY_IMPORT_PARITY,24.06,106.7,True,WCI_REPORTED|USEC:EXTRAP_PRE|JEA:ASSUMPTION
2021-12-30,False,2829.5,2825.5,4.0,943500,74.3405,False,ECB_CROSS,0.04,0.0025,0.035815,0.000493,False,USD:UST13W|INR:OECD_IR3TIB,0.035311,74.5634,74.9878,227.7,227.7224,228.415,2021-12-31,2022-01-31,PROXY_IMPORT_PARITY,24.07,106.72,False,WCI_DERIVED|USEC:EXTRAP_PRE|JEA:ASSUMPTION
2021-12-31,False,2806.0,2810.0,-4.0,939200,74.368,False,ECB_CROSS,0.04,0.0025,0.035815,0.000592,False,USD:UST13W|INR:OECD_IR3TIB,0.03521,74.5904,75.0137,225.8924,225.8924,226.5796,2021-12-31,2022-01-31,PROXY_IMPORT_PARITY,24.07,106.72,True,WCI_DERIVED|USEC:EXTRAP_PRE|JEA:ASSUMPTION
2022-01-04,False,2815.5,2823.0,-7.5,934375,74.6569,False,ECB_CROSS,0.04,0.0025,0.0363,0.000789,False,USD:UST13W|INR:OECD_IR3TIB,0.035493,74.882,75.3103,227.5377,228.1487,228.7823,2022-01-31,2022-02-28,PROXY_IMPORT_PARITY,24.07,106.72,True,WCI_DERIVED|USEC:EXTRAP_PRE|JEA:ASSUMPTION
2022-01-05,False,2866.0,2885.0,-19.0,926800,74.3537,False,ECB_CROSS,0.04,0.0025,0.0363,0.000888,False,USD:UST13W|INR:OECD_IR3TIB,0.035392,74.5773,75.0026,230.6783,231.2747,231.9171,2022-01-31,2022-02-28,PROXY_IMPORT_PARITY,24.07,106.72,True,WCI_DERIVED|USEC:EXTRAP_PRE|JEA:ASSUMPTION
2022-01-06,False,2912.5,2923.5,-11.0,921400,74.4565,False,ECB_CROSS,0.04,0.0025,0.0363,0.000986,False,USD:UST13W|INR:OECD_IR3TIB,0.035292,74.6797,75.1044,234.7451,235.3287,235.9824,2022-01-31,2022-02-28,PROXY_IMPORT_PARITY,24.33,107.9,False,WCI_REPORTED|USEC:EXTRAP_PRE|JEA:ASSUMPTION
2022-01-07,False,2919.5,2932.0,-12.5,916875,74.33,False,ECB_CROSS,0.04,0.0025,0.0363,0.000986,False,USD:UST13W|INR:OECD_IR3TIB,0.035292,74.5528,74.9768,234.9095,235.4702,236.1243,2022-01-31,2022-02-28,PROXY_IMPORT_PARITY,24.33,107.9,True,WCI_REPORTED|USEC:EXTRAP_PRE|JEA:ASSUMPTION
2022-01-10,False,2923.0,2934.5,-11.5,911500,74.0414,False,ECB_CROSS,0.04,0.0025,0.0363,0.001282,False,USD:UST13W|INR:OECD_IR3TIB,0.034989,74.2614,74.6801,234.2779,234.7672,235.4196,2022-01-31,2022-02-28,PROXY_IMPORT_PARITY,24.33,107.9,True,WCI_REPORTED|USEC:EXTRAP_PRE|JEA:ASSUMPTION
2022-01-11,False,2950.0,2962.0,-12.0,902850,73.878,False,ECB_CROSS,0.04,0.0025,0.0363,0.001184,False,USD:UST13W|INR:OECD_IR3TIB,0.03509,74.0982,74.5172,235.9202,236.3894,237.0464,2022-01-31,2022-02-28,PROXY_IMPORT_PARITY,24.33,107.9,True,WCI_REPORTED|USEC:EXTRAP_PRE|JEA:ASSUMPTION
2022-01-12,False,3003.0,3014.0,-11.0,898525,73.9037,False,ECB_CROSS,0.04,0.0025,0.0363,0.001184,False,USD:UST13W|INR:OECD_IR3TIB,0.03509,74.124,74.5431,240.2423,240.6962,241.3652,2022-01-31,2022-02-28,PROXY_IMPORT_PARITY,24.33,107.9,True,WCI_REPORTED|USEC:EXTRAP_PRE|JEA:ASSUMPTION
2022-01-13,False,2960.0,2970.0,-10.0,895000,73.9047,False,ECB_CROSS,0.04,0.0025,0.0363,0.001184,False,USD:UST13W|INR:OECD_IR3TIB,0.03509,74.125,74.5442,236.8054,237.2294,237.8888,2022-01-31,2022-02-28,PROXY_IMPORT_PARITY,24.69,109.46,False,WCI_REPORTED|USEC:EXTRAP_PRE|JEA:ASSUMPTION
2022-01-14,False,2977.5,2980.0,-2.5,891550,74.2068,False,ECB_CROSS,0.04,0.0025,0.0363,0.001282,False,USD:UST13W|INR:OECD_IR3TIB,0.034989,74.4273,74.847,239.1792,239.5836,240.2496,2022-01-31,2022-02-28,PROXY_IMPORT_PARITY,24.69,109.46,True,WCI_REPORTED|USEC:EXTRAP_PRE|JEA:ASSUMPTION
2022-01-17,False,3009.0,2996.0,13.0,892800,74.3046,False,ECB_CROSS,0.04,0.0025,0.0363,0.001282,True,USD:UST13W|INR:OECD_IR3TIB,0.034989,74.5254,74.9456,242.0281,242.3651,243.039,2022-01-31,2022-02-28,PROXY_IMPORT_PARITY,24.69,109.46,True,WCI_REPORTED|USEC:EXTRAP_PRE|JEA:ASSUMPTION
2022-01-18,False,3006.0,3006.0,0.0,884125,74.6134,False,ECB_CROSS,0.04,0.0025,0.0363,0.001677,False,USD:UST13W|INR:OECD_IR3TIB,0.034586,74.8326,75.2497,242.7916,243.1055,243.7816,2022-01-31,2022-02-28,PROXY_IMPORT_PARITY,24.69,109.46,True,WCI_REPORTED|USEC:EXTRAP_PRE|JEA:ASSUMPTION
2022-01-19,False,3036.0,3027.0,9.0,878750,74.4059,False,ECB_CROSS,0.04,0.0025,0.0363,0.001677,False,USD:UST13W|INR:OECD_IR3TIB,0.034586,74.6245,75.0404,244.5328,244.8246,245.5055,2022-01-31,2022-02-28,PROXY_IMPORT_PARITY,24.69,109.46,True,WCI_REPORTED|USEC:EXTRAP_PRE|JEA:ASSUMPTION
2022-01-20,False,3109.5,3082.0,27.5,873650,74.4064,False,ECB_CROSS,0.04,0.0025,0.0363,0.001775,False,USD:UST13W|INR:OECD_IR3TIB,0.034485,74.6244,75.0391,250.4545,250.7284,251.4259,2022-01-31,2022-02-28,PROXY_IMPORT_PARITY,25.08,111.22,False,WCI_REPORTED|USEC:EXTRAP_PRE|JEA:ASSUMPTION
2022-01-21,False,3079.5,3061.0,18.5,865950,74.3911,False,ECB_CROSS,0.04,0.0025,0.0363,0.001677,False,USD:UST13W|INR:OECD_IR3TIB,0.034586,74.6097,75.0255,247.9871,248.2337,248.9243,2022-01-31,2022-02-28,PROXY_IMPORT_PARITY,25.08,111.22,True,WCI_REPORTED|USEC:EXTRAP_PRE|JEA:ASSUMPTION
2022-01-24,False,3044.5,3031.0,13.5,859800,74.6192,False,ECB_CROSS,0.04,0.0025,0.0363,0.001973,False,USD:UST13W|INR:OECD_IR3TIB,0.034283,74.8365,75.2499,245.9204,246.0916,246.7764,2022-01-31,2022-02-28,PROXY_IMPORT_PARITY,25.08,111.22,True,WCI_REPORTED|USEC:EXTRAP_PRE|JEA:ASSUMPTION
2022-01-25,False,3064.0,3061.0,3.0,845625,74.7932,False,ECB_CROSS,0.04,0.0025,0.0363,0.001973,False,USD:UST13W|INR:OECD_IR3TIB,0.034283,75.0111,75.4255,248.0726,248.2206,248.9114,2022-01-31,2022-02-28,PROXY_IMPORT_PARITY,25.08,111.22,True,WCI_REPORTED|USEC:EXTRAP_PRE|JEA:ASSUMPTION
2022-01-26,False,3093.0,3080.0,13.0,835000,74.8681,False,ECB_CROSS,0.04,0.0025,0.0363,0.001874,False,USD:UST13W|INR:OECD_IR3TIB,0.034384,75.0868,75.5029,250.6713,250.796,251.494,2022-01-31,2022-02-28,PROXY_IMPORT_PARITY,25.08,111.22,True,WCI_REPORTED|USEC:EXTRAP_PRE|JEA:ASSUMPTION
2022-01-27,False,3107.0,3096.0,11.0,823525,75.08,False,ECB_CROSS,0.04,0.0025,0.0363,0.001973,False,USD:UST13W|INR:OECD_IR3TIB,0.034283,75.2987,75.7147,252.5186,252.6191,253.3223,2022-01-31,2022-02-28,PROXY_IMPORT_PARITY,24.36,108.02,False,WCI_REPORTED|USEC:EXTRAP_PRE|JEA:ASSUMPTION
2022-01-28,False,3110.0,3085.5,24.5,811050,75.0597,False,ECB_CROSS,0.04,0.0025,0.0363,0.001874,False,USD:UST13W|INR:OECD_IR3TIB,0.034384,75.279,75.6961,252.6941,252.7695,253.4732,2022-01-31,2022-02-28,PROXY_IMPORT_PARITY,24.36,108.02,True,WCI_REPORTED|USEC:EXTRAP_PRE|JEA:ASSUMPTION
2022-01-31,False,3076.0,3052.0,24.0,799475,74.7271,False,ECB_CROSS,0.04,0.0025,0.0363,0.002367,False,USD:UST13W|INR:OECD_IR3TIB,0.03388,74.9213,75.3444,248.8241,248.8241,249.5169,2022-01-31,2022-02-28,PROXY_IMPORT_PARITY,24.36,108.02,True,WCI_REPORTED|USEC:EXTRAP_PRE|JEA:ASSUMPTION
2022-02-01,False,3072.0,3049.0,23.0,788425,74.7753,False,ECB_CROSS,0.04,0.0025,0.037862,0.001973,False,USD:UST13W|INR:OECD_IR3TIB,0.035845,74.981,75.4289,248.6608,249.3572,250.1568,2022-02-28,2022-03-31,PROXY_IMPORT_PARITY,24.36,108.02,True,WCI_REPORTED|USEC:EXTRAP_PRE|JEA:ASSUMPTION
2022-02-02,False,3043.0,3028.0,15.0,782225,74.7267,False,ECB_CROSS,0.04,0.0025,0.037862,0.001973,False,USD:UST13W|INR:OECD_IR3TIB,0.035845,74.9322,75.3798,246.1533,246.8172,247.6087,2022-02-28,2022-03-31,PROXY_IMPORT_PARITY,24.36,108.02,True,WCI_REPORTED|USEC:EXTRAP_PRE|JEA:ASSUMPTION
2022-02-03,False,3058.5,3035.0,23.5,781900,74.8875,False,ECB_CROSS,0.04,0.0025,0.037862,0.002071,False,USD:UST13W|INR:OECD_IR3TIB,0.035744,75.0929,75.5402,247.9395,248.5825,249.3798,2022-02-28,2022-03-31,PROXY_IMPORT_PARITY,24.25,107.54,False,WCI_DERIVED|USEC:EXTRAP_PRE|JEA:ASSUMPTION
2022-02-04,False,3087.0,3065.0,22.0,775475,74.7073,False,ECB_CROSS,0.04,0.0025,0.037862,0.002268,False,USD:UST13W|INR:OECD_IR3TIB,0.035542,74.9111,75.3548,249.6477,250.2692,251.072,2022-02-28,2022-03-31,PROXY_IMPORT_PARITY,24.25,107.54,True,WCI_DERIVED|USEC:EXTRAP_PRE|JEA:ASSUMPTION
2022-02-07,False,3148.0,3111.0,37.0,768250,74.7222,False,ECB_CROSS,0.04,0.0025,0.037862,0.002762,False,USD:UST13W|INR:OECD_IR3TIB,0.035038,74.9231,75.3606,254.6316,255.1863,256.0051,2022-02-28,2022-03-31,PROXY_IMPORT_PARITY,24.25,107.54,True,WCI_DERIVED|USEC:EXTRAP_PRE|JEA:ASSUMPTION
2022-02-08,False,3245.0,3195.5,49.5,767700,74.7322,False,ECB_CROSS,0.04,0.0025,0.037862,0.002663,False,USD:UST13W|INR:OECD_IR3TIB,0.035139,74.9337,75.3725,262.5127,263.0573,263.9015,2022-02-28,2022-03-31,PROXY_IMPORT_PARITY,24.25,107.54,True,WCI_DERIVED|USEC:EXTRAP_PRE|JEA:ASSUMPTION
2022-02-09,False,3248.0,3225.5,22.5,761950,74.8373,False,ECB_CROSS,0.04,0.0025,0.037862,0.002663,False,USD:UST13W|INR:OECD_IR3TIB,0.035139,75.0392,75.4786,263.125,263.6435,264.4897,2022-02-28,2022-03-31,PROXY_IMPORT_PARITY,24.25,107.54,True,WCI_DERIVED|USEC:EXTRAP_PRE|JEA:ASSUMPTION
2022-02-10,False,3313.0,3287.0,26.0,880975,75.1266,False,ECB_CROSS,0.04,0.0025,0.037862,0.004142,False,USD:UST13W|INR:OECD_IR3TIB,0.033628,75.3205,75.7426,269.4282,269.9313,270.7977,2022-02-28,2022-03-31,PROXY_IMPORT_PARITY,24.21,107.33,False,WCI_REPORTED|USEC:EXTRAP_PRE|JEA:ASSUMPTION
2022-02-11,False,3200.0,3180.0,20.0,875250,75.198,False,ECB_CROSS,0.04,0.0025,0.037862,0.003748,False,USD:UST13W|INR:OECD_IR3TIB,0.034031,75.3944,75.8219,260.4859,260.9452,261.7829,2022-02-28,2022-03-31,PROXY_IMPORT_PARITY,24.21,107.33,True,WCI_REPORTED|USEC:EXTRAP_PRE|JEA:ASSUMPTION
2022-02-14,False,3306.0,3232.0,74.0,868950,75.5315,False,ECB_CROSS,0.04,0.0025,0.037862,0.004537,False,USD:UST13W|INR:OECD_IR3TIB,0.033225,75.7242,76.1435,270.308,270.7005,271.5698,2022-02-28,2022-03-31,PROXY_IMPORT_PARITY,24.21,107.33,True,WCI_REPORTED|USEC:EXTRAP_PRE|JEA:ASSUMPTION
2022-02-15,False,3223.0,3195.0,28.0,860250,75.3134,False,ECB_CROSS,0.04,0.0025,0.037862,0.004142,False,USD:UST13W|INR:OECD_IR3TIB,0.033628,75.5078,75.9309,262.7607,263.1151,263.96,2022-02-28,2022-03-31,PROXY_IMPORT_PARITY,24.21,107.33,True,WCI_REPORTED|USEC:EXTRAP_PRE|JEA:ASSUMPTION
2022-02-16,False,3282.0,3242.0,40.0,857225,75.0866,False,ECB_CROSS,0.04,0.0025,0.037862,0.003945,False,USD:UST13W|INR:OECD_IR3TIB,0.033829,75.2816,75.706,266.765,267.0971,267.9549,2022-02-28,2022-03-31,PROXY_IMPORT_PARITY,24.21,107.33,True,WCI_REPORTED|USEC:EXTRAP_PRE|JEA:ASSUMPTION
2022-02-17,False,3294.0,3241.0,53.0,855525,75.0163,False,ECB_CROSS,0.04,0.0025,0.037862,0.003748,False,USD:UST13W|INR:OECD_IR3TIB,0.034031,75.2122,75.6387,267.4897,267.795,268.6551,2022-02-28,2022-03-31,PROXY_IMPORT_PARITY,24.26,107.55,False,WCI_REPORTED|USEC:EXTRAP_PRE|JEA:ASSUMPTION
2022-02-18,False,3314.0,3265.0,49.0,849275,74.5574,False,ECB_CROSS,0.04,0.0025,0.037862,0.003551,False,USD:UST13W|INR:OECD_IR3TIB,0.034232,74.7533,75.1798,267.4676,267.745,268.6051,2022-02-28,2022-03-31,PROXY_IMPORT_PARITY,24.26,107.55,True,WCI_REPORTED|USEC:EXTRAP_PRE|JEA:ASSUMPTION
2022-02-21,False,3315.0,3270.0,45.0,843475,74.6842,False,ECB_CROSS,0.04,0.0025,0.037862,0.003551,True,USD:UST13W|INR:OECD_IR3TIB,0.034232,74.8805,75.3076,268.0033,268.1979,269.0597,2022-02-28,2022-03-31,PROXY_IMPORT_PARITY,24.26,107.55,True,WCI_REPORTED|USEC:EXTRAP_PRE|JEA:ASSUMPTION
2022-02-22,False,3420.0,3366.5,53.5,835125,74.7293,False,ECB_CROSS,0.04,0.0025,0.037862,0.003945,False,USD:UST13W|INR:OECD_IR3TIB,0.033829,74.9234,75.3458,276.6591,276.8313,277.7209,2022-02-28,2022-03-31,PROXY_IMPORT_PARITY,24.26,107.55,True,WCI_REPORTED|USEC:EXTRAP_PRE|JEA:ASSUMPTION
2022-02-23,False,3323.5,3290.0,33.5,833900,74.5888,False,ECB_CROSS,0.04,0.0025,0.037862,0.003649,False,USD:UST13W|INR:OECD_IR3TIB,0.034131,74.7842,75.2095,268.3473,268.4865,269.3494,2022-02-28,2022-03-31,PROXY_IMPORT_PARITY,24.26,107.55,True,WCI_REPORTED|USEC:EXTRAP_PRE|JEA:ASSUMPTION
2022-02-24,False,3519.0,3445.0,74.0,824150,75.5138,False,ECB_CROSS,0.04,0.0025,0.037862,0.003255,False,USD:UST13W|INR:OECD_IR3TIB,0.034534,75.7139,76.1496,287.656,287.7754,288.7004,2022-02-28,2022-03-31,PROXY_IMPORT_PARITY,24.51,108.68,False,WCI_REPORTED|USEC:EXTRAP_PRE|JEA:ASSUMPTION
2022-02-25,False,3355.5,3314.0,41.5,823125,75.2024,False,ECB_CROSS,0.04,0.0025,0.037862,0.003255,False,USD:UST13W|INR:OECD_IR3TIB,0.034534,75.4017,75.8356,273.1598,273.2448,274.1232,2022-02-28,2022-03-31,PROXY_IMPORT_PARITY,24.51,108.68,True,WCI_REPORTED|USEC:EXTRAP_PRE|JEA:ASSUMPTION
2022-02-28,False,3450.0,3447.0,3.0,824025,75.5014,False,ECB_CROSS,0.04,0.0025,0.037862,0.003748,False,USD:UST13W|INR:OECD_IR3TIB,0.034031,75.6986,76.1279,281.9694,281.9694,282.8761,2022-02-28,2022-03-31,PROXY_IMPORT_PARITY,24.51,108.68,True,WCI_REPORTED|USEC:EXTRAP_PRE|JEA:ASSUMPTION
2022-03-01,True,3495.5,3464.0,31.5,814275,75.7046,False,ECB_CROSS,0.04,0.0025,0.037798,0.003156,False,USD:UST13W|INR:OECD_IR3TIB,0.03457,75.927,76.3643,286.457,287.347,288.2072,2022-03-31,2022-04-29,PROXY_IMPORT_PARITY,24.51,108.68,True,WCI_REPORTED|USEC:EXTRAP_PRE|JEA:ASSUMPTION
2022-03-02,True,3605.0,3570.0,35.0,809750,75.7937,False,ECB_CROSS,0.04,0.0025,0.037798,0.003255,False,USD:UST13W|INR:OECD_IR3TIB,0.034469,76.0157,76.4522,295.7783,296.6665,297.5548,2022-03-31,2022-04-29,PROXY_IMPORT_PARITY,24.51,108.68,True,WCI_REPORTED|USEC:EXTRAP_PRE|JEA:ASSUMPTION
2022-03-03,True,3728.5,3704.0,24.5,801100,75.9967,False,ECB_CROSS,0.04,0.0025,0.037798,0.003748,False,USD:UST13W|INR:OECD_IR3TIB,0.033965,76.2161,76.6474,306.7304,307.6198,308.5409,2022-03-31,2022-04-29,PROXY_IMPORT_PARITY,24.0,106.41,False,WCI_REPORTED|USEC:EXTRAP_PRE|JEA:ASSUMPTION
2022-03-04,True,3851.0,3820.0,31.0,794150,76.3431,False,ECB_CROSS,0.04,0.0025,0.037798,0.003255,False,USD:UST13W|INR:OECD_IR3TIB,0.034469,76.5667,77.0064,318.2521,319.1419,320.0976,2022-03-31,2022-04-29,PROXY_IMPORT_PARITY,24.0,106.41,True,WCI_REPORTED|USEC:EXTRAP_PRE|JEA:ASSUMPTION
2022-03-07,True,3984.5,3968.0,16.5,786475,76.9275,False,ECB_CROSS,0.04,0.0025,0.037798,0.003847,False,USD:UST13W|INR:OECD_IR3TIB,0.033864,77.1489,77.5841,331.8053,332.63,333.6264,2022-03-31,2022-04-29,PROXY_IMPORT_PARITY,24.0,106.41,True,WCI_REPORTED|USEC:EXTRAP_PRE|JEA:ASSUMPTION
2022-03-08,True,3500.5,3516.0,-15.5,779350,77.051,False,ECB_CROSS,0.04,0.0025,0.037798,0.003649,False,USD:UST13W|INR:OECD_IR3TIB,0.034066,77.2741,77.7126,291.9687,292.6641,293.5409,2022-03-31,2022-04-29,PROXY_IMPORT_PARITY,24.0,106.41,True,WCI_REPORTED|USEC:EXTRAP_PRE|JEA:ASSUMPTION
2022-03-09,True,3532.0,3535.0,-3.0,771175,76.5965,False,ECB_CROSS,0.04,0.0025,0.037798,0.003847,False,USD:UST13W|INR:OECD_IR3TIB,0.033864,76.8169,77.2503,292.8583,293.5255,294.405,2022-03-31,2022-04-29,PROXY_IMPORT_PARITY,24.0,106.41,True,WCI_REPORTED|USEC:EXTRAP_PRE|JEA:ASSUMPTION
2022-03-10,True,3535.0,3531.0,4.0,762775,76.3326,False,ECB_CROSS,0.04,0.0025,0.037798,0.003847,False,USD:UST13W|INR:OECD_IR3TIB,0.033864,76.5522,76.9841,292.0972,292.7324,293.6096,2022-03-31,2022-04-29,PROXY_IMPORT_PARITY,23.74,105.27,False,WCI_REPORTED|USEC:EXTRAP_PRE|JEA:ASSUMPTION
2022-03-11,True,3472.0,3500.0,-28.0,755950,76.4217,False,ECB_CROSS,0.04,0.0025,0.037798,0.003945,False,USD:UST13W|INR:OECD_IR3TIB,0.033763,76.641,77.0721,287.2264,287.8213,288.6838,2022-03-31,2022-04-29,PROXY_IMPORT_PARITY,23.74,105.27,True,WCI_REPORTED|USEC:EXTRAP_PRE|JEA:ASSUMPTION
2022-03-14,True,3399.0,3411.0,-12.0,752850,76.5794,False,ECB_CROSS,0.04,0.0025,0.037798,0.004537,False,USD:UST13W|INR:OECD_IR3TIB,0.033159,76.7952,77.2194,281.7676,282.2636,283.1098,2022-03-31,2022-04-29,PROXY_IMPORT_PARITY,23.74,105.27,True,WCI_REPORTED|USEC:EXTRAP_PRE|JEA:ASSUMPTION
2022-03-15,True,3217.5,3254.0,-36.5,742200,76.3857,False,ECB_CROSS,0.04,0.0025,0.037798,0.004636,False,USD:UST13W|INR:OECD_IR3TIB,0.033058,76.6003,77.0222,266.0471,266.4879,267.2869,2022-03-31,2022-04-29,PROXY_IMPORT_PARITY,23.74,105.27,True,WCI_REPORTED|USEC:EXTRAP_PRE|JEA:ASSUMPTION
2022-03-16,True,3306.0,3327.0,-21.0,733900,76.2057,False,ECB_CROSS,0.04,0.0025,0.037798,0.00434,False,USD:UST13W|INR:OECD_IR3TIB,0.033361,76.4217,76.8464,272.7208,273.1444,273.9634,2022-03-31,2022-04-29,PROXY_IMPORT_PARITY,23.74,105.27,True,WCI_REPORTED|USEC:EXTRAP_PRE|JEA:ASSUMPTION
2022-03-17,True,3288.0,3317.0,-29.0,724700,75.8696,False,ECB_CROSS,0.04,0.005,0.037798,0.004044,False,USD:UST13W|INR:OECD_IR3TIB,0.033663,76.0867,76.5133,270.0396,270.4311,271.2421,2022-03-31,2022-04-29,PROXY_IMPORT_PARITY,22.84,101.29,False,WCI_REPORTED|USEC:EXTRAP_PRE|JEA:ASSUMPTION
2022-03-18,True,3380.5,3400.0,-19.5,715225,76.1106,False,ECB_CROSS,0.04,0.005,0.037798,0.004142,False,USD:UST13W|INR:OECD_IR3TIB,0.033562,76.3277,76.7544,278.5185,278.8934,279.7298,2022-03-31,2022-04-29,PROXY_IMPORT_PARITY,22.84,101.29,True,WCI_REPORTED|USEC:EXTRAP_PRE|JEA:ASSUMPTION
2022-03-21,True,3518.0,3525.0,-7.0,704850,76.267,False,ECB_CROSS,0.04,0.005,0.037798,0.005523,False,USD:UST13W|INR:OECD_IR3TIB,0.032152,76.4754,76.8851,290.4427,290.7434,291.6157,2022-03-31,2022-04-29,PROXY_IMPORT_PARITY,22.84,101.29,True,WCI_REPORTED|USEC:EXTRAP_PRE|JEA:ASSUMPTION
2022-03-22,True,3550.5,3550.5,0.0,695825,76.1198,False,ECB_CROSS,0.04,0.005,0.037798,0.005129,False,USD:UST13W|INR:OECD_IR3TIB,0.032555,76.3305,76.7444,292.5601,292.8327,293.7113,2022-03-31,2022-04-29,PROXY_IMPORT_PARITY,22.84,101.29,True,WCI_REPORTED|USEC:EXTRAP_PRE|JEA:ASSUMPTION
2022-03-23,True,3560.0,3560.0,0.0,689575,76.4383,False,ECB_CROSS,0.04,0.005,0.037798,0.00503,False,USD:UST13W|INR:OECD_IR3TIB,0.032656,76.6505,77.0675,294.5703,294.8143,295.6989,2022-03-31,2022-04-29,PROXY_IMPORT_PARITY,22.84,101.29,True,WCI_REPORTED|USEC:EXTRAP_PRE|JEA:ASSUMPTION
2022-03-24,True,3664.0,3675.5,-11.5,684250,76.4064,False,ECB_CROSS,0.04,0.005,0.037798,0.00503,False,USD:UST13W|INR:OECD_IR3TIB,0.032656,76.6185,77.0353,303.0492,303.2689,304.179,2022-03-31,2022-04-29,PROXY_IMPORT_PARITY,21.91,97.14,False,WCI_REPORTED|USEC:EXTRAP_PRE|JEA:ASSUMPTION
2022-03-25,True,3583.0,3590.5,-7.5,678100,76.1893,False,ECB_CROSS,0.04,0.005,0.037798,0.005326,False,USD:UST13W|INR:OECD_IR3TIB,0.032353,76.3989,76.8106,295.5076,295.6912,296.5787,2022-03-31,2022-04-29,PROXY_IMPORT_PARITY,21.91,97.14,True,WCI_REPORTED|USEC:EXTRAP_PRE|JEA:ASSUMPTION
2022-03-28,True,3606.0,3616.0,-10.0,671025,76.1285,False,ECB_CROSS,0.04,0.005,0.037798,0.006016,False,USD:UST13W|INR:OECD_IR3TIB,0.031649,76.3333,76.7358,297.1672,297.2595,298.152,2022-03-31,2022-04-29,PROXY_IMPORT_PARITY,21.91,97.14,True,WCI_REPORTED|USEC:EXTRAP_PRE|JEA:ASSUMPTION
2022-03-29,True,3583.0,3608.0,-25.0,663225,75.7497,False,ECB_CROSS,0.04,0.005,0.037798,0.005622,False,USD:UST13W|INR:OECD_IR3TIB,0.032051,75.9561,76.3616,293.8026,293.8634,294.7458,2022-03-31,2022-04-29,PROXY_IMPORT_PARITY,21.91,97.14,True,WCI_REPORTED|USEC:EXTRAP_PRE|JEA:ASSUMPTION
2022-03-30,True,3508.0,3527.0,-19.0,654475,75.8404,False,ECB_CROSS,0.04,0.005,0.037798,0.005523,False,USD:UST13W|INR:OECD_IR3TIB,0.032152,76.0477,76.455,287.9971,288.0269,288.8918,2022-03-31,2022-04-29,PROXY_IMPORT_PARITY,21.91,97.14,True,WCI_REPORTED|USEC:EXTRAP_PRE|JEA:ASSUMPTION
2022-03-31,True,3503.0,3518.0,-15.0,646850,75.7896,False,ECB_CROSS,0.04,0.005,0.037798,0.005129,False,USD:UST13W|INR:OECD_IR3TIB,0.032555,75.9925,76.4047,287.394,287.394,288.2571,2022-03-31,2022-04-29,PROXY_IMPORT_PARITY,21.12,93.66,False,WCI_REPORTED|USEC:SIBLING|JEA:ASSUMPTION
2022-04-01,True,3483.0,3499.0,-16.0,635975,75.9905,False,ECB_CROSS,0.04,0.005,0.039255,0.005227,False,USD:UST13W|INR:OECD_IR3TIB,0.03391,76.2025,76.6329,286.5106,287.3734,288.3594,2022-04-29,2022-05-31,PROXY_IMPORT_PARITY,21.12,93.66,True,WCI_REPORTED|USEC:SIBLING|JEA:ASSUMPTION
2022-04-04,True,3444.0,3461.0,-17.0,629775,75.5275,False,ECB_CROSS,0.04,0.005,0.039255,0.006707,False,USD:UST13W|INR:OECD_IR3TIB,0.0324,75.7288,76.1376,281.5763,282.3334,283.3025,2022-04-29,2022-05-31,PROXY_IMPORT_PARITY,21.12,93.66,True,WCI_REPORTED|USEC:SIBLING|JEA:ASSUMPTION
2022-04-05,True,3415.0,3441.0,-26.0,623325,75.335,False,ECB_CROSS,0.04,0.005,0.039255,0.00651,False,USD:UST13W|INR:OECD_IR3TIB,0.032601,75.5371,75.9474,278.4937,279.2126,280.171,2022-04-29,2022-05-31,PROXY_IMPORT_PARITY,21.12,93.66,True,WCI_REPORTED|USEC:SIBLING|JEA:ASSUMPTION
2022-04-06,True,3443.5,3467.0,-23.5,619875,75.8348,False,ECB_CROSS,0.04,0.005,0.039255,0.006707,False,USD:UST13W|INR:OECD_IR3TIB,0.0324,76.0369,76.4473,282.6809,283.3802,284.353,2022-04-29,2022-05-31,PROXY_IMPORT_PARITY,21.12,93.66,True,WCI_REPORTED|USEC:SIBLING|JEA:ASSUMPTION
2022-04-07,True,3346.0,3374.0,-28.0,619775,75.9903,False,ECB_CROSS,0.04,0.005,0.039255,0.006805,False,USD:UST13W|INR:OECD_IR3TIB,0.032299,76.1923,76.6022,275.2403,275.8915,276.8388,2022-04-29,2022-05-31,PROXY_IMPORT_PARITY,21.11,93.6,False,WCI_REPORTED|USEC:SIBLING|JEA:ASSUMPTION
2022-04-08,True,3395.0,3423.0,-28.0,615750,75.8577,False,ECB_CROSS,0.04,0.005,0.039255,0.006904,False,USD:UST13W|INR:OECD_IR3TIB,0.032199,76.0586,76.4666,278.7837,279.4133,280.3728,2022-04-29,2022-05-31,PROXY_IMPORT_PARITY,21.11,93.6,True,WCI_REPORTED|USEC:SIBLING|JEA:ASSUMPTION
2022-04-11,True,3234.5,3251.0,-16.5,609850,75.8794,False,ECB_CROSS,0.04,0.005,0.039255,0.007792,False,USD:UST13W|INR:OECD_IR3TIB,0.031293,76.0748,76.4714,265.6801,266.1944,267.1087,2022-04-29,2022-05-31,PROXY_IMPORT_PARITY,21.11,93.6,True,WCI_REPORTED|USEC:SIBLING|JEA:ASSUMPTION
2022-04-12,True,3214.5,3245.0,-30.5,610775,76.1702,False,ECB_CROSS,0.04,0.005,0.039255,0.007397,False,USD:UST13W|INR:OECD_IR3TIB,0.031696,76.3689,76.7722,265.0492,265.5338,266.4459,2022-04-29,2022-05-31,PROXY_IMPORT_PARITY,21.11,93.6,True,WCI_REPORTED|USEC:SIBLING|JEA:ASSUMPTION
2022-04-13,True,3207.0,3238.5,-31.5,612275,76.1851,False,ECB_CROSS,0.04,0.005,0.039255,0.007496,False,USD:UST13W|INR:OECD_IR3TIB,0.031595,76.3832,76.7852,264.4825,264.9376,265.8478,2022-04-29,2022-05-31,PROXY_IMPORT_PARITY,21.11,93.6,True,WCI_REPORTED|USEC:SIBLING|JEA:ASSUMPTION
2022-04-14,True,3237.5,3266.0,-28.5,608000,76.1298,False,ECB_CROSS,0.04,0.005,0.039255,0.007792,False,USD:UST13W|INR:OECD_IR3TIB,0.031293,76.3259,76.7238,266.804,267.2344,268.1526,2022-04-29,2022-05-31,PROXY_IMPORT_PARITY,21.13,93.69,False,WCI_REPORTED|USEC:SIBLING|JEA:ASSUMPTION
2022-04-19,True,3312.0,3326.0,-14.0,603650,76.4638,False,ECB_CROSS,0.04,0.005,0.039255,0.008186,False,USD:UST13W|INR:OECD_IR3TIB,0.030891,76.6582,77.0527,274.1411,274.4359,275.3794,2022-04-29,2022-05-31,PROXY_IMPORT_PARITY,21.13,93.69,True,WCI_REPORTED|USEC:SIBLING|JEA:ASSUMPTION
2022-04-20,True,3240.0,3250.0,-10.0,592175,76.3018,False,ECB_CROSS,0.04,0.005,0.039255,0.008186,False,USD:UST13W|INR:OECD_IR3TIB,0.030891,76.4958,76.8894,267.6133,267.8723,268.7933,2022-04-29,2022-05-31,PROXY_IMPORT_PARITY,21.13,93.69,True,WCI_REPORTED|USEC:SIBLING|JEA:ASSUMPTION
2022-04-21,True,3262.0,3276.0,-14.0,589725,76.2056,False,ECB_CROSS,0.04,0.005,0.039255,0.008186,False,USD:UST13W|INR:OECD_IR3TIB,0.030891,76.3993,76.7925,269.0907,269.3223,270.2483,2022-04-29,2022-05-31,PROXY_IMPORT_PARITY,21.22,94.08,False,WCI_REPORTED|USEC:SIBLING|JEA:ASSUMPTION
2022-04-22,True,3244.0,3261.0,-17.0,586000,76.4485,False,ECB_CROSS,0.04,0.005,0.039255,0.008186,False,USD:UST13W|INR:OECD_IR3TIB,0.030891,76.6428,77.0372,268.4588,268.661,269.5849,2022-04-29,2022-05-31,PROXY_IMPORT_PARITY,21.22,94.08,True,WCI_REPORTED|USEC:SIBLING|JEA:ASSUMPTION
2022-04-25,True,3090.0,3105.0,-15.0,584050,76.6062,False,ECB_CROSS,0.04,0.005,0.039255,0.00937,False,USD:UST13W|INR:OECD_IR3TIB,0.029685,76.7934,77.1731,256.242,256.3522,257.2341,2022-04-29,2022-05-31,PROXY_IMPORT_PARITY,21.22,94.08,True,WCI_REPORTED|USEC:SIBLING|JEA:ASSUMPTION
2022-04-26,True,3102.5,3118.0,-15.5,579600,76.566,False,ECB_CROSS,0.04,0.005,0.039255,0.008384,False,USD:UST13W|INR:OECD_IR3TIB,0.03069,76.7594,77.1518,257.1436,257.2265,258.1115,2022-04-29,2022-05-31,PROXY_IMPORT_PARITY,21.22,94.08,True,WCI_REPORTED|USEC:SIBLING|JEA:ASSUMPTION
2022-04-27,True,3100.0,3117.0,-17.0,574550,76.6045,False,ECB_CROSS,0.04,0.005,0.039255,0.008186,False,USD:UST13W|INR:OECD_IR3TIB,0.030891,76.7992,77.1944,257.0656,257.1208,258.0055,2022-04-29,2022-05-31,PROXY_IMPORT_PARITY,21.22,94.08,True,WCI_REPORTED|USEC:SIBLING|JEA:ASSUMPTION
2022-04-28,True,3065.5,3083.5,-18.0,571625,76.6495,False,ECB_CROSS,0.04,0.005,0.039255,0.008088,False,USD:UST13W|INR:OECD_IR3TIB,0.030992,76.845,77.2417,254.354,254.3813,255.2567,2022-04-29,2022-05-31,PROXY_IMPORT_PARITY,21.2,94.01,False,WCI_DERIVED|USEC:SIBLING|JEA:ASSUMPTION
2022-04-29,True,3039.0,3044.0,-5.0,570100,76.5066,False,ECB_CROSS,0.04,0.005,0.039255,0.008285,False,USD:UST13W|INR:OECD_IR3TIB,0.030791,76.7005,77.0939,251.6851,251.6851,252.5513,2022-04-29,2022-05-31,PROXY_IMPORT_PARITY,21.2,94.01,True,WCI_DERIVED|USEC:SIBLING|JEA:ASSUMPTION
2022-05-03,True,2911.5,2945.0,-33.5,577650,76.5839,False,ECB_CROSS,0.04,0.005,0.043343,0.008975,False,USD:UST13W|INR:OECD_IR3TIB,0.034165,76.8065,77.2434,241.3694,242.1719,243.0318,2022-05-31,2022-06-30,PROXY_IMPORT_PARITY,21.2,94.01,True,WCI_DERIVED|USEC:SIBLING|JEA:ASSUMPTION
2022-05-04,True,2929.0,2962.5,-33.5,573975,76.3493,False,ECB_CROSS,0.044,0.005,0.047343,0.008778,False,USD:UST13W|INR:OECD_IR3TIB,0.038357,76.5984,77.0875,242.0763,242.9241,243.8661,2022-05-31,2022-06-30,PROXY_IMPORT_PARITY,21.2,94.01,True,WCI_DERIVED|USEC:SIBLING|JEA:ASSUMPTION
2022-05-05,True,2917.0,2947.0,-30.0,573600,76.2855,False,ECB_CROSS,0.044,0.01,0.047343,0.008384,False,USD:UST13W|INR:OECD_IR3TIB,0.03876,76.537,77.0308,240.8831,241.6954,242.6328,2022-05-31,2022-06-30,PROXY_IMPORT_PARITY,20.89,92.64,False,WCI_REPORTED|USEC:SIBLING|JEA:ASSUMPTION
2022-05-06,True,2832.5,2870.0,-37.5,571800,76.9139,False,ECB_CROSS,0.044,0.01,0.047343,0.008384,False,USD:UST13W|INR:OECD_IR3TIB,0.03876,77.1675,77.6653,235.832,236.5967,237.5144,2022-05-31,2022-06-30,PROXY_IMPORT_PARITY,20.89,92.64,True,WCI_REPORTED|USEC:SIBLING|JEA:ASSUMPTION
2022-05-09,True,2708.0,2750.0,-42.0,568250,77.4141,False,ECB_CROSS,0.044,0.01,0.047343,0.009173,False,USD:UST13W|INR:OECD_IR3TIB,0.037954,77.664,78.1546,226.9325,227.58,228.4631,2022-05-31,2022-06-30,PROXY_IMPORT_PARITY,20.89,92.64,True,WCI_REPORTED|USEC:SIBLING|JEA:ASSUMPTION
2022-05-10,True,2677.0,2715.0,-38.0,560275,77.2622,False,ECB_CROSS,0.044,0.01,0.047343,0.008877,False,USD:UST13W|INR:OECD_IR3TIB,0.038256,77.5136,78.0072,223.8945,224.5043,225.3755,2022-05-31,2022-06-30,PROXY_IMPORT_PARITY,20.89,92.64,True,WCI_REPORTED|USEC:SIBLING|JEA:ASSUMPTION
2022-05-11,True,2737.0,2772.0,-35.0,553925,77.2231,False,ECB_CROSS,0.044,0.01,0.047343,0.008975,False,USD:UST13W|INR:OECD_IR3TIB,0.038156,77.4737,77.9657,228.7968,229.3903,230.2806,2022-05-31,2022-06-30,PROXY_IMPORT_PARITY,20.89,92.64,True,WCI_REPORTED|USEC:SIBLING|JEA:ASSUMPTION
2022-05-12,True,2688.0,2723.0,-35.0,546350,77.5048,False,ECB_CROSS,0.044,0.01,0.047343,0.009567,False,USD:UST13W|INR:OECD_IR3TIB,0.037551,77.7524,78.2384,225.5204,226.0761,226.9537,2022-05-31,2022-06-30,PROXY_IMPORT_PARITY,20.5,90.91,False,WCI_DERIVED|USEC:SIBLING|JEA:ASSUMPTION
2022-05-13,True,2723.0,2750.0,-27.0,539800,77.4497,False,ECB_CROSS,0.044,0.01,0.047343,0.010159,False,USD:UST13W|INR:OECD_IR3TIB,0.036947,77.6931,78.171,228.2944,228.8274,229.7158,2022-05-31,2022-06-30,PROXY_IMPORT_PARITY,20.5,90.91,True,WCI_DERIVED|USEC:SIBLING|JEA:ASSUMPTION
2022-05-16,True,2791.0,2822.0,-31.0,532500,77.7979,False,ECB_CROSS,0.044,0.01,0.047343,0.010751,False,USD:UST13W|INR:OECD_IR3TIB,0.036343,78.0385,78.5106,235.0475,235.5048,236.4194,2022-05-31,2022-06-30,PROXY_IMPORT_PARITY,20.5,90.91,True,WCI_DERIVED|USEC:SIBLING|JEA:ASSUMPTION
2022-05-17,True,2836.0,2858.0,-22.0,527375,77.4609,False,ECB_CROSS,0.044,0.01,0.047343,0.010652,False,USD:UST13W|INR:OECD_IR3TIB,0.036444,77.7011,78.1724,237.8026,238.2345,239.1598,2022-05-31,2022-06-30,PROXY_IMPORT_PARITY,20.5,90.91,True,WCI_DERIVED|USEC:SIBLING|JEA:ASSUMPTION
2022-05-18,True,2845.0,2875.0,-30.0,518900,77.5877,False,ECB_CROSS,0.044,0.01,0.047343,0.010258,False,USD:UST13W|INR:OECD_IR3TIB,0.036847,77.8309,78.3082,238.9478,239.3507,240.2805,2022-05-31,2022-06-30,PROXY_IMPORT_PARITY,20.5,90.91,True,WCI_DERIVED|USEC:SIBLING|JEA:ASSUMPTION
2022-05-19,True,2826.0,2840.0,-14.0,511675,77.6356,False,ECB_CROSS,0.044,0.01,0.047343,0.010455,False,USD:UST13W|INR:OECD_IR3TIB,0.036645,77.8777,78.3527,237.4986,237.8682,238.7924,2022-05-31,2022-06-30,PROXY_IMPORT_PARITY,20.29,89.95,False,WCI_REPORTED|USEC:SIBLING|JEA:ASSUMPTION
2022-05-20,True,2931.0,2935.0,-4.0,504275,77.6796,False,ECB_CROSS,0.044,0.01,0.047343,0.010159,False,USD:UST13W|INR:OECD_IR3TIB,0.036947,77.9238,78.403,246.4624,246.8141,247.7731,2022-05-31,2022-06-30,PROXY_IMPORT_PARITY,20.29,89.95,True,WCI_REPORTED|USEC:SIBLING|JEA:ASSUMPTION
2022-05-23,True,2963.0,2975.0,-12.0,497250,77.5678,False,ECB_CROSS,0.044,0.01,0.047343,0.010751,False,USD:UST13W|INR:OECD_IR3TIB,0.036343,77.8076,78.2783,248.7946,249.0528,250.0209,2022-05-31,2022-06-30,PROXY_IMPORT_PARITY,20.29,89.95,True,WCI_REPORTED|USEC:SIBLING|JEA:ASSUMPTION
2022-05-24,True,2881.0,2908.0,-27.0,487475,77.5979,False,ECB_CROSS,0.044,0.01,0.047343,0.010553,False,USD:UST13W|INR:OECD_IR3TIB,0.036545,77.8392,78.3127,242.0032,242.2229,243.1646,2022-05-31,2022-06-30,PROXY_IMPORT_PARITY,20.29,89.95,True,WCI_REPORTED|USEC:SIBLING|JEA:ASSUMPTION
2022-05-25,True,2829.5,2858.0,-28.5,481650,77.5775,False,ECB_CROSS,0.044,0.01,0.047343,0.010553,False,USD:UST13W|INR:OECD_IR3TIB,0.036545,77.8187,78.2921,237.6147,237.7997,238.7243,2022-05-31,2022-06-30,PROXY_IMPORT_PARITY,20.29,89.95,True,WCI_REPORTED|USEC:SIBLING|JEA:ASSUMPTION
2022-05-26,True,2825.5,2857.0,-31.5,475650,77.5979,False,ECB_CROSS,0.044,0.01,0.047343,0.010652,False,USD:UST13W|INR:OECD_IR3TIB,0.036444,77.8385,78.3107,237.3412,237.4952,238.4187,2022-05-31,2022-06-30,PROXY_IMPORT_PARITY,20.06,88.94,False,WCI_REPORTED|USEC:SIBLING|JEA:ASSUMPTION
2022-05-27,True,2823.0,2847.0,-24.0,471075,77.5895,False,ECB_CROSS,0.044,0.01,0.047343,0.010652,False,USD:UST13W|INR:OECD_IR3TIB,0.036444,77.8301,78.3023,237.1056,237.2286,238.1512,2022-05-31,2022-06-30,PROXY_IMPORT_PARITY,20.06,88.94,True,WCI_REPORTED|USEC:SIBLING|JEA:ASSUMPTION
2022-05-30,True,2863.0,2891.0,-28.0,465700,77.5502,False,ECB_CROSS,0.044,0.01,0.047343,0.010652,True,USD:UST13W|INR:OECD_IR3TIB,0.036444,77.7906,78.2625,240.3434,240.3746,241.3098,2022-05-31,2022-06-30,PROXY_IMPORT_PARITY,20.06,88.94,True,WCI_REPORTED|USEC:SIBLING|JEA:ASSUMPTION
2022-05-31,True,2816.5,2850.0,-33.5,458875,77.6916,False,ECB_CROSS,0.044,0.01,0.047343,0.011342,False,USD:UST13W|INR:OECD_IR3TIB,0.03574,77.9203,78.3915,236.8709,236.8709,237.7926,2022-05-31,2022-06-30,PROXY_IMPORT_PARITY,20.06,88.94,True,WCI_REPORTED|USEC:SIBLING|JEA:ASSUMPTION
2022-06-01,True,2701.5,2730.0,-28.5,453875,77.5308,False,ECB_CROSS,0.044,0.01,0.046409,0.011244,False,USD:UST13W|INR:OECD_IR3TIB,0.034909,77.7537,78.213,226.729,227.5651,228.4011,2022-06-30,2022-07-29,PROXY_IMPORT_PARITY,20.06,88.94,True,WCI_REPORTED|USEC:SIBLING|JEA:ASSUMPTION
2022-06-06,True,2742.0,2774.0,-32.0,450500,77.6105,False,ECB_CROSS,0.044,0.01,0.046409,0.012329,False,USD:UST13W|INR:OECD_IR3TIB,0.033803,77.8266,78.2717,230.3647,231.0676,231.917,2022-06-30,2022-07-29,PROXY_IMPORT_PARITY,19.84,87.98,True,WCI_REPORTED|USEC:SIBLING|JEA:ASSUMPTION
2022-06-07,True,2715.0,2745.0,-30.0,441725,77.7274,False,ECB_CROSS,0.044,0.01,0.046409,0.012427,False,USD:UST13W|INR:OECD_IR3TIB,0.033702,77.9432,78.3877,228.4399,229.1079,229.9502,2022-06-30,2022-07-29,PROXY_IMPORT_PARITY,19.84,87.98,True,WCI_REPORTED|USEC:SIBLING|JEA:ASSUMPTION
2022-06-08,True,2765.5,2798.0,-32.5,434000,77.6739,False,ECB_CROSS,0.049,0.01,0.051409,0.012526,False,USD:UST13W|INR:OECD_IR3TIB,0.038586,77.9208,78.4293,232.5288,233.2493,234.1991,2022-06-30,2022-07-29,PROXY_IMPORT_PARITY,19.84,87.98,True,WCI_REPORTED|USEC:SIBLING|JEA:ASSUMPTION
2022-06-09,True,2752.5,2786.0,-33.5,430050,77.7492,False,ECB_CROSS,0.049,0.01,0.051409,0.012625,False,USD:UST13W|INR:OECD_IR3TIB,0.038485,77.9957,78.5034,231.6601,232.3453,233.2915,2022-06-30,2022-07-29,PROXY_IMPORT_PARITY,19.53,86.6,False,WCI_REPORTED|USEC:SIBLING|JEA:ASSUMPTION
2022-06-10,True,2695.0,2710.0,-15.0,427350,77.8365,False,ECB_CROSS,0.049,0.01,0.051409,0.013414,False,USD:UST13W|INR:OECD_IR3TIB,0.03768,78.0782,78.5758,227.0753,227.715,228.6425,2022-06-30,2022-07-29,PROXY_IMPORT_PARITY,19.53,86.6,True,WCI_REPORTED|USEC:SIBLING|JEA:ASSUMPTION
2022-06-13,True,2589.5,2606.0,-16.5,423975,78.0545,False,ECB_CROSS,0.049,0.01,0.051409,0.016964,False,USD:UST13W|INR:OECD_IR3TIB,0.034061,78.2737,78.7246,218.7972,219.3211,220.2148,2022-06-30,2022-07-29,PROXY_IMPORT_PARITY,19.53,86.6,True,WCI_REPORTED|USEC:SIBLING|JEA:ASSUMPTION
2022-06-14,True,2588.0,2611.0,-23.0,420675,78.032,False,ECB_CROSS,0.049,0.01,0.051409,0.017852,False,USD:UST13W|INR:OECD_IR3TIB,0.033158,78.2453,78.6841,218.6074,219.1001,219.993,2022-06-30,2022-07-29,PROXY_IMPORT_PARITY,19.53,86.6,True,WCI_REPORTED|USEC:SIBLING|JEA:ASSUMPTION
2022-06-15,True,2580.0,2594.5,-14.5,416125,78.1461,False,ECB_CROSS,0.049,0.01,0.051409,0.016964,False,USD:UST13W|INR:OECD_IR3TIB,0.034061,78.3655,78.817,218.2503,218.7114,219.6029,2022-06-30,2022-07-29,PROXY_IMPORT_PARITY,19.53,86.6,True,WCI_REPORTED|USEC:SIBLING|JEA:ASSUMPTION
2022-06-16,True,2500.5,2525.0,-24.5,411575,78.0716,False,ECB_CROSS,0.049,0.0175,0.051409,0.015485,False,USD:UST13W|INR:OECD_IR3TIB,0.035568,78.3005,78.7716,211.3235,211.7402,212.6034,2022-06-30,2022-07-29,PROXY_IMPORT_PARITY,19.15,84.91,False,WCI_REPORTED|USEC:SIBLING|JEA:ASSUMPTION
2022-06-17,True,2474.0,2502.0,-28.0,407875,78.0765,False,ECB_CROSS,0.049,0.0175,0.051409,0.015879,False,USD:UST13W|INR:OECD_IR3TIB,0.035166,78.3028,78.7685,209.0971,209.4799,210.334,2022-06-30,2022-07-29,PROXY_IMPORT_PARITY,19.15,84.91,True,WCI_REPORTED|USEC:SIBLING|JEA:ASSUMPTION
2022-06-20,True,2462.0,2481.0,-19.0,404450,77.9633,False,ECB_CROSS,0.049,0.0175,0.051409,0.015879,True,USD:UST13W|INR:OECD_IR3TIB,0.035166,78.1893,78.6544,207.7812,208.0738,208.9225,2022-06-30,2022-07-29,PROXY_IMPORT_PARITY,19.15,84.91,True,WCI_REPORTED|USEC:SIBLING|JEA:ASSUMPTION
2022-06-21,True,2519.5,2532.0,-12.5,398925,78.1261,False,ECB_CROSS,0.049,0.0175,0.051409,0.016668,False,USD:UST13W|INR:OECD_IR3TIB,0.034363,78.3474,78.8027,213.0779,213.348,214.2183,2022-06-30,2022-07-29,PROXY_IMPORT_PARITY,19.15,84.91,True,WCI_REPORTED|USEC:SIBLING|JEA:ASSUMPTION
2022-06-22,True,2455.5,2470.0,-14.5,395575,78.3267,False,ECB_CROSS,0.049,0.0175,0.051409,0.015781,False,USD:UST13W|INR:OECD_IR3TIB,0.035267,78.5543,79.0229,208.1985,208.4331,209.2835,2022-06-30,2022-07-29,PROXY_IMPORT_PARITY,19.15,84.91,True,WCI_REPORTED|USEC:SIBLING|JEA:ASSUMPTION
2022-06-23,True,2480.0,2494.0,-14.0,392275,78.2892,False,ECB_CROSS,0.049,0.0175,0.051409,0.015978,False,USD:UST13W|INR:OECD_IR3TIB,0.035066,78.5155,78.9812,210.1752,210.3824,211.2409,2022-06-30,2022-07-29,PROXY_IMPORT_PARITY,18.42,81.66,False,WCI_DERIVED|USEC:SIBLING|JEA:ASSUMPTION
2022-06-24,True,2436.0,2450.5,-14.5,388750,78.2958,False,ECB_CROSS,0.049,0.0175,0.051409,0.016668,False,USD:UST13W|INR:OECD_IR3TIB,0.034363,78.5176,78.9739,206.4637,206.6382,207.4815,2022-06-30,2022-07-29,PROXY_IMPORT_PARITY,18.42,81.66,True,WCI_DERIVED|USEC:SIBLING|JEA:ASSUMPTION
2022-06-27,True,2453.0,2480.0,-27.0,384800,78.4454,False,ECB_CROSS,0.049,0.0175,0.051409,0.017556,False,USD:UST13W|INR:OECD_IR3TIB,0.033459,78.6618,79.107,208.3018,208.3898,209.2406,2022-06-30,2022-07-29,PROXY_IMPORT_PARITY,18.42,81.66,True,WCI_DERIVED|USEC:SIBLING|JEA:ASSUMPTION
2022-06-28,True,2500.0,2520.0,-20.0,380675,78.9774,False,ECB_CROSS,0.049,0.0175,0.051409,0.017556,False,USD:UST13W|INR:OECD_IR3TIB,0.033459,79.1952,79.6434,213.7326,213.7928,214.6658,2022-06-30,2022-07-29,PROXY_IMPORT_PARITY,18.42,81.66,True,WCI_DERIVED|USEC:SIBLING|JEA:ASSUMPTION
2022-06-29,True,2452.0,2470.5,-18.5,376925,78.955,False,ECB_CROSS,0.049,0.0175,0.051409,0.017359,False,USD:UST13W|INR:OECD_IR3TIB,0.03366,79.1741,79.6249,209.5695,209.599,210.455,2022-06-30,2022-07-29,PROXY_IMPORT_PARITY,18.42,81.66,True,WCI_DERIVED|USEC:SIBLING|JEA:ASSUMPTION
2022-06-30,True,2397.0,2421.0,-24.0,373275,79.0536,False,ECB_CROSS,0.049,0.0175,0.051409,0.016668,False,USD:UST13W|INR:OECD_IR3TIB,0.034363,79.2775,79.7383,205.1245,205.1245,205.9624,2022-06-30,2022-07-29,PROXY_IMPORT_PARITY,17.66,78.31,False,WCI_REPORTED|USEC:ANCHORED|JEA:ASSUMPTION
2022-07-01,True,2384.0,2400.0,-16.0,369675,79.0165,False,ECB_CROSS,0.049,0.0175,0.05312,0.016668,False,USD:UST13W|INR:OECD_IR3TIB,0.036067,79.2592,79.7348,203.9163,204.7473,205.7266,2022-07-29,2022-08-31,PROXY_IMPORT_PARITY,17.66,78.31,True,WCI_REPORTED|USEC:ANCHORED|JEA:ASSUMPTION
2022-07-04,True,2431.5,2452.0,-20.5,366150,78.916,False,ECB_CROSS,0.049,0.0175,0.05312,0.016668,True,USD:UST13W|INR:OECD_IR3TIB,0.036067,79.1584,79.6334,207.7147,208.4704,209.468,2022-07-29,2022-08-31,PROXY_IMPORT_PARITY,17.66,78.31,True,WCI_REPORTED|USEC:ANCHORED|JEA:ASSUMPTION
2022-07-05,True,2374.0,2387.5,-13.5,362525,79.3712,False,ECB_CROSS,0.049,0.0175,0.05312,0.018641,False,USD:UST13W|INR:OECD_IR3TIB,0.034058,79.6015,80.0526,203.9725,204.6849,205.6645,2022-07-29,2022-08-31,PROXY_IMPORT_PARITY,17.66,78.31,True,WCI_REPORTED|USEC:ANCHORED|JEA:ASSUMPTION
2022-07-06,True,2358.0,2380.0,-22.0,358125,79.1315,False,ECB_CROSS,0.049,0.0175,0.05312,0.018542,False,USD:UST13W|INR:OECD_IR3TIB,0.034158,79.3618,79.8128,201.9859,202.662,203.6321,2022-07-29,2022-08-31,PROXY_IMPORT_PARITY,17.66,78.31,True,WCI_REPORTED|USEC:ANCHORED|JEA:ASSUMPTION
2022-07-07,True,2417.5,2435.0,-17.5,353175,79.1749,False,ECB_CROSS,0.049,0.0175,0.05312,0.019036,False,USD:UST13W|INR:OECD_IR3TIB,0.033656,79.4019,79.8465,207.1963,207.8597,208.8547,2022-07-29,2022-08-31,PROXY_IMPORT_PARITY,17.23,76.39,False,WCI_REPORTED|USEC:ANCHORED|JEA:ASSUMPTION
2022-07-08,True,2399.5,2414.5,-15.0,347175,79.2364,False,ECB_CROSS,0.049,0.0175,0.05312,0.019233,False,USD:UST13W|INR:OECD_IR3TIB,0.033456,79.4623,79.9046,205.8133,206.4423,207.4307,2022-07-29,2022-08-31,PROXY_IMPORT_PARITY,17.23,76.39,True,WCI_REPORTED|USEC:ANCHORED|JEA:ASSUMPTION
2022-07-11,True,2417.0,2423.0,-6.0,343825,79.4647,False,ECB_CROSS,0.049,0.0175,0.05312,0.021403,False,USD:UST13W|INR:OECD_IR3TIB,0.031249,79.6764,80.0907,207.9116,208.4563,209.4548,2022-07-29,2022-08-31,PROXY_IMPORT_PARITY,17.23,76.39,True,WCI_REPORTED|USEC:ANCHORED|JEA:ASSUMPTION
2022-07-12,True,2358.0,2370.5,-12.5,340375,79.5623,False,ECB_CROSS,0.049,0.0175,0.05312,0.021699,False,USD:UST13W|INR:OECD_IR3TIB,0.030949,79.7722,80.183,203.0856,203.588,204.5634,2022-07-29,2022-08-31,PROXY_IMPORT_PARITY,17.23,76.39,True,WCI_REPORTED|USEC:ANCHORED|JEA:ASSUMPTION
2022-07-13,True,2343.0,2355.5,-12.5,340300,79.5952,False,ECB_CROSS,0.049,0.0175,0.05312,0.023474,False,USD:UST13W|INR:OECD_IR3TIB,0.029145,79.793,80.1799,201.8771,202.3472,203.3167,2022-07-29,2022-08-31,PROXY_IMPORT_PARITY,17.23,76.39,True,WCI_REPORTED|USEC:ANCHORED|JEA:ASSUMPTION
2022-07-14,True,2329.0,2340.0,-11.0,336850,80.0352,False,ECB_CROSS,0.049,0.0175,0.05312,0.023474,False,USD:UST13W|INR:OECD_IR3TIB,0.029145,80.2341,80.6231,201.7801,202.2206,203.1897,2022-07-29,2022-08-31,PROXY_IMPORT_PARITY,16.72,74.12,False,WCI_REPORTED|USEC:ANCHORED|JEA:ASSUMPTION
2022-07-15,True,2320.5,2336.0,-15.5,333000,79.8449,False,ECB_CROSS,0.049,0.0175,0.05312,0.022981,False,USD:UST13W|INR:OECD_IR3TIB,0.029646,80.0467,80.4416,200.5657,200.9743,201.9376,2022-07-29,2022-08-31,PROXY_IMPORT_PARITY,16.72,74.12,True,WCI_REPORTED|USEC:ANCHORED|JEA:ASSUMPTION
2022-07-18,True,2377.5,2392.0,-14.5,328500,79.9862,False,ECB_CROSS,0.049,0.0175,0.05312,0.024559,False,USD:UST13W|INR:OECD_IR3TIB,0.028044,80.1775,80.5516,205.856,206.1855,207.1742,2022-07-29,2022-08-31,PROXY_IMPORT_PARITY,16.72,74.12,True,WCI_REPORTED|USEC:ANCHORED|JEA:ASSUMPTION
2022-07-19,True,2412.0,2420.5,-8.5,325075,79.9395,False,ECB_CROSS,0.049,0.0175,0.05312,0.024756,False,USD:UST13W|INR:OECD_IR3TIB,0.027844,80.1293,80.5005,208.7212,209.025,210.0274,2022-07-29,2022-08-31,PROXY_IMPORT_PARITY,16.72,74.12,True,WCI_REPORTED|USEC:ANCHORED|JEA:ASSUMPTION
2022-07-20,True,2456.5,2448.0,8.5,320675,80.0069,False,ECB_CROSS,0.049,0.0175,0.05312,0.024559,False,USD:UST13W|INR:OECD_IR3TIB,0.028044,80.1982,80.5724,212.7512,213.0299,214.0517,2022-07-29,2022-08-31,PROXY_IMPORT_PARITY,16.72,74.12,True,WCI_REPORTED|USEC:ANCHORED|JEA:ASSUMPTION
2022-07-21,True,2426.0,2425.0,1.0,317275,79.8618,False,ECB_CROSS,0.049,0.0175,0.05312,0.024164,False,USD:UST13W|INR:OECD_IR3TIB,0.028445,80.0555,80.4343,209.7287,209.9728,210.9801,2022-07-29,2022-08-31,PROXY_IMPORT_PARITY,15.92,70.61,False,WCI_REPORTED|USEC:ANCHORED|JEA:ASSUMPTION
2022-07-22,True,2460.0,2457.5,2.5,313175,79.8665,False,ECB_CROSS,0.049,0.0175,0.05312,0.024263,False,USD:UST13W|INR:OECD_IR3TIB,0.028344,80.0596,80.4371,212.6805,212.8972,213.9186,2022-07-29,2022-08-31,PROXY_IMPORT_PARITY,15.92,70.61,True,WCI_REPORTED|USEC:ANCHORED|JEA:ASSUMPTION
2022-07-25,True,2431.5,2432.0,-0.5,308050,79.7846,False,ECB_CROSS,0.049,0.0175,0.05312,0.025644,False,USD:UST13W|INR:OECD_IR3TIB,0.026944,79.968,80.3264,210.0009,210.1232,211.1318,2022-07-29,2022-08-31,PROXY_IMPORT_PARITY,15.92,70.61,True,WCI_REPORTED|USEC:ANCHORED|JEA:ASSUMPTION
2022-07-26,True,2437.0,2427.0,10.0,304125,79.8153,False,ECB_CROSS,0.049,0.0175,0.05312,0.024953,False,USD:UST13W|INR:OECD_IR3TIB,0.027644,80.0035,80.3714,210.557,210.6489,211.6601,2022-07-29,2022-08-31,PROXY_IMPORT_PARITY,15.92,70.61,True,WCI_REPORTED|USEC:ANCHORED|JEA:ASSUMPTION
2022-07-27,True,2390.5,2386.5,4.0,299700,79.9202,False,ECB_CROSS,0.049,0.0175,0.05312,0.023868,False,USD:UST13W|INR:OECD_IR3TIB,0.028745,80.1161,80.4993,206.8108,206.871,207.8642,2022-07-29,2022-08-31,PROXY_IMPORT_PARITY,15.92,70.61,True,WCI_REPORTED|USEC:ANCHORED|JEA:ASSUMPTION
2022-07-28,True,2458.0,2446.0,12.0,295325,79.6814,False,ECB_CROSS,0.049,0.025,0.05312,0.023671,False,USD:UST13W|INR:OECD_IR3TIB,0.028945,79.8781,80.2627,212.0151,212.0459,213.0642,2022-07-29,2022-08-31,PROXY_IMPORT_PARITY,15.68,69.51,False,WCI_REPORTED|USEC:ANCHORED|JEA:ASSUMPTION
2022-07-29,True,2452.0,2438.0,14.0,291025,79.3116,False,ECB_CROSS,0.049,0.025,0.05312,0.023573,False,USD:UST13W|INR:OECD_IR3TIB,0.029045,79.5081,79.8923,210.516,210.516,211.527,2022-07-29,2022-08-31,PROXY_IMPORT_PARITY,15.68,69.51,True,WCI_REPORTED|USEC:ANCHORED|JEA:ASSUMPTION
2022-08-01,True,2469.5,2448.0,21.5,288125,79.0907,False,ECB_CROSS,0.049,0.025,0.051428,0.024953,False,USD:UST13W|INR:OECD_IR3TIB,0.025962,79.2658,79.6083,211.4279,212.3216,213.2153,2022-08-31,2022-09-30,PROXY_IMPORT_PARITY,15.68,69.51,True,WCI_REPORTED|USEC:ANCHORED|JEA:ASSUMPTION
2022-08-02,True,2448.5,2437.0,11.5,296650,78.5645,False,ECB_CROSS,0.049,0.025,0.051428,0.024953,False,USD:UST13W|INR:OECD_IR3TIB,0.025962,78.7384,79.0786,208.2353,209.0862,209.9664,2022-08-31,2022-09-30,PROXY_IMPORT_PARITY,15.68,69.51,True,WCI_REPORTED|USEC:ANCHORED|JEA:ASSUMPTION
2022-08-03,True,2403.0,2401.0,2.0,294550,79.1539,False,ECB_CROSS,0.049,0.025,0.051428,0.024559,False,USD:UST13W|INR:OECD_IR3TIB,0.026362,79.3319,79.6799,205.8989,206.7112,207.5815,2022-08-31,2022-09-30,PROXY_IMPORT_PARITY,15.68,69.51,True,WCI_REPORTED|USEC:ANCHORED|JEA:ASSUMPTION
2022-08-04,True,2374.0,2373.0,1.0,290675,79.3355,False,ECB_CROSS,0.049,0.025,0.051428,0.024263,False,USD:UST13W|INR:OECD_IR3TIB,0.026663,79.5159,79.8687,203.8807,204.6563,205.5181,2022-08-31,2022-09-30,PROXY_IMPORT_PARITY,15.87,70.36,False,WCI_REPORTED|USEC:ANCHORED|JEA:ASSUMPTION
2022-08-05,True,2447.5,2441.0,6.5,289125,79.2015,False,ECB_CROSS,0.054,0.025,0.056428,0.024953,False,USD:UST13W|INR:OECD_IR3TIB,0.030931,79.4104,79.819,209.8379,210.6814,211.6546,2022-08-31,2022-09-30,PROXY_IMPORT_PARITY,15.87,70.36,True,WCI_REPORTED|USEC:ANCHORED|JEA:ASSUMPTION
2022-08-08,True,2435.5,2434.0,1.5,287425,79.5823,False,ECB_CROSS,0.054,0.025,0.056428,0.025841,False,USD:UST13W|INR:OECD_IR3TIB,0.03003,79.7862,80.1847,209.8131,210.5591,211.5322,2022-08-31,2022-09-30,PROXY_IMPORT_PARITY,15.87,70.36,True,WCI_REPORTED|USEC:ANCHORED|JEA:ASSUMPTION
2022-08-09,True,2488.0,2473.5,14.5,284275,79.5447,False,ECB_CROSS,0.054,0.025,0.056428,0.02594,False,USD:UST13W|INR:OECD_IR3TIB,0.02993,79.7477,80.1447,214.2346,214.9632,215.9568,2022-08-31,2022-09-30,PROXY_IMPORT_PARITY,15.87,70.36,True,WCI_REPORTED|USEC:ANCHORED|JEA:ASSUMPTION
2022-08-10,True,2462.5,2449.0,13.5,282700,79.4655,False,ECB_CROSS,0.054,0.025,0.056428,0.025742,False,USD:UST13W|INR:OECD_IR3TIB,0.03013,79.6697,80.069,211.8277,212.5154,213.4979,2022-08-31,2022-09-30,PROXY_IMPORT_PARITY,15.87,70.36,True,WCI_REPORTED|USEC:ANCHORED|JEA:ASSUMPTION
2022-08-11,True,2498.0,2493.0,5.0,279125,79.5942,False,ECB_CROSS,0.054,0.025,0.056428,0.025348,False,USD:UST13W|INR:OECD_IR3TIB,0.03053,79.8015,80.2067,215.2295,215.895,216.8932,2022-08-31,2022-09-30,PROXY_IMPORT_PARITY,15.9,70.48,False,WCI_REPORTED|USEC:ANCHORED|JEA:ASSUMPTION
2022-08-12,True,2468.5,2466.0,2.5,277225,79.7214,False,ECB_CROSS,0.054,0.025,0.056428,0.025447,False,USD:UST13W|INR:OECD_IR3TIB,0.03043,79.9284,80.3329,213.0276,213.6534,214.6414,2022-08-31,2022-09-30,PROXY_IMPORT_PARITY,15.9,70.48,True,WCI_REPORTED|USEC:ANCHORED|JEA:ASSUMPTION
2022-08-15,True,2389.5,2385.0,4.5,275725,79.5105,False,ECB_CROSS,0.054,0.025,0.056428,0.026433,False,USD:UST13W|INR:OECD_IR3TIB,0.029429,79.7102,80.1003,205.6645,206.1733,207.1271,2022-08-31,2022-09-30,PROXY_IMPORT_PARITY,15.9,70.48,True,WCI_REPORTED|USEC:ANCHORED|JEA:ASSUMPTION
2022-08-16,True,2442.0,2443.0,-1.0,275625,79.3352,False,ECB_CROSS,0.054,0.025,0.056428,0.026236,False,USD:UST13W|INR:OECD_IR3TIB,0.029629,79.5357,79.9277,209.7198,210.2062,211.1788,2022-08-31,2022-09-30,PROXY_IMPORT_PARITY,15.9,70.48,True,WCI_REPORTED|USEC:ANCHORED|JEA:ASSUMPTION
2022-08-17,True,2414.0,2413.0,1.0,276875,79.4525,False,ECB_CROSS,0.054,0.025,0.056428,0.026038,False,USD:UST13W|INR:OECD_IR3TIB,0.029829,79.6547,80.0499,207.6217,208.0711,209.034,2022-08-31,2022-09-30,PROXY_IMPORT_PARITY,15.9,70.48,True,WCI_REPORTED|USEC:ANCHORED|JEA:ASSUMPTION
2022-08-18,True,2412.0,2414.0,-2.0,274525,79.6247,False,ECB_CROSS,0.054,0.025,0.056428,0.026236,False,USD:UST13W|INR:OECD_IR3TIB,0.029629,79.8259,80.2193,207.8993,208.3171,209.2813,2022-08-31,2022-09-30,PROXY_IMPORT_PARITY,15.89,70.45,False,WCI_REPORTED|USEC:ANCHORED|JEA:ASSUMPTION
2022-08-19,True,2376.0,2373.5,2.5,273775,79.8675,False,ECB_CROSS,0.054,0.025,0.056428,0.026532,False,USD:UST13W|INR:OECD_IR3TIB,0.029329,80.0674,80.4579,205.4208,205.8019,206.7546,2022-08-31,2022-09-30,PROXY_IMPORT_PARITY,15.89,70.45,True,WCI_REPORTED|USEC:ANCHORED|JEA:ASSUMPTION
2022-08-22,True,2387.5,2380.5,7.0,273325,79.8535,False,ECB_CROSS,0.054,0.025,0.056428,0.027616,False,USD:UST13W|INR:OECD_IR3TIB,0.028229,80.0459,80.4217,206.3789,206.666,207.6232,2022-08-31,2022-09-30,PROXY_IMPORT_PARITY,15.89,70.45,True,WCI_REPORTED|USEC:ANCHORED|JEA:ASSUMPTION
2022-08-23,True,2438.5,2417.0,21.5,271450,79.8635,False,ECB_CROSS,0.054,0.025,0.056428,0.027321,False,USD:UST13W|INR:OECD_IR3TIB,0.028529,80.0579,80.4378,210.8138,211.0745,212.0523,2022-08-31,2022-09-30,PROXY_IMPORT_PARITY,15.89,70.45,True,WCI_REPORTED|USEC:ANCHORED|JEA:ASSUMPTION
2022-08-24,True,2422.0,2414.0,8.0,282075,79.8275,False,ECB_CROSS,0.054,0.025,0.056428,0.027518,False,USD:UST13W|INR:OECD_IR3TIB,0.028329,80.0204,80.3975,209.2929,209.5194,210.4901,2022-08-31,2022-09-30,PROXY_IMPORT_PARITY,15.89,70.45,True,WCI_REPORTED|USEC:ANCHORED|JEA:ASSUMPTION
2022-08-25,True,2442.5,2427.5,15.0,280125,79.8952,False,ECB_CROSS,0.054,0.025,0.056428,0.028011,False,USD:UST13W|INR:OECD_IR3TIB,0.027829,80.0849,80.4556,211.2434,211.4394,212.4191,2022-08-31,2022-09-30,PROXY_IMPORT_PARITY,15.78,69.96,False,WCI_REPORTED|USEC:ANCHORED|JEA:ASSUMPTION
2022-08-26,True,2495.0,2485.5,9.5,278025,79.8466,False,ECB_CROSS,0.054,0.025,0.056428,0.028011,False,USD:UST13W|INR:OECD_IR3TIB,0.027829,80.0362,80.4067,215.6527,215.8194,216.8196,2022-08-31,2022-09-30,PROXY_IMPORT_PARITY,15.78,69.96,True,WCI_REPORTED|USEC:ANCHORED|JEA:ASSUMPTION
2022-08-30,True,2406.5,2405.0,1.5,280475,79.5321,False,ECB_CROSS,0.054,0.025,0.056428,0.028997,False,USD:UST13W|INR:OECD_IR3TIB,0.026829,79.7142,80.0699,207.184,207.216,208.1769,2022-08-31,2022-09-30,PROXY_IMPORT_PARITY,15.78,69.96,True,WCI_REPORTED|USEC:ANCHORED|JEA:ASSUMPTION
2022-08-31,True,2368.5,2357.0,11.5,277050,79.5465,False,ECB_CROSS,0.054,0.025,0.056428,0.028899,False,USD:UST13W|INR:OECD_IR3TIB,0.026931,79.7234,80.0806,203.9494,203.9494,204.8953,2022-08-31,2022-09-30,PROXY_IMPORT_PARITY,15.78,69.96,True,WCI_REPORTED|USEC:ANCHORED|JEA:ASSUMPTION
2022-09-01,False,2306.0,2301.5,4.5,276375,79.5877,False,ECB_CROSS,0.054,0.025,0.057905,0.028997,False,USD:UST13W|INR:OECD_IR3TIB,0.028297,79.7737,80.1492,198.6704,199.5844,200.5615,2022-09-30,2022-10-31,PROXY_IMPORT_PARITY,15.73,69.76,False,WCI_REPORTED|USEC:ANCHORED|JEA:ASSUMPTION
2022-09-02,False,2309.0,2301.0,8.0,276050,79.8655,False,ECB_CROSS,0.054,0.025,0.057905,0.028701,False,USD:UST13W|INR:OECD_IR3TIB,0.028597,80.0541,80.4349,199.6232,200.51,201.4917,2022-09-30,2022-10-31,PROXY_IMPORT_PARITY,15.73,69.76,True,WCI_REPORTED|USEC:ANCHORED|JEA:ASSUMPTION
2022-09-05,False,2290.5,2290.0,0.5,277050,79.8722,False,ECB_CROSS,0.054,0.025,0.057905,0.028701,True,USD:UST13W|INR:OECD_IR3TIB,0.028597,80.0608,80.4416,198.0404,198.8259,199.7998,2022-09-30,2022-10-31,PROXY_IMPORT_PARITY,15.73,69.76,True,WCI_REPORTED|USEC:ANCHORED|JEA:ASSUMPTION
2022-09-06,False,2260.0,2263.0,-3.0,308375,79.8051,False,ECB_CROSS,0.054,0.025,0.057905,0.029786,False,USD:UST13W|INR:OECD_IR3TIB,0.027498,79.9864,80.3522,195.2392,195.9826,196.9427,2022-09-30,2022-10-31,PROXY_IMPORT_PARITY,15.73,69.76,True,WCI_REPORTED|USEC:ANCHORED|JEA:ASSUMPTION
2022-09-07,False,2230.5,2238.0,-7.5,309500,79.9474,False,ECB_CROSS,0.054,0.025,0.057905,0.029984,False,USD:UST13W|INR:OECD_IR3TIB,0.027298,80.1277,80.4915,193.0343,193.7386,194.688,2022-09-30,2022-10-31,PROXY_IMPORT_PARITY,15.73,69.76,True,WCI_REPORTED|USEC:ANCHORED|JEA:ASSUMPTION
2022-09-08,False,2256.0,2268.0,-12.0,309025,79.6658,False,ECB_CROSS,0.054,0.025,0.057905,0.029885,False,USD:UST13W|INR:OECD_IR3TIB,0.027398,79.8461,80.21,194.5534,195.2325,196.1893,2022-09-30,2022-10-31,PROXY_IMPORT_PARITY,16.2,71.84,False,WCI_REPORTED|USEC:ANCHORED|JEA:ASSUMPTION
2022-09-09,False,2280.0,2290.0,-10.0,335275,79.5786,False,ECB_CROSS,0.054,0.025,0.057905,0.029984,False,USD:UST13W|INR:OECD_IR3TIB,0.027298,79.758,80.1202,196.4079,197.0623,198.0282,2022-09-30,2022-10-31,PROXY_IMPORT_PARITY,16.2,71.84,True,WCI_REPORTED|USEC:ANCHORED|JEA:ASSUMPTION
2022-09-12,False,2288.5,2309.5,-21.0,334375,79.4604,False,ECB_CROSS,0.054,0.025,0.057905,0.031167,False,USD:UST13W|INR:OECD_IR3TIB,0.026099,79.6317,79.9774,196.8473,197.4095,198.3776,2022-09-30,2022-10-31,PROXY_IMPORT_PARITY,16.2,71.84,True,WCI_REPORTED|USEC:ANCHORED|JEA:ASSUMPTION
2022-09-13,False,2309.5,2326.5,-17.0,332900,79.16,False,ECB_CROSS,0.054,0.025,0.057905,0.032153,False,USD:UST13W|INR:OECD_IR3TIB,0.025101,79.3242,79.6554,197.9027,198.4364,199.4097,2022-09-30,2022-10-31,PROXY_IMPORT_PARITY,16.2,71.84,True,WCI_REPORTED|USEC:ANCHORED|JEA:ASSUMPTION
2022-09-14,False,2227.5,2244.0,-16.5,345600,79.5015,False,ECB_CROSS,0.054,0.025,0.057905,0.03166,False,USD:UST13W|INR:OECD_IR3TIB,0.0256,79.6697,80.0089,191.6995,192.1861,193.1288,2022-09-30,2022-10-31,PROXY_IMPORT_PARITY,16.2,71.84,True,WCI_REPORTED|USEC:ANCHORED|JEA:ASSUMPTION
2022-09-15,False,2272.0,2282.0,-10.0,349650,79.7757,False,ECB_CROSS,0.054,0.025,0.057905,0.031463,False,USD:UST13W|INR:OECD_IR3TIB,0.0258,79.9458,80.2889,196.2035,196.6704,197.6354,2022-09-30,2022-10-31,PROXY_IMPORT_PARITY,16.14,71.55,False,WCI_REPORTED|USEC:ANCHORED|JEA:ASSUMPTION
2022-09-16,False,2259.0,2267.0,-8.0,347650,79.7272,False,ECB_CROSS,0.054,0.025,0.057905,0.031266,False,USD:UST13W|INR:OECD_IR3TIB,0.025999,79.8985,80.244,194.9623,195.3953,196.3541,2022-09-30,2022-10-31,PROXY_IMPORT_PARITY,16.14,71.55,True,WCI_REPORTED|USEC:ANCHORED|JEA:ASSUMPTION
2022-09-19,False,2232.0,2247.0,-15.0,346325,79.7327,False,ECB_CROSS,0.054,0.025,0.057905,0.03314,False,USD:UST13W|INR:OECD_IR3TIB,0.024103,79.8916,80.2119,192.6454,192.9815,193.929,2022-09-30,2022-10-31,PROXY_IMPORT_PARITY,16.14,71.55,True,WCI_REPORTED|USEC:ANCHORED|JEA:ASSUMPTION
2022-09-20,False,2245.5,2266.0,-20.5,346025,79.7211,False,ECB_CROSS,0.054,0.025,0.057905,0.032844,False,USD:UST13W|INR:OECD_IR3TIB,0.024402,79.8819,80.2061,193.7824,194.0898,195.0428,2022-09-30,2022-10-31,PROXY_IMPORT_PARITY,16.14,71.55,True,WCI_REPORTED|USEC:ANCHORED|JEA:ASSUMPTION
2022-09-21,False,2191.0,2218.0,-27.0,343325,79.9066,False,ECB_CROSS,0.054,0.025,0.057905,0.032351,False,USD:UST13W|INR:OECD_IR3TIB,0.024901,80.0711,80.4027,189.5191,189.7897,190.7217,2022-09-30,2022-10-31,PROXY_IMPORT_PARITY,16.14,71.55,True,WCI_REPORTED|USEC:ANCHORED|JEA:ASSUMPTION
2022-09-22,False,2195.5,2215.5,-20.0,341650,80.8347,False,ECB_CROSS,0.054,0.0325,0.057905,0.032153,False,USD:UST13W|INR:OECD_IR3TIB,0.025101,81.0024,81.3405,192.1141,192.3579,193.3027,2022-09-30,2022-10-31,PROXY_IMPORT_PARITY,15.83,70.18,False,WCI_REPORTED|USEC:ANCHORED|JEA:ASSUMPTION
2022-09-23,False,2153.0,2172.0,-19.0,340350,81.0647,False,ECB_CROSS,0.054,0.0325,0.057905,0.031463,False,USD:UST13W|INR:OECD_IR3TIB,0.0258,81.2375,81.5861,188.9312,189.141,190.0702,2022-09-30,2022-10-31,PROXY_IMPORT_PARITY,15.83,70.18,True,WCI_REPORTED|USEC:ANCHORED|JEA:ASSUMPTION
2022-09-26,False,2125.5,2145.5,-20.0,338850,81.5924,False,ECB_CROSS,0.054,0.0325,0.057905,0.033238,False,USD:UST13W|INR:OECD_IR3TIB,0.024003,81.7542,82.0806,187.7322,187.8513,188.7746,2022-09-30,2022-10-31,PROXY_IMPORT_PARITY,15.83,70.18,True,WCI_REPORTED|USEC:ANCHORED|JEA:ASSUMPTION
2022-09-27,False,2106.0,2130.0,-24.0,337425,81.4745,False,ECB_CROSS,0.054,0.0325,0.057905,0.032844,False,USD:UST13W|INR:OECD_IR3TIB,0.024402,81.6388,81.9702,185.7411,185.8295,186.743,2022-09-30,2022-10-31,PROXY_IMPORT_PARITY,15.83,70.18,True,WCI_REPORTED|USEC:ANCHORED|JEA:ASSUMPTION
2022-09-28,False,2080.0,2103.0,-23.0,335625,81.8249,False,ECB_CROSS,0.054,0.0325,0.057905,0.03314,False,USD:UST13W|INR:OECD_IR3TIB,0.024103,81.9879,82.3166,184.2369,184.2954,185.2015,2022-09-30,2022-10-31,PROXY_IMPORT_PARITY,15.83,70.18,True,WCI_REPORTED|USEC:ANCHORED|JEA:ASSUMPTION
2022-09-29,False,2261.0,2273.0,-12.0,334100,81.7165,False,ECB_CROSS,0.054,0.0325,0.057905,0.032844,False,USD:UST13W|INR:OECD_IR3TIB,0.024402,81.8813,82.2136,200.0038,200.0355,201.0191,2022-09-30,2022-10-31,PROXY_IMPORT_PARITY,15.4,68.29,False,WCI_REPORTED|USEC:ANCHORED|JEA:ASSUMPTION
2022-09-30,False,2180.0,2197.0,-17.0,332175,81.4783,False,ECB_CROSS,0.059,0.0325,0.062905,0.032449,False,USD:UST13W|INR:OECD_IR3TIB,0.029761,81.6786,82.0828,192.2766,192.2766,193.3038,2022-09-30,2022-10-31,PROXY_IMPORT_PARITY,15.4,68.29,True,WCI_REPORTED|USEC:ANCHORED|JEA:ASSUMPTION
2022-10-03,False,2164.0,2169.0,-5.0,330050,81.8292,False,ECB_CROSS,0.059,0.0325,0.062871,0.033732,False,USD:UST13W|INR:OECD_IR3TIB,0.028426,82.0279,82.4155,191.6874,192.6119,193.6024,2022-10-31,2022-11-30,PROXY_IMPORT_PARITY,15.4,68.29,True,WCI_REPORTED|USEC:ANCHORED|JEA:ASSUMPTION
2022-10-04,False,2261.5,2272.0,-10.5,328600,81.5888,False,ECB_CROSS,0.059,0.0325,0.062871,0.033436,False,USD:UST13W|INR:OECD_IR3TIB,0.028726,81.789,82.1796,199.7354,200.6643,201.6964,2022-10-31,2022-11-30,PROXY_IMPORT_PARITY,15.4,68.29,True,WCI_REPORTED|USEC:ANCHORED|JEA:ASSUMPTION
2022-10-05,False,2289.0,2299.0,-10.0,328525,81.6026,False,ECB_CROSS,0.059,0.0325,0.062871,0.033534,False,USD:UST13W|INR:OECD_IR3TIB,0.028626,81.8021,82.1914,202.1984,203.1039,204.1488,2022-10-31,2022-11-30,PROXY_IMPORT_PARITY,15.4,68.29,True,WCI_REPORTED|USEC:ANCHORED|JEA:ASSUMPTION
2022-10-06,False,2355.0,2360.0,-5.0,328850,82.2125,False,ECB_CROSS,0.059,0.0325,0.062871,0.033436,False,USD:UST13W|INR:OECD_IR3TIB,0.028726,82.4142,82.8077,209.5833,210.4858,211.5688,2022-10-31,2022-11-30,PROXY_IMPORT_PARITY,15.0,66.5,False,WCI_REPORTED|USEC:ANCHORED|JEA:ASSUMPTION
2022-10-07,False,2342.0,2345.5,-3.5,327625,82.215,False,ECB_CROSS,0.059,0.0325,0.062871,0.033337,False,USD:UST13W|INR:OECD_IR3TIB,0.028826,82.4174,82.8123,208.4327,209.2944,210.3714,2022-10-31,2022-11-30,PROXY_IMPORT_PARITY,15.0,66.5,True,WCI_REPORTED|USEC:ANCHORED|JEA:ASSUMPTION
2022-10-10,False,2274.0,2278.0,-4.0,327675,82.4665,False,ECB_CROSS,0.059,0.0325,0.062871,0.033337,True,USD:UST13W|INR:OECD_IR3TIB,0.028826,82.6696,83.0657,202.9999,203.7342,204.7832,2022-10-31,2022-11-30,PROXY_IMPORT_PARITY,15.0,66.5,True,WCI_REPORTED|USEC:ANCHORED|JEA:ASSUMPTION
2022-10-11,False,2218.5,2215.5,3.0,325800,82.2334,False,ECB_CROSS,0.059,0.0325,0.062871,0.035605,False,USD:UST13W|INR:OECD_IR3TIB,0.02653,82.4198,82.7833,197.4857,198.166,199.1865,2022-10-31,2022-11-30,PROXY_IMPORT_PARITY,15.0,66.5,True,WCI_REPORTED|USEC:ANCHORED|JEA:ASSUMPTION
2022-10-12,False,2227.0,2220.0,7.0,336275,82.3156,False,ECB_CROSS,0.059,0.0325,0.062871,0.035901,False,USD:UST13W|INR:OECD_IR3TIB,0.026231,82.5001,82.8598,198.4405,199.0899,200.1154,2022-10-31,2022-11-30,PROXY_IMPORT_PARITY,15.0,66.5,True,WCI_REPORTED|USEC:ANCHORED|JEA:ASSUMPTION
2022-10-13,False,2374.0,2360.5,13.5,351900,82.142,False,ECB_CROSS,0.059,0.0325,0.062871,0.03669,False,USD:UST13W|INR:OECD_IR3TIB,0.025433,82.3205,82.6686,211.093,211.7475,212.8383,2022-10-31,2022-11-30,PROXY_IMPORT_PARITY,15.01,66.55,False,WCI_REPORTED|USEC:ANCHORED|JEA:ASSUMPTION
2022-10-14,False,2309.0,2303.0,6.0,367200,82.2985,False,ECB_CROSS,0.059,0.0325,0.062871,0.036789,False,USD:UST13W|INR:OECD_IR3TIB,0.025333,82.4767,82.8241,205.7045,206.3068,207.3698,2022-10-31,2022-11-30,PROXY_IMPORT_PARITY,15.01,66.55,True,WCI_REPORTED|USEC:ANCHORED|JEA:ASSUMPTION
2022-10-17,False,2240.0,2240.5,-0.5,433025,82.2754,False,ECB_CROSS,0.059,0.0325,0.062871,0.038564,False,USD:UST13W|INR:OECD_IR3TIB,0.023539,82.4409,82.7635,199.5014,199.9825,201.0134,2022-10-31,2022-11-30,PROXY_IMPORT_PARITY,15.01,66.55,True,WCI_REPORTED|USEC:ANCHORED|JEA:ASSUMPTION
2022-10-18,False,2200.5,2216.5,-16.0,481375,82.2771,False,ECB_CROSS,0.059,0.0325,0.062871,0.039255,False,USD:UST13W|INR:OECD_IR3TIB,0.022842,82.4377,82.7508,195.9874,196.4263,197.4391,2022-10-31,2022-11-30,PROXY_IMPORT_PARITY,15.01,66.55,True,WCI_REPORTED|USEC:ANCHORED|JEA:ASSUMPTION
2022-10-19,False,2169.0,2181.0,-12.0,562550,83.039,False,ECB_CROSS,0.059,0.0325,0.062871,0.039452,False,USD:UST13W|INR:OECD_IR3TIB,0.022643,83.1997,83.5129,194.9708,195.3738,196.3813,2022-10-31,2022-11-30,PROXY_IMPORT_PARITY,15.01,66.55,True,WCI_REPORTED|USEC:ANCHORED|JEA:ASSUMPTION
2022-10-20,False,2214.0,2228.0,-14.0,568275,82.7393,False,ECB_CROSS,0.059,0.0325,0.062871,0.039452,False,USD:UST13W|INR:OECD_IR3TIB,0.022643,82.8994,83.2115,198.2976,198.6733,199.698,2022-10-31,2022-11-30,PROXY_IMPORT_PARITY,15.45,68.51,False,WCI_REPORTED|USEC:ANCHORED|JEA:ASSUMPTION
2022-10-21,False,2155.5,2175.5,-20.0,570000,82.9794,False,ECB_CROSS,0.059,0.0325,0.062871,0.039353,False,USD:UST13W|INR:OECD_IR3TIB,0.022743,83.1408,83.4551,193.6182,193.9517,194.9522,2022-10-31,2022-11-30,PROXY_IMPORT_PARITY,15.45,68.51,True,WCI_REPORTED|USEC:ANCHORED|JEA:ASSUMPTION
2022-10-24,False,2160.0,2179.0,-19.0,569525,82.7785,False,ECB_CROSS,0.059,0.0325,0.062871,0.040438,False,USD:UST13W|INR:OECD_IR3TIB,0.021648,82.9317,83.2302,193.5527,193.7861,194.7862,2022-10-31,2022-11-30,PROXY_IMPORT_PARITY,15.45,68.51,True,WCI_REPORTED|USEC:ANCHORED|JEA:ASSUMPTION
2022-10-25,False,2170.5,2192.0,-21.5,569500,82.804,False,ECB_CROSS,0.059,0.0325,0.062871,0.040142,False,USD:UST13W|INR:OECD_IR3TIB,0.021946,82.9594,83.262,194.5535,194.7546,195.7599,2022-10-31,2022-11-30,PROXY_IMPORT_PARITY,15.45,68.51,True,WCI_REPORTED|USEC:ANCHORED|JEA:ASSUMPTION
2022-10-26,False,2265.5,2262.0,3.5,574075,82.0174,False,ECB_CROSS,0.059,0.0325,0.062871,0.039748,False,USD:UST13W|INR:OECD_IR3TIB,0.022344,82.1741,82.4793,201.1398,201.313,202.3524,2022-10-31,2022-11-30,PROXY_IMPORT_PARITY,15.45,68.51,True,WCI_REPORTED|USEC:ANCHORED|JEA:ASSUMPTION
2022-10-27,False,2297.0,2302.0,-5.0,587100,82.3513,False,ECB_CROSS,0.059,0.0325,0.062871,0.039847,False,USD:UST13W|INR:OECD_IR3TIB,0.022245,82.5079,82.813,204.7667,204.9078,205.9659,2022-10-31,2022-11-30,PROXY_IMPORT_PARITY,15.22,67.49,False,WCI_REPORTED|USEC:ANCHORED|JEA:ASSUMPTION
2022-10-28,False,2226.0,2236.0,-10.0,587425,82.4606,False,ECB_CROSS,0.059,0.0325,0.062871,0.040241,False,USD:UST13W|INR:OECD_IR3TIB,0.021847,82.6146,82.9146,198.7008,198.8035,199.8302,2022-10-31,2022-11-30,PROXY_IMPORT_PARITY,15.22,67.49,True,WCI_REPORTED|USEC:ANCHORED|JEA:ASSUMPTION
2022-10-31,False,2197.0,2207.0,-10.0,586225,82.8157,False,ECB_CROSS,0.059,0.0325,0.062871,0.04103,False,USD:UST13W|INR:OECD_IR3TIB,0.021051,82.96,83.2551,196.9566,196.9566,197.9744,2022-10-31,2022-11-30,PROXY_IMPORT_PARITY,15.22,67.49,True,WCI_REPORTED|USEC:ANCHORED|JEA:ASSUMPTION
2022-11-01,False,2245.5,2254.0,-8.5,583975,82.5214,False,ECB_CROSS,0.059,0.0325,0.06458,0.04103,False,USD:UST13W|INR:OECD_IR3TIB,0.022742,82.6767,82.9944,200.5892,201.6184,202.6831,2022-11-30,2022-12-30,PROXY_IMPORT_PARITY,15.22,67.49,True,WCI_REPORTED|USEC:ANCHORED|JEA:ASSUMPTION
2022-11-02,False,2227.0,2238.5,-11.5,581050,82.7533,False,ECB_CROSS,0.059,0.0325,0.06458,0.040833,False,USD:UST13W|INR:OECD_IR3TIB,0.022941,82.9105,83.2318,199.4957,200.484,201.5429,2022-11-30,2022-12-30,PROXY_IMPORT_PARITY,15.22,67.49,True,WCI_REPORTED|USEC:ANCHORED|JEA:ASSUMPTION
2022-11-03,False,2216.0,2242.0,-26.0,577875,82.9329,False,ECB_CROSS,0.059,0.04,0.06458,0.04103,False,USD:UST13W|INR:OECD_IR3TIB,0.022742,83.0891,83.4083,198.9411,199.8915,200.9474,2022-11-30,2022-12-30,PROXY_IMPORT_PARITY,15.74,69.77,False,WCI_REPORTED|USEC:ANCHORED|JEA:ASSUMPTION
2022-11-04,False,2306.0,2318.0,-12.0,574425,82.0705,False,ECB_CROSS,0.059,0.04,0.06458,0.040636,False,USD:UST13W|INR:OECD_IR3TIB,0.02314,82.2277,82.5492,204.8681,205.8105,206.8979,2022-11-30,2022-12-30,PROXY_IMPORT_PARITY,15.74,69.77,True,WCI_REPORTED|USEC:ANCHORED|JEA:ASSUMPTION
2022-11-07,False,2292.0,2302.0,-10.0,570775,81.898,False,ECB_CROSS,0.059,0.04,0.06458,0.041622,False,USD:UST13W|INR:OECD_IR3TIB,0.022145,82.0482,82.3552,203.1963,204.0232,205.1018,2022-11-30,2022-12-30,PROXY_IMPORT_PARITY,15.74,69.77,True,WCI_REPORTED|USEC:ANCHORED|JEA:ASSUMPTION
2022-11-08,False,2327.0,2339.5,-12.5,564375,81.5506,False,ECB_CROSS,0.059,0.04,0.06458,0.041425,False,USD:UST13W|INR:OECD_IR3TIB,0.022344,81.7015,82.0099,205.4241,206.2237,207.3141,2022-11-30,2022-12-30,PROXY_IMPORT_PARITY,15.74,69.77,True,WCI_REPORTED|USEC:ANCHORED|JEA:ASSUMPTION
2022-11-09,False,2338.0,2355.0,-17.0,558825,81.3403,False,ECB_CROSS,0.059,0.04,0.06458,0.041523,False,USD:UST13W|INR:OECD_IR3TIB,0.022244,81.49,81.7963,205.8629,206.6278,207.7206,2022-11-30,2022-12-30,PROXY_IMPORT_PARITY,15.74,69.77,True,WCI_REPORTED|USEC:ANCHORED|JEA:ASSUMPTION
2022-11-10,False,2272.0,2285.0,-13.0,552600,81.6815,False,ECB_CROSS,0.059,0.04,0.06458,0.041326,False,USD:UST13W|INR:OECD_IR3TIB,0.022443,81.8333,82.1436,200.8907,201.6016,202.6679,2022-11-30,2022-12-30,PROXY_IMPORT_PARITY,15.57,69.04,False,WCI_INTERPOLATED|USEC:ANCHORED|JEA:ASSUMPTION
2022-11-11,False,2410.0,2426.0,-16.0,549275,80.7386,False,ECB_CROSS,0.059,0.04,0.06458,0.041326,True,USD:UST13W|INR:OECD_IR3TIB,0.022443,80.8885,81.1953,210.6329,211.341,212.459,2022-11-30,2022-12-30,PROXY_IMPORT_PARITY,15.57,69.04,True,WCI_INTERPOLATED|USEC:ANCHORED|JEA:ASSUMPTION
2022-11-14,False,2392.0,2418.0,-26.0,544025,81.188,False,ECB_CROSS,0.059,0.04,0.06458,0.042016,False,USD:UST13W|INR:OECD_IR3TIB,0.021747,81.3342,81.633,210.2233,210.8185,211.9343,2022-11-30,2022-12-30,PROXY_IMPORT_PARITY,15.57,69.04,True,WCI_INTERPOLATED|USEC:ANCHORED|JEA:ASSUMPTION
2022-11-15,False,2410.0,2445.0,-35.0,538825,80.8635,False,ECB_CROSS,0.059,0.04,0.06458,0.041819,False,USD:UST13W|INR:OECD_IR3TIB,0.021946,81.0104,81.3108,210.9587,211.5186,212.6384,2022-11-30,2022-12-30,PROXY_IMPORT_PARITY,15.57,69.04,True,WCI_INTERPOLATED|USEC:ANCHORED|JEA:ASSUMPTION
2022-11-16,False,2393.0,2420.0,-27.0,532975,81.2433,False,ECB_CROSS,0.059,0.04,0.06458,0.041819,False,USD:UST13W|INR:OECD_IR3TIB,0.021946,81.3909,81.6927,210.4545,210.9758,212.0929,2022-11-30,2022-12-30,PROXY_IMPORT_PARITY,15.57,69.04,True,WCI_INTERPOLATED|USEC:ANCHORED|JEA:ASSUMPTION
2022-11-17,False,2342.5,2371.0,-28.5,528250,81.7851,False,ECB_CROSS,0.059,0.04,0.06458,0.041721,False,USD:UST13W|INR:OECD_IR3TIB,0.022045,81.9343,82.2395,207.3871,207.8641,208.9649,2022-11-30,2022-12-30,PROXY_IMPORT_PARITY,15.3,67.86,False,WCI_DERIVED|USEC:ANCHORED|JEA:ASSUMPTION
2022-11-18,False,2369.0,2400.0,-31.0,524375,81.6974,False,ECB_CROSS,0.059,0.04,0.06458,0.041918,False,USD:UST13W|INR:OECD_IR3TIB,0.021846,81.8451,82.1472,209.5083,209.9531,211.0652,2022-11-30,2022-12-30,PROXY_IMPORT_PARITY,15.3,67.86,True,WCI_DERIVED|USEC:ANCHORED|JEA:ASSUMPTION
2022-11-21,False,2344.0,2368.0,-24.0,522000,81.727,False,ECB_CROSS,0.059,0.04,0.06458,0.042707,False,USD:UST13W|INR:OECD_IR3TIB,0.021051,81.8695,82.1607,207.3725,207.7027,208.8034,2022-11-30,2022-12-30,PROXY_IMPORT_PARITY,15.3,67.86,True,WCI_DERIVED|USEC:ANCHORED|JEA:ASSUMPTION
2022-11-22,False,2394.0,2419.0,-25.0,517075,81.6399,False,ECB_CROSS,0.059,0.04,0.06458,0.04251,False,USD:UST13W|INR:OECD_IR3TIB,0.02125,81.7835,82.0771,211.5702,211.8697,212.9927,2022-11-30,2022-12-30,PROXY_IMPORT_PARITY,15.3,67.86,True,WCI_DERIVED|USEC:ANCHORED|JEA:ASSUMPTION
2022-11-23,False,2364.0,2391.0,-27.0,513275,81.8073,False,ECB_CROSS,0.059,0.04,0.06458,0.04251,False,USD:UST13W|INR:OECD_IR3TIB,0.02125,81.9512,82.2454,209.3473,209.6066,210.7178,2022-11-30,2022-12-30,PROXY_IMPORT_PARITY,15.3,67.86,True,WCI_DERIVED|USEC:ANCHORED|JEA:ASSUMPTION
2022-11-24,False,2344.0,2375.0,-31.0,509450,81.6571,False,ECB_CROSS,0.059,0.04,0.06458,0.04251,True,USD:UST13W|INR:OECD_IR3TIB,0.02125,81.8007,82.0944,207.1951,207.415,208.5148,2022-11-30,2022-12-30,PROXY_IMPORT_PARITY,15.24,67.59,False,WCI_REPORTED|USEC:ANCHORED|JEA:ASSUMPTION
2022-11-25,False,2346.0,2381.0,-35.0,506275,81.6525,False,ECB_CROSS,0.059,0.04,0.06458,0.042608,False,USD:UST13W|INR:OECD_IR3TIB,0.02115,81.7955,82.0878,207.3602,207.5436,208.6443,2022-11-30,2022-12-30,PROXY_IMPORT_PARITY,15.24,67.59,True,WCI_REPORTED|USEC:ANCHORED|JEA:ASSUMPTION
2022-11-28,False,2315.5,2353.5,-38.0,503700,81.6563,False,ECB_CROSS,0.059,0.04,0.06458,0.043496,False,USD:UST13W|INR:OECD_IR3TIB,0.020255,81.7933,82.0732,204.6739,204.7463,205.8327,2022-11-30,2022-12-30,PROXY_IMPORT_PARITY,15.24,67.59,True,WCI_REPORTED|USEC:ANCHORED|JEA:ASSUMPTION
2022-11-29,False,2341.5,2382.0,-40.5,503150,81.6658,False,ECB_CROSS,0.059,0.04,0.06458,0.0432,False,USD:UST13W|INR:OECD_IR3TIB,0.020556,81.8048,82.0844,206.9962,207.0328,208.1315,2022-11-30,2022-12-30,PROXY_IMPORT_PARITY,15.24,67.59,True,WCI_REPORTED|USEC:ANCHORED|JEA:ASSUMPTION
2022-11-30,False,2387.0,2419.0,-32.0,501225,81.3623,False,ECB_CROSS,0.059,0.04,0.06458,0.0432,False,USD:UST13W|INR:OECD_IR3TIB,0.020558,81.5007,81.7747,210.2343,210.2343,211.3502,2022-11-30,2022-12-30,PROXY_IMPORT_PARITY,15.24,67.59,True,WCI_REPORTED|USEC:ANCHORED|JEA:ASSUMPTION
2022-12-01,False,2430.5,2460.5,-30.0,499150,81.2445,False,ECB_CROSS,0.059,0.04,0.061071,0.042608,False,USD:UST13W|INR:OECD_IR3TIB,0.017682,81.3674,81.5987,213.7556,214.7928,215.9373,2022-12-30,2023-01-31,PROXY_IMPORT_PARITY,14.85,65.84,False,WCI_REPORTED|USEC:ANCHORED|JEA:ASSUMPTION
2022-12-02,False,2448.5,2479.0,-30.5,497925,81.2711,False,ECB_CROSS,0.059,0.04,0.061071,0.042608,False,USD:UST13W|INR:OECD_IR3TIB,0.017682,81.394,81.6255,215.4092,216.4183,217.5717,2022-12-30,2023-01-31,PROXY_IMPORT_PARITY,14.85,65.84,True,WCI_REPORTED|USEC:ANCHORED|JEA:ASSUMPTION
2022-12-05,False,2485.0,2517.0,-32.0,495550,81.7275,False,ECB_CROSS,0.059,0.04,0.061071,0.0432,False,USD:UST13W|INR:OECD_IR3TIB,0.017086,81.8469,82.0718,219.848,220.7676,221.9447,2022-12-30,2023-01-31,PROXY_IMPORT_PARITY,14.85,65.84,True,WCI_REPORTED|USEC:ANCHORED|JEA:ASSUMPTION
2022-12-06,False,2461.0,2490.5,-29.5,491750,82.3968,False,ECB_CROSS,0.059,0.04,0.061071,0.0432,False,USD:UST13W|INR:OECD_IR3TIB,0.017086,82.5172,82.744,219.5078,220.3892,221.5645,2022-12-30,2023-01-31,PROXY_IMPORT_PARITY,14.85,65.84,True,WCI_REPORTED|USEC:ANCHORED|JEA:ASSUMPTION
2022-12-07,False,2450.5,2477.0,-26.5,483575,82.3364,False,ECB_CROSS,0.0625,0.04,0.064571,0.042411,False,USD:UST13W|INR:OECD_IR3TIB,0.021345,82.4867,82.7697,218.411,219.2997,220.5361,2022-12-30,2023-01-31,PROXY_IMPORT_PARITY,14.85,65.84,True,WCI_REPORTED|USEC:ANCHORED|JEA:ASSUMPTION
2022-12-08,False,2468.5,2498.0,-29.5,477425,82.399,False,ECB_CROSS,0.0625,0.04,0.064571,0.042115,False,USD:UST13W|INR:OECD_IR3TIB,0.021643,82.5515,82.8387,220.1826,221.0395,222.286,2022-12-30,2023-01-31,PROXY_IMPORT_PARITY,13.45,59.65,False,WCI_REPORTED|USEC:ANCHORED|JEA:ASSUMPTION
2022-12-09,False,2453.5,2488.0,-34.5,471575,82.3501,False,ECB_CROSS,0.0625,0.04,0.064571,0.042312,False,USD:UST13W|INR:OECD_IR3TIB,0.021444,82.5011,82.7856,218.7148,219.5273,220.7654,2022-12-30,2023-01-31,PROXY_IMPORT_PARITY,13.45,59.65,True,WCI_REPORTED|USEC:ANCHORED|JEA:ASSUMPTION
2022-12-12,False,2390.0,2430.0,-40.0,501675,82.6103,False,ECB_CROSS,0.0625,0.04,0.064571,0.043397,False,USD:UST13W|INR:OECD_IR3TIB,0.02035,82.7541,83.0248,213.7273,214.4079,215.6178,2022-12-30,2023-01-31,PROXY_IMPORT_PARITY,13.45,59.65,True,WCI_REPORTED|USEC:ANCHORED|JEA:ASSUMPTION
2022-12-13,False,2388.0,2428.0,-40.0,496425,82.7847,False,ECB_CROSS,0.0625,0.04,0.064571,0.043101,False,USD:UST13W|INR:OECD_IR3TIB,0.020648,82.9309,83.2062,213.9993,214.6429,215.8543,2022-12-30,2023-01-31,PROXY_IMPORT_PARITY,13.45,59.65,True,WCI_REPORTED|USEC:ANCHORED|JEA:ASSUMPTION
2022-12-14,False,2379.5,2428.0,-48.5,489300,82.4899,False,ECB_CROSS,0.0625,0.04,0.064571,0.042805,False,USD:UST13W|INR:OECD_IR3TIB,0.020947,82.6377,82.916,212.4782,213.0796,214.2825,2022-12-30,2023-01-31,PROXY_IMPORT_PARITY,13.45,59.65,True,WCI_REPORTED|USEC:ANCHORED|JEA:ASSUMPTION
2022-12-15,False,2396.0,2430.0,-34.0,483850,82.794,False,ECB_CROSS,0.0625,0.045,0.064571,0.042608,False,USD:UST13W|INR:OECD_IR3TIB,0.021146,82.9437,83.2257,214.7403,215.3101,216.5258,2022-12-30,2023-01-31,PROXY_IMPORT_PARITY,12.94,57.38,False,WCI_DERIVED|USEC:ANCHORED|JEA:ASSUMPTION
2022-12-16,False,2354.0,2398.0,-44.0,477650,82.7046,False,ECB_CROSS,0.0625,0.045,0.064571,0.042411,False,USD:UST13W|INR:OECD_IR3TIB,0.021345,82.8556,83.1399,210.7483,211.2702,212.4633,2022-12-30,2023-01-31,PROXY_IMPORT_PARITY,12.94,57.38,True,WCI_DERIVED|USEC:ANCHORED|JEA:ASSUMPTION
2022-12-19,False,2327.0,2364.0,-37.0,479525,82.593,False,ECB_CROSS,0.0625,0.045,0.064571,0.043299,False,USD:UST13W|INR:OECD_IR3TIB,0.020449,82.7375,83.0095,208.0499,208.4548,209.6325,2022-12-30,2023-01-31,PROXY_IMPORT_PARITY,12.94,57.38,True,WCI_DERIVED|USEC:ANCHORED|JEA:ASSUMPTION
2022-12-20,False,2329.5,2371.0,-41.5,478500,82.7105,False,ECB_CROSS,0.0625,0.045,0.064571,0.043003,False,USD:UST13W|INR:OECD_IR3TIB,0.020748,82.8573,83.1337,208.5697,208.9387,210.1194,2022-12-30,2023-01-31,PROXY_IMPORT_PARITY,12.94,57.38,True,WCI_DERIVED|USEC:ANCHORED|JEA:ASSUMPTION
2022-12-21,False,2357.0,2392.0,-35.0,481175,82.8404,False,ECB_CROSS,0.0625,0.045,0.064571,0.042608,False,USD:UST13W|INR:OECD_IR3TIB,0.021146,82.9902,83.2723,211.3633,211.6999,212.8964,2022-12-30,2023-01-31,PROXY_IMPORT_PARITY,12.94,57.38,True,WCI_DERIVED|USEC:ANCHORED|JEA:ASSUMPTION
2022-12-22,False,2362.0,2397.0,-35.0,473000,82.7955,False,ECB_CROSS,0.0625,0.045,0.064571,0.042805,False,USD:UST13W|INR:OECD_IR3TIB,0.020947,82.9439,83.2232,211.6969,211.9965,213.1949,2022-12-30,2023-01-31,PROXY_IMPORT_PARITY,12.48,55.36,False,WCI_REPORTED|USEC:ANCHORED|JEA:ASSUMPTION
2022-12-23,False,2342.0,2373.0,-31.0,466600,82.8074,False,ECB_CROSS,0.0625,0.045,0.064571,0.042707,False,USD:UST13W|INR:OECD_IR3TIB,0.021046,82.9564,83.2371,209.9346,210.1945,211.383,2022-12-30,2023-01-31,PROXY_IMPORT_PARITY,12.48,55.36,True,WCI_REPORTED|USEC:ANCHORED|JEA:ASSUMPTION
2022-12-28,False,2343.0,2378.0,-35.0,461725,82.7954,False,ECB_CROSS,0.0625,0.045,0.064571,0.043989,False,USD:UST13W|INR:OECD_IR3TIB,0.019754,82.9353,83.1987,209.9938,210.0681,211.2568,2022-12-30,2023-01-31,PROXY_IMPORT_PARITY,12.48,55.36,True,WCI_REPORTED|USEC:ANCHORED|JEA:ASSUMPTION
2022-12-29,False,2371.5,2399.0,-27.5,453375,82.8524,False,ECB_CROSS,0.0625,0.045,0.064571,0.04389,False,USD:UST13W|INR:OECD_IR3TIB,0.019853,82.9931,83.258,212.6944,212.7321,213.9361,2022-12-30,2023-01-31,PROXY_IMPORT_PARITY,12.08,53.57,False,WCI_DERIVED|USEC:ANCHORED|JEA:ASSUMPTION
2022-12-30,False,2360.5,2392.0,-31.5,450300,82.6655,False,ECB_CROSS,0.0625,0.045,0.064571,0.043397,False,USD:UST13W|INR:OECD_IR3TIB,0.02035,82.8094,83.0803,211.2303,211.2303,212.4261,2022-12-30,2023-01-31,PROXY_IMPORT_PARITY,12.08,53.57,True,WCI_DERIVED|USEC:ANCHORED|JEA:ASSUMPTION
