KEY,FREQ,CURRENCY,CURRENCY_DENOM,EXR_TYPE,EXR_SUFFIX,TIME_PERIOD,OBS_VALUE,OBS_STATUS,OBS_CONF,OBS_PRE_BREAK,OBS_COM,TIME_FORMAT,BREAKS,COLLECTION,COMPILING_ORG,DISS_ORG,DOM_SER_IDS,PUBL_ECB,PUBL_MU,PUBL_PUBLIC,UNIT_INDEX_BASE,COMPILATION,COVERAGE,DECIMALS,NAT_TITLE,SOURCE_AGENCY,SOURCE_PUB,TITLE,TITLE_COMPL,UNIT,UNIT_MULT
EXR.D.INR.EUR.SP00.A,D,INR,EUR,SP00,A,2017-12-01,76.655,A,F,,,P1D,,A,,,,,,,99Q1=100,,,4,,4F0,,Indian rupee/Euro ECB reference exchange rate,"ECB reference exchange rate, Indian rupee/Euro, 2.15 pm (C.E.T.)",INR,0
EXR.D.INR.EUR.SP00.A,D,INR,EUR,SP00,A,2017-12-04,76.409,A,F,,,P1D,,A,,,,,,,99Q1=100,,,4,,4F0,,Indian rupee/Euro ECB reference exchange rate,"ECB reference exchange rate, Indian rupee/Euro, 2.15 pm (C.E.T.)",INR,0
EXR.D.INR.EUR.SP00.A,D,INR,EUR,SP00,A,2017-12-05,76.3015,A,F,,,P1D,,A,,,,,,,99Q1=100,,,4,,4F0,,Indian rupee/Euro ECB reference exchange rate,"ECB reference exchange rate, Indian rupee/Euro, 2.15 pm (C.E.T.)",INR,0
EXR.D.INR.EUR.SP00.A,D,INR,EUR,SP00,A,2017-12-06,76.243,A,F,,,P1D,,A,,,,,,,99Q1=100,,,4,,4F0,,Indian rupee/Euro ECB reference exchange rate,"ECB reference exchange rate, Indian rupee/Euro, 2.15 pm (C.E.T.)",INR,0
EXR.D.INR.EUR.SP00.A,D,INR,EUR,SP00,A,2017-12-07,76.111,A,F,,,P1D,,A,,,,,,,99Q1=100,,,4,,4F0,,Indian rupee/Euro ECB reference exchange rate,"ECB reference exchange rate, Indian rupee/Euro, 2.15 pm (C.E.T.)",INR,0
EXR.D.INR.EUR.SP00.A,D,INR,EUR,SP00,A,2017-12-08,75.6775,A,F,,,P1D,,A,,,,,,,99Q1=100,,,4,,4F0,,Indian rupee/Euro ECB reference exchange rate,"ECB reference exchange rate, Indian rupee/Euro, 2.15 pm (C.E.T.)",INR,0
EXR.D.INR.EUR.SP00.A,D,INR,EUR,SP00,A,2017-12-11,75.9805,A,F,,,P1D,,A,,,,,,,99Q1=100,,,4,,4F0,,Indian rupee/Euro ECB reference exchange rate,"ECB reference exchange rate, Indian rupee/Euro, 2.15 pm (C.E.T.)",INR,0
EXR.D.INR.EUR.SP00.A,D,INR,EUR,SP00,A,2017-12-12,75.77,A,F,,,P1D,,A,,,,,,,99Q1=100,,,4,,4F0,,Indian rupee/Euro ECB reference exchange rate,"ECB reference exchange rate, Indian rupee/Euro, 2.15 pm (C.E.T.)",INR,0
EXR.D.INR.EUR.SP00.A,D,INR,EUR,SP00,A,2017-12-13,75.617,A,F,,,P1D,,A,,,,,,,99Q1=100,,,4,,4F0,,Indian rupee/Euro ECB reference exchange rate,"ECB reference exchange rate, Indian rupee/Euro, 2.15 pm (C.E.T.)",INR,0
EXR.D.INR.EUR.SP00.A,D,INR,EUR,SP00,A,2017-12-14,76.2465,A,F,,,P1D,,A,,,,,,,99Q1=100,,,4,,4F0,,Indian rupee/Euro ECB reference exchange rate,"ECB reference exchange rate, Indian rupee/Euro, 2.15 pm (C.E.T.)",INR,0
EXR.D.INR.EUR.SP00.A,D,INR,EUR,SP00,A,2017-12-15,75.6085,A,F,,,P1D,,A,,,,,,,99Q1=100,,,4,,4F0,,Indian rupee/Euro ECB reference exchange rate,"ECB reference exchange rate, Indian rupee/Euro, 2.15 pm (C.E.T.)",INR,0
EXR.D.INR.EUR.SP00.A,D,INR,EUR,SP00,A,2017-12-18,75.7645,A,F,,,P1D,,A,,,,,,,99Q1=100,,,4,,4F0,,Indian rupee/Euro ECB reference exchange rate,"ECB reference exchange rate, Indian rupee/Euro, 2.15 pm (C.E.T.)",INR,0
EXR.D.INR.EUR.SP00.A,D,INR,EUR,SP00,A,2017-12-19,75.7025,A,F,,,P1D,,A,,,,,,,99Q1=100,,,4,,4F0,,Indian rupee/Euro ECB reference exchange rate,"ECB reference exchange rate, Indian rupee/Euro, 2.15 pm (C.E.T.)",INR,0
EXR.D.INR.EUR.SP00.A,D,INR,EUR,SP00,A,2017-12-20,75.9475,A,F,,,P1D,,A,,,,,,,99Q1=100,,,4,,4F0,,Indian rupee/Euro ECB reference exchange rate,"ECB reference exchange rate, Indian rupee/Euro, 2.15 pm (C.E.T.)",INR,0
EXR.D.INR.EUR.SP00.A,D,INR,EUR,SP00,A,2017-12-21,75.9275,A,F,,,P1D,,A,,,,,,,99Q1=100,,,4,,4F0,,Indian rupee/Euro ECB reference exchange rate,"ECB reference exchange rate, Indian rupee/Euro, 2.15 pm (C.E.T.)",INR,0
EXR.D.INR.EUR.SP00.A,D,INR,EUR,SP00,A,2017-12-22,75.9065,A,F,,,P1D,,A,,,,,,,99Q1=100,,,4,,4F0,,Indian rupee/Euro ECB reference exchange rate,"ECB reference exchange rate, Indian rupee/Euro, 2.15 pm (C.E.T.)",INR,0
EXR.D.INR.EUR.SP00.A,D,INR,EUR,SP00,A,2017-12-27,76.3125,A,F,,,P1D,,A,,,,,,,99Q1=100,,,4,,4F0,,Indian rupee/Euro ECB reference exchange rate,"ECB reference exchange rate, Indian rupee/Euro, 2.15 pm (C.E.T.)",INR,0
EXR.D.INR.EUR.SP00.A,D,INR,EUR,SP00,A,2017-12-28,76.473,A,F,,,P1D,,A,,,,,,,99Q1=100,,,4,,4F0,,Indian rupee/Euro ECB reference exchange rate,"ECB reference exchange rate, Indian rupee/Euro, 2.15 pm (C.E.T.)",INR,0
EXR.D.INR.EUR.SP00.A,D,INR,EUR,SP00,A,2017-12-29,76.6055,A,F,,,P1D,,A,,,,,,,99Q1=100,,,4,,4F0,,Indian rupee/Euro ECB reference exchange rate,"ECB reference exchange rate, Indian rupee/Euro, 2.15 pm (C.E.T.)",INR,0
EXR.D.INR.EUR.SP00.A,D,INR,EUR,SP00,A,2018-01-02,76.6005,A,F,,,P1D,,A,,,,,,,99Q1=100,,,4,,4F0,,Indian rupee/Euro ECB reference exchange rate,"ECB reference exchange rate, Indian rupee/Euro, 2.15 pm (C.E.T.)",INR,0
EXR.D.INR.EUR.SP00.A,D,INR,EUR,SP00,A,2018-01-03,76.3455,A,F,,,P1D,,A,,,,,,,99Q1=100,,,4,,4F0,,Indian rupee/Euro ECB reference exchange rate,"ECB reference exchange rate, Indian rupee/Euro, 2.15 pm (C.E.T.)",INR,0
EXR.D.INR.EUR.SP00.A,D,INR,EUR,SP00,A,2018-01-04,76.498,A,F,,,P1D,,A,,,,,,,99Q1=100,,,4,,4F0,,Indian rupee/Euro ECB reference exchange rate,"ECB reference exchange rate, Indian rupee/Euro, 2.15 pm (C.E.T.)",INR,0
EXR.D.INR.EUR.SP00.A,D,INR,EUR,SP00,A,2018-01-05,76.329,A,F,,,P1D,,A,,,,,,,99Q1=100,,,4,,4F0,,Indian rupee/Euro ECB reference exchange rate,"ECB reference exchange rate, Indian rupee/Euro, 2.15 pm (C.E.T.)",INR,0
EXR.D.INR.EUR.SP00.A,D,INR,EUR,SP00,A,2018-01-08,76.0375,A,F,,,P1D,,A,,,,,,,99Q1=100,,,4,,4F0,,Indian rupee/Euro ECB reference exchange rate,"ECB reference exchange rate, Indian rupee/Euro, 2.15 pm (C.E.T.)",INR,0
EXR.D.INR.EUR.SP00.A,D,INR,EUR,SP00,A,2018-01-09,76.0215,A,F,,,P1D,,A,,,,,,,99Q1=100,,,4,,4F0,,Indian rupee/Euro ECB reference exchange rate,"ECB reference exchange rate, Indian rupee/Euro, 2.15 pm (C.E.T.)",INR,0
EXR.D.INR.EUR.SP00.A,D,INR,EUR,SP00,A,2018-01-10,76.263,A,F,,,P1D,,A,,,,,,,99Q1=100,,,4,,4F0,,Indian rupee/Euro ECB reference exchange rate,"ECB reference exchange rate, Indian rupee/Euro, 2.15 pm (C.E.T.)",INR,0
EXR.D.INR.EUR.SP00.A,D,INR,EUR,SP00,A,2018-01-11,76.5335,A,F,,,P1D,,A,,,,,,,99Q1=100,,,4,,4F0,,Indian rupee/Euro ECB reference exchange rate,"ECB reference exchange rate, Indian rupee/Euro, 2.15 pm (C.E.T.)",INR,0
EXR.D.INR.EUR.SP00.A,D,INR,EUR,SP00,A,2018-01-12,77.1915,A,F,,,P1D,,A,,,,,,,99Q1=100,,,4,,4F0,,Indian rupee/Euro ECB reference exchange rate,"ECB reference exchange rate, Indian rupee/Euro, 2.15 pm (C.E.T.)",INR,0
EXR.D.INR.EUR.SP00.A,D,INR,EUR,SP00,A,2018-01-15,77.9805,A,F,,,P1D,,A,,,,,,,99Q1=100,,,4,,4F0,,Indian rupee/Euro ECB reference exchange rate,"ECB reference exchange rate, Indian rupee/Euro, 2.15 pm (C.E.T.)",INR,0
EXR.D.INR.EUR.SP00.A,D,INR,EUR,SP00,A,2018-01-16,78.33,A,F,,,P1D,,A,,,,,,,99Q1=100,,,4,,4F0,,Indian rupee/Euro ECB reference exchange rate,"ECB reference exchange rate, Indian rupee/Euro, 2.15 pm (C.E.T.)",INR,0
EXR.D.INR.EUR.SP00.A,D,INR,EUR,SP00,A,2018-01-17,78.011,A,F,,,P1D,,A,,,,,,,99Q1=100,,,4,,4F0,,Indian rupee/Euro ECB reference exchange rate,"ECB reference exchange rate, Indian rupee/Euro, 2.15 pm (C.E.T.)",INR,0
EXR.D.INR.EUR.SP00.A,D,INR,EUR,SP00,A,2018-01-18,78.121,A,F,,,P1D,,A,,,,,,,99Q1=100,,,4,,4F0,,Indian rupee/Euro ECB reference exchange rate,"ECB reference exchange rate, Indian rupee/Euro, 2.15 pm (C.E.T.)",INR,0
EXR.D.INR.EUR.SP00.A,D,INR,EUR,SP00,A,2018-01-19,78.239,A,F,,,P1D,,A,,,,,,,99Q1=100,,,4,,4F0,,Indian rupee/Euro ECB reference exchange rate,"ECB reference exchange rate, Indian rupee/Euro, 2.15 pm (C.E.T.)",INR,0
EXR.D.INR.EUR.SP00.A,D,INR,EUR,SP00,A,2018-01-22,78.2225,A,F,,,P1D,,A,,,,,,,99Q1=100,,,4,,4F0,,Indian rupee/Euro ECB reference exchange rate,"ECB reference exchange rate, Indian rupee/Euro, 2.15 pm (C.E.T.)",INR,0
EXR.D.INR.EUR.SP00.A,D,INR,EUR,SP00,A,2018-01-23,78.118,A,F,,,P1D,,A,,,,,,,99Q1=100,,,4,,4F0,,Indian rupee/Euro ECB reference exchange rate,"ECB reference exchange rate, Indian rupee/Euro, 2.15 pm (C.E.T.)",INR,0
EXR.D.INR.EUR.SP00.A,D,INR,EUR,SP00,A,2018-01-24,78.673,A,F,,,P1D,,A,,,,,,,99Q1=100,,,4,,4F0,,Indian rupee/Euro ECB reference exchange rate,"ECB reference exchange rate, Indian rupee/Euro, 2.15 pm (C.E.T.)",INR,0
EXR.D.INR.EUR.SP00.A,D,INR,EUR,SP00,A,2018-01-25,78.865,A,F,,,P1D,,A,,,,,,,99Q1=100,,,4,,4F0,,Indian rupee/Euro ECB reference exchange rate,"ECB reference exchange rate, Indian rupee/Euro, 2.15 pm (C.E.T.)",INR,0
EXR.D.INR.EUR.SP00.A,D,INR,EUR,SP00,A,2018-01-26,79.1055,A,F,,,P1D,,A,,,,,,,99Q1=100,,,4,,4F0,,Indian rupee/Euro ECB reference exchange rate,"ECB reference exchange rate, Indian rupee/Euro, 2.15 pm (C.E.T.)",INR,0
EXR.D.INR.EUR.SP00.A,D,INR,EUR,SP00,A,2018-01-29,78.7055,A,F,,,P1D,,A,,,,,,,99Q1=100,,,4,,4F0,,Indian rupee/Euro ECB reference exchange rate,"ECB reference exchange rate, Indian rupee/Euro, 2.15 pm (C.E.T.)",INR,0
EXR.D.INR.EUR.SP00.A,D,INR,EUR,SP00,A,2018-01-30,79.057,A,F,,,P1D,,A,,,,,,,99Q1=100,,,4,,4F0,,Indian rupee/Euro ECB reference exchange rate,"ECB reference exchange rate, Indian rupee/Euro, 2.15 pm (C.E.T.)",INR,0
EXR.D.INR.EUR.SP00.A,D,INR,EUR,SP00,A,2018-01-31,79.18,A,F,,,P1D,,A,,,,,,,99Q1=100,,,4,,4F0,,Indian rupee/Euro ECB reference exchange rate,"ECB reference exchange rate, Indian rupee/Euro, 2.15 pm (C.E.T.)",INR,0
EXR.D.INR.EUR.SP00.A,D,INR,EUR,SP00,A,2018-02-01,79.766,A,F,,,P1D,,A,,,,,,,99Q1=100,,,4,,4F0,,Indian rupee/Euro ECB reference exchange rate,"ECB reference exchange rate, Indian rupee/Euro, 2.15 pm (C.E.T.)",INR,0
EXR.D.INR.EUR.SP00.A,D,INR,EUR,SP00,A,2018-02-02,80.0205,A,F,,,P1D,,A,,,,,,,99Q1=100,,,4,,4F0,,Indian rupee/Euro ECB reference exchange rate,"ECB reference exchange rate, Indian rupee/Euro, 2.15 pm (C.E.T.)",INR,0
EXR.D.INR.EUR.SP00.A,D,INR,EUR,SP00,A,2018-02-05,79.7435,A,F,,,P1D,,A,,,,,,,99Q1=100,,,4,,4F0,,Indian rupee/Euro ECB reference exchange rate,"ECB reference exchange rate, Indian rupee/Euro, 2.15 pm (C.E.T.)",INR,0
EXR.D.INR.EUR.SP00.A,D,INR,EUR,SP00,A,2018-02-06,79.2415,A,F,,,P1D,,A,,,,,,,99Q1=100,,,4,,4F0,,Indian rupee/Euro ECB reference exchange rate,"ECB reference exchange rate, Indian rupee/Euro, 2.15 pm (C.E.T.)",INR,0
EXR.D.INR.EUR.SP00.A,D,INR,EUR,SP00,A,2018-02-07,79.2655,A,F,,,P1D,,A,,,,,,,99Q1=100,,,4,,4F0,,Indian rupee/Euro ECB reference exchange rate,"ECB reference exchange rate, Indian rupee/Euro, 2.15 pm (C.E.T.)",INR,0
EXR.D.INR.EUR.SP00.A,D,INR,EUR,SP00,A,2018-02-08,78.7715,A,F,,,P1D,,A,,,,,,,99Q1=100,,,4,,4F0,,Indian rupee/Euro ECB reference exchange rate,"ECB reference exchange rate, Indian rupee/Euro, 2.15 pm (C.E.T.)",INR,0
EXR.D.INR.EUR.SP00.A,D,INR,EUR,SP00,A,2018-02-09,79.0045,A,F,,,P1D,,A,,,,,,,99Q1=100,,,4,,4F0,,Indian rupee/Euro ECB reference exchange rate,"ECB reference exchange rate, Indian rupee/Euro, 2.15 pm (C.E.T.)",INR,0
EXR.D.INR.EUR.SP00.A,D,INR,EUR,SP00,A,2018-02-12,78.894,A,F,,,P1D,,A,,,,,,,99Q1=100,,,4,,4F0,,Indian rupee/Euro ECB reference exchange rate,"ECB reference exchange rate, Indian rupee/Euro, 2.15 pm (C.E.T.)",INR,0
EXR.D.INR.EUR.SP00.A,D,INR,EUR,SP00,A,2018-02-13,79.273,A,F,,,P1D,,A,,,,,,,99Q1=100,,,4,,4F0,,Indian rupee/Euro ECB reference exchange rate,"ECB reference exchange rate, Indian rupee/Euro, 2.15 pm (C.E.T.)",INR,0
EXR.D.INR.EUR.SP00.A,D,INR,EUR,SP00,A,2018-02-14,79.1165,A,F,,,P1D,,A,,,,,,,99Q1=100,,,4,,4F0,,Indian rupee/Euro ECB reference exchange rate,"ECB reference exchange rate, Indian rupee/Euro, 2.15 pm (C.E.T.)",INR,0
EXR.D.INR.EUR.SP00.A,D,INR,EUR,SP00,A,2018-02-15,79.849,A,F,,,P1D,,A,,,,,,,99Q1=100,,,4,,4F0,,Indian rupee/Euro ECB reference exchange rate,"ECB reference exchange rate, Indian rupee/Euro, 2.15 pm (C.E.T.)",INR,0
EXR.D.INR.EUR.SP00.A,D,INR,EUR,SP00,A,2018-02-16,80.044,A,F,,,P1D,,A,,,,,,,99Q1=100,,,4,,4F0,,Indian rupee/Euro ECB reference exchange rate,"ECB reference exchange rate, Indian rupee/Euro, 2.15 pm (C.E.T.)",INR,0
EXR.D.INR.EUR.SP00.A,D,INR,EUR,SP00,A,2018-02-19,79.7375,A,F,,,P1D,,A,,,,,,,99Q1=100,,,4,,4F0,,Indian rupee/Euro ECB reference exchange rate,"ECB reference exchange rate, Indian rupee/Euro, 2.15 pm (C.E.T.)",INR,0
EXR.D.INR.EUR.SP00.A,D,INR,EUR,SP00,A,2018-02-20,80.003,A,F,,,P1D,,A,,,,,,,99Q1=100,,,4,,4F0,,Indian rupee/Euro ECB reference exchange rate,"ECB reference exchange rate, Indian rupee/Euro, 2.15 pm (C.E.T.)",INR,0
EXR.D.INR.EUR.SP00.A,D,INR,EUR,SP00,A,2018-02-21,79.7295,A,F,,,P1D,,A,,,,,,,99Q1=100,,,4,,4F0,,Indian rupee/Euro ECB reference exchange rate,"ECB reference exchange rate, Indian rupee/Euro, 2.15 pm (C.E.T.)",INR,0
EXR.D.INR.EUR.SP00.A,D,INR,EUR,SP00,A,2018-02-22,79.8895,A,F,,,P1D,,A,,,,,,,99Q1=100,,,4,,4F0,,Indian rupee/Euro ECB reference exchange rate,"ECB reference exchange rate, Indian rupee/Euro, 2.15 pm (C.E.T.)",INR,0
EXR.D.INR.EUR.SP00.A,D,INR,EUR,SP00,A,2018-02-23,79.6515,A,F,,,P1D,,A,,,,,,,99Q1=100,,,4,,4F0,,Indian rupee/Euro ECB reference exchange rate,"ECB reference exchange rate, Indian rupee/Euro, 2.15 pm (C.E.T.)",INR,0
EXR.D.INR.EUR.SP00.A,D,INR,EUR,SP00,A,2018-02-26,79.803,A,F,,,P1D,,A,,,,,,,99Q1=100,,,4,,4F0,,Indian rupee/Euro ECB reference exchange rate,"ECB reference exchange rate, Indian rupee/Euro, 2.15 pm (C.E.T.)",INR,0
EXR.D.INR.EUR.SP00.A,D,INR,EUR,SP00,A,2018-02-27,79.803,A,F,,,P1D,,A,,,,,,,99Q1=100,,,4,,4F0,,Indian rupee/Euro ECB reference exchange rate,"ECB reference exchange rate, Indian rupee/Euro, 2.15 pm (C.E.T.)",INR,0
EXR.D.INR.EUR.SP00.A,D,INR,EUR,SP00,A,2018-02-28,79.623,A,F,,,P1D,,A,,,,,,,99Q1=100,,,4,,4F0,,Indian rupee/Euro ECB reference exchange rate,"ECB reference exchange rate, Indian rupee/Euro, 2.15 pm (C.E.T.)",INR,0
EXR.D.INR.EUR.SP00.A,D,INR,EUR,SP00,A,2018-03-01,79.3245,A,F,,,P1D,,A,,,,,,,99Q1=100,,,4,,4F0,,Indian rupee/Euro ECB reference exchange rate,"ECB reference exchange rate, Indian rupee/Euro, 2.15 pm (C.E.T.)",INR,0
EXR.D.INR.EUR.SP00.A,D,INR,EUR,SP00,A,2018-03-02,80.3205,A,F,,,P1D,,A,,,,,,,99Q1=100,,,4,,4F0,,Indian rupee/Euro ECB reference exchange rate,"ECB reference exchange rate, Indian rupee/Euro, 2.15 pm (C.E.T.)",INR,0
EXR.D.INR.EUR.SP00.A,D,INR,EUR,SP00,A,2018-03-05,80.1275,A,F,,,P1D,,A,,,,,,,99Q1=100,,,4,,4F0,,Indian rupee/Euro ECB reference exchange rate,"ECB reference exchange rate, Indian rupee/Euro, 2.15 pm (C.E.T.)",INR,0
EXR.D.INR.EUR.SP00.A,D,INR,EUR,SP00,A,2018-03-06,80.5845,A,F,,,P1D,,A,,,,,,,99Q1=100,,,4,,4F0,,Indian rupee/Euro ECB reference exchange rate,"ECB reference exchange rate, Indian rupee/Euro, 2.15 pm (C.E.T.)",INR,0
EXR.D.INR.EUR.SP00.A,D,INR,EUR,SP00,A,2018-03-07,80.578,A,F,,,P1D,,A,,,,,,,99Q1=100,,,4,,4F0,,Indian rupee/Euro ECB reference exchange rate,"ECB reference exchange rate, Indian rupee/Euro, 2.15 pm (C.E.T.)",INR,0
EXR.D.INR.EUR.SP00.A,D,INR,EUR,SP00,A,2018-03-08,80.898,A,F,,,P1D,,A,,,,,,,99Q1=100,,,4,,4F0,,Indian rupee/Euro ECB reference exchange rate,"ECB reference exchange rate, Indian rupee/Euro, 2.15 pm (C.E.T.)",INR,0
EXR.D.INR.EUR.SP00.A,D,INR,EUR,SP00,A,2018-03-09,80.1315,A,F,,,P1D,,A,,,,,,,99Q1=100,,,4,,4F0,,Indian rupee/Euro ECB reference exchange rate,"ECB reference exchange rate, Indian rupee/Euro, 2.15 pm (C.E.T.)",INR,0
EXR.D.INR.EUR.SP00.A,D,INR,EUR,SP00,A,2018-03-12,79.9785,A,F,,,P1D,,A,,,,,,,99Q1=100,,,4,,4F0,,Indian rupee/Euro ECB reference exchange rate,"ECB reference exchange rate, Indian rupee/Euro, 2.15 pm (C.E.T.)",INR,0
EXR.D.INR.EUR.SP00.A,D,INR,EUR,SP00,A,2018-03-13,80.284,A,F,,,P1D,,A,,,,,,,99Q1=100,,,4,,4F0,,Indian rupee/Euro ECB reference exchange rate,"ECB reference exchange rate, Indian rupee/Euro, 2.15 pm (C.E.T.)",INR,0
EXR.D.INR.EUR.SP00.A,D,INR,EUR,SP00,A,2018-03-14,80.1975,A,F,,,P1D,,A,,,,,,,99Q1=100,,,4,,4F0,,Indian rupee/Euro ECB reference exchange rate,"ECB reference exchange rate, Indian rupee/Euro, 2.15 pm (C.E.T.)",INR,0
EXR.D.INR.EUR.SP00.A,D,INR,EUR,SP00,A,2018-03-15,80.155,A,F,,,P1D,,A,,,,,,,99Q1=100,,,4,,4F0,,Indian rupee/Euro ECB reference exchange rate,"ECB reference exchange rate, Indian rupee/Euro, 2.15 pm (C.E.T.)",INR,0
EXR.D.INR.EUR.SP00.A,D,INR,EUR,SP00,A,2018-03-16,79.867,A,F,,,P1D,,A,,,,,,,99Q1=100,,,4,,4F0,,Indian rupee/Euro ECB reference exchange rate,"ECB reference exchange rate, Indian rupee/Euro, 2.15 pm (C.E.T.)",INR,0
EXR.D.INR.EUR.SP00.A,D,INR,EUR,SP00,A,2018-03-19,80.2455,A,F,,,P1D,,A,,,,,,,99Q1=100,,,4,,4F0,,Indian rupee/Euro ECB reference exchange rate,"ECB reference exchange rate, Indian rupee/Euro, 2.15 pm (C.E.T.)",INR,0
EXR.D.INR.EUR.SP00.A,D,INR,EUR,SP00,A,2018-03-20,80.037,A,F,,,P1D,,A,,,,,,,99Q1=100,,,4,,4F0,,Indian rupee/Euro ECB reference exchange rate,"ECB reference exchange rate, Indian rupee/Euro, 2.15 pm (C.E.T.)",INR,0
EXR.D.INR.EUR.SP00.A,D,INR,EUR,SP00,A,2018-03-21,80.117,A,F,,,P1D,,A,,,,,,,99Q1=100,,,4,,4F0,,Indian rupee/Euro ECB reference exchange rate,"ECB reference exchange rate, Indian rupee/Euro, 2.15 pm (C.E.T.)",INR,0
EXR.D.INR.EUR.SP00.A,D,INR,EUR,SP00,A,2018-03-22,80.183,A,F,,,P1D,,A,,,,,,,99Q1=100,,,4,,4F0,,Indian rupee/Euro ECB reference exchange rate,"ECB reference exchange rate, Indian rupee/Euro, 2.15 pm (C.E.T.)",INR,0
EXR.D.INR.EUR.SP00.A,D,INR,EUR,SP00,A,2018-03-23,80.255,A,F,,,P1D,,A,,,,,,,99Q1=100,,,4,,4F0,,Indian rupee/Euro ECB reference exchange rate,"ECB reference exchange rate, Indian rupee/Euro, 2.15 pm (C.E.T.)",INR,0
EXR.D.INR.EUR.SP00.A,D,INR,EUR,SP00,A,2018-03-26,80.5105,A,F,,,P1D,,A,,,,,,,99Q1=100,,,4,,4F0,,Indian rupee/Euro ECB reference exchange rate,"ECB reference exchange rate, Indian rupee/Euro, 2.15 pm (C.E.T.)",INR,0
EXR.D.INR.EUR.SP00.A,D,INR,EUR,SP00,A,2018-03-27,80.413,A,F,,,P1D,,A,,,,,,,99Q1=100,,,4,,4F0,,Indian rupee/Euro ECB reference exchange rate,"ECB reference exchange rate, Indian rupee/Euro, 2.15 pm (C.E.T.)",INR,0
EXR.D.INR.EUR.SP00.A,D,INR,EUR,SP00,A,2018-03-28,80.8005,A,F,,,P1D,,A,,,,,,,99Q1=100,,,4,,4F0,,Indian rupee/Euro ECB reference exchange rate,"ECB reference exchange rate, Indian rupee/Euro, 2.15 pm (C.E.T.)",INR,0
EXR.D.INR.EUR.SP00.A,D,INR,EUR,SP00,A,2018-03-29,80.296,A,F,,,P1D,,A,,,,,,,99Q1=100,,,4,,4F0,,Indian rupee/Euro ECB reference exchange rate,"ECB reference exchange rate, Indian rupee/Euro, 2.15 pm (C.E.T.)",INR,0
EXR.D.INR.EUR.SP00.A,D,INR,EUR,SP00,A,2018-04-03,80.014,A,F,,,P1D,,A,,,,,,,99Q1=100,,,4,,4F0,,Indian rupee/Euro ECB reference exchange rate,"ECB reference exchange rate, Indian rupee/Euro, 2.15 pm (C.E.T.)",INR,0
EXR.D.INR.EUR.SP00.A,D,INR,EUR,SP00,A,2018-04-04,79.954,A,F,,,P1D,,A,,,,,,,99Q1=100,,,4,,4F0,,Indian rupee/Euro ECB reference exchange rate,"ECB reference exchange rate, Indian rupee/Euro, 2.15 pm (C.E.T.)",INR,0
EXR.D.INR.EUR.SP00.A,D,INR,EUR,SP00,A,2018-04-05,79.601,A,F,,,P1D,,A,,,,,,,99Q1=100,,,4,,4F0,,Indian rupee/Euro ECB reference exchange rate,"ECB reference exchange rate, Indian rupee/Euro, 2.15 pm (C.E.T.)",INR,0
EXR.D.INR.EUR.SP00.A,D,INR,EUR,SP00,A,2018-04-06,79.481,A,F,,,P1D,,A,,,,,,,99Q1=100,,,4,,4F0,,Indian rupee/Euro ECB reference exchange rate,"ECB reference exchange rate, Indian rupee/Euro, 2.15 pm (C.E.T.)",INR,0
EXR.D.INR.EUR.SP00.A,D,INR,EUR,SP00,A,2018-04-09,79.9545,A,F,,,P1D,,A,,,,,,,99Q1=100,,,4,,4F0,,Indian rupee/Euro ECB reference exchange rate,"ECB reference exchange rate, Indian rupee/Euro, 2.15 pm (C.E.T.)",INR,0
EXR.D.INR.EUR.SP00.A,D,INR,EUR,SP00,A,2018-04-10,80.3375,A,F,,,P1D,,A,,,,,,,99Q1=100,,,4,,4F0,,Indian rupee/Euro ECB reference exchange rate,"ECB reference exchange rate, Indian rupee/Euro, 2.15 pm (C.E.T.)",INR,0
EXR.D.INR.EUR.SP00.A,D,INR,EUR,SP00,A,2018-04-11,80.8735,A,F,,,P1D,,A,,,,,,,99Q1=100,,,4,,4F0,,Indian rupee/Euro ECB reference exchange rate,"ECB reference exchange rate, Indian rupee/Euro, 2.15 pm (C.E.T.)",INR,0
EXR.D.INR.EUR.SP00.A,D,INR,EUR,SP00,A,2018-04-12,80.417,A,F,,,P1D,,A,,,,,,,99Q1=100,,,4,,4F0,,Indian rupee/Euro ECB reference exchange rate,"ECB reference exchange rate, Indian rupee/Euro, 2.15 pm (C.E.T.)",INR,0
EXR.D.INR.EUR.SP00.A,D,INR,EUR,SP00,A,2018-04-13,80.316,A,F,,,P1D,,A,,,,,,,99Q1=100,,,4,,4F0,,Indian rupee/Euro ECB reference exchange rate,"ECB reference exchange rate, Indian rupee/Euro, 2.15 pm (C.E.T.)",INR,0
EXR.D.INR.EUR.SP00.A,D,INR,EUR,SP00,A,2018-04-16,81.0175,A,F,,,P1D,,A,,,,,,,99Q1=100,,,4,,4F0,,Indian rupee/Euro ECB reference exchange rate,"ECB reference exchange rate, Indian rupee/Euro, 2.15 pm (C.E.T.)",INR,0
EXR.D.INR.EUR.SP00.A,D,INR,EUR,SP00,A,2018-04-17,81.108,A,F,,,P1D,,A,,,,,,,99Q1=100,,,4,,4F0,,Indian rupee/Euro ECB reference exchange rate,"ECB reference exchange rate, Indian rupee/Euro, 2.15 pm (C.E.T.)",INR,0
EXR.D.INR.EUR.SP00.A,D,INR,EUR,SP00,A,2018-04-18,81.346,A,F,,,P1D,,A,,,,,,,99Q1=100,,,4,,4F0,,Indian rupee/Euro ECB reference exchange rate,"ECB reference exchange rate, Indian rupee/Euro, 2.15 pm (C.E.T.)",INR,0
EXR.D.INR.EUR.SP00.A,D,INR,EUR,SP00,A,2018-04-19,81.458,A,F,,,P1D,,A,,,,,,,99Q1=100,,,4,,4F0,,Indian rupee/Euro ECB reference exchange rate,"ECB reference exchange rate, Indian rupee/Euro, 2.15 pm (C.E.T.)",INR,0
EXR.D.INR.EUR.SP00.A,D,INR,EUR,SP00,A,2018-04-20,81.39,A,F,,,P1D,,A,,,,,,,99Q1=100,,,4,,4F0,,Indian rupee/Euro ECB reference exchange rate,"ECB reference exchange rate, Indian rupee/Euro, 2.15 pm (C.E.T.)",INR,0
EXR.D.INR.EUR.SP00.A,D,INR,EUR,SP00,A,2018-04-23,81.2845,A,F,,,P1D,,A,,,,,,,99Q1=100,,,4,,4F0,,Indian rupee/Euro ECB reference exchange rate,"ECB reference exchange rate, Indian rupee/Euro, 2.15 pm (C.E.T.)",INR,0
EXR.D.INR.EUR.SP00.A,D,INR,EUR,SP00,A,2018-04-24,81.0765,A,F,,,P1D,,A,,,,,,,99Q1=100,,,4,,4F0,,Indian rupee/Euro ECB reference exchange rate,"ECB reference exchange rate, Indian rupee/Euro, 2.15 pm (C.E.T.)",INR,0
EXR.D.INR.EUR.SP00.A,D,INR,EUR,SP00,A,2018-04-25,81.6095,A,F,,,P1D,,A,,,,,,,99Q1=100,,,4,,4F0,,Indian rupee/Euro ECB reference exchange rate,"ECB reference exchange rate, Indian rupee/Euro, 2.15 pm (C.E.T.)",INR,0
EXR.D.INR.EUR.SP00.A,D,INR,EUR,SP00,A,2018-04-26,81.224,A,F,,,P1D,,A,,,,,,,99Q1=100,,,4,,4F0,,Indian rupee/Euro ECB reference exchange rate,"ECB reference exchange rate, Indian rupee/Euro, 2.15 pm (C.E.T.)",INR,0
EXR.D.INR.EUR.SP00.A,D,INR,EUR,SP00,A,2018-04-27,80.4645,A,F,,,P1D,,A,,,,,,,99Q1=100,,,4,,4F0,,Indian rupee/Euro ECB reference exchange rate,"ECB reference exchange rate, Indian rupee/Euro, 2.15 pm (C.E.T.)",INR,0
EXR.D.INR.EUR.SP00.A,D,INR,EUR,SP00,A,2018-04-30,80.1685,A,F,,,P1D,,A,,,,,,,99Q1=100,,,4,,4F0,,Indian rupee/Euro ECB reference exchange rate,"ECB reference exchange rate, Indian rupee/Euro, 2.15 pm (C.E.T.)",INR,0
EXR.D.INR.EUR.SP00.A,D,INR,EUR,SP00,A,2018-05-02,80.0455,A,F,,,P1D,,A,,,,,,,99Q1=100,,,4,,4F0,,Indian rupee/Euro ECB reference exchange rate,"ECB reference exchange rate, Indian rupee/Euro, 2.15 pm (C.E.T.)",INR,0
EXR.D.INR.EUR.SP00.A,D,INR,EUR,SP00,A,2018-05-03,79.8965,A,F,,,P1D,,A,,,,,,,99Q1=100,,,4,,4F0,,Indian rupee/Euro ECB reference exchange rate,"ECB reference exchange rate, Indian rupee/Euro, 2.15 pm (C.E.T.)",INR,0
EXR.D.INR.EUR.SP00.A,D,INR,EUR,SP00,A,2018-05-04,80.027,A,F,,,P1D,,A,,,,,,,99Q1=100,,,4,,4F0,,Indian rupee/Euro ECB reference exchange rate,"ECB reference exchange rate, Indian rupee/Euro, 2.15 pm (C.E.T.)",INR,0
EXR.D.INR.EUR.SP00.A,D,INR,EUR,SP00,A,2018-05-07,79.904,A,F,,,P1D,,A,,,,,,,99Q1=100,,,4,,4F0,,Indian rupee/Euro ECB reference exchange rate,"ECB reference exchange rate, Indian rupee/Euro, 2.15 pm (C.E.T.)",INR,0
EXR.D.INR.EUR.SP00.A,D,INR,EUR,SP00,A,2018-05-08,79.63,A,F,,,P1D,,A,,,,,,,99Q1=100,,,4,,4F0,,Indian rupee/Euro ECB reference exchange rate,"ECB reference exchange rate, Indian rupee/Euro, 2.15 pm (C.E.T.)",INR,0
EXR.D.INR.EUR.SP00.A,D,INR,EUR,SP00,A,2018-05-09,79.901,A,F,,,P1D,,A,,,,,,,99Q1=100,,,4,,4F0,,Indian rupee/Euro ECB reference exchange rate,"ECB reference exchange rate, Indian rupee/Euro, 2.15 pm (C.E.T.)",INR,0
EXR.D.INR.EUR.SP00.A,D,INR,EUR,SP00,A,2018-05-10,79.8905,A,F,,,P1D,,A,,,,,,,99Q1=100,,,4,,4F0,,Indian rupee/Euro ECB reference exchange rate,"ECB reference exchange rate, Indian rupee/Euro, 2.15 pm (C.E.T.)",INR,0
EXR.D.INR.EUR.SP00.A,D,INR,EUR,SP00,A,2018-05-11,80.36,A,F,,,P1D,,A,,,,,,,99Q1=100,,,4,,4F0,,Indian rupee/Euro ECB reference exchange rate,"ECB reference exchange rate, Indian rupee/Euro, 2.15 pm (C.E.T.)",INR,0
EXR.D.INR.EUR.SP00.A,D,INR,EUR,SP00,A,2018-05-14,80.9545,A,F,,,P1D,,A,,,,,,,99Q1=100,,,4,,4F0,,Indian rupee/Euro ECB reference exchange rate,"ECB reference exchange rate, Indian rupee/Euro, 2.15 pm (C.E.T.)",INR,0
EXR.D.INR.EUR.SP00.A,D,INR,EUR,SP00,A,2018-05-15,80.872,A,F,,,P1D,,A,,,,,,,99Q1=100,,,4,,4F0,,Indian rupee/Euro ECB reference exchange rate,"ECB reference exchange rate, Indian rupee/Euro, 2.15 pm (C.E.T.)",INR,0
EXR.D.INR.EUR.SP00.A,D,INR,EUR,SP00,A,2018-05-16,79.8925,A,F,,,P1D,,A,,,,,,,99Q1=100,,,4,,4F0,,Indian rupee/Euro ECB reference exchange rate,"ECB reference exchange rate, Indian rupee/Euro, 2.15 pm (C.E.T.)",INR,0
EXR.D.INR.EUR.SP00.A,D,INR,EUR,SP00,A,2018-05-17,79.9645,A,F,,,P1D,,A,,,,,,,99Q1=100,,,4,,4F0,,Indian rupee/Euro ECB reference exchange rate,"ECB reference exchange rate, Indian rupee/Euro, 2.15 pm (C.E.T.)",INR,0
EXR.D.INR.EUR.SP00.A,D,INR,EUR,SP00,A,2018-05-18,80.1115,A,F,,,P1D,,A,,,,,,,99Q1=100,,,4,,4F0,,Indian rupee/Euro ECB reference exchange rate,"ECB reference exchange rate, Indian rupee/Euro, 2.15 pm (C.E.T.)",INR,0
EXR.D.INR.EUR.SP00.A,D,INR,EUR,SP00,A,2018-05-21,80.128,A,F,,,P1D,,A,,,,,,,99Q1=100,,,4,,4F0,,Indian rupee/Euro ECB reference exchange rate,"ECB reference exchange rate, Indian rupee/Euro, 2.15 pm (C.E.T.)",INR,0
EXR.D.INR.EUR.SP00.A,D,INR,EUR,SP00,A,2018-05-22,80.2105,A,F,,,P1D,,A,,,,,,,99Q1=100,,,4,,4F0,,Indian rupee/Euro ECB reference exchange rate,"ECB reference exchange rate, Indian rupee/Euro, 2.15 pm (C.E.T.)",INR,0
EXR.D.INR.EUR.SP00.A,D,INR,EUR,SP00,A,2018-05-23,80.1055,A,F,,,P1D,,A,,,,,,,99Q1=100,,,4,,4F0,,Indian rupee/Euro ECB reference exchange rate,"ECB reference exchange rate, Indian rupee/Euro, 2.15 pm (C.E.T.)",INR,0
EXR.D.INR.EUR.SP00.A,D,INR,EUR,SP00,A,2018-05-24,80.193,A,F,,,P1D,,A,,,,,,,99Q1=100,,,4,,4F0,,Indian rupee/Euro ECB reference exchange rate,"ECB reference exchange rate, Indian rupee/Euro, 2.15 pm (C.E.T.)",INR,0
EXR.D.INR.EUR.SP00.A,D,INR,EUR,SP00,A,2018-05-25,79.1505,A,F,,,P1D,,A,,,,,,,99Q1=100,,,4,,4F0,,Indian rupee/Euro ECB reference exchange rate,"ECB reference exchange rate, Indian rupee/Euro, 2.15 pm (C.E.T.)",INR,0
EXR.D.INR.EUR.SP00.A,D,INR,EUR,SP00,A,2018-05-28,78.528,A,F,,,P1D,,A,,,,,,,99Q1=100,,,4,,4F0,,Indian rupee/Euro ECB reference exchange rate,"ECB reference exchange rate, Indian rupee/Euro, 2.15 pm (C.E.T.)",INR,0
EXR.D.INR.EUR.SP00.A,D,INR,EUR,SP00,A,2018-05-29,78.406,A,F,,,P1D,,A,,,,,,,99Q1=100,,,4,,4F0,,Indian rupee/Euro ECB reference exchange rate,"ECB reference exchange rate, Indian rupee/Euro, 2.15 pm (C.E.T.)",INR,0
EXR.D.INR.EUR.SP00.A,D,INR,EUR,SP00,A,2018-05-30,78.388,A,F,,,P1D,,A,,,,,,,99Q1=100,,,4,,4F0,,Indian rupee/Euro ECB reference exchange rate,"ECB reference exchange rate, Indian rupee/Euro, 2.15 pm (C.E.T.)",INR,0
EXR.D.INR.EUR.SP00.A,D,INR,EUR,SP00,A,2018-05-31,78.802,A,F,,,P1D,,A,,,,,,,99Q1=100,,,4,,4F0,,Indian rupee/Euro ECB reference exchange rate,"ECB reference exchange rate, Indian rupee/Euro, 2.15 pm (C.E.T.)",INR,0
EXR.D.INR.EUR.SP00.A,D,INR,EUR,SP00,A,2018-06-01,78.314,A,F,,,P1D,,A,,,,,,,99Q1=100,,,4,,4F0,,Indian rupee/Euro ECB reference exchange rate,"ECB reference exchange rate, Indian rupee/Euro, 2.15 pm (C.E.T.)",INR,0
EXR.D.INR.EUR.SP00.A,D,INR,EUR,SP00,A,2018-06-04,78.712,A,F,,,P1D,,A,,,,,,,99Q1=100,,,4,,4F0,,Indian rupee/Euro ECB reference exchange rate,"ECB reference exchange rate, Indian rupee/Euro, 2.15 pm (C.E.T.)",INR,0
EXR.D.INR.EUR.SP00.A,D,INR,EUR,SP00,A,2018-06-05,78.3975,A,F,,,P1D,,A,,,,,,,99Q1=100,,,4,,4F0,,Indian rupee/Euro ECB reference exchange rate,"ECB reference exchange rate, Indian rupee/Euro, 2.15 pm (C.E.T.)",INR,0
EXR.D.INR.EUR.SP00.A,D,INR,EUR,SP00,A,2018-06-06,78.731,A,F,,,P1D,,A,,,,,,,99Q1=100,,,4,,4F0,,Indian rupee/Euro ECB reference exchange rate,"ECB reference exchange rate, Indian rupee/Euro, 2.15 pm (C.E.T.)",INR,0
EXR.D.INR.EUR.SP00.A,D,INR,EUR,SP00,A,2018-06-07,79.438,A,F,,,P1D,,A,,,,,,,99Q1=100,,,4,,4F0,,Indian rupee/Euro ECB reference exchange rate,"ECB reference exchange rate, Indian rupee/Euro, 2.15 pm (C.E.T.)",INR,0
EXR.D.INR.EUR.SP00.A,D,INR,EUR,SP00,A,2018-06-08,79.342,A,F,,,P1D,,A,,,,,,,99Q1=100,,,4,,4F0,,Indian rupee/Euro ECB reference exchange rate,"ECB reference exchange rate, Indian rupee/Euro, 2.15 pm (C.E.T.)",INR,0
EXR.D.INR.EUR.SP00.A,D,INR,EUR,SP00,A,2018-06-11,79.498,A,F,,,P1D,,A,,,,,,,99Q1=100,,,4,,4F0,,Indian rupee/Euro ECB reference exchange rate,"ECB reference exchange rate, Indian rupee/Euro, 2.15 pm (C.E.T.)",INR,0
EXR.D.INR.EUR.SP00.A,D,INR,EUR,SP00,A,2018-06-12,79.5015,A,F,,,P1D,,A,,,,,,,99Q1=100,,,4,,4F0,,Indian rupee/Euro ECB reference exchange rate,"ECB reference exchange rate, Indian rupee/Euro, 2.15 pm (C.E.T.)",INR,0
EXR.D.INR.EUR.SP00.A,D,INR,EUR,SP00,A,2018-06-13,79.534,A,F,,,P1D,,A,,,,,,,99Q1=100,,,4,,4F0,,Indian rupee/Euro ECB reference exchange rate,"ECB reference exchange rate, Indian rupee/Euro, 2.15 pm (C.E.T.)",INR,0
EXR.D.INR.EUR.SP00.A,D,INR,EUR,SP00,A,2018-06-14,79.2925,A,F,,,P1D,,A,,,,,,,99Q1=100,,,4,,4F0,,Indian rupee/Euro ECB reference exchange rate,"ECB reference exchange rate, Indian rupee/Euro, 2.15 pm (C.E.T.)",INR,0
EXR.D.INR.EUR.SP00.A,D,INR,EUR,SP00,A,2018-06-15,78.8705,A,F,,,P1D,,A,,,,,,,99Q1=100,,,4,,4F0,,Indian rupee/Euro ECB reference exchange rate,"ECB reference exchange rate, Indian rupee/Euro, 2.15 pm (C.E.T.)",INR,0
EXR.D.INR.EUR.SP00.A,D,INR,EUR,SP00,A,2018-06-18,79.0145,A,F,,,P1D,,A,,,,,,,99Q1=100,,,4,,4F0,,Indian rupee/Euro ECB reference exchange rate,"ECB reference exchange rate, Indian rupee/Euro, 2.15 pm (C.E.T.)",INR,0
EXR.D.INR.EUR.SP00.A,D,INR,EUR,SP00,A,2018-06-19,78.867,A,F,,,P1D,,A,,,,,,,99Q1=100,,,4,,4F0,,Indian rupee/Euro ECB reference exchange rate,"ECB reference exchange rate, Indian rupee/Euro, 2.15 pm (C.E.T.)",INR,0
EXR.D.INR.EUR.SP00.A,D,INR,EUR,SP00,A,2018-06-20,78.86,A,F,,,P1D,,A,,,,,,,99Q1=100,,,4,,4F0,,Indian rupee/Euro ECB reference exchange rate,"ECB reference exchange rate, Indian rupee/Euro, 2.15 pm (C.E.T.)",INR,0
EXR.D.INR.EUR.SP00.A,D,INR,EUR,SP00,A,2018-06-21,78.4145,A,F,,,P1D,,A,,,,,,,99Q1=100,,,4,,4F0,,Indian rupee/Euro ECB reference exchange rate,"ECB reference exchange rate, Indian rupee/Euro, 2.15 pm (C.E.T.)",INR,0
EXR.D.INR.EUR.SP00.A,D,INR,EUR,SP00,A,2018-06-22,79.03,A,F,,,P1D,,A,,,,,,,99Q1=100,,,4,,4F0,,Indian rupee/Euro ECB reference exchange rate,"ECB reference exchange rate, Indian rupee/Euro, 2.15 pm (C.E.T.)",INR,0
EXR.D.INR.EUR.SP00.A,D,INR,EUR,SP00,A,2018-06-25,79.645,A,F,,,P1D,,A,,,,,,,99Q1=100,,,4,,4F0,,Indian rupee/Euro ECB reference exchange rate,"ECB reference exchange rate, Indian rupee/Euro, 2.15 pm (C.E.T.)",INR,0
EXR.D.INR.EUR.SP00.A,D,INR,EUR,SP00,A,2018-06-26,79.7095,A,F,,,P1D,,A,,,,,,,99Q1=100,,,4,,4F0,,Indian rupee/Euro ECB reference exchange rate,"ECB reference exchange rate, Indian rupee/Euro, 2.15 pm (C.E.T.)",INR,0
EXR.D.INR.EUR.SP00.A,D,INR,EUR,SP00,A,2018-06-27,79.694,A,F,,,P1D,,A,,,,,,,99Q1=100,,,4,,4F0,,Indian rupee/Euro ECB reference exchange rate,"ECB reference exchange rate, Indian rupee/Euro, 2.15 pm (C.E.T.)",INR,0
EXR.D.INR.EUR.SP00.A,D,INR,EUR,SP00,A,2018-06-28,79.683,A,F,,,P1D,,A,,,,,,,99Q1=100,,,4,,4F0,,Indian rupee/Euro ECB reference exchange rate,"ECB reference exchange rate, Indian rupee/Euro, 2.15 pm (C.E.T.)",INR,0
EXR.D.INR.EUR.SP00.A,D,INR,EUR,SP00,A,2018-06-29,79.813,A,F,,,P1D,,A,,,,,,,99Q1=100,,,4,,4F0,,Indian rupee/Euro ECB reference exchange rate,"ECB reference exchange rate, Indian rupee/Euro, 2.15 pm (C.E.T.)",INR,0
EXR.D.INR.EUR.SP00.A,D,INR,EUR,SP00,A,2018-07-02,80.0705,A,F,,,P1D,,A,,,,,,,99Q1=100,,,4,,4F0,,Indian rupee/Euro ECB reference exchange rate,"ECB reference exchange rate, Indian rupee/Euro, 2.15 pm (C.E.T.)",INR,0
EXR.D.INR.EUR.SP00.A,D,INR,EUR,SP00,A,2018-07-03,79.931,A,F,,,P1D,,A,,,,,,,99Q1=100,,,4,,4F0,,Indian rupee/Euro ECB reference exchange rate,"ECB reference exchange rate, Indian rupee/Euro, 2.15 pm (C.E.T.)",INR,0
EXR.D.INR.EUR.SP00.A,D,INR,EUR,SP00,A,2018-07-04,80.027,A,F,,,P1D,,A,,,,,,,99Q1=100,,,4,,4F0,,Indian rupee/Euro ECB reference exchange rate,"ECB reference exchange rate, Indian rupee/Euro, 2.15 pm (C.E.T.)",INR,0
EXR.D.INR.EUR.SP00.A,D,INR,EUR,SP00,A,2018-07-05,80.73,A,F,,,P1D,,A,,,,,,,99Q1=100,,,4,,4F0,,Indian rupee/Euro ECB reference exchange rate,"ECB reference exchange rate, Indian rupee/Euro, 2.15 pm (C.E.T.)",INR,0
EXR.D.INR.EUR.SP00.A,D,INR,EUR,SP00,A,2018-07-06,80.746,A,F,,,P1D,,A,,,,,,,99Q1=100,,,4,,4F0,,Indian rupee/Euro ECB reference exchange rate,"ECB reference exchange rate, Indian rupee/Euro, 2.15 pm (C.E.T.)",INR,0
EXR.D.INR.EUR.SP00.A,D,INR,EUR,SP00,A,2018-07-09,80.9585,A,F,,,P1D,,A,,,,,,,99Q1=100,,,4,,4F0,,Indian rupee/Euro ECB reference exchange rate,"ECB reference exchange rate, Indian rupee/Euro, 2.15 pm (C.E.T.)",INR,0
EXR.D.INR.EUR.SP00.A,D,INR,EUR,SP00,A,2018-07-10,80.617,A,F,,,P1D,,A,,,,,,,99Q1=100,,,4,,4F0,,Indian rupee/Euro ECB reference exchange rate,"ECB reference exchange rate, Indian rupee/Euro, 2.15 pm (C.E.T.)",INR,0
EXR.D.INR.EUR.SP00.A,D,INR,EUR,SP00,A,2018-07-11,80.7045,A,F,,,P1D,,A,,,,,,,99Q1=100,,,4,,4F0,,Indian rupee/Euro ECB reference exchange rate,"ECB reference exchange rate, Indian rupee/Euro, 2.15 pm (C.E.T.)",INR,0
EXR.D.INR.EUR.SP00.A,D,INR,EUR,SP00,A,2018-07-12,79.8805,A,F,,,P1D,,A,,,,,,,99Q1=100,,,4,,4F0,,Indian rupee/Euro ECB reference exchange rate,"ECB reference exchange rate, Indian rupee/Euro, 2.15 pm (C.E.T.)",INR,0
EXR.D.INR.EUR.SP00.A,D,INR,EUR,SP00,A,2018-07-13,79.732,A,F,,,P1D,,A,,,,,,,99Q1=100,,,4,,4F0,,Indian rupee/Euro ECB reference exchange rate,"ECB reference exchange rate, Indian rupee/Euro, 2.15 pm (C.E.T.)",INR,0
EXR.D.INR.EUR.SP00.A,D,INR,EUR,SP00,A,2018-07-16,80.3515,A,F,,,P1D,,A,,,,,,,99Q1=100,,,4,,4F0,,Indian rupee/Euro ECB reference exchange rate,"ECB reference exchange rate, Indian rupee/Euro, 2.15 pm (C.E.T.)",INR,0
EXR.D.INR.EUR.SP00.A,D,INR,EUR,SP00,A,2018-07-17,80.1405,A,F,,,P1D,,A,,,,,,,99Q1=100,,,4,,4F0,,Indian rupee/Euro ECB reference exchange rate,"ECB reference exchange rate, Indian rupee/Euro, 2.15 pm (C.E.T.)",INR,0
EXR.D.INR.EUR.SP00.A,D,INR,EUR,SP00,A,2018-07-18,79.684,A,F,,,P1D,,A,,,,,,,99Q1=100,,,4,,4F0,,Indian rupee/Euro ECB reference exchange rate,"ECB reference exchange rate, Indian rupee/Euro, 2.15 pm (C.E.T.)",INR,0
EXR.D.INR.EUR.SP00.A,D,INR,EUR,SP00,A,2018-07-19,80.0155,A,F,,,P1D,,A,,,,,,,99Q1=100,,,4,,4F0,,Indian rupee/Euro ECB reference exchange rate,"ECB reference exchange rate, Indian rupee/Euro, 2.15 pm (C.E.T.)",INR,0
EXR.D.INR.EUR.SP00.A,D,INR,EUR,SP00,A,2018-07-20,80.321,A,F,,,P1D,,A,,,,,,,99Q1=100,,,4,,4F0,,Indian rupee/Euro ECB reference exchange rate,"ECB reference exchange rate, Indian rupee/Euro, 2.15 pm (C.E.T.)",INR,0
EXR.D.INR.EUR.SP00.A,D,INR,EUR,SP00,A,2018-07-23,80.673,A,F,,,P1D,,A,,,,,,,99Q1=100,,,4,,4F0,,Indian rupee/Euro ECB reference exchange rate,"ECB reference exchange rate, Indian rupee/Euro, 2.15 pm (C.E.T.)",INR,0
EXR.D.INR.EUR.SP00.A,D,INR,EUR,SP00,A,2018-07-24,80.71,A,F,,,P1D,,A,,,,,,,99Q1=100,,,4,,4F0,,Indian rupee/Euro ECB reference exchange rate,"ECB reference exchange rate, Indian rupee/Euro, 2.15 pm (C.E.T.)",INR,0
EXR.D.INR.EUR.SP00.A,D,INR,EUR,SP00,A,2018-07-25,80.364,A,F,,,P1D,,A,,,,,,,99Q1=100,,,4,,4F0,,Indian rupee/Euro ECB reference exchange rate,"ECB reference exchange rate, Indian rupee/Euro, 2.15 pm (C.E.T.)",INR,0
EXR.D.INR.EUR.SP00.A,D,INR,EUR,SP00,A,2018-07-26,80.448,A,F,,,P1D,,A,,,,,,,99Q1=100,,,4,,4F0,,Indian rupee/Euro ECB reference exchange rate,"ECB reference exchange rate, Indian rupee/Euro, 2.15 pm (C.E.T.)",INR,0
EXR.D.INR.EUR.SP00.A,D,INR,EUR,SP00,A,2018-07-27,79.8465,A,F,,,P1D,,A,,,,,,,99Q1=100,,,4,,4F0,,Indian rupee/Euro ECB reference exchange rate,"ECB reference exchange rate, Indian rupee/Euro, 2.15 pm (C.E.T.)",INR,0
EXR.D.INR.EUR.SP00.A,D,INR,EUR,SP00,A,2018-07-30,80.1965,A,F,,,P1D,,A,,,,,,,99Q1=100,,,4,,4F0,,Indian rupee/Euro ECB reference exchange rate,"ECB reference exchange rate, Indian rupee/Euro, 2.15 pm (C.E.T.)",INR,0
EXR.D.INR.EUR.SP00.A,D,INR,EUR,SP00,A,2018-07-31,80.4445,A,F,,,P1D,,A,,,,,,,99Q1=100,,,4,,4F0,,Indian rupee/Euro ECB reference exchange rate,"ECB reference exchange rate, Indian rupee/Euro, 2.15 pm (C.E.T.)",INR,0
EXR.D.INR.EUR.SP00.A,D,INR,EUR,SP00,A,2018-08-01,79.9705,A,F,,,P1D,,A,,,,,,,99Q1=100,,,4,,4F0,,Indian rupee/Euro ECB reference exchange rate,"ECB reference exchange rate, Indian rupee/Euro, 2.15 pm (C.E.T.)",INR,0
EXR.D.INR.EUR.SP00.A,D,INR,EUR,SP00,A,2018-08-02,79.7915,A,F,,,P1D,,A,,,,,,,99Q1=100,,,4,,4F0,,Indian rupee/Euro ECB reference exchange rate,"ECB reference exchange rate, Indian rupee/Euro, 2.15 pm (C.E.T.)",INR,0
EXR.D.INR.EUR.SP00.A,D,INR,EUR,SP00,A,2018-08-03,79.512,A,F,,,P1D,,A,,,,,,,99Q1=100,,,4,,4F0,,Indian rupee/Euro ECB reference exchange rate,"ECB reference exchange rate, Indian rupee/Euro, 2.15 pm (C.E.T.)",INR,0
EXR.D.INR.EUR.SP00.A,D,INR,EUR,SP00,A,2018-08-06,79.49,A,F,,,P1D,,A,,,,,,,99Q1=100,,,4,,4F0,,Indian rupee/Euro ECB reference exchange rate,"ECB reference exchange rate, Indian rupee/Euro, 2.15 pm (C.E.T.)",INR,0
EXR.D.INR.EUR.SP00.A,D,INR,EUR,SP00,A,2018-08-07,79.685,A,F,,,P1D,,A,,,,,,,99Q1=100,,,4,,4F0,,Indian rupee/Euro ECB reference exchange rate,"ECB reference exchange rate, Indian rupee/Euro, 2.15 pm (C.E.T.)",INR,0
EXR.D.INR.EUR.SP00.A,D,INR,EUR,SP00,A,2018-08-08,79.5295,A,F,,,P1D,,A,,,,,,,99Q1=100,,,4,,4F0,,Indian rupee/Euro ECB reference exchange rate,"ECB reference exchange rate, Indian rupee/Euro, 2.15 pm (C.E.T.)",INR,0
EXR.D.INR.EUR.SP00.A,D,INR,EUR,SP00,A,2018-08-09,79.5825,A,F,,,P1D,,A,,,,,,,99Q1=100,,,4,,4F0,,Indian rupee/Euro ECB reference exchange rate,"ECB reference exchange rate, Indian rupee/Euro, 2.15 pm (C.E.T.)",INR,0
EXR.D.INR.EUR.SP00.A,D,INR,EUR,SP00,A,2018-08-10,78.852,A,F,,,P1D,,A,,,,,,,99Q1=100,,,4,,4F0,,Indian rupee/Euro ECB reference exchange rate,"ECB reference exchange rate, Indian rupee/Euro, 2.15 pm (C.E.T.)",INR,0
EXR.D.INR.EUR.SP00.A,D,INR,EUR,SP00,A,2018-08-13,79.8405,A,F,,,P1D,,A,,,,,,,99Q1=100,,,4,,4F0,,Indian rupee/Euro ECB reference exchange rate,"ECB reference exchange rate, Indian rupee/Euro, 2.15 pm (C.E.T.)",INR,0
EXR.D.INR.EUR.SP00.A,D,INR,EUR,SP00,A,2018-08-14,79.7315,A,F,,,P1D,,A,,,,,,,99Q1=100,,,4,,4F0,,Indian rupee/Euro ECB reference exchange rate,"ECB reference exchange rate, Indian rupee/Euro, 2.15 pm (C.E.T.)",INR,0
EXR.D.INR.EUR.SP00.A,D,INR,EUR,SP00,A,2018-08-15,79.1635,A,F,,,P1D,,A,,,,,,,99Q1=100,,,4,,4F0,,Indian rupee/Euro ECB reference exchange rate,"ECB reference exchange rate, Indian rupee/Euro, 2.15 pm (C.E.T.)",INR,0
EXR.D.INR.EUR.SP00.A,D,INR,EUR,SP00,A,2018-08-16,79.807,A,F,,,P1D,,A,,,,,,,99Q1=100,,,4,,4F0,,Indian rupee/Euro ECB reference exchange rate,"ECB reference exchange rate, Indian rupee/Euro, 2.15 pm (C.E.T.)",INR,0
EXR.D.INR.EUR.SP00.A,D,INR,EUR,SP00,A,2018-08-17,79.9195,A,F,,,P1D,,A,,,,,,,99Q1=100,,,4,,4F0,,Indian rupee/Euro ECB reference exchange rate,"ECB reference exchange rate, Indian rupee/Euro, 2.15 pm (C.E.T.)",INR,0
EXR.D.INR.EUR.SP00.A,D,INR,EUR,SP00,A,2018-08-20,79.74,A,F,,,P1D,,A,,,,,,,99Q1=100,,,4,,4F0,,Indian rupee/Euro ECB reference exchange rate,"ECB reference exchange rate, Indian rupee/Euro, 2.15 pm (C.E.T.)",INR,0
EXR.D.INR.EUR.SP00.A,D,INR,EUR,SP00,A,2018-08-21,80.3015,A,F,,,P1D,,A,,,,,,,99Q1=100,,,4,,4F0,,Indian rupee/Euro ECB reference exchange rate,"ECB reference exchange rate, Indian rupee/Euro, 2.15 pm (C.E.T.)",INR,0
EXR.D.INR.EUR.SP00.A,D,INR,EUR,SP00,A,2018-08-22,81.19,A,F,,,P1D,,A,,,,,,,99Q1=100,,,4,,4F0,,Indian rupee/Euro ECB reference exchange rate,"ECB reference exchange rate, Indian rupee/Euro, 2.15 pm (C.E.T.)",INR,0
EXR.D.INR.EUR.SP00.A,D,INR,EUR,SP00,A,2018-08-23,81.1815,A,F,,,P1D,,A,,,,,,,99Q1=100,,,4,,4F0,,Indian rupee/Euro ECB reference exchange rate,"ECB reference exchange rate, Indian rupee/Euro, 2.15 pm (C.E.T.)",INR,0
EXR.D.INR.EUR.SP00.A,D,INR,EUR,SP00,A,2018-08-24,81.0115,A,F,,,P1D,,A,,,,,,,99Q1=100,,,4,,4F0,,Indian rupee/Euro ECB reference exchange rate,"ECB reference exchange rate, Indian rupee/Euro, 2.15 pm (C.E.T.)",INR,0
EXR.D.INR.EUR.SP00.A,D,INR,EUR,SP00,A,2018-08-27,81.623,A,F,,,P1D,,A,,,,,,,99Q1=100,,,4,,4F0,,Indian rupee/Euro ECB reference exchange rate,"ECB reference exchange rate, Indian rupee/Euro, 2.15 pm (C.E.T.)",INR,0
EXR.D.INR.EUR.SP00.A,D,INR,EUR,SP00,A,2018-08-28,82.0965,A,F,,,P1D,,A,,,,,,,99Q1=100,,,4,,4F0,,Indian rupee/Euro ECB reference exchange rate,"ECB reference exchange rate, Indian rupee/Euro, 2.15 pm (C.E.T.)",INR,0
EXR.D.INR.EUR.SP00.A,D,INR,EUR,SP00,A,2018-08-29,82.3405,A,F,,,P1D,,A,,,,,,,99Q1=100,,,4,,4F0,,Indian rupee/Euro ECB reference exchange rate,"ECB reference exchange rate, Indian rupee/Euro, 2.15 pm (C.E.T.)",INR,0
EXR.D.INR.EUR.SP00.A,D,INR,EUR,SP00,A,2018-08-30,82.715,A,F,,,P1D,,A,,,,,,,99Q1=100,,,4,,4F0,,Indian rupee/Euro ECB reference exchange rate,"ECB reference exchange rate, Indian rupee/Euro, 2.15 pm (C.E.T.)",INR,0
EXR.D.INR.EUR.SP00.A,D,INR,EUR,SP00,A,2018-08-31,82.7245,A,F,,,P1D,,A,,,,,,,99Q1=100,,,4,,4F0,,Indian rupee/Euro ECB reference exchange rate,"ECB reference exchange rate, Indian rupee/Euro, 2.15 pm (C.E.T.)",INR,0
EXR.D.INR.EUR.SP00.A,D,INR,EUR,SP00,A,2018-09-03,82.6735,A,F,,,P1D,,A,,,,,,,99Q1=100,,,4,,4F0,,Indian rupee/Euro ECB reference exchange rate,"ECB reference exchange rate, Indian rupee/Euro, 2.15 pm (C.E.T.)",INR,0
EXR.D.INR.EUR.SP00.A,D,INR,EUR,SP00,A,2018-09-04,82.7665,A,F,,,P1D,,A,,,,,,,99Q1=100,,,4,,4F0,,Indian rupee/Euro ECB reference exchange rate,"ECB reference exchange rate, Indian rupee/Euro, 2.15 pm (C.E.T.)",INR,0
EXR.D.INR.EUR.SP00.A,D,INR,EUR,SP00,A,2018-09-05,83.1035,A,F,,,P1D,,A,,,,,,,99Q1=100,,,4,,4F0,,Indian rupee/Euro ECB reference exchange rate,"ECB reference exchange rate, Indian rupee/Euro, 2.15 pm (C.E.T.)",INR,0
EXR.D.INR.EUR.SP00.A,D,INR,EUR,SP00,A,2018-09-06,83.7175,A,F,,,P1D,,A,,,,,,,99Q1=100,,,4,,4F0,,Indian rupee/Euro ECB reference exchange rate,"ECB reference exchange rate, Indian rupee/Euro, 2.15 pm (C.E.T.)",INR,0
EXR.D.INR.EUR.SP00.A,D,INR,EUR,SP00,A,2018-09-07,83.32,A,F,,,P1D,,A,,,,,,,99Q1=100,,,4,,4F0,,Indian rupee/Euro ECB reference exchange rate,"ECB reference exchange rate, Indian rupee/Euro, 2.15 pm (C.E.T.)",INR,0
EXR.D.INR.EUR.SP00.A,D,INR,EUR,SP00,A,2018-09-10,83.8375,A,F,,,P1D,,A,,,,,,,99Q1=100,,,4,,4F0,,Indian rupee/Euro ECB reference exchange rate,"ECB reference exchange rate, Indian rupee/Euro, 2.15 pm (C.E.T.)",INR,0
EXR.D.INR.EUR.SP00.A,D,INR,EUR,SP00,A,2018-09-11,84.0965,A,F,,,P1D,,A,,,,,,,99Q1=100,,,4,,4F0,,Indian rupee/Euro ECB reference exchange rate,"ECB reference exchange rate, Indian rupee/Euro, 2.15 pm (C.E.T.)",INR,0
EXR.D.INR.EUR.SP00.A,D,INR,EUR,SP00,A,2018-09-12,83.6705,A,F,,,P1D,,A,,,,,,,99Q1=100,,,4,,4F0,,Indian rupee/Euro ECB reference exchange rate,"ECB reference exchange rate, Indian rupee/Euro, 2.15 pm (C.E.T.)",INR,0
EXR.D.INR.EUR.SP00.A,D,INR,EUR,SP00,A,2018-09-13,83.7,A,F,,,P1D,,A,,,,,,,99Q1=100,,,4,,4F0,,Indian rupee/Euro ECB reference exchange rate,"ECB reference exchange rate, Indian rupee/Euro, 2.15 pm (C.E.T.)",INR,0
EXR.D.INR.EUR.SP00.A,D,INR,EUR,SP00,A,2018-09-14,83.946,A,F,,,P1D,,A,,,,,,,99Q1=100,,,4,,4F0,,Indian rupee/Euro ECB reference exchange rate,"ECB reference exchange rate, Indian rupee/Euro, 2.15 pm (C.E.T.)",INR,0
EXR.D.INR.EUR.SP00.A,D,INR,EUR,SP00,A,2018-09-17,84.6355,A,F,,,P1D,,A,,,,,,,99Q1=100,,,4,,4F0,,Indian rupee/Euro ECB reference exchange rate,"ECB reference exchange rate, Indian rupee/Euro, 2.15 pm (C.E.T.)",INR,0
EXR.D.INR.EUR.SP00.A,D,INR,EUR,SP00,A,2018-09-18,85.361,A,F,,,P1D,,A,,,,,,,99Q1=100,,,4,,4F0,,Indian rupee/Euro ECB reference exchange rate,"ECB reference exchange rate, Indian rupee/Euro, 2.15 pm (C.E.T.)",INR,0
EXR.D.INR.EUR.SP00.A,D,INR,EUR,SP00,A,2018-09-19,84.4515,A,F,,,P1D,,A,,,,,,,99Q1=100,,,4,,4F0,,Indian rupee/Euro ECB reference exchange rate,"ECB reference exchange rate, Indian rupee/Euro, 2.15 pm (C.E.T.)",INR,0
EXR.D.INR.EUR.SP00.A,D,INR,EUR,SP00,A,2018-09-20,84.751,A,F,,,P1D,,A,,,,,,,99Q1=100,,,4,,4F0,,Indian rupee/Euro ECB reference exchange rate,"ECB reference exchange rate, Indian rupee/Euro, 2.15 pm (C.E.T.)",INR,0
EXR.D.INR.EUR.SP00.A,D,INR,EUR,SP00,A,2018-09-21,84.8905,A,F,,,P1D,,A,,,,,,,99Q1=100,,,4,,4F0,,Indian rupee/Euro ECB reference exchange rate,"ECB reference exchange rate, Indian rupee/Euro, 2.15 pm (C.E.T.)",INR,0
EXR.D.INR.EUR.SP00.A,D,INR,EUR,SP00,A,2018-09-24,85.5665,A,F,,,P1D,,A,,,,,,,99Q1=100,,,4,,4F0,,Indian rupee/Euro ECB reference exchange rate,"ECB reference exchange rate, Indian rupee/Euro, 2.15 pm (C.E.T.)",INR,0
EXR.D.INR.EUR.SP00.A,D,INR,EUR,SP00,A,2018-09-25,85.6125,A,F,,,P1D,,A,,,,,,,99Q1=100,,,4,,4F0,,Indian rupee/Euro ECB reference exchange rate,"ECB reference exchange rate, Indian rupee/Euro, 2.15 pm (C.E.T.)",INR,0
EXR.D.INR.EUR.SP00.A,D,INR,EUR,SP00,A,2018-09-26,85.219,A,F,,,P1D,,A,,,,,,,99Q1=100,,,4,,4F0,,Indian rupee/Euro ECB reference exchange rate,"ECB reference exchange rate, Indian rupee/Euro, 2.15 pm (C.E.T.)",INR,0
EXR.D.INR.EUR.SP00.A,D,INR,EUR,SP00,A,2018-09-27,84.983,A,F,,,P1D,,A,,,,,,,99Q1=100,,,4,,4F0,,Indian rupee/Euro ECB reference exchange rate,"ECB reference exchange rate, Indian rupee/Euro, 2.15 pm (C.E.T.)",INR,0
EXR.D.INR.EUR.SP00.A,D,INR,EUR,SP00,A,2018-09-28,83.916,A,F,,,P1D,,A,,,,,,,99Q1=100,,,4,,4F0,,Indian rupee/Euro ECB reference exchange rate,"ECB reference exchange rate, Indian rupee/Euro, 2.15 pm (C.E.T.)",INR,0
EXR.D.INR.EUR.SP00.A,D,INR,EUR,SP00,A,2018-10-01,84.6215,A,F,,,P1D,,A,,,,,,,99Q1=100,,,4,,4F0,,Indian rupee/Euro ECB reference exchange rate,"ECB reference exchange rate, Indian rupee/Euro, 2.15 pm (C.E.T.)",INR,0
EXR.D.INR.EUR.SP00.A,D,INR,EUR,SP00,A,2018-10-02,84.7,A,F,,,P1D,,A,,,,,,,99Q1=100,,,4,,4F0,,Indian rupee/Euro ECB reference exchange rate,"ECB reference exchange rate, Indian rupee/Euro, 2.15 pm (C.E.T.)",INR,0
EXR.D.INR.EUR.SP00.A,D,INR,EUR,SP00,A,2018-10-03,84.717,A,F,,,P1D,,A,,,,,,,99Q1=100,,,4,,4F0,,Indian rupee/Euro ECB reference exchange rate,"ECB reference exchange rate, Indian rupee/Euro, 2.15 pm (C.E.T.)",INR,0
EXR.D.INR.EUR.SP00.A,D,INR,EUR,SP00,A,2018-10-04,84.628,A,F,,,P1D,,A,,,,,,,99Q1=100,,,4,,4F0,,Indian rupee/Euro ECB reference exchange rate,"ECB reference exchange rate, Indian rupee/Euro, 2.15 pm (C.E.T.)",INR,0
EXR.D.INR.EUR.SP00.A,D,INR,EUR,SP00,A,2018-10-05,84.8835,A,F,,,P1D,,A,,,,,,,99Q1=100,,,4,,4F0,,Indian rupee/Euro ECB reference exchange rate,"ECB reference exchange rate, Indian rupee/Euro, 2.15 pm (C.E.T.)",INR,0
EXR.D.INR.EUR.SP00.A,D,INR,EUR,SP00,A,2018-10-08,85.008,A,F,,,P1D,,A,,,,,,,99Q1=100,,,4,,4F0,,Indian rupee/Euro ECB reference exchange rate,"ECB reference exchange rate, Indian rupee/Euro, 2.15 pm (C.E.T.)",INR,0
EXR.D.INR.EUR.SP00.A,D,INR,EUR,SP00,A,2018-10-09,85.084,A,F,,,P1D,,A,,,,,,,99Q1=100,,,4,,4F0,,Indian rupee/Euro ECB reference exchange rate,"ECB reference exchange rate, Indian rupee/Euro, 2.15 pm (C.E.T.)",INR,0
EXR.D.INR.EUR.SP00.A,D,INR,EUR,SP00,A,2018-10-10,85.3605,A,F,,,P1D,,A,,,,,,,99Q1=100,,,4,,4F0,,Indian rupee/Euro ECB reference exchange rate,"ECB reference exchange rate, Indian rupee/Euro, 2.15 pm (C.E.T.)",INR,0
EXR.D.INR.EUR.SP00.A,D,INR,EUR,SP00,A,2018-10-11,85.7615,A,F,,,P1D,,A,,,,,,,99Q1=100,,,4,,4F0,,Indian rupee/Euro ECB reference exchange rate,"ECB reference exchange rate, Indian rupee/Euro, 2.15 pm (C.E.T.)",INR,0
EXR.D.INR.EUR.SP00.A,D,INR,EUR,SP00,A,2018-10-12,85.1445,A,F,,,P1D,,A,,,,,,,99Q1=100,,,4,,4F0,,Indian rupee/Euro ECB reference exchange rate,"ECB reference exchange rate, Indian rupee/Euro, 2.15 pm (C.E.T.)",INR,0
EXR.D.INR.EUR.SP00.A,D,INR,EUR,SP00,A,2018-10-15,85.4735,A,F,,,P1D,,A,,,,,,,99Q1=100,,,4,,4F0,,Indian rupee/Euro ECB reference exchange rate,"ECB reference exchange rate, Indian rupee/Euro, 2.15 pm (C.E.T.)",INR,0
EXR.D.INR.EUR.SP00.A,D,INR,EUR,SP00,A,2018-10-16,85.12,A,F,,,P1D,,A,,,,,,,99Q1=100,,,4,,4F0,,Indian rupee/Euro ECB reference exchange rate,"ECB reference exchange rate, Indian rupee/Euro, 2.15 pm (C.E.T.)",INR,0
EXR.D.INR.EUR.SP00.A,D,INR,EUR,SP00,A,2018-10-17,84.8915,A,F,,,P1D,,A,,,,,,,99Q1=100,,,4,,4F0,,Indian rupee/Euro ECB reference exchange rate,"ECB reference exchange rate, Indian rupee/Euro, 2.15 pm (C.E.T.)",INR,0
EXR.D.INR.EUR.SP00.A,D,INR,EUR,SP00,A,2018-10-18,84.685,A,F,,,P1D,,A,,,,,,,99Q1=100,,,4,,4F0,,Indian rupee/Euro ECB reference exchange rate,"ECB reference exchange rate, Indian rupee/Euro, 2.15 pm (C.E.T.)",INR,0
EXR.D.INR.EUR.SP00.A,D,INR,EUR,SP00,A,2018-10-19,84.123,A,F,,,P1D,,A,,,,,,,99Q1=100,,,4,,4F0,,Indian rupee/Euro ECB reference exchange rate,"ECB reference exchange rate, Indian rupee/Euro, 2.15 pm (C.E.T.)",INR,0
EXR.D.INR.EUR.SP00.A,D,INR,EUR,SP00,A,2018-10-22,84.546,A,F,,,P1D,,A,,,,,,,99Q1=100,,,4,,4F0,,Indian rupee/Euro ECB reference exchange rate,"ECB reference exchange rate, Indian rupee/Euro, 2.15 pm (C.E.T.)",INR,0
EXR.D.INR.EUR.SP00.A,D,INR,EUR,SP00,A,2018-10-23,84.4435,A,F,,,P1D,,A,,,,,,,99Q1=100,,,4,,4F0,,Indian rupee/Euro ECB reference exchange rate,"ECB reference exchange rate, Indian rupee/Euro, 2.15 pm (C.E.T.)",INR,0
EXR.D.INR.EUR.SP00.A,D,INR,EUR,SP00,A,2018-10-24,83.3255,A,F,,,P1D,,A,,,,,,,99Q1=100,,,4,,4F0,,Indian rupee/Euro ECB reference exchange rate,"ECB reference exchange rate, Indian rupee/Euro, 2.15 pm (C.E.T.)",INR,0
EXR.D.INR.EUR.SP00.A,D,INR,EUR,SP00,A,2018-10-25,83.6525,A,F,,,P1D,,A,,,,,,,99Q1=100,,,4,,4F0,,Indian rupee/Euro ECB reference exchange rate,"ECB reference exchange rate, Indian rupee/Euro, 2.15 pm (C.E.T.)",INR,0
EXR.D.INR.EUR.SP00.A,D,INR,EUR,SP00,A,2018-10-26,83.34,A,F,,,P1D,,A,,,,,,,99Q1=100,,,4,,4F0,,Indian rupee/Euro ECB reference exchange rate,"ECB reference exchange rate, Indian rupee/Euro, 2.15 pm (C.E.T.)",INR,0
EXR.D.INR.EUR.SP00.A,D,INR,EUR,SP00,A,2018-10-29,83.5595,A,F,,,P1D,,A,,,,,,,99Q1=100,,,4,,4F0,,Indian rupee/Euro ECB reference exchange rate,"ECB reference exchange rate, Indian rupee/Euro, 2.15 pm (C.E.T.)",INR,0
EXR.D.INR.EUR.SP00.A,D,INR,EUR,SP00,A,2018-10-30,83.728,A,F,,,P1D,,A,,,,,,,99Q1=100,,,4,,4F0,,Indian rupee/Euro ECB reference exchange rate,"ECB reference exchange rate, Indian rupee/Euro, 2.15 pm (C.E.T.)",INR,0
EXR.D.INR.EUR.SP00.A,D,INR,EUR,SP00,A,2018-10-31,83.7305,A,F,,,P1D,,A,,,,,,,99Q1=100,,,4,,4F0,,Indian rupee/Euro ECB reference exchange rate,"ECB reference exchange rate, Indian rupee/Euro, 2.15 pm (C.E.T.)",INR,0
EXR.D.INR.EUR.SP00.A,D,INR,EUR,SP00,A,2018-11-01,83.68,A,F,,,P1D,,A,,,,,,,99Q1=100,,,4,,4F0,,Indian rupee/Euro ECB reference exchange rate,"ECB reference exchange rate, Indian rupee/Euro, 2.15 pm (C.E.T.)",INR,0
EXR.D.INR.EUR.SP00.A,D,INR,EUR,SP00,A,2018-11-02,82.7085,A,F,,,P1D,,A,,,,,,,99Q1=100,,,4,,4F0,,Indian rupee/Euro ECB reference exchange rate,"ECB reference exchange rate, Indian rupee/Euro, 2.15 pm (C.E.T.)",INR,0
EXR.D.INR.EUR.SP00.A,D,INR,EUR,SP00,A,2018-11-05,83.092,A,F,,,P1D,,A,,,,,,,99Q1=100,,,4,,4F0,,Indian rupee/Euro ECB reference exchange rate,"ECB reference exchange rate, Indian rupee/Euro, 2.15 pm (C.E.T.)",INR,0
EXR.D.INR.EUR.SP00.A,D,INR,EUR,SP00,A,2018-11-06,83.3785,A,F,,,P1D,,A,,,,,,,99Q1=100,,,4,,4F0,,Indian rupee/Euro ECB reference exchange rate,"ECB reference exchange rate, Indian rupee/Euro, 2.15 pm (C.E.T.)",INR,0
EXR.D.INR.EUR.SP00.A,D,INR,EUR,SP00,A,2018-11-07,83.28,A,F,,,P1D,,A,,,,,,,99Q1=100,,,4,,4F0,,Indian rupee/Euro ECB reference exchange rate,"ECB reference exchange rate, Indian rupee/Euro, 2.15 pm (C.E.T.)",INR,0
EXR.D.INR.EUR.SP00.A,D,INR,EUR,SP00,A,2018-11-08,82.7195,A,F,,,P1D,,A,,,,,,,99Q1=100,,,4,,4F0,,Indian rupee/Euro ECB reference exchange rate,"ECB reference exchange rate, Indian rupee/Euro, 2.15 pm (C.E.T.)",INR,0
EXR.D.INR.EUR.SP00.A,D,INR,EUR,SP00,A,2018-11-09,82.264,A,F,,,P1D,,A,,,,,,,99Q1=100,,,4,,4F0,,Indian rupee/Euro ECB reference exchange rate,"ECB reference exchange rate, Indian rupee/Euro, 2.15 pm (C.E.T.)",INR,0
EXR.D.INR.EUR.SP00.A,D,INR,EUR,SP00,A,2018-11-12,82.1106,A,F,,,P1D,,A,,,,,,,99Q1=100,,,4,,4F0,,Indian rupee/Euro ECB reference exchange rate,"ECB reference exchange rate, Indian rupee/Euro, 2.15 pm (C.E.T.)",INR,0
EXR.D.INR.EUR.SP00.A,D,INR,EUR,SP00,A,2018-11-13,81.839,A,F,,,P1D,,A,,,,,,,99Q1=100,,,4,,4F0,,Indian rupee/Euro ECB reference exchange rate,"ECB reference exchange rate, Indian rupee/Euro, 2.15 pm (C.E.T.)",INR,0
EXR.D.INR.EUR.SP00.A,D,INR,EUR,SP00,A,2018-11-14,81.674,A,F,,,P1D,,A,,,,,,,99Q1=100,,,4,,4F0,,Indian rupee/Euro ECB reference exchange rate,"ECB reference exchange rate, Indian rupee/Euro, 2.15 pm (C.E.T.)",INR,0
EXR.D.INR.EUR.SP00.A,D,INR,EUR,SP00,A,2018-11-15,81.37,A,F,,,P1D,,A,,,,,,,99Q1=100,,,4,,4F0,,Indian rupee/Euro ECB reference exchange rate,"ECB reference exchange rate, Indian rupee/Euro, 2.15 pm (C.E.T.)",INR,0
EXR.D.INR.EUR.SP00.A,D,INR,EUR,SP00,A,2018-11-16,81.5735,A,F,,,P1D,,A,,,,,,,99Q1=100,,,4,,4F0,,Indian rupee/Euro ECB reference exchange rate,"ECB reference exchange rate, Indian rupee/Euro, 2.15 pm (C.E.T.)",INR,0
EXR.D.INR.EUR.SP00.A,D,INR,EUR,SP00,A,2018-11-19,81.8825,A,F,,,P1D,,A,,,,,,,99Q1=100,,,4,,4F0,,Indian rupee/Euro ECB reference exchange rate,"ECB reference exchange rate, Indian rupee/Euro, 2.15 pm (C.E.T.)",INR,0
EXR.D.INR.EUR.SP00.A,D,INR,EUR,SP00,A,2018-11-20,81.65,A,F,,,P1D,,A,,,,,,,99Q1=100,,,4,,4F0,,Indian rupee/Euro ECB reference exchange rate,"ECB reference exchange rate, Indian rupee/Euro, 2.15 pm (C.E.T.)",INR,0
EXR.D.INR.EUR.SP00.A,D,INR,EUR,SP00,A,2018-11-21,81.352,A,F,,,P1D,,A,,,,,,,99Q1=100,,,4,,4F0,,Indian rupee/Euro ECB reference exchange rate,"ECB reference exchange rate, Indian rupee/Euro, 2.15 pm (C.E.T.)",INR,0
EXR.D.INR.EUR.SP00.A,D,INR,EUR,SP00,A,2018-11-22,80.6045,A,F,,,P1D,,A,,,,,,,99Q1=100,,,4,,4F0,,Indian rupee/Euro ECB reference exchange rate,"ECB reference exchange rate, Indian rupee/Euro, 2.15 pm (C.E.T.)",INR,0
EXR.D.INR.EUR.SP00.A,D,INR,EUR,SP00,A,2018-11-23,80.204,A,F,,,P1D,,A,,,,,,,99Q1=100,,,4,,4F0,,Indian rupee/Euro ECB reference exchange rate,"ECB reference exchange rate, Indian rupee/Euro, 2.15 pm (C.E.T.)",INR,0
EXR.D.INR.EUR.SP00.A,D,INR,EUR,SP00,A,2018-11-26,80.5385,A,F,,,P1D,,A,,,,,,,99Q1=100,,,4,,4F0,,Indian rupee/Euro ECB reference exchange rate,"ECB reference exchange rate, Indian rupee/Euro, 2.15 pm (C.E.T.)",INR,0
EXR.D.INR.EUR.SP00.A,D,INR,EUR,SP00,A,2018-11-27,80.162,A,F,,,P1D,,A,,,,,,,99Q1=100,,,4,,4F0,,Indian rupee/Euro ECB reference exchange rate,"ECB reference exchange rate, Indian rupee/Euro, 2.15 pm (C.E.T.)",INR,0
EXR.D.INR.EUR.SP00.A,D,INR,EUR,SP00,A,2018-11-28,79.643,A,F,,,P1D,,A,,,,,,,99Q1=100,,,4,,4F0,,Indian rupee/Euro ECB reference exchange rate,"ECB reference exchange rate, Indian rupee/Euro, 2.15 pm (C.E.T.)",INR,0
EXR.D.INR.EUR.SP00.A,D,INR,EUR,SP00,A,2018-11-29,79.537,A,F,,,P1D,,A,,,,,,,99Q1=100,,,4,,4F0,,Indian rupee/Euro ECB reference exchange rate,"ECB reference exchange rate, Indian rupee/Euro, 2.15 pm (C.E.T.)",INR,0
EXR.D.INR.EUR.SP00.A,D,INR,EUR,SP00,A,2018-11-30,79.0815,A,F,,,P1D,,A,,,,,,,99Q1=100,,,4,,4F0,,Indian rupee/Euro ECB reference exchange rate,"ECB reference exchange rate, Indian rupee/Euro, 2.15 pm (C.E.T.)",INR,0
EXR.D.INR.EUR.SP00.A,D,INR,EUR,SP00,A,2018-12-03,79.791,A,F,,,P1D,,A,,,,,,,99Q1=100,,,4,,4F0,,Indian rupee/Euro ECB reference exchange rate,"ECB reference exchange rate, Indian rupee/Euro, 2.15 pm (C.E.T.)",INR,0
EXR.D.INR.EUR.SP00.A,D,INR,EUR,SP00,A,2018-12-04,80.472,A,F,,,P1D,,A,,,,,,,99Q1=100,,,4,,4F0,,Indian rupee/Euro ECB reference exchange rate,"ECB reference exchange rate, Indian rupee/Euro, 2.15 pm (C.E.T.)",INR,0
EXR.D.INR.EUR.SP00.A,D,INR,EUR,SP00,A,2018-12-05,80.066,A,F,,,P1D,,A,,,,,,,99Q1=100,,,4,,4F0,,Indian rupee/Euro ECB reference exchange rate,"ECB reference exchange rate, Indian rupee/Euro, 2.15 pm (C.E.T.)",INR,0
EXR.D.INR.EUR.SP00.A,D,INR,EUR,SP00,A,2018-12-06,80.495,A,F,,,P1D,,A,,,,,,,99Q1=100,,,4,,4F0,,Indian rupee/Euro ECB reference exchange rate,"ECB reference exchange rate, Indian rupee/Euro, 2.15 pm (C.E.T.)",INR,0
EXR.D.INR.EUR.SP00.A,D,INR,EUR,SP00,A,2018-12-07,80.509,A,F,,,P1D,,A,,,,,,,99Q1=100,,,4,,4F0,,Indian rupee/Euro ECB reference exchange rate,"ECB reference exchange rate, Indian rupee/Euro, 2.15 pm (C.E.T.)",INR,0
EXR.D.INR.EUR.SP00.A,D,INR,EUR,SP00,A,2018-12-10,82.7284,A,F,,,P1D,,A,,,,,,,99Q1=100,,,4,,4F0,,Indian rupee/Euro ECB reference exchange rate,"ECB reference exchange rate, Indian rupee/Euro, 2.15 pm (C.E.T.)",INR,0
EXR.D.INR.EUR.SP00.A,D,INR,EUR,SP00,A,2018-12-11,81.8215,A,F,,,P1D,,A,,,,,,,99Q1=100,,,4,,4F0,,Indian rupee/Euro ECB reference exchange rate,"ECB reference exchange rate, Indian rupee/Euro, 2.15 pm (C.E.T.)",INR,0
EXR.D.INR.EUR.SP00.A,D,INR,EUR,SP00,A,2018-12-12,81.69,A,F,,,P1D,,A,,,,,,,99Q1=100,,,4,,4F0,,Indian rupee/Euro ECB reference exchange rate,"ECB reference exchange rate, Indian rupee/Euro, 2.15 pm (C.E.T.)",INR,0
EXR.D.INR.EUR.SP00.A,D,INR,EUR,SP00,A,2018-12-13,81.428,A,F,,,P1D,,A,,,,,,,99Q1=100,,,4,,4F0,,Indian rupee/Euro ECB reference exchange rate,"ECB reference exchange rate, Indian rupee/Euro, 2.15 pm (C.E.T.)",INR,0
EXR.D.INR.EUR.SP00.A,D,INR,EUR,SP00,A,2018-12-14,81.225,A,F,,,P1D,,A,,,,,,,99Q1=100,,,4,,4F0,,Indian rupee/Euro ECB reference exchange rate,"ECB reference exchange rate, Indian rupee/Euro, 2.15 pm (C.E.T.)",INR,0
EXR.D.INR.EUR.SP00.A,D,INR,EUR,SP00,A,2018-12-17,81.213,A,F,,,P1D,,A,,,,,,,99Q1=100,,,4,,4F0,,Indian rupee/Euro ECB reference exchange rate,"ECB reference exchange rate, Indian rupee/Euro, 2.15 pm (C.E.T.)",INR,0
EXR.D.INR.EUR.SP00.A,D,INR,EUR,SP00,A,2018-12-18,80.253,A,F,,,P1D,,A,,,,,,,99Q1=100,,,4,,4F0,,Indian rupee/Euro ECB reference exchange rate,"ECB reference exchange rate, Indian rupee/Euro, 2.15 pm (C.E.T.)",INR,0
EXR.D.INR.EUR.SP00.A,D,INR,EUR,SP00,A,2018-12-19,80.116,A,F,,,P1D,,A,,,,,,,99Q1=100,,,4,,4F0,,Indian rupee/Euro ECB reference exchange rate,"ECB reference exchange rate, Indian rupee/Euro, 2.15 pm (C.E.T.)",INR,0
EXR.D.INR.EUR.SP00.A,D,INR,EUR,SP00,A,2018-12-20,79.949,A,F,,,P1D,,A,,,,,,,99Q1=100,,,4,,4F0,,Indian rupee/Euro ECB reference exchange rate,"ECB reference exchange rate, Indian rupee/Euro, 2.15 pm (C.E.T.)",INR,0
EXR.D.INR.EUR.SP00.A,D,INR,EUR,SP00,A,2018-12-21,80.04,A,F,,,P1D,,A,,,,,,,99Q1=100,,,4,,4F0,,Indian rupee/Euro ECB reference exchange rate,"ECB reference exchange rate, Indian rupee/Euro, 2.15 pm (C.E.T.)",INR,0
EXR.D.INR.EUR.SP00.A,D,INR,EUR,SP00,A,2018-12-24,80.019,A,F,,,P1D,,A,,,,,,,99Q1=100,,,4,,4F0,,Indian rupee/Euro ECB reference exchange rate,"ECB reference exchange rate, Indian rupee/Euro, 2.15 pm (C.E.T.)",INR,0
EXR.D.INR.EUR.SP00.A,D,INR,EUR,SP00,A,2018-12-27,79.9445,A,F,,,P1D,,A,,,,,,,99Q1=100,,,4,,4F0,,Indian rupee/Euro ECB reference exchange rate,"ECB reference exchange rate, Indian rupee/Euro, 2.15 pm (C.E.T.)",INR,0
EXR.D.INR.EUR.SP00.A,D,INR,EUR,SP00,A,2018-12-28,80.2255,A,F,,,P1D,,A,,,,,,,99Q1=100,,,4,,4F0,,Indian rupee/Euro ECB reference exchange rate,"ECB reference exchange rate, Indian rupee/Euro, 2.15 pm (C.E.T.)",INR,0
EXR.D.INR.EUR.SP00.A,D,INR,EUR,SP00,A,2018-12-31,79.7298,A,F,,,P1D,,A,,,,,,,99Q1=100,,,4,,4F0,,Indian rupee/Euro ECB reference exchange rate,"ECB reference exchange rate, Indian rupee/Euro, 2.15 pm (C.E.T.)",INR,0
EXR.D.INR.EUR.SP00.A,D,INR,EUR,SP00,A,2019-01-02,79.9855,A,F,,,P1D,,A,,,,,,,99Q1=100,,,4,,4F0,,Indian rupee/Euro ECB reference exchange rate,"ECB reference exchange rate, Indian rupee/Euro, 2.15 pm (C.E.T.)",INR,0
EXR.D.INR.EUR.SP00.A,D,INR,EUR,SP00,A,2019-01-03,79.608,A,F,,,P1D,,A,,,,,,,99Q1=100,,,4,,4F0,,Indian rupee/Euro ECB reference exchange rate,"ECB reference exchange rate, Indian rupee/Euro, 2.15 pm (C.E.T.)",INR,0
EXR.D.INR.EUR.SP00.A,D,INR,EUR,SP00,A,2019-01-04,79.4315,A,F,,,P1D,,A,,,,,,,99Q1=100,,,4,,4F0,,Indian rupee/Euro ECB reference exchange rate,"ECB reference exchange rate, Indian rupee/Euro, 2.15 pm (C.E.T.)",INR,0
EXR.D.INR.EUR.SP00.A,D,INR,EUR,SP00,A,2019-01-07,79.6895,A,F,,,P1D,,A,,,,,,,99Q1=100,,,4,,4F0,,Indian rupee/Euro ECB reference exchange rate,"ECB reference exchange rate, Indian rupee/Euro, 2.15 pm (C.E.T.)",INR,0
EXR.D.INR.EUR.SP00.A,D,INR,EUR,SP00,A,2019-01-08,80.245,A,F,,,P1D,,A,,,,,,,99Q1=100,,,4,,4F0,,Indian rupee/Euro ECB reference exchange rate,"ECB reference exchange rate, Indian rupee/Euro, 2.15 pm (C.E.T.)",INR,0
EXR.D.INR.EUR.SP00.A,D,INR,EUR,SP00,A,2019-01-09,80.6365,A,F,,,P1D,,A,,,,,,,99Q1=100,,,4,,4F0,,Indian rupee/Euro ECB reference exchange rate,"ECB reference exchange rate, Indian rupee/Euro, 2.15 pm (C.E.T.)",INR,0
EXR.D.INR.EUR.SP00.A,D,INR,EUR,SP00,A,2019-01-10,81.2005,A,F,,,P1D,,A,,,,,,,99Q1=100,,,4,,4F0,,Indian rupee/Euro ECB reference exchange rate,"ECB reference exchange rate, Indian rupee/Euro, 2.15 pm (C.E.T.)",INR,0
EXR.D.INR.EUR.SP00.A,D,INR,EUR,SP00,A,2019-01-11,81.3475,A,F,,,P1D,,A,,,,,,,99Q1=100,,,4,,4F0,,Indian rupee/Euro ECB reference exchange rate,"ECB reference exchange rate, Indian rupee/Euro, 2.15 pm (C.E.T.)",INR,0
EXR.D.INR.EUR.SP00.A,D,INR,EUR,SP00,A,2019-01-14,81.2195,A,F,,,P1D,,A,,,,,,,99Q1=100,,,4,,4F0,,Indian rupee/Euro ECB reference exchange rate,"ECB reference exchange rate, Indian rupee/Euro, 2.15 pm (C.E.T.)",INR,0
EXR.D.INR.EUR.SP00.A,D,INR,EUR,SP00,A,2019-01-15,81.231,A,F,,,P1D,,A,,,,,,,99Q1=100,,,4,,4F0,,Indian rupee/Euro ECB reference exchange rate,"ECB reference exchange rate, Indian rupee/Euro, 2.15 pm (C.E.T.)",INR,0
EXR.D.INR.EUR.SP00.A,D,INR,EUR,SP00,A,2019-01-16,81.0055,A,F,,,P1D,,A,,,,,,,99Q1=100,,,4,,4F0,,Indian rupee/Euro ECB reference exchange rate,"ECB reference exchange rate, Indian rupee/Euro, 2.15 pm (C.E.T.)",INR,0
EXR.D.INR.EUR.SP00.A,D,INR,EUR,SP00,A,2019-01-17,80.9765,A,F,,,P1D,,A,,,,,,,99Q1=100,,,4,,4F0,,Indian rupee/Euro ECB reference exchange rate,"ECB reference exchange rate, Indian rupee/Euro, 2.15 pm (C.E.T.)",INR,0
EXR.D.INR.EUR.SP00.A,D,INR,EUR,SP00,A,2019-01-18,81.0875,A,F,,,P1D,,A,,,,,,,99Q1=100,,,4,,4F0,,Indian rupee/Euro ECB reference exchange rate,"ECB reference exchange rate, Indian rupee/Euro, 2.15 pm (C.E.T.)",INR,0
EXR.D.INR.EUR.SP00.A,D,INR,EUR,SP00,A,2019-01-21,80.9335,A,F,,,P1D,,A,,,,,,,99Q1=100,,,4,,4F0,,Indian rupee/Euro ECB reference exchange rate,"ECB reference exchange rate, Indian rupee/Euro, 2.15 pm (C.E.T.)",INR,0
EXR.D.INR.EUR.SP00.A,D,INR,EUR,SP00,A,2019-01-22,81.046,A,F,,,P1D,,A,,,,,,,99Q1=100,,,4,,4F0,,Indian rupee/Euro ECB reference exchange rate,"ECB reference exchange rate, Indian rupee/Euro, 2.15 pm (C.E.T.)",INR,0
EXR.D.INR.EUR.SP00.A,D,INR,EUR,SP00,A,2019-01-23,81.0535,A,F,,,P1D,,A,,,,,,,99Q1=100,,,4,,4F0,,Indian rupee/Euro ECB reference exchange rate,"ECB reference exchange rate, Indian rupee/Euro, 2.15 pm (C.E.T.)",INR,0
EXR.D.INR.EUR.SP00.A,D,INR,EUR,SP00,A,2019-01-24,80.656,A,F,,,P1D,,A,,,,,,,99Q1=100,,,4,,4F0,,Indian rupee/Euro ECB reference exchange rate,"ECB reference exchange rate, Indian rupee/Euro, 2.15 pm (C.E.T.)",INR,0
EXR.D.INR.EUR.SP00.A,D,INR,EUR,SP00,A,2019-01-25,80.634,A,F,,,P1D,,A,,,,,,,99Q1=100,,,4,,4F0,,Indian rupee/Euro ECB reference exchange rate,"ECB reference exchange rate, Indian rupee/Euro, 2.15 pm (C.E.T.)",INR,0
EXR.D.INR.EUR.SP00.A,D,INR,EUR,SP00,A,2019-01-28,81.232,A,F,,,P1D,,A,,,,,,,99Q1=100,,,4,,4F0,,Indian rupee/Euro ECB reference exchange rate,"ECB reference exchange rate, Indian rupee/Euro, 2.15 pm (C.E.T.)",INR,0
EXR.D.INR.EUR.SP00.A,D,INR,EUR,SP00,A,2019-01-29,81.306,A,F,,,P1D,,A,,,,,,,99Q1=100,,,4,,4F0,,Indian rupee/Euro ECB reference exchange rate,"ECB reference exchange rate, Indian rupee/Euro, 2.15 pm (C.E.T.)",INR,0
EXR.D.INR.EUR.SP00.A,D,INR,EUR,SP00,A,2019-01-30,81.351,A,F,,,P1D,,A,,,,,,,99Q1=100,,,4,,4F0,,Indian rupee/Euro ECB reference exchange rate,"ECB reference exchange rate, Indian rupee/Euro, 2.15 pm (C.E.T.)",INR,0
EXR.D.INR.EUR.SP00.A,D,INR,EUR,SP00,A,2019-01-31,81.686,A,F,,,P1D,,A,,,,,,,99Q1=100,,,4,,4F0,,Indian rupee/Euro ECB reference exchange rate,"ECB reference exchange rate, Indian rupee/Euro, 2.15 pm (C.E.T.)",INR,0
EXR.D.INR.EUR.SP00.A,D,INR,EUR,SP00,A,2019-02-01,81.771,A,F,,,P1D,,A,,,,,,,99Q1=100,,,4,,4F0,,Indian rupee/Euro ECB reference exchange rate,"ECB reference exchange rate, Indian rupee/Euro, 2.15 pm (C.E.T.)",INR,0
EXR.D.INR.EUR.SP00.A,D,INR,EUR,SP00,A,2019-02-04,82.1905,A,F,,,P1D,,A,,,,,,,99Q1=100,,,4,,4F0,,Indian rupee/Euro ECB reference exchange rate,"ECB reference exchange rate, Indian rupee/Euro, 2.15 pm (C.E.T.)",INR,0
EXR.D.INR.EUR.SP00.A,D,INR,EUR,SP00,A,2019-02-05,81.8395,A,F,,,P1D,,A,,,,,,,99Q1=100,,,4,,4F0,,Indian rupee/Euro ECB reference exchange rate,"ECB reference exchange rate, Indian rupee/Euro, 2.15 pm (C.E.T.)",INR,0
EXR.D.INR.EUR.SP00.A,D,INR,EUR,SP00,A,2019-02-06,81.5535,A,F,,,P1D,,A,,,,,,,99Q1=100,,,4,,4F0,,Indian rupee/Euro ECB reference exchange rate,"ECB reference exchange rate, Indian rupee/Euro, 2.15 pm (C.E.T.)",INR,0
EXR.D.INR.EUR.SP00.A,D,INR,EUR,SP00,A,2019-02-07,81.0855,A,F,,,P1D,,A,,,,,,,99Q1=100,,,4,,4F0,,Indian rupee/Euro ECB reference exchange rate,"ECB reference exchange rate, Indian rupee/Euro, 2.15 pm (C.E.T.)",INR,0
EXR.D.INR.EUR.SP00.A,D,INR,EUR,SP00,A,2019-02-08,80.8655,A,F,,,P1D,,A,,,,,,,99Q1=100,,,4,,4F0,,Indian rupee/Euro ECB reference exchange rate,"ECB reference exchange rate, Indian rupee/Euro, 2.15 pm (C.E.T.)",INR,0
EXR.D.INR.EUR.SP00.A,D,INR,EUR,SP00,A,2019-02-11,80.448,A,F,,,P1D,,A,,,,,,,99Q1=100,,,4,,4F0,,Indian rupee/Euro ECB reference exchange rate,"ECB reference exchange rate, Indian rupee/Euro, 2.15 pm (C.E.T.)",INR,0
EXR.D.INR.EUR.SP00.A,D,INR,EUR,SP00,A,2019-02-12,79.801,A,F,,,P1D,,A,,,,,,,99Q1=100,,,4,,4F0,,Indian rupee/Euro ECB reference exchange rate,"ECB reference exchange rate, Indian rupee/Euro, 2.15 pm (C.E.T.)",INR,0
EXR.D.INR.EUR.SP00.A,D,INR,EUR,SP00,A,2019-02-13,80.066,A,F,,,P1D,,A,,,,,,,99Q1=100,,,4,,4F0,,Indian rupee/Euro ECB reference exchange rate,"ECB reference exchange rate, Indian rupee/Euro, 2.15 pm (C.E.T.)",INR,0
EXR.D.INR.EUR.SP00.A,D,INR,EUR,SP00,A,2019-02-14,80.203,A,F,,,P1D,,A,,,,,,,99Q1=100,,,4,,4F0,,Indian rupee/Euro ECB reference exchange rate,"ECB reference exchange rate, Indian rupee/Euro, 2.15 pm (C.E.T.)",INR,0
EXR.D.INR.EUR.SP00.A,D,INR,EUR,SP00,A,2019-02-15,80.361,A,F,,,P1D,,A,,,,,,,99Q1=100,,,4,,4F0,,Indian rupee/Euro ECB reference exchange rate,"ECB reference exchange rate, Indian rupee/Euro, 2.15 pm (C.E.T.)",INR,0
EXR.D.INR.EUR.SP00.A,D,INR,EUR,SP00,A,2019-02-18,80.8835,A,F,,,P1D,,A,,,,,,,99Q1=100,,,4,,4F0,,Indian rupee/Euro ECB reference exchange rate,"ECB reference exchange rate, Indian rupee/Euro, 2.15 pm (C.E.T.)",INR,0
EXR.D.INR.EUR.SP00.A,D,INR,EUR,SP00,A,2019-02-19,80.6985,A,F,,,P1D,,A,,,,,,,99Q1=100,,,4,,4F0,,Indian rupee/Euro ECB reference exchange rate,"ECB reference exchange rate, Indian rupee/Euro, 2.15 pm (C.E.T.)",INR,0
EXR.D.INR.EUR.SP00.A,D,INR,EUR,SP00,A,2019-02-20,80.7035,A,F,,,P1D,,A,,,,,,,99Q1=100,,,4,,4F0,,Indian rupee/Euro ECB reference exchange rate,"ECB reference exchange rate, Indian rupee/Euro, 2.15 pm (C.E.T.)",INR,0
EXR.D.INR.EUR.SP00.A,D,INR,EUR,SP00,A,2019-02-21,80.7435,A,F,,,P1D,,A,,,,,,,99Q1=100,,,4,,4F0,,Indian rupee/Euro ECB reference exchange rate,"ECB reference exchange rate, Indian rupee/Euro, 2.15 pm (C.E.T.)",INR,0
EXR.D.INR.EUR.SP00.A,D,INR,EUR,SP00,A,2019-02-22,80.553,A,F,,,P1D,,A,,,,,,,99Q1=100,,,4,,4F0,,Indian rupee/Euro ECB reference exchange rate,"ECB reference exchange rate, Indian rupee/Euro, 2.15 pm (C.E.T.)",INR,0
EXR.D.INR.EUR.SP00.A,D,INR,EUR,SP00,A,2019-02-25,80.5315,A,F,,,P1D,,A,,,,,,,99Q1=100,,,4,,4F0,,Indian rupee/Euro ECB reference exchange rate,"ECB reference exchange rate, Indian rupee/Euro, 2.15 pm (C.E.T.)",INR,0
EXR.D.INR.EUR.SP00.A,D,INR,EUR,SP00,A,2019-02-26,80.853,A,F,,,P1D,,A,,,,,,,99Q1=100,,,4,,4F0,,Indian rupee/Euro ECB reference exchange rate,"ECB reference exchange rate, Indian rupee/Euro, 2.15 pm (C.E.T.)",INR,0
EXR.D.INR.EUR.SP00.A,D,INR,EUR,SP00,A,2019-02-27,81.1585,A,F,,,P1D,,A,,,,,,,99Q1=100,,,4,,4F0,,Indian rupee/Euro ECB reference exchange rate,"ECB reference exchange rate, Indian rupee/Euro, 2.15 pm (C.E.T.)",INR,0
EXR.D.INR.EUR.SP00.A,D,INR,EUR,SP00,A,2019-02-28,80.8915,A,F,,,P1D,,A,,,,,,,99Q1=100,,,4,,4F0,,Indian rupee/Euro ECB reference exchange rate,"ECB reference exchange rate, Indian rupee/Euro, 2.15 pm (C.E.T.)",INR,0
EXR.D.INR.EUR.SP00.A,D,INR,EUR,SP00,A,2019-03-01,80.695,A,F,,,P1D,,A,,,,,,,99Q1=100,,,4,,4F0,,Indian rupee/Euro ECB reference exchange rate,"ECB reference exchange rate, Indian rupee/Euro, 2.15 pm (C.E.T.)",INR,0
EXR.D.INR.EUR.SP00.A,D,INR,EUR,SP00,A,2019-03-04,80.363,A,F,,,P1D,,A,,,,,,,99Q1=100,,,4,,4F0,,Indian rupee/Euro ECB reference exchange rate,"ECB reference exchange rate, Indian rupee/Euro, 2.15 pm (C.E.T.)",INR,0
EXR.D.INR.EUR.SP00.A,D,INR,EUR,SP00,A,2019-03-05,79.936,A,F,,,P1D,,A,,,,,,,99Q1=100,,,4,,4F0,,Indian rupee/Euro ECB reference exchange rate,"ECB reference exchange rate, Indian rupee/Euro, 2.15 pm (C.E.T.)",INR,0
EXR.D.INR.EUR.SP00.A,D,INR,EUR,SP00,A,2019-03-06,79.432,A,F,,,P1D,,A,,,,,,,99Q1=100,,,4,,4F0,,Indian rupee/Euro ECB reference exchange rate,"ECB reference exchange rate, Indian rupee/Euro, 2.15 pm (C.E.T.)",INR,0
EXR.D.INR.EUR.SP00.A,D,INR,EUR,SP00,A,2019-03-07,78.884,A,F,,,P1D,,A,,,,,,,99Q1=100,,,4,,4F0,,Indian rupee/Euro ECB reference exchange rate,"ECB reference exchange rate, Indian rupee/Euro, 2.15 pm (C.E.T.)",INR,0
EXR.D.INR.EUR.SP00.A,D,INR,EUR,SP00,A,2019-03-08,78.733,A,F,,,P1D,,A,,,,,,,99Q1=100,,,4,,4F0,,Indian rupee/Euro ECB reference exchange rate,"ECB reference exchange rate, Indian rupee/Euro, 2.15 pm (C.E.T.)",INR,0
EXR.D.INR.EUR.SP00.A,D,INR,EUR,SP00,A,2019-03-11,78.547,A,F,,,P1D,,A,,,,,,,99Q1=100,,,4,,4F0,,Indian rupee/Euro ECB reference exchange rate,"ECB reference exchange rate, Indian rupee/Euro, 2.15 pm (C.E.T.)",INR,0
EXR.D.INR.EUR.SP00.A,D,INR,EUR,SP00,A,2019-03-12,78.5175,A,F,,,P1D,,A,,,,,,,99Q1=100,,,4,,4F0,,Indian rupee/Euro ECB reference exchange rate,"ECB reference exchange rate, Indian rupee/Euro, 2.15 pm (C.E.T.)",INR,0
EXR.D.INR.EUR.SP00.A,D,INR,EUR,SP00,A,2019-03-13,78.662,A,F,,,P1D,,A,,,,,,,99Q1=100,,,4,,4F0,,Indian rupee/Euro ECB reference exchange rate,"ECB reference exchange rate, Indian rupee/Euro, 2.15 pm (C.E.T.)",INR,0
EXR.D.INR.EUR.SP00.A,D,INR,EUR,SP00,A,2019-03-14,78.473,A,F,,,P1D,,A,,,,,,,99Q1=100,,,4,,4F0,,Indian rupee/Euro ECB reference exchange rate,"ECB reference exchange rate, Indian rupee/Euro, 2.15 pm (C.E.T.)",INR,0
EXR.D.INR.EUR.SP00.A,D,INR,EUR,SP00,A,2019-03-15,78.074,A,F,,,P1D,,A,,,,,,,99Q1=100,,,4,,4F0,,Indian rupee/Euro ECB reference exchange rate,"ECB reference exchange rate, Indian rupee/Euro, 2.15 pm (C.E.T.)",INR,0
EXR.D.INR.EUR.SP00.A,D,INR,EUR,SP00,A,2019-03-18,77.781,A,F,,,P1D,,A,,,,,,,99Q1=100,,,4,,4F0,,Indian rupee/Euro ECB reference exchange rate,"ECB reference exchange rate, Indian rupee/Euro, 2.15 pm (C.E.T.)",INR,0
EXR.D.INR.EUR.SP00.A,D,INR,EUR,SP00,A,2019-03-19,78.351,A,F,,,P1D,,A,,,,,,,99Q1=100,,,4,,4F0,,Indian rupee/Euro ECB reference exchange rate,"ECB reference exchange rate, Indian rupee/Euro, 2.15 pm (C.E.T.)",INR,0
EXR.D.INR.EUR.SP00.A,D,INR,EUR,SP00,A,2019-03-20,78.136,A,F,,,P1D,,A,,,,,,,99Q1=100,,,4,,4F0,,Indian rupee/Euro ECB reference exchange rate,"ECB reference exchange rate, Indian rupee/Euro, 2.15 pm (C.E.T.)",INR,0
EXR.D.INR.EUR.SP00.A,D,INR,EUR,SP00,A,2019-03-21,78.0715,A,F,,,P1D,,A,,,,,,,99Q1=100,,,4,,4F0,,Indian rupee/Euro ECB reference exchange rate,"ECB reference exchange rate, Indian rupee/Euro, 2.15 pm (C.E.T.)",INR,0
EXR.D.INR.EUR.SP00.A,D,INR,EUR,SP00,A,2019-03-22,77.958,A,F,,,P1D,,A,,,,,,,99Q1=100,,,4,,4F0,,Indian rupee/Euro ECB reference exchange rate,"ECB reference exchange rate, Indian rupee/Euro, 2.15 pm (C.E.T.)",INR,0
EXR.D.INR.EUR.SP00.A,D,INR,EUR,SP00,A,2019-03-25,78.046,A,F,,,P1D,,A,,,,,,,99Q1=100,,,4,,4F0,,Indian rupee/Euro ECB reference exchange rate,"ECB reference exchange rate, Indian rupee/Euro, 2.15 pm (C.E.T.)",INR,0
EXR.D.INR.EUR.SP00.A,D,INR,EUR,SP00,A,2019-03-26,77.7555,A,F,,,P1D,,A,,,,,,,99Q1=100,,,4,,4F0,,Indian rupee/Euro ECB reference exchange rate,"ECB reference exchange rate, Indian rupee/Euro, 2.15 pm (C.E.T.)",INR,0
EXR.D.INR.EUR.SP00.A,D,INR,EUR,SP00,A,2019-03-27,77.86,A,F,,,P1D,,A,,,,,,,99Q1=100,,,4,,4F0,,Indian rupee/Euro ECB reference exchange rate,"ECB reference exchange rate, Indian rupee/Euro, 2.15 pm (C.E.T.)",INR,0
EXR.D.INR.EUR.SP00.A,D,INR,EUR,SP00,A,2019-03-28,77.7765,A,F,,,P1D,,A,,,,,,,99Q1=100,,,4,,4F0,,Indian rupee/Euro ECB reference exchange rate,"ECB reference exchange rate, Indian rupee/Euro, 2.15 pm (C.E.T.)",INR,0
EXR.D.INR.EUR.SP00.A,D,INR,EUR,SP00,A,2019-03-29,77.719,A,F,,,P1D,,A,,,,,,,99Q1=100,,,4,,4F0,,Indian rupee/Euro ECB reference exchange rate,"ECB reference exchange rate, Indian rupee/Euro, 2.15 pm (C.E.T.)",INR,0
EXR.D.INR.EUR.SP00.A,D,INR,EUR,SP00,A,2019-04-01,77.8885,A,F,,,P1D,,A,,,,,,,99Q1=100,,,4,,4F0,,Indian rupee/Euro ECB reference exchange rate,"ECB reference exchange rate, Indian rupee/Euro, 2.15 pm (C.E.T.)",INR,0
EXR.D.INR.EUR.SP00.A,D,INR,EUR,SP00,A,2019-04-02,77.0035,A,F,,,P1D,,A,,,,,,,99Q1=100,,,4,,4F0,,Indian rupee/Euro ECB reference exchange rate,"ECB reference exchange rate, Indian rupee/Euro, 2.15 pm (C.E.T.)",INR,0
EXR.D.INR.EUR.SP00.A,D,INR,EUR,SP00,A,2019-04-03,76.9305,A,F,,,P1D,,A,,,,,,,99Q1=100,,,4,,4F0,,Indian rupee/Euro ECB reference exchange rate,"ECB reference exchange rate, Indian rupee/Euro, 2.15 pm (C.E.T.)",INR,0
EXR.D.INR.EUR.SP00.A,D,INR,EUR,SP00,A,2019-04-04,77.593,A,F,,,P1D,,A,,,,,,,99Q1=100,,,4,,4F0,,Indian rupee/Euro ECB reference exchange rate,"ECB reference exchange rate, Indian rupee/Euro, 2.15 pm (C.E.T.)",INR,0
EXR.D.INR.EUR.SP00.A,D,INR,EUR,SP00,A,2019-04-05,77.787,A,F,,,P1D,,A,,,,,,,99Q1=100,,,4,,4F0,,Indian rupee/Euro ECB reference exchange rate,"ECB reference exchange rate, Indian rupee/Euro, 2.15 pm (C.E.T.)",INR,0
EXR.D.INR.EUR.SP00.A,D,INR,EUR,SP00,A,2019-04-08,78.3215,A,F,,,P1D,,A,,,,,,,99Q1=100,,,4,,4F0,,Indian rupee/Euro ECB reference exchange rate,"ECB reference exchange rate, Indian rupee/Euro, 2.15 pm (C.E.T.)",INR,0
EXR.D.INR.EUR.SP00.A,D,INR,EUR,SP00,A,2019-04-09,78.188,A,F,,,P1D,,A,,,,,,,99Q1=100,,,4,,4F0,,Indian rupee/Euro ECB reference exchange rate,"ECB reference exchange rate, Indian rupee/Euro, 2.15 pm (C.E.T.)",INR,0
EXR.D.INR.EUR.SP00.A,D,INR,EUR,SP00,A,2019-04-10,77.9945,A,F,,,P1D,,A,,,,,,,99Q1=100,,,4,,4F0,,Indian rupee/Euro ECB reference exchange rate,"ECB reference exchange rate, Indian rupee/Euro, 2.15 pm (C.E.T.)",INR,0
EXR.D.INR.EUR.SP00.A,D,INR,EUR,SP00,A,2019-04-11,77.6855,A,F,,,P1D,,A,,,,,,,99Q1=100,,,4,,4F0,,Indian rupee/Euro ECB reference exchange rate,"ECB reference exchange rate, Indian rupee/Euro, 2.15 pm (C.E.T.)",INR,0
EXR.D.INR.EUR.SP00.A,D,INR,EUR,SP00,A,2019-04-12,78.2915,A,F,,,P1D,,A,,,,,,,99Q1=100,,,4,,4F0,,Indian rupee/Euro ECB reference exchange rate,"ECB reference exchange rate, Indian rupee/Euro, 2.15 pm (C.E.T.)",INR,0
EXR.D.INR.EUR.SP00.A,D,INR,EUR,SP00,A,2019-04-15,78.5405,A,F,,,P1D,,A,,,,,,,99Q1=100,,,4,,4F0,,Indian rupee/Euro ECB reference exchange rate,"ECB reference exchange rate, Indian rupee/Euro, 2.15 pm (C.E.T.)",INR,0
EXR.D.INR.EUR.SP00.A,D,INR,EUR,SP00,A,2019-04-16,78.6445,A,F,,,P1D,,A,,,,,,,99Q1=100,,,4,,4F0,,Indian rupee/Euro ECB reference exchange rate,"ECB reference exchange rate, Indian rupee/Euro, 2.15 pm (C.E.T.)",INR,0
EXR.D.INR.EUR.SP00.A,D,INR,EUR,SP00,A,2019-04-17,78.457,A,F,,,P1D,,A,,,,,,,99Q1=100,,,4,,4F0,,Indian rupee/Euro ECB reference exchange rate,"ECB reference exchange rate, Indian rupee/Euro, 2.15 pm (C.E.T.)",INR,0
EXR.D.INR.EUR.SP00.A,D,INR,EUR,SP00,A,2019-04-18,78.068,A,F,,,P1D,,A,,,,,,,99Q1=100,,,4,,4F0,,Indian rupee/Euro ECB reference exchange rate,"ECB reference exchange rate, Indian rupee/Euro, 2.15 pm (C.E.T.)",INR,0
EXR.D.INR.EUR.SP00.A,D,INR,EUR,SP00,A,2019-04-23,78.3125,A,F,,,P1D,,A,,,,,,,99Q1=100,,,4,,4F0,,Indian rupee/Euro ECB reference exchange rate,"ECB reference exchange rate, Indian rupee/Euro, 2.15 pm (C.E.T.)",INR,0
EXR.D.INR.EUR.SP00.A,D,INR,EUR,SP00,A,2019-04-24,78.295,A,F,,,P1D,,A,,,,,,,99Q1=100,,,4,,4F0,,Indian rupee/Euro ECB reference exchange rate,"ECB reference exchange rate, Indian rupee/Euro, 2.15 pm (C.E.T.)",INR,0
EXR.D.INR.EUR.SP00.A,D,INR,EUR,SP00,A,2019-04-25,78.179,A,F,,,P1D,,A,,,,,,,99Q1=100,,,4,,4F0,,Indian rupee/Euro ECB reference exchange rate,"ECB reference exchange rate, Indian rupee/Euro, 2.15 pm (C.E.T.)",INR,0
EXR.D.INR.EUR.SP00.A,D,INR,EUR,SP00,A,2019-04-26,77.9495,A,F,,,P1D,,A,,,,,,,99Q1=100,,,4,,4F0,,Indian rupee/Euro ECB reference exchange rate,"ECB reference exchange rate, Indian rupee/Euro, 2.15 pm (C.E.T.)",INR,0
EXR.D.INR.EUR.SP00.A,D,INR,EUR,SP00,A,2019-04-29,77.8635,A,F,,,P1D,,A,,,,,,,99Q1=100,,,4,,4F0,,Indian rupee/Euro ECB reference exchange rate,"ECB reference exchange rate, Indian rupee/Euro, 2.15 pm (C.E.T.)",INR,0
EXR.D.INR.EUR.SP00.A,D,INR,EUR,SP00,A,2019-04-30,78.0615,A,F,,,P1D,,A,,,,,,,99Q1=100,,,4,,4F0,,Indian rupee/Euro ECB reference exchange rate,"ECB reference exchange rate, Indian rupee/Euro, 2.15 pm (C.E.T.)",INR,0
EXR.D.INR.EUR.SP00.A,D,INR,EUR,SP00,A,2019-05-02,77.782,A,F,,,P1D,,A,,,,,,,99Q1=100,,,4,,4F0,,Indian rupee/Euro ECB reference exchange rate,"ECB reference exchange rate, Indian rupee/Euro, 2.15 pm (C.E.T.)",INR,0
EXR.D.INR.EUR.SP00.A,D,INR,EUR,SP00,A,2019-05-03,77.259,A,F,,,P1D,,A,,,,,,,99Q1=100,,,4,,4F0,,Indian rupee/Euro ECB reference exchange rate,"ECB reference exchange rate, Indian rupee/Euro, 2.15 pm (C.E.T.)",INR,0
EXR.D.INR.EUR.SP00.A,D,INR,EUR,SP00,A,2019-05-06,77.7325,A,F,,,P1D,,A,,,,,,,99Q1=100,,,4,,4F0,,Indian rupee/Euro ECB reference exchange rate,"ECB reference exchange rate, Indian rupee/Euro, 2.15 pm (C.E.T.)",INR,0
EXR.D.INR.EUR.SP00.A,D,INR,EUR,SP00,A,2019-05-07,77.64,A,F,,,P1D,,A,,,,,,,99Q1=100,,,4,,4F0,,Indian rupee/Euro ECB reference exchange rate,"ECB reference exchange rate, Indian rupee/Euro, 2.15 pm (C.E.T.)",INR,0
EXR.D.INR.EUR.SP00.A,D,INR,EUR,SP00,A,2019-05-08,78.0805,A,F,,,P1D,,A,,,,,,,99Q1=100,,,4,,4F0,,Indian rupee/Euro ECB reference exchange rate,"ECB reference exchange rate, Indian rupee/Euro, 2.15 pm (C.E.T.)",INR,0
EXR.D.INR.EUR.SP00.A,D,INR,EUR,SP00,A,2019-05-09,78.3435,A,F,,,P1D,,A,,,,,,,99Q1=100,,,4,,4F0,,Indian rupee/Euro ECB reference exchange rate,"ECB reference exchange rate, Indian rupee/Euro, 2.15 pm (C.E.T.)",INR,0
EXR.D.INR.EUR.SP00.A,D,INR,EUR,SP00,A,2019-05-10,78.6075,A,F,,,P1D,,A,,,,,,,99Q1=100,,,4,,4F0,,Indian rupee/Euro ECB reference exchange rate,"ECB reference exchange rate, Indian rupee/Euro, 2.15 pm (C.E.T.)",INR,0
EXR.D.INR.EUR.SP00.A,D,INR,EUR,SP00,A,2019-05-13,79.342,A,F,,,P1D,,A,,,,,,,99Q1=100,,,4,,4F0,,Indian rupee/Euro ECB reference exchange rate,"ECB reference exchange rate, Indian rupee/Euro, 2.15 pm (C.E.T.)",INR,0
EXR.D.INR.EUR.SP00.A,D,INR,EUR,SP00,A,2019-05-14,79.0375,A,F,,,P1D,,A,,,,,,,99Q1=100,,,4,,4F0,,Indian rupee/Euro ECB reference exchange rate,"ECB reference exchange rate, Indian rupee/Euro, 2.15 pm (C.E.T.)",INR,0
EXR.D.INR.EUR.SP00.A,D,INR,EUR,SP00,A,2019-05-15,78.6785,A,F,,,P1D,,A,,,,,,,99Q1=100,,,4,,4F0,,Indian rupee/Euro ECB reference exchange rate,"ECB reference exchange rate, Indian rupee/Euro, 2.15 pm (C.E.T.)",INR,0
EXR.D.INR.EUR.SP00.A,D,INR,EUR,SP00,A,2019-05-16,78.469,A,F,,,P1D,,A,,,,,,,99Q1=100,,,4,,4F0,,Indian rupee/Euro ECB reference exchange rate,"ECB reference exchange rate, Indian rupee/Euro, 2.15 pm (C.E.T.)",INR,0
EXR.D.INR.EUR.SP00.A,D,INR,EUR,SP00,A,2019-05-17,78.433,A,F,,,P1D,,A,,,,,,,99Q1=100,,,4,,4F0,,Indian rupee/Euro ECB reference exchange rate,"ECB reference exchange rate, Indian rupee/Euro, 2.15 pm (C.E.T.)",INR,0
EXR.D.INR.EUR.SP00.A,D,INR,EUR,SP00,A,2019-05-20,77.786,A,F,,,P1D,,A,,,,,,,99Q1=100,,,4,,4F0,,Indian rupee/Euro ECB reference exchange rate,"ECB reference exchange rate, Indian rupee/Euro, 2.15 pm (C.E.T.)",INR,0
EXR.D.INR.EUR.SP00.A,D,INR,EUR,SP00,A,2019-05-21,77.783,A,F,,,P1D,,A,,,,,,,99Q1=100,,,4,,4F0,,Indian rupee/Euro ECB reference exchange rate,"ECB reference exchange rate, Indian rupee/Euro, 2.15 pm (C.E.T.)",INR,0
EXR.D.INR.EUR.SP00.A,D,INR,EUR,SP00,A,2019-05-22,77.86,A,F,,,P1D,,A,,,,,,,99Q1=100,,,4,,4F0,,Indian rupee/Euro ECB reference exchange rate,"ECB reference exchange rate, Indian rupee/Euro, 2.15 pm (C.E.T.)",INR,0
EXR.D.INR.EUR.SP00.A,D,INR,EUR,SP00,A,2019-05-23,77.915,A,F,,,P1D,,A,,,,,,,99Q1=100,,,4,,4F0,,Indian rupee/Euro ECB reference exchange rate,"ECB reference exchange rate, Indian rupee/Euro, 2.15 pm (C.E.T.)",INR,0
EXR.D.INR.EUR.SP00.A,D,INR,EUR,SP00,A,2019-05-24,77.8,A,F,,,P1D,,A,,,,,,,99Q1=100,,,4,,4F0,,Indian rupee/Euro ECB reference exchange rate,"ECB reference exchange rate, Indian rupee/Euro, 2.15 pm (C.E.T.)",INR,0
EXR.D.INR.EUR.SP00.A,D,INR,EUR,SP00,A,2019-05-27,77.8585,A,F,,,P1D,,A,,,,,,,99Q1=100,,,4,,4F0,,Indian rupee/Euro ECB reference exchange rate,"ECB reference exchange rate, Indian rupee/Euro, 2.15 pm (C.E.T.)",INR,0
EXR.D.INR.EUR.SP00.A,D,INR,EUR,SP00,A,2019-05-28,77.9025,A,F,,,P1D,,A,,,,,,,99Q1=100,,,4,,4F0,,Indian rupee/Euro ECB reference exchange rate,"ECB reference exchange rate, Indian rupee/Euro, 2.15 pm (C.E.T.)",INR,0
EXR.D.INR.EUR.SP00.A,D,INR,EUR,SP00,A,2019-05-29,77.8925,A,F,,,P1D,,A,,,,,,,99Q1=100,,,4,,4F0,,Indian rupee/Euro ECB reference exchange rate,"ECB reference exchange rate, Indian rupee/Euro, 2.15 pm (C.E.T.)",INR,0
EXR.D.INR.EUR.SP00.A,D,INR,EUR,SP00,A,2019-05-30,77.8115,A,F,,,P1D,,A,,,,,,,99Q1=100,,,4,,4F0,,Indian rupee/Euro ECB reference exchange rate,"ECB reference exchange rate, Indian rupee/Euro, 2.15 pm (C.E.T.)",INR,0
EXR.D.INR.EUR.SP00.A,D,INR,EUR,SP00,A,2019-05-31,77.741,A,F,,,P1D,,A,,,,,,,99Q1=100,,,4,,4F0,,Indian rupee/Euro ECB reference exchange rate,"ECB reference exchange rate, Indian rupee/Euro, 2.15 pm (C.E.T.)",INR,0
EXR.D.INR.EUR.SP00.A,D,INR,EUR,SP00,A,2019-06-03,77.472,A,F,,,P1D,,A,,,,,,,99Q1=100,,,4,,4F0,,Indian rupee/Euro ECB reference exchange rate,"ECB reference exchange rate, Indian rupee/Euro, 2.15 pm (C.E.T.)",INR,0
EXR.D.INR.EUR.SP00.A,D,INR,EUR,SP00,A,2019-06-04,77.874,A,F,,,P1D,,A,,,,,,,99Q1=100,,,4,,4F0,,Indian rupee/Euro ECB reference exchange rate,"ECB reference exchange rate, Indian rupee/Euro, 2.15 pm (C.E.T.)",INR,0
EXR.D.INR.EUR.SP00.A,D,INR,EUR,SP00,A,2019-06-05,78.0475,A,F,,,P1D,,A,,,,,,,99Q1=100,,,4,,4F0,,Indian rupee/Euro ECB reference exchange rate,"ECB reference exchange rate, Indian rupee/Euro, 2.15 pm (C.E.T.)",INR,0
EXR.D.INR.EUR.SP00.A,D,INR,EUR,SP00,A,2019-06-06,78.018,A,F,,,P1D,,A,,,,,,,99Q1=100,,,4,,4F0,,Indian rupee/Euro ECB reference exchange rate,"ECB reference exchange rate, Indian rupee/Euro, 2.15 pm (C.E.T.)",INR,0
EXR.D.INR.EUR.SP00.A,D,INR,EUR,SP00,A,2019-06-07,78.332,A,F,,,P1D,,A,,,,,,,99Q1=100,,,4,,4F0,,Indian rupee/Euro ECB reference exchange rate,"ECB reference exchange rate, Indian rupee/Euro, 2.15 pm (C.E.T.)",INR,0
EXR.D.INR.EUR.SP00.A,D,INR,EUR,SP00,A,2019-06-10,78.6445,A,F,,,P1D,,A,,,,,,,99Q1=100,,,4,,4F0,,Indian rupee/Euro ECB reference exchange rate,"ECB reference exchange rate, Indian rupee/Euro, 2.15 pm (C.E.T.)",INR,0
EXR.D.INR.EUR.SP00.A,D,INR,EUR,SP00,A,2019-06-11,78.6155,A,F,,,P1D,,A,,,,,,,99Q1=100,,,4,,4F0,,Indian rupee/Euro ECB reference exchange rate,"ECB reference exchange rate, Indian rupee/Euro, 2.15 pm (C.E.T.)",INR,0
EXR.D.INR.EUR.SP00.A,D,INR,EUR,SP00,A,2019-06-12,78.491,A,F,,,P1D,,A,,,,,,,99Q1=100,,,4,,4F0,,Indian rupee/Euro ECB reference exchange rate,"ECB reference exchange rate, Indian rupee/Euro, 2.15 pm (C.E.T.)",INR,0
EXR.D.INR.EUR.SP00.A,D,INR,EUR,SP00,A,2019-06-13,78.4745,A,F,,,P1D,,A,,,,,,,99Q1=100,,,4,,4F0,,Indian rupee/Euro ECB reference exchange rate,"ECB reference exchange rate, Indian rupee/Euro, 2.15 pm (C.E.T.)",INR,0
EXR.D.INR.EUR.SP00.A,D,INR,EUR,SP00,A,2019-06-14,78.608,A,F,,,P1D,,A,,,,,,,99Q1=100,,,4,,4F0,,Indian rupee/Euro ECB reference exchange rate,"ECB reference exchange rate, Indian rupee/Euro, 2.15 pm (C.E.T.)",INR,0
EXR.D.INR.EUR.SP00.A,D,INR,EUR,SP00,A,2019-06-17,78.577,A,F,,,P1D,,A,,,,,,,99Q1=100,,,4,,4F0,,Indian rupee/Euro ECB reference exchange rate,"ECB reference exchange rate, Indian rupee/Euro, 2.15 pm (C.E.T.)",INR,0
EXR.D.INR.EUR.SP00.A,D,INR,EUR,SP00,A,2019-06-18,78.0005,A,F,,,P1D,,A,,,,,,,99Q1=100,,,4,,4F0,,Indian rupee/Euro ECB reference exchange rate,"ECB reference exchange rate, Indian rupee/Euro, 2.15 pm (C.E.T.)",INR,0
EXR.D.INR.EUR.SP00.A,D,INR,EUR,SP00,A,2019-06-19,78.0755,A,F,,,P1D,,A,,,,,,,99Q1=100,,,4,,4F0,,Indian rupee/Euro ECB reference exchange rate,"ECB reference exchange rate, Indian rupee/Euro, 2.15 pm (C.E.T.)",INR,0
EXR.D.INR.EUR.SP00.A,D,INR,EUR,SP00,A,2019-06-20,78.5065,A,F,,,P1D,,A,,,,,,,99Q1=100,,,4,,4F0,,Indian rupee/Euro ECB reference exchange rate,"ECB reference exchange rate, Indian rupee/Euro, 2.15 pm (C.E.T.)",INR,0
EXR.D.INR.EUR.SP00.A,D,INR,EUR,SP00,A,2019-06-21,78.6985,A,F,,,P1D,,A,,,,,,,99Q1=100,,,4,,4F0,,Indian rupee/Euro ECB reference exchange rate,"ECB reference exchange rate, Indian rupee/Euro, 2.15 pm (C.E.T.)",INR,0
EXR.D.INR.EUR.SP00.A,D,INR,EUR,SP00,A,2019-06-24,79.0865,A,F,,,P1D,,A,,,,,,,99Q1=100,,,4,,4F0,,Indian rupee/Euro ECB reference exchange rate,"ECB reference exchange rate, Indian rupee/Euro, 2.15 pm (C.E.T.)",INR,0
EXR.D.INR.EUR.SP00.A,D,INR,EUR,SP00,A,2019-06-25,78.9725,A,F,,,P1D,,A,,,,,,,99Q1=100,,,4,,4F0,,Indian rupee/Euro ECB reference exchange rate,"ECB reference exchange rate, Indian rupee/Euro, 2.15 pm (C.E.T.)",INR,0
EXR.D.INR.EUR.SP00.A,D,INR,EUR,SP00,A,2019-06-26,78.5705,A,F,,,P1D,,A,,,,,,,99Q1=100,,,4,,4F0,,Indian rupee/Euro ECB reference exchange rate,"ECB reference exchange rate, Indian rupee/Euro, 2.15 pm (C.E.T.)",INR,0
EXR.D.INR.EUR.SP00.A,D,INR,EUR,SP00,A,2019-06-27,78.5675,A,F,,,P1D,,A,,,,,,,99Q1=100,,,4,,4F0,,Indian rupee/Euro ECB reference exchange rate,"ECB reference exchange rate, Indian rupee/Euro, 2.15 pm (C.E.T.)",INR,0
EXR.D.INR.EUR.SP00.A,D,INR,EUR,SP00,A,2019-06-28,78.524,A,F,,,P1D,,A,,,,,,,99Q1=100,,,4,,4F0,,Indian rupee/Euro ECB reference exchange rate,"ECB reference exchange rate, Indian rupee/Euro, 2.15 pm (C.E.T.)",INR,0
EXR.D.INR.EUR.SP00.A,D,INR,EUR,SP00,A,2019-07-01,78.236,A,F,,,P1D,,A,,,,,,,99Q1=100,,,4,,4F0,,Indian rupee/Euro ECB reference exchange rate,"ECB reference exchange rate, Indian rupee/Euro, 2.15 pm (C.E.T.)",INR,0
EXR.D.INR.EUR.SP00.A,D,INR,EUR,SP00,A,2019-07-02,77.928,A,F,,,P1D,,A,,,,,,,99Q1=100,,,4,,4F0,,Indian rupee/Euro ECB reference exchange rate,"ECB reference exchange rate, Indian rupee/Euro, 2.15 pm (C.E.T.)",INR,0
EXR.D.INR.EUR.SP00.A,D,INR,EUR,SP00,A,2019-07-03,77.747,A,F,,,P1D,,A,,,,,,,99Q1=100,,,4,,4F0,,Indian rupee/Euro ECB reference exchange rate,"ECB reference exchange rate, Indian rupee/Euro, 2.15 pm (C.E.T.)",INR,0
EXR.D.INR.EUR.SP00.A,D,INR,EUR,SP00,A,2019-07-04,77.3335,A,F,,,P1D,,A,,,,,,,99Q1=100,,,4,,4F0,,Indian rupee/Euro ECB reference exchange rate,"ECB reference exchange rate, Indian rupee/Euro, 2.15 pm (C.E.T.)",INR,0
EXR.D.INR.EUR.SP00.A,D,INR,EUR,SP00,A,2019-07-05,77.1095,A,F,,,P1D,,A,,,,,,,99Q1=100,,,4,,4F0,,Indian rupee/Euro ECB reference exchange rate,"ECB reference exchange rate, Indian rupee/Euro, 2.15 pm (C.E.T.)",INR,0
EXR.D.INR.EUR.SP00.A,D,INR,EUR,SP00,A,2019-07-08,76.8955,A,F,,,P1D,,A,,,,,,,99Q1=100,,,4,,4F0,,Indian rupee/Euro ECB reference exchange rate,"ECB reference exchange rate, Indian rupee/Euro, 2.15 pm (C.E.T.)",INR,0
EXR.D.INR.EUR.SP00.A,D,INR,EUR,SP00,A,2019-07-09,76.781,A,F,,,P1D,,A,,,,,,,99Q1=100,,,4,,4F0,,Indian rupee/Euro ECB reference exchange rate,"ECB reference exchange rate, Indian rupee/Euro, 2.15 pm (C.E.T.)",INR,0
EXR.D.INR.EUR.SP00.A,D,INR,EUR,SP00,A,2019-07-10,76.951,A,F,,,P1D,,A,,,,,,,99Q1=100,,,4,,4F0,,Indian rupee/Euro ECB reference exchange rate,"ECB reference exchange rate, Indian rupee/Euro, 2.15 pm (C.E.T.)",INR,0
EXR.D.INR.EUR.SP00.A,D,INR,EUR,SP00,A,2019-07-11,77.1495,A,F,,,P1D,,A,,,,,,,99Q1=100,,,4,,4F0,,Indian rupee/Euro ECB reference exchange rate,"ECB reference exchange rate, Indian rupee/Euro, 2.15 pm (C.E.T.)",INR,0
EXR.D.INR.EUR.SP00.A,D,INR,EUR,SP00,A,2019-07-12,77.242,A,F,,,P1D,,A,,,,,,,99Q1=100,,,4,,4F0,,Indian rupee/Euro ECB reference exchange rate,"ECB reference exchange rate, Indian rupee/Euro, 2.15 pm (C.E.T.)",INR,0
EXR.D.INR.EUR.SP00.A,D,INR,EUR,SP00,A,2019-07-15,77.2205,A,F,,,P1D,,A,,,,,,,99Q1=100,,,4,,4F0,,Indian rupee/Euro ECB reference exchange rate,"ECB reference exchange rate, Indian rupee/Euro, 2.15 pm (C.E.T.)",INR,0
EXR.D.INR.EUR.SP00.A,D,INR,EUR,SP00,A,2019-07-16,77.087,A,F,,,P1D,,A,,,,,,,99Q1=100,,,4,,4F0,,Indian rupee/Euro ECB reference exchange rate,"ECB reference exchange rate, Indian rupee/Euro, 2.15 pm (C.E.T.)",INR,0
EXR.D.INR.EUR.SP00.A,D,INR,EUR,SP00,A,2019-07-17,77.2335,A,F,,,P1D,,A,,,,,,,99Q1=100,,,4,,4F0,,Indian rupee/Euro ECB reference exchange rate,"ECB reference exchange rate, Indian rupee/Euro, 2.15 pm (C.E.T.)",INR,0
EXR.D.INR.EUR.SP00.A,D,INR,EUR,SP00,A,2019-07-18,77.2775,A,F,,,P1D,,A,,,,,,,99Q1=100,,,4,,4F0,,Indian rupee/Euro ECB reference exchange rate,"ECB reference exchange rate, Indian rupee/Euro, 2.15 pm (C.E.T.)",INR,0
EXR.D.INR.EUR.SP00.A,D,INR,EUR,SP00,A,2019-07-19,77.2545,A,F,,,P1D,,A,,,,,,,99Q1=100,,,4,,4F0,,Indian rupee/Euro ECB reference exchange rate,"ECB reference exchange rate, Indian rupee/Euro, 2.15 pm (C.E.T.)",INR,0
EXR.D.INR.EUR.SP00.A,D,INR,EUR,SP00,A,2019-07-22,77.3085,A,F,,,P1D,,A,,,,,,,99Q1=100,,,4,,4F0,,Indian rupee/Euro ECB reference exchange rate,"ECB reference exchange rate, Indian rupee/Euro, 2.15 pm (C.E.T.)",INR,0
EXR.D.INR.EUR.SP00.A,D,INR,EUR,SP00,A,2019-07-23,77.015,A,F,,,P1D,,A,,,,,,,99Q1=100,,,4,,4F0,,Indian rupee/Euro ECB reference exchange rate,"ECB reference exchange rate, Indian rupee/Euro, 2.15 pm (C.E.T.)",INR,0
EXR.D.INR.EUR.SP00.A,D,INR,EUR,SP00,A,2019-07-24,76.8285,A,F,,,P1D,,A,,,,,,,99Q1=100,,,4,,4F0,,Indian rupee/Euro ECB reference exchange rate,"ECB reference exchange rate, Indian rupee/Euro, 2.15 pm (C.E.T.)",INR,0
EXR.D.INR.EUR.SP00.A,D,INR,EUR,SP00,A,2019-07-25,76.675,A,F,,,P1D,,A,,,,,,,99Q1=100,,,4,,4F0,,Indian rupee/Euro ECB reference exchange rate,"ECB reference exchange rate, Indian rupee/Euro, 2.15 pm (C.E.T.)",INR,0
EXR.D.INR.EUR.SP00.A,D,INR,EUR,SP00,A,2019-07-26,76.74,A,F,,,P1D,,A,,,,,,,99Q1=100,,,4,,4F0,,Indian rupee/Euro ECB reference exchange rate,"ECB reference exchange rate, Indian rupee/Euro, 2.15 pm (C.E.T.)",INR,0
EXR.D.INR.EUR.SP00.A,D,INR,EUR,SP00,A,2019-07-29,76.474,A,F,,,P1D,,A,,,,,,,99Q1=100,,,4,,4F0,,Indian rupee/Euro ECB reference exchange rate,"ECB reference exchange rate, Indian rupee/Euro, 2.15 pm (C.E.T.)",INR,0
EXR.D.INR.EUR.SP00.A,D,INR,EUR,SP00,A,2019-07-30,76.7575,A,F,,,P1D,,A,,,,,,,99Q1=100,,,4,,4F0,,Indian rupee/Euro ECB reference exchange rate,"ECB reference exchange rate, Indian rupee/Euro, 2.15 pm (C.E.T.)",INR,0
EXR.D.INR.EUR.SP00.A,D,INR,EUR,SP00,A,2019-07-31,76.6965,A,F,,,P1D,,A,,,,,,,99Q1=100,,,4,,4F0,,Indian rupee/Euro ECB reference exchange rate,"ECB reference exchange rate, Indian rupee/Euro, 2.15 pm (C.E.T.)",INR,0
EXR.D.INR.EUR.SP00.A,D,INR,EUR,SP00,A,2019-08-01,76.272,A,F,,,P1D,,A,,,,,,,99Q1=100,,,4,,4F0,,Indian rupee/Euro ECB reference exchange rate,"ECB reference exchange rate, Indian rupee/Euro, 2.15 pm (C.E.T.)",INR,0
EXR.D.INR.EUR.SP00.A,D,INR,EUR,SP00,A,2019-08-02,77.34,A,F,,,P1D,,A,,,,,,,99Q1=100,,,4,,4F0,,Indian rupee/Euro ECB reference exchange rate,"ECB reference exchange rate, Indian rupee/Euro, 2.15 pm (C.E.T.)",INR,0
EXR.D.INR.EUR.SP00.A,D,INR,EUR,SP00,A,2019-08-05,79.1529,A,F,,,P1D,,A,,,,,,,99Q1=100,,,4,,4F0,,Indian rupee/Euro ECB reference exchange rate,"ECB reference exchange rate, Indian rupee/Euro, 2.15 pm (C.E.T.)",INR,0
EXR.D.INR.EUR.SP00.A,D,INR,EUR,SP00,A,2019-08-06,79.215,A,F,,,P1D,,A,,,,,,,99Q1=100,,,4,,4F0,,Indian rupee/Euro ECB reference exchange rate,"ECB reference exchange rate, Indian rupee/Euro, 2.15 pm (C.E.T.)",INR,0
EXR.D.INR.EUR.SP00.A,D,INR,EUR,SP00,A,2019-08-07,79.402,A,F,,,P1D,,A,,,,,,,99Q1=100,,,4,,4F0,,Indian rupee/Euro ECB reference exchange rate,"ECB reference exchange rate, Indian rupee/Euro, 2.15 pm (C.E.T.)",INR,0
EXR.D.INR.EUR.SP00.A,D,INR,EUR,SP00,A,2019-08-08,79.175,A,F,,,P1D,,A,,,,,,,99Q1=100,,,4,,4F0,,Indian rupee/Euro ECB reference exchange rate,"ECB reference exchange rate, Indian rupee/Euro, 2.15 pm (C.E.T.)",INR,0
EXR.D.INR.EUR.SP00.A,D,INR,EUR,SP00,A,2019-08-09,79.2935,A,F,,,P1D,,A,,,,,,,99Q1=100,,,4,,4F0,,Indian rupee/Euro ECB reference exchange rate,"ECB reference exchange rate, Indian rupee/Euro, 2.15 pm (C.E.T.)",INR,0
EXR.D.INR.EUR.SP00.A,D,INR,EUR,SP00,A,2019-08-12,79.746,A,F,,,P1D,,A,,,,,,,99Q1=100,,,4,,4F0,,Indian rupee/Euro ECB reference exchange rate,"ECB reference exchange rate, Indian rupee/Euro, 2.15 pm (C.E.T.)",INR,0
EXR.D.INR.EUR.SP00.A,D,INR,EUR,SP00,A,2019-08-13,80.1865,A,F,,,P1D,,A,,,,,,,99Q1=100,,,4,,4F0,,Indian rupee/Euro ECB reference exchange rate,"ECB reference exchange rate, Indian rupee/Euro, 2.15 pm (C.E.T.)",INR,0
EXR.D.INR.EUR.SP00.A,D,INR,EUR,SP00,A,2019-08-14,79.7425,A,F,,,P1D,,A,,,,,,,99Q1=100,,,4,,4F0,,Indian rupee/Euro ECB reference exchange rate,"ECB reference exchange rate, Indian rupee/Euro, 2.15 pm (C.E.T.)",INR,0
EXR.D.INR.EUR.SP00.A,D,INR,EUR,SP00,A,2019-08-15,79.5205,A,F,,,P1D,,A,,,,,,,99Q1=100,,,4,,4F0,,Indian rupee/Euro ECB reference exchange rate,"ECB reference exchange rate, Indian rupee/Euro, 2.15 pm (C.E.T.)",INR,0
EXR.D.INR.EUR.SP00.A,D,INR,EUR,SP00,A,2019-08-16,78.804,A,F,,,P1D,,A,,,,,,,99Q1=100,,,4,,4F0,,Indian rupee/Euro ECB reference exchange rate,"ECB reference exchange rate, Indian rupee/Euro, 2.15 pm (C.E.T.)",INR,0
EXR.D.INR.EUR.SP00.A,D,INR,EUR,SP00,A,2019-08-19,79.28,A,F,,,P1D,,A,,,,,,,99Q1=100,,,4,,4F0,,Indian rupee/Euro ECB reference exchange rate,"ECB reference exchange rate, Indian rupee/Euro, 2.15 pm (C.E.T.)",INR,0
EXR.D.INR.EUR.SP00.A,D,INR,EUR,SP00,A,2019-08-20,79.441,A,F,,,P1D,,A,,,,,,,99Q1=100,,,4,,4F0,,Indian rupee/Euro ECB reference exchange rate,"ECB reference exchange rate, Indian rupee/Euro, 2.15 pm (C.E.T.)",INR,0
EXR.D.INR.EUR.SP00.A,D,INR,EUR,SP00,A,2019-08-21,79.4655,A,F,,,P1D,,A,,,,,,,99Q1=100,,,4,,4F0,,Indian rupee/Euro ECB reference exchange rate,"ECB reference exchange rate, Indian rupee/Euro, 2.15 pm (C.E.T.)",INR,0
EXR.D.INR.EUR.SP00.A,D,INR,EUR,SP00,A,2019-08-22,79.589,A,F,,,P1D,,A,,,,,,,99Q1=100,,,4,,4F0,,Indian rupee/Euro ECB reference exchange rate,"ECB reference exchange rate, Indian rupee/Euro, 2.15 pm (C.E.T.)",INR,0
EXR.D.INR.EUR.SP00.A,D,INR,EUR,SP00,A,2019-08-23,79.304,A,F,,,P1D,,A,,,,,,,99Q1=100,,,4,,4F0,,Indian rupee/Euro ECB reference exchange rate,"ECB reference exchange rate, Indian rupee/Euro, 2.15 pm (C.E.T.)",INR,0
EXR.D.INR.EUR.SP00.A,D,INR,EUR,SP00,A,2019-08-26,80.063,A,F,,,P1D,,A,,,,,,,99Q1=100,,,4,,4F0,,Indian rupee/Euro ECB reference exchange rate,"ECB reference exchange rate, Indian rupee/Euro, 2.15 pm (C.E.T.)",INR,0
EXR.D.INR.EUR.SP00.A,D,INR,EUR,SP00,A,2019-08-27,79.4225,A,F,,,P1D,,A,,,,,,,99Q1=100,,,4,,4F0,,Indian rupee/Euro ECB reference exchange rate,"ECB reference exchange rate, Indian rupee/Euro, 2.15 pm (C.E.T.)",INR,0
EXR.D.INR.EUR.SP00.A,D,INR,EUR,SP00,A,2019-08-28,79.5905,A,F,,,P1D,,A,,,,,,,99Q1=100,,,4,,4F0,,Indian rupee/Euro ECB reference exchange rate,"ECB reference exchange rate, Indian rupee/Euro, 2.15 pm (C.E.T.)",INR,0
EXR.D.INR.EUR.SP00.A,D,INR,EUR,SP00,A,2019-08-29,79.3415,A,F,,,P1D,,A,,,,,,,99Q1=100,,,4,,4F0,,Indian rupee/Euro ECB reference exchange rate,"ECB reference exchange rate, Indian rupee/Euro, 2.15 pm (C.E.T.)",INR,0
EXR.D.INR.EUR.SP00.A,D,INR,EUR,SP00,A,2019-08-30,78.8365,A,F,,,P1D,,A,,,,,,,99Q1=100,,,4,,4F0,,Indian rupee/Euro ECB reference exchange rate,"ECB reference exchange rate, Indian rupee/Euro, 2.15 pm (C.E.T.)",INR,0
EXR.D.INR.EUR.SP00.A,D,INR,EUR,SP00,A,2019-09-02,78.892,A,F,,,P1D,,A,,,,,,,99Q1=100,,,4,,4F0,,Indian rupee/Euro ECB reference exchange rate,"ECB reference exchange rate, Indian rupee/Euro, 2.15 pm (C.E.T.)",INR,0
EXR.D.INR.EUR.SP00.A,D,INR,EUR,SP00,A,2019-09-03,79.197,A,F,,,P1D,,A,,,,,,,99Q1=100,,,4,,4F0,,Indian rupee/Euro ECB reference exchange rate,"ECB reference exchange rate, Indian rupee/Euro, 2.15 pm (C.E.T.)",INR,0
EXR.D.INR.EUR.SP00.A,D,INR,EUR,SP00,A,2019-09-04,79.389,A,F,,,P1D,,A,,,,,,,99Q1=100,,,4,,4F0,,Indian rupee/Euro ECB reference exchange rate,"ECB reference exchange rate, Indian rupee/Euro, 2.15 pm (C.E.T.)",INR,0
EXR.D.INR.EUR.SP00.A,D,INR,EUR,SP00,A,2019-09-05,79.4125,A,F,,,P1D,,A,,,,,,,99Q1=100,,,4,,4F0,,Indian rupee/Euro ECB reference exchange rate,"ECB reference exchange rate, Indian rupee/Euro, 2.15 pm (C.E.T.)",INR,0
EXR.D.INR.EUR.SP00.A,D,INR,EUR,SP00,A,2019-09-06,79.0805,A,F,,,P1D,,A,,,,,,,99Q1=100,,,4,,4F0,,Indian rupee/Euro ECB reference exchange rate,"ECB reference exchange rate, Indian rupee/Euro, 2.15 pm (C.E.T.)",INR,0
EXR.D.INR.EUR.SP00.A,D,INR,EUR,SP00,A,2019-09-09,79.0815,A,F,,,P1D,,A,,,,,,,99Q1=100,,,4,,4F0,,Indian rupee/Euro ECB reference exchange rate,"ECB reference exchange rate, Indian rupee/Euro, 2.15 pm (C.E.T.)",INR,0
EXR.D.INR.EUR.SP00.A,D,INR,EUR,SP00,A,2019-09-10,79.3815,A,F,,,P1D,,A,,,,,,,99Q1=100,,,4,,4F0,,Indian rupee/Euro ECB reference exchange rate,"ECB reference exchange rate, Indian rupee/Euro, 2.15 pm (C.E.T.)",INR,0
EXR.D.INR.EUR.SP00.A,D,INR,EUR,SP00,A,2019-09-11,78.872,A,F,,,P1D,,A,,,,,,,99Q1=100,,,4,,4F0,,Indian rupee/Euro ECB reference exchange rate,"ECB reference exchange rate, Indian rupee/Euro, 2.15 pm (C.E.T.)",INR,0
EXR.D.INR.EUR.SP00.A,D,INR,EUR,SP00,A,2019-09-12,77.998,A,F,,,P1D,,A,,,,,,,99Q1=100,,,4,,4F0,,Indian rupee/Euro ECB reference exchange rate,"ECB reference exchange rate, Indian rupee/Euro, 2.15 pm (C.E.T.)",INR,0
EXR.D.INR.EUR.SP00.A,D,INR,EUR,SP00,A,2019-09-13,78.7415,A,F,,,P1D,,A,,,,,,,99Q1=100,,,4,,4F0,,Indian rupee/Euro ECB reference exchange rate,"ECB reference exchange rate, Indian rupee/Euro, 2.15 pm (C.E.T.)",INR,0
EXR.D.INR.EUR.SP00.A,D,INR,EUR,SP00,A,2019-09-16,78.9825,A,F,,,P1D,,A,,,,,,,99Q1=100,,,4,,4F0,,Indian rupee/Euro ECB reference exchange rate,"ECB reference exchange rate, Indian rupee/Euro, 2.15 pm (C.E.T.)",INR,0
EXR.D.INR.EUR.SP00.A,D,INR,EUR,SP00,A,2019-09-17,79.147,A,F,,,P1D,,A,,,,,,,99Q1=100,,,4,,4F0,,Indian rupee/Euro ECB reference exchange rate,"ECB reference exchange rate, Indian rupee/Euro, 2.15 pm (C.E.T.)",INR,0
EXR.D.INR.EUR.SP00.A,D,INR,EUR,SP00,A,2019-09-18,78.707,A,F,,,P1D,,A,,,,,,,99Q1=100,,,4,,4F0,,Indian rupee/Euro ECB reference exchange rate,"ECB reference exchange rate, Indian rupee/Euro, 2.15 pm (C.E.T.)",INR,0
EXR.D.INR.EUR.SP00.A,D,INR,EUR,SP00,A,2019-09-19,78.9335,A,F,,,P1D,,A,,,,,,,99Q1=100,,,4,,4F0,,Indian rupee/Euro ECB reference exchange rate,"ECB reference exchange rate, Indian rupee/Euro, 2.15 pm (C.E.T.)",INR,0
EXR.D.INR.EUR.SP00.A,D,INR,EUR,SP00,A,2019-09-20,78.2925,A,F,,,P1D,,A,,,,,,,99Q1=100,,,4,,4F0,,Indian rupee/Euro ECB reference exchange rate,"ECB reference exchange rate, Indian rupee/Euro, 2.15 pm (C.E.T.)",INR,0
EXR.D.INR.EUR.SP00.A,D,INR,EUR,SP00,A,2019-09-23,77.9405,A,F,,,P1D,,A,,,,,,,99Q1=100,,,4,,4F0,,Indian rupee/Euro ECB reference exchange rate,"ECB reference exchange rate, Indian rupee/Euro, 2.15 pm (C.E.T.)",INR,0
EXR.D.INR.EUR.SP00.A,D,INR,EUR,SP00,A,2019-09-24,78.0635,A,F,,,P1D,,A,,,,,,,99Q1=100,,,4,,4F0,,Indian rupee/Euro ECB reference exchange rate,"ECB reference exchange rate, Indian rupee/Euro, 2.15 pm (C.E.T.)",INR,0
EXR.D.INR.EUR.SP00.A,D,INR,EUR,SP00,A,2019-09-25,78.0215,A,F,,,P1D,,A,,,,,,,99Q1=100,,,4,,4F0,,Indian rupee/Euro ECB reference exchange rate,"ECB reference exchange rate, Indian rupee/Euro, 2.15 pm (C.E.T.)",INR,0
EXR.D.INR.EUR.SP00.A,D,INR,EUR,SP00,A,2019-09-26,77.56,A,F,,,P1D,,A,,,,,,,99Q1=100,,,4,,4F0,,Indian rupee/Euro ECB reference exchange rate,"ECB reference exchange rate, Indian rupee/Euro, 2.15 pm (C.E.T.)",INR,0
EXR.D.INR.EUR.SP00.A,D,INR,EUR,SP00,A,2019-09-27,77.0685,A,F,,,P1D,,A,,,,,,,99Q1=100,,,4,,4F0,,Indian rupee/Euro ECB reference exchange rate,"ECB reference exchange rate, Indian rupee/Euro, 2.15 pm (C.E.T.)",INR,0
EXR.D.INR.EUR.SP00.A,D,INR,EUR,SP00,A,2019-09-30,77.1615,A,F,,,P1D,,A,,,,,,,99Q1=100,,,4,,4F0,,Indian rupee/Euro ECB reference exchange rate,"ECB reference exchange rate, Indian rupee/Euro, 2.15 pm (C.E.T.)",INR,0
EXR.D.INR.EUR.SP00.A,D,INR,EUR,SP00,A,2019-10-01,77.492,A,F,,,P1D,,A,,,,,,,99Q1=100,,,4,,4F0,,Indian rupee/Euro ECB reference exchange rate,"ECB reference exchange rate, Indian rupee/Euro, 2.15 pm (C.E.T.)",INR,0
EXR.D.INR.EUR.SP00.A,D,INR,EUR,SP00,A,2019-10-02,77.8275,A,F,,,P1D,,A,,,,,,,99Q1=100,,,4,,4F0,,Indian rupee/Euro ECB reference exchange rate,"ECB reference exchange rate, Indian rupee/Euro, 2.15 pm (C.E.T.)",INR,0
EXR.D.INR.EUR.SP00.A,D,INR,EUR,SP00,A,2019-10-03,77.7155,A,F,,,P1D,,A,,,,,,,99Q1=100,,,4,,4F0,,Indian rupee/Euro ECB reference exchange rate,"ECB reference exchange rate, Indian rupee/Euro, 2.15 pm (C.E.T.)",INR,0
EXR.D.INR.EUR.SP00.A,D,INR,EUR,SP00,A,2019-10-04,77.8415,A,F,,,P1D,,A,,,,,,,99Q1=100,,,4,,4F0,,Indian rupee/Euro ECB reference exchange rate,"ECB reference exchange rate, Indian rupee/Euro, 2.15 pm (C.E.T.)",INR,0
EXR.D.INR.EUR.SP00.A,D,INR,EUR,SP00,A,2019-10-07,78.0435,A,F,,,P1D,,A,,,,,,,99Q1=100,,,4,,4F0,,Indian rupee/Euro ECB reference exchange rate,"ECB reference exchange rate, Indian rupee/Euro, 2.15 pm (C.E.T.)",INR,0
EXR.D.INR.EUR.SP00.A,D,INR,EUR,SP00,A,2019-10-08,78.144,A,F,,,P1D,,A,,,,,,,99Q1=100,,,4,,4F0,,Indian rupee/Euro ECB reference exchange rate,"ECB reference exchange rate, Indian rupee/Euro, 2.15 pm (C.E.T.)",INR,0
EXR.D.INR.EUR.SP00.A,D,INR,EUR,SP00,A,2019-10-09,78.034,A,F,,,P1D,,A,,,,,,,99Q1=100,,,4,,4F0,,Indian rupee/Euro ECB reference exchange rate,"ECB reference exchange rate, Indian rupee/Euro, 2.15 pm (C.E.T.)",INR,0
EXR.D.INR.EUR.SP00.A,D,INR,EUR,SP00,A,2019-10-10,78.3555,A,F,,,P1D,,A,,,,,,,99Q1=100,,,4,,4F0,,Indian rupee/Euro ECB reference exchange rate,"ECB reference exchange rate, Indian rupee/Euro, 2.15 pm (C.E.T.)",INR,0
EXR.D.INR.EUR.SP00.A,D,INR,EUR,SP00,A,2019-10-11,78.4875,A,F,,,P1D,,A,,,,,,,99Q1=100,,,4,,4F0,,Indian rupee/Euro ECB reference exchange rate,"ECB reference exchange rate, Indian rupee/Euro, 2.15 pm (C.E.T.)",INR,0
EXR.D.INR.EUR.SP00.A,D,INR,EUR,SP00,A,2019-10-14,78.5245,A,F,,,P1D,,A,,,,,,,99Q1=100,,,4,,4F0,,Indian rupee/Euro ECB reference exchange rate,"ECB reference exchange rate, Indian rupee/Euro, 2.15 pm (C.E.T.)",INR,0
EXR.D.INR.EUR.SP00.A,D,INR,EUR,SP00,A,2019-10-15,78.696,A,F,,,P1D,,A,,,,,,,99Q1=100,,,4,,4F0,,Indian rupee/Euro ECB reference exchange rate,"ECB reference exchange rate, Indian rupee/Euro, 2.15 pm (C.E.T.)",INR,0
EXR.D.INR.EUR.SP00.A,D,INR,EUR,SP00,A,2019-10-16,78.768,A,F,,,P1D,,A,,,,,,,99Q1=100,,,4,,4F0,,Indian rupee/Euro ECB reference exchange rate,"ECB reference exchange rate, Indian rupee/Euro, 2.15 pm (C.E.T.)",INR,0
EXR.D.INR.EUR.SP00.A,D,INR,EUR,SP00,A,2019-10-17,79.0785,A,F,,,P1D,,A,,,,,,,99Q1=100,,,4,,4F0,,Indian rupee/Euro ECB reference exchange rate,"ECB reference exchange rate, Indian rupee/Euro, 2.15 pm (C.E.T.)",INR,0
EXR.D.INR.EUR.SP00.A,D,INR,EUR,SP00,A,2019-10-18,79.2735,A,F,,,P1D,,A,,,,,,,99Q1=100,,,4,,4F0,,Indian rupee/Euro ECB reference exchange rate,"ECB reference exchange rate, Indian rupee/Euro, 2.15 pm (C.E.T.)",INR,0
EXR.D.INR.EUR.SP00.A,D,INR,EUR,SP00,A,2019-10-21,79.169,A,F,,,P1D,,A,,,,,,,99Q1=100,,,4,,4F0,,Indian rupee/Euro ECB reference exchange rate,"ECB reference exchange rate, Indian rupee/Euro, 2.15 pm (C.E.T.)",INR,0
EXR.D.INR.EUR.SP00.A,D,INR,EUR,SP00,A,2019-10-22,78.9245,A,F,,,P1D,,A,,,,,,,99Q1=100,,,4,,4F0,,Indian rupee/Euro ECB reference exchange rate,"ECB reference exchange rate, Indian rupee/Euro, 2.15 pm (C.E.T.)",INR,0
EXR.D.INR.EUR.SP00.A,D,INR,EUR,SP00,A,2019-10-23,78.8245,A,F,,,P1D,,A,,,,,,,99Q1=100,,,4,,4F0,,Indian rupee/Euro ECB reference exchange rate,"ECB reference exchange rate, Indian rupee/Euro, 2.15 pm (C.E.T.)",INR,0
EXR.D.INR.EUR.SP00.A,D,INR,EUR,SP00,A,2019-10-24,79.022,A,F,,,P1D,,A,,,,,,,99Q1=100,,,4,,4F0,,Indian rupee/Euro ECB reference exchange rate,"ECB reference exchange rate, Indian rupee/Euro, 2.15 pm (C.E.T.)",INR,0
EXR.D.INR.EUR.SP00.A,D,INR,EUR,SP00,A,2019-10-25,78.7515,A,F,,,P1D,,A,,,,,,,99Q1=100,,,4,,4F0,,Indian rupee/Euro ECB reference exchange rate,"ECB reference exchange rate, Indian rupee/Euro, 2.15 pm (C.E.T.)",INR,0
EXR.D.INR.EUR.SP00.A,D,INR,EUR,SP00,A,2019-10-28,78.4355,A,F,,,P1D,,A,,,,,,,99Q1=100,,,4,,4F0,,Indian rupee/Euro ECB reference exchange rate,"ECB reference exchange rate, Indian rupee/Euro, 2.15 pm (C.E.T.)",INR,0
EXR.D.INR.EUR.SP00.A,D,INR,EUR,SP00,A,2019-10-29,78.615,A,F,,,P1D,,A,,,,,,,99Q1=100,,,4,,4F0,,Indian rupee/Euro ECB reference exchange rate,"ECB reference exchange rate, Indian rupee/Euro, 2.15 pm (C.E.T.)",INR,0
EXR.D.INR.EUR.SP00.A,D,INR,EUR,SP00,A,2019-10-30,78.7705,A,F,,,P1D,,A,,,,,,,99Q1=100,,,4,,4F0,,Indian rupee/Euro ECB reference exchange rate,"ECB reference exchange rate, Indian rupee/Euro, 2.15 pm (C.E.T.)",INR,0
EXR.D.INR.EUR.SP00.A,D,INR,EUR,SP00,A,2019-10-31,79.1125,A,F,,,P1D,,A,,,,,,,99Q1=100,,,4,,4F0,,Indian rupee/Euro ECB reference exchange rate,"ECB reference exchange rate, Indian rupee/Euro, 2.15 pm (C.E.T.)",INR,0
EXR.D.INR.EUR.SP00.A,D,INR,EUR,SP00,A,2019-11-01,78.816,A,F,,,P1D,,A,,,,,,,99Q1=100,,,4,,4F0,,Indian rupee/Euro ECB reference exchange rate,"ECB reference exchange rate, Indian rupee/Euro, 2.15 pm (C.E.T.)",INR,0
EXR.D.INR.EUR.SP00.A,D,INR,EUR,SP00,A,2019-11-04,78.9205,A,F,,,P1D,,A,,,,,,,99Q1=100,,,4,,4F0,,Indian rupee/Euro ECB reference exchange rate,"ECB reference exchange rate, Indian rupee/Euro, 2.15 pm (C.E.T.)",INR,0
EXR.D.INR.EUR.SP00.A,D,INR,EUR,SP00,A,2019-11-05,78.529,A,F,,,P1D,,A,,,,,,,99Q1=100,,,4,,4F0,,Indian rupee/Euro ECB reference exchange rate,"ECB reference exchange rate, Indian rupee/Euro, 2.15 pm (C.E.T.)",INR,0
EXR.D.INR.EUR.SP00.A,D,INR,EUR,SP00,A,2019-11-06,78.6855,A,F,,,P1D,,A,,,,,,,99Q1=100,,,4,,4F0,,Indian rupee/Euro ECB reference exchange rate,"ECB reference exchange rate, Indian rupee/Euro, 2.15 pm (C.E.T.)",INR,0
EXR.D.INR.EUR.SP00.A,D,INR,EUR,SP00,A,2019-11-07,78.549,A,F,,,P1D,,A,,,,,,,99Q1=100,,,4,,4F0,,Indian rupee/Euro ECB reference exchange rate,"ECB reference exchange rate, Indian rupee/Euro, 2.15 pm (C.E.T.)",INR,0
EXR.D.INR.EUR.SP00.A,D,INR,EUR,SP00,A,2019-11-08,78.652,A,F,,,P1D,,A,,,,,,,99Q1=100,,,4,,4F0,,Indian rupee/Euro ECB reference exchange rate,"ECB reference exchange rate, Indian rupee/Euro, 2.15 pm (C.E.T.)",INR,0
EXR.D.INR.EUR.SP00.A,D,INR,EUR,SP00,A,2019-11-11,78.9905,A,F,,,P1D,,A,,,,,,,99Q1=100,,,4,,4F0,,Indian rupee/Euro ECB reference exchange rate,"ECB reference exchange rate, Indian rupee/Euro, 2.15 pm (C.E.T.)",INR,0
EXR.D.INR.EUR.SP00.A,D,INR,EUR,SP00,A,2019-11-12,78.969,A,F,,,P1D,,A,,,,,,,99Q1=100,,,4,,4F0,,Indian rupee/Euro ECB reference exchange rate,"ECB reference exchange rate, Indian rupee/Euro, 2.15 pm (C.E.T.)",INR,0
EXR.D.INR.EUR.SP00.A,D,INR,EUR,SP00,A,2019-11-13,79.319,A,F,,,P1D,,A,,,,,,,99Q1=100,,,4,,4F0,,Indian rupee/Euro ECB reference exchange rate,"ECB reference exchange rate, Indian rupee/Euro, 2.15 pm (C.E.T.)",INR,0
EXR.D.INR.EUR.SP00.A,D,INR,EUR,SP00,A,2019-11-14,79.1,A,F,,,P1D,,A,,,,,,,99Q1=100,,,4,,4F0,,Indian rupee/Euro ECB reference exchange rate,"ECB reference exchange rate, Indian rupee/Euro, 2.15 pm (C.E.T.)",INR,0
EXR.D.INR.EUR.SP00.A,D,INR,EUR,SP00,A,2019-11-15,79.163,A,F,,,P1D,,A,,,,,,,99Q1=100,,,4,,4F0,,Indian rupee/Euro ECB reference exchange rate,"ECB reference exchange rate, Indian rupee/Euro, 2.15 pm (C.E.T.)",INR,0
EXR.D.INR.EUR.SP00.A,D,INR,EUR,SP00,A,2019-11-18,79.426,A,F,,,P1D,,A,,,,,,,99Q1=100,,,4,,4F0,,Indian rupee/Euro ECB reference exchange rate,"ECB reference exchange rate, Indian rupee/Euro, 2.15 pm (C.E.T.)",INR,0
EXR.D.INR.EUR.SP00.A,D,INR,EUR,SP00,A,2019-11-19,79.3975,A,F,,,P1D,,A,,,,,,,99Q1=100,,,4,,4F0,,Indian rupee/Euro ECB reference exchange rate,"ECB reference exchange rate, Indian rupee/Euro, 2.15 pm (C.E.T.)",INR,0
EXR.D.INR.EUR.SP00.A,D,INR,EUR,SP00,A,2019-11-20,79.423,A,F,,,P1D,,A,,,,,,,99Q1=100,,,4,,4F0,,Indian rupee/Euro ECB reference exchange rate,"ECB reference exchange rate, Indian rupee/Euro, 2.15 pm (C.E.T.)",INR,0
EXR.D.INR.EUR.SP00.A,D,INR,EUR,SP00,A,2019-11-21,79.5675,A,F,,,P1D,,A,,,,,,,99Q1=100,,,4,,4F0,,Indian rupee/Euro ECB reference exchange rate,"ECB reference exchange rate, Indian rupee/Euro, 2.15 pm (C.E.T.)",INR,0
EXR.D.INR.EUR.SP00.A,D,INR,EUR,SP00,A,2019-11-22,79.271,A,F,,,P1D,,A,,,,,,,99Q1=100,,,4,,4F0,,Indian rupee/Euro ECB reference exchange rate,"ECB reference exchange rate, Indian rupee/Euro, 2.15 pm (C.E.T.)",INR,0
EXR.D.INR.EUR.SP00.A,D,INR,EUR,SP00,A,2019-11-25,78.937,A,F,,,P1D,,A,,,,,,,99Q1=100,,,4,,4F0,,Indian rupee/Euro ECB reference exchange rate,"ECB reference exchange rate, Indian rupee/Euro, 2.15 pm (C.E.T.)",INR,0
EXR.D.INR.EUR.SP00.A,D,INR,EUR,SP00,A,2019-11-26,78.8165,A,F,,,P1D,,A,,,,,,,99Q1=100,,,4,,4F0,,Indian rupee/Euro ECB reference exchange rate,"ECB reference exchange rate, Indian rupee/Euro, 2.15 pm (C.E.T.)",INR,0
EXR.D.INR.EUR.SP00.A,D,INR,EUR,SP00,A,2019-11-27,78.5495,A,F,,,P1D,,A,,,,,,,99Q1=100,,,4,,4F0,,Indian rupee/Euro ECB reference exchange rate,"ECB reference exchange rate, Indian rupee/Euro, 2.15 pm (C.E.T.)",INR,0
EXR.D.INR.EUR.SP00.A,D,INR,EUR,SP00,A,2019-11-28,78.8095,A,F,,,P1D,,A,,,,,,,99Q1=100,,,4,,4F0,,Indian rupee/Euro ECB reference exchange rate,"ECB reference exchange rate, Indian rupee/Euro, 2.15 pm (C.E.T.)",INR,0
EXR.D.INR.EUR.SP00.A,D,INR,EUR,SP00,A,2019-11-29,78.6875,A,F,,,P1D,,A,,,,,,,99Q1=100,,,4,,4F0,,Indian rupee/Euro ECB reference exchange rate,"ECB reference exchange rate, Indian rupee/Euro, 2.15 pm (C.E.T.)",INR,0
EXR.D.INR.EUR.SP00.A,D,INR,EUR,SP00,A,2019-12-02,78.9785,A,F,,,P1D,,A,,,,,,,99Q1=100,,,4,,4F0,,Indian rupee/Euro ECB reference exchange rate,"ECB reference exchange rate, Indian rupee/Euro, 2.15 pm (C.E.T.)",INR,0
EXR.D.INR.EUR.SP00.A,D,INR,EUR,SP00,A,2019-12-03,79.43,A,F,,,P1D,,A,,,,,,,99Q1=100,,,4,,4F0,,Indian rupee/Euro ECB reference exchange rate,"ECB reference exchange rate, Indian rupee/Euro, 2.15 pm (C.E.T.)",INR,0
EXR.D.INR.EUR.SP00.A,D,INR,EUR,SP00,A,2019-12-04,79.2615,A,F,,,P1D,,A,,,,,,,99Q1=100,,,4,,4F0,,Indian rupee/Euro ECB reference exchange rate,"ECB reference exchange rate, Indian rupee/Euro, 2.15 pm (C.E.T.)",INR,0
EXR.D.INR.EUR.SP00.A,D,INR,EUR,SP00,A,2019-12-05,79.0195,A,F,,,P1D,,A,,,,,,,99Q1=100,,,4,,4F0,,Indian rupee/Euro ECB reference exchange rate,"ECB reference exchange rate, Indian rupee/Euro, 2.15 pm (C.E.T.)",INR,0
EXR.D.INR.EUR.SP00.A,D,INR,EUR,SP00,A,2019-12-06,79.0435,A,F,,,P1D,,A,,,,,,,99Q1=100,,,4,,4F0,,Indian rupee/Euro ECB reference exchange rate,"ECB reference exchange rate, Indian rupee/Euro, 2.15 pm (C.E.T.)",INR,0
EXR.D.INR.EUR.SP00.A,D,INR,EUR,SP00,A,2019-12-09,78.707,A,F,,,P1D,,A,,,,,,,99Q1=100,,,4,,4F0,,Indian rupee/Euro ECB reference exchange rate,"ECB reference exchange rate, Indian rupee/Euro, 2.15 pm (C.E.T.)",INR,0
EXR.D.INR.EUR.SP00.A,D,INR,EUR,SP00,A,2019-12-10,78.561,A,F,,,P1D,,A,,,,,,,99Q1=100,,,4,,4F0,,Indian rupee/Euro ECB reference exchange rate,"ECB reference exchange rate, Indian rupee/Euro, 2.15 pm (C.E.T.)",INR,0
EXR.D.INR.EUR.SP00.A,D,INR,EUR,SP00,A,2019-12-11,78.4115,A,F,,,P1D,,A,,,,,,,99Q1=100,,,4,,4F0,,Indian rupee/Euro ECB reference exchange rate,"ECB reference exchange rate, Indian rupee/Euro, 2.15 pm (C.E.T.)",INR,0
EXR.D.INR.EUR.SP00.A,D,INR,EUR,SP00,A,2019-12-12,78.9355,A,F,,,P1D,,A,,,,,,,99Q1=100,,,4,,4F0,,Indian rupee/Euro ECB reference exchange rate,"ECB reference exchange rate, Indian rupee/Euro, 2.15 pm (C.E.T.)",INR,0
EXR.D.INR.EUR.SP00.A,D,INR,EUR,SP00,A,2019-12-13,79.061,A,F,,,P1D,,A,,,,,,,99Q1=100,,,4,,4F0,,Indian rupee/Euro ECB reference exchange rate,"ECB reference exchange rate, Indian rupee/Euro, 2.15 pm (C.E.T.)",INR,0
EXR.D.INR.EUR.SP00.A,D,INR,EUR,SP00,A,2019-12-16,79.1063,A,F,,,P1D,,A,,,,,,,99Q1=100,,,4,,4F0,,Indian rupee/Euro ECB reference exchange rate,"ECB reference exchange rate, Indian rupee/Euro, 2.15 pm (C.E.T.)",INR,0
EXR.D.INR.EUR.SP00.A,D,INR,EUR,SP00,A,2019-12-17,79.2035,A,F,,,P1D,,A,,,,,,,99Q1=100,,,4,,4F0,,Indian rupee/Euro ECB reference exchange rate,"ECB reference exchange rate, Indian rupee/Euro, 2.15 pm (C.E.T.)",INR,0
EXR.D.INR.EUR.SP00.A,D,INR,EUR,SP00,A,2019-12-18,78.895,A,F,,,P1D,,A,,,,,,,99Q1=100,,,4,,4F0,,Indian rupee/Euro ECB reference exchange rate,"ECB reference exchange rate, Indian rupee/Euro, 2.15 pm (C.E.T.)",INR,0
EXR.D.INR.EUR.SP00.A,D,INR,EUR,SP00,A,2019-12-19,79.032,A,F,,,P1D,,A,,,,,,,99Q1=100,,,4,,4F0,,Indian rupee/Euro ECB reference exchange rate,"ECB reference exchange rate, Indian rupee/Euro, 2.15 pm (C.E.T.)",INR,0
EXR.D.INR.EUR.SP00.A,D,INR,EUR,SP00,A,2019-12-20,79.0035,A,F,,,P1D,,A,,,,,,,99Q1=100,,,4,,4F0,,Indian rupee/Euro ECB reference exchange rate,"ECB reference exchange rate, Indian rupee/Euro, 2.15 pm (C.E.T.)",INR,0
EXR.D.INR.EUR.SP00.A,D,INR,EUR,SP00,A,2019-12-23,78.9455,A,F,,,P1D,,A,,,,,,,99Q1=100,,,4,,4F0,,Indian rupee/Euro ECB reference exchange rate,"ECB reference exchange rate, Indian rupee/Euro, 2.15 pm (C.E.T.)",INR,0
EXR.D.INR.EUR.SP00.A,D,INR,EUR,SP00,A,2019-12-24,78.9525,A,F,,,P1D,,A,,,,,,,99Q1=100,,,4,,4F0,,Indian rupee/Euro ECB reference exchange rate,"ECB reference exchange rate, Indian rupee/Euro, 2.15 pm (C.E.T.)",INR,0
EXR.D.INR.EUR.SP00.A,D,INR,EUR,SP00,A,2019-12-27,79.637,A,F,,,P1D,,A,,,,,,,99Q1=100,,,4,,4F0,,Indian rupee/Euro ECB reference exchange rate,"ECB reference exchange rate, Indian rupee/Euro, 2.15 pm (C.E.T.)",INR,0
EXR.D.INR.EUR.SP00.A,D,INR,EUR,SP00,A,2019-12-30,79.812,A,F,,,P1D,,A,,,,,,,99Q1=100,,,4,,4F0,,Indian rupee/Euro ECB reference exchange rate,"ECB reference exchange rate, Indian rupee/Euro, 2.15 pm (C.E.T.)",INR,0
EXR.D.INR.EUR.SP00.A,D,INR,EUR,SP00,A,2019-12-31,80.187,A,F,,,P1D,,A,,,,,,,99Q1=100,,,4,,4F0,,Indian rupee/Euro ECB reference exchange rate,"ECB reference exchange rate, Indian rupee/Euro, 2.15 pm (C.E.T.)",INR,0
EXR.D.INR.EUR.SP00.A,D,INR,EUR,SP00,A,2020-01-02,79.9065,A,F,,,P1D,,A,,,,,,,99Q1=100,,,4,,4F0,,Indian rupee/Euro ECB reference exchange rate,"ECB reference exchange rate, Indian rupee/Euro, 2.15 pm (C.E.T.)",INR,0
EXR.D.INR.EUR.SP00.A,D,INR,EUR,SP00,A,2020-01-03,80.0085,A,F,,,P1D,,A,,,,,,,99Q1=100,,,4,,4F0,,Indian rupee/Euro ECB reference exchange rate,"ECB reference exchange rate, Indian rupee/Euro, 2.15 pm (C.E.T.)",INR,0
EXR.D.INR.EUR.SP00.A,D,INR,EUR,SP00,A,2020-01-06,80.5175,A,F,,,P1D,,A,,,,,,,99Q1=100,,,4,,4F0,,Indian rupee/Euro ECB reference exchange rate,"ECB reference exchange rate, Indian rupee/Euro, 2.15 pm (C.E.T.)",INR,0
EXR.D.INR.EUR.SP00.A,D,INR,EUR,SP00,A,2020-01-07,80.265,A,F,,,P1D,,A,,,,,,,99Q1=100,,,4,,4F0,,Indian rupee/Euro ECB reference exchange rate,"ECB reference exchange rate, Indian rupee/Euro, 2.15 pm (C.E.T.)",INR,0
EXR.D.INR.EUR.SP00.A,D,INR,EUR,SP00,A,2020-01-08,79.709,A,F,,,P1D,,A,,,,,,,99Q1=100,,,4,,4F0,,Indian rupee/Euro ECB reference exchange rate,"ECB reference exchange rate, Indian rupee/Euro, 2.15 pm (C.E.T.)",INR,0
EXR.D.INR.EUR.SP00.A,D,INR,EUR,SP00,A,2020-01-09,79.162,A,F,,,P1D,,A,,,,,,,99Q1=100,,,4,,4F0,,Indian rupee/Euro ECB reference exchange rate,"ECB reference exchange rate, Indian rupee/Euro, 2.15 pm (C.E.T.)",INR,0
EXR.D.INR.EUR.SP00.A,D,INR,EUR,SP00,A,2020-01-10,78.6915,A,F,,,P1D,,A,,,,,,,99Q1=100,,,4,,4F0,,Indian rupee/Euro ECB reference exchange rate,"ECB reference exchange rate, Indian rupee/Euro, 2.15 pm (C.E.T.)",INR,0
EXR.D.INR.EUR.SP00.A,D,INR,EUR,SP00,A,2020-01-13,78.8225,A,F,,,P1D,,A,,,,,,,99Q1=100,,,4,,4F0,,Indian rupee/Euro ECB reference exchange rate,"ECB reference exchange rate, Indian rupee/Euro, 2.15 pm (C.E.T.)",INR,0
EXR.D.INR.EUR.SP00.A,D,INR,EUR,SP00,A,2020-01-14,78.7285,A,F,,,P1D,,A,,,,,,,99Q1=100,,,4,,4F0,,Indian rupee/Euro ECB reference exchange rate,"ECB reference exchange rate, Indian rupee/Euro, 2.15 pm (C.E.T.)",INR,0
EXR.D.INR.EUR.SP00.A,D,INR,EUR,SP00,A,2020-01-15,78.8825,A,F,,,P1D,,A,,,,,,,99Q1=100,,,4,,4F0,,Indian rupee/Euro ECB reference exchange rate,"ECB reference exchange rate, Indian rupee/Euro, 2.15 pm (C.E.T.)",INR,0
EXR.D.INR.EUR.SP00.A,D,INR,EUR,SP00,A,2020-01-16,79.221,A,F,,,P1D,,A,,,,,,,99Q1=100,,,4,,4F0,,Indian rupee/Euro ECB reference exchange rate,"ECB reference exchange rate, Indian rupee/Euro, 2.15 pm (C.E.T.)",INR,0
EXR.D.INR.EUR.SP00.A,D,INR,EUR,SP00,A,2020-01-17,78.9567,A,F,,,P1D,,A,,,,,,,99Q1=100,,,4,,4F0,,Indian rupee/Euro ECB reference exchange rate,"ECB reference exchange rate, Indian rupee/Euro, 2.15 pm (C.E.T.)",INR,0
EXR.D.INR.EUR.SP00.A,D,INR,EUR,SP00,A,2020-01-20,78.784,A,F,,,P1D,,A,,,,,,,99Q1=100,,,4,,4F0,,Indian rupee/Euro ECB reference exchange rate,"ECB reference exchange rate, Indian rupee/Euro, 2.15 pm (C.E.T.)",INR,0
EXR.D.INR.EUR.SP00.A,D,INR,EUR,SP00,A,2020-01-21,79.1345,A,F,,,P1D,,A,,,,,,,99Q1=100,,,4,,4F0,,Indian rupee/Euro ECB reference exchange rate,"ECB reference exchange rate, Indian rupee/Euro, 2.15 pm (C.E.T.)",INR,0
EXR.D.INR.EUR.SP00.A,D,INR,EUR,SP00,A,2020-01-22,78.8665,A,F,,,P1D,,A,,,,,,,99Q1=100,,,4,,4F0,,Indian rupee/Euro ECB reference exchange rate,"ECB reference exchange rate, Indian rupee/Euro, 2.15 pm (C.E.T.)",INR,0
EXR.D.INR.EUR.SP00.A,D,INR,EUR,SP00,A,2020-01-23,79.0965,A,F,,,P1D,,A,,,,,,,99Q1=100,,,4,,4F0,,Indian rupee/Euro ECB reference exchange rate,"ECB reference exchange rate, Indian rupee/Euro, 2.15 pm (C.E.T.)",INR,0
EXR.D.INR.EUR.SP00.A,D,INR,EUR,SP00,A,2020-01-24,78.67,A,F,,,P1D,,A,,,,,,,99Q1=100,,,4,,4F0,,Indian rupee/Euro ECB reference exchange rate,"ECB reference exchange rate, Indian rupee/Euro, 2.15 pm (C.E.T.)",INR,0
EXR.D.INR.EUR.SP00.A,D,INR,EUR,SP00,A,2020-01-27,78.7425,A,F,,,P1D,,A,,,,,,,99Q1=100,,,4,,4F0,,Indian rupee/Euro ECB reference exchange rate,"ECB reference exchange rate, Indian rupee/Euro, 2.15 pm (C.E.T.)",INR,0
EXR.D.INR.EUR.SP00.A,D,INR,EUR,SP00,A,2020-01-28,78.4545,A,F,,,P1D,,A,,,,,,,99Q1=100,,,4,,4F0,,Indian rupee/Euro ECB reference exchange rate,"ECB reference exchange rate, Indian rupee/Euro, 2.15 pm (C.E.T.)",INR,0
EXR.D.INR.EUR.SP00.A,D,INR,EUR,SP00,A,2020-01-29,78.417,A,F,,,P1D,,A,,,,,,,99Q1=100,,,4,,4F0,,Indian rupee/Euro ECB reference exchange rate,"ECB reference exchange rate, Indian rupee/Euro, 2.15 pm (C.E.T.)",INR,0
EXR.D.INR.EUR.SP00.A,D,INR,EUR,SP00,A,2020-01-30,79.011,A,F,,,P1D,,A,,,,,,,99Q1=100,,,4,,4F0,,Indian rupee/Euro ECB reference exchange rate,"ECB reference exchange rate, Indian rupee/Euro, 2.15 pm (C.E.T.)",INR,0
EXR.D.INR.EUR.SP00.A,D,INR,EUR,SP00,A,2020-01-31,78.9055,A,F,,,P1D,,A,,,,,,,99Q1=100,,,4,,4F0,,Indian rupee/Euro ECB reference exchange rate,"ECB reference exchange rate, Indian rupee/Euro, 2.15 pm (C.E.T.)",INR,0
EXR.D.INR.EUR.SP00.A,D,INR,EUR,SP00,A,2020-02-03,79.0035,A,F,,,P1D,,A,,,,,,,99Q1=100,,,4,,4F0,,Indian rupee/Euro ECB reference exchange rate,"ECB reference exchange rate, Indian rupee/Euro, 2.15 pm (C.E.T.)",INR,0
EXR.D.INR.EUR.SP00.A,D,INR,EUR,SP00,A,2020-02-04,78.712,A,F,,,P1D,,A,,,,,,,99Q1=100,,,4,,4F0,,Indian rupee/Euro ECB reference exchange rate,"ECB reference exchange rate, Indian rupee/Euro, 2.15 pm (C.E.T.)",INR,0
EXR.D.INR.EUR.SP00.A,D,INR,EUR,SP00,A,2020-02-05,78.433,A,F,,,P1D,,A,,,,,,,99Q1=100,,,4,,4F0,,Indian rupee/Euro ECB reference exchange rate,"ECB reference exchange rate, Indian rupee/Euro, 2.15 pm (C.E.T.)",INR,0
EXR.D.INR.EUR.SP00.A,D,INR,EUR,SP00,A,2020-02-06,78.2845,A,F,,,P1D,,A,,,,,,,99Q1=100,,,4,,4F0,,Indian rupee/Euro ECB reference exchange rate,"ECB reference exchange rate, Indian rupee/Euro, 2.15 pm (C.E.T.)",INR,0
EXR.D.INR.EUR.SP00.A,D,INR,EUR,SP00,A,2020-02-07,78.3625,A,F,,,P1D,,A,,,,,,,99Q1=100,,,4,,4F0,,Indian rupee/Euro ECB reference exchange rate,"ECB reference exchange rate, Indian rupee/Euro, 2.15 pm (C.E.T.)",INR,0
EXR.D.INR.EUR.SP00.A,D,INR,EUR,SP00,A,2020-02-10,78.107,A,F,,,P1D,,A,,,,,,,99Q1=100,,,4,,4F0,,Indian rupee/Euro ECB reference exchange rate,"ECB reference exchange rate, Indian rupee/Euro, 2.15 pm (C.E.T.)",INR,0
EXR.D.INR.EUR.SP00.A,D,INR,EUR,SP00,A,2020-02-11,77.6945,A,F,,,P1D,,A,,,,,,,99Q1=100,,,4,,4F0,,Indian rupee/Euro ECB reference exchange rate,"ECB reference exchange rate, Indian rupee/Euro, 2.15 pm (C.E.T.)",INR,0
EXR.D.INR.EUR.SP00.A,D,INR,EUR,SP00,A,2020-02-12,77.8345,A,F,,,P1D,,A,,,,,,,99Q1=100,,,4,,4F0,,Indian rupee/Euro ECB reference exchange rate,"ECB reference exchange rate, Indian rupee/Euro, 2.15 pm (C.E.T.)",INR,0
EXR.D.INR.EUR.SP00.A,D,INR,EUR,SP00,A,2020-02-13,77.4495,A,F,,,P1D,,A,,,,,,,99Q1=100,,,4,,4F0,,Indian rupee/Euro ECB reference exchange rate,"ECB reference exchange rate, Indian rupee/Euro, 2.15 pm (C.E.T.)",INR,0
EXR.D.INR.EUR.SP00.A,D,INR,EUR,SP00,A,2020-02-14,77.466,A,F,,,P1D,,A,,,,,,,99Q1=100,,,4,,4F0,,Indian rupee/Euro ECB reference exchange rate,"ECB reference exchange rate, Indian rupee/Euro, 2.15 pm (C.E.T.)",INR,0
EXR.D.INR.EUR.SP00.A,D,INR,EUR,SP00,A,2020-02-17,77.342,A,F,,,P1D,,A,,,,,,,99Q1=100,,,4,,4F0,,Indian rupee/Euro ECB reference exchange rate,"ECB reference exchange rate, Indian rupee/Euro, 2.15 pm (C.E.T.)",INR,0
EXR.D.INR.EUR.SP00.A,D,INR,EUR,SP00,A,2020-02-18,77.39,A,F,,,P1D,,A,,,,,,,99Q1=100,,,4,,4F0,,Indian rupee/Euro ECB reference exchange rate,"ECB reference exchange rate, Indian rupee/Euro, 2.15 pm (C.E.T.)",INR,0
EXR.D.INR.EUR.SP00.A,D,INR,EUR,SP00,A,2020-02-19,77.2345,A,F,,,P1D,,A,,,,,,,99Q1=100,,,4,,4F0,,Indian rupee/Euro ECB reference exchange rate,"ECB reference exchange rate, Indian rupee/Euro, 2.15 pm (C.E.T.)",INR,0
EXR.D.INR.EUR.SP00.A,D,INR,EUR,SP00,A,2020-02-20,77.2745,A,F,,,P1D,,A,,,,,,,99Q1=100,,,4,,4F0,,Indian rupee/Euro ECB reference exchange rate,"ECB reference exchange rate, Indian rupee/Euro, 2.15 pm (C.E.T.)",INR,0
EXR.D.INR.EUR.SP00.A,D,INR,EUR,SP00,A,2020-02-21,77.754,A,F,,,P1D,,A,,,,,,,99Q1=100,,,4,,4F0,,Indian rupee/Euro ECB reference exchange rate,"ECB reference exchange rate, Indian rupee/Euro, 2.15 pm (C.E.T.)",INR,0
EXR.D.INR.EUR.SP00.A,D,INR,EUR,SP00,A,2020-02-24,77.8265,A,F,,,P1D,,A,,,,,,,99Q1=100,,,4,,4F0,,Indian rupee/Euro ECB reference exchange rate,"ECB reference exchange rate, Indian rupee/Euro, 2.15 pm (C.E.T.)",INR,0
EXR.D.INR.EUR.SP00.A,D,INR,EUR,SP00,A,2020-02-25,77.724,A,F,,,P1D,,A,,,,,,,99Q1=100,,,4,,4F0,,Indian rupee/Euro ECB reference exchange rate,"ECB reference exchange rate, Indian rupee/Euro, 2.15 pm (C.E.T.)",INR,0
EXR.D.INR.EUR.SP00.A,D,INR,EUR,SP00,A,2020-02-26,77.9195,A,F,,,P1D,,A,,,,,,,99Q1=100,,,4,,4F0,,Indian rupee/Euro ECB reference exchange rate,"ECB reference exchange rate, Indian rupee/Euro, 2.15 pm (C.E.T.)",INR,0
EXR.D.INR.EUR.SP00.A,D,INR,EUR,SP00,A,2020-02-27,78.538,A,F,,,P1D,,A,,,,,,,99Q1=100,,,4,,4F0,,Indian rupee/Euro ECB reference exchange rate,"ECB reference exchange rate, Indian rupee/Euro, 2.15 pm (C.E.T.)",INR,0
EXR.D.INR.EUR.SP00.A,D,INR,EUR,SP00,A,2020-02-28,79.285,A,F,,,P1D,,A,,,,,,,99Q1=100,,,4,,4F0,,Indian rupee/Euro ECB reference exchange rate,"ECB reference exchange rate, Indian rupee/Euro, 2.15 pm (C.E.T.)",INR,0
EXR.D.INR.EUR.SP00.A,D,INR,EUR,SP00,A,2020-03-02,80.917,A,F,,,P1D,,A,,,,,,,99Q1=100,,,4,,4F0,,Indian rupee/Euro ECB reference exchange rate,"ECB reference exchange rate, Indian rupee/Euro, 2.15 pm (C.E.T.)",INR,0
EXR.D.INR.EUR.SP00.A,D,INR,EUR,SP00,A,2020-03-03,81.429,A,F,,,P1D,,A,,,,,,,99Q1=100,,,4,,4F0,,Indian rupee/Euro ECB reference exchange rate,"ECB reference exchange rate, Indian rupee/Euro, 2.15 pm (C.E.T.)",INR,0
EXR.D.INR.EUR.SP00.A,D,INR,EUR,SP00,A,2020-03-04,81.5025,A,F,,,P1D,,A,,,,,,,99Q1=100,,,4,,4F0,,Indian rupee/Euro ECB reference exchange rate,"ECB reference exchange rate, Indian rupee/Euro, 2.15 pm (C.E.T.)",INR,0
EXR.D.INR.EUR.SP00.A,D,INR,EUR,SP00,A,2020-03-05,82.153,A,F,,,P1D,,A,,,,,,,99Q1=100,,,4,,4F0,,Indian rupee/Euro ECB reference exchange rate,"ECB reference exchange rate, Indian rupee/Euro, 2.15 pm (C.E.T.)",INR,0
EXR.D.INR.EUR.SP00.A,D,INR,EUR,SP00,A,2020-03-06,83.586,A,F,,,P1D,,A,,,,,,,99Q1=100,,,4,,4F0,,Indian rupee/Euro ECB reference exchange rate,"ECB reference exchange rate, Indian rupee/Euro, 2.15 pm (C.E.T.)",INR,0
EXR.D.INR.EUR.SP00.A,D,INR,EUR,SP00,A,2020-03-09,84.96,A,F,,,P1D,,A,,,,,,,99Q1=100,,,4,,4F0,,Indian rupee/Euro ECB reference exchange rate,"ECB reference exchange rate, Indian rupee/Euro, 2.15 pm (C.E.T.)",INR,0
EXR.D.INR.EUR.SP00.A,D,INR,EUR,SP00,A,2020-03-10,84.11,A,F,,,P1D,,A,,,,,,,99Q1=100,,,4,,4F0,,Indian rupee/Euro ECB reference exchange rate,"ECB reference exchange rate, Indian rupee/Euro, 2.15 pm (C.E.T.)",INR,0
EXR.D.INR.EUR.SP00.A,D,INR,EUR,SP00,A,2020-03-11,83.5215,A,F,,,P1D,,A,,,,,,,99Q1=100,,,4,,4F0,,Indian rupee/Euro ECB reference exchange rate,"ECB reference exchange rate, Indian rupee/Euro, 2.15 pm (C.E.T.)",INR,0
EXR.D.INR.EUR.SP00.A,D,INR,EUR,SP00,A,2020-03-12,83.468,A,F,,,P1D,,A,,,,,,,99Q1=100,,,4,,4F0,,Indian rupee/Euro ECB reference exchange rate,"ECB reference exchange rate, Indian rupee/Euro, 2.15 pm (C.E.T.)",INR,0
EXR.D.INR.EUR.SP00.A,D,INR,EUR,SP00,A,2020-03-13,81.8765,A,F,,,P1D,,A,,,,,,,99Q1=100,,,4,,4F0,,Indian rupee/Euro ECB reference exchange rate,"ECB reference exchange rate, Indian rupee/Euro, 2.15 pm (C.E.T.)",INR,0
EXR.D.INR.EUR.SP00.A,D,INR,EUR,SP00,A,2020-03-16,82.8075,A,F,,,P1D,,A,,,,,,,99Q1=100,,,4,,4F0,,Indian rupee/Euro ECB reference exchange rate,"ECB reference exchange rate, Indian rupee/Euro, 2.15 pm (C.E.T.)",INR,0
EXR.D.INR.EUR.SP00.A,D,INR,EUR,SP00,A,2020-03-17,81.567,A,F,,,P1D,,A,,,,,,,99Q1=100,,,4,,4F0,,Indian rupee/Euro ECB reference exchange rate,"ECB reference exchange rate, Indian rupee/Euro, 2.15 pm (C.E.T.)",INR,0
EXR.D.INR.EUR.SP00.A,D,INR,EUR,SP00,A,2020-03-18,81.1355,A,F,,,P1D,,A,,,,,,,99Q1=100,,,4,,4F0,,Indian rupee/Euro ECB reference exchange rate,"ECB reference exchange rate, Indian rupee/Euro, 2.15 pm (C.E.T.)",INR,0
EXR.D.INR.EUR.SP00.A,D,INR,EUR,SP00,A,2020-03-19,81.14,A,F,,,P1D,,A,,,,,,,99Q1=100,,,4,,4F0,,Indian rupee/Euro ECB reference exchange rate,"ECB reference exchange rate, Indian rupee/Euro, 2.15 pm (C.E.T.)",INR,0
EXR.D.INR.EUR.SP00.A,D,INR,EUR,SP00,A,2020-03-20,80.465,A,F,,,P1D,,A,,,,,,,99Q1=100,,,4,,4F0,,Indian rupee/Euro ECB reference exchange rate,"ECB reference exchange rate, Indian rupee/Euro, 2.15 pm (C.E.T.)",INR,0
EXR.D.INR.EUR.SP00.A,D,INR,EUR,SP00,A,2020-03-23,82.1255,A,F,,,P1D,,A,,,,,,,99Q1=100,,,4,,4F0,,Indian rupee/Euro ECB reference exchange rate,"ECB reference exchange rate, Indian rupee/Euro, 2.15 pm (C.E.T.)",INR,0
EXR.D.INR.EUR.SP00.A,D,INR,EUR,SP00,A,2020-03-24,82.358,A,F,,,P1D,,A,,,,,,,99Q1=100,,,4,,4F0,,Indian rupee/Euro ECB reference exchange rate,"ECB reference exchange rate, Indian rupee/Euro, 2.15 pm (C.E.T.)",INR,0
EXR.D.INR.EUR.SP00.A,D,INR,EUR,SP00,A,2020-03-25,82.699,A,F,,,P1D,,A,,,,,,,99Q1=100,,,4,,4F0,,Indian rupee/Euro ECB reference exchange rate,"ECB reference exchange rate, Indian rupee/Euro, 2.15 pm (C.E.T.)",INR,0
EXR.D.INR.EUR.SP00.A,D,INR,EUR,SP00,A,2020-03-26,82.5345,A,F,,,P1D,,A,,,,,,,99Q1=100,,,4,,4F0,,Indian rupee/Euro ECB reference exchange rate,"ECB reference exchange rate, Indian rupee/Euro, 2.15 pm (C.E.T.)",INR,0
EXR.D.INR.EUR.SP00.A,D,INR,EUR,SP00,A,2020-03-27,82.8695,A,F,,,P1D,,A,,,,,,,99Q1=100,,,4,,4F0,,Indian rupee/Euro ECB reference exchange rate,"ECB reference exchange rate, Indian rupee/Euro, 2.15 pm (C.E.T.)",INR,0
EXR.D.INR.EUR.SP00.A,D,INR,EUR,SP00,A,2020-03-30,83.5,A,F,,,P1D,,A,,,,,,,99Q1=100,,,4,,4F0,,Indian rupee/Euro ECB reference exchange rate,"ECB reference exchange rate, Indian rupee/Euro, 2.15 pm (C.E.T.)",INR,0
EXR.D.INR.EUR.SP00.A,D,INR,EUR,SP00,A,2020-03-31,82.8985,A,F,,,P1D,,A,,,,,,,99Q1=100,,,4,,4F0,,Indian rupee/Euro ECB reference exchange rate,"ECB reference exchange rate, Indian rupee/Euro, 2.15 pm (C.E.T.)",INR,0
EXR.D.INR.EUR.SP00.A,D,INR,EUR,SP00,A,2020-04-01,83.6004,A,F,,,P1D,,A,,,,,,,99Q1=100,,,4,,4F0,,Indian rupee/Euro ECB reference exchange rate,"ECB reference exchange rate, Indian rupee/Euro, 2.15 pm (C.E.T.)",INR,0
EXR.D.INR.EUR.SP00.A,D,INR,EUR,SP00,A,2020-04-02,83.326,A,F,,,P1D,,A,,,,,,,99Q1=100,,,4,,4F0,,Indian rupee/Euro ECB reference exchange rate,"ECB reference exchange rate, Indian rupee/Euro, 2.15 pm (C.E.T.)",INR,0
EXR.D.INR.EUR.SP00.A,D,INR,EUR,SP00,A,2020-04-03,82.216,A,F,,,P1D,,A,,,,,,,99Q1=100,,,4,,4F0,,Indian rupee/Euro ECB reference exchange rate,"ECB reference exchange rate, Indian rupee/Euro, 2.15 pm (C.E.T.)",INR,0
EXR.D.INR.EUR.SP00.A,D,INR,EUR,SP00,A,2020-04-06,82.106,A,F,,,P1D,,A,,,,,,,99Q1=100,,,4,,4F0,,Indian rupee/Euro ECB reference exchange rate,"ECB reference exchange rate, Indian rupee/Euro, 2.15 pm (C.E.T.)",INR,0
EXR.D.INR.EUR.SP00.A,D,INR,EUR,SP00,A,2020-04-07,82.252,A,F,,,P1D,,A,,,,,,,99Q1=100,,,4,,4F0,,Indian rupee/Euro ECB reference exchange rate,"ECB reference exchange rate, Indian rupee/Euro, 2.15 pm (C.E.T.)",INR,0
EXR.D.INR.EUR.SP00.A,D,INR,EUR,SP00,A,2020-04-08,82.873,A,F,,,P1D,,A,,,,,,,99Q1=100,,,4,,4F0,,Indian rupee/Euro ECB reference exchange rate,"ECB reference exchange rate, Indian rupee/Euro, 2.15 pm (C.E.T.)",INR,0
EXR.D.INR.EUR.SP00.A,D,INR,EUR,SP00,A,2020-04-09,82.9275,A,F,,,P1D,,A,,,,,,,99Q1=100,,,4,,4F0,,Indian rupee/Euro ECB reference exchange rate,"ECB reference exchange rate, Indian rupee/Euro, 2.15 pm (C.E.T.)",INR,0
EXR.D.INR.EUR.SP00.A,D,INR,EUR,SP00,A,2020-04-14,83.494,A,F,,,P1D,,A,,,,,,,99Q1=100,,,4,,4F0,,Indian rupee/Euro ECB reference exchange rate,"ECB reference exchange rate, Indian rupee/Euro, 2.15 pm (C.E.T.)",INR,0
EXR.D.INR.EUR.SP00.A,D,INR,EUR,SP00,A,2020-04-15,83.414,A,F,,,P1D,,A,,,,,,,99Q1=100,,,4,,4F0,,Indian rupee/Euro ECB reference exchange rate,"ECB reference exchange rate, Indian rupee/Euro, 2.15 pm (C.E.T.)",INR,0
EXR.D.INR.EUR.SP00.A,D,INR,EUR,SP00,A,2020-04-16,83.705,A,F,,,P1D,,A,,,,,,,99Q1=100,,,4,,4F0,,Indian rupee/Euro ECB reference exchange rate,"ECB reference exchange rate, Indian rupee/Euro, 2.15 pm (C.E.T.)",INR,0
EXR.D.INR.EUR.SP00.A,D,INR,EUR,SP00,A,2020-04-17,83.0565,A,F,,,P1D,,A,,,,,,,99Q1=100,,,4,,4F0,,Indian rupee/Euro ECB reference exchange rate,"ECB reference exchange rate, Indian rupee/Euro, 2.15 pm (C.E.T.)",INR,0
EXR.D.INR.EUR.SP00.A,D,INR,EUR,SP00,A,2020-04-20,83.1435,A,F,,,P1D,,A,,,,,,,99Q1=100,,,4,,4F0,,Indian rupee/Euro ECB reference exchange rate,"ECB reference exchange rate, Indian rupee/Euro, 2.15 pm (C.E.T.)",INR,0
EXR.D.INR.EUR.SP00.A,D,INR,EUR,SP00,A,2020-04-21,83.376,A,F,,,P1D,,A,,,,,,,99Q1=100,,,4,,4F0,,Indian rupee/Euro ECB reference exchange rate,"ECB reference exchange rate, Indian rupee/Euro, 2.15 pm (C.E.T.)",INR,0
EXR.D.INR.EUR.SP00.A,D,INR,EUR,SP00,A,2020-04-22,83.1685,A,F,,,P1D,,A,,,,,,,99Q1=100,,,4,,4F0,,Indian rupee/Euro ECB reference exchange rate,"ECB reference exchange rate, Indian rupee/Euro, 2.15 pm (C.E.T.)",INR,0
EXR.D.INR.EUR.SP00.A,D,INR,EUR,SP00,A,2020-04-23,81.94,A,F,,,P1D,,A,,,,,,,99Q1=100,,,4,,4F0,,Indian rupee/Euro ECB reference exchange rate,"ECB reference exchange rate, Indian rupee/Euro, 2.15 pm (C.E.T.)",INR,0
EXR.D.INR.EUR.SP00.A,D,INR,EUR,SP00,A,2020-04-24,82.366,A,F,,,P1D,,A,,,,,,,99Q1=100,,,4,,4F0,,Indian rupee/Euro ECB reference exchange rate,"ECB reference exchange rate, Indian rupee/Euro, 2.15 pm (C.E.T.)",INR,0
EXR.D.INR.EUR.SP00.A,D,INR,EUR,SP00,A,2020-04-27,82.6195,A,F,,,P1D,,A,,,,,,,99Q1=100,,,4,,4F0,,Indian rupee/Euro ECB reference exchange rate,"ECB reference exchange rate, Indian rupee/Euro, 2.15 pm (C.E.T.)",INR,0
EXR.D.INR.EUR.SP00.A,D,INR,EUR,SP00,A,2020-04-28,82.522,A,F,,,P1D,,A,,,,,,,99Q1=100,,,4,,4F0,,Indian rupee/Euro ECB reference exchange rate,"ECB reference exchange rate, Indian rupee/Euro, 2.15 pm (C.E.T.)",INR,0
EXR.D.INR.EUR.SP00.A,D,INR,EUR,SP00,A,2020-04-29,82.0215,A,F,,,P1D,,A,,,,,,,99Q1=100,,,4,,4F0,,Indian rupee/Euro ECB reference exchange rate,"ECB reference exchange rate, Indian rupee/Euro, 2.15 pm (C.E.T.)",INR,0
EXR.D.INR.EUR.SP00.A,D,INR,EUR,SP00,A,2020-04-30,81.6108,A,F,,,P1D,,A,,,,,,,99Q1=100,,,4,,4F0,,Indian rupee/Euro ECB reference exchange rate,"ECB reference exchange rate, Indian rupee/Euro, 2.15 pm (C.E.T.)",INR,0
EXR.D.INR.EUR.SP00.A,D,INR,EUR,SP00,A,2020-05-04,82.787,A,F,,,P1D,,A,,,,,,,99Q1=100,,,4,,4F0,,Indian rupee/Euro ECB reference exchange rate,"ECB reference exchange rate, Indian rupee/Euro, 2.15 pm (C.E.T.)",INR,0
EXR.D.INR.EUR.SP00.A,D,INR,EUR,SP00,A,2020-05-05,82.1435,A,F,,,P1D,,A,,,,,,,99Q1=100,,,4,,4F0,,Indian rupee/Euro ECB reference exchange rate,"ECB reference exchange rate, Indian rupee/Euro, 2.15 pm (C.E.T.)",INR,0
EXR.D.INR.EUR.SP00.A,D,INR,EUR,SP00,A,2020-05-06,81.9815,A,F,,,P1D,,A,,,,,,,99Q1=100,,,4,,4F0,,Indian rupee/Euro ECB reference exchange rate,"ECB reference exchange rate, Indian rupee/Euro, 2.15 pm (C.E.T.)",INR,0
EXR.D.INR.EUR.SP00.A,D,INR,EUR,SP00,A,2020-05-07,81.7685,A,F,,,P1D,,A,,,,,,,99Q1=100,,,4,,4F0,,Indian rupee/Euro ECB reference exchange rate,"ECB reference exchange rate, Indian rupee/Euro, 2.15 pm (C.E.T.)",INR,0
EXR.D.INR.EUR.SP00.A,D,INR,EUR,SP00,A,2020-05-08,81.9615,A,F,,,P1D,,A,,,,,,,99Q1=100,,,4,,4F0,,Indian rupee/Euro ECB reference exchange rate,"ECB reference exchange rate, Indian rupee/Euro, 2.15 pm (C.E.T.)",INR,0
EXR.D.INR.EUR.SP00.A,D,INR,EUR,SP00,A,2020-05-11,82.096,A,F,,,P1D,,A,,,,,,,99Q1=100,,,4,,4F0,,Indian rupee/Euro ECB reference exchange rate,"ECB reference exchange rate, Indian rupee/Euro, 2.15 pm (C.E.T.)",INR,0
EXR.D.INR.EUR.SP00.A,D,INR,EUR,SP00,A,2020-05-12,81.593,A,F,,,P1D,,A,,,,,,,99Q1=100,,,4,,4F0,,Indian rupee/Euro ECB reference exchange rate,"ECB reference exchange rate, Indian rupee/Euro, 2.15 pm (C.E.T.)",INR,0
EXR.D.INR.EUR.SP00.A,D,INR,EUR,SP00,A,2020-05-13,81.8825,A,F,,,P1D,,A,,,,,,,99Q1=100,,,4,,4F0,,Indian rupee/Euro ECB reference exchange rate,"ECB reference exchange rate, Indian rupee/Euro, 2.15 pm (C.E.T.)",INR,0
EXR.D.INR.EUR.SP00.A,D,INR,EUR,SP00,A,2020-05-14,81.592,A,F,,,P1D,,A,,,,,,,99Q1=100,,,4,,4F0,,Indian rupee/Euro ECB reference exchange rate,"ECB reference exchange rate, Indian rupee/Euro, 2.15 pm (C.E.T.)",INR,0
EXR.D.INR.EUR.SP00.A,D,INR,EUR,SP00,A,2020-05-15,81.9885,A,F,,,P1D,,A,,,,,,,99Q1=100,,,4,,4F0,,Indian rupee/Euro ECB reference exchange rate,"ECB reference exchange rate, Indian rupee/Euro, 2.15 pm (C.E.T.)",INR,0
EXR.D.INR.EUR.SP00.A,D,INR,EUR,SP00,A,2020-05-18,82.1435,A,F,,,P1D,,A,,,,,,,99Q1=100,,,4,,4F0,,Indian rupee/Euro ECB reference exchange rate,"ECB reference exchange rate, Indian rupee/Euro, 2.15 pm (C.E.T.)",INR,0
EXR.D.INR.EUR.SP00.A,D,INR,EUR,SP00,A,2020-05-19,82.8535,A,F,,,P1D,,A,,,,,,,99Q1=100,,,4,,4F0,,Indian rupee/Euro ECB reference exchange rate,"ECB reference exchange rate, Indian rupee/Euro, 2.15 pm (C.E.T.)",INR,0
EXR.D.INR.EUR.SP00.A,D,INR,EUR,SP00,A,2020-05-20,82.8635,A,F,,,P1D,,A,,,,,,,99Q1=100,,,4,,4F0,,Indian rupee/Euro ECB reference exchange rate,"ECB reference exchange rate, Indian rupee/Euro, 2.15 pm (C.E.T.)",INR,0
EXR.D.INR.EUR.SP00.A,D,INR,EUR,SP00,A,2020-05-21,83.0545,A,F,,,P1D,,A,,,,,,,99Q1=100,,,4,,4F0,,Indian rupee/Euro ECB reference exchange rate,"ECB reference exchange rate, Indian rupee/Euro, 2.15 pm (C.E.T.)",INR,0
EXR.D.INR.EUR.SP00.A,D,INR,EUR,SP00,A,2020-05-22,82.7265,A,F,,,P1D,,A,,,,,,,99Q1=100,,,4,,4F0,,Indian rupee/Euro ECB reference exchange rate,"ECB reference exchange rate, Indian rupee/Euro, 2.15 pm (C.E.T.)",INR,0
EXR.D.INR.EUR.SP00.A,D,INR,EUR,SP00,A,2020-05-25,82.7925,A,F,,,P1D,,A,,,,,,,99Q1=100,,,4,,4F0,,Indian rupee/Euro ECB reference exchange rate,"ECB reference exchange rate, Indian rupee/Euro, 2.15 pm (C.E.T.)",INR,0
EXR.D.INR.EUR.SP00.A,D,INR,EUR,SP00,A,2020-05-26,82.927,A,F,,,P1D,,A,,,,,,,99Q1=100,,,4,,4F0,,Indian rupee/Euro ECB reference exchange rate,"ECB reference exchange rate, Indian rupee/Euro, 2.15 pm (C.E.T.)",INR,0
EXR.D.INR.EUR.SP00.A,D,INR,EUR,SP00,A,2020-05-27,83.245,A,F,,,P1D,,A,,,,,,,99Q1=100,,,4,,4F0,,Indian rupee/Euro ECB reference exchange rate,"ECB reference exchange rate, Indian rupee/Euro, 2.15 pm (C.E.T.)",INR,0
EXR.D.INR.EUR.SP00.A,D,INR,EUR,SP00,A,2020-05-28,83.4635,A,F,,,P1D,,A,,,,,,,99Q1=100,,,4,,4F0,,Indian rupee/Euro ECB reference exchange rate,"ECB reference exchange rate, Indian rupee/Euro, 2.15 pm (C.E.T.)",INR,0
EXR.D.INR.EUR.SP00.A,D,INR,EUR,SP00,A,2020-05-29,84.1025,A,F,,,P1D,,A,,,,,,,99Q1=100,,,4,,4F0,,Indian rupee/Euro ECB reference exchange rate,"ECB reference exchange rate, Indian rupee/Euro, 2.15 pm (C.E.T.)",INR,0
EXR.D.INR.EUR.SP00.A,D,INR,EUR,SP00,A,2020-06-01,83.938,A,F,,,P1D,,A,,,,,,,99Q1=100,,,4,,4F0,,Indian rupee/Euro ECB reference exchange rate,"ECB reference exchange rate, Indian rupee/Euro, 2.15 pm (C.E.T.)",INR,0
EXR.D.INR.EUR.SP00.A,D,INR,EUR,SP00,A,2020-06-02,84.039,A,F,,,P1D,,A,,,,,,,99Q1=100,,,4,,4F0,,Indian rupee/Euro ECB reference exchange rate,"ECB reference exchange rate, Indian rupee/Euro, 2.15 pm (C.E.T.)",INR,0
EXR.D.INR.EUR.SP00.A,D,INR,EUR,SP00,A,2020-06-03,84.5055,A,F,,,P1D,,A,,,,,,,99Q1=100,,,4,,4F0,,Indian rupee/Euro ECB reference exchange rate,"ECB reference exchange rate, Indian rupee/Euro, 2.15 pm (C.E.T.)",INR,0
EXR.D.INR.EUR.SP00.A,D,INR,EUR,SP00,A,2020-06-04,84.932,A,F,,,P1D,,A,,,,,,,99Q1=100,,,4,,4F0,,Indian rupee/Euro ECB reference exchange rate,"ECB reference exchange rate, Indian rupee/Euro, 2.15 pm (C.E.T.)",INR,0
EXR.D.INR.EUR.SP00.A,D,INR,EUR,SP00,A,2020-06-05,85.63,A,F,,,P1D,,A,,,,,,,99Q1=100,,,4,,4F0,,Indian rupee/Euro ECB reference exchange rate,"ECB reference exchange rate, Indian rupee/Euro, 2.15 pm (C.E.T.)",INR,0
EXR.D.INR.EUR.SP00.A,D,INR,EUR,SP00,A,2020-06-08,85.241,A,F,,,P1D,,A,,,,,,,99Q1=100,,,4,,4F0,,Indian rupee/Euro ECB reference exchange rate,"ECB reference exchange rate, Indian rupee/Euro, 2.15 pm (C.E.T.)",INR,0
EXR.D.INR.EUR.SP00.A,D,INR,EUR,SP00,A,2020-06-09,85.3085,A,F,,,P1D,,A,,,,,,,99Q1=100,,,4,,4F0,,Indian rupee/Euro ECB reference exchange rate,"ECB reference exchange rate, Indian rupee/Euro, 2.15 pm (C.E.T.)",INR,0
EXR.D.INR.EUR.SP00.A,D,INR,EUR,SP00,A,2020-06-10,85.903,A,F,,,P1D,,A,,,,,,,99Q1=100,,,4,,4F0,,Indian rupee/Euro ECB reference exchange rate,"ECB reference exchange rate, Indian rupee/Euro, 2.15 pm (C.E.T.)",INR,0
EXR.D.INR.EUR.SP00.A,D,INR,EUR,SP00,A,2020-06-11,86.057,A,F,,,P1D,,A,,,,,,,99Q1=100,,,4,,4F0,,Indian rupee/Euro ECB reference exchange rate,"ECB reference exchange rate, Indian rupee/Euro, 2.15 pm (C.E.T.)",INR,0
EXR.D.INR.EUR.SP00.A,D,INR,EUR,SP00,A,2020-06-12,85.7875,A,F,,,P1D,,A,,,,,,,99Q1=100,,,4,,4F0,,Indian rupee/Euro ECB reference exchange rate,"ECB reference exchange rate, Indian rupee/Euro, 2.15 pm (C.E.T.)",INR,0
EXR.D.INR.EUR.SP00.A,D,INR,EUR,SP00,A,2020-06-15,85.5275,A,F,,,P1D,,A,,,,,,,99Q1=100,,,4,,4F0,,Indian rupee/Euro ECB reference exchange rate,"ECB reference exchange rate, Indian rupee/Euro, 2.15 pm (C.E.T.)",INR,0
EXR.D.INR.EUR.SP00.A,D,INR,EUR,SP00,A,2020-06-16,86.048,A,F,,,P1D,,A,,,,,,,99Q1=100,,,4,,4F0,,Indian rupee/Euro ECB reference exchange rate,"ECB reference exchange rate, Indian rupee/Euro, 2.15 pm (C.E.T.)",INR,0
EXR.D.INR.EUR.SP00.A,D,INR,EUR,SP00,A,2020-06-17,85.5505,A,F,,,P1D,,A,,,,,,,99Q1=100,,,4,,4F0,,Indian rupee/Euro ECB reference exchange rate,"ECB reference exchange rate, Indian rupee/Euro, 2.15 pm (C.E.T.)",INR,0
EXR.D.INR.EUR.SP00.A,D,INR,EUR,SP00,A,2020-06-18,85.673,A,F,,,P1D,,A,,,,,,,99Q1=100,,,4,,4F0,,Indian rupee/Euro ECB reference exchange rate,"ECB reference exchange rate, Indian rupee/Euro, 2.15 pm (C.E.T.)",INR,0
EXR.D.INR.EUR.SP00.A,D,INR,EUR,SP00,A,2020-06-19,85.352,A,F,,,P1D,,A,,,,,,,99Q1=100,,,4,,4F0,,Indian rupee/Euro ECB reference exchange rate,"ECB reference exchange rate, Indian rupee/Euro, 2.15 pm (C.E.T.)",INR,0
EXR.D.INR.EUR.SP00.A,D,INR,EUR,SP00,A,2020-06-22,85.2585,A,F,,,P1D,,A,,,,,,,99Q1=100,,,4,,4F0,,Indian rupee/Euro ECB reference exchange rate,"ECB reference exchange rate, Indian rupee/Euro, 2.15 pm (C.E.T.)",INR,0
EXR.D.INR.EUR.SP00.A,D,INR,EUR,SP00,A,2020-06-23,85.438,A,F,,,P1D,,A,,,,,,,99Q1=100,,,4,,4F0,,Indian rupee/Euro ECB reference exchange rate,"ECB reference exchange rate, Indian rupee/Euro, 2.15 pm (C.E.T.)",INR,0
EXR.D.INR.EUR.SP00.A,D,INR,EUR,SP00,A,2020-06-24,85.3285,A,F,,,P1D,,A,,,,,,,99Q1=100,,,4,,4F0,,Indian rupee/Euro ECB reference exchange rate,"ECB reference exchange rate, Indian rupee/Euro, 2.15 pm (C.E.T.)",INR,0
EXR.D.INR.EUR.SP00.A,D,INR,EUR,SP00,A,2020-06-25,84.712,A,F,,,P1D,,A,,,,,,,99Q1=100,,,4,,4F0,,Indian rupee/Euro ECB reference exchange rate,"ECB reference exchange rate, Indian rupee/Euro, 2.15 pm (C.E.T.)",INR,0
EXR.D.INR.EUR.SP00.A,D,INR,EUR,SP00,A,2020-06-26,84.8215,A,F,,,P1D,,A,,,,,,,99Q1=100,,,4,,4F0,,Indian rupee/Euro ECB reference exchange rate,"ECB reference exchange rate, Indian rupee/Euro, 2.15 pm (C.E.T.)",INR,0
EXR.D.INR.EUR.SP00.A,D,INR,EUR,SP00,A,2020-06-29,85.192,A,F,,,P1D,,A,,,,,,,99Q1=100,,,4,,4F0,,Indian rupee/Euro ECB reference exchange rate,"ECB reference exchange rate, Indian rupee/Euro, 2.15 pm (C.E.T.)",INR,0
EXR.D.INR.EUR.SP00.A,D,INR,EUR,SP00,A,2020-06-30,84.6235,A,F,,,P1D,,A,,,,,,,99Q1=100,,,4,,4F0,,Indian rupee/Euro ECB reference exchange rate,"ECB reference exchange rate, Indian rupee/Euro, 2.15 pm (C.E.T.)",INR,0
EXR.D.INR.EUR.SP00.A,D,INR,EUR,SP00,A,2020-07-01,84.622,A,F,,,P1D,,A,,,,,,,99Q1=100,,,4,,4F0,,Indian rupee/Euro ECB reference exchange rate,"ECB reference exchange rate, Indian rupee/Euro, 2.15 pm (C.E.T.)",INR,0
EXR.D.INR.EUR.SP00.A,D,INR,EUR,SP00,A,2020-07-02,84.354,A,F,,,P1D,,A,,,,,,,99Q1=100,,,4,,4F0,,Indian rupee/Euro ECB reference exchange rate,"ECB reference exchange rate, Indian rupee/Euro, 2.15 pm (C.E.T.)",INR,0
EXR.D.INR.EUR.SP00.A,D,INR,EUR,SP00,A,2020-07-03,83.821,A,F,,,P1D,,A,,,,,,,99Q1=100,,,4,,4F0,,Indian rupee/Euro ECB reference exchange rate,"ECB reference exchange rate, Indian rupee/Euro, 2.15 pm (C.E.T.)",INR,0
EXR.D.INR.EUR.SP00.A,D,INR,EUR,SP00,A,2020-07-06,84.4535,A,F,,,P1D,,A,,,,,,,99Q1=100,,,4,,4F0,,Indian rupee/Euro ECB reference exchange rate,"ECB reference exchange rate, Indian rupee/Euro, 2.15 pm (C.E.T.)",INR,0
EXR.D.INR.EUR.SP00.A,D,INR,EUR,SP00,A,2020-07-07,84.4645,A,F,,,P1D,,A,,,,,,,99Q1=100,,,4,,4F0,,Indian rupee/Euro ECB reference exchange rate,"ECB reference exchange rate, Indian rupee/Euro, 2.15 pm (C.E.T.)",INR,0
EXR.D.INR.EUR.SP00.A,D,INR,EUR,SP00,A,2020-07-08,84.6455,A,F,,,P1D,,A,,,,,,,99Q1=100,,,4,,4F0,,Indian rupee/Euro ECB reference exchange rate,"ECB reference exchange rate, Indian rupee/Euro, 2.15 pm (C.E.T.)",INR,0
EXR.D.INR.EUR.SP00.A,D,INR,EUR,SP00,A,2020-07-09,85.0455,A,F,,,P1D,,A,,,,,,,99Q1=100,,,4,,4F0,,Indian rupee/Euro ECB reference exchange rate,"ECB reference exchange rate, Indian rupee/Euro, 2.15 pm (C.E.T.)",INR,0
EXR.D.INR.EUR.SP00.A,D,INR,EUR,SP00,A,2020-07-10,84.841,A,F,,,P1D,,A,,,,,,,99Q1=100,,,4,,4F0,,Indian rupee/Euro ECB reference exchange rate,"ECB reference exchange rate, Indian rupee/Euro, 2.15 pm (C.E.T.)",INR,0
EXR.D.INR.EUR.SP00.A,D,INR,EUR,SP00,A,2020-07-13,85.216,A,F,,,P1D,,A,,,,,,,99Q1=100,,,4,,4F0,,Indian rupee/Euro ECB reference exchange rate,"ECB reference exchange rate, Indian rupee/Euro, 2.15 pm (C.E.T.)",INR,0
EXR.D.INR.EUR.SP00.A,D,INR,EUR,SP00,A,2020-07-14,85.7725,A,F,,,P1D,,A,,,,,,,99Q1=100,,,4,,4F0,,Indian rupee/Euro ECB reference exchange rate,"ECB reference exchange rate, Indian rupee/Euro, 2.15 pm (C.E.T.)",INR,0
EXR.D.INR.EUR.SP00.A,D,INR,EUR,SP00,A,2020-07-15,85.971,A,F,,,P1D,,A,,,,,,,99Q1=100,,,4,,4F0,,Indian rupee/Euro ECB reference exchange rate,"ECB reference exchange rate, Indian rupee/Euro, 2.15 pm (C.E.T.)",INR,0
EXR.D.INR.EUR.SP00.A,D,INR,EUR,SP00,A,2020-07-16,85.8555,A,F,,,P1D,,A,,,,,,,99Q1=100,,,4,,4F0,,Indian rupee/Euro ECB reference exchange rate,"ECB reference exchange rate, Indian rupee/Euro, 2.15 pm (C.E.T.)",INR,0
EXR.D.INR.EUR.SP00.A,D,INR,EUR,SP00,A,2020-07-17,85.67,A,F,,,P1D,,A,,,,,,,99Q1=100,,,4,,4F0,,Indian rupee/Euro ECB reference exchange rate,"ECB reference exchange rate, Indian rupee/Euro, 2.15 pm (C.E.T.)",INR,0
EXR.D.INR.EUR.SP00.A,D,INR,EUR,SP00,A,2020-07-20,85.6355,A,F,,,P1D,,A,,,,,,,99Q1=100,,,4,,4F0,,Indian rupee/Euro ECB reference exchange rate,"ECB reference exchange rate, Indian rupee/Euro, 2.15 pm (C.E.T.)",INR,0
EXR.D.INR.EUR.SP00.A,D,INR,EUR,SP00,A,2020-07-21,85.3805,A,F,,,P1D,,A,,,,,,,99Q1=100,,,4,,4F0,,Indian rupee/Euro ECB reference exchange rate,"ECB reference exchange rate, Indian rupee/Euro, 2.15 pm (C.E.T.)",INR,0
EXR.D.INR.EUR.SP00.A,D,INR,EUR,SP00,A,2020-07-22,86.288,A,F,,,P1D,,A,,,,,,,99Q1=100,,,4,,4F0,,Indian rupee/Euro ECB reference exchange rate,"ECB reference exchange rate, Indian rupee/Euro, 2.15 pm (C.E.T.)",INR,0
EXR.D.INR.EUR.SP00.A,D,INR,EUR,SP00,A,2020-07-23,86.577,A,F,,,P1D,,A,,,,,,,99Q1=100,,,4,,4F0,,Indian rupee/Euro ECB reference exchange rate,"ECB reference exchange rate, Indian rupee/Euro, 2.15 pm (C.E.T.)",INR,0
EXR.D.INR.EUR.SP00.A,D,INR,EUR,SP00,A,2020-07-24,86.866,A,F,,,P1D,,A,,,,,,,99Q1=100,,,4,,4F0,,Indian rupee/Euro ECB reference exchange rate,"ECB reference exchange rate, Indian rupee/Euro, 2.15 pm (C.E.T.)",INR,0
EXR.D.INR.EUR.SP00.A,D,INR,EUR,SP00,A,2020-07-27,87.885,A,F,,,P1D,,A,,,,,,,99Q1=100,,,4,,4F0,,Indian rupee/Euro ECB reference exchange rate,"ECB reference exchange rate, Indian rupee/Euro, 2.15 pm (C.E.T.)",INR,0
EXR.D.INR.EUR.SP00.A,D,INR,EUR,SP00,A,2020-07-28,87.714,A,F,,,P1D,,A,,,,,,,99Q1=100,,,4,,4F0,,Indian rupee/Euro ECB reference exchange rate,"ECB reference exchange rate, Indian rupee/Euro, 2.15 pm (C.E.T.)",INR,0
EXR.D.INR.EUR.SP00.A,D,INR,EUR,SP00,A,2020-07-29,87.694,A,F,,,P1D,,A,,,,,,,99Q1=100,,,4,,4F0,,Indian rupee/Euro ECB reference exchange rate,"ECB reference exchange rate, Indian rupee/Euro, 2.15 pm (C.E.T.)",INR,0
EXR.D.INR.EUR.SP00.A,D,INR,EUR,SP00,A,2020-07-30,87.94,A,F,,,P1D,,A,,,,,,,99Q1=100,,,4,,4F0,,Indian rupee/Euro ECB reference exchange rate,"ECB reference exchange rate, Indian rupee/Euro, 2.15 pm (C.E.T.)",INR,0
EXR.D.INR.EUR.SP00.A,D,INR,EUR,SP00,A,2020-07-31,88.6355,A,F,,,P1D,,A,,,,,,,99Q1=100,,,4,,4F0,,Indian rupee/Euro ECB reference exchange rate,"ECB reference exchange rate, Indian rupee/Euro, 2.15 pm (C.E.T.)",INR,0
EXR.D.INR.EUR.SP00.A,D,INR,EUR,SP00,A,2020-08-03,88.1805,A,F,,,P1D,,A,,,,,,,99Q1=100,,,4,,4F0,,Indian rupee/Euro ECB reference exchange rate,"ECB reference exchange rate, Indian rupee/Euro, 2.15 pm (C.E.T.)",INR,0
EXR.D.INR.EUR.SP00.A,D,INR,EUR,SP00,A,2020-08-04,88.3805,A,F,,,P1D,,A,,,,,,,99Q1=100,,,4,,4F0,,Indian rupee/Euro ECB reference exchange rate,"ECB reference exchange rate, Indian rupee/Euro, 2.15 pm (C.E.T.)",INR,0
EXR.D.INR.EUR.SP00.A,D,INR,EUR,SP00,A,2020-08-05,88.709,A,F,,,P1D,,A,,,,,,,99Q1=100,,,4,,4F0,,Indian rupee/Euro ECB reference exchange rate,"ECB reference exchange rate, Indian rupee/Euro, 2.15 pm (C.E.T.)",INR,0
EXR.D.INR.EUR.SP00.A,D,INR,EUR,SP00,A,2020-08-06,88.765,A,F,,,P1D,,A,,,,,,,99Q1=100,,,4,,4F0,,Indian rupee/Euro ECB reference exchange rate,"ECB reference exchange rate, Indian rupee/Euro, 2.15 pm (C.E.T.)",INR,0
EXR.D.INR.EUR.SP00.A,D,INR,EUR,SP00,A,2020-08-07,88.633,A,F,,,P1D,,A,,,,,,,99Q1=100,,,4,,4F0,,Indian rupee/Euro ECB reference exchange rate,"ECB reference exchange rate, Indian rupee/Euro, 2.15 pm (C.E.T.)",INR,0
EXR.D.INR.EUR.SP00.A,D,INR,EUR,SP00,A,2020-08-10,88.1125,A,F,,,P1D,,A,,,,,,,99Q1=100,,,4,,4F0,,Indian rupee/Euro ECB reference exchange rate,"ECB reference exchange rate, Indian rupee/Euro, 2.15 pm (C.E.T.)",INR,0
EXR.D.INR.EUR.SP00.A,D,INR,EUR,SP00,A,2020-08-11,87.862,A,F,,,P1D,,A,,,,,,,99Q1=100,,,4,,4F0,,Indian rupee/Euro ECB reference exchange rate,"ECB reference exchange rate, Indian rupee/Euro, 2.15 pm (C.E.T.)",INR,0
EXR.D.INR.EUR.SP00.A,D,INR,EUR,SP00,A,2020-08-12,88.051,A,F,,,P1D,,A,,,,,,,99Q1=100,,,4,,4F0,,Indian rupee/Euro ECB reference exchange rate,"ECB reference exchange rate, Indian rupee/Euro, 2.15 pm (C.E.T.)",INR,0
EXR.D.INR.EUR.SP00.A,D,INR,EUR,SP00,A,2020-08-13,88.564,A,F,,,P1D,,A,,,,,,,99Q1=100,,,4,,4F0,,Indian rupee/Euro ECB reference exchange rate,"ECB reference exchange rate, Indian rupee/Euro, 2.15 pm (C.E.T.)",INR,0
EXR.D.INR.EUR.SP00.A,D,INR,EUR,SP00,A,2020-08-14,88.468,A,F,,,P1D,,A,,,,,,,99Q1=100,,,4,,4F0,,Indian rupee/Euro ECB reference exchange rate,"ECB reference exchange rate, Indian rupee/Euro, 2.15 pm (C.E.T.)",INR,0
EXR.D.INR.EUR.SP00.A,D,INR,EUR,SP00,A,2020-08-17,88.6895,A,F,,,P1D,,A,,,,,,,99Q1=100,,,4,,4F0,,Indian rupee/Euro ECB reference exchange rate,"ECB reference exchange rate, Indian rupee/Euro, 2.15 pm (C.E.T.)",INR,0
EXR.D.INR.EUR.SP00.A,D,INR,EUR,SP00,A,2020-08-18,88.879,A,F,,,P1D,,A,,,,,,,99Q1=100,,,4,,4F0,,Indian rupee/Euro ECB reference exchange rate,"ECB reference exchange rate, Indian rupee/Euro, 2.15 pm (C.E.T.)",INR,0
EXR.D.INR.EUR.SP00.A,D,INR,EUR,SP00,A,2020-08-19,89.316,A,F,,,P1D,,A,,,,,,,99Q1=100,,,4,,4F0,,Indian rupee/Euro ECB reference exchange rate,"ECB reference exchange rate, Indian rupee/Euro, 2.15 pm (C.E.T.)",INR,0
EXR.D.INR.EUR.SP00.A,D,INR,EUR,SP00,A,2020-08-20,88.992,A,F,,,P1D,,A,,,,,,,99Q1=100,,,4,,4F0,,Indian rupee/Euro ECB reference exchange rate,"ECB reference exchange rate, Indian rupee/Euro, 2.15 pm (C.E.T.)",INR,0
EXR.D.INR.EUR.SP00.A,D,INR,EUR,SP00,A,2020-08-21,88.198,A,F,,,P1D,,A,,,,,,,99Q1=100,,,4,,4F0,,Indian rupee/Euro ECB reference exchange rate,"ECB reference exchange rate, Indian rupee/Euro, 2.15 pm (C.E.T.)",INR,0
EXR.D.INR.EUR.SP00.A,D,INR,EUR,SP00,A,2020-08-24,87.772,A,F,,,P1D,,A,,,,,,,99Q1=100,,,4,,4F0,,Indian rupee/Euro ECB reference exchange rate,"ECB reference exchange rate, Indian rupee/Euro, 2.15 pm (C.E.T.)",INR,0
EXR.D.INR.EUR.SP00.A,D,INR,EUR,SP00,A,2020-08-25,87.7165,A,F,,,P1D,,A,,,,,,,99Q1=100,,,4,,4F0,,Indian rupee/Euro ECB reference exchange rate,"ECB reference exchange rate, Indian rupee/Euro, 2.15 pm (C.E.T.)",INR,0
EXR.D.INR.EUR.SP00.A,D,INR,EUR,SP00,A,2020-08-26,87.613,A,F,,,P1D,,A,,,,,,,99Q1=100,,,4,,4F0,,Indian rupee/Euro ECB reference exchange rate,"ECB reference exchange rate, Indian rupee/Euro, 2.15 pm (C.E.T.)",INR,0
EXR.D.INR.EUR.SP00.A,D,INR,EUR,SP00,A,2020-08-27,87.2655,A,F,,,P1D,,A,,,,,,,99Q1=100,,,4,,4F0,,Indian rupee/Euro ECB reference exchange rate,"ECB reference exchange rate, Indian rupee/Euro, 2.15 pm (C.E.T.)",INR,0
EXR.D.INR.EUR.SP00.A,D,INR,EUR,SP00,A,2020-08-28,87.2125,A,F,,,P1D,,A,,,,,,,99Q1=100,,,4,,4F0,,Indian rupee/Euro ECB reference exchange rate,"ECB reference exchange rate, Indian rupee/Euro, 2.15 pm (C.E.T.)",INR,0
EXR.D.INR.EUR.SP00.A,D,INR,EUR,SP00,A,2020-08-31,87.4685,A,F,,,P1D,,A,,,,,,,99Q1=100,,,4,,4F0,,Indian rupee/Euro ECB reference exchange rate,"ECB reference exchange rate, Indian rupee/Euro, 2.15 pm (C.E.T.)",INR,0
EXR.D.INR.EUR.SP00.A,D,INR,EUR,SP00,A,2020-09-01,87.4085,A,F,,,P1D,,A,,,,,,,99Q1=100,,,4,,4F0,,Indian rupee/Euro ECB reference exchange rate,"ECB reference exchange rate, Indian rupee/Euro, 2.15 pm (C.E.T.)",INR,0
EXR.D.INR.EUR.SP00.A,D,INR,EUR,SP00,A,2020-09-02,86.8225,A,F,,,P1D,,A,,,,,,,99Q1=100,,,4,,4F0,,Indian rupee/Euro ECB reference exchange rate,"ECB reference exchange rate, Indian rupee/Euro, 2.15 pm (C.E.T.)",INR,0
EXR.D.INR.EUR.SP00.A,D,INR,EUR,SP00,A,2020-09-03,86.8615,A,F,,,P1D,,A,,,,,,,99Q1=100,,,4,,4F0,,Indian rupee/Euro ECB reference exchange rate,"ECB reference exchange rate, Indian rupee/Euro, 2.15 pm (C.E.T.)",INR,0
EXR.D.INR.EUR.SP00.A,D,INR,EUR,SP00,A,2020-09-04,86.678,A,F,,,P1D,,A,,,,,,,99Q1=100,,,4,,4F0,,Indian rupee/Euro ECB reference exchange rate,"ECB reference exchange rate, Indian rupee/Euro, 2.15 pm (C.E.T.)",INR,0
EXR.D.INR.EUR.SP00.A,D,INR,EUR,SP00,A,2020-09-07,86.8485,A,F,,,P1D,,A,,,,,,,99Q1=100,,,4,,4F0,,Indian rupee/Euro ECB reference exchange rate,"ECB reference exchange rate, Indian rupee/Euro, 2.15 pm (C.E.T.)",INR,0
EXR.D.INR.EUR.SP00.A,D,INR,EUR,SP00,A,2020-09-08,87.106,A,F,,,P1D,,A,,,,,,,99Q1=100,,,4,,4F0,,Indian rupee/Euro ECB reference exchange rate,"ECB reference exchange rate, Indian rupee/Euro, 2.15 pm (C.E.T.)",INR,0
EXR.D.INR.EUR.SP00.A,D,INR,EUR,SP00,A,2020-09-09,86.6065,A,F,,,P1D,,A,,,,,,,99Q1=100,,,4,,4F0,,Indian rupee/Euro ECB reference exchange rate,"ECB reference exchange rate, Indian rupee/Euro, 2.15 pm (C.E.T.)",INR,0
EXR.D.INR.EUR.SP00.A,D,INR,EUR,SP00,A,2020-09-10,87.034,A,F,,,P1D,,A,,,,,,,99Q1=100,,,4,,4F0,,Indian rupee/Euro ECB reference exchange rate,"ECB reference exchange rate, Indian rupee/Euro, 2.15 pm (C.E.T.)",INR,0
EXR.D.INR.EUR.SP00.A,D,INR,EUR,SP00,A,2020-09-11,87.2431,A,F,,,P1D,,A,,,,,,,99Q1=100,,,4,,4F0,,Indian rupee/Euro ECB reference exchange rate,"ECB reference exchange rate, Indian rupee/Euro, 2.15 pm (C.E.T.)",INR,0
EXR.D.INR.EUR.SP00.A,D,INR,EUR,SP00,A,2020-09-14,87.3415,A,F,,,P1D,,A,,,,,,,99Q1=100,,,4,,4F0,,Indian rupee/Euro ECB reference exchange rate,"ECB reference exchange rate, Indian rupee/Euro, 2.15 pm (C.E.T.)",INR,0
EXR.D.INR.EUR.SP00.A,D,INR,EUR,SP00,A,2020-09-15,87.5205,A,F,,,P1D,,A,,,,,,,99Q1=100,,,4,,4F0,,Indian rupee/Euro ECB reference exchange rate,"ECB reference exchange rate, Indian rupee/Euro, 2.15 pm (C.E.T.)",INR,0
EXR.D.INR.EUR.SP00.A,D,INR,EUR,SP00,A,2020-09-16,87.2665,A,F,,,P1D,,A,,,,,,,99Q1=100,,,4,,4F0,,Indian rupee/Euro ECB reference exchange rate,"ECB reference exchange rate, Indian rupee/Euro, 2.15 pm (C.E.T.)",INR,0
EXR.D.INR.EUR.SP00.A,D,INR,EUR,SP00,A,2020-09-17,86.861,A,F,,,P1D,,A,,,,,,,99Q1=100,,,4,,4F0,,Indian rupee/Euro ECB reference exchange rate,"ECB reference exchange rate, Indian rupee/Euro, 2.15 pm (C.E.T.)",INR,0
EXR.D.INR.EUR.SP00.A,D,INR,EUR,SP00,A,2020-09-18,87.014,A,F,,,P1D,,A,,,,,,,99Q1=100,,,4,,4F0,,Indian rupee/Euro ECB reference exchange rate,"ECB reference exchange rate, Indian rupee/Euro, 2.15 pm (C.E.T.)",INR,0
EXR.D.INR.EUR.SP00.A,D,INR,EUR,SP00,A,2020-09-21,86.695,A,F,,,P1D,,A,,,,,,,99Q1=100,,,4,,4F0,,Indian rupee/Euro ECB reference exchange rate,"ECB reference exchange rate, Indian rupee/Euro, 2.15 pm (C.E.T.)",INR,0
EXR.D.INR.EUR.SP00.A,D,INR,EUR,SP00,A,2020-09-22,86.262,A,F,,,P1D,,A,,,,,,,99Q1=100,,,4,,4F0,,Indian rupee/Euro ECB reference exchange rate,"ECB reference exchange rate, Indian rupee/Euro, 2.15 pm (C.E.T.)",INR,0
EXR.D.INR.EUR.SP00.A,D,INR,EUR,SP00,A,2020-09-23,85.9845,A,F,,,P1D,,A,,,,,,,99Q1=100,,,4,,4F0,,Indian rupee/Euro ECB reference exchange rate,"ECB reference exchange rate, Indian rupee/Euro, 2.15 pm (C.E.T.)",INR,0
EXR.D.INR.EUR.SP00.A,D,INR,EUR,SP00,A,2020-09-24,86.1145,A,F,,,P1D,,A,,,,,,,99Q1=100,,,4,,4F0,,Indian rupee/Euro ECB reference exchange rate,"ECB reference exchange rate, Indian rupee/Euro, 2.15 pm (C.E.T.)",INR,0
EXR.D.INR.EUR.SP00.A,D,INR,EUR,SP00,A,2020-09-25,85.7175,A,F,,,P1D,,A,,,,,,,99Q1=100,,,4,,4F0,,Indian rupee/Euro ECB reference exchange rate,"ECB reference exchange rate, Indian rupee/Euro, 2.15 pm (C.E.T.)",INR,0
EXR.D.INR.EUR.SP00.A,D,INR,EUR,SP00,A,2020-09-28,86.0255,A,F,,,P1D,,A,,,,,,,99Q1=100,,,4,,4F0,,Indian rupee/Euro ECB reference exchange rate,"ECB reference exchange rate, Indian rupee/Euro, 2.15 pm (C.E.T.)",INR,0
EXR.D.INR.EUR.SP00.A,D,INR,EUR,SP00,A,2020-09-29,86.275,A,F,,,P1D,,A,,,,,,,99Q1=100,,,4,,4F0,,Indian rupee/Euro ECB reference exchange rate,"ECB reference exchange rate, Indian rupee/Euro, 2.15 pm (C.E.T.)",INR,0
EXR.D.INR.EUR.SP00.A,D,INR,EUR,SP00,A,2020-09-30,86.299,A,F,,,P1D,,A,,,,,,,99Q1=100,,,4,,4F0,,Indian rupee/Euro ECB reference exchange rate,"ECB reference exchange rate, Indian rupee/Euro, 2.15 pm (C.E.T.)",INR,0
EXR.D.INR.EUR.SP00.A,D,INR,EUR,SP00,A,2020-10-01,85.8275,A,F,,,P1D,,A,,,,,,,99Q1=100,,,4,,4F0,,Indian rupee/Euro ECB reference exchange rate,"ECB reference exchange rate, Indian rupee/Euro, 2.15 pm (C.E.T.)",INR,0
EXR.D.INR.EUR.SP00.A,D,INR,EUR,SP00,A,2020-10-02,86.0375,A,F,,,P1D,,A,,,,,,,99Q1=100,,,4,,4F0,,Indian rupee/Euro ECB reference exchange rate,"ECB reference exchange rate, Indian rupee/Euro, 2.15 pm (C.E.T.)",INR,0
EXR.D.INR.EUR.SP00.A,D,INR,EUR,SP00,A,2020-10-05,86.087,A,F,,,P1D,,A,,,,,,,99Q1=100,,,4,,4F0,,Indian rupee/Euro ECB reference exchange rate,"ECB reference exchange rate, Indian rupee/Euro, 2.15 pm (C.E.T.)",INR,0
EXR.D.INR.EUR.SP00.A,D,INR,EUR,SP00,A,2020-10-06,86.5715,A,F,,,P1D,,A,,,,,,,99Q1=100,,,4,,4F0,,Indian rupee/Euro ECB reference exchange rate,"ECB reference exchange rate, Indian rupee/Euro, 2.15 pm (C.E.T.)",INR,0
EXR.D.INR.EUR.SP00.A,D,INR,EUR,SP00,A,2020-10-07,86.263,A,F,,,P1D,,A,,,,,,,99Q1=100,,,4,,4F0,,Indian rupee/Euro ECB reference exchange rate,"ECB reference exchange rate, Indian rupee/Euro, 2.15 pm (C.E.T.)",INR,0
EXR.D.INR.EUR.SP00.A,D,INR,EUR,SP00,A,2020-10-08,86.186,A,F,,,P1D,,A,,,,,,,99Q1=100,,,4,,4F0,,Indian rupee/Euro ECB reference exchange rate,"ECB reference exchange rate, Indian rupee/Euro, 2.15 pm (C.E.T.)",INR,0
EXR.D.INR.EUR.SP00.A,D,INR,EUR,SP00,A,2020-10-09,86.1985,A,F,,,P1D,,A,,,,,,,99Q1=100,,,4,,4F0,,Indian rupee/Euro ECB reference exchange rate,"ECB reference exchange rate, Indian rupee/Euro, 2.15 pm (C.E.T.)",INR,0
EXR.D.INR.EUR.SP00.A,D,INR,EUR,SP00,A,2020-10-12,86.476,A,F,,,P1D,,A,,,,,,,99Q1=100,,,4,,4F0,,Indian rupee/Euro ECB reference exchange rate,"ECB reference exchange rate, Indian rupee/Euro, 2.15 pm (C.E.T.)",INR,0
EXR.D.INR.EUR.SP00.A,D,INR,EUR,SP00,A,2020-10-13,86.425,A,F,,,P1D,,A,,,,,,,99Q1=100,,,4,,4F0,,Indian rupee/Euro ECB reference exchange rate,"ECB reference exchange rate, Indian rupee/Euro, 2.15 pm (C.E.T.)",INR,0
EXR.D.INR.EUR.SP00.A,D,INR,EUR,SP00,A,2020-10-14,86.0995,A,F,,,P1D,,A,,,,,,,99Q1=100,,,4,,4F0,,Indian rupee/Euro ECB reference exchange rate,"ECB reference exchange rate, Indian rupee/Euro, 2.15 pm (C.E.T.)",INR,0
EXR.D.INR.EUR.SP00.A,D,INR,EUR,SP00,A,2020-10-15,85.951,A,F,,,P1D,,A,,,,,,,99Q1=100,,,4,,4F0,,Indian rupee/Euro ECB reference exchange rate,"ECB reference exchange rate, Indian rupee/Euro, 2.15 pm (C.E.T.)",INR,0
EXR.D.INR.EUR.SP00.A,D,INR,EUR,SP00,A,2020-10-16,86.0715,A,F,,,P1D,,A,,,,,,,99Q1=100,,,4,,4F0,,Indian rupee/Euro ECB reference exchange rate,"ECB reference exchange rate, Indian rupee/Euro, 2.15 pm (C.E.T.)",INR,0
EXR.D.INR.EUR.SP00.A,D,INR,EUR,SP00,A,2020-10-19,86.3945,A,F,,,P1D,,A,,,,,,,99Q1=100,,,4,,4F0,,Indian rupee/Euro ECB reference exchange rate,"ECB reference exchange rate, Indian rupee/Euro, 2.15 pm (C.E.T.)",INR,0
EXR.D.INR.EUR.SP00.A,D,INR,EUR,SP00,A,2020-10-20,86.8465,A,F,,,P1D,,A,,,,,,,99Q1=100,,,4,,4F0,,Indian rupee/Euro ECB reference exchange rate,"ECB reference exchange rate, Indian rupee/Euro, 2.15 pm (C.E.T.)",INR,0
EXR.D.INR.EUR.SP00.A,D,INR,EUR,SP00,A,2020-10-21,87.3745,A,F,,,P1D,,A,,,,,,,99Q1=100,,,4,,4F0,,Indian rupee/Euro ECB reference exchange rate,"ECB reference exchange rate, Indian rupee/Euro, 2.15 pm (C.E.T.)",INR,0
EXR.D.INR.EUR.SP00.A,D,INR,EUR,SP00,A,2020-10-22,87.112,A,F,,,P1D,,A,,,,,,,99Q1=100,,,4,,4F0,,Indian rupee/Euro ECB reference exchange rate,"ECB reference exchange rate, Indian rupee/Euro, 2.15 pm (C.E.T.)",INR,0
EXR.D.INR.EUR.SP00.A,D,INR,EUR,SP00,A,2020-10-23,87.3245,A,F,,,P1D,,A,,,,,,,99Q1=100,,,4,,4F0,,Indian rupee/Euro ECB reference exchange rate,"ECB reference exchange rate, Indian rupee/Euro, 2.15 pm (C.E.T.)",INR,0
EXR.D.INR.EUR.SP00.A,D,INR,EUR,SP00,A,2020-10-26,87.5485,A,F,,,P1D,,A,,,,,,,99Q1=100,,,4,,4F0,,Indian rupee/Euro ECB reference exchange rate,"ECB reference exchange rate, Indian rupee/Euro, 2.15 pm (C.E.T.)",INR,0
EXR.D.INR.EUR.SP00.A,D,INR,EUR,SP00,A,2020-10-27,87.1635,A,F,,,P1D,,A,,,,,,,99Q1=100,,,4,,4F0,,Indian rupee/Euro ECB reference exchange rate,"ECB reference exchange rate, Indian rupee/Euro, 2.15 pm (C.E.T.)",INR,0
EXR.D.INR.EUR.SP00.A,D,INR,EUR,SP00,A,2020-10-28,86.804,A,F,,,P1D,,A,,,,,,,99Q1=100,,,4,,4F0,,Indian rupee/Euro ECB reference exchange rate,"ECB reference exchange rate, Indian rupee/Euro, 2.15 pm (C.E.T.)",INR,0
EXR.D.INR.EUR.SP00.A,D,INR,EUR,SP00,A,2020-10-29,87.0865,A,F,,,P1D,,A,,,,,,,99Q1=100,,,4,,4F0,,Indian rupee/Euro ECB reference exchange rate,"ECB reference exchange rate, Indian rupee/Euro, 2.15 pm (C.E.T.)",INR,0
EXR.D.INR.EUR.SP00.A,D,INR,EUR,SP00,A,2020-10-30,87.1115,A,F,,,P1D,,A,,,,,,,99Q1=100,,,4,,4F0,,Indian rupee/Euro ECB reference exchange rate,"ECB reference exchange rate, Indian rupee/Euro, 2.15 pm (C.E.T.)",INR,0
EXR.D.INR.EUR.SP00.A,D,INR,EUR,SP00,A,2020-11-02,86.7555,A,F,,,P1D,,A,,,,,,,99Q1=100,,,4,,4F0,,Indian rupee/Euro ECB reference exchange rate,"ECB reference exchange rate, Indian rupee/Euro, 2.15 pm (C.E.T.)",INR,0
EXR.D.INR.EUR.SP00.A,D,INR,EUR,SP00,A,2020-11-03,87.0695,A,F,,,P1D,,A,,,,,,,99Q1=100,,,4,,4F0,,Indian rupee/Euro ECB reference exchange rate,"ECB reference exchange rate, Indian rupee/Euro, 2.15 pm (C.E.T.)",INR,0
EXR.D.INR.EUR.SP00.A,D,INR,EUR,SP00,A,2020-11-04,87.1955,A,F,,,P1D,,A,,,,,,,99Q1=100,,,4,,4F0,,Indian rupee/Euro ECB reference exchange rate,"ECB reference exchange rate, Indian rupee/Euro, 2.15 pm (C.E.T.)",INR,0
EXR.D.INR.EUR.SP00.A,D,INR,EUR,SP00,A,2020-11-05,87.7405,A,F,,,P1D,,A,,,,,,,99Q1=100,,,4,,4F0,,Indian rupee/Euro ECB reference exchange rate,"ECB reference exchange rate, Indian rupee/Euro, 2.15 pm (C.E.T.)",INR,0
EXR.D.INR.EUR.SP00.A,D,INR,EUR,SP00,A,2020-11-06,88.0085,A,F,,,P1D,,A,,,,,,,99Q1=100,,,4,,4F0,,Indian rupee/Euro ECB reference exchange rate,"ECB reference exchange rate, Indian rupee/Euro, 2.15 pm (C.E.T.)",INR,0
EXR.D.INR.EUR.SP00.A,D,INR,EUR,SP00,A,2020-11-09,87.638,A,F,,,P1D,,A,,,,,,,99Q1=100,,,4,,4F0,,Indian rupee/Euro ECB reference exchange rate,"ECB reference exchange rate, Indian rupee/Euro, 2.15 pm (C.E.T.)",INR,0
EXR.D.INR.EUR.SP00.A,D,INR,EUR,SP00,A,2020-11-10,87.6665,A,F,,,P1D,,A,,,,,,,99Q1=100,,,4,,4F0,,Indian rupee/Euro ECB reference exchange rate,"ECB reference exchange rate, Indian rupee/Euro, 2.15 pm (C.E.T.)",INR,0
EXR.D.INR.EUR.SP00.A,D,INR,EUR,SP00,A,2020-11-11,87.562,A,F,,,P1D,,A,,,,,,,99Q1=100,,,4,,4F0,,Indian rupee/Euro ECB reference exchange rate,"ECB reference exchange rate, Indian rupee/Euro, 2.15 pm (C.E.T.)",INR,0
EXR.D.INR.EUR.SP00.A,D,INR,EUR,SP00,A,2020-11-12,88.066,A,F,,,P1D,,A,,,,,,,99Q1=100,,,4,,4F0,,Indian rupee/Euro ECB reference exchange rate,"ECB reference exchange rate, Indian rupee/Euro, 2.15 pm (C.E.T.)",INR,0
EXR.D.INR.EUR.SP00.A,D,INR,EUR,SP00,A,2020-11-13,88.186,A,F,,,P1D,,A,,,,,,,99Q1=100,,,4,,4F0,,Indian rupee/Euro ECB reference exchange rate,"ECB reference exchange rate, Indian rupee/Euro, 2.15 pm (C.E.T.)",INR,0
EXR.D.INR.EUR.SP00.A,D,INR,EUR,SP00,A,2020-11-16,88.0795,A,F,,,P1D,,A,,,,,,,99Q1=100,,,4,,4F0,,Indian rupee/Euro ECB reference exchange rate,"ECB reference exchange rate, Indian rupee/Euro, 2.15 pm (C.E.T.)",INR,0
EXR.D.INR.EUR.SP00.A,D,INR,EUR,SP00,A,2020-11-17,88.4825,A,F,,,P1D,,A,,,,,,,99Q1=100,,,4,,4F0,,Indian rupee/Euro ECB reference exchange rate,"ECB reference exchange rate, Indian rupee/Euro, 2.15 pm (C.E.T.)",INR,0
EXR.D.INR.EUR.SP00.A,D,INR,EUR,SP00,A,2020-11-18,88.011,A,F,,,P1D,,A,,,,,,,99Q1=100,,,4,,4F0,,Indian rupee/Euro ECB reference exchange rate,"ECB reference exchange rate, Indian rupee/Euro, 2.15 pm (C.E.T.)",INR,0
EXR.D.INR.EUR.SP00.A,D,INR,EUR,SP00,A,2020-11-19,87.797,A,F,,,P1D,,A,,,,,,,99Q1=100,,,4,,4F0,,Indian rupee/Euro ECB reference exchange rate,"ECB reference exchange rate, Indian rupee/Euro, 2.15 pm (C.E.T.)",INR,0
EXR.D.INR.EUR.SP00.A,D,INR,EUR,SP00,A,2020-11-20,87.941,A,F,,,P1D,,A,,,,,,,99Q1=100,,,4,,4F0,,Indian rupee/Euro ECB reference exchange rate,"ECB reference exchange rate, Indian rupee/Euro, 2.15 pm (C.E.T.)",INR,0
EXR.D.INR.EUR.SP00.A,D,INR,EUR,SP00,A,2020-11-23,88.104,A,F,,,P1D,,A,,,,,,,99Q1=100,,,4,,4F0,,Indian rupee/Euro ECB reference exchange rate,"ECB reference exchange rate, Indian rupee/Euro, 2.15 pm (C.E.T.)",INR,0
EXR.D.INR.EUR.SP00.A,D,INR,EUR,SP00,A,2020-11-24,87.9045,A,F,,,P1D,,A,,,,,,,99Q1=100,,,4,,4F0,,Indian rupee/Euro ECB reference exchange rate,"ECB reference exchange rate, Indian rupee/Euro, 2.15 pm (C.E.T.)",INR,0
EXR.D.INR.EUR.SP00.A,D,INR,EUR,SP00,A,2020-11-25,87.854,A,F,,,P1D,,A,,,,,,,99Q1=100,,,4,,4F0,,Indian rupee/Euro ECB reference exchange rate,"ECB reference exchange rate, Indian rupee/Euro, 2.15 pm (C.E.T.)",INR,0
EXR.D.INR.EUR.SP00.A,D,INR,EUR,SP00,A,2020-11-26,87.8655,A,F,,,P1D,,A,,,,,,,99Q1=100,,,4,,4F0,,Indian rupee/Euro ECB reference exchange rate,"ECB reference exchange rate, Indian rupee/Euro, 2.15 pm (C.E.T.)",INR,0
EXR.D.INR.EUR.SP00.A,D,INR,EUR,SP00,A,2020-11-27,88.3015,A,F,,,P1D,,A,,,,,,,99Q1=100,,,4,,4F0,,Indian rupee/Euro ECB reference exchange rate,"ECB reference exchange rate, Indian rupee/Euro, 2.15 pm (C.E.T.)",INR,0
EXR.D.INR.EUR.SP00.A,D,INR,EUR,SP00,A,2020-11-30,88.7322,A,F,,,P1D,,A,,,,,,,99Q1=100,,,4,,4F0,,Indian rupee/Euro ECB reference exchange rate,"ECB reference exchange rate, Indian rupee/Euro, 2.15 pm (C.E.T.)",INR,0
EXR.D.INR.EUR.SP00.A,D,INR,EUR,SP00,A,2020-12-01,88.1535,A,F,,,P1D,,A,,,,,,,99Q1=100,,,4,,4F0,,Indian rupee/Euro ECB reference exchange rate,"ECB reference exchange rate, Indian rupee/Euro, 2.15 pm (C.E.T.)",INR,0
EXR.D.INR.EUR.SP00.A,D,INR,EUR,SP00,A,2020-12-02,88.9695,A,F,,,P1D,,A,,,,,,,99Q1=100,,,4,,4F0,,Indian rupee/Euro ECB reference exchange rate,"ECB reference exchange rate, Indian rupee/Euro, 2.15 pm (C.E.T.)",INR,0
EXR.D.INR.EUR.SP00.A,D,INR,EUR,SP00,A,2020-12-03,89.709,A,F,,,P1D,,A,,,,,,,99Q1=100,,,4,,4F0,,Indian rupee/Euro ECB reference exchange rate,"ECB reference exchange rate, Indian rupee/Euro, 2.15 pm (C.E.T.)",INR,0
EXR.D.INR.EUR.SP00.A,D,INR,EUR,SP00,A,2020-12-04,89.6755,A,F,,,P1D,,A,,,,,,,99Q1=100,,,4,,4F0,,Indian rupee/Euro ECB reference exchange rate,"ECB reference exchange rate, Indian rupee/Euro, 2.15 pm (C.E.T.)",INR,0
EXR.D.INR.EUR.SP00.A,D,INR,EUR,SP00,A,2020-12-07,89.6285,A,F,,,P1D,,A,,,,,,,99Q1=100,,,4,,4F0,,Indian rupee/Euro ECB reference exchange rate,"ECB reference exchange rate, Indian rupee/Euro, 2.15 pm (C.E.T.)",INR,0
EXR.D.INR.EUR.SP00.A,D,INR,EUR,SP00,A,2020-12-08,89.203,A,F,,,P1D,,A,,,,,,,99Q1=100,,,4,,4F0,,Indian rupee/Euro ECB reference exchange rate,"ECB reference exchange rate, Indian rupee/Euro, 2.15 pm (C.E.T.)",INR,0
EXR.D.INR.EUR.SP00.A,D,INR,EUR,SP00,A,2020-12-09,89.212,A,F,,,P1D,,A,,,,,,,99Q1=100,,,4,,4F0,,Indian rupee/Euro ECB reference exchange rate,"ECB reference exchange rate, Indian rupee/Euro, 2.15 pm (C.E.T.)",INR,0
EXR.D.INR.EUR.SP00.A,D,INR,EUR,SP00,A,2020-12-10,89.2515,A,F,,,P1D,,A,,,,,,,99Q1=100,,,4,,4F0,,Indian rupee/Euro ECB reference exchange rate,"ECB reference exchange rate, Indian rupee/Euro, 2.15 pm (C.E.T.)",INR,0
EXR.D.INR.EUR.SP00.A,D,INR,EUR,SP00,A,2020-12-11,89.4705,A,F,,,P1D,,A,,,,,,,99Q1=100,,,4,,4F0,,Indian rupee/Euro ECB reference exchange rate,"ECB reference exchange rate, Indian rupee/Euro, 2.15 pm (C.E.T.)",INR,0
EXR.D.INR.EUR.SP00.A,D,INR,EUR,SP00,A,2020-12-14,89.4505,A,F,,,P1D,,A,,,,,,,99Q1=100,,,4,,4F0,,Indian rupee/Euro ECB reference exchange rate,"ECB reference exchange rate, Indian rupee/Euro, 2.15 pm (C.E.T.)",INR,0
EXR.D.INR.EUR.SP00.A,D,INR,EUR,SP00,A,2020-12-15,89.34,A,F,,,P1D,,A,,,,,,,99Q1=100,,,4,,4F0,,Indian rupee/Euro ECB reference exchange rate,"ECB reference exchange rate, Indian rupee/Euro, 2.15 pm (C.E.T.)",INR,0
EXR.D.INR.EUR.SP00.A,D,INR,EUR,SP00,A,2020-12-16,89.773,A,F,,,P1D,,A,,,,,,,99Q1=100,,,4,,4F0,,Indian rupee/Euro ECB reference exchange rate,"ECB reference exchange rate, Indian rupee/Euro, 2.15 pm (C.E.T.)",INR,0
EXR.D.INR.EUR.SP00.A,D,INR,EUR,SP00,A,2020-12-17,90.116,A,F,,,P1D,,A,,,,,,,99Q1=100,,,4,,4F0,,Indian rupee/Euro ECB reference exchange rate,"ECB reference exchange rate, Indian rupee/Euro, 2.15 pm (C.E.T.)",INR,0
EXR.D.INR.EUR.SP00.A,D,INR,EUR,SP00,A,2020-12-18,90.117,A,F,,,P1D,,A,,,,,,,99Q1=100,,,4,,4F0,,Indian rupee/Euro ECB reference exchange rate,"ECB reference exchange rate, Indian rupee/Euro, 2.15 pm (C.E.T.)",INR,0
EXR.D.INR.EUR.SP00.A,D,INR,EUR,SP00,A,2020-12-21,90.1338,A,F,,,P1D,,A,,,,,,,99Q1=100,,,4,,4F0,,Indian rupee/Euro ECB reference exchange rate,"ECB reference exchange rate, Indian rupee/Euro, 2.15 pm (C.E.T.)",INR,0
EXR.D.INR.EUR.SP00.A,D,INR,EUR,SP00,A,2020-12-22,90.3975,A,F,,,P1D,,A,,,,,,,99Q1=100,,,4,,4F0,,Indian rupee/Euro ECB reference exchange rate,"ECB reference exchange rate, Indian rupee/Euro, 2.15 pm (C.E.T.)",INR,0
EXR.D.INR.EUR.SP00.A,D,INR,EUR,SP00,A,2020-12-23,89.7945,A,F,,,P1D,,A,,,,,,,99Q1=100,,,4,,4F0,,Indian rupee/Euro ECB reference exchange rate,"ECB reference exchange rate, Indian rupee/Euro, 2.15 pm (C.E.T.)",INR,0
EXR.D.INR.EUR.SP00.A,D,INR,EUR,SP00,A,2020-12-24,89.6845,A,F,,,P1D,,A,,,,,,,99Q1=100,,,4,,4F0,,Indian rupee/Euro ECB reference exchange rate,"ECB reference exchange rate, Indian rupee/Euro, 2.15 pm (C.E.T.)",INR,0
EXR.D.INR.EUR.SP00.A,D,INR,EUR,SP00,A,2020-12-28,89.8145,A,F,,,P1D,,A,,,,,,,99Q1=100,,,4,,4F0,,Indian rupee/Euro ECB reference exchange rate,"ECB reference exchange rate, Indian rupee/Euro, 2.15 pm (C.E.T.)",INR,0
EXR.D.INR.EUR.SP00.A,D,INR,EUR,SP00,A,2020-12-29,89.942,A,F,,,P1D,,A,,,,,,,99Q1=100,,,4,,4F0,,Indian rupee/Euro ECB reference exchange rate,"ECB reference exchange rate, Indian rupee/Euro, 2.15 pm (C.E.T.)",INR,0
EXR.D.INR.EUR.SP00.A,D,INR,EUR,SP00,A,2020-12-30,89.8824,A,F,,,P1D,,A,,,,,,,99Q1=100,,,4,,4F0,,Indian rupee/Euro ECB reference exchange rate,"ECB reference exchange rate, Indian rupee/Euro, 2.15 pm (C.E.T.)",INR,0
EXR.D.INR.EUR.SP00.A,D,INR,EUR,SP00,A,2020-12-31,89.6605,A,F,,,P1D,,A,,,,,,,99Q1=100,,,4,,4F0,,Indian rupee/Euro ECB reference exchange rate,"ECB reference exchange rate, Indian rupee/Euro, 2.15 pm (C.E.T.)",INR,0
EXR.D.INR.EUR.SP00.A,D,INR,EUR,SP00,A,2021-01-04,89.789,A,F,,,P1D,,A,,,,,,,99Q1=100,,,4,,4F0,,Indian rupee/Euro ECB reference exchange rate,"ECB reference exchange rate, Indian rupee/Euro, 2.15 pm (C.E.T.)",INR,0
EXR.D.INR.EUR.SP00.A,D,INR,EUR,SP00,A,2021-01-05,89.867,A,F,,,P1D,,A,,,,,,,99Q1=100,,,4,,4F0,,Indian rupee/Euro ECB reference exchange rate,"ECB reference exchange rate, Indian rupee/Euro, 2.15 pm (C.E.T.)",INR,0
EXR.D.INR.EUR.SP00.A,D,INR,EUR,SP00,A,2021-01-06,90.204,A,F,,,P1D,,A,,,,,,,99Q1=100,,,4,,4F0,,Indian rupee/Euro ECB reference exchange rate,"ECB reference exchange rate, Indian rupee/Euro, 2.15 pm (C.E.T.)",INR,0
EXR.D.INR.EUR.SP00.A,D,INR,EUR,SP00,A,2021-01-07,90.0455,A,F,,,P1D,,A,,,,,,,99Q1=100,,,4,,4F0,,Indian rupee/Euro ECB reference exchange rate,"ECB reference exchange rate, Indian rupee/Euro, 2.15 pm (C.E.T.)",INR,0
EXR.D.INR.EUR.SP00.A,D,INR,EUR,SP00,A,2021-01-08,89.7975,A,F,,,P1D,,A,,,,,,,99Q1=100,,,4,,4F0,,Indian rupee/Euro ECB reference exchange rate,"ECB reference exchange rate, Indian rupee/Euro, 2.15 pm (C.E.T.)",INR,0
EXR.D.INR.EUR.SP00.A,D,INR,EUR,SP00,A,2021-01-11,89.346,A,F,,,P1D,,A,,,,,,,99Q1=100,,,4,,4F0,,Indian rupee/Euro ECB reference exchange rate,"ECB reference exchange rate, Indian rupee/Euro, 2.15 pm (C.E.T.)",INR,0
EXR.D.INR.EUR.SP00.A,D,INR,EUR,SP00,A,2021-01-12,89.0915,A,F,,,P1D,,A,,,,,,,99Q1=100,,,4,,4F0,,Indian rupee/Euro ECB reference exchange rate,"ECB reference exchange rate, Indian rupee/Euro, 2.15 pm (C.E.T.)",INR,0
EXR.D.INR.EUR.SP00.A,D,INR,EUR,SP00,A,2021-01-13,89.0095,A,F,,,P1D,,A,,,,,,,99Q1=100,,,4,,4F0,,Indian rupee/Euro ECB reference exchange rate,"ECB reference exchange rate, Indian rupee/Euro, 2.15 pm (C.E.T.)",INR,0
EXR.D.INR.EUR.SP00.A,D,INR,EUR,SP00,A,2021-01-14,88.6625,A,F,,,P1D,,A,,,,,,,99Q1=100,,,4,,4F0,,Indian rupee/Euro ECB reference exchange rate,"ECB reference exchange rate, Indian rupee/Euro, 2.15 pm (C.E.T.)",INR,0
EXR.D.INR.EUR.SP00.A,D,INR,EUR,SP00,A,2021-01-15,88.6365,A,F,,,P1D,,A,,,,,,,99Q1=100,,,4,,4F0,,Indian rupee/Euro ECB reference exchange rate,"ECB reference exchange rate, Indian rupee/Euro, 2.15 pm (C.E.T.)",INR,0
EXR.D.INR.EUR.SP00.A,D,INR,EUR,SP00,A,2021-01-18,88.4365,A,F,,,P1D,,A,,,,,,,99Q1=100,,,4,,4F0,,Indian rupee/Euro ECB reference exchange rate,"ECB reference exchange rate, Indian rupee/Euro, 2.15 pm (C.E.T.)",INR,0
EXR.D.INR.EUR.SP00.A,D,INR,EUR,SP00,A,2021-01-19,88.7525,A,F,,,P1D,,A,,,,,,,99Q1=100,,,4,,4F0,,Indian rupee/Euro ECB reference exchange rate,"ECB reference exchange rate, Indian rupee/Euro, 2.15 pm (C.E.T.)",INR,0
EXR.D.INR.EUR.SP00.A,D,INR,EUR,SP00,A,2021-01-20,88.368,A,F,,,P1D,,A,,,,,,,99Q1=100,,,4,,4F0,,Indian rupee/Euro ECB reference exchange rate,"ECB reference exchange rate, Indian rupee/Euro, 2.15 pm (C.E.T.)",INR,0
EXR.D.INR.EUR.SP00.A,D,INR,EUR,SP00,A,2021-01-21,88.722,A,F,,,P1D,,A,,,,,,,99Q1=100,,,4,,4F0,,Indian rupee/Euro ECB reference exchange rate,"ECB reference exchange rate, Indian rupee/Euro, 2.15 pm (C.E.T.)",INR,0
EXR.D.INR.EUR.SP00.A,D,INR,EUR,SP00,A,2021-01-22,88.767,A,F,,,P1D,,A,,,,,,,99Q1=100,,,4,,4F0,,Indian rupee/Euro ECB reference exchange rate,"ECB reference exchange rate, Indian rupee/Euro, 2.15 pm (C.E.T.)",INR,0
EXR.D.INR.EUR.SP00.A,D,INR,EUR,SP00,A,2021-01-25,88.63,A,F,,,P1D,,A,,,,,,,99Q1=100,,,4,,4F0,,Indian rupee/Euro ECB reference exchange rate,"ECB reference exchange rate, Indian rupee/Euro, 2.15 pm (C.E.T.)",INR,0
EXR.D.INR.EUR.SP00.A,D,INR,EUR,SP00,A,2021-01-26,88.5555,A,F,,,P1D,,A,,,,,,,99Q1=100,,,4,,4F0,,Indian rupee/Euro ECB reference exchange rate,"ECB reference exchange rate, Indian rupee/Euro, 2.15 pm (C.E.T.)",INR,0
EXR.D.INR.EUR.SP00.A,D,INR,EUR,SP00,A,2021-01-27,88.438,A,F,,,P1D,,A,,,,,,,99Q1=100,,,4,,4F0,,Indian rupee/Euro ECB reference exchange rate,"ECB reference exchange rate, Indian rupee/Euro, 2.15 pm (C.E.T.)",INR,0
EXR.D.INR.EUR.SP00.A,D,INR,EUR,SP00,A,2021-01-28,88.321,A,F,,,P1D,,A,,,,,,,99Q1=100,,,4,,4F0,,Indian rupee/Euro ECB reference exchange rate,"ECB reference exchange rate, Indian rupee/Euro, 2.15 pm (C.E.T.)",INR,0
EXR.D.INR.EUR.SP00.A,D,INR,EUR,SP00,A,2021-01-29,88.432,A,F,,,P1D,,A,,,,,,,99Q1=100,,,4,,4F0,,Indian rupee/Euro ECB reference exchange rate,"ECB reference exchange rate, Indian rupee/Euro, 2.15 pm (C.E.T.)",INR,0
EXR.D.INR.EUR.SP00.A,D,INR,EUR,SP00,A,2021-02-01,88.345,A,F,,,P1D,,A,,,,,,,99Q1=100,,,4,,4F0,,Indian rupee/Euro ECB reference exchange rate,"ECB reference exchange rate, Indian rupee/Euro, 2.15 pm (C.E.T.)",INR,0
EXR.D.INR.EUR.SP00.A,D,INR,EUR,SP00,A,2021-02-02,87.906,A,F,,,P1D,,A,,,,,,,99Q1=100,,,4,,4F0,,Indian rupee/Euro ECB reference exchange rate,"ECB reference exchange rate, Indian rupee/Euro, 2.15 pm (C.E.T.)",INR,0
EXR.D.INR.EUR.SP00.A,D,INR,EUR,SP00,A,2021-02-03,87.6185,A,F,,,P1D,,A,,,,,,,99Q1=100,,,4,,4F0,,Indian rupee/Euro ECB reference exchange rate,"ECB reference exchange rate, Indian rupee/Euro, 2.15 pm (C.E.T.)",INR,0
EXR.D.INR.EUR.SP00.A,D,INR,EUR,SP00,A,2021-02-04,87.4345,A,F,,,P1D,,A,,,,,,,99Q1=100,,,4,,4F0,,Indian rupee/Euro ECB reference exchange rate,"ECB reference exchange rate, Indian rupee/Euro, 2.15 pm (C.E.T.)",INR,0
EXR.D.INR.EUR.SP00.A,D,INR,EUR,SP00,A,2021-02-05,87.367,A,F,,,P1D,,A,,,,,,,99Q1=100,,,4,,4F0,,Indian rupee/Euro ECB reference exchange rate,"ECB reference exchange rate, Indian rupee/Euro, 2.15 pm (C.E.T.)",INR,0
EXR.D.INR.EUR.SP00.A,D,INR,EUR,SP00,A,2021-02-08,87.724,A,F,,,P1D,,A,,,,,,,99Q1=100,,,4,,4F0,,Indian rupee/Euro ECB reference exchange rate,"ECB reference exchange rate, Indian rupee/Euro, 2.15 pm (C.E.T.)",INR,0
EXR.D.INR.EUR.SP00.A,D,INR,EUR,SP00,A,2021-02-09,88.2765,A,F,,,P1D,,A,,,,,,,99Q1=100,,,4,,4F0,,Indian rupee/Euro ECB reference exchange rate,"ECB reference exchange rate, Indian rupee/Euro, 2.15 pm (C.E.T.)",INR,0
EXR.D.INR.EUR.SP00.A,D,INR,EUR,SP00,A,2021-02-10,88.3185,A,F,,,P1D,,A,,,,,,,99Q1=100,,,4,,4F0,,Indian rupee/Euro ECB reference exchange rate,"ECB reference exchange rate, Indian rupee/Euro, 2.15 pm (C.E.T.)",INR,0
EXR.D.INR.EUR.SP00.A,D,INR,EUR,SP00,A,2021-02-11,88.404,A,F,,,P1D,,A,,,,,,,99Q1=100,,,4,,4F0,,Indian rupee/Euro ECB reference exchange rate,"ECB reference exchange rate, Indian rupee/Euro, 2.15 pm (C.E.T.)",INR,0
EXR.D.INR.EUR.SP00.A,D,INR,EUR,SP00,A,2021-02-12,87.877,A,F,,,P1D,,A,,,,,,,99Q1=100,,,4,,4F0,,Indian rupee/Euro ECB reference exchange rate,"ECB reference exchange rate, Indian rupee/Euro, 2.15 pm (C.E.T.)",INR,0
EXR.D.INR.EUR.SP00.A,D,INR,EUR,SP00,A,2021-02-15,88.068,A,F,,,P1D,,A,,,,,,,99Q1=100,,,4,,4F0,,Indian rupee/Euro ECB reference exchange rate,"ECB reference exchange rate, Indian rupee/Euro, 2.15 pm (C.E.T.)",INR,0
EXR.D.INR.EUR.SP00.A,D,INR,EUR,SP00,A,2021-02-16,88.4195,A,F,,,P1D,,A,,,,,,,99Q1=100,,,4,,4F0,,Indian rupee/Euro ECB reference exchange rate,"ECB reference exchange rate, Indian rupee/Euro, 2.15 pm (C.E.T.)",INR,0
EXR.D.INR.EUR.SP00.A,D,INR,EUR,SP00,A,2021-02-17,87.794,A,F,,,P1D,,A,,,,,,,99Q1=100,,,4,,4F0,,Indian rupee/Euro ECB reference exchange rate,"ECB reference exchange rate, Indian rupee/Euro, 2.15 pm (C.E.T.)",INR,0
EXR.D.INR.EUR.SP00.A,D,INR,EUR,SP00,A,2021-02-18,87.6695,A,F,,,P1D,,A,,,,,,,99Q1=100,,,4,,4F0,,Indian rupee/Euro ECB reference exchange rate,"ECB reference exchange rate, Indian rupee/Euro, 2.15 pm (C.E.T.)",INR,0
EXR.D.INR.EUR.SP00.A,D,INR,EUR,SP00,A,2021-02-19,88.0145,A,F,,,P1D,,A,,,,,,,99Q1=100,,,4,,4F0,,Indian rupee/Euro ECB reference exchange rate,"ECB reference exchange rate, Indian rupee/Euro, 2.15 pm (C.E.T.)",INR,0
EXR.D.INR.EUR.SP00.A,D,INR,EUR,SP00,A,2021-02-22,87.972,A,F,,,P1D,,A,,,,,,,99Q1=100,,,4,,4F0,,Indian rupee/Euro ECB reference exchange rate,"ECB reference exchange rate, Indian rupee/Euro, 2.15 pm (C.E.T.)",INR,0
EXR.D.INR.EUR.SP00.A,D,INR,EUR,SP00,A,2021-02-23,88.0575,A,F,,,P1D,,A,,,,,,,99Q1=100,,,4,,4F0,,Indian rupee/Euro ECB reference exchange rate,"ECB reference exchange rate, Indian rupee/Euro, 2.15 pm (C.E.T.)",INR,0
EXR.D.INR.EUR.SP00.A,D,INR,EUR,SP00,A,2021-02-24,87.876,A,F,,,P1D,,A,,,,,,,99Q1=100,,,4,,4F0,,Indian rupee/Euro ECB reference exchange rate,"ECB reference exchange rate, Indian rupee/Euro, 2.15 pm (C.E.T.)",INR,0
EXR.D.INR.EUR.SP00.A,D,INR,EUR,SP00,A,2021-02-25,88.794,A,F,,,P1D,,A,,,,,,,99Q1=100,,,4,,4F0,,Indian rupee/Euro ECB reference exchange rate,"ECB reference exchange rate, Indian rupee/Euro, 2.15 pm (C.E.T.)",INR,0
EXR.D.INR.EUR.SP00.A,D,INR,EUR,SP00,A,2021-02-26,89.5766,A,F,,,P1D,,A,,,,,,,99Q1=100,,,4,,4F0,,Indian rupee/Euro ECB reference exchange rate,"ECB reference exchange rate, Indian rupee/Euro, 2.15 pm (C.E.T.)",INR,0
EXR.D.INR.EUR.SP00.A,D,INR,EUR,SP00,A,2021-03-01,88.6665,A,F,,,P1D,,A,,,,,,,99Q1=100,,,4,,4F0,,Indian rupee/Euro ECB reference exchange rate,"ECB reference exchange rate, Indian rupee/Euro, 2.15 pm (C.E.T.)",INR,0
EXR.D.INR.EUR.SP00.A,D,INR,EUR,SP00,A,2021-03-02,88.259,A,F,,,P1D,,A,,,,,,,99Q1=100,,,4,,4F0,,Indian rupee/Euro ECB reference exchange rate,"ECB reference exchange rate, Indian rupee/Euro, 2.15 pm (C.E.T.)",INR,0
EXR.D.INR.EUR.SP00.A,D,INR,EUR,SP00,A,2021-03-03,87.7665,A,F,,,P1D,,A,,,,,,,99Q1=100,,,4,,4F0,,Indian rupee/Euro ECB reference exchange rate,"ECB reference exchange rate, Indian rupee/Euro, 2.15 pm (C.E.T.)",INR,0
EXR.D.INR.EUR.SP00.A,D,INR,EUR,SP00,A,2021-03-04,87.552,A,F,,,P1D,,A,,,,,,,99Q1=100,,,4,,4F0,,Indian rupee/Euro ECB reference exchange rate,"ECB reference exchange rate, Indian rupee/Euro, 2.15 pm (C.E.T.)",INR,0
EXR.D.INR.EUR.SP00.A,D,INR,EUR,SP00,A,2021-03-05,87.2305,A,F,,,P1D,,A,,,,,,,99Q1=100,,,4,,4F0,,Indian rupee/Euro ECB reference exchange rate,"ECB reference exchange rate, Indian rupee/Euro, 2.15 pm (C.E.T.)",INR,0
EXR.D.INR.EUR.SP00.A,D,INR,EUR,SP00,A,2021-03-08,87.0475,A,F,,,P1D,,A,,,,,,,99Q1=100,,,4,,4F0,,Indian rupee/Euro ECB reference exchange rate,"ECB reference exchange rate, Indian rupee/Euro, 2.15 pm (C.E.T.)",INR,0
EXR.D.INR.EUR.SP00.A,D,INR,EUR,SP00,A,2021-03-09,86.827,A,F,,,P1D,,A,,,,,,,99Q1=100,,,4,,4F0,,Indian rupee/Euro ECB reference exchange rate,"ECB reference exchange rate, Indian rupee/Euro, 2.15 pm (C.E.T.)",INR,0
EXR.D.INR.EUR.SP00.A,D,INR,EUR,SP00,A,2021-03-10,86.81,A,F,,,P1D,,A,,,,,,,99Q1=100,,,4,,4F0,,Indian rupee/Euro ECB reference exchange rate,"ECB reference exchange rate, Indian rupee/Euro, 2.15 pm (C.E.T.)",INR,0
EXR.D.INR.EUR.SP00.A,D,INR,EUR,SP00,A,2021-03-11,86.888,A,F,,,P1D,,A,,,,,,,99Q1=100,,,4,,4F0,,Indian rupee/Euro ECB reference exchange rate,"ECB reference exchange rate, Indian rupee/Euro, 2.15 pm (C.E.T.)",INR,0
EXR.D.INR.EUR.SP00.A,D,INR,EUR,SP00,A,2021-03-12,86.726,A,F,,,P1D,,A,,,,,,,99Q1=100,,,4,,4F0,,Indian rupee/Euro ECB reference exchange rate,"ECB reference exchange rate, Indian rupee/Euro, 2.15 pm (C.E.T.)",INR,0
EXR.D.INR.EUR.SP00.A,D,INR,EUR,SP00,A,2021-03-15,86.4925,A,F,,,P1D,,A,,,,,,,99Q1=100,,,4,,4F0,,Indian rupee/Euro ECB reference exchange rate,"ECB reference exchange rate, Indian rupee/Euro, 2.15 pm (C.E.T.)",INR,0
EXR.D.INR.EUR.SP00.A,D,INR,EUR,SP00,A,2021-03-16,86.479,A,F,,,P1D,,A,,,,,,,99Q1=100,,,4,,4F0,,Indian rupee/Euro ECB reference exchange rate,"ECB reference exchange rate, Indian rupee/Euro, 2.15 pm (C.E.T.)",INR,0
EXR.D.INR.EUR.SP00.A,D,INR,EUR,SP00,A,2021-03-17,86.429,A,F,,,P1D,,A,,,,,,,99Q1=100,,,4,,4F0,,Indian rupee/Euro ECB reference exchange rate,"ECB reference exchange rate, Indian rupee/Euro, 2.15 pm (C.E.T.)",INR,0
EXR.D.INR.EUR.SP00.A,D,INR,EUR,SP00,A,2021-03-18,86.6105,A,F,,,P1D,,A,,,,,,,99Q1=100,,,4,,4F0,,Indian rupee/Euro ECB reference exchange rate,"ECB reference exchange rate, Indian rupee/Euro, 2.15 pm (C.E.T.)",INR,0
EXR.D.INR.EUR.SP00.A,D,INR,EUR,SP00,A,2021-03-19,86.2155,A,F,,,P1D,,A,,,,,,,99Q1=100,,,4,,4F0,,Indian rupee/Euro ECB reference exchange rate,"ECB reference exchange rate, Indian rupee/Euro, 2.15 pm (C.E.T.)",INR,0
EXR.D.INR.EUR.SP00.A,D,INR,EUR,SP00,A,2021-03-22,86.2895,A,F,,,P1D,,A,,,,,,,99Q1=100,,,4,,4F0,,Indian rupee/Euro ECB reference exchange rate,"ECB reference exchange rate, Indian rupee/Euro, 2.15 pm (C.E.T.)",INR,0
EXR.D.INR.EUR.SP00.A,D,INR,EUR,SP00,A,2021-03-23,86.1025,A,F,,,P1D,,A,,,,,,,99Q1=100,,,4,,4F0,,Indian rupee/Euro ECB reference exchange rate,"ECB reference exchange rate, Indian rupee/Euro, 2.15 pm (C.E.T.)",INR,0
EXR.D.INR.EUR.SP00.A,D,INR,EUR,SP00,A,2021-03-24,85.8585,A,F,,,P1D,,A,,,,,,,99Q1=100,,,4,,4F0,,Indian rupee/Euro ECB reference exchange rate,"ECB reference exchange rate, Indian rupee/Euro, 2.15 pm (C.E.T.)",INR,0
EXR.D.INR.EUR.SP00.A,D,INR,EUR,SP00,A,2021-03-25,85.7605,A,F,,,P1D,,A,,,,,,,99Q1=100,,,4,,4F0,,Indian rupee/Euro ECB reference exchange rate,"ECB reference exchange rate, Indian rupee/Euro, 2.15 pm (C.E.T.)",INR,0
EXR.D.INR.EUR.SP00.A,D,INR,EUR,SP00,A,2021-03-26,85.4845,A,F,,,P1D,,A,,,,,,,99Q1=100,,,4,,4F0,,Indian rupee/Euro ECB reference exchange rate,"ECB reference exchange rate, Indian rupee/Euro, 2.15 pm (C.E.T.)",INR,0
EXR.D.INR.EUR.SP00.A,D,INR,EUR,SP00,A,2021-03-29,85.5038,A,F,,,P1D,,A,,,,,,,99Q1=100,,,4,,4F0,,Indian rupee/Euro ECB reference exchange rate,"ECB reference exchange rate, Indian rupee/Euro, 2.15 pm (C.E.T.)",INR,0
EXR.D.INR.EUR.SP00.A,D,INR,EUR,SP00,A,2021-03-30,86.254,A,F,,,P1D,,A,,,,,,,99Q1=100,,,4,,4F0,,Indian rupee/Euro ECB reference exchange rate,"ECB reference exchange rate, Indian rupee/Euro, 2.15 pm (C.E.T.)",INR,0
EXR.D.INR.EUR.SP00.A,D,INR,EUR,SP00,A,2021-03-31,85.813,A,F,,,P1D,,A,,,,,,,99Q1=100,,,4,,4F0,,Indian rupee/Euro ECB reference exchange rate,"ECB reference exchange rate, Indian rupee/Euro, 2.15 pm (C.E.T.)",INR,0
EXR.D.INR.EUR.SP00.A,D,INR,EUR,SP00,A,2021-04-01,86.2275,A,F,,,P1D,,A,,,,,,,99Q1=100,,,4,,4F0,,Indian rupee/Euro ECB reference exchange rate,"ECB reference exchange rate, Indian rupee/Euro, 2.15 pm (C.E.T.)",INR,0
EXR.D.INR.EUR.SP00.A,D,INR,EUR,SP00,A,2021-04-06,86.7,A,F,,,P1D,,A,,,,,,,99Q1=100,,,4,,4F0,,Indian rupee/Euro ECB reference exchange rate,"ECB reference exchange rate, Indian rupee/Euro, 2.15 pm (C.E.T.)",INR,0
EXR.D.INR.EUR.SP00.A,D,INR,EUR,SP00,A,2021-04-07,88.3675,A,F,,,P1D,,A,,,,,,,99Q1=100,,,4,,4F0,,Indian rupee/Euro ECB reference exchange rate,"ECB reference exchange rate, Indian rupee/Euro, 2.15 pm (C.E.T.)",INR,0
EXR.D.INR.EUR.SP00.A,D,INR,EUR,SP00,A,2021-04-08,88.5885,A,F,,,P1D,,A,,,,,,,99Q1=100,,,4,,4F0,,Indian rupee/Euro ECB reference exchange rate,"ECB reference exchange rate, Indian rupee/Euro, 2.15 pm (C.E.T.)",INR,0
EXR.D.INR.EUR.SP00.A,D,INR,EUR,SP00,A,2021-04-09,88.8145,A,F,,,P1D,,A,,,,,,,99Q1=100,,,4,,4F0,,Indian rupee/Euro ECB reference exchange rate,"ECB reference exchange rate, Indian rupee/Euro, 2.15 pm (C.E.T.)",INR,0
EXR.D.INR.EUR.SP00.A,D,INR,EUR,SP00,A,2021-04-12,89.302,A,F,,,P1D,,A,,,,,,,99Q1=100,,,4,,4F0,,Indian rupee/Euro ECB reference exchange rate,"ECB reference exchange rate, Indian rupee/Euro, 2.15 pm (C.E.T.)",INR,0
EXR.D.INR.EUR.SP00.A,D,INR,EUR,SP00,A,2021-04-13,89.7215,A,F,,,P1D,,A,,,,,,,99Q1=100,,,4,,4F0,,Indian rupee/Euro ECB reference exchange rate,"ECB reference exchange rate, Indian rupee/Euro, 2.15 pm (C.E.T.)",INR,0
EXR.D.INR.EUR.SP00.A,D,INR,EUR,SP00,A,2021-04-14,89.833,A,F,,,P1D,,A,,,,,,,99Q1=100,,,4,,4F0,,Indian rupee/Euro ECB reference exchange rate,"ECB reference exchange rate, Indian rupee/Euro, 2.15 pm (C.E.T.)",INR,0
EXR.D.INR.EUR.SP00.A,D,INR,EUR,SP00,A,2021-04-15,89.801,A,F,,,P1D,,A,,,,,,,99Q1=100,,,4,,4F0,,Indian rupee/Euro ECB reference exchange rate,"ECB reference exchange rate, Indian rupee/Euro, 2.15 pm (C.E.T.)",INR,0
EXR.D.INR.EUR.SP00.A,D,INR,EUR,SP00,A,2021-04-16,89.2355,A,F,,,P1D,,A,,,,,,,99Q1=100,,,4,,4F0,,Indian rupee/Euro ECB reference exchange rate,"ECB reference exchange rate, Indian rupee/Euro, 2.15 pm (C.E.T.)",INR,0
EXR.D.INR.EUR.SP00.A,D,INR,EUR,SP00,A,2021-04-19,90.0675,A,F,,,P1D,,A,,,,,,,99Q1=100,,,4,,4F0,,Indian rupee/Euro ECB reference exchange rate,"ECB reference exchange rate, Indian rupee/Euro, 2.15 pm (C.E.T.)",INR,0
EXR.D.INR.EUR.SP00.A,D,INR,EUR,SP00,A,2021-04-20,90.548,A,F,,,P1D,,A,,,,,,,99Q1=100,,,4,,4F0,,Indian rupee/Euro ECB reference exchange rate,"ECB reference exchange rate, Indian rupee/Euro, 2.15 pm (C.E.T.)",INR,0
EXR.D.INR.EUR.SP00.A,D,INR,EUR,SP00,A,2021-04-21,90.5955,A,F,,,P1D,,A,,,,,,,99Q1=100,,,4,,4F0,,Indian rupee/Euro ECB reference exchange rate,"ECB reference exchange rate, Indian rupee/Euro, 2.15 pm (C.E.T.)",INR,0
EXR.D.INR.EUR.SP00.A,D,INR,EUR,SP00,A,2021-04-22,90.394,A,F,,,P1D,,A,,,,,,,99Q1=100,,,4,,4F0,,Indian rupee/Euro ECB reference exchange rate,"ECB reference exchange rate, Indian rupee/Euro, 2.15 pm (C.E.T.)",INR,0
EXR.D.INR.EUR.SP00.A,D,INR,EUR,SP00,A,2021-04-23,90.4715,A,F,,,P1D,,A,,,,,,,99Q1=100,,,4,,4F0,,Indian rupee/Euro ECB reference exchange rate,"ECB reference exchange rate, Indian rupee/Euro, 2.15 pm (C.E.T.)",INR,0
EXR.D.INR.EUR.SP00.A,D,INR,EUR,SP00,A,2021-04-26,90.378,A,F,,,P1D,,A,,,,,,,99Q1=100,,,4,,4F0,,Indian rupee/Euro ECB reference exchange rate,"ECB reference exchange rate, Indian rupee/Euro, 2.15 pm (C.E.T.)",INR,0
EXR.D.INR.EUR.SP00.A,D,INR,EUR,SP00,A,2021-04-27,90.152,A,F,,,P1D,,A,,,,,,,99Q1=100,,,4,,4F0,,Indian rupee/Euro ECB reference exchange rate,"ECB reference exchange rate, Indian rupee/Euro, 2.15 pm (C.E.T.)",INR,0
EXR.D.INR.EUR.SP00.A,D,INR,EUR,SP00,A,2021-04-28,89.889,A,F,,,P1D,,A,,,,,,,99Q1=100,,,4,,4F0,,Indian rupee/Euro ECB reference exchange rate,"ECB reference exchange rate, Indian rupee/Euro, 2.15 pm (C.E.T.)",INR,0
EXR.D.INR.EUR.SP00.A,D,INR,EUR,SP00,A,2021-04-29,89.8545,A,F,,,P1D,,A,,,,,,,99Q1=100,,,4,,4F0,,Indian rupee/Euro ECB reference exchange rate,"ECB reference exchange rate, Indian rupee/Euro, 2.15 pm (C.E.T.)",INR,0
EXR.D.INR.EUR.SP00.A,D,INR,EUR,SP00,A,2021-04-30,89.4795,A,F,,,P1D,,A,,,,,,,99Q1=100,,,4,,4F0,,Indian rupee/Euro ECB reference exchange rate,"ECB reference exchange rate, Indian rupee/Euro, 2.15 pm (C.E.T.)",INR,0
EXR.D.INR.EUR.SP00.A,D,INR,EUR,SP00,A,2021-05-03,88.996,A,F,,,P1D,,A,,,,,,,99Q1=100,,,4,,4F0,,Indian rupee/Euro ECB reference exchange rate,"ECB reference exchange rate, Indian rupee/Euro, 2.15 pm (C.E.T.)",INR,0
EXR.D.INR.EUR.SP00.A,D,INR,EUR,SP00,A,2021-05-04,88.814,A,F,,,P1D,,A,,,,,,,99Q1=100,,,4,,4F0,,Indian rupee/Euro ECB reference exchange rate,"ECB reference exchange rate, Indian rupee/Euro, 2.15 pm (C.E.T.)",INR,0
EXR.D.INR.EUR.SP00.A,D,INR,EUR,SP00,A,2021-05-05,88.6925,A,F,,,P1D,,A,,,,,,,99Q1=100,,,4,,4F0,,Indian rupee/Euro ECB reference exchange rate,"ECB reference exchange rate, Indian rupee/Euro, 2.15 pm (C.E.T.)",INR,0
EXR.D.INR.EUR.SP00.A,D,INR,EUR,SP00,A,2021-05-06,88.9405,A,F,,,P1D,,A,,,,,,,99Q1=100,,,4,,4F0,,Indian rupee/Euro ECB reference exchange rate,"ECB reference exchange rate, Indian rupee/Euro, 2.15 pm (C.E.T.)",INR,0
EXR.D.INR.EUR.SP00.A,D,INR,EUR,SP00,A,2021-05-07,88.6375,A,F,,,P1D,,A,,,,,,,99Q1=100,,,4,,4F0,,Indian rupee/Euro ECB reference exchange rate,"ECB reference exchange rate, Indian rupee/Euro, 2.15 pm (C.E.T.)",INR,0
EXR.D.INR.EUR.SP00.A,D,INR,EUR,SP00,A,2021-05-10,89.2585,A,F,,,P1D,,A,,,,,,,99Q1=100,,,4,,4F0,,Indian rupee/Euro ECB reference exchange rate,"ECB reference exchange rate, Indian rupee/Euro, 2.15 pm (C.E.T.)",INR,0
EXR.D.INR.EUR.SP00.A,D,INR,EUR,SP00,A,2021-05-11,89.289,A,F,,,P1D,,A,,,,,,,99Q1=100,,,4,,4F0,,Indian rupee/Euro ECB reference exchange rate,"ECB reference exchange rate, Indian rupee/Euro, 2.15 pm (C.E.T.)",INR,0
EXR.D.INR.EUR.SP00.A,D,INR,EUR,SP00,A,2021-05-12,88.963,A,F,,,P1D,,A,,,,,,,99Q1=100,,,4,,4F0,,Indian rupee/Euro ECB reference exchange rate,"ECB reference exchange rate, Indian rupee/Euro, 2.15 pm (C.E.T.)",INR,0
EXR.D.INR.EUR.SP00.A,D,INR,EUR,SP00,A,2021-05-13,88.8595,A,F,,,P1D,,A,,,,,,,99Q1=100,,,4,,4F0,,Indian rupee/Euro ECB reference exchange rate,"ECB reference exchange rate, Indian rupee/Euro, 2.15 pm (C.E.T.)",INR,0
EXR.D.INR.EUR.SP00.A,D,INR,EUR,SP00,A,2021-05-14,88.807,A,F,,,P1D,,A,,,,,,,99Q1=100,,,4,,4F0,,Indian rupee/Euro ECB reference exchange rate,"ECB reference exchange rate, Indian rupee/Euro, 2.15 pm (C.E.T.)",INR,0
EXR.D.INR.EUR.SP00.A,D,INR,EUR,SP00,A,2021-05-17,89.0282,A,F,,,P1D,,A,,,,,,,99Q1=100,,,4,,4F0,,Indian rupee/Euro ECB reference exchange rate,"ECB reference exchange rate, Indian rupee/Euro, 2.15 pm (C.E.T.)",INR,0
EXR.D.INR.EUR.SP00.A,D,INR,EUR,SP00,A,2021-05-18,89.231,A,F,,,P1D,,A,,,,,,,99Q1=100,,,4,,4F0,,Indian rupee/Euro ECB reference exchange rate,"ECB reference exchange rate, Indian rupee/Euro, 2.15 pm (C.E.T.)",INR,0
EXR.D.INR.EUR.SP00.A,D,INR,EUR,SP00,A,2021-05-19,89.329,A,F,,,P1D,,A,,,,,,,99Q1=100,,,4,,4F0,,Indian rupee/Euro ECB reference exchange rate,"ECB reference exchange rate, Indian rupee/Euro, 2.15 pm (C.E.T.)",INR,0
EXR.D.INR.EUR.SP00.A,D,INR,EUR,SP00,A,2021-05-20,89.163,A,F,,,P1D,,A,,,,,,,99Q1=100,,,4,,4F0,,Indian rupee/Euro ECB reference exchange rate,"ECB reference exchange rate, Indian rupee/Euro, 2.15 pm (C.E.T.)",INR,0
EXR.D.INR.EUR.SP00.A,D,INR,EUR,SP00,A,2021-05-21,88.802,A,F,,,P1D,,A,,,,,,,99Q1=100,,,4,,4F0,,Indian rupee/Euro ECB reference exchange rate,"ECB reference exchange rate, Indian rupee/Euro, 2.15 pm (C.E.T.)",INR,0
EXR.D.INR.EUR.SP00.A,D,INR,EUR,SP00,A,2021-05-24,89.0517,A,F,,,P1D,,A,,,,,,,99Q1=100,,,4,,4F0,,Indian rupee/Euro ECB reference exchange rate,"ECB reference exchange rate, Indian rupee/Euro, 2.15 pm (C.E.T.)",INR,0
EXR.D.INR.EUR.SP00.A,D,INR,EUR,SP00,A,2021-05-25,89.236,A,F,,,P1D,,A,,,,,,,99Q1=100,,,4,,4F0,,Indian rupee/Euro ECB reference exchange rate,"ECB reference exchange rate, Indian rupee/Euro, 2.15 pm (C.E.T.)",INR,0
EXR.D.INR.EUR.SP00.A,D,INR,EUR,SP00,A,2021-05-26,88.971,A,F,,,P1D,,A,,,,,,,99Q1=100,,,4,,4F0,,Indian rupee/Euro ECB reference exchange rate,"ECB reference exchange rate, Indian rupee/Euro, 2.15 pm (C.E.T.)",INR,0
EXR.D.INR.EUR.SP00.A,D,INR,EUR,SP00,A,2021-05-27,88.563,A,F,,,P1D,,A,,,,,,,99Q1=100,,,4,,4F0,,Indian rupee/Euro ECB reference exchange rate,"ECB reference exchange rate, Indian rupee/Euro, 2.15 pm (C.E.T.)",INR,0
EXR.D.INR.EUR.SP00.A,D,INR,EUR,SP00,A,2021-05-28,88.086,A,F,,,P1D,,A,,,,,,,99Q1=100,,,4,,4F0,,Indian rupee/Euro ECB reference exchange rate,"ECB reference exchange rate, Indian rupee/Euro, 2.15 pm (C.E.T.)",INR,0
EXR.D.INR.EUR.SP00.A,D,INR,EUR,SP00,A,2021-05-31,88.5414,A,F,,,P1D,,A,,,,,,,99Q1=100,,,4,,4F0,,Indian rupee/Euro ECB reference exchange rate,"ECB reference exchange rate, Indian rupee/Euro, 2.15 pm (C.E.T.)",INR,0
EXR.D.INR.EUR.SP00.A,D,INR,EUR,SP00,A,2021-06-01,89.1155,A,F,,,P1D,,A,,,,,,,99Q1=100,,,4,,4F0,,Indian rupee/Euro ECB reference exchange rate,"ECB reference exchange rate, Indian rupee/Euro, 2.15 pm (C.E.T.)",INR,0
EXR.D.INR.EUR.SP00.A,D,INR,EUR,SP00,A,2021-06-02,89.083,A,F,,,P1D,,A,,,,,,,99Q1=100,,,4,,4F0,,Indian rupee/Euro ECB reference exchange rate,"ECB reference exchange rate, Indian rupee/Euro, 2.15 pm (C.E.T.)",INR,0
EXR.D.INR.EUR.SP00.A,D,INR,EUR,SP00,A,2021-06-03,88.8755,A,F,,,P1D,,A,,,,,,,99Q1=100,,,4,,4F0,,Indian rupee/Euro ECB reference exchange rate,"ECB reference exchange rate, Indian rupee/Euro, 2.15 pm (C.E.T.)",INR,0
EXR.D.INR.EUR.SP00.A,D,INR,EUR,SP00,A,2021-06-04,88.4602,A,F,,,P1D,,A,,,,,,,99Q1=100,,,4,,4F0,,Indian rupee/Euro ECB reference exchange rate,"ECB reference exchange rate, Indian rupee/Euro, 2.15 pm (C.E.T.)",INR,0
EXR.D.INR.EUR.SP00.A,D,INR,EUR,SP00,A,2021-06-07,88.5305,A,F,,,P1D,,A,,,,,,,99Q1=100,,,4,,4F0,,Indian rupee/Euro ECB reference exchange rate,"ECB reference exchange rate, Indian rupee/Euro, 2.15 pm (C.E.T.)",INR,0
EXR.D.INR.EUR.SP00.A,D,INR,EUR,SP00,A,2021-06-08,88.778,A,F,,,P1D,,A,,,,,,,99Q1=100,,,4,,4F0,,Indian rupee/Euro ECB reference exchange rate,"ECB reference exchange rate, Indian rupee/Euro, 2.15 pm (C.E.T.)",INR,0
EXR.D.INR.EUR.SP00.A,D,INR,EUR,SP00,A,2021-06-09,88.96,A,F,,,P1D,,A,,,,,,,99Q1=100,,,4,,4F0,,Indian rupee/Euro ECB reference exchange rate,"ECB reference exchange rate, Indian rupee/Euro, 2.15 pm (C.E.T.)",INR,0
EXR.D.INR.EUR.SP00.A,D,INR,EUR,SP00,A,2021-06-10,88.9732,A,F,,,P1D,,A,,,,,,,99Q1=100,,,4,,4F0,,Indian rupee/Euro ECB reference exchange rate,"ECB reference exchange rate, Indian rupee/Euro, 2.15 pm (C.E.T.)",INR,0
EXR.D.INR.EUR.SP00.A,D,INR,EUR,SP00,A,2021-06-11,88.6714,A,F,,,P1D,,A,,,,,,,99Q1=100,,,4,,4F0,,Indian rupee/Euro ECB reference exchange rate,"ECB reference exchange rate, Indian rupee/Euro, 2.15 pm (C.E.T.)",INR,0
EXR.D.INR.EUR.SP00.A,D,INR,EUR,SP00,A,2021-06-14,88.7015,A,F,,,P1D,,A,,,,,,,99Q1=100,,,4,,4F0,,Indian rupee/Euro ECB reference exchange rate,"ECB reference exchange rate, Indian rupee/Euro, 2.15 pm (C.E.T.)",INR,0
EXR.D.INR.EUR.SP00.A,D,INR,EUR,SP00,A,2021-06-15,88.8031,A,F,,,P1D,,A,,,,,,,99Q1=100,,,4,,4F0,,Indian rupee/Euro ECB reference exchange rate,"ECB reference exchange rate, Indian rupee/Euro, 2.15 pm (C.E.T.)",INR,0
EXR.D.INR.EUR.SP00.A,D,INR,EUR,SP00,A,2021-06-16,88.8795,A,F,,,P1D,,A,,,,,,,99Q1=100,,,4,,4F0,,Indian rupee/Euro ECB reference exchange rate,"ECB reference exchange rate, Indian rupee/Euro, 2.15 pm (C.E.T.)",INR,0
EXR.D.INR.EUR.SP00.A,D,INR,EUR,SP00,A,2021-06-17,88.481,A,F,,,P1D,,A,,,,,,,99Q1=100,,,4,,4F0,,Indian rupee/Euro ECB reference exchange rate,"ECB reference exchange rate, Indian rupee/Euro, 2.15 pm (C.E.T.)",INR,0
EXR.D.INR.EUR.SP00.A,D,INR,EUR,SP00,A,2021-06-18,88.0297,A,F,,,P1D,,A,,,,,,,99Q1=100,,,4,,4F0,,Indian rupee/Euro ECB reference exchange rate,"ECB reference exchange rate, Indian rupee/Euro, 2.15 pm (C.E.T.)",INR,0
EXR.D.INR.EUR.SP00.A,D,INR,EUR,SP00,A,2021-06-21,88.186,A,F,,,P1D,,A,,,,,,,99Q1=100,,,4,,4F0,,Indian rupee/Euro ECB reference exchange rate,"ECB reference exchange rate, Indian rupee/Euro, 2.15 pm (C.E.T.)",INR,0
EXR.D.INR.EUR.SP00.A,D,INR,EUR,SP00,A,2021-06-22,88.3735,A,F,,,P1D,,A,,,,,,,99Q1=100,,,4,,4F0,,Indian rupee/Euro ECB reference exchange rate,"ECB reference exchange rate, Indian rupee/Euro, 2.15 pm (C.E.T.)",INR,0
EXR.D.INR.EUR.SP00.A,D,INR,EUR,SP00,A,2021-06-23,88.6476,A,F,,,P1D,,A,,,,,,,99Q1=100,,,4,,4F0,,Indian rupee/Euro ECB reference exchange rate,"ECB reference exchange rate, Indian rupee/Euro, 2.15 pm (C.E.T.)",INR,0
EXR.D.INR.EUR.SP00.A,D,INR,EUR,SP00,A,2021-06-24,88.502,A,F,,,P1D,,A,,,,,,,99Q1=100,,,4,,4F0,,Indian rupee/Euro ECB reference exchange rate,"ECB reference exchange rate, Indian rupee/Euro, 2.15 pm (C.E.T.)",INR,0
EXR.D.INR.EUR.SP00.A,D,INR,EUR,SP00,A,2021-06-25,88.6824,A,F,,,P1D,,A,,,,,,,99Q1=100,,,4,,4F0,,Indian rupee/Euro ECB reference exchange rate,"ECB reference exchange rate, Indian rupee/Euro, 2.15 pm (C.E.T.)",INR,0
EXR.D.INR.EUR.SP00.A,D,INR,EUR,SP00,A,2021-06-28,88.494,A,F,,,P1D,,A,,,,,,,99Q1=100,,,4,,4F0,,Indian rupee/Euro ECB reference exchange rate,"ECB reference exchange rate, Indian rupee/Euro, 2.15 pm (C.E.T.)",INR,0
EXR.D.INR.EUR.SP00.A,D,INR,EUR,SP00,A,2021-06-29,88.305,A,F,,,P1D,,A,,,,,,,99Q1=100,,,4,,4F0,,Indian rupee/Euro ECB reference exchange rate,"ECB reference exchange rate, Indian rupee/Euro, 2.15 pm (C.E.T.)",INR,0
EXR.D.INR.EUR.SP00.A,D,INR,EUR,SP00,A,2021-06-30,88.324,A,F,,,P1D,,A,,,,,,,99Q1=100,,,4,,4F0,,Indian rupee/Euro ECB reference exchange rate,"ECB reference exchange rate, Indian rupee/Euro, 2.15 pm (C.E.T.)",INR,0
EXR.D.INR.EUR.SP00.A,D,INR,EUR,SP00,A,2021-07-01,88.559,A,F,,,P1D,,A,,,,,,,99Q1=100,,,4,,4F0,,Indian rupee/Euro ECB reference exchange rate,"ECB reference exchange rate, Indian rupee/Euro, 2.15 pm (C.E.T.)",INR,0
EXR.D.INR.EUR.SP00.A,D,INR,EUR,SP00,A,2021-07-02,88.3055,A,F,,,P1D,,A,,,,,,,99Q1=100,,,4,,4F0,,Indian rupee/Euro ECB reference exchange rate,"ECB reference exchange rate, Indian rupee/Euro, 2.15 pm (C.E.T.)",INR,0
EXR.D.INR.EUR.SP00.A,D,INR,EUR,SP00,A,2021-07-05,88.1605,A,F,,,P1D,,A,,,,,,,99Q1=100,,,4,,4F0,,Indian rupee/Euro ECB reference exchange rate,"ECB reference exchange rate, Indian rupee/Euro, 2.15 pm (C.E.T.)",INR,0
EXR.D.INR.EUR.SP00.A,D,INR,EUR,SP00,A,2021-07-06,88.2126,A,F,,,P1D,,A,,,,,,,99Q1=100,,,4,,4F0,,Indian rupee/Euro ECB reference exchange rate,"ECB reference exchange rate, Indian rupee/Euro, 2.15 pm (C.E.T.)",INR,0
EXR.D.INR.EUR.SP00.A,D,INR,EUR,SP00,A,2021-07-07,88.2825,A,F,,,P1D,,A,,,,,,,99Q1=100,,,4,,4F0,,Indian rupee/Euro ECB reference exchange rate,"ECB reference exchange rate, Indian rupee/Euro, 2.15 pm (C.E.T.)",INR,0
EXR.D.INR.EUR.SP00.A,D,INR,EUR,SP00,A,2021-07-08,88.6073,A,F,,,P1D,,A,,,,,,,99Q1=100,,,4,,4F0,,Indian rupee/Euro ECB reference exchange rate,"ECB reference exchange rate, Indian rupee/Euro, 2.15 pm (C.E.T.)",INR,0
EXR.D.INR.EUR.SP00.A,D,INR,EUR,SP00,A,2021-07-09,88.371,A,F,,,P1D,,A,,,,,,,99Q1=100,,,4,,4F0,,Indian rupee/Euro ECB reference exchange rate,"ECB reference exchange rate, Indian rupee/Euro, 2.15 pm (C.E.T.)",INR,0
EXR.D.INR.EUR.SP00.A,D,INR,EUR,SP00,A,2021-07-12,88.411,A,F,,,P1D,,A,,,,,,,99Q1=100,,,4,,4F0,,Indian rupee/Euro ECB reference exchange rate,"ECB reference exchange rate, Indian rupee/Euro, 2.15 pm (C.E.T.)",INR,0
EXR.D.INR.EUR.SP00.A,D,INR,EUR,SP00,A,2021-07-13,88.2879,A,F,,,P1D,,A,,,,,,,99Q1=100,,,4,,4F0,,Indian rupee/Euro ECB reference exchange rate,"ECB reference exchange rate, Indian rupee/Euro, 2.15 pm (C.E.T.)",INR,0
EXR.D.INR.EUR.SP00.A,D,INR,EUR,SP00,A,2021-07-14,87.9885,A,F,,,P1D,,A,,,,,,,99Q1=100,,,4,,4F0,,Indian rupee/Euro ECB reference exchange rate,"ECB reference exchange rate, Indian rupee/Euro, 2.15 pm (C.E.T.)",INR,0
EXR.D.INR.EUR.SP00.A,D,INR,EUR,SP00,A,2021-07-15,88.051,A,F,,,P1D,,A,,,,,,,99Q1=100,,,4,,4F0,,Indian rupee/Euro ECB reference exchange rate,"ECB reference exchange rate, Indian rupee/Euro, 2.15 pm (C.E.T.)",INR,0
EXR.D.INR.EUR.SP00.A,D,INR,EUR,SP00,A,2021-07-16,88.031,A,F,,,P1D,,A,,,,,,,99Q1=100,,,4,,4F0,,Indian rupee/Euro ECB reference exchange rate,"ECB reference exchange rate, Indian rupee/Euro, 2.15 pm (C.E.T.)",INR,0
EXR.D.INR.EUR.SP00.A,D,INR,EUR,SP00,A,2021-07-19,88.226,A,F,,,P1D,,A,,,,,,,99Q1=100,,,4,,4F0,,Indian rupee/Euro ECB reference exchange rate,"ECB reference exchange rate, Indian rupee/Euro, 2.15 pm (C.E.T.)",INR,0
EXR.D.INR.EUR.SP00.A,D,INR,EUR,SP00,A,2021-07-20,87.921,A,F,,,P1D,,A,,,,,,,99Q1=100,,,4,,4F0,,Indian rupee/Euro ECB reference exchange rate,"ECB reference exchange rate, Indian rupee/Euro, 2.15 pm (C.E.T.)",INR,0
EXR.D.INR.EUR.SP00.A,D,INR,EUR,SP00,A,2021-07-21,87.7895,A,F,,,P1D,,A,,,,,,,99Q1=100,,,4,,4F0,,Indian rupee/Euro ECB reference exchange rate,"ECB reference exchange rate, Indian rupee/Euro, 2.15 pm (C.E.T.)",INR,0
EXR.D.INR.EUR.SP00.A,D,INR,EUR,SP00,A,2021-07-22,87.6615,A,F,,,P1D,,A,,,,,,,99Q1=100,,,4,,4F0,,Indian rupee/Euro ECB reference exchange rate,"ECB reference exchange rate, Indian rupee/Euro, 2.15 pm (C.E.T.)",INR,0
EXR.D.INR.EUR.SP00.A,D,INR,EUR,SP00,A,2021-07-23,87.5905,A,F,,,P1D,,A,,,,,,,99Q1=100,,,4,,4F0,,Indian rupee/Euro ECB reference exchange rate,"ECB reference exchange rate, Indian rupee/Euro, 2.15 pm (C.E.T.)",INR,0
EXR.D.INR.EUR.SP00.A,D,INR,EUR,SP00,A,2021-07-26,87.7305,A,F,,,P1D,,A,,,,,,,99Q1=100,,,4,,4F0,,Indian rupee/Euro ECB reference exchange rate,"ECB reference exchange rate, Indian rupee/Euro, 2.15 pm (C.E.T.)",INR,0
EXR.D.INR.EUR.SP00.A,D,INR,EUR,SP00,A,2021-07-27,87.913,A,F,,,P1D,,A,,,,,,,99Q1=100,,,4,,4F0,,Indian rupee/Euro ECB reference exchange rate,"ECB reference exchange rate, Indian rupee/Euro, 2.15 pm (C.E.T.)",INR,0
EXR.D.INR.EUR.SP00.A,D,INR,EUR,SP00,A,2021-07-28,87.833,A,F,,,P1D,,A,,,,,,,99Q1=100,,,4,,4F0,,Indian rupee/Euro ECB reference exchange rate,"ECB reference exchange rate, Indian rupee/Euro, 2.15 pm (C.E.T.)",INR,0
EXR.D.INR.EUR.SP00.A,D,INR,EUR,SP00,A,2021-07-29,88.1675,A,F,,,P1D,,A,,,,,,,99Q1=100,,,4,,4F0,,Indian rupee/Euro ECB reference exchange rate,"ECB reference exchange rate, Indian rupee/Euro, 2.15 pm (C.E.T.)",INR,0
EXR.D.INR.EUR.SP00.A,D,INR,EUR,SP00,A,2021-07-30,88.3941,A,F,,,P1D,,A,,,,,,,99Q1=100,,,4,,4F0,,Indian rupee/Euro ECB reference exchange rate,"ECB reference exchange rate, Indian rupee/Euro, 2.15 pm (C.E.T.)",INR,0
EXR.D.INR.EUR.SP00.A,D,INR,EUR,SP00,A,2021-08-02,88.396,A,F,,,P1D,,A,,,,,,,99Q1=100,,,4,,4F0,,Indian rupee/Euro ECB reference exchange rate,"ECB reference exchange rate, Indian rupee/Euro, 2.15 pm (C.E.T.)",INR,0
EXR.D.INR.EUR.SP00.A,D,INR,EUR,SP00,A,2021-08-03,88.2175,A,F,,,P1D,,A,,,,,,,99Q1=100,,,4,,4F0,,Indian rupee/Euro ECB reference exchange rate,"ECB reference exchange rate, Indian rupee/Euro, 2.15 pm (C.E.T.)",INR,0
EXR.D.INR.EUR.SP00.A,D,INR,EUR,SP00,A,2021-08-04,87.9575,A,F,,,P1D,,A,,,,,,,99Q1=100,,,4,,4F0,,Indian rupee/Euro ECB reference exchange rate,"ECB reference exchange rate, Indian rupee/Euro, 2.15 pm (C.E.T.)",INR,0
EXR.D.INR.EUR.SP00.A,D,INR,EUR,SP00,A,2021-08-05,87.8256,A,F,,,P1D,,A,,,,,,,99Q1=100,,,4,,4F0,,Indian rupee/Euro ECB reference exchange rate,"ECB reference exchange rate, Indian rupee/Euro, 2.15 pm (C.E.T.)",INR,0
EXR.D.INR.EUR.SP00.A,D,INR,EUR,SP00,A,2021-08-06,87.4993,A,F,,,P1D,,A,,,,,,,99Q1=100,,,4,,4F0,,Indian rupee/Euro ECB reference exchange rate,"ECB reference exchange rate, Indian rupee/Euro, 2.15 pm (C.E.T.)",INR,0
EXR.D.INR.EUR.SP00.A,D,INR,EUR,SP00,A,2021-08-09,87.3195,A,F,,,P1D,,A,,,,,,,99Q1=100,,,4,,4F0,,Indian rupee/Euro ECB reference exchange rate,"ECB reference exchange rate, Indian rupee/Euro, 2.15 pm (C.E.T.)",INR,0
EXR.D.INR.EUR.SP00.A,D,INR,EUR,SP00,A,2021-08-10,87.193,A,F,,,P1D,,A,,,,,,,99Q1=100,,,4,,4F0,,Indian rupee/Euro ECB reference exchange rate,"ECB reference exchange rate, Indian rupee/Euro, 2.15 pm (C.E.T.)",INR,0
EXR.D.INR.EUR.SP00.A,D,INR,EUR,SP00,A,2021-08-11,87.1605,A,F,,,P1D,,A,,,,,,,99Q1=100,,,4,,4F0,,Indian rupee/Euro ECB reference exchange rate,"ECB reference exchange rate, Indian rupee/Euro, 2.15 pm (C.E.T.)",INR,0
EXR.D.INR.EUR.SP00.A,D,INR,EUR,SP00,A,2021-08-12,87.1095,A,F,,,P1D,,A,,,,,,,99Q1=100,,,4,,4F0,,Indian rupee/Euro ECB reference exchange rate,"ECB reference exchange rate, Indian rupee/Euro, 2.15 pm (C.E.T.)",INR,0
EXR.D.INR.EUR.SP00.A,D,INR,EUR,SP00,A,2021-08-13,87.374,A,F,,,P1D,,A,,,,,,,99Q1=100,,,4,,4F0,,Indian rupee/Euro ECB reference exchange rate,"ECB reference exchange rate, Indian rupee/Euro, 2.15 pm (C.E.T.)",INR,0
EXR.D.INR.EUR.SP00.A,D,INR,EUR,SP00,A,2021-08-16,87.3695,A,F,,,P1D,,A,,,,,,,99Q1=100,,,4,,4F0,,Indian rupee/Euro ECB reference exchange rate,"ECB reference exchange rate, Indian rupee/Euro, 2.15 pm (C.E.T.)",INR,0
EXR.D.INR.EUR.SP00.A,D,INR,EUR,SP00,A,2021-08-17,87.439,A,F,,,P1D,,A,,,,,,,99Q1=100,,,4,,4F0,,Indian rupee/Euro ECB reference exchange rate,"ECB reference exchange rate, Indian rupee/Euro, 2.15 pm (C.E.T.)",INR,0
EXR.D.INR.EUR.SP00.A,D,INR,EUR,SP00,A,2021-08-18,87.047,A,F,,,P1D,,A,,,,,,,99Q1=100,,,4,,4F0,,Indian rupee/Euro ECB reference exchange rate,"ECB reference exchange rate, Indian rupee/Euro, 2.15 pm (C.E.T.)",INR,0
EXR.D.INR.EUR.SP00.A,D,INR,EUR,SP00,A,2021-08-19,86.9975,A,F,,,P1D,,A,,,,,,,99Q1=100,,,4,,4F0,,Indian rupee/Euro ECB reference exchange rate,"ECB reference exchange rate, Indian rupee/Euro, 2.15 pm (C.E.T.)",INR,0
EXR.D.INR.EUR.SP00.A,D,INR,EUR,SP00,A,2021-08-20,86.8025,A,F,,,P1D,,A,,,,,,,99Q1=100,,,4,,4F0,,Indian rupee/Euro ECB reference exchange rate,"ECB reference exchange rate, Indian rupee/Euro, 2.15 pm (C.E.T.)",INR,0
EXR.D.INR.EUR.SP00.A,D,INR,EUR,SP00,A,2021-08-23,86.915,A,F,,,P1D,,A,,,,,,,99Q1=100,,,4,,4F0,,Indian rupee/Euro ECB reference exchange rate,"ECB reference exchange rate, Indian rupee/Euro, 2.15 pm (C.E.T.)",INR,0
EXR.D.INR.EUR.SP00.A,D,INR,EUR,SP00,A,2021-08-24,87.0625,A,F,,,P1D,,A,,,,,,,99Q1=100,,,4,,4F0,,Indian rupee/Euro ECB reference exchange rate,"ECB reference exchange rate, Indian rupee/Euro, 2.15 pm (C.E.T.)",INR,0
EXR.D.INR.EUR.SP00.A,D,INR,EUR,SP00,A,2021-08-25,87.152,A,F,,,P1D,,A,,,,,,,99Q1=100,,,4,,4F0,,Indian rupee/Euro ECB reference exchange rate,"ECB reference exchange rate, Indian rupee/Euro, 2.15 pm (C.E.T.)",INR,0
EXR.D.INR.EUR.SP00.A,D,INR,EUR,SP00,A,2021-08-26,87.234,A,F,,,P1D,,A,,,,,,,99Q1=100,,,4,,4F0,,Indian rupee/Euro ECB reference exchange rate,"ECB reference exchange rate, Indian rupee/Euro, 2.15 pm (C.E.T.)",INR,0
EXR.D.INR.EUR.SP00.A,D,INR,EUR,SP00,A,2021-08-27,86.701,A,F,,,P1D,,A,,,,,,,99Q1=100,,,4,,4F0,,Indian rupee/Euro ECB reference exchange rate,"ECB reference exchange rate, Indian rupee/Euro, 2.15 pm (C.E.T.)",INR,0
EXR.D.INR.EUR.SP00.A,D,INR,EUR,SP00,A,2021-08-30,86.5035,A,F,,,P1D,,A,,,,,,,99Q1=100,,,4,,4F0,,Indian rupee/Euro ECB reference exchange rate,"ECB reference exchange rate, Indian rupee/Euro, 2.15 pm (C.E.T.)",INR,0
EXR.D.INR.EUR.SP00.A,D,INR,EUR,SP00,A,2021-08-31,86.385,A,F,,,P1D,,A,,,,,,,99Q1=100,,,4,,4F0,,Indian rupee/Euro ECB reference exchange rate,"ECB reference exchange rate, Indian rupee/Euro, 2.15 pm (C.E.T.)",INR,0
EXR.D.INR.EUR.SP00.A,D,INR,EUR,SP00,A,2021-09-01,86.348,A,F,,,P1D,,A,,,,,,,99Q1=100,,,4,,4F0,,Indian rupee/Euro ECB reference exchange rate,"ECB reference exchange rate, Indian rupee/Euro, 2.15 pm (C.E.T.)",INR,0
EXR.D.INR.EUR.SP00.A,D,INR,EUR,SP00,A,2021-09-02,86.5205,A,F,,,P1D,,A,,,,,,,99Q1=100,,,4,,4F0,,Indian rupee/Euro ECB reference exchange rate,"ECB reference exchange rate, Indian rupee/Euro, 2.15 pm (C.E.T.)",INR,0
EXR.D.INR.EUR.SP00.A,D,INR,EUR,SP00,A,2021-09-03,86.7045,A,F,,,P1D,,A,,,,,,,99Q1=100,,,4,,4F0,,Indian rupee/Euro ECB reference exchange rate,"ECB reference exchange rate, Indian rupee/Euro, 2.15 pm (C.E.T.)",INR,0
EXR.D.INR.EUR.SP00.A,D,INR,EUR,SP00,A,2021-09-06,86.7135,A,F,,,P1D,,A,,,,,,,99Q1=100,,,4,,4F0,,Indian rupee/Euro ECB reference exchange rate,"ECB reference exchange rate, Indian rupee/Euro, 2.15 pm (C.E.T.)",INR,0
EXR.D.INR.EUR.SP00.A,D,INR,EUR,SP00,A,2021-09-07,87.1355,A,F,,,P1D,,A,,,,,,,99Q1=100,,,4,,4F0,,Indian rupee/Euro ECB reference exchange rate,"ECB reference exchange rate, Indian rupee/Euro, 2.15 pm (C.E.T.)",INR,0
EXR.D.INR.EUR.SP00.A,D,INR,EUR,SP00,A,2021-09-08,87.0105,A,F,,,P1D,,A,,,,,,,99Q1=100,,,4,,4F0,,Indian rupee/Euro ECB reference exchange rate,"ECB reference exchange rate, Indian rupee/Euro, 2.15 pm (C.E.T.)",INR,0
EXR.D.INR.EUR.SP00.A,D,INR,EUR,SP00,A,2021-09-09,87.0705,A,F,,,P1D,,A,,,,,,,99Q1=100,,,4,,4F0,,Indian rupee/Euro ECB reference exchange rate,"ECB reference exchange rate, Indian rupee/Euro, 2.15 pm (C.E.T.)",INR,0
EXR.D.INR.EUR.SP00.A,D,INR,EUR,SP00,A,2021-09-10,86.9469,A,F,,,P1D,,A,,,,,,,99Q1=100,,,4,,4F0,,Indian rupee/Euro ECB reference exchange rate,"ECB reference exchange rate, Indian rupee/Euro, 2.15 pm (C.E.T.)",INR,0
EXR.D.INR.EUR.SP00.A,D,INR,EUR,SP00,A,2021-09-13,86.844,A,F,,,P1D,,A,,,,,,,99Q1=100,,,4,,4F0,,Indian rupee/Euro ECB reference exchange rate,"ECB reference exchange rate, Indian rupee/Euro, 2.15 pm (C.E.T.)",INR,0
EXR.D.INR.EUR.SP00.A,D,INR,EUR,SP00,A,2021-09-14,87.037,A,F,,,P1D,,A,,,,,,,99Q1=100,,,4,,4F0,,Indian rupee/Euro ECB reference exchange rate,"ECB reference exchange rate, Indian rupee/Euro, 2.15 pm (C.E.T.)",INR,0
EXR.D.INR.EUR.SP00.A,D,INR,EUR,SP00,A,2021-09-15,86.8625,A,F,,,P1D,,A,,,,,,,99Q1=100,,,4,,4F0,,Indian rupee/Euro ECB reference exchange rate,"ECB reference exchange rate, Indian rupee/Euro, 2.15 pm (C.E.T.)",INR,0
EXR.D.INR.EUR.SP00.A,D,INR,EUR,SP00,A,2021-09-16,86.473,A,F,,,P1D,,A,,,,,,,99Q1=100,,,4,,4F0,,Indian rupee/Euro ECB reference exchange rate,"ECB reference exchange rate, Indian rupee/Euro, 2.15 pm (C.E.T.)",INR,0
EXR.D.INR.EUR.SP00.A,D,INR,EUR,SP00,A,2021-09-17,86.5335,A,F,,,P1D,,A,,,,,,,99Q1=100,,,4,,4F0,,Indian rupee/Euro ECB reference exchange rate,"ECB reference exchange rate, Indian rupee/Euro, 2.15 pm (C.E.T.)",INR,0
EXR.D.INR.EUR.SP00.A,D,INR,EUR,SP00,A,2021-09-20,86.272,A,F,,,P1D,,A,,,,,,,99Q1=100,,,4,,4F0,,Indian rupee/Euro ECB reference exchange rate,"ECB reference exchange rate, Indian rupee/Euro, 2.15 pm (C.E.T.)",INR,0
EXR.D.INR.EUR.SP00.A,D,INR,EUR,SP00,A,2021-09-21,86.4895,A,F,,,P1D,,A,,,,,,,99Q1=100,,,4,,4F0,,Indian rupee/Euro ECB reference exchange rate,"ECB reference exchange rate, Indian rupee/Euro, 2.15 pm (C.E.T.)",INR,0
EXR.D.INR.EUR.SP00.A,D,INR,EUR,SP00,A,2021-09-22,86.622,A,F,,,P1D,,A,,,,,,,99Q1=100,,,4,,4F0,,Indian rupee/Euro ECB reference exchange rate,"ECB reference exchange rate, Indian rupee/Euro, 2.15 pm (C.E.T.)",INR,0
EXR.D.INR.EUR.SP00.A,D,INR,EUR,SP00,A,2021-09-23,86.367,A,F,,,P1D,,A,,,,,,,99Q1=100,,,4,,4F0,,Indian rupee/Euro ECB reference exchange rate,"ECB reference exchange rate, Indian rupee/Euro, 2.15 pm (C.E.T.)",INR,0
EXR.D.INR.EUR.SP00.A,D,INR,EUR,SP00,A,2021-09-24,86.471,A,F,,,P1D,,A,,,,,,,99Q1=100,,,4,,4F0,,Indian rupee/Euro ECB reference exchange rate,"ECB reference exchange rate, Indian rupee/Euro, 2.15 pm (C.E.T.)",INR,0
EXR.D.INR.EUR.SP00.A,D,INR,EUR,SP00,A,2021-09-27,86.4025,A,F,,,P1D,,A,,,,,,,99Q1=100,,,4,,4F0,,Indian rupee/Euro ECB reference exchange rate,"ECB reference exchange rate, Indian rupee/Euro, 2.15 pm (C.E.T.)",INR,0
EXR.D.INR.EUR.SP00.A,D,INR,EUR,SP00,A,2021-09-28,86.5595,A,F,,,P1D,,A,,,,,,,99Q1=100,,,4,,4F0,,Indian rupee/Euro ECB reference exchange rate,"ECB reference exchange rate, Indian rupee/Euro, 2.15 pm (C.E.T.)",INR,0
EXR.D.INR.EUR.SP00.A,D,INR,EUR,SP00,A,2021-09-29,86.467,A,F,,,P1D,,A,,,,,,,99Q1=100,,,4,,4F0,,Indian rupee/Euro ECB reference exchange rate,"ECB reference exchange rate, Indian rupee/Euro, 2.15 pm (C.E.T.)",INR,0
EXR.D.INR.EUR.SP00.A,D,INR,EUR,SP00,A,2021-09-30,86.0766,A,F,,,P1D,,A,,,,,,,99Q1=100,,,4,,4F0,,Indian rupee/Euro ECB reference exchange rate,"ECB reference exchange rate, Indian rupee/Euro, 2.15 pm (C.E.T.)",INR,0
EXR.D.INR.EUR.SP00.A,D,INR,EUR,SP00,A,2021-10-01,85.975,A,F,,,P1D,,A,,,,,,,99Q1=100,,,4,,4F0,,Indian rupee/Euro ECB reference exchange rate,"ECB reference exchange rate, Indian rupee/Euro, 2.15 pm (C.E.T.)",INR,0
EXR.D.INR.EUR.SP00.A,D,INR,EUR,SP00,A,2021-10-04,86.4025,A,F,,,P1D,,A,,,,,,,99Q1=100,,,4,,4F0,,Indian rupee/Euro ECB reference exchange rate,"ECB reference exchange rate, Indian rupee/Euro, 2.15 pm (C.E.T.)",INR,0
EXR.D.INR.EUR.SP00.A,D,INR,EUR,SP00,A,2021-10-05,86.488,A,F,,,P1D,,A,,,,,,,99Q1=100,,,4,,4F0,,Indian rupee/Euro ECB reference exchange rate,"ECB reference exchange rate, Indian rupee/Euro, 2.15 pm (C.E.T.)",INR,0
EXR.D.INR.EUR.SP00.A,D,INR,EUR,SP00,A,2021-10-06,86.438,A,F,,,P1D,,A,,,,,,,99Q1=100,,,4,,4F0,,Indian rupee/Euro ECB reference exchange rate,"ECB reference exchange rate, Indian rupee/Euro, 2.15 pm (C.E.T.)",INR,0
EXR.D.INR.EUR.SP00.A,D,INR,EUR,SP00,A,2021-10-07,86.408,A,F,,,P1D,,A,,,,,,,99Q1=100,,,4,,4F0,,Indian rupee/Euro ECB reference exchange rate,"ECB reference exchange rate, Indian rupee/Euro, 2.15 pm (C.E.T.)",INR,0
EXR.D.INR.EUR.SP00.A,D,INR,EUR,SP00,A,2021-10-08,86.7495,A,F,,,P1D,,A,,,,,,,99Q1=100,,,4,,4F0,,Indian rupee/Euro ECB reference exchange rate,"ECB reference exchange rate, Indian rupee/Euro, 2.15 pm (C.E.T.)",INR,0
EXR.D.INR.EUR.SP00.A,D,INR,EUR,SP00,A,2021-10-11,87.334,A,F,,,P1D,,A,,,,,,,99Q1=100,,,4,,4F0,,Indian rupee/Euro ECB reference exchange rate,"ECB reference exchange rate, Indian rupee/Euro, 2.15 pm (C.E.T.)",INR,0
EXR.D.INR.EUR.SP00.A,D,INR,EUR,SP00,A,2021-10-12,87.272,A,F,,,P1D,,A,,,,,,,99Q1=100,,,4,,4F0,,Indian rupee/Euro ECB reference exchange rate,"ECB reference exchange rate, Indian rupee/Euro, 2.15 pm (C.E.T.)",INR,0
EXR.D.INR.EUR.SP00.A,D,INR,EUR,SP00,A,2021-10-13,87.1095,A,F,,,P1D,,A,,,,,,,99Q1=100,,,4,,4F0,,Indian rupee/Euro ECB reference exchange rate,"ECB reference exchange rate, Indian rupee/Euro, 2.15 pm (C.E.T.)",INR,0
EXR.D.INR.EUR.SP00.A,D,INR,EUR,SP00,A,2021-10-14,87.3355,A,F,,,P1D,,A,,,,,,,99Q1=100,,,4,,4F0,,Indian rupee/Euro ECB reference exchange rate,"ECB reference exchange rate, Indian rupee/Euro, 2.15 pm (C.E.T.)",INR,0
EXR.D.INR.EUR.SP00.A,D,INR,EUR,SP00,A,2021-10-15,86.967,A,F,,,P1D,,A,,,,,,,99Q1=100,,,4,,4F0,,Indian rupee/Euro ECB reference exchange rate,"ECB reference exchange rate, Indian rupee/Euro, 2.15 pm (C.E.T.)",INR,0
EXR.D.INR.EUR.SP00.A,D,INR,EUR,SP00,A,2021-10-18,87.4083,A,F,,,P1D,,A,,,,,,,99Q1=100,,,4,,4F0,,Indian rupee/Euro ECB reference exchange rate,"ECB reference exchange rate, Indian rupee/Euro, 2.15 pm (C.E.T.)",INR,0
EXR.D.INR.EUR.SP00.A,D,INR,EUR,SP00,A,2021-10-19,87.5,A,F,,,P1D,,A,,,,,,,99Q1=100,,,4,,4F0,,Indian rupee/Euro ECB reference exchange rate,"ECB reference exchange rate, Indian rupee/Euro, 2.15 pm (C.E.T.)",INR,0
EXR.D.INR.EUR.SP00.A,D,INR,EUR,SP00,A,2021-10-20,87.0086,A,F,,,P1D,,A,,,,,,,99Q1=100,,,4,,4F0,,Indian rupee/Euro ECB reference exchange rate,"ECB reference exchange rate, Indian rupee/Euro, 2.15 pm (C.E.T.)",INR,0
EXR.D.INR.EUR.SP00.A,D,INR,EUR,SP00,A,2021-10-21,87.1445,A,F,,,P1D,,A,,,,,,,99Q1=100,,,4,,4F0,,Indian rupee/Euro ECB reference exchange rate,"ECB reference exchange rate, Indian rupee/Euro, 2.15 pm (C.E.T.)",INR,0
EXR.D.INR.EUR.SP00.A,D,INR,EUR,SP00,A,2021-10-22,87.074,A,F,,,P1D,,A,,,,,,,99Q1=100,,,4,,4F0,,Indian rupee/Euro ECB reference exchange rate,"ECB reference exchange rate, Indian rupee/Euro, 2.15 pm (C.E.T.)",INR,0
EXR.D.INR.EUR.SP00.A,D,INR,EUR,SP00,A,2021-10-25,87.216,A,F,,,P1D,,A,,,,,,,99Q1=100,,,4,,4F0,,Indian rupee/Euro ECB reference exchange rate,"ECB reference exchange rate, Indian rupee/Euro, 2.15 pm (C.E.T.)",INR,0
EXR.D.INR.EUR.SP00.A,D,INR,EUR,SP00,A,2021-10-26,87.082,A,F,,,P1D,,A,,,,,,,99Q1=100,,,4,,4F0,,Indian rupee/Euro ECB reference exchange rate,"ECB reference exchange rate, Indian rupee/Euro, 2.15 pm (C.E.T.)",INR,0
EXR.D.INR.EUR.SP00.A,D,INR,EUR,SP00,A,2021-10-27,87.201,A,F,,,P1D,,A,,,,,,,99Q1=100,,,4,,4F0,,Indian rupee/Euro ECB reference exchange rate,"ECB reference exchange rate, Indian rupee/Euro, 2.15 pm (C.E.T.)",INR,0
EXR.D.INR.EUR.SP00.A,D,INR,EUR,SP00,A,2021-10-28,86.8032,A,F,,,P1D,,A,,,,,,,99Q1=100,,,4,,4F0,,Indian rupee/Euro ECB reference exchange rate,"ECB reference exchange rate, Indian rupee/Euro, 2.15 pm (C.E.T.)",INR,0
EXR.D.INR.EUR.SP00.A,D,INR,EUR,SP00,A,2021-10-29,87.183,A,F,,,P1D,,A,,,,,,,99Q1=100,,,4,,4F0,,Indian rupee/Euro ECB reference exchange rate,"ECB reference exchange rate, Indian rupee/Euro, 2.15 pm (C.E.T.)",INR,0
EXR.D.INR.EUR.SP00.A,D,INR,EUR,SP00,A,2021-11-01,86.7275,A,F,,,P1D,,A,,,,,,,99Q1=100,,,4,,4F0,,Indian rupee/Euro ECB reference exchange rate,"ECB reference exchange rate, Indian rupee/Euro, 2.15 pm (C.E.T.)",INR,0
EXR.D.INR.EUR.SP00.A,D,INR,EUR,SP00,A,2021-11-02,86.604,A,F,,,P1D,,A,,,,,,,99Q1=100,,,4,,4F0,,Indian rupee/Euro ECB reference exchange rate,"ECB reference exchange rate, Indian rupee/Euro, 2.15 pm (C.E.T.)",INR,0
EXR.D.INR.EUR.SP00.A,D,INR,EUR,SP00,A,2021-11-03,86.2355,A,F,,,P1D,,A,,,,,,,99Q1=100,,,4,,4F0,,Indian rupee/Euro ECB reference exchange rate,"ECB reference exchange rate, Indian rupee/Euro, 2.15 pm (C.E.T.)",INR,0
EXR.D.INR.EUR.SP00.A,D,INR,EUR,SP00,A,2021-11-04,86.0955,A,F,,,P1D,,A,,,,,,,99Q1=100,,,4,,4F0,,Indian rupee/Euro ECB reference exchange rate,"ECB reference exchange rate, Indian rupee/Euro, 2.15 pm (C.E.T.)",INR,0
EXR.D.INR.EUR.SP00.A,D,INR,EUR,SP00,A,2021-11-05,85.5415,A,F,,,P1D,,A,,,,,,,99Q1=100,,,4,,4F0,,Indian rupee/Euro ECB reference exchange rate,"ECB reference exchange rate, Indian rupee/Euro, 2.15 pm (C.E.T.)",INR,0
EXR.D.INR.EUR.SP00.A,D,INR,EUR,SP00,A,2021-11-08,85.8135,A,F,,,P1D,,A,,,,,,,99Q1=100,,,4,,4F0,,Indian rupee/Euro ECB reference exchange rate,"ECB reference exchange rate, Indian rupee/Euro, 2.15 pm (C.E.T.)",INR,0
EXR.D.INR.EUR.SP00.A,D,INR,EUR,SP00,A,2021-11-09,85.791,A,F,,,P1D,,A,,,,,,,99Q1=100,,,4,,4F0,,Indian rupee/Euro ECB reference exchange rate,"ECB reference exchange rate, Indian rupee/Euro, 2.15 pm (C.E.T.)",INR,0
EXR.D.INR.EUR.SP00.A,D,INR,EUR,SP00,A,2021-11-10,85.8824,A,F,,,P1D,,A,,,,,,,99Q1=100,,,4,,4F0,,Indian rupee/Euro ECB reference exchange rate,"ECB reference exchange rate, Indian rupee/Euro, 2.15 pm (C.E.T.)",INR,0
EXR.D.INR.EUR.SP00.A,D,INR,EUR,SP00,A,2021-11-11,85.309,A,F,,,P1D,,A,,,,,,,99Q1=100,,,4,,4F0,,Indian rupee/Euro ECB reference exchange rate,"ECB reference exchange rate, Indian rupee/Euro, 2.15 pm (C.E.T.)",INR,0
EXR.D.INR.EUR.SP00.A,D,INR,EUR,SP00,A,2021-11-12,85.193,A,F,,,P1D,,A,,,,,,,99Q1=100,,,4,,4F0,,Indian rupee/Euro ECB reference exchange rate,"ECB reference exchange rate, Indian rupee/Euro, 2.15 pm (C.E.T.)",INR,0
EXR.D.INR.EUR.SP00.A,D,INR,EUR,SP00,A,2021-11-15,85.143,A,F,,,P1D,,A,,,,,,,99Q1=100,,,4,,4F0,,Indian rupee/Euro ECB reference exchange rate,"ECB reference exchange rate, Indian rupee/Euro, 2.15 pm (C.E.T.)",INR,0
EXR.D.INR.EUR.SP00.A,D,INR,EUR,SP00,A,2021-11-16,84.5404,A,F,,,P1D,,A,,,,,,,99Q1=100,,,4,,4F0,,Indian rupee/Euro ECB reference exchange rate,"ECB reference exchange rate, Indian rupee/Euro, 2.15 pm (C.E.T.)",INR,0
EXR.D.INR.EUR.SP00.A,D,INR,EUR,SP00,A,2021-11-17,84.03,A,F,,,P1D,,A,,,,,,,99Q1=100,,,4,,4F0,,Indian rupee/Euro ECB reference exchange rate,"ECB reference exchange rate, Indian rupee/Euro, 2.15 pm (C.E.T.)",INR,0
EXR.D.INR.EUR.SP00.A,D,INR,EUR,SP00,A,2021-11-18,84.218,A,F,,,P1D,,A,,,,,,,99Q1=100,,,4,,4F0,,Indian rupee/Euro ECB reference exchange rate,"ECB reference exchange rate, Indian rupee/Euro, 2.15 pm (C.E.T.)",INR,0
EXR.D.INR.EUR.SP00.A,D,INR,EUR,SP00,A,2021-11-19,83.6905,A,F,,,P1D,,A,,,,,,,99Q1=100,,,4,,4F0,,Indian rupee/Euro ECB reference exchange rate,"ECB reference exchange rate, Indian rupee/Euro, 2.15 pm (C.E.T.)",INR,0
EXR.D.INR.EUR.SP00.A,D,INR,EUR,SP00,A,2021-11-22,83.852,A,F,,,P1D,,A,,,,,,,99Q1=100,,,4,,4F0,,Indian rupee/Euro ECB reference exchange rate,"ECB reference exchange rate, Indian rupee/Euro, 2.15 pm (C.E.T.)",INR,0
EXR.D.INR.EUR.SP00.A,D,INR,EUR,SP00,A,2021-11-23,83.8395,A,F,,,P1D,,A,,,,,,,99Q1=100,,,4,,4F0,,Indian rupee/Euro ECB reference exchange rate,"ECB reference exchange rate, Indian rupee/Euro, 2.15 pm (C.E.T.)",INR,0
EXR.D.INR.EUR.SP00.A,D,INR,EUR,SP00,A,2021-11-24,83.439,A,F,,,P1D,,A,,,,,,,99Q1=100,,,4,,4F0,,Indian rupee/Euro ECB reference exchange rate,"ECB reference exchange rate, Indian rupee/Euro, 2.15 pm (C.E.T.)",INR,0
EXR.D.INR.EUR.SP00.A,D,INR,EUR,SP00,A,2021-11-25,83.6074,A,F,,,P1D,,A,,,,,,,99Q1=100,,,4,,4F0,,Indian rupee/Euro ECB reference exchange rate,"ECB reference exchange rate, Indian rupee/Euro, 2.15 pm (C.E.T.)",INR,0
EXR.D.INR.EUR.SP00.A,D,INR,EUR,SP00,A,2021-11-26,84.5395,A,F,,,P1D,,A,,,,,,,99Q1=100,,,4,,4F0,,Indian rupee/Euro ECB reference exchange rate,"ECB reference exchange rate, Indian rupee/Euro, 2.15 pm (C.E.T.)",INR,0
EXR.D.INR.EUR.SP00.A,D,INR,EUR,SP00,A,2021-11-29,84.6635,A,F,,,P1D,,A,,,,,,,99Q1=100,,,4,,4F0,,Indian rupee/Euro ECB reference exchange rate,"ECB reference exchange rate, Indian rupee/Euro, 2.15 pm (C.E.T.)",INR,0
EXR.D.INR.EUR.SP00.A,D,INR,EUR,SP00,A,2021-11-30,85.3274,A,F,,,P1D,,A,,,,,,,99Q1=100,,,4,,4F0,,Indian rupee/Euro ECB reference exchange rate,"ECB reference exchange rate, Indian rupee/Euro, 2.15 pm (C.E.T.)",INR,0
EXR.D.INR.EUR.SP00.A,D,INR,EUR,SP00,A,2021-12-01,84.7485,A,F,,,P1D,,A,,,,,,,99Q1=100,,,4,,4F0,,Indian rupee/Euro ECB reference exchange rate,"ECB reference exchange rate, Indian rupee/Euro, 2.15 pm (C.E.T.)",INR,0
EXR.D.INR.EUR.SP00.A,D,INR,EUR,SP00,A,2021-12-02,85.052,A,F,,,P1D,,A,,,,,,,99Q1=100,,,4,,4F0,,Indian rupee/Euro ECB reference exchange rate,"ECB reference exchange rate, Indian rupee/Euro, 2.15 pm (C.E.T.)",INR,0
EXR.D.INR.EUR.SP00.A,D,INR,EUR,SP00,A,2021-12-03,84.8455,A,F,,,P1D,,A,,,,,,,99Q1=100,,,4,,4F0,,Indian rupee/Euro ECB reference exchange rate,"ECB reference exchange rate, Indian rupee/Euro, 2.15 pm (C.E.T.)",INR,0
EXR.D.INR.EUR.SP00.A,D,INR,EUR,SP00,A,2021-12-06,85.119,A,F,,,P1D,,A,,,,,,,99Q1=100,,,4,,4F0,,Indian rupee/Euro ECB reference exchange rate,"ECB reference exchange rate, Indian rupee/Euro, 2.15 pm (C.E.T.)",INR,0
EXR.D.INR.EUR.SP00.A,D,INR,EUR,SP00,A,2021-12-07,84.878,A,F,,,P1D,,A,,,,,,,99Q1=100,,,4,,4F0,,Indian rupee/Euro ECB reference exchange rate,"ECB reference exchange rate, Indian rupee/Euro, 2.15 pm (C.E.T.)",INR,0
EXR.D.INR.EUR.SP00.A,D,INR,EUR,SP00,A,2021-12-08,85.2345,A,F,,,P1D,,A,,,,,,,99Q1=100,,,4,,4F0,,Indian rupee/Euro ECB reference exchange rate,"ECB reference exchange rate, Indian rupee/Euro, 2.15 pm (C.E.T.)",INR,0
EXR.D.INR.EUR.SP00.A,D,INR,EUR,SP00,A,2021-12-09,85.5075,A,F,,,P1D,,A,,,,,,,99Q1=100,,,4,,4F0,,Indian rupee/Euro ECB reference exchange rate,"ECB reference exchange rate, Indian rupee/Euro, 2.15 pm (C.E.T.)",INR,0
EXR.D.INR.EUR.SP00.A,D,INR,EUR,SP00,A,2021-12-10,85.3105,A,F,,,P1D,,A,,,,,,,99Q1=100,,,4,,4F0,,Indian rupee/Euro ECB reference exchange rate,"ECB reference exchange rate, Indian rupee/Euro, 2.15 pm (C.E.T.)",INR,0
EXR.D.INR.EUR.SP00.A,D,INR,EUR,SP00,A,2021-12-13,85.4225,A,F,,,P1D,,A,,,,,,,99Q1=100,,,4,,4F0,,Indian rupee/Euro ECB reference exchange rate,"ECB reference exchange rate, Indian rupee/Euro, 2.15 pm (C.E.T.)",INR,0
EXR.D.INR.EUR.SP00.A,D,INR,EUR,SP00,A,2021-12-14,85.879,A,F,,,P1D,,A,,,,,,,99Q1=100,,,4,,4F0,,Indian rupee/Euro ECB reference exchange rate,"ECB reference exchange rate, Indian rupee/Euro, 2.15 pm (C.E.T.)",INR,0
EXR.D.INR.EUR.SP00.A,D,INR,EUR,SP00,A,2021-12-15,86.0345,A,F,,,P1D,,A,,,,,,,99Q1=100,,,4,,4F0,,Indian rupee/Euro ECB reference exchange rate,"ECB reference exchange rate, Indian rupee/Euro, 2.15 pm (C.E.T.)",INR,0
EXR.D.INR.EUR.SP00.A,D,INR,EUR,SP00,A,2021-12-16,86.4005,A,F,,,P1D,,A,,,,,,,99Q1=100,,,4,,4F0,,Indian rupee/Euro ECB reference exchange rate,"ECB reference exchange rate, Indian rupee/Euro, 2.15 pm (C.E.T.)",INR,0
EXR.D.INR.EUR.SP00.A,D,INR,EUR,SP00,A,2021-12-17,86.064,A,F,,,P1D,,A,,,,,,,99Q1=100,,,4,,4F0,,Indian rupee/Euro ECB reference exchange rate,"ECB reference exchange rate, Indian rupee/Euro, 2.15 pm (C.E.T.)",INR,0
EXR.D.INR.EUR.SP00.A,D,INR,EUR,SP00,A,2021-12-20,85.5025,A,F,,,P1D,,A,,,,,,,99Q1=100,,,4,,4F0,,Indian rupee/Euro ECB reference exchange rate,"ECB reference exchange rate, Indian rupee/Euro, 2.15 pm (C.E.T.)",INR,0
EXR.D.INR.EUR.SP00.A,D,INR,EUR,SP00,A,2021-12-21,85.3648,A,F,,,P1D,,A,,,,,,,99Q1=100,,,4,,4F0,,Indian rupee/Euro ECB reference exchange rate,"ECB reference exchange rate, Indian rupee/Euro, 2.15 pm (C.E.T.)",INR,0
EXR.D.INR.EUR.SP00.A,D,INR,EUR,SP00,A,2021-12-22,85.407,A,F,,,P1D,,A,,,,,,,99Q1=100,,,4,,4F0,,Indian rupee/Euro ECB reference exchange rate,"ECB reference exchange rate, Indian rupee/Euro, 2.15 pm (C.E.T.)",INR,0
EXR.D.INR.EUR.SP00.A,D,INR,EUR,SP00,A,2021-12-23,85.0775,A,F,,,P1D,,A,,,,,,,99Q1=100,,,4,,4F0,,Indian rupee/Euro ECB reference exchange rate,"ECB reference exchange rate, Indian rupee/Euro, 2.15 pm (C.E.T.)",INR,0
EXR.D.INR.EUR.SP00.A,D,INR,EUR,SP00,A,2021-12-24,84.885,A,F,,,P1D,,A,,,,,,,99Q1=100,,,4,,4F0,,Indian rupee/Euro ECB reference exchange rate,"ECB reference exchange rate, Indian rupee/Euro, 2.15 pm (C.E.T.)",INR,0
EXR.D.INR.EUR.SP00.A,D,INR,EUR,SP00,A,2021-12-27,84.8105,A,F,,,P1D,,A,,,,,,,99Q1=100,,,4,,4F0,,Indian rupee/Euro ECB reference exchange rate,"ECB reference exchange rate, Indian rupee/Euro, 2.15 pm (C.E.T.)",INR,0
EXR.D.INR.EUR.SP00.A,D,INR,EUR,SP00,A,2021-12-28,84.6335,A,F,,,P1D,,A,,,,,,,99Q1=100,,,4,,4F0,,Indian rupee/Euro ECB reference exchange rate,"ECB reference exchange rate, Indian rupee/Euro, 2.15 pm (C.E.T.)",INR,0
EXR.D.INR.EUR.SP00.A,D,INR,EUR,SP00,A,2021-12-29,84.388,A,F,,,P1D,,A,,,,,,,99Q1=100,,,4,,4F0,,Indian rupee/Euro ECB reference exchange rate,"ECB reference exchange rate, Indian rupee/Euro, 2.15 pm (C.E.T.)",INR,0
EXR.D.INR.EUR.SP00.A,D,INR,EUR,SP00,A,2021-12-30,84.2575,A,F,,,P1D,,A,,,,,,,99Q1=100,,,4,,4F0,,Indian rupee/Euro ECB reference exchange rate,"ECB reference exchange rate, Indian rupee/Euro, 2.15 pm (C.E.T.)",INR,0
EXR.D.INR.EUR.SP00.A,D,INR,EUR,SP00,A,2021-12-31,84.2292,A,F,,,P1D,,A,,,,,,,99Q1=100,,,4,,4F0,,Indian rupee/Euro ECB reference exchange rate,"ECB reference exchange rate, Indian rupee/Euro, 2.15 pm (C.E.T.)",INR,0
EXR.D.INR.EUR.SP00.A,D,INR,EUR,SP00,A,2022-01-03,84.3949,A,F,,,P1D,,A,,,,,,,99Q1=100,,,4,,4F0,,Indian rupee/Euro ECB reference exchange rate,"ECB reference exchange rate, Indian rupee/Euro, 2.15 pm (C.E.T.)",INR,0
EXR.D.INR.EUR.SP00.A,D,INR,EUR,SP00,A,2022-01-04,84.2055,A,F,,,P1D,,A,,,,,,,99Q1=100,,,4,,4F0,,Indian rupee/Euro ECB reference exchange rate,"ECB reference exchange rate, Indian rupee/Euro, 2.15 pm (C.E.T.)",INR,0
EXR.D.INR.EUR.SP00.A,D,INR,EUR,SP00,A,2022-01-05,84.161,A,F,,,P1D,,A,,,,,,,99Q1=100,,,4,,4F0,,Indian rupee/Euro ECB reference exchange rate,"ECB reference exchange rate, Indian rupee/Euro, 2.15 pm (C.E.T.)",INR,0
EXR.D.INR.EUR.SP00.A,D,INR,EUR,SP00,A,2022-01-06,84.2475,A,F,,,P1D,,A,,,,,,,99Q1=100,,,4,,4F0,,Indian rupee/Euro ECB reference exchange rate,"ECB reference exchange rate, Indian rupee/Euro, 2.15 pm (C.E.T.)",INR,0
EXR.D.INR.EUR.SP00.A,D,INR,EUR,SP00,A,2022-01-07,83.978,A,F,,,P1D,,A,,,,,,,99Q1=100,,,4,,4F0,,Indian rupee/Euro ECB reference exchange rate,"ECB reference exchange rate, Indian rupee/Euro, 2.15 pm (C.E.T.)",INR,0
EXR.D.INR.EUR.SP00.A,D,INR,EUR,SP00,A,2022-01-10,83.8,A,F,,,P1D,,A,,,,,,,99Q1=100,,,4,,4F0,,Indian rupee/Euro ECB reference exchange rate,"ECB reference exchange rate, Indian rupee/Euro, 2.15 pm (C.E.T.)",INR,0
EXR.D.INR.EUR.SP00.A,D,INR,EUR,SP00,A,2022-01-11,83.7481,A,F,,,P1D,,A,,,,,,,99Q1=100,,,4,,4F0,,Indian rupee/Euro ECB reference exchange rate,"ECB reference exchange rate, Indian rupee/Euro, 2.15 pm (C.E.T.)",INR,0
EXR.D.INR.EUR.SP00.A,D,INR,EUR,SP00,A,2022-01-12,84.0285,A,F,,,P1D,,A,,,,,,,99Q1=100,,,4,,4F0,,Indian rupee/Euro ECB reference exchange rate,"ECB reference exchange rate, Indian rupee/Euro, 2.15 pm (C.E.T.)",INR,0
EXR.D.INR.EUR.SP00.A,D,INR,EUR,SP00,A,2022-01-13,84.717,A,F,,,P1D,,A,,,,,,,99Q1=100,,,4,,4F0,,Indian rupee/Euro ECB reference exchange rate,"ECB reference exchange rate, Indian rupee/Euro, 2.15 pm (C.E.T.)",INR,0
EXR.D.INR.EUR.SP00.A,D,INR,EUR,SP00,A,2022-01-14,84.9445,A,F,,,P1D,,A,,,,,,,99Q1=100,,,4,,4F0,,Indian rupee/Euro ECB reference exchange rate,"ECB reference exchange rate, Indian rupee/Euro, 2.15 pm (C.E.T.)",INR,0
EXR.D.INR.EUR.SP00.A,D,INR,EUR,SP00,A,2022-01-17,84.7295,A,F,,,P1D,,A,,,,,,,99Q1=100,,,4,,4F0,,Indian rupee/Euro ECB reference exchange rate,"ECB reference exchange rate, Indian rupee/Euro, 2.15 pm (C.E.T.)",INR,0
EXR.D.INR.EUR.SP00.A,D,INR,EUR,SP00,A,2022-01-18,84.813,A,F,,,P1D,,A,,,,,,,99Q1=100,,,4,,4F0,,Indian rupee/Euro ECB reference exchange rate,"ECB reference exchange rate, Indian rupee/Euro, 2.15 pm (C.E.T.)",INR,0
EXR.D.INR.EUR.SP00.A,D,INR,EUR,SP00,A,2022-01-19,84.4135,A,F,,,P1D,,A,,,,,,,99Q1=100,,,4,,4F0,,Indian rupee/Euro ECB reference exchange rate,"ECB reference exchange rate, Indian rupee/Euro, 2.15 pm (C.E.T.)",INR,0
EXR.D.INR.EUR.SP00.A,D,INR,EUR,SP00,A,2022-01-20,84.362,A,F,,,P1D,,A,,,,,,,99Q1=100,,,4,,4F0,,Indian rupee/Euro ECB reference exchange rate,"ECB reference exchange rate, Indian rupee/Euro, 2.15 pm (C.E.T.)",INR,0
EXR.D.INR.EUR.SP00.A,D,INR,EUR,SP00,A,2022-01-21,84.419,A,F,,,P1D,,A,,,,,,,99Q1=100,,,4,,4F0,,Indian rupee/Euro ECB reference exchange rate,"ECB reference exchange rate, Indian rupee/Euro, 2.15 pm (C.E.T.)",INR,0
EXR.D.INR.EUR.SP00.A,D,INR,EUR,SP00,A,2022-01-24,84.3495,A,F,,,P1D,,A,,,,,,,99Q1=100,,,4,,4F0,,Indian rupee/Euro ECB reference exchange rate,"ECB reference exchange rate, Indian rupee/Euro, 2.15 pm (C.E.T.)",INR,0
EXR.D.INR.EUR.SP00.A,D,INR,EUR,SP00,A,2022-01-25,84.277,A,F,,,P1D,,A,,,,,,,99Q1=100,,,4,,4F0,,Indian rupee/Euro ECB reference exchange rate,"ECB reference exchange rate, Indian rupee/Euro, 2.15 pm (C.E.T.)",INR,0
EXR.D.INR.EUR.SP00.A,D,INR,EUR,SP00,A,2022-01-26,84.4288,A,F,,,P1D,,A,,,,,,,99Q1=100,,,4,,4F0,,Indian rupee/Euro ECB reference exchange rate,"ECB reference exchange rate, Indian rupee/Euro, 2.15 pm (C.E.T.)",INR,0
EXR.D.INR.EUR.SP00.A,D,INR,EUR,SP00,A,2022-01-27,83.7893,A,F,,,P1D,,A,,,,,,,99Q1=100,,,4,,4F0,,Indian rupee/Euro ECB reference exchange rate,"ECB reference exchange rate, Indian rupee/Euro, 2.15 pm (C.E.T.)",INR,0
EXR.D.INR.EUR.SP00.A,D,INR,EUR,SP00,A,2022-01-28,83.6015,A,F,,,P1D,,A,,,,,,,99Q1=100,,,4,,4F0,,Indian rupee/Euro ECB reference exchange rate,"ECB reference exchange rate, Indian rupee/Euro, 2.15 pm (C.E.T.)",INR,0
EXR.D.INR.EUR.SP00.A,D,INR,EUR,SP00,A,2022-01-31,83.3655,A,F,,,P1D,,A,,,,,,,99Q1=100,,,4,,4F0,,Indian rupee/Euro ECB reference exchange rate,"ECB reference exchange rate, Indian rupee/Euro, 2.15 pm (C.E.T.)",INR,0
EXR.D.INR.EUR.SP00.A,D,INR,EUR,SP00,A,2022-02-01,84.197,A,F,,,P1D,,A,,,,,,,99Q1=100,,,4,,4F0,,Indian rupee/Euro ECB reference exchange rate,"ECB reference exchange rate, Indian rupee/Euro, 2.15 pm (C.E.T.)",INR,0
EXR.D.INR.EUR.SP00.A,D,INR,EUR,SP00,A,2022-02-02,84.613,A,F,,,P1D,,A,,,,,,,99Q1=100,,,4,,4F0,,Indian rupee/Euro ECB reference exchange rate,"ECB reference exchange rate, Indian rupee/Euro, 2.15 pm (C.E.T.)",INR,0
EXR.D.INR.EUR.SP00.A,D,INR,EUR,SP00,A,2022-02-03,84.518,A,F,,,P1D,,A,,,,,,,99Q1=100,,,4,,4F0,,Indian rupee/Euro ECB reference exchange rate,"ECB reference exchange rate, Indian rupee/Euro, 2.15 pm (C.E.T.)",INR,0
EXR.D.INR.EUR.SP00.A,D,INR,EUR,SP00,A,2022-02-04,85.6445,A,F,,,P1D,,A,,,,,,,99Q1=100,,,4,,4F0,,Indian rupee/Euro ECB reference exchange rate,"ECB reference exchange rate, Indian rupee/Euro, 2.15 pm (C.E.T.)",INR,0
EXR.D.INR.EUR.SP00.A,D,INR,EUR,SP00,A,2022-02-07,85.5345,A,F,,,P1D,,A,,,,,,,99Q1=100,,,4,,4F0,,Indian rupee/Euro ECB reference exchange rate,"ECB reference exchange rate, Indian rupee/Euro, 2.15 pm (C.E.T.)",INR,0
EXR.D.INR.EUR.SP00.A,D,INR,EUR,SP00,A,2022-02-08,85.2545,A,F,,,P1D,,A,,,,,,,99Q1=100,,,4,,4F0,,Indian rupee/Euro ECB reference exchange rate,"ECB reference exchange rate, Indian rupee/Euro, 2.15 pm (C.E.T.)",INR,0
EXR.D.INR.EUR.SP00.A,D,INR,EUR,SP00,A,2022-02-09,85.5765,A,F,,,P1D,,A,,,,,,,99Q1=100,,,4,,4F0,,Indian rupee/Euro ECB reference exchange rate,"ECB reference exchange rate, Indian rupee/Euro, 2.15 pm (C.E.T.)",INR,0
EXR.D.INR.EUR.SP00.A,D,INR,EUR,SP00,A,2022-02-10,85.9373,A,F,,,P1D,,A,,,,,,,99Q1=100,,,4,,4F0,,Indian rupee/Euro ECB reference exchange rate,"ECB reference exchange rate, Indian rupee/Euro, 2.15 pm (C.E.T.)",INR,0
EXR.D.INR.EUR.SP00.A,D,INR,EUR,SP00,A,2022-02-11,85.8535,A,F,,,P1D,,A,,,,,,,99Q1=100,,,4,,4F0,,Indian rupee/Euro ECB reference exchange rate,"ECB reference exchange rate, Indian rupee/Euro, 2.15 pm (C.E.T.)",INR,0
EXR.D.INR.EUR.SP00.A,D,INR,EUR,SP00,A,2022-02-14,85.4715,A,F,,,P1D,,A,,,,,,,99Q1=100,,,4,,4F0,,Indian rupee/Euro ECB reference exchange rate,"ECB reference exchange rate, Indian rupee/Euro, 2.15 pm (C.E.T.)",INR,0
EXR.D.INR.EUR.SP00.A,D,INR,EUR,SP00,A,2022-02-15,85.443,A,F,,,P1D,,A,,,,,,,99Q1=100,,,4,,4F0,,Indian rupee/Euro ECB reference exchange rate,"ECB reference exchange rate, Indian rupee/Euro, 2.15 pm (C.E.T.)",INR,0
EXR.D.INR.EUR.SP00.A,D,INR,EUR,SP00,A,2022-02-16,85.3885,A,F,,,P1D,,A,,,,,,,99Q1=100,,,4,,4F0,,Indian rupee/Euro ECB reference exchange rate,"ECB reference exchange rate, Indian rupee/Euro, 2.15 pm (C.E.T.)",INR,0
EXR.D.INR.EUR.SP00.A,D,INR,EUR,SP00,A,2022-02-17,85.2935,A,F,,,P1D,,A,,,,,,,99Q1=100,,,4,,4F0,,Indian rupee/Euro ECB reference exchange rate,"ECB reference exchange rate, Indian rupee/Euro, 2.15 pm (C.E.T.)",INR,0
EXR.D.INR.EUR.SP00.A,D,INR,EUR,SP00,A,2022-02-18,84.6525,A,F,,,P1D,,A,,,,,,,99Q1=100,,,4,,4F0,,Indian rupee/Euro ECB reference exchange rate,"ECB reference exchange rate, Indian rupee/Euro, 2.15 pm (C.E.T.)",INR,0
EXR.D.INR.EUR.SP00.A,D,INR,EUR,SP00,A,2022-02-21,84.677,A,F,,,P1D,,A,,,,,,,99Q1=100,,,4,,4F0,,Indian rupee/Euro ECB reference exchange rate,"ECB reference exchange rate, Indian rupee/Euro, 2.15 pm (C.E.T.)",INR,0
EXR.D.INR.EUR.SP00.A,D,INR,EUR,SP00,A,2022-02-22,84.758,A,F,,,P1D,,A,,,,,,,99Q1=100,,,4,,4F0,,Indian rupee/Euro ECB reference exchange rate,"ECB reference exchange rate, Indian rupee/Euro, 2.15 pm (C.E.T.)",INR,0
EXR.D.INR.EUR.SP00.A,D,INR,EUR,SP00,A,2022-02-23,84.6135,A,F,,,P1D,,A,,,,,,,99Q1=100,,,4,,4F0,,Indian rupee/Euro ECB reference exchange rate,"ECB reference exchange rate, Indian rupee/Euro, 2.15 pm (C.E.T.)",INR,0
EXR.D.INR.EUR.SP00.A,D,INR,EUR,SP00,A,2022-02-24,84.296,A,F,,,P1D,,A,,,,,,,99Q1=100,,,4,,4F0,,Indian rupee/Euro ECB reference exchange rate,"ECB reference exchange rate, Indian rupee/Euro, 2.15 pm (C.E.T.)",INR,0
EXR.D.INR.EUR.SP00.A,D,INR,EUR,SP00,A,2022-02-25,84.347,A,F,,,P1D,,A,,,,,,,99Q1=100,,,4,,4F0,,Indian rupee/Euro ECB reference exchange rate,"ECB reference exchange rate, Indian rupee/Euro, 2.15 pm (C.E.T.)",INR,0
EXR.D.INR.EUR.SP00.A,D,INR,EUR,SP00,A,2022-02-28,84.554,A,F,,,P1D,,A,,,,,,,99Q1=100,,,4,,4F0,,Indian rupee/Euro ECB reference exchange rate,"ECB reference exchange rate, Indian rupee/Euro, 2.15 pm (C.E.T.)",INR,0
EXR.D.INR.EUR.SP00.A,D,INR,EUR,SP00,A,2022-03-01,84.5015,A,F,,,P1D,,A,,,,,,,99Q1=100,,,4,,4F0,,Indian rupee/Euro ECB reference exchange rate,"ECB reference exchange rate, Indian rupee/Euro, 2.15 pm (C.E.T.)",INR,0
EXR.D.INR.EUR.SP00.A,D,INR,EUR,SP00,A,2022-03-02,84.1765,A,F,,,P1D,,A,,,,,,,99Q1=100,,,4,,4F0,,Indian rupee/Euro ECB reference exchange rate,"ECB reference exchange rate, Indian rupee/Euro, 2.15 pm (C.E.T.)",INR,0
EXR.D.INR.EUR.SP00.A,D,INR,EUR,SP00,A,2022-03-03,84.174,A,F,,,P1D,,A,,,,,,,99Q1=100,,,4,,4F0,,Indian rupee/Euro ECB reference exchange rate,"ECB reference exchange rate, Indian rupee/Euro, 2.15 pm (C.E.T.)",INR,0
EXR.D.INR.EUR.SP00.A,D,INR,EUR,SP00,A,2022-03-04,83.4354,A,F,,,P1D,,A,,,,,,,99Q1=100,,,4,,4F0,,Indian rupee/Euro ECB reference exchange rate,"ECB reference exchange rate, Indian rupee/Euro, 2.15 pm (C.E.T.)",INR,0
EXR.D.INR.EUR.SP00.A,D,INR,EUR,SP00,A,2022-03-07,83.8125,A,F,,,P1D,,A,,,,,,,99Q1=100,,,4,,4F0,,Indian rupee/Euro ECB reference exchange rate,"ECB reference exchange rate, Indian rupee/Euro, 2.15 pm (C.E.T.)",INR,0
EXR.D.INR.EUR.SP00.A,D,INR,EUR,SP00,A,2022-03-08,83.924,A,F,,,P1D,,A,,,,,,,99Q1=100,,,4,,4F0,,Indian rupee/Euro ECB reference exchange rate,"ECB reference exchange rate, Indian rupee/Euro, 2.15 pm (C.E.T.)",INR,0
EXR.D.INR.EUR.SP00.A,D,INR,EUR,SP00,A,2022-03-09,84.2025,A,F,,,P1D,,A,,,,,,,99Q1=100,,,4,,4F0,,Indian rupee/Euro ECB reference exchange rate,"ECB reference exchange rate, Indian rupee/Euro, 2.15 pm (C.E.T.)",INR,0
EXR.D.INR.EUR.SP00.A,D,INR,EUR,SP00,A,2022-03-10,84.607,A,F,,,P1D,,A,,,,,,,99Q1=100,,,4,,4F0,,Indian rupee/Euro ECB reference exchange rate,"ECB reference exchange rate, Indian rupee/Euro, 2.15 pm (C.E.T.)",INR,0
EXR.D.INR.EUR.SP00.A,D,INR,EUR,SP00,A,2022-03-11,83.9875,A,F,,,P1D,,A,,,,,,,99Q1=100,,,4,,4F0,,Indian rupee/Euro ECB reference exchange rate,"ECB reference exchange rate, Indian rupee/Euro, 2.15 pm (C.E.T.)",INR,0
EXR.D.INR.EUR.SP00.A,D,INR,EUR,SP00,A,2022-03-14,83.931,A,F,,,P1D,,A,,,,,,,99Q1=100,,,4,,4F0,,Indian rupee/Euro ECB reference exchange rate,"ECB reference exchange rate, Indian rupee/Euro, 2.15 pm (C.E.T.)",INR,0
EXR.D.INR.EUR.SP00.A,D,INR,EUR,SP00,A,2022-03-15,83.9555,A,F,,,P1D,,A,,,,,,,99Q1=100,,,4,,4F0,,Indian rupee/Euro ECB reference exchange rate,"ECB reference exchange rate, Indian rupee/Euro, 2.15 pm (C.E.T.)",INR,0
EXR.D.INR.EUR.SP00.A,D,INR,EUR,SP00,A,2022-03-16,83.7805,A,F,,,P1D,,A,,,,,,,99Q1=100,,,4,,4F0,,Indian rupee/Euro ECB reference exchange rate,"ECB reference exchange rate, Indian rupee/Euro, 2.15 pm (C.E.T.)",INR,0
EXR.D.INR.EUR.SP00.A,D,INR,EUR,SP00,A,2022-03-17,83.8435,A,F,,,P1D,,A,,,,,,,99Q1=100,,,4,,4F0,,Indian rupee/Euro ECB reference exchange rate,"ECB reference exchange rate, Indian rupee/Euro, 2.15 pm (C.E.T.)",INR,0
EXR.D.INR.EUR.SP00.A,D,INR,EUR,SP00,A,2022-03-18,83.7825,A,F,,,P1D,,A,,,,,,,99Q1=100,,,4,,4F0,,Indian rupee/Euro ECB reference exchange rate,"ECB reference exchange rate, Indian rupee/Euro, 2.15 pm (C.E.T.)",INR,0
EXR.D.INR.EUR.SP00.A,D,INR,EUR,SP00,A,2022-03-21,84.1835,A,F,,,P1D,,A,,,,,,,99Q1=100,,,4,,4F0,,Indian rupee/Euro ECB reference exchange rate,"ECB reference exchange rate, Indian rupee/Euro, 2.15 pm (C.E.T.)",INR,0
EXR.D.INR.EUR.SP00.A,D,INR,EUR,SP00,A,2022-03-22,83.9145,A,F,,,P1D,,A,,,,,,,99Q1=100,,,4,,4F0,,Indian rupee/Euro ECB reference exchange rate,"ECB reference exchange rate, Indian rupee/Euro, 2.15 pm (C.E.T.)",INR,0
EXR.D.INR.EUR.SP00.A,D,INR,EUR,SP00,A,2022-03-23,83.9675,A,F,,,P1D,,A,,,,,,,99Q1=100,,,4,,4F0,,Indian rupee/Euro ECB reference exchange rate,"ECB reference exchange rate, Indian rupee/Euro, 2.15 pm (C.E.T.)",INR,0
EXR.D.INR.EUR.SP00.A,D,INR,EUR,SP00,A,2022-03-24,83.879,A,F,,,P1D,,A,,,,,,,99Q1=100,,,4,,4F0,,Indian rupee/Euro ECB reference exchange rate,"ECB reference exchange rate, Indian rupee/Euro, 2.15 pm (C.E.T.)",INR,0
EXR.D.INR.EUR.SP00.A,D,INR,EUR,SP00,A,2022-03-25,83.8235,A,F,,,P1D,,A,,,,,,,99Q1=100,,,4,,4F0,,Indian rupee/Euro ECB reference exchange rate,"ECB reference exchange rate, Indian rupee/Euro, 2.15 pm (C.E.T.)",INR,0
EXR.D.INR.EUR.SP00.A,D,INR,EUR,SP00,A,2022-03-28,83.4825,A,F,,,P1D,,A,,,,,,,99Q1=100,,,4,,4F0,,Indian rupee/Euro ECB reference exchange rate,"ECB reference exchange rate, Indian rupee/Euro, 2.15 pm (C.E.T.)",INR,0
EXR.D.INR.EUR.SP00.A,D,INR,EUR,SP00,A,2022-03-29,83.9685,A,F,,,P1D,,A,,,,,,,99Q1=100,,,4,,4F0,,Indian rupee/Euro ECB reference exchange rate,"ECB reference exchange rate, Indian rupee/Euro, 2.15 pm (C.E.T.)",INR,0
EXR.D.INR.EUR.SP00.A,D,INR,EUR,SP00,A,2022-03-30,84.38,A,F,,,P1D,,A,,,,,,,99Q1=100,,,4,,4F0,,Indian rupee/Euro ECB reference exchange rate,"ECB reference exchange rate, Indian rupee/Euro, 2.15 pm (C.E.T.)",INR,0
EXR.D.INR.EUR.SP00.A,D,INR,EUR,SP00,A,2022-03-31,84.134,A,F,,,P1D,,A,,,,,,,99Q1=100,,,4,,4F0,,Indian rupee/Euro ECB reference exchange rate,"ECB reference exchange rate, Indian rupee/Euro, 2.15 pm (C.E.T.)",INR,0
EXR.D.INR.EUR.SP00.A,D,INR,EUR,SP00,A,2022-04-01,83.9847,A,F,,,P1D,,A,,,,,,,99Q1=100,,,4,,4F0,,Indian rupee/Euro ECB reference exchange rate,"ECB reference exchange rate, Indian rupee/Euro, 2.15 pm (C.E.T.)",INR,0
EXR.D.INR.EUR.SP00.A,D,INR,EUR,SP00,A,2022-04-04,83.118,A,F,,,P1D,,A,,,,,,,99Q1=100,,,4,,4F0,,Indian rupee/Euro ECB reference exchange rate,"ECB reference exchange rate, Indian rupee/Euro, 2.15 pm (C.E.T.)",INR,0
EXR.D.INR.EUR.SP00.A,D,INR,EUR,SP00,A,2022-04-05,82.635,A,F,,,P1D,,A,,,,,,,99Q1=100,,,4,,4F0,,Indian rupee/Euro ECB reference exchange rate,"ECB reference exchange rate, Indian rupee/Euro, 2.15 pm (C.E.T.)",INR,0
EXR.D.INR.EUR.SP00.A,D,INR,EUR,SP00,A,2022-04-06,82.8343,A,F,,,P1D,,A,,,,,,,99Q1=100,,,4,,4F0,,Indian rupee/Euro ECB reference exchange rate,"ECB reference exchange rate, Indian rupee/Euro, 2.15 pm (C.E.T.)",INR,0
EXR.D.INR.EUR.SP00.A,D,INR,EUR,SP00,A,2022-04-07,82.951,A,F,,,P1D,,A,,,,,,,99Q1=100,,,4,,4F0,,Indian rupee/Euro ECB reference exchange rate,"ECB reference exchange rate, Indian rupee/Euro, 2.15 pm (C.E.T.)",INR,0
EXR.D.INR.EUR.SP00.A,D,INR,EUR,SP00,A,2022-04-08,82.389,A,F,,,P1D,,A,,,,,,,99Q1=100,,,4,,4F0,,Indian rupee/Euro ECB reference exchange rate,"ECB reference exchange rate, Indian rupee/Euro, 2.15 pm (C.E.T.)",INR,0
EXR.D.INR.EUR.SP00.A,D,INR,EUR,SP00,A,2022-04-11,82.7085,A,F,,,P1D,,A,,,,,,,99Q1=100,,,4,,4F0,,Indian rupee/Euro ECB reference exchange rate,"ECB reference exchange rate, Indian rupee/Euro, 2.15 pm (C.E.T.)",INR,0
EXR.D.INR.EUR.SP00.A,D,INR,EUR,SP00,A,2022-04-12,82.7285,A,F,,,P1D,,A,,,,,,,99Q1=100,,,4,,4F0,,Indian rupee/Euro ECB reference exchange rate,"ECB reference exchange rate, Indian rupee/Euro, 2.15 pm (C.E.T.)",INR,0
EXR.D.INR.EUR.SP00.A,D,INR,EUR,SP00,A,2022-04-13,82.478,A,F,,,P1D,,A,,,,,,,99Q1=100,,,4,,4F0,,Indian rupee/Euro ECB reference exchange rate,"ECB reference exchange rate, Indian rupee/Euro, 2.15 pm (C.E.T.)",INR,0
EXR.D.INR.EUR.SP00.A,D,INR,EUR,SP00,A,2022-04-14,82.814,A,F,,,P1D,,A,,,,,,,99Q1=100,,,4,,4F0,,Indian rupee/Euro ECB reference exchange rate,"ECB reference exchange rate, Indian rupee/Euro, 2.15 pm (C.E.T.)",INR,0
EXR.D.INR.EUR.SP00.A,D,INR,EUR,SP00,A,2022-04-19,82.6038,A,F,,,P1D,,A,,,,,,,99Q1=100,,,4,,4F0,,Indian rupee/Euro ECB reference exchange rate,"ECB reference exchange rate, Indian rupee/Euro, 2.15 pm (C.E.T.)",INR,0
EXR.D.INR.EUR.SP00.A,D,INR,EUR,SP00,A,2022-04-20,82.6348,A,F,,,P1D,,A,,,,,,,99Q1=100,,,4,,4F0,,Indian rupee/Euro ECB reference exchange rate,"ECB reference exchange rate, Indian rupee/Euro, 2.15 pm (C.E.T.)",INR,0
EXR.D.INR.EUR.SP00.A,D,INR,EUR,SP00,A,2022-04-21,82.965,A,F,,,P1D,,A,,,,,,,99Q1=100,,,4,,4F0,,Indian rupee/Euro ECB reference exchange rate,"ECB reference exchange rate, Indian rupee/Euro, 2.15 pm (C.E.T.)",INR,0
EXR.D.INR.EUR.SP00.A,D,INR,EUR,SP00,A,2022-04-22,82.6943,A,F,,,P1D,,A,,,,,,,99Q1=100,,,4,,4F0,,Indian rupee/Euro ECB reference exchange rate,"ECB reference exchange rate, Indian rupee/Euro, 2.15 pm (C.E.T.)",INR,0
EXR.D.INR.EUR.SP00.A,D,INR,EUR,SP00,A,2022-04-25,82.321,A,F,,,P1D,,A,,,,,,,99Q1=100,,,4,,4F0,,Indian rupee/Euro ECB reference exchange rate,"ECB reference exchange rate, Indian rupee/Euro, 2.15 pm (C.E.T.)",INR,0
EXR.D.INR.EUR.SP00.A,D,INR,EUR,SP00,A,2022-04-26,81.7265,A,F,,,P1D,,A,,,,,,,99Q1=100,,,4,,4F0,,Indian rupee/Euro ECB reference exchange rate,"ECB reference exchange rate, Indian rupee/Euro, 2.15 pm (C.E.T.)",INR,0
EXR.D.INR.EUR.SP00.A,D,INR,EUR,SP00,A,2022-04-27,81.0705,A,F,,,P1D,,A,,,,,,,99Q1=100,,,4,,4F0,,Indian rupee/Euro ECB reference exchange rate,"ECB reference exchange rate, Indian rupee/Euro, 2.15 pm (C.E.T.)",INR,0
EXR.D.INR.EUR.SP00.A,D,INR,EUR,SP00,A,2022-04-28,80.367,A,F,,,P1D,,A,,,,,,,99Q1=100,,,4,,4F0,,Indian rupee/Euro ECB reference exchange rate,"ECB reference exchange rate, Indian rupee/Euro, 2.15 pm (C.E.T.)",INR,0
EXR.D.INR.EUR.SP00.A,D,INR,EUR,SP00,A,2022-04-29,80.638,A,F,,,P1D,,A,,,,,,,99Q1=100,,,4,,4F0,,Indian rupee/Euro ECB reference exchange rate,"ECB reference exchange rate, Indian rupee/Euro, 2.15 pm (C.E.T.)",INR,0
EXR.D.INR.EUR.SP00.A,D,INR,EUR,SP00,A,2022-05-02,80.497,A,F,,,P1D,,A,,,,,,,99Q1=100,,,4,,4F0,,Indian rupee/Euro ECB reference exchange rate,"ECB reference exchange rate, Indian rupee/Euro, 2.15 pm (C.E.T.)",INR,0
EXR.D.INR.EUR.SP00.A,D,INR,EUR,SP00,A,2022-05-03,80.842,A,F,,,P1D,,A,,,,,,,99Q1=100,,,4,,4F0,,Indian rupee/Euro ECB reference exchange rate,"ECB reference exchange rate, Indian rupee/Euro, 2.15 pm (C.E.T.)",INR,0
EXR.D.INR.EUR.SP00.A,D,INR,EUR,SP00,A,2022-05-04,80.4035,A,F,,,P1D,,A,,,,,,,99Q1=100,,,4,,4F0,,Indian rupee/Euro ECB reference exchange rate,"ECB reference exchange rate, Indian rupee/Euro, 2.15 pm (C.E.T.)",INR,0
EXR.D.INR.EUR.SP00.A,D,INR,EUR,SP00,A,2022-05-05,80.6185,A,F,,,P1D,,A,,,,,,,99Q1=100,,,4,,4F0,,Indian rupee/Euro ECB reference exchange rate,"ECB reference exchange rate, Indian rupee/Euro, 2.15 pm (C.E.T.)",INR,0
EXR.D.INR.EUR.SP00.A,D,INR,EUR,SP00,A,2022-05-06,81.298,A,F,,,P1D,,A,,,,,,,99Q1=100,,,4,,4F0,,Indian rupee/Euro ECB reference exchange rate,"ECB reference exchange rate, Indian rupee/Euro, 2.15 pm (C.E.T.)",INR,0
EXR.D.INR.EUR.SP00.A,D,INR,EUR,SP00,A,2022-05-09,81.7415,A,F,,,P1D,,A,,,,,,,99Q1=100,,,4,,4F0,,Indian rupee/Euro ECB reference exchange rate,"ECB reference exchange rate, Indian rupee/Euro, 2.15 pm (C.E.T.)",INR,0
EXR.D.INR.EUR.SP00.A,D,INR,EUR,SP00,A,2022-05-10,81.5425,A,F,,,P1D,,A,,,,,,,99Q1=100,,,4,,4F0,,Indian rupee/Euro ECB reference exchange rate,"ECB reference exchange rate, Indian rupee/Euro, 2.15 pm (C.E.T.)",INR,0
EXR.D.INR.EUR.SP00.A,D,INR,EUR,SP00,A,2022-05-11,81.4935,A,F,,,P1D,,A,,,,,,,99Q1=100,,,4,,4F0,,Indian rupee/Euro ECB reference exchange rate,"ECB reference exchange rate, Indian rupee/Euro, 2.15 pm (C.E.T.)",INR,0
EXR.D.INR.EUR.SP00.A,D,INR,EUR,SP00,A,2022-05-12,80.667,A,F,,,P1D,,A,,,,,,,99Q1=100,,,4,,4F0,,Indian rupee/Euro ECB reference exchange rate,"ECB reference exchange rate, Indian rupee/Euro, 2.15 pm (C.E.T.)",INR,0
EXR.D.INR.EUR.SP00.A,D,INR,EUR,SP00,A,2022-05-13,80.4315,A,F,,,P1D,,A,,,,,,,99Q1=100,,,4,,4F0,,Indian rupee/Euro ECB reference exchange rate,"ECB reference exchange rate, Indian rupee/Euro, 2.15 pm (C.E.T.)",INR,0
EXR.D.INR.EUR.SP00.A,D,INR,EUR,SP00,A,2022-05-16,81.081,A,F,,,P1D,,A,,,,,,,99Q1=100,,,4,,4F0,,Indian rupee/Euro ECB reference exchange rate,"ECB reference exchange rate, Indian rupee/Euro, 2.15 pm (C.E.T.)",INR,0
EXR.D.INR.EUR.SP00.A,D,INR,EUR,SP00,A,2022-05-17,81.6515,A,F,,,P1D,,A,,,,,,,99Q1=100,,,4,,4F0,,Indian rupee/Euro ECB reference exchange rate,"ECB reference exchange rate, Indian rupee/Euro, 2.15 pm (C.E.T.)",INR,0
EXR.D.INR.EUR.SP00.A,D,INR,EUR,SP00,A,2022-05-18,81.6455,A,F,,,P1D,,A,,,,,,,99Q1=100,,,4,,4F0,,Indian rupee/Euro ECB reference exchange rate,"ECB reference exchange rate, Indian rupee/Euro, 2.15 pm (C.E.T.)",INR,0
EXR.D.INR.EUR.SP00.A,D,INR,EUR,SP00,A,2022-05-19,81.7115,A,F,,,P1D,,A,,,,,,,99Q1=100,,,4,,4F0,,Indian rupee/Euro ECB reference exchange rate,"ECB reference exchange rate, Indian rupee/Euro, 2.15 pm (C.E.T.)",INR,0
EXR.D.INR.EUR.SP00.A,D,INR,EUR,SP00,A,2022-05-20,82.1617,A,F,,,P1D,,A,,,,,,,99Q1=100,,,4,,4F0,,Indian rupee/Euro ECB reference exchange rate,"ECB reference exchange rate, Indian rupee/Euro, 2.15 pm (C.E.T.)",INR,0
EXR.D.INR.EUR.SP00.A,D,INR,EUR,SP00,A,2022-05-23,82.6795,A,F,,,P1D,,A,,,,,,,99Q1=100,,,4,,4F0,,Indian rupee/Euro ECB reference exchange rate,"ECB reference exchange rate, Indian rupee/Euro, 2.15 pm (C.E.T.)",INR,0
EXR.D.INR.EUR.SP00.A,D,INR,EUR,SP00,A,2022-05-24,83.185,A,F,,,P1D,,A,,,,,,,99Q1=100,,,4,,4F0,,Indian rupee/Euro ECB reference exchange rate,"ECB reference exchange rate, Indian rupee/Euro, 2.15 pm (C.E.T.)",INR,0
EXR.D.INR.EUR.SP00.A,D,INR,EUR,SP00,A,2022-05-25,82.6666,A,F,,,P1D,,A,,,,,,,99Q1=100,,,4,,4F0,,Indian rupee/Euro ECB reference exchange rate,"ECB reference exchange rate, Indian rupee/Euro, 2.15 pm (C.E.T.)",INR,0
EXR.D.INR.EUR.SP00.A,D,INR,EUR,SP00,A,2022-05-26,83.0065,A,F,,,P1D,,A,,,,,,,99Q1=100,,,4,,4F0,,Indian rupee/Euro ECB reference exchange rate,"ECB reference exchange rate, Indian rupee/Euro, 2.15 pm (C.E.T.)",INR,0
EXR.D.INR.EUR.SP00.A,D,INR,EUR,SP00,A,2022-05-27,83.1915,A,F,,,P1D,,A,,,,,,,99Q1=100,,,4,,4F0,,Indian rupee/Euro ECB reference exchange rate,"ECB reference exchange rate, Indian rupee/Euro, 2.15 pm (C.E.T.)",INR,0
EXR.D.INR.EUR.SP00.A,D,INR,EUR,SP00,A,2022-05-30,83.475,A,F,,,P1D,,A,,,,,,,99Q1=100,,,4,,4F0,,Indian rupee/Euro ECB reference exchange rate,"ECB reference exchange rate, Indian rupee/Euro, 2.15 pm (C.E.T.)",INR,0
EXR.D.INR.EUR.SP00.A,D,INR,EUR,SP00,A,2022-05-31,83.231,A,F,,,P1D,,A,,,,,,,99Q1=100,,,4,,4F0,,Indian rupee/Euro ECB reference exchange rate,"ECB reference exchange rate, Indian rupee/Euro, 2.15 pm (C.E.T.)",INR,0
EXR.D.INR.EUR.SP00.A,D,INR,EUR,SP00,A,2022-06-01,83.051,A,F,,,P1D,,A,,,,,,,99Q1=100,,,4,,4F0,,Indian rupee/Euro ECB reference exchange rate,"ECB reference exchange rate, Indian rupee/Euro, 2.15 pm (C.E.T.)",INR,0
EXR.D.INR.EUR.SP00.A,D,INR,EUR,SP00,A,2022-06-02,82.922,A,F,,,P1D,,A,,,,,,,99Q1=100,,,4,,4F0,,Indian rupee/Euro ECB reference exchange rate,"ECB reference exchange rate, Indian rupee/Euro, 2.15 pm (C.E.T.)",INR,0
EXR.D.INR.EUR.SP00.A,D,INR,EUR,SP00,A,2022-06-03,83.273,A,F,,,P1D,,A,,,,,,,99Q1=100,,,4,,4F0,,Indian rupee/Euro ECB reference exchange rate,"ECB reference exchange rate, Indian rupee/Euro, 2.15 pm (C.E.T.)",INR,0
EXR.D.INR.EUR.SP00.A,D,INR,EUR,SP00,A,2022-06-06,83.245,A,F,,,P1D,,A,,,,,,,99Q1=100,,,4,,4F0,,Indian rupee/Euro ECB reference exchange rate,"ECB reference exchange rate, Indian rupee/Euro, 2.15 pm (C.E.T.)",INR,0
EXR.D.INR.EUR.SP00.A,D,INR,EUR,SP00,A,2022-06-07,82.873,A,F,,,P1D,,A,,,,,,,99Q1=100,,,4,,4F0,,Indian rupee/Euro ECB reference exchange rate,"ECB reference exchange rate, Indian rupee/Euro, 2.15 pm (C.E.T.)",INR,0
EXR.D.INR.EUR.SP00.A,D,INR,EUR,SP00,A,2022-06-08,83.414,A,F,,,P1D,,A,,,,,,,99Q1=100,,,4,,4F0,,Indian rupee/Euro ECB reference exchange rate,"ECB reference exchange rate, Indian rupee/Euro, 2.15 pm (C.E.T.)",INR,0
EXR.D.INR.EUR.SP00.A,D,INR,EUR,SP00,A,2022-06-09,83.526,A,F,,,P1D,,A,,,,,,,99Q1=100,,,4,,4F0,,Indian rupee/Euro ECB reference exchange rate,"ECB reference exchange rate, Indian rupee/Euro, 2.15 pm (C.E.T.)",INR,0
EXR.D.INR.EUR.SP00.A,D,INR,EUR,SP00,A,2022-06-10,82.3355,A,F,,,P1D,,A,,,,,,,99Q1=100,,,4,,4F0,,Indian rupee/Euro ECB reference exchange rate,"ECB reference exchange rate, Indian rupee/Euro, 2.15 pm (C.E.T.)",INR,0
EXR.D.INR.EUR.SP00.A,D,INR,EUR,SP00,A,2022-06-13,81.606,A,F,,,P1D,,A,,,,,,,99Q1=100,,,4,,4F0,,Indian rupee/Euro ECB reference exchange rate,"ECB reference exchange rate, Indian rupee/Euro, 2.15 pm (C.E.T.)",INR,0
EXR.D.INR.EUR.SP00.A,D,INR,EUR,SP00,A,2022-06-14,81.559,A,F,,,P1D,,A,,,,,,,99Q1=100,,,4,,4F0,,Indian rupee/Euro ECB reference exchange rate,"ECB reference exchange rate, Indian rupee/Euro, 2.15 pm (C.E.T.)",INR,0
EXR.D.INR.EUR.SP00.A,D,INR,EUR,SP00,A,2022-06-15,81.5142,A,F,,,P1D,,A,,,,,,,99Q1=100,,,4,,4F0,,Indian rupee/Euro ECB reference exchange rate,"ECB reference exchange rate, Indian rupee/Euro, 2.15 pm (C.E.T.)",INR,0
EXR.D.INR.EUR.SP00.A,D,INR,EUR,SP00,A,2022-06-16,81.1945,A,F,,,P1D,,A,,,,,,,99Q1=100,,,4,,4F0,,Indian rupee/Euro ECB reference exchange rate,"ECB reference exchange rate, Indian rupee/Euro, 2.15 pm (C.E.T.)",INR,0
EXR.D.INR.EUR.SP00.A,D,INR,EUR,SP00,A,2022-06-17,81.871,A,F,,,P1D,,A,,,,,,,99Q1=100,,,4,,4F0,,Indian rupee/Euro ECB reference exchange rate,"ECB reference exchange rate, Indian rupee/Euro, 2.15 pm (C.E.T.)",INR,0
EXR.D.INR.EUR.SP00.A,D,INR,EUR,SP00,A,2022-06-20,81.994,A,F,,,P1D,,A,,,,,,,99Q1=100,,,4,,4F0,,Indian rupee/Euro ECB reference exchange rate,"ECB reference exchange rate, Indian rupee/Euro, 2.15 pm (C.E.T.)",INR,0
EXR.D.INR.EUR.SP00.A,D,INR,EUR,SP00,A,2022-06-21,82.423,A,F,,,P1D,,A,,,,,,,99Q1=100,,,4,,4F0,,Indian rupee/Euro ECB reference exchange rate,"ECB reference exchange rate, Indian rupee/Euro, 2.15 pm (C.E.T.)",INR,0
EXR.D.INR.EUR.SP00.A,D,INR,EUR,SP00,A,2022-06-22,82.4075,A,F,,,P1D,,A,,,,,,,99Q1=100,,,4,,4F0,,Indian rupee/Euro ECB reference exchange rate,"ECB reference exchange rate, Indian rupee/Euro, 2.15 pm (C.E.T.)",INR,0
EXR.D.INR.EUR.SP00.A,D,INR,EUR,SP00,A,2022-06-23,82.1489,A,F,,,P1D,,A,,,,,,,99Q1=100,,,4,,4F0,,Indian rupee/Euro ECB reference exchange rate,"ECB reference exchange rate, Indian rupee/Euro, 2.15 pm (C.E.T.)",INR,0
EXR.D.INR.EUR.SP00.A,D,INR,EUR,SP00,A,2022-06-24,82.3985,A,F,,,P1D,,A,,,,,,,99Q1=100,,,4,,4F0,,Indian rupee/Euro ECB reference exchange rate,"ECB reference exchange rate, Indian rupee/Euro, 2.15 pm (C.E.T.)",INR,0
EXR.D.INR.EUR.SP00.A,D,INR,EUR,SP00,A,2022-06-27,82.9325,A,F,,,P1D,,A,,,,,,,99Q1=100,,,4,,4F0,,Indian rupee/Euro ECB reference exchange rate,"ECB reference exchange rate, Indian rupee/Euro, 2.15 pm (C.E.T.)",INR,0
EXR.D.INR.EUR.SP00.A,D,INR,EUR,SP00,A,2022-06-28,83.408,A,F,,,P1D,,A,,,,,,,99Q1=100,,,4,,4F0,,Indian rupee/Euro ECB reference exchange rate,"ECB reference exchange rate, Indian rupee/Euro, 2.15 pm (C.E.T.)",INR,0
EXR.D.INR.EUR.SP00.A,D,INR,EUR,SP00,A,2022-06-29,83.037,A,F,,,P1D,,A,,,,,,,99Q1=100,,,4,,4F0,,Indian rupee/Euro ECB reference exchange rate,"ECB reference exchange rate, Indian rupee/Euro, 2.15 pm (C.E.T.)",INR,0
EXR.D.INR.EUR.SP00.A,D,INR,EUR,SP00,A,2022-06-30,82.113,A,F,,,P1D,,A,,,,,,,99Q1=100,,,4,,4F0,,Indian rupee/Euro ECB reference exchange rate,"ECB reference exchange rate, Indian rupee/Euro, 2.15 pm (C.E.T.)",INR,0
EXR.D.INR.EUR.SP00.A,D,INR,EUR,SP00,A,2022-07-01,82.3747,A,F,,,P1D,,A,,,,,,,99Q1=100,,,4,,4F0,,Indian rupee/Euro ECB reference exchange rate,"ECB reference exchange rate, Indian rupee/Euro, 2.15 pm (C.E.T.)",INR,0
EXR.D.INR.EUR.SP00.A,D,INR,EUR,SP00,A,2022-07-04,82.5067,A,F,,,P1D,,A,,,,,,,99Q1=100,,,4,,4F0,,Indian rupee/Euro ECB reference exchange rate,"ECB reference exchange rate, Indian rupee/Euro, 2.15 pm (C.E.T.)",INR,0
EXR.D.INR.EUR.SP00.A,D,INR,EUR,SP00,A,2022-07-05,81.673,A,F,,,P1D,,A,,,,,,,99Q1=100,,,4,,4F0,,Indian rupee/Euro ECB reference exchange rate,"ECB reference exchange rate, Indian rupee/Euro, 2.15 pm (C.E.T.)",INR,0
EXR.D.INR.EUR.SP00.A,D,INR,EUR,SP00,A,2022-07-06,80.5321,A,F,,,P1D,,A,,,,,,,99Q1=100,,,4,,4F0,,Indian rupee/Euro ECB reference exchange rate,"ECB reference exchange rate, Indian rupee/Euro, 2.15 pm (C.E.T.)",INR,0
EXR.D.INR.EUR.SP00.A,D,INR,EUR,SP00,A,2022-07-07,80.6,A,F,,,P1D,,A,,,,,,,99Q1=100,,,4,,4F0,,Indian rupee/Euro ECB reference exchange rate,"ECB reference exchange rate, Indian rupee/Euro, 2.15 pm (C.E.T.)",INR,0
EXR.D.INR.EUR.SP00.A,D,INR,EUR,SP00,A,2022-07-08,80.528,A,F,,,P1D,,A,,,,,,,99Q1=100,,,4,,4F0,,Indian rupee/Euro ECB reference exchange rate,"ECB reference exchange rate, Indian rupee/Euro, 2.15 pm (C.E.T.)",INR,0
EXR.D.INR.EUR.SP00.A,D,INR,EUR,SP00,A,2022-07-11,80.2435,A,F,,,P1D,,A,,,,,,,99Q1=100,,,4,,4F0,,Indian rupee/Euro ECB reference exchange rate,"ECB reference exchange rate, Indian rupee/Euro, 2.15 pm (C.E.T.)",INR,0
EXR.D.INR.EUR.SP00.A,D,INR,EUR,SP00,A,2022-07-12,79.8965,A,F,,,P1D,,A,,,,,,,99Q1=100,,,4,,4F0,,Indian rupee/Euro ECB reference exchange rate,"ECB reference exchange rate, Indian rupee/Euro, 2.15 pm (C.E.T.)",INR,0
EXR.D.INR.EUR.SP00.A,D,INR,EUR,SP00,A,2022-07-13,80.1285,A,F,,,P1D,,A,,,,,,,99Q1=100,,,4,,4F0,,Indian rupee/Euro ECB reference exchange rate,"ECB reference exchange rate, Indian rupee/Euro, 2.15 pm (C.E.T.)",INR,0
EXR.D.INR.EUR.SP00.A,D,INR,EUR,SP00,A,2022-07-14,80.0752,A,F,,,P1D,,A,,,,,,,99Q1=100,,,4,,4F0,,Indian rupee/Euro ECB reference exchange rate,"ECB reference exchange rate, Indian rupee/Euro, 2.15 pm (C.E.T.)",INR,0
EXR.D.INR.EUR.SP00.A,D,INR,EUR,SP00,A,2022-07-15,80.316,A,F,,,P1D,,A,,,,,,,99Q1=100,,,4,,4F0,,Indian rupee/Euro ECB reference exchange rate,"ECB reference exchange rate, Indian rupee/Euro, 2.15 pm (C.E.T.)",INR,0
EXR.D.INR.EUR.SP00.A,D,INR,EUR,SP00,A,2022-07-18,81.034,A,F,,,P1D,,A,,,,,,,99Q1=100,,,4,,4F0,,Indian rupee/Euro ECB reference exchange rate,"ECB reference exchange rate, Indian rupee/Euro, 2.15 pm (C.E.T.)",INR,0
EXR.D.INR.EUR.SP00.A,D,INR,EUR,SP00,A,2022-07-19,81.898,A,F,,,P1D,,A,,,,,,,99Q1=100,,,4,,4F0,,Indian rupee/Euro ECB reference exchange rate,"ECB reference exchange rate, Indian rupee/Euro, 2.15 pm (C.E.T.)",INR,0
EXR.D.INR.EUR.SP00.A,D,INR,EUR,SP00,A,2022-07-20,81.599,A,F,,,P1D,,A,,,,,,,99Q1=100,,,4,,4F0,,Indian rupee/Euro ECB reference exchange rate,"ECB reference exchange rate, Indian rupee/Euro, 2.15 pm (C.E.T.)",INR,0
EXR.D.INR.EUR.SP00.A,D,INR,EUR,SP00,A,2022-07-21,81.451,A,F,,,P1D,,A,,,,,,,99Q1=100,,,4,,4F0,,Indian rupee/Euro ECB reference exchange rate,"ECB reference exchange rate, Indian rupee/Euro, 2.15 pm (C.E.T.)",INR,0
EXR.D.INR.EUR.SP00.A,D,INR,EUR,SP00,A,2022-07-22,81.384,A,F,,,P1D,,A,,,,,,,99Q1=100,,,4,,4F0,,Indian rupee/Euro ECB reference exchange rate,"ECB reference exchange rate, Indian rupee/Euro, 2.15 pm (C.E.T.)",INR,0
EXR.D.INR.EUR.SP00.A,D,INR,EUR,SP00,A,2022-07-25,81.6675,A,F,,,P1D,,A,,,,,,,99Q1=100,,,4,,4F0,,Indian rupee/Euro ECB reference exchange rate,"ECB reference exchange rate, Indian rupee/Euro, 2.15 pm (C.E.T.)",INR,0
EXR.D.INR.EUR.SP00.A,D,INR,EUR,SP00,A,2022-07-26,80.805,A,F,,,P1D,,A,,,,,,,99Q1=100,,,4,,4F0,,Indian rupee/Euro ECB reference exchange rate,"ECB reference exchange rate, Indian rupee/Euro, 2.15 pm (C.E.T.)",INR,0
EXR.D.INR.EUR.SP00.A,D,INR,EUR,SP00,A,2022-07-27,81.135,A,F,,,P1D,,A,,,,,,,99Q1=100,,,4,,4F0,,Indian rupee/Euro ECB reference exchange rate,"ECB reference exchange rate, Indian rupee/Euro, 2.15 pm (C.E.T.)",INR,0
EXR.D.INR.EUR.SP00.A,D,INR,EUR,SP00,A,2022-07-28,80.6535,A,F,,,P1D,,A,,,,,,,99Q1=100,,,4,,4F0,,Indian rupee/Euro ECB reference exchange rate,"ECB reference exchange rate, Indian rupee/Euro, 2.15 pm (C.E.T.)",INR,0
EXR.D.INR.EUR.SP00.A,D,INR,EUR,SP00,A,2022-07-29,80.882,A,F,,,P1D,,A,,,,,,,99Q1=100,,,4,,4F0,,Indian rupee/Euro ECB reference exchange rate,"ECB reference exchange rate, Indian rupee/Euro, 2.15 pm (C.E.T.)",INR,0
EXR.D.INR.EUR.SP00.A,D,INR,EUR,SP00,A,2022-08-01,80.9335,A,F,,,P1D,,A,,,,,,,99Q1=100,,,4,,4F0,,Indian rupee/Euro ECB reference exchange rate,"ECB reference exchange rate, Indian rupee/Euro, 2.15 pm (C.E.T.)",INR,0
EXR.D.INR.EUR.SP00.A,D,INR,EUR,SP00,A,2022-08-02,80.3243,A,F,,,P1D,,A,,,,,,,99Q1=100,,,4,,4F0,,Indian rupee/Euro ECB reference exchange rate,"ECB reference exchange rate, Indian rupee/Euro, 2.15 pm (C.E.T.)",INR,0
EXR.D.INR.EUR.SP00.A,D,INR,EUR,SP00,A,2022-08-03,80.6895,A,F,,,P1D,,A,,,,,,,99Q1=100,,,4,,4F0,,Indian rupee/Euro ECB reference exchange rate,"ECB reference exchange rate, Indian rupee/Euro, 2.15 pm (C.E.T.)",INR,0
EXR.D.INR.EUR.SP00.A,D,INR,EUR,SP00,A,2022-08-04,80.7715,A,F,,,P1D,,A,,,,,,,99Q1=100,,,4,,4F0,,Indian rupee/Euro ECB reference exchange rate,"ECB reference exchange rate, Indian rupee/Euro, 2.15 pm (C.E.T.)",INR,0
EXR.D.INR.EUR.SP00.A,D,INR,EUR,SP00,A,2022-08-05,81.0469,A,F,,,P1D,,A,,,,,,,99Q1=100,,,4,,4F0,,Indian rupee/Euro ECB reference exchange rate,"ECB reference exchange rate, Indian rupee/Euro, 2.15 pm (C.E.T.)",INR,0
EXR.D.INR.EUR.SP00.A,D,INR,EUR,SP00,A,2022-08-08,81.166,A,F,,,P1D,,A,,,,,,,99Q1=100,,,4,,4F0,,Indian rupee/Euro ECB reference exchange rate,"ECB reference exchange rate, Indian rupee/Euro, 2.15 pm (C.E.T.)",INR,0
EXR.D.INR.EUR.SP00.A,D,INR,EUR,SP00,A,2022-08-09,81.406,A,F,,,P1D,,A,,,,,,,99Q1=100,,,4,,4F0,,Indian rupee/Euro ECB reference exchange rate,"ECB reference exchange rate, Indian rupee/Euro, 2.15 pm (C.E.T.)",INR,0
EXR.D.INR.EUR.SP00.A,D,INR,EUR,SP00,A,2022-08-10,81.468,A,F,,,P1D,,A,,,,,,,99Q1=100,,,4,,4F0,,Indian rupee/Euro ECB reference exchange rate,"ECB reference exchange rate, Indian rupee/Euro, 2.15 pm (C.E.T.)",INR,0
EXR.D.INR.EUR.SP00.A,D,INR,EUR,SP00,A,2022-08-11,82.2845,A,F,,,P1D,,A,,,,,,,99Q1=100,,,4,,4F0,,Indian rupee/Euro ECB reference exchange rate,"ECB reference exchange rate, Indian rupee/Euro, 2.15 pm (C.E.T.)",INR,0
EXR.D.INR.EUR.SP00.A,D,INR,EUR,SP00,A,2022-08-12,81.9935,A,F,,,P1D,,A,,,,,,,99Q1=100,,,4,,4F0,,Indian rupee/Euro ECB reference exchange rate,"ECB reference exchange rate, Indian rupee/Euro, 2.15 pm (C.E.T.)",INR,0
EXR.D.INR.EUR.SP00.A,D,INR,EUR,SP00,A,2022-08-15,81.061,A,F,,,P1D,,A,,,,,,,99Q1=100,,,4,,4F0,,Indian rupee/Euro ECB reference exchange rate,"ECB reference exchange rate, Indian rupee/Euro, 2.15 pm (C.E.T.)",INR,0
EXR.D.INR.EUR.SP00.A,D,INR,EUR,SP00,A,2022-08-16,80.3745,A,F,,,P1D,,A,,,,,,,99Q1=100,,,4,,4F0,,Indian rupee/Euro ECB reference exchange rate,"ECB reference exchange rate, Indian rupee/Euro, 2.15 pm (C.E.T.)",INR,0
EXR.D.INR.EUR.SP00.A,D,INR,EUR,SP00,A,2022-08-17,80.7555,A,F,,,P1D,,A,,,,,,,99Q1=100,,,4,,4F0,,Indian rupee/Euro ECB reference exchange rate,"ECB reference exchange rate, Indian rupee/Euro, 2.15 pm (C.E.T.)",INR,0
EXR.D.INR.EUR.SP00.A,D,INR,EUR,SP00,A,2022-08-18,81.042,A,F,,,P1D,,A,,,,,,,99Q1=100,,,4,,4F0,,Indian rupee/Euro ECB reference exchange rate,"ECB reference exchange rate, Indian rupee/Euro, 2.15 pm (C.E.T.)",INR,0
EXR.D.INR.EUR.SP00.A,D,INR,EUR,SP00,A,2022-08-19,80.2988,A,F,,,P1D,,A,,,,,,,99Q1=100,,,4,,4F0,,Indian rupee/Euro ECB reference exchange rate,"ECB reference exchange rate, Indian rupee/Euro, 2.15 pm (C.E.T.)",INR,0
EXR.D.INR.EUR.SP00.A,D,INR,EUR,SP00,A,2022-08-22,79.8615,A,F,,,P1D,,A,,,,,,,99Q1=100,,,4,,4F0,,Indian rupee/Euro ECB reference exchange rate,"ECB reference exchange rate, Indian rupee/Euro, 2.15 pm (C.E.T.)",INR,0
EXR.D.INR.EUR.SP00.A,D,INR,EUR,SP00,A,2022-08-23,79.2805,A,F,,,P1D,,A,,,,,,,99Q1=100,,,4,,4F0,,Indian rupee/Euro ECB reference exchange rate,"ECB reference exchange rate, Indian rupee/Euro, 2.15 pm (C.E.T.)",INR,0
EXR.D.INR.EUR.SP00.A,D,INR,EUR,SP00,A,2022-08-24,79.3006,A,F,,,P1D,,A,,,,,,,99Q1=100,,,4,,4F0,,Indian rupee/Euro ECB reference exchange rate,"ECB reference exchange rate, Indian rupee/Euro, 2.15 pm (C.E.T.)",INR,0
EXR.D.INR.EUR.SP00.A,D,INR,EUR,SP00,A,2022-08-25,79.6555,A,F,,,P1D,,A,,,,,,,99Q1=100,,,4,,4F0,,Indian rupee/Euro ECB reference exchange rate,"ECB reference exchange rate, Indian rupee/Euro, 2.15 pm (C.E.T.)",INR,0
EXR.D.INR.EUR.SP00.A,D,INR,EUR,SP00,A,2022-08-26,79.9025,A,F,,,P1D,,A,,,,,,,99Q1=100,,,4,,4F0,,Indian rupee/Euro ECB reference exchange rate,"ECB reference exchange rate, Indian rupee/Euro, 2.15 pm (C.E.T.)",INR,0
EXR.D.INR.EUR.SP00.A,D,INR,EUR,SP00,A,2022-08-29,79.8295,A,F,,,P1D,,A,,,,,,,99Q1=100,,,4,,4F0,,Indian rupee/Euro ECB reference exchange rate,"ECB reference exchange rate, Indian rupee/Euro, 2.15 pm (C.E.T.)",INR,0
EXR.D.INR.EUR.SP00.A,D,INR,EUR,SP00,A,2022-08-30,79.8025,A,F,,,P1D,,A,,,,,,,99Q1=100,,,4,,4F0,,Indian rupee/Euro ECB reference exchange rate,"ECB reference exchange rate, Indian rupee/Euro, 2.15 pm (C.E.T.)",INR,0
EXR.D.INR.EUR.SP00.A,D,INR,EUR,SP00,A,2022-08-31,79.5465,A,F,,,P1D,,A,,,,,,,99Q1=100,,,4,,4F0,,Indian rupee/Euro ECB reference exchange rate,"ECB reference exchange rate, Indian rupee/Euro, 2.15 pm (C.E.T.)",INR,0
EXR.D.INR.EUR.SP00.A,D,INR,EUR,SP00,A,2022-09-01,79.6195,A,F,,,P1D,,A,,,,,,,99Q1=100,,,4,,4F0,,Indian rupee/Euro ECB reference exchange rate,"ECB reference exchange rate, Indian rupee/Euro, 2.15 pm (C.E.T.)",INR,0
EXR.D.INR.EUR.SP00.A,D,INR,EUR,SP00,A,2022-09-02,79.8096,A,F,,,P1D,,A,,,,,,,99Q1=100,,,4,,4F0,,Indian rupee/Euro ECB reference exchange rate,"ECB reference exchange rate, Indian rupee/Euro, 2.15 pm (C.E.T.)",INR,0
EXR.D.INR.EUR.SP00.A,D,INR,EUR,SP00,A,2022-09-05,79.2332,A,F,,,P1D,,A,,,,,,,99Q1=100,,,4,,4F0,,Indian rupee/Euro ECB reference exchange rate,"ECB reference exchange rate, Indian rupee/Euro, 2.15 pm (C.E.T.)",INR,0
EXR.D.INR.EUR.SP00.A,D,INR,EUR,SP00,A,2022-09-06,79.2305,A,F,,,P1D,,A,,,,,,,99Q1=100,,,4,,4F0,,Indian rupee/Euro ECB reference exchange rate,"ECB reference exchange rate, Indian rupee/Euro, 2.15 pm (C.E.T.)",INR,0
EXR.D.INR.EUR.SP00.A,D,INR,EUR,SP00,A,2022-09-07,79.028,A,F,,,P1D,,A,,,,,,,99Q1=100,,,4,,4F0,,Indian rupee/Euro ECB reference exchange rate,"ECB reference exchange rate, Indian rupee/Euro, 2.15 pm (C.E.T.)",INR,0
EXR.D.INR.EUR.SP00.A,D,INR,EUR,SP00,A,2022-09-08,79.7375,A,F,,,P1D,,A,,,,,,,99Q1=100,,,4,,4F0,,Indian rupee/Euro ECB reference exchange rate,"ECB reference exchange rate, Indian rupee/Euro, 2.15 pm (C.E.T.)",INR,0
EXR.D.INR.EUR.SP00.A,D,INR,EUR,SP00,A,2022-09-09,79.9685,A,F,,,P1D,,A,,,,,,,99Q1=100,,,4,,4F0,,Indian rupee/Euro ECB reference exchange rate,"ECB reference exchange rate, Indian rupee/Euro, 2.15 pm (C.E.T.)",INR,0
EXR.D.INR.EUR.SP00.A,D,INR,EUR,SP00,A,2022-09-12,80.692,A,F,,,P1D,,A,,,,,,,99Q1=100,,,4,,4F0,,Indian rupee/Euro ECB reference exchange rate,"ECB reference exchange rate, Indian rupee/Euro, 2.15 pm (C.E.T.)",INR,0
EXR.D.INR.EUR.SP00.A,D,INR,EUR,SP00,A,2022-09-13,80.5453,A,F,,,P1D,,A,,,,,,,99Q1=100,,,4,,4F0,,Indian rupee/Euro ECB reference exchange rate,"ECB reference exchange rate, Indian rupee/Euro, 2.15 pm (C.E.T.)",INR,0
EXR.D.INR.EUR.SP00.A,D,INR,EUR,SP00,A,2022-09-14,79.422,A,F,,,P1D,,A,,,,,,,99Q1=100,,,4,,4F0,,Indian rupee/Euro ECB reference exchange rate,"ECB reference exchange rate, Indian rupee/Euro, 2.15 pm (C.E.T.)",INR,0
EXR.D.INR.EUR.SP00.A,D,INR,EUR,SP00,A,2022-09-15,79.7119,A,F,,,P1D,,A,,,,,,,99Q1=100,,,4,,4F0,,Indian rupee/Euro ECB reference exchange rate,"ECB reference exchange rate, Indian rupee/Euro, 2.15 pm (C.E.T.)",INR,0
EXR.D.INR.EUR.SP00.A,D,INR,EUR,SP00,A,2022-09-16,79.3605,A,F,,,P1D,,A,,,,,,,99Q1=100,,,4,,4F0,,Indian rupee/Euro ECB reference exchange rate,"ECB reference exchange rate, Indian rupee/Euro, 2.15 pm (C.E.T.)",INR,0
EXR.D.INR.EUR.SP00.A,D,INR,EUR,SP00,A,2022-09-19,79.653,A,F,,,P1D,,A,,,,,,,99Q1=100,,,4,,4F0,,Indian rupee/Euro ECB reference exchange rate,"ECB reference exchange rate, Indian rupee/Euro, 2.15 pm (C.E.T.)",INR,0
EXR.D.INR.EUR.SP00.A,D,INR,EUR,SP00,A,2022-09-20,79.6095,A,F,,,P1D,,A,,,,,,,99Q1=100,,,4,,4F0,,Indian rupee/Euro ECB reference exchange rate,"ECB reference exchange rate, Indian rupee/Euro, 2.15 pm (C.E.T.)",INR,0
EXR.D.INR.EUR.SP00.A,D,INR,EUR,SP00,A,2022-09-21,79.1555,A,F,,,P1D,,A,,,,,,,99Q1=100,,,4,,4F0,,Indian rupee/Euro ECB reference exchange rate,"ECB reference exchange rate, Indian rupee/Euro, 2.15 pm (C.E.T.)",INR,0
EXR.D.INR.EUR.SP00.A,D,INR,EUR,SP00,A,2022-09-22,79.897,A,F,,,P1D,,A,,,,,,,99Q1=100,,,4,,4F0,,Indian rupee/Euro ECB reference exchange rate,"ECB reference exchange rate, Indian rupee/Euro, 2.15 pm (C.E.T.)",INR,0
EXR.D.INR.EUR.SP00.A,D,INR,EUR,SP00,A,2022-09-23,79.0705,A,F,,,P1D,,A,,,,,,,99Q1=100,,,4,,4F0,,Indian rupee/Euro ECB reference exchange rate,"ECB reference exchange rate, Indian rupee/Euro, 2.15 pm (C.E.T.)",INR,0
EXR.D.INR.EUR.SP00.A,D,INR,EUR,SP00,A,2022-09-26,78.704,A,F,,,P1D,,A,,,,,,,99Q1=100,,,4,,4F0,,Indian rupee/Euro ECB reference exchange rate,"ECB reference exchange rate, Indian rupee/Euro, 2.15 pm (C.E.T.)",INR,0
EXR.D.INR.EUR.SP00.A,D,INR,EUR,SP00,A,2022-09-27,78.574,A,F,,,P1D,,A,,,,,,,99Q1=100,,,4,,4F0,,Indian rupee/Euro ECB reference exchange rate,"ECB reference exchange rate, Indian rupee/Euro, 2.15 pm (C.E.T.)",INR,0
EXR.D.INR.EUR.SP00.A,D,INR,EUR,SP00,A,2022-09-28,78.2655,A,F,,,P1D,,A,,,,,,,99Q1=100,,,4,,4F0,,Indian rupee/Euro ECB reference exchange rate,"ECB reference exchange rate, Indian rupee/Euro, 2.15 pm (C.E.T.)",INR,0
EXR.D.INR.EUR.SP00.A,D,INR,EUR,SP00,A,2022-09-29,79.314,A,F,,,P1D,,A,,,,,,,99Q1=100,,,4,,4F0,,Indian rupee/Euro ECB reference exchange rate,"ECB reference exchange rate, Indian rupee/Euro, 2.15 pm (C.E.T.)",INR,0
EXR.D.INR.EUR.SP00.A,D,INR,EUR,SP00,A,2022-09-30,79.425,A,F,,,P1D,,A,,,,,,,99Q1=100,,,4,,4F0,,Indian rupee/Euro ECB reference exchange rate,"ECB reference exchange rate, Indian rupee/Euro, 2.15 pm (C.E.T.)",INR,0
EXR.D.INR.EUR.SP00.A,D,INR,EUR,SP00,A,2022-10-03,79.898,A,F,,,P1D,,A,,,,,,,99Q1=100,,,4,,4F0,,Indian rupee/Euro ECB reference exchange rate,"ECB reference exchange rate, Indian rupee/Euro, 2.15 pm (C.E.T.)",INR,0
EXR.D.INR.EUR.SP00.A,D,INR,EUR,SP00,A,2022-10-04,80.6995,A,F,,,P1D,,A,,,,,,,99Q1=100,,,4,,4F0,,Indian rupee/Euro ECB reference exchange rate,"ECB reference exchange rate, Indian rupee/Euro, 2.15 pm (C.E.T.)",INR,0
EXR.D.INR.EUR.SP00.A,D,INR,EUR,SP00,A,2022-10-05,80.909,A,F,,,P1D,,A,,,,,,,99Q1=100,,,4,,4F0,,Indian rupee/Euro ECB reference exchange rate,"ECB reference exchange rate, Indian rupee/Euro, 2.15 pm (C.E.T.)",INR,0
EXR.D.INR.EUR.SP00.A,D,INR,EUR,SP00,A,2022-10-06,81.0615,A,F,,,P1D,,A,,,,,,,99Q1=100,,,4,,4F0,,Indian rupee/Euro ECB reference exchange rate,"ECB reference exchange rate, Indian rupee/Euro, 2.15 pm (C.E.T.)",INR,0
EXR.D.INR.EUR.SP00.A,D,INR,EUR,SP00,A,2022-10-07,80.546,A,F,,,P1D,,A,,,,,,,99Q1=100,,,4,,4F0,,Indian rupee/Euro ECB reference exchange rate,"ECB reference exchange rate, Indian rupee/Euro, 2.15 pm (C.E.T.)",INR,0
EXR.D.INR.EUR.SP00.A,D,INR,EUR,SP00,A,2022-10-10,79.9678,A,F,,,P1D,,A,,,,,,,99Q1=100,,,4,,4F0,,Indian rupee/Euro ECB reference exchange rate,"ECB reference exchange rate, Indian rupee/Euro, 2.15 pm (C.E.T.)",INR,0
EXR.D.INR.EUR.SP00.A,D,INR,EUR,SP00,A,2022-10-11,79.9555,A,F,,,P1D,,A,,,,,,,99Q1=100,,,4,,4F0,,Indian rupee/Euro ECB reference exchange rate,"ECB reference exchange rate, Indian rupee/Euro, 2.15 pm (C.E.T.)",INR,0
EXR.D.INR.EUR.SP00.A,D,INR,EUR,SP00,A,2022-10-12,79.8955,A,F,,,P1D,,A,,,,,,,99Q1=100,,,4,,4F0,,Indian rupee/Euro ECB reference exchange rate,"ECB reference exchange rate, Indian rupee/Euro, 2.15 pm (C.E.T.)",INR,0
EXR.D.INR.EUR.SP00.A,D,INR,EUR,SP00,A,2022-10-13,79.9981,A,F,,,P1D,,A,,,,,,,99Q1=100,,,4,,4F0,,Indian rupee/Euro ECB reference exchange rate,"ECB reference exchange rate, Indian rupee/Euro, 2.15 pm (C.E.T.)",INR,0
EXR.D.INR.EUR.SP00.A,D,INR,EUR,SP00,A,2022-10-14,79.9695,A,F,,,P1D,,A,,,,,,,99Q1=100,,,4,,4F0,,Indian rupee/Euro ECB reference exchange rate,"ECB reference exchange rate, Indian rupee/Euro, 2.15 pm (C.E.T.)",INR,0
EXR.D.INR.EUR.SP00.A,D,INR,EUR,SP00,A,2022-10-17,80.128,A,F,,,P1D,,A,,,,,,,99Q1=100,,,4,,4F0,,Indian rupee/Euro ECB reference exchange rate,"ECB reference exchange rate, Indian rupee/Euro, 2.15 pm (C.E.T.)",INR,0
EXR.D.INR.EUR.SP00.A,D,INR,EUR,SP00,A,2022-10-18,80.9195,A,F,,,P1D,,A,,,,,,,99Q1=100,,,4,,4F0,,Indian rupee/Euro ECB reference exchange rate,"ECB reference exchange rate, Indian rupee/Euro, 2.15 pm (C.E.T.)",INR,0
EXR.D.INR.EUR.SP00.A,D,INR,EUR,SP00,A,2022-10-19,81.1955,A,F,,,P1D,,A,,,,,,,99Q1=100,,,4,,4F0,,Indian rupee/Euro ECB reference exchange rate,"ECB reference exchange rate, Indian rupee/Euro, 2.15 pm (C.E.T.)",INR,0
EXR.D.INR.EUR.SP00.A,D,INR,EUR,SP00,A,2022-10-20,81.1755,A,F,,,P1D,,A,,,,,,,99Q1=100,,,4,,4F0,,Indian rupee/Euro ECB reference exchange rate,"ECB reference exchange rate, Indian rupee/Euro, 2.15 pm (C.E.T.)",INR,0
EXR.D.INR.EUR.SP00.A,D,INR,EUR,SP00,A,2022-10-21,80.739,A,F,,,P1D,,A,,,,,,,99Q1=100,,,4,,4F0,,Indian rupee/Euro ECB reference exchange rate,"ECB reference exchange rate, Indian rupee/Euro, 2.15 pm (C.E.T.)",INR,0
EXR.D.INR.EUR.SP00.A,D,INR,EUR,SP00,A,2022-10-24,81.5451,A,F,,,P1D,,A,,,,,,,99Q1=100,,,4,,4F0,,Indian rupee/Euro ECB reference exchange rate,"ECB reference exchange rate, Indian rupee/Euro, 2.15 pm (C.E.T.)",INR,0
EXR.D.INR.EUR.SP00.A,D,INR,EUR,SP00,A,2022-10-25,81.653,A,F,,,P1D,,A,,,,,,,99Q1=100,,,4,,4F0,,Indian rupee/Euro ECB reference exchange rate,"ECB reference exchange rate, Indian rupee/Euro, 2.15 pm (C.E.T.)",INR,0
EXR.D.INR.EUR.SP00.A,D,INR,EUR,SP00,A,2022-10-26,82.206,A,F,,,P1D,,A,,,,,,,99Q1=100,,,4,,4F0,,Indian rupee/Euro ECB reference exchange rate,"ECB reference exchange rate, Indian rupee/Euro, 2.15 pm (C.E.T.)",INR,0
EXR.D.INR.EUR.SP00.A,D,INR,EUR,SP00,A,2022-10-27,82.656,A,F,,,P1D,,A,,,,,,,99Q1=100,,,4,,4F0,,Indian rupee/Euro ECB reference exchange rate,"ECB reference exchange rate, Indian rupee/Euro, 2.15 pm (C.E.T.)",INR,0
EXR.D.INR.EUR.SP00.A,D,INR,EUR,SP00,A,2022-10-28,82.0565,A,F,,,P1D,,A,,,,,,,99Q1=100,,,4,,4F0,,Indian rupee/Euro ECB reference exchange rate,"ECB reference exchange rate, Indian rupee/Euro, 2.15 pm (C.E.T.)",INR,0
EXR.D.INR.EUR.SP00.A,D,INR,EUR,SP00,A,2022-10-31,82.1035,A,F,,,P1D,,A,,,,,,,99Q1=100,,,4,,4F0,,Indian rupee/Euro ECB reference exchange rate,"ECB reference exchange rate, Indian rupee/Euro, 2.15 pm (C.E.T.)",INR,0
EXR.D.INR.EUR.SP00.A,D,INR,EUR,SP00,A,2022-11-01,82.084,A,F,,,P1D,,A,,,,,,,99Q1=100,,,4,,4F0,,Indian rupee/Euro ECB reference exchange rate,"ECB reference exchange rate, Indian rupee/Euro, 2.15 pm (C.E.T.)",INR,0
EXR.D.INR.EUR.SP00.A,D,INR,EUR,SP00,A,2022-11-02,81.992,A,F,,,P1D,,A,,,,,,,99Q1=100,,,4,,4F0,,Indian rupee/Euro ECB reference exchange rate,"ECB reference exchange rate, Indian rupee/Euro, 2.15 pm (C.E.T.)",INR,0
EXR.D.INR.EUR.SP00.A,D,INR,EUR,SP00,A,2022-11-03,80.8845,A,F,,,P1D,,A,,,,,,,99Q1=100,,,4,,4F0,,Indian rupee/Euro ECB reference exchange rate,"ECB reference exchange rate, Indian rupee/Euro, 2.15 pm (C.E.T.)",INR,0
EXR.D.INR.EUR.SP00.A,D,INR,EUR,SP00,A,2022-11-04,81.02,A,F,,,P1D,,A,,,,,,,99Q1=100,,,4,,4F0,,Indian rupee/Euro ECB reference exchange rate,"ECB reference exchange rate, Indian rupee/Euro, 2.15 pm (C.E.T.)",INR,0
EXR.D.INR.EUR.SP00.A,D,INR,EUR,SP00,A,2022-11-07,81.8407,A,F,,,P1D,,A,,,,,,,99Q1=100,,,4,,4F0,,Indian rupee/Euro ECB reference exchange rate,"ECB reference exchange rate, Indian rupee/Euro, 2.15 pm (C.E.T.)",INR,0
EXR.D.INR.EUR.SP00.A,D,INR,EUR,SP00,A,2022-11-08,81.518,A,F,,,P1D,,A,,,,,,,99Q1=100,,,4,,4F0,,Indian rupee/Euro ECB reference exchange rate,"ECB reference exchange rate, Indian rupee/Euro, 2.15 pm (C.E.T.)",INR,0
EXR.D.INR.EUR.SP00.A,D,INR,EUR,SP00,A,2022-11-09,81.6575,A,F,,,P1D,,A,,,,,,,99Q1=100,,,4,,4F0,,Indian rupee/Euro ECB reference exchange rate,"ECB reference exchange rate, Indian rupee/Euro, 2.15 pm (C.E.T.)",INR,0
EXR.D.INR.EUR.SP00.A,D,INR,EUR,SP00,A,2022-11-10,81.3058,A,F,,,P1D,,A,,,,,,,99Q1=100,,,4,,4F0,,Indian rupee/Euro ECB reference exchange rate,"ECB reference exchange rate, Indian rupee/Euro, 2.15 pm (C.E.T.)",INR,0
EXR.D.INR.EUR.SP00.A,D,INR,EUR,SP00,A,2022-11-11,83.2253,A,F,,,P1D,,A,,,,,,,99Q1=100,,,4,,4F0,,Indian rupee/Euro ECB reference exchange rate,"ECB reference exchange rate, Indian rupee/Euro, 2.15 pm (C.E.T.)",INR,0
EXR.D.INR.EUR.SP00.A,D,INR,EUR,SP00,A,2022-11-14,83.7779,A,F,,,P1D,,A,,,,,,,99Q1=100,,,4,,4F0,,Indian rupee/Euro ECB reference exchange rate,"ECB reference exchange rate, Indian rupee/Euro, 2.15 pm (C.E.T.)",INR,0
EXR.D.INR.EUR.SP00.A,D,INR,EUR,SP00,A,2022-11-15,84.1304,A,F,,,P1D,,A,,,,,,,99Q1=100,,,4,,4F0,,Indian rupee/Euro ECB reference exchange rate,"ECB reference exchange rate, Indian rupee/Euro, 2.15 pm (C.E.T.)",INR,0
EXR.D.INR.EUR.SP00.A,D,INR,EUR,SP00,A,2022-11-16,84.5905,A,F,,,P1D,,A,,,,,,,99Q1=100,,,4,,4F0,,Indian rupee/Euro ECB reference exchange rate,"ECB reference exchange rate, Indian rupee/Euro, 2.15 pm (C.E.T.)",INR,0
EXR.D.INR.EUR.SP00.A,D,INR,EUR,SP00,A,2022-11-17,84.394,A,F,,,P1D,,A,,,,,,,99Q1=100,,,4,,4F0,,Indian rupee/Euro ECB reference exchange rate,"ECB reference exchange rate, Indian rupee/Euro, 2.15 pm (C.E.T.)",INR,0
EXR.D.INR.EUR.SP00.A,D,INR,EUR,SP00,A,2022-11-18,84.6875,A,F,,,P1D,,A,,,,,,,99Q1=100,,,4,,4F0,,Indian rupee/Euro ECB reference exchange rate,"ECB reference exchange rate, Indian rupee/Euro, 2.15 pm (C.E.T.)",INR,0
EXR.D.INR.EUR.SP00.A,D,INR,EUR,SP00,A,2022-11-21,83.7375,A,F,,,P1D,,A,,,,,,,99Q1=100,,,4,,4F0,,Indian rupee/Euro ECB reference exchange rate,"ECB reference exchange rate, Indian rupee/Euro, 2.15 pm (C.E.T.)",INR,0
EXR.D.INR.EUR.SP00.A,D,INR,EUR,SP00,A,2022-11-22,83.8768,A,F,,,P1D,,A,,,,,,,99Q1=100,,,4,,4F0,,Indian rupee/Euro ECB reference exchange rate,"ECB reference exchange rate, Indian rupee/Euro, 2.15 pm (C.E.T.)",INR,0
EXR.D.INR.EUR.SP00.A,D,INR,EUR,SP00,A,2022-11-23,84.466,A,F,,,P1D,,A,,,,,,,99Q1=100,,,4,,4F0,,Indian rupee/Euro ECB reference exchange rate,"ECB reference exchange rate, Indian rupee/Euro, 2.15 pm (C.E.T.)",INR,0
EXR.D.INR.EUR.SP00.A,D,INR,EUR,SP00,A,2022-11-24,85.0295,A,F,,,P1D,,A,,,,,,,99Q1=100,,,4,,4F0,,Indian rupee/Euro ECB reference exchange rate,"ECB reference exchange rate, Indian rupee/Euro, 2.15 pm (C.E.T.)",INR,0
EXR.D.INR.EUR.SP00.A,D,INR,EUR,SP00,A,2022-11-25,84.7145,A,F,,,P1D,,A,,,,,,,99Q1=100,,,4,,4F0,,Indian rupee/Euro ECB reference exchange rate,"ECB reference exchange rate, Indian rupee/Euro, 2.15 pm (C.E.T.)",INR,0
EXR.D.INR.EUR.SP00.A,D,INR,EUR,SP00,A,2022-11-28,85.437,A,F,,,P1D,,A,,,,,,,99Q1=100,,,4,,4F0,,Indian rupee/Euro ECB reference exchange rate,"ECB reference exchange rate, Indian rupee/Euro, 2.15 pm (C.E.T.)",INR,0
EXR.D.INR.EUR.SP00.A,D,INR,EUR,SP00,A,2022-11-29,84.6548,A,F,,,P1D,,A,,,,,,,99Q1=100,,,4,,4F0,,Indian rupee/Euro ECB reference exchange rate,"ECB reference exchange rate, Indian rupee/Euro, 2.15 pm (C.E.T.)",INR,0
EXR.D.INR.EUR.SP00.A,D,INR,EUR,SP00,A,2022-11-30,84.4215,A,F,,,P1D,,A,,,,,,,99Q1=100,,,4,,4F0,,Indian rupee/Euro ECB reference exchange rate,"ECB reference exchange rate, Indian rupee/Euro, 2.15 pm (C.E.T.)",INR,0
EXR.D.INR.EUR.SP00.A,D,INR,EUR,SP00,A,2022-12-01,84.933,A,F,,,P1D,,A,,,,,,,99Q1=100,,,4,,4F0,,Indian rupee/Euro ECB reference exchange rate,"ECB reference exchange rate, Indian rupee/Euro, 2.15 pm (C.E.T.)",INR,0
EXR.D.INR.EUR.SP00.A,D,INR,EUR,SP00,A,2022-12-02,85.6435,A,F,,,P1D,,A,,,,,,,99Q1=100,,,4,,4F0,,Indian rupee/Euro ECB reference exchange rate,"ECB reference exchange rate, Indian rupee/Euro, 2.15 pm (C.E.T.)",INR,0
EXR.D.INR.EUR.SP00.A,D,INR,EUR,SP00,A,2022-12-05,86.5249,A,F,,,P1D,,A,,,,,,,99Q1=100,,,4,,4F0,,Indian rupee/Euro ECB reference exchange rate,"ECB reference exchange rate, Indian rupee/Euro, 2.15 pm (C.E.T.)",INR,0
EXR.D.INR.EUR.SP00.A,D,INR,EUR,SP00,A,2022-12-06,86.6485,A,F,,,P1D,,A,,,,,,,99Q1=100,,,4,,4F0,,Indian rupee/Euro ECB reference exchange rate,"ECB reference exchange rate, Indian rupee/Euro, 2.15 pm (C.E.T.)",INR,0
EXR.D.INR.EUR.SP00.A,D,INR,EUR,SP00,A,2022-12-07,86.692,A,F,,,P1D,,A,,,,,,,99Q1=100,,,4,,4F0,,Indian rupee/Euro ECB reference exchange rate,"ECB reference exchange rate, Indian rupee/Euro, 2.15 pm (C.E.T.)",INR,0
EXR.D.INR.EUR.SP00.A,D,INR,EUR,SP00,A,2022-12-08,86.6755,A,F,,,P1D,,A,,,,,,,99Q1=100,,,4,,4F0,,Indian rupee/Euro ECB reference exchange rate,"ECB reference exchange rate, Indian rupee/Euro, 2.15 pm (C.E.T.)",INR,0
EXR.D.INR.EUR.SP00.A,D,INR,EUR,SP00,A,2022-12-09,86.9535,A,F,,,P1D,,A,,,,,,,99Q1=100,,,4,,4F0,,Indian rupee/Euro ECB reference exchange rate,"ECB reference exchange rate, Indian rupee/Euro, 2.15 pm (C.E.T.)",INR,0
EXR.D.INR.EUR.SP00.A,D,INR,EUR,SP00,A,2022-12-12,87.253,A,F,,,P1D,,A,,,,,,,99Q1=100,,,4,,4F0,,Indian rupee/Euro ECB reference exchange rate,"ECB reference exchange rate, Indian rupee/Euro, 2.15 pm (C.E.T.)",INR,0
EXR.D.INR.EUR.SP00.A,D,INR,EUR,SP00,A,2022-12-13,87.2965,A,F,,,P1D,,A,,,,,,,99Q1=100,,,4,,4F0,,Indian rupee/Euro ECB reference exchange rate,"ECB reference exchange rate, Indian rupee/Euro, 2.15 pm (C.E.T.)",INR,0
EXR.D.INR.EUR.SP00.A,D,INR,EUR,SP00,A,2022-12-14,87.8435,A,F,,,P1D,,A,,,,,,,99Q1=100,,,4,,4F0,,Indian rupee/Euro ECB reference exchange rate,"ECB reference exchange rate, Indian rupee/Euro, 2.15 pm (C.E.T.)",INR,0
EXR.D.INR.EUR.SP00.A,D,INR,EUR,SP00,A,2022-12-15,87.9355,A,F,,,P1D,,A,,,,,,,99Q1=100,,,4,,4F0,,Indian rupee/Euro ECB reference exchange rate,"ECB reference exchange rate, Indian rupee/Euro, 2.15 pm (C.E.T.)",INR,0
EXR.D.INR.EUR.SP00.A,D,INR,EUR,SP00,A,2022-12-16,87.824,A,F,,,P1D,,A,,,,,,,99Q1=100,,,4,,4F0,,Indian rupee/Euro ECB reference exchange rate,"ECB reference exchange rate, Indian rupee/Euro, 2.15 pm (C.E.T.)",INR,0
EXR.D.INR.EUR.SP00.A,D,INR,EUR,SP00,A,2022-12-19,87.5321,A,F,,,P1D,,A,,,,,,,99Q1=100,,,4,,4F0,,Indian rupee/Euro ECB reference exchange rate,"ECB reference exchange rate, Indian rupee/Euro, 2.15 pm (C.E.T.)",INR,0
EXR.D.INR.EUR.SP00.A,D,INR,EUR,SP00,A,2022-12-20,87.6649,A,F,,,P1D,,A,,,,,,,99Q1=100,,,4,,4F0,,Indian rupee/Euro ECB reference exchange rate,"ECB reference exchange rate, Indian rupee/Euro, 2.15 pm (C.E.T.)",INR,0
EXR.D.INR.EUR.SP00.A,D,INR,EUR,SP00,A,2022-12-21,88.109,A,F,,,P1D,,A,,,,,,,99Q1=100,,,4,,4F0,,Indian rupee/Euro ECB reference exchange rate,"ECB reference exchange rate, Indian rupee/Euro, 2.15 pm (C.E.T.)",INR,0
EXR.D.INR.EUR.SP00.A,D,INR,EUR,SP00,A,2022-12-22,88.0365,A,F,,,P1D,,A,,,,,,,99Q1=100,,,4,,4F0,,Indian rupee/Euro ECB reference exchange rate,"ECB reference exchange rate, Indian rupee/Euro, 2.15 pm (C.E.T.)",INR,0
EXR.D.INR.EUR.SP00.A,D,INR,EUR,SP00,A,2022-12-23,87.958,A,F,,,P1D,,A,,,,,,,99Q1=100,,,4,,4F0,,Indian rupee/Euro ECB reference exchange rate,"ECB reference exchange rate, Indian rupee/Euro, 2.15 pm (C.E.T.)",INR,0
EXR.D.INR.EUR.SP00.A,D,INR,EUR,SP00,A,2022-12-27,88.0808,A,F,,,P1D,,A,,,,,,,99Q1=100,,,4,,4F0,,Indian rupee/Euro ECB reference exchange rate,"ECB reference exchange rate, Indian rupee/Euro, 2.15 pm (C.E.T.)",INR,0
EXR.D.INR.EUR.SP00.A,D,INR,EUR,SP00,A,2022-12-28,88.0943,A,F,,,P1D,,A,,,,,,,99Q1=100,,,4,,4F0,,Indian rupee/Euro ECB reference exchange rate,"ECB reference exchange rate, Indian rupee/Euro, 2.15 pm (C.E.T.)",INR,0
EXR.D.INR.EUR.SP00.A,D,INR,EUR,SP00,A,2022-12-29,88.2295,A,F,,,P1D,,A,,,,,,,99Q1=100,,,4,,4F0,,Indian rupee/Euro ECB reference exchange rate,"ECB reference exchange rate, Indian rupee/Euro, 2.15 pm (C.E.T.)",INR,0
EXR.D.INR.EUR.SP00.A,D,INR,EUR,SP00,A,2022-12-30,88.171,A,F,,,P1D,,A,,,,,,,99Q1=100,,,4,,4F0,,Indian rupee/Euro ECB reference exchange rate,"ECB reference exchange rate, Indian rupee/Euro, 2.15 pm (C.E.T.)",INR,0
