KEY,FREQ,CURRENCY,CURRENCY_DENOM,EXR_TYPE,EXR_SUFFIX,TIME_PERIOD,OBS_VALUE,OBS_STATUS,OBS_CONF,OBS_PRE_BREAK,OBS_COM,TIME_FORMAT,BREAKS,COLLECTION,COMPILING_ORG,DISS_ORG,DOM_SER_IDS,PUBL_ECB,PUBL_MU,PUBL_PUBLIC,UNIT_INDEX_BASE,COMPILATION,COVERAGE,DECIMALS,NAT_TITLE,SOURCE_AGENCY,SOURCE_PUB,TITLE,TITLE_COMPL,UNIT,UNIT_MULT
EXR.D.INR.EUR.SP00.A,D,INR,EUR,SP00,A,2023-01-02,88.426,A,F,,,P1D,,A,,,,,,,99Q1=100,,,4,,4F0,,Indian rupee/Euro ECB reference exchange rate,"ECB reference exchange rate, Indian rupee/Euro, 2.15 pm (C.E.T.)",INR,0
EXR.D.INR.EUR.SP00.A,D,INR,EUR,SP00,A,2023-01-03,87.4095,A,F,,,P1D,,A,,,,,,,99Q1=100,,,4,,4F0,,Indian rupee/Euro ECB reference exchange rate,"ECB reference exchange rate, Indian rupee/Euro, 2.15 pm (C.E.T.)",INR,0
EXR.D.INR.EUR.SP00.A,D,INR,EUR,SP00,A,2023-01-04,87.791,A,F,,,P1D,,A,,,,,,,99Q1=100,,,4,,4F0,,Indian rupee/Euro ECB reference exchange rate,"ECB reference exchange rate, Indian rupee/Euro, 2.15 pm (C.E.T.)",INR,0
EXR.D.INR.EUR.SP00.A,D,INR,EUR,SP00,A,2023-01-05,87.4755,A,F,,,P1D,,A,,,,,,,99Q1=100,,,4,,4F0,,Indian rupee/Euro ECB reference exchange rate,"ECB reference exchange rate, Indian rupee/Euro, 2.15 pm (C.E.T.)",INR,0
EXR.D.INR.EUR.SP00.A,D,INR,EUR,SP00,A,2023-01-06,86.9103,A,F,,,P1D,,A,,,,,,,99Q1=100,,,4,,4F0,,Indian rupee/Euro ECB reference exchange rate,"ECB reference exchange rate, Indian rupee/Euro, 2.15 pm (C.E.T.)",INR,0
EXR.D.INR.EUR.SP00.A,D,INR,EUR,SP00,A,2023-01-09,88.078,A,F,,,P1D,,A,,,,,,,99Q1=100,,,4,,4F0,,Indian rupee/Euro ECB reference exchange rate,"ECB reference exchange rate, Indian rupee/Euro, 2.15 pm (C.E.T.)",INR,0
EXR.D.INR.EUR.SP00.A,D,INR,EUR,SP00,A,2023-01-10,87.703,A,F,,,P1D,,A,,,,,,,99Q1=100,,,4,,4F0,,Indian rupee/Euro ECB reference exchange rate,"ECB reference exchange rate, Indian rupee/Euro, 2.15 pm (C.E.T.)",INR,0
EXR.D.INR.EUR.SP00.A,D,INR,EUR,SP00,A,2023-01-11,87.812,A,F,,,P1D,,A,,,,,,,99Q1=100,,,4,,4F0,,Indian rupee/Euro ECB reference exchange rate,"ECB reference exchange rate, Indian rupee/Euro, 2.15 pm (C.E.T.)",INR,0
EXR.D.INR.EUR.SP00.A,D,INR,EUR,SP00,A,2023-01-12,87.783,A,F,,,P1D,,A,,,,,,,99Q1=100,,,4,,4F0,,Indian rupee/Euro ECB reference exchange rate,"ECB reference exchange rate, Indian rupee/Euro, 2.15 pm (C.E.T.)",INR,0
EXR.D.INR.EUR.SP00.A,D,INR,EUR,SP00,A,2023-01-13,88.096,A,F,,,P1D,,A,,,,,,,99Q1=100,,,4,,4F0,,Indian rupee/Euro ECB reference exchange rate,"ECB reference exchange rate, Indian rupee/Euro, 2.15 pm (C.E.T.)",INR,0
EXR.D.INR.EUR.SP00.A,D,INR,EUR,SP00,A,2023-01-16,88.2795,A,F,,,P1D,,A,,,,,,,99Q1=100,,,4,,4F0,,Indian rupee/Euro ECB reference exchange rate,"ECB reference exchange rate, Indian rupee/Euro, 2.15 pm (C.E.T.)",INR,0
EXR.D.INR.EUR.SP00.A,D,INR,EUR,SP00,A,2023-01-17,88.577,A,F,,,P1D,,A,,,,,,,99Q1=100,,,4,,4F0,,Indian rupee/Euro ECB reference exchange rate,"ECB reference exchange rate, Indian rupee/Euro, 2.15 pm (C.E.T.)",INR,0
EXR.D.INR.EUR.SP00.A,D,INR,EUR,SP00,A,2023-01-18,88.142,A,F,,,P1D,,A,,,,,,,99Q1=100,,,4,,4F0,,Indian rupee/Euro ECB reference exchange rate,"ECB reference exchange rate, Indian rupee/Euro, 2.15 pm (C.E.T.)",INR,0
EXR.D.INR.EUR.SP00.A,D,INR,EUR,SP00,A,2023-01-19,88.046,A,F,,,P1D,,A,,,,,,,99Q1=100,,,4,,4F0,,Indian rupee/Euro ECB reference exchange rate,"ECB reference exchange rate, Indian rupee/Euro, 2.15 pm (C.E.T.)",INR,0
EXR.D.INR.EUR.SP00.A,D,INR,EUR,SP00,A,2023-01-20,87.817,A,F,,,P1D,,A,,,,,,,99Q1=100,,,4,,4F0,,Indian rupee/Euro ECB reference exchange rate,"ECB reference exchange rate, Indian rupee/Euro, 2.15 pm (C.E.T.)",INR,0
EXR.D.INR.EUR.SP00.A,D,INR,EUR,SP00,A,2023-01-23,88.452,A,F,,,P1D,,A,,,,,,,99Q1=100,,,4,,4F0,,Indian rupee/Euro ECB reference exchange rate,"ECB reference exchange rate, Indian rupee/Euro, 2.15 pm (C.E.T.)",INR,0
EXR.D.INR.EUR.SP00.A,D,INR,EUR,SP00,A,2023-01-24,88.6235,A,F,,,P1D,,A,,,,,,,99Q1=100,,,4,,4F0,,Indian rupee/Euro ECB reference exchange rate,"ECB reference exchange rate, Indian rupee/Euro, 2.15 pm (C.E.T.)",INR,0
EXR.D.INR.EUR.SP00.A,D,INR,EUR,SP00,A,2023-01-25,88.7258,A,F,,,P1D,,A,,,,,,,99Q1=100,,,4,,4F0,,Indian rupee/Euro ECB reference exchange rate,"ECB reference exchange rate, Indian rupee/Euro, 2.15 pm (C.E.T.)",INR,0
EXR.D.INR.EUR.SP00.A,D,INR,EUR,SP00,A,2023-01-26,88.8255,A,F,,,P1D,,A,,,,,,,99Q1=100,,,4,,4F0,,Indian rupee/Euro ECB reference exchange rate,"ECB reference exchange rate, Indian rupee/Euro, 2.15 pm (C.E.T.)",INR,0
EXR.D.INR.EUR.SP00.A,D,INR,EUR,SP00,A,2023-01-27,88.672,A,F,,,P1D,,A,,,,,,,99Q1=100,,,4,,4F0,,Indian rupee/Euro ECB reference exchange rate,"ECB reference exchange rate, Indian rupee/Euro, 2.15 pm (C.E.T.)",INR,0
EXR.D.INR.EUR.SP00.A,D,INR,EUR,SP00,A,2023-01-30,88.8885,A,F,,,P1D,,A,,,,,,,99Q1=100,,,4,,4F0,,Indian rupee/Euro ECB reference exchange rate,"ECB reference exchange rate, Indian rupee/Euro, 2.15 pm (C.E.T.)",INR,0
EXR.D.INR.EUR.SP00.A,D,INR,EUR,SP00,A,2023-01-31,88.636,A,F,,,P1D,,A,,,,,,,99Q1=100,,,4,,4F0,,Indian rupee/Euro ECB reference exchange rate,"ECB reference exchange rate, Indian rupee/Euro, 2.15 pm (C.E.T.)",INR,0
EXR.D.INR.EUR.SP00.A,D,INR,EUR,SP00,A,2023-02-01,89.106,A,F,,,P1D,,A,,,,,,,99Q1=100,,,4,,4F0,,Indian rupee/Euro ECB reference exchange rate,"ECB reference exchange rate, Indian rupee/Euro, 2.15 pm (C.E.T.)",INR,0
EXR.D.INR.EUR.SP00.A,D,INR,EUR,SP00,A,2023-02-02,90.3015,A,F,,,P1D,,A,,,,,,,99Q1=100,,,4,,4F0,,Indian rupee/Euro ECB reference exchange rate,"ECB reference exchange rate, Indian rupee/Euro, 2.15 pm (C.E.T.)",INR,0
EXR.D.INR.EUR.SP00.A,D,INR,EUR,SP00,A,2023-02-03,89.592,A,F,,,P1D,,A,,,,,,,99Q1=100,,,4,,4F0,,Indian rupee/Euro ECB reference exchange rate,"ECB reference exchange rate, Indian rupee/Euro, 2.15 pm (C.E.T.)",INR,0
EXR.D.INR.EUR.SP00.A,D,INR,EUR,SP00,A,2023-02-06,89.0922,A,F,,,P1D,,A,,,,,,,99Q1=100,,,4,,4F0,,Indian rupee/Euro ECB reference exchange rate,"ECB reference exchange rate, Indian rupee/Euro, 2.15 pm (C.E.T.)",INR,0
EXR.D.INR.EUR.SP00.A,D,INR,EUR,SP00,A,2023-02-07,88.5096,A,F,,,P1D,,A,,,,,,,99Q1=100,,,4,,4F0,,Indian rupee/Euro ECB reference exchange rate,"ECB reference exchange rate, Indian rupee/Euro, 2.15 pm (C.E.T.)",INR,0
EXR.D.INR.EUR.SP00.A,D,INR,EUR,SP00,A,2023-02-08,88.594,A,F,,,P1D,,A,,,,,,,99Q1=100,,,4,,4F0,,Indian rupee/Euro ECB reference exchange rate,"ECB reference exchange rate, Indian rupee/Euro, 2.15 pm (C.E.T.)",INR,0
EXR.D.INR.EUR.SP00.A,D,INR,EUR,SP00,A,2023-02-09,88.8905,A,F,,,P1D,,A,,,,,,,99Q1=100,,,4,,4F0,,Indian rupee/Euro ECB reference exchange rate,"ECB reference exchange rate, Indian rupee/Euro, 2.15 pm (C.E.T.)",INR,0
EXR.D.INR.EUR.SP00.A,D,INR,EUR,SP00,A,2023-02-10,88.2475,A,F,,,P1D,,A,,,,,,,99Q1=100,,,4,,4F0,,Indian rupee/Euro ECB reference exchange rate,"ECB reference exchange rate, Indian rupee/Euro, 2.15 pm (C.E.T.)",INR,0
EXR.D.INR.EUR.SP00.A,D,INR,EUR,SP00,A,2023-02-13,88.395,A,F,,,P1D,,A,,,,,,,99Q1=100,,,4,,4F0,,Indian rupee/Euro ECB reference exchange rate,"ECB reference exchange rate, Indian rupee/Euro, 2.15 pm (C.E.T.)",INR,0
EXR.D.INR.EUR.SP00.A,D,INR,EUR,SP00,A,2023-02-14,89.1227,A,F,,,P1D,,A,,,,,,,99Q1=100,,,4,,4F0,,Indian rupee/Euro ECB reference exchange rate,"ECB reference exchange rate, Indian rupee/Euro, 2.15 pm (C.E.T.)",INR,0
EXR.D.INR.EUR.SP00.A,D,INR,EUR,SP00,A,2023-02-15,88.6415,A,F,,,P1D,,A,,,,,,,99Q1=100,,,4,,4F0,,Indian rupee/Euro ECB reference exchange rate,"ECB reference exchange rate, Indian rupee/Euro, 2.15 pm (C.E.T.)",INR,0
EXR.D.INR.EUR.SP00.A,D,INR,EUR,SP00,A,2023-02-16,88.4574,A,F,,,P1D,,A,,,,,,,99Q1=100,,,4,,4F0,,Indian rupee/Euro ECB reference exchange rate,"ECB reference exchange rate, Indian rupee/Euro, 2.15 pm (C.E.T.)",INR,0
EXR.D.INR.EUR.SP00.A,D,INR,EUR,SP00,A,2023-02-17,88.021,A,F,,,P1D,,A,,,,,,,99Q1=100,,,4,,4F0,,Indian rupee/Euro ECB reference exchange rate,"ECB reference exchange rate, Indian rupee/Euro, 2.15 pm (C.E.T.)",INR,0
EXR.D.INR.EUR.SP00.A,D,INR,EUR,SP00,A,2023-02-20,88.306,A,F,,,P1D,,A,,,,,,,99Q1=100,,,4,,4F0,,Indian rupee/Euro ECB reference exchange rate,"ECB reference exchange rate, Indian rupee/Euro, 2.15 pm (C.E.T.)",INR,0
EXR.D.INR.EUR.SP00.A,D,INR,EUR,SP00,A,2023-02-21,88.2835,A,F,,,P1D,,A,,,,,,,99Q1=100,,,4,,4F0,,Indian rupee/Euro ECB reference exchange rate,"ECB reference exchange rate, Indian rupee/Euro, 2.15 pm (C.E.T.)",INR,0
EXR.D.INR.EUR.SP00.A,D,INR,EUR,SP00,A,2023-02-22,88.238,A,F,,,P1D,,A,,,,,,,99Q1=100,,,4,,4F0,,Indian rupee/Euro ECB reference exchange rate,"ECB reference exchange rate, Indian rupee/Euro, 2.15 pm (C.E.T.)",INR,0
EXR.D.INR.EUR.SP00.A,D,INR,EUR,SP00,A,2023-02-23,87.6695,A,F,,,P1D,,A,,,,,,,99Q1=100,,,4,,4F0,,Indian rupee/Euro ECB reference exchange rate,"ECB reference exchange rate, Indian rupee/Euro, 2.15 pm (C.E.T.)",INR,0
EXR.D.INR.EUR.SP00.A,D,INR,EUR,SP00,A,2023-02-24,87.4845,A,F,,,P1D,,A,,,,,,,99Q1=100,,,4,,4F0,,Indian rupee/Euro ECB reference exchange rate,"ECB reference exchange rate, Indian rupee/Euro, 2.15 pm (C.E.T.)",INR,0
EXR.D.INR.EUR.SP00.A,D,INR,EUR,SP00,A,2023-02-27,87.336,A,F,,,P1D,,A,,,,,,,99Q1=100,,,4,,4F0,,Indian rupee/Euro ECB reference exchange rate,"ECB reference exchange rate, Indian rupee/Euro, 2.15 pm (C.E.T.)",INR,0
EXR.D.INR.EUR.SP00.A,D,INR,EUR,SP00,A,2023-02-28,87.7205,A,F,,,P1D,,A,,,,,,,99Q1=100,,,4,,4F0,,Indian rupee/Euro ECB reference exchange rate,"ECB reference exchange rate, Indian rupee/Euro, 2.15 pm (C.E.T.)",INR,0
EXR.D.INR.EUR.SP00.A,D,INR,EUR,SP00,A,2023-03-01,88.0848,A,F,,,P1D,,A,,,,,,,99Q1=100,,,4,,4F0,,Indian rupee/Euro ECB reference exchange rate,"ECB reference exchange rate, Indian rupee/Euro, 2.15 pm (C.E.T.)",INR,0
EXR.D.INR.EUR.SP00.A,D,INR,EUR,SP00,A,2023-03-02,87.5365,A,F,,,P1D,,A,,,,,,,99Q1=100,,,4,,4F0,,Indian rupee/Euro ECB reference exchange rate,"ECB reference exchange rate, Indian rupee/Euro, 2.15 pm (C.E.T.)",INR,0
EXR.D.INR.EUR.SP00.A,D,INR,EUR,SP00,A,2023-03-03,86.9185,A,F,,,P1D,,A,,,,,,,99Q1=100,,,4,,4F0,,Indian rupee/Euro ECB reference exchange rate,"ECB reference exchange rate, Indian rupee/Euro, 2.15 pm (C.E.T.)",INR,0
EXR.D.INR.EUR.SP00.A,D,INR,EUR,SP00,A,2023-03-06,87.1445,A,F,,,P1D,,A,,,,,,,99Q1=100,,,4,,4F0,,Indian rupee/Euro ECB reference exchange rate,"ECB reference exchange rate, Indian rupee/Euro, 2.15 pm (C.E.T.)",INR,0
EXR.D.INR.EUR.SP00.A,D,INR,EUR,SP00,A,2023-03-07,87.2625,A,F,,,P1D,,A,,,,,,,99Q1=100,,,4,,4F0,,Indian rupee/Euro ECB reference exchange rate,"ECB reference exchange rate, Indian rupee/Euro, 2.15 pm (C.E.T.)",INR,0
EXR.D.INR.EUR.SP00.A,D,INR,EUR,SP00,A,2023-03-08,86.421,A,F,,,P1D,,A,,,,,,,99Q1=100,,,4,,4F0,,Indian rupee/Euro ECB reference exchange rate,"ECB reference exchange rate, Indian rupee/Euro, 2.15 pm (C.E.T.)",INR,0
EXR.D.INR.EUR.SP00.A,D,INR,EUR,SP00,A,2023-03-09,86.6215,A,F,,,P1D,,A,,,,,,,99Q1=100,,,4,,4F0,,Indian rupee/Euro ECB reference exchange rate,"ECB reference exchange rate, Indian rupee/Euro, 2.15 pm (C.E.T.)",INR,0
EXR.D.INR.EUR.SP00.A,D,INR,EUR,SP00,A,2023-03-10,86.9375,A,F,,,P1D,,A,,,,,,,99Q1=100,,,4,,4F0,,Indian rupee/Euro ECB reference exchange rate,"ECB reference exchange rate, Indian rupee/Euro, 2.15 pm (C.E.T.)",INR,0
EXR.D.INR.EUR.SP00.A,D,INR,EUR,SP00,A,2023-03-13,88.046,A,F,,,P1D,,A,,,,,,,99Q1=100,,,4,,4F0,,Indian rupee/Euro ECB reference exchange rate,"ECB reference exchange rate, Indian rupee/Euro, 2.15 pm (C.E.T.)",INR,0
EXR.D.INR.EUR.SP00.A,D,INR,EUR,SP00,A,2023-03-14,88.431,A,F,,,P1D,,A,,,,,,,99Q1=100,,,4,,4F0,,Indian rupee/Euro ECB reference exchange rate,"ECB reference exchange rate, Indian rupee/Euro, 2.15 pm (C.E.T.)",INR,0
EXR.D.INR.EUR.SP00.A,D,INR,EUR,SP00,A,2023-03-15,87.3125,A,F,,,P1D,,A,,,,,,,99Q1=100,,,4,,4F0,,Indian rupee/Euro ECB reference exchange rate,"ECB reference exchange rate, Indian rupee/Euro, 2.15 pm (C.E.T.)",INR,0
EXR.D.INR.EUR.SP00.A,D,INR,EUR,SP00,A,2023-03-16,87.7298,A,F,,,P1D,,A,,,,,,,99Q1=100,,,4,,4F0,,Indian rupee/Euro ECB reference exchange rate,"ECB reference exchange rate, Indian rupee/Euro, 2.15 pm (C.E.T.)",INR,0
EXR.D.INR.EUR.SP00.A,D,INR,EUR,SP00,A,2023-03-17,87.787,A,F,,,P1D,,A,,,,,,,99Q1=100,,,4,,4F0,,Indian rupee/Euro ECB reference exchange rate,"ECB reference exchange rate, Indian rupee/Euro, 2.15 pm (C.E.T.)",INR,0
EXR.D.INR.EUR.SP00.A,D,INR,EUR,SP00,A,2023-03-20,88.49,A,F,,,P1D,,A,,,,,,,99Q1=100,,,4,,4F0,,Indian rupee/Euro ECB reference exchange rate,"ECB reference exchange rate, Indian rupee/Euro, 2.15 pm (C.E.T.)",INR,0
EXR.D.INR.EUR.SP00.A,D,INR,EUR,SP00,A,2023-03-21,89.0308,A,F,,,P1D,,A,,,,,,,99Q1=100,,,4,,4F0,,Indian rupee/Euro ECB reference exchange rate,"ECB reference exchange rate, Indian rupee/Euro, 2.15 pm (C.E.T.)",INR,0
EXR.D.INR.EUR.SP00.A,D,INR,EUR,SP00,A,2023-03-22,89.08,A,F,,,P1D,,A,,,,,,,99Q1=100,,,4,,4F0,,Indian rupee/Euro ECB reference exchange rate,"ECB reference exchange rate, Indian rupee/Euro, 2.15 pm (C.E.T.)",INR,0
EXR.D.INR.EUR.SP00.A,D,INR,EUR,SP00,A,2023-03-23,89.481,A,F,,,P1D,,A,,,,,,,99Q1=100,,,4,,4F0,,Indian rupee/Euro ECB reference exchange rate,"ECB reference exchange rate, Indian rupee/Euro, 2.15 pm (C.E.T.)",INR,0
EXR.D.INR.EUR.SP00.A,D,INR,EUR,SP00,A,2023-03-24,88.565,A,F,,,P1D,,A,,,,,,,99Q1=100,,,4,,4F0,,Indian rupee/Euro ECB reference exchange rate,"ECB reference exchange rate, Indian rupee/Euro, 2.15 pm (C.E.T.)",INR,0
EXR.D.INR.EUR.SP00.A,D,INR,EUR,SP00,A,2023-03-27,88.6672,A,F,,,P1D,,A,,,,,,,99Q1=100,,,4,,4F0,,Indian rupee/Euro ECB reference exchange rate,"ECB reference exchange rate, Indian rupee/Euro, 2.15 pm (C.E.T.)",INR,0
EXR.D.INR.EUR.SP00.A,D,INR,EUR,SP00,A,2023-03-28,89.064,A,F,,,P1D,,A,,,,,,,99Q1=100,,,4,,4F0,,Indian rupee/Euro ECB reference exchange rate,"ECB reference exchange rate, Indian rupee/Euro, 2.15 pm (C.E.T.)",INR,0
EXR.D.INR.EUR.SP00.A,D,INR,EUR,SP00,A,2023-03-29,89.2985,A,F,,,P1D,,A,,,,,,,99Q1=100,,,4,,4F0,,Indian rupee/Euro ECB reference exchange rate,"ECB reference exchange rate, Indian rupee/Euro, 2.15 pm (C.E.T.)",INR,0
EXR.D.INR.EUR.SP00.A,D,INR,EUR,SP00,A,2023-03-30,89.3575,A,F,,,P1D,,A,,,,,,,99Q1=100,,,4,,4F0,,Indian rupee/Euro ECB reference exchange rate,"ECB reference exchange rate, Indian rupee/Euro, 2.15 pm (C.E.T.)",INR,0
EXR.D.INR.EUR.SP00.A,D,INR,EUR,SP00,A,2023-03-31,89.3995,A,F,,,P1D,,A,,,,,,,99Q1=100,,,4,,4F0,,Indian rupee/Euro ECB reference exchange rate,"ECB reference exchange rate, Indian rupee/Euro, 2.15 pm (C.E.T.)",INR,0
EXR.D.INR.EUR.SP00.A,D,INR,EUR,SP00,A,2023-04-03,89.471,A,F,,,P1D,,A,,,,,,,99Q1=100,,,4,,4F0,,Indian rupee/Euro ECB reference exchange rate,"ECB reference exchange rate, Indian rupee/Euro, 2.15 pm (C.E.T.)",INR,0
EXR.D.INR.EUR.SP00.A,D,INR,EUR,SP00,A,2023-04-04,89.59,A,F,,,P1D,,A,,,,,,,99Q1=100,,,4,,4F0,,Indian rupee/Euro ECB reference exchange rate,"ECB reference exchange rate, Indian rupee/Euro, 2.15 pm (C.E.T.)",INR,0
EXR.D.INR.EUR.SP00.A,D,INR,EUR,SP00,A,2023-04-05,89.7215,A,F,,,P1D,,A,,,,,,,99Q1=100,,,4,,4F0,,Indian rupee/Euro ECB reference exchange rate,"ECB reference exchange rate, Indian rupee/Euro, 2.15 pm (C.E.T.)",INR,0
EXR.D.INR.EUR.SP00.A,D,INR,EUR,SP00,A,2023-04-06,89.3655,A,F,,,P1D,,A,,,,,,,99Q1=100,,,4,,4F0,,Indian rupee/Euro ECB reference exchange rate,"ECB reference exchange rate, Indian rupee/Euro, 2.15 pm (C.E.T.)",INR,0
EXR.D.INR.EUR.SP00.A,D,INR,EUR,SP00,A,2023-04-11,89.5205,A,F,,,P1D,,A,,,,,,,99Q1=100,,,4,,4F0,,Indian rupee/Euro ECB reference exchange rate,"ECB reference exchange rate, Indian rupee/Euro, 2.15 pm (C.E.T.)",INR,0
EXR.D.INR.EUR.SP00.A,D,INR,EUR,SP00,A,2023-04-12,89.6875,A,F,,,P1D,,A,,,,,,,99Q1=100,,,4,,4F0,,Indian rupee/Euro ECB reference exchange rate,"ECB reference exchange rate, Indian rupee/Euro, 2.15 pm (C.E.T.)",INR,0
EXR.D.INR.EUR.SP00.A,D,INR,EUR,SP00,A,2023-04-13,90.1665,A,F,,,P1D,,A,,,,,,,99Q1=100,,,4,,4F0,,Indian rupee/Euro ECB reference exchange rate,"ECB reference exchange rate, Indian rupee/Euro, 2.15 pm (C.E.T.)",INR,0
EXR.D.INR.EUR.SP00.A,D,INR,EUR,SP00,A,2023-04-14,90.3595,A,F,,,P1D,,A,,,,,,,99Q1=100,,,4,,4F0,,Indian rupee/Euro ECB reference exchange rate,"ECB reference exchange rate, Indian rupee/Euro, 2.15 pm (C.E.T.)",INR,0
EXR.D.INR.EUR.SP00.A,D,INR,EUR,SP00,A,2023-04-17,90.0607,A,F,,,P1D,,A,,,,,,,99Q1=100,,,4,,4F0,,Indian rupee/Euro ECB reference exchange rate,"ECB reference exchange rate, Indian rupee/Euro, 2.15 pm (C.E.T.)",INR,0
EXR.D.INR.EUR.SP00.A,D,INR,EUR,SP00,A,2023-04-18,89.9955,A,F,,,P1D,,A,,,,,,,99Q1=100,,,4,,4F0,,Indian rupee/Euro ECB reference exchange rate,"ECB reference exchange rate, Indian rupee/Euro, 2.15 pm (C.E.T.)",INR,0
EXR.D.INR.EUR.SP00.A,D,INR,EUR,SP00,A,2023-04-19,89.8985,A,F,,,P1D,,A,,,,,,,99Q1=100,,,4,,4F0,,Indian rupee/Euro ECB reference exchange rate,"ECB reference exchange rate, Indian rupee/Euro, 2.15 pm (C.E.T.)",INR,0
EXR.D.INR.EUR.SP00.A,D,INR,EUR,SP00,A,2023-04-20,89.9365,A,F,,,P1D,,A,,,,,,,99Q1=100,,,4,,4F0,,Indian rupee/Euro ECB reference exchange rate,"ECB reference exchange rate, Indian rupee/Euro, 2.15 pm (C.E.T.)",INR,0
EXR.D.INR.EUR.SP00.A,D,INR,EUR,SP00,A,2023-04-21,90.109,A,F,,,P1D,,A,,,,,,,99Q1=100,,,4,,4F0,,Indian rupee/Euro ECB reference exchange rate,"ECB reference exchange rate, Indian rupee/Euro, 2.15 pm (C.E.T.)",INR,0
EXR.D.INR.EUR.SP00.A,D,INR,EUR,SP00,A,2023-04-24,90.1255,A,F,,,P1D,,A,,,,,,,99Q1=100,,,4,,4F0,,Indian rupee/Euro ECB reference exchange rate,"ECB reference exchange rate, Indian rupee/Euro, 2.15 pm (C.E.T.)",INR,0
EXR.D.INR.EUR.SP00.A,D,INR,EUR,SP00,A,2023-04-25,90.331,A,F,,,P1D,,A,,,,,,,99Q1=100,,,4,,4F0,,Indian rupee/Euro ECB reference exchange rate,"ECB reference exchange rate, Indian rupee/Euro, 2.15 pm (C.E.T.)",INR,0
EXR.D.INR.EUR.SP00.A,D,INR,EUR,SP00,A,2023-04-26,90.2465,A,F,,,P1D,,A,,,,,,,99Q1=100,,,4,,4F0,,Indian rupee/Euro ECB reference exchange rate,"ECB reference exchange rate, Indian rupee/Euro, 2.15 pm (C.E.T.)",INR,0
EXR.D.INR.EUR.SP00.A,D,INR,EUR,SP00,A,2023-04-27,90.3185,A,F,,,P1D,,A,,,,,,,99Q1=100,,,4,,4F0,,Indian rupee/Euro ECB reference exchange rate,"ECB reference exchange rate, Indian rupee/Euro, 2.15 pm (C.E.T.)",INR,0
EXR.D.INR.EUR.SP00.A,D,INR,EUR,SP00,A,2023-04-28,89.8555,A,F,,,P1D,,A,,,,,,,99Q1=100,,,4,,4F0,,Indian rupee/Euro ECB reference exchange rate,"ECB reference exchange rate, Indian rupee/Euro, 2.15 pm (C.E.T.)",INR,0
EXR.D.INR.EUR.SP00.A,D,INR,EUR,SP00,A,2023-05-02,89.7515,A,F,,,P1D,,A,,,,,,,99Q1=100,,,4,,4F0,,Indian rupee/Euro ECB reference exchange rate,"ECB reference exchange rate, Indian rupee/Euro, 2.15 pm (C.E.T.)",INR,0
EXR.D.INR.EUR.SP00.A,D,INR,EUR,SP00,A,2023-05-03,90.3465,A,F,,,P1D,,A,,,,,,,99Q1=100,,,4,,4F0,,Indian rupee/Euro ECB reference exchange rate,"ECB reference exchange rate, Indian rupee/Euro, 2.15 pm (C.E.T.)",INR,0
EXR.D.INR.EUR.SP00.A,D,INR,EUR,SP00,A,2023-05-04,90.5495,A,F,,,P1D,,A,,,,,,,99Q1=100,,,4,,4F0,,Indian rupee/Euro ECB reference exchange rate,"ECB reference exchange rate, Indian rupee/Euro, 2.15 pm (C.E.T.)",INR,0
EXR.D.INR.EUR.SP00.A,D,INR,EUR,SP00,A,2023-05-05,90.001,A,F,,,P1D,,A,,,,,,,99Q1=100,,,4,,4F0,,Indian rupee/Euro ECB reference exchange rate,"ECB reference exchange rate, Indian rupee/Euro, 2.15 pm (C.E.T.)",INR,0
EXR.D.INR.EUR.SP00.A,D,INR,EUR,SP00,A,2023-05-08,90.2775,A,F,,,P1D,,A,,,,,,,99Q1=100,,,4,,4F0,,Indian rupee/Euro ECB reference exchange rate,"ECB reference exchange rate, Indian rupee/Euro, 2.15 pm (C.E.T.)",INR,0
EXR.D.INR.EUR.SP00.A,D,INR,EUR,SP00,A,2023-05-09,89.9495,A,F,,,P1D,,A,,,,,,,99Q1=100,,,4,,4F0,,Indian rupee/Euro ECB reference exchange rate,"ECB reference exchange rate, Indian rupee/Euro, 2.15 pm (C.E.T.)",INR,0
EXR.D.INR.EUR.SP00.A,D,INR,EUR,SP00,A,2023-05-10,89.8185,A,F,,,P1D,,A,,,,,,,99Q1=100,,,4,,4F0,,Indian rupee/Euro ECB reference exchange rate,"ECB reference exchange rate, Indian rupee/Euro, 2.15 pm (C.E.T.)",INR,0
EXR.D.INR.EUR.SP00.A,D,INR,EUR,SP00,A,2023-05-11,89.6905,A,F,,,P1D,,A,,,,,,,99Q1=100,,,4,,4F0,,Indian rupee/Euro ECB reference exchange rate,"ECB reference exchange rate, Indian rupee/Euro, 2.15 pm (C.E.T.)",INR,0
EXR.D.INR.EUR.SP00.A,D,INR,EUR,SP00,A,2023-05-12,89.52,A,F,,,P1D,,A,,,,,,,99Q1=100,,,4,,4F0,,Indian rupee/Euro ECB reference exchange rate,"ECB reference exchange rate, Indian rupee/Euro, 2.15 pm (C.E.T.)",INR,0
EXR.D.INR.EUR.SP00.A,D,INR,EUR,SP00,A,2023-05-15,89.499,A,F,,,P1D,,A,,,,,,,99Q1=100,,,4,,4F0,,Indian rupee/Euro ECB reference exchange rate,"ECB reference exchange rate, Indian rupee/Euro, 2.15 pm (C.E.T.)",INR,0
EXR.D.INR.EUR.SP00.A,D,INR,EUR,SP00,A,2023-05-16,89.4655,A,F,,,P1D,,A,,,,,,,99Q1=100,,,4,,4F0,,Indian rupee/Euro ECB reference exchange rate,"ECB reference exchange rate, Indian rupee/Euro, 2.15 pm (C.E.T.)",INR,0
EXR.D.INR.EUR.SP00.A,D,INR,EUR,SP00,A,2023-05-17,89.1878,A,F,,,P1D,,A,,,,,,,99Q1=100,,,4,,4F0,,Indian rupee/Euro ECB reference exchange rate,"ECB reference exchange rate, Indian rupee/Euro, 2.15 pm (C.E.T.)",INR,0
EXR.D.INR.EUR.SP00.A,D,INR,EUR,SP00,A,2023-05-18,89.2915,A,F,,,P1D,,A,,,,,,,99Q1=100,,,4,,4F0,,Indian rupee/Euro ECB reference exchange rate,"ECB reference exchange rate, Indian rupee/Euro, 2.15 pm (C.E.T.)",INR,0
EXR.D.INR.EUR.SP00.A,D,INR,EUR,SP00,A,2023-05-19,89.4215,A,F,,,P1D,,A,,,,,,,99Q1=100,,,4,,4F0,,Indian rupee/Euro ECB reference exchange rate,"ECB reference exchange rate, Indian rupee/Euro, 2.15 pm (C.E.T.)",INR,0
EXR.D.INR.EUR.SP00.A,D,INR,EUR,SP00,A,2023-05-22,89.671,A,F,,,P1D,,A,,,,,,,99Q1=100,,,4,,4F0,,Indian rupee/Euro ECB reference exchange rate,"ECB reference exchange rate, Indian rupee/Euro, 2.15 pm (C.E.T.)",INR,0
EXR.D.INR.EUR.SP00.A,D,INR,EUR,SP00,A,2023-05-23,89.2675,A,F,,,P1D,,A,,,,,,,99Q1=100,,,4,,4F0,,Indian rupee/Euro ECB reference exchange rate,"ECB reference exchange rate, Indian rupee/Euro, 2.15 pm (C.E.T.)",INR,0
EXR.D.INR.EUR.SP00.A,D,INR,EUR,SP00,A,2023-05-24,89.1473,A,F,,,P1D,,A,,,,,,,99Q1=100,,,4,,4F0,,Indian rupee/Euro ECB reference exchange rate,"ECB reference exchange rate, Indian rupee/Euro, 2.15 pm (C.E.T.)",INR,0
EXR.D.INR.EUR.SP00.A,D,INR,EUR,SP00,A,2023-05-25,88.8055,A,F,,,P1D,,A,,,,,,,99Q1=100,,,4,,4F0,,Indian rupee/Euro ECB reference exchange rate,"ECB reference exchange rate, Indian rupee/Euro, 2.15 pm (C.E.T.)",INR,0
EXR.D.INR.EUR.SP00.A,D,INR,EUR,SP00,A,2023-05-26,88.8049,A,F,,,P1D,,A,,,,,,,99Q1=100,,,4,,4F0,,Indian rupee/Euro ECB reference exchange rate,"ECB reference exchange rate, Indian rupee/Euro, 2.15 pm (C.E.T.)",INR,0
EXR.D.INR.EUR.SP00.A,D,INR,EUR,SP00,A,2023-05-29,88.52,A,F,,,P1D,,A,,,,,,,99Q1=100,,,4,,4F0,,Indian rupee/Euro ECB reference exchange rate,"ECB reference exchange rate, Indian rupee/Euro, 2.15 pm (C.E.T.)",INR,0
EXR.D.INR.EUR.SP00.A,D,INR,EUR,SP00,A,2023-05-30,88.7985,A,F,,,P1D,,A,,,,,,,99Q1=100,,,4,,4F0,,Indian rupee/Euro ECB reference exchange rate,"ECB reference exchange rate, Indian rupee/Euro, 2.15 pm (C.E.T.)",INR,0
EXR.D.INR.EUR.SP00.A,D,INR,EUR,SP00,A,2023-05-31,88.34,A,F,,,P1D,,A,,,,,,,99Q1=100,,,4,,4F0,,Indian rupee/Euro ECB reference exchange rate,"ECB reference exchange rate, Indian rupee/Euro, 2.15 pm (C.E.T.)",INR,0
EXR.D.INR.EUR.SP00.A,D,INR,EUR,SP00,A,2023-06-01,88.207,A,F,,,P1D,,A,,,,,,,99Q1=100,,,4,,4F0,,Indian rupee/Euro ECB reference exchange rate,"ECB reference exchange rate, Indian rupee/Euro, 2.15 pm (C.E.T.)",INR,0
EXR.D.INR.EUR.SP00.A,D,INR,EUR,SP00,A,2023-06-02,88.638,A,F,,,P1D,,A,,,,,,,99Q1=100,,,4,,4F0,,Indian rupee/Euro ECB reference exchange rate,"ECB reference exchange rate, Indian rupee/Euro, 2.15 pm (C.E.T.)",INR,0
EXR.D.INR.EUR.SP00.A,D,INR,EUR,SP00,A,2023-06-05,88.3255,A,F,,,P1D,,A,,,,,,,99Q1=100,,,4,,4F0,,Indian rupee/Euro ECB reference exchange rate,"ECB reference exchange rate, Indian rupee/Euro, 2.15 pm (C.E.T.)",INR,0
EXR.D.INR.EUR.SP00.A,D,INR,EUR,SP00,A,2023-06-06,88.2295,A,F,,,P1D,,A,,,,,,,99Q1=100,,,4,,4F0,,Indian rupee/Euro ECB reference exchange rate,"ECB reference exchange rate, Indian rupee/Euro, 2.15 pm (C.E.T.)",INR,0
EXR.D.INR.EUR.SP00.A,D,INR,EUR,SP00,A,2023-06-07,88.416,A,F,,,P1D,,A,,,,,,,99Q1=100,,,4,,4F0,,Indian rupee/Euro ECB reference exchange rate,"ECB reference exchange rate, Indian rupee/Euro, 2.15 pm (C.E.T.)",INR,0
EXR.D.INR.EUR.SP00.A,D,INR,EUR,SP00,A,2023-06-08,88.617,A,F,,,P1D,,A,,,,,,,99Q1=100,,,4,,4F0,,Indian rupee/Euro ECB reference exchange rate,"ECB reference exchange rate, Indian rupee/Euro, 2.15 pm (C.E.T.)",INR,0
EXR.D.INR.EUR.SP00.A,D,INR,EUR,SP00,A,2023-06-09,88.89,A,F,,,P1D,,A,,,,,,,99Q1=100,,,4,,4F0,,Indian rupee/Euro ECB reference exchange rate,"ECB reference exchange rate, Indian rupee/Euro, 2.15 pm (C.E.T.)",INR,0
EXR.D.INR.EUR.SP00.A,D,INR,EUR,SP00,A,2023-06-12,88.733,A,F,,,P1D,,A,,,,,,,99Q1=100,,,4,,4F0,,Indian rupee/Euro ECB reference exchange rate,"ECB reference exchange rate, Indian rupee/Euro, 2.15 pm (C.E.T.)",INR,0
EXR.D.INR.EUR.SP00.A,D,INR,EUR,SP00,A,2023-06-13,88.863,A,F,,,P1D,,A,,,,,,,99Q1=100,,,4,,4F0,,Indian rupee/Euro ECB reference exchange rate,"ECB reference exchange rate, Indian rupee/Euro, 2.15 pm (C.E.T.)",INR,0
EXR.D.INR.EUR.SP00.A,D,INR,EUR,SP00,A,2023-06-14,88.6945,A,F,,,P1D,,A,,,,,,,99Q1=100,,,4,,4F0,,Indian rupee/Euro ECB reference exchange rate,"ECB reference exchange rate, Indian rupee/Euro, 2.15 pm (C.E.T.)",INR,0
EXR.D.INR.EUR.SP00.A,D,INR,EUR,SP00,A,2023-06-15,88.9825,A,F,,,P1D,,A,,,,,,,99Q1=100,,,4,,4F0,,Indian rupee/Euro ECB reference exchange rate,"ECB reference exchange rate, Indian rupee/Euro, 2.15 pm (C.E.T.)",INR,0
EXR.D.INR.EUR.SP00.A,D,INR,EUR,SP00,A,2023-06-16,89.7953,A,F,,,P1D,,A,,,,,,,99Q1=100,,,4,,4F0,,Indian rupee/Euro ECB reference exchange rate,"ECB reference exchange rate, Indian rupee/Euro, 2.15 pm (C.E.T.)",INR,0
EXR.D.INR.EUR.SP00.A,D,INR,EUR,SP00,A,2023-06-19,89.5125,A,F,,,P1D,,A,,,,,,,99Q1=100,,,4,,4F0,,Indian rupee/Euro ECB reference exchange rate,"ECB reference exchange rate, Indian rupee/Euro, 2.15 pm (C.E.T.)",INR,0
EXR.D.INR.EUR.SP00.A,D,INR,EUR,SP00,A,2023-06-20,89.7525,A,F,,,P1D,,A,,,,,,,99Q1=100,,,4,,4F0,,Indian rupee/Euro ECB reference exchange rate,"ECB reference exchange rate, Indian rupee/Euro, 2.15 pm (C.E.T.)",INR,0
EXR.D.INR.EUR.SP00.A,D,INR,EUR,SP00,A,2023-06-21,89.5765,A,F,,,P1D,,A,,,,,,,99Q1=100,,,4,,4F0,,Indian rupee/Euro ECB reference exchange rate,"ECB reference exchange rate, Indian rupee/Euro, 2.15 pm (C.E.T.)",INR,0
EXR.D.INR.EUR.SP00.A,D,INR,EUR,SP00,A,2023-06-22,90.03,A,F,,,P1D,,A,,,,,,,99Q1=100,,,4,,4F0,,Indian rupee/Euro ECB reference exchange rate,"ECB reference exchange rate, Indian rupee/Euro, 2.15 pm (C.E.T.)",INR,0
EXR.D.INR.EUR.SP00.A,D,INR,EUR,SP00,A,2023-06-23,89.2205,A,F,,,P1D,,A,,,,,,,99Q1=100,,,4,,4F0,,Indian rupee/Euro ECB reference exchange rate,"ECB reference exchange rate, Indian rupee/Euro, 2.15 pm (C.E.T.)",INR,0
EXR.D.INR.EUR.SP00.A,D,INR,EUR,SP00,A,2023-06-26,89.5565,A,F,,,P1D,,A,,,,,,,99Q1=100,,,4,,4F0,,Indian rupee/Euro ECB reference exchange rate,"ECB reference exchange rate, Indian rupee/Euro, 2.15 pm (C.E.T.)",INR,0
EXR.D.INR.EUR.SP00.A,D,INR,EUR,SP00,A,2023-06-27,89.7945,A,F,,,P1D,,A,,,,,,,99Q1=100,,,4,,4F0,,Indian rupee/Euro ECB reference exchange rate,"ECB reference exchange rate, Indian rupee/Euro, 2.15 pm (C.E.T.)",INR,0
EXR.D.INR.EUR.SP00.A,D,INR,EUR,SP00,A,2023-06-28,89.7465,A,F,,,P1D,,A,,,,,,,99Q1=100,,,4,,4F0,,Indian rupee/Euro ECB reference exchange rate,"ECB reference exchange rate, Indian rupee/Euro, 2.15 pm (C.E.T.)",INR,0
EXR.D.INR.EUR.SP00.A,D,INR,EUR,SP00,A,2023-06-29,89.7065,A,F,,,P1D,,A,,,,,,,99Q1=100,,,4,,4F0,,Indian rupee/Euro ECB reference exchange rate,"ECB reference exchange rate, Indian rupee/Euro, 2.15 pm (C.E.T.)",INR,0
EXR.D.INR.EUR.SP00.A,D,INR,EUR,SP00,A,2023-06-30,89.2065,A,F,,,P1D,,A,,,,,,,99Q1=100,,,4,,4F0,,Indian rupee/Euro ECB reference exchange rate,"ECB reference exchange rate, Indian rupee/Euro, 2.15 pm (C.E.T.)",INR,0
EXR.D.INR.EUR.SP00.A,D,INR,EUR,SP00,A,2023-07-03,89.3225,A,F,,,P1D,,A,,,,,,,99Q1=100,,,4,,4F0,,Indian rupee/Euro ECB reference exchange rate,"ECB reference exchange rate, Indian rupee/Euro, 2.15 pm (C.E.T.)",INR,0
EXR.D.INR.EUR.SP00.A,D,INR,EUR,SP00,A,2023-07-04,89.358,A,F,,,P1D,,A,,,,,,,99Q1=100,,,4,,4F0,,Indian rupee/Euro ECB reference exchange rate,"ECB reference exchange rate, Indian rupee/Euro, 2.15 pm (C.E.T.)",INR,0
EXR.D.INR.EUR.SP00.A,D,INR,EUR,SP00,A,2023-07-05,89.5175,A,F,,,P1D,,A,,,,,,,99Q1=100,,,4,,4F0,,Indian rupee/Euro ECB reference exchange rate,"ECB reference exchange rate, Indian rupee/Euro, 2.15 pm (C.E.T.)",INR,0
EXR.D.INR.EUR.SP00.A,D,INR,EUR,SP00,A,2023-07-06,89.849,A,F,,,P1D,,A,,,,,,,99Q1=100,,,4,,4F0,,Indian rupee/Euro ECB reference exchange rate,"ECB reference exchange rate, Indian rupee/Euro, 2.15 pm (C.E.T.)",INR,0
EXR.D.INR.EUR.SP00.A,D,INR,EUR,SP00,A,2023-07-07,90.0465,A,F,,,P1D,,A,,,,,,,99Q1=100,,,4,,4F0,,Indian rupee/Euro ECB reference exchange rate,"ECB reference exchange rate, Indian rupee/Euro, 2.15 pm (C.E.T.)",INR,0
EXR.D.INR.EUR.SP00.A,D,INR,EUR,SP00,A,2023-07-10,90.4985,A,F,,,P1D,,A,,,,,,,99Q1=100,,,4,,4F0,,Indian rupee/Euro ECB reference exchange rate,"ECB reference exchange rate, Indian rupee/Euro, 2.15 pm (C.E.T.)",INR,0
EXR.D.INR.EUR.SP00.A,D,INR,EUR,SP00,A,2023-07-11,90.5655,A,F,,,P1D,,A,,,,,,,99Q1=100,,,4,,4F0,,Indian rupee/Euro ECB reference exchange rate,"ECB reference exchange rate, Indian rupee/Euro, 2.15 pm (C.E.T.)",INR,0
EXR.D.INR.EUR.SP00.A,D,INR,EUR,SP00,A,2023-07-12,90.7173,A,F,,,P1D,,A,,,,,,,99Q1=100,,,4,,4F0,,Indian rupee/Euro ECB reference exchange rate,"ECB reference exchange rate, Indian rupee/Euro, 2.15 pm (C.E.T.)",INR,0
EXR.D.INR.EUR.SP00.A,D,INR,EUR,SP00,A,2023-07-13,91.7935,A,F,,,P1D,,A,,,,,,,99Q1=100,,,4,,4F0,,Indian rupee/Euro ECB reference exchange rate,"ECB reference exchange rate, Indian rupee/Euro, 2.15 pm (C.E.T.)",INR,0
EXR.D.INR.EUR.SP00.A,D,INR,EUR,SP00,A,2023-07-14,92.1985,A,F,,,P1D,,A,,,,,,,99Q1=100,,,4,,4F0,,Indian rupee/Euro ECB reference exchange rate,"ECB reference exchange rate, Indian rupee/Euro, 2.15 pm (C.E.T.)",INR,0
EXR.D.INR.EUR.SP00.A,D,INR,EUR,SP00,A,2023-07-17,92.1073,A,F,,,P1D,,A,,,,,,,99Q1=100,,,4,,4F0,,Indian rupee/Euro ECB reference exchange rate,"ECB reference exchange rate, Indian rupee/Euro, 2.15 pm (C.E.T.)",INR,0
EXR.D.INR.EUR.SP00.A,D,INR,EUR,SP00,A,2023-07-18,92.3335,A,F,,,P1D,,A,,,,,,,99Q1=100,,,4,,4F0,,Indian rupee/Euro ECB reference exchange rate,"ECB reference exchange rate, Indian rupee/Euro, 2.15 pm (C.E.T.)",INR,0
EXR.D.INR.EUR.SP00.A,D,INR,EUR,SP00,A,2023-07-19,92.1095,A,F,,,P1D,,A,,,,,,,99Q1=100,,,4,,4F0,,Indian rupee/Euro ECB reference exchange rate,"ECB reference exchange rate, Indian rupee/Euro, 2.15 pm (C.E.T.)",INR,0
EXR.D.INR.EUR.SP00.A,D,INR,EUR,SP00,A,2023-07-20,91.781,A,F,,,P1D,,A,,,,,,,99Q1=100,,,4,,4F0,,Indian rupee/Euro ECB reference exchange rate,"ECB reference exchange rate, Indian rupee/Euro, 2.15 pm (C.E.T.)",INR,0
EXR.D.INR.EUR.SP00.A,D,INR,EUR,SP00,A,2023-07-21,91.175,A,F,,,P1D,,A,,,,,,,99Q1=100,,,4,,4F0,,Indian rupee/Euro ECB reference exchange rate,"ECB reference exchange rate, Indian rupee/Euro, 2.15 pm (C.E.T.)",INR,0
EXR.D.INR.EUR.SP00.A,D,INR,EUR,SP00,A,2023-07-24,90.78,A,F,,,P1D,,A,,,,,,,99Q1=100,,,4,,4F0,,Indian rupee/Euro ECB reference exchange rate,"ECB reference exchange rate, Indian rupee/Euro, 2.15 pm (C.E.T.)",INR,0
EXR.D.INR.EUR.SP00.A,D,INR,EUR,SP00,A,2023-07-25,90.4445,A,F,,,P1D,,A,,,,,,,99Q1=100,,,4,,4F0,,Indian rupee/Euro ECB reference exchange rate,"ECB reference exchange rate, Indian rupee/Euro, 2.15 pm (C.E.T.)",INR,0
EXR.D.INR.EUR.SP00.A,D,INR,EUR,SP00,A,2023-07-26,90.7231,A,F,,,P1D,,A,,,,,,,99Q1=100,,,4,,4F0,,Indian rupee/Euro ECB reference exchange rate,"ECB reference exchange rate, Indian rupee/Euro, 2.15 pm (C.E.T.)",INR,0
EXR.D.INR.EUR.SP00.A,D,INR,EUR,SP00,A,2023-07-27,91.1385,A,F,,,P1D,,A,,,,,,,99Q1=100,,,4,,4F0,,Indian rupee/Euro ECB reference exchange rate,"ECB reference exchange rate, Indian rupee/Euro, 2.15 pm (C.E.T.)",INR,0
EXR.D.INR.EUR.SP00.A,D,INR,EUR,SP00,A,2023-07-28,90.501,A,F,,,P1D,,A,,,,,,,99Q1=100,,,4,,4F0,,Indian rupee/Euro ECB reference exchange rate,"ECB reference exchange rate, Indian rupee/Euro, 2.15 pm (C.E.T.)",INR,0
EXR.D.INR.EUR.SP00.A,D,INR,EUR,SP00,A,2023-07-31,90.669,A,F,,,P1D,,A,,,,,,,99Q1=100,,,4,,4F0,,Indian rupee/Euro ECB reference exchange rate,"ECB reference exchange rate, Indian rupee/Euro, 2.15 pm (C.E.T.)",INR,0
EXR.D.INR.EUR.SP00.A,D,INR,EUR,SP00,A,2023-08-01,90.2555,A,F,,,P1D,,A,,,,,,,99Q1=100,,,4,,4F0,,Indian rupee/Euro ECB reference exchange rate,"ECB reference exchange rate, Indian rupee/Euro, 2.15 pm (C.E.T.)",INR,0
EXR.D.INR.EUR.SP00.A,D,INR,EUR,SP00,A,2023-08-02,90.675,A,F,,,P1D,,A,,,,,,,99Q1=100,,,4,,4F0,,Indian rupee/Euro ECB reference exchange rate,"ECB reference exchange rate, Indian rupee/Euro, 2.15 pm (C.E.T.)",INR,0
EXR.D.INR.EUR.SP00.A,D,INR,EUR,SP00,A,2023-08-03,90.4965,A,F,,,P1D,,A,,,,,,,99Q1=100,,,4,,4F0,,Indian rupee/Euro ECB reference exchange rate,"ECB reference exchange rate, Indian rupee/Euro, 2.15 pm (C.E.T.)",INR,0
EXR.D.INR.EUR.SP00.A,D,INR,EUR,SP00,A,2023-08-04,90.73,A,F,,,P1D,,A,,,,,,,99Q1=100,,,4,,4F0,,Indian rupee/Euro ECB reference exchange rate,"ECB reference exchange rate, Indian rupee/Euro, 2.15 pm (C.E.T.)",INR,0
EXR.D.INR.EUR.SP00.A,D,INR,EUR,SP00,A,2023-08-07,90.8738,A,F,,,P1D,,A,,,,,,,99Q1=100,,,4,,4F0,,Indian rupee/Euro ECB reference exchange rate,"ECB reference exchange rate, Indian rupee/Euro, 2.15 pm (C.E.T.)",INR,0
EXR.D.INR.EUR.SP00.A,D,INR,EUR,SP00,A,2023-08-08,90.6614,A,F,,,P1D,,A,,,,,,,99Q1=100,,,4,,4F0,,Indian rupee/Euro ECB reference exchange rate,"ECB reference exchange rate, Indian rupee/Euro, 2.15 pm (C.E.T.)",INR,0
EXR.D.INR.EUR.SP00.A,D,INR,EUR,SP00,A,2023-08-09,90.8795,A,F,,,P1D,,A,,,,,,,99Q1=100,,,4,,4F0,,Indian rupee/Euro ECB reference exchange rate,"ECB reference exchange rate, Indian rupee/Euro, 2.15 pm (C.E.T.)",INR,0
EXR.D.INR.EUR.SP00.A,D,INR,EUR,SP00,A,2023-08-10,91.0983,A,F,,,P1D,,A,,,,,,,99Q1=100,,,4,,4F0,,Indian rupee/Euro ECB reference exchange rate,"ECB reference exchange rate, Indian rupee/Euro, 2.15 pm (C.E.T.)",INR,0
EXR.D.INR.EUR.SP00.A,D,INR,EUR,SP00,A,2023-08-11,91.097,A,F,,,P1D,,A,,,,,,,99Q1=100,,,4,,4F0,,Indian rupee/Euro ECB reference exchange rate,"ECB reference exchange rate, Indian rupee/Euro, 2.15 pm (C.E.T.)",INR,0
EXR.D.INR.EUR.SP00.A,D,INR,EUR,SP00,A,2023-08-14,90.818,A,F,,,P1D,,A,,,,,,,99Q1=100,,,4,,4F0,,Indian rupee/Euro ECB reference exchange rate,"ECB reference exchange rate, Indian rupee/Euro, 2.15 pm (C.E.T.)",INR,0
EXR.D.INR.EUR.SP00.A,D,INR,EUR,SP00,A,2023-08-15,91.0615,A,F,,,P1D,,A,,,,,,,99Q1=100,,,4,,4F0,,Indian rupee/Euro ECB reference exchange rate,"ECB reference exchange rate, Indian rupee/Euro, 2.15 pm (C.E.T.)",INR,0
EXR.D.INR.EUR.SP00.A,D,INR,EUR,SP00,A,2023-08-16,90.8435,A,F,,,P1D,,A,,,,,,,99Q1=100,,,4,,4F0,,Indian rupee/Euro ECB reference exchange rate,"ECB reference exchange rate, Indian rupee/Euro, 2.15 pm (C.E.T.)",INR,0
EXR.D.INR.EUR.SP00.A,D,INR,EUR,SP00,A,2023-08-17,90.4995,A,F,,,P1D,,A,,,,,,,99Q1=100,,,4,,4F0,,Indian rupee/Euro ECB reference exchange rate,"ECB reference exchange rate, Indian rupee/Euro, 2.15 pm (C.E.T.)",INR,0
EXR.D.INR.EUR.SP00.A,D,INR,EUR,SP00,A,2023-08-18,90.2825,A,F,,,P1D,,A,,,,,,,99Q1=100,,,4,,4F0,,Indian rupee/Euro ECB reference exchange rate,"ECB reference exchange rate, Indian rupee/Euro, 2.15 pm (C.E.T.)",INR,0
EXR.D.INR.EUR.SP00.A,D,INR,EUR,SP00,A,2023-08-21,90.6615,A,F,,,P1D,,A,,,,,,,99Q1=100,,,4,,4F0,,Indian rupee/Euro ECB reference exchange rate,"ECB reference exchange rate, Indian rupee/Euro, 2.15 pm (C.E.T.)",INR,0
EXR.D.INR.EUR.SP00.A,D,INR,EUR,SP00,A,2023-08-22,90.322,A,F,,,P1D,,A,,,,,,,99Q1=100,,,4,,4F0,,Indian rupee/Euro ECB reference exchange rate,"ECB reference exchange rate, Indian rupee/Euro, 2.15 pm (C.E.T.)",INR,0
EXR.D.INR.EUR.SP00.A,D,INR,EUR,SP00,A,2023-08-23,89.3258,A,F,,,P1D,,A,,,,,,,99Q1=100,,,4,,4F0,,Indian rupee/Euro ECB reference exchange rate,"ECB reference exchange rate, Indian rupee/Euro, 2.15 pm (C.E.T.)",INR,0
EXR.D.INR.EUR.SP00.A,D,INR,EUR,SP00,A,2023-08-24,89.5195,A,F,,,P1D,,A,,,,,,,99Q1=100,,,4,,4F0,,Indian rupee/Euro ECB reference exchange rate,"ECB reference exchange rate, Indian rupee/Euro, 2.15 pm (C.E.T.)",INR,0
EXR.D.INR.EUR.SP00.A,D,INR,EUR,SP00,A,2023-08-25,89.304,A,F,,,P1D,,A,,,,,,,99Q1=100,,,4,,4F0,,Indian rupee/Euro ECB reference exchange rate,"ECB reference exchange rate, Indian rupee/Euro, 2.15 pm (C.E.T.)",INR,0
EXR.D.INR.EUR.SP00.A,D,INR,EUR,SP00,A,2023-08-28,89.304,A,F,,,P1D,,A,,,,,,,99Q1=100,,,4,,4F0,,Indian rupee/Euro ECB reference exchange rate,"ECB reference exchange rate, Indian rupee/Euro, 2.15 pm (C.E.T.)",INR,0
EXR.D.INR.EUR.SP00.A,D,INR,EUR,SP00,A,2023-08-29,89.4335,A,F,,,P1D,,A,,,,,,,99Q1=100,,,4,,4F0,,Indian rupee/Euro ECB reference exchange rate,"ECB reference exchange rate, Indian rupee/Euro, 2.15 pm (C.E.T.)",INR,0
EXR.D.INR.EUR.SP00.A,D,INR,EUR,SP00,A,2023-08-30,90.0188,A,F,,,P1D,,A,,,,,,,99Q1=100,,,4,,4F0,,Indian rupee/Euro ECB reference exchange rate,"ECB reference exchange rate, Indian rupee/Euro, 2.15 pm (C.E.T.)",INR,0
EXR.D.INR.EUR.SP00.A,D,INR,EUR,SP00,A,2023-08-31,89.9293,A,F,,,P1D,,A,,,,,,,99Q1=100,,,4,,4F0,,Indian rupee/Euro ECB reference exchange rate,"ECB reference exchange rate, Indian rupee/Euro, 2.15 pm (C.E.T.)",INR,0
EXR.D.INR.EUR.SP00.A,D,INR,EUR,SP00,A,2023-09-01,89.697,A,F,,,P1D,,A,,,,,,,99Q1=100,,,4,,4F0,,Indian rupee/Euro ECB reference exchange rate,"ECB reference exchange rate, Indian rupee/Euro, 2.15 pm (C.E.T.)",INR,0
EXR.D.INR.EUR.SP00.A,D,INR,EUR,SP00,A,2023-09-04,89.3045,A,F,,,P1D,,A,,,,,,,99Q1=100,,,4,,4F0,,Indian rupee/Euro ECB reference exchange rate,"ECB reference exchange rate, Indian rupee/Euro, 2.15 pm (C.E.T.)",INR,0
EXR.D.INR.EUR.SP00.A,D,INR,EUR,SP00,A,2023-09-05,89.0965,A,F,,,P1D,,A,,,,,,,99Q1=100,,,4,,4F0,,Indian rupee/Euro ECB reference exchange rate,"ECB reference exchange rate, Indian rupee/Euro, 2.15 pm (C.E.T.)",INR,0
EXR.D.INR.EUR.SP00.A,D,INR,EUR,SP00,A,2023-09-06,89.341,A,F,,,P1D,,A,,,,,,,99Q1=100,,,4,,4F0,,Indian rupee/Euro ECB reference exchange rate,"ECB reference exchange rate, Indian rupee/Euro, 2.15 pm (C.E.T.)",INR,0
EXR.D.INR.EUR.SP00.A,D,INR,EUR,SP00,A,2023-09-07,89.0955,A,F,,,P1D,,A,,,,,,,99Q1=100,,,4,,4F0,,Indian rupee/Euro ECB reference exchange rate,"ECB reference exchange rate, Indian rupee/Euro, 2.15 pm (C.E.T.)",INR,0
EXR.D.INR.EUR.SP00.A,D,INR,EUR,SP00,A,2023-09-08,88.861,A,F,,,P1D,,A,,,,,,,99Q1=100,,,4,,4F0,,Indian rupee/Euro ECB reference exchange rate,"ECB reference exchange rate, Indian rupee/Euro, 2.15 pm (C.E.T.)",INR,0
EXR.D.INR.EUR.SP00.A,D,INR,EUR,SP00,A,2023-09-11,88.9735,A,F,,,P1D,,A,,,,,,,99Q1=100,,,4,,4F0,,Indian rupee/Euro ECB reference exchange rate,"ECB reference exchange rate, Indian rupee/Euro, 2.15 pm (C.E.T.)",INR,0
EXR.D.INR.EUR.SP00.A,D,INR,EUR,SP00,A,2023-09-12,88.826,A,F,,,P1D,,A,,,,,,,99Q1=100,,,4,,4F0,,Indian rupee/Euro ECB reference exchange rate,"ECB reference exchange rate, Indian rupee/Euro, 2.15 pm (C.E.T.)",INR,0
EXR.D.INR.EUR.SP00.A,D,INR,EUR,SP00,A,2023-09-13,89.0805,A,F,,,P1D,,A,,,,,,,99Q1=100,,,4,,4F0,,Indian rupee/Euro ECB reference exchange rate,"ECB reference exchange rate, Indian rupee/Euro, 2.15 pm (C.E.T.)",INR,0
EXR.D.INR.EUR.SP00.A,D,INR,EUR,SP00,A,2023-09-14,89.053,A,F,,,P1D,,A,,,,,,,99Q1=100,,,4,,4F0,,Indian rupee/Euro ECB reference exchange rate,"ECB reference exchange rate, Indian rupee/Euro, 2.15 pm (C.E.T.)",INR,0
EXR.D.INR.EUR.SP00.A,D,INR,EUR,SP00,A,2023-09-15,88.615,A,F,,,P1D,,A,,,,,,,99Q1=100,,,4,,4F0,,Indian rupee/Euro ECB reference exchange rate,"ECB reference exchange rate, Indian rupee/Euro, 2.15 pm (C.E.T.)",INR,0
EXR.D.INR.EUR.SP00.A,D,INR,EUR,SP00,A,2023-09-18,88.8295,A,F,,,P1D,,A,,,,,,,99Q1=100,,,4,,4F0,,Indian rupee/Euro ECB reference exchange rate,"ECB reference exchange rate, Indian rupee/Euro, 2.15 pm (C.E.T.)",INR,0
EXR.D.INR.EUR.SP00.A,D,INR,EUR,SP00,A,2023-09-19,89.1438,A,F,,,P1D,,A,,,,,,,99Q1=100,,,4,,4F0,,Indian rupee/Euro ECB reference exchange rate,"ECB reference exchange rate, Indian rupee/Euro, 2.15 pm (C.E.T.)",INR,0
EXR.D.INR.EUR.SP00.A,D,INR,EUR,SP00,A,2023-09-20,88.9123,A,F,,,P1D,,A,,,,,,,99Q1=100,,,4,,4F0,,Indian rupee/Euro ECB reference exchange rate,"ECB reference exchange rate, Indian rupee/Euro, 2.15 pm (C.E.T.)",INR,0
EXR.D.INR.EUR.SP00.A,D,INR,EUR,SP00,A,2023-09-21,88.3718,A,F,,,P1D,,A,,,,,,,99Q1=100,,,4,,4F0,,Indian rupee/Euro ECB reference exchange rate,"ECB reference exchange rate, Indian rupee/Euro, 2.15 pm (C.E.T.)",INR,0
EXR.D.INR.EUR.SP00.A,D,INR,EUR,SP00,A,2023-09-22,88.2975,A,F,,,P1D,,A,,,,,,,99Q1=100,,,4,,4F0,,Indian rupee/Euro ECB reference exchange rate,"ECB reference exchange rate, Indian rupee/Euro, 2.15 pm (C.E.T.)",INR,0
EXR.D.INR.EUR.SP00.A,D,INR,EUR,SP00,A,2023-09-25,88.377,A,F,,,P1D,,A,,,,,,,99Q1=100,,,4,,4F0,,Indian rupee/Euro ECB reference exchange rate,"ECB reference exchange rate, Indian rupee/Euro, 2.15 pm (C.E.T.)",INR,0
EXR.D.INR.EUR.SP00.A,D,INR,EUR,SP00,A,2023-09-26,88.2995,A,F,,,P1D,,A,,,,,,,99Q1=100,,,4,,4F0,,Indian rupee/Euro ECB reference exchange rate,"ECB reference exchange rate, Indian rupee/Euro, 2.15 pm (C.E.T.)",INR,0
EXR.D.INR.EUR.SP00.A,D,INR,EUR,SP00,A,2023-09-27,87.6505,A,F,,,P1D,,A,,,,,,,99Q1=100,,,4,,4F0,,Indian rupee/Euro ECB reference exchange rate,"ECB reference exchange rate, Indian rupee/Euro, 2.15 pm (C.E.T.)",INR,0
EXR.D.INR.EUR.SP00.A,D,INR,EUR,SP00,A,2023-09-28,87.6395,A,F,,,P1D,,A,,,,,,,99Q1=100,,,4,,4F0,,Indian rupee/Euro ECB reference exchange rate,"ECB reference exchange rate, Indian rupee/Euro, 2.15 pm (C.E.T.)",INR,0
EXR.D.INR.EUR.SP00.A,D,INR,EUR,SP00,A,2023-09-29,88.0165,A,F,,,P1D,,A,,,,,,,99Q1=100,,,4,,4F0,,Indian rupee/Euro ECB reference exchange rate,"ECB reference exchange rate, Indian rupee/Euro, 2.15 pm (C.E.T.)",INR,0
EXR.D.INR.EUR.SP00.A,D,INR,EUR,SP00,A,2023-10-02,87.575,A,F,,,P1D,,A,,,,,,,99Q1=100,,,4,,4F0,,Indian rupee/Euro ECB reference exchange rate,"ECB reference exchange rate, Indian rupee/Euro, 2.15 pm (C.E.T.)",INR,0
EXR.D.INR.EUR.SP00.A,D,INR,EUR,SP00,A,2023-10-03,87.1175,A,F,,,P1D,,A,,,,,,,99Q1=100,,,4,,4F0,,Indian rupee/Euro ECB reference exchange rate,"ECB reference exchange rate, Indian rupee/Euro, 2.15 pm (C.E.T.)",INR,0
EXR.D.INR.EUR.SP00.A,D,INR,EUR,SP00,A,2023-10-04,87.3975,A,F,,,P1D,,A,,,,,,,99Q1=100,,,4,,4F0,,Indian rupee/Euro ECB reference exchange rate,"ECB reference exchange rate, Indian rupee/Euro, 2.15 pm (C.E.T.)",INR,0
EXR.D.INR.EUR.SP00.A,D,INR,EUR,SP00,A,2023-10-05,87.627,A,F,,,P1D,,A,,,,,,,99Q1=100,,,4,,4F0,,Indian rupee/Euro ECB reference exchange rate,"ECB reference exchange rate, Indian rupee/Euro, 2.15 pm (C.E.T.)",INR,0
EXR.D.INR.EUR.SP00.A,D,INR,EUR,SP00,A,2023-10-06,87.834,A,F,,,P1D,,A,,,,,,,99Q1=100,,,4,,4F0,,Indian rupee/Euro ECB reference exchange rate,"ECB reference exchange rate, Indian rupee/Euro, 2.15 pm (C.E.T.)",INR,0
EXR.D.INR.EUR.SP00.A,D,INR,EUR,SP00,A,2023-10-09,87.7205,A,F,,,P1D,,A,,,,,,,99Q1=100,,,4,,4F0,,Indian rupee/Euro ECB reference exchange rate,"ECB reference exchange rate, Indian rupee/Euro, 2.15 pm (C.E.T.)",INR,0
EXR.D.INR.EUR.SP00.A,D,INR,EUR,SP00,A,2023-10-10,88.0845,A,F,,,P1D,,A,,,,,,,99Q1=100,,,4,,4F0,,Indian rupee/Euro ECB reference exchange rate,"ECB reference exchange rate, Indian rupee/Euro, 2.15 pm (C.E.T.)",INR,0
EXR.D.INR.EUR.SP00.A,D,INR,EUR,SP00,A,2023-10-11,88.198,A,F,,,P1D,,A,,,,,,,99Q1=100,,,4,,4F0,,Indian rupee/Euro ECB reference exchange rate,"ECB reference exchange rate, Indian rupee/Euro, 2.15 pm (C.E.T.)",INR,0
EXR.D.INR.EUR.SP00.A,D,INR,EUR,SP00,A,2023-10-12,88.3925,A,F,,,P1D,,A,,,,,,,99Q1=100,,,4,,4F0,,Indian rupee/Euro ECB reference exchange rate,"ECB reference exchange rate, Indian rupee/Euro, 2.15 pm (C.E.T.)",INR,0
EXR.D.INR.EUR.SP00.A,D,INR,EUR,SP00,A,2023-10-13,87.634,A,F,,,P1D,,A,,,,,,,99Q1=100,,,4,,4F0,,Indian rupee/Euro ECB reference exchange rate,"ECB reference exchange rate, Indian rupee/Euro, 2.15 pm (C.E.T.)",INR,0
EXR.D.INR.EUR.SP00.A,D,INR,EUR,SP00,A,2023-10-16,87.7315,A,F,,,P1D,,A,,,,,,,99Q1=100,,,4,,4F0,,Indian rupee/Euro ECB reference exchange rate,"ECB reference exchange rate, Indian rupee/Euro, 2.15 pm (C.E.T.)",INR,0
EXR.D.INR.EUR.SP00.A,D,INR,EUR,SP00,A,2023-10-17,87.9585,A,F,,,P1D,,A,,,,,,,99Q1=100,,,4,,4F0,,Indian rupee/Euro ECB reference exchange rate,"ECB reference exchange rate, Indian rupee/Euro, 2.15 pm (C.E.T.)",INR,0
EXR.D.INR.EUR.SP00.A,D,INR,EUR,SP00,A,2023-10-18,87.954,A,F,,,P1D,,A,,,,,,,99Q1=100,,,4,,4F0,,Indian rupee/Euro ECB reference exchange rate,"ECB reference exchange rate, Indian rupee/Euro, 2.15 pm (C.E.T.)",INR,0
EXR.D.INR.EUR.SP00.A,D,INR,EUR,SP00,A,2023-10-19,87.87,A,F,,,P1D,,A,,,,,,,99Q1=100,,,4,,4F0,,Indian rupee/Euro ECB reference exchange rate,"ECB reference exchange rate, Indian rupee/Euro, 2.15 pm (C.E.T.)",INR,0
EXR.D.INR.EUR.SP00.A,D,INR,EUR,SP00,A,2023-10-20,87.983,A,F,,,P1D,,A,,,,,,,99Q1=100,,,4,,4F0,,Indian rupee/Euro ECB reference exchange rate,"ECB reference exchange rate, Indian rupee/Euro, 2.15 pm (C.E.T.)",INR,0
EXR.D.INR.EUR.SP00.A,D,INR,EUR,SP00,A,2023-10-23,88.101,A,F,,,P1D,,A,,,,,,,99Q1=100,,,4,,4F0,,Indian rupee/Euro ECB reference exchange rate,"ECB reference exchange rate, Indian rupee/Euro, 2.15 pm (C.E.T.)",INR,0
EXR.D.INR.EUR.SP00.A,D,INR,EUR,SP00,A,2023-10-24,88.3058,A,F,,,P1D,,A,,,,,,,99Q1=100,,,4,,4F0,,Indian rupee/Euro ECB reference exchange rate,"ECB reference exchange rate, Indian rupee/Euro, 2.15 pm (C.E.T.)",INR,0
EXR.D.INR.EUR.SP00.A,D,INR,EUR,SP00,A,2023-10-25,87.9665,A,F,,,P1D,,A,,,,,,,99Q1=100,,,4,,4F0,,Indian rupee/Euro ECB reference exchange rate,"ECB reference exchange rate, Indian rupee/Euro, 2.15 pm (C.E.T.)",INR,0
EXR.D.INR.EUR.SP00.A,D,INR,EUR,SP00,A,2023-10-26,87.7355,A,F,,,P1D,,A,,,,,,,99Q1=100,,,4,,4F0,,Indian rupee/Euro ECB reference exchange rate,"ECB reference exchange rate, Indian rupee/Euro, 2.15 pm (C.E.T.)",INR,0
EXR.D.INR.EUR.SP00.A,D,INR,EUR,SP00,A,2023-10-27,87.751,A,F,,,P1D,,A,,,,,,,99Q1=100,,,4,,4F0,,Indian rupee/Euro ECB reference exchange rate,"ECB reference exchange rate, Indian rupee/Euro, 2.15 pm (C.E.T.)",INR,0
EXR.D.INR.EUR.SP00.A,D,INR,EUR,SP00,A,2023-10-30,88.305,A,F,,,P1D,,A,,,,,,,99Q1=100,,,4,,4F0,,Indian rupee/Euro ECB reference exchange rate,"ECB reference exchange rate, Indian rupee/Euro, 2.15 pm (C.E.T.)",INR,0
EXR.D.INR.EUR.SP00.A,D,INR,EUR,SP00,A,2023-10-31,88.4195,A,F,,,P1D,,A,,,,,,,99Q1=100,,,4,,4F0,,Indian rupee/Euro ECB reference exchange rate,"ECB reference exchange rate, Indian rupee/Euro, 2.15 pm (C.E.T.)",INR,0
EXR.D.INR.EUR.SP00.A,D,INR,EUR,SP00,A,2023-11-01,87.7525,A,F,,,P1D,,A,,,,,,,99Q1=100,,,4,,4F0,,Indian rupee/Euro ECB reference exchange rate,"ECB reference exchange rate, Indian rupee/Euro, 2.15 pm (C.E.T.)",INR,0
EXR.D.INR.EUR.SP00.A,D,INR,EUR,SP00,A,2023-11-02,88.704,A,F,,,P1D,,A,,,,,,,99Q1=100,,,4,,4F0,,Indian rupee/Euro ECB reference exchange rate,"ECB reference exchange rate, Indian rupee/Euro, 2.15 pm (C.E.T.)",INR,0
EXR.D.INR.EUR.SP00.A,D,INR,EUR,SP00,A,2023-11-03,89.0545,A,F,,,P1D,,A,,,,,,,99Q1=100,,,4,,4F0,,Indian rupee/Euro ECB reference exchange rate,"ECB reference exchange rate, Indian rupee/Euro, 2.15 pm (C.E.T.)",INR,0
EXR.D.INR.EUR.SP00.A,D,INR,EUR,SP00,A,2023-11-06,89.396,A,F,,,P1D,,A,,,,,,,99Q1=100,,,4,,4F0,,Indian rupee/Euro ECB reference exchange rate,"ECB reference exchange rate, Indian rupee/Euro, 2.15 pm (C.E.T.)",INR,0
EXR.D.INR.EUR.SP00.A,D,INR,EUR,SP00,A,2023-11-07,88.9765,A,F,,,P1D,,A,,,,,,,99Q1=100,,,4,,4F0,,Indian rupee/Euro ECB reference exchange rate,"ECB reference exchange rate, Indian rupee/Euro, 2.15 pm (C.E.T.)",INR,0
EXR.D.INR.EUR.SP00.A,D,INR,EUR,SP00,A,2023-11-08,88.876,A,F,,,P1D,,A,,,,,,,99Q1=100,,,4,,4F0,,Indian rupee/Euro ECB reference exchange rate,"ECB reference exchange rate, Indian rupee/Euro, 2.15 pm (C.E.T.)",INR,0
EXR.D.INR.EUR.SP00.A,D,INR,EUR,SP00,A,2023-11-09,89.053,A,F,,,P1D,,A,,,,,,,99Q1=100,,,4,,4F0,,Indian rupee/Euro ECB reference exchange rate,"ECB reference exchange rate, Indian rupee/Euro, 2.15 pm (C.E.T.)",INR,0
EXR.D.INR.EUR.SP00.A,D,INR,EUR,SP00,A,2023-11-10,88.9803,A,F,,,P1D,,A,,,,,,,99Q1=100,,,4,,4F0,,Indian rupee/Euro ECB reference exchange rate,"ECB reference exchange rate, Indian rupee/Euro, 2.15 pm (C.E.T.)",INR,0
EXR.D.INR.EUR.SP00.A,D,INR,EUR,SP00,A,2023-11-13,88.844,A,F,,,P1D,,A,,,,,,,99Q1=100,,,4,,4F0,,Indian rupee/Euro ECB reference exchange rate,"ECB reference exchange rate, Indian rupee/Euro, 2.15 pm (C.E.T.)",INR,0
EXR.D.INR.EUR.SP00.A,D,INR,EUR,SP00,A,2023-11-14,89.1958,A,F,,,P1D,,A,,,,,,,99Q1=100,,,4,,4F0,,Indian rupee/Euro ECB reference exchange rate,"ECB reference exchange rate, Indian rupee/Euro, 2.15 pm (C.E.T.)",INR,0
EXR.D.INR.EUR.SP00.A,D,INR,EUR,SP00,A,2023-11-15,90.2937,A,F,,,P1D,,A,,,,,,,99Q1=100,,,4,,4F0,,Indian rupee/Euro ECB reference exchange rate,"ECB reference exchange rate, Indian rupee/Euro, 2.15 pm (C.E.T.)",INR,0
EXR.D.INR.EUR.SP00.A,D,INR,EUR,SP00,A,2023-11-16,90.3145,A,F,,,P1D,,A,,,,,,,99Q1=100,,,4,,4F0,,Indian rupee/Euro ECB reference exchange rate,"ECB reference exchange rate, Indian rupee/Euro, 2.15 pm (C.E.T.)",INR,0
EXR.D.INR.EUR.SP00.A,D,INR,EUR,SP00,A,2023-11-17,90.5065,A,F,,,P1D,,A,,,,,,,99Q1=100,,,4,,4F0,,Indian rupee/Euro ECB reference exchange rate,"ECB reference exchange rate, Indian rupee/Euro, 2.15 pm (C.E.T.)",INR,0
EXR.D.INR.EUR.SP00.A,D,INR,EUR,SP00,A,2023-11-20,91.106,A,F,,,P1D,,A,,,,,,,99Q1=100,,,4,,4F0,,Indian rupee/Euro ECB reference exchange rate,"ECB reference exchange rate, Indian rupee/Euro, 2.15 pm (C.E.T.)",INR,0
EXR.D.INR.EUR.SP00.A,D,INR,EUR,SP00,A,2023-11-21,91.2425,A,F,,,P1D,,A,,,,,,,99Q1=100,,,4,,4F0,,Indian rupee/Euro ECB reference exchange rate,"ECB reference exchange rate, Indian rupee/Euro, 2.15 pm (C.E.T.)",INR,0
EXR.D.INR.EUR.SP00.A,D,INR,EUR,SP00,A,2023-11-22,90.903,A,F,,,P1D,,A,,,,,,,99Q1=100,,,4,,4F0,,Indian rupee/Euro ECB reference exchange rate,"ECB reference exchange rate, Indian rupee/Euro, 2.15 pm (C.E.T.)",INR,0
EXR.D.INR.EUR.SP00.A,D,INR,EUR,SP00,A,2023-11-23,90.815,A,F,,,P1D,,A,,,,,,,99Q1=100,,,4,,4F0,,Indian rupee/Euro ECB reference exchange rate,"ECB reference exchange rate, Indian rupee/Euro, 2.15 pm (C.E.T.)",INR,0
EXR.D.INR.EUR.SP00.A,D,INR,EUR,SP00,A,2023-11-24,91.039,A,F,,,P1D,,A,,,,,,,99Q1=100,,,4,,4F0,,Indian rupee/Euro ECB reference exchange rate,"ECB reference exchange rate, Indian rupee/Euro, 2.15 pm (C.E.T.)",INR,0
EXR.D.INR.EUR.SP00.A,D,INR,EUR,SP00,A,2023-11-27,91.2743,A,F,,,P1D,,A,,,,,,,99Q1=100,,,4,,4F0,,Indian rupee/Euro ECB reference exchange rate,"ECB reference exchange rate, Indian rupee/Euro, 2.15 pm (C.E.T.)",INR,0
EXR.D.INR.EUR.SP00.A,D,INR,EUR,SP00,A,2023-11-28,91.255,A,F,,,P1D,,A,,,,,,,99Q1=100,,,4,,4F0,,Indian rupee/Euro ECB reference exchange rate,"ECB reference exchange rate, Indian rupee/Euro, 2.15 pm (C.E.T.)",INR,0
EXR.D.INR.EUR.SP00.A,D,INR,EUR,SP00,A,2023-11-29,91.528,A,F,,,P1D,,A,,,,,,,99Q1=100,,,4,,4F0,,Indian rupee/Euro ECB reference exchange rate,"ECB reference exchange rate, Indian rupee/Euro, 2.15 pm (C.E.T.)",INR,0
EXR.D.INR.EUR.SP00.A,D,INR,EUR,SP00,A,2023-11-30,91.1143,A,F,,,P1D,,A,,,,,,,99Q1=100,,,4,,4F0,,Indian rupee/Euro ECB reference exchange rate,"ECB reference exchange rate, Indian rupee/Euro, 2.15 pm (C.E.T.)",INR,0
EXR.D.INR.EUR.SP00.A,D,INR,EUR,SP00,A,2023-12-01,90.6125,A,F,,,P1D,,A,,,,,,,99Q1=100,,,4,,4F0,,Indian rupee/Euro ECB reference exchange rate,"ECB reference exchange rate, Indian rupee/Euro, 2.15 pm (C.E.T.)",INR,0
EXR.D.INR.EUR.SP00.A,D,INR,EUR,SP00,A,2023-12-04,90.62,A,F,,,P1D,,A,,,,,,,99Q1=100,,,4,,4F0,,Indian rupee/Euro ECB reference exchange rate,"ECB reference exchange rate, Indian rupee/Euro, 2.15 pm (C.E.T.)",INR,0
EXR.D.INR.EUR.SP00.A,D,INR,EUR,SP00,A,2023-12-05,90.1885,A,F,,,P1D,,A,,,,,,,99Q1=100,,,4,,4F0,,Indian rupee/Euro ECB reference exchange rate,"ECB reference exchange rate, Indian rupee/Euro, 2.15 pm (C.E.T.)",INR,0
EXR.D.INR.EUR.SP00.A,D,INR,EUR,SP00,A,2023-12-06,89.8275,A,F,,,P1D,,A,,,,,,,99Q1=100,,,4,,4F0,,Indian rupee/Euro ECB reference exchange rate,"ECB reference exchange rate, Indian rupee/Euro, 2.15 pm (C.E.T.)",INR,0
EXR.D.INR.EUR.SP00.A,D,INR,EUR,SP00,A,2023-12-07,89.794,A,F,,,P1D,,A,,,,,,,99Q1=100,,,4,,4F0,,Indian rupee/Euro ECB reference exchange rate,"ECB reference exchange rate, Indian rupee/Euro, 2.15 pm (C.E.T.)",INR,0
EXR.D.INR.EUR.SP00.A,D,INR,EUR,SP00,A,2023-12-08,89.8875,A,F,,,P1D,,A,,,,,,,99Q1=100,,,4,,4F0,,Indian rupee/Euro ECB reference exchange rate,"ECB reference exchange rate, Indian rupee/Euro, 2.15 pm (C.E.T.)",INR,0
EXR.D.INR.EUR.SP00.A,D,INR,EUR,SP00,A,2023-12-11,89.6798,A,F,,,P1D,,A,,,,,,,99Q1=100,,,4,,4F0,,Indian rupee/Euro ECB reference exchange rate,"ECB reference exchange rate, Indian rupee/Euro, 2.15 pm (C.E.T.)",INR,0
EXR.D.INR.EUR.SP00.A,D,INR,EUR,SP00,A,2023-12-12,90.0765,A,F,,,P1D,,A,,,,,,,99Q1=100,,,4,,4F0,,Indian rupee/Euro ECB reference exchange rate,"ECB reference exchange rate, Indian rupee/Euro, 2.15 pm (C.E.T.)",INR,0
EXR.D.INR.EUR.SP00.A,D,INR,EUR,SP00,A,2023-12-13,89.9635,A,F,,,P1D,,A,,,,,,,99Q1=100,,,4,,4F0,,Indian rupee/Euro ECB reference exchange rate,"ECB reference exchange rate, Indian rupee/Euro, 2.15 pm (C.E.T.)",INR,0
EXR.D.INR.EUR.SP00.A,D,INR,EUR,SP00,A,2023-12-14,90.993,A,F,,,P1D,,A,,,,,,,99Q1=100,,,4,,4F0,,Indian rupee/Euro ECB reference exchange rate,"ECB reference exchange rate, Indian rupee/Euro, 2.15 pm (C.E.T.)",INR,0
EXR.D.INR.EUR.SP00.A,D,INR,EUR,SP00,A,2023-12-15,90.941,A,F,,,P1D,,A,,,,,,,99Q1=100,,,4,,4F0,,Indian rupee/Euro ECB reference exchange rate,"ECB reference exchange rate, Indian rupee/Euro, 2.15 pm (C.E.T.)",INR,0
EXR.D.INR.EUR.SP00.A,D,INR,EUR,SP00,A,2023-12-18,90.79,A,F,,,P1D,,A,,,,,,,99Q1=100,,,4,,4F0,,Indian rupee/Euro ECB reference exchange rate,"ECB reference exchange rate, Indian rupee/Euro, 2.15 pm (C.E.T.)",INR,0
EXR.D.INR.EUR.SP00.A,D,INR,EUR,SP00,A,2023-12-19,91.1835,A,F,,,P1D,,A,,,,,,,99Q1=100,,,4,,4F0,,Indian rupee/Euro ECB reference exchange rate,"ECB reference exchange rate, Indian rupee/Euro, 2.15 pm (C.E.T.)",INR,0
EXR.D.INR.EUR.SP00.A,D,INR,EUR,SP00,A,2023-12-20,91.0595,A,F,,,P1D,,A,,,,,,,99Q1=100,,,4,,4F0,,Indian rupee/Euro ECB reference exchange rate,"ECB reference exchange rate, Indian rupee/Euro, 2.15 pm (C.E.T.)",INR,0
EXR.D.INR.EUR.SP00.A,D,INR,EUR,SP00,A,2023-12-21,91.4335,A,F,,,P1D,,A,,,,,,,99Q1=100,,,4,,4F0,,Indian rupee/Euro ECB reference exchange rate,"ECB reference exchange rate, Indian rupee/Euro, 2.15 pm (C.E.T.)",INR,0
EXR.D.INR.EUR.SP00.A,D,INR,EUR,SP00,A,2023-12-22,91.628,A,F,,,P1D,,A,,,,,,,99Q1=100,,,4,,4F0,,Indian rupee/Euro ECB reference exchange rate,"ECB reference exchange rate, Indian rupee/Euro, 2.15 pm (C.E.T.)",INR,0
EXR.D.INR.EUR.SP00.A,D,INR,EUR,SP00,A,2023-12-27,92.186,A,F,,,P1D,,A,,,,,,,99Q1=100,,,4,,4F0,,Indian rupee/Euro ECB reference exchange rate,"ECB reference exchange rate, Indian rupee/Euro, 2.15 pm (C.E.T.)",INR,0
EXR.D.INR.EUR.SP00.A,D,INR,EUR,SP00,A,2023-12-28,92.449,A,F,,,P1D,,A,,,,,,,99Q1=100,,,4,,4F0,,Indian rupee/Euro ECB reference exchange rate,"ECB reference exchange rate, Indian rupee/Euro, 2.15 pm (C.E.T.)",INR,0
EXR.D.INR.EUR.SP00.A,D,INR,EUR,SP00,A,2023-12-29,91.9045,A,F,,,P1D,,A,,,,,,,99Q1=100,,,4,,4F0,,Indian rupee/Euro ECB reference exchange rate,"ECB reference exchange rate, Indian rupee/Euro, 2.15 pm (C.E.T.)",INR,0
EXR.D.INR.EUR.SP00.A,D,INR,EUR,SP00,A,2024-01-02,91.285,A,F,,,P1D,,A,,,,,,,99Q1=100,,,4,,4F0,,Indian rupee/Euro ECB reference exchange rate,"ECB reference exchange rate, Indian rupee/Euro, 2.15 pm (C.E.T.)",INR,0
EXR.D.INR.EUR.SP00.A,D,INR,EUR,SP00,A,2024-01-03,90.965,A,F,,,P1D,,A,,,,,,,99Q1=100,,,4,,4F0,,Indian rupee/Euro ECB reference exchange rate,"ECB reference exchange rate, Indian rupee/Euro, 2.15 pm (C.E.T.)",INR,0
EXR.D.INR.EUR.SP00.A,D,INR,EUR,SP00,A,2024-01-04,91.1745,A,F,,,P1D,,A,,,,,,,99Q1=100,,,4,,4F0,,Indian rupee/Euro ECB reference exchange rate,"ECB reference exchange rate, Indian rupee/Euro, 2.15 pm (C.E.T.)",INR,0
EXR.D.INR.EUR.SP00.A,D,INR,EUR,SP00,A,2024-01-05,90.81,A,F,,,P1D,,A,,,,,,,99Q1=100,,,4,,4F0,,Indian rupee/Euro ECB reference exchange rate,"ECB reference exchange rate, Indian rupee/Euro, 2.15 pm (C.E.T.)",INR,0
EXR.D.INR.EUR.SP00.A,D,INR,EUR,SP00,A,2024-01-08,90.9655,A,F,,,P1D,,A,,,,,,,99Q1=100,,,4,,4F0,,Indian rupee/Euro ECB reference exchange rate,"ECB reference exchange rate, Indian rupee/Euro, 2.15 pm (C.E.T.)",INR,0
EXR.D.INR.EUR.SP00.A,D,INR,EUR,SP00,A,2024-01-09,90.9195,A,F,,,P1D,,A,,,,,,,99Q1=100,,,4,,4F0,,Indian rupee/Euro ECB reference exchange rate,"ECB reference exchange rate, Indian rupee/Euro, 2.15 pm (C.E.T.)",INR,0
EXR.D.INR.EUR.SP00.A,D,INR,EUR,SP00,A,2024-01-10,90.8755,A,F,,,P1D,,A,,,,,,,99Q1=100,,,4,,4F0,,Indian rupee/Euro ECB reference exchange rate,"ECB reference exchange rate, Indian rupee/Euro, 2.15 pm (C.E.T.)",INR,0
EXR.D.INR.EUR.SP00.A,D,INR,EUR,SP00,A,2024-01-11,91.209,A,F,,,P1D,,A,,,,,,,99Q1=100,,,4,,4F0,,Indian rupee/Euro ECB reference exchange rate,"ECB reference exchange rate, Indian rupee/Euro, 2.15 pm (C.E.T.)",INR,0
EXR.D.INR.EUR.SP00.A,D,INR,EUR,SP00,A,2024-01-12,90.735,A,F,,,P1D,,A,,,,,,,99Q1=100,,,4,,4F0,,Indian rupee/Euro ECB reference exchange rate,"ECB reference exchange rate, Indian rupee/Euro, 2.15 pm (C.E.T.)",INR,0
EXR.D.INR.EUR.SP00.A,D,INR,EUR,SP00,A,2024-01-15,90.698,A,F,,,P1D,,A,,,,,,,99Q1=100,,,4,,4F0,,Indian rupee/Euro ECB reference exchange rate,"ECB reference exchange rate, Indian rupee/Euro, 2.15 pm (C.E.T.)",INR,0
EXR.D.INR.EUR.SP00.A,D,INR,EUR,SP00,A,2024-01-16,90.425,A,F,,,P1D,,A,,,,,,,99Q1=100,,,4,,4F0,,Indian rupee/Euro ECB reference exchange rate,"ECB reference exchange rate, Indian rupee/Euro, 2.15 pm (C.E.T.)",INR,0
EXR.D.INR.EUR.SP00.A,D,INR,EUR,SP00,A,2024-01-17,90.4265,A,F,,,P1D,,A,,,,,,,99Q1=100,,,4,,4F0,,Indian rupee/Euro ECB reference exchange rate,"ECB reference exchange rate, Indian rupee/Euro, 2.15 pm (C.E.T.)",INR,0
EXR.D.INR.EUR.SP00.A,D,INR,EUR,SP00,A,2024-01-18,90.4295,A,F,,,P1D,,A,,,,,,,99Q1=100,,,4,,4F0,,Indian rupee/Euro ECB reference exchange rate,"ECB reference exchange rate, Indian rupee/Euro, 2.15 pm (C.E.T.)",INR,0
EXR.D.INR.EUR.SP00.A,D,INR,EUR,SP00,A,2024-01-19,90.4485,A,F,,,P1D,,A,,,,,,,99Q1=100,,,4,,4F0,,Indian rupee/Euro ECB reference exchange rate,"ECB reference exchange rate, Indian rupee/Euro, 2.15 pm (C.E.T.)",INR,0
EXR.D.INR.EUR.SP00.A,D,INR,EUR,SP00,A,2024-01-22,90.5305,A,F,,,P1D,,A,,,,,,,99Q1=100,,,4,,4F0,,Indian rupee/Euro ECB reference exchange rate,"ECB reference exchange rate, Indian rupee/Euro, 2.15 pm (C.E.T.)",INR,0
EXR.D.INR.EUR.SP00.A,D,INR,EUR,SP00,A,2024-01-23,90.3655,A,F,,,P1D,,A,,,,,,,99Q1=100,,,4,,4F0,,Indian rupee/Euro ECB reference exchange rate,"ECB reference exchange rate, Indian rupee/Euro, 2.15 pm (C.E.T.)",INR,0
EXR.D.INR.EUR.SP00.A,D,INR,EUR,SP00,A,2024-01-24,90.6274,A,F,,,P1D,,A,,,,,,,99Q1=100,,,4,,4F0,,Indian rupee/Euro ECB reference exchange rate,"ECB reference exchange rate, Indian rupee/Euro, 2.15 pm (C.E.T.)",INR,0
EXR.D.INR.EUR.SP00.A,D,INR,EUR,SP00,A,2024-01-25,90.5475,A,F,,,P1D,,A,,,,,,,99Q1=100,,,4,,4F0,,Indian rupee/Euro ECB reference exchange rate,"ECB reference exchange rate, Indian rupee/Euro, 2.15 pm (C.E.T.)",INR,0
EXR.D.INR.EUR.SP00.A,D,INR,EUR,SP00,A,2024-01-26,90.369,A,F,,,P1D,,A,,,,,,,99Q1=100,,,4,,4F0,,Indian rupee/Euro ECB reference exchange rate,"ECB reference exchange rate, Indian rupee/Euro, 2.15 pm (C.E.T.)",INR,0
EXR.D.INR.EUR.SP00.A,D,INR,EUR,SP00,A,2024-01-29,89.9995,A,F,,,P1D,,A,,,,,,,99Q1=100,,,4,,4F0,,Indian rupee/Euro ECB reference exchange rate,"ECB reference exchange rate, Indian rupee/Euro, 2.15 pm (C.E.T.)",INR,0
EXR.D.INR.EUR.SP00.A,D,INR,EUR,SP00,A,2024-01-30,90.1575,A,F,,,P1D,,A,,,,,,,99Q1=100,,,4,,4F0,,Indian rupee/Euro ECB reference exchange rate,"ECB reference exchange rate, Indian rupee/Euro, 2.15 pm (C.E.T.)",INR,0
EXR.D.INR.EUR.SP00.A,D,INR,EUR,SP00,A,2024-01-31,90.001,A,F,,,P1D,,A,,,,,,,99Q1=100,,,4,,4F0,,Indian rupee/Euro ECB reference exchange rate,"ECB reference exchange rate, Indian rupee/Euro, 2.15 pm (C.E.T.)",INR,0
EXR.D.INR.EUR.SP00.A,D,INR,EUR,SP00,A,2024-02-01,89.733,A,F,,,P1D,,A,,,,,,,99Q1=100,,,4,,4F0,,Indian rupee/Euro ECB reference exchange rate,"ECB reference exchange rate, Indian rupee/Euro, 2.15 pm (C.E.T.)",INR,0
EXR.D.INR.EUR.SP00.A,D,INR,EUR,SP00,A,2024-02-02,90.232,A,F,,,P1D,,A,,,,,,,99Q1=100,,,4,,4F0,,Indian rupee/Euro ECB reference exchange rate,"ECB reference exchange rate, Indian rupee/Euro, 2.15 pm (C.E.T.)",INR,0
EXR.D.INR.EUR.SP00.A,D,INR,EUR,SP00,A,2024-02-05,89.2515,A,F,,,P1D,,A,,,,,,,99Q1=100,,,4,,4F0,,Indian rupee/Euro ECB reference exchange rate,"ECB reference exchange rate, Indian rupee/Euro, 2.15 pm (C.E.T.)",INR,0
EXR.D.INR.EUR.SP00.A,D,INR,EUR,SP00,A,2024-02-06,89.2155,A,F,,,P1D,,A,,,,,,,99Q1=100,,,4,,4F0,,Indian rupee/Euro ECB reference exchange rate,"ECB reference exchange rate, Indian rupee/Euro, 2.15 pm (C.E.T.)",INR,0
EXR.D.INR.EUR.SP00.A,D,INR,EUR,SP00,A,2024-02-07,89.422,A,F,,,P1D,,A,,,,,,,99Q1=100,,,4,,4F0,,Indian rupee/Euro ECB reference exchange rate,"ECB reference exchange rate, Indian rupee/Euro, 2.15 pm (C.E.T.)",INR,0
EXR.D.INR.EUR.SP00.A,D,INR,EUR,SP00,A,2024-02-08,89.2765,A,F,,,P1D,,A,,,,,,,99Q1=100,,,4,,4F0,,Indian rupee/Euro ECB reference exchange rate,"ECB reference exchange rate, Indian rupee/Euro, 2.15 pm (C.E.T.)",INR,0
EXR.D.INR.EUR.SP00.A,D,INR,EUR,SP00,A,2024-02-09,89.4363,A,F,,,P1D,,A,,,,,,,99Q1=100,,,4,,4F0,,Indian rupee/Euro ECB reference exchange rate,"ECB reference exchange rate, Indian rupee/Euro, 2.15 pm (C.E.T.)",INR,0
EXR.D.INR.EUR.SP00.A,D,INR,EUR,SP00,A,2024-02-12,89.4321,A,F,,,P1D,,A,,,,,,,99Q1=100,,,4,,4F0,,Indian rupee/Euro ECB reference exchange rate,"ECB reference exchange rate, Indian rupee/Euro, 2.15 pm (C.E.T.)",INR,0
EXR.D.INR.EUR.SP00.A,D,INR,EUR,SP00,A,2024-02-13,89.579,A,F,,,P1D,,A,,,,,,,99Q1=100,,,4,,4F0,,Indian rupee/Euro ECB reference exchange rate,"ECB reference exchange rate, Indian rupee/Euro, 2.15 pm (C.E.T.)",INR,0
EXR.D.INR.EUR.SP00.A,D,INR,EUR,SP00,A,2024-02-14,88.956,A,F,,,P1D,,A,,,,,,,99Q1=100,,,4,,4F0,,Indian rupee/Euro ECB reference exchange rate,"ECB reference exchange rate, Indian rupee/Euro, 2.15 pm (C.E.T.)",INR,0
EXR.D.INR.EUR.SP00.A,D,INR,EUR,SP00,A,2024-02-15,89.221,A,F,,,P1D,,A,,,,,,,99Q1=100,,,4,,4F0,,Indian rupee/Euro ECB reference exchange rate,"ECB reference exchange rate, Indian rupee/Euro, 2.15 pm (C.E.T.)",INR,0
EXR.D.INR.EUR.SP00.A,D,INR,EUR,SP00,A,2024-02-16,89.3815,A,F,,,P1D,,A,,,,,,,99Q1=100,,,4,,4F0,,Indian rupee/Euro ECB reference exchange rate,"ECB reference exchange rate, Indian rupee/Euro, 2.15 pm (C.E.T.)",INR,0
EXR.D.INR.EUR.SP00.A,D,INR,EUR,SP00,A,2024-02-19,89.462,A,F,,,P1D,,A,,,,,,,99Q1=100,,,4,,4F0,,Indian rupee/Euro ECB reference exchange rate,"ECB reference exchange rate, Indian rupee/Euro, 2.15 pm (C.E.T.)",INR,0
EXR.D.INR.EUR.SP00.A,D,INR,EUR,SP00,A,2024-02-20,89.6045,A,F,,,P1D,,A,,,,,,,99Q1=100,,,4,,4F0,,Indian rupee/Euro ECB reference exchange rate,"ECB reference exchange rate, Indian rupee/Euro, 2.15 pm (C.E.T.)",INR,0
EXR.D.INR.EUR.SP00.A,D,INR,EUR,SP00,A,2024-02-21,89.632,A,F,,,P1D,,A,,,,,,,99Q1=100,,,4,,4F0,,Indian rupee/Euro ECB reference exchange rate,"ECB reference exchange rate, Indian rupee/Euro, 2.15 pm (C.E.T.)",INR,0
EXR.D.INR.EUR.SP00.A,D,INR,EUR,SP00,A,2024-02-22,89.871,A,F,,,P1D,,A,,,,,,,99Q1=100,,,4,,4F0,,Indian rupee/Euro ECB reference exchange rate,"ECB reference exchange rate, Indian rupee/Euro, 2.15 pm (C.E.T.)",INR,0
EXR.D.INR.EUR.SP00.A,D,INR,EUR,SP00,A,2024-02-23,89.817,A,F,,,P1D,,A,,,,,,,99Q1=100,,,4,,4F0,,Indian rupee/Euro ECB reference exchange rate,"ECB reference exchange rate, Indian rupee/Euro, 2.15 pm (C.E.T.)",INR,0
EXR.D.INR.EUR.SP00.A,D,INR,EUR,SP00,A,2024-02-26,89.9375,A,F,,,P1D,,A,,,,,,,99Q1=100,,,4,,4F0,,Indian rupee/Euro ECB reference exchange rate,"ECB reference exchange rate, Indian rupee/Euro, 2.15 pm (C.E.T.)",INR,0
EXR.D.INR.EUR.SP00.A,D,INR,EUR,SP00,A,2024-02-27,89.9755,A,F,,,P1D,,A,,,,,,,99Q1=100,,,4,,4F0,,Indian rupee/Euro ECB reference exchange rate,"ECB reference exchange rate, Indian rupee/Euro, 2.15 pm (C.E.T.)",INR,0
EXR.D.INR.EUR.SP00.A,D,INR,EUR,SP00,A,2024-02-28,89.5955,A,F,,,P1D,,A,,,,,,,99Q1=100,,,4,,4F0,,Indian rupee/Euro ECB reference exchange rate,"ECB reference exchange rate, Indian rupee/Euro, 2.15 pm (C.E.T.)",INR,0
EXR.D.INR.EUR.SP00.A,D,INR,EUR,SP00,A,2024-02-29,89.7458,A,F,,,P1D,,A,,,,,,,99Q1=100,,,4,,4F0,,Indian rupee/Euro ECB reference exchange rate,"ECB reference exchange rate, Indian rupee/Euro, 2.15 pm (C.E.T.)",INR,0
EXR.D.INR.EUR.SP00.A,D,INR,EUR,SP00,A,2024-03-01,89.6135,A,F,,,P1D,,A,,,,,,,99Q1=100,,,4,,4F0,,Indian rupee/Euro ECB reference exchange rate,"ECB reference exchange rate, Indian rupee/Euro, 2.15 pm (C.E.T.)",INR,0
EXR.D.INR.EUR.SP00.A,D,INR,EUR,SP00,A,2024-03-04,89.9399,A,F,,,P1D,,A,,,,,,,99Q1=100,,,4,,4F0,,Indian rupee/Euro ECB reference exchange rate,"ECB reference exchange rate, Indian rupee/Euro, 2.15 pm (C.E.T.)",INR,0
EXR.D.INR.EUR.SP00.A,D,INR,EUR,SP00,A,2024-03-05,89.9525,A,F,,,P1D,,A,,,,,,,99Q1=100,,,4,,4F0,,Indian rupee/Euro ECB reference exchange rate,"ECB reference exchange rate, Indian rupee/Euro, 2.15 pm (C.E.T.)",INR,0
EXR.D.INR.EUR.SP00.A,D,INR,EUR,SP00,A,2024-03-06,90.056,A,F,,,P1D,,A,,,,,,,99Q1=100,,,4,,4F0,,Indian rupee/Euro ECB reference exchange rate,"ECB reference exchange rate, Indian rupee/Euro, 2.15 pm (C.E.T.)",INR,0
EXR.D.INR.EUR.SP00.A,D,INR,EUR,SP00,A,2024-03-07,90.1205,A,F,,,P1D,,A,,,,,,,99Q1=100,,,4,,4F0,,Indian rupee/Euro ECB reference exchange rate,"ECB reference exchange rate, Indian rupee/Euro, 2.15 pm (C.E.T.)",INR,0
EXR.D.INR.EUR.SP00.A,D,INR,EUR,SP00,A,2024-03-08,90.4365,A,F,,,P1D,,A,,,,,,,99Q1=100,,,4,,4F0,,Indian rupee/Euro ECB reference exchange rate,"ECB reference exchange rate, Indian rupee/Euro, 2.15 pm (C.E.T.)",INR,0
EXR.D.INR.EUR.SP00.A,D,INR,EUR,SP00,A,2024-03-11,90.4095,A,F,,,P1D,,A,,,,,,,99Q1=100,,,4,,4F0,,Indian rupee/Euro ECB reference exchange rate,"ECB reference exchange rate, Indian rupee/Euro, 2.15 pm (C.E.T.)",INR,0
EXR.D.INR.EUR.SP00.A,D,INR,EUR,SP00,A,2024-03-12,90.356,A,F,,,P1D,,A,,,,,,,99Q1=100,,,4,,4F0,,Indian rupee/Euro ECB reference exchange rate,"ECB reference exchange rate, Indian rupee/Euro, 2.15 pm (C.E.T.)",INR,0
EXR.D.INR.EUR.SP00.A,D,INR,EUR,SP00,A,2024-03-13,90.594,A,F,,,P1D,,A,,,,,,,99Q1=100,,,4,,4F0,,Indian rupee/Euro ECB reference exchange rate,"ECB reference exchange rate, Indian rupee/Euro, 2.15 pm (C.E.T.)",INR,0
EXR.D.INR.EUR.SP00.A,D,INR,EUR,SP00,A,2024-03-14,90.522,A,F,,,P1D,,A,,,,,,,99Q1=100,,,4,,4F0,,Indian rupee/Euro ECB reference exchange rate,"ECB reference exchange rate, Indian rupee/Euro, 2.15 pm (C.E.T.)",INR,0
EXR.D.INR.EUR.SP00.A,D,INR,EUR,SP00,A,2024-03-15,90.259,A,F,,,P1D,,A,,,,,,,99Q1=100,,,4,,4F0,,Indian rupee/Euro ECB reference exchange rate,"ECB reference exchange rate, Indian rupee/Euro, 2.15 pm (C.E.T.)",INR,0
EXR.D.INR.EUR.SP00.A,D,INR,EUR,SP00,A,2024-03-18,90.285,A,F,,,P1D,,A,,,,,,,99Q1=100,,,4,,4F0,,Indian rupee/Euro ECB reference exchange rate,"ECB reference exchange rate, Indian rupee/Euro, 2.15 pm (C.E.T.)",INR,0
EXR.D.INR.EUR.SP00.A,D,INR,EUR,SP00,A,2024-03-19,90.1065,A,F,,,P1D,,A,,,,,,,99Q1=100,,,4,,4F0,,Indian rupee/Euro ECB reference exchange rate,"ECB reference exchange rate, Indian rupee/Euro, 2.15 pm (C.E.T.)",INR,0
EXR.D.INR.EUR.SP00.A,D,INR,EUR,SP00,A,2024-03-20,90.24,A,F,,,P1D,,A,,,,,,,99Q1=100,,,4,,4F0,,Indian rupee/Euro ECB reference exchange rate,"ECB reference exchange rate, Indian rupee/Euro, 2.15 pm (C.E.T.)",INR,0
EXR.D.INR.EUR.SP00.A,D,INR,EUR,SP00,A,2024-03-21,90.656,A,F,,,P1D,,A,,,,,,,99Q1=100,,,4,,4F0,,Indian rupee/Euro ECB reference exchange rate,"ECB reference exchange rate, Indian rupee/Euro, 2.15 pm (C.E.T.)",INR,0
EXR.D.INR.EUR.SP00.A,D,INR,EUR,SP00,A,2024-03-22,90.409,A,F,,,P1D,,A,,,,,,,99Q1=100,,,4,,4F0,,Indian rupee/Euro ECB reference exchange rate,"ECB reference exchange rate, Indian rupee/Euro, 2.15 pm (C.E.T.)",INR,0
EXR.D.INR.EUR.SP00.A,D,INR,EUR,SP00,A,2024-03-25,90.368,A,F,,,P1D,,A,,,,,,,99Q1=100,,,4,,4F0,,Indian rupee/Euro ECB reference exchange rate,"ECB reference exchange rate, Indian rupee/Euro, 2.15 pm (C.E.T.)",INR,0
EXR.D.INR.EUR.SP00.A,D,INR,EUR,SP00,A,2024-03-26,90.4365,A,F,,,P1D,,A,,,,,,,99Q1=100,,,4,,4F0,,Indian rupee/Euro ECB reference exchange rate,"ECB reference exchange rate, Indian rupee/Euro, 2.15 pm (C.E.T.)",INR,0
EXR.D.INR.EUR.SP00.A,D,INR,EUR,SP00,A,2024-03-27,90.134,A,F,,,P1D,,A,,,,,,,99Q1=100,,,4,,4F0,,Indian rupee/Euro ECB reference exchange rate,"ECB reference exchange rate, Indian rupee/Euro, 2.15 pm (C.E.T.)",INR,0
EXR.D.INR.EUR.SP00.A,D,INR,EUR,SP00,A,2024-03-28,90.1365,A,F,,,P1D,,A,,,,,,,99Q1=100,,,4,,4F0,,Indian rupee/Euro ECB reference exchange rate,"ECB reference exchange rate, Indian rupee/Euro, 2.15 pm (C.E.T.)",INR,0
EXR.D.INR.EUR.SP00.A,D,INR,EUR,SP00,A,2024-04-02,89.649,A,F,,,P1D,,A,,,,,,,99Q1=100,,,4,,4F0,,Indian rupee/Euro ECB reference exchange rate,"ECB reference exchange rate, Indian rupee/Euro, 2.15 pm (C.E.T.)",INR,0
EXR.D.INR.EUR.SP00.A,D,INR,EUR,SP00,A,2024-04-03,90.0055,A,F,,,P1D,,A,,,,,,,99Q1=100,,,4,,4F0,,Indian rupee/Euro ECB reference exchange rate,"ECB reference exchange rate, Indian rupee/Euro, 2.15 pm (C.E.T.)",INR,0
EXR.D.INR.EUR.SP00.A,D,INR,EUR,SP00,A,2024-04-04,90.5116,A,F,,,P1D,,A,,,,,,,99Q1=100,,,4,,4F0,,Indian rupee/Euro ECB reference exchange rate,"ECB reference exchange rate, Indian rupee/Euro, 2.15 pm (C.E.T.)",INR,0
EXR.D.INR.EUR.SP00.A,D,INR,EUR,SP00,A,2024-04-05,90.3283,A,F,,,P1D,,A,,,,,,,99Q1=100,,,4,,4F0,,Indian rupee/Euro ECB reference exchange rate,"ECB reference exchange rate, Indian rupee/Euro, 2.15 pm (C.E.T.)",INR,0
EXR.D.INR.EUR.SP00.A,D,INR,EUR,SP00,A,2024-04-08,90.159,A,F,,,P1D,,A,,,,,,,99Q1=100,,,4,,4F0,,Indian rupee/Euro ECB reference exchange rate,"ECB reference exchange rate, Indian rupee/Euro, 2.15 pm (C.E.T.)",INR,0
EXR.D.INR.EUR.SP00.A,D,INR,EUR,SP00,A,2024-04-09,90.4135,A,F,,,P1D,,A,,,,,,,99Q1=100,,,4,,4F0,,Indian rupee/Euro ECB reference exchange rate,"ECB reference exchange rate, Indian rupee/Euro, 2.15 pm (C.E.T.)",INR,0
EXR.D.INR.EUR.SP00.A,D,INR,EUR,SP00,A,2024-04-10,90.3585,A,F,,,P1D,,A,,,,,,,99Q1=100,,,4,,4F0,,Indian rupee/Euro ECB reference exchange rate,"ECB reference exchange rate, Indian rupee/Euro, 2.15 pm (C.E.T.)",INR,0
EXR.D.INR.EUR.SP00.A,D,INR,EUR,SP00,A,2024-04-11,89.4385,A,F,,,P1D,,A,,,,,,,99Q1=100,,,4,,4F0,,Indian rupee/Euro ECB reference exchange rate,"ECB reference exchange rate, Indian rupee/Euro, 2.15 pm (C.E.T.)",INR,0
EXR.D.INR.EUR.SP00.A,D,INR,EUR,SP00,A,2024-04-12,88.914,A,F,,,P1D,,A,,,,,,,99Q1=100,,,4,,4F0,,Indian rupee/Euro ECB reference exchange rate,"ECB reference exchange rate, Indian rupee/Euro, 2.15 pm (C.E.T.)",INR,0
EXR.D.INR.EUR.SP00.A,D,INR,EUR,SP00,A,2024-04-15,88.895,A,F,,,P1D,,A,,,,,,,99Q1=100,,,4,,4F0,,Indian rupee/Euro ECB reference exchange rate,"ECB reference exchange rate, Indian rupee/Euro, 2.15 pm (C.E.T.)",INR,0
EXR.D.INR.EUR.SP00.A,D,INR,EUR,SP00,A,2024-04-16,88.8975,A,F,,,P1D,,A,,,,,,,99Q1=100,,,4,,4F0,,Indian rupee/Euro ECB reference exchange rate,"ECB reference exchange rate, Indian rupee/Euro, 2.15 pm (C.E.T.)",INR,0
EXR.D.INR.EUR.SP00.A,D,INR,EUR,SP00,A,2024-04-17,89.008,A,F,,,P1D,,A,,,,,,,99Q1=100,,,4,,4F0,,Indian rupee/Euro ECB reference exchange rate,"ECB reference exchange rate, Indian rupee/Euro, 2.15 pm (C.E.T.)",INR,0
EXR.D.INR.EUR.SP00.A,D,INR,EUR,SP00,A,2024-04-18,89.188,A,F,,,P1D,,A,,,,,,,99Q1=100,,,4,,4F0,,Indian rupee/Euro ECB reference exchange rate,"ECB reference exchange rate, Indian rupee/Euro, 2.15 pm (C.E.T.)",INR,0
EXR.D.INR.EUR.SP00.A,D,INR,EUR,SP00,A,2024-04-19,88.9228,A,F,,,P1D,,A,,,,,,,99Q1=100,,,4,,4F0,,Indian rupee/Euro ECB reference exchange rate,"ECB reference exchange rate, Indian rupee/Euro, 2.15 pm (C.E.T.)",INR,0
EXR.D.INR.EUR.SP00.A,D,INR,EUR,SP00,A,2024-04-22,88.628,A,F,,,P1D,,A,,,,,,,99Q1=100,,,4,,4F0,,Indian rupee/Euro ECB reference exchange rate,"ECB reference exchange rate, Indian rupee/Euro, 2.15 pm (C.E.T.)",INR,0
EXR.D.INR.EUR.SP00.A,D,INR,EUR,SP00,A,2024-04-23,88.9475,A,F,,,P1D,,A,,,,,,,99Q1=100,,,4,,4F0,,Indian rupee/Euro ECB reference exchange rate,"ECB reference exchange rate, Indian rupee/Euro, 2.15 pm (C.E.T.)",INR,0
EXR.D.INR.EUR.SP00.A,D,INR,EUR,SP00,A,2024-04-24,89.0435,A,F,,,P1D,,A,,,,,,,99Q1=100,,,4,,4F0,,Indian rupee/Euro ECB reference exchange rate,"ECB reference exchange rate, Indian rupee/Euro, 2.15 pm (C.E.T.)",INR,0
EXR.D.INR.EUR.SP00.A,D,INR,EUR,SP00,A,2024-04-25,89.3155,A,F,,,P1D,,A,,,,,,,99Q1=100,,,4,,4F0,,Indian rupee/Euro ECB reference exchange rate,"ECB reference exchange rate, Indian rupee/Euro, 2.15 pm (C.E.T.)",INR,0
EXR.D.INR.EUR.SP00.A,D,INR,EUR,SP00,A,2024-04-26,89.3191,A,F,,,P1D,,A,,,,,,,99Q1=100,,,4,,4F0,,Indian rupee/Euro ECB reference exchange rate,"ECB reference exchange rate, Indian rupee/Euro, 2.15 pm (C.E.T.)",INR,0
EXR.D.INR.EUR.SP00.A,D,INR,EUR,SP00,A,2024-04-29,89.461,A,F,,,P1D,,A,,,,,,,99Q1=100,,,4,,4F0,,Indian rupee/Euro ECB reference exchange rate,"ECB reference exchange rate, Indian rupee/Euro, 2.15 pm (C.E.T.)",INR,0
EXR.D.INR.EUR.SP00.A,D,INR,EUR,SP00,A,2024-04-30,89.4155,A,F,,,P1D,,A,,,,,,,99Q1=100,,,4,,4F0,,Indian rupee/Euro ECB reference exchange rate,"ECB reference exchange rate, Indian rupee/Euro, 2.15 pm (C.E.T.)",INR,0
EXR.D.INR.EUR.SP00.A,D,INR,EUR,SP00,A,2024-05-02,89.2938,A,F,,,P1D,,A,,,,,,,99Q1=100,,,4,,4F0,,Indian rupee/Euro ECB reference exchange rate,"ECB reference exchange rate, Indian rupee/Euro, 2.15 pm (C.E.T.)",INR,0
EXR.D.INR.EUR.SP00.A,D,INR,EUR,SP00,A,2024-05-03,89.671,A,F,,,P1D,,A,,,,,,,99Q1=100,,,4,,4F0,,Indian rupee/Euro ECB reference exchange rate,"ECB reference exchange rate, Indian rupee/Euro, 2.15 pm (C.E.T.)",INR,0
EXR.D.INR.EUR.SP00.A,D,INR,EUR,SP00,A,2024-05-06,89.9875,A,F,,,P1D,,A,,,,,,,99Q1=100,,,4,,4F0,,Indian rupee/Euro ECB reference exchange rate,"ECB reference exchange rate, Indian rupee/Euro, 2.15 pm (C.E.T.)",INR,0
EXR.D.INR.EUR.SP00.A,D,INR,EUR,SP00,A,2024-05-07,89.898,A,F,,,P1D,,A,,,,,,,99Q1=100,,,4,,4F0,,Indian rupee/Euro ECB reference exchange rate,"ECB reference exchange rate, Indian rupee/Euro, 2.15 pm (C.E.T.)",INR,0
EXR.D.INR.EUR.SP00.A,D,INR,EUR,SP00,A,2024-05-08,89.7015,A,F,,,P1D,,A,,,,,,,99Q1=100,,,4,,4F0,,Indian rupee/Euro ECB reference exchange rate,"ECB reference exchange rate, Indian rupee/Euro, 2.15 pm (C.E.T.)",INR,0
EXR.D.INR.EUR.SP00.A,D,INR,EUR,SP00,A,2024-05-09,89.607,A,F,,,P1D,,A,,,,,,,99Q1=100,,,4,,4F0,,Indian rupee/Euro ECB reference exchange rate,"ECB reference exchange rate, Indian rupee/Euro, 2.15 pm (C.E.T.)",INR,0
EXR.D.INR.EUR.SP00.A,D,INR,EUR,SP00,A,2024-05-10,90.0185,A,F,,,P1D,,A,,,,,,,99Q1=100,,,4,,4F0,,Indian rupee/Euro ECB reference exchange rate,"ECB reference exchange rate, Indian rupee/Euro, 2.15 pm (C.E.T.)",INR,0
EXR.D.INR.EUR.SP00.A,D,INR,EUR,SP00,A,2024-05-13,90.133,A,F,,,P1D,,A,,,,,,,99Q1=100,,,4,,4F0,,Indian rupee/Euro ECB reference exchange rate,"ECB reference exchange rate, Indian rupee/Euro, 2.15 pm (C.E.T.)",INR,0
EXR.D.INR.EUR.SP00.A,D,INR,EUR,SP00,A,2024-05-14,90.16,A,F,,,P1D,,A,,,,,,,99Q1=100,,,4,,4F0,,Indian rupee/Euro ECB reference exchange rate,"ECB reference exchange rate, Indian rupee/Euro, 2.15 pm (C.E.T.)",INR,0
EXR.D.INR.EUR.SP00.A,D,INR,EUR,SP00,A,2024-05-15,90.4445,A,F,,,P1D,,A,,,,,,,99Q1=100,,,4,,4F0,,Indian rupee/Euro ECB reference exchange rate,"ECB reference exchange rate, Indian rupee/Euro, 2.15 pm (C.E.T.)",INR,0
EXR.D.INR.EUR.SP00.A,D,INR,EUR,SP00,A,2024-05-16,90.73,A,F,,,P1D,,A,,,,,,,99Q1=100,,,4,,4F0,,Indian rupee/Euro ECB reference exchange rate,"ECB reference exchange rate, Indian rupee/Euro, 2.15 pm (C.E.T.)",INR,0
EXR.D.INR.EUR.SP00.A,D,INR,EUR,SP00,A,2024-05-17,90.3883,A,F,,,P1D,,A,,,,,,,99Q1=100,,,4,,4F0,,Indian rupee/Euro ECB reference exchange rate,"ECB reference exchange rate, Indian rupee/Euro, 2.15 pm (C.E.T.)",INR,0
EXR.D.INR.EUR.SP00.A,D,INR,EUR,SP00,A,2024-05-20,90.4715,A,F,,,P1D,,A,,,,,,,99Q1=100,,,4,,4F0,,Indian rupee/Euro ECB reference exchange rate,"ECB reference exchange rate, Indian rupee/Euro, 2.15 pm (C.E.T.)",INR,0
EXR.D.INR.EUR.SP00.A,D,INR,EUR,SP00,A,2024-05-21,90.5115,A,F,,,P1D,,A,,,,,,,99Q1=100,,,4,,4F0,,Indian rupee/Euro ECB reference exchange rate,"ECB reference exchange rate, Indian rupee/Euro, 2.15 pm (C.E.T.)",INR,0
EXR.D.INR.EUR.SP00.A,D,INR,EUR,SP00,A,2024-05-22,90.2135,A,F,,,P1D,,A,,,,,,,99Q1=100,,,4,,4F0,,Indian rupee/Euro ECB reference exchange rate,"ECB reference exchange rate, Indian rupee/Euro, 2.15 pm (C.E.T.)",INR,0
EXR.D.INR.EUR.SP00.A,D,INR,EUR,SP00,A,2024-05-23,90.3445,A,F,,,P1D,,A,,,,,,,99Q1=100,,,4,,4F0,,Indian rupee/Euro ECB reference exchange rate,"ECB reference exchange rate, Indian rupee/Euro, 2.15 pm (C.E.T.)",INR,0
EXR.D.INR.EUR.SP00.A,D,INR,EUR,SP00,A,2024-05-24,90.104,A,F,,,P1D,,A,,,,,,,99Q1=100,,,4,,4F0,,Indian rupee/Euro ECB reference exchange rate,"ECB reference exchange rate, Indian rupee/Euro, 2.15 pm (C.E.T.)",INR,0
EXR.D.INR.EUR.SP00.A,D,INR,EUR,SP00,A,2024-05-27,90.1393,A,F,,,P1D,,A,,,,,,,99Q1=100,,,4,,4F0,,Indian rupee/Euro ECB reference exchange rate,"ECB reference exchange rate, Indian rupee/Euro, 2.15 pm (C.E.T.)",INR,0
EXR.D.INR.EUR.SP00.A,D,INR,EUR,SP00,A,2024-05-28,90.515,A,F,,,P1D,,A,,,,,,,99Q1=100,,,4,,4F0,,Indian rupee/Euro ECB reference exchange rate,"ECB reference exchange rate, Indian rupee/Euro, 2.15 pm (C.E.T.)",INR,0
EXR.D.INR.EUR.SP00.A,D,INR,EUR,SP00,A,2024-05-29,90.529,A,F,,,P1D,,A,,,,,,,99Q1=100,,,4,,4F0,,Indian rupee/Euro ECB reference exchange rate,"ECB reference exchange rate, Indian rupee/Euro, 2.15 pm (C.E.T.)",INR,0
EXR.D.INR.EUR.SP00.A,D,INR,EUR,SP00,A,2024-05-30,90.073,A,F,,,P1D,,A,,,,,,,99Q1=100,,,4,,4F0,,Indian rupee/Euro ECB reference exchange rate,"ECB reference exchange rate, Indian rupee/Euro, 2.15 pm (C.E.T.)",INR,0
EXR.D.INR.EUR.SP00.A,D,INR,EUR,SP00,A,2024-05-31,90.5255,A,F,,,P1D,,A,,,,,,,99Q1=100,,,4,,4F0,,Indian rupee/Euro ECB reference exchange rate,"ECB reference exchange rate, Indian rupee/Euro, 2.15 pm (C.E.T.)",INR,0
EXR.D.INR.EUR.SP00.A,D,INR,EUR,SP00,A,2024-06-03,90.125,A,F,,,P1D,,A,,,,,,,99Q1=100,,,4,,4F0,,Indian rupee/Euro ECB reference exchange rate,"ECB reference exchange rate, Indian rupee/Euro, 2.15 pm (C.E.T.)",INR,0
EXR.D.INR.EUR.SP00.A,D,INR,EUR,SP00,A,2024-06-04,90.6925,A,F,,,P1D,,A,,,,,,,99Q1=100,,,4,,4F0,,Indian rupee/Euro ECB reference exchange rate,"ECB reference exchange rate, Indian rupee/Euro, 2.15 pm (C.E.T.)",INR,0
EXR.D.INR.EUR.SP00.A,D,INR,EUR,SP00,A,2024-06-05,90.708,A,F,,,P1D,,A,,,,,,,99Q1=100,,,4,,4F0,,Indian rupee/Euro ECB reference exchange rate,"ECB reference exchange rate, Indian rupee/Euro, 2.15 pm (C.E.T.)",INR,0
EXR.D.INR.EUR.SP00.A,D,INR,EUR,SP00,A,2024-06-06,90.7135,A,F,,,P1D,,A,,,,,,,99Q1=100,,,4,,4F0,,Indian rupee/Euro ECB reference exchange rate,"ECB reference exchange rate, Indian rupee/Euro, 2.15 pm (C.E.T.)",INR,0
EXR.D.INR.EUR.SP00.A,D,INR,EUR,SP00,A,2024-06-07,90.889,A,F,,,P1D,,A,,,,,,,99Q1=100,,,4,,4F0,,Indian rupee/Euro ECB reference exchange rate,"ECB reference exchange rate, Indian rupee/Euro, 2.15 pm (C.E.T.)",INR,0
EXR.D.INR.EUR.SP00.A,D,INR,EUR,SP00,A,2024-06-10,89.8004,A,F,,,P1D,,A,,,,,,,99Q1=100,,,4,,4F0,,Indian rupee/Euro ECB reference exchange rate,"ECB reference exchange rate, Indian rupee/Euro, 2.15 pm (C.E.T.)",INR,0
EXR.D.INR.EUR.SP00.A,D,INR,EUR,SP00,A,2024-06-11,89.6748,A,F,,,P1D,,A,,,,,,,99Q1=100,,,4,,4F0,,Indian rupee/Euro ECB reference exchange rate,"ECB reference exchange rate, Indian rupee/Euro, 2.15 pm (C.E.T.)",INR,0
EXR.D.INR.EUR.SP00.A,D,INR,EUR,SP00,A,2024-06-12,89.949,A,F,,,P1D,,A,,,,,,,99Q1=100,,,4,,4F0,,Indian rupee/Euro ECB reference exchange rate,"ECB reference exchange rate, Indian rupee/Euro, 2.15 pm (C.E.T.)",INR,0
EXR.D.INR.EUR.SP00.A,D,INR,EUR,SP00,A,2024-06-13,90.112,A,F,,,P1D,,A,,,,,,,99Q1=100,,,4,,4F0,,Indian rupee/Euro ECB reference exchange rate,"ECB reference exchange rate, Indian rupee/Euro, 2.15 pm (C.E.T.)",INR,0
EXR.D.INR.EUR.SP00.A,D,INR,EUR,SP00,A,2024-06-14,89.266,A,F,,,P1D,,A,,,,,,,99Q1=100,,,4,,4F0,,Indian rupee/Euro ECB reference exchange rate,"ECB reference exchange rate, Indian rupee/Euro, 2.15 pm (C.E.T.)",INR,0
EXR.D.INR.EUR.SP00.A,D,INR,EUR,SP00,A,2024-06-17,89.4895,A,F,,,P1D,,A,,,,,,,99Q1=100,,,4,,4F0,,Indian rupee/Euro ECB reference exchange rate,"ECB reference exchange rate, Indian rupee/Euro, 2.15 pm (C.E.T.)",INR,0
EXR.D.INR.EUR.SP00.A,D,INR,EUR,SP00,A,2024-06-18,89.3885,A,F,,,P1D,,A,,,,,,,99Q1=100,,,4,,4F0,,Indian rupee/Euro ECB reference exchange rate,"ECB reference exchange rate, Indian rupee/Euro, 2.15 pm (C.E.T.)",INR,0
EXR.D.INR.EUR.SP00.A,D,INR,EUR,SP00,A,2024-06-19,89.682,A,F,,,P1D,,A,,,,,,,99Q1=100,,,4,,4F0,,Indian rupee/Euro ECB reference exchange rate,"ECB reference exchange rate, Indian rupee/Euro, 2.15 pm (C.E.T.)",INR,0
EXR.D.INR.EUR.SP00.A,D,INR,EUR,SP00,A,2024-06-20,89.6225,A,F,,,P1D,,A,,,,,,,99Q1=100,,,4,,4F0,,Indian rupee/Euro ECB reference exchange rate,"ECB reference exchange rate, Indian rupee/Euro, 2.15 pm (C.E.T.)",INR,0
EXR.D.INR.EUR.SP00.A,D,INR,EUR,SP00,A,2024-06-21,89.315,A,F,,,P1D,,A,,,,,,,99Q1=100,,,4,,4F0,,Indian rupee/Euro ECB reference exchange rate,"ECB reference exchange rate, Indian rupee/Euro, 2.15 pm (C.E.T.)",INR,0
EXR.D.INR.EUR.SP00.A,D,INR,EUR,SP00,A,2024-06-24,89.5833,A,F,,,P1D,,A,,,,,,,99Q1=100,,,4,,4F0,,Indian rupee/Euro ECB reference exchange rate,"ECB reference exchange rate, Indian rupee/Euro, 2.15 pm (C.E.T.)",INR,0
EXR.D.INR.EUR.SP00.A,D,INR,EUR,SP00,A,2024-06-25,89.3855,A,F,,,P1D,,A,,,,,,,99Q1=100,,,4,,4F0,,Indian rupee/Euro ECB reference exchange rate,"ECB reference exchange rate, Indian rupee/Euro, 2.15 pm (C.E.T.)",INR,0
EXR.D.INR.EUR.SP00.A,D,INR,EUR,SP00,A,2024-06-26,89.323,A,F,,,P1D,,A,,,,,,,99Q1=100,,,4,,4F0,,Indian rupee/Euro ECB reference exchange rate,"ECB reference exchange rate, Indian rupee/Euro, 2.15 pm (C.E.T.)",INR,0
EXR.D.INR.EUR.SP00.A,D,INR,EUR,SP00,A,2024-06-27,89.242,A,F,,,P1D,,A,,,,,,,99Q1=100,,,4,,4F0,,Indian rupee/Euro ECB reference exchange rate,"ECB reference exchange rate, Indian rupee/Euro, 2.15 pm (C.E.T.)",INR,0
EXR.D.INR.EUR.SP00.A,D,INR,EUR,SP00,A,2024-06-28,89.2495,A,F,,,P1D,,A,,,,,,,99Q1=100,,,4,,4F0,,Indian rupee/Euro ECB reference exchange rate,"ECB reference exchange rate, Indian rupee/Euro, 2.15 pm (C.E.T.)",INR,0
EXR.D.INR.EUR.SP00.A,D,INR,EUR,SP00,A,2024-07-01,89.6575,A,F,,,P1D,,A,,,,,,,99Q1=100,,,4,,4F0,,Indian rupee/Euro ECB reference exchange rate,"ECB reference exchange rate, Indian rupee/Euro, 2.15 pm (C.E.T.)",INR,0
EXR.D.INR.EUR.SP00.A,D,INR,EUR,SP00,A,2024-07-02,89.5417,A,F,,,P1D,,A,,,,,,,99Q1=100,,,4,,4F0,,Indian rupee/Euro ECB reference exchange rate,"ECB reference exchange rate, Indian rupee/Euro, 2.15 pm (C.E.T.)",INR,0
EXR.D.INR.EUR.SP00.A,D,INR,EUR,SP00,A,2024-07-03,89.836,A,F,,,P1D,,A,,,,,,,99Q1=100,,,4,,4F0,,Indian rupee/Euro ECB reference exchange rate,"ECB reference exchange rate, Indian rupee/Euro, 2.15 pm (C.E.T.)",INR,0
EXR.D.INR.EUR.SP00.A,D,INR,EUR,SP00,A,2024-07-04,90.199,A,F,,,P1D,,A,,,,,,,99Q1=100,,,4,,4F0,,Indian rupee/Euro ECB reference exchange rate,"ECB reference exchange rate, Indian rupee/Euro, 2.15 pm (C.E.T.)",INR,0
EXR.D.INR.EUR.SP00.A,D,INR,EUR,SP00,A,2024-07-05,90.3685,A,F,,,P1D,,A,,,,,,,99Q1=100,,,4,,4F0,,Indian rupee/Euro ECB reference exchange rate,"ECB reference exchange rate, Indian rupee/Euro, 2.15 pm (C.E.T.)",INR,0
EXR.D.INR.EUR.SP00.A,D,INR,EUR,SP00,A,2024-07-08,90.4705,A,F,,,P1D,,A,,,,,,,99Q1=100,,,4,,4F0,,Indian rupee/Euro ECB reference exchange rate,"ECB reference exchange rate, Indian rupee/Euro, 2.15 pm (C.E.T.)",INR,0
EXR.D.INR.EUR.SP00.A,D,INR,EUR,SP00,A,2024-07-09,90.291,A,F,,,P1D,,A,,,,,,,99Q1=100,,,4,,4F0,,Indian rupee/Euro ECB reference exchange rate,"ECB reference exchange rate, Indian rupee/Euro, 2.15 pm (C.E.T.)",INR,0
EXR.D.INR.EUR.SP00.A,D,INR,EUR,SP00,A,2024-07-10,90.4015,A,F,,,P1D,,A,,,,,,,99Q1=100,,,4,,4F0,,Indian rupee/Euro ECB reference exchange rate,"ECB reference exchange rate, Indian rupee/Euro, 2.15 pm (C.E.T.)",INR,0
EXR.D.INR.EUR.SP00.A,D,INR,EUR,SP00,A,2024-07-11,90.7165,A,F,,,P1D,,A,,,,,,,99Q1=100,,,4,,4F0,,Indian rupee/Euro ECB reference exchange rate,"ECB reference exchange rate, Indian rupee/Euro, 2.15 pm (C.E.T.)",INR,0
EXR.D.INR.EUR.SP00.A,D,INR,EUR,SP00,A,2024-07-12,90.9585,A,F,,,P1D,,A,,,,,,,99Q1=100,,,4,,4F0,,Indian rupee/Euro ECB reference exchange rate,"ECB reference exchange rate, Indian rupee/Euro, 2.15 pm (C.E.T.)",INR,0
EXR.D.INR.EUR.SP00.A,D,INR,EUR,SP00,A,2024-07-15,91.168,A,F,,,P1D,,A,,,,,,,99Q1=100,,,4,,4F0,,Indian rupee/Euro ECB reference exchange rate,"ECB reference exchange rate, Indian rupee/Euro, 2.15 pm (C.E.T.)",INR,0
EXR.D.INR.EUR.SP00.A,D,INR,EUR,SP00,A,2024-07-16,91.1115,A,F,,,P1D,,A,,,,,,,99Q1=100,,,4,,4F0,,Indian rupee/Euro ECB reference exchange rate,"ECB reference exchange rate, Indian rupee/Euro, 2.15 pm (C.E.T.)",INR,0
EXR.D.INR.EUR.SP00.A,D,INR,EUR,SP00,A,2024-07-17,91.3642,A,F,,,P1D,,A,,,,,,,99Q1=100,,,4,,4F0,,Indian rupee/Euro ECB reference exchange rate,"ECB reference exchange rate, Indian rupee/Euro, 2.15 pm (C.E.T.)",INR,0
EXR.D.INR.EUR.SP00.A,D,INR,EUR,SP00,A,2024-07-18,91.4125,A,F,,,P1D,,A,,,,,,,99Q1=100,,,4,,4F0,,Indian rupee/Euro ECB reference exchange rate,"ECB reference exchange rate, Indian rupee/Euro, 2.15 pm (C.E.T.)",INR,0
EXR.D.INR.EUR.SP00.A,D,INR,EUR,SP00,A,2024-07-19,91.117,A,F,,,P1D,,A,,,,,,,99Q1=100,,,4,,4F0,,Indian rupee/Euro ECB reference exchange rate,"ECB reference exchange rate, Indian rupee/Euro, 2.15 pm (C.E.T.)",INR,0
EXR.D.INR.EUR.SP00.A,D,INR,EUR,SP00,A,2024-07-22,91.0885,A,F,,,P1D,,A,,,,,,,99Q1=100,,,4,,4F0,,Indian rupee/Euro ECB reference exchange rate,"ECB reference exchange rate, Indian rupee/Euro, 2.15 pm (C.E.T.)",INR,0
EXR.D.INR.EUR.SP00.A,D,INR,EUR,SP00,A,2024-07-23,90.9075,A,F,,,P1D,,A,,,,,,,99Q1=100,,,4,,4F0,,Indian rupee/Euro ECB reference exchange rate,"ECB reference exchange rate, Indian rupee/Euro, 2.15 pm (C.E.T.)",INR,0
EXR.D.INR.EUR.SP00.A,D,INR,EUR,SP00,A,2024-07-24,90.808,A,F,,,P1D,,A,,,,,,,99Q1=100,,,4,,4F0,,Indian rupee/Euro ECB reference exchange rate,"ECB reference exchange rate, Indian rupee/Euro, 2.15 pm (C.E.T.)",INR,0
EXR.D.INR.EUR.SP00.A,D,INR,EUR,SP00,A,2024-07-25,90.8915,A,F,,,P1D,,A,,,,,,,99Q1=100,,,4,,4F0,,Indian rupee/Euro ECB reference exchange rate,"ECB reference exchange rate, Indian rupee/Euro, 2.15 pm (C.E.T.)",INR,0
EXR.D.INR.EUR.SP00.A,D,INR,EUR,SP00,A,2024-07-26,90.9495,A,F,,,P1D,,A,,,,,,,99Q1=100,,,4,,4F0,,Indian rupee/Euro ECB reference exchange rate,"ECB reference exchange rate, Indian rupee/Euro, 2.15 pm (C.E.T.)",INR,0
EXR.D.INR.EUR.SP00.A,D,INR,EUR,SP00,A,2024-07-29,90.574,A,F,,,P1D,,A,,,,,,,99Q1=100,,,4,,4F0,,Indian rupee/Euro ECB reference exchange rate,"ECB reference exchange rate, Indian rupee/Euro, 2.15 pm (C.E.T.)",INR,0
EXR.D.INR.EUR.SP00.A,D,INR,EUR,SP00,A,2024-07-30,90.6235,A,F,,,P1D,,A,,,,,,,99Q1=100,,,4,,4F0,,Indian rupee/Euro ECB reference exchange rate,"ECB reference exchange rate, Indian rupee/Euro, 2.15 pm (C.E.T.)",INR,0
EXR.D.INR.EUR.SP00.A,D,INR,EUR,SP00,A,2024-07-31,90.625,A,F,,,P1D,,A,,,,,,,99Q1=100,,,4,,4F0,,Indian rupee/Euro ECB reference exchange rate,"ECB reference exchange rate, Indian rupee/Euro, 2.15 pm (C.E.T.)",INR,0
EXR.D.INR.EUR.SP00.A,D,INR,EUR,SP00,A,2024-08-01,90.3485,A,F,,,P1D,,A,,,,,,,99Q1=100,,,4,,4F0,,Indian rupee/Euro ECB reference exchange rate,"ECB reference exchange rate, Indian rupee/Euro, 2.15 pm (C.E.T.)",INR,0
EXR.D.INR.EUR.SP00.A,D,INR,EUR,SP00,A,2024-08-02,90.728,A,F,,,P1D,,A,,,,,,,99Q1=100,,,4,,4F0,,Indian rupee/Euro ECB reference exchange rate,"ECB reference exchange rate, Indian rupee/Euro, 2.15 pm (C.E.T.)",INR,0
EXR.D.INR.EUR.SP00.A,D,INR,EUR,SP00,A,2024-08-05,92.2765,A,F,,,P1D,,A,,,,,,,99Q1=100,,,4,,4F0,,Indian rupee/Euro ECB reference exchange rate,"ECB reference exchange rate, Indian rupee/Euro, 2.15 pm (C.E.T.)",INR,0
EXR.D.INR.EUR.SP00.A,D,INR,EUR,SP00,A,2024-08-06,91.5925,A,F,,,P1D,,A,,,,,,,99Q1=100,,,4,,4F0,,Indian rupee/Euro ECB reference exchange rate,"ECB reference exchange rate, Indian rupee/Euro, 2.15 pm (C.E.T.)",INR,0
EXR.D.INR.EUR.SP00.A,D,INR,EUR,SP00,A,2024-08-07,91.695,A,F,,,P1D,,A,,,,,,,99Q1=100,,,4,,4F0,,Indian rupee/Euro ECB reference exchange rate,"ECB reference exchange rate, Indian rupee/Euro, 2.15 pm (C.E.T.)",INR,0
EXR.D.INR.EUR.SP00.A,D,INR,EUR,SP00,A,2024-08-08,91.759,A,F,,,P1D,,A,,,,,,,99Q1=100,,,4,,4F0,,Indian rupee/Euro ECB reference exchange rate,"ECB reference exchange rate, Indian rupee/Euro, 2.15 pm (C.E.T.)",INR,0
EXR.D.INR.EUR.SP00.A,D,INR,EUR,SP00,A,2024-08-09,91.655,A,F,,,P1D,,A,,,,,,,99Q1=100,,,4,,4F0,,Indian rupee/Euro ECB reference exchange rate,"ECB reference exchange rate, Indian rupee/Euro, 2.15 pm (C.E.T.)",INR,0
EXR.D.INR.EUR.SP00.A,D,INR,EUR,SP00,A,2024-08-12,91.7375,A,F,,,P1D,,A,,,,,,,99Q1=100,,,4,,4F0,,Indian rupee/Euro ECB reference exchange rate,"ECB reference exchange rate, Indian rupee/Euro, 2.15 pm (C.E.T.)",INR,0
EXR.D.INR.EUR.SP00.A,D,INR,EUR,SP00,A,2024-08-13,91.761,A,F,,,P1D,,A,,,,,,,99Q1=100,,,4,,4F0,,Indian rupee/Euro ECB reference exchange rate,"ECB reference exchange rate, Indian rupee/Euro, 2.15 pm (C.E.T.)",INR,0
EXR.D.INR.EUR.SP00.A,D,INR,EUR,SP00,A,2024-08-14,92.5025,A,F,,,P1D,,A,,,,,,,99Q1=100,,,4,,4F0,,Indian rupee/Euro ECB reference exchange rate,"ECB reference exchange rate, Indian rupee/Euro, 2.15 pm (C.E.T.)",INR,0
EXR.D.INR.EUR.SP00.A,D,INR,EUR,SP00,A,2024-08-15,92.4385,A,F,,,P1D,,A,,,,,,,99Q1=100,,,4,,4F0,,Indian rupee/Euro ECB reference exchange rate,"ECB reference exchange rate, Indian rupee/Euro, 2.15 pm (C.E.T.)",INR,0
EXR.D.INR.EUR.SP00.A,D,INR,EUR,SP00,A,2024-08-16,92.2775,A,F,,,P1D,,A,,,,,,,99Q1=100,,,4,,4F0,,Indian rupee/Euro ECB reference exchange rate,"ECB reference exchange rate, Indian rupee/Euro, 2.15 pm (C.E.T.)",INR,0
EXR.D.INR.EUR.SP00.A,D,INR,EUR,SP00,A,2024-08-19,92.6085,A,F,,,P1D,,A,,,,,,,99Q1=100,,,4,,4F0,,Indian rupee/Euro ECB reference exchange rate,"ECB reference exchange rate, Indian rupee/Euro, 2.15 pm (C.E.T.)",INR,0
EXR.D.INR.EUR.SP00.A,D,INR,EUR,SP00,A,2024-08-20,92.8445,A,F,,,P1D,,A,,,,,,,99Q1=100,,,4,,4F0,,Indian rupee/Euro ECB reference exchange rate,"ECB reference exchange rate, Indian rupee/Euro, 2.15 pm (C.E.T.)",INR,0
EXR.D.INR.EUR.SP00.A,D,INR,EUR,SP00,A,2024-08-21,93.2585,A,F,,,P1D,,A,,,,,,,99Q1=100,,,4,,4F0,,Indian rupee/Euro ECB reference exchange rate,"ECB reference exchange rate, Indian rupee/Euro, 2.15 pm (C.E.T.)",INR,0
EXR.D.INR.EUR.SP00.A,D,INR,EUR,SP00,A,2024-08-22,93.478,A,F,,,P1D,,A,,,,,,,99Q1=100,,,4,,4F0,,Indian rupee/Euro ECB reference exchange rate,"ECB reference exchange rate, Indian rupee/Euro, 2.15 pm (C.E.T.)",INR,0
EXR.D.INR.EUR.SP00.A,D,INR,EUR,SP00,A,2024-08-23,93.309,A,F,,,P1D,,A,,,,,,,99Q1=100,,,4,,4F0,,Indian rupee/Euro ECB reference exchange rate,"ECB reference exchange rate, Indian rupee/Euro, 2.15 pm (C.E.T.)",INR,0
EXR.D.INR.EUR.SP00.A,D,INR,EUR,SP00,A,2024-08-26,93.6635,A,F,,,P1D,,A,,,,,,,99Q1=100,,,4,,4F0,,Indian rupee/Euro ECB reference exchange rate,"ECB reference exchange rate, Indian rupee/Euro, 2.15 pm (C.E.T.)",INR,0
EXR.D.INR.EUR.SP00.A,D,INR,EUR,SP00,A,2024-08-27,93.674,A,F,,,P1D,,A,,,,,,,99Q1=100,,,4,,4F0,,Indian rupee/Euro ECB reference exchange rate,"ECB reference exchange rate, Indian rupee/Euro, 2.15 pm (C.E.T.)",INR,0
EXR.D.INR.EUR.SP00.A,D,INR,EUR,SP00,A,2024-08-28,93.3565,A,F,,,P1D,,A,,,,,,,99Q1=100,,,4,,4F0,,Indian rupee/Euro ECB reference exchange rate,"ECB reference exchange rate, Indian rupee/Euro, 2.15 pm (C.E.T.)",INR,0
EXR.D.INR.EUR.SP00.A,D,INR,EUR,SP00,A,2024-08-29,93.023,A,F,,,P1D,,A,,,,,,,99Q1=100,,,4,,4F0,,Indian rupee/Euro ECB reference exchange rate,"ECB reference exchange rate, Indian rupee/Euro, 2.15 pm (C.E.T.)",INR,0
EXR.D.INR.EUR.SP00.A,D,INR,EUR,SP00,A,2024-08-30,92.9485,A,F,,,P1D,,A,,,,,,,99Q1=100,,,4,,4F0,,Indian rupee/Euro ECB reference exchange rate,"ECB reference exchange rate, Indian rupee/Euro, 2.15 pm (C.E.T.)",INR,0
EXR.D.INR.EUR.SP00.A,D,INR,EUR,SP00,A,2024-09-02,92.8075,A,F,,,P1D,,A,,,,,,,99Q1=100,,,4,,4F0,,Indian rupee/Euro ECB reference exchange rate,"ECB reference exchange rate, Indian rupee/Euro, 2.15 pm (C.E.T.)",INR,0
EXR.D.INR.EUR.SP00.A,D,INR,EUR,SP00,A,2024-09-03,92.669,A,F,,,P1D,,A,,,,,,,99Q1=100,,,4,,4F0,,Indian rupee/Euro ECB reference exchange rate,"ECB reference exchange rate, Indian rupee/Euro, 2.15 pm (C.E.T.)",INR,0
EXR.D.INR.EUR.SP00.A,D,INR,EUR,SP00,A,2024-09-04,92.7985,A,F,,,P1D,,A,,,,,,,99Q1=100,,,4,,4F0,,Indian rupee/Euro ECB reference exchange rate,"ECB reference exchange rate, Indian rupee/Euro, 2.15 pm (C.E.T.)",INR,0
EXR.D.INR.EUR.SP00.A,D,INR,EUR,SP00,A,2024-09-05,93.1987,A,F,,,P1D,,A,,,,,,,99Q1=100,,,4,,4F0,,Indian rupee/Euro ECB reference exchange rate,"ECB reference exchange rate, Indian rupee/Euro, 2.15 pm (C.E.T.)",INR,0
EXR.D.INR.EUR.SP00.A,D,INR,EUR,SP00,A,2024-09-06,93.206,A,F,,,P1D,,A,,,,,,,99Q1=100,,,4,,4F0,,Indian rupee/Euro ECB reference exchange rate,"ECB reference exchange rate, Indian rupee/Euro, 2.15 pm (C.E.T.)",INR,0
EXR.D.INR.EUR.SP00.A,D,INR,EUR,SP00,A,2024-09-09,92.711,A,F,,,P1D,,A,,,,,,,99Q1=100,,,4,,4F0,,Indian rupee/Euro ECB reference exchange rate,"ECB reference exchange rate, Indian rupee/Euro, 2.15 pm (C.E.T.)",INR,0
EXR.D.INR.EUR.SP00.A,D,INR,EUR,SP00,A,2024-09-10,92.6325,A,F,,,P1D,,A,,,,,,,99Q1=100,,,4,,4F0,,Indian rupee/Euro ECB reference exchange rate,"ECB reference exchange rate, Indian rupee/Euro, 2.15 pm (C.E.T.)",INR,0
EXR.D.INR.EUR.SP00.A,D,INR,EUR,SP00,A,2024-09-11,92.743,A,F,,,P1D,,A,,,,,,,99Q1=100,,,4,,4F0,,Indian rupee/Euro ECB reference exchange rate,"ECB reference exchange rate, Indian rupee/Euro, 2.15 pm (C.E.T.)",INR,0
EXR.D.INR.EUR.SP00.A,D,INR,EUR,SP00,A,2024-09-12,92.49,A,F,,,P1D,,A,,,,,,,99Q1=100,,,4,,4F0,,Indian rupee/Euro ECB reference exchange rate,"ECB reference exchange rate, Indian rupee/Euro, 2.15 pm (C.E.T.)",INR,0
EXR.D.INR.EUR.SP00.A,D,INR,EUR,SP00,A,2024-09-13,92.988,A,F,,,P1D,,A,,,,,,,99Q1=100,,,4,,4F0,,Indian rupee/Euro ECB reference exchange rate,"ECB reference exchange rate, Indian rupee/Euro, 2.15 pm (C.E.T.)",INR,0
EXR.D.INR.EUR.SP00.A,D,INR,EUR,SP00,A,2024-09-16,93.302,A,F,,,P1D,,A,,,,,,,99Q1=100,,,4,,4F0,,Indian rupee/Euro ECB reference exchange rate,"ECB reference exchange rate, Indian rupee/Euro, 2.15 pm (C.E.T.)",INR,0
EXR.D.INR.EUR.SP00.A,D,INR,EUR,SP00,A,2024-09-17,93.305,A,F,,,P1D,,A,,,,,,,99Q1=100,,,4,,4F0,,Indian rupee/Euro ECB reference exchange rate,"ECB reference exchange rate, Indian rupee/Euro, 2.15 pm (C.E.T.)",INR,0
EXR.D.INR.EUR.SP00.A,D,INR,EUR,SP00,A,2024-09-18,93.1315,A,F,,,P1D,,A,,,,,,,99Q1=100,,,4,,4F0,,Indian rupee/Euro ECB reference exchange rate,"ECB reference exchange rate, Indian rupee/Euro, 2.15 pm (C.E.T.)",INR,0
EXR.D.INR.EUR.SP00.A,D,INR,EUR,SP00,A,2024-09-19,93.325,A,F,,,P1D,,A,,,,,,,99Q1=100,,,4,,4F0,,Indian rupee/Euro ECB reference exchange rate,"ECB reference exchange rate, Indian rupee/Euro, 2.15 pm (C.E.T.)",INR,0
EXR.D.INR.EUR.SP00.A,D,INR,EUR,SP00,A,2024-09-20,93.274,A,F,,,P1D,,A,,,,,,,99Q1=100,,,4,,4F0,,Indian rupee/Euro ECB reference exchange rate,"ECB reference exchange rate, Indian rupee/Euro, 2.15 pm (C.E.T.)",INR,0
EXR.D.INR.EUR.SP00.A,D,INR,EUR,SP00,A,2024-09-23,92.8955,A,F,,,P1D,,A,,,,,,,99Q1=100,,,4,,4F0,,Indian rupee/Euro ECB reference exchange rate,"ECB reference exchange rate, Indian rupee/Euro, 2.15 pm (C.E.T.)",INR,0
EXR.D.INR.EUR.SP00.A,D,INR,EUR,SP00,A,2024-09-24,93.151,A,F,,,P1D,,A,,,,,,,99Q1=100,,,4,,4F0,,Indian rupee/Euro ECB reference exchange rate,"ECB reference exchange rate, Indian rupee/Euro, 2.15 pm (C.E.T.)",INR,0
EXR.D.INR.EUR.SP00.A,D,INR,EUR,SP00,A,2024-09-25,93.575,A,F,,,P1D,,A,,,,,,,99Q1=100,,,4,,4F0,,Indian rupee/Euro ECB reference exchange rate,"ECB reference exchange rate, Indian rupee/Euro, 2.15 pm (C.E.T.)",INR,0
EXR.D.INR.EUR.SP00.A,D,INR,EUR,SP00,A,2024-09-26,93.297,A,F,,,P1D,,A,,,,,,,99Q1=100,,,4,,4F0,,Indian rupee/Euro ECB reference exchange rate,"ECB reference exchange rate, Indian rupee/Euro, 2.15 pm (C.E.T.)",INR,0
EXR.D.INR.EUR.SP00.A,D,INR,EUR,SP00,A,2024-09-27,93.384,A,F,,,P1D,,A,,,,,,,99Q1=100,,,4,,4F0,,Indian rupee/Euro ECB reference exchange rate,"ECB reference exchange rate, Indian rupee/Euro, 2.15 pm (C.E.T.)",INR,0
EXR.D.INR.EUR.SP00.A,D,INR,EUR,SP00,A,2024-09-30,93.813,A,F,,,P1D,,A,,,,,,,99Q1=100,,,4,,4F0,,Indian rupee/Euro ECB reference exchange rate,"ECB reference exchange rate, Indian rupee/Euro, 2.15 pm (C.E.T.)",INR,0
EXR.D.INR.EUR.SP00.A,D,INR,EUR,SP00,A,2024-10-01,92.931,A,F,,,P1D,,A,,,,,,,99Q1=100,,,4,,4F0,,Indian rupee/Euro ECB reference exchange rate,"ECB reference exchange rate, Indian rupee/Euro, 2.15 pm (C.E.T.)",INR,0
EXR.D.INR.EUR.SP00.A,D,INR,EUR,SP00,A,2024-10-02,92.979,A,F,,,P1D,,A,,,,,,,99Q1=100,,,4,,4F0,,Indian rupee/Euro ECB reference exchange rate,"ECB reference exchange rate, Indian rupee/Euro, 2.15 pm (C.E.T.)",INR,0
EXR.D.INR.EUR.SP00.A,D,INR,EUR,SP00,A,2024-10-03,92.723,A,F,,,P1D,,A,,,,,,,99Q1=100,,,4,,4F0,,Indian rupee/Euro ECB reference exchange rate,"ECB reference exchange rate, Indian rupee/Euro, 2.15 pm (C.E.T.)",INR,0
EXR.D.INR.EUR.SP00.A,D,INR,EUR,SP00,A,2024-10-04,92.6095,A,F,,,P1D,,A,,,,,,,99Q1=100,,,4,,4F0,,Indian rupee/Euro ECB reference exchange rate,"ECB reference exchange rate, Indian rupee/Euro, 2.15 pm (C.E.T.)",INR,0
EXR.D.INR.EUR.SP00.A,D,INR,EUR,SP00,A,2024-10-07,92.2458,A,F,,,P1D,,A,,,,,,,99Q1=100,,,4,,4F0,,Indian rupee/Euro ECB reference exchange rate,"ECB reference exchange rate, Indian rupee/Euro, 2.15 pm (C.E.T.)",INR,0
EXR.D.INR.EUR.SP00.A,D,INR,EUR,SP00,A,2024-10-08,92.2065,A,F,,,P1D,,A,,,,,,,99Q1=100,,,4,,4F0,,Indian rupee/Euro ECB reference exchange rate,"ECB reference exchange rate, Indian rupee/Euro, 2.15 pm (C.E.T.)",INR,0
EXR.D.INR.EUR.SP00.A,D,INR,EUR,SP00,A,2024-10-09,91.9995,A,F,,,P1D,,A,,,,,,,99Q1=100,,,4,,4F0,,Indian rupee/Euro ECB reference exchange rate,"ECB reference exchange rate, Indian rupee/Euro, 2.15 pm (C.E.T.)",INR,0
EXR.D.INR.EUR.SP00.A,D,INR,EUR,SP00,A,2024-10-10,91.7985,A,F,,,P1D,,A,,,,,,,99Q1=100,,,4,,4F0,,Indian rupee/Euro ECB reference exchange rate,"ECB reference exchange rate, Indian rupee/Euro, 2.15 pm (C.E.T.)",INR,0
EXR.D.INR.EUR.SP00.A,D,INR,EUR,SP00,A,2024-10-11,91.9575,A,F,,,P1D,,A,,,,,,,99Q1=100,,,4,,4F0,,Indian rupee/Euro ECB reference exchange rate,"ECB reference exchange rate, Indian rupee/Euro, 2.15 pm (C.E.T.)",INR,0
EXR.D.INR.EUR.SP00.A,D,INR,EUR,SP00,A,2024-10-14,91.729,A,F,,,P1D,,A,,,,,,,99Q1=100,,,4,,4F0,,Indian rupee/Euro ECB reference exchange rate,"ECB reference exchange rate, Indian rupee/Euro, 2.15 pm (C.E.T.)",INR,0
EXR.D.INR.EUR.SP00.A,D,INR,EUR,SP00,A,2024-10-15,91.622,A,F,,,P1D,,A,,,,,,,99Q1=100,,,4,,4F0,,Indian rupee/Euro ECB reference exchange rate,"ECB reference exchange rate, Indian rupee/Euro, 2.15 pm (C.E.T.)",INR,0
EXR.D.INR.EUR.SP00.A,D,INR,EUR,SP00,A,2024-10-16,91.55,A,F,,,P1D,,A,,,,,,,99Q1=100,,,4,,4F0,,Indian rupee/Euro ECB reference exchange rate,"ECB reference exchange rate, Indian rupee/Euro, 2.15 pm (C.E.T.)",INR,0
EXR.D.INR.EUR.SP00.A,D,INR,EUR,SP00,A,2024-10-17,91.324,A,F,,,P1D,,A,,,,,,,99Q1=100,,,4,,4F0,,Indian rupee/Euro ECB reference exchange rate,"ECB reference exchange rate, Indian rupee/Euro, 2.15 pm (C.E.T.)",INR,0
EXR.D.INR.EUR.SP00.A,D,INR,EUR,SP00,A,2024-10-18,91.198,A,F,,,P1D,,A,,,,,,,99Q1=100,,,4,,4F0,,Indian rupee/Euro ECB reference exchange rate,"ECB reference exchange rate, Indian rupee/Euro, 2.15 pm (C.E.T.)",INR,0
EXR.D.INR.EUR.SP00.A,D,INR,EUR,SP00,A,2024-10-21,91.244,A,F,,,P1D,,A,,,,,,,99Q1=100,,,4,,4F0,,Indian rupee/Euro ECB reference exchange rate,"ECB reference exchange rate, Indian rupee/Euro, 2.15 pm (C.E.T.)",INR,0
EXR.D.INR.EUR.SP00.A,D,INR,EUR,SP00,A,2024-10-22,90.971,A,F,,,P1D,,A,,,,,,,99Q1=100,,,4,,4F0,,Indian rupee/Euro ECB reference exchange rate,"ECB reference exchange rate, Indian rupee/Euro, 2.15 pm (C.E.T.)",INR,0
EXR.D.INR.EUR.SP00.A,D,INR,EUR,SP00,A,2024-10-23,90.537,A,F,,,P1D,,A,,,,,,,99Q1=100,,,4,,4F0,,Indian rupee/Euro ECB reference exchange rate,"ECB reference exchange rate, Indian rupee/Euro, 2.15 pm (C.E.T.)",INR,0
EXR.D.INR.EUR.SP00.A,D,INR,EUR,SP00,A,2024-10-24,90.796,A,F,,,P1D,,A,,,,,,,99Q1=100,,,4,,4F0,,Indian rupee/Euro ECB reference exchange rate,"ECB reference exchange rate, Indian rupee/Euro, 2.15 pm (C.E.T.)",INR,0
EXR.D.INR.EUR.SP00.A,D,INR,EUR,SP00,A,2024-10-25,91.027,A,F,,,P1D,,A,,,,,,,99Q1=100,,,4,,4F0,,Indian rupee/Euro ECB reference exchange rate,"ECB reference exchange rate, Indian rupee/Euro, 2.15 pm (C.E.T.)",INR,0
EXR.D.INR.EUR.SP00.A,D,INR,EUR,SP00,A,2024-10-28,90.958,A,F,,,P1D,,A,,,,,,,99Q1=100,,,4,,4F0,,Indian rupee/Euro ECB reference exchange rate,"ECB reference exchange rate, Indian rupee/Euro, 2.15 pm (C.E.T.)",INR,0
EXR.D.INR.EUR.SP00.A,D,INR,EUR,SP00,A,2024-10-29,90.57,A,F,,,P1D,,A,,,,,,,99Q1=100,,,4,,4F0,,Indian rupee/Euro ECB reference exchange rate,"ECB reference exchange rate, Indian rupee/Euro, 2.15 pm (C.E.T.)",INR,0
EXR.D.INR.EUR.SP00.A,D,INR,EUR,SP00,A,2024-10-30,90.943,A,F,,,P1D,,A,,,,,,,99Q1=100,,,4,,4F0,,Indian rupee/Euro ECB reference exchange rate,"ECB reference exchange rate, Indian rupee/Euro, 2.15 pm (C.E.T.)",INR,0
EXR.D.INR.EUR.SP00.A,D,INR,EUR,SP00,A,2024-10-31,91.493,A,F,,,P1D,,A,,,,,,,99Q1=100,,,4,,4F0,,Indian rupee/Euro ECB reference exchange rate,"ECB reference exchange rate, Indian rupee/Euro, 2.15 pm (C.E.T.)",INR,0
EXR.D.INR.EUR.SP00.A,D,INR,EUR,SP00,A,2024-11-01,91.4955,A,F,,,P1D,,A,,,,,,,99Q1=100,,,4,,4F0,,Indian rupee/Euro ECB reference exchange rate,"ECB reference exchange rate, Indian rupee/Euro, 2.15 pm (C.E.T.)",INR,0
EXR.D.INR.EUR.SP00.A,D,INR,EUR,SP00,A,2024-11-04,91.718,A,F,,,P1D,,A,,,,,,,99Q1=100,,,4,,4F0,,Indian rupee/Euro ECB reference exchange rate,"ECB reference exchange rate, Indian rupee/Euro, 2.15 pm (C.E.T.)",INR,0
EXR.D.INR.EUR.SP00.A,D,INR,EUR,SP00,A,2024-11-05,91.6565,A,F,,,P1D,,A,,,,,,,99Q1=100,,,4,,4F0,,Indian rupee/Euro ECB reference exchange rate,"ECB reference exchange rate, Indian rupee/Euro, 2.15 pm (C.E.T.)",INR,0
EXR.D.INR.EUR.SP00.A,D,INR,EUR,SP00,A,2024-11-06,90.181,A,F,,,P1D,,A,,,,,,,99Q1=100,,,4,,4F0,,Indian rupee/Euro ECB reference exchange rate,"ECB reference exchange rate, Indian rupee/Euro, 2.15 pm (C.E.T.)",INR,0
EXR.D.INR.EUR.SP00.A,D,INR,EUR,SP00,A,2024-11-07,90.9355,A,F,,,P1D,,A,,,,,,,99Q1=100,,,4,,4F0,,Indian rupee/Euro ECB reference exchange rate,"ECB reference exchange rate, Indian rupee/Euro, 2.15 pm (C.E.T.)",INR,0
EXR.D.INR.EUR.SP00.A,D,INR,EUR,SP00,A,2024-11-08,90.89,A,F,,,P1D,,A,,,,,,,99Q1=100,,,4,,4F0,,Indian rupee/Euro ECB reference exchange rate,"ECB reference exchange rate, Indian rupee/Euro, 2.15 pm (C.E.T.)",INR,0
EXR.D.INR.EUR.SP00.A,D,INR,EUR,SP00,A,2024-11-11,89.8935,A,F,,,P1D,,A,,,,,,,99Q1=100,,,4,,4F0,,Indian rupee/Euro ECB reference exchange rate,"ECB reference exchange rate, Indian rupee/Euro, 2.15 pm (C.E.T.)",INR,0
EXR.D.INR.EUR.SP00.A,D,INR,EUR,SP00,A,2024-11-12,89.5888,A,F,,,P1D,,A,,,,,,,99Q1=100,,,4,,4F0,,Indian rupee/Euro ECB reference exchange rate,"ECB reference exchange rate, Indian rupee/Euro, 2.15 pm (C.E.T.)",INR,0
EXR.D.INR.EUR.SP00.A,D,INR,EUR,SP00,A,2024-11-13,89.6915,A,F,,,P1D,,A,,,,,,,99Q1=100,,,4,,4F0,,Indian rupee/Euro ECB reference exchange rate,"ECB reference exchange rate, Indian rupee/Euro, 2.15 pm (C.E.T.)",INR,0
EXR.D.INR.EUR.SP00.A,D,INR,EUR,SP00,A,2024-11-14,88.9645,A,F,,,P1D,,A,,,,,,,99Q1=100,,,4,,4F0,,Indian rupee/Euro ECB reference exchange rate,"ECB reference exchange rate, Indian rupee/Euro, 2.15 pm (C.E.T.)",INR,0
EXR.D.INR.EUR.SP00.A,D,INR,EUR,SP00,A,2024-11-15,89.3465,A,F,,,P1D,,A,,,,,,,99Q1=100,,,4,,4F0,,Indian rupee/Euro ECB reference exchange rate,"ECB reference exchange rate, Indian rupee/Euro, 2.15 pm (C.E.T.)",INR,0
EXR.D.INR.EUR.SP00.A,D,INR,EUR,SP00,A,2024-11-18,89.0765,A,F,,,P1D,,A,,,,,,,99Q1=100,,,4,,4F0,,Indian rupee/Euro ECB reference exchange rate,"ECB reference exchange rate, Indian rupee/Euro, 2.15 pm (C.E.T.)",INR,0
EXR.D.INR.EUR.SP00.A,D,INR,EUR,SP00,A,2024-11-19,89.2935,A,F,,,P1D,,A,,,,,,,99Q1=100,,,4,,4F0,,Indian rupee/Euro ECB reference exchange rate,"ECB reference exchange rate, Indian rupee/Euro, 2.15 pm (C.E.T.)",INR,0
EXR.D.INR.EUR.SP00.A,D,INR,EUR,SP00,A,2024-11-20,89.1025,A,F,,,P1D,,A,,,,,,,99Q1=100,,,4,,4F0,,Indian rupee/Euro ECB reference exchange rate,"ECB reference exchange rate, Indian rupee/Euro, 2.15 pm (C.E.T.)",INR,0
EXR.D.INR.EUR.SP00.A,D,INR,EUR,SP00,A,2024-11-21,88.9158,A,F,,,P1D,,A,,,,,,,99Q1=100,,,4,,4F0,,Indian rupee/Euro ECB reference exchange rate,"ECB reference exchange rate, Indian rupee/Euro, 2.15 pm (C.E.T.)",INR,0
EXR.D.INR.EUR.SP00.A,D,INR,EUR,SP00,A,2024-11-22,87.929,A,F,,,P1D,,A,,,,,,,99Q1=100,,,4,,4F0,,Indian rupee/Euro ECB reference exchange rate,"ECB reference exchange rate, Indian rupee/Euro, 2.15 pm (C.E.T.)",INR,0
EXR.D.INR.EUR.SP00.A,D,INR,EUR,SP00,A,2024-11-25,88.4595,A,F,,,P1D,,A,,,,,,,99Q1=100,,,4,,4F0,,Indian rupee/Euro ECB reference exchange rate,"ECB reference exchange rate, Indian rupee/Euro, 2.15 pm (C.E.T.)",INR,0
EXR.D.INR.EUR.SP00.A,D,INR,EUR,SP00,A,2024-11-26,88.6999,A,F,,,P1D,,A,,,,,,,99Q1=100,,,4,,4F0,,Indian rupee/Euro ECB reference exchange rate,"ECB reference exchange rate, Indian rupee/Euro, 2.15 pm (C.E.T.)",INR,0
EXR.D.INR.EUR.SP00.A,D,INR,EUR,SP00,A,2024-11-27,88.894,A,F,,,P1D,,A,,,,,,,99Q1=100,,,4,,4F0,,Indian rupee/Euro ECB reference exchange rate,"ECB reference exchange rate, Indian rupee/Euro, 2.15 pm (C.E.T.)",INR,0
EXR.D.INR.EUR.SP00.A,D,INR,EUR,SP00,A,2024-11-28,89.0495,A,F,,,P1D,,A,,,,,,,99Q1=100,,,4,,4F0,,Indian rupee/Euro ECB reference exchange rate,"ECB reference exchange rate, Indian rupee/Euro, 2.15 pm (C.E.T.)",INR,0
EXR.D.INR.EUR.SP00.A,D,INR,EUR,SP00,A,2024-11-29,89.3245,A,F,,,P1D,,A,,,,,,,99Q1=100,,,4,,4F0,,Indian rupee/Euro ECB reference exchange rate,"ECB reference exchange rate, Indian rupee/Euro, 2.15 pm (C.E.T.)",INR,0
EXR.D.INR.EUR.SP00.A,D,INR,EUR,SP00,A,2024-12-02,89.001,A,F,,,P1D,,A,,,,,,,99Q1=100,,,4,,4F0,,Indian rupee/Euro ECB reference exchange rate,"ECB reference exchange rate, Indian rupee/Euro, 2.15 pm (C.E.T.)",INR,0
EXR.D.INR.EUR.SP00.A,D,INR,EUR,SP00,A,2024-12-03,89.017,A,F,,,P1D,,A,,,,,,,99Q1=100,,,4,,4F0,,Indian rupee/Euro ECB reference exchange rate,"ECB reference exchange rate, Indian rupee/Euro, 2.15 pm (C.E.T.)",INR,0
EXR.D.INR.EUR.SP00.A,D,INR,EUR,SP00,A,2024-12-04,88.9315,A,F,,,P1D,,A,,,,,,,99Q1=100,,,4,,4F0,,Indian rupee/Euro ECB reference exchange rate,"ECB reference exchange rate, Indian rupee/Euro, 2.15 pm (C.E.T.)",INR,0
EXR.D.INR.EUR.SP00.A,D,INR,EUR,SP00,A,2024-12-05,89.2543,A,F,,,P1D,,A,,,,,,,99Q1=100,,,4,,4F0,,Indian rupee/Euro ECB reference exchange rate,"ECB reference exchange rate, Indian rupee/Euro, 2.15 pm (C.E.T.)",INR,0
EXR.D.INR.EUR.SP00.A,D,INR,EUR,SP00,A,2024-12-06,89.613,A,F,,,P1D,,A,,,,,,,99Q1=100,,,4,,4F0,,Indian rupee/Euro ECB reference exchange rate,"ECB reference exchange rate, Indian rupee/Euro, 2.15 pm (C.E.T.)",INR,0
EXR.D.INR.EUR.SP00.A,D,INR,EUR,SP00,A,2024-12-09,89.689,A,F,,,P1D,,A,,,,,,,99Q1=100,,,4,,4F0,,Indian rupee/Euro ECB reference exchange rate,"ECB reference exchange rate, Indian rupee/Euro, 2.15 pm (C.E.T.)",INR,0
EXR.D.INR.EUR.SP00.A,D,INR,EUR,SP00,A,2024-12-10,89.3525,A,F,,,P1D,,A,,,,,,,99Q1=100,,,4,,4F0,,Indian rupee/Euro ECB reference exchange rate,"ECB reference exchange rate, Indian rupee/Euro, 2.15 pm (C.E.T.)",INR,0
EXR.D.INR.EUR.SP00.A,D,INR,EUR,SP00,A,2024-12-11,89.1495,A,F,,,P1D,,A,,,,,,,99Q1=100,,,4,,4F0,,Indian rupee/Euro ECB reference exchange rate,"ECB reference exchange rate, Indian rupee/Euro, 2.15 pm (C.E.T.)",INR,0
EXR.D.INR.EUR.SP00.A,D,INR,EUR,SP00,A,2024-12-12,89.044,A,F,,,P1D,,A,,,,,,,99Q1=100,,,4,,4F0,,Indian rupee/Euro ECB reference exchange rate,"ECB reference exchange rate, Indian rupee/Euro, 2.15 pm (C.E.T.)",INR,0
EXR.D.INR.EUR.SP00.A,D,INR,EUR,SP00,A,2024-12-13,89.191,A,F,,,P1D,,A,,,,,,,99Q1=100,,,4,,4F0,,Indian rupee/Euro ECB reference exchange rate,"ECB reference exchange rate, Indian rupee/Euro, 2.15 pm (C.E.T.)",INR,0
EXR.D.INR.EUR.SP00.A,D,INR,EUR,SP00,A,2024-12-16,89.123,A,F,,,P1D,,A,,,,,,,99Q1=100,,,4,,4F0,,Indian rupee/Euro ECB reference exchange rate,"ECB reference exchange rate, Indian rupee/Euro, 2.15 pm (C.E.T.)",INR,0
EXR.D.INR.EUR.SP00.A,D,INR,EUR,SP00,A,2024-12-17,89.14,A,F,,,P1D,,A,,,,,,,99Q1=100,,,4,,4F0,,Indian rupee/Euro ECB reference exchange rate,"ECB reference exchange rate, Indian rupee/Euro, 2.15 pm (C.E.T.)",INR,0
EXR.D.INR.EUR.SP00.A,D,INR,EUR,SP00,A,2024-12-18,89.161,A,F,,,P1D,,A,,,,,,,99Q1=100,,,4,,4F0,,Indian rupee/Euro ECB reference exchange rate,"ECB reference exchange rate, Indian rupee/Euro, 2.15 pm (C.E.T.)",INR,0
EXR.D.INR.EUR.SP00.A,D,INR,EUR,SP00,A,2024-12-19,88.481,A,F,,,P1D,,A,,,,,,,99Q1=100,,,4,,4F0,,Indian rupee/Euro ECB reference exchange rate,"ECB reference exchange rate, Indian rupee/Euro, 2.15 pm (C.E.T.)",INR,0
EXR.D.INR.EUR.SP00.A,D,INR,EUR,SP00,A,2024-12-20,88.355,A,F,,,P1D,,A,,,,,,,99Q1=100,,,4,,4F0,,Indian rupee/Euro ECB reference exchange rate,"ECB reference exchange rate, Indian rupee/Euro, 2.15 pm (C.E.T.)",INR,0
EXR.D.INR.EUR.SP00.A,D,INR,EUR,SP00,A,2024-12-23,88.4635,A,F,,,P1D,,A,,,,,,,99Q1=100,,,4,,4F0,,Indian rupee/Euro ECB reference exchange rate,"ECB reference exchange rate, Indian rupee/Euro, 2.15 pm (C.E.T.)",INR,0
EXR.D.INR.EUR.SP00.A,D,INR,EUR,SP00,A,2024-12-24,88.5275,A,F,,,P1D,,A,,,,,,,99Q1=100,,,4,,4F0,,Indian rupee/Euro ECB reference exchange rate,"ECB reference exchange rate, Indian rupee/Euro, 2.15 pm (C.E.T.)",INR,0
EXR.D.INR.EUR.SP00.A,D,INR,EUR,SP00,A,2024-12-27,89.21,A,F,,,P1D,,A,,,,,,,99Q1=100,,,4,,4F0,,Indian rupee/Euro ECB reference exchange rate,"ECB reference exchange rate, Indian rupee/Euro, 2.15 pm (C.E.T.)",INR,0
EXR.D.INR.EUR.SP00.A,D,INR,EUR,SP00,A,2024-12-30,89.2685,A,F,,,P1D,,A,,,,,,,99Q1=100,,,4,,4F0,,Indian rupee/Euro ECB reference exchange rate,"ECB reference exchange rate, Indian rupee/Euro, 2.15 pm (C.E.T.)",INR,0
EXR.D.INR.EUR.SP00.A,D,INR,EUR,SP00,A,2024-12-31,88.9335,A,F,,,P1D,,A,,,,,,,99Q1=100,,,4,,4F0,,Indian rupee/Euro ECB reference exchange rate,"ECB reference exchange rate, Indian rupee/Euro, 2.15 pm (C.E.T.)",INR,0
EXR.D.INR.EUR.SP00.A,D,INR,EUR,SP00,A,2025-01-02,88.507,A,F,,,P1D,,A,,,,,,,99Q1=100,,,4,,4F0,,Indian rupee/Euro ECB reference exchange rate,"ECB reference exchange rate, Indian rupee/Euro, 2.15 pm (C.E.T.)",INR,0
EXR.D.INR.EUR.SP00.A,D,INR,EUR,SP00,A,2025-01-03,88.3335,A,F,,,P1D,,A,,,,,,,99Q1=100,,,4,,4F0,,Indian rupee/Euro ECB reference exchange rate,"ECB reference exchange rate, Indian rupee/Euro, 2.15 pm (C.E.T.)",INR,0
EXR.D.INR.EUR.SP00.A,D,INR,EUR,SP00,A,2025-01-06,89.2605,A,F,,,P1D,,A,,,,,,,99Q1=100,,,4,,4F0,,Indian rupee/Euro ECB reference exchange rate,"ECB reference exchange rate, Indian rupee/Euro, 2.15 pm (C.E.T.)",INR,0
EXR.D.INR.EUR.SP00.A,D,INR,EUR,SP00,A,2025-01-07,89.112,A,F,,,P1D,,A,,,,,,,99Q1=100,,,4,,4F0,,Indian rupee/Euro ECB reference exchange rate,"ECB reference exchange rate, Indian rupee/Euro, 2.15 pm (C.E.T.)",INR,0
EXR.D.INR.EUR.SP00.A,D,INR,EUR,SP00,A,2025-01-08,88.352,A,F,,,P1D,,A,,,,,,,99Q1=100,,,4,,4F0,,Indian rupee/Euro ECB reference exchange rate,"ECB reference exchange rate, Indian rupee/Euro, 2.15 pm (C.E.T.)",INR,0
EXR.D.INR.EUR.SP00.A,D,INR,EUR,SP00,A,2025-01-09,88.474,A,F,,,P1D,,A,,,,,,,99Q1=100,,,4,,4F0,,Indian rupee/Euro ECB reference exchange rate,"ECB reference exchange rate, Indian rupee/Euro, 2.15 pm (C.E.T.)",INR,0
EXR.D.INR.EUR.SP00.A,D,INR,EUR,SP00,A,2025-01-10,88.6265,A,F,,,P1D,,A,,,,,,,99Q1=100,,,4,,4F0,,Indian rupee/Euro ECB reference exchange rate,"ECB reference exchange rate, Indian rupee/Euro, 2.15 pm (C.E.T.)",INR,0
EXR.D.INR.EUR.SP00.A,D,INR,EUR,SP00,A,2025-01-13,88.4165,A,F,,,P1D,,A,,,,,,,99Q1=100,,,4,,4F0,,Indian rupee/Euro ECB reference exchange rate,"ECB reference exchange rate, Indian rupee/Euro, 2.15 pm (C.E.T.)",INR,0
EXR.D.INR.EUR.SP00.A,D,INR,EUR,SP00,A,2025-01-14,88.6925,A,F,,,P1D,,A,,,,,,,99Q1=100,,,4,,4F0,,Indian rupee/Euro ECB reference exchange rate,"ECB reference exchange rate, Indian rupee/Euro, 2.15 pm (C.E.T.)",INR,0
EXR.D.INR.EUR.SP00.A,D,INR,EUR,SP00,A,2025-01-15,89.0145,A,F,,,P1D,,A,,,,,,,99Q1=100,,,4,,4F0,,Indian rupee/Euro ECB reference exchange rate,"ECB reference exchange rate, Indian rupee/Euro, 2.15 pm (C.E.T.)",INR,0
EXR.D.INR.EUR.SP00.A,D,INR,EUR,SP00,A,2025-01-16,88.943,A,F,,,P1D,,A,,,,,,,99Q1=100,,,4,,4F0,,Indian rupee/Euro ECB reference exchange rate,"ECB reference exchange rate, Indian rupee/Euro, 2.15 pm (C.E.T.)",INR,0
EXR.D.INR.EUR.SP00.A,D,INR,EUR,SP00,A,2025-01-17,89.198,A,F,,,P1D,,A,,,,,,,99Q1=100,,,4,,4F0,,Indian rupee/Euro ECB reference exchange rate,"ECB reference exchange rate, Indian rupee/Euro, 2.15 pm (C.E.T.)",INR,0
EXR.D.INR.EUR.SP00.A,D,INR,EUR,SP00,A,2025-01-20,89.2735,A,F,,,P1D,,A,,,,,,,99Q1=100,,,4,,4F0,,Indian rupee/Euro ECB reference exchange rate,"ECB reference exchange rate, Indian rupee/Euro, 2.15 pm (C.E.T.)",INR,0
EXR.D.INR.EUR.SP00.A,D,INR,EUR,SP00,A,2025-01-21,89.686,A,F,,,P1D,,A,,,,,,,99Q1=100,,,4,,4F0,,Indian rupee/Euro ECB reference exchange rate,"ECB reference exchange rate, Indian rupee/Euro, 2.15 pm (C.E.T.)",INR,0
EXR.D.INR.EUR.SP00.A,D,INR,EUR,SP00,A,2025-01-22,90.209,A,F,,,P1D,,A,,,,,,,99Q1=100,,,4,,4F0,,Indian rupee/Euro ECB reference exchange rate,"ECB reference exchange rate, Indian rupee/Euro, 2.15 pm (C.E.T.)",INR,0
EXR.D.INR.EUR.SP00.A,D,INR,EUR,SP00,A,2025-01-23,89.9285,A,F,,,P1D,,A,,,,,,,99Q1=100,,,4,,4F0,,Indian rupee/Euro ECB reference exchange rate,"ECB reference exchange rate, Indian rupee/Euro, 2.15 pm (C.E.T.)",INR,0
EXR.D.INR.EUR.SP00.A,D,INR,EUR,SP00,A,2025-01-24,90.33,A,F,,,P1D,,A,,,,,,,99Q1=100,,,4,,4F0,,Indian rupee/Euro ECB reference exchange rate,"ECB reference exchange rate, Indian rupee/Euro, 2.15 pm (C.E.T.)",INR,0
EXR.D.INR.EUR.SP00.A,D,INR,EUR,SP00,A,2025-01-27,90.88,A,F,,,P1D,,A,,,,,,,99Q1=100,,,4,,4F0,,Indian rupee/Euro ECB reference exchange rate,"ECB reference exchange rate, Indian rupee/Euro, 2.15 pm (C.E.T.)",INR,0
EXR.D.INR.EUR.SP00.A,D,INR,EUR,SP00,A,2025-01-28,90.1955,A,F,,,P1D,,A,,,,,,,99Q1=100,,,4,,4F0,,Indian rupee/Euro ECB reference exchange rate,"ECB reference exchange rate, Indian rupee/Euro, 2.15 pm (C.E.T.)",INR,0
EXR.D.INR.EUR.SP00.A,D,INR,EUR,SP00,A,2025-01-29,89.9945,A,F,,,P1D,,A,,,,,,,99Q1=100,,,4,,4F0,,Indian rupee/Euro ECB reference exchange rate,"ECB reference exchange rate, Indian rupee/Euro, 2.15 pm (C.E.T.)",INR,0
EXR.D.INR.EUR.SP00.A,D,INR,EUR,SP00,A,2025-01-30,90.097,A,F,,,P1D,,A,,,,,,,99Q1=100,,,4,,4F0,,Indian rupee/Euro ECB reference exchange rate,"ECB reference exchange rate, Indian rupee/Euro, 2.15 pm (C.E.T.)",INR,0
EXR.D.INR.EUR.SP00.A,D,INR,EUR,SP00,A,2025-01-31,89.9945,A,F,,,P1D,,A,,,,,,,99Q1=100,,,4,,4F0,,Indian rupee/Euro ECB reference exchange rate,"ECB reference exchange rate, Indian rupee/Euro, 2.15 pm (C.E.T.)",INR,0
EXR.D.INR.EUR.SP00.A,D,INR,EUR,SP00,A,2025-02-03,89.4513,A,F,,,P1D,,A,,,,,,,99Q1=100,,,4,,4F0,,Indian rupee/Euro ECB reference exchange rate,"ECB reference exchange rate, Indian rupee/Euro, 2.15 pm (C.E.T.)",INR,0
EXR.D.INR.EUR.SP00.A,D,INR,EUR,SP00,A,2025-02-04,90.011,A,F,,,P1D,,A,,,,,,,99Q1=100,,,4,,4F0,,Indian rupee/Euro ECB reference exchange rate,"ECB reference exchange rate, Indian rupee/Euro, 2.15 pm (C.E.T.)",INR,0
EXR.D.INR.EUR.SP00.A,D,INR,EUR,SP00,A,2025-02-05,91.0595,A,F,,,P1D,,A,,,,,,,99Q1=100,,,4,,4F0,,Indian rupee/Euro ECB reference exchange rate,"ECB reference exchange rate, Indian rupee/Euro, 2.15 pm (C.E.T.)",INR,0
EXR.D.INR.EUR.SP00.A,D,INR,EUR,SP00,A,2025-02-06,90.76,A,F,,,P1D,,A,,,,,,,99Q1=100,,,4,,4F0,,Indian rupee/Euro ECB reference exchange rate,"ECB reference exchange rate, Indian rupee/Euro, 2.15 pm (C.E.T.)",INR,0
EXR.D.INR.EUR.SP00.A,D,INR,EUR,SP00,A,2025-02-07,90.8135,A,F,,,P1D,,A,,,,,,,99Q1=100,,,4,,4F0,,Indian rupee/Euro ECB reference exchange rate,"ECB reference exchange rate, Indian rupee/Euro, 2.15 pm (C.E.T.)",INR,0
EXR.D.INR.EUR.SP00.A,D,INR,EUR,SP00,A,2025-02-10,90.274,A,F,,,P1D,,A,,,,,,,99Q1=100,,,4,,4F0,,Indian rupee/Euro ECB reference exchange rate,"ECB reference exchange rate, Indian rupee/Euro, 2.15 pm (C.E.T.)",INR,0
EXR.D.INR.EUR.SP00.A,D,INR,EUR,SP00,A,2025-02-11,89.548,A,F,,,P1D,,A,,,,,,,99Q1=100,,,4,,4F0,,Indian rupee/Euro ECB reference exchange rate,"ECB reference exchange rate, Indian rupee/Euro, 2.15 pm (C.E.T.)",INR,0
EXR.D.INR.EUR.SP00.A,D,INR,EUR,SP00,A,2025-02-12,90.101,A,F,,,P1D,,A,,,,,,,99Q1=100,,,4,,4F0,,Indian rupee/Euro ECB reference exchange rate,"ECB reference exchange rate, Indian rupee/Euro, 2.15 pm (C.E.T.)",INR,0
EXR.D.INR.EUR.SP00.A,D,INR,EUR,SP00,A,2025-02-13,90.3771,A,F,,,P1D,,A,,,,,,,99Q1=100,,,4,,4F0,,Indian rupee/Euro ECB reference exchange rate,"ECB reference exchange rate, Indian rupee/Euro, 2.15 pm (C.E.T.)",INR,0
EXR.D.INR.EUR.SP00.A,D,INR,EUR,SP00,A,2025-02-14,90.81,A,F,,,P1D,,A,,,,,,,99Q1=100,,,4,,4F0,,Indian rupee/Euro ECB reference exchange rate,"ECB reference exchange rate, Indian rupee/Euro, 2.15 pm (C.E.T.)",INR,0
EXR.D.INR.EUR.SP00.A,D,INR,EUR,SP00,A,2025-02-17,90.992,A,F,,,P1D,,A,,,,,,,99Q1=100,,,4,,4F0,,Indian rupee/Euro ECB reference exchange rate,"ECB reference exchange rate, Indian rupee/Euro, 2.15 pm (C.E.T.)",INR,0
EXR.D.INR.EUR.SP00.A,D,INR,EUR,SP00,A,2025-02-18,90.85,A,F,,,P1D,,A,,,,,,,99Q1=100,,,4,,4F0,,Indian rupee/Euro ECB reference exchange rate,"ECB reference exchange rate, Indian rupee/Euro, 2.15 pm (C.E.T.)",INR,0
EXR.D.INR.EUR.SP00.A,D,INR,EUR,SP00,A,2025-02-19,90.642,A,F,,,P1D,,A,,,,,,,99Q1=100,,,4,,4F0,,Indian rupee/Euro ECB reference exchange rate,"ECB reference exchange rate, Indian rupee/Euro, 2.15 pm (C.E.T.)",INR,0
EXR.D.INR.EUR.SP00.A,D,INR,EUR,SP00,A,2025-02-20,90.426,A,F,,,P1D,,A,,,,,,,99Q1=100,,,4,,4F0,,Indian rupee/Euro ECB reference exchange rate,"ECB reference exchange rate, Indian rupee/Euro, 2.15 pm (C.E.T.)",INR,0
EXR.D.INR.EUR.SP00.A,D,INR,EUR,SP00,A,2025-02-21,90.6598,A,F,,,P1D,,A,,,,,,,99Q1=100,,,4,,4F0,,Indian rupee/Euro ECB reference exchange rate,"ECB reference exchange rate, Indian rupee/Euro, 2.15 pm (C.E.T.)",INR,0
EXR.D.INR.EUR.SP00.A,D,INR,EUR,SP00,A,2025-02-24,90.7663,A,F,,,P1D,,A,,,,,,,99Q1=100,,,4,,4F0,,Indian rupee/Euro ECB reference exchange rate,"ECB reference exchange rate, Indian rupee/Euro, 2.15 pm (C.E.T.)",INR,0
EXR.D.INR.EUR.SP00.A,D,INR,EUR,SP00,A,2025-02-25,91.5198,A,F,,,P1D,,A,,,,,,,99Q1=100,,,4,,4F0,,Indian rupee/Euro ECB reference exchange rate,"ECB reference exchange rate, Indian rupee/Euro, 2.15 pm (C.E.T.)",INR,0
EXR.D.INR.EUR.SP00.A,D,INR,EUR,SP00,A,2025-02-26,91.3495,A,F,,,P1D,,A,,,,,,,99Q1=100,,,4,,4F0,,Indian rupee/Euro ECB reference exchange rate,"ECB reference exchange rate, Indian rupee/Euro, 2.15 pm (C.E.T.)",INR,0
EXR.D.INR.EUR.SP00.A,D,INR,EUR,SP00,A,2025-02-27,91.311,A,F,,,P1D,,A,,,,,,,99Q1=100,,,4,,4F0,,Indian rupee/Euro ECB reference exchange rate,"ECB reference exchange rate, Indian rupee/Euro, 2.15 pm (C.E.T.)",INR,0
EXR.D.INR.EUR.SP00.A,D,INR,EUR,SP00,A,2025-02-28,90.971,A,F,,,P1D,,A,,,,,,,99Q1=100,,,4,,4F0,,Indian rupee/Euro ECB reference exchange rate,"ECB reference exchange rate, Indian rupee/Euro, 2.15 pm (C.E.T.)",INR,0
EXR.D.INR.EUR.SP00.A,D,INR,EUR,SP00,A,2025-03-03,91.353,A,F,,,P1D,,A,,,,,,,99Q1=100,,,4,,4F0,,Indian rupee/Euro ECB reference exchange rate,"ECB reference exchange rate, Indian rupee/Euro, 2.15 pm (C.E.T.)",INR,0
EXR.D.INR.EUR.SP00.A,D,INR,EUR,SP00,A,2025-03-04,91.9903,A,F,,,P1D,,A,,,,,,,99Q1=100,,,4,,4F0,,Indian rupee/Euro ECB reference exchange rate,"ECB reference exchange rate, Indian rupee/Euro, 2.15 pm (C.E.T.)",INR,0
EXR.D.INR.EUR.SP00.A,D,INR,EUR,SP00,A,2025-03-05,93.0873,A,F,,,P1D,,A,,,,,,,99Q1=100,,,4,,4F0,,Indian rupee/Euro ECB reference exchange rate,"ECB reference exchange rate, Indian rupee/Euro, 2.15 pm (C.E.T.)",INR,0
EXR.D.INR.EUR.SP00.A,D,INR,EUR,SP00,A,2025-03-06,94.008,A,F,,,P1D,,A,,,,,,,99Q1=100,,,4,,4F0,,Indian rupee/Euro ECB reference exchange rate,"ECB reference exchange rate, Indian rupee/Euro, 2.15 pm (C.E.T.)",INR,0
EXR.D.INR.EUR.SP00.A,D,INR,EUR,SP00,A,2025-03-07,94.4435,A,F,,,P1D,,A,,,,,,,99Q1=100,,,4,,4F0,,Indian rupee/Euro ECB reference exchange rate,"ECB reference exchange rate, Indian rupee/Euro, 2.15 pm (C.E.T.)",INR,0
EXR.D.INR.EUR.SP00.A,D,INR,EUR,SP00,A,2025-03-10,94.6938,A,F,,,P1D,,A,,,,,,,99Q1=100,,,4,,4F0,,Indian rupee/Euro ECB reference exchange rate,"ECB reference exchange rate, Indian rupee/Euro, 2.15 pm (C.E.T.)",INR,0
EXR.D.INR.EUR.SP00.A,D,INR,EUR,SP00,A,2025-03-11,95.1455,A,F,,,P1D,,A,,,,,,,99Q1=100,,,4,,4F0,,Indian rupee/Euro ECB reference exchange rate,"ECB reference exchange rate, Indian rupee/Euro, 2.15 pm (C.E.T.)",INR,0
EXR.D.INR.EUR.SP00.A,D,INR,EUR,SP00,A,2025-03-12,94.9275,A,F,,,P1D,,A,,,,,,,99Q1=100,,,4,,4F0,,Indian rupee/Euro ECB reference exchange rate,"ECB reference exchange rate, Indian rupee/Euro, 2.15 pm (C.E.T.)",INR,0
EXR.D.INR.EUR.SP00.A,D,INR,EUR,SP00,A,2025-03-13,94.27,A,F,,,P1D,,A,,,,,,,99Q1=100,,,4,,4F0,,Indian rupee/Euro ECB reference exchange rate,"ECB reference exchange rate, Indian rupee/Euro, 2.15 pm (C.E.T.)",INR,0
EXR.D.INR.EUR.SP00.A,D,INR,EUR,SP00,A,2025-03-14,94.6655,A,F,,,P1D,,A,,,,,,,99Q1=100,,,4,,4F0,,Indian rupee/Euro ECB reference exchange rate,"ECB reference exchange rate, Indian rupee/Euro, 2.15 pm (C.E.T.)",INR,0
EXR.D.INR.EUR.SP00.A,D,INR,EUR,SP00,A,2025-03-17,94.631,A,F,,,P1D,,A,,,,,,,99Q1=100,,,4,,4F0,,Indian rupee/Euro ECB reference exchange rate,"ECB reference exchange rate, Indian rupee/Euro, 2.15 pm (C.E.T.)",INR,0
EXR.D.INR.EUR.SP00.A,D,INR,EUR,SP00,A,2025-03-18,94.5045,A,F,,,P1D,,A,,,,,,,99Q1=100,,,4,,4F0,,Indian rupee/Euro ECB reference exchange rate,"ECB reference exchange rate, Indian rupee/Euro, 2.15 pm (C.E.T.)",INR,0
EXR.D.INR.EUR.SP00.A,D,INR,EUR,SP00,A,2025-03-19,94.0605,A,F,,,P1D,,A,,,,,,,99Q1=100,,,4,,4F0,,Indian rupee/Euro ECB reference exchange rate,"ECB reference exchange rate, Indian rupee/Euro, 2.15 pm (C.E.T.)",INR,0
EXR.D.INR.EUR.SP00.A,D,INR,EUR,SP00,A,2025-03-20,93.551,A,F,,,P1D,,A,,,,,,,99Q1=100,,,4,,4F0,,Indian rupee/Euro ECB reference exchange rate,"ECB reference exchange rate, Indian rupee/Euro, 2.15 pm (C.E.T.)",INR,0
EXR.D.INR.EUR.SP00.A,D,INR,EUR,SP00,A,2025-03-21,93.14,A,F,,,P1D,,A,,,,,,,99Q1=100,,,4,,4F0,,Indian rupee/Euro ECB reference exchange rate,"ECB reference exchange rate, Indian rupee/Euro, 2.15 pm (C.E.T.)",INR,0
EXR.D.INR.EUR.SP00.A,D,INR,EUR,SP00,A,2025-03-24,92.6195,A,F,,,P1D,,A,,,,,,,99Q1=100,,,4,,4F0,,Indian rupee/Euro ECB reference exchange rate,"ECB reference exchange rate, Indian rupee/Euro, 2.15 pm (C.E.T.)",INR,0
EXR.D.INR.EUR.SP00.A,D,INR,EUR,SP00,A,2025-03-25,92.7728,A,F,,,P1D,,A,,,,,,,99Q1=100,,,4,,4F0,,Indian rupee/Euro ECB reference exchange rate,"ECB reference exchange rate, Indian rupee/Euro, 2.15 pm (C.E.T.)",INR,0
EXR.D.INR.EUR.SP00.A,D,INR,EUR,SP00,A,2025-03-26,92.4014,A,F,,,P1D,,A,,,,,,,99Q1=100,,,4,,4F0,,Indian rupee/Euro ECB reference exchange rate,"ECB reference exchange rate, Indian rupee/Euro, 2.15 pm (C.E.T.)",INR,0
EXR.D.INR.EUR.SP00.A,D,INR,EUR,SP00,A,2025-03-27,92.462,A,F,,,P1D,,A,,,,,,,99Q1=100,,,4,,4F0,,Indian rupee/Euro ECB reference exchange rate,"ECB reference exchange rate, Indian rupee/Euro, 2.15 pm (C.E.T.)",INR,0
EXR.D.INR.EUR.SP00.A,D,INR,EUR,SP00,A,2025-03-28,92.346,A,F,,,P1D,,A,,,,,,,99Q1=100,,,4,,4F0,,Indian rupee/Euro ECB reference exchange rate,"ECB reference exchange rate, Indian rupee/Euro, 2.15 pm (C.E.T.)",INR,0
EXR.D.INR.EUR.SP00.A,D,INR,EUR,SP00,A,2025-03-31,92.3955,A,F,,,P1D,,A,,,,,,,99Q1=100,,,4,,4F0,,Indian rupee/Euro ECB reference exchange rate,"ECB reference exchange rate, Indian rupee/Euro, 2.15 pm (C.E.T.)",INR,0
EXR.D.INR.EUR.SP00.A,D,INR,EUR,SP00,A,2025-04-01,92.384,A,F,,,P1D,,A,,,,,,,99Q1=100,,,4,,4F0,,Indian rupee/Euro ECB reference exchange rate,"ECB reference exchange rate, Indian rupee/Euro, 2.15 pm (C.E.T.)",INR,0
EXR.D.INR.EUR.SP00.A,D,INR,EUR,SP00,A,2025-04-02,92.362,A,F,,,P1D,,A,,,,,,,99Q1=100,,,4,,4F0,,Indian rupee/Euro ECB reference exchange rate,"ECB reference exchange rate, Indian rupee/Euro, 2.15 pm (C.E.T.)",INR,0
EXR.D.INR.EUR.SP00.A,D,INR,EUR,SP00,A,2025-04-03,94.6325,A,F,,,P1D,,A,,,,,,,99Q1=100,,,4,,4F0,,Indian rupee/Euro ECB reference exchange rate,"ECB reference exchange rate, Indian rupee/Euro, 2.15 pm (C.E.T.)",INR,0
EXR.D.INR.EUR.SP00.A,D,INR,EUR,SP00,A,2025-04-04,94.426,A,F,,,P1D,,A,,,,,,,99Q1=100,,,4,,4F0,,Indian rupee/Euro ECB reference exchange rate,"ECB reference exchange rate, Indian rupee/Euro, 2.15 pm (C.E.T.)",INR,0
EXR.D.INR.EUR.SP00.A,D,INR,EUR,SP00,A,2025-04-07,94.059,A,F,,,P1D,,A,,,,,,,99Q1=100,,,4,,4F0,,Indian rupee/Euro ECB reference exchange rate,"ECB reference exchange rate, Indian rupee/Euro, 2.15 pm (C.E.T.)",INR,0
EXR.D.INR.EUR.SP00.A,D,INR,EUR,SP00,A,2025-04-08,94.4125,A,F,,,P1D,,A,,,,,,,99Q1=100,,,4,,4F0,,Indian rupee/Euro ECB reference exchange rate,"ECB reference exchange rate, Indian rupee/Euro, 2.15 pm (C.E.T.)",INR,0
EXR.D.INR.EUR.SP00.A,D,INR,EUR,SP00,A,2025-04-09,95.733,A,F,,,P1D,,A,,,,,,,99Q1=100,,,4,,4F0,,Indian rupee/Euro ECB reference exchange rate,"ECB reference exchange rate, Indian rupee/Euro, 2.15 pm (C.E.T.)",INR,0
EXR.D.INR.EUR.SP00.A,D,INR,EUR,SP00,A,2025-04-10,95.484,A,F,,,P1D,,A,,,,,,,99Q1=100,,,4,,4F0,,Indian rupee/Euro ECB reference exchange rate,"ECB reference exchange rate, Indian rupee/Euro, 2.15 pm (C.E.T.)",INR,0
EXR.D.INR.EUR.SP00.A,D,INR,EUR,SP00,A,2025-04-11,97.685,A,F,,,P1D,,A,,,,,,,99Q1=100,,,4,,4F0,,Indian rupee/Euro ECB reference exchange rate,"ECB reference exchange rate, Indian rupee/Euro, 2.15 pm (C.E.T.)",INR,0
EXR.D.INR.EUR.SP00.A,D,INR,EUR,SP00,A,2025-04-14,97.8348,A,F,,,P1D,,A,,,,,,,99Q1=100,,,4,,4F0,,Indian rupee/Euro ECB reference exchange rate,"ECB reference exchange rate, Indian rupee/Euro, 2.15 pm (C.E.T.)",INR,0
EXR.D.INR.EUR.SP00.A,D,INR,EUR,SP00,A,2025-04-15,97.2557,A,F,,,P1D,,A,,,,,,,99Q1=100,,,4,,4F0,,Indian rupee/Euro ECB reference exchange rate,"ECB reference exchange rate, Indian rupee/Euro, 2.15 pm (C.E.T.)",INR,0
EXR.D.INR.EUR.SP00.A,D,INR,EUR,SP00,A,2025-04-16,97.2595,A,F,,,P1D,,A,,,,,,,99Q1=100,,,4,,4F0,,Indian rupee/Euro ECB reference exchange rate,"ECB reference exchange rate, Indian rupee/Euro, 2.15 pm (C.E.T.)",INR,0
EXR.D.INR.EUR.SP00.A,D,INR,EUR,SP00,A,2025-04-17,97.0185,A,F,,,P1D,,A,,,,,,,99Q1=100,,,4,,4F0,,Indian rupee/Euro ECB reference exchange rate,"ECB reference exchange rate, Indian rupee/Euro, 2.15 pm (C.E.T.)",INR,0
EXR.D.INR.EUR.SP00.A,D,INR,EUR,SP00,A,2025-04-22,97.785,A,F,,,P1D,,A,,,,,,,99Q1=100,,,4,,4F0,,Indian rupee/Euro ECB reference exchange rate,"ECB reference exchange rate, Indian rupee/Euro, 2.15 pm (C.E.T.)",INR,0
EXR.D.INR.EUR.SP00.A,D,INR,EUR,SP00,A,2025-04-23,97.4838,A,F,,,P1D,,A,,,,,,,99Q1=100,,,4,,4F0,,Indian rupee/Euro ECB reference exchange rate,"ECB reference exchange rate, Indian rupee/Euro, 2.15 pm (C.E.T.)",INR,0
EXR.D.INR.EUR.SP00.A,D,INR,EUR,SP00,A,2025-04-24,97.0793,A,F,,,P1D,,A,,,,,,,99Q1=100,,,4,,4F0,,Indian rupee/Euro ECB reference exchange rate,"ECB reference exchange rate, Indian rupee/Euro, 2.15 pm (C.E.T.)",INR,0
EXR.D.INR.EUR.SP00.A,D,INR,EUR,SP00,A,2025-04-25,97.0205,A,F,,,P1D,,A,,,,,,,99Q1=100,,,4,,4F0,,Indian rupee/Euro ECB reference exchange rate,"ECB reference exchange rate, Indian rupee/Euro, 2.15 pm (C.E.T.)",INR,0
EXR.D.INR.EUR.SP00.A,D,INR,EUR,SP00,A,2025-04-28,96.5725,A,F,,,P1D,,A,,,,,,,99Q1=100,,,4,,4F0,,Indian rupee/Euro ECB reference exchange rate,"ECB reference exchange rate, Indian rupee/Euro, 2.15 pm (C.E.T.)",INR,0
EXR.D.INR.EUR.SP00.A,D,INR,EUR,SP00,A,2025-04-29,96.8227,A,F,,,P1D,,A,,,,,,,99Q1=100,,,4,,4F0,,Indian rupee/Euro ECB reference exchange rate,"ECB reference exchange rate, Indian rupee/Euro, 2.15 pm (C.E.T.)",INR,0
EXR.D.INR.EUR.SP00.A,D,INR,EUR,SP00,A,2025-04-30,96.136,A,F,,,P1D,,A,,,,,,,99Q1=100,,,4,,4F0,,Indian rupee/Euro ECB reference exchange rate,"ECB reference exchange rate, Indian rupee/Euro, 2.15 pm (C.E.T.)",INR,0
EXR.D.INR.EUR.SP00.A,D,INR,EUR,SP00,A,2025-05-02,95.6221,A,F,,,P1D,,A,,,,,,,99Q1=100,,,4,,4F0,,Indian rupee/Euro ECB reference exchange rate,"ECB reference exchange rate, Indian rupee/Euro, 2.15 pm (C.E.T.)",INR,0
EXR.D.INR.EUR.SP00.A,D,INR,EUR,SP00,A,2025-05-05,95.6155,A,F,,,P1D,,A,,,,,,,99Q1=100,,,4,,4F0,,Indian rupee/Euro ECB reference exchange rate,"ECB reference exchange rate, Indian rupee/Euro, 2.15 pm (C.E.T.)",INR,0
EXR.D.INR.EUR.SP00.A,D,INR,EUR,SP00,A,2025-05-06,95.5585,A,F,,,P1D,,A,,,,,,,99Q1=100,,,4,,4F0,,Indian rupee/Euro ECB reference exchange rate,"ECB reference exchange rate, Indian rupee/Euro, 2.15 pm (C.E.T.)",INR,0
EXR.D.INR.EUR.SP00.A,D,INR,EUR,SP00,A,2025-05-07,96.2925,A,F,,,P1D,,A,,,,,,,99Q1=100,,,4,,4F0,,Indian rupee/Euro ECB reference exchange rate,"ECB reference exchange rate, Indian rupee/Euro, 2.15 pm (C.E.T.)",INR,0
EXR.D.INR.EUR.SP00.A,D,INR,EUR,SP00,A,2025-05-08,96.592,A,F,,,P1D,,A,,,,,,,99Q1=100,,,4,,4F0,,Indian rupee/Euro ECB reference exchange rate,"ECB reference exchange rate, Indian rupee/Euro, 2.15 pm (C.E.T.)",INR,0
EXR.D.INR.EUR.SP00.A,D,INR,EUR,SP00,A,2025-05-09,96.0755,A,F,,,P1D,,A,,,,,,,99Q1=100,,,4,,4F0,,Indian rupee/Euro ECB reference exchange rate,"ECB reference exchange rate, Indian rupee/Euro, 2.15 pm (C.E.T.)",INR,0
EXR.D.INR.EUR.SP00.A,D,INR,EUR,SP00,A,2025-05-12,94.242,A,F,,,P1D,,A,,,,,,,99Q1=100,,,4,,4F0,,Indian rupee/Euro ECB reference exchange rate,"ECB reference exchange rate, Indian rupee/Euro, 2.15 pm (C.E.T.)",INR,0
EXR.D.INR.EUR.SP00.A,D,INR,EUR,SP00,A,2025-05-13,94.829,A,F,,,P1D,,A,,,,,,,99Q1=100,,,4,,4F0,,Indian rupee/Euro ECB reference exchange rate,"ECB reference exchange rate, Indian rupee/Euro, 2.15 pm (C.E.T.)",INR,0
EXR.D.INR.EUR.SP00.A,D,INR,EUR,SP00,A,2025-05-14,95.7558,A,F,,,P1D,,A,,,,,,,99Q1=100,,,4,,4F0,,Indian rupee/Euro ECB reference exchange rate,"ECB reference exchange rate, Indian rupee/Euro, 2.15 pm (C.E.T.)",INR,0
EXR.D.INR.EUR.SP00.A,D,INR,EUR,SP00,A,2025-05-15,95.647,A,F,,,P1D,,A,,,,,,,99Q1=100,,,4,,4F0,,Indian rupee/Euro ECB reference exchange rate,"ECB reference exchange rate, Indian rupee/Euro, 2.15 pm (C.E.T.)",INR,0
EXR.D.INR.EUR.SP00.A,D,INR,EUR,SP00,A,2025-05-16,95.82,A,F,,,P1D,,A,,,,,,,99Q1=100,,,4,,4F0,,Indian rupee/Euro ECB reference exchange rate,"ECB reference exchange rate, Indian rupee/Euro, 2.15 pm (C.E.T.)",INR,0
EXR.D.INR.EUR.SP00.A,D,INR,EUR,SP00,A,2025-05-19,96.2175,A,F,,,P1D,,A,,,,,,,99Q1=100,,,4,,4F0,,Indian rupee/Euro ECB reference exchange rate,"ECB reference exchange rate, Indian rupee/Euro, 2.15 pm (C.E.T.)",INR,0
EXR.D.INR.EUR.SP00.A,D,INR,EUR,SP00,A,2025-05-20,96.184,A,F,,,P1D,,A,,,,,,,99Q1=100,,,4,,4F0,,Indian rupee/Euro ECB reference exchange rate,"ECB reference exchange rate, Indian rupee/Euro, 2.15 pm (C.E.T.)",INR,0
EXR.D.INR.EUR.SP00.A,D,INR,EUR,SP00,A,2025-05-21,96.8675,A,F,,,P1D,,A,,,,,,,99Q1=100,,,4,,4F0,,Indian rupee/Euro ECB reference exchange rate,"ECB reference exchange rate, Indian rupee/Euro, 2.15 pm (C.E.T.)",INR,0
EXR.D.INR.EUR.SP00.A,D,INR,EUR,SP00,A,2025-05-22,97.2295,A,F,,,P1D,,A,,,,,,,99Q1=100,,,4,,4F0,,Indian rupee/Euro ECB reference exchange rate,"ECB reference exchange rate, Indian rupee/Euro, 2.15 pm (C.E.T.)",INR,0
EXR.D.INR.EUR.SP00.A,D,INR,EUR,SP00,A,2025-05-23,96.552,A,F,,,P1D,,A,,,,,,,99Q1=100,,,4,,4F0,,Indian rupee/Euro ECB reference exchange rate,"ECB reference exchange rate, Indian rupee/Euro, 2.15 pm (C.E.T.)",INR,0
EXR.D.INR.EUR.SP00.A,D,INR,EUR,SP00,A,2025-05-26,96.839,A,F,,,P1D,,A,,,,,,,99Q1=100,,,4,,4F0,,Indian rupee/Euro ECB reference exchange rate,"ECB reference exchange rate, Indian rupee/Euro, 2.15 pm (C.E.T.)",INR,0
EXR.D.INR.EUR.SP00.A,D,INR,EUR,SP00,A,2025-05-27,96.9785,A,F,,,P1D,,A,,,,,,,99Q1=100,,,4,,4F0,,Indian rupee/Euro ECB reference exchange rate,"ECB reference exchange rate, Indian rupee/Euro, 2.15 pm (C.E.T.)",INR,0
EXR.D.INR.EUR.SP00.A,D,INR,EUR,SP00,A,2025-05-28,96.6375,A,F,,,P1D,,A,,,,,,,99Q1=100,,,4,,4F0,,Indian rupee/Euro ECB reference exchange rate,"ECB reference exchange rate, Indian rupee/Euro, 2.15 pm (C.E.T.)",INR,0
EXR.D.INR.EUR.SP00.A,D,INR,EUR,SP00,A,2025-05-29,96.4173,A,F,,,P1D,,A,,,,,,,99Q1=100,,,4,,4F0,,Indian rupee/Euro ECB reference exchange rate,"ECB reference exchange rate, Indian rupee/Euro, 2.15 pm (C.E.T.)",INR,0
EXR.D.INR.EUR.SP00.A,D,INR,EUR,SP00,A,2025-05-30,97.0248,A,F,,,P1D,,A,,,,,,,99Q1=100,,,4,,4F0,,Indian rupee/Euro ECB reference exchange rate,"ECB reference exchange rate, Indian rupee/Euro, 2.15 pm (C.E.T.)",INR,0
EXR.D.INR.EUR.SP00.A,D,INR,EUR,SP00,A,2025-06-02,97.4995,A,F,,,P1D,,A,,,,,,,99Q1=100,,,4,,4F0,,Indian rupee/Euro ECB reference exchange rate,"ECB reference exchange rate, Indian rupee/Euro, 2.15 pm (C.E.T.)",INR,0
EXR.D.INR.EUR.SP00.A,D,INR,EUR,SP00,A,2025-06-03,97.4915,A,F,,,P1D,,A,,,,,,,99Q1=100,,,4,,4F0,,Indian rupee/Euro ECB reference exchange rate,"ECB reference exchange rate, Indian rupee/Euro, 2.15 pm (C.E.T.)",INR,0
EXR.D.INR.EUR.SP00.A,D,INR,EUR,SP00,A,2025-06-04,97.779,A,F,,,P1D,,A,,,,,,,99Q1=100,,,4,,4F0,,Indian rupee/Euro ECB reference exchange rate,"ECB reference exchange rate, Indian rupee/Euro, 2.15 pm (C.E.T.)",INR,0
EXR.D.INR.EUR.SP00.A,D,INR,EUR,SP00,A,2025-06-05,98.04,A,F,,,P1D,,A,,,,,,,99Q1=100,,,4,,4F0,,Indian rupee/Euro ECB reference exchange rate,"ECB reference exchange rate, Indian rupee/Euro, 2.15 pm (C.E.T.)",INR,0
EXR.D.INR.EUR.SP00.A,D,INR,EUR,SP00,A,2025-06-06,97.836,A,F,,,P1D,,A,,,,,,,99Q1=100,,,4,,4F0,,Indian rupee/Euro ECB reference exchange rate,"ECB reference exchange rate, Indian rupee/Euro, 2.15 pm (C.E.T.)",INR,0
EXR.D.INR.EUR.SP00.A,D,INR,EUR,SP00,A,2025-06-09,97.744,A,F,,,P1D,,A,,,,,,,99Q1=100,,,4,,4F0,,Indian rupee/Euro ECB reference exchange rate,"ECB reference exchange rate, Indian rupee/Euro, 2.15 pm (C.E.T.)",INR,0
EXR.D.INR.EUR.SP00.A,D,INR,EUR,SP00,A,2025-06-10,97.8069,A,F,,,P1D,,A,,,,,,,99Q1=100,,,4,,4F0,,Indian rupee/Euro ECB reference exchange rate,"ECB reference exchange rate, Indian rupee/Euro, 2.15 pm (C.E.T.)",INR,0
EXR.D.INR.EUR.SP00.A,D,INR,EUR,SP00,A,2025-06-11,97.796,A,F,,,P1D,,A,,,,,,,99Q1=100,,,4,,4F0,,Indian rupee/Euro ECB reference exchange rate,"ECB reference exchange rate, Indian rupee/Euro, 2.15 pm (C.E.T.)",INR,0
EXR.D.INR.EUR.SP00.A,D,INR,EUR,SP00,A,2025-06-12,99.1718,A,F,,,P1D,,A,,,,,,,99Q1=100,,,4,,4F0,,Indian rupee/Euro ECB reference exchange rate,"ECB reference exchange rate, Indian rupee/Euro, 2.15 pm (C.E.T.)",INR,0
EXR.D.INR.EUR.SP00.A,D,INR,EUR,SP00,A,2025-06-13,99.11,A,F,,,P1D,,A,,,,,,,99Q1=100,,,4,,4F0,,Indian rupee/Euro ECB reference exchange rate,"ECB reference exchange rate, Indian rupee/Euro, 2.15 pm (C.E.T.)",INR,0
EXR.D.INR.EUR.SP00.A,D,INR,EUR,SP00,A,2025-06-16,99.5785,A,F,,,P1D,,A,,,,,,,99Q1=100,,,4,,4F0,,Indian rupee/Euro ECB reference exchange rate,"ECB reference exchange rate, Indian rupee/Euro, 2.15 pm (C.E.T.)",INR,0
EXR.D.INR.EUR.SP00.A,D,INR,EUR,SP00,A,2025-06-17,99.777,A,F,,,P1D,,A,,,,,,,99Q1=100,,,4,,4F0,,Indian rupee/Euro ECB reference exchange rate,"ECB reference exchange rate, Indian rupee/Euro, 2.15 pm (C.E.T.)",INR,0
EXR.D.INR.EUR.SP00.A,D,INR,EUR,SP00,A,2025-06-18,99.456,A,F,,,P1D,,A,,,,,,,99Q1=100,,,4,,4F0,,Indian rupee/Euro ECB reference exchange rate,"ECB reference exchange rate, Indian rupee/Euro, 2.15 pm (C.E.T.)",INR,0
EXR.D.INR.EUR.SP00.A,D,INR,EUR,SP00,A,2025-06-19,99.5585,A,F,,,P1D,,A,,,,,,,99Q1=100,,,4,,4F0,,Indian rupee/Euro ECB reference exchange rate,"ECB reference exchange rate, Indian rupee/Euro, 2.15 pm (C.E.T.)",INR,0
EXR.D.INR.EUR.SP00.A,D,INR,EUR,SP00,A,2025-06-20,99.7375,A,F,,,P1D,,A,,,,,,,99Q1=100,,,4,,4F0,,Indian rupee/Euro ECB reference exchange rate,"ECB reference exchange rate, Indian rupee/Euro, 2.15 pm (C.E.T.)",INR,0
EXR.D.INR.EUR.SP00.A,D,INR,EUR,SP00,A,2025-06-23,99.535,A,F,,,P1D,,A,,,,,,,99Q1=100,,,4,,4F0,,Indian rupee/Euro ECB reference exchange rate,"ECB reference exchange rate, Indian rupee/Euro, 2.15 pm (C.E.T.)",INR,0
EXR.D.INR.EUR.SP00.A,D,INR,EUR,SP00,A,2025-06-24,99.8517,A,F,,,P1D,,A,,,,,,,99Q1=100,,,4,,4F0,,Indian rupee/Euro ECB reference exchange rate,"ECB reference exchange rate, Indian rupee/Euro, 2.15 pm (C.E.T.)",INR,0
EXR.D.INR.EUR.SP00.A,D,INR,EUR,SP00,A,2025-06-25,99.859,A,F,,,P1D,,A,,,,,,,99Q1=100,,,4,,4F0,,Indian rupee/Euro ECB reference exchange rate,"ECB reference exchange rate, Indian rupee/Euro, 2.15 pm (C.E.T.)",INR,0
EXR.D.INR.EUR.SP00.A,D,INR,EUR,SP00,A,2025-06-26,100.276,A,F,,,P1D,,A,,,,,,,99Q1=100,,,4,,4F0,,Indian rupee/Euro ECB reference exchange rate,"ECB reference exchange rate, Indian rupee/Euro, 2.15 pm (C.E.T.)",INR,0
EXR.D.INR.EUR.SP00.A,D,INR,EUR,SP00,A,2025-06-27,100.078,A,F,,,P1D,,A,,,,,,,99Q1=100,,,4,,4F0,,Indian rupee/Euro ECB reference exchange rate,"ECB reference exchange rate, Indian rupee/Euro, 2.15 pm (C.E.T.)",INR,0
EXR.D.INR.EUR.SP00.A,D,INR,EUR,SP00,A,2025-06-30,100.5605,A,F,,,P1D,,A,,,,,,,99Q1=100,,,4,,4F0,,Indian rupee/Euro ECB reference exchange rate,"ECB reference exchange rate, Indian rupee/Euro, 2.15 pm (C.E.T.)",INR,0
EXR.D.INR.EUR.SP00.A,D,INR,EUR,SP00,A,2025-07-01,101.0525,A,F,,,P1D,,A,,,,,,,99Q1=100,,,4,,4F0,,Indian rupee/Euro ECB reference exchange rate,"ECB reference exchange rate, Indian rupee/Euro, 2.15 pm (C.E.T.)",INR,0
EXR.D.INR.EUR.SP00.A,D,INR,EUR,SP00,A,2025-07-02,100.7005,A,F,,,P1D,,A,,,,,,,99Q1=100,,,4,,4F0,,Indian rupee/Euro ECB reference exchange rate,"ECB reference exchange rate, Indian rupee/Euro, 2.15 pm (C.E.T.)",INR,0
EXR.D.INR.EUR.SP00.A,D,INR,EUR,SP00,A,2025-07-03,100.5915,A,F,,,P1D,,A,,,,,,,99Q1=100,,,4,,4F0,,Indian rupee/Euro ECB reference exchange rate,"ECB reference exchange rate, Indian rupee/Euro, 2.15 pm (C.E.T.)",INR,0
EXR.D.INR.EUR.SP00.A,D,INR,EUR,SP00,A,2025-07-04,100.498,A,F,,,P1D,,A,,,,,,,99Q1=100,,,4,,4F0,,Indian rupee/Euro ECB reference exchange rate,"ECB reference exchange rate, Indian rupee/Euro, 2.15 pm (C.E.T.)",INR,0
EXR.D.INR.EUR.SP00.A,D,INR,EUR,SP00,A,2025-07-07,100.7765,A,F,,,P1D,,A,,,,,,,99Q1=100,,,4,,4F0,,Indian rupee/Euro ECB reference exchange rate,"ECB reference exchange rate, Indian rupee/Euro, 2.15 pm (C.E.T.)",INR,0
EXR.D.INR.EUR.SP00.A,D,INR,EUR,SP00,A,2025-07-08,100.3895,A,F,,,P1D,,A,,,,,,,99Q1=100,,,4,,4F0,,Indian rupee/Euro ECB reference exchange rate,"ECB reference exchange rate, Indian rupee/Euro, 2.15 pm (C.E.T.)",INR,0
EXR.D.INR.EUR.SP00.A,D,INR,EUR,SP00,A,2025-07-09,100.27,A,F,,,P1D,,A,,,,,,,99Q1=100,,,4,,4F0,,Indian rupee/Euro ECB reference exchange rate,"ECB reference exchange rate, Indian rupee/Euro, 2.15 pm (C.E.T.)",INR,0
EXR.D.INR.EUR.SP00.A,D,INR,EUR,SP00,A,2025-07-10,100.4195,A,F,,,P1D,,A,,,,,,,99Q1=100,,,4,,4F0,,Indian rupee/Euro ECB reference exchange rate,"ECB reference exchange rate, Indian rupee/Euro, 2.15 pm (C.E.T.)",INR,0
EXR.D.INR.EUR.SP00.A,D,INR,EUR,SP00,A,2025-07-11,100.266,A,F,,,P1D,,A,,,,,,,99Q1=100,,,4,,4F0,,Indian rupee/Euro ECB reference exchange rate,"ECB reference exchange rate, Indian rupee/Euro, 2.15 pm (C.E.T.)",INR,0
EXR.D.INR.EUR.SP00.A,D,INR,EUR,SP00,A,2025-07-14,100.536,A,F,,,P1D,,A,,,,,,,99Q1=100,,,4,,4F0,,Indian rupee/Euro ECB reference exchange rate,"ECB reference exchange rate, Indian rupee/Euro, 2.15 pm (C.E.T.)",INR,0
EXR.D.INR.EUR.SP00.A,D,INR,EUR,SP00,A,2025-07-15,100.1605,A,F,,,P1D,,A,,,,,,,99Q1=100,,,4,,4F0,,Indian rupee/Euro ECB reference exchange rate,"ECB reference exchange rate, Indian rupee/Euro, 2.15 pm (C.E.T.)",INR,0
EXR.D.INR.EUR.SP00.A,D,INR,EUR,SP00,A,2025-07-16,99.7735,A,F,,,P1D,,A,,,,,,,99Q1=100,,,4,,4F0,,Indian rupee/Euro ECB reference exchange rate,"ECB reference exchange rate, Indian rupee/Euro, 2.15 pm (C.E.T.)",INR,0
EXR.D.INR.EUR.SP00.A,D,INR,EUR,SP00,A,2025-07-17,99.6725,A,F,,,P1D,,A,,,,,,,99Q1=100,,,4,,4F0,,Indian rupee/Euro ECB reference exchange rate,"ECB reference exchange rate, Indian rupee/Euro, 2.15 pm (C.E.T.)",INR,0
EXR.D.INR.EUR.SP00.A,D,INR,EUR,SP00,A,2025-07-18,100.351,A,F,,,P1D,,A,,,,,,,99Q1=100,,,4,,4F0,,Indian rupee/Euro ECB reference exchange rate,"ECB reference exchange rate, Indian rupee/Euro, 2.15 pm (C.E.T.)",INR,0
EXR.D.INR.EUR.SP00.A,D,INR,EUR,SP00,A,2025-07-21,100.666,A,F,,,P1D,,A,,,,,,,99Q1=100,,,4,,4F0,,Indian rupee/Euro ECB reference exchange rate,"ECB reference exchange rate, Indian rupee/Euro, 2.15 pm (C.E.T.)",INR,0
EXR.D.INR.EUR.SP00.A,D,INR,EUR,SP00,A,2025-07-22,101.1091,A,F,,,P1D,,A,,,,,,,99Q1=100,,,4,,4F0,,Indian rupee/Euro ECB reference exchange rate,"ECB reference exchange rate, Indian rupee/Euro, 2.15 pm (C.E.T.)",INR,0
EXR.D.INR.EUR.SP00.A,D,INR,EUR,SP00,A,2025-07-23,101.3375,A,F,,,P1D,,A,,,,,,,99Q1=100,,,4,,4F0,,Indian rupee/Euro ECB reference exchange rate,"ECB reference exchange rate, Indian rupee/Euro, 2.15 pm (C.E.T.)",INR,0
EXR.D.INR.EUR.SP00.A,D,INR,EUR,SP00,A,2025-07-24,101.563,A,F,,,P1D,,A,,,,,,,99Q1=100,,,4,,4F0,,Indian rupee/Euro ECB reference exchange rate,"ECB reference exchange rate, Indian rupee/Euro, 2.15 pm (C.E.T.)",INR,0
EXR.D.INR.EUR.SP00.A,D,INR,EUR,SP00,A,2025-07-25,101.424,A,F,,,P1D,,A,,,,,,,99Q1=100,,,4,,4F0,,Indian rupee/Euro ECB reference exchange rate,"ECB reference exchange rate, Indian rupee/Euro, 2.15 pm (C.E.T.)",INR,0
EXR.D.INR.EUR.SP00.A,D,INR,EUR,SP00,A,2025-07-28,101.0355,A,F,,,P1D,,A,,,,,,,99Q1=100,,,4,,4F0,,Indian rupee/Euro ECB reference exchange rate,"ECB reference exchange rate, Indian rupee/Euro, 2.15 pm (C.E.T.)",INR,0
EXR.D.INR.EUR.SP00.A,D,INR,EUR,SP00,A,2025-07-29,100.163,A,F,,,P1D,,A,,,,,,,99Q1=100,,,4,,4F0,,Indian rupee/Euro ECB reference exchange rate,"ECB reference exchange rate, Indian rupee/Euro, 2.15 pm (C.E.T.)",INR,0
EXR.D.INR.EUR.SP00.A,D,INR,EUR,SP00,A,2025-07-30,100.848,A,F,,,P1D,,A,,,,,,,99Q1=100,,,4,,4F0,,Indian rupee/Euro ECB reference exchange rate,"ECB reference exchange rate, Indian rupee/Euro, 2.15 pm (C.E.T.)",INR,0
EXR.D.INR.EUR.SP00.A,D,INR,EUR,SP00,A,2025-07-31,100.295,A,F,,,P1D,,A,,,,,,,99Q1=100,,,4,,4F0,,Indian rupee/Euro ECB reference exchange rate,"ECB reference exchange rate, Indian rupee/Euro, 2.15 pm (C.E.T.)",INR,0
EXR.D.INR.EUR.SP00.A,D,INR,EUR,SP00,A,2025-08-01,99.79,A,F,,,P1D,,A,,,,,,,99Q1=100,,,4,,4F0,,Indian rupee/Euro ECB reference exchange rate,"ECB reference exchange rate, Indian rupee/Euro, 2.15 pm (C.E.T.)",INR,0
EXR.D.INR.EUR.SP00.A,D,INR,EUR,SP00,A,2025-08-04,101.3745,A,F,,,P1D,,A,,,,,,,99Q1=100,,,4,,4F0,,Indian rupee/Euro ECB reference exchange rate,"ECB reference exchange rate, Indian rupee/Euro, 2.15 pm (C.E.T.)",INR,0
EXR.D.INR.EUR.SP00.A,D,INR,EUR,SP00,A,2025-08-05,101.3495,A,F,,,P1D,,A,,,,,,,99Q1=100,,,4,,4F0,,Indian rupee/Euro ECB reference exchange rate,"ECB reference exchange rate, Indian rupee/Euro, 2.15 pm (C.E.T.)",INR,0
EXR.D.INR.EUR.SP00.A,D,INR,EUR,SP00,A,2025-08-06,101.7935,A,F,,,P1D,,A,,,,,,,99Q1=100,,,4,,4F0,,Indian rupee/Euro ECB reference exchange rate,"ECB reference exchange rate, Indian rupee/Euro, 2.15 pm (C.E.T.)",INR,0
EXR.D.INR.EUR.SP00.A,D,INR,EUR,SP00,A,2025-08-07,101.8715,A,F,,,P1D,,A,,,,,,,99Q1=100,,,4,,4F0,,Indian rupee/Euro ECB reference exchange rate,"ECB reference exchange rate, Indian rupee/Euro, 2.15 pm (C.E.T.)",INR,0
EXR.D.INR.EUR.SP00.A,D,INR,EUR,SP00,A,2025-08-08,102.0605,A,F,,,P1D,,A,,,,,,,99Q1=100,,,4,,4F0,,Indian rupee/Euro ECB reference exchange rate,"ECB reference exchange rate, Indian rupee/Euro, 2.15 pm (C.E.T.)",INR,0
EXR.D.INR.EUR.SP00.A,D,INR,EUR,SP00,A,2025-08-11,101.9695,A,F,,,P1D,,A,,,,,,,99Q1=100,,,4,,4F0,,Indian rupee/Euro ECB reference exchange rate,"ECB reference exchange rate, Indian rupee/Euro, 2.15 pm (C.E.T.)",INR,0
EXR.D.INR.EUR.SP00.A,D,INR,EUR,SP00,A,2025-08-12,101.7913,A,F,,,P1D,,A,,,,,,,99Q1=100,,,4,,4F0,,Indian rupee/Euro ECB reference exchange rate,"ECB reference exchange rate, Indian rupee/Euro, 2.15 pm (C.E.T.)",INR,0
EXR.D.INR.EUR.SP00.A,D,INR,EUR,SP00,A,2025-08-13,102.4105,A,F,,,P1D,,A,,,,,,,99Q1=100,,,4,,4F0,,Indian rupee/Euro ECB reference exchange rate,"ECB reference exchange rate, Indian rupee/Euro, 2.15 pm (C.E.T.)",INR,0
EXR.D.INR.EUR.SP00.A,D,INR,EUR,SP00,A,2025-08-14,102.371,A,F,,,P1D,,A,,,,,,,99Q1=100,,,4,,4F0,,Indian rupee/Euro ECB reference exchange rate,"ECB reference exchange rate, Indian rupee/Euro, 2.15 pm (C.E.T.)",INR,0
EXR.D.INR.EUR.SP00.A,D,INR,EUR,SP00,A,2025-08-15,102.225,A,F,,,P1D,,A,,,,,,,99Q1=100,,,4,,4F0,,Indian rupee/Euro ECB reference exchange rate,"ECB reference exchange rate, Indian rupee/Euro, 2.15 pm (C.E.T.)",INR,0
EXR.D.INR.EUR.SP00.A,D,INR,EUR,SP00,A,2025-08-18,101.9985,A,F,,,P1D,,A,,,,,,,99Q1=100,,,4,,4F0,,Indian rupee/Euro ECB reference exchange rate,"ECB reference exchange rate, Indian rupee/Euro, 2.15 pm (C.E.T.)",INR,0
EXR.D.INR.EUR.SP00.A,D,INR,EUR,SP00,A,2025-08-19,101.7358,A,F,,,P1D,,A,,,,,,,99Q1=100,,,4,,4F0,,Indian rupee/Euro ECB reference exchange rate,"ECB reference exchange rate, Indian rupee/Euro, 2.15 pm (C.E.T.)",INR,0
EXR.D.INR.EUR.SP00.A,D,INR,EUR,SP00,A,2025-08-20,101.4305,A,F,,,P1D,,A,,,,,,,99Q1=100,,,4,,4F0,,Indian rupee/Euro ECB reference exchange rate,"ECB reference exchange rate, Indian rupee/Euro, 2.15 pm (C.E.T.)",INR,0
EXR.D.INR.EUR.SP00.A,D,INR,EUR,SP00,A,2025-08-21,101.566,A,F,,,P1D,,A,,,,,,,99Q1=100,,,4,,4F0,,Indian rupee/Euro ECB reference exchange rate,"ECB reference exchange rate, Indian rupee/Euro, 2.15 pm (C.E.T.)",INR,0
EXR.D.INR.EUR.SP00.A,D,INR,EUR,SP00,A,2025-08-22,101.613,A,F,,,P1D,,A,,,,,,,99Q1=100,,,4,,4F0,,Indian rupee/Euro ECB reference exchange rate,"ECB reference exchange rate, Indian rupee/Euro, 2.15 pm (C.E.T.)",INR,0
EXR.D.INR.EUR.SP00.A,D,INR,EUR,SP00,A,2025-08-25,102.4185,A,F,,,P1D,,A,,,,,,,99Q1=100,,,4,,4F0,,Indian rupee/Euro ECB reference exchange rate,"ECB reference exchange rate, Indian rupee/Euro, 2.15 pm (C.E.T.)",INR,0
EXR.D.INR.EUR.SP00.A,D,INR,EUR,SP00,A,2025-08-26,102.127,A,F,,,P1D,,A,,,,,,,99Q1=100,,,4,,4F0,,Indian rupee/Euro ECB reference exchange rate,"ECB reference exchange rate, Indian rupee/Euro, 2.15 pm (C.E.T.)",INR,0
EXR.D.INR.EUR.SP00.A,D,INR,EUR,SP00,A,2025-08-27,101.739,A,F,,,P1D,,A,,,,,,,99Q1=100,,,4,,4F0,,Indian rupee/Euro ECB reference exchange rate,"ECB reference exchange rate, Indian rupee/Euro, 2.15 pm (C.E.T.)",INR,0
EXR.D.INR.EUR.SP00.A,D,INR,EUR,SP00,A,2025-08-28,102.2535,A,F,,,P1D,,A,,,,,,,99Q1=100,,,4,,4F0,,Indian rupee/Euro ECB reference exchange rate,"ECB reference exchange rate, Indian rupee/Euro, 2.15 pm (C.E.T.)",INR,0
EXR.D.INR.EUR.SP00.A,D,INR,EUR,SP00,A,2025-08-29,102.8035,A,F,,,P1D,,A,,,,,,,99Q1=100,,,4,,4F0,,Indian rupee/Euro ECB reference exchange rate,"ECB reference exchange rate, Indian rupee/Euro, 2.15 pm (C.E.T.)",INR,0
EXR.D.INR.EUR.SP00.A,D,INR,EUR,SP00,A,2025-09-01,103.3225,A,F,,,P1D,,A,,,,,,,99Q1=100,,,4,,4F0,,Indian rupee/Euro ECB reference exchange rate,"ECB reference exchange rate, Indian rupee/Euro, 2.15 pm (C.E.T.)",INR,0
EXR.D.INR.EUR.SP00.A,D,INR,EUR,SP00,A,2025-09-02,102.5795,A,F,,,P1D,,A,,,,,,,99Q1=100,,,4,,4F0,,Indian rupee/Euro ECB reference exchange rate,"ECB reference exchange rate, Indian rupee/Euro, 2.15 pm (C.E.T.)",INR,0
EXR.D.INR.EUR.SP00.A,D,INR,EUR,SP00,A,2025-09-03,102.582,A,F,,,P1D,,A,,,,,,,99Q1=100,,,4,,4F0,,Indian rupee/Euro ECB reference exchange rate,"ECB reference exchange rate, Indian rupee/Euro, 2.15 pm (C.E.T.)",INR,0
EXR.D.INR.EUR.SP00.A,D,INR,EUR,SP00,A,2025-09-04,102.6255,A,F,,,P1D,,A,,,,,,,99Q1=100,,,4,,4F0,,Indian rupee/Euro ECB reference exchange rate,"ECB reference exchange rate, Indian rupee/Euro, 2.15 pm (C.E.T.)",INR,0
EXR.D.INR.EUR.SP00.A,D,INR,EUR,SP00,A,2025-09-05,103.221,A,F,,,P1D,,A,,,,,,,99Q1=100,,,4,,4F0,,Indian rupee/Euro ECB reference exchange rate,"ECB reference exchange rate, Indian rupee/Euro, 2.15 pm (C.E.T.)",INR,0
EXR.D.INR.EUR.SP00.A,D,INR,EUR,SP00,A,2025-09-08,103.2455,A,F,,,P1D,,A,,,,,,,99Q1=100,,,4,,4F0,,Indian rupee/Euro ECB reference exchange rate,"ECB reference exchange rate, Indian rupee/Euro, 2.15 pm (C.E.T.)",INR,0
EXR.D.INR.EUR.SP00.A,D,INR,EUR,SP00,A,2025-09-09,103.5465,A,F,,,P1D,,A,,,,,,,99Q1=100,,,4,,4F0,,Indian rupee/Euro ECB reference exchange rate,"ECB reference exchange rate, Indian rupee/Euro, 2.15 pm (C.E.T.)",INR,0
EXR.D.INR.EUR.SP00.A,D,INR,EUR,SP00,A,2025-09-10,103.1625,A,F,,,P1D,,A,,,,,,,99Q1=100,,,4,,4F0,,Indian rupee/Euro ECB reference exchange rate,"ECB reference exchange rate, Indian rupee/Euro, 2.15 pm (C.E.T.)",INR,0
EXR.D.INR.EUR.SP00.A,D,INR,EUR,SP00,A,2025-09-11,103.331,A,F,,,P1D,,A,,,,,,,99Q1=100,,,4,,4F0,,Indian rupee/Euro ECB reference exchange rate,"ECB reference exchange rate, Indian rupee/Euro, 2.15 pm (C.E.T.)",INR,0
EXR.D.INR.EUR.SP00.A,D,INR,EUR,SP00,A,2025-09-12,103.4388,A,F,,,P1D,,A,,,,,,,99Q1=100,,,4,,4F0,,Indian rupee/Euro ECB reference exchange rate,"ECB reference exchange rate, Indian rupee/Euro, 2.15 pm (C.E.T.)",INR,0
EXR.D.INR.EUR.SP00.A,D,INR,EUR,SP00,A,2025-09-15,103.7145,A,F,,,P1D,,A,,,,,,,99Q1=100,,,4,,4F0,,Indian rupee/Euro ECB reference exchange rate,"ECB reference exchange rate, Indian rupee/Euro, 2.15 pm (C.E.T.)",INR,0
EXR.D.INR.EUR.SP00.A,D,INR,EUR,SP00,A,2025-09-16,103.9615,A,F,,,P1D,,A,,,,,,,99Q1=100,,,4,,4F0,,Indian rupee/Euro ECB reference exchange rate,"ECB reference exchange rate, Indian rupee/Euro, 2.15 pm (C.E.T.)",INR,0
EXR.D.INR.EUR.SP00.A,D,INR,EUR,SP00,A,2025-09-17,103.9895,A,F,,,P1D,,A,,,,,,,99Q1=100,,,4,,4F0,,Indian rupee/Euro ECB reference exchange rate,"ECB reference exchange rate, Indian rupee/Euro, 2.15 pm (C.E.T.)",INR,0
EXR.D.INR.EUR.SP00.A,D,INR,EUR,SP00,A,2025-09-18,104.1335,A,F,,,P1D,,A,,,,,,,99Q1=100,,,4,,4F0,,Indian rupee/Euro ECB reference exchange rate,"ECB reference exchange rate, Indian rupee/Euro, 2.15 pm (C.E.T.)",INR,0
EXR.D.INR.EUR.SP00.A,D,INR,EUR,SP00,A,2025-09-19,103.465,A,F,,,P1D,,A,,,,,,,99Q1=100,,,4,,4F0,,Indian rupee/Euro ECB reference exchange rate,"ECB reference exchange rate, Indian rupee/Euro, 2.15 pm (C.E.T.)",INR,0
EXR.D.INR.EUR.SP00.A,D,INR,EUR,SP00,A,2025-09-22,103.998,A,F,,,P1D,,A,,,,,,,99Q1=100,,,4,,4F0,,Indian rupee/Euro ECB reference exchange rate,"ECB reference exchange rate, Indian rupee/Euro, 2.15 pm (C.E.T.)",INR,0
EXR.D.INR.EUR.SP00.A,D,INR,EUR,SP00,A,2025-09-23,104.6918,A,F,,,P1D,,A,,,,,,,99Q1=100,,,4,,4F0,,Indian rupee/Euro ECB reference exchange rate,"ECB reference exchange rate, Indian rupee/Euro, 2.15 pm (C.E.T.)",INR,0
EXR.D.INR.EUR.SP00.A,D,INR,EUR,SP00,A,2025-09-24,104.2845,A,F,,,P1D,,A,,,,,,,99Q1=100,,,4,,4F0,,Indian rupee/Euro ECB reference exchange rate,"ECB reference exchange rate, Indian rupee/Euro, 2.15 pm (C.E.T.)",INR,0
EXR.D.INR.EUR.SP00.A,D,INR,EUR,SP00,A,2025-09-25,104.1115,A,F,,,P1D,,A,,,,,,,99Q1=100,,,4,,4F0,,Indian rupee/Euro ECB reference exchange rate,"ECB reference exchange rate, Indian rupee/Euro, 2.15 pm (C.E.T.)",INR,0
EXR.D.INR.EUR.SP00.A,D,INR,EUR,SP00,A,2025-09-26,103.5495,A,F,,,P1D,,A,,,,,,,99Q1=100,,,4,,4F0,,Indian rupee/Euro ECB reference exchange rate,"ECB reference exchange rate, Indian rupee/Euro, 2.15 pm (C.E.T.)",INR,0
EXR.D.INR.EUR.SP00.A,D,INR,EUR,SP00,A,2025-09-29,104.0423,A,F,,,P1D,,A,,,,,,,99Q1=100,,,4,,4F0,,Indian rupee/Euro ECB reference exchange rate,"ECB reference exchange rate, Indian rupee/Euro, 2.15 pm (C.E.T.)",INR,0
EXR.D.INR.EUR.SP00.A,D,INR,EUR,SP00,A,2025-09-30,104.2548,A,F,,,P1D,,A,,,,,,,99Q1=100,,,4,,4F0,,Indian rupee/Euro ECB reference exchange rate,"ECB reference exchange rate, Indian rupee/Euro, 2.15 pm (C.E.T.)",INR,0
EXR.D.INR.EUR.SP00.A,D,INR,EUR,SP00,A,2025-10-01,104.022,A,F,,,P1D,,A,,,,,,,99Q1=100,,,4,,4F0,,Indian rupee/Euro ECB reference exchange rate,"ECB reference exchange rate, Indian rupee/Euro, 2.15 pm (C.E.T.)",INR,0
EXR.D.INR.EUR.SP00.A,D,INR,EUR,SP00,A,2025-10-02,104.2798,A,F,,,P1D,,A,,,,,,,99Q1=100,,,4,,4F0,,Indian rupee/Euro ECB reference exchange rate,"ECB reference exchange rate, Indian rupee/Euro, 2.15 pm (C.E.T.)",INR,0
EXR.D.INR.EUR.SP00.A,D,INR,EUR,SP00,A,2025-10-03,104.183,A,F,,,P1D,,A,,,,,,,99Q1=100,,,4,,4F0,,Indian rupee/Euro ECB reference exchange rate,"ECB reference exchange rate, Indian rupee/Euro, 2.15 pm (C.E.T.)",INR,0
EXR.D.INR.EUR.SP00.A,D,INR,EUR,SP00,A,2025-10-06,103.678,A,F,,,P1D,,A,,,,,,,99Q1=100,,,4,,4F0,,Indian rupee/Euro ECB reference exchange rate,"ECB reference exchange rate, Indian rupee/Euro, 2.15 pm (C.E.T.)",INR,0
EXR.D.INR.EUR.SP00.A,D,INR,EUR,SP00,A,2025-10-07,103.5425,A,F,,,P1D,,A,,,,,,,99Q1=100,,,4,,4F0,,Indian rupee/Euro ECB reference exchange rate,"ECB reference exchange rate, Indian rupee/Euro, 2.15 pm (C.E.T.)",INR,0
EXR.D.INR.EUR.SP00.A,D,INR,EUR,SP00,A,2025-10-08,103.1975,A,F,,,P1D,,A,,,,,,,99Q1=100,,,4,,4F0,,Indian rupee/Euro ECB reference exchange rate,"ECB reference exchange rate, Indian rupee/Euro, 2.15 pm (C.E.T.)",INR,0
EXR.D.INR.EUR.SP00.A,D,INR,EUR,SP00,A,2025-10-09,103.1025,A,F,,,P1D,,A,,,,,,,99Q1=100,,,4,,4F0,,Indian rupee/Euro ECB reference exchange rate,"ECB reference exchange rate, Indian rupee/Euro, 2.15 pm (C.E.T.)",INR,0
EXR.D.INR.EUR.SP00.A,D,INR,EUR,SP00,A,2025-10-10,102.6203,A,F,,,P1D,,A,,,,,,,99Q1=100,,,4,,4F0,,Indian rupee/Euro ECB reference exchange rate,"ECB reference exchange rate, Indian rupee/Euro, 2.15 pm (C.E.T.)",INR,0
EXR.D.INR.EUR.SP00.A,D,INR,EUR,SP00,A,2025-10-13,102.606,A,F,,,P1D,,A,,,,,,,99Q1=100,,,4,,4F0,,Indian rupee/Euro ECB reference exchange rate,"ECB reference exchange rate, Indian rupee/Euro, 2.15 pm (C.E.T.)",INR,0
EXR.D.INR.EUR.SP00.A,D,INR,EUR,SP00,A,2025-10-14,102.5828,A,F,,,P1D,,A,,,,,,,99Q1=100,,,4,,4F0,,Indian rupee/Euro ECB reference exchange rate,"ECB reference exchange rate, Indian rupee/Euro, 2.15 pm (C.E.T.)",INR,0
EXR.D.INR.EUR.SP00.A,D,INR,EUR,SP00,A,2025-10-15,102.3415,A,F,,,P1D,,A,,,,,,,99Q1=100,,,4,,4F0,,Indian rupee/Euro ECB reference exchange rate,"ECB reference exchange rate, Indian rupee/Euro, 2.15 pm (C.E.T.)",INR,0
EXR.D.INR.EUR.SP00.A,D,INR,EUR,SP00,A,2025-10-16,102.4265,A,F,,,P1D,,A,,,,,,,99Q1=100,,,4,,4F0,,Indian rupee/Euro ECB reference exchange rate,"ECB reference exchange rate, Indian rupee/Euro, 2.15 pm (C.E.T.)",INR,0
EXR.D.INR.EUR.SP00.A,D,INR,EUR,SP00,A,2025-10-17,102.787,A,F,,,P1D,,A,,,,,,,99Q1=100,,,4,,4F0,,Indian rupee/Euro ECB reference exchange rate,"ECB reference exchange rate, Indian rupee/Euro, 2.15 pm (C.E.T.)",INR,0
EXR.D.INR.EUR.SP00.A,D,INR,EUR,SP00,A,2025-10-20,102.4515,A,F,,,P1D,,A,,,,,,,99Q1=100,,,4,,4F0,,Indian rupee/Euro ECB reference exchange rate,"ECB reference exchange rate, Indian rupee/Euro, 2.15 pm (C.E.T.)",INR,0
EXR.D.INR.EUR.SP00.A,D,INR,EUR,SP00,A,2025-10-21,102.1073,A,F,,,P1D,,A,,,,,,,99Q1=100,,,4,,4F0,,Indian rupee/Euro ECB reference exchange rate,"ECB reference exchange rate, Indian rupee/Euro, 2.15 pm (C.E.T.)",INR,0
EXR.D.INR.EUR.SP00.A,D,INR,EUR,SP00,A,2025-10-22,102.4452,A,F,,,P1D,,A,,,,,,,99Q1=100,,,4,,4F0,,Indian rupee/Euro ECB reference exchange rate,"ECB reference exchange rate, Indian rupee/Euro, 2.15 pm (C.E.T.)",INR,0
EXR.D.INR.EUR.SP00.A,D,INR,EUR,SP00,A,2025-10-23,101.8109,A,F,,,P1D,,A,,,,,,,99Q1=100,,,4,,4F0,,Indian rupee/Euro ECB reference exchange rate,"ECB reference exchange rate, Indian rupee/Euro, 2.15 pm (C.E.T.)",INR,0
EXR.D.INR.EUR.SP00.A,D,INR,EUR,SP00,A,2025-10-24,101.958,A,F,,,P1D,,A,,,,,,,99Q1=100,,,4,,4F0,,Indian rupee/Euro ECB reference exchange rate,"ECB reference exchange rate, Indian rupee/Euro, 2.15 pm (C.E.T.)",INR,0
EXR.D.INR.EUR.SP00.A,D,INR,EUR,SP00,A,2025-10-27,102.717,A,F,,,P1D,,A,,,,,,,99Q1=100,,,4,,4F0,,Indian rupee/Euro ECB reference exchange rate,"ECB reference exchange rate, Indian rupee/Euro, 2.15 pm (C.E.T.)",INR,0
EXR.D.INR.EUR.SP00.A,D,INR,EUR,SP00,A,2025-10-28,102.7108,A,F,,,P1D,,A,,,,,,,99Q1=100,,,4,,4F0,,Indian rupee/Euro ECB reference exchange rate,"ECB reference exchange rate, Indian rupee/Euro, 2.15 pm (C.E.T.)",INR,0
EXR.D.INR.EUR.SP00.A,D,INR,EUR,SP00,A,2025-10-29,102.666,A,F,,,P1D,,A,,,,,,,99Q1=100,,,4,,4F0,,Indian rupee/Euro ECB reference exchange rate,"ECB reference exchange rate, Indian rupee/Euro, 2.15 pm (C.E.T.)",INR,0
EXR.D.INR.EUR.SP00.A,D,INR,EUR,SP00,A,2025-10-30,102.4688,A,F,,,P1D,,A,,,,,,,99Q1=100,,,4,,4F0,,Indian rupee/Euro ECB reference exchange rate,"ECB reference exchange rate, Indian rupee/Euro, 2.15 pm (C.E.T.)",INR,0
EXR.D.INR.EUR.SP00.A,D,INR,EUR,SP00,A,2025-10-31,102.507,A,F,,,P1D,,A,,,,,,,99Q1=100,,,4,,4F0,,Indian rupee/Euro ECB reference exchange rate,"ECB reference exchange rate, Indian rupee/Euro, 2.15 pm (C.E.T.)",INR,0
EXR.D.INR.EUR.SP00.A,D,INR,EUR,SP00,A,2025-11-03,102.2145,A,F,,,P1D,,A,,,,,,,99Q1=100,,,4,,4F0,,Indian rupee/Euro ECB reference exchange rate,"ECB reference exchange rate, Indian rupee/Euro, 2.15 pm (C.E.T.)",INR,0
EXR.D.INR.EUR.SP00.A,D,INR,EUR,SP00,A,2025-11-04,101.9355,A,F,,,P1D,,A,,,,,,,99Q1=100,,,4,,4F0,,Indian rupee/Euro ECB reference exchange rate,"ECB reference exchange rate, Indian rupee/Euro, 2.15 pm (C.E.T.)",INR,0
EXR.D.INR.EUR.SP00.A,D,INR,EUR,SP00,A,2025-11-05,101.867,A,F,,,P1D,,A,,,,,,,99Q1=100,,,4,,4F0,,Indian rupee/Euro ECB reference exchange rate,"ECB reference exchange rate, Indian rupee/Euro, 2.15 pm (C.E.T.)",INR,0
EXR.D.INR.EUR.SP00.A,D,INR,EUR,SP00,A,2025-11-06,102.1525,A,F,,,P1D,,A,,,,,,,99Q1=100,,,4,,4F0,,Indian rupee/Euro ECB reference exchange rate,"ECB reference exchange rate, Indian rupee/Euro, 2.15 pm (C.E.T.)",INR,0
EXR.D.INR.EUR.SP00.A,D,INR,EUR,SP00,A,2025-11-07,102.518,A,F,,,P1D,,A,,,,,,,99Q1=100,,,4,,4F0,,Indian rupee/Euro ECB reference exchange rate,"ECB reference exchange rate, Indian rupee/Euro, 2.15 pm (C.E.T.)",INR,0
EXR.D.INR.EUR.SP00.A,D,INR,EUR,SP00,A,2025-11-10,102.611,A,F,,,P1D,,A,,,,,,,99Q1=100,,,4,,4F0,,Indian rupee/Euro ECB reference exchange rate,"ECB reference exchange rate, Indian rupee/Euro, 2.15 pm (C.E.T.)",INR,0
EXR.D.INR.EUR.SP00.A,D,INR,EUR,SP00,A,2025-11-11,102.43,A,F,,,P1D,,A,,,,,,,99Q1=100,,,4,,4F0,,Indian rupee/Euro ECB reference exchange rate,"ECB reference exchange rate, Indian rupee/Euro, 2.15 pm (C.E.T.)",INR,0
EXR.D.INR.EUR.SP00.A,D,INR,EUR,SP00,A,2025-11-12,102.5675,A,F,,,P1D,,A,,,,,,,99Q1=100,,,4,,4F0,,Indian rupee/Euro ECB reference exchange rate,"ECB reference exchange rate, Indian rupee/Euro, 2.15 pm (C.E.T.)",INR,0
EXR.D.INR.EUR.SP00.A,D,INR,EUR,SP00,A,2025-11-13,103.0475,A,F,,,P1D,,A,,,,,,,99Q1=100,,,4,,4F0,,Indian rupee/Euro ECB reference exchange rate,"ECB reference exchange rate, Indian rupee/Euro, 2.15 pm (C.E.T.)",INR,0
EXR.D.INR.EUR.SP00.A,D,INR,EUR,SP00,A,2025-11-14,103.2865,A,F,,,P1D,,A,,,,,,,99Q1=100,,,4,,4F0,,Indian rupee/Euro ECB reference exchange rate,"ECB reference exchange rate, Indian rupee/Euro, 2.15 pm (C.E.T.)",INR,0
EXR.D.INR.EUR.SP00.A,D,INR,EUR,SP00,A,2025-11-17,102.7195,A,F,,,P1D,,A,,,,,,,99Q1=100,,,4,,4F0,,Indian rupee/Euro ECB reference exchange rate,"ECB reference exchange rate, Indian rupee/Euro, 2.15 pm (C.E.T.)",INR,0
EXR.D.INR.EUR.SP00.A,D,INR,EUR,SP00,A,2025-11-18,102.644,A,F,,,P1D,,A,,,,,,,99Q1=100,,,4,,4F0,,Indian rupee/Euro ECB reference exchange rate,"ECB reference exchange rate, Indian rupee/Euro, 2.15 pm (C.E.T.)",INR,0
EXR.D.INR.EUR.SP00.A,D,INR,EUR,SP00,A,2025-11-19,102.5145,A,F,,,P1D,,A,,,,,,,99Q1=100,,,4,,4F0,,Indian rupee/Euro ECB reference exchange rate,"ECB reference exchange rate, Indian rupee/Euro, 2.15 pm (C.E.T.)",INR,0
EXR.D.INR.EUR.SP00.A,D,INR,EUR,SP00,A,2025-11-20,102.144,A,F,,,P1D,,A,,,,,,,99Q1=100,,,4,,4F0,,Indian rupee/Euro ECB reference exchange rate,"ECB reference exchange rate, Indian rupee/Euro, 2.15 pm (C.E.T.)",INR,0
EXR.D.INR.EUR.SP00.A,D,INR,EUR,SP00,A,2025-11-21,103.2628,A,F,,,P1D,,A,,,,,,,99Q1=100,,,4,,4F0,,Indian rupee/Euro ECB reference exchange rate,"ECB reference exchange rate, Indian rupee/Euro, 2.15 pm (C.E.T.)",INR,0
EXR.D.INR.EUR.SP00.A,D,INR,EUR,SP00,A,2025-11-24,102.914,A,F,,,P1D,,A,,,,,,,99Q1=100,,,4,,4F0,,Indian rupee/Euro ECB reference exchange rate,"ECB reference exchange rate, Indian rupee/Euro, 2.15 pm (C.E.T.)",INR,0
EXR.D.INR.EUR.SP00.A,D,INR,EUR,SP00,A,2025-11-25,103.0343,A,F,,,P1D,,A,,,,,,,99Q1=100,,,4,,4F0,,Indian rupee/Euro ECB reference exchange rate,"ECB reference exchange rate, Indian rupee/Euro, 2.15 pm (C.E.T.)",INR,0
EXR.D.INR.EUR.SP00.A,D,INR,EUR,SP00,A,2025-11-26,103.2665,A,F,,,P1D,,A,,,,,,,99Q1=100,,,4,,4F0,,Indian rupee/Euro ECB reference exchange rate,"ECB reference exchange rate, Indian rupee/Euro, 2.15 pm (C.E.T.)",INR,0
EXR.D.INR.EUR.SP00.A,D,INR,EUR,SP00,A,2025-11-27,103.5815,A,F,,,P1D,,A,,,,,,,99Q1=100,,,4,,4F0,,Indian rupee/Euro ECB reference exchange rate,"ECB reference exchange rate, Indian rupee/Euro, 2.15 pm (C.E.T.)",INR,0
EXR.D.INR.EUR.SP00.A,D,INR,EUR,SP00,A,2025-11-28,103.4905,A,F,,,P1D,,A,,,,,,,99Q1=100,,,4,,4F0,,Indian rupee/Euro ECB reference exchange rate,"ECB reference exchange rate, Indian rupee/Euro, 2.15 pm (C.E.T.)",INR,0
EXR.D.INR.EUR.SP00.A,D,INR,EUR,SP00,A,2025-12-01,104.2823,A,F,,,P1D,,A,,,,,,,99Q1=100,,,4,,4F0,,Indian rupee/Euro ECB reference exchange rate,"ECB reference exchange rate, Indian rupee/Euro, 2.15 pm (C.E.T.)",INR,0
EXR.D.INR.EUR.SP00.A,D,INR,EUR,SP00,A,2025-12-02,104.4705,A,F,,,P1D,,A,,,,,,,99Q1=100,,,4,,4F0,,Indian rupee/Euro ECB reference exchange rate,"ECB reference exchange rate, Indian rupee/Euro, 2.15 pm (C.E.T.)",INR,0
EXR.D.INR.EUR.SP00.A,D,INR,EUR,SP00,A,2025-12-03,105.2075,A,F,,,P1D,,A,,,,,,,99Q1=100,,,4,,4F0,,Indian rupee/Euro ECB reference exchange rate,"ECB reference exchange rate, Indian rupee/Euro, 2.15 pm (C.E.T.)",INR,0
EXR.D.INR.EUR.SP00.A,D,INR,EUR,SP00,A,2025-12-04,104.843,A,F,,,P1D,,A,,,,,,,99Q1=100,,,4,,4F0,,Indian rupee/Euro ECB reference exchange rate,"ECB reference exchange rate, Indian rupee/Euro, 2.15 pm (C.E.T.)",INR,0
EXR.D.INR.EUR.SP00.A,D,INR,EUR,SP00,A,2025-12-05,104.733,A,F,,,P1D,,A,,,,,,,99Q1=100,,,4,,4F0,,Indian rupee/Euro ECB reference exchange rate,"ECB reference exchange rate, Indian rupee/Euro, 2.15 pm (C.E.T.)",INR,0
EXR.D.INR.EUR.SP00.A,D,INR,EUR,SP00,A,2025-12-08,104.945,A,F,,,P1D,,A,,,,,,,99Q1=100,,,4,,4F0,,Indian rupee/Euro ECB reference exchange rate,"ECB reference exchange rate, Indian rupee/Euro, 2.15 pm (C.E.T.)",INR,0
EXR.D.INR.EUR.SP00.A,D,INR,EUR,SP00,A,2025-12-09,104.55,A,F,,,P1D,,A,,,,,,,99Q1=100,,,4,,4F0,,Indian rupee/Euro ECB reference exchange rate,"ECB reference exchange rate, Indian rupee/Euro, 2.15 pm (C.E.T.)",INR,0
EXR.D.INR.EUR.SP00.A,D,INR,EUR,SP00,A,2025-12-10,104.6008,A,F,,,P1D,,A,,,,,,,99Q1=100,,,4,,4F0,,Indian rupee/Euro ECB reference exchange rate,"ECB reference exchange rate, Indian rupee/Euro, 2.15 pm (C.E.T.)",INR,0
EXR.D.INR.EUR.SP00.A,D,INR,EUR,SP00,A,2025-12-11,105.8005,A,F,,,P1D,,A,,,,,,,99Q1=100,,,4,,4F0,,Indian rupee/Euro ECB reference exchange rate,"ECB reference exchange rate, Indian rupee/Euro, 2.15 pm (C.E.T.)",INR,0
EXR.D.INR.EUR.SP00.A,D,INR,EUR,SP00,A,2025-12-12,106.1955,A,F,,,P1D,,A,,,,,,,99Q1=100,,,4,,4F0,,Indian rupee/Euro ECB reference exchange rate,"ECB reference exchange rate, Indian rupee/Euro, 2.15 pm (C.E.T.)",INR,0
EXR.D.INR.EUR.SP00.A,D,INR,EUR,SP00,A,2025-12-15,106.653,A,F,,,P1D,,A,,,,,,,99Q1=100,,,4,,4F0,,Indian rupee/Euro ECB reference exchange rate,"ECB reference exchange rate, Indian rupee/Euro, 2.15 pm (C.E.T.)",INR,0
EXR.D.INR.EUR.SP00.A,D,INR,EUR,SP00,A,2025-12-16,107.069,A,F,,,P1D,,A,,,,,,,99Q1=100,,,4,,4F0,,Indian rupee/Euro ECB reference exchange rate,"ECB reference exchange rate, Indian rupee/Euro, 2.15 pm (C.E.T.)",INR,0
EXR.D.INR.EUR.SP00.A,D,INR,EUR,SP00,A,2025-12-17,105.9275,A,F,,,P1D,,A,,,,,,,99Q1=100,,,4,,4F0,,Indian rupee/Euro ECB reference exchange rate,"ECB reference exchange rate, Indian rupee/Euro, 2.15 pm (C.E.T.)",INR,0
EXR.D.INR.EUR.SP00.A,D,INR,EUR,SP00,A,2025-12-18,105.7785,A,F,,,P1D,,A,,,,,,,99Q1=100,,,4,,4F0,,Indian rupee/Euro ECB reference exchange rate,"ECB reference exchange rate, Indian rupee/Euro, 2.15 pm (C.E.T.)",INR,0
EXR.D.INR.EUR.SP00.A,D,INR,EUR,SP00,A,2025-12-19,105.054,A,F,,,P1D,,A,,,,,,,99Q1=100,,,4,,4F0,,Indian rupee/Euro ECB reference exchange rate,"ECB reference exchange rate, Indian rupee/Euro, 2.15 pm (C.E.T.)",INR,0
EXR.D.INR.EUR.SP00.A,D,INR,EUR,SP00,A,2025-12-22,105.29,A,F,,,P1D,,A,,,,,,,99Q1=100,,,4,,4F0,,Indian rupee/Euro ECB reference exchange rate,"ECB reference exchange rate, Indian rupee/Euro, 2.15 pm (C.E.T.)",INR,0
EXR.D.INR.EUR.SP00.A,D,INR,EUR,SP00,A,2025-12-23,105.5479,A,F,,,P1D,,A,,,,,,,99Q1=100,,,4,,4F0,,Indian rupee/Euro ECB reference exchange rate,"ECB reference exchange rate, Indian rupee/Euro, 2.15 pm (C.E.T.)",INR,0
EXR.D.INR.EUR.SP00.A,D,INR,EUR,SP00,A,2025-12-24,105.7755,A,F,,,P1D,,A,,,,,,,99Q1=100,,,4,,4F0,,Indian rupee/Euro ECB reference exchange rate,"ECB reference exchange rate, Indian rupee/Euro, 2.15 pm (C.E.T.)",INR,0
EXR.D.INR.EUR.SP00.A,D,INR,EUR,SP00,A,2025-12-29,105.776,A,F,,,P1D,,A,,,,,,,99Q1=100,,,4,,4F0,,Indian rupee/Euro ECB reference exchange rate,"ECB reference exchange rate, Indian rupee/Euro, 2.15 pm (C.E.T.)",INR,0
EXR.D.INR.EUR.SP00.A,D,INR,EUR,SP00,A,2025-12-30,105.58,A,F,,,P1D,,A,,,,,,,99Q1=100,,,4,,4F0,,Indian rupee/Euro ECB reference exchange rate,"ECB reference exchange rate, Indian rupee/Euro, 2.15 pm (C.E.T.)",INR,0
EXR.D.INR.EUR.SP00.A,D,INR,EUR,SP00,A,2025-12-31,105.5965,A,F,,,P1D,,A,,,,,,,99Q1=100,,,4,,4F0,,Indian rupee/Euro ECB reference exchange rate,"ECB reference exchange rate, Indian rupee/Euro, 2.15 pm (C.E.T.)",INR,0
